true_label,predicted_label,prob_class_0,prob_class_1,prob_class_2,prob_class_3,prob_class_4,prob_class_5,prob_class_6,prob_class_7,prob_class_8,prob_class_9,prob_class_10,prob_class_11,prob_class_12,prob_class_13,prob_class_14,correct
2.0,2,-0.88861805,-2.7047431,9.500583,3.7222114,-1.7624569,0.7065882,-0.46161583,-0.5687191,-0.67350304,-1.319632,-0.962762,1.6198568,-1.525917,-0.7361191,-1.7422785,1
2.0,2,-0.888736,-2.7046814,9.500547,3.7223713,-1.7624428,0.7065982,-0.46162167,-0.56877494,-0.6735093,-1.3196353,-0.9627751,1.6198016,-1.5259064,-0.73620075,-1.742273,1
2.0,2,-0.88948256,-2.7042892,9.500295,3.7233655,-1.7627293,0.7071531,-0.46167704,-0.569132,-0.6735742,-1.319517,-0.96297866,1.6195459,-1.5256404,-0.7366845,-1.7421583,1
2.0,2,-0.888895,-2.7046077,9.500505,3.7225797,-1.7624792,0.7066608,-0.46163794,-0.56886476,-0.6734836,-1.3196398,-0.96280944,1.6197609,-1.5258483,-0.73632497,-1.7422411,1
2.0,2,-0.8887766,-2.7046738,9.500538,3.722469,-1.7623378,0.7065277,-0.46161377,-0.5688245,-0.6735175,-1.3196877,-0.9627676,1.6197512,-1.5259367,-0.7362491,-1.7422705,1
2.0,2,-0.8886554,-2.7047236,9.50057,3.7222695,-1.7624215,0.7065545,-0.46161824,-0.56873846,-0.6735131,-1.3196449,-0.96275824,1.6198283,-1.5259302,-0.7361403,-1.7422838,1
3.0,3,-3.2346745,-2.1259885,2.6459699,6.872127,-1.3665259,0.37471318,-1.7136384,-1.946315,3.3726118,1.0369056,-1.8046885,1.1626135,-1.0416806,-1.7992234,-2.4109335,1
3.0,3,-3.2348878,-2.1277034,2.6429164,6.878882,-1.3654221,0.37537527,-1.7125444,-1.9490979,3.3671048,1.030729,-1.8022285,1.1610035,-1.0423355,-1.7957294,-2.4091127,1
3.0,3,-3.2263138,-2.1248825,2.64835,6.873056,-1.3715198,0.37199003,-1.7161957,-1.9458723,3.3621624,1.0309336,-1.8004384,1.1656287,-1.0424385,-1.7925483,-2.413443,1
3.0,3,-3.2455788,-2.1280484,2.6373093,6.8889127,-1.3583308,0.378399,-1.7092606,-1.952508,3.3593783,1.0238214,-1.8056365,1.1585536,-1.0360184,-1.7960155,-2.4042606,1
3.0,3,-3.2284687,-2.1279855,2.6443143,6.8799243,-1.3696133,0.37359217,-1.7134235,-1.94981,3.3675005,1.0322307,-1.7992927,1.1573375,-1.0457883,-1.7934784,-2.41019,1
3.0,3,-3.2389834,-2.1255322,2.6438434,6.872644,-1.3637023,0.3757679,-1.7128406,-1.9466696,3.3720417,1.0355855,-1.8066431,1.1641744,-1.0389833,-1.8001691,-2.409946,1
12.0,12,-1.6845398,-0.28792,-0.7343336,-1.0651637,-1.3564236,-1.530377,-1.3756022,-1.2505748,0.11308284,0.85841906,1.5073156,6.8997397,7.171539,-0.7301678,-0.005974505,1
12.0,12,-1.461903,-0.010141924,-0.8481714,-0.69009835,-1.2325238,-1.3618661,-1.1239382,-1.2417008,0.50518906,0.87755084,1.0735295,6.3139734,7.260008,-1.0860591,-0.77797484,1
12.0,12,-1.6918211,-0.47157323,-0.74889016,-1.1437814,-1.4135494,-1.5919257,-1.4348421,-1.2916659,-0.06588982,0.66499364,1.7529161,7.0226064,7.104717,-0.4665572,0.21997772,1
12.0,12,-1.7432121,-0.41031593,-0.75470245,-1.2752018,-1.639739,-1.678013,-1.396874,-1.1429423,-0.05279913,0.6741364,2.440949,6.3485518,7.567838,-0.8916371,0.3908957,1
12.0,12,-1.6157992,-0.51015186,-0.7472949,-1.1933413,-1.4971323,-1.6228758,-1.3008361,-1.1737663,-0.16373497,0.6999527,2.2346952,6.6354427,7.3880825,-0.7510826,0.17676792,1
12.0,12,-1.6093694,-0.29138452,-0.73460114,-1.0200286,-1.3998144,-1.557028,-1.4004515,-1.2246791,0.0061194263,0.7560101,1.5722007,6.6150284,7.489141,-0.7744829,0.058972385,1
11.0,11,-1.9711125,-2.626054,1.1736073,0.41928348,-1.3409055,-0.33425704,-0.3381491,-1.1966808,-0.21618226,0.3808283,0.41425532,10.022973,-0.032775246,1.3152642,-0.978919,1
11.0,11,-1.9508314,-2.6356368,1.2087079,0.42893633,-1.3247225,-0.34543726,-0.35401776,-1.167497,-0.26791692,0.3612331,0.37902611,10.03172,-0.03932157,1.3365177,-0.97785735,1
11.0,11,-1.9731898,-2.6286368,1.1814476,0.49842834,-1.3766401,-0.2986419,-0.2619264,-1.1658987,-0.19882964,0.11637054,0.38497066,10.036024,-0.12294677,1.2739611,-0.8884521,1
11.0,11,-2.0038192,-2.5853968,1.1197633,0.46510932,-1.3915513,-0.24755366,-0.22296928,-1.1987969,-0.103019774,0.14934742,0.3729043,10.033859,-0.1405293,1.2785069,-0.9222221,1
11.0,11,-1.9638014,-2.6233046,1.1878868,0.4048173,-1.333388,-0.3356299,-0.3502118,-1.1972895,-0.20910916,0.44656092,0.38237515,10.019524,-0.018584646,1.3353465,-1.0182977,1
11.0,11,-1.9580138,-2.6483877,1.2132398,0.43790588,-1.3286486,-0.3571141,-0.3637799,-1.1665152,-0.2761397,0.35411862,0.4104749,10.025381,-0.037054665,1.3165901,-0.95265234,1
10.0,13,-2.6736937,-2.5677369,-2.1100953,-1.3007716,-2.6451707,0.7251414,-1.7322478,-2.215374,0.6978452,-1.251306,5.6879554,2.586068,-0.35976157,6.304303,0.57122725,0
10.0,10,-2.9006846,-2.5845935,-2.1634526,-1.4606806,-2.6560767,0.5853674,-1.535581,-2.2972426,0.96107626,-0.52197707,6.599538,2.4730148,-0.43706095,5.0187807,1.1502694,1
10.0,10,-2.603572,-2.710194,-2.3714697,-1.1237315,-2.614896,-0.4060757,-2.0615218,-2.541904,-0.1265941,0.06920781,6.5619617,1.304547,0.15505904,5.7287154,1.8706353,1
10.0,13,-2.8875241,-2.4806452,-2.1040552,-1.2413092,-2.2497709,1.0104984,-1.6051606,-2.080886,0.14919752,-1.2709235,4.9811263,3.4493299,-0.98829424,6.397481,0.8745556,0
10.0,10,-2.7369912,-2.6360784,-2.0249023,-1.2450691,-2.5956087,0.8990334,-1.4166212,-2.1117654,0.71783185,-1.2247403,5.952406,2.8048577,-0.5916651,5.7847433,0.46853277,1
10.0,13,-2.6510968,-2.5532875,-2.1925817,-1.208335,-2.597064,0.44956952,-1.8468907,-2.3405852,0.514356,-1.0618055,5.58613,2.3687234,-0.23741826,6.595484,0.61662513,0
5.0,5,0.026948329,-2.2976298,-1.7760328,-1.4663755,5.838101,5.924031,1.0876561,1.7264624,1.0088245,-3.6746182,-2.0941885,-0.62092614,-2.726426,0.94374675,-1.3239427,1
5.0,5,0.03443934,-2.2998629,-1.7751334,-1.4653056,5.833195,5.926273,1.0849715,1.7284765,1.0052403,-3.674791,-2.0953429,-0.61774915,-2.7293205,0.9498635,-1.3254763,1
5.0,5,0.029988725,-2.296858,-1.7707318,-1.4681268,5.8449707,5.923401,1.0860987,1.7266359,1.0046115,-3.6749754,-2.0929742,-0.62494034,-2.7273366,0.93682295,-1.3197415,1
5.0,5,0.026924137,-2.2969723,-1.7755109,-1.4637148,5.838666,5.927018,1.0849588,1.7231517,1.0072318,-3.6741297,-2.0946233,-0.62031424,-2.7275255,0.94383746,-1.3233539,1
5.0,5,0.034181003,-2.2996187,-1.775816,-1.4640441,5.83309,5.926395,1.0836176,1.7248776,1.0061598,-3.6747854,-2.096642,-0.6168579,-2.7303307,0.9528602,-1.325407,1
5.0,5,0.026795223,-2.2974954,-1.7764056,-1.4653773,5.837835,5.9245057,1.0868366,1.7244188,1.0095967,-3.674599,-2.0947516,-0.6204263,-2.7270703,0.94485086,-1.3238714,1
2.0,2,-0.8413032,-2.0703368,9.4344015,3.1336062,-2.0005248,1.1910957,-0.5851179,-0.5467254,-0.539972,-1.2783488,-0.96567714,2.0727475,-1.7473418,-0.6599413,-1.9525294,1
2.0,2,-0.8416049,-2.0702322,9.43436,3.1339204,-2.0004885,1.1911007,-0.5850984,-0.54680514,-0.5399563,-1.2783566,-0.96572083,2.0727649,-1.7472625,-0.6601859,-1.9525235,1
2.0,2,-0.8422243,-2.0699987,9.43413,3.1346123,-2.0005608,1.1914755,-0.5851123,-0.54703534,-0.5400196,-1.2782881,-0.96589977,2.0729494,-1.7470715,-0.6605018,-1.9525776,1
2.0,2,-0.8416781,-2.0702505,9.434355,3.1340265,-2.0004475,1.1910361,-0.58508754,-0.5468354,-0.5399486,-1.2783948,-0.9657313,2.0727894,-1.7472345,-0.66023076,-1.9525285,1
2.0,2,-0.84139633,-2.0703194,9.434446,3.1337104,-2.0004287,1.1909183,-0.5850915,-0.54673976,-0.5399293,-1.2784132,-0.96565676,2.0726867,-1.747329,-0.6600913,-1.9525049,1
2.0,2,-0.84133077,-2.0703173,9.434416,3.13363,-2.000511,1.1910521,-0.5851159,-0.5467236,-0.5399598,-1.278357,-0.96567065,2.0727274,-1.7473398,-0.6599821,-1.9525266,1
6.0,6,-1.8807778,-1.7147511,-1.9550234,-0.15380064,-0.09106872,-0.11433652,9.977313,-0.18850335,0.67993915,1.7980875,0.08948007,-1.9072534,-1.2662205,-1.0237427,-2.0011861,1
6.0,6,-1.9740994,-1.502318,-1.6261896,-0.1815109,-0.4721821,0.37580687,10.132609,0.14342259,0.70240587,0.94672334,-0.29407635,-1.9414839,-1.285596,-0.9028017,-1.8121355,1
6.0,6,-1.969692,-1.5417929,-1.6916325,-0.30504727,-0.58130157,0.5954726,10.054464,0.58258456,0.78391,0.108557425,-0.39514786,-1.916366,-1.6659473,-0.03590703,-1.898941,1
6.0,6,-2.3046079,-1.4299483,-2.4073584,-0.17418665,-0.34552228,0.4275032,9.139218,-0.21164355,1.2358297,2.6832457,-0.83773154,-2.507546,-1.4629406,-0.12439579,-1.9107085,1
6.0,6,-2.01489,-1.5323726,-2.0862074,0.034267493,-0.8950054,0.12760396,9.864142,0.6666199,0.3049089,0.9461229,-0.16867843,-2.2370458,-1.5564841,0.29991442,-1.8700409,1
6.0,6,-1.874078,-1.7913371,-1.8117107,-0.2703872,-0.06697143,-0.027138928,10.017851,-0.27817538,1.0774409,1.410403,0.13963771,-1.8277161,-1.3241534,-1.1330868,-1.9933348,1
12.0,10,-1.2124473,-0.79297656,-1.0553849,-1.4701039,-2.358462,-2.0982747,-1.8792341,0.3560205,-0.44189033,0.010205882,7.408325,-1.6350672,5.807484,-2.7422564,3.2256727,0
12.0,10,-1.4141102,-0.4589063,-1.279465,-1.3590345,-2.4078875,-1.8786765,-2.2735202,1.1063893,-0.26562402,-0.034901716,6.6655364,-1.7087933,5.128225,-2.9911184,3.5894415,0
12.0,10,-1.6312423,-0.20940377,-1.1833823,-1.6297994,-2.5647483,-1.8427517,-1.7285455,1.1937351,-0.15626785,0.036019996,7.1858606,-1.9849362,4.6769867,-2.9200315,3.0175714,0
12.0,10,-1.4527153,-0.74390393,-0.8093683,-1.588839,-2.37546,-2.0683799,-1.0176482,0.4351987,-0.48477486,0.2408571,7.859556,-1.556725,5.768096,-2.7684557,2.1784842,0
12.0,10,-1.3642211,-0.8281573,-0.8430942,-1.7605137,-2.3567603,-1.8827933,-0.56341195,0.958753,-0.8470875,0.53756166,7.941348,-1.5664984,5.324626,-2.8080444,2.0614452,0
12.0,10,-1.3928537,-0.7152396,-1.1555454,-1.3401878,-2.362021,-2.0000403,-2.0782084,0.43070868,-0.19815719,-0.08331886,7.4026937,-1.8091313,5.3035393,-2.7932434,3.335199,0
5.0,5,-0.05402755,1.8080826,-1.500969,-1.4900708,4.010713,8.940442,-0.08831951,0.30198586,-0.3295512,-1.8759725,-1.4708925,-1.8627372,-2.560033,-1.428688,0.91407925,1
5.0,5,-0.051087283,1.8102427,-1.4995388,-1.4891354,4.0053596,8.940894,-0.08788593,0.30035403,-0.33004987,-1.8747553,-1.4711546,-1.865193,-2.560942,-1.428423,0.91408914,1
5.0,5,-0.055266567,1.8173482,-1.500824,-1.4895558,4.00323,8.939602,-0.087237865,0.3007337,-0.32858488,-1.87489,-1.4712049,-1.8671058,-2.5608582,-1.4311658,0.9140664,1
5.0,5,-0.05375462,1.8146322,-1.5004324,-1.4892533,4.00272,8.940224,-0.08782309,0.30015627,-0.32939312,-1.8745186,-1.4710499,-1.8662184,-2.560594,-1.4297415,0.91496015,1
5.0,5,-0.050096236,1.8133265,-1.4999251,-1.4891838,4.002441,8.940422,-0.08864868,0.29838735,-0.33060372,-1.8742286,-1.4714352,-1.8672289,-2.5608819,-1.4277347,0.9155697,1
5.0,5,-0.051975243,1.8078206,-1.5005307,-1.4900028,4.010193,8.940578,-0.08855304,0.30123278,-0.32994023,-1.8756891,-1.4711645,-1.8634617,-2.5604215,-1.428057,0.91410667,1
5.0,5,-0.5016471,1.0323067,-0.8651494,-1.173029,3.2579157,9.104942,-0.11041787,0.84722257,-0.22337335,-1.9869838,-1.2963705,-1.5710543,-2.8250504,-1.2123331,0.62456256,1
5.0,5,-0.5016433,1.0323005,-0.86518663,-1.173051,3.2579443,9.10493,-0.11042644,0.84724075,-0.22341326,-1.9869958,-1.2963941,-1.5710331,-2.825083,-1.2122375,0.62456566,1
5.0,5,-0.5016444,1.0323014,-0.8651858,-1.1730498,3.2579443,9.10493,-0.110425636,0.8472414,-0.22341242,-1.9869946,-1.2963967,-1.5710341,-2.8250816,-1.2122407,0.6245654,1
5.0,5,-0.5016438,1.032301,-0.86516935,-1.1730412,3.2579353,9.104936,-0.11042127,0.84723973,-0.22339836,-1.9869891,-1.2963886,-1.5710372,-2.8250735,-1.2122787,0.6245616,1
5.0,5,-0.50164145,1.0322996,-0.8651795,-1.1730472,3.2579424,9.104936,-0.110423535,0.8472424,-0.22340584,-1.9869934,-1.2963923,-1.5710361,-2.8250782,-1.212259,0.62456477,1
5.0,5,-0.5016454,1.0323029,-0.8651624,-1.1730361,3.2579286,9.104937,-0.110422015,0.84722763,-0.22338578,-1.9869875,-1.2963778,-1.5710491,-2.8250601,-1.2123047,0.6245659,1
13.0,13,-2.9425037,-2.4968798,-2.819616,-1.0404478,0.56091624,-2.5593858,1.7964863,-0.8331584,-2.5531301,-0.029197676,0.87472045,1.9143615,0.31189445,8.095326,0.088308714,1
13.0,13,-2.4666283,-2.4035554,-2.842405,-1.1432381,0.52066576,-2.3224614,4.1203012,0.59199554,-2.6944196,-0.44935003,0.7932703,2.1704044,-0.5424042,6.2878695,-0.18932106,1
13.0,13,-2.8922513,-2.8260303,-2.7037325,-1.140094,1.0283997,-2.537865,3.0654228,-1.0819995,-2.6143842,0.39237878,0.63297004,1.871863,0.46430147,7.2525067,0.04706569,1
13.0,13,-3.0442092,-2.7240994,-2.8884025,-0.9760158,-0.19764343,-2.4057188,2.9391847,-0.9764267,-2.8953953,0.6116445,1.7882,1.4177313,1.0266098,7.100196,0.17529842,1
13.0,13,-3.3336275,-2.5708044,-2.1867063,-1.336835,-0.75737077,-2.8658059,-0.7346989,0.62293595,-2.406847,-0.6973291,4.2928653,4.4486947,0.6598717,6.8980036,-0.09625885,1
13.0,13,-3.0761168,-2.3223736,-2.8972218,-1.1413734,0.035998948,-2.545986,-0.065916434,-1.1744013,-2.4467528,-0.6085932,1.9261867,2.2545197,0.5607669,8.354275,1.1532574,1
3.0,3,-1.0852038,-3.9164336,4.414745,8.066559,0.6882969,-2.2458663,-1.0843068,-2.2549388,-2.0043893,-0.3730984,-0.057158053,-0.22531287,-0.5787936,-0.3336237,-1.0752993,1
3.0,3,-1.0852329,-3.916426,4.4154296,8.066239,0.68826425,-2.2458289,-1.0844563,-2.254747,-2.004692,-0.37348157,-0.057263482,-0.22500998,-0.57878923,-0.33353186,-1.0751336,1
3.0,3,-1.0849302,-3.9161255,4.4160633,8.066526,0.68785346,-2.2453353,-1.0844963,-2.2547498,-2.0054789,-0.37384087,-0.057435233,-0.2252099,-0.5785648,-0.3339861,-1.0745579,1
3.0,3,-1.0878661,-3.9153547,4.4049745,8.069547,0.68903464,-2.2475865,-1.0842024,-2.2561512,-1.9988759,-0.37054113,-0.056447376,-0.22634049,-0.57944834,-0.33344096,-1.0764303,1
3.0,3,-1.0862541,-3.9159029,4.412511,8.067387,0.6882253,-2.2462125,-1.0843353,-2.2551098,-2.0030344,-0.3724805,-0.05718765,-0.22551282,-0.5790698,-0.333683,-1.075316,1
3.0,3,-1.0846854,-3.9166377,4.4163074,8.065932,0.6883157,-2.2456799,-1.084346,-2.2547107,-2.0053015,-0.37352774,-0.057245728,-0.22514749,-0.57876766,-0.33354342,-1.0751542,1
6.0,6,-2.5354087,-1.908701,-1.0942781,-0.7344489,-0.17242333,-0.6880619,9.913441,0.32728624,0.76570886,-0.13142629,1.0077152,-1.5202091,-1.8128288,-0.8157227,-1.3134769,1
6.0,6,-2.7615721,-1.9414815,-1.2722111,-0.6494436,-0.080311336,-0.6731636,9.642604,-0.21509442,1.166811,0.019573992,1.0860277,-1.6251032,-1.7948188,-0.66490984,-1.3405617,1
6.0,6,-2.5566576,-1.9266752,-1.1446625,-0.76119983,-0.13227129,-0.63706803,9.888383,0.2957683,0.79573023,-0.17625916,0.9513627,-1.5184587,-1.7858826,-0.697816,-1.3582784,1
6.0,6,-2.5496612,-1.9994713,-1.0385592,-0.61037135,-0.10084263,-0.6378899,9.92807,-0.09203663,0.5929412,-0.09527235,1.1040511,-1.4013642,-1.6778799,-0.7249606,-1.3239331,1
6.0,6,-2.4061744,-2.0199375,-0.95391464,-0.68665606,-0.18813589,-0.6328148,10.033882,0.27592462,0.4951884,-0.29824218,1.1297779,-1.3901343,-1.6749595,-0.8179183,-1.3215246,1
6.0,6,-2.5439231,-1.9064261,-1.0768697,-0.6955461,-0.1681369,-0.6606966,9.925305,0.2645646,0.78139347,-0.154607,1.0005252,-1.5063715,-1.7968752,-0.8378721,-1.3246497,1
2.0,2,-1.5795653,-2.50752,9.474577,3.4311867,-2.0174944,0.5509145,-0.91404486,-0.2195378,-1.0232152,-1.3897312,-1.0776892,1.0440758,-1.0754164,-1.1866925,-0.2617726,1
2.0,2,-1.5795615,-2.5075173,9.474579,3.4311876,-2.0174932,0.5509212,-0.9140443,-0.21953726,-1.0232141,-1.3897293,-1.0776868,1.0440702,-1.0754172,-1.1866987,-0.26178044,1
2.0,2,-1.5795597,-2.5075178,9.474579,3.4311924,-2.0175002,0.5509226,-0.9140477,-0.21953622,-1.0232228,-1.3897341,-1.077688,1.0440582,-1.075417,-1.186694,-0.26176322,1
2.0,2,-1.5795705,-2.5075178,9.474576,3.4311767,-2.017499,0.55092406,-0.91404974,-0.21953303,-1.0232306,-1.3897396,-1.0776948,1.0440738,-1.0754182,-1.1866778,-0.26174632,1
2.0,2,-1.5795591,-2.5075173,9.47458,3.43119,-2.0174935,0.55091864,-0.9140449,-0.21953887,-1.0232124,-1.3897312,-1.0776864,1.0440683,-1.0754174,-1.1866999,-0.26178038,1
2.0,2,-1.5795648,-2.5075178,9.474578,3.4311848,-2.0174942,0.55091715,-0.91404396,-0.21953714,-1.0232137,-1.3897299,-1.0776887,1.0440763,-1.0754166,-1.1866947,-0.26177746,1
1.0,1,0.51651394,8.438329,-3.1994548,-1.5311356,-1.4063243,0.2855441,-1.9065737,2.517461,1.7311622,-2.396226,-0.2713116,-2.7810888,-2.9345722,-0.4391225,-0.7465392,1
1.0,1,0.45426613,8.429432,-3.2547758,-1.4146447,-1.354567,0.2707358,-2.01885,2.2548451,1.8740476,-2.4241517,-0.2758152,-2.7527647,-2.942759,-0.36654013,-0.77680975,1
1.0,1,-0.032685764,8.461642,-3.2279873,-1.395478,-1.1471821,0.41204193,-1.8588299,2.020443,2.0045152,-2.5212245,-0.26092622,-2.8207183,-3.1613953,-0.28788465,-0.6968956,1
1.0,1,0.52766603,8.332988,-3.3990643,-1.3337623,-1.212228,0.2113008,-2.1672442,2.0076306,1.8626624,-2.4893072,-0.22008048,-2.7183795,-2.9794176,-0.10248131,-0.8288433,1
1.0,1,0.45589042,8.4122,-3.2910397,-1.4069047,-1.31853,0.25194028,-2.0274374,2.2219858,1.7954963,-2.437104,-0.25015944,-2.7486916,-2.9694788,-0.26175827,-0.76644635,1
1.0,1,0.42013168,8.4523,-3.2357614,-1.4668224,-1.374791,0.29872313,-1.9724214,2.37036,1.7827826,-2.3966274,-0.27727523,-2.7550642,-2.923597,-0.36906797,-0.7782487,1
0.0,0,9.417554,-1.666526,-0.17229986,-0.45417714,-0.56154287,-2.4932377,-1.6857595,1.296905,-2.0931027,-0.78635365,0.40205276,-0.785971,-0.21817976,1.3124069,-0.5654063,1
0.0,0,9.41754,-1.6665375,-0.17230704,-0.45413738,-0.5615242,-2.4932659,-1.6857787,1.2968454,-2.0931125,-0.78634363,0.40208954,-0.7859648,-0.21819058,1.312412,-0.5653963,1
0.0,0,9.417494,-1.6665119,-0.17227766,-0.45417434,-0.5615617,-2.4932845,-1.6857184,1.2971028,-2.0931103,-0.78634447,0.40202987,-0.7860137,-0.21818256,1.3123592,-0.5654767,1
0.0,0,9.4175825,-1.6665157,-0.17230743,-0.45426285,-0.5615905,-2.4931831,-1.6857635,1.2969465,-2.0931242,-0.78638256,0.40205103,-0.7859556,-0.21812952,1.312439,-0.5653753,1
0.0,0,9.417586,-1.6665143,-0.17230657,-0.4542246,-0.561578,-2.4931815,-1.6857837,1.2969027,-2.0930927,-0.7863781,0.4020257,-0.7859673,-0.21816587,1.3124417,-0.5653747,1
0.0,0,9.417536,-1.6665318,-0.17231682,-0.454082,-0.56151795,-2.4932752,-1.6857961,1.2968102,-2.0931,-0.7863414,0.40208626,-0.78597564,-0.21821204,1.3123996,-0.56539845,1
8.0,9,-0.76330966,-2.4303844,0.5238959,-0.7239399,-0.83670515,-0.24310265,-2.88415,-0.4692771,4.957768,6.714655,-0.39391008,0.6975305,-0.59143203,-1.2418655,-0.8674542,0
8.0,9,-0.7622714,-2.4309988,0.52386105,-0.72557294,-0.8325214,-0.24605037,-2.884429,-0.4693335,4.9532304,6.715128,-0.39303887,0.7004236,-0.5916992,-1.2395368,-0.86791056,0
8.0,9,-0.7622099,-2.4313762,0.5242224,-0.72548467,-0.8327282,-0.24736147,-2.88454,-0.46952686,4.952683,6.7143955,-0.3925405,0.70101774,-0.59093827,-1.2395753,-0.8673199,0
8.0,9,-0.76277477,-2.4315934,0.5263706,-0.72289497,-0.8411067,-0.24416797,-2.8858268,-0.4707246,4.962604,6.705887,-0.39254063,0.70286196,-0.5894064,-1.2423999,-0.8655066,0
8.0,9,-0.7625212,-2.4310832,0.5248058,-0.7242181,-0.83804935,-0.24329565,-2.8855803,-0.46941748,4.9599266,6.7092543,-0.39288327,0.7019628,-0.59114933,-1.2407796,-0.8671571,0
8.0,9,-0.762542,-2.4305825,0.5236719,-0.72463346,-0.8326334,-0.24454461,-2.8839204,-0.46842626,4.9523215,6.718318,-0.39392632,0.69766873,-0.59231067,-1.2406789,-0.86853087,0
13.0,8,-0.7984351,-1.8425604,-2.409292,-0.050172172,-0.37286827,-1.5593953,-0.54208016,-2.1638806,5.7586703,2.4563148,3.156271,-3.2376702,-2.165644,2.8557844,-2.7471976,0
13.0,12,-3.045039,0.2645212,-2.2329018,0.25038403,-1.8194221,0.5427231,-3.1703787,-2.3823123,5.0823464,2.1037128,0.8700435,0.81122816,5.9196897,-0.053834654,-1.4398216,0
13.0,8,-2.3206959,-1.1604165,-1.2951814,-0.5515973,-0.5265294,-0.39545336,-1.3017384,-1.8139054,7.131451,-0.27834752,-0.08668184,5.8782706,-1.0776728,1.269404,-2.2727997,0
13.0,13,0.34778112,-1.4413037,-2.8062341,-1.0162189,-0.31118852,-1.3617773,-1.7983848,-1.3034083,1.6594399,1.6778328,2.5957913,-3.0756397,-1.784291,6.5967703,-1.7443811,1
13.0,8,-2.8916967,-1.0864909,-1.2058123,-0.23143777,-2.4009922,-2.5115201,-1.3319849,0.90816677,5.6902814,-2.6629355,4.6354704,1.9614815,-0.400617,-1.306503,0.3965432,0
13.0,8,-3.2627485,-1.6225842,-1.6122384,-0.40164798,-1.4311,-1.7009422,-1.9517503,-0.7520214,6.2328014,-0.276356,4.137266,2.026282,2.8871007,-0.45921403,-2.1499255,0
0.0,0,7.935936,-0.47552395,-2.054625,-1.1308936,-1.2051822,-1.2808601,-3.4071436,-1.2318395,-1.2447631,-0.37945592,0.6674369,2.169608,0.61778325,3.272927,-0.022350203,1
0.0,0,9.05259,1.4006044,-1.6305771,-2.0212088,-1.6003063,0.07674253,-2.044717,0.9079131,-1.2161686,-0.7277874,-0.12442255,-0.08056067,-1.1944374,1.7045132,-0.35292047,1
0.0,0,9.122818,0.60928017,-1.8399693,-1.9956872,-0.15003133,-0.22136897,-1.8621987,-1.3700072,-0.71527934,-0.58384913,-0.16868599,-0.349379,-1.6434196,2.4897773,0.21312433,1
0.0,0,8.761411,-1.0205281,-1.5110719,-2.243188,-0.91517884,-0.7336923,-2.8845868,-0.7836047,-1.6150662,-0.31050727,0.22758019,1.0160728,0.22560018,2.373576,2.170458,1
0.0,0,8.45988,1.5907683,-1.9306924,-1.7015693,-1.7487752,-0.3199948,-2.5386255,0.13928586,-0.39980164,-0.5299735,0.26055887,1.2013581,-0.59125865,1.6540006,-0.9106465,1
0.0,0,8.186173,-0.50040716,-1.9699472,-0.91898966,-1.1996396,-1.1838028,-3.2690663,-1.2414497,-1.3700877,-0.3859932,0.5455221,2.0073545,0.5915165,3.005623,-0.030146036,1
1.0,1,-1.6210908,7.6761293,-3.676654,-1.4893874,-1.632473,0.57943773,-2.4726727,1.4657276,2.1621258,-1.7737316,0.62854755,-3.2096574,-2.1264074,1.5901322,-1.1196015,1
1.0,1,-1.7888068,7.05376,-3.7585695,-1.425347,-1.5974476,0.38398346,-2.3429902,1.6425436,2.5943913,-1.8769119,0.8391931,-3.2072358,-2.3780022,1.7064087,-1.1153513,1
1.0,1,-2.3525152,6.1414824,-4.0279813,-0.67139715,-1.143728,0.27560386,-2.5209973,0.66415894,2.9629192,-1.8353237,1.553703,-3.49495,-2.5720723,1.9175062,-0.9657413,1
1.0,1,-1.7775891,6.5393705,-3.9706955,-1.6938386,-1.3655176,0.28446752,-2.4086783,1.4077966,2.1611097,-1.9499846,1.4062514,-3.2158525,-2.427092,2.6566799,-1.1487612,1
1.0,1,-2.2927032,6.147596,-4.104145,-0.8062961,-1.2497587,0.16569743,-3.0287042,0.35039452,3.3865595,-1.4929488,1.1043156,-3.24553,-2.0297565,2.3064127,-1.2769002,1
1.0,1,-1.7064883,7.4961996,-3.732857,-1.4200915,-1.5925728,0.5511595,-2.5626254,1.3265365,2.3188381,-1.7563739,0.6640478,-3.2118013,-2.115242,1.7286011,-1.159579,1
1.0,1,-0.14311805,9.790806,-2.543865,-0.9300895,-1.6050369,0.14875123,-0.8343647,-0.023081936,0.8439308,-1.7164733,-0.29540694,-2.6580958,-2.0600936,-1.0687822,-0.84205246,1
1.0,1,1.5874716,8.137309,-2.3532848,-1.0276172,-1.0348021,-0.556977,-0.6230905,-1.5941958,0.37846106,-0.7936707,0.25640863,-2.0246215,-1.7342373,-0.11225188,-1.568523,1
1.0,1,3.6926522,8.164714,-2.6268182,-2.2282994,-1.6387085,0.5852511,-0.8014361,0.027481016,0.09604338,-1.5773633,-0.3221596,-2.5968006,-2.0864546,0.1819918,-1.0635014,1
1.0,1,3.8959963,7.8853235,-2.8715477,-0.6894099,-0.3237104,-0.046628863,-1.3391997,-1.602946,-0.24379984,-1.6665655,-0.88015485,-2.0567183,-2.0010962,-0.14931127,-0.4197863,1
1.0,1,0.09561234,8.101564,-2.3880548,-1.1722832,-0.29883265,-0.68893427,0.35843593,-0.23762032,0.12348236,-0.6818308,0.3262356,-1.842075,-2.2076013,-1.1261432,-1.4746484,1
1.0,1,0.64821994,9.667003,-2.7165704,-0.7560934,-1.4227644,-0.103370294,-1.1944094,-0.7442292,0.6543168,-1.553804,-0.21696822,-2.611504,-1.9639795,-0.8093287,-0.831539,1
14.0,14,-0.07176129,-2.0661051,-1.6108983,-1.8017311,-1.5815017,-2.0086303,-1.8277566,-2.9736729,0.4942202,-0.3811749,4.3846674,-2.614897,-1.9135721,2.9413373,7.5189795,1
14.0,14,0.41951373,-1.6885936,-1.8390808,-1.9855452,-0.97475404,-0.37272605,-2.0134838,-2.0550208,-0.40616563,0.1983954,1.5577903,-2.1846752,-0.79429024,0.8521941,9.64046,1
14.0,14,-0.9229684,-1.6357515,-2.0918536,-1.4574271,-0.7170452,-1.0449611,-1.482779,-2.698365,0.25431082,0.4144463,1.4669088,-2.9667373,-1.7359326,2.6029568,8.29075,1
14.0,14,-0.43950704,-1.2525723,-2.0482202,-1.7278342,-0.8330096,-0.36439914,-2.068216,-2.0485067,-0.03543966,0.16146837,0.6689211,-2.7188482,-1.4145684,1.723862,9.442537,1
14.0,14,0.1391848,-1.890745,-1.9897411,-1.9247936,-1.0259029,-0.6668439,-1.8598398,-2.4378343,-0.15822065,-0.15084092,2.147308,-2.2934077,-1.0450639,1.6862967,9.189857,1
14.0,14,-0.08669732,-1.9818202,-1.9806123,-1.8229738,-1.3397958,-1.5467649,-2.2255123,-2.7772775,0.028217688,-0.37098727,3.5814326,-2.3091373,-1.3131851,2.6000853,8.473863,1
3.0,3,-3.0164797,-2.7982907,2.9231043,6.546289,-1.7829531,1.1173513,-1.3399949,-1.749505,4.1849713,0.21020563,-1.6130892,1.2643838,-1.1762443,-1.8212045,-2.151963,1
3.0,3,-3.041164,-2.8171167,2.9692123,6.5612564,-1.7734476,1.1256807,-1.3298762,-1.7470566,4.1540594,0.23838821,-1.6110884,1.26344,-1.1898766,-1.8310846,-2.154728,1
3.0,3,-3.0271723,-2.8159056,3.0245814,6.558019,-1.7899884,1.126642,-1.3267556,-1.7342145,4.1573167,0.277656,-1.6197813,1.2268385,-1.2010409,-1.8523523,-2.167804,1
3.0,3,-3.04205,-2.7931542,2.9354644,6.5408773,-1.7714189,1.1506199,-1.3372024,-1.739454,4.1908436,0.20635217,-1.63588,1.2555219,-1.1749998,-1.8368615,-2.141609,1
3.0,3,-3.015444,-2.808608,2.9231029,6.5660257,-1.7805003,1.1013379,-1.3400226,-1.7580756,4.160336,0.2083992,-1.5971683,1.2669287,-1.1802933,-1.8086729,-2.1532807,1
3.0,3,-3.029864,-2.8019423,2.9368615,6.547348,-1.7774875,1.1276151,-1.335682,-1.7472249,4.18197,0.21930458,-1.617988,1.2617487,-1.1797916,-1.8284535,-2.1511683,1
7.0,7,0.5181874,2.4166684,-1.3805453,-2.565896,-1.547909,0.14684458,1.9861879,9.095116,-2.3774905,-0.14128391,-1.694352,-1.529014,-2.1626976,-0.31627446,0.4324052,1
7.0,7,0.09480944,0.6918967,-0.9336307,-2.4267414,-1.0064498,-0.29954556,2.9383552,9.708617,-2.4894009,-0.4513817,-1.4906635,-0.13338473,-2.4056756,0.14585547,-0.28518546,1
7.0,7,-0.0858692,0.2249191,-0.65357345,-2.3235817,-0.7994532,-0.35299462,3.351012,9.858995,-2.5922797,-0.37879306,-1.3063935,0.21290721,-2.3773942,-0.27803546,-0.39138943,1
7.0,7,-0.22855282,0.13353302,-0.40205875,-2.128973,-0.6739899,-0.6817607,2.1572437,10.029298,-2.5548384,-0.3025903,-1.4423507,1.0375293,-2.063528,-0.27242893,-0.23734008,1
7.0,7,0.12653665,1.6184475,-1.6014903,-2.2503502,-0.99615294,0.49535415,6.2813063,6.3105116,-1.6163728,-0.67339635,-1.1241517,-1.9683886,-3.055473,-0.5279112,-0.41746312,1
7.0,7,0.5392102,2.3609812,-1.2922441,-2.3894744,-1.5752666,0.12056038,2.016939,9.052277,-2.3632379,-0.16227028,-1.616565,-1.4532889,-2.0052612,-0.54683435,0.3622812,1
12.0,12,-1.7254422,-1.8449801,-1.41582,-0.71316206,-1.4160054,-1.4221741,-0.8070265,-0.9076891,-0.90846604,3.4654958,4.2605486,0.07680032,9.001776,-1.0831536,-0.7037229,1
12.0,12,-1.7193757,-1.6878268,-1.4276296,-0.6589522,-1.3725902,-1.629648,-1.4375949,-0.9024736,-1.0669355,3.1427674,3.9834764,0.18156636,9.259376,-0.7298906,-0.39069584,1
12.0,12,-1.9740813,-1.923837,-1.530982,-1.103955,-1.2974405,-1.7187742,-1.053457,-1.2093762,-0.5502187,4.4026947,4.6002216,0.18966027,8.226051,-1.0054431,-0.26683092,1
12.0,12,-1.8210453,-1.8349439,-1.4978358,-0.77321595,-1.22905,-1.6569672,-1.3365953,-1.0339855,-1.0470078,3.9305935,3.8915493,0.32158065,8.874536,-0.66461337,-0.37303603,1
12.0,12,-1.7686744,-1.749217,-1.4783598,-0.675896,-1.3044329,-1.7067358,-1.4385287,-0.978279,-1.0845094,3.4816961,3.9334183,0.18271698,9.136622,-0.6594121,-0.3684196,1
12.0,12,-1.7218806,-1.7930642,-1.4070401,-0.6831468,-1.4383771,-1.5255258,-0.95886976,-0.91945416,-0.9174074,3.2842577,4.2908773,0.049164522,9.092417,-1.0294565,-0.6216677,1
3.0,3,-2.4706712,-2.9909441,1.0134397,8.152686,0.7737599,-2.0029118,-1.0525315,-3.78389,2.9333057,-1.1355885,0.8687037,-1.4068222,-0.8209988,-0.9376705,-1.6373442,1
3.0,3,-2.4708285,-2.9913063,1.0143048,8.152989,0.7737333,-2.0027628,-1.0525014,-3.783706,2.9326181,-1.1357037,0.86853373,-1.4066521,-0.8210075,-0.9376858,-1.6370628,1
3.0,3,-2.4708712,-2.9914913,1.0147369,8.15312,0.773082,-2.002634,-1.0523236,-3.7836714,2.9330099,-1.1354177,0.8685394,-1.4067268,-0.82093585,-0.9380671,-1.6368201,1
3.0,3,-2.4713511,-2.9927356,1.0180537,8.154072,0.7728705,-2.002261,-1.0523443,-3.7829254,2.930901,-1.1358163,0.867818,-1.4059782,-0.82090783,-0.93825984,-1.6359144,1
3.0,3,-2.4708238,-2.991193,1.0140401,8.152905,0.7737971,-2.0027876,-1.0525322,-3.7837794,2.9327576,-1.1357138,0.86854464,-1.4066609,-0.82098347,-0.9376317,-1.637157,1
3.0,3,-2.4707155,-2.9910433,1.0136899,8.152853,0.77373517,-2.0028355,-1.0525105,-3.7838366,2.9329472,-1.1356267,0.8686796,-1.4067872,-0.82097065,-0.937682,-1.6372353,1
13.0,13,-2.1660173,-0.21146484,-1.8433646,2.310418,-0.42626044,-1.7015235,-2.8650742,-1.4258676,-1.1481279,0.27054426,-2.0605366,2.4029732,-0.96511203,7.713001,-1.39493,1
13.0,13,-2.1646466,-0.2110943,-1.8435602,2.3092473,-0.42650846,-1.7027694,-2.8653405,-1.4244143,-1.1485857,0.26952213,-2.0607116,2.4026995,-0.9651567,7.71327,-1.3934356,1
13.0,13,-2.1641788,-0.21113549,-1.84422,2.3086443,-0.4262557,-1.7033579,-2.8651836,-1.4238032,-1.1485041,0.27003324,-2.0609643,2.4022675,-0.9647864,7.7130404,-1.3928641,1
13.0,13,-2.1653697,-0.21065308,-1.845186,2.3112082,-0.42860344,-1.7017164,-2.865323,-1.4258201,-1.146665,0.2694196,-2.0590596,2.4025884,-0.96596587,7.713675,-1.3944173,1
13.0,13,-2.1653595,-0.2109461,-1.8449237,2.311218,-0.4282309,-1.7020645,-2.8652976,-1.4256837,-1.1468294,0.2697861,-2.0590448,2.402776,-0.9659878,7.713299,-1.3944479,1
13.0,13,-2.16604,-0.21154167,-1.8432419,2.3104506,-0.42627272,-1.7016423,-2.8651204,-1.4257956,-1.1481487,0.27063525,-2.0604134,2.4031832,-0.96514547,7.7128053,-1.3949122,1
10.0,14,-2.0913785,-1.2114605,-1.5253248,-0.5820213,-2.6979804,-1.1117865,-1.8591241,-1.936267,0.8452956,-1.6950623,4.8701196,-0.60752517,0.7306125,-0.63325965,8.039141,0
10.0,14,-0.7368786,-1.1761134,-1.0836903,0.6159956,-1.4744539,-0.69949454,-3.534094,-2.860819,1.0090665,-1.7142711,3.7156909,2.028243,-0.60550267,-1.2626201,6.919321,0
10.0,14,-2.2061198,-1.1844852,-1.1169047,-0.23383915,-2.411451,-0.64390564,-1.5332333,-2.0430417,0.7051696,-0.5211886,6.168307,-0.21589644,0.2286959,-2.1107454,6.8120747,0
10.0,10,-1.9389226,-1.6356452,-2.243373,-0.3535363,-2.4075916,-1.2392575,-2.4864428,-2.4360843,0.16574053,-0.4141563,6.7550464,-1.2293881,-0.012336727,1.409994,5.847684,1
10.0,10,-2.4697063,-1.9354697,-1.4059325,1.0134073,-2.4848359,-1.3814133,-1.8627942,-2.6187634,1.7904512,-1.9893357,7.6430745,0.94430184,-0.49196604,-0.28860116,4.0587807,1
10.0,14,-1.975322,-1.4461273,-1.620412,-0.55389255,-2.2351058,-0.6409564,-2.244721,-2.2374587,1.9019955,-1.9423323,5.264502,-0.06526255,-0.7871159,-0.7562048,7.6982574,0
14.0,14,-1.3270279,-0.31262493,-0.077791475,-1.0649191,-1.3997117,-1.3063949,-3.729779,-0.28864208,-0.202401,-1.1318766,-0.36826485,-2.0699248,3.3012283,-0.45767552,8.861703,1
14.0,14,-1.3271731,-0.30911928,-0.08779069,-1.0640601,-1.4019134,-1.3091238,-3.7298586,-0.2884648,-0.19945738,-1.1270151,-0.36936998,-2.0751657,3.3012946,-0.45321804,8.860881,1
14.0,14,-1.3302298,-0.31237465,-0.081357904,-1.0652692,-1.4014028,-1.3066005,-3.7310016,-0.29239127,-0.20074005,-1.13156,-0.36222363,-2.0718436,3.302311,-0.4541266,8.861865,1
14.0,14,-1.3345516,-0.31161565,-0.08569964,-1.0572302,-1.4011744,-1.3024353,-3.7294343,-0.29471412,-0.19786477,-1.1282898,-0.3656343,-2.0816996,3.302578,-0.4569162,8.860292,1
14.0,14,-1.3298339,-0.31007475,-0.08829742,-1.0620875,-1.4012913,-1.3067498,-3.7300842,-0.2917555,-0.19976328,-1.1271837,-0.36870524,-2.0759602,3.300978,-0.45204633,8.861361,1
14.0,14,-1.3275104,-0.31307983,-0.07647047,-1.0642617,-1.399528,-1.3056319,-3.7296202,-0.28880838,-0.2022766,-1.1324722,-0.36797428,-2.0701814,3.3020341,-0.4591236,8.86134,1
6.0,9,-2.1057065,-1.915355,-2.0200074,-1.3261751,-3.4379268,0.8645814,2.038276,-1.266292,3.3715258,6.090628,0.89483213,-2.8815203,0.7160636,0.61781436,1.3040224,0
6.0,6,-2.514009,-2.0879967,-1.3732036,-1.4683206,-3.9298627,1.3567455,5.007374,2.7022393,0.8281329,1.9657012,1.6840754,-2.7478747,0.5161695,-0.07508552,1.618948,1
6.0,9,-1.9313452,-1.9557151,-2.134216,-1.2756288,-3.6919427,0.15407215,3.1107035,0.1858398,2.1403375,4.815425,0.39481264,-2.7615068,0.68717825,1.7347599,1.1072475,0
6.0,14,-1.942838,-0.78176224,-2.097141,-1.7639868,-4.8350887,-0.48384872,-1.3945397,0.18161362,2.7655106,0.90870976,2.1269505,-2.934783,0.08455128,2.6575413,5.3748493,0
6.0,9,-1.7022961,-1.6703094,-1.9800255,-1.1482674,-4.169908,-0.020636572,0.7008506,0.12473754,1.6498588,4.093997,1.5943133,-3.6832194,0.8561647,1.2973686,3.5577877,0
6.0,9,-2.0650904,-1.5766654,-1.9729869,-1.4058678,-4.25729,0.09066625,0.103913076,-0.61000055,2.7776036,4.2931495,2.3470254,-3.6652598,0.9131853,0.715189,3.8914843,0
8.0,8,-0.088877656,-0.71115744,-1.2559855,-0.094475634,-1.6962534,-0.52801496,-2.277201,-1.375418,8.448656,-1.1858054,-0.6181768,-0.3720486,1.8591477,-1.8595686,1.1315465,1
8.0,8,-0.83446234,-0.14632861,-1.7142508,-0.74945897,-2.1209075,-0.5966496,-2.3488033,-0.04254003,8.098949,-0.7030172,-0.033183176,-1.8327286,1.9111159,-1.9784715,1.9479759,1
8.0,8,-0.9719577,-0.42566067,-1.2292271,0.24342886,-2.129974,-0.4169063,-2.2299914,-1.080314,7.979448,-0.8194289,-0.64905095,-0.99225074,2.570835,-1.8547083,1.4046085,1
8.0,8,-1.0167866,-0.32620072,-1.1495867,0.2671647,-1.9735368,0.56310815,-1.597585,-2.0053842,9.738107,0.8280575,-0.30241632,-2.5497816,-0.63593507,-1.3148514,-0.5433632,1
8.0,8,-1.4887878,-1.0011517,-1.6983873,0.8512024,-1.6999302,-0.59428996,-2.3634458,-1.3850129,7.984112,-1.8935571,-0.49601567,-0.16292717,1.0219591,-1.4618716,2.301613,1
8.0,8,-1.1683674,-0.61747783,-1.3557599,-0.032976054,-1.9801233,-0.31122956,-2.3319788,-1.3768502,8.776333,-1.0624573,-0.16385275,-0.6847852,1.7961788,-1.7333405,1.2903553,1
14.0,14,-1.2818892,-1.2394683,-1.4310501,-0.51691973,-0.21972731,-0.09032498,-2.1874323,-1.8459322,-0.5416145,-1.0575964,1.4374639,-1.984064,-0.8863592,-0.77855647,10.091176,1
14.0,14,-1.2830313,-1.2396505,-1.4316906,-0.5146686,-0.21657768,-0.09077166,-2.1885443,-1.846494,-0.542375,-1.0577923,1.4372226,-1.9850357,-0.886615,-0.77876383,10.090446,1
14.0,14,-1.283424,-1.2369188,-1.4332132,-0.51688766,-0.21696001,-0.09010136,-2.188751,-1.8449246,-0.54131824,-1.05638,1.4362491,-1.9867878,-0.88528144,-0.77999824,10.090642,1
14.0,14,-1.2818055,-1.2383655,-1.430664,-0.5190179,-0.222604,-0.08938949,-2.1866834,-1.8448803,-0.5412217,-1.0570858,1.4385133,-1.9840882,-0.8849033,-0.7797703,10.0916815,1
14.0,14,-1.2818134,-1.2380674,-1.431496,-0.5187486,-0.22082978,-0.09006748,-2.1873386,-1.8450347,-0.54091,-1.0568118,1.4369903,-1.9845554,-0.8854313,-0.7789333,10.091532,1
14.0,14,-1.2824898,-1.2374756,-1.4320341,-0.51737726,-0.21956939,-0.09005522,-2.1879616,-1.8449357,-0.5407701,-1.0567033,1.4366565,-1.9860963,-0.8853831,-0.779949,10.091057,1
2.0,2,0.7583428,-3.2737982,9.505675,2.0689383,-1.7540098,-0.18310635,-1.251233,-1.1866972,-0.65648115,-1.406378,-0.93036616,1.9217335,-2.159602,0.17848231,0.38927883,1
2.0,2,0.7584002,-3.27384,9.505672,2.0690675,-1.7540246,-0.183096,-1.2512238,-1.1867695,-0.65653753,-1.4063796,-0.9303541,1.921714,-2.1595898,0.17845754,0.38927886,1
2.0,2,0.75866604,-3.273886,9.505721,2.0697777,-1.7541695,-0.18326093,-1.2511277,-1.1870226,-0.65664303,-1.4063348,-0.93029577,1.9217118,-2.1595478,0.17832153,0.38881278,1
2.0,2,0.7585418,-3.2738879,9.505644,2.069256,-1.7539625,-0.18321915,-1.2512336,-1.186883,-0.65656805,-1.4063923,-0.93034935,1.9217303,-2.159612,0.17855753,0.38906643,1
2.0,2,0.75829536,-3.2737496,9.505698,2.0690784,-1.7540326,-0.18322812,-1.2511905,-1.1866778,-0.6564236,-1.4063541,-0.93035805,1.9217883,-2.159606,0.17847012,0.38901585,1
2.0,2,0.7582392,-3.2737358,9.505693,2.0689673,-1.75401,-0.1832443,-1.2512057,-1.1866232,-0.6563881,-1.406357,-0.9303595,1.9218029,-2.1596096,0.17849211,0.38906163,1
1.0,1,0.7156894,9.907798,-2.02149,-0.4552477,-1.4882231,0.41577694,-2.8862686,-0.9298724,0.2585149,-1.1430137,-2.0652943,-1.9158276,-1.8296518,0.26224685,-0.98358345,1
1.0,1,0.7156001,9.907836,-2.0216947,-0.45552206,-1.4880828,0.41575933,-2.8862405,-0.92973953,0.25863677,-1.1430451,-2.065266,-1.9158993,-1.8296803,0.26228005,-0.9834665,1
1.0,1,0.71531117,9.907993,-2.0222828,-0.45621425,-1.4876051,0.4149999,-2.8861926,-0.92916393,0.25925416,-1.1431936,-2.0649784,-1.9160728,-1.8299595,0.26208282,-0.9832188,1
1.0,1,0.7156728,9.907739,-2.0218518,-0.45509613,-1.4881254,0.4159272,-2.886102,-0.9297633,0.258155,-1.143171,-2.0653105,-1.9157791,-1.8296784,0.26240075,-0.9834918,1
1.0,1,0.71557736,9.907865,-2.0217624,-0.45560443,-1.4880238,0.41579837,-2.8861682,-0.9296483,0.25868964,-1.1431137,-2.0652065,-1.9159375,-1.8297458,0.2621597,-0.98340833,1
1.0,1,0.71559507,9.907791,-2.021418,-0.4551056,-1.488315,0.41565788,-2.886309,-0.9299003,0.25848937,-1.1429425,-2.0652971,-1.9157953,-1.8295559,0.26224887,-0.9836396,1
2.0,2,-0.43537894,-2.8050137,7.7316136,2.1594472,0.12220631,0.008827062,-1.3416879,-0.6557964,-1.9390883,-2.8049107,-0.762657,0.0209095,-0.65566736,2.9776087,-1.7378937,1
2.0,2,-0.42652968,-2.804909,7.726023,2.1413367,0.11973556,0.0065887477,-1.3448901,-0.6545096,-1.935845,-2.8050573,-0.7647553,0.025756087,-0.64460254,2.989593,-1.7376926,1
2.0,2,-0.4288793,-2.8076198,7.735396,2.155064,0.11482067,0.007149225,-1.3467492,-0.65716356,-1.9372689,-2.8043175,-0.76388085,0.031338375,-0.64766645,2.9776044,-1.7353808,1
2.0,2,-0.4297051,-2.8065534,7.7236323,2.1384902,0.1288999,0.009610066,-1.3409779,-0.650598,-1.9339583,-2.802997,-0.76603436,0.017350536,-0.6532501,2.990767,-1.737324,1
2.0,2,-0.43090054,-2.8057258,7.7265763,2.148006,0.12437179,0.008010393,-1.3439283,-0.65435016,-1.9358879,-2.804905,-0.7641992,0.024489474,-0.6510049,2.9863708,-1.7400434,1
2.0,2,-0.43495926,-2.8065414,7.736482,2.161763,0.119831644,0.009753341,-1.3410915,-0.6555857,-1.9385346,-2.8036225,-0.7625491,0.020924237,-0.65731823,2.971934,-1.7352262,1
9.0,9,-0.783261,-1.8430256,-2.5546274,-2.640751,-0.17811784,-1.9693162,-2.0644214,-0.7780093,1.7804426,7.2465506,3.0126083,-1.8167193,-0.9390875,1.6603649,1.8100233,1
9.0,9,-0.7096694,-1.8330656,-2.334648,-2.4161727,0.0075365305,-1.8013918,-2.0695617,-0.65652233,1.5272596,7.6144166,2.6761992,-1.9033512,-1.0843877,1.4071602,1.5876173,1
9.0,9,-0.73867553,-1.784903,-2.4173796,-2.394788,-0.084065944,-1.7978078,-2.2718587,-0.7375426,1.5038854,7.4123554,2.7125165,-1.9978998,-1.0615295,1.4653655,1.9953585,1
9.0,9,-0.67621243,-1.8772869,-2.0503995,-2.87058,-0.59801364,-2.1010172,-1.7454276,-0.60489285,1.0170445,6.978566,3.9950807,-1.7348969,-0.84145164,1.352985,2.1454396,1
9.0,9,-0.686554,-1.871455,-2.1930764,-2.5561433,-0.18227795,-1.9311386,-1.9159077,-0.654475,1.3077953,7.5253115,3.2241771,-1.7972494,-0.94732773,1.3859494,1.5541149,1
9.0,9,-0.8119645,-1.7886207,-2.6148446,-2.3659294,0.12196774,-1.7447104,-2.2797108,-0.8453006,1.9330524,7.551847,2.3352,-1.8871514,-1.0795001,1.6397768,1.6124125,1
6.0,13,-1.1346502,-2.7313232,-0.75784385,-2.4453683,4.023902,1.5478725,1.665582,0.1623653,-1.5918989,-2.7200618,-1.3201474,1.7661985,-1.1763636,6.3378835,-1.4062961,0
6.0,13,-1.1995748,-2.7228656,-0.72969115,-2.4318743,4.0434504,1.535509,1.7011023,0.13891318,-1.5600152,-2.7211025,-1.3043802,1.8136139,-1.1766989,6.278412,-1.4423631,0
6.0,13,-1.2633657,-2.7074614,-0.6826228,-2.4001896,4.0654798,1.5083206,1.6537838,0.12373558,-1.5167387,-2.7384508,-1.2989733,1.8868927,-1.1672921,6.2268267,-1.4839821,0
6.0,13,-1.1977422,-2.7453594,-0.7179347,-2.4338026,4.018111,1.5220985,1.758739,0.13142174,-1.5565898,-2.7183928,-1.2949669,1.827799,-1.1852686,6.2804255,-1.4476054,0
6.0,13,-1.1061697,-2.7592487,-0.71704054,-2.4571579,4.006503,1.5307039,1.6928854,0.16163176,-1.5769496,-2.725791,-1.3168069,1.7988793,-1.2019588,6.3425984,-1.41673,0
6.0,13,-1.144979,-2.732698,-0.747027,-2.4448943,4.0222898,1.5449783,1.6851468,0.15472028,-1.5857391,-2.7202024,-1.3172102,1.7768745,-1.1798402,6.3291063,-1.4147986,0
7.0,7,-2.1644108,-1.130524,-0.90619004,-1.3846446,-0.120461784,-0.29831663,3.6435773,8.290688,-0.14451322,-2.0162077,2.5532868,-2.4778802,-0.7256701,-1.4022095,-1.5041134,1
7.0,7,-1.6611108,-0.8143644,-1.5240939,-1.9839098,-0.69485056,-1.0045294,1.8452733,6.4575677,1.439501,-1.7460669,3.453688,-2.4754677,-0.43541223,-0.4660309,-1.1198702,1
7.0,7,-3.3406122,0.2040687,-1.8080877,-1.317012,-0.6092408,-0.43520126,1.5372926,6.5341096,2.7054064,-1.0911716,2.2446656,-2.9537404,-0.5638483,-1.1780463,-1.4261565,1
7.0,7,-2.3363793,-1.0630733,-1.154123,-1.6108708,-0.25781706,-0.5374788,2.7412136,8.028658,0.33164188,-1.7112517,2.7985663,-2.603974,-0.1442831,-1.1590582,-1.3620777,1
7.0,7,-2.0676665,-1.3372217,-1.3489245,-2.0025191,-0.43446144,-0.93129426,2.263852,6.9237175,0.94466954,-1.6007382,3.8216758,-2.6935875,-0.267006,-0.70684177,-1.001225,1
7.0,7,-2.1322145,-1.2215574,-0.88456416,-1.4603238,-0.24245441,-0.42266703,3.560659,8.025338,0.13190351,-1.9845575,2.79119,-2.4377046,-0.7767992,-1.3444036,-1.4845557,1
7.0,7,4.4834595,-1.5899382,-1.4647752,-1.5337932,-2.320147,-1.3831211,0.5976422,4.7418776,-3.1805577,-1.0651664,2.5597653,-1.1402969,3.7810943,1.7959677,-2.0787108,1
7.0,0,5.4503217,-1.5628436,-1.2360085,-1.5792394,-2.2841778,-0.7478488,1.4094136,5.415855,-2.2089865,-1.2238209,1.2349434,-1.0118033,2.5413086,0.95356506,-2.2387052,0
7.0,12,0.9221676,-2.120559,-0.90724254,0.06988286,-1.9461929,-2.6399422,4.332256,3.48564,-2.439239,0.6442154,1.6761022,-1.9940865,6.7591634,-1.5857171,-2.2392776,0
7.0,7,4.0354376,-1.0444998,-1.2714019,-1.6497964,-2.7126887,-0.72725123,1.6747758,6.5669866,-3.2407496,-1.2620435,1.7775267,-1.2963572,3.2316265,0.8511615,-1.9354417,1
7.0,7,4.5898237,-1.003573,-1.4099554,-1.8129929,-2.6268713,-0.45939383,1.6493222,6.8115582,-1.8766485,-0.9868846,0.90324223,-0.4210597,3.2594624,-0.34832692,-1.885696,1
7.0,7,5.0573955,-1.1483824,-1.839109,-1.800597,-2.4726439,-0.53786904,1.3164107,5.108922,-1.1021138,-0.64952123,0.50079644,-0.44535512,3.6401405,0.33626914,-2.0423942,1
3.0,3,-1.567977,-3.7401986,1.8694427,8.531764,0.7262798,-2.4082158,-1.0491835,-3.0494573,0.39900544,0.19454375,0.97693026,-1.1778888,-0.7183697,-0.81474453,-1.4901503,1
3.0,3,-1.5679654,-3.7402253,1.8695849,8.531821,0.7262514,-2.4081697,-1.0492216,-3.0493906,0.39892307,0.19439544,0.976737,-1.1777632,-0.7182898,-0.814686,-1.4901747,1
3.0,3,-1.5681757,-3.7400339,1.8693196,8.531805,0.72601676,-2.4082057,-1.0493059,-3.0494409,0.39916626,0.19466665,0.9770527,-1.1779014,-0.7183963,-0.8148677,-1.4898444,1
3.0,3,-1.5681604,-3.7400594,1.8692725,8.53189,0.72548854,-2.4082747,-1.0491033,-3.049705,0.3999238,0.19487381,0.9767237,-1.1775088,-0.7182715,-0.815031,-1.4896266,1
3.0,3,-1.5682551,-3.740092,1.8696991,8.531923,0.7256708,-2.4082012,-1.0491033,-3.0494924,0.39910087,0.19488478,0.97703457,-1.1778858,-0.71828294,-0.8151279,-1.4896178,1
3.0,3,-1.5678655,-3.7402637,1.8694141,8.531715,0.72642344,-2.4082294,-1.0492013,-3.049451,0.3989863,0.19445896,0.976899,-1.1779166,-0.7183888,-0.814625,-1.4903091,1
3.0,3,-1.735177,-2.2022457,0.58247757,8.831785,0.42456296,-1.7546636,-1.2429268,-3.2437263,-0.98350656,0.9218176,0.11260153,-1.6595706,0.42671955,-0.3851723,-2.1402524,1
3.0,3,-1.605918,-2.1288483,0.49053964,8.78588,0.45123628,-1.8127314,-1.3213483,-3.2534556,-1.250654,0.93282765,0.05122761,-1.5685909,0.67054534,-0.26800352,-2.1252425,1
3.0,3,-1.3557358,-2.1281197,0.22584683,8.676062,0.619421,-2.0342076,-1.3608701,-3.27759,-1.3868424,0.9594354,0.05641892,-1.4685417,0.6346697,-0.02785115,-2.1313782,1
3.0,3,-1.5492802,-2.2292395,0.55671483,8.815092,0.5205439,-1.8917481,-1.2817665,-3.2013602,-1.2411075,0.784671,0.09259945,-1.5598809,0.44289786,-0.21295892,-2.0930886,1
3.0,3,-1.5027257,-2.1282475,0.44483417,8.762707,0.54343283,-1.8974609,-1.3545997,-3.2391517,-1.3534105,0.88443357,-0.013466749,-1.4778802,0.6458761,-0.14624435,-2.1303883,1
3.0,3,-1.5507796,-2.1865854,0.412138,8.774174,0.5100884,-1.8994406,-1.2637132,-3.2622576,-1.1068228,0.9193282,0.13028604,-1.6065382,0.40899843,-0.22090952,-2.1452281,1
5.0,5,-1.0139565,-1.3138287,-0.4254558,-0.7153243,0.9696258,8.79987,0.34215108,-0.5333802,0.086482,-0.6100818,-0.74615794,-0.43697032,-1.9385259,1.0771027,0.46314868,1
5.0,5,-1.014665,-1.3171297,-0.42499727,-0.71636546,0.9710353,8.798789,0.33706692,-0.5328331,0.08401489,-0.60985136,-0.74563956,-0.43437234,-1.9370544,1.0810854,0.46452987,1
5.0,5,-1.0201485,-1.3350649,-0.44379294,-0.7172634,0.9621368,8.791916,0.348339,-0.5447604,0.09562865,-0.57153976,-0.7357141,-0.44417372,-1.9223108,1.0839819,0.46499142,1
5.0,5,-1.0365641,-1.3740402,-0.4639633,-0.7206899,0.9544775,8.778646,0.34940097,-0.56298923,0.10984735,-0.52852976,-0.7091925,-0.44714034,-1.893874,1.095762,0.46554038,1
5.0,5,-1.0140941,-1.3183423,-0.42804208,-0.7148895,0.9698965,8.798679,0.34373906,-0.5345734,0.08532271,-0.60365987,-0.7437855,-0.4399309,-1.9332845,1.0775356,0.462118,1
5.0,5,-1.0188403,-1.3233191,-0.4288773,-0.71674186,0.9680683,8.796791,0.337541,-0.5361691,0.08982645,-0.6032326,-0.7414228,-0.4331763,-1.932583,1.0814294,0.46521753,1
11.0,11,-0.070639946,-1.9032607,1.244668,0.7400579,-1.0095503,-1.7940304,-2.1759012,-0.44998756,-1.2915542,-0.18601462,-1.3656619,9.84678,0.21829706,2.015045,0.003844183,1
11.0,11,-0.07072572,-1.9032646,1.2447407,0.74009377,-1.009572,-1.794032,-2.1758811,-0.4498839,-1.291538,-0.18594068,-1.3656749,9.846793,0.2183319,2.0149102,0.0037770532,1
11.0,11,-0.07085001,-1.9033576,1.2446162,0.74036354,-1.0095541,-1.7939858,-2.1759589,-0.4503549,-1.2915448,-0.18597952,-1.3656757,9.846647,0.21813944,2.0154371,0.0037848614,1
11.0,11,-0.070596,-1.9030778,1.2446444,0.7398886,-1.0095888,-1.7939284,-2.1759098,-0.4499484,-1.2915697,-0.1860618,-1.365677,9.846837,0.21833101,2.0150745,0.0037330948,1
11.0,11,-0.070619665,-1.9032193,1.2446612,0.7399894,-1.0095636,-1.7940248,-2.175904,-0.4499177,-1.2915529,-0.18601796,-1.3656775,9.846798,0.21835613,2.0150146,0.0038232766,1
11.0,11,-0.070713915,-1.9033498,1.2446964,0.74019045,-1.0095446,-1.7940605,-2.175895,-0.45002833,-1.2915449,-0.18596369,-1.3656569,9.846741,0.2182635,2.015042,0.0038528703,1
4.0,4,-0.09786824,-2.8883176,-1.124762,-0.81731683,8.296519,0.9414954,3.0492034,0.24116123,-1.3687581,-0.31925064,-1.3492581,1.4267437,-1.6854197,-1.0235064,-1.0628675,1
4.0,4,-0.09729376,-2.8898928,-1.1240777,-0.8173298,8.294668,0.9447721,3.056286,0.24128315,-1.3696173,-0.32208565,-1.347347,1.4271122,-1.6857179,-1.0260831,-1.0628564,1
4.0,4,-0.09684921,-2.8899915,-1.1237338,-0.8179337,8.294638,0.9441153,3.0554135,0.24180377,-1.3699912,-0.32189977,-1.3478324,1.4273925,-1.6857252,-1.0248448,-1.0627142,1
4.0,4,-0.09716316,-2.8897808,-1.1238086,-0.81781095,8.294931,0.9435025,3.054165,0.24166045,-1.3696553,-0.3214639,-1.3480333,1.4274174,-1.6857533,-1.0244685,-1.0627247,1
4.0,4,-0.097751565,-2.8887439,-1.1246905,-0.8172858,8.295694,0.9433898,3.0529904,0.2412354,-1.3692194,-0.3203931,-1.3486004,1.4265106,-1.6853502,-1.0252067,-1.0628952,1
4.0,4,-0.09797836,-2.8885183,-1.1247776,-0.81721985,8.296164,0.9422623,3.0507607,0.2411938,-1.3688132,-0.3197325,-1.3488532,1.4267033,-1.6854228,-1.0243766,-1.0628761,1
9.0,6,-3.072322,-1.4527415,-1.8018736,-0.5041128,0.80829424,1.9055605,9.147126,2.628963,-1.6482809,2.66393,-1.2981457,-2.0444798,-1.61193,-0.16355841,-2.2706702,0
9.0,6,-3.119617,-1.4461515,-1.7614651,-0.51828605,0.87559384,2.0270004,9.193628,2.55543,-1.5993856,2.5367427,-1.3290596,-1.915936,-1.6789895,-0.15628192,-2.278448,0
9.0,6,-3.1185176,-1.4851505,-1.82827,-0.5273332,0.82584876,1.9103963,9.126444,2.6557677,-1.6545703,2.5968392,-1.3122845,-2.0046008,-1.6205182,-0.020807192,-2.292128,0
9.0,6,-3.1425087,-1.4891752,-1.8360023,-0.5341241,0.84156996,1.9432912,9.114158,2.6493306,-1.6556296,2.5532055,-1.3340877,-1.9806792,-1.627263,0.046045586,-2.3021271,0
9.0,6,-3.101921,-1.4664342,-1.7784756,-0.5183885,0.8446833,1.9567423,9.19273,2.5858068,-1.6108954,2.5687194,-1.3039143,-1.9510227,-1.6636915,-0.13537788,-2.2799225,0
9.0,6,-3.075341,-1.453668,-1.7958626,-0.50505316,0.81792194,1.9172848,9.158639,2.608417,-1.6429515,2.6426718,-1.3012369,-2.026192,-1.620647,-0.15705028,-2.2712564,0
10.0,10,-1.425397,-2.8608706,0.5989519,-2.114794,-1.7789997,-0.53414047,1.753622,2.9734807,5.343991,-0.43087837,5.748479,-1.477779,-2.0296361,-1.554605,-2.0621324,1
10.0,8,-1.131376,-2.4593282,0.99358714,-1.699357,-2.0270433,-0.45446184,0.44210753,2.4044538,6.4366207,-0.6824009,4.197552,-0.39848265,-2.5420349,-1.3739027,-1.8750207,0
10.0,8,-1.5567777,-2.7324617,0.6996056,-1.8112291,-2.0166478,-0.3581338,2.116399,2.7134664,5.8882093,-0.42608973,5.0379047,-1.2168765,-2.4297547,-1.8043725,-2.06664,0
10.0,10,-0.63812625,-2.8538377,0.7286948,-2.4431915,-1.8628371,-0.534307,2.1941507,4.218551,4.077059,-1.3689895,5.4885955,-0.7552572,-2.5745146,-0.8205674,-2.2490115,1
10.0,8,-1.4092566,-2.5980983,0.35529014,-2.1979568,-2.0571454,-0.35552013,0.658868,3.5352364,6.132168,-0.7160537,4.3974857,-0.53762525,-1.8485248,-1.2931126,-1.8215699,0
10.0,10,-0.7321565,-2.9316368,0.7919905,-2.3371346,-1.7259333,-0.7642896,2.0776432,3.5944476,3.5138285,-1.1670829,6.527367,-1.1887459,-2.1422105,-0.9091127,-2.150322,1
13.0,10,-0.22745994,-1.2548968,-3.1953604,-1.2379291,0.43846735,-2.2322419,-3.4872882,-0.64230925,-0.95190376,-2.0742095,6.2053595,-0.8639982,-0.2354598,3.737847,2.1534994,0
13.0,13,-1.018275,-1.4677111,-2.553825,-0.25561574,-1.2555323,-1.9930308,-1.2523315,-1.8764291,-0.74235076,-2.2740898,1.2556212,0.1892984,-1.0114045,8.18682,1.6869065,1
13.0,10,-1.1338016,-1.8763161,-2.7152185,-1.3501995,-2.5255256,-1.551138,-1.4308931,-1.6256802,1.3324745,-2.7871025,4.5105996,3.146168,-1.3493897,3.5313156,4.2789154,0
13.0,13,0.0027889386,-0.60565567,-2.861042,-1.2093846,-0.29051232,-0.4379166,-1.783737,-1.5660584,-1.1918335,-1.6097655,-0.70749354,-1.0376325,-1.1097312,9.576002,0.82986176,1
13.0,13,-0.30525082,-0.47172505,-3.4953344,-1.0140902,-0.7869784,-0.974949,-3.2890506,-2.1391685,-0.9678699,-1.6904756,1.4878731,-1.6206492,1.1384951,7.8717074,2.2093058,1
13.0,13,-0.7405711,-0.9965916,-3.6911044,-1.9255493,-0.7921605,-2.01886,-2.5939095,-2.0847876,0.5974182,-1.8419439,4.2524266,-0.12677269,-0.93971145,6.4065194,2.6078167,1
13.0,13,-0.86676246,-0.59208304,-2.8358195,0.15551966,-0.47198826,-1.756223,-2.1267571,-1.2838289,-0.70098484,-0.124677844,-1.1631962,0.022575524,-1.3684016,9.596694,-0.74157995,1
13.0,13,-0.8659987,-0.59186924,-2.8361888,0.15533656,-0.47448158,-1.7576041,-2.1265986,-1.2830571,-0.70037186,-0.12502426,-1.1619363,0.022731792,-1.3685405,9.596926,-0.7401583,1
13.0,13,-0.8667712,-0.5918422,-2.8362215,0.15628119,-0.47273883,-1.7567356,-2.1270974,-1.2838795,-0.70021814,-0.12423602,-1.163459,0.0224731,-1.3683718,9.596336,-0.7412181,1
13.0,13,-0.8658378,-0.5917086,-2.8361416,0.15526196,-0.4750665,-1.7574722,-2.126535,-1.283013,-0.70040655,-0.12523966,-1.1618087,0.022828367,-1.368455,9.597133,-0.74004424,1
13.0,13,-0.8654819,-0.5915551,-2.836293,0.15558803,-0.4769946,-1.7580243,-2.126548,-1.2829804,-0.6998503,-0.12519717,-1.1608719,0.023040246,-1.3685751,9.597324,-0.73954684,1
13.0,13,-0.8668174,-0.59200484,-2.8358214,0.15567702,-0.47203997,-1.7561357,-2.1268506,-1.2839065,-0.7008939,-0.12464866,-1.1633724,0.022610184,-1.3683543,9.596648,-0.74161166,1
14.0,14,-1.1050421,-3.0226035,2.7582426,3.4603212,0.76642877,-0.45972756,-2.8909838,-2.401783,-2.396729,-1.7323115,-1.5008264,-0.18991311,0.28131896,-0.9694095,7.720856,1
14.0,14,3.633701,-2.5786963,-1.00983,1.2361784,0.62117106,-1.4708204,-3.831986,-3.1293101,-1.6824858,-0.89039856,-1.9571761,1.5615224,1.5700867,2.1831799,5.774142,1
14.0,14,4.44214,-3.1953597,0.43620145,-0.043365635,-0.67390823,-1.2943548,-2.8134115,-3.521807,1.3684038,-1.3913567,0.36133894,0.45559743,-0.92509735,1.1106933,5.4195495,1
14.0,0,5.8343987,-2.3709319,0.13398394,0.83822733,-0.43826503,-1.0711542,-2.8958123,-3.8165078,-0.36929956,-0.94170755,-1.0471243,-1.355935,-1.9534957,3.1262913,4.521018,0
14.0,14,1.9774281,-1.2064912,-1.9074545,1.306189,-0.4463708,-1.6500944,-3.6187077,-3.50245,0.63731116,-0.85461545,-0.4542865,1.6364573,0.108702116,2.1119163,4.563392,1
14.0,14,0.9491802,-3.5053518,4.3759117,1.4461223,0.47225377,-0.3062267,-3.1423676,-2.3906631,-1.9824998,-1.8071272,-1.1993738,-0.3843198,-0.5607032,0.120178714,7.5006204,1
7.0,7,-1.3476106,0.36154366,0.6679909,-2.0620337,-3.0239773,-1.1829433,0.9245185,7.317693,2.4824383,-0.4663859,-0.48893327,-1.9026604,2.906375,-2.8175938,0.84441316,1
7.0,7,-1.1469159,0.53736365,0.80682015,-2.0419326,-2.7874186,-0.6902765,1.006129,8.689119,1.075491,-0.5848159,-0.9255062,-1.7353593,1.3420529,-2.3303041,0.90408826,1
7.0,7,-0.8305633,0.82761914,0.8516804,-2.1692607,-2.5917668,-0.530063,-0.10777007,8.693178,1.283147,-0.9094193,-1.3855102,-1.5853678,0.5401155,-2.1276953,1.5751765,1
7.0,7,-0.9822768,0.6973493,0.6398525,-2.0191984,-2.588499,-0.59092253,0.57855034,8.970088,0.44682133,-0.69551605,-1.2127317,-1.4535197,1.0141618,-2.0498188,1.2722403,1
7.0,7,-0.9782593,0.6584765,0.7901908,-2.112293,-2.434678,-0.22460754,0.69026625,9.175333,0.6661621,-0.7893388,-1.1962688,-1.37153,0.54002494,-2.1611533,0.8536105,1
7.0,7,-1.2212477,0.58063585,0.9148936,-2.1035368,-2.8209,-0.6336674,0.62592196,8.146657,1.9938235,-0.6495456,-0.92127776,-1.8108703,1.6747934,-2.7001617,0.904665,1
2.0,2,-0.82047313,-2.7432742,9.290572,1.6837617,-1.4122332,1.1836135,0.13807292,2.1242738,-0.25931793,-0.53353286,-0.7459503,0.2772608,-1.3063045,-1.7532645,-2.2734048,1
2.0,2,-0.8001124,-2.7501671,9.2984915,1.7184412,-1.4064838,1.1761354,0.13416138,2.0922618,-0.26145682,-0.5205052,-0.74699754,0.25668734,-1.325818,-1.7557921,-2.280259,1
2.0,2,-0.8726462,-2.7213166,9.275647,1.6127317,-1.4333206,1.2041079,0.10484047,2.1974072,-0.267688,-0.58559996,-0.7421027,0.34337434,-1.2547497,-1.7305665,-2.242205,1
2.0,2,-0.81501746,-2.74239,9.288352,1.6707749,-1.4116662,1.175353,0.14737758,2.1379232,-0.2646449,-0.5277519,-0.7433963,0.2751112,-1.3046772,-1.7526599,-2.2785316,1
2.0,2,-0.81919634,-2.7398689,9.292718,1.6721741,-1.4136484,1.1797123,0.13067006,2.1262093,-0.2646183,-0.54138625,-0.7383224,0.2835169,-1.3043759,-1.7456577,-2.2686598,1
2.0,2,-0.82616156,-2.745598,9.290388,1.6911926,-1.410328,1.1820446,0.13927741,2.122011,-0.26041105,-0.52598727,-0.74681085,0.275607,-1.3077018,-1.7568774,-2.2741725,1
8.0,8,-0.9337692,-0.8689847,-0.9103353,-2.3210795,-3.1429837,-0.9351895,0.7407592,4.147436,6.4362187,3.1748931,1.0389512,-0.44091603,-1.5833989,-1.2492533,-1.4141381,1
8.0,8,-0.8208991,-0.9048419,-0.9807031,-2.3608406,-3.0502324,-0.95471054,1.0264091,4.6843367,5.8711777,3.218766,1.0190418,-0.54936147,-1.7617706,-1.128064,-1.5651779,1
8.0,8,-0.93873084,-1.0739913,-1.2334795,-2.3185644,-3.026768,-1.064077,1.0756842,3.6139994,6.6794734,3.3841805,1.4457135,-0.8009341,-1.5803084,-1.1468506,-1.5002185,1
8.0,7,-0.605253,-0.42437416,-0.6315124,-2.3569982,-3.2357037,-0.7325091,0.40247968,6.019205,5.0125275,2.366309,0.25081855,-0.14858516,-1.8302534,-0.8331979,-1.4511324,0
8.0,8,-0.7764899,-0.6361487,-0.7993352,-2.293414,-3.2372298,-0.8079778,0.5312055,4.9402156,5.9293866,2.743221,0.6287807,-0.3976476,-1.6701562,-1.0410516,-1.3913726,1
8.0,8,-0.83189356,-0.72654253,-0.8087834,-2.3347578,-3.1818357,-0.8464818,0.6535737,4.8347435,5.931575,3.017044,0.7362929,-0.35229808,-1.7307311,-1.124422,-1.4515944,1
14.0,14,-2.4363263,-0.7726117,-1.7453339,-2.56167,-1.5840257,-0.4024284,-2.0878603,-1.2882113,-0.5165614,-1.1931211,4.239768,0.04658862,-0.24334335,0.6118258,9.296507,1
14.0,14,-2.4174743,-0.8246805,-1.9023781,-2.577531,-1.431108,-0.32235405,-2.132127,-1.396379,-0.67979807,-1.2073337,3.7685695,-0.16642918,-0.49058563,1.3186915,9.371887,1
14.0,14,-2.4862587,-0.7533255,-1.8144287,-2.5362809,-1.494526,-0.37370506,-2.139523,-1.3248084,-0.48333552,-1.2541246,3.7718174,0.18537278,-0.3627763,0.8802266,9.4100685,1
14.0,14,-2.452863,-0.7892006,-1.8878615,-2.5545928,-1.4350713,-0.32573953,-2.151636,-1.3727847,-0.59315395,-1.234205,3.685298,-0.016257554,-0.4816707,1.2026508,9.403841,1
14.0,14,-2.3905911,-0.82520646,-1.8425084,-2.5802538,-1.4831407,-0.317895,-2.0766606,-1.3529135,-0.62275696,-1.1864114,4.075989,-0.15646233,-0.47456187,1.0083513,9.312791,1
14.0,14,-2.4368503,-0.7706514,-1.7483995,-2.5616512,-1.5820838,-0.40048757,-2.0929303,-1.2875887,-0.51702005,-1.2004635,4.21811,0.05579297,-0.25233585,0.63075316,9.301258,1
6.0,6,2.9189143,-2.7987175,2.1487162,-2.5256588,-1.3988503,-0.41982436,5.1347966,2.6107178,4.3480945,-0.7567473,0.96984303,-1.4628134,-3.321221,-0.9871733,-3.003182,1
6.0,6,3.8109841,-3.1295774,2.4316711,-3.0935345,-1.3911774,-0.8025356,3.975696,3.7642999,2.350986,-1.232454,2.0482042,-1.1838157,-2.7424738,-0.0723397,-2.817833,1
6.0,7,2.4322004,-2.727876,2.339002,-3.3968935,-1.772628,-0.5858845,2.3682234,5.1186104,3.498067,-1.305118,1.7398428,-0.6793386,-2.4003322,-0.21350984,-2.6401334,0
6.0,6,3.908339,-3.1120696,2.4403303,-2.4982088,-1.0404757,-0.6789405,5.39684,2.27522,2.5865524,-0.8908428,1.4015965,-1.377322,-3.0933566,-0.51551825,-3.027297,1
6.0,0,4.660039,-3.183007,2.354885,-2.905242,-1.148206,-0.812763,4.4006977,2.7880826,2.1457477,-1.1261657,1.8811116,-1.3133824,-2.8563352,-0.04358957,-2.8276758,0
6.0,6,2.65598,-2.793299,2.1721096,-2.5100796,-1.4455903,-0.3931451,5.209619,2.804761,4.331591,-0.8053372,0.9738226,-1.426658,-3.3110442,-1.0276076,-3.0188713,1
11.0,8,-2.2834516,-1.1221309,-2.688104,-1.0125663,-0.76368487,-0.19596536,4.40174,-1.9559793,5.8359313,2.4753356,-0.6723011,2.2108765,-1.3692749,0.7806842,-2.6272347,0
11.0,8,-2.171384,-1.1938337,-2.7568965,-0.9644561,-0.7455164,-0.34598768,4.326948,-1.9432297,5.4999933,2.2683759,-0.48283982,2.3145328,-1.4143941,1.1583837,-2.705482,0
11.0,8,-2.2287219,-1.1582247,-2.69892,-0.90060675,-0.77414304,-0.2821816,4.1642456,-1.9373326,5.558696,2.5610695,-0.57173365,2.3552067,-1.3207693,0.8363462,-2.5955095,0
11.0,8,-2.2726622,-1.1687956,-2.6693022,-0.9783052,-0.76439655,-0.23653917,4.526448,-1.9678166,5.7741776,2.2878482,-0.64462435,2.150181,-1.3828062,0.8827411,-2.6647298,0
11.0,8,-2.1665218,-1.2055614,-2.734527,-0.96732986,-0.7585164,-0.3443367,4.3721476,-1.9398444,5.515647,2.1666915,-0.48195282,2.3105931,-1.4388732,1.175147,-2.6904209,0
11.0,8,-2.2586532,-1.1500912,-2.6933327,-1.0027971,-0.76130456,-0.23144396,4.4626527,-1.9582942,5.757964,2.3276258,-0.62437105,2.2128217,-1.4033864,0.9057587,-2.6558683,0
1.0,1,1.2427965,6.7905664,-2.85285,2.8307867,-1.2617419,-2.9132695,-0.7630158,-1.6556267,0.028272463,-1.1902324,-1.3891869,-0.8436475,-1.5368961,0.07635556,-0.6701462,1
1.0,1,2.6405716,6.4080925,-2.731733,1.187716,-1.1727195,-1.3971275,0.063513875,-2.339193,0.26630446,0.4614113,-1.1530565,-0.6789633,-1.6312642,-0.46253687,-1.1935284,1
1.0,0,7.4208913,4.8129964,-2.6994507,-1.9858701,-1.7100309,-1.2109616,0.24847218,-0.06610399,0.25518292,-1.0098703,-0.6652577,-2.651619,-1.8481121,0.66392946,-0.928186,0
1.0,0,3.7709823,2.7045088,-1.9584043,1.3392862,-0.11947653,-2.4064174,3.4819853,-1.8287171,-1.1692145,-1.7207029,-0.87323946,-0.6843205,-1.0117013,-0.0005253777,-1.6327298,0
1.0,1,2.4590585,3.576403,-2.3459604,0.8267412,0.07028598,-2.6434681,2.9069817,-1.4218762,-0.20786491,-0.09816019,-0.2053426,-0.5468989,-0.89457184,-0.9488399,-2.0287018,1
1.0,1,1.7421736,6.7749033,-2.8028555,2.6234908,-1.3104466,-2.6252818,-1.613655,-1.7480793,-0.1621675,-1.0779035,-1.1925007,-0.8175871,-1.6347712,0.3702001,-0.5220487,1
7.0,10,3.4619918,0.43801242,-3.0024307,-3.3387508,-0.32038683,-1.7101382,-2.8027785,4.083448,-1.006407,-2.0869927,4.233466,-2.3208022,2.703456,2.3981774,-0.4199047,0
7.0,0,4.599519,0.5272628,-2.957729,-3.0691333,-0.4617767,-1.8086938,-3.189835,1.8857468,-0.21513516,-1.6254008,3.231019,-2.1967657,2.2353117,2.8267114,0.06733939,0
7.0,7,2.2922237,1.6134487,-2.8653371,-3.3933043,-0.35893473,-1.7556404,-2.8445778,3.7085798,0.46899956,-1.4868026,2.956955,-2.1949155,1.8772821,2.1095872,-0.95065737,1
7.0,7,0.5718798,2.281349,-3.1777425,-3.6201782,-0.5070175,-1.6011741,-2.4004493,4.596534,1.2158271,-1.5452228,3.2506528,-2.5122733,1.0345991,2.041447,-1.190966,1
7.0,10,3.2929475,0.92766124,-3.2181787,-3.2135863,-0.50640106,-1.9040262,-3.1905565,3.1708186,-0.101649776,-1.8973736,4.162629,-2.4878166,2.2661781,2.6450014,-0.4192332,0
7.0,10,3.2156231,0.48119986,-2.9641826,-3.3613658,-0.32354745,-1.6805683,-2.7909896,4.082381,-0.889789,-2.0168445,4.264534,-2.2599418,2.5098612,2.3897994,-0.48915517,0
0.0,0,9.4106045,-0.99492234,-2.0855215,-1.9049805,0.018809468,-0.5607885,-1.3966022,1.9946709,-1.7246356,-0.60555893,-0.8578471,-1.1633134,-1.5312959,1.6707805,1.4644309,1
0.0,0,9.406706,-0.9796359,-2.0463412,-1.9277034,-0.029191282,-0.56561434,-1.3621248,2.0085406,-1.7123914,-0.60803616,-0.876541,-1.1787258,-1.5659013,1.6956944,1.4680048,1
0.0,0,9.386252,-0.6043634,-2.0853186,-1.8728962,-0.091218516,-0.46554112,-1.4756987,2.3842616,-1.6127346,-0.56161237,-1.1353397,-1.098549,-1.5342958,1.4834853,1.1188455,1
0.0,0,9.076113,0.35493988,-2.2306204,-2.0774403,-0.53344285,-0.73108083,-1.4352589,3.2393408,-1.7244058,-0.8967614,-1.092114,-1.5905728,-1.7445041,1.3326849,1.3505185,1
0.0,0,9.336804,-0.80545586,-2.1197774,-1.9621263,-0.08317315,-0.6139935,-1.379581,2.2074533,-1.7491435,-0.67353016,-0.87192476,-1.2492335,-1.609093,1.6804024,1.5125967,1
0.0,0,9.39013,-0.98329395,-2.1286924,-1.8869728,0.040067077,-0.5303183,-1.4497144,1.966917,-1.7114763,-0.5962188,-0.88696194,-1.1360005,-1.5170963,1.6878862,1.4625419,1
12.0,12,-0.54901946,-1.0884413,-0.77495754,1.1126926,-1.8982904,-2.3660905,-0.97290576,-0.4264998,-0.5405073,0.2577961,1.3098189,-0.7321745,10.055298,-1.4105607,0.5031983,1
12.0,12,-0.6504093,-1.1308391,-0.8135093,1.1151917,-1.9101776,-2.3368328,-0.62014866,-0.47374645,-0.60506624,0.5996963,1.2961305,-0.94011205,10.017032,-1.4805001,0.46147358,1
12.0,12,-0.77560097,-0.97490615,-0.8120514,1.0076594,-2.0302248,-2.3205814,-0.99731207,-0.4216362,-0.33392453,0.2682948,1.3558253,-0.9279545,9.998091,-1.4051622,0.76022464,1
12.0,12,-0.6672852,-1.0044343,-0.84803706,1.1203525,-1.9381921,-2.3172467,-1.068212,-0.5577438,-0.37084985,0.28569767,1.3015871,-0.8875683,10.035137,-1.3997304,0.6704794,1
12.0,12,-0.08025164,-1.1326867,-0.81085426,1.3303428,-2.004222,-2.375358,-0.41903025,-0.4422256,-0.7127784,0.90705264,1.1156642,-1.0374701,9.952274,-1.5341692,-0.17756791,1
12.0,12,-0.7092786,-1.0345309,-0.83724874,1.1539698,-1.9351077,-2.272944,-0.950559,-0.6492492,-0.5033615,0.56756145,1.3459787,-0.96138585,10.070778,-1.4317529,0.55239,1
7.0,7,-2.149155,-1.4630892,-0.67707217,-2.235455,-1.2934271,0.20519835,4.273131,9.279702,0.8128051,0.37890568,0.45470226,-0.78218347,-1.608711,-1.8869275,-1.1496704,1
7.0,7,-1.8647082,-1.0520884,-0.31908977,-1.9659836,-1.7292256,0.17468984,3.9668958,9.476928,0.7462889,-0.56175464,0.2079966,-0.3447232,-1.880514,-1.6898535,-1.2565932,1
7.0,7,-2.0279486,-1.0799197,-0.33359468,-2.0299175,-1.6514615,0.32674214,4.116222,9.447433,0.8550182,-0.43907467,0.23803434,-0.49152523,-1.6374532,-1.880423,-1.3008151,1
7.0,7,-1.4745413,-1.297177,-0.72750944,-2.676932,-1.6102711,0.23287441,3.6339211,8.731877,2.617169,-0.28953436,0.5976398,-0.67134917,-2.3801725,-1.3153048,-1.5755303,1
7.0,7,-2.420656,-1.1017466,-0.23477453,-1.9526403,-1.310617,0.22433905,4.765065,9.313704,0.31529987,-0.4668012,0.5002223,-0.2697229,-1.6944367,-2.1807535,-1.3995795,1
7.0,7,-2.3526738,-1.5075281,-0.6593833,-2.305226,-1.3534263,0.20349427,4.1020784,9.0913515,1.3302946,0.46644405,0.4987551,-0.8310448,-1.4058305,-2.081272,-1.069052,1
6.0,6,-3.3923345,5.092099,-2.350448,-1.0209569,-0.72534966,0.74746,7.2732806,1.701926,-0.077591866,-0.8715267,0.17731223,-2.7516847,-3.0671172,-1.684127,-1.4631941,1
6.0,6,-2.3622215,2.4120708,-1.8913279,-1.6420679,-0.5946075,0.5443918,8.979726,3.5074162,-0.5914786,-1.3624156,0.58923954,-2.246108,-2.6738446,-1.5878447,-1.6299608,1
6.0,6,-2.5328398,4.6079593,-2.5384226,-1.7429236,-0.26297504,0.73352367,7.588948,2.4686058,-0.19987841,-1.4670489,0.44634885,-2.8369467,-2.9425755,-1.6362301,-1.622163,1
6.0,6,-3.4284477,3.7649174,-2.2179456,-1.2258424,-0.5978938,0.666699,8.286495,1.5869032,-0.3298722,-0.43980134,0.6535297,-2.3599741,-2.6076088,-1.6631685,-1.6399872,1
6.0,6,-2.5975797,3.7884243,-2.3832443,-1.7124497,-0.5981886,0.64118516,8.294093,2.2962098,-0.35279137,-1.1772404,0.7474186,-2.6034374,-2.7763448,-1.3928367,-1.6320982,1
6.0,6,-3.267961,4.8835874,-2.4406638,-1.0136298,-0.564763,0.6339183,7.485796,1.2507224,0.049419675,-0.9831569,0.29115397,-2.7358367,-2.9784672,-1.6022737,-1.5015618,1
1.0,1,-0.6032456,9.134459,-2.151506,-1.913836,-2.0674446,0.56042564,-1.3940564,2.4928832,-0.05406597,-0.38906312,-0.41103518,-2.5127354,-1.8544319,-0.8185804,-0.6342765,1
1.0,1,-0.48661247,9.17759,-2.1918042,-1.9639933,-2.0885077,0.5919231,-1.3335038,2.3201933,-0.024457645,-0.47017398,-0.38972273,-2.5947752,-1.9033996,-0.72856313,-0.6720073,1
1.0,1,-0.54971594,9.150057,-2.1207912,-1.937465,-2.133079,0.6247502,-1.2876277,2.308988,-0.006737698,-0.43609238,-0.3028516,-2.555564,-1.9786693,-0.81424576,-0.619447,1
1.0,1,-0.74280953,9.026478,-1.9445993,-1.8363813,-2.2345746,0.44955328,-1.2945688,3.063586,-0.07346572,-0.38665506,-0.32439196,-2.315359,-1.6884319,-1.1484468,-0.8051146,1
1.0,1,-0.38931742,8.827906,-2.0105066,-2.039808,-2.3370264,0.42007202,-1.192983,3.3386958,-0.39015853,-0.27660504,-0.5038864,-2.7927382,-1.5032399,-1.1992298,-0.29984507,1
1.0,1,-0.5975057,9.16578,-2.166467,-1.9150668,-2.0642412,0.5728186,-1.3694506,2.4192686,-0.04210938,-0.39235175,-0.42485395,-2.546549,-1.8443216,-0.8019026,-0.6506459,1
9.0,9,-1.3718848,-2.3578782,0.75173604,1.7312336,-1.9829983,-1.0631025,0.1054283,-1.1506636,5.7586346,6.699874,-0.9208614,-0.9909357,-0.32390875,-2.7025416,-2.236767,1
9.0,9,-1.1145134,-2.3339808,-0.055237584,1.5746803,-1.5165789,-1.2250308,1.2510796,-1.0877534,5.3252788,7.128428,-0.90909547,-1.8241911,-0.27255625,-2.882967,-2.3537786,1
9.0,9,-1.1142883,-2.3050795,-0.0041205473,1.5320128,-1.5873443,-1.1961755,0.9964728,-1.0284237,5.4249244,7.122897,-0.9015251,-1.7577758,-0.31015354,-2.8357754,-2.291863,1
9.0,9,-1.1565472,-2.1984212,0.27074498,1.3059402,-1.6752397,-0.9504255,0.11129837,-1.2555925,6.1459494,6.8082094,-0.8631204,-1.0566603,-0.4658094,-2.7068012,-2.26114,1
9.0,9,-1.1267475,-2.2209802,0.05760517,1.4325261,-1.4927609,-1.0741969,0.24426974,-1.1224338,5.701798,7.066166,-0.93090487,-1.3111887,-0.508142,-2.6139734,-2.2694604,1
9.0,9,-1.479437,-2.4071484,1.15337,1.8921014,-2.2110045,-0.9735767,-0.25400954,-1.162434,5.8287625,6.4135523,-0.9646313,-0.68863803,-0.30422366,-2.6239545,-2.2125514,1
14.0,14,1.9735829,-1.5670527,-0.7507323,-1.1940509,-0.9081164,-0.092168465,-2.9214087,-1.6858184,-1.3852166,-0.7138257,0.41444367,0.87053645,1.4375459,-1.6161487,9.231199,1
14.0,14,4.57292,-1.9007463,-0.81174445,-0.2929507,-0.6871958,0.7644408,-2.8436694,-2.445077,-1.4274334,-0.68100345,-0.8793835,-0.38216048,1.2974017,-0.7655088,7.69144,1
14.0,14,2.8529034,-1.8903604,-0.84733903,-0.87415403,-1.5113468,-0.6844542,-2.7124958,-2.1257842,-1.1024653,-1.1306628,2.53273,-1.7781337,2.497814,-1.5560603,8.506371,1
14.0,14,1.4191463,-1.9080757,-1.8590907,-0.8781231,-1.6200359,-0.2193155,-2.331246,-1.912058,-1.0319773,-1.0271605,3.0900311,-0.41800588,4.212202,-2.0671575,7.972714,1
14.0,14,2.8666735,-2.0892997,-1.1535486,0.23366603,-0.69546074,-0.41429293,-3.2701683,-2.60472,-1.5326287,-1.1017846,-0.3228439,-0.32253674,2.0522668,0.65699214,7.593976,1
14.0,14,2.0940897,-2.3240764,-0.9957181,-0.6181695,-0.76608825,-0.15185617,-2.663946,-2.2229724,-1.3573062,-0.71963656,0.74283713,1.6645353,1.0197535,-1.204229,8.804434,1
0.0,0,8.118508,-2.869939,-0.51405096,-1.3462628,-0.3482585,0.09047731,4.4453297,0.5284576,-0.931447,-0.30301967,-1.6599228,0.1214505,-1.1434336,0.04310877,-0.1930167,1
0.0,0,7.5237637,-2.4950888,-0.6987899,-0.8525899,-0.6839088,0.2052304,4.3564606,0.38657472,-0.5770292,-0.4323205,-1.974864,0.44222218,-0.58363384,-0.058484875,-0.68879193,1
0.0,0,7.5469418,-2.8783047,-0.5905645,-1.0289083,-0.5188299,0.20001765,4.710863,1.0699952,-0.92362404,-0.20655325,-1.7777066,0.5469821,-0.759678,-0.42878944,-0.52811646,1
0.0,6,5.9186487,-2.6611753,-0.5829397,-0.98123085,-0.6441414,0.010211619,6.778375,0.56628346,-0.8401419,-0.4236295,-1.4399998,-0.054688703,-1.182168,-0.42670667,-0.42684352,0
0.0,6,5.0417438,-2.4115598,-0.5272112,-0.75568354,-0.7275686,-0.07265334,7.3653235,0.06885125,-0.5790866,-0.5245593,-1.452876,-0.16164374,-1.0792052,-0.59976107,-0.29072547,0
0.0,0,8.324398,-3.0999365,-0.56159747,-1.4712129,-0.23960781,-0.059608057,3.4103084,1.4612539,-1.0370556,0.016350789,-1.8043237,0.5021131,-0.9158261,0.010455355,-0.06410536,1
5.0,5,0.24254653,1.1172463,-1.7716806,-1.5951073,5.2431564,8.433682,-1.2475319,-0.47156367,-0.42494223,-2.1017435,-0.7950835,-1.7425725,-2.5462759,-1.0317966,1.3350132,1
5.0,5,0.24322382,1.1168133,-1.7719804,-1.5953097,5.243784,8.433341,-1.2478503,-0.47171137,-0.4253811,-2.1017373,-0.79518807,-1.7425278,-2.5462594,-1.0310773,1.3351291,1
5.0,5,0.24340448,1.1164464,-1.77212,-1.5954242,5.2440767,8.433169,-1.248136,-0.47190532,-0.42554668,-2.1017206,-0.795166,-1.742407,-2.546248,-1.030628,1.3353852,1
5.0,5,0.24332803,1.1165769,-1.7720114,-1.595372,5.2438736,8.433292,-1.2480187,-0.4718559,-0.4254158,-2.1016936,-0.7951798,-1.7424152,-2.5462728,-1.0308933,1.3353386,1
5.0,5,0.24368986,1.1164964,-1.7721007,-1.5954983,5.243958,8.433209,-1.2481097,-0.47186866,-0.42552474,-2.1016715,-0.7952648,-1.7424597,-2.5463147,-1.0307233,1.3355126,1
5.0,5,0.24265218,1.1170589,-1.7717642,-1.5951507,5.2433267,8.433581,-1.2476587,-0.4716321,-0.42506355,-2.1017504,-0.7950536,-1.7425282,-2.546253,-1.0315562,1.3350939,1
3.0,3,-2.8559434,-2.334368,4.7918577,8.81343,-0.5494543,0.3281181,-0.5728112,-2.104617,-0.9922774,-0.53007674,-1.3803759,-0.11513923,-0.34469578,-1.3424622,-2.2005188,1
3.0,3,-2.8560033,-2.3342636,4.7918744,8.813418,-0.5494598,0.32817551,-0.5728343,-2.1047122,-0.9920981,-0.53016704,-1.3803979,-0.11512028,-0.34469151,-1.3425499,-2.2005112,1
3.0,3,-2.85607,-2.3342962,4.7917323,8.813458,-0.5494057,0.32809147,-0.57287455,-2.1047897,-0.9919733,-0.5301784,-1.3803747,-0.11509979,-0.34466535,-1.3425177,-2.200526,1
3.0,3,-2.856107,-2.3343012,4.7917128,8.813403,-0.5494444,0.32846487,-0.5728712,-2.1048386,-0.99197423,-0.5301584,-1.380469,-0.11508523,-0.34455675,-1.3425666,-2.2004209,1
3.0,3,-2.85604,-2.334287,4.7917194,8.813506,-0.5493632,0.3278796,-0.57288754,-2.104752,-0.99202883,-0.53021455,-1.380311,-0.11513865,-0.34473073,-1.342462,-2.2005713,1
3.0,3,-2.855946,-2.3343544,4.791866,8.813434,-0.5494455,0.3280857,-0.5728156,-2.1046274,-0.9922513,-0.53010684,-1.3803674,-0.11514075,-0.3447095,-1.3424664,-2.2005281,1
4.0,4,-1.5636845,-0.44813448,-2.761513,-2.2210162,8.772898,5.024902,-0.022756344,0.18010962,-1.5064577,-0.8178829,-0.9254791,-0.67424643,-1.3858285,0.19339709,0.11156891,1
4.0,4,-1.5653149,-0.44468462,-2.76367,-2.2226167,8.770167,5.027963,-0.02049799,0.18183875,-1.5077206,-0.8187412,-0.92548347,-0.6778516,-1.3860408,0.19570945,0.111561395,1
4.0,4,-1.5651346,-0.4431805,-2.7665439,-2.2244265,8.7693405,5.0251546,-0.024215063,0.18014136,-1.5084906,-0.8200197,-0.92459023,-0.6784672,-1.3849771,0.20316307,0.11279432,1
4.0,4,-1.5642282,-0.44358337,-2.7672274,-2.2247126,8.769635,5.02397,-0.025286661,0.17902124,-1.5087525,-0.82022107,-0.92512155,-0.67835844,-1.385038,0.20612298,0.113423735,1
4.0,4,-1.5641106,-0.44542652,-2.7649565,-2.2228794,8.769258,5.0293326,-0.02575623,0.17860222,-1.5077724,-0.81994647,-0.92624325,-0.6770267,-1.3870062,0.20477028,0.11307968,1
4.0,4,-1.563889,-0.44792068,-2.7612517,-2.220977,8.772528,5.0262394,-0.021406906,0.18060157,-1.5066129,-0.8177373,-0.92547506,-0.6748037,-1.386059,0.192466,0.11105878,1
5.0,5,-0.8983384,2.2711449,-1.1902025,-1.2107859,2.767174,8.860941,0.991137,0.59527147,-0.4135855,-1.4716327,-0.91146183,-2.1174343,-2.6483555,-2.0071669,0.5084018,1
5.0,5,-0.8979554,2.2706118,-1.190511,-1.211123,2.768035,8.8609705,0.9912459,0.5957396,-0.4143156,-1.4713813,-0.9116496,-2.1174383,-2.6486344,-2.0067248,0.50843155,1
5.0,5,-0.89874965,2.2716458,-1.191478,-1.2116935,2.768541,8.860286,0.99129975,0.595746,-0.41519845,-1.4712361,-0.91086423,-2.117766,-2.6486588,-2.0064838,0.5086718,1
5.0,5,-0.89824736,2.271032,-1.1911489,-1.2115269,2.7683768,8.860622,0.9910096,0.59561604,-0.41497588,-1.4712594,-0.9111821,-2.1175685,-2.6486034,-2.0063653,0.50888723,1
5.0,5,-0.89718765,2.2703426,-1.191655,-1.2121191,2.7700038,8.860878,0.9902646,0.59544414,-0.41573003,-1.471246,-0.9119077,-2.1176157,-2.6486766,-2.0052707,0.5095621,1
5.0,5,-0.8982426,2.2712016,-1.1902329,-1.2108538,2.7673144,8.860938,0.9911624,0.59536535,-0.4135832,-1.4716249,-0.91158473,-2.117473,-2.6484199,-2.0071843,0.5083369,1
12.0,8,-3.0728216,-2.4696734,-1.3169569,0.9275116,-3.0614014,-0.7168666,3.047732,1.4484762,5.194349,2.5536664,2.5129366,-1.9424886,-3.0720348,-0.053700224,-1.6075785,0
12.0,8,-2.7598467,-2.4023197,-1.2638223,0.97838676,-3.0831797,-1.3582387,3.1762025,0.08331609,5.487029,2.7610147,3.4613907,-1.6221802,-2.3883348,0.3052585,-2.339435,0
12.0,8,-2.681375,-2.150016,-0.23642063,1.6760203,-3.4673836,0.13479525,0.27494106,2.2569945,5.7598166,2.6390421,1.5802383,-1.7214521,-1.800066,-1.477122,-1.3097621,0
12.0,9,-2.1640558,-2.5801501,-0.898454,1.7335604,-0.8676879,-1.0641434,2.4159577,-0.9849365,3.6654816,6.9320693,1.2335048,-2.6608016,-2.3034751,-1.1938759,-1.9861236,0
12.0,8,-2.4414062,-1.954364,-1.832461,0.8185442,-2.6362095,-0.94324875,2.4994094,0.5266639,5.1324954,4.024888,1.5633671,-2.1891418,-2.5875537,1.1899598,-2.1459308,0
12.0,8,-2.81965,-2.2638388,-1.2224144,0.8494742,-2.9866476,-0.17752284,1.8976432,2.103437,5.3201427,3.4420185,1.6475756,-1.9647046,-2.9836476,-0.3949703,-1.5785259,0
11.0,12,-2.0054986,0.6224152,-1.0948752,0.22047397,-1.4485592,-2.2302506,-2.2094762,-1.9242203,0.79394555,1.4174498,-0.37345383,3.5487976,8.755023,-0.52507937,0.15567662,0
11.0,12,-1.2776873,0.3768106,-1.2393837,0.3165032,-1.1325245,-1.6697083,-1.8492657,-1.3426726,-0.56534535,0.8115868,0.051033672,2.7692242,9.436128,-0.36466014,-0.029452596,0
11.0,12,-1.6497564,1.9379767,-1.5613002,1.5222058,-0.8650074,-1.2350464,-2.2100127,-2.2255201,0.019422088,1.0073142,-2.5267656,2.639028,7.6474633,0.6578401,-1.2767844,0
11.0,12,-2.3608088,1.2978122,-1.811585,-0.09742794,-1.2301935,-1.7133204,-2.1613355,-1.4730926,0.8062109,1.9118805,-0.20565604,3.7678204,7.212093,0.18170391,-0.69844973,0
11.0,12,-1.937634,-0.25832838,-1.2004567,-0.6889712,-1.682017,-2.0937874,-1.9969714,-1.2488265,-0.8961576,0.35372227,2.5232224,3.300794,9.328298,-0.4455157,1.5697122,0
11.0,12,-1.6095706,0.88863784,-1.1829777,0.5893283,-1.327014,-1.9467914,-2.0918937,-1.9072855,0.5337804,1.1796817,-0.6212704,3.0370758,8.845222,-0.4987536,-0.21682589,0
9.0,9,-1.5775105,-1.4882727,-0.580864,0.16466409,2.9466906,0.6789684,0.74439424,-1.4340657,-0.8738624,9.42969,-1.6086732,-1.1787499,-0.0005918965,-1.7411108,-1.1255041,1
9.0,9,-1.6304588,-1.5337223,-0.46217322,0.25072986,2.9946759,0.7806342,0.6909728,-1.445514,-0.83946776,9.3947315,-1.6748171,-1.1492068,-0.06552934,-1.7752395,-1.1585816,1
9.0,9,-1.6653593,-1.5921581,-0.32108486,0.3406975,3.035837,0.86874163,0.5922071,-1.4657404,-0.83416873,9.359703,-1.7216876,-1.1063381,-0.10895815,-1.7894543,-1.183298,1
9.0,9,-1.7630602,-1.6890651,-0.03349982,0.5892118,3.1256683,1.0802252,0.27260855,-1.4723979,-0.7726875,9.255904,-1.8258897,-1.0407634,-0.2437517,-1.857571,-1.2321798,1
9.0,9,-1.6379346,-1.4865768,-0.6203606,0.15650004,3.0016797,0.704375,1.0174699,-1.4785539,-0.8871889,9.367143,-1.6266067,-1.2012914,-0.018649556,-1.758923,-1.1710011,1
9.0,9,-1.5861362,-1.4942067,-0.56386745,0.17539608,2.9640765,0.69850725,0.7471834,-1.4350959,-0.8806017,9.418463,-1.6196754,-1.1818827,-0.011050023,-1.7406206,-1.1340264,1
13.0,13,-0.93278944,-1.1902748,-2.5182095,-1.7165508,-1.5881281,-0.12431811,-1.2985928,-1.522947,-0.90485495,-0.48929986,1.4550054,-0.48836732,-1.390216,9.700364,0.62752306,1
13.0,13,-0.83364123,-1.0782602,-2.221716,-1.5938376,-1.375562,-0.1664376,-1.6806027,-1.5331028,-1.221927,-0.37343007,0.4474393,0.21914984,-1.4639884,9.932904,0.72010624,1
13.0,13,-0.85683584,-1.0624424,-2.0544267,-1.7250079,-1.1766572,0.21927206,-1.5401753,-1.367369,-0.87183917,-0.29320967,0.38957006,0.2958579,-2.0994036,9.867958,0.20129327,1
13.0,13,-0.9839606,-0.9428609,-2.4478333,-1.5950843,-1.3219754,-0.26544484,-1.6098891,-1.6413141,-1.0432771,-0.57421625,0.5323818,-0.22674376,-1.3530871,9.9223175,0.9066494,1
13.0,13,-0.8512041,-1.1207403,-2.3470724,-1.7104086,-1.5247474,0.0724714,-1.3235743,-1.407202,-0.9780283,-0.2660917,1.0548311,-0.6205634,-1.6786112,9.686029,0.62154704,1
13.0,13,-0.86518395,-1.1750733,-2.5135252,-1.7008309,-1.5718243,-0.17850508,-1.3206952,-1.5028852,-0.97220445,-0.42115703,1.45604,-0.6604003,-1.3836702,9.684519,0.6445687,1
9.0,9,-2.4028466,-1.9346343,-1.9314058,-0.16859919,2.0086582,-0.52633137,3.1698048,-2.0386717,1.293374,8.866233,-0.9948268,-0.48115572,-1.17002,-1.0795538,-1.6079836,1
9.0,9,-2.42103,-1.9350511,-1.9449575,-0.1707497,2.001422,-0.5161367,2.9839394,-2.0189393,1.3576326,8.904926,-1.0513008,-0.44064316,-1.1358416,-1.0442413,-1.5950122,1
9.0,9,-2.4380808,-1.9269019,-1.9057659,-0.15686691,2.0014074,-0.45795152,3.0106966,-2.0023804,1.4501648,8.900016,-1.1012224,-0.48453358,-1.1665993,-1.1408232,-1.6075894,1
9.0,9,-2.431972,-1.9339929,-1.9133667,-0.15609065,2.017905,-0.46924028,2.8484008,-1.9901907,1.4543576,8.934901,-1.0886924,-0.49764186,-1.1446934,-1.1268816,-1.5824506,1
9.0,9,-2.4504936,-1.9623708,-1.9670367,-0.1605866,2.0009713,-0.5805338,3.3787467,-2.0595226,1.213113,8.76066,-0.9478124,-0.4299924,-1.1871841,-1.0021256,-1.6443821,1
9.0,9,-2.4025412,-1.9446825,-1.933108,-0.16514328,2.01324,-0.54293,3.184802,-2.0430691,1.2523199,8.858179,-0.9750542,-0.47998783,-1.1602896,-1.0620223,-1.6098566,1
10.0,10,-1.9186504,-1.5637119,-2.1173308,-0.45134908,-2.2338154,-1.8136663,-0.6445262,-1.3579396,-0.027214807,-0.6853142,9.514359,-2.259244,0.59040415,0.7746622,2.2941177,1
10.0,10,-1.7686175,-1.5982164,-2.7047246,-0.5242214,-2.2054145,-1.6457787,-1.5359604,-1.4302626,-1.3469486,-1.3751435,8.4462805,-1.7084997,0.4075544,2.2141485,4.3739514,1
10.0,10,-2.5229788,-0.9053337,-1.9978697,-0.6549867,-2.615911,-1.317681,-1.626861,-1.4430972,-0.009493697,-0.93472654,9.016432,-2.6273348,1.8730311,-0.12873673,3.9953637,1
10.0,10,-2.4781895,-1.7578393,-2.7257555,-0.7197295,-2.2169302,-2.2138374,-0.9011727,-1.7432688,1.3805149,-1.2891911,9.120934,-1.3810574,0.5353428,2.80783,1.2449281,1
10.0,10,-1.3348532,-1.892272,-3.127921,0.03875485,-1.90116,-2.029783,-0.976334,-1.7275548,-0.6153153,-1.5137887,7.680317,-1.792946,-0.54587525,4.878636,1.3732426,1
10.0,10,-1.37745,-1.8174608,-2.7841594,0.27362016,-1.5241388,-2.2778966,-0.8263246,-1.8851035,-0.7612045,-0.15198644,8.736002,-2.6785402,0.6798376,2.532722,1.0557529,1
4.0,4,0.053168714,-2.0225415,-1.3643265,-0.4339599,9.161021,2.9926836,-0.46526048,-1.0947272,-1.8558176,0.059207715,-1.141365,-0.59704757,-1.1142234,-0.92977625,-0.5335089,1
4.0,4,0.055943158,-2.0187082,-1.327434,-0.42242432,9.155093,3.0464194,-0.49527624,-1.0790365,-1.8659271,0.062399313,-1.1403282,-0.6135658,-1.1084627,-0.96723944,-0.52141,1
4.0,4,0.06897551,-2.007857,-1.3645566,-0.4670437,9.166771,3.0019908,-0.48095307,-1.088032,-1.8485224,0.037483536,-1.1371228,-0.5864458,-1.1263003,-0.9080429,-0.5286788,1
4.0,4,0.07844008,-1.9916869,-1.3068705,-0.47338575,9.16133,3.08972,-0.5328675,-1.0601078,-1.8617079,0.05115497,-1.1352792,-0.6089731,-1.1220016,-0.956651,-0.5085002,1
4.0,4,0.053570963,-2.0228448,-1.3623736,-0.43314922,9.160569,2.9989235,-0.46885633,-1.0947101,-1.8570268,0.056571737,-1.1419058,-0.59690875,-1.1145908,-0.9290467,-0.53128237,1
4.0,4,0.055397324,-2.0223076,-1.3636519,-0.4359054,9.161051,2.994752,-0.46833283,-1.0943031,-1.856328,0.054258883,-1.1402609,-0.5954904,-1.1153063,-0.9265704,-0.5320523,1
2.0,2,-1.0045648,-2.752093,7.9386244,3.2162855,0.05548162,-0.044712745,-1.7774608,-0.7136846,-2.251503,-2.817973,-0.6556655,-0.10940382,-0.9428605,2.3962572,-1.1692202,1
2.0,2,-1.0035285,-2.7524009,7.9377475,3.2163546,0.05540637,-0.04585877,-1.7769986,-0.7136345,-2.252529,-2.8186147,-0.65462875,-0.11202912,-0.9393025,2.396226,-1.1694084,1
2.0,2,-1.0053957,-2.7514727,7.9373875,3.2166948,0.05437205,-0.045469508,-1.7787554,-0.7142096,-2.2526865,-2.8185992,-0.6553248,-0.10884774,-0.9400548,2.3977606,-1.1688583,1
2.0,2,-0.99895525,-2.7547512,7.9390955,3.2130868,0.058669157,-0.045560382,-1.7730021,-0.7108705,-2.2511332,-2.818319,-0.6544714,-0.118219465,-0.93904865,2.3933227,-1.1707273,1
2.0,2,-1.00265,-2.7528658,7.938291,3.2152357,0.055900134,-0.045416854,-1.7764051,-0.7129621,-2.2519193,-2.8183603,-0.6549717,-0.112572685,-0.93995446,2.3958945,-1.1695135,1
2.0,2,-1.0042646,-2.7522683,7.939308,3.2147918,0.055168904,-0.04417339,-1.7775139,-0.71306914,-2.2509773,-2.8174438,-0.65634036,-0.10928254,-0.94398075,2.3965578,-1.168117,1
12.0,13,-0.7948713,0.3245539,-3.9802358,-0.30890897,0.46562657,-1.4200747,-3.1494129,-1.5754136,-0.17726716,-1.5574766,-0.82184047,-0.9833725,-0.7232778,8.500725,0.73512375,0
12.0,13,-0.55457914,-0.1355121,-3.706344,0.567689,-0.02591138,-1.6015828,-2.506609,-1.8681928,-0.4896486,-1.4469949,-1.1143601,-1.6318768,0.280416,8.794858,0.11331971,0
12.0,12,-2.524077,-0.5189776,-2.9252388,1.1598737,-3.1912036,-2.1313727,-2.5115848,-0.56298983,3.1233344,-1.6550869,3.268716,-0.63668853,5.5704203,0.9934357,0.121991605,1
12.0,11,-4.0591803,0.253434,-2.4061635,1.1996996,-2.824368,-2.9007034,-3.4403386,-0.83537894,2.864618,-2.9261873,3.346062,3.6382895,2.1183887,0.32660985,2.696911,0
12.0,13,-0.5260882,-0.34918708,-1.9786263,0.32963854,0.0036088154,-2.7701135,-2.4787333,0.88907087,-1.9743626,-1.1715875,0.44464585,-1.8407179,1.2060622,3.089913,2.7974017,0
12.0,13,-0.83401316,0.72601163,-3.9194741,-1.4401332,0.52461743,-1.3323385,-2.6582913,-0.48255548,-1.3364477,-1.1212418,-0.0031744577,-1.3683218,1.3151752,8.537641,-0.588238,0
14.0,14,-1.1858541,0.09349872,-1.3609076,-1.2959994,-1.36315,0.5113481,-2.2887106,-1.1820449,-0.50908655,-0.078200944,0.57204187,-3.1587863,-0.79475754,-0.33126825,9.813653,1
14.0,14,-1.2290138,0.5755248,-1.3769869,-1.3688703,-1.2774577,0.63890886,-2.4878423,-0.9078137,-0.4089981,-0.3860853,-0.022162814,-2.929695,-0.50553817,-0.5220311,9.847046,1
14.0,14,-1.2119821,0.36555856,-1.4670361,-1.4587487,-1.3866376,0.5669296,-2.2878783,-1.0921004,-0.42664108,-0.11063077,0.445156,-3.2124732,-0.80394375,-0.21355648,9.712498,1
14.0,14,-1.1596642,0.016860276,-1.3949103,-1.2675046,-1.3908288,0.49146956,-2.277017,-1.2434696,-0.5502002,-0.027606305,0.657758,-3.1680322,-0.78066427,-0.2943546,9.810323,1
14.0,14,-1.261854,0.18267137,-1.2302445,-1.2575508,-1.2727852,0.5974347,-2.3910835,-1.0270097,-0.36182475,-0.29780033,0.22346753,-3.0453355,-0.68656075,-0.50799,9.885345,1
14.0,14,-1.2385341,0.16497628,-1.2618828,-1.2569331,-1.297536,0.60705024,-2.326002,-1.0977637,-0.41904142,-0.21309514,0.3654425,-3.1257558,-0.75034904,-0.49674183,9.849293,1
7.0,7,-1.5623442,-0.688768,-0.68229604,-2.5223095,-0.51809317,0.4847188,3.5009668,10.062047,-2.0300102,-1.2128354,-0.076324925,0.2515808,0.067108594,0.26396805,-2.1228428,1
7.0,7,-1.5643564,-0.688456,-0.6818148,-2.5215998,-0.51888436,0.48684976,3.504238,10.061652,-2.0293608,-1.2125729,-0.075869575,0.25130808,0.06630533,0.2610085,-2.1228611,1
7.0,7,-1.5669427,-0.6874964,-0.68007916,-2.520634,-0.51991856,0.49104497,3.5104177,10.061421,-2.0278866,-1.2125995,-0.07450923,0.24982293,0.06288516,0.2545057,-2.1229239,1
7.0,7,-1.5696311,-0.6904279,-0.679694,-2.520928,-0.51746225,0.48848182,3.511616,10.0604105,-2.0331964,-1.2105953,-0.074996635,0.2540982,0.06337687,0.25875807,-2.1216488,1
7.0,7,-1.5646179,-0.6887247,-0.681879,-2.5216315,-0.5185736,0.4864005,3.504106,10.061586,-2.0300202,-1.2122027,-0.0760802,0.25179115,0.066552766,0.2615949,-2.1226606,1
7.0,7,-1.5637823,-0.6880127,-0.6814589,-2.521985,-0.51797664,0.4876678,3.5053449,10.061808,-2.028858,-1.2130471,-0.075583145,0.24935849,0.06419384,0.2601506,-2.1231356,1
4.0,5,0.6814711,1.8285679,-0.4602818,-1.1540109,3.094687,8.885195,-1.1471581,-1.2432458,-0.48197827,-1.6719273,-1.716278,-1.3064878,-2.458769,-1.4553949,1.9779506,0
4.0,5,0.6862659,1.8273602,-0.45812482,-1.1550658,3.0887487,8.885043,-1.1478897,-1.24311,-0.4813002,-1.6712917,-1.7155484,-1.302931,-2.4608054,-1.4557158,1.9793321,0
4.0,5,0.68634224,1.8286303,-0.45693526,-1.154673,3.0869823,8.884562,-1.1472033,-1.2436551,-0.48136988,-1.6713758,-1.7148842,-1.3067477,-2.4620702,-1.4552149,1.9797995,0
4.0,5,0.67831224,1.834375,-0.46683466,-1.1590974,3.10686,8.88434,-1.1470745,-1.242041,-0.48330787,-1.6729577,-1.7149727,-1.3098459,-2.4596276,-1.452891,1.9745078,0
4.0,5,0.6822933,1.8306941,-0.46063995,-1.1557319,3.0958478,8.88442,-1.1473445,-1.2433475,-0.48259458,-1.6722022,-1.7156596,-1.3075871,-2.4605877,-1.4548553,1.9784102,0
4.0,5,0.6830716,1.8265647,-0.4583697,-1.1537244,3.0909257,8.88568,-1.146708,-1.2430049,-0.4815646,-1.6715955,-1.7155685,-1.304464,-2.4597924,-1.4552387,1.9779043,0
11.0,11,-2.6000338,-3.1634593,-2.045907,-0.3621005,1.868199,-3.2642481,-1.4953563,-1.2919204,-0.5331624,-0.8047737,3.9686415,5.7655535,-0.73505247,4.99069,-0.020779956,1
11.0,11,0.030089803,-3.0315819,-1.2367952,0.023019418,-0.12085046,-2.6196496,-0.708888,1.4531165,-0.86782414,-0.362144,1.6683565,7.5616407,-0.305721,2.576249,-0.6330001,1
11.0,11,1.0936998,-2.8621504,-1.4334086,0.045468397,-1.8266422,-2.2711158,-0.7237058,1.7994485,-2.5844998,-0.6210199,2.7137058,5.446732,-0.4325258,2.7588775,0.6520301,1
11.0,13,-0.56699646,-2.8693752,-2.248932,-1.3841724,-1.5637552,-1.7032105,1.0459248,-0.36376488,0.44626325,-1.7404958,4.753825,1.0209398,-1.3481711,7.3466525,-2.2736726,0
11.0,11,-1.1613429,-3.2864826,-1.5234259,-0.53481287,-0.4481079,-2.5752566,-0.32305655,0.9080912,-0.71246654,-0.803665,3.7741952,6.866722,-0.7846614,3.9333758,-0.9253506,1
11.0,10,-1.7511742,-3.593407,-2.1466177,0.7672363,0.46987775,-3.2349827,-1.5547745,-2.1614497,-0.21709186,-1.0202175,5.6881347,4.964593,-0.22416818,4.1638865,0.053800467,0
4.0,13,-2.049145,-1.2269828,-3.0548344,-1.6720995,-0.9089605,-0.33674753,-2.5169427,-3.0994198,1.3954866,-1.2982569,0.1343964,-0.22494681,-1.920376,7.9933734,4.6154675,0
4.0,13,-2.033745,-1.214409,-3.0569746,-1.6310905,-0.878127,-0.3460528,-2.4874897,-3.1084962,1.391756,-1.2845726,0.12767394,-0.2924209,-1.9649478,8.087996,4.445035,0
4.0,13,-2.0339017,-1.2161543,-3.057287,-1.6426579,-0.8899734,-0.3465759,-2.4970036,-3.1057563,1.3835683,-1.2896916,0.12910894,-0.28464285,-1.9458083,8.054868,4.5122485,0
4.0,13,-2.0358033,-1.2181402,-3.060153,-1.6341164,-0.8838528,-0.3456508,-2.485561,-3.1117623,1.4142517,-1.2877238,0.13839722,-0.29147458,-1.9719046,8.074337,4.4542584,0
4.0,13,-2.0432127,-1.221782,-3.0712073,-1.6501477,-0.89656234,-0.3486314,-2.4882038,-3.1120312,1.442241,-1.2937995,0.16009472,-0.2873146,-1.9594969,8.039443,4.498356,0
4.0,13,-2.0528946,-1.2243105,-3.0595536,-1.6683433,-0.90118885,-0.34367293,-2.516785,-3.1017227,1.3983552,-1.2974021,0.13573876,-0.23174194,-1.9178939,8.000578,4.5996695,0
5.0,5,-1.9150918,2.6596458,-1.2391024,-0.688485,3.2602012,8.759188,0.5583386,0.305371,0.054519195,-0.745191,-1.5437682,-0.86198103,-2.2172477,-2.7728376,-0.28339463,1
5.0,5,-1.9137241,2.6599884,-1.2373333,-0.6884745,3.2544322,8.760068,0.55893487,0.30542102,0.054838452,-0.74590874,-1.5429304,-0.861564,-2.217506,-2.7720737,-0.2825145,1
5.0,5,-1.9154334,2.6598618,-1.2391416,-0.6882856,3.26117,8.759016,0.5574112,0.30519515,0.053639133,-0.7455366,-1.543915,-0.8623516,-2.217063,-2.7720401,-0.28352356,1
5.0,5,-1.9146483,2.659775,-1.238432,-0.68844646,3.258417,8.759493,0.5582968,0.30538228,0.05422661,-0.74564207,-1.5435288,-0.861919,-2.2173412,-2.7721744,-0.2831108,1
5.0,5,-1.91506,2.6596553,-1.2388859,-0.68842995,3.2600045,8.759274,0.5580719,0.3052743,0.05419158,-0.745458,-1.5437295,-0.8620343,-2.21726,-2.7723453,-0.2833327,1
5.0,5,-1.9154931,2.6597786,-1.2394364,-0.6884335,3.2616332,8.758923,0.557911,0.30533808,0.054064233,-0.7452541,-1.5439758,-0.8622605,-2.217174,-2.7726817,-0.28359237,1
11.0,11,-2.17837,-0.032976374,0.30300304,0.24595034,-1.465457,-1.463137,-1.5946687,-0.27277508,-1.339981,0.20259693,-0.57158667,8.696579,5.40976,0.49959683,-0.8501489,1
11.0,11,-2.1794753,-0.03393106,0.3075211,0.24382862,-1.4653633,-1.462388,-1.5954764,-0.27267954,-1.3395343,0.19751912,-0.5691498,8.706505,5.396225,0.50126,-0.84666497,1
11.0,11,-2.1770399,-0.033384666,0.310269,0.24583909,-1.4668462,-1.4621766,-1.5946814,-0.2728645,-1.3374425,0.19827595,-0.57148814,8.705611,5.396222,0.49809456,-0.84997725,1
11.0,11,-2.1793802,-0.031336866,0.3119167,0.24743828,-1.4666928,-1.4627522,-1.5983205,-0.27311057,-1.3400338,0.19389988,-0.5714822,8.703944,5.398301,0.49617028,-0.8450069,1
11.0,11,-2.1794345,-0.033883043,0.3073588,0.24425173,-1.4656537,-1.4621965,-1.5951692,-0.2728324,-1.3393862,0.19907734,-0.56934,8.706442,5.3955626,0.50176895,-0.84836507,1
11.0,11,-2.1783502,-0.033518635,0.30430612,0.24546215,-1.4652753,-1.4627637,-1.5944947,-0.27272537,-1.3393613,0.20147121,-0.5714047,8.699526,5.406012,0.499842,-0.8498081,1
10.0,13,-0.9770411,-1.2253442,-2.0563745,-1.2834041,-2.4612358,-1.0692588,-0.27943352,0.4507999,-2.4733994,-1.4158523,5.2991033,-1.5436195,1.3374784,7.0926857,-1.4907792,0
10.0,13,-1.2505425,-0.94030243,-2.0208488,-1.2222743,-2.5991774,-0.7700775,-0.70558846,0.5765082,-2.5251331,-1.9349738,4.956673,-0.69217885,1.675364,7.433093,-1.6294444,0
10.0,10,-1.7226957,-0.76385814,-2.2168071,-1.110435,-2.9137254,-1.240154,-1.1751868,-0.01062239,-1.6925968,-1.3742765,6.967285,-2.2825704,1.866768,5.3431587,-0.097467124,1
10.0,13,-1.1469871,-0.8661836,-2.318853,-1.3594887,-2.7271042,-1.38593,-0.6742772,0.8314527,-2.5565429,-1.4367505,5.0191717,-2.3056462,1.6147867,7.2185245,-0.47686225,0
10.0,13,-0.56225187,-1.4854735,-2.0516326,-1.2795794,-2.4337032,-1.2608544,0.846807,1.1750033,-3.157549,-1.3191994,3.7135928,-1.7769037,1.4019111,7.875068,-1.5585158,0
10.0,13,-0.74027646,-0.88668424,-2.2204022,-1.2181996,-1.9239117,-0.47659954,-0.20315291,0.75497985,-2.4460588,-1.662214,2.11905,-1.1117612,0.14672175,9.009888,-1.6624632,0
8.0,5,-2.179447,-2.9512181,-1.232585,-0.14216486,0.36658776,7.216483,2.5368576,-1.8238685,1.9577539,0.3209224,0.6801226,0.38065037,-2.0991023,1.106091,-1.2916616,0
8.0,5,-2.2255242,-3.0170996,-1.2768949,-0.12693506,0.3144868,7.0608625,2.6118717,-1.8842373,2.0597382,0.36216947,0.78053784,0.4069421,-2.0993109,1.1362127,-1.3771864,0
8.0,5,-2.5667028,-3.2821398,-1.6407903,-0.100459404,-0.24281228,5.854107,2.94609,-2.248413,2.8627658,0.7362817,1.5392294,0.5364355,-2.1742573,1.3715886,-1.7298181,0
8.0,5,-2.8086345,-3.2599146,-2.1785798,-0.3979735,-0.8168915,4.6410084,3.4885952,-2.449626,3.4085329,1.3495218,2.0805595,0.3203884,-2.2624655,1.8844492,-1.8904701,0
8.0,5,-2.1727047,-2.961502,-1.2330493,-0.13563994,0.36762187,7.193075,2.5473077,-1.8269325,1.9382716,0.31061843,0.6812723,0.3938869,-2.0944512,1.1337509,-1.3182231,0
8.0,5,-2.2619293,-3.0077074,-1.2939242,-0.13620514,0.25044397,7.0277967,2.5492256,-1.8878387,2.1443698,0.381881,0.81758267,0.4632441,-2.1214886,1.1258129,-1.3258553,0
4.0,5,-1.824183,1.1323172,0.35157883,0.14181879,2.4391994,9.011287,0.7237873,-0.7223062,1.2356715,-0.73671067,-1.2308229,-0.7287823,-2.57179,-3.1302037,-0.3134374,0
4.0,5,-1.8246174,1.1305993,0.35159248,0.14169425,2.442421,9.01151,0.72457856,-0.7228494,1.235518,-0.73672473,-1.2313399,-0.7271462,-2.5724876,-3.1305957,-0.313461,0
4.0,5,-1.8244716,1.130851,0.3521412,0.14164533,2.4416807,9.011494,0.7247509,-0.7227274,1.2350994,-0.73660696,-1.2313045,-0.727407,-2.5722988,-3.1305172,-0.31348473,0
4.0,5,-1.8243536,1.1312592,0.35196126,0.14196658,2.4403594,9.011393,0.72426325,-0.7224412,1.2352487,-0.7365959,-1.2309977,-0.7280693,-2.5719216,-3.130355,-0.3135534,0
4.0,5,-1.824234,1.1327347,0.3509335,0.14179263,2.4393334,9.0112295,0.7230539,-0.72207254,1.2361267,-0.73682845,-1.2306621,-0.72897065,-2.571796,-3.1302078,-0.31360817,0
4.0,5,-1.8245823,1.1318632,0.35125947,0.14220633,2.4391701,9.011199,0.72395295,-0.72261673,1.2364662,-0.7366661,-1.2307413,-0.72868514,-2.571628,-3.13053,-0.3134609,0
7.0,7,-1.9643373,-0.7373364,0.8286865,-1.4441246,-2.534369,-1.5405204,2.9956574,8.239977,-0.114555344,0.3741497,1.7635669,-1.12053,-2.5807,-1.8186182,-0.091318205,1
7.0,7,-0.877384,0.3352052,-0.19701478,-1.9882007,-1.9136193,-0.9571349,0.48225427,9.6134205,-1.771498,-0.58528894,-0.50886685,-0.423418,-1.8661124,0.28736573,1.0664328,1
7.0,7,-0.7872761,0.37978417,-0.3877004,-2.0591571,-2.0036507,-0.90995526,0.4961138,9.506877,-1.9186661,-0.45573002,-0.24040036,-0.80485326,-2.0533173,0.3794701,1.3577535,1
7.0,7,-1.2358007,0.11335743,0.27220374,-1.6843528,-1.7473218,-0.6927378,1.445477,9.853732,-1.3765842,-0.57774913,-0.13164155,-0.30191115,-1.8949584,-0.71173537,-0.20245706,1
7.0,7,-0.8501827,0.39459527,-0.3953461,-1.9486134,-1.7977679,-0.7824973,0.51199996,9.732548,-1.7853609,-0.6616973,-0.81392014,-0.022433992,-1.8147333,0.5889559,0.62109464,1
7.0,7,-1.3775961,-0.07036625,0.053853013,-1.9635694,-1.9445952,-0.8615991,1.3636649,9.554556,-0.9697747,-0.34650162,0.44231027,-0.4079116,-2.1715515,-0.7249359,0.19057702,1
3.0,2,-0.32931498,-4.162629,7.272463,6.0781355,0.12922856,-1.9851856,-1.1429702,-1.3842314,-2.2334793,-0.20142442,-0.81987697,-0.078828275,-0.73376715,-0.0032785535,-1.0954154,0
3.0,2,-0.33107924,-4.162646,7.269025,6.0818667,0.12933195,-1.9862008,-1.1425067,-1.3856541,-2.2334843,-0.19932845,-0.8194984,-0.080767915,-0.7341726,-0.0038846135,-1.0942876,0
3.0,2,-0.3326234,-4.162589,7.26495,6.0868244,0.12879643,-1.987097,-1.1427321,-1.3874207,-2.2343857,-0.19663452,-0.81867003,-0.085215405,-0.73437893,-0.0049770996,-1.0910401,0
3.0,2,-0.33708796,-4.1620636,7.259909,6.0909376,0.13052285,-1.989269,-1.1411983,-1.387705,-2.2317643,-0.19614016,-0.8193513,-0.08307774,-0.73459184,-0.0057952926,-1.0937918,0
3.0,2,-0.33360174,-4.162291,7.2656813,6.086127,0.12927711,-1.987087,-1.1414795,-1.3868394,-2.233057,-0.19769986,-0.8196028,-0.082205385,-0.734102,-0.0054482594,-1.0934781,0
3.0,2,-0.32817936,-4.1627936,7.274136,6.076039,0.12931356,-1.9846661,-1.1433603,-1.3836664,-2.2336206,-0.20210187,-0.81985044,-0.07835193,-0.73389304,-0.0025955066,-1.0958085,0
13.0,13,-0.5791521,-1.9513859,-2.3239007,-1.7390852,-1.1772046,-0.45596886,-2.1558633,-2.434597,-1.1070114,-0.80749184,0.6266445,2.598288,-1.9139628,9.311081,2.9374657,1
13.0,13,-0.44042757,-2.015494,-1.843938,-1.7659004,-1.5430524,0.1675223,-2.1302903,-1.8219206,-1.8895051,-1.0951561,0.3283759,3.1075068,-2.0179684,8.809109,3.5146265,1
13.0,13,-0.77025217,-1.6468147,-1.6839367,-1.729365,-1.2885058,0.54694414,-1.9149269,-1.7943608,-0.893951,-1.2169933,0.12806429,2.7059972,-2.8137565,9.313051,2.000201,1
13.0,13,-0.6011009,-1.9458729,-2.200744,-1.7572225,-1.2168895,-0.2415482,-2.0494478,-2.1221998,-1.4425734,-0.98592055,0.45931226,2.808288,-1.9691234,9.247742,2.9449503,1
13.0,13,-0.61770904,-1.7127721,-1.5700516,-1.8193831,-1.470666,-0.07011233,-2.199446,-1.8788638,-1.4090631,-1.0758882,0.111622155,2.608458,-2.431384,9.152307,3.0647857,1
13.0,13,-0.4445193,-2.0763655,-2.2086244,-1.7266536,-1.2412875,-0.25455073,-2.0918167,-2.2990322,-1.3513005,-0.86935765,0.5520192,3.0550256,-1.9122084,9.199285,2.9024317,1
1.0,1,-1.7750763,8.457116,-3.1520598,-0.34707868,-1.8400462,0.20838085,-3.4523966,-0.7871568,0.033084456,-0.37219635,0.12687607,-2.3640442,-1.4796284,1.2293792,0.64398956,1
1.0,1,-1.7504152,8.422631,-3.17635,-0.38593394,-1.8277173,0.21557544,-3.4560907,-0.8032271,0.00437887,-0.38509998,0.14539836,-2.3738256,-1.5194708,1.309347,0.68871844,1
1.0,1,-1.7011778,8.311114,-3.260646,-0.46172035,-1.7680515,0.22644944,-3.4813392,-0.85408235,-0.067267045,-0.4107451,0.17763126,-2.401837,-1.6095927,1.5607921,0.7714257,1
1.0,1,-1.7825973,8.516363,-3.0992293,-0.35565418,-1.8869262,0.21272898,-3.4121041,-0.7556355,0.05769313,-0.3603815,0.12442799,-2.3718576,-1.4499059,1.0631814,0.681158,1
1.0,1,-1.7472929,8.526386,-3.116245,-0.39602616,-1.8520265,0.2395921,-3.384103,-0.76658916,0.035103202,-0.35664728,0.06784144,-2.4306614,-1.4862447,1.0892256,0.7197145,1
1.0,1,-1.7441076,8.420642,-3.1926901,-0.38079032,-1.8011348,0.21904856,-3.4584994,-0.81010264,-0.0009082481,-0.38257867,0.11376414,-2.3875937,-1.5218786,1.3480768,0.662302,1
14.0,14,-2.0597672,-1.3183683,-0.0795122,0.2857617,-0.9810658,-0.31510225,-2.4756057,-1.2995266,-1.345304,-0.34833485,1.2069764,-2.0465386,-1.0166932,-0.4920708,9.747894,1
14.0,14,-2.0596268,-1.3189318,-0.079201706,0.2866632,-0.98074967,-0.3158043,-2.475489,-1.2999903,-1.3456725,-0.34895948,1.207048,-2.0460484,-1.0174285,-0.49157256,9.747832,1
14.0,14,-2.0597813,-1.3187203,-0.07951358,0.28646713,-0.9809061,-0.31568724,-2.4756196,-1.2998276,-1.3455832,-0.3486516,1.2070673,-2.0463448,-1.0168196,-0.49164033,9.747746,1
14.0,14,-2.059779,-1.3188984,-0.07942089,0.28672138,-0.980752,-0.316121,-2.47564,-1.3000287,-1.3457347,-0.34896097,1.2069042,-2.0462697,-1.0169429,-0.4911468,9.747725,1
14.0,14,-2.0596907,-1.318957,-0.07912614,0.28666106,-0.98070353,-0.31603727,-2.4755418,-1.3000864,-1.3456687,-0.34905005,1.2068506,-2.046231,-1.0173231,-0.4912082,9.747804,1
14.0,14,-2.059795,-1.3182886,-0.07941475,0.28565902,-0.98111784,-0.3148468,-2.475603,-1.299463,-1.3451601,-0.34820616,1.2070951,-2.0466878,-1.0167369,-0.49235183,9.747887,1
12.0,11,-0.8944626,-2.1364138,4.900352,1.4883313,-1.7826264,-1.8479778,-1.4422027,3.3415544,-2.733571,0.1595763,-1.5803748,5.7369423,1.9715923,-1.830753,0.5992645,0
12.0,11,-0.89443,-2.1366193,4.9007726,1.4889158,-1.7825682,-1.8479534,-1.4422381,3.340873,-2.7336712,0.1595153,-1.5803273,5.736839,1.971332,-1.8308034,0.59934735,0
12.0,11,-0.8947362,-2.1363287,4.90021,1.4879469,-1.7827859,-1.8479615,-1.4423916,3.3417819,-2.733545,0.15954328,-1.5802891,5.7369995,1.9721214,-1.8306688,0.5994142,0
12.0,11,-0.8946426,-2.1362617,4.900087,1.4878684,-1.7827321,-1.8479798,-1.4422321,3.342125,-2.7335,0.1596222,-1.580356,5.7368965,1.972037,-1.8307126,0.5991494,0
12.0,11,-0.8945305,-2.1364794,4.900494,1.4884521,-1.7826517,-1.8479679,-1.4422952,3.3413167,-2.7336073,0.15951765,-1.5803181,5.7369466,1.9716393,-1.8307377,0.5993708,0
12.0,11,-0.8943702,-2.1366057,4.900708,1.488892,-1.7825439,-1.8479661,-1.442183,3.340939,-2.7336578,0.15954879,-1.5803571,5.736847,1.9712626,-1.8308074,0.5993095,0
5.0,5,0.34124023,0.0019050166,-1.3475934,-0.49969488,5.778667,8.5435705,-0.64593995,-1.0197073,-1.1866893,-1.404213,-0.84397817,-1.204806,-2.0063124,-1.0432494,0.08311772,1
5.0,5,0.34153748,0.0018373132,-1.3479823,-0.49977326,5.7794285,8.543074,-0.64639986,-1.0197737,-1.1870654,-1.4042443,-0.8439163,-1.2048086,-2.006199,-1.0428358,0.083066955,1
5.0,5,0.3413504,0.0018711537,-1.3476989,-0.4996801,5.7788043,8.543451,-0.6460322,-1.0197241,-1.1867307,-1.4042329,-0.8439333,-1.2048014,-2.0062888,-1.0431631,0.08302507,1
5.0,5,0.34132633,0.0018542185,-1.3475553,-0.49964464,5.7785416,8.54361,-0.64594066,-1.019692,-1.1866287,-1.404302,-0.84395224,-1.2047251,-2.0063477,-1.0432768,0.08308694,1
5.0,5,0.34133282,0.0018459931,-1.3475101,-0.49964577,5.778524,8.543636,-0.64598596,-1.019677,-1.1866608,-1.4043434,-0.84397453,-1.2046747,-2.006371,-1.0432833,0.083183095,1
5.0,5,0.34122226,0.0019206926,-1.3475302,-0.49968052,5.7785196,8.543651,-0.64588904,-1.0196891,-1.1866393,-1.4042106,-0.84397995,-1.2048049,-2.0063279,-1.0433171,0.0831275,1
12.0,11,-1.5110644,0.06847101,0.5864408,1.3038604,-1.3949442,0.6755738,-0.42022946,-1.5568917,0.79029524,4.3882313,-2.7017584,7.408565,1.1940076,-0.30290276,-0.9878149,0
12.0,11,-1.3899354,0.013729241,0.5313819,1.0331997,-1.4117317,0.56586015,-0.33170703,-1.4673527,0.7232814,3.926585,-2.5523677,7.747859,1.2507577,-0.15937431,-0.76246774,0
12.0,11,-1.4843478,0.022529311,0.5268564,1.380198,-1.4367954,0.5807111,-0.38107467,-1.5362778,0.82879287,4.292281,-2.6914697,7.350828,1.3551744,-0.2830981,-1.0281233,0
12.0,11,-1.5320535,-0.009248175,0.5236445,1.196944,-1.4051918,0.61864054,-0.41076267,-1.5432185,0.8888954,4.324603,-2.6306257,7.4845214,1.1580299,-0.21694538,-0.8836158,0
12.0,11,-1.40752,-0.035959736,0.5155243,1.0242934,-1.4300607,0.5590154,-0.32313162,-1.4753587,0.8297318,3.8779807,-2.5106769,7.7452083,1.2070572,-0.14258665,-0.71080285,0
12.0,11,-1.5380033,0.048937812,0.58376503,1.3549474,-1.3978369,0.66681904,-0.4327641,-1.5793382,0.8302873,4.433666,-2.719986,7.3496146,1.2029297,-0.30476236,-1.0062532,0
0.0,12,1.0551978,0.07650037,-1.826203,-0.35516572,-0.7748557,-2.1225352,-1.8141906,4.5312653,0.05222034,-0.74824566,-0.83106285,-0.70289,7.969657,-1.1186812,-1.3884516,0
0.0,12,5.237937,0.75567406,-2.151105,-0.1643768,-1.5938535,-1.5092802,-3.0087762,1.107201,0.21454954,-0.8528248,-1.5151745,-1.3376285,6.3528996,1.2184833,-1.7194226,0
0.0,12,2.4792256,0.7239242,-1.9997983,1.4185702,-1.6423686,-2.090871,-2.73871,0.086711854,0.6123227,-0.38773847,-1.7151291,-0.98399436,7.315861,0.95963484,-2.0675669,0
0.0,12,5.7478614,1.1861067,-1.9508737,0.4868672,-1.9430083,-0.9561604,-2.9653642,0.69824815,0.40913185,-0.7046229,-1.7121387,-1.1998358,5.828494,0.42713225,-1.9432466,0
0.0,12,3.242595,1.3439142,-2.0769897,-0.97074246,-1.8155649,-1.2648778,-1.4812732,4.610113,0.78892624,-0.9959184,-1.2544612,-2.0752532,5.593447,-0.60916024,-1.7867899,0
0.0,12,1.2539793,0.16746324,-1.9015086,-0.54466665,-0.85954213,-2.032234,-1.742176,4.740978,0.34458664,-0.735955,-0.99325377,-0.8270889,7.6147647,-1.0620681,-1.4229308,0
11.0,11,-1.5963559,-1.887775,-1.338466,-0.7109425,-2.2274647,-1.4666535,2.5951748,-0.02471698,3.6671724,2.0188813,1.3233082,4.1728916,-0.75109357,0.679321,-2.4797015,1
11.0,11,-1.4039797,-1.9286743,-1.2875514,-0.6109052,-2.2715316,-1.5972542,2.41084,-0.0035207793,3.285104,1.9462049,1.5518734,4.1938286,-0.7026973,0.78834283,-2.460218,1
11.0,11,-1.4862468,-1.9247417,-1.2309304,-0.58881015,-2.2635436,-1.5545579,2.413664,-0.017089792,3.319835,2.038841,1.4686916,4.2470365,-0.67195654,0.67317325,-2.4412074,1
11.0,11,-1.5093734,-1.900217,-1.4037417,-0.72405,-2.235309,-1.5051007,2.6792986,-0.023828276,3.7015753,1.8882523,1.3948745,4.004966,-0.80757505,0.7693885,-2.515039,1
11.0,11,-1.3835143,-1.9384903,-1.2890917,-0.5995763,-2.2767584,-1.611286,2.4174554,-0.006875448,3.2569027,1.9407127,1.5756241,4.1645837,-0.69896144,0.7955193,-2.4615579,1
11.0,11,-1.5617511,-1.8991512,-1.3395959,-0.69613004,-2.2351103,-1.490977,2.5819342,-0.024650343,3.6131265,1.9979056,1.3629782,4.157003,-0.7461337,0.7079183,-2.4829,1
12.0,8,-2.242559,0.95093876,-3.5198789,-0.35803345,-0.8582875,-2.5980334,-4.121443,-0.3237158,4.074499,2.022692,2.947786,-3.313238,3.6238778,1.4956837,-1.5306365,0
12.0,12,-2.5205321,2.553689,-3.730986,-0.38901356,-0.9622624,-2.503493,-4.2758346,-0.33320418,3.1052756,1.5315847,2.0537524,-2.7416403,4.433109,2.0118048,-2.031195,1
12.0,13,-1.1612291,1.8407614,-3.8722365,-0.9388684,-0.92157507,-2.5861526,-4.2206955,-1.1026942,2.7948346,0.035496816,3.2320182,-2.430746,1.6730001,4.439498,-1.7294228,0
12.0,13,-2.0397158,1.8700695,-3.1079285,-0.21995085,-0.2567478,-2.6957731,-5.269241,-1.1970608,2.4258852,-0.14049603,1.0618546,-0.97153884,2.8031116,4.434012,-1.5830029,0
12.0,12,-3.0137112,3.5631986,-3.883528,-0.9536089,-1.4158957,-2.262591,-3.7589064,0.037266716,2.7272305,1.2621871,1.8754646,-2.723729,3.7566519,2.490287,-1.9945738,1
12.0,8,-2.2461774,0.9708934,-3.4440453,-0.20123413,-0.8886094,-2.5970132,-4.18567,-0.37916273,4.1008763,2.0492427,2.7776587,-3.2759545,3.518787,1.4594024,-1.511527,0
3.0,3,-2.4685166,-1.158463,-0.39979485,7.18989,-0.7073776,-1.9475795,-1.6306056,-2.9206233,0.018475609,-0.74499106,0.70617104,-2.9669616,1.3049464,1.7382518,-2.469576,1
3.0,3,-2.470613,-1.1563542,-0.39551544,7.1944175,-0.707006,-1.9410866,-1.634472,-2.9210808,0.019779107,-0.7523468,0.707624,-2.9710822,1.2840447,1.743265,-2.4673293,1
3.0,3,-2.4721107,-1.1570712,-0.39549872,7.1964025,-0.7048355,-1.936982,-1.6354953,-2.9226127,0.024783198,-0.7556349,0.7073007,-2.9722068,1.2757894,1.7453837,-2.4690704,1
3.0,3,-2.4803257,-1.1585944,-0.34398097,7.2340846,-0.70422786,-1.9195691,-1.6289455,-2.9089417,0.038883068,-0.77213633,0.7090965,-2.9877262,1.2294312,1.6782806,-2.4730315,1
3.0,3,-2.4741414,-1.1552608,-0.38392904,7.2047906,-0.70822823,-1.9368229,-1.6375077,-2.9194746,0.02550231,-0.7565874,0.7114303,-2.972526,1.2770199,1.7240434,-2.4658911,1
3.0,3,-2.470173,-1.1586674,-0.3917094,7.195703,-0.707344,-1.944162,-1.6298858,-2.9184947,0.021433048,-0.74873686,0.70589495,-2.96884,1.2963625,1.729525,-2.4704628,1
3.0,3,-1.9173186,-2.17795,1.8270154,9.103233,0.8573298,-0.89773,-0.21468477,-2.6813598,-1.6098636,0.38495108,-0.45392275,-1.0654529,-0.8168488,-1.6586365,-1.7300019,1
3.0,3,-1.921816,-2.1695871,1.8156056,9.0932,0.8831019,-0.8904314,-0.15392675,-2.6938574,-1.6112299,0.43997672,-0.4727592,-1.0740079,-0.83545643,-1.6786002,-1.7600664,1
3.0,3,-1.9090236,-2.210904,1.8291639,9.106091,0.85330945,-0.9061487,-0.24173798,-2.6886892,-1.5994946,0.3416197,-0.42713445,-1.058623,-0.8077847,-1.6293684,-1.721538,1
3.0,3,-1.921835,-2.1791303,1.8488522,9.119099,0.8274399,-0.8940511,-0.29702967,-2.6694355,-1.6032561,0.2811397,-0.4312383,-1.0464126,-0.7987435,-1.6267686,-1.6901642,1
3.0,3,-1.9084059,-2.2188377,1.8529015,9.119224,0.82262987,-0.9103593,-0.31336114,-2.6721945,-1.6075318,0.23576796,-0.39293885,-1.0470148,-0.78919744,-1.5998949,-1.6753933,1
3.0,3,-1.9211826,-2.1818283,1.8263291,9.098931,0.8634935,-0.89390814,-0.20983578,-2.6858497,-1.6015648,0.42276242,-0.45800716,-1.0718932,-0.82234186,-1.667636,-1.7362745,1
2.0,2,-1.0117033,-3.0668333,9.298759,2.9261868,-2.1645918,-0.16936935,-1.231791,-0.58493054,-1.5834502,-0.5676905,-0.5916986,-0.16994636,-1.153212,-0.008215681,1.1318728,1
2.0,2,-1.0390071,-3.063272,9.301032,2.925058,-2.1666384,-0.15766248,-1.2281103,-0.5749807,-1.582635,-0.5555032,-0.5975554,-0.14287297,-1.1548012,-0.0104739815,1.1223103,1
2.0,2,-0.994756,-3.0534995,9.329431,2.8015492,-2.2053618,-0.1804404,-1.2421532,-0.55177486,-1.5035354,-0.63139486,-0.56262714,-0.072500125,-1.1726966,-0.031104013,1.17362,1
2.0,2,-1.0744157,-3.06481,9.285688,2.971982,-2.1563213,-0.15211591,-1.2251226,-0.580246,-1.6146146,-0.5134699,-0.604481,-0.17067124,-1.1446841,-0.013512585,1.1152576,1
2.0,2,-1.0491455,-3.064218,9.293323,2.9440942,-2.1613057,-0.15648666,-1.2272199,-0.5786134,-1.598376,-0.5357026,-0.6027903,-0.15962611,-1.151232,-0.007665187,1.1213975,1
2.0,2,-1.0179982,-3.067933,9.30049,2.9382505,-2.1647294,-0.17010152,-1.2302351,-0.5851481,-1.5825313,-0.5747378,-0.5900657,-0.16000137,-1.1496651,-0.012867011,1.121425,1
6.0,6,-2.6923687,-1.3135105,0.15927222,0.9497201,1.3958613,1.3072314,9.609917,-1.2261205,-1.2340577,0.83433014,-0.28282148,-0.6647299,-1.7494457,-1.9417485,-1.9506497,1
6.0,6,-2.8391755,-1.2993824,0.06681914,1.0356609,1.3322397,1.4095187,9.517306,-1.3719329,-1.1055464,1.082985,-0.2956615,-0.72718495,-1.6765742,-1.9826136,-1.9348254,1
6.0,6,-2.9530551,-1.3418236,-0.027357742,1.1233716,1.1811833,1.5187693,9.417796,-1.6292582,-0.8452431,1.3076547,-0.27507117,-0.7266861,-1.6029478,-1.9834892,-1.9005624,1
6.0,6,-3.0172305,-1.4056816,-0.02979026,1.2196985,1.3254513,1.6477048,9.300261,-1.6885787,-0.97527885,1.6466947,-0.40183866,-0.71650946,-1.6149896,-2.0160112,-1.8985336,1
6.0,6,-2.8401773,-1.2413908,-0.03611421,1.0066133,1.3813596,1.45109,9.534426,-1.370195,-1.1461704,1.0592395,-0.33141416,-0.72499776,-1.7092899,-1.9597281,-1.8770704,1
6.0,6,-2.7257743,-1.4240831,0.24809039,1.0114642,1.4210578,1.2886074,9.549409,-1.282733,-1.237623,1.0364536,-0.30785093,-0.64992166,-1.7104602,-1.9716628,-1.9866934,1
3.0,3,-1.673663,-2.1077378,0.6894156,8.435428,1.937947,-1.9846232,-1.4524044,-2.6163058,-2.7930825,0.046412505,-0.30804652,-1.7909359,-0.14900151,0.6552208,-1.5610765,1
3.0,3,-1.6803778,-2.087318,0.63296205,8.414426,1.9480431,-1.9909761,-1.4667145,-2.6266022,-2.798495,0.07554807,-0.31524754,-1.804429,-0.1140729,0.68388385,-1.5703418,1
3.0,3,-1.6584766,-2.0873578,0.5898014,8.385501,1.9908283,-2.0103753,-1.4754472,-2.6323411,-2.8038065,0.090129845,-0.3290924,-1.8086948,-0.12224313,0.72602206,-1.5717936,1
3.0,3,-1.6807897,-2.1089725,0.68235,8.428189,1.9430752,-1.9854863,-1.4633183,-2.6170876,-2.7974634,0.045566395,-0.31025416,-1.782639,-0.13218933,0.6700466,-1.5662408,1
3.0,3,-1.6690103,-2.085903,0.61414474,8.400214,1.9713356,-1.9985087,-1.472925,-2.62967,-2.8037283,0.08083387,-0.32698447,-1.8006237,-0.12450672,0.7095764,-1.5708443,1
3.0,3,-1.6658465,-2.110832,0.68672496,8.430967,1.9449987,-1.9884689,-1.4521544,-2.616888,-2.7962441,0.043457046,-0.307995,-1.7919415,-0.15694675,0.6648651,-1.5587084,1
10.0,8,-2.0945632,-2.346878,-0.53281593,1.6746745,-1.5245821,-1.056577,-1.4884266,-0.379626,7.230619,2.4578357,3.0061014,-3.2693646,-0.28711024,-2.833949,-1.4113076,0
10.0,8,-2.117152,-2.0825272,-0.37975606,2.537213,-1.5041718,-0.96336854,-2.1966352,-0.97289395,7.703863,1.3969804,1.9263387,-2.840836,-0.5503246,-2.3013377,-1.207489,0
10.0,8,-2.1496313,-2.5018418,-0.55210346,2.0090923,-1.3997105,-1.2012132,-1.6213499,-0.51355296,6.8862233,2.16732,3.285575,-3.153248,-0.2091951,-2.7094283,-1.4311192,0
10.0,8,-1.7286257,-2.4758978,-0.55777395,1.3269563,-1.6282375,-1.4354024,-1.4379593,-0.015014321,6.648993,1.7774055,4.0490046,-3.1487396,-0.11950299,-2.6605988,-1.4777422,0
10.0,8,-2.1022635,-2.3470027,-0.5054523,2.035293,-1.4245716,-1.0050787,-1.583307,-0.6833965,7.317723,2.5574257,2.6374733,-3.0779054,-0.45950612,-2.788483,-1.485452,0
10.0,8,-1.9819129,-2.450413,-0.4700454,1.5247083,-1.5565772,-1.2083787,-1.4252537,-0.21251899,6.9829254,2.2451816,3.453058,-3.203408,-0.28804532,-2.7898464,-1.444515,0
5.0,5,-0.14399639,1.2419497,-0.05431643,-0.91538155,1.7822354,9.101681,-0.44073406,0.2320838,0.57424533,-1.6357985,-1.1944088,-1.4960471,-2.7479074,-1.8731214,0.9661838,1
5.0,5,-0.14386168,1.242043,-0.05439376,-0.9154914,1.782149,9.101655,-0.44074723,0.23220882,0.57410467,-1.635815,-1.1945045,-1.4959946,-2.7480447,-1.8728532,0.9661876,1
5.0,5,-0.14386943,1.2420415,-0.054393493,-0.9154948,1.7821401,9.101654,-0.4407566,0.23221129,0.57409155,-1.6358093,-1.1945132,-1.4959885,-2.748047,-1.8728403,0.96621454,1
5.0,5,-0.1439003,1.2420171,-0.054372743,-0.9154704,1.7821583,9.101658,-0.44075638,0.23218122,0.57412255,-1.6358057,-1.194493,-1.4959921,-2.7480226,-1.8728974,0.9662139,1
5.0,5,-0.14390302,1.2420107,-0.05437886,-0.915464,1.7821779,9.101663,-0.4407676,0.23216361,0.5741397,-1.6358105,-1.1944854,-1.4960043,-2.7480094,-1.8729142,0.96622056,1
5.0,5,-0.14393312,1.2419826,-0.054361127,-0.9154329,1.782197,9.101667,-0.4407524,0.23212871,0.5741802,-1.6358051,-1.1944513,-1.4960283,-2.7479594,-1.8729947,0.96621025,1
7.0,7,-1.2023482,0.9783173,-2.4181454,-3.140043,-0.6215882,-1.4022595,-2.1434064,5.3029895,1.639723,2.7016625,0.26031658,1.0449263,-1.1089883,2.01558,-0.9269116,1
7.0,7,-0.7400395,0.8759099,-1.946019,-2.8637068,-0.45235392,-1.4148041,-2.51113,6.472871,0.18544804,1.378052,0.29507554,1.7255011,-0.7190372,1.4868692,-0.36093333,1
7.0,7,-0.40268898,0.68733543,-2.495081,-3.7269437,-0.829218,-2.043957,-1.1897182,4.94081,0.78451765,0.69470096,1.0943422,1.2645869,-1.284146,2.2262652,0.5897417,1
7.0,7,-1.0215255,0.6166801,-2.4401333,-3.4723885,-0.24331373,-1.5168056,-0.48399797,5.9940367,-0.18977249,1.7042875,1.5835897,0.3738239,-1.6583984,1.7328403,-0.6490266,1
7.0,7,-0.6215339,0.71605647,-2.5876458,-3.4341142,-0.19813833,-1.7993693,-2.2000787,4.7906218,0.8457949,1.7811222,1.1485872,0.8063649,-1.1429005,2.138728,-0.08533953,1
7.0,7,-1.0692033,0.86496025,-2.4501698,-3.1910331,-0.5428787,-1.4015039,-1.5994707,5.669327,1.3418604,2.4419196,0.55435055,0.53779244,-1.5468264,2.085137,-0.98267114,1
13.0,13,-1.5817497,-0.39036012,-2.554489,1.5023223,-0.78852904,-1.6181531,-2.812587,-1.3760029,-0.45728222,0.51902336,-1.6408136,1.850836,-1.4401548,8.39418,-1.2102181,1
13.0,13,-1.5732921,-0.39013225,-2.5595686,1.5003003,-0.7981255,-1.6246555,-2.8119314,-1.3733788,-0.4556896,0.51270294,-1.6305559,1.8429493,-1.4420981,8.398536,-1.2023356,1
13.0,13,-1.579827,-0.3892842,-2.556582,1.506139,-0.788488,-1.624171,-2.8148477,-1.373679,-0.4566906,0.5187392,-1.6440338,1.8455676,-1.4391605,8.389293,-1.202732,1
13.0,13,-1.5752953,-0.38946158,-2.5596497,1.5037687,-0.801889,-1.6208408,-2.811844,-1.37574,-0.45124313,0.5153249,-1.63035,1.8428833,-1.4420291,8.397188,-1.2063758,1
13.0,13,-1.5745525,-0.3903101,-2.5610797,1.5048866,-0.8027547,-1.6224777,-2.8117101,-1.3757004,-0.45008838,0.51738495,-1.6282167,1.8411217,-1.4427407,8.396177,-1.2062609,1
13.0,13,-1.5823804,-0.39071786,-2.55345,1.502229,-0.7880875,-1.6180805,-2.8128538,-1.3759208,-0.4578096,0.51922816,-1.641093,1.8526795,-1.4398308,8.393582,-1.2103592,1
11.0,11,-1.5761889,-0.21580754,1.7910861,-0.23800576,-0.9849195,-0.54335237,-0.89144313,-0.036844805,-0.38168356,-0.23271722,-0.7932138,10.452776,1.6634709,-0.5031749,-1.3426052,1
11.0,11,-1.5754776,-0.21577962,1.7917348,-0.23792925,-0.9857316,-0.54342234,-0.8913185,-0.036384545,-0.38153583,-0.23290627,-0.79352397,10.452349,1.6650152,-0.5041939,-1.3428104,1
11.0,11,-1.5767226,-0.21626998,1.7911577,-0.2387828,-0.98482805,-0.54360527,-0.8919331,-0.03627807,-0.3824881,-0.2342721,-0.792058,10.453432,1.6623514,-0.5020161,-1.3406943,1
11.0,11,-1.5759696,-0.21589456,1.7917166,-0.23769158,-0.9849679,-0.5428093,-0.891492,-0.036834978,-0.38195086,-0.23348168,-0.79323494,10.453182,1.6610994,-0.50237656,-1.3427337,1
11.0,11,-1.5759305,-0.21578957,1.790795,-0.23868656,-0.98526555,-0.5433191,-0.89136374,-0.03614626,-0.38188747,-0.23308915,-0.7926298,10.452901,1.6637405,-0.5030932,-1.3422372,1
11.0,11,-1.576122,-0.21600454,1.7910277,-0.23836601,-0.9848519,-0.54330415,-0.89142895,-0.036677383,-0.3818635,-0.23319045,-0.79278433,10.453136,1.6625175,-0.50263625,-1.3421522,1
1.0,1,2.2368386,9.776538,-2.1931748,-0.50222456,-1.7101539,0.62575203,-2.510954,-1.7069215,0.41104048,-1.0102068,-1.3535533,-2.124224,-1.5065008,-0.63460696,-0.803893,1
1.0,1,2.235941,9.776888,-2.1943998,-0.502143,-1.7093933,0.6248849,-2.511018,-1.7070754,0.41080484,-1.0104722,-1.3536702,-2.1247284,-1.5058392,-0.63364553,-0.80372924,1
1.0,1,2.224703,9.779391,-2.197362,-0.5035399,-1.7098255,0.6191917,-2.5103788,-1.7055596,0.41843763,-1.0096717,-1.351429,-2.1279328,-1.5068736,-0.6321486,-0.8035137,1
1.0,1,2.2340577,9.777122,-2.1968822,-0.503185,-1.7075453,0.6255444,-2.5111306,-1.7066346,0.41022196,-1.0108103,-1.3532194,-2.1264493,-1.5057036,-0.6319752,-0.8029385,1
1.0,1,2.235533,9.777043,-2.1945553,-0.5023205,-1.7092988,0.62474525,-2.510877,-1.7069227,0.41087595,-1.0104734,-1.3535911,-2.1249347,-1.5057743,-0.63363993,-0.80359226,1
1.0,1,2.2378137,9.776152,-2.1925614,-0.5027442,-1.7106919,0.6255442,-2.510794,-1.7073227,0.41195548,-1.0096133,-1.3532206,-2.1237345,-1.5075823,-0.6348073,-0.8040293,1
14.0,14,-1.6177268,-1.0004252,-1.1782596,-2.5351703,-1.9920595,-0.278393,-1.5436032,-1.1148007,-0.386574,-1.0028597,5.7785044,-0.71642333,-0.37848824,-0.678827,8.609113,1
14.0,14,-1.5426375,-1.0489864,-1.1942501,-2.5785134,-1.9173267,-0.19516169,-1.5513952,-1.1623561,-0.54383636,-0.9941028,5.5029173,-0.7933258,-0.53802556,-0.4274097,8.782877,1
14.0,14,-1.6066451,-0.99636024,-1.2119116,-2.531986,-1.9098591,-0.22064157,-1.606743,-1.1716737,-0.36267936,-1.0371042,5.4333925,-0.6791448,-0.48912212,-0.5854935,8.827428,1
14.0,14,-1.5713997,-1.0175221,-1.2091352,-2.5508642,-1.9168732,-0.21156713,-1.586642,-1.1554726,-0.45002896,-1.0151268,5.440951,-0.7655081,-0.4999615,-0.5093333,8.820975,1
14.0,14,-1.5203384,-1.0562245,-1.1635977,-2.5732255,-1.9531515,-0.20296635,-1.4946427,-1.1415076,-0.5390004,-0.97331,5.7299714,-0.84840506,-0.5241549,-0.5084189,8.630383,1
14.0,14,-1.6242954,-0.9971159,-1.1837581,-2.5334172,-1.9878316,-0.2793951,-1.5565091,-1.1203256,-0.3763663,-1.0103052,5.7452726,-0.7041199,-0.3814225,-0.66874963,8.63164,1
6.0,6,-2.3968716,-1.7593534,-0.55473655,0.11542438,-0.36228827,-1.2025422,9.833904,-0.1015574,-1.4463143,0.78959346,1.2937056,-0.18559285,0.05271154,-1.6663197,-1.1886833,1
6.0,6,-0.65473914,-1.8432105,-0.89180464,-0.519883,-0.56615335,-0.800002,9.682914,2.4727511,-1.6296098,-0.8731275,1.1261792,0.27119333,-1.3974668,-0.9565032,-1.7775716,1
6.0,6,2.0427876,-1.6143931,-1.0354624,-0.8878968,-0.21192119,-0.8169027,9.156181,2.2624714,-1.5892037,-1.1211714,0.089847386,-0.38457498,-1.255834,-0.93557,-1.7631524,1
6.0,6,-1.5464134,-1.5016924,-0.9902197,0.56793606,0.6314273,-0.74980295,9.737092,-1.2535664,-0.5997029,0.17549923,-0.21150106,-0.7418674,-1.0028085,-1.0637721,-1.2607086,1
6.0,6,-1.641865,-2.0683932,-0.19943514,-0.65980095,-0.8828593,-1.2607579,9.576054,3.3487086,-2.1456988,0.06148269,1.0534444,0.939698,-0.17223036,-1.410472,-1.7458949,1
6.0,6,-2.0069723,-1.759869,-0.9613258,0.023790076,-0.6745849,-1.5887387,9.707299,0.17462264,-1.5492511,0.9411989,1.8244368,-0.23505604,0.1504932,-1.468497,-1.4239264,1
8.0,8,-1.8249699,-1.0651205,-2.013013,-1.8841242,-1.5070639,0.64447266,-0.557415,-1.7565912,10.082994,2.3666918,0.45526063,-0.58140343,-1.3463671,-0.14732662,-0.96288,1
8.0,8,-1.7883531,-0.90282613,-2.152076,-1.8327925,-1.4946884,0.71168864,-0.9793576,-1.6537969,9.863429,2.5836375,0.7290076,-0.74444366,-1.3486582,0.00607121,-0.9641998,1
8.0,8,-1.7686505,-1.1690594,-2.353112,-1.9934995,-1.147848,0.4686072,-1.0670173,-1.6555915,9.289662,3.672827,0.7050365,-0.72097343,-1.4723574,0.5088503,-1.0711462,1
8.0,8,-1.7714924,-1.0604849,-1.9397745,-1.8582581,-1.5177761,0.71698767,-0.7526518,-1.6566269,9.959129,2.7037036,0.32220703,-0.64793086,-1.2976812,-0.17162241,-0.9626297,1
8.0,8,-1.7925558,-1.1905109,-2.0315073,-1.9522002,-1.4459106,0.5538503,-0.8594331,-1.6952001,9.63109,3.290488,0.6110265,-0.65175325,-1.4870089,0.14641613,-0.9050977,1
8.0,8,-1.8189769,-1.0942383,-2.0712597,-1.8240643,-1.4121455,0.5910454,-0.73332715,-1.7541908,9.943542,2.7574165,0.37791988,-0.65228057,-1.2584538,-0.11397602,-1.008796,1
5.0,5,-0.2230855,1.4659914,-2.461584,-2.0104294,6.7168336,7.625459,-0.7383808,-0.4867178,-1.3717076,-1.8053888,-1.5758303,-1.5627984,-2.1773465,0.3566941,0.6798799,1
5.0,5,-0.22136742,1.4657367,-2.4618552,-2.0103624,6.7175946,7.624715,-0.73887897,-0.48799744,-1.3722237,-1.8044684,-1.576522,-1.5637755,-2.1774304,0.35767615,0.6799377,1
5.0,5,-0.2257531,1.471447,-2.4625587,-2.0104744,6.7178354,7.6235933,-0.73614055,-0.48683348,-1.3715132,-1.8052,-1.5762084,-1.5651859,-2.1775723,0.35514814,0.6768568,1
5.0,5,-0.22395366,1.468232,-2.4621272,-2.0101714,6.7169967,7.624776,-0.73815536,-0.48746982,-1.3717538,-1.8047371,-1.5761966,-1.56398,-2.1774862,0.35639012,0.6790901,1
5.0,5,-0.22044891,1.4670471,-2.4621813,-2.0107708,6.7171025,7.624473,-0.7389054,-0.48875865,-1.372177,-1.8042952,-1.5770001,-1.5650079,-2.1774871,0.35802424,0.6802447,1
5.0,5,-0.22245118,1.4657084,-2.4615872,-2.0104282,6.7171297,7.6252623,-0.73847306,-0.48705497,-1.3718867,-1.8050987,-1.5760157,-1.5630699,-2.1773703,0.35698682,0.6798722,1
5.0,5,-1.2052729,1.8570939,-0.7286004,-0.5159786,2.1716042,9.052043,0.8845811,0.34808066,0.34954235,-0.9499207,-1.2375952,-1.0105805,-2.1997266,-2.7126827,-0.21020786,1
5.0,5,-1.203582,1.8576504,-0.72776747,-0.5173807,2.1679332,9.051953,0.8854693,0.3491579,0.3475906,-0.9500632,-1.2368408,-1.0093915,-2.200357,-2.7110996,-0.2092342,1
5.0,5,-1.2074537,1.8579417,-0.72879404,-0.51475084,2.1774397,9.052295,0.8822,0.34649426,0.34899738,-0.9518353,-1.2383517,-1.0133519,-2.2009323,-2.7116086,-0.21097516,1
5.0,5,-1.2041951,1.8573782,-0.7283064,-0.5169591,2.170499,9.052095,0.88485503,0.3488398,0.34802994,-0.9501443,-1.2373487,-1.0100216,-2.2002058,-2.7114873,-0.20979603,1
5.0,5,-1.2068186,1.8571658,-0.7284912,-0.51519585,2.1744087,9.052274,0.88317394,0.34681383,0.35001847,-0.9508371,-1.2379279,-1.0115937,-2.2001383,-2.7122483,-0.21060006,1
5.0,5,-1.2068518,1.8573178,-0.7288642,-0.5149544,2.1753318,9.052198,0.8831118,0.34689292,0.3500304,-0.950807,-1.2381383,-1.0122228,-2.2001138,-2.7126443,-0.21081813,1
4.0,4,-1.2566559,-2.0403001,-2.6857169,0.6141057,8.528308,1.6829033,-0.72444385,-1.6269673,-1.2287748,0.70804113,1.1229446,-1.6605674,-0.7012381,-2.149857,1.2804904,1
4.0,4,-1.2537265,-2.0393727,-2.683121,0.61046124,8.53638,1.6785129,-0.7171165,-1.6228807,-1.2477567,0.70651925,1.1129816,-1.6549851,-0.7035867,-2.1370034,1.2774866,1
4.0,4,-1.2543257,-2.0444763,-2.6833746,0.6123611,8.530376,1.671065,-0.70293635,-1.6276017,-1.2473005,0.72381073,1.11635,-1.6542982,-0.7077323,-2.1465404,1.2813421,1
4.0,4,-1.2554516,-2.0455117,-2.6816163,0.6171874,8.528866,1.6707083,-0.7035668,-1.6296064,-1.2439342,0.72101146,1.1184993,-1.655514,-0.70523036,-2.1505883,1.2803037,1
4.0,4,-1.2513863,-2.0448089,-2.67163,0.61565137,8.534559,1.6806042,-0.698192,-1.6205764,-1.2548244,0.7467835,1.1029651,-1.6571256,-0.7045187,-2.1613808,1.2638614,1
4.0,4,-1.2557194,-2.039026,-2.6809735,0.6146771,8.531719,1.6865888,-0.72577006,-1.6240426,-1.2321864,0.7072287,1.1174424,-1.6603733,-0.6981756,-2.1513906,1.275462,1
10.0,14,-1.5214912,-2.8844712,0.043467294,2.222085,-1.3094075,-2.1860154,-3.140261,-1.6678545,-2.236372,-0.5842134,3.4087126,-0.03812399,-0.33494854,0.35600638,7.6390414,0
10.0,14,-1.5214123,-2.8844178,0.043262154,2.2218544,-1.3093028,-2.186099,-3.1401021,-1.6680173,-2.2362034,-0.5845656,3.4087257,-0.038156353,-0.33541694,0.3561766,7.6395173,0
10.0,14,-1.5214092,-2.8840625,0.042915493,2.220859,-1.309285,-2.1859708,-3.1399984,-1.667886,-2.2360868,-0.5846487,3.4081566,-0.03850798,-0.33560306,0.35636872,7.6407094,0
10.0,14,-1.5215329,-2.88433,0.043530785,2.2217243,-1.3095338,-2.1860113,-3.1402771,-1.6677939,-2.2362285,-0.58412635,3.4086318,-0.038436558,-0.33480814,0.3559916,7.639271,0
10.0,14,-1.5215526,-2.8842382,0.043413643,2.2215579,-1.3094047,-2.1860018,-3.140093,-1.6679827,-2.2360404,-0.5844244,3.408541,-0.03861016,-0.3353262,0.35602748,7.639836,0
10.0,14,-1.5216022,-2.8844721,0.043539293,2.2222688,-1.3094175,-2.185919,-3.1402977,-1.667894,-2.236335,-0.58415127,3.4088933,-0.03819932,-0.33498812,0.35585225,7.6388893,0
7.0,7,3.1660926,5.169448,-3.208658,-3.485335,-1.0682157,-0.8826496,-2.3587334,5.7752967,-0.94510555,-1.0005043,0.34096047,-2.0514145,-1.38933,2.272744,-0.68222445,1
7.0,7,2.8279595,5.2456613,-3.2616827,-3.7721975,-0.63030183,-0.5422458,-1.6883876,5.8589516,-0.63131195,-1.3379767,0.12178148,-2.4592378,-1.8914505,2.326614,-0.8516202,1
7.0,1,-0.10607558,3.8861356,-3.7524583,-3.808504,-0.07562813,-0.8823623,1.4176408,2.3508523,1.9703124,-0.7377107,0.22648758,-1.9911927,-1.8733166,3.383188,-1.4476914,0
7.0,7,1.5520664,3.0345235,-3.417427,-4.001924,-0.045088284,-1.4459894,-1.4101971,5.246658,1.1346523,-0.33474386,0.7198195,-1.9438926,-1.2683122,2.6584854,-1.156913,1
7.0,1,3.3164637,5.271556,-3.4001307,-3.689619,-0.7378029,-0.71166193,-2.1399417,5.2265043,-0.7204852,-1.2851198,0.23390856,-2.2518013,-1.858833,2.6776474,-0.66025835,0
7.0,7,3.058168,5.05867,-3.1868699,-3.5368412,-0.97042376,-0.89462686,-2.2661285,5.9118433,-0.74847144,-1.0521133,0.15912296,-1.9715451,-1.4166198,2.2167275,-0.71351,1
3.0,3,0.8770059,-4.882254,5.15568,6.966721,0.37197793,-2.4347174,-1.7155603,-2.8288684,-2.1355534,0.13794234,0.10559304,-0.08979452,-0.2933736,0.69930327,-0.68502355,1
3.0,3,0.87479866,-4.881868,5.1536555,6.9698,0.37132284,-2.434676,-1.7145418,-2.8285356,-2.1338928,0.13888024,0.105884105,-0.091025956,-0.2924081,0.6971213,-0.6864833,1
3.0,3,0.8736286,-4.8818736,5.1492968,6.970016,0.37280232,-2.4366436,-1.7158582,-2.8294864,-2.131768,0.13297644,0.106018916,-0.08965041,-0.29286575,0.70139086,-0.68661654,1
3.0,3,0.8638954,-4.881074,5.1311936,6.983266,0.37145376,-2.4411304,-1.7083887,-2.832856,-2.1169362,0.14574134,0.11098455,-0.092355594,-0.29324386,0.69124186,-0.69412947,1
3.0,3,0.8707754,-4.8815393,5.1458664,6.9750543,0.371518,-2.4365013,-1.7122527,-2.8295023,-2.1281419,0.14203249,0.10756512,-0.092487745,-0.29261643,0.69450504,-0.68982446,1
3.0,3,0.87804544,-4.882536,5.157186,6.9651356,0.3722634,-2.4343336,-1.7162273,-2.828665,-2.1368012,0.13802,0.10538381,-0.08971956,-0.29420832,0.70067865,-0.6846791,1
12.0,12,-1.4794207,-1.0992486,-1.2485912,-0.54456574,-1.4611151,-0.71055293,-1.7389301,-0.4782978,-1.3190482,2.0818937,1.4847621,2.6425245,9.47565,-0.056342266,-0.7058557,1
12.0,12,-1.4865024,-1.0744346,-1.2279587,-0.48884344,-1.6429085,-0.9518969,-1.8003883,-0.569829,-1.1472453,1.6857804,1.7472867,2.418758,9.629457,-0.1455388,-0.4747563,1
12.0,12,-1.6897482,-1.3036958,-1.6517715,-0.7376956,-1.4125531,-1.0241764,-1.5378444,-0.65424705,-0.9569587,3.1747978,1.8478849,1.9793466,9.21932,0.054876775,-0.7961382,1
12.0,12,-1.6780598,-1.344859,-1.4925491,-0.51936305,-1.5017381,-1.3219267,-1.5876685,-0.6861115,-0.8280367,2.6209214,2.0856931,1.7355851,9.528276,-0.23856619,-0.5914143,1
12.0,12,-1.4800336,-1.0869589,-1.2293555,-0.48243332,-1.6410129,-1.0008854,-1.8538538,-0.6131079,-1.1571096,1.6650103,1.7306639,2.446661,9.617998,-0.07776576,-0.41625077,1
12.0,12,-1.4833617,-1.0844709,-1.2410038,-0.5102715,-1.570496,-0.86575854,-1.7687354,-0.52879053,-1.2289702,1.865268,1.6415471,2.4975772,9.579787,-0.107156485,-0.57166696,1
2.0,9,-1.1472604,-2.1358063,-1.4712956,1.8377466,-1.0685874,-1.5481664,-2.3290224,-2.7735004,3.5024698,5.319928,1.619902,-3.0945253,2.242304,-1.9451458,2.1341732,0
2.0,13,-1.5565279,-2.5029395,1.606741,2.0703804,-1.2596804,-2.604542,-3.5261476,-1.4996583,-0.9645816,-2.1017494,0.8464298,1.8690038,0.19599923,4.6622677,0.8266736,0
2.0,14,-2.2592483,-1.4677361,0.57796675,2.6143703,-2.6421115,-1.9381659,-3.952634,-2.1735387,2.2933207,-0.8630476,0.83084357,3.081902,1.9069792,-0.57866734,3.6071327,0
2.0,9,-1.9545748,-1.8602386,-0.426846,1.6282438,-1.4387023,-1.9511055,-2.2167976,-2.0689113,2.158253,5.642415,1.7901921,-2.9137688,1.5981625,-1.0145719,1.2866255,0
2.0,9,-1.9206145,-3.0749955,0.75700754,4.0184546,-0.21205804,-2.4995863,-0.49619743,-2.280633,0.3308658,6.0705814,0.7522197,-2.4892905,0.25528166,-0.64120597,-0.8287736,0
2.0,9,-0.71719384,-2.1853316,-1.6259785,1.2015655,-0.9136383,-1.4326963,-2.045148,-2.3970857,4.3961186,6.6565447,0.7814282,-2.39966,0.32279518,-0.62273103,0.32929638,0
0.0,0,8.416034,-1.2554151,-2.0094202,-1.5540901,-0.97625816,-0.9499308,-2.6761353,-0.8896092,-1.3836634,-0.5176629,0.47775108,1.2224345,-0.7278812,4.154973,0.3752772,1
0.0,0,9.175025,0.2829876,-1.5791701,-2.316167,-1.380953,-0.026173616,-2.0437832,2.318869,-1.4510144,-0.49227095,-0.76760685,0.80031115,-0.91331923,1.6325012,-0.045199517,1
0.0,0,9.540675,-0.09589663,-0.86905265,-2.185579,-0.3730668,-0.146043,-0.6845665,-0.6421061,-0.9915937,-0.56373644,-0.880557,-0.77759045,-1.9713938,2.8657348,-0.5079435,1
0.0,0,8.828039,-1.6550301,-1.1260787,-2.2199643,-0.3510629,-0.66925687,-2.812857,-0.78424746,-1.5055695,-0.10320389,-0.86844635,1.0694903,-0.019798134,2.618131,2.345241,1
0.0,0,9.137453,0.3965413,-1.7635335,-2.1208122,-1.3691807,0.27344975,-1.7111627,0.82409656,-0.9850868,-0.651532,-0.5073177,0.52929515,-1.5393447,2.6138663,-0.5221299,1
0.0,0,8.4716015,-1.289405,-2.001585,-1.4339858,-0.9682526,-0.89688,-2.7292936,-0.8635349,-1.6893276,-0.4757504,0.42645139,1.1135653,-0.4716478,3.9046242,0.65433127,1
10.0,10,-2.1689758,-1.9034257,-2.8874855,-0.43040764,-2.1407118,-1.2467525,0.10558154,-2.3476965,4.223615,4.627514,5.905529,-4.174882,-0.40104848,0.7296718,-0.016628165,1
10.0,10,-2.3931518,-1.5392704,-2.224278,0.041252203,-2.9871519,-0.5681269,0.48413357,-1.4291067,2.799216,0.39842144,7.8510513,-3.6284037,-0.9927397,0.8559804,0.5274698,1
10.0,10,-2.6568449,-0.32985133,-2.0662477,-0.7883719,-3.5006118,0.7896528,-1.5040785,-0.5910819,3.4905794,-1.1552317,6.5188017,-4.2948813,-0.41744,-0.62768644,4.596707,1
10.0,10,-2.4259698,-0.5818286,-2.0674424,-0.51440465,-3.8760662,-0.65337795,-1.6556453,-0.33341667,4.407898,-0.66206,6.9594007,-3.644265,-1.1969001,0.63738054,2.334212,1
10.0,9,-1.7201786,-2.6457355,-2.5990226,-0.5530556,0.38288298,-2.1213908,4.4290524,-2.0994198,0.50731266,7.4793463,2.3988278,-2.4653435,-0.19828144,0.633057,-1.6510952,0
10.0,10,-2.4981446,-1.5560558,-2.6786761,-0.27058873,-2.7693968,-0.60447824,-0.34087136,-1.6803252,5.000404,2.0262306,6.511558,-3.6857116,-1.4271625,1.1196454,0.10155633,1
1.0,1,1.0546184,9.898084,-2.852734,-0.85218877,-1.8315349,0.15531686,-2.6292694,-0.16071296,0.9844106,-1.2063433,-1.7270482,-2.3122013,-1.5321599,-0.5465646,-0.19346078,1
1.0,1,1.0667665,9.896522,-2.8550098,-0.8507192,-1.831427,0.15621968,-2.631539,-0.16426086,0.9795253,-1.208115,-1.73045,-2.312241,-1.5316585,-0.54000926,-0.19403489,1
1.0,1,1.030515,9.895751,-2.8479323,-0.8571839,-1.8437433,0.13465968,-2.6279738,-0.12200595,0.9930073,-1.2029412,-1.7167531,-2.318849,-1.5330632,-0.56789565,-0.17677446,1
1.0,1,1.0692322,9.895803,-2.8553445,-0.8646586,-1.8339078,0.15291804,-2.6206405,-0.14195135,0.9712563,-1.2098533,-1.7229483,-2.3169107,-1.5380723,-0.55135614,-0.17813724,1
1.0,1,1.0394771,9.899728,-2.850416,-0.846594,-1.8323582,0.14711548,-2.62861,-0.16029006,0.9915707,-1.2044129,-1.7269384,-2.30938,-1.5304322,-0.5523154,-0.19325973,1
1.0,1,1.0544647,9.896358,-2.8545423,-0.8451583,-1.8325757,0.1529765,-2.6346843,-0.16678584,0.98888785,-1.2074815,-1.7292705,-2.3083875,-1.5304743,-0.54351574,-0.19594239,1
8.0,8,-1.0708953,-1.8478528,0.39938945,1.5465165,-1.6930594,-0.5330116,-3.2911165,-1.5914623,6.490184,-1.8415858,-1.6099166,1.198803,1.2579049,-1.2733351,2.86345,1
8.0,8,-1.1770751,-0.5325524,-0.42385575,0.06788946,-2.161563,-0.9751284,-3.4778457,0.8439157,5.6989875,-1.5626289,-1.8950869,-0.21628703,1.0595596,-1.3345199,4.2622566,1
8.0,8,-0.7610753,-0.20556451,-0.96963716,0.02764026,-2.4842393,-0.9989712,-3.491461,0.040286995,6.051929,-1.018297,-1.6937225,-0.8485851,2.392842,-1.3013253,3.9799829,1
8.0,8,-0.8574108,-0.9301414,-0.7294466,0.69057214,-2.0540872,-0.29611132,-2.303225,-2.1516006,8.999346,-0.26162744,-0.61245066,-0.8080456,1.0958649,-1.4410028,0.3848468,1
8.0,14,-1.2627537,-1.2677115,-0.043673806,0.41955173,-1.5160347,-1.1489588,-3.542447,0.29693753,3.4125233,-1.9387271,-2.3651948,2.2414825,1.4170136,-1.2594827,5.901373,0
8.0,8,-1.9195745,-1.6720576,-0.12031277,1.3533322,-1.7276434,-0.102660276,-3.4518843,-1.2732807,6.540107,-1.8912193,-1.6953393,1.2322844,0.7870686,-0.90219945,3.474895,1
4.0,5,-2.9706638,1.0592458,-1.1561921,-0.3991895,-2.1217878,5.2556148,4.876576,1.0249325,2.0613863,2.1785276,-0.6164135,-2.340128,1.1450104,-3.170323,-2.2420416,0
4.0,5,-2.9643521,1.0658971,-1.1552271,-0.40189737,-2.114698,5.2645826,4.8735523,1.0309613,2.0453985,2.1801293,-0.6238986,-2.342156,1.1432389,-3.1697752,-2.2396746,0
4.0,5,-2.9364963,1.1123537,-1.146748,-0.410159,-2.0822256,5.321483,4.839329,1.0556297,1.9809381,2.1692562,-0.6544339,-2.348805,1.1264306,-3.17674,-2.2230606,0
4.0,5,-3.0197046,0.9956066,-1.174452,-0.36729422,-2.1900628,5.164167,4.8376083,0.93528837,2.2298121,2.1657808,-0.54073566,-2.3089995,1.2495784,-3.184706,-2.2661297,0
4.0,5,-2.9656622,1.0652511,-1.1549246,-0.40108755,-2.1159995,5.2648945,4.8728037,1.0299447,2.0497594,2.177599,-0.62191147,-2.340928,1.1421764,-3.1708663,-2.2393572,0
4.0,5,-2.9684155,1.0587105,-1.1556299,-0.40038896,-2.116936,5.2588763,4.8813453,1.0294502,2.052046,2.1813161,-0.6202195,-2.3413312,1.1407632,-3.1696167,-2.2411475,0
7.0,7,3.1918833,-3.0520747,-0.9266547,-2.475281,-0.50216204,-0.38755086,6.059184,7.8411117,-1.3879615,-1.2134479,-0.79165024,-0.15765128,-2.3448102,0.27248722,-0.8673125,1
7.0,7,2.672517,-3.1735382,-0.9706129,-2.4746437,-0.54741246,-0.4154447,6.11785,7.914576,-1.5260359,-1.2153367,-0.722373,0.03863879,-2.3133376,0.57387495,-0.85550463,1
7.0,7,2.1608977,-2.9765837,-0.80463177,-2.3329797,-0.7566786,-0.51501095,5.7047048,8.501227,-1.2375166,-1.0854205,-0.862602,0.054945227,-1.8094696,0.10770883,-0.9428371,1
7.0,7,1.8982626,-3.404481,-1.0623007,-2.3693116,-0.59530425,-0.47652927,6.4670696,7.6696973,-1.5778633,-1.3093275,-0.49987635,0.04699834,-2.2307043,0.9079378,-0.8181085,1
7.0,7,3.1507058,-3.307367,-0.9642861,-2.4796996,-0.45819014,-0.43223163,6.1738997,7.588998,-1.6421078,-1.2004489,-0.70617616,-0.019027513,-2.3518038,0.6185302,-0.7710484,1
7.0,7,2.725506,-2.8672464,-0.93535376,-2.4563935,-0.59900576,-0.4017663,5.7626295,8.2923155,-1.1873761,-1.2047205,-0.8252603,-0.13312139,-2.1464703,0.10590209,-0.9432391,1
11.0,11,-0.28157118,-1.818518,2.8207803,0.47876257,-1.103255,-1.2287124,-1.9988403,-0.045347594,-1.3266233,-0.4591213,-1.6658012,9.5463085,-0.25552464,-0.26820543,2.300484,1
11.0,11,-0.28158912,-1.8185267,2.8207994,0.47879514,-1.1032532,-1.2287167,-1.9988327,-0.045325138,-1.3266375,-0.45910728,-1.6657954,9.546317,-0.2555063,-0.26822013,2.300423,1
11.0,11,-0.28158155,-1.818521,2.8208072,0.47876823,-1.1032699,-1.2286971,-1.9988601,-0.045402728,-1.3266038,-0.4591358,-1.6658041,9.546273,-0.25555488,-0.26820117,2.300563,1
11.0,11,-0.2815316,-1.8184748,2.8207467,0.47868168,-1.103271,-1.2287016,-1.9988546,-0.045331724,-1.3266082,-0.45912778,-1.6658063,9.546308,-0.25552723,-0.26819426,2.3005228,1
11.0,11,-0.2815269,-1.8185045,2.820729,0.47871023,-1.1032579,-1.2287248,-1.9988468,-0.045332417,-1.3266182,-0.45912185,-1.6657993,9.546307,-0.255516,-0.26818848,2.300514,1
11.0,11,-0.28159884,-1.8185412,2.820805,0.4788099,-1.1032474,-1.2287158,-1.9988339,-0.045356594,-1.3266352,-0.45911568,-1.6657948,9.546306,-0.25552735,-0.26821566,2.3004646,1
7.0,7,3.3958905,-2.634766,-0.642479,-1.8888793,-1.127583,-0.28540233,4.5163603,8.854021,-2.6661253,-0.5245627,-0.87004423,-0.39568946,-0.68811285,-0.7842655,-0.065827146,1
7.0,7,3.5932188,-3.5043523,-0.8408686,-1.9856279,-1.0502305,-0.3892948,4.9191074,7.93019,-2.9546437,-0.5924934,-0.7447566,-0.094368264,-0.9302931,0.21045579,0.45120898,1
7.0,7,4.011871,-3.2052119,-0.70143205,-1.9265461,-1.1352206,-0.48480853,4.3742585,8.10133,-2.6699085,-0.46715435,-0.99653864,-0.29790553,-0.5771847,-0.03945647,0.1687378,1
7.0,7,2.3847659,-3.3127227,-0.961095,-1.9131961,-1.2201711,-0.3219075,4.7990704,8.303589,-2.9847472,-0.66322523,-0.42606556,-0.13666451,-0.6119114,0.18619649,0.5436554,1
7.0,7,4.627202,-3.8332105,-1.0397282,-2.096164,-0.91654426,-0.4182776,4.516943,6.817904,-2.9736946,-0.5966828,-0.79488564,-0.14849888,-1.0865539,0.7031222,1.1779102,1
7.0,7,3.0341377,-2.5799036,-0.6530887,-1.8327667,-1.1740227,-0.2734352,4.446631,9.00817,-2.6744704,-0.5321089,-0.78903896,-0.38498634,-0.5089829,-0.83511376,-0.1120819,1
11.0,11,-2.5063562,-2.992237,-0.05109621,0.4940294,-1.8921183,-1.9990675,-0.73518836,-1.8312868,-0.58877194,0.82105714,1.7931261,8.91391,1.3613833,3.1064775,-0.5326745,1
11.0,11,-2.33676,-2.8896549,0.08972847,0.3981334,-1.7930214,-1.7487855,-0.7185562,-1.5443308,-0.8186098,0.40970346,1.5304676,9.259356,1.2848443,3.0862172,-0.5948001,1
11.0,11,-2.0492823,-2.539454,0.24030429,0.21575207,-1.5795562,-1.2731937,-0.7775956,-1.2502078,-1.1087015,-0.47075602,0.80297124,9.669357,0.5148482,3.3405209,-0.3000162,1
11.0,11,-2.3151102,-2.7173114,0.07989913,0.33276233,-1.7148896,-1.6216551,-0.6712787,-1.5377108,-0.65507084,0.11143222,1.2070687,9.385251,0.82644385,3.1876483,-0.4726075,1
11.0,11,-2.2379546,-2.873563,0.18372792,0.37544948,-1.7376047,-1.6682074,-0.68897104,-1.4330274,-0.8814275,0.3976981,1.4249904,9.384589,1.3545383,2.9333003,-0.7066117,1
11.0,11,-2.3248117,-2.9339268,0.11602877,0.415023,-1.7781056,-1.8062985,-0.69030964,-1.5505551,-0.7880641,0.6429521,1.5778145,9.225606,1.4822034,2.868413,-0.6854092,1
5.0,5,-0.08702763,-0.38334686,-0.10046158,-0.9337976,0.6086308,8.884214,0.29129764,-0.72750425,0.7267921,1.0770241,-0.88795984,-0.93269765,-1.6832502,-0.9665124,0.23087437,1
5.0,5,-0.087900944,-0.383753,-0.09951148,-0.9338074,0.6085721,8.884424,0.2899514,-0.72800654,0.7267607,1.0758697,-0.8875859,-0.9311228,-1.683225,-0.9660368,0.23146722,1
5.0,5,-0.08026681,-0.36879247,-0.107474335,-0.940415,0.60102016,8.880398,0.29449126,-0.72892493,0.7334367,1.0861387,-0.8859385,-0.94216734,-1.6897919,-0.97557473,0.23568912,1
5.0,5,-0.0871165,-0.3842808,-0.1126103,-0.94066894,0.5995037,8.876231,0.2946843,-0.73119724,0.7382275,1.1059089,-0.8827951,-0.93474925,-1.6763868,-0.97582597,0.23344162,1
5.0,5,-0.0860611,-0.38094395,-0.10160974,-0.9342364,0.6077451,8.883732,0.2920807,-0.7280493,0.72813505,1.0783354,-0.8875518,-0.9347652,-1.6834341,-0.96942705,0.23158468,1
5.0,5,-0.09003539,-0.388748,-0.10203379,-0.93400574,0.607952,8.882983,0.29104236,-0.7281315,0.7285942,1.0828127,-0.8870461,-0.92953366,-1.6794211,-0.9653745,0.23033805,1
6.0,6,-1.8436081,-1.9614426,-1.6717415,-1.6577402,-0.00020956248,-0.96434283,9.130476,0.98728895,2.3706727,-0.8331202,2.4943743,-2.7680542,-1.6282533,-0.94667083,-1.6284056,1
6.0,6,-1.5622396,-2.3445563,-1.5836118,-2.034637,-0.14055854,-1.1942294,8.741828,1.4680272,2.07516,-1.1058525,2.8188562,-2.7180622,-1.4406031,-0.25715083,-1.5767168,1
6.0,6,-1.3936042,-1.6923077,-1.8190174,-2.002557,-0.2753789,-0.7345067,7.744436,0.69619185,3.230729,-1.5040524,1.7235764,-2.727694,-1.3937045,0.36200374,-1.6759547,1
6.0,6,-1.2667749,-2.2071035,-1.5144271,-1.9377656,-0.36838046,-0.81596446,8.668149,0.31201658,2.5491107,-1.379838,2.0673292,-2.4746392,-1.6768738,0.55443245,-1.545258,1
6.0,6,-0.8029323,-2.691034,-1.1780107,-1.989094,-0.070461065,-1.1150881,9.328208,1.4589056,0.7192122,-1.4754144,2.7825677,-2.0558324,-1.5031412,0.10364507,-1.5224677,1
6.0,6,-1.778344,-1.9425658,-1.6642783,-1.685855,-0.08793231,-0.9704138,8.98671,0.7996746,2.513147,-0.9501034,2.4625947,-2.7012634,-1.6197947,-0.76987034,-1.6018633,1
13.0,13,-1.204479,-1.3285458,-2.2485397,-0.0565081,-0.33720273,-2.1457195,-2.6376035,-1.2183446,-1.8104858,-0.12464505,-0.83941454,3.365903,0.03927081,9.160166,-0.84134907,1
13.0,13,-1.2044598,-1.3285497,-2.248546,-0.056506,-0.33721954,-2.1457233,-2.637604,-1.218337,-1.8104908,-0.124651946,-0.83938867,3.3658652,0.039260186,9.160183,-0.8413535,1
13.0,13,-1.2044994,-1.32851,-2.2485108,-0.05653601,-0.33722758,-2.1456904,-2.6376383,-1.2183347,-1.8105019,-0.12463098,-0.8394568,3.3659656,0.03935259,9.160143,-0.84134245,1
13.0,13,-1.2044286,-1.3285058,-2.2485054,-0.056563668,-0.33725157,-2.1457055,-2.6376429,-1.2183223,-1.810509,-0.124686174,-0.8394279,3.3660142,0.03930051,9.160147,-0.84130436,1
13.0,13,-1.2044619,-1.3285182,-2.2485232,-0.056539826,-0.3372195,-2.1457047,-2.637626,-1.2183448,-1.8104975,-0.12466555,-0.8394329,3.365955,0.039293364,9.160164,-0.8413162,1
13.0,13,-1.2044803,-1.3285652,-2.2485595,-0.05648481,-0.33718953,-2.145731,-2.6375868,-1.2183509,-1.8104779,-0.12463874,-0.8393923,3.3658392,0.0392422,9.160181,-0.84136415,1
5.0,5,-1.3225131,-1.3519155,-0.6135114,-0.5686623,2.0945525,8.441768,-2.0119905,-0.90011555,1.8379042,-0.76512665,-1.3259716,0.7960355,-3.0662906,0.38111842,2.2173705,1
5.0,5,-1.3355317,-1.3420428,-0.36442733,-0.36370903,2.527257,8.445209,-2.3142843,-0.95933056,1.5846603,-0.2664198,-1.6556625,0.44369295,-3.051953,0.326456,2.1315873,1
5.0,5,-1.3217548,-1.3887552,0.43260762,-0.4281549,2.9040766,8.489985,-2.308684,-0.85623753,0.6675948,0.14236891,-1.858073,0.3242023,-3.1319695,0.19064702,2.2738192,1
5.0,5,-1.3301829,-1.4446298,0.5545521,-0.42737687,2.494073,8.6973295,-1.7933842,-0.7443839,1.4373779,-0.8221287,-1.5918709,0.6808301,-3.2623787,-0.33204967,2.1512883,1
5.0,5,-1.3654329,-1.4603876,0.55037063,-0.39911363,2.4939816,8.616737,-1.9523617,-0.78636533,1.6026183,-0.53681475,-1.7036393,0.5307,-3.2680542,-0.17927879,2.0197093,1
5.0,5,-1.2745574,-1.321814,-0.47782385,-0.5402175,2.3225112,8.546088,-1.9488629,-0.87927604,1.4076676,-0.76640844,-1.3653252,0.9562751,-3.037391,0.30769283,2.1539383,1
4.0,5,-1.683633,-2.205644,-0.6529484,-0.19505939,0.5335757,8.102725,2.9529774,0.8705814,0.76991725,-0.63319373,-0.713629,-0.78117883,-2.117031,-0.58394086,-0.4546376,0
4.0,5,-1.6546009,-2.1672707,-0.5920039,-0.19017485,0.62227386,8.195202,3.1389954,0.60100865,0.6211171,-0.4657949,-0.610403,-0.8094486,-2.1806161,-0.63313,-0.43924624,0
4.0,5,-1.7109867,-2.194206,-0.6107298,-0.19098866,0.47087446,8.10138,3.102822,0.76856595,0.8654883,-0.611971,-0.6259309,-0.7115468,-2.09002,-0.7511729,-0.46005517,0
4.0,5,-1.601745,-2.1260133,-0.5815244,-0.20890313,0.73947984,8.262576,3.1169162,0.54690814,0.4118388,-0.4191514,-0.60306376,-0.88876075,-2.2265892,-0.5529656,-0.39292598,0
4.0,5,-1.6520137,-2.1917276,-0.60554385,-0.18763691,0.6047301,8.175844,3.0846965,0.6782836,0.63564694,-0.50803864,-0.634579,-0.8104068,-2.171396,-0.6054334,-0.43805784,0
4.0,5,-1.6801747,-2.2225296,-0.63243496,-0.18703637,0.5546706,8.122814,3.0580702,0.75725526,0.7101798,-0.55590343,-0.6583618,-0.7905822,-2.138998,-0.58351207,-0.4611175,0
7.0,7,-0.527063,-0.17093624,-1.6888493,-2.3572206,-0.5737284,-0.31534413,1.850147,9.77025,0.16701335,-1.3678613,0.3731639,-1.7082673,-0.44237936,-0.5868462,-1.2261245,1
7.0,7,-0.86206883,0.3744256,-2.091043,-2.4442081,-0.91317564,-0.6192692,1.3808428,8.874534,1.5333906,-1.1920985,0.3304258,-1.8724481,-0.07893202,-0.54075354,-1.3158642,1
7.0,7,-0.9663724,0.48780918,-1.8572541,-2.620919,-0.4448568,-0.048868164,1.9878987,9.669017,0.5617502,-1.3462102,-0.1347584,-1.6016359,-0.8463257,-0.558664,-1.3527725,1
7.0,7,-1.0207366,0.6797455,-1.8611827,-2.673399,-0.46424338,-0.048374653,1.8586227,9.659664,0.5536353,-1.2849728,-0.17895788,-1.726073,-0.61865115,-0.6020717,-1.3804581,1
7.0,7,-0.76029205,0.15447158,-1.9497712,-2.4015012,-0.87073344,-0.4313226,1.5889333,9.342589,1.1924282,-1.2194158,0.36401838,-1.9593492,-0.29592115,-0.67368823,-1.2027196,1
7.0,7,-0.4515418,-0.166276,-1.6148264,-2.4635737,-0.5620321,-0.25476986,2.0329235,9.843264,0.048051167,-1.3809574,0.34042922,-1.6718715,-0.6661106,-0.5489659,-1.2275348,1
10.0,10,-1.4284606,0.45444632,-2.8039746,-1.6182564,-3.5915246,-0.85747564,-2.9690576,0.6503308,-1.72474,-2.2485883,6.1809354,-1.8895943,0.88099754,3.9913416,4.106643,1
10.0,10,-1.9300685,0.6562889,-2.843545,-1.3739717,-3.564129,-0.25806102,-2.838882,0.56411594,-1.1000315,-2.310582,6.475809,-2.1629272,1.1659045,2.9875271,3.8599792,1
10.0,10,-1.4100407,-0.15608153,-2.815677,-1.3554265,-3.0328932,-0.5006774,-2.3742943,-0.14664012,-1.1428741,-1.9621395,5.8350563,-2.8016508,-0.92315674,5.122427,3.7327797,1
10.0,13,-0.6744791,-0.62416404,-2.6765535,-1.361534,-2.741015,-1.8046144,-1.9013276,-0.26952022,-2.349459,-1.1021333,5.0769315,-1.5233749,0.22123444,7.611955,0.6850486,0
10.0,10,-1.1833863,-0.020882308,-2.7742796,-1.530955,-3.2350814,-1.0432938,-2.711704,0.23821962,-1.8146359,-2.073745,5.8763013,-1.9926182,-0.018973872,5.649872,3.167079,1
10.0,10,-0.9796107,-0.29766953,-2.7473233,-1.467708,-3.2568398,-1.1457832,-2.5558853,-0.27450535,-1.7139137,-1.70477,5.8292117,-2.833285,-0.09828704,5.2013607,4.1887746,1
5.0,5,0.6172242,-1.7885462,-0.9596457,-0.8370327,1.6648699,8.386532,0.22607666,-1.0109518,-0.5748396,-1.4808662,-0.6713411,1.3767152,-2.7643373,2.0819025,0.32062486,1
5.0,5,0.5962389,-1.8280582,-0.94611186,-0.85664064,1.6713874,8.337698,0.17833665,-0.99117017,-0.68508655,-1.4638084,-0.69153863,1.6684582,-2.7241468,2.1148248,0.3612517,1
5.0,5,0.6435321,-1.8258578,-0.98939204,-0.94130886,1.5409209,8.341061,0.30850706,-0.99589825,-0.5083243,-1.4761797,-0.63484156,1.3807164,-2.8065853,2.152328,0.41306254,1
5.0,5,0.7107593,-1.839281,-0.9616334,-0.9362912,1.5530877,8.329138,0.24599014,-0.9988384,-0.65292203,-1.4524006,-0.63846654,1.4976751,-2.7668428,2.0766404,0.5330081,1
5.0,5,0.63122475,-1.8287997,-0.9635553,-0.9163443,1.6130623,8.334178,0.2434671,-0.98748827,-0.6521423,-1.4670321,-0.6569585,1.5629396,-2.768945,2.1252742,0.43738505,1
5.0,5,0.58076054,-1.8091661,-0.94840914,-0.8335801,1.6781397,8.368958,0.19077246,-1.004903,-0.6326177,-1.475501,-0.6799275,1.5014474,-2.74395,2.101887,0.34121853,1
6.0,7,-1.3856856,-0.58704376,-1.4222058,-2.6358275,-1.5290813,0.4134659,3.855848,7.461982,-0.7694892,-1.4265395,2.826986,0.9457897,-1.9252121,0.6991685,-2.8154538,0
6.0,7,0.6713041,-0.9845272,-0.18359086,-1.5971403,-3.0194058,-0.10620107,4.5456324,7.6304703,-1.4927092,-1.8718176,1.8036002,-0.004615929,-0.3931911,-0.23295458,-2.4913673,0
6.0,7,-0.43524268,2.0354717,-1.4991772,-2.7216353,-2.314565,0.22568974,0.51129335,7.175025,-0.7663171,-1.7346909,0.55059564,1.9896663,-1.0741088,1.5565138,-2.4398575,0
6.0,7,0.15361953,0.89380723,-0.584285,-2.1504543,-2.963871,-0.13643096,1.8601812,8.259863,-1.2688602,-2.0567799,1.0203272,0.11827703,-0.29525837,0.6275639,-2.4679823,0
6.0,7,-1.44876,0.313096,-1.8071793,-2.9790742,-1.8143493,1.2632005,2.3200946,8.228646,-0.317759,-1.4935904,1.6476619,-0.05969667,-0.6153081,1.0694364,-2.72924,0
6.0,7,-0.33999583,-0.5148258,-1.2240938,-2.612153,-1.6180688,-0.13915353,3.4057293,8.181953,-1.3666843,-1.6518623,2.003645,0.95997167,-1.7779125,0.96062034,-2.5094411,0
12.0,12,-0.9223587,0.19635738,-1.1255974,0.057369553,-1.7328565,-1.354916,-1.6586651,0.543737,0.48751566,0.17486054,0.30670124,-0.38419542,9.962375,-1.8702333,0.4291487,1
12.0,12,-0.92244965,0.1960708,-1.1260794,0.056637976,-1.7332323,-1.3547559,-1.6582186,0.54462254,0.48761806,0.17542234,0.30825794,-0.38542008,9.962291,-1.8704107,0.4291084,1
12.0,12,-0.922467,0.19611819,-1.1259987,0.056808487,-1.7331566,-1.354775,-1.6583478,0.5443198,0.48766914,0.17533049,0.3079455,-0.38515186,9.962313,-1.8703443,0.42912418,1
12.0,12,-0.9222729,0.19629319,-1.1256646,0.05697432,-1.7329694,-1.3550198,-1.6584765,0.54461086,0.48722407,0.17485994,0.30734766,-0.38461033,9.962339,-1.8703678,0.42920768,1
12.0,12,-0.9223281,0.1962177,-1.1258045,0.0567144,-1.7330576,-1.3550268,-1.6583892,0.5448442,0.4873245,0.17503414,0.30781594,-0.3848154,9.962302,-1.870412,0.42918786,1
12.0,12,-0.9222872,0.19640535,-1.1255194,0.05753953,-1.7328233,-1.3548502,-1.6586864,0.54367983,0.4874023,0.17476274,0.30637637,-0.38419163,9.962391,-1.8702241,0.42918083,1
1.0,3,-0.807473,0.67711455,2.4462001,6.4914494,-2.1521633,-1.6905361,-2.667864,0.27101663,-1.9031354,-2.5021143,-1.4665357,-2.3332832,-1.1369746,2.4406538,-2.0784953,0
1.0,3,-0.80734473,0.6771083,2.4461768,6.4913993,-2.1521723,-1.6905357,-2.6679213,0.27098197,-1.9031655,-2.5021818,-1.4665247,-2.3332946,-1.1369934,2.440789,-2.0784822,0
1.0,3,-0.8077056,0.6771656,2.4462004,6.4915156,-2.1521525,-1.6905298,-2.667777,0.27113533,-1.9030865,-2.5020058,-1.4665083,-2.3333027,-1.1369473,2.44039,-2.0785058,0
1.0,3,-0.80777806,0.67718124,2.446227,6.491538,-2.152154,-1.6905226,-2.6677465,0.27116778,-1.9030721,-2.5019753,-1.4665152,-2.3332932,-1.1369375,2.440302,-2.0785136,0
1.0,3,-0.80744445,0.67711496,2.4461868,6.4914427,-2.1521637,-1.690537,-2.6678777,0.27101004,-1.903139,-2.5021296,-1.466525,-2.333294,-1.1369797,2.440677,-2.0784914,0
1.0,3,-0.8074215,0.67710876,2.4461915,6.4914317,-2.152166,-1.6905364,-2.6678863,0.27099827,-1.9031466,-2.502141,-1.4665318,-2.3332887,-1.1369821,2.4407084,-2.0784905,0
2.0,3,-1.9409547,-3.0765057,5.384166,6.706246,0.8018609,-1.2911658,-0.16527827,-1.5889963,-3.5100346,-1.6137685,0.1382466,-1.7832202,0.89810836,0.7104938,-2.2991316,0
2.0,3,-1.8960457,-3.0790057,5.2895484,6.608058,0.8695652,-1.3542875,-0.24215858,-1.5897101,-3.5642302,-1.6485238,0.12799153,-1.7677615,1.0293025,0.87800574,-2.3202412,0
2.0,3,-1.8985248,-3.080425,5.380942,6.6271777,0.79895306,-1.3142725,-0.22982542,-1.5808945,-3.5337796,-1.669665,0.12982766,-1.7537904,0.9786204,0.82794493,-2.3032994,0
2.0,3,-1.8912435,-3.1103582,5.1552067,6.641655,1.0121735,-1.4053038,-0.19142763,-1.6156987,-3.582007,-1.5868207,0.12535448,-1.8077304,0.9804212,0.88810134,-2.3423865,0
2.0,3,-1.9025117,-3.0854895,5.291347,6.6196537,0.88283545,-1.3514366,-0.22405563,-1.5898621,-3.5596666,-1.6323867,0.12876886,-1.7755766,1.0083964,0.8527697,-2.3196437,0
2.0,3,-1.9336338,-3.0820038,5.3766956,6.7000737,0.8114804,-1.2972188,-0.16517621,-1.5902131,-3.5124714,-1.614926,0.13731793,-1.7835174,0.8991137,0.7241372,-2.3023152,0
11.0,11,-2.1475735,1.0473808,0.45968133,-0.13645118,-1.8471285,-1.3533853,0.079028144,1.4124329,0.80151784,0.8573888,-0.19558151,6.198071,-0.750089,-0.6377555,-0.5093876,1
11.0,11,-2.8466659,1.1379174,-1.5140489,-1.2658969,-1.9935461,-1.093064,0.79107374,3.303287,0.3793093,0.11157697,0.6513248,3.8349974,0.56258184,-0.2718528,0.7305419,1
11.0,11,-0.90594614,-0.0200008,1.1386288,-2.2132154,-1.2074021,0.088342495,-2.0827563,0.06789752,1.9375069,-2.0960202,-0.97413254,6.993827,-1.8205545,-0.11177212,4.8825045,1
11.0,11,-0.094134755,0.94750273,0.43536136,-1.8757344,-1.6133085,-1.9093264,-0.064087085,3.6137583,-0.6539821,-1.0107676,0.07187113,8.319905,-1.6231626,0.23176949,-0.4002695,1
11.0,11,-2.3190465,0.72888607,-0.4083497,-1.1172835,-1.8424301,-1.5515066,0.5374246,3.0185635,0.04765001,0.18343589,0.3896777,5.9870377,-0.32840696,-0.09163888,-0.013537463,1
11.0,11,-2.4287007,1.1342207,-0.0054119118,-0.20463026,-1.8296958,-1.0983872,0.33558765,1.4433184,0.87842244,1.2003288,-0.09535284,5.779798,-0.5310328,-0.76190543,-0.37003845,1
7.0,7,2.3055851,1.5339155,-3.2684052,-3.7026584,-0.63432294,-1.280666,-2.1592906,6.057317,0.3425711,-2.2140481,2.7186737,-1.8165882,0.11123637,2.7245507,-1.2693533,1
7.0,7,3.150711,2.0082269,-3.3047888,-3.3626904,-0.8525641,-1.5312285,-2.8332837,4.3272495,1.083206,-1.9917841,2.351834,-1.8022867,0.24658468,2.587518,-1.0074004,1
7.0,7,1.7642359,1.0468509,-2.3853686,-3.765959,0.14460093,-0.92430186,-1.3253819,7.42239,-0.02659515,-2.0785654,1.4174045,-0.7964321,-0.99676114,2.14023,-1.5301676,1
7.0,7,2.309617,2.041683,-2.9256914,-3.4375658,-0.12023707,-1.5674299,-2.5322876,5.277543,1.3852792,-1.9218243,1.6790643,-1.291704,-1.5134575,2.4281292,-1.1879011,1
7.0,7,2.1910913,2.978114,-3.5858462,-3.1846027,-1.0321081,-1.4518843,-3.000205,4.3686695,1.803307,-2.1211398,2.4005013,-1.983412,-0.43710655,2.499836,-1.1624238,1
7.0,7,1.9854196,1.4434488,-3.1701906,-3.7086961,-0.5378543,-1.2471595,-2.0172164,6.375906,0.19898728,-2.1711063,2.5742838,-1.6542708,0.081699006,2.665614,-1.3098196,1
