INFO:root:Start ContrastSense training for 2000 epochs.
INFO:root:Training with gpu: True.
DEBUG:root:Epoch: 1 Loss: 1.3378219604492188 accuracy: 0.29296875 sim: 0 mscr: 28.735595703125 nes: 170.93749999999997ori_Loss :6.177289962768555 sup_loss_0: 6.948982238769531 
DEBUG:root:Epoch: 2 Loss: 1.2874879837036133 accuracy: 0.439453125 sim: 0 mscr: 28.75537109375 nes: 170.89583333333334ori_Loss :6.140933036804199 sup_loss_0: 6.988378047943115 
DEBUG:root:Epoch: 3 Loss: 1.242358684539795 accuracy: 0.341796875 sim: 0 mscr: 28.7568359375 nes: 170.95833333333334ori_Loss :6.1658854484558105 sup_loss_0: 7.047502040863037 
DEBUG:root:Epoch: 4 Loss: 1.206994891166687 accuracy: 0.29296875 sim: 0 mscr: 28.742919921875 nes: 170.91666666666666ori_Loss :6.198657512664795 sup_loss_0: 7.150069236755371 
DEBUG:root:Epoch: 5 Loss: 1.1420235633850098 accuracy: 0.390625 sim: 0 mscr: 28.6845703125 nes: 170.9375ori_Loss :6.110165596008301 sup_loss_0: 7.1768999099731445 
DEBUG:root:Epoch: 6 Loss: 1.1156954765319824 accuracy: 0.341796875 sim: 0 mscr: 28.71826171875 nes: 170.91666666666663ori_Loss :6.124792098999023 sup_loss_0: 7.1873040199279785 
DEBUG:root:Epoch: 7 Loss: 1.104282021522522 accuracy: 0.4638671875 sim: 0 mscr: 28.661865234375 nes: 170.9375ori_Loss :6.105076313018799 sup_loss_0: 7.159727573394775 
DEBUG:root:Epoch: 8 Loss: 1.0962212085723877 accuracy: 0.29296875 sim: 0 mscr: 28.686767578125 nes: 170.875ori_Loss :6.193806171417236 sup_loss_0: 7.286181449890137 
DEBUG:root:Epoch: 9 Loss: 1.0694116353988647 accuracy: 0.2685546875 sim: 0 mscr: 28.663330078125 nes: 170.95833333333331ori_Loss :6.057462692260742 sup_loss_0: 7.246418476104736 
DEBUG:root:Epoch: 10 Loss: 1.0624771118164062 accuracy: 0.5126953125 sim: 0 mscr: 28.678466796875 nes: 170.91666666666666ori_Loss :6.166376113891602 sup_loss_0: 7.237924575805664 
DEBUG:root:Epoch: 11 Loss: 1.0530407428741455 accuracy: 0.5859375 sim: 0 mscr: 28.641357421875 nes: 170.97916666666669ori_Loss :6.119210720062256 sup_loss_0: 7.270280838012695 
DEBUG:root:Epoch: 12 Loss: 1.0423102378845215 accuracy: 0.5126953125 sim: 0 mscr: 28.693603515625 nes: 170.89583333333331ori_Loss :6.116288185119629 sup_loss_0: 7.273298263549805 
DEBUG:root:Epoch: 13 Loss: 1.0212544202804565 accuracy: 0.68359375 sim: 0 mscr: 28.727783203125 nes: 170.875ori_Loss :6.093703746795654 sup_loss_0: 7.295104026794434 
DEBUG:root:Epoch: 14 Loss: 1.0230046510696411 accuracy: 0.5126953125 sim: 0 mscr: 28.609619140625 nes: 170.9375ori_Loss :6.119866371154785 sup_loss_0: 7.261713981628418 
DEBUG:root:Epoch: 15 Loss: 1.0081754922866821 accuracy: 0.6591796875 sim: 0 mscr: 28.718994140625 nes: 170.91666666666666ori_Loss :6.094698905944824 sup_loss_0: 7.259316444396973 
DEBUG:root:Epoch: 16 Loss: 0.9930932521820068 accuracy: 0.5859375 sim: 0 mscr: 28.7314453125 nes: 170.9375ori_Loss :6.152747631072998 sup_loss_0: 7.293365001678467 
DEBUG:root:Epoch: 17 Loss: 0.9865480661392212 accuracy: 0.68359375 sim: 0 mscr: 28.76904296875 nes: 170.93749999999997ori_Loss :6.07495641708374 sup_loss_0: 7.326533317565918 
DEBUG:root:Epoch: 18 Loss: 0.9770081639289856 accuracy: 0.6591796875 sim: 0 mscr: 28.7314453125 nes: 170.85416666666663ori_Loss :6.093498229980469 sup_loss_0: 7.306092262268066 
DEBUG:root:Epoch: 19 Loss: 0.9572100043296814 accuracy: 0.5126953125 sim: 0 mscr: 28.630615234375 nes: 170.89583333333331ori_Loss :6.060979843139648 sup_loss_0: 7.338217735290527 
DEBUG:root:Epoch: 20 Loss: 0.9521026611328125 accuracy: 0.5615234375 sim: 0 mscr: 28.633544921875 nes: 170.95833333333331ori_Loss :6.055289268493652 sup_loss_0: 7.326266288757324 
DEBUG:root:Epoch: 21 Loss: 0.9352172613143921 accuracy: 0.5859375 sim: 0 mscr: 28.6923828125 nes: 170.9375ori_Loss :6.095301151275635 sup_loss_0: 7.340329647064209 
DEBUG:root:Epoch: 22 Loss: 0.929308295249939 accuracy: 0.6591796875 sim: 0 mscr: 28.77197265625 nes: 170.87499999999997ori_Loss :6.031861305236816 sup_loss_0: 7.329644680023193 
DEBUG:root:Epoch: 23 Loss: 0.9035011529922485 accuracy: 0.7568359375 sim: 0 mscr: 28.82861328125 nes: 170.9375ori_Loss :6.094865798950195 sup_loss_0: 7.3794074058532715 
DEBUG:root:Epoch: 24 Loss: 0.8911513090133667 accuracy: 0.634765625 sim: 0 mscr: 28.785400390625 nes: 170.9375ori_Loss :6.121119976043701 sup_loss_0: 7.483803749084473 
DEBUG:root:Epoch: 25 Loss: 0.8907370567321777 accuracy: 0.537109375 sim: 0 mscr: 28.646240234375 nes: 170.91666666666663ori_Loss :6.081488609313965 sup_loss_0: 7.337102890014648 
DEBUG:root:Epoch: 26 Loss: 0.8584517240524292 accuracy: 0.6591796875 sim: 0 mscr: 28.661865234375 nes: 170.91666666666666ori_Loss :6.063348770141602 sup_loss_0: 7.436925888061523 
DEBUG:root:Epoch: 27 Loss: 0.8487739562988281 accuracy: 0.4638671875 sim: 0 mscr: 28.807861328125 nes: 170.97916666666669ori_Loss :6.045047760009766 sup_loss_0: 7.363739967346191 
DEBUG:root:Epoch: 28 Loss: 0.8231354355812073 accuracy: 0.537109375 sim: 0 mscr: 28.6484375 nes: 170.95833333333331ori_Loss :6.1031718254089355 sup_loss_0: 7.477300643920898 
DEBUG:root:Epoch: 29 Loss: 0.7902445793151855 accuracy: 0.5615234375 sim: 0 mscr: 28.714111328125 nes: 170.89583333333334ori_Loss :5.965871334075928 sup_loss_0: 7.44073486328125 
DEBUG:root:Epoch: 30 Loss: 0.784062385559082 accuracy: 0.5859375 sim: 0 mscr: 28.6279296875 nes: 170.91666666666663ori_Loss :6.069125652313232 sup_loss_0: 7.472286224365234 
DEBUG:root:Epoch: 31 Loss: 0.7603181004524231 accuracy: 0.5859375 sim: 0 mscr: 28.751953125 nes: 170.9375ori_Loss :6.0433125495910645 sup_loss_0: 7.565073013305664 
DEBUG:root:Epoch: 32 Loss: 0.726382315158844 accuracy: 0.6591796875 sim: 0 mscr: 28.760009765625 nes: 170.9375ori_Loss :5.987475872039795 sup_loss_0: 7.548210144042969 
DEBUG:root:Epoch: 33 Loss: 0.6974501609802246 accuracy: 0.6103515625 sim: 0 mscr: 28.69677734375 nes: 170.91666666666666ori_Loss :6.013472557067871 sup_loss_0: 7.673482418060303 
DEBUG:root:Epoch: 34 Loss: 0.6878219842910767 accuracy: 0.5615234375 sim: 0 mscr: 28.747802734375 nes: 170.89583333333334ori_Loss :6.068389415740967 sup_loss_0: 7.510920524597168 
DEBUG:root:Epoch: 35 Loss: 0.6328604817390442 accuracy: 0.6591796875 sim: 0 mscr: 28.683349609375 nes: 170.91666666666666ori_Loss :5.988823890686035 sup_loss_0: 7.7245917320251465 
DEBUG:root:Epoch: 36 Loss: 0.5999736189842224 accuracy: 0.6591796875 sim: 0 mscr: 28.662353515625 nes: 170.95833333333334ori_Loss :5.937946319580078 sup_loss_0: 7.70552396774292 
DEBUG:root:Epoch: 37 Loss: 0.5780640840530396 accuracy: 0.87890625 sim: 0 mscr: 28.771240234375 nes: 170.89583333333334ori_Loss :5.979710102081299 sup_loss_0: 7.801131248474121 
DEBUG:root:Epoch: 38 Loss: 0.5276216268539429 accuracy: 0.7568359375 sim: 0 mscr: 28.7265625 nes: 170.89583333333334ori_Loss :6.051700592041016 sup_loss_0: 7.827190399169922 
DEBUG:root:Epoch: 39 Loss: 0.509749710559845 accuracy: 0.634765625 sim: 0 mscr: 28.677734375 nes: 170.9375ori_Loss :5.952306270599365 sup_loss_0: 7.912344455718994 
DEBUG:root:Epoch: 40 Loss: 0.456988126039505 accuracy: 0.6103515625 sim: 0 mscr: 28.68310546875 nes: 170.89583333333334ori_Loss :5.999597072601318 sup_loss_0: 7.879434108734131 
DEBUG:root:Epoch: 41 Loss: 0.402956485748291 accuracy: 0.6103515625 sim: 0 mscr: 28.6953125 nes: 170.95833333333334ori_Loss :5.970634460449219 sup_loss_0: 7.93740177154541 
DEBUG:root:Epoch: 42 Loss: 0.3439105749130249 accuracy: 0.5126953125 sim: 0 mscr: 28.658203125 nes: 171.0ori_Loss :5.863372325897217 sup_loss_0: 7.918699264526367 
DEBUG:root:Epoch: 43 Loss: 0.31002742052078247 accuracy: 0.6103515625 sim: 0 mscr: 28.71240234375 nes: 170.89583333333334ori_Loss :6.030906677246094 sup_loss_0: 8.121981620788574 
DEBUG:root:Epoch: 44 Loss: 0.26274555921554565 accuracy: 0.830078125 sim: 0 mscr: 28.78857421875 nes: 170.875ori_Loss :6.002090930938721 sup_loss_0: 8.303380966186523 
DEBUG:root:Epoch: 45 Loss: 0.22040143609046936 accuracy: 0.5859375 sim: 0 mscr: 28.66845703125 nes: 170.87499999999997ori_Loss :5.97901725769043 sup_loss_0: 8.269208908081055 
DEBUG:root:Epoch: 46 Loss: 0.171610027551651 accuracy: 0.634765625 sim: 0 mscr: 28.793701171875 nes: 170.93749999999997ori_Loss :5.9371819496154785 sup_loss_0: 8.299627304077148 
DEBUG:root:Epoch: 47 Loss: 0.08781570196151733 accuracy: 0.68359375 sim: 0 mscr: 28.75537109375 nes: 170.93749999999997ori_Loss :5.864266872406006 sup_loss_0: 8.31004810333252 
DEBUG:root:Epoch: 48 Loss: 0.0413302481174469 accuracy: 0.5859375 sim: 0 mscr: 28.7197265625 nes: 170.89583333333334ori_Loss :6.020843505859375 sup_loss_0: 8.594963073730469 
DEBUG:root:Epoch: 49 Loss: -0.020851850509643555 accuracy: 0.5615234375 sim: 0 mscr: 28.701904296875 nes: 170.87499999999997ori_Loss :5.867241382598877 sup_loss_0: 8.567194938659668 
DEBUG:root:Epoch: 50 Loss: -0.06325265765190125 accuracy: 0.7080078125 sim: 0 mscr: 28.7412109375 nes: 170.9375ori_Loss :5.958245277404785 sup_loss_0: 8.627129554748535 
DEBUG:root:Epoch: 51 Loss: -0.11827856302261353 accuracy: 0.732421875 sim: 0 mscr: 28.764892578125 nes: 170.9375ori_Loss :6.0009894371032715 sup_loss_0: 8.759264945983887 
DEBUG:root:Epoch: 52 Loss: -0.2108304798603058 accuracy: 0.7080078125 sim: 0 mscr: 28.76708984375 nes: 170.89583333333331ori_Loss :5.855004787445068 sup_loss_0: 8.876720428466797 
DEBUG:root:Epoch: 53 Loss: -0.25830525159835815 accuracy: 0.7080078125 sim: 0 mscr: 28.679443359375 nes: 170.875ori_Loss :5.953268527984619 sup_loss_0: 8.972410202026367 
DEBUG:root:Epoch: 54 Loss: -0.333317369222641 accuracy: 0.634765625 sim: 0 mscr: 28.706787109375 nes: 170.95833333333334ori_Loss :5.91942024230957 sup_loss_0: 9.00126838684082 
DEBUG:root:Epoch: 55 Loss: -0.39885252714157104 accuracy: 0.87890625 sim: 0 mscr: 28.733154296875 nes: 170.89583333333334ori_Loss :5.83101749420166 sup_loss_0: 8.940129280090332 
DEBUG:root:Epoch: 56 Loss: -0.4819015860557556 accuracy: 0.7080078125 sim: 0 mscr: 28.700927734375 nes: 170.9375ori_Loss :6.042179584503174 sup_loss_0: 9.1513090133667 
DEBUG:root:Epoch: 57 Loss: -0.5335139036178589 accuracy: 1.025390625 sim: 0 mscr: 28.53759765625 nes: 170.89583333333334ori_Loss :5.752921104431152 sup_loss_0: 9.080775260925293 
DEBUG:root:Epoch: 58 Loss: -0.6396437883377075 accuracy: 0.7568359375 sim: 0 mscr: 28.73974609375 nes: 170.95833333333331ori_Loss :5.823333740234375 sup_loss_0: 9.292902946472168 
DEBUG:root:Epoch: 59 Loss: -0.6954778432846069 accuracy: 0.7080078125 sim: 0 mscr: 28.57275390625 nes: 170.85416666666663ori_Loss :6.000765800476074 sup_loss_0: 9.497516632080078 
DEBUG:root:Epoch: 60 Loss: -0.7538429498672485 accuracy: 0.9521484375 sim: 0 mscr: 28.66064453125 nes: 170.95833333333331ori_Loss :5.9584760665893555 sup_loss_0: 9.573108673095703 
DEBUG:root:Epoch: 61 Loss: -0.8308299779891968 accuracy: 0.8544921875 sim: 0 mscr: 28.669921875 nes: 170.875ori_Loss :5.870072364807129 sup_loss_0: 9.51600456237793 
DEBUG:root:Epoch: 62 Loss: -0.8808073997497559 accuracy: 1.0009765625 sim: 0 mscr: 28.7177734375 nes: 170.87500000000003ori_Loss :6.015564441680908 sup_loss_0: 9.870894432067871 
DEBUG:root:Epoch: 63 Loss: -0.9977868795394897 accuracy: 0.9033203125 sim: 0 mscr: 28.68896484375 nes: 170.89583333333331ori_Loss :5.848981857299805 sup_loss_0: 9.762402534484863 
DEBUG:root:Epoch: 64 Loss: -1.068527340888977 accuracy: 0.732421875 sim: 0 mscr: 28.728515625 nes: 170.91666666666666ori_Loss :5.8269243240356445 sup_loss_0: 9.873558044433594 
DEBUG:root:Epoch: 65 Loss: -1.1454429626464844 accuracy: 0.9033203125 sim: 0 mscr: 28.823486328125 nes: 170.9375ori_Loss :5.848830223083496 sup_loss_0: 9.941425323486328 
DEBUG:root:Epoch: 66 Loss: -1.21639084815979 accuracy: 0.9033203125 sim: 0 mscr: 28.62109375 nes: 170.95833333333334ori_Loss :5.889804840087891 sup_loss_0: 10.163806915283203 
DEBUG:root:Epoch: 67 Loss: -1.2765722274780273 accuracy: 0.7568359375 sim: 0 mscr: 28.72412109375 nes: 170.875ori_Loss :5.775866985321045 sup_loss_0: 10.147150039672852 
DEBUG:root:Epoch: 68 Loss: -1.3769159317016602 accuracy: 0.927734375 sim: 0 mscr: 28.73486328125 nes: 170.91666666666666ori_Loss :5.640220642089844 sup_loss_0: 10.340457916259766 
DEBUG:root:Epoch: 69 Loss: -1.4056968688964844 accuracy: 0.8544921875 sim: 0 mscr: 28.72509765625 nes: 170.95833333333331ori_Loss :5.885211944580078 sup_loss_0: 10.42299747467041 
DEBUG:root:Epoch: 70 Loss: -1.5019562244415283 accuracy: 1.07421875 sim: 0 mscr: 28.705322265625 nes: 170.89583333333331ori_Loss :5.602540969848633 sup_loss_0: 10.49148178100586 
DEBUG:root:Epoch: 71 Loss: -1.5762094259262085 accuracy: 0.9765625 sim: 0 mscr: 28.732666015625 nes: 170.89583333333331ori_Loss :5.862485885620117 sup_loss_0: 10.691784858703613 
DEBUG:root:Epoch: 72 Loss: -1.6274749040603638 accuracy: 0.9765625 sim: 0 mscr: 28.722412109375 nes: 170.9375ori_Loss :5.814269065856934 sup_loss_0: 10.480291366577148 
DEBUG:root:Epoch: 73 Loss: -1.7188400030136108 accuracy: 1.171875 sim: 0 mscr: 28.7734375 nes: 170.89583333333331ori_Loss :5.9056715965271 sup_loss_0: 10.732033729553223 
DEBUG:root:Epoch: 74 Loss: -1.7770819664001465 accuracy: 1.025390625 sim: 0 mscr: 28.749267578125 nes: 170.9375ori_Loss :5.688223838806152 sup_loss_0: 10.764050483703613 
DEBUG:root:Epoch: 75 Loss: -1.8433599472045898 accuracy: 1.220703125 sim: 0 mscr: 28.749755859375 nes: 170.9375ori_Loss :5.61277437210083 sup_loss_0: 10.73568344116211 
DEBUG:root:Epoch: 76 Loss: -1.937631607055664 accuracy: 1.1962890625 sim: 0 mscr: 28.7568359375 nes: 170.9375ori_Loss :5.662297248840332 sup_loss_0: 11.001251220703125 
DEBUG:root:Epoch: 77 Loss: -1.9679577350616455 accuracy: 1.0986328125 sim: 0 mscr: 28.744140625 nes: 170.91666666666666ori_Loss :5.588303089141846 sup_loss_0: 10.739983558654785 
DEBUG:root:Epoch: 78 Loss: -2.037675142288208 accuracy: 0.927734375 sim: 0 mscr: 28.58447265625 nes: 170.95833333333334ori_Loss :5.624912261962891 sup_loss_0: 11.069681167602539 
DEBUG:root:Epoch: 79 Loss: -2.0871028900146484 accuracy: 0.9521484375 sim: 0 mscr: 28.692626953125 nes: 170.85416666666666ori_Loss :5.7743239402771 sup_loss_0: 11.389921188354492 
DEBUG:root:Epoch: 80 Loss: -2.1913485527038574 accuracy: 1.416015625 sim: 0 mscr: 28.7646484375 nes: 170.9375ori_Loss :5.6802191734313965 sup_loss_0: 11.365886688232422 
DEBUG:root:Epoch: 81 Loss: -2.2394824028015137 accuracy: 1.220703125 sim: 0 mscr: 28.792236328125 nes: 170.9375ori_Loss :5.676197052001953 sup_loss_0: 11.359407424926758 
DEBUG:root:Epoch: 82 Loss: -2.3349971771240234 accuracy: 1.46484375 sim: 0 mscr: 28.759765625 nes: 170.89583333333331ori_Loss :5.364136695861816 sup_loss_0: 11.045320510864258 
DEBUG:root:Epoch: 83 Loss: -2.3144986629486084 accuracy: 1.3671875 sim: 0 mscr: 28.763427734375 nes: 170.875ori_Loss :5.60605001449585 sup_loss_0: 11.400869369506836 
DEBUG:root:Epoch: 84 Loss: -2.425699234008789 accuracy: 1.318359375 sim: 0 mscr: 28.669677734375 nes: 170.91666666666663ori_Loss :5.771127700805664 sup_loss_0: 11.651610374450684 
DEBUG:root:Epoch: 85 Loss: -2.482172966003418 accuracy: 1.220703125 sim: 0 mscr: 28.7568359375 nes: 170.875ori_Loss :5.587923526763916 sup_loss_0: 11.780366897583008 
DEBUG:root:Epoch: 86 Loss: -2.560018539428711 accuracy: 1.513671875 sim: 0 mscr: 28.735107421875 nes: 170.89583333333334ori_Loss :5.72121000289917 sup_loss_0: 11.857827186584473 
DEBUG:root:Epoch: 87 Loss: -2.5940909385681152 accuracy: 1.1962890625 sim: 0 mscr: 28.699462890625 nes: 170.9375ori_Loss :5.74868106842041 sup_loss_0: 12.062970161437988 
DEBUG:root:Epoch: 88 Loss: -2.6731112003326416 accuracy: 1.2939453125 sim: 0 mscr: 28.67626953125 nes: 170.91666666666666ori_Loss :5.6077561378479 sup_loss_0: 11.928159713745117 
DEBUG:root:Epoch: 89 Loss: -2.714366912841797 accuracy: 1.3671875 sim: 0 mscr: 28.713134765625 nes: 170.91666666666669ori_Loss :5.498311519622803 sup_loss_0: 12.016321182250977 
DEBUG:root:Epoch: 90 Loss: -2.795133590698242 accuracy: 1.416015625 sim: 0 mscr: 28.600341796875 nes: 170.89583333333334ori_Loss :5.657679080963135 sup_loss_0: 12.140010833740234 
DEBUG:root:Epoch: 91 Loss: -2.811216115951538 accuracy: 1.4892578125 sim: 0 mscr: 28.829345703125 nes: 170.89583333333334ori_Loss :5.699213027954102 sup_loss_0: 12.225677490234375 
DEBUG:root:Epoch: 92 Loss: -2.8936898708343506 accuracy: 1.3916015625 sim: 0 mscr: 28.607421875 nes: 170.89583333333334ori_Loss :5.4441728591918945 sup_loss_0: 12.200013160705566 
DEBUG:root:Epoch: 93 Loss: -2.9545998573303223 accuracy: 1.708984375 sim: 0 mscr: 28.662109375 nes: 170.89583333333331ori_Loss :5.515686988830566 sup_loss_0: 12.05081558227539 
DEBUG:root:Epoch: 94 Loss: -2.9896106719970703 accuracy: 1.611328125 sim: 0 mscr: 28.819580078125 nes: 170.95833333333331ori_Loss :5.615656852722168 sup_loss_0: 12.262998580932617 
DEBUG:root:Epoch: 95 Loss: -3.04378604888916 accuracy: 1.6357421875 sim: 0 mscr: 28.605224609375 nes: 170.91666666666666ori_Loss :5.599978446960449 sup_loss_0: 12.36327838897705 
DEBUG:root:Epoch: 96 Loss: -3.12015438079834 accuracy: 1.220703125 sim: 0 mscr: 28.704833984375 nes: 170.89583333333331ori_Loss :5.4220075607299805 sup_loss_0: 12.307004928588867 
DEBUG:root:Epoch: 97 Loss: -3.1104400157928467 accuracy: 1.7578125 sim: 0 mscr: 28.75537109375 nes: 170.91666666666663ori_Loss :5.4655442237854 sup_loss_0: 12.36951732635498 
DEBUG:root:Epoch: 98 Loss: -3.191931962966919 accuracy: 1.611328125 sim: 0 mscr: 28.581298828125 nes: 170.9375ori_Loss :5.516914367675781 sup_loss_0: 12.632701873779297 
DEBUG:root:Epoch: 99 Loss: -3.235989809036255 accuracy: 1.7333984375 sim: 0 mscr: 28.738525390625 nes: 170.91666666666669ori_Loss :5.260743141174316 sup_loss_0: 12.204957962036133 
DEBUG:root:Epoch: 100 Loss: -3.25350284576416 accuracy: 1.26953125 sim: 0 mscr: 28.72998046875 nes: 170.89583333333334ori_Loss :5.436774730682373 sup_loss_0: 12.303803443908691 
DEBUG:root:Epoch: 101 Loss: -3.305678129196167 accuracy: 1.46484375 sim: 0 mscr: 28.697265625 nes: 170.93749999999997ori_Loss :5.428595066070557 sup_loss_0: 12.326759338378906 
DEBUG:root:Epoch: 102 Loss: -3.3541460037231445 accuracy: 1.806640625 sim: 0 mscr: 28.5966796875 nes: 170.91666666666666ori_Loss :5.377442359924316 sup_loss_0: 12.499748229980469 
DEBUG:root:Epoch: 103 Loss: -3.385063886642456 accuracy: 1.85546875 sim: 0 mscr: 28.81787109375 nes: 170.91666666666669ori_Loss :5.618045806884766 sup_loss_0: 13.008718490600586 
DEBUG:root:Epoch: 104 Loss: -3.4418251514434814 accuracy: 1.3671875 sim: 0 mscr: 28.734375 nes: 170.89583333333331ori_Loss :5.510845184326172 sup_loss_0: 12.870149612426758 
DEBUG:root:Epoch: 105 Loss: -3.4771885871887207 accuracy: 1.8798828125 sim: 0 mscr: 28.717041015625 nes: 170.97916666666666ori_Loss :5.348296165466309 sup_loss_0: 12.783536911010742 
DEBUG:root:Epoch: 106 Loss: -3.507401466369629 accuracy: 1.6845703125 sim: 0 mscr: 28.75634765625 nes: 170.89583333333334ori_Loss :5.466879367828369 sup_loss_0: 12.787988662719727 
DEBUG:root:Epoch: 107 Loss: -3.5557682514190674 accuracy: 1.6845703125 sim: 0 mscr: 28.761474609375 nes: 170.97916666666666ori_Loss :5.393489360809326 sup_loss_0: 12.747541427612305 
DEBUG:root:Epoch: 108 Loss: -3.582293748855591 accuracy: 1.6357421875 sim: 0 mscr: 28.65966796875 nes: 170.91666666666663ori_Loss :5.439634323120117 sup_loss_0: 12.88313102722168 
DEBUG:root:Epoch: 109 Loss: -3.6555023193359375 accuracy: 1.8310546875 sim: 0 mscr: 28.87841796875 nes: 170.875ori_Loss :5.284025192260742 sup_loss_0: 13.05935001373291 
DEBUG:root:Epoch: 110 Loss: -3.6749746799468994 accuracy: 1.6845703125 sim: 0 mscr: 28.69140625 nes: 170.85416666666666ori_Loss :5.4433698654174805 sup_loss_0: 12.926051139831543 
DEBUG:root:Epoch: 111 Loss: -3.707831859588623 accuracy: 1.8798828125 sim: 0 mscr: 28.622314453125 nes: 170.89583333333334ori_Loss :5.46941614151001 sup_loss_0: 13.228791236877441 
DEBUG:root:Epoch: 112 Loss: -3.730414628982544 accuracy: 2.24609375 sim: 0 mscr: 28.595458984375 nes: 170.89583333333331ori_Loss :5.225482940673828 sup_loss_0: 12.726240158081055 
DEBUG:root:Epoch: 113 Loss: -3.7888731956481934 accuracy: 1.6845703125 sim: 0 mscr: 28.64208984375 nes: 170.97916666666666ori_Loss :5.371847629547119 sup_loss_0: 13.09726333618164 
DEBUG:root:Epoch: 114 Loss: -3.7913331985473633 accuracy: 2.099609375 sim: 0 mscr: 28.736083984375 nes: 170.91666666666666ori_Loss :5.389662742614746 sup_loss_0: 12.946059226989746 
DEBUG:root:Epoch: 115 Loss: -3.812222957611084 accuracy: 2.05078125 sim: 0 mscr: 28.7998046875 nes: 170.9375ori_Loss :5.312580585479736 sup_loss_0: 13.101007461547852 
DEBUG:root:Epoch: 116 Loss: -3.8597471714019775 accuracy: 2.2216796875 sim: 0 mscr: 28.667724609375 nes: 170.91666666666666ori_Loss :5.33675479888916 sup_loss_0: 13.326620101928711 
DEBUG:root:Epoch: 117 Loss: -3.9032955169677734 accuracy: 2.0263671875 sim: 0 mscr: 28.673828125 nes: 170.89583333333334ori_Loss :5.3942365646362305 sup_loss_0: 13.218570709228516 
DEBUG:root:Epoch: 118 Loss: -3.9464404582977295 accuracy: 1.9775390625 sim: 0 mscr: 28.75390625 nes: 170.85416666666666ori_Loss :5.343273162841797 sup_loss_0: 13.33380126953125 
DEBUG:root:Epoch: 119 Loss: -3.998917579650879 accuracy: 2.3681640625 sim: 0 mscr: 28.802001953125 nes: 170.91666666666666ori_Loss :5.4065446853637695 sup_loss_0: 13.234285354614258 
DEBUG:root:Epoch: 120 Loss: -4.012956619262695 accuracy: 2.2216796875 sim: 0 mscr: 28.78369140625 nes: 170.89583333333331ori_Loss :5.280014514923096 sup_loss_0: 13.314006805419922 
DEBUG:root:Epoch: 121 Loss: -4.010916709899902 accuracy: 2.44140625 sim: 0 mscr: 28.6767578125 nes: 170.93749999999997ori_Loss :5.40327787399292 sup_loss_0: 13.429676055908203 
DEBUG:root:Epoch: 122 Loss: -4.045810222625732 accuracy: 2.34375 sim: 0 mscr: 28.73388671875 nes: 170.91666666666666ori_Loss :5.390205383300781 sup_loss_0: 13.35942268371582 
DEBUG:root:Epoch: 123 Loss: -4.0668134689331055 accuracy: 2.7099609375 sim: 0 mscr: 28.69580078125 nes: 170.89583333333334ori_Loss :5.21922492980957 sup_loss_0: 13.101648330688477 
DEBUG:root:Epoch: 124 Loss: -4.135767936706543 accuracy: 2.685546875 sim: 0 mscr: 28.68505859375 nes: 170.91666666666669ori_Loss :5.196322917938232 sup_loss_0: 13.704647064208984 
DEBUG:root:Epoch: 125 Loss: -4.140674114227295 accuracy: 2.587890625 sim: 0 mscr: 28.67529296875 nes: 170.95833333333334ori_Loss :5.039192199707031 sup_loss_0: 13.358257293701172 
DEBUG:root:Epoch: 126 Loss: -4.14910364151001 accuracy: 2.197265625 sim: 0 mscr: 28.78564453125 nes: 170.9375ori_Loss :5.332286357879639 sup_loss_0: 13.540973663330078 
DEBUG:root:Epoch: 127 Loss: -4.199977874755859 accuracy: 2.3681640625 sim: 0 mscr: 28.675048828125 nes: 170.89583333333334ori_Loss :5.289466857910156 sup_loss_0: 13.470193862915039 
DEBUG:root:Epoch: 128 Loss: -4.212156295776367 accuracy: 2.5146484375 sim: 0 mscr: 28.736328125 nes: 170.85416666666666ori_Loss :5.150140285491943 sup_loss_0: 13.316572189331055 
DEBUG:root:Epoch: 129 Loss: -4.215635299682617 accuracy: 2.4169921875 sim: 0 mscr: 28.51806640625 nes: 170.85416666666666ori_Loss :5.26613187789917 sup_loss_0: 13.71263313293457 
DEBUG:root:Epoch: 130 Loss: -4.266356945037842 accuracy: 2.44140625 sim: 0 mscr: 28.757568359375 nes: 170.875ori_Loss :5.15934944152832 sup_loss_0: 13.416400909423828 
DEBUG:root:Epoch: 131 Loss: -4.26840353012085 accuracy: 2.9296875 sim: 0 mscr: 28.697998046875 nes: 170.91666666666666ori_Loss :5.182595729827881 sup_loss_0: 13.336971282958984 
DEBUG:root:Epoch: 132 Loss: -4.318357944488525 accuracy: 2.63671875 sim: 0 mscr: 28.725341796875 nes: 170.91666666666666ori_Loss :5.267884254455566 sup_loss_0: 13.535355567932129 
DEBUG:root:Epoch: 133 Loss: -4.306160926818848 accuracy: 3.3935546875 sim: 0 mscr: 28.749755859375 nes: 170.89583333333331ori_Loss :5.167460918426514 sup_loss_0: 13.66447639465332 
DEBUG:root:Epoch: 134 Loss: -4.3447771072387695 accuracy: 2.5146484375 sim: 0 mscr: 28.60009765625 nes: 170.875ori_Loss :5.160223484039307 sup_loss_0: 13.600238800048828 
DEBUG:root:Epoch: 135 Loss: -4.386562347412109 accuracy: 3.02734375 sim: 0 mscr: 28.6689453125 nes: 170.91666666666666ori_Loss :5.260537147521973 sup_loss_0: 13.638233184814453 
DEBUG:root:Epoch: 136 Loss: -4.371155261993408 accuracy: 2.9541015625 sim: 0 mscr: 28.78173828125 nes: 170.93749999999997ori_Loss :5.116584777832031 sup_loss_0: 13.540899276733398 
DEBUG:root:Epoch: 137 Loss: -4.397466659545898 accuracy: 3.02734375 sim: 0 mscr: 28.83642578125 nes: 170.97916666666669ori_Loss :5.1268181800842285 sup_loss_0: 13.475537300109863 
DEBUG:root:Epoch: 138 Loss: -4.425416946411133 accuracy: 3.466796875 sim: 0 mscr: 28.652587890625 nes: 170.95833333333334ori_Loss :5.168452262878418 sup_loss_0: 13.90891170501709 
DEBUG:root:Epoch: 139 Loss: -4.456665515899658 accuracy: 3.22265625 sim: 0 mscr: 28.752685546875 nes: 170.9375ori_Loss :5.240085601806641 sup_loss_0: 13.904937744140625 
DEBUG:root:Epoch: 140 Loss: -4.486554145812988 accuracy: 2.9296875 sim: 0 mscr: 28.7470703125 nes: 170.875ori_Loss :5.134945869445801 sup_loss_0: 13.850584030151367 
DEBUG:root:Epoch: 141 Loss: -4.483209609985352 accuracy: 2.8564453125 sim: 0 mscr: 28.6455078125 nes: 170.95833333333331ori_Loss :5.198028564453125 sup_loss_0: 13.668902397155762 
DEBUG:root:Epoch: 142 Loss: -4.520824432373047 accuracy: 3.4912109375 sim: 0 mscr: 28.754638671875 nes: 170.89583333333334ori_Loss :5.083806037902832 sup_loss_0: 13.637544631958008 
DEBUG:root:Epoch: 143 Loss: -4.545478820800781 accuracy: 3.173828125 sim: 0 mscr: 28.63623046875 nes: 170.89583333333331ori_Loss :5.157894134521484 sup_loss_0: 13.847110748291016 
DEBUG:root:Epoch: 144 Loss: -4.535787105560303 accuracy: 3.076171875 sim: 0 mscr: 28.74951171875 nes: 170.93749999999997ori_Loss :5.163910388946533 sup_loss_0: 13.733333587646484 
DEBUG:root:Epoch: 145 Loss: -4.540582180023193 accuracy: 3.076171875 sim: 0 mscr: 28.756103515625 nes: 170.91666666666669ori_Loss :5.189026355743408 sup_loss_0: 13.932969093322754 
DEBUG:root:Epoch: 146 Loss: -4.552448749542236 accuracy: 3.369140625 sim: 0 mscr: 28.574951171875 nes: 170.89583333333331ori_Loss :5.040561199188232 sup_loss_0: 13.890304565429688 
DEBUG:root:Epoch: 147 Loss: -4.595324516296387 accuracy: 3.369140625 sim: 0 mscr: 28.84521484375 nes: 170.89583333333331ori_Loss :5.180584907531738 sup_loss_0: 14.063701629638672 
DEBUG:root:Epoch: 148 Loss: -4.60903787612915 accuracy: 2.8564453125 sim: 0 mscr: 28.72998046875 nes: 170.91666666666666ori_Loss :4.99016809463501 sup_loss_0: 13.797325134277344 
DEBUG:root:Epoch: 149 Loss: -4.601848125457764 accuracy: 2.685546875 sim: 0 mscr: 28.61279296875 nes: 170.91666666666666ori_Loss :5.075280666351318 sup_loss_0: 13.765137672424316 
DEBUG:root:Epoch: 150 Loss: -4.628602504730225 accuracy: 3.369140625 sim: 0 mscr: 28.683837890625 nes: 170.95833333333331ori_Loss :5.043300151824951 sup_loss_0: 13.757156372070312 
DEBUG:root:Epoch: 151 Loss: -4.648024559020996 accuracy: 3.5888671875 sim: 0 mscr: 28.803466796875 nes: 170.89583333333331ori_Loss :5.278254985809326 sup_loss_0: 13.985481262207031 
DEBUG:root:Epoch: 152 Loss: -4.650213241577148 accuracy: 3.515625 sim: 0 mscr: 28.6005859375 nes: 170.83333333333334ori_Loss :4.961184024810791 sup_loss_0: 13.81750202178955 
DEBUG:root:Epoch: 153 Loss: -4.683561325073242 accuracy: 3.61328125 sim: 0 mscr: 28.70068359375 nes: 170.91666666666666ori_Loss :4.99619197845459 sup_loss_0: 13.915090560913086 
DEBUG:root:Epoch: 154 Loss: -4.68963623046875 accuracy: 3.90625 sim: 0 mscr: 28.607666015625 nes: 170.97916666666666ori_Loss :5.097866058349609 sup_loss_0: 14.089117050170898 
DEBUG:root:Epoch: 155 Loss: -4.721903324127197 accuracy: 3.4423828125 sim: 0 mscr: 28.662353515625 nes: 170.9375ori_Loss :5.01594877243042 sup_loss_0: 13.935226440429688 
DEBUG:root:Epoch: 156 Loss: -4.740915775299072 accuracy: 3.7353515625 sim: 0 mscr: 28.705322265625 nes: 170.91666666666663ori_Loss :5.0291852951049805 sup_loss_0: 14.183038711547852 
DEBUG:root:Epoch: 157 Loss: -4.747232913970947 accuracy: 3.759765625 sim: 0 mscr: 28.816650390625 nes: 170.95833333333331ori_Loss :4.965430736541748 sup_loss_0: 13.688751220703125 
DEBUG:root:Epoch: 158 Loss: -4.729822158813477 accuracy: 3.6376953125 sim: 0 mscr: 28.6142578125 nes: 170.91666666666663ori_Loss :5.186444282531738 sup_loss_0: 14.10153579711914 
DEBUG:root:Epoch: 159 Loss: -4.767313480377197 accuracy: 3.80859375 sim: 0 mscr: 28.735107421875 nes: 170.91666666666666ori_Loss :5.007277965545654 sup_loss_0: 14.10879135131836 
DEBUG:root:Epoch: 160 Loss: -4.773468494415283 accuracy: 3.564453125 sim: 0 mscr: 28.843017578125 nes: 170.81249999999997ori_Loss :5.110363006591797 sup_loss_0: 13.961830139160156 
DEBUG:root:Epoch: 161 Loss: -4.806009769439697 accuracy: 3.7353515625 sim: 0 mscr: 28.7001953125 nes: 170.9375ori_Loss :5.034692287445068 sup_loss_0: 13.945813179016113 
DEBUG:root:Epoch: 162 Loss: -4.808494567871094 accuracy: 3.369140625 sim: 0 mscr: 28.760009765625 nes: 170.93749999999997ori_Loss :5.0584716796875 sup_loss_0: 13.997312545776367 
DEBUG:root:Epoch: 163 Loss: -4.81988525390625 accuracy: 3.7841796875 sim: 0 mscr: 28.73779296875 nes: 170.83333333333334ori_Loss :5.1697773933410645 sup_loss_0: 14.286235809326172 
DEBUG:root:Epoch: 164 Loss: -4.829084396362305 accuracy: 3.7109375 sim: 0 mscr: 28.77587890625 nes: 170.9375ori_Loss :4.971496105194092 sup_loss_0: 14.069698333740234 
DEBUG:root:Epoch: 165 Loss: -4.865716457366943 accuracy: 4.248046875 sim: 0 mscr: 28.74853515625 nes: 170.95833333333334ori_Loss :4.95502233505249 sup_loss_0: 14.011674880981445 
DEBUG:root:Epoch: 166 Loss: -4.830008506774902 accuracy: 4.4189453125 sim: 0 mscr: 28.78759765625 nes: 170.9375ori_Loss :5.022593975067139 sup_loss_0: 13.901445388793945 
DEBUG:root:Epoch: 167 Loss: -4.8557329177856445 accuracy: 3.90625 sim: 0 mscr: 28.653076171875 nes: 170.875ori_Loss :5.011959552764893 sup_loss_0: 13.966140747070312 
DEBUG:root:Epoch: 168 Loss: -4.8692803382873535 accuracy: 4.248046875 sim: 0 mscr: 28.604248046875 nes: 170.91666666666663ori_Loss :4.995508193969727 sup_loss_0: 14.203153610229492 
DEBUG:root:Epoch: 169 Loss: -4.883341312408447 accuracy: 4.4189453125 sim: 0 mscr: 28.76953125 nes: 170.89583333333334ori_Loss :4.981802463531494 sup_loss_0: 14.320051193237305 
DEBUG:root:Epoch: 170 Loss: -4.893612861633301 accuracy: 4.1015625 sim: 0 mscr: 28.596923828125 nes: 170.91666666666666ori_Loss :5.147540092468262 sup_loss_0: 14.157159805297852 
DEBUG:root:Epoch: 171 Loss: -4.9170756340026855 accuracy: 4.3212890625 sim: 0 mscr: 28.698486328125 nes: 170.93749999999997ori_Loss :5.040029525756836 sup_loss_0: 14.120054244995117 
DEBUG:root:Epoch: 172 Loss: -4.910347938537598 accuracy: 4.296875 sim: 0 mscr: 28.8310546875 nes: 170.91666666666666ori_Loss :4.974386692047119 sup_loss_0: 14.0593843460083 
DEBUG:root:Epoch: 173 Loss: -4.92647647857666 accuracy: 3.8818359375 sim: 0 mscr: 28.685791015625 nes: 170.9375ori_Loss :4.937644004821777 sup_loss_0: 14.209108352661133 
DEBUG:root:Epoch: 174 Loss: -4.927174091339111 accuracy: 4.19921875 sim: 0 mscr: 28.66748046875 nes: 170.89583333333334ori_Loss :4.968876361846924 sup_loss_0: 14.101658821105957 
DEBUG:root:Epoch: 175 Loss: -4.9327898025512695 accuracy: 4.7119140625 sim: 0 mscr: 28.646484375 nes: 170.91666666666666ori_Loss :4.968667984008789 sup_loss_0: 14.266080856323242 
DEBUG:root:Epoch: 176 Loss: -4.937019348144531 accuracy: 4.931640625 sim: 0 mscr: 28.5986328125 nes: 170.91666666666666ori_Loss :5.074685573577881 sup_loss_0: 14.261691093444824 
DEBUG:root:Epoch: 177 Loss: -4.940042495727539 accuracy: 4.6142578125 sim: 0 mscr: 28.8466796875 nes: 170.89583333333331ori_Loss :4.952569007873535 sup_loss_0: 14.155509948730469 
DEBUG:root:Epoch: 178 Loss: -4.976550579071045 accuracy: 4.6142578125 sim: 0 mscr: 28.615478515625 nes: 170.91666666666666ori_Loss :5.028753757476807 sup_loss_0: 14.306377410888672 
DEBUG:root:Epoch: 179 Loss: -4.977508068084717 accuracy: 5.078125 sim: 0 mscr: 28.81298828125 nes: 170.85416666666666ori_Loss :4.904592990875244 sup_loss_0: 14.288942337036133 
DEBUG:root:Epoch: 180 Loss: -5.022847652435303 accuracy: 5.126953125 sim: 0 mscr: 28.724365234375 nes: 170.87499999999997ori_Loss :4.875705718994141 sup_loss_0: 14.279733657836914 
DEBUG:root:Epoch: 181 Loss: -5.011547088623047 accuracy: 4.7607421875 sim: 0 mscr: 28.609619140625 nes: 170.93749999999997ori_Loss :4.949178695678711 sup_loss_0: 14.21296501159668 
DEBUG:root:Epoch: 182 Loss: -5.013692378997803 accuracy: 4.8095703125 sim: 0 mscr: 28.609130859375 nes: 170.89583333333331ori_Loss :4.827740669250488 sup_loss_0: 14.151971817016602 
DEBUG:root:Epoch: 183 Loss: -5.005627155303955 accuracy: 4.6142578125 sim: 0 mscr: 28.549072265625 nes: 170.89583333333334ori_Loss :4.911940097808838 sup_loss_0: 14.276976585388184 
DEBUG:root:Epoch: 184 Loss: -5.0075507164001465 accuracy: 4.78515625 sim: 0 mscr: 28.680908203125 nes: 170.95833333333331ori_Loss :4.914845943450928 sup_loss_0: 14.21006965637207 
DEBUG:root:Epoch: 185 Loss: -5.0343804359436035 accuracy: 4.7119140625 sim: 0 mscr: 28.742431640625 nes: 170.85416666666666ori_Loss :4.8892645835876465 sup_loss_0: 14.130195617675781 
DEBUG:root:Epoch: 186 Loss: -5.029184818267822 accuracy: 5.517578125 sim: 0 mscr: 28.6435546875 nes: 170.89583333333334ori_Loss :5.00901985168457 sup_loss_0: 14.393579483032227 
DEBUG:root:Epoch: 187 Loss: -5.045808792114258 accuracy: 5.029296875 sim: 0 mscr: 28.745849609375 nes: 170.95833333333334ori_Loss :4.920037269592285 sup_loss_0: 14.249216079711914 
DEBUG:root:Epoch: 188 Loss: -5.032590866088867 accuracy: 5.1025390625 sim: 0 mscr: 28.61962890625 nes: 170.95833333333334ori_Loss :4.906444549560547 sup_loss_0: 14.22172737121582 
DEBUG:root:Epoch: 189 Loss: -5.065487384796143 accuracy: 5.029296875 sim: 0 mscr: 28.748046875 nes: 170.91666666666669ori_Loss :4.951725959777832 sup_loss_0: 14.412433624267578 
DEBUG:root:Epoch: 190 Loss: -5.065810680389404 accuracy: 5.46875 sim: 0 mscr: 28.751708984375 nes: 170.93749999999997ori_Loss :4.78765869140625 sup_loss_0: 14.089279174804688 
DEBUG:root:Epoch: 191 Loss: -5.073807716369629 accuracy: 5.6396484375 sim: 0 mscr: 28.5859375 nes: 170.87499999999997ori_Loss :4.843501567840576 sup_loss_0: 14.269055366516113 
DEBUG:root:Epoch: 192 Loss: -5.083409786224365 accuracy: 5.2734375 sim: 0 mscr: 28.662109375 nes: 170.87499999999997ori_Loss :4.82478666305542 sup_loss_0: 14.300618171691895 
DEBUG:root:Epoch: 193 Loss: -5.083583354949951 accuracy: 5.126953125 sim: 0 mscr: 28.698486328125 nes: 170.95833333333331ori_Loss :4.934486389160156 sup_loss_0: 14.31161880493164 
DEBUG:root:Epoch: 194 Loss: -5.08449125289917 accuracy: 4.931640625 sim: 0 mscr: 28.72314453125 nes: 170.89583333333334ori_Loss :4.872851848602295 sup_loss_0: 14.185215950012207 
DEBUG:root:Epoch: 195 Loss: -5.0790300369262695 accuracy: 5.2978515625 sim: 0 mscr: 28.7568359375 nes: 170.85416666666666ori_Loss :4.958045482635498 sup_loss_0: 14.286199569702148 
DEBUG:root:Epoch: 196 Loss: -5.09860372543335 accuracy: 5.0537109375 sim: 0 mscr: 28.7666015625 nes: 170.95833333333331ori_Loss :4.974387168884277 sup_loss_0: 14.277517318725586 
DEBUG:root:Epoch: 197 Loss: -5.108941555023193 accuracy: 6.1767578125 sim: 0 mscr: 28.68798828125 nes: 170.91666666666663ori_Loss :4.928713798522949 sup_loss_0: 14.407278060913086 
DEBUG:root:Epoch: 198 Loss: -5.128996849060059 accuracy: 4.9560546875 sim: 0 mscr: 28.812255859375 nes: 170.875ori_Loss :4.9128875732421875 sup_loss_0: 14.317167282104492 
DEBUG:root:Epoch: 199 Loss: -5.122969627380371 accuracy: 6.3720703125 sim: 0 mscr: 28.6533203125 nes: 170.91666666666666ori_Loss :4.80033540725708 sup_loss_0: 14.233782768249512 
DEBUG:root:Epoch: 200 Loss: -5.115524768829346 accuracy: 5.2490234375 sim: 0 mscr: 28.742919921875 nes: 170.91666666666666ori_Loss :4.982023239135742 sup_loss_0: 14.389104843139648 
DEBUG:root:Epoch: 201 Loss: -5.130489826202393 accuracy: 5.615234375 sim: 0 mscr: 28.6865234375 nes: 170.89583333333334ori_Loss :4.824399948120117 sup_loss_0: 14.071956634521484 
DEBUG:root:Epoch: 202 Loss: -5.125380516052246 accuracy: 6.2744140625 sim: 0 mscr: 28.71826171875 nes: 170.97916666666669ori_Loss :4.918732643127441 sup_loss_0: 14.307445526123047 
DEBUG:root:Epoch: 203 Loss: -5.142475605010986 accuracy: 5.6884765625 sim: 0 mscr: 28.696044921875 nes: 170.91666666666669ori_Loss :4.814405918121338 sup_loss_0: 14.12845230102539 
DEBUG:root:Epoch: 204 Loss: -5.14763879776001 accuracy: 6.0791015625 sim: 0 mscr: 28.686279296875 nes: 170.875ori_Loss :4.896501064300537 sup_loss_0: 14.431900978088379 
DEBUG:root:Epoch: 205 Loss: -5.161334037780762 accuracy: 5.859375 sim: 0 mscr: 28.68701171875 nes: 170.89583333333334ori_Loss :4.796712398529053 sup_loss_0: 14.304394721984863 
DEBUG:root:Epoch: 206 Loss: -5.168882369995117 accuracy: 5.8349609375 sim: 0 mscr: 28.668212890625 nes: 170.87499999999997ori_Loss :4.782241344451904 sup_loss_0: 14.291075706481934 
DEBUG:root:Epoch: 207 Loss: -5.154150485992432 accuracy: 5.615234375 sim: 0 mscr: 28.76953125 nes: 170.83333333333331ori_Loss :4.8254265785217285 sup_loss_0: 14.306493759155273 
DEBUG:root:Epoch: 208 Loss: -5.158598899841309 accuracy: 5.517578125 sim: 0 mscr: 28.712646484375 nes: 170.97916666666669ori_Loss :4.841309070587158 sup_loss_0: 14.339203834533691 
DEBUG:root:Epoch: 209 Loss: -5.168290138244629 accuracy: 6.982421875 sim: 0 mscr: 28.864013671875 nes: 170.91666666666666ori_Loss :4.790849208831787 sup_loss_0: 14.289141654968262 
DEBUG:root:Epoch: 210 Loss: -5.171297073364258 accuracy: 6.25 sim: 0 mscr: 28.594482421875 nes: 170.875ori_Loss :4.806966304779053 sup_loss_0: 14.366092681884766 
DEBUG:root:Epoch: 211 Loss: -5.187948226928711 accuracy: 6.201171875 sim: 0 mscr: 28.602783203125 nes: 170.85416666666663ori_Loss :4.8044352531433105 sup_loss_0: 14.283453941345215 
DEBUG:root:Epoch: 212 Loss: -5.184597969055176 accuracy: 6.3720703125 sim: 0 mscr: 28.807373046875 nes: 170.9375ori_Loss :4.7780375480651855 sup_loss_0: 14.345447540283203 
DEBUG:root:Epoch: 213 Loss: -5.186652183532715 accuracy: 6.4697265625 sim: 0 mscr: 28.65771484375 nes: 170.9375ori_Loss :4.881640911102295 sup_loss_0: 14.37109088897705 
DEBUG:root:Epoch: 214 Loss: -5.191476821899414 accuracy: 6.5185546875 sim: 0 mscr: 28.702392578125 nes: 170.91666666666666ori_Loss :4.848390102386475 sup_loss_0: 14.369115829467773 
DEBUG:root:Epoch: 215 Loss: -5.224869251251221 accuracy: 6.73828125 sim: 0 mscr: 28.693603515625 nes: 170.93749999999997ori_Loss :4.894851207733154 sup_loss_0: 14.453250885009766 
DEBUG:root:Epoch: 216 Loss: -5.203029632568359 accuracy: 5.859375 sim: 0 mscr: 28.710205078125 nes: 170.89583333333331ori_Loss :4.813230514526367 sup_loss_0: 14.250849723815918 
DEBUG:root:Epoch: 217 Loss: -5.196173191070557 accuracy: 6.5673828125 sim: 0 mscr: 28.705322265625 nes: 170.9375ori_Loss :4.829533100128174 sup_loss_0: 14.302534103393555 
DEBUG:root:Epoch: 218 Loss: -5.213515758514404 accuracy: 6.5673828125 sim: 0 mscr: 28.764892578125 nes: 170.875ori_Loss :4.8451032638549805 sup_loss_0: 14.279632568359375 
DEBUG:root:Epoch: 219 Loss: -5.191554069519043 accuracy: 6.005859375 sim: 0 mscr: 28.694091796875 nes: 170.91666666666669ori_Loss :4.803783416748047 sup_loss_0: 14.258672714233398 
DEBUG:root:Epoch: 220 Loss: -5.212902069091797 accuracy: 6.1279296875 sim: 0 mscr: 28.5849609375 nes: 170.87499999999997ori_Loss :4.965586185455322 sup_loss_0: 14.371261596679688 
DEBUG:root:Epoch: 221 Loss: -5.210600852966309 accuracy: 6.54296875 sim: 0 mscr: 28.7138671875 nes: 170.89583333333334ori_Loss :4.803321838378906 sup_loss_0: 14.34805965423584 
DEBUG:root:Epoch: 222 Loss: -5.217676162719727 accuracy: 6.2255859375 sim: 0 mscr: 28.75830078125 nes: 170.93749999999997ori_Loss :4.916087627410889 sup_loss_0: 14.533309936523438 
DEBUG:root:Epoch: 223 Loss: -5.219496726989746 accuracy: 7.2509765625 sim: 0 mscr: 28.776123046875 nes: 170.89583333333334ori_Loss :4.775681018829346 sup_loss_0: 14.414982795715332 
DEBUG:root:Epoch: 224 Loss: -5.219470500946045 accuracy: 5.8837890625 sim: 0 mscr: 28.788330078125 nes: 170.89583333333334ori_Loss :4.841009616851807 sup_loss_0: 14.46502685546875 
DEBUG:root:Epoch: 225 Loss: -5.252896308898926 accuracy: 7.2021484375 sim: 0 mscr: 28.6787109375 nes: 170.9375ori_Loss :4.736661434173584 sup_loss_0: 14.302801132202148 
DEBUG:root:Epoch: 226 Loss: -5.241006374359131 accuracy: 7.0556640625 sim: 0 mscr: 28.72021484375 nes: 170.9375ori_Loss :4.908822536468506 sup_loss_0: 14.397876739501953 
DEBUG:root:Epoch: 227 Loss: -5.253304481506348 accuracy: 6.9091796875 sim: 0 mscr: 28.77392578125 nes: 170.95833333333331ori_Loss :4.81423807144165 sup_loss_0: 14.27244758605957 
DEBUG:root:Epoch: 228 Loss: -5.256852626800537 accuracy: 8.056640625 sim: 0 mscr: 28.705810546875 nes: 170.91666666666666ori_Loss :4.790342807769775 sup_loss_0: 14.29836368560791 
DEBUG:root:Epoch: 229 Loss: -5.2454094886779785 accuracy: 7.2021484375 sim: 0 mscr: 28.7001953125 nes: 170.97916666666669ori_Loss :4.869658946990967 sup_loss_0: 14.461080551147461 
DEBUG:root:Epoch: 230 Loss: -5.24965763092041 accuracy: 6.8359375 sim: 0 mscr: 28.633056640625 nes: 170.93749999999997ori_Loss :4.769101619720459 sup_loss_0: 14.409577369689941 
DEBUG:root:Epoch: 231 Loss: -5.26820707321167 accuracy: 6.298828125 sim: 0 mscr: 28.623779296875 nes: 170.89583333333331ori_Loss :4.756555080413818 sup_loss_0: 14.389293670654297 
DEBUG:root:Epoch: 232 Loss: -5.266757011413574 accuracy: 7.2998046875 sim: 0 mscr: 28.8125 nes: 170.89583333333331ori_Loss :4.745174884796143 sup_loss_0: 14.368230819702148 
DEBUG:root:Epoch: 233 Loss: -5.280640125274658 accuracy: 7.03125 sim: 0 mscr: 28.712646484375 nes: 170.91666666666666ori_Loss :4.8606486320495605 sup_loss_0: 14.477428436279297 
DEBUG:root:Epoch: 234 Loss: -5.259453773498535 accuracy: 7.958984375 sim: 0 mscr: 28.764404296875 nes: 170.91666666666663ori_Loss :4.810451507568359 sup_loss_0: 14.488107681274414 
DEBUG:root:Epoch: 235 Loss: -5.288450717926025 accuracy: 6.54296875 sim: 0 mscr: 28.57177734375 nes: 170.95833333333331ori_Loss :4.776554584503174 sup_loss_0: 14.457111358642578 
DEBUG:root:Epoch: 236 Loss: -5.277426242828369 accuracy: 6.6162109375 sim: 0 mscr: 28.68505859375 nes: 170.83333333333331ori_Loss :4.819281578063965 sup_loss_0: 14.446608543395996 
DEBUG:root:Epoch: 237 Loss: -5.279228210449219 accuracy: 7.1044921875 sim: 0 mscr: 28.635498046875 nes: 170.93749999999997ori_Loss :4.821730613708496 sup_loss_0: 14.237189292907715 
DEBUG:root:Epoch: 238 Loss: -5.270890235900879 accuracy: 7.4462890625 sim: 0 mscr: 28.693603515625 nes: 170.89583333333334ori_Loss :4.852667808532715 sup_loss_0: 14.453871726989746 
DEBUG:root:Epoch: 239 Loss: -5.275232315063477 accuracy: 7.7880859375 sim: 0 mscr: 28.662841796875 nes: 170.93749999999997ori_Loss :4.7988715171813965 sup_loss_0: 14.332656860351562 
DEBUG:root:Epoch: 240 Loss: -5.280662536621094 accuracy: 7.5927734375 sim: 0 mscr: 28.669921875 nes: 170.93749999999997ori_Loss :4.856705188751221 sup_loss_0: 14.430706977844238 
DEBUG:root:Epoch: 241 Loss: -5.280173301696777 accuracy: 7.421875 sim: 0 mscr: 28.752685546875 nes: 170.97916666666666ori_Loss :4.787393569946289 sup_loss_0: 14.410114288330078 
DEBUG:root:Epoch: 242 Loss: -5.301226615905762 accuracy: 7.7880859375 sim: 0 mscr: 28.637939453125 nes: 170.87499999999997ori_Loss :4.724055290222168 sup_loss_0: 14.39974594116211 
DEBUG:root:Epoch: 243 Loss: -5.290477752685547 accuracy: 7.2265625 sim: 0 mscr: 28.7705078125 nes: 170.8958333333333ori_Loss :4.808493137359619 sup_loss_0: 14.246869087219238 
DEBUG:root:Epoch: 244 Loss: -5.300454139709473 accuracy: 8.056640625 sim: 0 mscr: 28.778564453125 nes: 170.85416666666666ori_Loss :4.738624572753906 sup_loss_0: 14.503007888793945 
DEBUG:root:Epoch: 245 Loss: -5.298468589782715 accuracy: 7.373046875 sim: 0 mscr: 28.616455078125 nes: 170.9375ori_Loss :4.734499454498291 sup_loss_0: 14.306007385253906 
DEBUG:root:Epoch: 246 Loss: -5.2945733070373535 accuracy: 7.6904296875 sim: 0 mscr: 28.80908203125 nes: 170.93749999999997ori_Loss :4.716504096984863 sup_loss_0: 14.29379940032959 
DEBUG:root:Epoch: 247 Loss: -5.317869186401367 accuracy: 7.763671875 sim: 0 mscr: 28.818603515625 nes: 170.9375ori_Loss :4.822907447814941 sup_loss_0: 14.478105545043945 
DEBUG:root:Epoch: 248 Loss: -5.332857131958008 accuracy: 7.6904296875 sim: 0 mscr: 28.74560546875 nes: 170.91666666666666ori_Loss :4.792598247528076 sup_loss_0: 14.458849906921387 
DEBUG:root:Epoch: 249 Loss: -5.309491157531738 accuracy: 8.1298828125 sim: 0 mscr: 28.6220703125 nes: 170.93749999999997ori_Loss :4.764339923858643 sup_loss_0: 14.430103302001953 
DEBUG:root:Epoch: 250 Loss: -5.31428337097168 accuracy: 7.9345703125 sim: 0 mscr: 28.621337890625 nes: 170.9375ori_Loss :4.769832134246826 sup_loss_0: 14.455047607421875 
DEBUG:root:Epoch: 251 Loss: -5.320343017578125 accuracy: 8.3251953125 sim: 0 mscr: 28.6953125 nes: 170.91666666666666ori_Loss :4.7230000495910645 sup_loss_0: 14.344917297363281 
DEBUG:root:Epoch: 252 Loss: -5.338260173797607 accuracy: 8.5205078125 sim: 0 mscr: 28.79736328125 nes: 170.875ori_Loss :4.785038471221924 sup_loss_0: 14.439409255981445 
DEBUG:root:Epoch: 253 Loss: -5.3456549644470215 accuracy: 8.056640625 sim: 0 mscr: 28.644287109375 nes: 170.93749999999997ori_Loss :4.824910640716553 sup_loss_0: 14.51361083984375 
DEBUG:root:Epoch: 254 Loss: -5.344192028045654 accuracy: 8.88671875 sim: 0 mscr: 28.7646484375 nes: 170.85416666666669ori_Loss :4.706976890563965 sup_loss_0: 14.361879348754883 
DEBUG:root:Epoch: 255 Loss: -5.333156108856201 accuracy: 8.154296875 sim: 0 mscr: 28.7412109375 nes: 170.9375ori_Loss :4.837113857269287 sup_loss_0: 14.462027549743652 
DEBUG:root:Epoch: 256 Loss: -5.346781253814697 accuracy: 8.3740234375 sim: 0 mscr: 28.741943359375 nes: 170.89583333333334ori_Loss :4.743386268615723 sup_loss_0: 14.414159774780273 
DEBUG:root:Epoch: 257 Loss: -5.321671485900879 accuracy: 9.3017578125 sim: 0 mscr: 28.705078125 nes: 170.87499999999997ori_Loss :4.724575996398926 sup_loss_0: 14.355443954467773 
DEBUG:root:Epoch: 258 Loss: -5.3291239738464355 accuracy: 8.1298828125 sim: 0 mscr: 28.633544921875 nes: 170.9375ori_Loss :4.716360092163086 sup_loss_0: 14.294812202453613 
DEBUG:root:Epoch: 259 Loss: -5.318827152252197 accuracy: 8.0810546875 sim: 0 mscr: 28.83740234375 nes: 170.9375ori_Loss :4.726627349853516 sup_loss_0: 14.301468849182129 
DEBUG:root:Epoch: 260 Loss: -5.339975357055664 accuracy: 8.8134765625 sim: 0 mscr: 28.67578125 nes: 170.9375ori_Loss :4.728870868682861 sup_loss_0: 14.41091537475586 
DEBUG:root:Epoch: 261 Loss: -5.347715377807617 accuracy: 8.88671875 sim: 0 mscr: 28.681396484375 nes: 170.83333333333334ori_Loss :4.742405414581299 sup_loss_0: 14.176015853881836 
DEBUG:root:Epoch: 262 Loss: -5.358846187591553 accuracy: 8.5205078125 sim: 0 mscr: 28.675048828125 nes: 170.85416666666666ori_Loss :4.769415378570557 sup_loss_0: 14.336434364318848 
DEBUG:root:Epoch: 263 Loss: -5.36478328704834 accuracy: 8.056640625 sim: 0 mscr: 28.6884765625 nes: 170.8958333333333ori_Loss :4.8991217613220215 sup_loss_0: 14.493314743041992 
DEBUG:root:Epoch: 264 Loss: -5.35147762298584 accuracy: 8.59375 sim: 0 mscr: 28.854248046875 nes: 170.85416666666666ori_Loss :4.719655513763428 sup_loss_0: 14.36653995513916 
DEBUG:root:Epoch: 265 Loss: -5.358649253845215 accuracy: 8.1298828125 sim: 0 mscr: 28.69287109375 nes: 170.91666666666669ori_Loss :4.692089080810547 sup_loss_0: 14.313071250915527 
DEBUG:root:Epoch: 266 Loss: -5.339542388916016 accuracy: 8.447265625 sim: 0 mscr: 28.769287109375 nes: 170.95833333333334ori_Loss :4.680243492126465 sup_loss_0: 14.361888885498047 
DEBUG:root:Epoch: 267 Loss: -5.354313373565674 accuracy: 7.6416015625 sim: 0 mscr: 28.638427734375 nes: 170.91666666666666ori_Loss :4.736527442932129 sup_loss_0: 14.49337387084961 
DEBUG:root:Epoch: 268 Loss: -5.370645999908447 accuracy: 9.0576171875 sim: 0 mscr: 28.774169921875 nes: 170.91666666666666ori_Loss :4.609919548034668 sup_loss_0: 14.196855545043945 
DEBUG:root:Epoch: 269 Loss: -5.371641159057617 accuracy: 8.203125 sim: 0 mscr: 28.692626953125 nes: 170.89583333333334ori_Loss :4.651124000549316 sup_loss_0: 14.310417175292969 
DEBUG:root:Epoch: 270 Loss: -5.368952751159668 accuracy: 8.984375 sim: 0 mscr: 28.720947265625 nes: 170.89583333333331ori_Loss :4.704923152923584 sup_loss_0: 14.274831771850586 
DEBUG:root:Epoch: 271 Loss: -5.36795711517334 accuracy: 8.3740234375 sim: 0 mscr: 28.765380859375 nes: 170.91666666666666ori_Loss :4.671325206756592 sup_loss_0: 14.407987594604492 
DEBUG:root:Epoch: 272 Loss: -5.371804237365723 accuracy: 8.7646484375 sim: 0 mscr: 28.77001953125 nes: 170.91666666666663ori_Loss :4.753750324249268 sup_loss_0: 14.453585624694824 
DEBUG:root:Epoch: 273 Loss: -5.372219562530518 accuracy: 9.1552734375 sim: 0 mscr: 28.6962890625 nes: 170.83333333333334ori_Loss :4.663452625274658 sup_loss_0: 14.489681243896484 
DEBUG:root:Epoch: 274 Loss: -5.374953746795654 accuracy: 9.2041015625 sim: 0 mscr: 28.702880859375 nes: 170.87499999999997ori_Loss :4.733792781829834 sup_loss_0: 14.352571487426758 
DEBUG:root:Epoch: 275 Loss: -5.3764214515686035 accuracy: 9.375 sim: 0 mscr: 28.7099609375 nes: 170.91666666666663ori_Loss :4.707283020019531 sup_loss_0: 14.448650360107422 
DEBUG:root:Epoch: 276 Loss: -5.380105018615723 accuracy: 8.203125 sim: 0 mscr: 28.731201171875 nes: 171.0ori_Loss :4.657281875610352 sup_loss_0: 14.365591049194336 
DEBUG:root:Epoch: 277 Loss: -5.37429141998291 accuracy: 9.3017578125 sim: 0 mscr: 28.668212890625 nes: 170.85416666666666ori_Loss :4.674261093139648 sup_loss_0: 14.38181209564209 
DEBUG:root:Epoch: 278 Loss: -5.387260437011719 accuracy: 9.4970703125 sim: 0 mscr: 28.693359375 nes: 170.9375ori_Loss :4.680580139160156 sup_loss_0: 14.417596817016602 
DEBUG:root:Epoch: 279 Loss: -5.386560916900635 accuracy: 9.4970703125 sim: 0 mscr: 28.692138671875 nes: 170.83333333333334ori_Loss :4.702284812927246 sup_loss_0: 14.391693115234375 
DEBUG:root:Epoch: 280 Loss: -5.377462387084961 accuracy: 8.7646484375 sim: 0 mscr: 28.70458984375 nes: 170.85416666666666ori_Loss :4.72193717956543 sup_loss_0: 14.410056114196777 
DEBUG:root:Epoch: 281 Loss: -5.386672019958496 accuracy: 9.5947265625 sim: 0 mscr: 28.81396484375 nes: 170.875ori_Loss :4.691989421844482 sup_loss_0: 14.526900291442871 
DEBUG:root:Epoch: 282 Loss: -5.388894557952881 accuracy: 9.4482421875 sim: 0 mscr: 28.732421875 nes: 170.95833333333331ori_Loss :4.729663848876953 sup_loss_0: 14.346059799194336 
DEBUG:root:Epoch: 283 Loss: -5.4023542404174805 accuracy: 9.6435546875 sim: 0 mscr: 28.7080078125 nes: 170.93749999999997ori_Loss :4.686078071594238 sup_loss_0: 14.414337158203125 
DEBUG:root:Epoch: 284 Loss: -5.390074253082275 accuracy: 8.9111328125 sim: 0 mscr: 28.702880859375 nes: 170.9375ori_Loss :4.630434513092041 sup_loss_0: 14.31114673614502 
DEBUG:root:Epoch: 285 Loss: -5.3948259353637695 accuracy: 9.5703125 sim: 0 mscr: 28.8046875 nes: 170.875ori_Loss :4.7302398681640625 sup_loss_0: 14.535526275634766 
DEBUG:root:Epoch: 286 Loss: -5.396342754364014 accuracy: 9.423828125 sim: 0 mscr: 28.6708984375 nes: 170.89583333333334ori_Loss :4.753594398498535 sup_loss_0: 14.465667724609375 
DEBUG:root:Epoch: 287 Loss: -5.410234451293945 accuracy: 9.5947265625 sim: 0 mscr: 28.810302734375 nes: 170.91666666666669ori_Loss :4.678867816925049 sup_loss_0: 14.420719146728516 
DEBUG:root:Epoch: 288 Loss: -5.403357028961182 accuracy: 9.5458984375 sim: 0 mscr: 28.5908203125 nes: 170.875ori_Loss :4.600513458251953 sup_loss_0: 14.281351089477539 
DEBUG:root:Epoch: 289 Loss: -5.394113063812256 accuracy: 8.740234375 sim: 0 mscr: 28.743408203125 nes: 170.91666666666666ori_Loss :4.718728542327881 sup_loss_0: 14.415054321289062 
DEBUG:root:Epoch: 290 Loss: -5.391172885894775 accuracy: 9.1796875 sim: 0 mscr: 28.7353515625 nes: 170.9375ori_Loss :4.672996997833252 sup_loss_0: 14.366826057434082 
DEBUG:root:Epoch: 291 Loss: -5.389823913574219 accuracy: 9.3994140625 sim: 0 mscr: 28.787353515625 nes: 170.875ori_Loss :4.683164119720459 sup_loss_0: 14.412150382995605 
DEBUG:root:Epoch: 292 Loss: -5.396644115447998 accuracy: 9.5458984375 sim: 0 mscr: 28.818115234375 nes: 170.85416666666666ori_Loss :4.7645769119262695 sup_loss_0: 14.479541778564453 
DEBUG:root:Epoch: 293 Loss: -5.39845609664917 accuracy: 9.3017578125 sim: 0 mscr: 28.580078125 nes: 170.91666666666666ori_Loss :4.729796886444092 sup_loss_0: 14.442970275878906 
DEBUG:root:Epoch: 294 Loss: -5.416643142700195 accuracy: 9.47265625 sim: 0 mscr: 28.790283203125 nes: 170.93749999999997ori_Loss :4.688138484954834 sup_loss_0: 14.411005020141602 
DEBUG:root:Epoch: 295 Loss: -5.4012556076049805 accuracy: 10.4248046875 sim: 0 mscr: 28.628173828125 nes: 170.91666666666666ori_Loss :4.626421928405762 sup_loss_0: 14.370574951171875 
DEBUG:root:Epoch: 296 Loss: -5.409050941467285 accuracy: 9.3017578125 sim: 0 mscr: 28.654052734375 nes: 170.9375ori_Loss :4.719623565673828 sup_loss_0: 14.45024299621582 
DEBUG:root:Epoch: 297 Loss: -5.4302520751953125 accuracy: 10.44921875 sim: 0 mscr: 28.714599609375 nes: 170.89583333333331ori_Loss :4.6574931144714355 sup_loss_0: 14.471918106079102 
DEBUG:root:Epoch: 298 Loss: -5.430064678192139 accuracy: 9.9853515625 sim: 0 mscr: 28.66748046875 nes: 170.875ori_Loss :4.638505935668945 sup_loss_0: 14.378690719604492 
DEBUG:root:Epoch: 299 Loss: -5.424106597900391 accuracy: 9.86328125 sim: 0 mscr: 28.587646484375 nes: 170.95833333333331ori_Loss :4.68452787399292 sup_loss_0: 14.462719917297363 
DEBUG:root:Epoch: 300 Loss: -5.429251194000244 accuracy: 9.66796875 sim: 0 mscr: 28.6630859375 nes: 170.89583333333331ori_Loss :4.657475471496582 sup_loss_0: 14.350027084350586 
DEBUG:root:Epoch: 301 Loss: -5.434142589569092 accuracy: 10.107421875 sim: 0 mscr: 28.733642578125 nes: 170.875ori_Loss :4.690770149230957 sup_loss_0: 14.460813522338867 
DEBUG:root:Epoch: 302 Loss: -5.419036388397217 accuracy: 8.9111328125 sim: 0 mscr: 28.718994140625 nes: 170.93749999999997ori_Loss :4.643572807312012 sup_loss_0: 14.398880004882812 
DEBUG:root:Epoch: 303 Loss: -5.415891647338867 accuracy: 10.2294921875 sim: 0 mscr: 28.68359375 nes: 170.87499999999997ori_Loss :4.700977325439453 sup_loss_0: 14.455150604248047 
DEBUG:root:Epoch: 304 Loss: -5.426449775695801 accuracy: 9.765625 sim: 0 mscr: 28.720458984375 nes: 170.93749999999997ori_Loss :4.642000198364258 sup_loss_0: 14.4451265335083 
DEBUG:root:Epoch: 305 Loss: -5.415158748626709 accuracy: 10.0341796875 sim: 0 mscr: 28.663818359375 nes: 170.91666666666663ori_Loss :4.671525001525879 sup_loss_0: 14.48263168334961 
DEBUG:root:Epoch: 306 Loss: -5.412993907928467 accuracy: 10.400390625 sim: 0 mscr: 28.763916015625 nes: 170.85416666666666ori_Loss :4.607680320739746 sup_loss_0: 14.264016151428223 
DEBUG:root:Epoch: 307 Loss: -5.4167609214782715 accuracy: 9.8876953125 sim: 0 mscr: 28.73681640625 nes: 170.89583333333334ori_Loss :4.730493545532227 sup_loss_0: 14.534154891967773 
DEBUG:root:Epoch: 308 Loss: -5.409381866455078 accuracy: 10.05859375 sim: 0 mscr: 28.70458984375 nes: 170.875ori_Loss :4.7481303215026855 sup_loss_0: 14.42310619354248 
DEBUG:root:Epoch: 309 Loss: -5.41724967956543 accuracy: 9.6435546875 sim: 0 mscr: 28.708740234375 nes: 170.89583333333334ori_Loss :4.782052516937256 sup_loss_0: 14.542381286621094 
DEBUG:root:Epoch: 310 Loss: -5.41140079498291 accuracy: 10.15625 sim: 0 mscr: 28.62939453125 nes: 170.91666666666666ori_Loss :4.65316915512085 sup_loss_0: 14.41787338256836 
DEBUG:root:Epoch: 311 Loss: -5.437294960021973 accuracy: 9.86328125 sim: 0 mscr: 28.76416015625 nes: 170.95833333333334ori_Loss :4.729854106903076 sup_loss_0: 14.461589813232422 
DEBUG:root:Epoch: 312 Loss: -5.436309337615967 accuracy: 10.6201171875 sim: 0 mscr: 28.7900390625 nes: 170.93749999999997ori_Loss :4.659641742706299 sup_loss_0: 14.473833084106445 
DEBUG:root:Epoch: 313 Loss: -5.430584907531738 accuracy: 9.66796875 sim: 0 mscr: 28.70458984375 nes: 170.91666666666666ori_Loss :4.731380939483643 sup_loss_0: 14.411833763122559 
DEBUG:root:Epoch: 314 Loss: -5.420943260192871 accuracy: 10.05859375 sim: 0 mscr: 28.61962890625 nes: 170.81249999999997ori_Loss :4.746719837188721 sup_loss_0: 14.582799911499023 
DEBUG:root:Epoch: 315 Loss: -5.435315132141113 accuracy: 10.3271484375 sim: 0 mscr: 28.64453125 nes: 170.89583333333334ori_Loss :4.600506782531738 sup_loss_0: 14.401552200317383 
DEBUG:root:Epoch: 316 Loss: -5.445128917694092 accuracy: 10.0830078125 sim: 0 mscr: 28.79296875 nes: 170.95833333333334ori_Loss :4.613239288330078 sup_loss_0: 14.399667739868164 
DEBUG:root:Epoch: 317 Loss: -5.442090034484863 accuracy: 9.912109375 sim: 0 mscr: 28.6767578125 nes: 170.91666666666666ori_Loss :4.75369119644165 sup_loss_0: 14.549467086791992 
DEBUG:root:Epoch: 318 Loss: -5.435762882232666 accuracy: 9.912109375 sim: 0 mscr: 28.6953125 nes: 170.875ori_Loss :4.6068549156188965 sup_loss_0: 14.398283004760742 
DEBUG:root:Epoch: 319 Loss: -5.433945178985596 accuracy: 10.8642578125 sim: 0 mscr: 28.72900390625 nes: 170.89583333333334ori_Loss :4.600469589233398 sup_loss_0: 14.37067985534668 
DEBUG:root:Epoch: 320 Loss: -5.42825174331665 accuracy: 10.205078125 sim: 0 mscr: 28.694580078125 nes: 170.9375ori_Loss :4.7660813331604 sup_loss_0: 14.434466361999512 
DEBUG:root:Epoch: 321 Loss: -5.440270900726318 accuracy: 10.4736328125 sim: 0 mscr: 28.677978515625 nes: 170.91666666666663ori_Loss :4.600199222564697 sup_loss_0: 14.31998062133789 
DEBUG:root:Epoch: 322 Loss: -5.462193012237549 accuracy: 10.3515625 sim: 0 mscr: 28.71142578125 nes: 170.89583333333334ori_Loss :4.681951522827148 sup_loss_0: 14.502988815307617 
DEBUG:root:Epoch: 323 Loss: -5.447846412658691 accuracy: 10.2294921875 sim: 0 mscr: 28.648193359375 nes: 170.85416666666666ori_Loss :4.64916467666626 sup_loss_0: 14.435391426086426 
DEBUG:root:Epoch: 324 Loss: -5.459025859832764 accuracy: 10.4736328125 sim: 0 mscr: 28.616943359375 nes: 170.9375ori_Loss :4.6593852043151855 sup_loss_0: 14.535133361816406 
DEBUG:root:Epoch: 325 Loss: -5.458965301513672 accuracy: 10.2783203125 sim: 0 mscr: 28.814453125 nes: 170.9375ori_Loss :4.708003044128418 sup_loss_0: 14.492071151733398 
DEBUG:root:Epoch: 326 Loss: -5.4467597007751465 accuracy: 10.693359375 sim: 0 mscr: 28.833984375 nes: 170.91666666666669ori_Loss :4.684175968170166 sup_loss_0: 14.4616117477417 
DEBUG:root:Epoch: 327 Loss: -5.45650577545166 accuracy: 10.9130859375 sim: 0 mscr: 28.673828125 nes: 170.93749999999997ori_Loss :4.570947170257568 sup_loss_0: 14.292709350585938 
DEBUG:root:Epoch: 328 Loss: -5.466143608093262 accuracy: 10.6201171875 sim: 0 mscr: 28.7509765625 nes: 170.93749999999997ori_Loss :4.564672946929932 sup_loss_0: 14.321247100830078 
DEBUG:root:Epoch: 329 Loss: -5.461545944213867 accuracy: 11.0595703125 sim: 0 mscr: 28.88525390625 nes: 170.93749999999997ori_Loss :4.655925273895264 sup_loss_0: 14.359631538391113 
DEBUG:root:Epoch: 330 Loss: -5.470425128936768 accuracy: 10.1318359375 sim: 0 mscr: 28.632568359375 nes: 170.89583333333331ori_Loss :4.68222188949585 sup_loss_0: 14.499359130859375 
DEBUG:root:Epoch: 331 Loss: -5.4472174644470215 accuracy: 10.7666015625 sim: 0 mscr: 28.7421875 nes: 170.93749999999997ori_Loss :4.683905124664307 sup_loss_0: 14.525861740112305 
DEBUG:root:Epoch: 332 Loss: -5.456812381744385 accuracy: 10.546875 sim: 0 mscr: 28.656005859375 nes: 170.9375ori_Loss :4.652917861938477 sup_loss_0: 14.459440231323242 
DEBUG:root:Epoch: 333 Loss: -5.460658550262451 accuracy: 10.4736328125 sim: 0 mscr: 28.69580078125 nes: 170.91666666666666ori_Loss :4.634486198425293 sup_loss_0: 14.388740539550781 
DEBUG:root:Epoch: 334 Loss: -5.455395221710205 accuracy: 10.3759765625 sim: 0 mscr: 28.7958984375 nes: 170.89583333333334ori_Loss :4.679302215576172 sup_loss_0: 14.441253662109375 
DEBUG:root:Epoch: 335 Loss: -5.470370769500732 accuracy: 11.4013671875 sim: 0 mscr: 28.657470703125 nes: 170.89583333333331ori_Loss :4.632946014404297 sup_loss_0: 14.470710754394531 
DEBUG:root:Epoch: 336 Loss: -5.451992988586426 accuracy: 10.5712890625 sim: 0 mscr: 28.63037109375 nes: 170.91666666666666ori_Loss :4.564542770385742 sup_loss_0: 14.442756652832031 
DEBUG:root:Epoch: 337 Loss: -5.476891994476318 accuracy: 11.6455078125 sim: 0 mscr: 28.648193359375 nes: 170.91666666666666ori_Loss :4.578799247741699 sup_loss_0: 14.295660018920898 
DEBUG:root:Epoch: 338 Loss: -5.463699817657471 accuracy: 11.0107421875 sim: 0 mscr: 28.650146484375 nes: 170.91666666666663ori_Loss :4.638552665710449 sup_loss_0: 14.458375930786133 
DEBUG:root:Epoch: 339 Loss: -5.4635515213012695 accuracy: 11.23046875 sim: 0 mscr: 28.69970703125 nes: 170.9375ori_Loss :4.686349391937256 sup_loss_0: 14.517155647277832 
DEBUG:root:Epoch: 340 Loss: -5.483529090881348 accuracy: 10.3515625 sim: 0 mscr: 28.654541015625 nes: 170.95833333333331ori_Loss :4.597470283508301 sup_loss_0: 14.329111099243164 
DEBUG:root:Epoch: 341 Loss: -5.474822998046875 accuracy: 10.5224609375 sim: 0 mscr: 28.699462890625 nes: 170.95833333333331ori_Loss :4.614330768585205 sup_loss_0: 14.409693717956543 
DEBUG:root:Epoch: 342 Loss: -5.462381839752197 accuracy: 11.4990234375 sim: 0 mscr: 28.685546875 nes: 170.95833333333331ori_Loss :4.667061805725098 sup_loss_0: 14.481359481811523 
DEBUG:root:Epoch: 343 Loss: -5.470165252685547 accuracy: 10.302734375 sim: 0 mscr: 28.76904296875 nes: 170.85416666666666ori_Loss :4.629417896270752 sup_loss_0: 14.3895902633667 
DEBUG:root:Epoch: 344 Loss: -5.471070289611816 accuracy: 10.400390625 sim: 0 mscr: 28.786376953125 nes: 170.95833333333331ori_Loss :4.732736587524414 sup_loss_0: 14.572628021240234 
DEBUG:root:Epoch: 345 Loss: -5.446101665496826 accuracy: 9.9365234375 sim: 0 mscr: 28.636962890625 nes: 170.91666666666666ori_Loss :4.6449384689331055 sup_loss_0: 14.460616111755371 
DEBUG:root:Epoch: 346 Loss: -5.487856864929199 accuracy: 12.01171875 sim: 0 mscr: 28.76416015625 nes: 170.95833333333331ori_Loss :4.654728889465332 sup_loss_0: 14.39228630065918 
DEBUG:root:Epoch: 347 Loss: -5.4867048263549805 accuracy: 12.1337890625 sim: 0 mscr: 28.688232421875 nes: 170.87499999999997ori_Loss :4.654365539550781 sup_loss_0: 14.524735450744629 
DEBUG:root:Epoch: 348 Loss: -5.4855804443359375 accuracy: 11.3525390625 sim: 0 mscr: 28.67431640625 nes: 170.91666666666669ori_Loss :4.592393398284912 sup_loss_0: 14.373644828796387 
DEBUG:root:Epoch: 349 Loss: -5.478358268737793 accuracy: 10.791015625 sim: 0 mscr: 28.7822265625 nes: 170.91666666666666ori_Loss :4.580141544342041 sup_loss_0: 14.472394943237305 
DEBUG:root:Epoch: 350 Loss: -5.488615989685059 accuracy: 10.64453125 sim: 0 mscr: 28.872802734375 nes: 170.93749999999997ori_Loss :4.575322151184082 sup_loss_0: 14.429853439331055 
DEBUG:root:Epoch: 351 Loss: -5.469760417938232 accuracy: 10.205078125 sim: 0 mscr: 28.803466796875 nes: 170.9375ori_Loss :4.670356750488281 sup_loss_0: 14.546368598937988 
DEBUG:root:Epoch: 352 Loss: -5.49162483215332 accuracy: 11.42578125 sim: 0 mscr: 28.717529296875 nes: 170.91666666666666ori_Loss :4.703425884246826 sup_loss_0: 14.502278327941895 
DEBUG:root:Epoch: 353 Loss: -5.487268924713135 accuracy: 11.865234375 sim: 0 mscr: 28.778564453125 nes: 170.9375ori_Loss :4.588812828063965 sup_loss_0: 14.433000564575195 
DEBUG:root:Epoch: 354 Loss: -5.465137481689453 accuracy: 10.8154296875 sim: 0 mscr: 28.692626953125 nes: 170.91666666666666ori_Loss :4.631487846374512 sup_loss_0: 14.370810508728027 
DEBUG:root:Epoch: 355 Loss: -5.491544246673584 accuracy: 12.4755859375 sim: 0 mscr: 28.70556640625 nes: 170.91666666666669ori_Loss :4.601583003997803 sup_loss_0: 14.3638277053833 
DEBUG:root:Epoch: 356 Loss: -5.500283241271973 accuracy: 12.2802734375 sim: 0 mscr: 28.666748046875 nes: 170.9375ori_Loss :4.586611747741699 sup_loss_0: 14.429616928100586 
DEBUG:root:Epoch: 357 Loss: -5.476040840148926 accuracy: 10.791015625 sim: 0 mscr: 28.64892578125 nes: 170.875ori_Loss :4.600894451141357 sup_loss_0: 14.3941011428833 
DEBUG:root:Epoch: 358 Loss: -5.48652458190918 accuracy: 10.009765625 sim: 0 mscr: 28.661376953125 nes: 170.93749999999997ori_Loss :4.578617095947266 sup_loss_0: 14.406057357788086 
DEBUG:root:Epoch: 359 Loss: -5.471487045288086 accuracy: 11.2548828125 sim: 0 mscr: 28.767333984375 nes: 170.9375ori_Loss :4.5756683349609375 sup_loss_0: 14.36374282836914 
DEBUG:root:Epoch: 360 Loss: -5.484492301940918 accuracy: 11.962890625 sim: 0 mscr: 28.666259765625 nes: 170.875ori_Loss :4.659757137298584 sup_loss_0: 14.476900100708008 
DEBUG:root:Epoch: 361 Loss: -5.489741802215576 accuracy: 11.6943359375 sim: 0 mscr: 28.73291015625 nes: 170.97916666666666ori_Loss :4.582798004150391 sup_loss_0: 14.317035675048828 
DEBUG:root:Epoch: 362 Loss: -5.476863861083984 accuracy: 12.0361328125 sim: 0 mscr: 28.72607421875 nes: 170.9375ori_Loss :4.570427417755127 sup_loss_0: 14.353643417358398 
DEBUG:root:Epoch: 363 Loss: -5.478543281555176 accuracy: 11.71875 sim: 0 mscr: 28.68212890625 nes: 170.875ori_Loss :4.5986714363098145 sup_loss_0: 14.335369110107422 
DEBUG:root:Epoch: 364 Loss: -5.486538410186768 accuracy: 11.0595703125 sim: 0 mscr: 28.80419921875 nes: 170.95833333333334ori_Loss :4.561729431152344 sup_loss_0: 14.42386245727539 
DEBUG:root:Epoch: 365 Loss: -5.513301372528076 accuracy: 12.3291015625 sim: 0 mscr: 28.70556640625 nes: 170.91666666666663ori_Loss :4.617405414581299 sup_loss_0: 14.45844841003418 
DEBUG:root:Epoch: 366 Loss: -5.500502586364746 accuracy: 11.767578125 sim: 0 mscr: 28.605712890625 nes: 170.91666666666666ori_Loss :4.580695152282715 sup_loss_0: 14.484920501708984 
DEBUG:root:Epoch: 367 Loss: -5.496982097625732 accuracy: 11.2548828125 sim: 0 mscr: 28.73486328125 nes: 170.89583333333331ori_Loss :4.681209087371826 sup_loss_0: 14.488723754882812 
DEBUG:root:Epoch: 368 Loss: -5.493114471435547 accuracy: 12.1826171875 sim: 0 mscr: 28.727294921875 nes: 170.91666666666666ori_Loss :4.543573379516602 sup_loss_0: 14.321897506713867 
DEBUG:root:Epoch: 369 Loss: -5.50213098526001 accuracy: 11.474609375 sim: 0 mscr: 28.788818359375 nes: 170.91666666666666ori_Loss :4.520682334899902 sup_loss_0: 14.278910636901855 
DEBUG:root:Epoch: 370 Loss: -5.51151180267334 accuracy: 11.474609375 sim: 0 mscr: 28.705810546875 nes: 170.9375ori_Loss :4.5835795402526855 sup_loss_0: 14.428316116333008 
DEBUG:root:Epoch: 371 Loss: -5.488533973693848 accuracy: 10.9375 sim: 0 mscr: 28.701904296875 nes: 170.95833333333334ori_Loss :4.568934440612793 sup_loss_0: 14.443380355834961 
DEBUG:root:Epoch: 372 Loss: -5.483151912689209 accuracy: 9.7900390625 sim: 0 mscr: 28.75048828125 nes: 170.85416666666666ori_Loss :4.595063209533691 sup_loss_0: 14.41313362121582 
DEBUG:root:Epoch: 373 Loss: -5.506565093994141 accuracy: 11.23046875 sim: 0 mscr: 28.716796875 nes: 170.89583333333331ori_Loss :4.5896148681640625 sup_loss_0: 14.495452880859375 
DEBUG:root:Epoch: 374 Loss: -5.50016450881958 accuracy: 11.962890625 sim: 0 mscr: 28.685546875 nes: 170.89583333333334ori_Loss :4.574454307556152 sup_loss_0: 14.29719352722168 
DEBUG:root:Epoch: 375 Loss: -5.495723724365234 accuracy: 11.8408203125 sim: 0 mscr: 28.863525390625 nes: 170.875ori_Loss :4.584972381591797 sup_loss_0: 14.366488456726074 
DEBUG:root:Epoch: 376 Loss: -5.5072550773620605 accuracy: 12.2314453125 sim: 0 mscr: 28.6572265625 nes: 170.91666666666666ori_Loss :4.585594654083252 sup_loss_0: 14.517168045043945 
DEBUG:root:Epoch: 377 Loss: -5.498847007751465 accuracy: 12.109375 sim: 0 mscr: 28.649658203125 nes: 170.9375ori_Loss :4.54225492477417 sup_loss_0: 14.367094993591309 
DEBUG:root:Epoch: 378 Loss: -5.513599872589111 accuracy: 11.7431640625 sim: 0 mscr: 28.841064453125 nes: 170.97916666666669ori_Loss :4.598237991333008 sup_loss_0: 14.439468383789062 
DEBUG:root:Epoch: 379 Loss: -5.524017810821533 accuracy: 12.20703125 sim: 0 mscr: 28.62890625 nes: 170.9375ori_Loss :4.580022811889648 sup_loss_0: 14.495174407958984 
DEBUG:root:Epoch: 380 Loss: -5.510648250579834 accuracy: 11.4990234375 sim: 0 mscr: 28.6298828125 nes: 170.91666666666666ori_Loss :4.605152130126953 sup_loss_0: 14.441258430480957 
DEBUG:root:Epoch: 381 Loss: -5.485141277313232 accuracy: 11.328125 sim: 0 mscr: 28.6787109375 nes: 170.91666666666666ori_Loss :4.583791255950928 sup_loss_0: 14.437111854553223 
DEBUG:root:Epoch: 382 Loss: -5.491116523742676 accuracy: 10.693359375 sim: 0 mscr: 28.74755859375 nes: 170.875ori_Loss :4.609587669372559 sup_loss_0: 14.429731369018555 
DEBUG:root:Epoch: 383 Loss: -5.496289253234863 accuracy: 12.255859375 sim: 0 mscr: 28.79345703125 nes: 170.89583333333331ori_Loss :4.597298622131348 sup_loss_0: 14.455201148986816 
DEBUG:root:Epoch: 384 Loss: -5.50040340423584 accuracy: 11.62109375 sim: 0 mscr: 28.7119140625 nes: 170.91666666666669ori_Loss :4.584094047546387 sup_loss_0: 14.440214157104492 
DEBUG:root:Epoch: 385 Loss: -5.5133819580078125 accuracy: 11.7919921875 sim: 0 mscr: 28.79345703125 nes: 170.9375ori_Loss :4.591124534606934 sup_loss_0: 14.440890312194824 
DEBUG:root:Epoch: 386 Loss: -5.513550281524658 accuracy: 12.353515625 sim: 0 mscr: 28.623779296875 nes: 170.89583333333331ori_Loss :4.529256820678711 sup_loss_0: 14.317155838012695 
DEBUG:root:Epoch: 387 Loss: -5.514256954193115 accuracy: 11.474609375 sim: 0 mscr: 28.7919921875 nes: 170.89583333333331ori_Loss :4.656143665313721 sup_loss_0: 14.442272186279297 
DEBUG:root:Epoch: 388 Loss: -5.502190113067627 accuracy: 11.7919921875 sim: 0 mscr: 28.723388671875 nes: 170.95833333333334ori_Loss :4.526231288909912 sup_loss_0: 14.34776782989502 
DEBUG:root:Epoch: 389 Loss: -5.515861511230469 accuracy: 11.3037109375 sim: 0 mscr: 28.705078125 nes: 170.89583333333334ori_Loss :4.550510883331299 sup_loss_0: 14.42839241027832 
DEBUG:root:Epoch: 390 Loss: -5.5123209953308105 accuracy: 11.9384765625 sim: 0 mscr: 28.65966796875 nes: 170.91666666666669ori_Loss :4.582634449005127 sup_loss_0: 14.451163291931152 
DEBUG:root:Epoch: 391 Loss: -5.5326972007751465 accuracy: 12.59765625 sim: 0 mscr: 28.637939453125 nes: 170.97916666666666ori_Loss :4.528242111206055 sup_loss_0: 14.370183944702148 
DEBUG:root:Epoch: 392 Loss: -5.509673595428467 accuracy: 11.474609375 sim: 0 mscr: 28.600830078125 nes: 170.95833333333334ori_Loss :4.50272798538208 sup_loss_0: 14.39162826538086 
DEBUG:root:Epoch: 393 Loss: -5.521503448486328 accuracy: 12.1337890625 sim: 0 mscr: 28.68115234375 nes: 170.85416666666666ori_Loss :4.652920246124268 sup_loss_0: 14.433065414428711 
DEBUG:root:Epoch: 394 Loss: -5.530458927154541 accuracy: 12.1826171875 sim: 0 mscr: 28.73291015625 nes: 170.95833333333331ori_Loss :4.648279190063477 sup_loss_0: 14.540628433227539 
DEBUG:root:Epoch: 395 Loss: -5.507599830627441 accuracy: 12.744140625 sim: 0 mscr: 28.727783203125 nes: 170.91666666666666ori_Loss :4.524056434631348 sup_loss_0: 14.287229537963867 
DEBUG:root:Epoch: 396 Loss: -5.506671905517578 accuracy: 12.646484375 sim: 0 mscr: 28.722900390625 nes: 170.89583333333331ori_Loss :4.547323226928711 sup_loss_0: 14.391611099243164 
DEBUG:root:Epoch: 397 Loss: -5.512946128845215 accuracy: 11.8896484375 sim: 0 mscr: 28.654052734375 nes: 170.85416666666666ori_Loss :4.560458183288574 sup_loss_0: 14.410379409790039 
DEBUG:root:Epoch: 398 Loss: -5.5161004066467285 accuracy: 12.4267578125 sim: 0 mscr: 28.778564453125 nes: 170.89583333333331ori_Loss :4.615819931030273 sup_loss_0: 14.43822956085205 
DEBUG:root:Epoch: 399 Loss: -5.549277305603027 accuracy: 13.0615234375 sim: 0 mscr: 28.681884765625 nes: 170.89583333333331ori_Loss :4.57394552230835 sup_loss_0: 14.385942459106445 
DEBUG:root:Epoch: 400 Loss: -5.505465984344482 accuracy: 12.3046875 sim: 0 mscr: 28.769287109375 nes: 170.9375ori_Loss :4.643832206726074 sup_loss_0: 14.485572814941406 
DEBUG:root:Epoch: 401 Loss: -5.526193618774414 accuracy: 13.0615234375 sim: 0 mscr: 28.6357421875 nes: 170.91666666666666ori_Loss :4.582794189453125 sup_loss_0: 14.497221946716309 
DEBUG:root:Epoch: 402 Loss: -5.511433124542236 accuracy: 11.7919921875 sim: 0 mscr: 28.704345703125 nes: 170.83333333333331ori_Loss :4.579292297363281 sup_loss_0: 14.339298248291016 
DEBUG:root:Epoch: 403 Loss: -5.524488925933838 accuracy: 12.2802734375 sim: 0 mscr: 28.89013671875 nes: 170.91666666666663ori_Loss :4.5844621658325195 sup_loss_0: 14.318190574645996 
DEBUG:root:Epoch: 404 Loss: -5.514137268066406 accuracy: 12.0849609375 sim: 0 mscr: 28.71337890625 nes: 170.85416666666666ori_Loss :4.588041305541992 sup_loss_0: 14.386760711669922 
DEBUG:root:Epoch: 405 Loss: -5.517953872680664 accuracy: 12.7685546875 sim: 0 mscr: 28.677734375 nes: 170.9375ori_Loss :4.598297595977783 sup_loss_0: 14.40449333190918 
DEBUG:root:Epoch: 406 Loss: -5.526111125946045 accuracy: 11.62109375 sim: 0 mscr: 28.600341796875 nes: 170.87500000000003ori_Loss :4.540901184082031 sup_loss_0: 14.335918426513672 
DEBUG:root:Epoch: 407 Loss: -5.519286155700684 accuracy: 12.0361328125 sim: 0 mscr: 28.631591796875 nes: 170.85416666666666ori_Loss :4.546952247619629 sup_loss_0: 14.30548095703125 
DEBUG:root:Epoch: 408 Loss: -5.520817756652832 accuracy: 12.7197265625 sim: 0 mscr: 28.63671875 nes: 170.91666666666663ori_Loss :4.558657646179199 sup_loss_0: 14.326421737670898 
DEBUG:root:Epoch: 409 Loss: -5.533022880554199 accuracy: 12.7197265625 sim: 0 mscr: 28.6015625 nes: 170.875ori_Loss :4.52004861831665 sup_loss_0: 14.35190200805664 
DEBUG:root:Epoch: 410 Loss: -5.525310039520264 accuracy: 12.6953125 sim: 0 mscr: 28.654052734375 nes: 170.87499999999997ori_Loss :4.5469651222229 sup_loss_0: 14.401485443115234 
DEBUG:root:Epoch: 411 Loss: -5.522355079650879 accuracy: 12.6953125 sim: 0 mscr: 28.762939453125 nes: 170.91666666666669ori_Loss :4.611330509185791 sup_loss_0: 14.456443786621094 
DEBUG:root:Epoch: 412 Loss: -5.530190944671631 accuracy: 12.40234375 sim: 0 mscr: 28.689453125 nes: 170.89583333333331ori_Loss :4.592600345611572 sup_loss_0: 14.476436614990234 
DEBUG:root:Epoch: 413 Loss: -5.530296325683594 accuracy: 12.3046875 sim: 0 mscr: 28.603271484375 nes: 170.875ori_Loss :4.517938137054443 sup_loss_0: 14.375490188598633 
DEBUG:root:Epoch: 414 Loss: -5.5138936042785645 accuracy: 12.451171875 sim: 0 mscr: 28.76123046875 nes: 170.875ori_Loss :4.579184055328369 sup_loss_0: 14.440430641174316 
DEBUG:root:Epoch: 415 Loss: -5.51861572265625 accuracy: 12.6953125 sim: 0 mscr: 28.628662109375 nes: 170.93749999999997ori_Loss :4.545380115509033 sup_loss_0: 14.40275764465332 
DEBUG:root:Epoch: 416 Loss: -5.522284030914307 accuracy: 12.79296875 sim: 0 mscr: 28.68017578125 nes: 170.91666666666666ori_Loss :4.437878608703613 sup_loss_0: 14.251886367797852 
DEBUG:root:Epoch: 417 Loss: -5.531759262084961 accuracy: 12.890625 sim: 0 mscr: 28.79638671875 nes: 170.85416666666666ori_Loss :4.473020553588867 sup_loss_0: 14.360570907592773 
DEBUG:root:Epoch: 418 Loss: -5.5399041175842285 accuracy: 14.0625 sim: 0 mscr: 28.728759765625 nes: 170.89583333333334ori_Loss :4.598602771759033 sup_loss_0: 14.521157264709473 
DEBUG:root:Epoch: 419 Loss: -5.528636932373047 accuracy: 12.0361328125 sim: 0 mscr: 28.634521484375 nes: 170.95833333333331ori_Loss :4.422601222991943 sup_loss_0: 14.311624526977539 
DEBUG:root:Epoch: 420 Loss: -5.523010730743408 accuracy: 12.353515625 sim: 0 mscr: 28.828857421875 nes: 170.91666666666666ori_Loss :4.589611530303955 sup_loss_0: 14.389762878417969 
DEBUG:root:Epoch: 421 Loss: -5.5163116455078125 accuracy: 12.01171875 sim: 0 mscr: 28.734619140625 nes: 170.87499999999997ori_Loss :4.6172194480896 sup_loss_0: 14.370447158813477 
DEBUG:root:Epoch: 422 Loss: -5.524596214294434 accuracy: 13.2080078125 sim: 0 mscr: 28.700439453125 nes: 170.85416666666669ori_Loss :4.544798374176025 sup_loss_0: 14.339317321777344 
DEBUG:root:Epoch: 423 Loss: -5.5355658531188965 accuracy: 12.6220703125 sim: 0 mscr: 28.679931640625 nes: 170.875ori_Loss :4.516073226928711 sup_loss_0: 14.381061553955078 
DEBUG:root:Epoch: 424 Loss: -5.529629707336426 accuracy: 13.2080078125 sim: 0 mscr: 28.611572265625 nes: 170.89583333333331ori_Loss :4.529391288757324 sup_loss_0: 14.442112922668457 
DEBUG:root:Epoch: 425 Loss: -5.55689001083374 accuracy: 12.5244140625 sim: 0 mscr: 28.579833984375 nes: 170.9375ori_Loss :4.503323078155518 sup_loss_0: 14.382192611694336 
DEBUG:root:Epoch: 426 Loss: -5.548067569732666 accuracy: 13.671875 sim: 0 mscr: 28.656005859375 nes: 170.95833333333331ori_Loss :4.477118968963623 sup_loss_0: 14.369203567504883 
DEBUG:root:Epoch: 427 Loss: -5.519365310668945 accuracy: 13.037109375 sim: 0 mscr: 28.640869140625 nes: 170.91666666666666ori_Loss :4.504997730255127 sup_loss_0: 14.411083221435547 
DEBUG:root:Epoch: 428 Loss: -5.52744722366333 accuracy: 12.6953125 sim: 0 mscr: 28.6064453125 nes: 170.85416666666666ori_Loss :4.569488048553467 sup_loss_0: 14.451021194458008 
DEBUG:root:Epoch: 429 Loss: -5.5216779708862305 accuracy: 12.0849609375 sim: 0 mscr: 28.7177734375 nes: 170.95833333333331ori_Loss :4.520016193389893 sup_loss_0: 14.458152770996094 
DEBUG:root:Epoch: 430 Loss: -5.550311088562012 accuracy: 12.890625 sim: 0 mscr: 28.690185546875 nes: 171.0ori_Loss :4.463376998901367 sup_loss_0: 14.333391189575195 
DEBUG:root:Epoch: 431 Loss: -5.5464067459106445 accuracy: 13.28125 sim: 0 mscr: 28.7373046875 nes: 170.91666666666669ori_Loss :4.552077770233154 sup_loss_0: 14.413185119628906 
DEBUG:root:Epoch: 432 Loss: -5.549657821655273 accuracy: 12.7685546875 sim: 0 mscr: 28.734375 nes: 170.875ori_Loss :4.462767124176025 sup_loss_0: 14.357999801635742 
DEBUG:root:Epoch: 433 Loss: -5.548758506774902 accuracy: 12.9638671875 sim: 0 mscr: 28.7509765625 nes: 170.95833333333334ori_Loss :4.570615291595459 sup_loss_0: 14.456754684448242 
DEBUG:root:Epoch: 434 Loss: -5.54104471206665 accuracy: 13.232421875 sim: 0 mscr: 28.813232421875 nes: 170.93749999999997ori_Loss :4.526105880737305 sup_loss_0: 14.401121139526367 
DEBUG:root:Epoch: 435 Loss: -5.54115629196167 accuracy: 12.7685546875 sim: 0 mscr: 28.725830078125 nes: 170.89583333333334ori_Loss :4.586463928222656 sup_loss_0: 14.366785049438477 
DEBUG:root:Epoch: 436 Loss: -5.542961120605469 accuracy: 13.1103515625 sim: 0 mscr: 28.781982421875 nes: 170.91666666666669ori_Loss :4.59868860244751 sup_loss_0: 14.388423919677734 
DEBUG:root:Epoch: 437 Loss: -5.540534973144531 accuracy: 13.037109375 sim: 0 mscr: 28.598876953125 nes: 170.91666666666666ori_Loss :4.550544738769531 sup_loss_0: 14.406842231750488 
DEBUG:root:Epoch: 438 Loss: -5.546218395233154 accuracy: 13.96484375 sim: 0 mscr: 28.596435546875 nes: 170.97916666666669ori_Loss :4.494454383850098 sup_loss_0: 14.357226371765137 
DEBUG:root:Epoch: 439 Loss: -5.539911270141602 accuracy: 13.7451171875 sim: 0 mscr: 28.86767578125 nes: 170.93749999999997ori_Loss :4.655389785766602 sup_loss_0: 14.406594276428223 
DEBUG:root:Epoch: 440 Loss: -5.5407609939575195 accuracy: 12.939453125 sim: 0 mscr: 28.553955078125 nes: 170.875ori_Loss :4.526943206787109 sup_loss_0: 14.315485954284668 
DEBUG:root:Epoch: 441 Loss: -5.538087844848633 accuracy: 11.4501953125 sim: 0 mscr: 28.64013671875 nes: 170.9375ori_Loss :4.520632743835449 sup_loss_0: 14.412348747253418 
DEBUG:root:Epoch: 442 Loss: -5.560508728027344 accuracy: 13.37890625 sim: 0 mscr: 28.70556640625 nes: 170.91666666666666ori_Loss :4.518371105194092 sup_loss_0: 14.395553588867188 
DEBUG:root:Epoch: 443 Loss: -5.559170246124268 accuracy: 13.427734375 sim: 0 mscr: 28.71337890625 nes: 170.89583333333331ori_Loss :4.496616363525391 sup_loss_0: 14.338689804077148 
DEBUG:root:Epoch: 444 Loss: -5.540073871612549 accuracy: 14.599609375 sim: 0 mscr: 28.5634765625 nes: 170.95833333333331ori_Loss :4.481657028198242 sup_loss_0: 14.334944725036621 
DEBUG:root:Epoch: 445 Loss: -5.567022800445557 accuracy: 13.5009765625 sim: 0 mscr: 28.568359375 nes: 170.91666666666669ori_Loss :4.527116775512695 sup_loss_0: 14.447625160217285 
DEBUG:root:Epoch: 446 Loss: -5.555209159851074 accuracy: 13.525390625 sim: 0 mscr: 28.67822265625 nes: 170.89583333333331ori_Loss :4.51175594329834 sup_loss_0: 14.287031173706055 
DEBUG:root:Epoch: 447 Loss: -5.5550713539123535 accuracy: 13.76953125 sim: 0 mscr: 28.80224609375 nes: 170.89583333333334ori_Loss :4.533045291900635 sup_loss_0: 14.429410934448242 
DEBUG:root:Epoch: 448 Loss: -5.550038814544678 accuracy: 13.3056640625 sim: 0 mscr: 28.669921875 nes: 170.89583333333334ori_Loss :4.476077079772949 sup_loss_0: 14.399818420410156 
DEBUG:root:Epoch: 449 Loss: -5.544699192047119 accuracy: 13.57421875 sim: 0 mscr: 28.61865234375 nes: 170.89583333333331ori_Loss :4.545447826385498 sup_loss_0: 14.40150260925293 
DEBUG:root:Epoch: 450 Loss: -5.537112712860107 accuracy: 12.79296875 sim: 0 mscr: 28.771484375 nes: 170.89583333333334ori_Loss :4.46213960647583 sup_loss_0: 14.351534843444824 
DEBUG:root:Epoch: 451 Loss: -5.549138069152832 accuracy: 13.0859375 sim: 0 mscr: 28.72265625 nes: 170.95833333333331ori_Loss :4.476099014282227 sup_loss_0: 14.272383689880371 
DEBUG:root:Epoch: 452 Loss: -5.541232109069824 accuracy: 13.57421875 sim: 0 mscr: 28.70361328125 nes: 170.97916666666666ori_Loss :4.486512184143066 sup_loss_0: 14.330465316772461 
DEBUG:root:Epoch: 453 Loss: -5.552302360534668 accuracy: 13.3544921875 sim: 0 mscr: 28.720703125 nes: 170.87499999999997ori_Loss :4.507743835449219 sup_loss_0: 14.359268188476562 
DEBUG:root:Epoch: 454 Loss: -5.559255599975586 accuracy: 14.208984375 sim: 0 mscr: 28.735107421875 nes: 170.95833333333331ori_Loss :4.501701354980469 sup_loss_0: 14.42800235748291 
DEBUG:root:Epoch: 455 Loss: -5.558737754821777 accuracy: 13.9404296875 sim: 0 mscr: 28.769775390625 nes: 170.89583333333334ori_Loss :4.42327356338501 sup_loss_0: 14.332213401794434 
DEBUG:root:Epoch: 456 Loss: -5.575437545776367 accuracy: 13.2080078125 sim: 0 mscr: 28.69091796875 nes: 170.89583333333331ori_Loss :4.414435863494873 sup_loss_0: 14.22276496887207 
DEBUG:root:Epoch: 457 Loss: -5.533370018005371 accuracy: 12.98828125 sim: 0 mscr: 28.744140625 nes: 170.91666666666666ori_Loss :4.380673408508301 sup_loss_0: 14.25938606262207 
DEBUG:root:Epoch: 458 Loss: -5.545720100402832 accuracy: 13.1591796875 sim: 0 mscr: 28.703857421875 nes: 170.97916666666666ori_Loss :4.565455913543701 sup_loss_0: 14.381701469421387 
DEBUG:root:Epoch: 459 Loss: -5.557592868804932 accuracy: 13.0615234375 sim: 0 mscr: 28.773193359375 nes: 170.9375ori_Loss :4.529040336608887 sup_loss_0: 14.362886428833008 
DEBUG:root:Epoch: 460 Loss: -5.545069217681885 accuracy: 14.1357421875 sim: 0 mscr: 28.62158203125 nes: 170.91666666666669ori_Loss :4.466525077819824 sup_loss_0: 14.286079406738281 
DEBUG:root:Epoch: 461 Loss: -5.542456150054932 accuracy: 12.6953125 sim: 0 mscr: 28.78076171875 nes: 170.83333333333331ori_Loss :4.4736433029174805 sup_loss_0: 14.333873748779297 
DEBUG:root:Epoch: 462 Loss: -5.556662082672119 accuracy: 12.9638671875 sim: 0 mscr: 28.689453125 nes: 170.97916666666666ori_Loss :4.527403831481934 sup_loss_0: 14.384580612182617 
DEBUG:root:Epoch: 463 Loss: -5.548832893371582 accuracy: 13.76953125 sim: 0 mscr: 28.736572265625 nes: 170.91666666666669ori_Loss :4.385193824768066 sup_loss_0: 14.281228065490723 
DEBUG:root:Epoch: 464 Loss: -5.555873394012451 accuracy: 13.037109375 sim: 0 mscr: 28.54345703125 nes: 170.9375ori_Loss :4.563758850097656 sup_loss_0: 14.42047119140625 
DEBUG:root:Epoch: 465 Loss: -5.548888206481934 accuracy: 14.013671875 sim: 0 mscr: 28.661865234375 nes: 171.0ori_Loss :4.418059349060059 sup_loss_0: 14.264301300048828 
DEBUG:root:Epoch: 466 Loss: -5.558306694030762 accuracy: 13.76953125 sim: 0 mscr: 28.65283203125 nes: 170.875ori_Loss :4.479000091552734 sup_loss_0: 14.318017959594727 
DEBUG:root:Epoch: 467 Loss: -5.562549591064453 accuracy: 13.57421875 sim: 0 mscr: 28.673828125 nes: 170.89583333333334ori_Loss :4.475398063659668 sup_loss_0: 14.367344856262207 
DEBUG:root:Epoch: 468 Loss: -5.55519962310791 accuracy: 12.4267578125 sim: 0 mscr: 28.77685546875 nes: 170.89583333333334ori_Loss :4.514331817626953 sup_loss_0: 14.3779296875 
DEBUG:root:Epoch: 469 Loss: -5.552765846252441 accuracy: 14.501953125 sim: 0 mscr: 28.643310546875 nes: 170.91666666666666ori_Loss :4.385810852050781 sup_loss_0: 14.24939250946045 
DEBUG:root:Epoch: 470 Loss: -5.575337886810303 accuracy: 14.3310546875 sim: 0 mscr: 28.64453125 nes: 170.9375ori_Loss :4.397684097290039 sup_loss_0: 14.329456329345703 
DEBUG:root:Epoch: 471 Loss: -5.575244426727295 accuracy: 13.916015625 sim: 0 mscr: 28.765380859375 nes: 170.97916666666669ori_Loss :4.528769493103027 sup_loss_0: 14.364243507385254 
DEBUG:root:Epoch: 472 Loss: -5.55684232711792 accuracy: 13.4765625 sim: 0 mscr: 28.701416015625 nes: 170.95833333333331ori_Loss :4.5549139976501465 sup_loss_0: 14.411320686340332 
DEBUG:root:Epoch: 473 Loss: -5.554842948913574 accuracy: 14.2822265625 sim: 0 mscr: 28.87939453125 nes: 170.89583333333331ori_Loss :4.475015163421631 sup_loss_0: 14.349279403686523 
DEBUG:root:Epoch: 474 Loss: -5.565291881561279 accuracy: 14.599609375 sim: 0 mscr: 28.632568359375 nes: 170.87499999999997ori_Loss :4.466412544250488 sup_loss_0: 14.328845977783203 
DEBUG:root:Epoch: 475 Loss: -5.569014072418213 accuracy: 14.7705078125 sim: 0 mscr: 28.64501953125 nes: 170.95833333333331ori_Loss :4.419693470001221 sup_loss_0: 14.336577415466309 
DEBUG:root:Epoch: 476 Loss: -5.5613694190979 accuracy: 13.3056640625 sim: 0 mscr: 28.69775390625 nes: 170.89583333333331ori_Loss :4.546247959136963 sup_loss_0: 14.39657211303711 
DEBUG:root:Epoch: 477 Loss: -5.559704303741455 accuracy: 13.96484375 sim: 0 mscr: 28.728515625 nes: 170.89583333333334ori_Loss :4.454025745391846 sup_loss_0: 14.267919540405273 
DEBUG:root:Epoch: 478 Loss: -5.564764976501465 accuracy: 12.79296875 sim: 0 mscr: 28.737548828125 nes: 170.89583333333331ori_Loss :4.420780181884766 sup_loss_0: 14.33676528930664 
DEBUG:root:Epoch: 479 Loss: -5.582341194152832 accuracy: 13.7939453125 sim: 0 mscr: 28.689453125 nes: 170.89583333333331ori_Loss :4.442883014678955 sup_loss_0: 14.379514694213867 
DEBUG:root:Epoch: 480 Loss: -5.577943801879883 accuracy: 14.94140625 sim: 0 mscr: 28.78271484375 nes: 170.95833333333331ori_Loss :4.423525810241699 sup_loss_0: 14.307347297668457 
DEBUG:root:Epoch: 481 Loss: -5.5661797523498535 accuracy: 13.427734375 sim: 0 mscr: 28.67138671875 nes: 170.91666666666666ori_Loss :4.560939311981201 sup_loss_0: 14.49943733215332 
DEBUG:root:Epoch: 482 Loss: -5.579601764678955 accuracy: 13.134765625 sim: 0 mscr: 28.749755859375 nes: 170.875ori_Loss :4.482401371002197 sup_loss_0: 14.370231628417969 
DEBUG:root:Epoch: 483 Loss: -5.57528018951416 accuracy: 13.76953125 sim: 0 mscr: 28.6923828125 nes: 170.85416666666666ori_Loss :4.5192108154296875 sup_loss_0: 14.373348236083984 
DEBUG:root:Epoch: 484 Loss: -5.559957981109619 accuracy: 13.720703125 sim: 0 mscr: 28.5751953125 nes: 170.875ori_Loss :4.418072700500488 sup_loss_0: 14.322395324707031 
DEBUG:root:Epoch: 485 Loss: -5.577403545379639 accuracy: 13.330078125 sim: 0 mscr: 28.71484375 nes: 170.91666666666666ori_Loss :4.438385486602783 sup_loss_0: 14.369670867919922 
DEBUG:root:Epoch: 486 Loss: -5.566619396209717 accuracy: 14.5751953125 sim: 0 mscr: 28.748046875 nes: 170.8958333333333ori_Loss :4.451294898986816 sup_loss_0: 14.36142349243164 
DEBUG:root:Epoch: 487 Loss: -5.559800624847412 accuracy: 13.7451171875 sim: 0 mscr: 28.690673828125 nes: 170.95833333333331ori_Loss :4.4397478103637695 sup_loss_0: 14.311071395874023 
DEBUG:root:Epoch: 488 Loss: -5.574902534484863 accuracy: 14.74609375 sim: 0 mscr: 28.682373046875 nes: 170.9375ori_Loss :4.548032283782959 sup_loss_0: 14.42223072052002 
DEBUG:root:Epoch: 489 Loss: -5.56491231918335 accuracy: 13.76953125 sim: 0 mscr: 28.81982421875 nes: 170.93749999999997ori_Loss :4.444145202636719 sup_loss_0: 14.31007194519043 
DEBUG:root:Epoch: 490 Loss: -5.582174777984619 accuracy: 13.6962890625 sim: 0 mscr: 28.7041015625 nes: 170.91666666666666ori_Loss :4.464777946472168 sup_loss_0: 14.332071304321289 
DEBUG:root:Epoch: 491 Loss: -5.583523273468018 accuracy: 13.5986328125 sim: 0 mscr: 28.796875 nes: 170.91666666666666ori_Loss :4.508927822113037 sup_loss_0: 14.359512329101562 
DEBUG:root:Epoch: 492 Loss: -5.576870441436768 accuracy: 13.916015625 sim: 0 mscr: 28.614501953125 nes: 170.9375ori_Loss :4.44233512878418 sup_loss_0: 14.361536026000977 
DEBUG:root:Epoch: 493 Loss: -5.603557109832764 accuracy: 14.990234375 sim: 0 mscr: 28.7919921875 nes: 170.95833333333334ori_Loss :4.487703323364258 sup_loss_0: 14.427438735961914 
DEBUG:root:Epoch: 494 Loss: -5.5738043785095215 accuracy: 14.453125 sim: 0 mscr: 28.74853515625 nes: 170.89583333333334ori_Loss :4.4117560386657715 sup_loss_0: 14.285703659057617 
DEBUG:root:Epoch: 495 Loss: -5.572261333465576 accuracy: 13.28125 sim: 0 mscr: 28.688232421875 nes: 170.95833333333331ori_Loss :4.434659004211426 sup_loss_0: 14.346006393432617 
DEBUG:root:Epoch: 496 Loss: -5.562289237976074 accuracy: 13.37890625 sim: 0 mscr: 28.64208984375 nes: 170.91666666666666ori_Loss :4.502014636993408 sup_loss_0: 14.33006477355957 
DEBUG:root:Epoch: 497 Loss: -5.593893051147461 accuracy: 15.1611328125 sim: 0 mscr: 28.8466796875 nes: 170.85416666666663ori_Loss :4.430235862731934 sup_loss_0: 14.308076858520508 
DEBUG:root:Epoch: 498 Loss: -5.570690155029297 accuracy: 13.8671875 sim: 0 mscr: 28.825927734375 nes: 170.89583333333334ori_Loss :4.540823936462402 sup_loss_0: 14.441085815429688 
DEBUG:root:Epoch: 499 Loss: -5.58161735534668 accuracy: 14.306640625 sim: 0 mscr: 28.79248046875 nes: 170.875ori_Loss :4.434946060180664 sup_loss_0: 14.39033317565918 
DEBUG:root:Epoch: 500 Loss: -5.5772247314453125 accuracy: 14.2822265625 sim: 0 mscr: 28.8408203125 nes: 170.91666666666666ori_Loss :4.489619255065918 sup_loss_0: 14.329751014709473 
DEBUG:root:Epoch: 501 Loss: -5.578484058380127 accuracy: 14.6484375 sim: 0 mscr: 28.845947265625 nes: 170.91666666666666ori_Loss :4.4789814949035645 sup_loss_0: 14.345743179321289 
DEBUG:root:Epoch: 502 Loss: -5.579818248748779 accuracy: 15.1123046875 sim: 0 mscr: 28.818603515625 nes: 170.91666666666666ori_Loss :4.439175605773926 sup_loss_0: 14.301218032836914 
DEBUG:root:Epoch: 503 Loss: -5.5645670890808105 accuracy: 15.2587890625 sim: 0 mscr: 28.779296875 nes: 170.91666666666666ori_Loss :4.529773712158203 sup_loss_0: 14.399007797241211 
DEBUG:root:Epoch: 504 Loss: -5.588159561157227 accuracy: 13.4765625 sim: 0 mscr: 28.6533203125 nes: 170.9375ori_Loss :4.442201614379883 sup_loss_0: 14.374324798583984 
DEBUG:root:Epoch: 505 Loss: -5.577250003814697 accuracy: 15.33203125 sim: 0 mscr: 28.697998046875 nes: 170.93749999999997ori_Loss :4.33254337310791 sup_loss_0: 14.186710357666016 
DEBUG:root:Epoch: 506 Loss: -5.5735368728637695 accuracy: 13.9404296875 sim: 0 mscr: 28.56640625 nes: 170.95833333333334ori_Loss :4.452404975891113 sup_loss_0: 14.325632095336914 
DEBUG:root:Epoch: 507 Loss: -5.576740264892578 accuracy: 14.9658203125 sim: 0 mscr: 28.86474609375 nes: 170.9375ori_Loss :4.440312385559082 sup_loss_0: 14.297812461853027 
DEBUG:root:Epoch: 508 Loss: -5.579728126525879 accuracy: 14.208984375 sim: 0 mscr: 28.78466796875 nes: 170.97916666666666ori_Loss :4.4172682762146 sup_loss_0: 14.296213150024414 
DEBUG:root:Epoch: 509 Loss: -5.595004558563232 accuracy: 14.306640625 sim: 0 mscr: 28.56298828125 nes: 170.93749999999997ori_Loss :4.526812553405762 sup_loss_0: 14.393129348754883 
DEBUG:root:Epoch: 510 Loss: -5.5871100425720215 accuracy: 14.3310546875 sim: 0 mscr: 28.72119140625 nes: 170.91666666666663ori_Loss :4.458685398101807 sup_loss_0: 14.342367172241211 
DEBUG:root:Epoch: 511 Loss: -5.579770565032959 accuracy: 14.892578125 sim: 0 mscr: 28.643310546875 nes: 170.97916666666669ori_Loss :4.5011162757873535 sup_loss_0: 14.340497970581055 
DEBUG:root:Epoch: 512 Loss: -5.581310749053955 accuracy: 14.5751953125 sim: 0 mscr: 28.628662109375 nes: 170.91666666666666ori_Loss :4.421554088592529 sup_loss_0: 14.356261253356934 
DEBUG:root:Epoch: 513 Loss: -5.584897518157959 accuracy: 14.8681640625 sim: 0 mscr: 28.710205078125 nes: 170.91666666666666ori_Loss :4.45062780380249 sup_loss_0: 14.372884750366211 
DEBUG:root:Epoch: 514 Loss: -5.5938520431518555 accuracy: 13.9892578125 sim: 0 mscr: 28.6728515625 nes: 170.95833333333331ori_Loss :4.481869220733643 sup_loss_0: 14.28601360321045 
DEBUG:root:Epoch: 515 Loss: -5.585967063903809 accuracy: 13.3056640625 sim: 0 mscr: 28.685546875 nes: 170.89583333333331ori_Loss :4.418506145477295 sup_loss_0: 14.330623626708984 
DEBUG:root:Epoch: 516 Loss: -5.587660312652588 accuracy: 13.8427734375 sim: 0 mscr: 28.728759765625 nes: 170.95833333333331ori_Loss :4.520684242248535 sup_loss_0: 14.437968254089355 
DEBUG:root:Epoch: 517 Loss: -5.604368209838867 accuracy: 14.404296875 sim: 0 mscr: 28.812255859375 nes: 170.9375ori_Loss :4.426154136657715 sup_loss_0: 14.334416389465332 
DEBUG:root:Epoch: 518 Loss: -5.595780372619629 accuracy: 16.455078125 sim: 0 mscr: 28.711669921875 nes: 170.9375ori_Loss :4.53714656829834 sup_loss_0: 14.389205932617188 
DEBUG:root:Epoch: 519 Loss: -5.586668014526367 accuracy: 14.9169921875 sim: 0 mscr: 28.677978515625 nes: 170.9375ori_Loss :4.478821754455566 sup_loss_0: 14.387709617614746 
DEBUG:root:Epoch: 520 Loss: -5.581966876983643 accuracy: 14.6484375 sim: 0 mscr: 28.62646484375 nes: 170.9375ori_Loss :4.442084312438965 sup_loss_0: 14.329562187194824 
DEBUG:root:Epoch: 521 Loss: -5.599456310272217 accuracy: 15.966796875 sim: 0 mscr: 28.691162109375 nes: 170.89583333333334ori_Loss :4.405375003814697 sup_loss_0: 14.286019325256348 
DEBUG:root:Epoch: 522 Loss: -5.581407070159912 accuracy: 13.8671875 sim: 0 mscr: 28.690185546875 nes: 170.85416666666666ori_Loss :4.516070365905762 sup_loss_0: 14.399792671203613 
DEBUG:root:Epoch: 523 Loss: -5.589735507965088 accuracy: 14.94140625 sim: 0 mscr: 28.75048828125 nes: 170.91666666666666ori_Loss :4.420656204223633 sup_loss_0: 14.307125091552734 
DEBUG:root:Epoch: 524 Loss: -5.596765518188477 accuracy: 14.74609375 sim: 0 mscr: 28.675537109375 nes: 170.93749999999997ori_Loss :4.4393696784973145 sup_loss_0: 14.362014770507812 
DEBUG:root:Epoch: 525 Loss: -5.591999053955078 accuracy: 16.064453125 sim: 0 mscr: 28.67138671875 nes: 170.91666666666669ori_Loss :4.412955284118652 sup_loss_0: 14.342048645019531 
DEBUG:root:Epoch: 526 Loss: -5.6046295166015625 accuracy: 15.6982421875 sim: 0 mscr: 28.688232421875 nes: 170.875ori_Loss :4.470280647277832 sup_loss_0: 14.37165641784668 
DEBUG:root:Epoch: 527 Loss: -5.588815212249756 accuracy: 16.11328125 sim: 0 mscr: 28.79638671875 nes: 170.95833333333331ori_Loss :4.458177089691162 sup_loss_0: 14.337400436401367 
DEBUG:root:Epoch: 528 Loss: -5.5876145362854 accuracy: 14.9658203125 sim: 0 mscr: 28.742919921875 nes: 170.97916666666666ori_Loss :4.345088958740234 sup_loss_0: 14.277604103088379 
DEBUG:root:Epoch: 529 Loss: -5.598210334777832 accuracy: 15.1611328125 sim: 0 mscr: 28.83349609375 nes: 170.89583333333331ori_Loss :4.445731163024902 sup_loss_0: 14.309320449829102 
DEBUG:root:Epoch: 530 Loss: -5.580721855163574 accuracy: 14.9658203125 sim: 0 mscr: 28.714111328125 nes: 170.89583333333331ori_Loss :4.5196685791015625 sup_loss_0: 14.320640563964844 
DEBUG:root:Epoch: 531 Loss: -5.591454029083252 accuracy: 15.4541015625 sim: 0 mscr: 28.74462890625 nes: 170.9375ori_Loss :4.419042587280273 sup_loss_0: 14.300339698791504 
DEBUG:root:Epoch: 532 Loss: -5.608489513397217 accuracy: 15.72265625 sim: 0 mscr: 28.736083984375 nes: 170.9375ori_Loss :4.4033026695251465 sup_loss_0: 14.27487564086914 
DEBUG:root:Epoch: 533 Loss: -5.5804572105407715 accuracy: 15.0146484375 sim: 0 mscr: 28.75244140625 nes: 170.95833333333331ori_Loss :4.488082408905029 sup_loss_0: 14.402074813842773 
DEBUG:root:Epoch: 534 Loss: -5.596383571624756 accuracy: 14.2822265625 sim: 0 mscr: 28.7216796875 nes: 170.89583333333334ori_Loss :4.514814376831055 sup_loss_0: 14.364326477050781 
DEBUG:root:Epoch: 535 Loss: -5.586769104003906 accuracy: 15.1123046875 sim: 0 mscr: 28.7763671875 nes: 170.9375ori_Loss :4.4520697593688965 sup_loss_0: 14.338701248168945 
DEBUG:root:Epoch: 536 Loss: -5.575546741485596 accuracy: 14.501953125 sim: 0 mscr: 28.7080078125 nes: 170.89583333333331ori_Loss :4.448966979980469 sup_loss_0: 14.361788749694824 
DEBUG:root:Epoch: 537 Loss: -5.594292163848877 accuracy: 16.0400390625 sim: 0 mscr: 28.7158203125 nes: 170.91666666666663ori_Loss :4.360628128051758 sup_loss_0: 14.28752326965332 
DEBUG:root:Epoch: 538 Loss: -5.598956108093262 accuracy: 16.6015625 sim: 0 mscr: 28.73095703125 nes: 170.9375ori_Loss :4.316342353820801 sup_loss_0: 14.20461654663086 
DEBUG:root:Epoch: 539 Loss: -5.593789577484131 accuracy: 15.1611328125 sim: 0 mscr: 28.62890625 nes: 170.89583333333331ori_Loss :4.515923500061035 sup_loss_0: 14.312309265136719 
DEBUG:root:Epoch: 540 Loss: -5.584991455078125 accuracy: 15.52734375 sim: 0 mscr: 28.63037109375 nes: 170.87499999999997ori_Loss :4.5164265632629395 sup_loss_0: 14.383281707763672 
DEBUG:root:Epoch: 541 Loss: -5.590941905975342 accuracy: 15.0390625 sim: 0 mscr: 28.674072265625 nes: 170.93749999999997ori_Loss :4.38438081741333 sup_loss_0: 14.247715950012207 
DEBUG:root:Epoch: 542 Loss: -5.605797290802002 accuracy: 16.4306640625 sim: 0 mscr: 28.719482421875 nes: 170.95833333333334ori_Loss :4.367027759552002 sup_loss_0: 14.25157642364502 
DEBUG:root:Epoch: 543 Loss: -5.604206562042236 accuracy: 15.0146484375 sim: 0 mscr: 28.8623046875 nes: 170.97916666666666ori_Loss :4.353671550750732 sup_loss_0: 14.297679901123047 
DEBUG:root:Epoch: 544 Loss: -5.591759204864502 accuracy: 14.7216796875 sim: 0 mscr: 28.646484375 nes: 170.85416666666666ori_Loss :4.443864345550537 sup_loss_0: 14.31161117553711 
DEBUG:root:Epoch: 545 Loss: -5.608292102813721 accuracy: 16.3818359375 sim: 0 mscr: 28.614990234375 nes: 170.91666666666663ori_Loss :4.31962251663208 sup_loss_0: 14.223201751708984 
DEBUG:root:Epoch: 546 Loss: -5.6062493324279785 accuracy: 15.380859375 sim: 0 mscr: 28.65869140625 nes: 170.93749999999997ori_Loss :4.428615093231201 sup_loss_0: 14.305390357971191 
DEBUG:root:Epoch: 547 Loss: -5.6147027015686035 accuracy: 15.1611328125 sim: 0 mscr: 28.7119140625 nes: 170.87499999999997ori_Loss :4.457364082336426 sup_loss_0: 14.368885040283203 
DEBUG:root:Epoch: 548 Loss: -5.6021552085876465 accuracy: 16.30859375 sim: 0 mscr: 28.683837890625 nes: 170.85416666666666ori_Loss :4.373552322387695 sup_loss_0: 14.337349891662598 
DEBUG:root:Epoch: 549 Loss: -5.5936431884765625 accuracy: 15.13671875 sim: 0 mscr: 28.72509765625 nes: 170.875ori_Loss :4.347996234893799 sup_loss_0: 14.247812271118164 
DEBUG:root:Epoch: 550 Loss: -5.606230735778809 accuracy: 14.453125 sim: 0 mscr: 28.69189453125 nes: 170.97916666666666ori_Loss :4.429065227508545 sup_loss_0: 14.32992935180664 
DEBUG:root:Epoch: 551 Loss: -5.613317012786865 accuracy: 15.771484375 sim: 0 mscr: 28.708984375 nes: 170.89583333333331ori_Loss :4.421903133392334 sup_loss_0: 14.341592788696289 
DEBUG:root:Epoch: 552 Loss: -5.614743709564209 accuracy: 17.138671875 sim: 0 mscr: 28.701171875 nes: 170.91666666666663ori_Loss :4.424149990081787 sup_loss_0: 14.378615379333496 
DEBUG:root:Epoch: 553 Loss: -5.618274688720703 accuracy: 15.869140625 sim: 0 mscr: 28.66162109375 nes: 170.83333333333331ori_Loss :4.458925247192383 sup_loss_0: 14.370710372924805 
DEBUG:root:Epoch: 554 Loss: -5.602776527404785 accuracy: 15.0146484375 sim: 0 mscr: 28.68798828125 nes: 170.89583333333331ori_Loss :4.399100303649902 sup_loss_0: 14.319461822509766 
DEBUG:root:Epoch: 555 Loss: -5.598028659820557 accuracy: 15.2099609375 sim: 0 mscr: 28.68115234375 nes: 170.95833333333331ori_Loss :4.463938236236572 sup_loss_0: 14.380511283874512 
DEBUG:root:Epoch: 556 Loss: -5.605635166168213 accuracy: 16.2109375 sim: 0 mscr: 28.72705078125 nes: 170.95833333333331ori_Loss :4.43793249130249 sup_loss_0: 14.38425064086914 
DEBUG:root:Epoch: 557 Loss: -5.615946292877197 accuracy: 15.625 sim: 0 mscr: 28.751953125 nes: 170.95833333333331ori_Loss :4.465543270111084 sup_loss_0: 14.364997863769531 
DEBUG:root:Epoch: 558 Loss: -5.62145471572876 accuracy: 16.1376953125 sim: 0 mscr: 28.735595703125 nes: 170.89583333333331ori_Loss :4.42086124420166 sup_loss_0: 14.302417755126953 
DEBUG:root:Epoch: 559 Loss: -5.609002113342285 accuracy: 15.1611328125 sim: 0 mscr: 28.801513671875 nes: 170.875ori_Loss :4.3658528327941895 sup_loss_0: 14.301796913146973 
DEBUG:root:Epoch: 560 Loss: -5.595207214355469 accuracy: 15.478515625 sim: 0 mscr: 28.724853515625 nes: 170.89583333333334ori_Loss :4.4463348388671875 sup_loss_0: 14.365909576416016 
DEBUG:root:Epoch: 561 Loss: -5.617406845092773 accuracy: 16.7724609375 sim: 0 mscr: 28.73193359375 nes: 170.91666666666666ori_Loss :4.427886962890625 sup_loss_0: 14.293603897094727 
DEBUG:root:Epoch: 562 Loss: -5.615729331970215 accuracy: 16.0888671875 sim: 0 mscr: 28.67138671875 nes: 171.0ori_Loss :4.349136829376221 sup_loss_0: 14.287056922912598 
DEBUG:root:Epoch: 563 Loss: -5.615506172180176 accuracy: 15.8935546875 sim: 0 mscr: 28.67041015625 nes: 170.91666666666666ori_Loss :4.448261260986328 sup_loss_0: 14.342082977294922 
DEBUG:root:Epoch: 564 Loss: -5.6052165031433105 accuracy: 16.11328125 sim: 0 mscr: 28.734130859375 nes: 170.9375ori_Loss :4.490196704864502 sup_loss_0: 14.389223098754883 
DEBUG:root:Epoch: 565 Loss: -5.619043827056885 accuracy: 16.0400390625 sim: 0 mscr: 28.6767578125 nes: 170.89583333333331ori_Loss :4.390275478363037 sup_loss_0: 14.31983757019043 
DEBUG:root:Epoch: 566 Loss: -5.608817100524902 accuracy: 16.5283203125 sim: 0 mscr: 28.700439453125 nes: 170.89583333333331ori_Loss :4.424510478973389 sup_loss_0: 14.304250717163086 
DEBUG:root:Epoch: 567 Loss: -5.611669063568115 accuracy: 16.357421875 sim: 0 mscr: 28.6943359375 nes: 170.9375ori_Loss :4.501794338226318 sup_loss_0: 14.393719673156738 
DEBUG:root:Epoch: 568 Loss: -5.598805904388428 accuracy: 15.3564453125 sim: 0 mscr: 28.813232421875 nes: 170.91666666666666ori_Loss :4.472766399383545 sup_loss_0: 14.39579963684082 
DEBUG:root:Epoch: 569 Loss: -5.615612983703613 accuracy: 15.3076171875 sim: 0 mscr: 28.555908203125 nes: 170.85416666666666ori_Loss :4.393777847290039 sup_loss_0: 14.291064262390137 
DEBUG:root:Epoch: 570 Loss: -5.598473072052002 accuracy: 16.2841796875 sim: 0 mscr: 28.6884765625 nes: 170.93749999999997ori_Loss :4.413784980773926 sup_loss_0: 14.209205627441406 
DEBUG:root:Epoch: 571 Loss: -5.593478679656982 accuracy: 15.673828125 sim: 0 mscr: 28.739013671875 nes: 170.85416666666663ori_Loss :4.395895957946777 sup_loss_0: 14.30517578125 
DEBUG:root:Epoch: 572 Loss: -5.60749626159668 accuracy: 15.869140625 sim: 0 mscr: 28.6865234375 nes: 170.9375ori_Loss :4.474708557128906 sup_loss_0: 14.372674942016602 
DEBUG:root:Epoch: 573 Loss: -5.618967056274414 accuracy: 15.91796875 sim: 0 mscr: 28.666015625 nes: 170.85416666666666ori_Loss :4.324066638946533 sup_loss_0: 14.191044807434082 
DEBUG:root:Epoch: 574 Loss: -5.614232540130615 accuracy: 16.6748046875 sim: 0 mscr: 28.64306640625 nes: 170.91666666666666ori_Loss :4.327271461486816 sup_loss_0: 14.265605926513672 
DEBUG:root:Epoch: 575 Loss: -5.6144490242004395 accuracy: 15.7958984375 sim: 0 mscr: 28.6591796875 nes: 170.875ori_Loss :4.341982364654541 sup_loss_0: 14.283063888549805 
DEBUG:root:Epoch: 576 Loss: -5.615557670593262 accuracy: 15.869140625 sim: 0 mscr: 28.760986328125 nes: 170.91666666666666ori_Loss :4.417957305908203 sup_loss_0: 14.33157730102539 
DEBUG:root:Epoch: 577 Loss: -5.621188163757324 accuracy: 16.357421875 sim: 0 mscr: 28.65478515625 nes: 170.95833333333331ori_Loss :4.290232181549072 sup_loss_0: 14.240994453430176 
DEBUG:root:Epoch: 578 Loss: -5.618531703948975 accuracy: 15.8447265625 sim: 0 mscr: 28.7294921875 nes: 170.91666666666666ori_Loss :4.312836647033691 sup_loss_0: 14.287578582763672 
DEBUG:root:Epoch: 579 Loss: -5.606035232543945 accuracy: 14.94140625 sim: 0 mscr: 28.67236328125 nes: 170.97916666666666ori_Loss :4.54494047164917 sup_loss_0: 14.385200500488281 
DEBUG:root:Epoch: 580 Loss: -5.616828441619873 accuracy: 16.064453125 sim: 0 mscr: 28.691650390625 nes: 170.85416666666666ori_Loss :4.5057172775268555 sup_loss_0: 14.366658210754395 
DEBUG:root:Epoch: 581 Loss: -5.620815753936768 accuracy: 16.1376953125 sim: 0 mscr: 28.75537109375 nes: 170.875ori_Loss :4.391234397888184 sup_loss_0: 14.302695274353027 
DEBUG:root:Epoch: 582 Loss: -5.613253593444824 accuracy: 15.7470703125 sim: 0 mscr: 28.747802734375 nes: 170.95833333333331ori_Loss :4.312771320343018 sup_loss_0: 14.24272346496582 
DEBUG:root:Epoch: 583 Loss: -5.6192145347595215 accuracy: 16.69921875 sim: 0 mscr: 28.809814453125 nes: 170.91666666666666ori_Loss :4.423657417297363 sup_loss_0: 14.363582611083984 
DEBUG:root:Epoch: 584 Loss: -5.613570213317871 accuracy: 15.9423828125 sim: 0 mscr: 28.714599609375 nes: 170.91666666666663ori_Loss :4.314051628112793 sup_loss_0: 14.213678359985352 
DEBUG:root:Epoch: 585 Loss: -5.626089572906494 accuracy: 15.9912109375 sim: 0 mscr: 28.7236328125 nes: 170.9375ori_Loss :4.426565170288086 sup_loss_0: 14.359850883483887 
DEBUG:root:Epoch: 586 Loss: -5.623543739318848 accuracy: 16.552734375 sim: 0 mscr: 28.664306640625 nes: 170.91666666666666ori_Loss :4.368400573730469 sup_loss_0: 14.331058502197266 
DEBUG:root:Epoch: 587 Loss: -5.62433385848999 accuracy: 15.8203125 sim: 0 mscr: 28.651123046875 nes: 170.89583333333331ori_Loss :4.442675590515137 sup_loss_0: 14.326644897460938 
DEBUG:root:Epoch: 588 Loss: -5.630785942077637 accuracy: 15.8447265625 sim: 0 mscr: 28.810546875 nes: 170.9375ori_Loss :4.392883777618408 sup_loss_0: 14.315321922302246 
DEBUG:root:Epoch: 589 Loss: -5.61077880859375 accuracy: 16.6748046875 sim: 0 mscr: 28.792724609375 nes: 170.89583333333334ori_Loss :4.378940105438232 sup_loss_0: 14.255136489868164 
DEBUG:root:Epoch: 590 Loss: -5.630342960357666 accuracy: 16.40625 sim: 0 mscr: 28.7412109375 nes: 170.95833333333334ori_Loss :4.361506938934326 sup_loss_0: 14.269618034362793 
DEBUG:root:Epoch: 591 Loss: -5.6112380027771 accuracy: 16.845703125 sim: 0 mscr: 28.6953125 nes: 170.9375ori_Loss :4.351439476013184 sup_loss_0: 14.278785705566406 
DEBUG:root:Epoch: 592 Loss: -5.621778964996338 accuracy: 16.943359375 sim: 0 mscr: 28.622802734375 nes: 170.9375ori_Loss :4.313704490661621 sup_loss_0: 14.221016883850098 
DEBUG:root:Epoch: 593 Loss: -5.606844425201416 accuracy: 15.673828125 sim: 0 mscr: 28.786376953125 nes: 170.93749999999997ori_Loss :4.428246021270752 sup_loss_0: 14.313836097717285 
DEBUG:root:Epoch: 594 Loss: -5.618403434753418 accuracy: 16.2841796875 sim: 0 mscr: 28.685546875 nes: 170.93749999999997ori_Loss :4.387033462524414 sup_loss_0: 14.256196975708008 
DEBUG:root:Epoch: 595 Loss: -5.613287925720215 accuracy: 15.4052734375 sim: 0 mscr: 28.68701171875 nes: 170.91666666666669ori_Loss :4.408018589019775 sup_loss_0: 14.288031578063965 
DEBUG:root:Epoch: 596 Loss: -5.616697311401367 accuracy: 16.2353515625 sim: 0 mscr: 28.65576171875 nes: 170.85416666666666ori_Loss :4.346712112426758 sup_loss_0: 14.293825149536133 
DEBUG:root:Epoch: 597 Loss: -5.628835678100586 accuracy: 15.771484375 sim: 0 mscr: 28.62646484375 nes: 170.97916666666669ori_Loss :4.377667427062988 sup_loss_0: 14.226217269897461 
DEBUG:root:Epoch: 598 Loss: -5.629912376403809 accuracy: 16.4794921875 sim: 0 mscr: 28.772705078125 nes: 170.875ori_Loss :4.29801607131958 sup_loss_0: 14.228955268859863 
DEBUG:root:Epoch: 599 Loss: -5.6264729499816895 accuracy: 16.796875 sim: 0 mscr: 28.669677734375 nes: 170.89583333333331ori_Loss :4.407548904418945 sup_loss_0: 14.340160369873047 
DEBUG:root:Epoch: 600 Loss: -5.6023335456848145 accuracy: 16.6259765625 sim: 0 mscr: 28.7392578125 nes: 170.875ori_Loss :4.447783946990967 sup_loss_0: 14.34634017944336 
DEBUG:root:Epoch: 601 Loss: -5.6390581130981445 accuracy: 16.0400390625 sim: 0 mscr: 28.72216796875 nes: 170.95833333333334ori_Loss :4.326196670532227 sup_loss_0: 14.257522583007812 
DEBUG:root:Epoch: 602 Loss: -5.622666358947754 accuracy: 16.943359375 sim: 0 mscr: 28.629150390625 nes: 170.875ori_Loss :4.4033613204956055 sup_loss_0: 14.282363891601562 
DEBUG:root:Epoch: 603 Loss: -5.630502700805664 accuracy: 16.5771484375 sim: 0 mscr: 28.695556640625 nes: 170.83333333333331ori_Loss :4.345605850219727 sup_loss_0: 14.231241226196289 
DEBUG:root:Epoch: 604 Loss: -5.636071681976318 accuracy: 16.796875 sim: 0 mscr: 28.80078125 nes: 170.93749999999997ori_Loss :4.377284049987793 sup_loss_0: 14.341499328613281 
DEBUG:root:Epoch: 605 Loss: -5.626071929931641 accuracy: 15.3076171875 sim: 0 mscr: 28.78076171875 nes: 170.91666666666669ori_Loss :4.311500549316406 sup_loss_0: 14.23603630065918 
DEBUG:root:Epoch: 606 Loss: -5.614804267883301 accuracy: 15.5517578125 sim: 0 mscr: 28.690185546875 nes: 170.9375ori_Loss :4.403343200683594 sup_loss_0: 14.267216682434082 
DEBUG:root:Epoch: 607 Loss: -5.6248860359191895 accuracy: 16.4794921875 sim: 0 mscr: 28.745361328125 nes: 170.93749999999997ori_Loss :4.348050117492676 sup_loss_0: 14.296557426452637 
DEBUG:root:Epoch: 608 Loss: -5.623773097991943 accuracy: 15.8935546875 sim: 0 mscr: 28.73193359375 nes: 170.875ori_Loss :4.386507987976074 sup_loss_0: 14.279867172241211 
DEBUG:root:Epoch: 609 Loss: -5.6188859939575195 accuracy: 16.2109375 sim: 0 mscr: 28.697509765625 nes: 170.9375ori_Loss :4.402333736419678 sup_loss_0: 14.334662437438965 
DEBUG:root:Epoch: 610 Loss: -5.633627891540527 accuracy: 17.48046875 sim: 0 mscr: 28.56591796875 nes: 170.89583333333331ori_Loss :4.262693405151367 sup_loss_0: 14.188889503479004 
DEBUG:root:Epoch: 611 Loss: -5.6317219734191895 accuracy: 16.6748046875 sim: 0 mscr: 28.6328125 nes: 170.89583333333334ori_Loss :4.339672088623047 sup_loss_0: 14.31247329711914 
DEBUG:root:Epoch: 612 Loss: -5.625075340270996 accuracy: 16.6259765625 sim: 0 mscr: 28.689208984375 nes: 170.95833333333331ori_Loss :4.345959186553955 sup_loss_0: 14.218832969665527 
DEBUG:root:Epoch: 613 Loss: -5.634063720703125 accuracy: 17.041015625 sim: 0 mscr: 28.7119140625 nes: 170.9375ori_Loss :4.379843711853027 sup_loss_0: 14.31777572631836 
DEBUG:root:Epoch: 614 Loss: -5.623796463012695 accuracy: 15.9912109375 sim: 0 mscr: 28.761962890625 nes: 170.9375ori_Loss :4.37358283996582 sup_loss_0: 14.307494163513184 
DEBUG:root:Epoch: 615 Loss: -5.612744331359863 accuracy: 16.89453125 sim: 0 mscr: 28.631591796875 nes: 170.93749999999997ori_Loss :4.401913166046143 sup_loss_0: 14.258098602294922 
DEBUG:root:Epoch: 616 Loss: -5.623901844024658 accuracy: 17.48046875 sim: 0 mscr: 28.743408203125 nes: 170.85416666666666ori_Loss :4.3664751052856445 sup_loss_0: 14.256149291992188 
DEBUG:root:Epoch: 617 Loss: -5.632431507110596 accuracy: 16.2841796875 sim: 0 mscr: 28.63037109375 nes: 170.91666666666669ori_Loss :4.265584468841553 sup_loss_0: 14.212121963500977 
DEBUG:root:Epoch: 618 Loss: -5.637538909912109 accuracy: 16.796875 sim: 0 mscr: 28.57080078125 nes: 170.91666666666666ori_Loss :4.393255233764648 sup_loss_0: 14.285472869873047 
DEBUG:root:Epoch: 619 Loss: -5.640761375427246 accuracy: 17.1142578125 sim: 0 mscr: 28.69482421875 nes: 170.875ori_Loss :4.476914882659912 sup_loss_0: 14.367292404174805 
DEBUG:root:Epoch: 620 Loss: -5.621365070343018 accuracy: 16.6015625 sim: 0 mscr: 28.69921875 nes: 170.91666666666666ori_Loss :4.3204779624938965 sup_loss_0: 14.248677253723145 
DEBUG:root:Epoch: 621 Loss: -5.643345832824707 accuracy: 17.5048828125 sim: 0 mscr: 28.7392578125 nes: 170.93749999999997ori_Loss :4.312788486480713 sup_loss_0: 14.282674789428711 
DEBUG:root:Epoch: 622 Loss: -5.6375203132629395 accuracy: 16.455078125 sim: 0 mscr: 28.70166015625 nes: 170.8958333333333ori_Loss :4.414543151855469 sup_loss_0: 14.27592945098877 
DEBUG:root:Epoch: 623 Loss: -5.626906871795654 accuracy: 17.041015625 sim: 0 mscr: 28.682861328125 nes: 170.875ori_Loss :4.356326580047607 sup_loss_0: 14.2403564453125 
DEBUG:root:Epoch: 624 Loss: -5.639232635498047 accuracy: 18.1640625 sim: 0 mscr: 28.62255859375 nes: 170.91666666666666ori_Loss :4.327922821044922 sup_loss_0: 14.203104972839355 
DEBUG:root:Epoch: 625 Loss: -5.639947891235352 accuracy: 18.1396484375 sim: 0 mscr: 28.7734375 nes: 170.95833333333331ori_Loss :4.356305122375488 sup_loss_0: 14.218958854675293 
DEBUG:root:Epoch: 626 Loss: -5.622138977050781 accuracy: 16.2841796875 sim: 0 mscr: 28.73583984375 nes: 170.97916666666666ori_Loss :4.245731830596924 sup_loss_0: 14.216636657714844 
DEBUG:root:Epoch: 627 Loss: -5.637578964233398 accuracy: 16.8701171875 sim: 0 mscr: 28.63623046875 nes: 170.89583333333331ori_Loss :4.322177886962891 sup_loss_0: 14.250406265258789 
DEBUG:root:Epoch: 628 Loss: -5.654782772064209 accuracy: 15.9912109375 sim: 0 mscr: 28.619140625 nes: 170.85416666666666ori_Loss :4.360710144042969 sup_loss_0: 14.255050659179688 
DEBUG:root:Epoch: 629 Loss: -5.648879528045654 accuracy: 15.72265625 sim: 0 mscr: 28.759521484375 nes: 170.95833333333331ori_Loss :4.306136608123779 sup_loss_0: 14.27115249633789 
DEBUG:root:Epoch: 630 Loss: -5.643322944641113 accuracy: 18.1640625 sim: 0 mscr: 28.706787109375 nes: 170.85416666666666ori_Loss :4.2596917152404785 sup_loss_0: 14.229276657104492 
DEBUG:root:Epoch: 631 Loss: -5.63895320892334 accuracy: 16.9189453125 sim: 0 mscr: 28.801025390625 nes: 170.89583333333334ori_Loss :4.423906326293945 sup_loss_0: 14.313400268554688 
DEBUG:root:Epoch: 632 Loss: -5.644761562347412 accuracy: 17.9443359375 sim: 0 mscr: 28.642333984375 nes: 170.9375ori_Loss :4.387918949127197 sup_loss_0: 14.220748901367188 
DEBUG:root:Epoch: 633 Loss: -5.62373685836792 accuracy: 15.869140625 sim: 0 mscr: 28.68505859375 nes: 170.89583333333334ori_Loss :4.309372901916504 sup_loss_0: 14.22848892211914 
DEBUG:root:Epoch: 634 Loss: -5.639157772064209 accuracy: 17.3583984375 sim: 0 mscr: 28.77294921875 nes: 170.95833333333331ori_Loss :4.275119304656982 sup_loss_0: 14.171685218811035 
DEBUG:root:Epoch: 635 Loss: -5.627501010894775 accuracy: 17.626953125 sim: 0 mscr: 28.52587890625 nes: 170.91666666666663ori_Loss :4.295661926269531 sup_loss_0: 14.171276092529297 
DEBUG:root:Epoch: 636 Loss: -5.646470546722412 accuracy: 16.8212890625 sim: 0 mscr: 28.748779296875 nes: 170.95833333333334ori_Loss :4.360632419586182 sup_loss_0: 14.218664169311523 
DEBUG:root:Epoch: 637 Loss: -5.63585090637207 accuracy: 16.845703125 sim: 0 mscr: 28.77978515625 nes: 170.89583333333331ori_Loss :4.327136516571045 sup_loss_0: 14.276392936706543 
DEBUG:root:Epoch: 638 Loss: -5.641140937805176 accuracy: 16.259765625 sim: 0 mscr: 28.643310546875 nes: 170.9375ori_Loss :4.352480888366699 sup_loss_0: 14.28470516204834 
DEBUG:root:Epoch: 639 Loss: -5.658400535583496 accuracy: 18.701171875 sim: 0 mscr: 28.7568359375 nes: 170.9375ori_Loss :4.350096702575684 sup_loss_0: 14.272747039794922 
DEBUG:root:Epoch: 640 Loss: -5.646169185638428 accuracy: 18.359375 sim: 0 mscr: 28.704833984375 nes: 170.89583333333331ori_Loss :4.4061408042907715 sup_loss_0: 14.275406837463379 
DEBUG:root:Epoch: 641 Loss: -5.645318984985352 accuracy: 16.650390625 sim: 0 mscr: 28.557373046875 nes: 170.89583333333334ori_Loss :4.294249534606934 sup_loss_0: 14.230761528015137 
DEBUG:root:Epoch: 642 Loss: -5.637916088104248 accuracy: 17.5048828125 sim: 0 mscr: 28.711181640625 nes: 170.89583333333331ori_Loss :4.437323093414307 sup_loss_0: 14.291971206665039 
DEBUG:root:Epoch: 643 Loss: -5.646236419677734 accuracy: 17.1630859375 sim: 0 mscr: 28.5703125 nes: 170.85416666666666ori_Loss :4.300299644470215 sup_loss_0: 14.24042797088623 
DEBUG:root:Epoch: 644 Loss: -5.636772155761719 accuracy: 17.236328125 sim: 0 mscr: 28.71923828125 nes: 170.93749999999997ori_Loss :4.3531622886657715 sup_loss_0: 14.215435981750488 
DEBUG:root:Epoch: 645 Loss: -5.65160608291626 accuracy: 19.091796875 sim: 0 mscr: 28.802001953125 nes: 170.95833333333331ori_Loss :4.122045516967773 sup_loss_0: 14.001312255859375 
DEBUG:root:Epoch: 646 Loss: -5.6369853019714355 accuracy: 16.845703125 sim: 0 mscr: 28.66552734375 nes: 170.91666666666666ori_Loss :4.48852014541626 sup_loss_0: 14.381012916564941 
DEBUG:root:Epoch: 647 Loss: -5.623142719268799 accuracy: 17.2607421875 sim: 0 mscr: 28.658203125 nes: 171.0ori_Loss :4.326668739318848 sup_loss_0: 14.227384567260742 
DEBUG:root:Epoch: 648 Loss: -5.645194053649902 accuracy: 16.796875 sim: 0 mscr: 28.824462890625 nes: 170.85416666666666ori_Loss :4.326279640197754 sup_loss_0: 14.23249340057373 
DEBUG:root:Epoch: 649 Loss: -5.629769802093506 accuracy: 17.2119140625 sim: 0 mscr: 28.767822265625 nes: 170.875ori_Loss :4.251189708709717 sup_loss_0: 14.145271301269531 
DEBUG:root:Epoch: 650 Loss: -5.6618757247924805 accuracy: 16.8212890625 sim: 0 mscr: 28.75537109375 nes: 170.93749999999997ori_Loss :4.30891227722168 sup_loss_0: 14.197299003601074 
DEBUG:root:Epoch: 651 Loss: -5.64417028427124 accuracy: 17.08984375 sim: 0 mscr: 28.550537109375 nes: 170.9375ori_Loss :4.3262176513671875 sup_loss_0: 14.27255630493164 
DEBUG:root:Epoch: 652 Loss: -5.647382736206055 accuracy: 16.11328125 sim: 0 mscr: 28.74462890625 nes: 170.89583333333331ori_Loss :4.344367027282715 sup_loss_0: 14.256662368774414 
DEBUG:root:Epoch: 653 Loss: -5.639492034912109 accuracy: 16.6015625 sim: 0 mscr: 28.71142578125 nes: 170.9375ori_Loss :4.404847621917725 sup_loss_0: 14.207769393920898 
DEBUG:root:Epoch: 654 Loss: -5.635716915130615 accuracy: 16.9921875 sim: 0 mscr: 28.658447265625 nes: 170.93749999999997ori_Loss :4.319652080535889 sup_loss_0: 14.245105743408203 
DEBUG:root:Epoch: 655 Loss: -5.632938861846924 accuracy: 16.845703125 sim: 0 mscr: 28.746337890625 nes: 170.875ori_Loss :4.338225841522217 sup_loss_0: 14.248971939086914 
DEBUG:root:Epoch: 656 Loss: -5.635987758636475 accuracy: 17.529296875 sim: 0 mscr: 28.671875 nes: 170.91666666666666ori_Loss :4.388288497924805 sup_loss_0: 14.271600723266602 
DEBUG:root:Epoch: 657 Loss: -5.644105434417725 accuracy: 17.6513671875 sim: 0 mscr: 28.648681640625 nes: 170.85416666666666ori_Loss :4.3617262840271 sup_loss_0: 14.252899169921875 
DEBUG:root:Epoch: 658 Loss: -5.650588035583496 accuracy: 16.943359375 sim: 0 mscr: 28.680908203125 nes: 170.89583333333331ori_Loss :4.382099628448486 sup_loss_0: 14.229106903076172 
DEBUG:root:Epoch: 659 Loss: -5.644055366516113 accuracy: 17.236328125 sim: 0 mscr: 28.7490234375 nes: 170.91666666666666ori_Loss :4.388215065002441 sup_loss_0: 14.296347618103027 
DEBUG:root:Epoch: 660 Loss: -5.653440952301025 accuracy: 19.2138671875 sim: 0 mscr: 28.84228515625 nes: 170.85416666666666ori_Loss :4.371376991271973 sup_loss_0: 14.271169662475586 
DEBUG:root:Epoch: 661 Loss: -5.643227577209473 accuracy: 17.9443359375 sim: 0 mscr: 28.78125 nes: 170.89583333333331ori_Loss :4.2712788581848145 sup_loss_0: 14.165793418884277 
DEBUG:root:Epoch: 662 Loss: -5.638658046722412 accuracy: 16.259765625 sim: 0 mscr: 28.68994140625 nes: 170.89583333333331ori_Loss :4.2857513427734375 sup_loss_0: 14.265148162841797 
DEBUG:root:Epoch: 663 Loss: -5.638969898223877 accuracy: 17.6025390625 sim: 0 mscr: 28.58251953125 nes: 170.9375ori_Loss :4.260615825653076 sup_loss_0: 14.138692855834961 
DEBUG:root:Epoch: 664 Loss: -5.637188911437988 accuracy: 17.9931640625 sim: 0 mscr: 28.757568359375 nes: 170.97916666666666ori_Loss :4.348000526428223 sup_loss_0: 14.20657730102539 
DEBUG:root:Epoch: 665 Loss: -5.6443023681640625 accuracy: 17.626953125 sim: 0 mscr: 28.739013671875 nes: 171.0ori_Loss :4.332834720611572 sup_loss_0: 14.293283462524414 
DEBUG:root:Epoch: 666 Loss: -5.650710105895996 accuracy: 18.1884765625 sim: 0 mscr: 28.742919921875 nes: 170.93749999999997ori_Loss :4.29457426071167 sup_loss_0: 14.238565444946289 
DEBUG:root:Epoch: 667 Loss: -5.634324550628662 accuracy: 17.7490234375 sim: 0 mscr: 28.7158203125 nes: 170.91666666666666ori_Loss :4.330728530883789 sup_loss_0: 14.246891975402832 
DEBUG:root:Epoch: 668 Loss: -5.647158145904541 accuracy: 17.578125 sim: 0 mscr: 28.75537109375 nes: 170.9375ori_Loss :4.329528331756592 sup_loss_0: 14.221951484680176 
DEBUG:root:Epoch: 669 Loss: -5.632381439208984 accuracy: 17.3828125 sim: 0 mscr: 28.771484375 nes: 170.95833333333334ori_Loss :4.295237064361572 sup_loss_0: 14.176034927368164 
DEBUG:root:Epoch: 670 Loss: -5.655671119689941 accuracy: 17.67578125 sim: 0 mscr: 28.641357421875 nes: 170.9375ori_Loss :4.335630893707275 sup_loss_0: 14.297087669372559 
DEBUG:root:Epoch: 671 Loss: -5.64911413192749 accuracy: 17.96875 sim: 0 mscr: 28.669921875 nes: 170.91666666666663ori_Loss :4.234553337097168 sup_loss_0: 14.167497634887695 
DEBUG:root:Epoch: 672 Loss: -5.6444411277771 accuracy: 17.5537109375 sim: 0 mscr: 28.659423828125 nes: 170.91666666666666ori_Loss :4.269181251525879 sup_loss_0: 14.241303443908691 
DEBUG:root:Epoch: 673 Loss: -5.653565406799316 accuracy: 18.1396484375 sim: 0 mscr: 28.7666015625 nes: 170.9375ori_Loss :4.292879104614258 sup_loss_0: 14.221192359924316 
DEBUG:root:Epoch: 674 Loss: -5.650664329528809 accuracy: 17.96875 sim: 0 mscr: 28.669921875 nes: 170.89583333333331ori_Loss :4.350996017456055 sup_loss_0: 14.211601257324219 
DEBUG:root:Epoch: 675 Loss: -5.660468101501465 accuracy: 17.4560546875 sim: 0 mscr: 28.77099609375 nes: 170.91666666666666ori_Loss :4.216718673706055 sup_loss_0: 14.171669006347656 
DEBUG:root:Epoch: 676 Loss: -5.661582946777344 accuracy: 18.4814453125 sim: 0 mscr: 28.723388671875 nes: 170.97916666666666ori_Loss :4.362410545349121 sup_loss_0: 14.272714614868164 
DEBUG:root:Epoch: 677 Loss: -5.6572675704956055 accuracy: 17.6513671875 sim: 0 mscr: 28.75244140625 nes: 170.85416666666666ori_Loss :4.364239692687988 sup_loss_0: 14.2493314743042 
DEBUG:root:Epoch: 678 Loss: -5.661592483520508 accuracy: 17.626953125 sim: 0 mscr: 28.7490234375 nes: 170.91666666666666ori_Loss :4.324411392211914 sup_loss_0: 14.257176399230957 
DEBUG:root:Epoch: 679 Loss: -5.664139747619629 accuracy: 17.96875 sim: 0 mscr: 28.72607421875 nes: 170.95833333333331ori_Loss :4.2807536125183105 sup_loss_0: 14.161111831665039 
DEBUG:root:Epoch: 680 Loss: -5.653448581695557 accuracy: 17.724609375 sim: 0 mscr: 28.83837890625 nes: 170.89583333333331ori_Loss :4.249631881713867 sup_loss_0: 14.22204303741455 
DEBUG:root:Epoch: 681 Loss: -5.645389080047607 accuracy: 18.4326171875 sim: 0 mscr: 28.755859375 nes: 170.875ori_Loss :4.34150505065918 sup_loss_0: 14.294380187988281 
DEBUG:root:Epoch: 682 Loss: -5.645088195800781 accuracy: 18.84765625 sim: 0 mscr: 28.77294921875 nes: 170.93749999999997ori_Loss :4.269669532775879 sup_loss_0: 14.126326560974121 
DEBUG:root:Epoch: 683 Loss: -5.64876651763916 accuracy: 17.7978515625 sim: 0 mscr: 28.606201171875 nes: 170.91666666666666ori_Loss :4.331303596496582 sup_loss_0: 14.262194633483887 
DEBUG:root:Epoch: 684 Loss: -5.67120885848999 accuracy: 18.212890625 sim: 0 mscr: 28.78759765625 nes: 171.0ori_Loss :4.2691755294799805 sup_loss_0: 14.174997329711914 
DEBUG:root:Epoch: 685 Loss: -5.655732154846191 accuracy: 18.84765625 sim: 0 mscr: 28.6640625 nes: 170.93749999999997ori_Loss :4.319689750671387 sup_loss_0: 14.26286792755127 
DEBUG:root:Epoch: 686 Loss: -5.648094177246094 accuracy: 17.919921875 sim: 0 mscr: 28.76318359375 nes: 170.93749999999997ori_Loss :4.268752098083496 sup_loss_0: 14.146379470825195 
DEBUG:root:Epoch: 687 Loss: -5.643665790557861 accuracy: 18.310546875 sim: 0 mscr: 28.658203125 nes: 170.89583333333334ori_Loss :4.232184886932373 sup_loss_0: 14.077329635620117 
DEBUG:root:Epoch: 688 Loss: -5.653293609619141 accuracy: 17.9443359375 sim: 0 mscr: 28.6640625 nes: 170.89583333333331ori_Loss :4.314502716064453 sup_loss_0: 14.271865844726562 
DEBUG:root:Epoch: 689 Loss: -5.656798839569092 accuracy: 17.919921875 sim: 0 mscr: 28.71240234375 nes: 170.9375ori_Loss :4.211540699005127 sup_loss_0: 14.155989646911621 
DEBUG:root:Epoch: 690 Loss: -5.672520160675049 accuracy: 18.26171875 sim: 0 mscr: 28.71533203125 nes: 170.83333333333331ori_Loss :4.358896255493164 sup_loss_0: 14.2509126663208 
DEBUG:root:Epoch: 691 Loss: -5.660288333892822 accuracy: 18.6767578125 sim: 0 mscr: 28.718017578125 nes: 170.91666666666669ori_Loss :4.326434135437012 sup_loss_0: 14.216716766357422 
DEBUG:root:Epoch: 692 Loss: -5.6460442543029785 accuracy: 18.505859375 sim: 0 mscr: 28.66552734375 nes: 170.93749999999997ori_Loss :4.24332332611084 sup_loss_0: 14.150114059448242 
DEBUG:root:Epoch: 693 Loss: -5.668045520782471 accuracy: 17.9931640625 sim: 0 mscr: 28.681396484375 nes: 170.95833333333331ori_Loss :4.21523904800415 sup_loss_0: 14.150671005249023 
DEBUG:root:Epoch: 694 Loss: -5.668951034545898 accuracy: 19.3359375 sim: 0 mscr: 28.79248046875 nes: 170.85416666666666ori_Loss :4.257209777832031 sup_loss_0: 14.207025527954102 
DEBUG:root:Epoch: 695 Loss: -5.666407585144043 accuracy: 17.8466796875 sim: 0 mscr: 28.773681640625 nes: 170.875ori_Loss :4.278121471405029 sup_loss_0: 14.194009780883789 
DEBUG:root:Epoch: 696 Loss: -5.659248352050781 accuracy: 17.822265625 sim: 0 mscr: 28.70654296875 nes: 170.91666666666666ori_Loss :4.336705207824707 sup_loss_0: 14.269136428833008 
DEBUG:root:Epoch: 697 Loss: -5.665864944458008 accuracy: 18.603515625 sim: 0 mscr: 28.652587890625 nes: 170.9375ori_Loss :4.246077060699463 sup_loss_0: 14.182908058166504 
DEBUG:root:Epoch: 698 Loss: -5.655023097991943 accuracy: 18.310546875 sim: 0 mscr: 28.685302734375 nes: 170.91666666666666ori_Loss :4.279391288757324 sup_loss_0: 14.187158584594727 
DEBUG:root:Epoch: 699 Loss: -5.669442653656006 accuracy: 18.3837890625 sim: 0 mscr: 28.628662109375 nes: 170.91666666666666ori_Loss :4.254080772399902 sup_loss_0: 14.156261444091797 
DEBUG:root:Epoch: 700 Loss: -5.663091659545898 accuracy: 18.26171875 sim: 0 mscr: 28.753662109375 nes: 170.85416666666666ori_Loss :4.259769439697266 sup_loss_0: 14.161083221435547 
DEBUG:root:Epoch: 701 Loss: -5.664834976196289 accuracy: 17.822265625 sim: 0 mscr: 28.718017578125 nes: 170.95833333333334ori_Loss :4.340229034423828 sup_loss_0: 14.214336395263672 
DEBUG:root:Epoch: 702 Loss: -5.6720709800720215 accuracy: 18.84765625 sim: 0 mscr: 28.7607421875 nes: 170.89583333333331ori_Loss :4.383922100067139 sup_loss_0: 14.286619186401367 
DEBUG:root:Epoch: 703 Loss: -5.6733503341674805 accuracy: 18.359375 sim: 0 mscr: 28.711669921875 nes: 170.9375ori_Loss :4.180171966552734 sup_loss_0: 14.099432945251465 
DEBUG:root:Epoch: 704 Loss: -5.658656120300293 accuracy: 18.0908203125 sim: 0 mscr: 28.77978515625 nes: 170.91666666666663ori_Loss :4.353335380554199 sup_loss_0: 14.260680198669434 
DEBUG:root:Epoch: 705 Loss: -5.669816970825195 accuracy: 19.23828125 sim: 0 mscr: 28.653076171875 nes: 170.89583333333331ori_Loss :4.295377731323242 sup_loss_0: 14.2977933883667 
DEBUG:root:Epoch: 706 Loss: -5.6797566413879395 accuracy: 18.75 sim: 0 mscr: 28.634033203125 nes: 170.93749999999997ori_Loss :4.1999735832214355 sup_loss_0: 14.173540115356445 
DEBUG:root:Epoch: 707 Loss: -5.672043323516846 accuracy: 18.9208984375 sim: 0 mscr: 28.68115234375 nes: 170.89583333333334ori_Loss :4.245108604431152 sup_loss_0: 14.174728393554688 
DEBUG:root:Epoch: 708 Loss: -5.657779216766357 accuracy: 18.798828125 sim: 0 mscr: 28.74365234375 nes: 170.95833333333334ori_Loss :4.3358564376831055 sup_loss_0: 14.21578598022461 
DEBUG:root:Epoch: 709 Loss: -5.659811019897461 accuracy: 18.5791015625 sim: 0 mscr: 28.778564453125 nes: 170.97916666666669ori_Loss :4.22847318649292 sup_loss_0: 14.117049217224121 
DEBUG:root:Epoch: 710 Loss: -5.663187026977539 accuracy: 17.529296875 sim: 0 mscr: 28.701904296875 nes: 170.91666666666663ori_Loss :4.338849067687988 sup_loss_0: 14.259220123291016 
DEBUG:root:Epoch: 711 Loss: -5.658567428588867 accuracy: 19.53125 sim: 0 mscr: 28.567626953125 nes: 170.93749999999997ori_Loss :4.3196940422058105 sup_loss_0: 14.170251846313477 
DEBUG:root:Epoch: 712 Loss: -5.657090663909912 accuracy: 18.4814453125 sim: 0 mscr: 28.760498046875 nes: 170.91666666666666ori_Loss :4.249959468841553 sup_loss_0: 14.250057220458984 
DEBUG:root:Epoch: 713 Loss: -5.648909568786621 accuracy: 17.626953125 sim: 0 mscr: 28.644775390625 nes: 170.95833333333334ori_Loss :4.234821796417236 sup_loss_0: 14.194451332092285 
DEBUG:root:Epoch: 714 Loss: -5.663026332855225 accuracy: 18.408203125 sim: 0 mscr: 28.779052734375 nes: 170.91666666666663ori_Loss :4.293787002563477 sup_loss_0: 14.202728271484375 
DEBUG:root:Epoch: 715 Loss: -5.646422386169434 accuracy: 18.359375 sim: 0 mscr: 28.816650390625 nes: 170.85416666666669ori_Loss :4.251192092895508 sup_loss_0: 14.135205268859863 
DEBUG:root:Epoch: 716 Loss: -5.666916847229004 accuracy: 18.5302734375 sim: 0 mscr: 28.705078125 nes: 170.89583333333331ori_Loss :4.253845691680908 sup_loss_0: 14.217203140258789 
DEBUG:root:Epoch: 717 Loss: -5.662832260131836 accuracy: 18.45703125 sim: 0 mscr: 28.733642578125 nes: 170.875ori_Loss :4.312005043029785 sup_loss_0: 14.209470748901367 
DEBUG:root:Epoch: 718 Loss: -5.670734882354736 accuracy: 18.4814453125 sim: 0 mscr: 28.66162109375 nes: 170.85416666666666ori_Loss :4.230329990386963 sup_loss_0: 14.171838760375977 
DEBUG:root:Epoch: 719 Loss: -5.655901908874512 accuracy: 18.4814453125 sim: 0 mscr: 28.698486328125 nes: 170.87499999999997ori_Loss :4.291764259338379 sup_loss_0: 14.229552268981934 
DEBUG:root:Epoch: 720 Loss: -5.666912078857422 accuracy: 18.7744140625 sim: 0 mscr: 28.77978515625 nes: 170.87499999999997ori_Loss :4.231622219085693 sup_loss_0: 14.175882339477539 
DEBUG:root:Epoch: 721 Loss: -5.670729637145996 accuracy: 18.8232421875 sim: 0 mscr: 28.697021484375 nes: 170.9375ori_Loss :4.286086082458496 sup_loss_0: 14.189301490783691 
DEBUG:root:Epoch: 722 Loss: -5.672765254974365 accuracy: 18.6767578125 sim: 0 mscr: 28.7890625 nes: 170.89583333333331ori_Loss :4.267001628875732 sup_loss_0: 14.23350715637207 
DEBUG:root:Epoch: 723 Loss: -5.679487228393555 accuracy: 18.84765625 sim: 0 mscr: 28.784912109375 nes: 170.93749999999997ori_Loss :4.293117046356201 sup_loss_0: 14.227523803710938 
DEBUG:root:Epoch: 724 Loss: -5.669600486755371 accuracy: 19.0185546875 sim: 0 mscr: 28.691162109375 nes: 170.87499999999997ori_Loss :4.239192008972168 sup_loss_0: 14.175403594970703 
DEBUG:root:Epoch: 725 Loss: -5.680343151092529 accuracy: 18.994140625 sim: 0 mscr: 28.76708984375 nes: 170.91666666666666ori_Loss :4.365267753601074 sup_loss_0: 14.250724792480469 
DEBUG:root:Epoch: 726 Loss: -5.667733669281006 accuracy: 19.7265625 sim: 0 mscr: 28.6533203125 nes: 170.85416666666666ori_Loss :4.1439080238342285 sup_loss_0: 14.090721130371094 
DEBUG:root:Epoch: 727 Loss: -5.682426452636719 accuracy: 19.287109375 sim: 0 mscr: 28.63720703125 nes: 170.89583333333334ori_Loss :4.223936080932617 sup_loss_0: 14.164640426635742 
DEBUG:root:Epoch: 728 Loss: -5.684356689453125 accuracy: 19.677734375 sim: 0 mscr: 28.62255859375 nes: 170.89583333333334ori_Loss :4.191366672515869 sup_loss_0: 14.146502494812012 
DEBUG:root:Epoch: 729 Loss: -5.672091007232666 accuracy: 18.4814453125 sim: 0 mscr: 28.7353515625 nes: 170.89583333333331ori_Loss :4.298558712005615 sup_loss_0: 14.258415222167969 
DEBUG:root:Epoch: 730 Loss: -5.6650285720825195 accuracy: 19.0185546875 sim: 0 mscr: 28.636962890625 nes: 170.87499999999997ori_Loss :4.2525177001953125 sup_loss_0: 14.187009811401367 
DEBUG:root:Epoch: 731 Loss: -5.661969184875488 accuracy: 18.310546875 sim: 0 mscr: 28.75830078125 nes: 171.0ori_Loss :4.269906044006348 sup_loss_0: 14.183561325073242 
DEBUG:root:Epoch: 732 Loss: -5.675744533538818 accuracy: 18.2861328125 sim: 0 mscr: 28.714111328125 nes: 170.95833333333331ori_Loss :4.284817695617676 sup_loss_0: 14.238788604736328 
DEBUG:root:Epoch: 733 Loss: -5.677666187286377 accuracy: 19.2138671875 sim: 0 mscr: 28.636962890625 nes: 170.95833333333331ori_Loss :4.148385047912598 sup_loss_0: 14.12088394165039 
DEBUG:root:Epoch: 734 Loss: -5.688958168029785 accuracy: 19.7021484375 sim: 0 mscr: 28.75439453125 nes: 170.95833333333331ori_Loss :4.23177433013916 sup_loss_0: 14.21418571472168 
DEBUG:root:Epoch: 735 Loss: -5.671611309051514 accuracy: 17.919921875 sim: 0 mscr: 28.661865234375 nes: 170.91666666666666ori_Loss :4.180398464202881 sup_loss_0: 14.14402961730957 
DEBUG:root:Epoch: 736 Loss: -5.685872554779053 accuracy: 18.65234375 sim: 0 mscr: 28.707275390625 nes: 170.875ori_Loss :4.274714469909668 sup_loss_0: 14.2170991897583 
DEBUG:root:Epoch: 737 Loss: -5.671421527862549 accuracy: 18.8232421875 sim: 0 mscr: 28.630615234375 nes: 170.89583333333331ori_Loss :4.250888347625732 sup_loss_0: 14.169438362121582 
DEBUG:root:Epoch: 738 Loss: -5.6645965576171875 accuracy: 19.2138671875 sim: 0 mscr: 28.663818359375 nes: 170.89583333333334ori_Loss :4.296873092651367 sup_loss_0: 14.26419448852539 
DEBUG:root:Epoch: 739 Loss: -5.6668806076049805 accuracy: 19.5068359375 sim: 0 mscr: 28.84326171875 nes: 170.91666666666666ori_Loss :4.30196475982666 sup_loss_0: 14.21690559387207 
DEBUG:root:Epoch: 740 Loss: -5.6755690574646 accuracy: 19.384765625 sim: 0 mscr: 28.6669921875 nes: 170.91666666666669ori_Loss :4.3391828536987305 sup_loss_0: 14.257963180541992 
DEBUG:root:Epoch: 741 Loss: -5.682640075683594 accuracy: 19.5556640625 sim: 0 mscr: 28.625732421875 nes: 170.93749999999997ori_Loss :4.186481952667236 sup_loss_0: 14.102163314819336 
DEBUG:root:Epoch: 742 Loss: -5.652200698852539 accuracy: 18.5791015625 sim: 0 mscr: 28.725341796875 nes: 170.93749999999997ori_Loss :4.269988059997559 sup_loss_0: 14.212450981140137 
DEBUG:root:Epoch: 743 Loss: -5.678246021270752 accuracy: 18.65234375 sim: 0 mscr: 28.793701171875 nes: 170.9375ori_Loss :4.106804370880127 sup_loss_0: 14.062384605407715 
DEBUG:root:Epoch: 744 Loss: -5.68079137802124 accuracy: 19.3359375 sim: 0 mscr: 28.693359375 nes: 170.95833333333334ori_Loss :4.283825397491455 sup_loss_0: 14.184928894042969 
DEBUG:root:Epoch: 745 Loss: -5.6752238273620605 accuracy: 19.7265625 sim: 0 mscr: 28.6298828125 nes: 170.95833333333334ori_Loss :4.227053165435791 sup_loss_0: 14.103765487670898 
DEBUG:root:Epoch: 746 Loss: -5.681122779846191 accuracy: 18.65234375 sim: 0 mscr: 28.7666015625 nes: 170.91666666666666ori_Loss :4.298775672912598 sup_loss_0: 14.240089416503906 
DEBUG:root:Epoch: 747 Loss: -5.671688079833984 accuracy: 18.603515625 sim: 0 mscr: 28.7119140625 nes: 170.93749999999997ori_Loss :4.3006157875061035 sup_loss_0: 14.253378868103027 
DEBUG:root:Epoch: 748 Loss: -5.686409950256348 accuracy: 19.3115234375 sim: 0 mscr: 28.855712890625 nes: 170.95833333333334ori_Loss :4.20594596862793 sup_loss_0: 14.152639389038086 
DEBUG:root:Epoch: 749 Loss: -5.682304382324219 accuracy: 20.3369140625 sim: 0 mscr: 28.53759765625 nes: 170.95833333333331ori_Loss :4.238646507263184 sup_loss_0: 14.170050621032715 
DEBUG:root:Epoch: 750 Loss: -5.689825057983398 accuracy: 20.166015625 sim: 0 mscr: 28.713134765625 nes: 170.91666666666666ori_Loss :4.274029731750488 sup_loss_0: 14.226120948791504 
DEBUG:root:Epoch: 751 Loss: -5.66757345199585 accuracy: 18.26171875 sim: 0 mscr: 28.7236328125 nes: 170.95833333333331ori_Loss :4.3122053146362305 sup_loss_0: 14.20196533203125 
DEBUG:root:Epoch: 752 Loss: -5.6844329833984375 accuracy: 19.43359375 sim: 0 mscr: 28.6953125 nes: 170.85416666666666ori_Loss :4.162335395812988 sup_loss_0: 14.07014274597168 
DEBUG:root:Epoch: 753 Loss: -5.677090167999268 accuracy: 18.505859375 sim: 0 mscr: 28.67578125 nes: 170.85416666666666ori_Loss :4.234708786010742 sup_loss_0: 14.128402709960938 
DEBUG:root:Epoch: 754 Loss: -5.680827617645264 accuracy: 19.775390625 sim: 0 mscr: 28.754638671875 nes: 170.9375ori_Loss :4.227983474731445 sup_loss_0: 14.156923294067383 
DEBUG:root:Epoch: 755 Loss: -5.69654655456543 accuracy: 18.8720703125 sim: 0 mscr: 28.701171875 nes: 170.89583333333331ori_Loss :4.247488498687744 sup_loss_0: 14.179546356201172 
DEBUG:root:Epoch: 756 Loss: -5.691160202026367 accuracy: 20.654296875 sim: 0 mscr: 28.765625 nes: 170.93749999999997ori_Loss :4.197991847991943 sup_loss_0: 14.11691665649414 
DEBUG:root:Epoch: 757 Loss: -5.674528121948242 accuracy: 19.091796875 sim: 0 mscr: 28.7763671875 nes: 170.91666666666666ori_Loss :4.246246337890625 sup_loss_0: 14.171919822692871 
DEBUG:root:Epoch: 758 Loss: -5.682258129119873 accuracy: 18.84765625 sim: 0 mscr: 28.718017578125 nes: 170.93749999999997ori_Loss :4.28908109664917 sup_loss_0: 14.177874565124512 
DEBUG:root:Epoch: 759 Loss: -5.673285961151123 accuracy: 18.9208984375 sim: 0 mscr: 28.637939453125 nes: 170.93749999999997ori_Loss :4.266971111297607 sup_loss_0: 14.209277153015137 
DEBUG:root:Epoch: 760 Loss: -5.66589879989624 accuracy: 18.6767578125 sim: 0 mscr: 28.692138671875 nes: 170.91666666666666ori_Loss :4.311971187591553 sup_loss_0: 14.198936462402344 
DEBUG:root:Epoch: 761 Loss: -5.673320770263672 accuracy: 19.6533203125 sim: 0 mscr: 28.631591796875 nes: 170.91666666666666ori_Loss :4.311641216278076 sup_loss_0: 14.240779876708984 
DEBUG:root:Epoch: 762 Loss: -5.683418273925781 accuracy: 18.7255859375 sim: 0 mscr: 28.725830078125 nes: 170.9375ori_Loss :4.188293933868408 sup_loss_0: 14.11767578125 
DEBUG:root:Epoch: 763 Loss: -5.691079616546631 accuracy: 18.9697265625 sim: 0 mscr: 28.702880859375 nes: 170.89583333333331ori_Loss :4.234519004821777 sup_loss_0: 14.194046974182129 
DEBUG:root:Epoch: 764 Loss: -5.677923679351807 accuracy: 18.505859375 sim: 0 mscr: 28.785400390625 nes: 170.91666666666666ori_Loss :4.340120315551758 sup_loss_0: 14.196964263916016 
DEBUG:root:Epoch: 765 Loss: -5.668805122375488 accuracy: 19.2626953125 sim: 0 mscr: 28.752197265625 nes: 170.89583333333334ori_Loss :4.246504306793213 sup_loss_0: 14.154287338256836 
DEBUG:root:Epoch: 766 Loss: -5.673383712768555 accuracy: 19.3115234375 sim: 0 mscr: 28.672119140625 nes: 170.9375ori_Loss :4.266141414642334 sup_loss_0: 14.169769287109375 
DEBUG:root:Epoch: 767 Loss: -5.680181980133057 accuracy: 19.091796875 sim: 0 mscr: 28.685791015625 nes: 170.93749999999997ori_Loss :4.243224143981934 sup_loss_0: 14.155126571655273 
DEBUG:root:Epoch: 768 Loss: -5.684421062469482 accuracy: 19.8486328125 sim: 0 mscr: 28.639892578125 nes: 170.95833333333331ori_Loss :4.226161479949951 sup_loss_0: 14.158167839050293 
DEBUG:root:Epoch: 769 Loss: -5.6879658699035645 accuracy: 18.8720703125 sim: 0 mscr: 28.676025390625 nes: 170.93749999999997ori_Loss :4.147080421447754 sup_loss_0: 14.078973770141602 
DEBUG:root:Epoch: 770 Loss: -5.680314540863037 accuracy: 19.3603515625 sim: 0 mscr: 28.73486328125 nes: 170.89583333333334ori_Loss :4.167969226837158 sup_loss_0: 14.122092247009277 
DEBUG:root:Epoch: 771 Loss: -5.685961723327637 accuracy: 18.9453125 sim: 0 mscr: 28.74853515625 nes: 170.93749999999997ori_Loss :4.18292236328125 sup_loss_0: 14.101869583129883 
DEBUG:root:Epoch: 772 Loss: -5.693065166473389 accuracy: 20.0439453125 sim: 0 mscr: 28.6015625 nes: 170.97916666666669ori_Loss :4.269950866699219 sup_loss_0: 14.203691482543945 
DEBUG:root:Epoch: 773 Loss: -5.688302993774414 accuracy: 19.43359375 sim: 0 mscr: 28.757080078125 nes: 170.91666666666666ori_Loss :4.169149875640869 sup_loss_0: 14.145639419555664 
DEBUG:root:Epoch: 774 Loss: -5.670668601989746 accuracy: 19.4580078125 sim: 0 mscr: 28.689208984375 nes: 170.91666666666669ori_Loss :4.182989120483398 sup_loss_0: 14.055190086364746 
DEBUG:root:Epoch: 775 Loss: -5.693809509277344 accuracy: 19.6044921875 sim: 0 mscr: 28.621337890625 nes: 170.89583333333334ori_Loss :4.295953750610352 sup_loss_0: 14.202567100524902 
DEBUG:root:Epoch: 776 Loss: -5.686190605163574 accuracy: 20.2880859375 sim: 0 mscr: 28.732177734375 nes: 170.91666666666666ori_Loss :4.266522407531738 sup_loss_0: 14.150835037231445 
DEBUG:root:Epoch: 777 Loss: -5.694709777832031 accuracy: 20.4833984375 sim: 0 mscr: 28.775390625 nes: 170.91666666666663ori_Loss :4.1868205070495605 sup_loss_0: 14.119951248168945 
DEBUG:root:Epoch: 778 Loss: -5.697542190551758 accuracy: 19.5068359375 sim: 0 mscr: 28.731689453125 nes: 170.875ori_Loss :4.2650146484375 sup_loss_0: 14.176111221313477 
DEBUG:root:Epoch: 779 Loss: -5.687887191772461 accuracy: 19.6044921875 sim: 0 mscr: 28.63232421875 nes: 170.875ori_Loss :4.240711688995361 sup_loss_0: 14.15555477142334 
DEBUG:root:Epoch: 780 Loss: -5.6875152587890625 accuracy: 20.458984375 sim: 0 mscr: 28.765380859375 nes: 170.93749999999997ori_Loss :4.293155193328857 sup_loss_0: 14.180685043334961 
DEBUG:root:Epoch: 781 Loss: -5.689174175262451 accuracy: 19.4580078125 sim: 0 mscr: 28.693115234375 nes: 170.9375ori_Loss :4.137668609619141 sup_loss_0: 14.159353256225586 
DEBUG:root:Epoch: 782 Loss: -5.692562580108643 accuracy: 19.04296875 sim: 0 mscr: 28.708740234375 nes: 170.89583333333334ori_Loss :4.196178436279297 sup_loss_0: 14.14649772644043 
DEBUG:root:Epoch: 783 Loss: -5.6877121925354 accuracy: 19.7998046875 sim: 0 mscr: 28.671630859375 nes: 170.93749999999997ori_Loss :4.194873332977295 sup_loss_0: 14.10063362121582 
DEBUG:root:Epoch: 784 Loss: -5.686756134033203 accuracy: 20.41015625 sim: 0 mscr: 28.568603515625 nes: 170.91666666666669ori_Loss :4.304527282714844 sup_loss_0: 14.218559265136719 
DEBUG:root:Epoch: 785 Loss: -5.683266639709473 accuracy: 18.8232421875 sim: 0 mscr: 28.53271484375 nes: 170.9375ori_Loss :4.241945743560791 sup_loss_0: 14.1553373336792 
DEBUG:root:Epoch: 786 Loss: -5.693451881408691 accuracy: 18.3837890625 sim: 0 mscr: 28.716552734375 nes: 170.875ori_Loss :4.256247520446777 sup_loss_0: 14.201566696166992 
DEBUG:root:Epoch: 787 Loss: -5.693366527557373 accuracy: 18.701171875 sim: 0 mscr: 28.699462890625 nes: 170.89583333333331ori_Loss :4.2308878898620605 sup_loss_0: 14.160880088806152 
DEBUG:root:Epoch: 788 Loss: -5.675947189331055 accuracy: 18.9697265625 sim: 0 mscr: 28.71875 nes: 170.89583333333334ori_Loss :4.302139759063721 sup_loss_0: 14.200851440429688 
DEBUG:root:Epoch: 789 Loss: -5.685840129852295 accuracy: 19.62890625 sim: 0 mscr: 28.710693359375 nes: 170.9375ori_Loss :4.248016834259033 sup_loss_0: 14.184886932373047 
DEBUG:root:Epoch: 790 Loss: -5.686330318450928 accuracy: 20.80078125 sim: 0 mscr: 28.5419921875 nes: 170.9375ori_Loss :4.279549598693848 sup_loss_0: 14.232192993164062 
DEBUG:root:Epoch: 791 Loss: -5.682016372680664 accuracy: 19.4580078125 sim: 0 mscr: 28.723876953125 nes: 170.95833333333334ori_Loss :4.218400478363037 sup_loss_0: 14.124935150146484 
DEBUG:root:Epoch: 792 Loss: -5.6859869956970215 accuracy: 20.41015625 sim: 0 mscr: 28.68212890625 nes: 170.91666666666666ori_Loss :4.22813606262207 sup_loss_0: 14.184557914733887 
DEBUG:root:Epoch: 793 Loss: -5.6944756507873535 accuracy: 20.166015625 sim: 0 mscr: 28.713134765625 nes: 170.875ori_Loss :4.31005859375 sup_loss_0: 14.226622581481934 
DEBUG:root:Epoch: 794 Loss: -5.690784931182861 accuracy: 19.6044921875 sim: 0 mscr: 28.839111328125 nes: 170.91666666666663ori_Loss :4.217808246612549 sup_loss_0: 14.16696548461914 
DEBUG:root:Epoch: 795 Loss: -5.679514408111572 accuracy: 19.921875 sim: 0 mscr: 28.66943359375 nes: 170.87499999999997ori_Loss :4.209195137023926 sup_loss_0: 14.1608247756958 
DEBUG:root:Epoch: 796 Loss: -5.687083721160889 accuracy: 19.5556640625 sim: 0 mscr: 28.796875 nes: 170.89583333333331ori_Loss :4.198857307434082 sup_loss_0: 14.17774772644043 
DEBUG:root:Epoch: 797 Loss: -5.693023204803467 accuracy: 19.6044921875 sim: 0 mscr: 28.638671875 nes: 170.95833333333331ori_Loss :4.098315715789795 sup_loss_0: 14.01174259185791 
DEBUG:root:Epoch: 798 Loss: -5.669652462005615 accuracy: 19.8486328125 sim: 0 mscr: 28.63134765625 nes: 170.93749999999997ori_Loss :4.183180809020996 sup_loss_0: 14.135128021240234 
DEBUG:root:Epoch: 799 Loss: -5.695974349975586 accuracy: 19.7021484375 sim: 0 mscr: 28.71435546875 nes: 170.9375ori_Loss :4.18408203125 sup_loss_0: 14.118764877319336 
DEBUG:root:Epoch: 800 Loss: -5.67966890335083 accuracy: 20.4345703125 sim: 0 mscr: 28.764404296875 nes: 170.95833333333331ori_Loss :4.156435966491699 sup_loss_0: 14.089155197143555 
DEBUG:root:Epoch: 801 Loss: -5.689975738525391 accuracy: 19.580078125 sim: 0 mscr: 28.673583984375 nes: 170.91666666666663ori_Loss :4.1954779624938965 sup_loss_0: 14.186034202575684 
DEBUG:root:Epoch: 802 Loss: -5.7005743980407715 accuracy: 20.1416015625 sim: 0 mscr: 28.66357421875 nes: 170.85416666666666ori_Loss :4.286827564239502 sup_loss_0: 14.229350090026855 
DEBUG:root:Epoch: 803 Loss: -5.6964335441589355 accuracy: 20.01953125 sim: 0 mscr: 28.54833984375 nes: 170.87499999999997ori_Loss :4.204406261444092 sup_loss_0: 14.125007629394531 
DEBUG:root:Epoch: 804 Loss: -5.698896408081055 accuracy: 19.8486328125 sim: 0 mscr: 28.830078125 nes: 170.97916666666666ori_Loss :4.276315212249756 sup_loss_0: 14.17021369934082 
DEBUG:root:Epoch: 805 Loss: -5.6849799156188965 accuracy: 20.166015625 sim: 0 mscr: 28.69482421875 nes: 170.91666666666666ori_Loss :4.225438594818115 sup_loss_0: 14.206165313720703 
DEBUG:root:Epoch: 806 Loss: -5.69019079208374 accuracy: 20.5078125 sim: 0 mscr: 28.7236328125 nes: 170.91666666666663ori_Loss :4.205492973327637 sup_loss_0: 14.090327262878418 
DEBUG:root:Epoch: 807 Loss: -5.691019535064697 accuracy: 20.166015625 sim: 0 mscr: 28.575439453125 nes: 170.9375ori_Loss :4.258942604064941 sup_loss_0: 14.188100814819336 
DEBUG:root:Epoch: 808 Loss: -5.687640190124512 accuracy: 19.5068359375 sim: 0 mscr: 28.794189453125 nes: 170.9375ori_Loss :4.16131591796875 sup_loss_0: 14.131217956542969 
DEBUG:root:Epoch: 809 Loss: -5.699399471282959 accuracy: 20.5322265625 sim: 0 mscr: 28.78466796875 nes: 170.87499999999997ori_Loss :4.100245475769043 sup_loss_0: 14.017719268798828 
DEBUG:root:Epoch: 810 Loss: -5.686681747436523 accuracy: 19.1650390625 sim: 0 mscr: 28.74365234375 nes: 170.89583333333331ori_Loss :4.1991167068481445 sup_loss_0: 14.119854927062988 
DEBUG:root:Epoch: 811 Loss: -5.70439338684082 accuracy: 19.287109375 sim: 0 mscr: 28.702880859375 nes: 170.89583333333331ori_Loss :4.166705131530762 sup_loss_0: 14.111621856689453 
DEBUG:root:Epoch: 812 Loss: -5.687647819519043 accuracy: 19.091796875 sim: 0 mscr: 28.686279296875 nes: 170.875ori_Loss :4.200385093688965 sup_loss_0: 14.09550952911377 
DEBUG:root:Epoch: 813 Loss: -5.700732707977295 accuracy: 21.38671875 sim: 0 mscr: 28.674560546875 nes: 170.9375ori_Loss :4.164373874664307 sup_loss_0: 14.120695114135742 
DEBUG:root:Epoch: 814 Loss: -5.695261478424072 accuracy: 19.7998046875 sim: 0 mscr: 28.769287109375 nes: 170.89583333333331ori_Loss :4.111958980560303 sup_loss_0: 14.045604705810547 
DEBUG:root:Epoch: 815 Loss: -5.691315650939941 accuracy: 20.3125 sim: 0 mscr: 28.744384765625 nes: 170.85416666666663ori_Loss :4.164832592010498 sup_loss_0: 14.12027359008789 
DEBUG:root:Epoch: 816 Loss: -5.694591045379639 accuracy: 19.7021484375 sim: 0 mscr: 28.854248046875 nes: 170.91666666666666ori_Loss :4.288867950439453 sup_loss_0: 14.147014617919922 
DEBUG:root:Epoch: 817 Loss: -5.700881004333496 accuracy: 20.166015625 sim: 0 mscr: 28.700927734375 nes: 170.9375ori_Loss :4.180488109588623 sup_loss_0: 14.114276885986328 
DEBUG:root:Epoch: 818 Loss: -5.706122875213623 accuracy: 20.458984375 sim: 0 mscr: 28.758544921875 nes: 170.85416666666666ori_Loss :4.204270362854004 sup_loss_0: 14.159272193908691 
DEBUG:root:Epoch: 819 Loss: -5.711380481719971 accuracy: 20.166015625 sim: 0 mscr: 28.697998046875 nes: 170.91666666666669ori_Loss :4.068216323852539 sup_loss_0: 14.069228172302246 
DEBUG:root:Epoch: 820 Loss: -5.708856582641602 accuracy: 20.3369140625 sim: 0 mscr: 28.648681640625 nes: 170.89583333333331ori_Loss :4.192859172821045 sup_loss_0: 14.139970779418945 
DEBUG:root:Epoch: 821 Loss: -5.698857307434082 accuracy: 21.3623046875 sim: 0 mscr: 28.67529296875 nes: 170.91666666666666ori_Loss :4.037946701049805 sup_loss_0: 13.968151092529297 
DEBUG:root:Epoch: 822 Loss: -5.699295520782471 accuracy: 20.1416015625 sim: 0 mscr: 28.71533203125 nes: 171.0ori_Loss :4.142404556274414 sup_loss_0: 14.110071182250977 
DEBUG:root:Epoch: 823 Loss: -5.703097820281982 accuracy: 20.9228515625 sim: 0 mscr: 28.71826171875 nes: 170.85416666666666ori_Loss :4.134462833404541 sup_loss_0: 14.102607727050781 
DEBUG:root:Epoch: 824 Loss: -5.70542573928833 accuracy: 20.9228515625 sim: 0 mscr: 28.6982421875 nes: 170.91666666666666ori_Loss :4.201513767242432 sup_loss_0: 14.139452934265137 
DEBUG:root:Epoch: 825 Loss: -5.687544822692871 accuracy: 18.8720703125 sim: 0 mscr: 28.5498046875 nes: 170.89583333333331ori_Loss :4.218540668487549 sup_loss_0: 14.07319450378418 
DEBUG:root:Epoch: 826 Loss: -5.693314075469971 accuracy: 20.2880859375 sim: 0 mscr: 28.718017578125 nes: 170.89583333333334ori_Loss :4.171059608459473 sup_loss_0: 14.037421226501465 
DEBUG:root:Epoch: 827 Loss: -5.699275493621826 accuracy: 19.775390625 sim: 0 mscr: 28.75048828125 nes: 170.875ori_Loss :4.187123775482178 sup_loss_0: 14.12507152557373 
DEBUG:root:Epoch: 828 Loss: -5.686734676361084 accuracy: 19.7998046875 sim: 0 mscr: 28.595947265625 nes: 170.93749999999997ori_Loss :4.215073108673096 sup_loss_0: 14.094562530517578 
DEBUG:root:Epoch: 829 Loss: -5.69419527053833 accuracy: 20.068359375 sim: 0 mscr: 28.676513671875 nes: 170.89583333333331ori_Loss :4.239376544952393 sup_loss_0: 14.17874526977539 
DEBUG:root:Epoch: 830 Loss: -5.69140625 accuracy: 20.751953125 sim: 0 mscr: 28.684326171875 nes: 170.9375ori_Loss :4.136030673980713 sup_loss_0: 14.106218338012695 
DEBUG:root:Epoch: 831 Loss: -5.712348937988281 accuracy: 20.2880859375 sim: 0 mscr: 28.65576171875 nes: 170.89583333333331ori_Loss :4.18170166015625 sup_loss_0: 14.183696746826172 
DEBUG:root:Epoch: 832 Loss: -5.694931507110596 accuracy: 20.41015625 sim: 0 mscr: 28.700439453125 nes: 170.95833333333331ori_Loss :4.152917385101318 sup_loss_0: 14.071027755737305 
DEBUG:root:Epoch: 833 Loss: -5.7001118659973145 accuracy: 20.6787109375 sim: 0 mscr: 28.677978515625 nes: 170.89583333333331ori_Loss :4.206709384918213 sup_loss_0: 14.083595275878906 
DEBUG:root:Epoch: 834 Loss: -5.70704984664917 accuracy: 20.1416015625 sim: 0 mscr: 28.6669921875 nes: 170.9375ori_Loss :4.207101345062256 sup_loss_0: 14.164373397827148 
DEBUG:root:Epoch: 835 Loss: -5.694791793823242 accuracy: 19.9462890625 sim: 0 mscr: 28.694580078125 nes: 170.95833333333331ori_Loss :4.113585948944092 sup_loss_0: 14.06169605255127 
DEBUG:root:Epoch: 836 Loss: -5.706392765045166 accuracy: 20.1904296875 sim: 0 mscr: 28.6875 nes: 170.95833333333331ori_Loss :4.100168704986572 sup_loss_0: 14.094182968139648 
DEBUG:root:Epoch: 837 Loss: -5.713869094848633 accuracy: 19.9462890625 sim: 0 mscr: 28.83203125 nes: 170.91666666666666ori_Loss :4.087822914123535 sup_loss_0: 14.108301162719727 
DEBUG:root:Epoch: 838 Loss: -5.690856456756592 accuracy: 21.58203125 sim: 0 mscr: 28.810791015625 nes: 170.85416666666666ori_Loss :4.180403232574463 sup_loss_0: 14.124666213989258 
DEBUG:root:Epoch: 839 Loss: -5.703476428985596 accuracy: 21.2890625 sim: 0 mscr: 28.71240234375 nes: 170.89583333333334ori_Loss :4.178220272064209 sup_loss_0: 14.125643730163574 
DEBUG:root:Epoch: 840 Loss: -5.704541206359863 accuracy: 20.80078125 sim: 0 mscr: 28.79443359375 nes: 170.89583333333331ori_Loss :4.166538715362549 sup_loss_0: 14.133532524108887 
DEBUG:root:Epoch: 841 Loss: -5.715498447418213 accuracy: 20.6787109375 sim: 0 mscr: 28.660888671875 nes: 170.93749999999997ori_Loss :4.204677581787109 sup_loss_0: 14.159299850463867 
DEBUG:root:Epoch: 842 Loss: -5.69776725769043 accuracy: 22.265625 sim: 0 mscr: 28.608642578125 nes: 170.93749999999997ori_Loss :4.2205491065979 sup_loss_0: 14.160355567932129 
DEBUG:root:Epoch: 843 Loss: -5.708877086639404 accuracy: 20.80078125 sim: 0 mscr: 28.723876953125 nes: 170.89583333333334ori_Loss :4.1239800453186035 sup_loss_0: 14.051656723022461 
DEBUG:root:Epoch: 844 Loss: -5.723235607147217 accuracy: 21.4111328125 sim: 0 mscr: 28.75439453125 nes: 170.93749999999997ori_Loss :4.146839141845703 sup_loss_0: 14.032529830932617 
DEBUG:root:Epoch: 845 Loss: -5.703570365905762 accuracy: 20.4345703125 sim: 0 mscr: 28.667724609375 nes: 170.91666666666669ori_Loss :4.1217827796936035 sup_loss_0: 14.072504043579102 
DEBUG:root:Epoch: 846 Loss: -5.704964637756348 accuracy: 20.263671875 sim: 0 mscr: 28.612548828125 nes: 170.93749999999997ori_Loss :4.197160720825195 sup_loss_0: 14.167987823486328 
DEBUG:root:Epoch: 847 Loss: -5.709157466888428 accuracy: 20.263671875 sim: 0 mscr: 28.60205078125 nes: 170.97916666666666ori_Loss :4.034666061401367 sup_loss_0: 14.034835815429688 
DEBUG:root:Epoch: 848 Loss: -5.70460319519043 accuracy: 20.1416015625 sim: 0 mscr: 28.74609375 nes: 170.97916666666669ori_Loss :4.204104900360107 sup_loss_0: 14.147193908691406 
DEBUG:root:Epoch: 849 Loss: -5.702178955078125 accuracy: 20.9228515625 sim: 0 mscr: 28.737060546875 nes: 170.89583333333331ori_Loss :4.198761940002441 sup_loss_0: 14.130685806274414 
DEBUG:root:Epoch: 850 Loss: -5.70973014831543 accuracy: 20.654296875 sim: 0 mscr: 28.664306640625 nes: 170.89583333333334ori_Loss :4.146167278289795 sup_loss_0: 14.095436096191406 
DEBUG:root:Epoch: 851 Loss: -5.711209774017334 accuracy: 21.1181640625 sim: 0 mscr: 28.69921875 nes: 170.87499999999997ori_Loss :4.240808963775635 sup_loss_0: 14.115158081054688 
DEBUG:root:Epoch: 852 Loss: -5.714508056640625 accuracy: 20.41015625 sim: 0 mscr: 28.708251953125 nes: 170.83333333333331ori_Loss :4.108417510986328 sup_loss_0: 14.078855514526367 
DEBUG:root:Epoch: 853 Loss: -5.706335544586182 accuracy: 21.6552734375 sim: 0 mscr: 28.733154296875 nes: 170.95833333333331ori_Loss :4.114304542541504 sup_loss_0: 13.999689102172852 
DEBUG:root:Epoch: 854 Loss: -5.717335224151611 accuracy: 20.849609375 sim: 0 mscr: 28.626953125 nes: 170.91666666666669ori_Loss :4.1517157554626465 sup_loss_0: 14.110347747802734 
DEBUG:root:Epoch: 855 Loss: -5.707387447357178 accuracy: 20.751953125 sim: 0 mscr: 28.81396484375 nes: 170.91666666666669ori_Loss :4.1742401123046875 sup_loss_0: 14.122539520263672 
DEBUG:root:Epoch: 856 Loss: -5.693838596343994 accuracy: 20.01953125 sim: 0 mscr: 28.864990234375 nes: 171.0ori_Loss :4.314047336578369 sup_loss_0: 14.190815925598145 
DEBUG:root:Epoch: 857 Loss: -5.712331771850586 accuracy: 20.5322265625 sim: 0 mscr: 28.594970703125 nes: 170.91666666666666ori_Loss :4.129488945007324 sup_loss_0: 14.087203025817871 
DEBUG:root:Epoch: 858 Loss: -5.703469276428223 accuracy: 21.2646484375 sim: 0 mscr: 28.7177734375 nes: 170.89583333333334ori_Loss :4.200669288635254 sup_loss_0: 14.149002075195312 
DEBUG:root:Epoch: 859 Loss: -5.710046291351318 accuracy: 21.7529296875 sim: 0 mscr: 28.8173828125 nes: 170.91666666666666ori_Loss :4.208746910095215 sup_loss_0: 14.115715026855469 
DEBUG:root:Epoch: 860 Loss: -5.711894512176514 accuracy: 20.80078125 sim: 0 mscr: 28.742919921875 nes: 170.87499999999997ori_Loss :4.089444160461426 sup_loss_0: 14.06362533569336 
DEBUG:root:Epoch: 861 Loss: -5.71776819229126 accuracy: 21.240234375 sim: 0 mscr: 28.693359375 nes: 170.91666666666666ori_Loss :4.178962230682373 sup_loss_0: 14.111625671386719 
DEBUG:root:Epoch: 862 Loss: -5.7121381759643555 accuracy: 21.5576171875 sim: 0 mscr: 28.8623046875 nes: 170.91666666666666ori_Loss :4.097171306610107 sup_loss_0: 14.055049896240234 
DEBUG:root:Epoch: 863 Loss: -5.702049255371094 accuracy: 21.875 sim: 0 mscr: 28.864990234375 nes: 170.95833333333334ori_Loss :4.17919397354126 sup_loss_0: 14.091410636901855 
DEBUG:root:Epoch: 864 Loss: -5.708169937133789 accuracy: 20.9716796875 sim: 0 mscr: 28.74658203125 nes: 170.91666666666663ori_Loss :4.153443813323975 sup_loss_0: 14.083669662475586 
DEBUG:root:Epoch: 865 Loss: -5.708943843841553 accuracy: 20.99609375 sim: 0 mscr: 28.565673828125 nes: 170.85416666666666ori_Loss :4.226295471191406 sup_loss_0: 14.119029998779297 
DEBUG:root:Epoch: 866 Loss: -5.726578712463379 accuracy: 19.5556640625 sim: 0 mscr: 28.6611328125 nes: 170.95833333333331ori_Loss :4.2511444091796875 sup_loss_0: 14.228745460510254 
DEBUG:root:Epoch: 867 Loss: -5.716434955596924 accuracy: 22.0703125 sim: 0 mscr: 28.72998046875 nes: 170.89583333333334ori_Loss :4.176206111907959 sup_loss_0: 14.162405967712402 
DEBUG:root:Epoch: 868 Loss: -5.710016250610352 accuracy: 21.435546875 sim: 0 mscr: 28.609619140625 nes: 170.87499999999997ori_Loss :4.1571044921875 sup_loss_0: 14.159627914428711 
DEBUG:root:Epoch: 869 Loss: -5.717264175415039 accuracy: 20.703125 sim: 0 mscr: 28.752197265625 nes: 170.97916666666666ori_Loss :4.282436370849609 sup_loss_0: 14.23562240600586 
DEBUG:root:Epoch: 870 Loss: -5.71124792098999 accuracy: 19.970703125 sim: 0 mscr: 28.810546875 nes: 170.91666666666666ori_Loss :4.129089832305908 sup_loss_0: 14.082494735717773 
DEBUG:root:Epoch: 871 Loss: -5.712032318115234 accuracy: 19.8974609375 sim: 0 mscr: 28.64794921875 nes: 170.91666666666666ori_Loss :4.146408557891846 sup_loss_0: 14.097794532775879 
DEBUG:root:Epoch: 872 Loss: -5.707437515258789 accuracy: 21.2158203125 sim: 0 mscr: 28.713623046875 nes: 170.97916666666669ori_Loss :4.1321120262146 sup_loss_0: 14.039970397949219 
DEBUG:root:Epoch: 873 Loss: -5.718277931213379 accuracy: 21.0693359375 sim: 0 mscr: 28.560791015625 nes: 170.9375ori_Loss :4.1917524337768555 sup_loss_0: 14.119686126708984 
DEBUG:root:Epoch: 874 Loss: -5.7104034423828125 accuracy: 20.556640625 sim: 0 mscr: 28.58349609375 nes: 170.91666666666669ori_Loss :4.205343723297119 sup_loss_0: 14.114806175231934 
DEBUG:root:Epoch: 875 Loss: -5.720263957977295 accuracy: 20.703125 sim: 0 mscr: 28.660400390625 nes: 170.91666666666666ori_Loss :4.1069722175598145 sup_loss_0: 14.066710472106934 
DEBUG:root:Epoch: 876 Loss: -5.707900047302246 accuracy: 20.6298828125 sim: 0 mscr: 28.749267578125 nes: 170.95833333333331ori_Loss :4.155153751373291 sup_loss_0: 14.102289199829102 
DEBUG:root:Epoch: 877 Loss: -5.702699184417725 accuracy: 21.9482421875 sim: 0 mscr: 28.718994140625 nes: 170.91666666666666ori_Loss :4.235664367675781 sup_loss_0: 14.181232452392578 
DEBUG:root:Epoch: 878 Loss: -5.711118698120117 accuracy: 20.5078125 sim: 0 mscr: 28.73193359375 nes: 170.9375ori_Loss :4.199418067932129 sup_loss_0: 14.10535717010498 
DEBUG:root:Epoch: 879 Loss: -5.715389251708984 accuracy: 21.1181640625 sim: 0 mscr: 28.7119140625 nes: 170.875ori_Loss :4.161293983459473 sup_loss_0: 14.075303077697754 
DEBUG:root:Epoch: 880 Loss: -5.739110469818115 accuracy: 22.4365234375 sim: 0 mscr: 28.69580078125 nes: 170.91666666666666ori_Loss :4.027124404907227 sup_loss_0: 14.008691787719727 
DEBUG:root:Epoch: 881 Loss: -5.727662563323975 accuracy: 22.802734375 sim: 0 mscr: 28.673583984375 nes: 170.93749999999997ori_Loss :4.083944797515869 sup_loss_0: 14.046201705932617 
DEBUG:root:Epoch: 882 Loss: -5.722975254058838 accuracy: 20.9716796875 sim: 0 mscr: 28.790283203125 nes: 170.85416666666666ori_Loss :4.1112895011901855 sup_loss_0: 14.129451751708984 
DEBUG:root:Epoch: 883 Loss: -5.72534704208374 accuracy: 21.7529296875 sim: 0 mscr: 28.823486328125 nes: 170.85416666666666ori_Loss :4.157431125640869 sup_loss_0: 14.119851112365723 
DEBUG:root:Epoch: 884 Loss: -5.724440574645996 accuracy: 22.119140625 sim: 0 mscr: 28.597412109375 nes: 170.95833333333331ori_Loss :4.064578056335449 sup_loss_0: 13.98221206665039 
DEBUG:root:Epoch: 885 Loss: -5.715858459472656 accuracy: 21.8994140625 sim: 0 mscr: 28.6923828125 nes: 170.89583333333331ori_Loss :4.103276252746582 sup_loss_0: 14.020673751831055 
DEBUG:root:Epoch: 886 Loss: -5.718777656555176 accuracy: 21.58203125 sim: 0 mscr: 28.760009765625 nes: 170.95833333333331ori_Loss :4.155731678009033 sup_loss_0: 14.130126953125 
DEBUG:root:Epoch: 887 Loss: -5.7152276039123535 accuracy: 21.435546875 sim: 0 mscr: 28.669189453125 nes: 170.9375ori_Loss :4.140323638916016 sup_loss_0: 14.11417007446289 
DEBUG:root:Epoch: 888 Loss: -5.715367317199707 accuracy: 21.8505859375 sim: 0 mscr: 28.66943359375 nes: 170.91666666666663ori_Loss :4.064578056335449 sup_loss_0: 14.048323631286621 
DEBUG:root:Epoch: 889 Loss: -5.706178665161133 accuracy: 21.5576171875 sim: 0 mscr: 28.808837890625 nes: 170.95833333333334ori_Loss :4.107923984527588 sup_loss_0: 14.079483032226562 
DEBUG:root:Epoch: 890 Loss: -5.7168145179748535 accuracy: 20.654296875 sim: 0 mscr: 28.7099609375 nes: 170.9375ori_Loss :4.152588844299316 sup_loss_0: 14.085638046264648 
DEBUG:root:Epoch: 891 Loss: -5.719814777374268 accuracy: 21.4599609375 sim: 0 mscr: 28.686279296875 nes: 170.83333333333334ori_Loss :4.23599100112915 sup_loss_0: 14.180017471313477 
DEBUG:root:Epoch: 892 Loss: -5.720706939697266 accuracy: 21.3623046875 sim: 0 mscr: 28.759521484375 nes: 170.91666666666663ori_Loss :4.1363139152526855 sup_loss_0: 14.086933135986328 
DEBUG:root:Epoch: 893 Loss: -5.70435094833374 accuracy: 21.4111328125 sim: 0 mscr: 28.662841796875 nes: 170.9375ori_Loss :4.190028190612793 sup_loss_0: 14.132137298583984 
DEBUG:root:Epoch: 894 Loss: -5.725096702575684 accuracy: 21.3134765625 sim: 0 mscr: 28.768798828125 nes: 170.91666666666666ori_Loss :4.172646999359131 sup_loss_0: 14.15678882598877 
DEBUG:root:Epoch: 895 Loss: -5.727848052978516 accuracy: 20.41015625 sim: 0 mscr: 28.73681640625 nes: 170.97916666666666ori_Loss :4.127616882324219 sup_loss_0: 14.12071418762207 
DEBUG:root:Epoch: 896 Loss: -5.721701622009277 accuracy: 21.630859375 sim: 0 mscr: 28.673095703125 nes: 170.93749999999997ori_Loss :4.155836582183838 sup_loss_0: 14.059744834899902 
DEBUG:root:Epoch: 897 Loss: -5.715080738067627 accuracy: 20.60546875 sim: 0 mscr: 28.852783203125 nes: 170.91666666666666ori_Loss :4.195064067840576 sup_loss_0: 14.159439086914062 
DEBUG:root:Epoch: 898 Loss: -5.728031635284424 accuracy: 21.7529296875 sim: 0 mscr: 28.76123046875 nes: 170.91666666666663ori_Loss :4.220552921295166 sup_loss_0: 14.140256881713867 
DEBUG:root:Epoch: 899 Loss: -5.718379497528076 accuracy: 22.119140625 sim: 0 mscr: 28.78369140625 nes: 170.97916666666669ori_Loss :4.157769680023193 sup_loss_0: 14.084571838378906 
DEBUG:root:Epoch: 900 Loss: -5.732181549072266 accuracy: 21.1669921875 sim: 0 mscr: 28.736083984375 nes: 170.9375ori_Loss :4.164262294769287 sup_loss_0: 14.125608444213867 
DEBUG:root:Epoch: 901 Loss: -5.726456165313721 accuracy: 22.1923828125 sim: 0 mscr: 28.739990234375 nes: 170.95833333333334ori_Loss :4.078795433044434 sup_loss_0: 14.060219764709473 
DEBUG:root:Epoch: 902 Loss: -5.741209030151367 accuracy: 22.1923828125 sim: 0 mscr: 28.711669921875 nes: 170.93749999999997ori_Loss :4.040982723236084 sup_loss_0: 13.993143081665039 
DEBUG:root:Epoch: 903 Loss: -5.716944217681885 accuracy: 22.412109375 sim: 0 mscr: 28.793212890625 nes: 170.95833333333331ori_Loss :4.068877696990967 sup_loss_0: 13.93154525756836 
DEBUG:root:Epoch: 904 Loss: -5.731319904327393 accuracy: 22.36328125 sim: 0 mscr: 28.69970703125 nes: 170.85416666666666ori_Loss :4.156792163848877 sup_loss_0: 14.07719612121582 
DEBUG:root:Epoch: 905 Loss: -5.72609806060791 accuracy: 21.5576171875 sim: 0 mscr: 28.718017578125 nes: 170.93749999999997ori_Loss :4.259942054748535 sup_loss_0: 14.193689346313477 
DEBUG:root:Epoch: 906 Loss: -5.723445415496826 accuracy: 21.19140625 sim: 0 mscr: 28.671875 nes: 170.91666666666669ori_Loss :4.127341270446777 sup_loss_0: 14.107383728027344 
DEBUG:root:Epoch: 907 Loss: -5.727719306945801 accuracy: 20.556640625 sim: 0 mscr: 28.668212890625 nes: 170.87499999999997ori_Loss :4.065528869628906 sup_loss_0: 14.03121566772461 
DEBUG:root:Epoch: 908 Loss: -5.720118045806885 accuracy: 21.6552734375 sim: 0 mscr: 28.515380859375 nes: 170.89583333333334ori_Loss :4.150144577026367 sup_loss_0: 14.024066925048828 
DEBUG:root:Epoch: 909 Loss: -5.728250503540039 accuracy: 22.4853515625 sim: 0 mscr: 28.681396484375 nes: 170.95833333333331ori_Loss :4.074093818664551 sup_loss_0: 14.089534759521484 
DEBUG:root:Epoch: 910 Loss: -5.718571662902832 accuracy: 22.412109375 sim: 0 mscr: 28.734130859375 nes: 170.9375ori_Loss :4.013591766357422 sup_loss_0: 13.986261367797852 
DEBUG:root:Epoch: 911 Loss: -5.711791515350342 accuracy: 21.8505859375 sim: 0 mscr: 28.623291015625 nes: 170.9375ori_Loss :4.1838507652282715 sup_loss_0: 14.090291023254395 
DEBUG:root:Epoch: 912 Loss: -5.7199578285217285 accuracy: 21.6552734375 sim: 0 mscr: 28.74609375 nes: 170.89583333333331ori_Loss :4.065001487731934 sup_loss_0: 14.046672821044922 
DEBUG:root:Epoch: 913 Loss: -5.715231895446777 accuracy: 22.412109375 sim: 0 mscr: 28.8408203125 nes: 170.95833333333331ori_Loss :4.019629001617432 sup_loss_0: 13.944435119628906 
DEBUG:root:Epoch: 914 Loss: -5.73211669921875 accuracy: 23.388671875 sim: 0 mscr: 28.672607421875 nes: 170.91666666666666ori_Loss :4.053609371185303 sup_loss_0: 14.053030014038086 
DEBUG:root:Epoch: 915 Loss: -5.720195770263672 accuracy: 22.2900390625 sim: 0 mscr: 28.668701171875 nes: 170.95833333333331ori_Loss :4.114811897277832 sup_loss_0: 14.098809242248535 
DEBUG:root:Epoch: 916 Loss: -5.730325698852539 accuracy: 22.2412109375 sim: 0 mscr: 28.771728515625 nes: 170.97916666666666ori_Loss :4.011394500732422 sup_loss_0: 13.997621536254883 
DEBUG:root:Epoch: 917 Loss: -5.735205173492432 accuracy: 22.0703125 sim: 0 mscr: 28.729736328125 nes: 170.89583333333334ori_Loss :4.163414001464844 sup_loss_0: 14.140361785888672 
DEBUG:root:Epoch: 918 Loss: -5.721612930297852 accuracy: 22.9736328125 sim: 0 mscr: 28.6484375 nes: 170.9375ori_Loss :3.9891793727874756 sup_loss_0: 13.99177360534668 
DEBUG:root:Epoch: 919 Loss: -5.738635540008545 accuracy: 22.4365234375 sim: 0 mscr: 28.6484375 nes: 170.91666666666666ori_Loss :4.091231822967529 sup_loss_0: 14.063270568847656 
DEBUG:root:Epoch: 920 Loss: -5.735220909118652 accuracy: 21.5576171875 sim: 0 mscr: 28.7744140625 nes: 170.93749999999997ori_Loss :4.059197902679443 sup_loss_0: 14.012126922607422 
DEBUG:root:Epoch: 921 Loss: -5.7343902587890625 accuracy: 22.16796875 sim: 0 mscr: 28.74267578125 nes: 170.91666666666666ori_Loss :4.125641822814941 sup_loss_0: 14.070417404174805 
DEBUG:root:Epoch: 922 Loss: -5.726962566375732 accuracy: 21.7529296875 sim: 0 mscr: 28.66650390625 nes: 170.9375ori_Loss :4.05826473236084 sup_loss_0: 14.00816535949707 
DEBUG:root:Epoch: 923 Loss: -5.719943046569824 accuracy: 21.8505859375 sim: 0 mscr: 28.725830078125 nes: 170.89583333333334ori_Loss :4.218364238739014 sup_loss_0: 14.1535062789917 
DEBUG:root:Epoch: 924 Loss: -5.7196784019470215 accuracy: 22.16796875 sim: 0 mscr: 28.588134765625 nes: 170.875ori_Loss :4.013543128967285 sup_loss_0: 13.974050521850586 
DEBUG:root:Epoch: 925 Loss: -5.734773635864258 accuracy: 21.8017578125 sim: 0 mscr: 28.662841796875 nes: 170.8958333333333ori_Loss :4.09758186340332 sup_loss_0: 14.059822082519531 
DEBUG:root:Epoch: 926 Loss: -5.7412848472595215 accuracy: 21.09375 sim: 0 mscr: 28.708984375 nes: 170.89583333333334ori_Loss :4.250014305114746 sup_loss_0: 14.19321060180664 
DEBUG:root:Epoch: 927 Loss: -5.7193684577941895 accuracy: 22.4365234375 sim: 0 mscr: 28.7421875 nes: 170.91666666666663ori_Loss :4.057914733886719 sup_loss_0: 14.007495880126953 
DEBUG:root:Epoch: 928 Loss: -5.723775863647461 accuracy: 21.7041015625 sim: 0 mscr: 28.79833984375 nes: 170.97916666666666ori_Loss :4.154343128204346 sup_loss_0: 14.044099807739258 
DEBUG:root:Epoch: 929 Loss: -5.738927841186523 accuracy: 20.7275390625 sim: 0 mscr: 28.630126953125 nes: 170.95833333333334ori_Loss :4.167529106140137 sup_loss_0: 14.108558654785156 
DEBUG:root:Epoch: 930 Loss: -5.738673210144043 accuracy: 22.705078125 sim: 0 mscr: 28.69384765625 nes: 170.95833333333334ori_Loss :4.073384761810303 sup_loss_0: 14.017601013183594 
DEBUG:root:Epoch: 931 Loss: -5.7281904220581055 accuracy: 21.4111328125 sim: 0 mscr: 28.68359375 nes: 170.875ori_Loss :4.126630783081055 sup_loss_0: 14.03304672241211 
DEBUG:root:Epoch: 932 Loss: -5.730472087860107 accuracy: 22.5830078125 sim: 0 mscr: 28.667724609375 nes: 170.87499999999997ori_Loss :4.129903793334961 sup_loss_0: 14.083305358886719 
DEBUG:root:Epoch: 933 Loss: -5.736102104187012 accuracy: 21.77734375 sim: 0 mscr: 28.697509765625 nes: 170.89583333333331ori_Loss :4.1505961418151855 sup_loss_0: 14.075296401977539 
DEBUG:root:Epoch: 934 Loss: -5.738039493560791 accuracy: 21.4111328125 sim: 0 mscr: 28.798828125 nes: 170.9375ori_Loss :4.120975017547607 sup_loss_0: 14.094804763793945 
DEBUG:root:Epoch: 935 Loss: -5.738063812255859 accuracy: 22.8271484375 sim: 0 mscr: 28.62158203125 nes: 170.9375ori_Loss :4.061501979827881 sup_loss_0: 14.057607650756836 
DEBUG:root:Epoch: 936 Loss: -5.743632793426514 accuracy: 22.6318359375 sim: 0 mscr: 28.650390625 nes: 170.79166666666666ori_Loss :4.192351818084717 sup_loss_0: 14.158645629882812 
DEBUG:root:Epoch: 937 Loss: -5.735848903656006 accuracy: 21.1669921875 sim: 0 mscr: 28.69873046875 nes: 170.89583333333331ori_Loss :4.082982540130615 sup_loss_0: 14.03500747680664 
DEBUG:root:Epoch: 938 Loss: -5.725704193115234 accuracy: 21.8994140625 sim: 0 mscr: 28.63623046875 nes: 170.875ori_Loss :4.156026840209961 sup_loss_0: 14.090516090393066 
DEBUG:root:Epoch: 939 Loss: -5.71829080581665 accuracy: 22.2412109375 sim: 0 mscr: 28.75341796875 nes: 170.91666666666666ori_Loss :4.029059886932373 sup_loss_0: 14.00125503540039 
DEBUG:root:Epoch: 940 Loss: -5.742502689361572 accuracy: 22.216796875 sim: 0 mscr: 28.770751953125 nes: 170.97916666666666ori_Loss :4.0836381912231445 sup_loss_0: 14.060630798339844 
DEBUG:root:Epoch: 941 Loss: -5.743029594421387 accuracy: 21.97265625 sim: 0 mscr: 28.68896484375 nes: 170.875ori_Loss :4.061734676361084 sup_loss_0: 14.039109230041504 
DEBUG:root:Epoch: 942 Loss: -5.740394115447998 accuracy: 23.3642578125 sim: 0 mscr: 28.778564453125 nes: 170.89583333333331ori_Loss :4.256455898284912 sup_loss_0: 14.147037506103516 
DEBUG:root:Epoch: 943 Loss: -5.727693557739258 accuracy: 22.6806640625 sim: 0 mscr: 28.641845703125 nes: 170.95833333333334ori_Loss :4.013306617736816 sup_loss_0: 13.99882698059082 
DEBUG:root:Epoch: 944 Loss: -5.737221717834473 accuracy: 21.77734375 sim: 0 mscr: 28.64501953125 nes: 170.93749999999997ori_Loss :4.140785217285156 sup_loss_0: 14.095804214477539 
DEBUG:root:Epoch: 945 Loss: -5.729759693145752 accuracy: 21.4599609375 sim: 0 mscr: 28.67431640625 nes: 170.91666666666663ori_Loss :4.05431604385376 sup_loss_0: 14.009994506835938 
DEBUG:root:Epoch: 946 Loss: -5.733214378356934 accuracy: 21.8017578125 sim: 0 mscr: 28.754150390625 nes: 170.91666666666666ori_Loss :4.122982501983643 sup_loss_0: 14.115289688110352 
DEBUG:root:Epoch: 947 Loss: -5.728942394256592 accuracy: 22.0947265625 sim: 0 mscr: 28.679931640625 nes: 170.89583333333334ori_Loss :4.08586311340332 sup_loss_0: 14.083471298217773 
DEBUG:root:Epoch: 948 Loss: -5.735275745391846 accuracy: 22.0703125 sim: 0 mscr: 28.586669921875 nes: 170.95833333333331ori_Loss :4.206435680389404 sup_loss_0: 14.122419357299805 
DEBUG:root:Epoch: 949 Loss: -5.741663932800293 accuracy: 22.94921875 sim: 0 mscr: 28.75048828125 nes: 170.89583333333334ori_Loss :4.139891147613525 sup_loss_0: 14.063075065612793 
DEBUG:root:Epoch: 950 Loss: -5.740169525146484 accuracy: 22.216796875 sim: 0 mscr: 28.625 nes: 170.87499999999997ori_Loss :3.9841527938842773 sup_loss_0: 13.991823196411133 
DEBUG:root:Epoch: 951 Loss: -5.728359222412109 accuracy: 22.5341796875 sim: 0 mscr: 28.681884765625 nes: 170.89583333333331ori_Loss :4.134579181671143 sup_loss_0: 14.063472747802734 
DEBUG:root:Epoch: 952 Loss: -5.737360954284668 accuracy: 21.7529296875 sim: 0 mscr: 28.670166015625 nes: 170.89583333333334ori_Loss :4.0426435470581055 sup_loss_0: 14.01140308380127 
DEBUG:root:Epoch: 953 Loss: -5.72739839553833 accuracy: 20.4345703125 sim: 0 mscr: 28.6181640625 nes: 170.875ori_Loss :4.025869846343994 sup_loss_0: 14.001068115234375 
DEBUG:root:Epoch: 954 Loss: -5.723397731781006 accuracy: 22.2412109375 sim: 0 mscr: 28.75390625 nes: 170.93749999999997ori_Loss :4.142273902893066 sup_loss_0: 14.0843505859375 
DEBUG:root:Epoch: 955 Loss: -5.730404853820801 accuracy: 22.2900390625 sim: 0 mscr: 28.733154296875 nes: 170.83333333333331ori_Loss :4.089702129364014 sup_loss_0: 14.018047332763672 
DEBUG:root:Epoch: 956 Loss: -5.7348408699035645 accuracy: 22.1923828125 sim: 0 mscr: 28.629150390625 nes: 170.91666666666666ori_Loss :4.084021091461182 sup_loss_0: 14.056391716003418 
DEBUG:root:Epoch: 957 Loss: -5.749622821807861 accuracy: 22.7783203125 sim: 0 mscr: 28.68212890625 nes: 170.97916666666669ori_Loss :4.015340328216553 sup_loss_0: 13.965002059936523 
DEBUG:root:Epoch: 958 Loss: -5.743430137634277 accuracy: 21.7041015625 sim: 0 mscr: 28.77490234375 nes: 170.89583333333334ori_Loss :4.119016170501709 sup_loss_0: 14.111038208007812 
DEBUG:root:Epoch: 959 Loss: -5.744007587432861 accuracy: 22.900390625 sim: 0 mscr: 28.775390625 nes: 170.85416666666666ori_Loss :4.122078895568848 sup_loss_0: 14.080960273742676 
DEBUG:root:Epoch: 960 Loss: -5.742666721343994 accuracy: 23.095703125 sim: 0 mscr: 28.72021484375 nes: 170.91666666666666ori_Loss :4.029423713684082 sup_loss_0: 13.961235046386719 
DEBUG:root:Epoch: 961 Loss: -5.736093521118164 accuracy: 22.5341796875 sim: 0 mscr: 28.673828125 nes: 170.95833333333334ori_Loss :4.111085414886475 sup_loss_0: 14.083453178405762 
DEBUG:root:Epoch: 962 Loss: -5.741814613342285 accuracy: 22.3876953125 sim: 0 mscr: 28.630615234375 nes: 170.875ori_Loss :4.012063980102539 sup_loss_0: 14.01617431640625 
DEBUG:root:Epoch: 963 Loss: -5.738686561584473 accuracy: 22.36328125 sim: 0 mscr: 28.76806640625 nes: 170.91666666666663ori_Loss :4.047852516174316 sup_loss_0: 13.981081008911133 
DEBUG:root:Epoch: 964 Loss: -5.7437520027160645 accuracy: 22.7294921875 sim: 0 mscr: 28.830078125 nes: 170.93749999999997ori_Loss :4.043790340423584 sup_loss_0: 14.041877746582031 
DEBUG:root:Epoch: 965 Loss: -5.7386794090271 accuracy: 22.021484375 sim: 0 mscr: 28.680908203125 nes: 170.9375ori_Loss :4.113253116607666 sup_loss_0: 14.034368515014648 
DEBUG:root:Epoch: 966 Loss: -5.747237205505371 accuracy: 22.8515625 sim: 0 mscr: 28.677734375 nes: 170.9375ori_Loss :4.097365379333496 sup_loss_0: 14.027573585510254 
DEBUG:root:Epoch: 967 Loss: -5.750759601593018 accuracy: 22.4365234375 sim: 0 mscr: 28.747802734375 nes: 170.89583333333334ori_Loss :4.136605262756348 sup_loss_0: 14.096107482910156 
DEBUG:root:Epoch: 968 Loss: -5.741786479949951 accuracy: 21.8505859375 sim: 0 mscr: 28.75732421875 nes: 170.85416666666666ori_Loss :4.104075908660889 sup_loss_0: 14.031179428100586 
DEBUG:root:Epoch: 969 Loss: -5.746443748474121 accuracy: 23.095703125 sim: 0 mscr: 28.6376953125 nes: 170.91666666666663ori_Loss :4.083434581756592 sup_loss_0: 14.052305221557617 
DEBUG:root:Epoch: 970 Loss: -5.729654312133789 accuracy: 23.095703125 sim: 0 mscr: 28.802978515625 nes: 170.91666666666666ori_Loss :4.0414018630981445 sup_loss_0: 14.002695083618164 
DEBUG:root:Epoch: 971 Loss: -5.730429172515869 accuracy: 22.2900390625 sim: 0 mscr: 28.673828125 nes: 170.91666666666666ori_Loss :4.1112060546875 sup_loss_0: 14.039655685424805 
DEBUG:root:Epoch: 972 Loss: -5.736561298370361 accuracy: 22.8515625 sim: 0 mscr: 28.64306640625 nes: 170.93749999999997ori_Loss :4.0340046882629395 sup_loss_0: 13.989501953125 
DEBUG:root:Epoch: 973 Loss: -5.744355201721191 accuracy: 22.119140625 sim: 0 mscr: 28.735595703125 nes: 170.875ori_Loss :4.014851093292236 sup_loss_0: 13.948532104492188 
DEBUG:root:Epoch: 974 Loss: -5.728747367858887 accuracy: 22.7294921875 sim: 0 mscr: 28.739990234375 nes: 170.97916666666666ori_Loss :4.033371925354004 sup_loss_0: 14.028339385986328 
DEBUG:root:Epoch: 975 Loss: -5.755260944366455 accuracy: 23.3154296875 sim: 0 mscr: 28.647705078125 nes: 170.9375ori_Loss :4.0793867111206055 sup_loss_0: 14.028020858764648 
DEBUG:root:Epoch: 976 Loss: -5.742628574371338 accuracy: 22.55859375 sim: 0 mscr: 28.765869140625 nes: 170.85416666666666ori_Loss :4.071761608123779 sup_loss_0: 14.054520606994629 
DEBUG:root:Epoch: 977 Loss: -5.751157283782959 accuracy: 22.6318359375 sim: 0 mscr: 28.736083984375 nes: 170.95833333333331ori_Loss :4.137433052062988 sup_loss_0: 14.121810913085938 
DEBUG:root:Epoch: 978 Loss: -5.746737003326416 accuracy: 22.0947265625 sim: 0 mscr: 28.72314453125 nes: 170.91666666666666ori_Loss :4.063238620758057 sup_loss_0: 13.991432189941406 
DEBUG:root:Epoch: 979 Loss: -5.755123138427734 accuracy: 22.0703125 sim: 0 mscr: 28.6455078125 nes: 170.875ori_Loss :4.126489162445068 sup_loss_0: 14.056401252746582 
DEBUG:root:Epoch: 980 Loss: -5.734489917755127 accuracy: 21.3134765625 sim: 0 mscr: 28.673095703125 nes: 170.97916666666669ori_Loss :4.01175594329834 sup_loss_0: 13.979841232299805 
DEBUG:root:Epoch: 981 Loss: -5.742618083953857 accuracy: 22.3876953125 sim: 0 mscr: 28.73974609375 nes: 170.89583333333334ori_Loss :4.068044185638428 sup_loss_0: 14.059301376342773 
DEBUG:root:Epoch: 982 Loss: -5.733633518218994 accuracy: 22.705078125 sim: 0 mscr: 28.797119140625 nes: 170.9375ori_Loss :3.8899660110473633 sup_loss_0: 13.849185943603516 
DEBUG:root:Epoch: 983 Loss: -5.743711948394775 accuracy: 22.65625 sim: 0 mscr: 28.681640625 nes: 170.875ori_Loss :4.133138656616211 sup_loss_0: 14.088029861450195 
DEBUG:root:Epoch: 984 Loss: -5.762230396270752 accuracy: 23.388671875 sim: 0 mscr: 28.617431640625 nes: 170.8958333333333ori_Loss :3.9510180950164795 sup_loss_0: 13.99624252319336 
DEBUG:root:Epoch: 985 Loss: -5.7555365562438965 accuracy: 22.119140625 sim: 0 mscr: 28.58642578125 nes: 170.95833333333331ori_Loss :4.01932430267334 sup_loss_0: 13.966947555541992 
DEBUG:root:Epoch: 986 Loss: -5.75722074508667 accuracy: 23.4130859375 sim: 0 mscr: 28.712646484375 nes: 170.85416666666666ori_Loss :4.006631851196289 sup_loss_0: 14.029637336730957 
DEBUG:root:Epoch: 987 Loss: -5.7632575035095215 accuracy: 23.9013671875 sim: 0 mscr: 28.80712890625 nes: 170.9375ori_Loss :3.9925010204315186 sup_loss_0: 13.965147018432617 
DEBUG:root:Epoch: 988 Loss: -5.741349220275879 accuracy: 22.5830078125 sim: 0 mscr: 28.618896484375 nes: 170.91666666666666ori_Loss :4.053360939025879 sup_loss_0: 13.959733963012695 
DEBUG:root:Epoch: 989 Loss: -5.74015474319458 accuracy: 23.095703125 sim: 0 mscr: 28.705322265625 nes: 170.875ori_Loss :4.05695104598999 sup_loss_0: 13.95567512512207 
DEBUG:root:Epoch: 990 Loss: -5.745709419250488 accuracy: 22.4853515625 sim: 0 mscr: 28.84912109375 nes: 170.95833333333331ori_Loss :4.02622652053833 sup_loss_0: 13.961151123046875 
DEBUG:root:Epoch: 991 Loss: -5.747276306152344 accuracy: 22.9736328125 sim: 0 mscr: 28.725830078125 nes: 170.95833333333331ori_Loss :4.080097198486328 sup_loss_0: 14.032964706420898 
DEBUG:root:Epoch: 992 Loss: -5.746819972991943 accuracy: 23.5595703125 sim: 0 mscr: 28.741943359375 nes: 170.89583333333331ori_Loss :4.131160259246826 sup_loss_0: 14.040781021118164 
DEBUG:root:Epoch: 993 Loss: -5.755870819091797 accuracy: 23.6572265625 sim: 0 mscr: 28.693359375 nes: 170.91666666666666ori_Loss :4.133540630340576 sup_loss_0: 14.079694747924805 
DEBUG:root:Epoch: 994 Loss: -5.747530937194824 accuracy: 23.4619140625 sim: 0 mscr: 28.711181640625 nes: 170.9375ori_Loss :4.0160017013549805 sup_loss_0: 14.032234191894531 
DEBUG:root:Epoch: 995 Loss: -5.734001159667969 accuracy: 23.4619140625 sim: 0 mscr: 28.604248046875 nes: 170.97916666666669ori_Loss :4.128931045532227 sup_loss_0: 14.029541969299316 
DEBUG:root:Epoch: 996 Loss: -5.751894950866699 accuracy: 22.900390625 sim: 0 mscr: 28.617431640625 nes: 170.83333333333334ori_Loss :4.0718865394592285 sup_loss_0: 14.018254280090332 
DEBUG:root:Epoch: 997 Loss: -5.753231525421143 accuracy: 23.1689453125 sim: 0 mscr: 28.719482421875 nes: 170.89583333333334ori_Loss :4.106855869293213 sup_loss_0: 14.04206657409668 
DEBUG:root:Epoch: 998 Loss: -5.741501331329346 accuracy: 22.3388671875 sim: 0 mscr: 28.734619140625 nes: 170.9375ori_Loss :3.9869823455810547 sup_loss_0: 13.941640853881836 
DEBUG:root:Epoch: 999 Loss: -5.75462007522583 accuracy: 23.5595703125 sim: 0 mscr: 28.719970703125 nes: 170.95833333333331ori_Loss :4.010807037353516 sup_loss_0: 13.932843208312988 
DEBUG:root:Epoch: 1000 Loss: -5.75751256942749 accuracy: 23.095703125 sim: 0 mscr: 28.685302734375 nes: 170.875ori_Loss :4.012966632843018 sup_loss_0: 13.99168586730957 
DEBUG:root:Epoch: 1001 Loss: -5.750906467437744 accuracy: 24.169921875 sim: 0 mscr: 28.6669921875 nes: 170.93749999999997ori_Loss :4.043094158172607 sup_loss_0: 14.019328117370605 
DEBUG:root:Epoch: 1002 Loss: -5.7571234703063965 accuracy: 23.291015625 sim: 0 mscr: 28.61474609375 nes: 170.91666666666666ori_Loss :4.089524745941162 sup_loss_0: 14.030132293701172 
DEBUG:root:Epoch: 1003 Loss: -5.751029968261719 accuracy: 21.9970703125 sim: 0 mscr: 28.640625 nes: 170.9375ori_Loss :4.073413848876953 sup_loss_0: 14.061158180236816 
DEBUG:root:Epoch: 1004 Loss: -5.74354887008667 accuracy: 22.94921875 sim: 0 mscr: 28.653564453125 nes: 170.87499999999997ori_Loss :3.9869275093078613 sup_loss_0: 13.972188949584961 
DEBUG:root:Epoch: 1005 Loss: -5.7537994384765625 accuracy: 23.3642578125 sim: 0 mscr: 28.871337890625 nes: 170.97916666666666ori_Loss :4.010319709777832 sup_loss_0: 13.992514610290527 
DEBUG:root:Epoch: 1006 Loss: -5.757933616638184 accuracy: 23.193359375 sim: 0 mscr: 28.7587890625 nes: 170.93749999999997ori_Loss :4.009572505950928 sup_loss_0: 13.966190338134766 
DEBUG:root:Epoch: 1007 Loss: -5.737290382385254 accuracy: 24.12109375 sim: 0 mscr: 28.62744140625 nes: 170.95833333333331ori_Loss :4.030683517456055 sup_loss_0: 13.91649341583252 
DEBUG:root:Epoch: 1008 Loss: -5.739643573760986 accuracy: 22.55859375 sim: 0 mscr: 28.72119140625 nes: 170.91666666666666ori_Loss :4.062748432159424 sup_loss_0: 14.046216011047363 
DEBUG:root:Epoch: 1009 Loss: -5.752758502960205 accuracy: 23.046875 sim: 0 mscr: 28.739501953125 nes: 170.93749999999997ori_Loss :4.085677146911621 sup_loss_0: 14.051702499389648 
DEBUG:root:Epoch: 1010 Loss: -5.74122953414917 accuracy: 22.6318359375 sim: 0 mscr: 28.697998046875 nes: 170.91666666666666ori_Loss :4.0131072998046875 sup_loss_0: 13.999267578125 
DEBUG:root:Epoch: 1011 Loss: -5.756043910980225 accuracy: 23.828125 sim: 0 mscr: 28.734619140625 nes: 170.89583333333331ori_Loss :4.119328498840332 sup_loss_0: 14.044610977172852 
DEBUG:root:Epoch: 1012 Loss: -5.746105194091797 accuracy: 24.12109375 sim: 0 mscr: 28.838623046875 nes: 170.875ori_Loss :4.002896785736084 sup_loss_0: 14.030779838562012 
DEBUG:root:Epoch: 1013 Loss: -5.735655307769775 accuracy: 23.583984375 sim: 0 mscr: 28.60986328125 nes: 170.93749999999997ori_Loss :3.940901517868042 sup_loss_0: 13.90770149230957 
DEBUG:root:Epoch: 1014 Loss: -5.74389123916626 accuracy: 24.072265625 sim: 0 mscr: 28.59228515625 nes: 170.9375ori_Loss :4.062077045440674 sup_loss_0: 14.026652336120605 
DEBUG:root:Epoch: 1015 Loss: -5.758758068084717 accuracy: 22.216796875 sim: 0 mscr: 28.86328125 nes: 170.91666666666666ori_Loss :4.08919095993042 sup_loss_0: 14.022693634033203 
DEBUG:root:Epoch: 1016 Loss: -5.735962867736816 accuracy: 23.1689453125 sim: 0 mscr: 28.70703125 nes: 170.97916666666666ori_Loss :3.99833083152771 sup_loss_0: 13.987812042236328 
DEBUG:root:Epoch: 1017 Loss: -5.750997543334961 accuracy: 23.2666015625 sim: 0 mscr: 28.7783203125 nes: 170.95833333333331ori_Loss :4.020616054534912 sup_loss_0: 13.959372520446777 
DEBUG:root:Epoch: 1018 Loss: -5.752825736999512 accuracy: 22.3876953125 sim: 0 mscr: 28.801513671875 nes: 170.89583333333331ori_Loss :4.058234214782715 sup_loss_0: 13.963281631469727 
DEBUG:root:Epoch: 1019 Loss: -5.75513219833374 accuracy: 23.095703125 sim: 0 mscr: 28.70654296875 nes: 170.9375ori_Loss :3.9485526084899902 sup_loss_0: 13.906167984008789 
DEBUG:root:Epoch: 1020 Loss: -5.747038841247559 accuracy: 23.193359375 sim: 0 mscr: 28.773681640625 nes: 170.95833333333331ori_Loss :4.146996974945068 sup_loss_0: 14.07386589050293 
DEBUG:root:Epoch: 1021 Loss: -5.744380950927734 accuracy: 23.876953125 sim: 0 mscr: 28.7138671875 nes: 170.97916666666666ori_Loss :4.054149150848389 sup_loss_0: 14.01579475402832 
DEBUG:root:Epoch: 1022 Loss: -5.7465009689331055 accuracy: 23.3642578125 sim: 0 mscr: 28.702880859375 nes: 170.97916666666666ori_Loss :4.107814311981201 sup_loss_0: 14.062165260314941 
DEBUG:root:Epoch: 1023 Loss: -5.746701717376709 accuracy: 23.4130859375 sim: 0 mscr: 28.67138671875 nes: 170.85416666666666ori_Loss :4.084224224090576 sup_loss_0: 14.029657363891602 
DEBUG:root:Epoch: 1024 Loss: -5.748740196228027 accuracy: 22.9248046875 sim: 0 mscr: 28.65234375 nes: 170.93749999999997ori_Loss :4.0778093338012695 sup_loss_0: 13.97433090209961 
DEBUG:root:Epoch: 1025 Loss: -5.758971691131592 accuracy: 23.095703125 sim: 0 mscr: 28.802490234375 nes: 170.89583333333331ori_Loss :4.041688919067383 sup_loss_0: 13.977651596069336 
DEBUG:root:Epoch: 1026 Loss: -5.759790420532227 accuracy: 22.65625 sim: 0 mscr: 28.667236328125 nes: 171.0ori_Loss :4.0716400146484375 sup_loss_0: 14.026240348815918 
DEBUG:root:Epoch: 1027 Loss: -5.753384113311768 accuracy: 23.4130859375 sim: 0 mscr: 28.727294921875 nes: 170.91666666666666ori_Loss :4.113413333892822 sup_loss_0: 14.060165405273438 
DEBUG:root:Epoch: 1028 Loss: -5.75427770614624 accuracy: 24.8046875 sim: 0 mscr: 28.6787109375 nes: 170.87499999999997ori_Loss :4.1271185874938965 sup_loss_0: 14.013589859008789 
DEBUG:root:Epoch: 1029 Loss: -5.762881755828857 accuracy: 24.5361328125 sim: 0 mscr: 28.68017578125 nes: 170.875ori_Loss :3.994597911834717 sup_loss_0: 13.950508117675781 
DEBUG:root:Epoch: 1030 Loss: -5.766202449798584 accuracy: 23.046875 sim: 0 mscr: 28.79052734375 nes: 170.9375ori_Loss :4.041683197021484 sup_loss_0: 13.998456001281738 
DEBUG:root:Epoch: 1031 Loss: -5.751912593841553 accuracy: 23.388671875 sim: 0 mscr: 28.68603515625 nes: 170.9375ori_Loss :4.064265251159668 sup_loss_0: 14.022998809814453 
DEBUG:root:Epoch: 1032 Loss: -5.73756217956543 accuracy: 22.8271484375 sim: 0 mscr: 28.587646484375 nes: 170.97916666666666ori_Loss :4.028107643127441 sup_loss_0: 13.990800857543945 
DEBUG:root:Epoch: 1033 Loss: -5.759994983673096 accuracy: 22.705078125 sim: 0 mscr: 28.696044921875 nes: 170.875ori_Loss :4.005603790283203 sup_loss_0: 13.996657371520996 
DEBUG:root:Epoch: 1034 Loss: -5.77109432220459 accuracy: 24.2919921875 sim: 0 mscr: 28.725830078125 nes: 170.85416666666666ori_Loss :3.997741222381592 sup_loss_0: 13.977474212646484 
DEBUG:root:Epoch: 1035 Loss: -5.760535717010498 accuracy: 23.2666015625 sim: 0 mscr: 28.750732421875 nes: 170.89583333333334ori_Loss :4.072157382965088 sup_loss_0: 13.995086669921875 
DEBUG:root:Epoch: 1036 Loss: -5.760395050048828 accuracy: 24.7802734375 sim: 0 mscr: 28.712646484375 nes: 170.93749999999997ori_Loss :3.9758572578430176 sup_loss_0: 13.879254341125488 
DEBUG:root:Epoch: 1037 Loss: -5.757546424865723 accuracy: 24.4140625 sim: 0 mscr: 28.69091796875 nes: 170.9375ori_Loss :4.054940223693848 sup_loss_0: 14.037721633911133 
DEBUG:root:Epoch: 1038 Loss: -5.758849143981934 accuracy: 24.169921875 sim: 0 mscr: 28.854736328125 nes: 170.85416666666666ori_Loss :4.042960166931152 sup_loss_0: 13.999734878540039 
DEBUG:root:Epoch: 1039 Loss: -5.752694606781006 accuracy: 24.0234375 sim: 0 mscr: 28.631591796875 nes: 170.91666666666669ori_Loss :4.124480247497559 sup_loss_0: 14.056550979614258 
DEBUG:root:Epoch: 1040 Loss: -5.759406089782715 accuracy: 23.5107421875 sim: 0 mscr: 28.631591796875 nes: 170.9375ori_Loss :3.9519801139831543 sup_loss_0: 13.954023361206055 
DEBUG:root:Epoch: 1041 Loss: -5.76352596282959 accuracy: 24.658203125 sim: 0 mscr: 28.695068359375 nes: 170.89583333333334ori_Loss :3.921018362045288 sup_loss_0: 13.896978378295898 
DEBUG:root:Epoch: 1042 Loss: -5.760800361633301 accuracy: 24.0966796875 sim: 0 mscr: 28.67919921875 nes: 170.89583333333334ori_Loss :4.147805690765381 sup_loss_0: 14.087881088256836 
DEBUG:root:Epoch: 1043 Loss: -5.751862525939941 accuracy: 23.046875 sim: 0 mscr: 28.796142578125 nes: 170.95833333333331ori_Loss :4.118117332458496 sup_loss_0: 14.027931213378906 
DEBUG:root:Epoch: 1044 Loss: -5.7524919509887695 accuracy: 24.1943359375 sim: 0 mscr: 28.622802734375 nes: 170.91666666666666ori_Loss :4.0337090492248535 sup_loss_0: 14.000925064086914 
DEBUG:root:Epoch: 1045 Loss: -5.758520126342773 accuracy: 23.33984375 sim: 0 mscr: 28.73046875 nes: 170.89583333333334ori_Loss :3.9087517261505127 sup_loss_0: 13.917617797851562 
DEBUG:root:Epoch: 1046 Loss: -5.763309478759766 accuracy: 24.609375 sim: 0 mscr: 28.740234375 nes: 170.91666666666663ori_Loss :3.980048179626465 sup_loss_0: 13.937519073486328 
DEBUG:root:Epoch: 1047 Loss: -5.776070594787598 accuracy: 26.26953125 sim: 0 mscr: 28.70703125 nes: 170.91666666666666ori_Loss :4.071464538574219 sup_loss_0: 14.059307098388672 
DEBUG:root:Epoch: 1048 Loss: -5.762150764465332 accuracy: 23.4130859375 sim: 0 mscr: 28.50341796875 nes: 170.91666666666663ori_Loss :4.071107864379883 sup_loss_0: 14.066319465637207 
DEBUG:root:Epoch: 1049 Loss: -5.764082431793213 accuracy: 23.92578125 sim: 0 mscr: 28.6572265625 nes: 170.93749999999997ori_Loss :4.023247718811035 sup_loss_0: 14.01705551147461 
DEBUG:root:Epoch: 1050 Loss: -5.768501281738281 accuracy: 24.21875 sim: 0 mscr: 28.562255859375 nes: 170.95833333333334ori_Loss :4.066598892211914 sup_loss_0: 14.043572425842285 
DEBUG:root:Epoch: 1051 Loss: -5.76926326751709 accuracy: 23.1689453125 sim: 0 mscr: 28.7509765625 nes: 170.89583333333334ori_Loss :4.025528907775879 sup_loss_0: 14.014965057373047 
DEBUG:root:Epoch: 1052 Loss: -5.772931098937988 accuracy: 24.0966796875 sim: 0 mscr: 28.639892578125 nes: 170.9375ori_Loss :4.033631324768066 sup_loss_0: 13.954663276672363 
DEBUG:root:Epoch: 1053 Loss: -5.769936561584473 accuracy: 23.2177734375 sim: 0 mscr: 28.78369140625 nes: 170.9375ori_Loss :4.057108402252197 sup_loss_0: 14.005820274353027 
DEBUG:root:Epoch: 1054 Loss: -5.770083904266357 accuracy: 24.12109375 sim: 0 mscr: 28.712158203125 nes: 170.95833333333331ori_Loss :3.9846694469451904 sup_loss_0: 13.964437484741211 
DEBUG:root:Epoch: 1055 Loss: -5.759753704071045 accuracy: 22.2900390625 sim: 0 mscr: 28.73876953125 nes: 170.95833333333331ori_Loss :4.051048278808594 sup_loss_0: 13.992862701416016 
DEBUG:root:Epoch: 1056 Loss: -5.753015518188477 accuracy: 24.4384765625 sim: 0 mscr: 28.7236328125 nes: 170.91666666666666ori_Loss :4.094245910644531 sup_loss_0: 13.976997375488281 
DEBUG:root:Epoch: 1057 Loss: -5.762966156005859 accuracy: 23.2421875 sim: 0 mscr: 28.67431640625 nes: 170.91666666666669ori_Loss :4.034448623657227 sup_loss_0: 13.99826431274414 
DEBUG:root:Epoch: 1058 Loss: -5.770238399505615 accuracy: 23.5107421875 sim: 0 mscr: 28.635009765625 nes: 170.89583333333331ori_Loss :4.0293731689453125 sup_loss_0: 14.00883674621582 
DEBUG:root:Epoch: 1059 Loss: -5.76590633392334 accuracy: 23.828125 sim: 0 mscr: 28.571044921875 nes: 170.9375ori_Loss :3.8804540634155273 sup_loss_0: 13.915371894836426 
DEBUG:root:Epoch: 1060 Loss: -5.75927734375 accuracy: 23.388671875 sim: 0 mscr: 28.78564453125 nes: 170.95833333333331ori_Loss :4.034217357635498 sup_loss_0: 14.03318977355957 
DEBUG:root:Epoch: 1061 Loss: -5.764181613922119 accuracy: 23.388671875 sim: 0 mscr: 28.817626953125 nes: 170.93749999999997ori_Loss :3.9862060546875 sup_loss_0: 13.968276977539062 
DEBUG:root:Epoch: 1062 Loss: -5.760149002075195 accuracy: 24.0478515625 sim: 0 mscr: 28.700439453125 nes: 170.9375ori_Loss :4.04849910736084 sup_loss_0: 13.995609283447266 
DEBUG:root:Epoch: 1063 Loss: -5.7547125816345215 accuracy: 24.6826171875 sim: 0 mscr: 28.58740234375 nes: 170.95833333333331ori_Loss :4.142941474914551 sup_loss_0: 14.019756317138672 
DEBUG:root:Epoch: 1064 Loss: -5.776428699493408 accuracy: 24.6337890625 sim: 0 mscr: 28.734619140625 nes: 170.89583333333334ori_Loss :4.019087791442871 sup_loss_0: 14.025344848632812 
DEBUG:root:Epoch: 1065 Loss: -5.764979362487793 accuracy: 25.2685546875 sim: 0 mscr: 28.717041015625 nes: 170.9375ori_Loss :3.9626665115356445 sup_loss_0: 13.943912506103516 
DEBUG:root:Epoch: 1066 Loss: -5.769726276397705 accuracy: 23.5107421875 sim: 0 mscr: 28.773681640625 nes: 170.97916666666669ori_Loss :3.9825711250305176 sup_loss_0: 13.968597412109375 
DEBUG:root:Epoch: 1067 Loss: -5.768957138061523 accuracy: 24.31640625 sim: 0 mscr: 28.72216796875 nes: 170.95833333333331ori_Loss :4.035472869873047 sup_loss_0: 14.007142066955566 
DEBUG:root:Epoch: 1068 Loss: -5.7718610763549805 accuracy: 24.6337890625 sim: 0 mscr: 28.720458984375 nes: 170.89583333333334ori_Loss :4.047585964202881 sup_loss_0: 14.012176513671875 
DEBUG:root:Epoch: 1069 Loss: -5.758395195007324 accuracy: 24.31640625 sim: 0 mscr: 28.58154296875 nes: 170.89583333333331ori_Loss :3.9721546173095703 sup_loss_0: 13.91192626953125 
DEBUG:root:Epoch: 1070 Loss: -5.768824100494385 accuracy: 24.5849609375 sim: 0 mscr: 28.761474609375 nes: 170.91666666666666ori_Loss :4.009089946746826 sup_loss_0: 13.993742942810059 
DEBUG:root:Epoch: 1071 Loss: -5.780436992645264 accuracy: 24.2919921875 sim: 0 mscr: 28.561767578125 nes: 170.9375ori_Loss :4.031750679016113 sup_loss_0: 14.010353088378906 
DEBUG:root:Epoch: 1072 Loss: -5.775550842285156 accuracy: 24.755859375 sim: 0 mscr: 28.7822265625 nes: 170.95833333333331ori_Loss :3.9817399978637695 sup_loss_0: 13.963220596313477 
DEBUG:root:Epoch: 1073 Loss: -5.768043518066406 accuracy: 25.146484375 sim: 0 mscr: 28.698486328125 nes: 170.95833333333331ori_Loss :4.005487442016602 sup_loss_0: 13.946646690368652 
DEBUG:root:Epoch: 1074 Loss: -5.75991678237915 accuracy: 24.31640625 sim: 0 mscr: 28.67431640625 nes: 170.95833333333334ori_Loss :3.988701581954956 sup_loss_0: 13.950798034667969 
DEBUG:root:Epoch: 1075 Loss: -5.768743515014648 accuracy: 24.951171875 sim: 0 mscr: 28.789794921875 nes: 170.91666666666666ori_Loss :3.9223110675811768 sup_loss_0: 13.937114715576172 
DEBUG:root:Epoch: 1076 Loss: -5.779759407043457 accuracy: 24.6826171875 sim: 0 mscr: 28.677490234375 nes: 170.95833333333331ori_Loss :4.135441780090332 sup_loss_0: 14.104249000549316 
DEBUG:root:Epoch: 1077 Loss: -5.728806018829346 accuracy: 24.1943359375 sim: 0 mscr: 28.683837890625 nes: 170.89583333333331ori_Loss :4.042887210845947 sup_loss_0: 13.996604919433594 
DEBUG:root:Epoch: 1078 Loss: -5.769052505493164 accuracy: 23.14453125 sim: 0 mscr: 28.82568359375 nes: 170.89583333333331ori_Loss :3.933029890060425 sup_loss_0: 13.879487991333008 
DEBUG:root:Epoch: 1079 Loss: -5.775747776031494 accuracy: 24.4384765625 sim: 0 mscr: 28.814697265625 nes: 170.85416666666666ori_Loss :4.016808032989502 sup_loss_0: 13.991300582885742 
DEBUG:root:Epoch: 1080 Loss: -5.753602027893066 accuracy: 23.1201171875 sim: 0 mscr: 28.677734375 nes: 170.97916666666669ori_Loss :4.067142963409424 sup_loss_0: 14.015019416809082 
DEBUG:root:Epoch: 1081 Loss: -5.763224124908447 accuracy: 24.1455078125 sim: 0 mscr: 28.63427734375 nes: 170.89583333333331ori_Loss :3.988208770751953 sup_loss_0: 13.96076488494873 
DEBUG:root:Epoch: 1082 Loss: -5.764717102050781 accuracy: 23.0224609375 sim: 0 mscr: 28.667724609375 nes: 170.875ori_Loss :3.877455949783325 sup_loss_0: 13.84402084350586 
DEBUG:root:Epoch: 1083 Loss: -5.770782470703125 accuracy: 24.9267578125 sim: 0 mscr: 28.79150390625 nes: 170.9375ori_Loss :4.023338317871094 sup_loss_0: 13.956195831298828 
DEBUG:root:Epoch: 1084 Loss: -5.763950347900391 accuracy: 25.634765625 sim: 0 mscr: 28.55322265625 nes: 170.91666666666663ori_Loss :3.9956068992614746 sup_loss_0: 13.966080665588379 
DEBUG:root:Epoch: 1085 Loss: -5.7623796463012695 accuracy: 25.6591796875 sim: 0 mscr: 28.697998046875 nes: 170.89583333333331ori_Loss :4.135461807250977 sup_loss_0: 14.055757522583008 
DEBUG:root:Epoch: 1086 Loss: -5.76569128036499 accuracy: 24.31640625 sim: 0 mscr: 28.69384765625 nes: 170.91666666666669ori_Loss :4.041584491729736 sup_loss_0: 13.978874206542969 
DEBUG:root:Epoch: 1087 Loss: -5.768931865692139 accuracy: 24.462890625 sim: 0 mscr: 28.72607421875 nes: 170.9375ori_Loss :4.009134769439697 sup_loss_0: 14.009373664855957 
DEBUG:root:Epoch: 1088 Loss: -5.774301528930664 accuracy: 25.1953125 sim: 0 mscr: 28.8076171875 nes: 170.89583333333331ori_Loss :4.079991340637207 sup_loss_0: 14.006828308105469 
DEBUG:root:Epoch: 1089 Loss: -5.76118278503418 accuracy: 24.365234375 sim: 0 mscr: 28.713623046875 nes: 170.87499999999997ori_Loss :3.959195137023926 sup_loss_0: 13.957844734191895 
DEBUG:root:Epoch: 1090 Loss: -5.77045202255249 accuracy: 24.7314453125 sim: 0 mscr: 28.704833984375 nes: 170.93749999999997ori_Loss :4.065472602844238 sup_loss_0: 14.055456161499023 
DEBUG:root:Epoch: 1091 Loss: -5.760168075561523 accuracy: 25.2685546875 sim: 0 mscr: 28.6640625 nes: 170.875ori_Loss :3.9743597507476807 sup_loss_0: 13.89859676361084 
DEBUG:root:Epoch: 1092 Loss: -5.778178691864014 accuracy: 24.51171875 sim: 0 mscr: 28.755615234375 nes: 170.875ori_Loss :4.004632472991943 sup_loss_0: 13.965591430664062 
DEBUG:root:Epoch: 1093 Loss: -5.773411273956299 accuracy: 25.244140625 sim: 0 mscr: 28.7099609375 nes: 170.9375ori_Loss :4.0765485763549805 sup_loss_0: 14.012849807739258 
DEBUG:root:Epoch: 1094 Loss: -5.767496585845947 accuracy: 24.70703125 sim: 0 mscr: 28.704833984375 nes: 170.91666666666663ori_Loss :3.9496946334838867 sup_loss_0: 13.823015213012695 
DEBUG:root:Epoch: 1095 Loss: -5.775918960571289 accuracy: 24.7802734375 sim: 0 mscr: 28.754150390625 nes: 170.875ori_Loss :4.038884162902832 sup_loss_0: 13.971595764160156 
DEBUG:root:Epoch: 1096 Loss: -5.7614521980285645 accuracy: 23.974609375 sim: 0 mscr: 28.633544921875 nes: 170.97916666666666ori_Loss :4.107982635498047 sup_loss_0: 14.024967193603516 
DEBUG:root:Epoch: 1097 Loss: -5.7624711990356445 accuracy: 24.7314453125 sim: 0 mscr: 28.809814453125 nes: 170.91666666666666ori_Loss :4.005130767822266 sup_loss_0: 13.93071460723877 
DEBUG:root:Epoch: 1098 Loss: -5.774145126342773 accuracy: 24.1943359375 sim: 0 mscr: 28.72509765625 nes: 170.8125ori_Loss :4.135964870452881 sup_loss_0: 14.097173690795898 
DEBUG:root:Epoch: 1099 Loss: -5.777500152587891 accuracy: 25.1953125 sim: 0 mscr: 28.70361328125 nes: 170.89583333333331ori_Loss :4.0620832443237305 sup_loss_0: 14.004762649536133 
DEBUG:root:Epoch: 1100 Loss: -5.761842727661133 accuracy: 25.439453125 sim: 0 mscr: 28.69873046875 nes: 170.91666666666663ori_Loss :3.9977805614471436 sup_loss_0: 13.942102432250977 
DEBUG:root:Epoch: 1101 Loss: -5.7603325843811035 accuracy: 25.244140625 sim: 0 mscr: 28.712158203125 nes: 170.875ori_Loss :4.0435686111450195 sup_loss_0: 13.979982376098633 
DEBUG:root:Epoch: 1102 Loss: -5.770451068878174 accuracy: 25.4150390625 sim: 0 mscr: 28.570556640625 nes: 170.93749999999997ori_Loss :3.916053056716919 sup_loss_0: 13.846757888793945 
DEBUG:root:Epoch: 1103 Loss: -5.767638683319092 accuracy: 25.4638671875 sim: 0 mscr: 28.662841796875 nes: 170.95833333333331ori_Loss :3.9656870365142822 sup_loss_0: 13.933528900146484 
DEBUG:root:Epoch: 1104 Loss: -5.782216548919678 accuracy: 25.6103515625 sim: 0 mscr: 28.6884765625 nes: 170.91666666666666ori_Loss :3.8231372833251953 sup_loss_0: 13.792383193969727 
DEBUG:root:Epoch: 1105 Loss: -5.763377666473389 accuracy: 24.21875 sim: 0 mscr: 28.840087890625 nes: 170.89583333333334ori_Loss :4.0196146965026855 sup_loss_0: 13.971677780151367 
DEBUG:root:Epoch: 1106 Loss: -5.781050205230713 accuracy: 25.5615234375 sim: 0 mscr: 28.7158203125 nes: 170.89583333333331ori_Loss :4.074344158172607 sup_loss_0: 13.984847068786621 
DEBUG:root:Epoch: 1107 Loss: -5.768211364746094 accuracy: 24.951171875 sim: 0 mscr: 28.730712890625 nes: 170.91666666666663ori_Loss :4.012397766113281 sup_loss_0: 13.975353240966797 
DEBUG:root:Epoch: 1108 Loss: -5.770220756530762 accuracy: 24.4873046875 sim: 0 mscr: 28.718017578125 nes: 170.93749999999997ori_Loss :3.99141263961792 sup_loss_0: 13.962648391723633 
DEBUG:root:Epoch: 1109 Loss: -5.777039051055908 accuracy: 24.6826171875 sim: 0 mscr: 28.718017578125 nes: 170.9375ori_Loss :4.041738510131836 sup_loss_0: 14.004823684692383 
DEBUG:root:Epoch: 1110 Loss: -5.771015167236328 accuracy: 24.21875 sim: 0 mscr: 28.683349609375 nes: 170.9375ori_Loss :4.090522766113281 sup_loss_0: 14.02293872833252 
DEBUG:root:Epoch: 1111 Loss: -5.77421760559082 accuracy: 25.0732421875 sim: 0 mscr: 28.810302734375 nes: 170.85416666666666ori_Loss :4.040251731872559 sup_loss_0: 14.007368087768555 
DEBUG:root:Epoch: 1112 Loss: -5.757866382598877 accuracy: 24.5361328125 sim: 0 mscr: 28.623291015625 nes: 170.9375ori_Loss :4.0598464012146 sup_loss_0: 13.960210800170898 
DEBUG:root:Epoch: 1113 Loss: -5.772344589233398 accuracy: 24.951171875 sim: 0 mscr: 28.72216796875 nes: 170.83333333333331ori_Loss :3.9924986362457275 sup_loss_0: 13.909344673156738 
DEBUG:root:Epoch: 1114 Loss: -5.766815185546875 accuracy: 24.4873046875 sim: 0 mscr: 28.812744140625 nes: 170.89583333333334ori_Loss :3.944600820541382 sup_loss_0: 13.927082061767578 
DEBUG:root:Epoch: 1115 Loss: -5.78050422668457 accuracy: 24.267578125 sim: 0 mscr: 28.712158203125 nes: 170.95833333333331ori_Loss :4.066355228424072 sup_loss_0: 14.022212028503418 
DEBUG:root:Epoch: 1116 Loss: -5.778732776641846 accuracy: 25.341796875 sim: 0 mscr: 28.582763671875 nes: 170.91666666666666ori_Loss :3.9904446601867676 sup_loss_0: 13.986444473266602 
DEBUG:root:Epoch: 1117 Loss: -5.776808738708496 accuracy: 25.146484375 sim: 0 mscr: 28.705078125 nes: 170.91666666666666ori_Loss :3.91947078704834 sup_loss_0: 13.886758804321289 
DEBUG:root:Epoch: 1118 Loss: -5.773830890655518 accuracy: 24.12109375 sim: 0 mscr: 28.69140625 nes: 170.93749999999997ori_Loss :4.001521587371826 sup_loss_0: 13.985433578491211 
DEBUG:root:Epoch: 1119 Loss: -5.772141933441162 accuracy: 25.0732421875 sim: 0 mscr: 28.650146484375 nes: 170.91666666666666ori_Loss :3.964665651321411 sup_loss_0: 13.952350616455078 
DEBUG:root:Epoch: 1120 Loss: -5.783636093139648 accuracy: 25.390625 sim: 0 mscr: 28.657470703125 nes: 170.91666666666663ori_Loss :4.045983791351318 sup_loss_0: 14.022964477539062 
DEBUG:root:Epoch: 1121 Loss: -5.7755560874938965 accuracy: 25.390625 sim: 0 mscr: 28.808349609375 nes: 170.9375ori_Loss :3.990729808807373 sup_loss_0: 13.920791625976562 
DEBUG:root:Epoch: 1122 Loss: -5.7780914306640625 accuracy: 24.7802734375 sim: 0 mscr: 28.758544921875 nes: 170.83333333333331ori_Loss :4.016290664672852 sup_loss_0: 14.010923385620117 
DEBUG:root:Epoch: 1123 Loss: -5.766541957855225 accuracy: 25.1708984375 sim: 0 mscr: 28.6328125 nes: 170.91666666666666ori_Loss :3.9276092052459717 sup_loss_0: 13.939230918884277 
DEBUG:root:Epoch: 1124 Loss: -5.775035858154297 accuracy: 24.4384765625 sim: 0 mscr: 28.83544921875 nes: 170.85416666666666ori_Loss :4.126430988311768 sup_loss_0: 14.0557279586792 
DEBUG:root:Epoch: 1125 Loss: -5.779336452484131 accuracy: 26.123046875 sim: 0 mscr: 28.783203125 nes: 170.97916666666666ori_Loss :3.962707281112671 sup_loss_0: 13.924832344055176 
DEBUG:root:Epoch: 1126 Loss: -5.775357246398926 accuracy: 24.951171875 sim: 0 mscr: 28.590087890625 nes: 170.89583333333331ori_Loss :3.957857608795166 sup_loss_0: 13.973928451538086 
DEBUG:root:Epoch: 1127 Loss: -5.770394325256348 accuracy: 25.2197265625 sim: 0 mscr: 28.732177734375 nes: 170.95833333333334ori_Loss :4.010076999664307 sup_loss_0: 13.923696517944336 
DEBUG:root:Epoch: 1128 Loss: -5.774391174316406 accuracy: 25.7568359375 sim: 0 mscr: 28.700927734375 nes: 170.91666666666666ori_Loss :3.9360499382019043 sup_loss_0: 13.893484115600586 
DEBUG:root:Epoch: 1129 Loss: -5.772652626037598 accuracy: 24.7314453125 sim: 0 mscr: 28.643310546875 nes: 170.87499999999997ori_Loss :3.9264512062072754 sup_loss_0: 13.879947662353516 
DEBUG:root:Epoch: 1130 Loss: -5.7832722663879395 accuracy: 24.5361328125 sim: 0 mscr: 28.64208984375 nes: 170.91666666666666ori_Loss :3.902784824371338 sup_loss_0: 13.86584186553955 
DEBUG:root:Epoch: 1131 Loss: -5.780280590057373 accuracy: 24.267578125 sim: 0 mscr: 28.762451171875 nes: 170.83333333333334ori_Loss :4.017645835876465 sup_loss_0: 13.949941635131836 
DEBUG:root:Epoch: 1132 Loss: -5.781609058380127 accuracy: 24.70703125 sim: 0 mscr: 28.775146484375 nes: 170.89583333333334ori_Loss :3.936554193496704 sup_loss_0: 13.86686897277832 
DEBUG:root:Epoch: 1133 Loss: -5.783049583435059 accuracy: 24.951171875 sim: 0 mscr: 28.62890625 nes: 170.93749999999997ori_Loss :3.8804357051849365 sup_loss_0: 13.835958480834961 
DEBUG:root:Epoch: 1134 Loss: -5.7859344482421875 accuracy: 25.4150390625 sim: 0 mscr: 28.693603515625 nes: 170.91666666666666ori_Loss :3.916057586669922 sup_loss_0: 13.902143478393555 
DEBUG:root:Epoch: 1135 Loss: -5.76937198638916 accuracy: 24.853515625 sim: 0 mscr: 28.66796875 nes: 170.95833333333334ori_Loss :4.0316572189331055 sup_loss_0: 13.98958683013916 
DEBUG:root:Epoch: 1136 Loss: -5.780434608459473 accuracy: 24.7314453125 sim: 0 mscr: 28.67041015625 nes: 170.9375ori_Loss :4.034316539764404 sup_loss_0: 14.03872013092041 
DEBUG:root:Epoch: 1137 Loss: -5.792941570281982 accuracy: 24.4140625 sim: 0 mscr: 28.82373046875 nes: 170.91666666666666ori_Loss :4.027016639709473 sup_loss_0: 14.005901336669922 
DEBUG:root:Epoch: 1138 Loss: -5.771422863006592 accuracy: 25.3173828125 sim: 0 mscr: 28.73779296875 nes: 170.89583333333334ori_Loss :4.0851030349731445 sup_loss_0: 14.038847923278809 
DEBUG:root:Epoch: 1139 Loss: -5.767876625061035 accuracy: 25.0732421875 sim: 0 mscr: 28.71923828125 nes: 170.95833333333331ori_Loss :3.9198880195617676 sup_loss_0: 13.907167434692383 
DEBUG:root:Epoch: 1140 Loss: -5.771052360534668 accuracy: 25.6591796875 sim: 0 mscr: 28.695068359375 nes: 170.91666666666666ori_Loss :4.024105548858643 sup_loss_0: 13.980073928833008 
DEBUG:root:Epoch: 1141 Loss: -5.783789157867432 accuracy: 24.6337890625 sim: 0 mscr: 28.59814453125 nes: 170.95833333333331ori_Loss :4.0765380859375 sup_loss_0: 14.03637409210205 
DEBUG:root:Epoch: 1142 Loss: -5.776772499084473 accuracy: 26.2939453125 sim: 0 mscr: 28.686767578125 nes: 170.89583333333334ori_Loss :3.985872268676758 sup_loss_0: 13.89649772644043 
DEBUG:root:Epoch: 1143 Loss: -5.777835369110107 accuracy: 26.416015625 sim: 0 mscr: 28.805908203125 nes: 170.95833333333331ori_Loss :3.961225748062134 sup_loss_0: 13.946813583374023 
DEBUG:root:Epoch: 1144 Loss: -5.776677131652832 accuracy: 24.3896484375 sim: 0 mscr: 28.65478515625 nes: 170.89583333333331ori_Loss :3.981743097305298 sup_loss_0: 13.942754745483398 
DEBUG:root:Epoch: 1145 Loss: -5.772871017456055 accuracy: 25.341796875 sim: 0 mscr: 28.63818359375 nes: 170.9375ori_Loss :4.081129550933838 sup_loss_0: 13.961627960205078 
DEBUG:root:Epoch: 1146 Loss: -5.781618118286133 accuracy: 24.755859375 sim: 0 mscr: 28.68701171875 nes: 170.91666666666663ori_Loss :4.050461292266846 sup_loss_0: 14.00037956237793 
DEBUG:root:Epoch: 1147 Loss: -5.774450302124023 accuracy: 24.9755859375 sim: 0 mscr: 28.662353515625 nes: 170.9375ori_Loss :3.8245632648468018 sup_loss_0: 13.805569648742676 
DEBUG:root:Epoch: 1148 Loss: -5.786152362823486 accuracy: 24.951171875 sim: 0 mscr: 28.796630859375 nes: 170.91666666666666ori_Loss :3.958536386489868 sup_loss_0: 13.964062690734863 
DEBUG:root:Epoch: 1149 Loss: -5.777448654174805 accuracy: 25.390625 sim: 0 mscr: 28.741455078125 nes: 170.85416666666666ori_Loss :4.0252180099487305 sup_loss_0: 13.947714805603027 
DEBUG:root:Epoch: 1150 Loss: -5.778111934661865 accuracy: 26.3427734375 sim: 0 mscr: 28.63525390625 nes: 170.9375ori_Loss :3.9963510036468506 sup_loss_0: 13.945198059082031 
DEBUG:root:Epoch: 1151 Loss: -5.782591819763184 accuracy: 25.634765625 sim: 0 mscr: 28.655517578125 nes: 170.95833333333331ori_Loss :3.9531984329223633 sup_loss_0: 13.963887214660645 
DEBUG:root:Epoch: 1152 Loss: -5.773139476776123 accuracy: 26.6357421875 sim: 0 mscr: 28.644287109375 nes: 170.8125ori_Loss :3.9847466945648193 sup_loss_0: 13.908370971679688 
DEBUG:root:Epoch: 1153 Loss: -5.778660774230957 accuracy: 25.9765625 sim: 0 mscr: 28.832763671875 nes: 170.85416666666663ori_Loss :3.9376931190490723 sup_loss_0: 13.889001846313477 
DEBUG:root:Epoch: 1154 Loss: -5.798371315002441 accuracy: 25.8544921875 sim: 0 mscr: 28.629638671875 nes: 170.91666666666666ori_Loss :4.004525184631348 sup_loss_0: 13.96155071258545 
DEBUG:root:Epoch: 1155 Loss: -5.773618221282959 accuracy: 25.5859375 sim: 0 mscr: 28.665771484375 nes: 170.9375ori_Loss :4.068249702453613 sup_loss_0: 14.0112943649292 
DEBUG:root:Epoch: 1156 Loss: -5.780990123748779 accuracy: 25.2197265625 sim: 0 mscr: 28.704833984375 nes: 170.97916666666666ori_Loss :3.981658935546875 sup_loss_0: 13.903746604919434 
DEBUG:root:Epoch: 1157 Loss: -5.782026767730713 accuracy: 24.7314453125 sim: 0 mscr: 28.80908203125 nes: 170.91666666666666ori_Loss :4.035262584686279 sup_loss_0: 13.894023895263672 
DEBUG:root:Epoch: 1158 Loss: -5.788496971130371 accuracy: 25.244140625 sim: 0 mscr: 28.647216796875 nes: 170.91666666666669ori_Loss :4.03459358215332 sup_loss_0: 13.99111270904541 
DEBUG:root:Epoch: 1159 Loss: -5.772125720977783 accuracy: 24.70703125 sim: 0 mscr: 28.680908203125 nes: 170.93749999999997ori_Loss :3.962179660797119 sup_loss_0: 13.96574878692627 
DEBUG:root:Epoch: 1160 Loss: -5.780608177185059 accuracy: 25.341796875 sim: 0 mscr: 28.684326171875 nes: 170.97916666666666ori_Loss :3.9527366161346436 sup_loss_0: 13.946670532226562 
DEBUG:root:Epoch: 1161 Loss: -5.783173084259033 accuracy: 25.3173828125 sim: 0 mscr: 28.718017578125 nes: 170.91666666666669ori_Loss :3.9512078762054443 sup_loss_0: 13.935464859008789 
DEBUG:root:Epoch: 1162 Loss: -5.785679340362549 accuracy: 25.1220703125 sim: 0 mscr: 28.6513671875 nes: 170.97916666666666ori_Loss :4.045231819152832 sup_loss_0: 13.978470802307129 
DEBUG:root:Epoch: 1163 Loss: -5.770998477935791 accuracy: 25.5615234375 sim: 0 mscr: 28.79931640625 nes: 170.9375ori_Loss :3.974369764328003 sup_loss_0: 13.933948516845703 
DEBUG:root:Epoch: 1164 Loss: -5.786802768707275 accuracy: 24.853515625 sim: 0 mscr: 28.740478515625 nes: 170.91666666666669ori_Loss :3.9255917072296143 sup_loss_0: 13.81704330444336 
DEBUG:root:Epoch: 1165 Loss: -5.791528701782227 accuracy: 26.26953125 sim: 0 mscr: 28.66015625 nes: 170.85416666666666ori_Loss :3.8978447914123535 sup_loss_0: 13.833696365356445 
DEBUG:root:Epoch: 1166 Loss: -5.7788825035095215 accuracy: 25.3662109375 sim: 0 mscr: 28.564208984375 nes: 170.85416666666666ori_Loss :4.030447483062744 sup_loss_0: 13.966135025024414 
DEBUG:root:Epoch: 1167 Loss: -5.778271198272705 accuracy: 24.7314453125 sim: 0 mscr: 28.7509765625 nes: 170.8958333333333ori_Loss :4.036320209503174 sup_loss_0: 13.961262702941895 
DEBUG:root:Epoch: 1168 Loss: -5.778021812438965 accuracy: 25.634765625 sim: 0 mscr: 28.71142578125 nes: 170.9375ori_Loss :4.021875381469727 sup_loss_0: 13.995076179504395 
DEBUG:root:Epoch: 1169 Loss: -5.781976699829102 accuracy: 25.1220703125 sim: 0 mscr: 28.614501953125 nes: 170.91666666666669ori_Loss :3.988069772720337 sup_loss_0: 13.946884155273438 
DEBUG:root:Epoch: 1170 Loss: -5.789846897125244 accuracy: 25.2197265625 sim: 0 mscr: 28.749267578125 nes: 170.91666666666666ori_Loss :3.936825752258301 sup_loss_0: 13.909951210021973 
DEBUG:root:Epoch: 1171 Loss: -5.791713714599609 accuracy: 26.0498046875 sim: 0 mscr: 28.773193359375 nes: 170.97916666666669ori_Loss :4.090775966644287 sup_loss_0: 14.001176834106445 
DEBUG:root:Epoch: 1172 Loss: -5.794727325439453 accuracy: 26.0986328125 sim: 0 mscr: 28.6220703125 nes: 170.95833333333331ori_Loss :4.018352508544922 sup_loss_0: 13.999589920043945 
DEBUG:root:Epoch: 1173 Loss: -5.787572383880615 accuracy: 25.68359375 sim: 0 mscr: 28.704345703125 nes: 170.9375ori_Loss :3.986656904220581 sup_loss_0: 13.931243896484375 
DEBUG:root:Epoch: 1174 Loss: -5.798562526702881 accuracy: 25.2685546875 sim: 0 mscr: 28.783935546875 nes: 170.89583333333331ori_Loss :3.9035158157348633 sup_loss_0: 13.903127670288086 
DEBUG:root:Epoch: 1175 Loss: -5.786360263824463 accuracy: 25.29296875 sim: 0 mscr: 28.644775390625 nes: 170.95833333333334ori_Loss :3.8661699295043945 sup_loss_0: 13.88038158416748 
DEBUG:root:Epoch: 1176 Loss: -5.788114070892334 accuracy: 26.025390625 sim: 0 mscr: 28.803466796875 nes: 170.89583333333334ori_Loss :3.984257936477661 sup_loss_0: 13.937670707702637 
DEBUG:root:Epoch: 1177 Loss: -5.796247959136963 accuracy: 26.171875 sim: 0 mscr: 28.6875 nes: 170.97916666666669ori_Loss :3.807762384414673 sup_loss_0: 13.856606483459473 
DEBUG:root:Epoch: 1178 Loss: -5.783860683441162 accuracy: 26.1474609375 sim: 0 mscr: 28.641845703125 nes: 170.91666666666663ori_Loss :3.917105197906494 sup_loss_0: 13.881268501281738 
DEBUG:root:Epoch: 1179 Loss: -5.784521102905273 accuracy: 26.2939453125 sim: 0 mscr: 28.59375 nes: 170.89583333333334ori_Loss :3.9286816120147705 sup_loss_0: 13.873185157775879 
DEBUG:root:Epoch: 1180 Loss: -5.779195308685303 accuracy: 25.3173828125 sim: 0 mscr: 28.795654296875 nes: 170.9375ori_Loss :4.038419723510742 sup_loss_0: 13.91433334350586 
DEBUG:root:Epoch: 1181 Loss: -5.776219844818115 accuracy: 25.7080078125 sim: 0 mscr: 28.56787109375 nes: 170.91666666666669ori_Loss :3.960763454437256 sup_loss_0: 13.881288528442383 
DEBUG:root:Epoch: 1182 Loss: -5.778837203979492 accuracy: 24.560546875 sim: 0 mscr: 28.7734375 nes: 170.9375ori_Loss :3.988636016845703 sup_loss_0: 13.922476768493652 
DEBUG:root:Epoch: 1183 Loss: -5.789648056030273 accuracy: 25.732421875 sim: 0 mscr: 28.715087890625 nes: 170.89583333333334ori_Loss :4.007205963134766 sup_loss_0: 13.941301345825195 
DEBUG:root:Epoch: 1184 Loss: -5.796714782714844 accuracy: 26.220703125 sim: 0 mscr: 28.7744140625 nes: 170.89583333333334ori_Loss :3.8613204956054688 sup_loss_0: 13.859482765197754 
DEBUG:root:Epoch: 1185 Loss: -5.7932257652282715 accuracy: 26.2939453125 sim: 0 mscr: 28.675048828125 nes: 170.91666666666666ori_Loss :3.956984519958496 sup_loss_0: 13.934432983398438 
DEBUG:root:Epoch: 1186 Loss: -5.79686975479126 accuracy: 24.90234375 sim: 0 mscr: 28.722900390625 nes: 170.89583333333331ori_Loss :4.031918048858643 sup_loss_0: 13.96751594543457 
DEBUG:root:Epoch: 1187 Loss: -5.7840752601623535 accuracy: 25.87890625 sim: 0 mscr: 28.608642578125 nes: 170.95833333333331ori_Loss :3.9210731983184814 sup_loss_0: 13.914769172668457 
DEBUG:root:Epoch: 1188 Loss: -5.784923553466797 accuracy: 25.5126953125 sim: 0 mscr: 28.655029296875 nes: 170.9375ori_Loss :3.9678046703338623 sup_loss_0: 13.934736251831055 
DEBUG:root:Epoch: 1189 Loss: -5.7935566902160645 accuracy: 26.3671875 sim: 0 mscr: 28.727783203125 nes: 170.93749999999997ori_Loss :4.089977741241455 sup_loss_0: 13.994510650634766 
DEBUG:root:Epoch: 1190 Loss: -5.796873569488525 accuracy: 25.9033203125 sim: 0 mscr: 28.590087890625 nes: 170.875ori_Loss :4.027247428894043 sup_loss_0: 13.977025985717773 
DEBUG:root:Epoch: 1191 Loss: -5.795183181762695 accuracy: 25.09765625 sim: 0 mscr: 28.6181640625 nes: 170.91666666666666ori_Loss :3.9441277980804443 sup_loss_0: 13.899450302124023 
DEBUG:root:Epoch: 1192 Loss: -5.7803192138671875 accuracy: 25.927734375 sim: 0 mscr: 28.6240234375 nes: 170.89583333333331ori_Loss :3.949995756149292 sup_loss_0: 13.930469512939453 
DEBUG:root:Epoch: 1193 Loss: -5.795171737670898 accuracy: 25.0244140625 sim: 0 mscr: 28.81201171875 nes: 170.95833333333331ori_Loss :3.9480178356170654 sup_loss_0: 13.93857192993164 
DEBUG:root:Epoch: 1194 Loss: -5.774386882781982 accuracy: 25.5126953125 sim: 0 mscr: 28.63525390625 nes: 170.87499999999997ori_Loss :3.9655089378356934 sup_loss_0: 13.940999984741211 
DEBUG:root:Epoch: 1195 Loss: -5.784178733825684 accuracy: 26.171875 sim: 0 mscr: 28.715087890625 nes: 170.9375ori_Loss :3.941261053085327 sup_loss_0: 13.952234268188477 
DEBUG:root:Epoch: 1196 Loss: -5.780634880065918 accuracy: 25.5859375 sim: 0 mscr: 28.7333984375 nes: 170.81249999999997ori_Loss :3.9849984645843506 sup_loss_0: 13.989409446716309 
DEBUG:root:Epoch: 1197 Loss: -5.7864603996276855 accuracy: 25.7568359375 sim: 0 mscr: 28.6572265625 nes: 170.9375ori_Loss :3.992053985595703 sup_loss_0: 13.985679626464844 
DEBUG:root:Epoch: 1198 Loss: -5.789955139160156 accuracy: 25.9765625 sim: 0 mscr: 28.77783203125 nes: 170.95833333333334ori_Loss :3.974165916442871 sup_loss_0: 13.902063369750977 
DEBUG:root:Epoch: 1199 Loss: -5.781238079071045 accuracy: 25.7080078125 sim: 0 mscr: 28.753173828125 nes: 170.8125ori_Loss :3.9450182914733887 sup_loss_0: 13.920608520507812 
DEBUG:root:Epoch: 1200 Loss: -5.790588855743408 accuracy: 25.439453125 sim: 0 mscr: 28.81005859375 nes: 170.85416666666666ori_Loss :4.00705099105835 sup_loss_0: 13.964071273803711 
DEBUG:root:Epoch: 1201 Loss: -5.777026653289795 accuracy: 26.6845703125 sim: 0 mscr: 28.765380859375 nes: 170.95833333333334ori_Loss :4.034399032592773 sup_loss_0: 13.941699981689453 
DEBUG:root:Epoch: 1202 Loss: -5.777929782867432 accuracy: 26.0986328125 sim: 0 mscr: 28.67919921875 nes: 170.9375ori_Loss :4.005597114562988 sup_loss_0: 13.938596725463867 
DEBUG:root:Epoch: 1203 Loss: -5.805402755737305 accuracy: 26.025390625 sim: 0 mscr: 28.74267578125 nes: 170.93749999999997ori_Loss :3.9742164611816406 sup_loss_0: 13.93229866027832 
DEBUG:root:Epoch: 1204 Loss: -5.788679122924805 accuracy: 25.87890625 sim: 0 mscr: 28.722900390625 nes: 170.91666666666666ori_Loss :3.9148664474487305 sup_loss_0: 13.890752792358398 
DEBUG:root:Epoch: 1205 Loss: -5.787075996398926 accuracy: 25.8056640625 sim: 0 mscr: 28.771240234375 nes: 170.875ori_Loss :3.9350030422210693 sup_loss_0: 13.87940788269043 
DEBUG:root:Epoch: 1206 Loss: -5.7943315505981445 accuracy: 25.830078125 sim: 0 mscr: 28.772705078125 nes: 170.97916666666666ori_Loss :3.9370405673980713 sup_loss_0: 13.91041088104248 
DEBUG:root:Epoch: 1207 Loss: -5.795243263244629 accuracy: 26.0009765625 sim: 0 mscr: 28.723388671875 nes: 170.89583333333331ori_Loss :3.9069128036499023 sup_loss_0: 13.894774436950684 
DEBUG:root:Epoch: 1208 Loss: -5.802066802978516 accuracy: 25.439453125 sim: 0 mscr: 28.79638671875 nes: 170.91666666666666ori_Loss :3.86666202545166 sup_loss_0: 13.849946975708008 
DEBUG:root:Epoch: 1209 Loss: -5.793422698974609 accuracy: 26.611328125 sim: 0 mscr: 28.7451171875 nes: 170.97916666666666ori_Loss :3.860318183898926 sup_loss_0: 13.830476760864258 
DEBUG:root:Epoch: 1210 Loss: -5.796247959136963 accuracy: 25.732421875 sim: 0 mscr: 28.68212890625 nes: 170.875ori_Loss :3.9558725357055664 sup_loss_0: 13.977371215820312 
DEBUG:root:Epoch: 1211 Loss: -5.795542240142822 accuracy: 26.3427734375 sim: 0 mscr: 28.6953125 nes: 170.89583333333331ori_Loss :3.8927433490753174 sup_loss_0: 13.897847175598145 
DEBUG:root:Epoch: 1212 Loss: -5.793559551239014 accuracy: 25.048828125 sim: 0 mscr: 28.56591796875 nes: 170.9375ori_Loss :3.964188814163208 sup_loss_0: 13.90736198425293 
DEBUG:root:Epoch: 1213 Loss: -5.786752700805664 accuracy: 26.0986328125 sim: 0 mscr: 28.665283203125 nes: 170.89583333333331ori_Loss :3.991204023361206 sup_loss_0: 13.970233917236328 
DEBUG:root:Epoch: 1214 Loss: -5.807277202606201 accuracy: 26.953125 sim: 0 mscr: 28.729248046875 nes: 170.95833333333334ori_Loss :3.8818187713623047 sup_loss_0: 13.836708068847656 
DEBUG:root:Epoch: 1215 Loss: -5.791501522064209 accuracy: 26.6845703125 sim: 0 mscr: 28.8271484375 nes: 170.87499999999997ori_Loss :3.855750322341919 sup_loss_0: 13.859933853149414 
DEBUG:root:Epoch: 1216 Loss: -5.801094055175781 accuracy: 26.0986328125 sim: 0 mscr: 28.75537109375 nes: 170.97916666666666ori_Loss :3.9835405349731445 sup_loss_0: 13.948671340942383 
DEBUG:root:Epoch: 1217 Loss: -5.803924560546875 accuracy: 26.171875 sim: 0 mscr: 28.6357421875 nes: 170.89583333333331ori_Loss :3.9198427200317383 sup_loss_0: 13.915945053100586 
DEBUG:root:Epoch: 1218 Loss: -5.7921013832092285 accuracy: 26.7578125 sim: 0 mscr: 28.774169921875 nes: 170.91666666666666ori_Loss :3.9630701541900635 sup_loss_0: 13.922246932983398 
DEBUG:root:Epoch: 1219 Loss: -5.793625831604004 accuracy: 27.5634765625 sim: 0 mscr: 28.845947265625 nes: 170.91666666666669ori_Loss :3.879441976547241 sup_loss_0: 13.873737335205078 
DEBUG:root:Epoch: 1220 Loss: -5.7941203117370605 accuracy: 26.07421875 sim: 0 mscr: 28.702392578125 nes: 170.9375ori_Loss :3.999857187271118 sup_loss_0: 13.944849014282227 
DEBUG:root:Epoch: 1221 Loss: -5.798758506774902 accuracy: 26.3671875 sim: 0 mscr: 28.706787109375 nes: 170.95833333333331ori_Loss :3.958472490310669 sup_loss_0: 13.943496704101562 
DEBUG:root:Epoch: 1222 Loss: -5.794034481048584 accuracy: 27.4658203125 sim: 0 mscr: 28.645263671875 nes: 170.93749999999997ori_Loss :3.910646915435791 sup_loss_0: 13.84439468383789 
DEBUG:root:Epoch: 1223 Loss: -5.79507303237915 accuracy: 26.07421875 sim: 0 mscr: 28.79736328125 nes: 170.875ori_Loss :3.846219778060913 sup_loss_0: 13.824201583862305 
DEBUG:root:Epoch: 1224 Loss: -5.796539306640625 accuracy: 26.5869140625 sim: 0 mscr: 28.75927734375 nes: 170.95833333333331ori_Loss :4.0374345779418945 sup_loss_0: 14.030067443847656 
DEBUG:root:Epoch: 1225 Loss: -5.800126075744629 accuracy: 27.05078125 sim: 0 mscr: 28.70556640625 nes: 170.91666666666666ori_Loss :3.866847276687622 sup_loss_0: 13.86329174041748 
DEBUG:root:Epoch: 1226 Loss: -5.790188312530518 accuracy: 26.66015625 sim: 0 mscr: 28.716064453125 nes: 170.93749999999997ori_Loss :3.8300259113311768 sup_loss_0: 13.767436981201172 
DEBUG:root:Epoch: 1227 Loss: -5.786686897277832 accuracy: 27.1240234375 sim: 0 mscr: 28.735595703125 nes: 170.95833333333334ori_Loss :4.088270664215088 sup_loss_0: 13.956232070922852 
DEBUG:root:Epoch: 1228 Loss: -5.795995235443115 accuracy: 25.830078125 sim: 0 mscr: 28.6640625 nes: 170.89583333333334ori_Loss :3.9241695404052734 sup_loss_0: 13.92464828491211 
DEBUG:root:Epoch: 1229 Loss: -5.809634685516357 accuracy: 27.5390625 sim: 0 mscr: 28.708251953125 nes: 170.87499999999997ori_Loss :3.9171102046966553 sup_loss_0: 13.90113639831543 
DEBUG:root:Epoch: 1230 Loss: -5.777318477630615 accuracy: 25.244140625 sim: 0 mscr: 28.775390625 nes: 170.95833333333331ori_Loss :4.049119472503662 sup_loss_0: 13.918235778808594 
DEBUG:root:Epoch: 1231 Loss: -5.788575649261475 accuracy: 26.66015625 sim: 0 mscr: 28.773193359375 nes: 170.91666666666666ori_Loss :3.8897409439086914 sup_loss_0: 13.838748931884766 
DEBUG:root:Epoch: 1232 Loss: -5.798644542694092 accuracy: 26.7333984375 sim: 0 mscr: 28.72021484375 nes: 170.85416666666666ori_Loss :3.977755546569824 sup_loss_0: 13.961636543273926 
DEBUG:root:Epoch: 1233 Loss: -5.796346187591553 accuracy: 26.2451171875 sim: 0 mscr: 28.732666015625 nes: 170.89583333333331ori_Loss :3.8735191822052 sup_loss_0: 13.809802055358887 
DEBUG:root:Epoch: 1234 Loss: -5.795340061187744 accuracy: 27.34375 sim: 0 mscr: 28.625244140625 nes: 170.97916666666669ori_Loss :3.864872932434082 sup_loss_0: 13.846564292907715 
DEBUG:root:Epoch: 1235 Loss: -5.792900562286377 accuracy: 25.9033203125 sim: 0 mscr: 28.821044921875 nes: 170.93749999999997ori_Loss :3.9288511276245117 sup_loss_0: 13.944644927978516 
DEBUG:root:Epoch: 1236 Loss: -5.792854309082031 accuracy: 26.66015625 sim: 0 mscr: 28.6484375 nes: 170.875ori_Loss :3.9085044860839844 sup_loss_0: 13.862548828125 
DEBUG:root:Epoch: 1237 Loss: -5.783443450927734 accuracy: 25.9033203125 sim: 0 mscr: 28.827880859375 nes: 170.89583333333331ori_Loss :3.906245470046997 sup_loss_0: 13.819698333740234 
DEBUG:root:Epoch: 1238 Loss: -5.807730197906494 accuracy: 26.07421875 sim: 0 mscr: 28.751708984375 nes: 170.9375ori_Loss :4.008724212646484 sup_loss_0: 13.945449829101562 
DEBUG:root:Epoch: 1239 Loss: -5.802055358886719 accuracy: 27.1728515625 sim: 0 mscr: 28.735107421875 nes: 170.9375ori_Loss :3.9296863079071045 sup_loss_0: 13.91630744934082 
DEBUG:root:Epoch: 1240 Loss: -5.802616596221924 accuracy: 26.7822265625 sim: 0 mscr: 28.712158203125 nes: 170.95833333333334ori_Loss :3.9384045600891113 sup_loss_0: 13.894654273986816 
DEBUG:root:Epoch: 1241 Loss: -5.787813663482666 accuracy: 26.1474609375 sim: 0 mscr: 28.733154296875 nes: 170.9375ori_Loss :3.9405019283294678 sup_loss_0: 13.92759895324707 
DEBUG:root:Epoch: 1242 Loss: -5.7974653244018555 accuracy: 26.025390625 sim: 0 mscr: 28.556396484375 nes: 170.95833333333331ori_Loss :3.9006500244140625 sup_loss_0: 13.921039581298828 
DEBUG:root:Epoch: 1243 Loss: -5.7909932136535645 accuracy: 25.9765625 sim: 0 mscr: 28.69189453125 nes: 170.89583333333334ori_Loss :3.9148449897766113 sup_loss_0: 13.836814880371094 
DEBUG:root:Epoch: 1244 Loss: -5.792140960693359 accuracy: 26.220703125 sim: 0 mscr: 28.668212890625 nes: 170.9375ori_Loss :3.8255958557128906 sup_loss_0: 13.79956340789795 
DEBUG:root:Epoch: 1245 Loss: -5.806212902069092 accuracy: 26.7578125 sim: 0 mscr: 28.7119140625 nes: 170.89583333333334ori_Loss :3.965233087539673 sup_loss_0: 13.965642929077148 
DEBUG:root:Epoch: 1246 Loss: -5.810917854309082 accuracy: 27.9541015625 sim: 0 mscr: 28.708251953125 nes: 170.89583333333331ori_Loss :3.899399757385254 sup_loss_0: 13.831879615783691 
DEBUG:root:Epoch: 1247 Loss: -5.802915096282959 accuracy: 26.513671875 sim: 0 mscr: 28.72314453125 nes: 170.91666666666666ori_Loss :3.9765491485595703 sup_loss_0: 13.965619087219238 
DEBUG:root:Epoch: 1248 Loss: -5.806704521179199 accuracy: 26.806640625 sim: 0 mscr: 28.61376953125 nes: 170.83333333333331ori_Loss :3.79858660697937 sup_loss_0: 13.830767631530762 
DEBUG:root:Epoch: 1249 Loss: -5.8126115798950195 accuracy: 27.63671875 sim: 0 mscr: 28.682861328125 nes: 170.91666666666669ori_Loss :3.947197198867798 sup_loss_0: 13.875849723815918 
DEBUG:root:Epoch: 1250 Loss: -5.8053083419799805 accuracy: 27.6123046875 sim: 0 mscr: 28.72119140625 nes: 170.93749999999997ori_Loss :3.998741865158081 sup_loss_0: 13.964639663696289 
DEBUG:root:Epoch: 1251 Loss: -5.8080291748046875 accuracy: 27.1240234375 sim: 0 mscr: 28.6669921875 nes: 170.91666666666666ori_Loss :3.9715754985809326 sup_loss_0: 13.96782112121582 
DEBUG:root:Epoch: 1252 Loss: -5.797515869140625 accuracy: 27.294921875 sim: 0 mscr: 28.7080078125 nes: 170.91666666666666ori_Loss :3.882205009460449 sup_loss_0: 13.828639030456543 
DEBUG:root:Epoch: 1253 Loss: -5.8068623542785645 accuracy: 27.294921875 sim: 0 mscr: 28.673095703125 nes: 170.9375ori_Loss :3.915070056915283 sup_loss_0: 13.866680145263672 
DEBUG:root:Epoch: 1254 Loss: -5.783295631408691 accuracy: 26.3671875 sim: 0 mscr: 28.598876953125 nes: 170.91666666666663ori_Loss :3.9117536544799805 sup_loss_0: 13.812755584716797 
DEBUG:root:Epoch: 1255 Loss: -5.793110370635986 accuracy: 27.294921875 sim: 0 mscr: 28.703857421875 nes: 170.95833333333331ori_Loss :3.9691011905670166 sup_loss_0: 13.875783920288086 
DEBUG:root:Epoch: 1256 Loss: -5.800817489624023 accuracy: 26.1474609375 sim: 0 mscr: 28.55322265625 nes: 170.91666666666663ori_Loss :4.079180717468262 sup_loss_0: 13.965441703796387 
DEBUG:root:Epoch: 1257 Loss: -5.814161777496338 accuracy: 27.24609375 sim: 0 mscr: 28.690673828125 nes: 170.89583333333334ori_Loss :4.058295249938965 sup_loss_0: 13.975996971130371 
DEBUG:root:Epoch: 1258 Loss: -5.797851085662842 accuracy: 27.63671875 sim: 0 mscr: 28.824951171875 nes: 170.85416666666663ori_Loss :3.9591500759124756 sup_loss_0: 13.86988639831543 
DEBUG:root:Epoch: 1259 Loss: -5.8081955909729 accuracy: 27.3681640625 sim: 0 mscr: 28.6279296875 nes: 170.875ori_Loss :4.0258307456970215 sup_loss_0: 13.927458763122559 
DEBUG:root:Epoch: 1260 Loss: -5.8083086013793945 accuracy: 26.953125 sim: 0 mscr: 28.6669921875 nes: 170.97916666666666ori_Loss :3.8651769161224365 sup_loss_0: 13.869678497314453 
DEBUG:root:Epoch: 1261 Loss: -5.814212322235107 accuracy: 26.2451171875 sim: 0 mscr: 28.832763671875 nes: 170.91666666666669ori_Loss :3.948361873626709 sup_loss_0: 13.936590194702148 
DEBUG:root:Epoch: 1262 Loss: -5.8101677894592285 accuracy: 25.5126953125 sim: 0 mscr: 28.79248046875 nes: 170.89583333333331ori_Loss :3.832704544067383 sup_loss_0: 13.812986373901367 
DEBUG:root:Epoch: 1263 Loss: -5.797021389007568 accuracy: 27.7099609375 sim: 0 mscr: 28.566162109375 nes: 170.9375ori_Loss :3.921400308609009 sup_loss_0: 13.916011810302734 
DEBUG:root:Epoch: 1264 Loss: -5.788546562194824 accuracy: 25.341796875 sim: 0 mscr: 28.672119140625 nes: 170.93749999999997ori_Loss :3.9671735763549805 sup_loss_0: 13.945929527282715 
DEBUG:root:Epoch: 1265 Loss: -5.80816650390625 accuracy: 28.1982421875 sim: 0 mscr: 28.80029296875 nes: 170.87499999999997ori_Loss :3.9311389923095703 sup_loss_0: 13.884798049926758 
DEBUG:root:Epoch: 1266 Loss: -5.803816318511963 accuracy: 26.5869140625 sim: 0 mscr: 28.637939453125 nes: 170.89583333333331ori_Loss :3.8816909790039062 sup_loss_0: 13.842867851257324 
DEBUG:root:Epoch: 1267 Loss: -5.806125640869141 accuracy: 27.9541015625 sim: 0 mscr: 28.648681640625 nes: 170.89583333333331ori_Loss :3.8337936401367188 sup_loss_0: 13.849854469299316 
DEBUG:root:Epoch: 1268 Loss: -5.789350509643555 accuracy: 25.927734375 sim: 0 mscr: 28.693359375 nes: 170.95833333333334ori_Loss :3.9024031162261963 sup_loss_0: 13.862770080566406 
DEBUG:root:Epoch: 1269 Loss: -5.809511184692383 accuracy: 28.0029296875 sim: 0 mscr: 28.625 nes: 170.95833333333331ori_Loss :3.8533785343170166 sup_loss_0: 13.760927200317383 
DEBUG:root:Epoch: 1270 Loss: -5.798947811126709 accuracy: 26.7578125 sim: 0 mscr: 28.7138671875 nes: 170.77083333333331ori_Loss :3.8630740642547607 sup_loss_0: 13.801313400268555 
DEBUG:root:Epoch: 1271 Loss: -5.80633544921875 accuracy: 26.7333984375 sim: 0 mscr: 28.5947265625 nes: 170.93749999999997ori_Loss :3.844525098800659 sup_loss_0: 13.830448150634766 
DEBUG:root:Epoch: 1272 Loss: -5.813675403594971 accuracy: 27.2216796875 sim: 0 mscr: 28.708984375 nes: 170.95833333333331ori_Loss :3.851870536804199 sup_loss_0: 13.864301681518555 
DEBUG:root:Epoch: 1273 Loss: -5.819351673126221 accuracy: 27.1484375 sim: 0 mscr: 28.7734375 nes: 170.91666666666663ori_Loss :3.8004813194274902 sup_loss_0: 13.817672729492188 
DEBUG:root:Epoch: 1274 Loss: -5.805649280548096 accuracy: 28.41796875 sim: 0 mscr: 28.8037109375 nes: 170.93749999999997ori_Loss :3.8939976692199707 sup_loss_0: 13.907554626464844 
DEBUG:root:Epoch: 1275 Loss: -5.805624961853027 accuracy: 27.05078125 sim: 0 mscr: 28.685302734375 nes: 170.95833333333334ori_Loss :3.914750814437866 sup_loss_0: 13.874939918518066 
DEBUG:root:Epoch: 1276 Loss: -5.808315277099609 accuracy: 26.5869140625 sim: 0 mscr: 28.634033203125 nes: 170.95833333333331ori_Loss :3.9142470359802246 sup_loss_0: 13.906148910522461 
DEBUG:root:Epoch: 1277 Loss: -5.797580718994141 accuracy: 27.4169921875 sim: 0 mscr: 28.752197265625 nes: 170.85416666666663ori_Loss :3.9650604724884033 sup_loss_0: 13.891748428344727 
DEBUG:root:Epoch: 1278 Loss: -5.802601337432861 accuracy: 26.0498046875 sim: 0 mscr: 28.758056640625 nes: 170.91666666666666ori_Loss :3.8915116786956787 sup_loss_0: 13.875301361083984 
DEBUG:root:Epoch: 1279 Loss: -5.789291858673096 accuracy: 26.318359375 sim: 0 mscr: 28.777099609375 nes: 170.875ori_Loss :3.8964107036590576 sup_loss_0: 13.788154602050781 
DEBUG:root:Epoch: 1280 Loss: -5.810948371887207 accuracy: 27.3193359375 sim: 0 mscr: 28.696044921875 nes: 170.95833333333331ori_Loss :4.099124908447266 sup_loss_0: 14.02385425567627 
DEBUG:root:Epoch: 1281 Loss: -5.81638765335083 accuracy: 27.05078125 sim: 0 mscr: 28.73193359375 nes: 170.9375ori_Loss :3.803715229034424 sup_loss_0: 13.74899673461914 
DEBUG:root:Epoch: 1282 Loss: -5.820610046386719 accuracy: 27.0263671875 sim: 0 mscr: 28.666015625 nes: 170.9375ori_Loss :3.7939696311950684 sup_loss_0: 13.775533676147461 
DEBUG:root:Epoch: 1283 Loss: -5.810627460479736 accuracy: 28.2470703125 sim: 0 mscr: 28.66259765625 nes: 170.93749999999997ori_Loss :3.991835594177246 sup_loss_0: 13.913494110107422 
DEBUG:root:Epoch: 1284 Loss: -5.801369667053223 accuracy: 26.904296875 sim: 0 mscr: 28.642578125 nes: 170.95833333333331ori_Loss :3.8419811725616455 sup_loss_0: 13.835968971252441 
DEBUG:root:Epoch: 1285 Loss: -5.808835029602051 accuracy: 27.685546875 sim: 0 mscr: 28.74951171875 nes: 170.91666666666669ori_Loss :3.881465435028076 sup_loss_0: 13.852249145507812 
DEBUG:root:Epoch: 1286 Loss: -5.806123733520508 accuracy: 26.4404296875 sim: 0 mscr: 28.636962890625 nes: 170.95833333333331ori_Loss :3.7725305557250977 sup_loss_0: 13.790250778198242 
DEBUG:root:Epoch: 1287 Loss: -5.804664134979248 accuracy: 28.02734375 sim: 0 mscr: 28.82763671875 nes: 170.9375ori_Loss :3.8053226470947266 sup_loss_0: 13.778169631958008 
DEBUG:root:Epoch: 1288 Loss: -5.805408954620361 accuracy: 26.5625 sim: 0 mscr: 28.664794921875 nes: 170.875ori_Loss :3.812760829925537 sup_loss_0: 13.837244033813477 
DEBUG:root:Epoch: 1289 Loss: -5.820221900939941 accuracy: 27.2705078125 sim: 0 mscr: 28.735107421875 nes: 170.89583333333334ori_Loss :3.8821499347686768 sup_loss_0: 13.874933242797852 
DEBUG:root:Epoch: 1290 Loss: -5.7994818687438965 accuracy: 27.1728515625 sim: 0 mscr: 28.69873046875 nes: 170.85416666666666ori_Loss :3.818347454071045 sup_loss_0: 13.827885627746582 
DEBUG:root:Epoch: 1291 Loss: -5.8120927810668945 accuracy: 27.6611328125 sim: 0 mscr: 28.712158203125 nes: 170.91666666666663ori_Loss :3.858147621154785 sup_loss_0: 13.827066421508789 
DEBUG:root:Epoch: 1292 Loss: -5.80322265625 accuracy: 26.9287109375 sim: 0 mscr: 28.681640625 nes: 170.95833333333331ori_Loss :3.9365832805633545 sup_loss_0: 13.906068801879883 
DEBUG:root:Epoch: 1293 Loss: -5.812071800231934 accuracy: 26.85546875 sim: 0 mscr: 28.676025390625 nes: 170.91666666666666ori_Loss :3.9313199520111084 sup_loss_0: 13.910895347595215 
DEBUG:root:Epoch: 1294 Loss: -5.808939456939697 accuracy: 26.8798828125 sim: 0 mscr: 28.7431640625 nes: 170.89583333333331ori_Loss :3.8502697944641113 sup_loss_0: 13.832195281982422 
DEBUG:root:Epoch: 1295 Loss: -5.8029632568359375 accuracy: 26.416015625 sim: 0 mscr: 28.78173828125 nes: 170.95833333333334ori_Loss :4.062532901763916 sup_loss_0: 13.911806106567383 
DEBUG:root:Epoch: 1296 Loss: -5.806911945343018 accuracy: 27.0263671875 sim: 0 mscr: 28.726318359375 nes: 170.9375ori_Loss :3.8586907386779785 sup_loss_0: 13.855427742004395 
DEBUG:root:Epoch: 1297 Loss: -5.808870315551758 accuracy: 26.8798828125 sim: 0 mscr: 28.7265625 nes: 170.95833333333334ori_Loss :3.8990821838378906 sup_loss_0: 13.892977714538574 
DEBUG:root:Epoch: 1298 Loss: -5.812914848327637 accuracy: 26.2939453125 sim: 0 mscr: 28.741455078125 nes: 170.875ori_Loss :3.871647834777832 sup_loss_0: 13.853571891784668 
DEBUG:root:Epoch: 1299 Loss: -5.806508541107178 accuracy: 27.5146484375 sim: 0 mscr: 28.66748046875 nes: 170.91666666666669ori_Loss :3.9184608459472656 sup_loss_0: 13.881690979003906 
DEBUG:root:Epoch: 1300 Loss: -5.818669319152832 accuracy: 27.2705078125 sim: 0 mscr: 28.708984375 nes: 170.85416666666666ori_Loss :3.8784990310668945 sup_loss_0: 13.869848251342773 
DEBUG:root:Epoch: 1301 Loss: -5.804330825805664 accuracy: 26.7822265625 sim: 0 mscr: 28.693115234375 nes: 170.81249999999997ori_Loss :3.774338722229004 sup_loss_0: 13.751294136047363 
DEBUG:root:Epoch: 1302 Loss: -5.822917461395264 accuracy: 27.587890625 sim: 0 mscr: 28.678466796875 nes: 170.79166666666666ori_Loss :3.8812220096588135 sup_loss_0: 13.874720573425293 
DEBUG:root:Epoch: 1303 Loss: -5.817351818084717 accuracy: 27.5634765625 sim: 0 mscr: 28.730712890625 nes: 170.875ori_Loss :3.8485989570617676 sup_loss_0: 13.848794937133789 
DEBUG:root:Epoch: 1304 Loss: -5.819851398468018 accuracy: 26.611328125 sim: 0 mscr: 28.6201171875 nes: 170.87499999999997ori_Loss :3.8116512298583984 sup_loss_0: 13.838968276977539 
DEBUG:root:Epoch: 1305 Loss: -5.814340114593506 accuracy: 27.978515625 sim: 0 mscr: 28.75146484375 nes: 170.9375ori_Loss :3.774853467941284 sup_loss_0: 13.77602767944336 
DEBUG:root:Epoch: 1306 Loss: -5.80399751663208 accuracy: 27.4658203125 sim: 0 mscr: 28.7880859375 nes: 170.95833333333331ori_Loss :4.03434419631958 sup_loss_0: 13.879083633422852 
DEBUG:root:Epoch: 1307 Loss: -5.822772026062012 accuracy: 28.3203125 sim: 0 mscr: 28.677734375 nes: 170.9375ori_Loss :3.899139404296875 sup_loss_0: 13.900213241577148 
DEBUG:root:Epoch: 1308 Loss: -5.806158065795898 accuracy: 27.2216796875 sim: 0 mscr: 28.811767578125 nes: 170.89583333333334ori_Loss :3.987492799758911 sup_loss_0: 13.953020095825195 
DEBUG:root:Epoch: 1309 Loss: -5.812457084655762 accuracy: 28.0029296875 sim: 0 mscr: 28.6845703125 nes: 170.85416666666666ori_Loss :3.905529260635376 sup_loss_0: 13.905960083007812 
DEBUG:root:Epoch: 1310 Loss: -5.8121161460876465 accuracy: 27.63671875 sim: 0 mscr: 28.651611328125 nes: 170.93749999999997ori_Loss :3.8039193153381348 sup_loss_0: 13.801529884338379 
DEBUG:root:Epoch: 1311 Loss: -5.816784381866455 accuracy: 27.05078125 sim: 0 mscr: 28.723876953125 nes: 170.91666666666666ori_Loss :3.9651477336883545 sup_loss_0: 13.928529739379883 
DEBUG:root:Epoch: 1312 Loss: -5.819378852844238 accuracy: 27.783203125 sim: 0 mscr: 28.767822265625 nes: 170.91666666666666ori_Loss :3.9635977745056152 sup_loss_0: 13.871513366699219 
DEBUG:root:Epoch: 1313 Loss: -5.817173004150391 accuracy: 27.3193359375 sim: 0 mscr: 28.737548828125 nes: 170.95833333333331ori_Loss :3.943617582321167 sup_loss_0: 13.925731658935547 
DEBUG:root:Epoch: 1314 Loss: -5.816956520080566 accuracy: 27.587890625 sim: 0 mscr: 28.646484375 nes: 170.85416666666669ori_Loss :3.9051108360290527 sup_loss_0: 13.866805076599121 
DEBUG:root:Epoch: 1315 Loss: -5.8194451332092285 accuracy: 27.099609375 sim: 0 mscr: 28.7236328125 nes: 170.89583333333334ori_Loss :3.8159468173980713 sup_loss_0: 13.791687965393066 
DEBUG:root:Epoch: 1316 Loss: -5.817760944366455 accuracy: 27.685546875 sim: 0 mscr: 28.7822265625 nes: 170.89583333333331ori_Loss :3.882568359375 sup_loss_0: 13.81764030456543 
DEBUG:root:Epoch: 1317 Loss: -5.81722354888916 accuracy: 27.6123046875 sim: 0 mscr: 28.679931640625 nes: 170.9375ori_Loss :3.8943865299224854 sup_loss_0: 13.88496208190918 
DEBUG:root:Epoch: 1318 Loss: -5.823355674743652 accuracy: 27.3681640625 sim: 0 mscr: 28.857666015625 nes: 170.97916666666666ori_Loss :3.878901958465576 sup_loss_0: 13.866317749023438 
DEBUG:root:Epoch: 1319 Loss: -5.808994293212891 accuracy: 26.5625 sim: 0 mscr: 28.804443359375 nes: 170.91666666666669ori_Loss :3.908190965652466 sup_loss_0: 13.83995246887207 
DEBUG:root:Epoch: 1320 Loss: -5.8165106773376465 accuracy: 28.5888671875 sim: 0 mscr: 28.656494140625 nes: 170.91666666666663ori_Loss :3.8816633224487305 sup_loss_0: 13.888412475585938 
DEBUG:root:Epoch: 1321 Loss: -5.816800117492676 accuracy: 26.9287109375 sim: 0 mscr: 28.63232421875 nes: 170.91666666666669ori_Loss :3.861748218536377 sup_loss_0: 13.896676063537598 
DEBUG:root:Epoch: 1322 Loss: -5.811288833618164 accuracy: 27.4169921875 sim: 0 mscr: 28.810791015625 nes: 170.91666666666669ori_Loss :3.8550374507904053 sup_loss_0: 13.82746696472168 
DEBUG:root:Epoch: 1323 Loss: -5.804821014404297 accuracy: 26.953125 sim: 0 mscr: 28.6669921875 nes: 170.85416666666669ori_Loss :3.8472704887390137 sup_loss_0: 13.817802429199219 
DEBUG:root:Epoch: 1324 Loss: -5.817752838134766 accuracy: 26.3671875 sim: 0 mscr: 28.693115234375 nes: 170.91666666666666ori_Loss :3.8577544689178467 sup_loss_0: 13.810474395751953 
DEBUG:root:Epoch: 1325 Loss: -5.8196940422058105 accuracy: 27.4658203125 sim: 0 mscr: 28.743896484375 nes: 170.97916666666666ori_Loss :4.00253963470459 sup_loss_0: 13.95041275024414 
DEBUG:root:Epoch: 1326 Loss: -5.814718246459961 accuracy: 27.783203125 sim: 0 mscr: 28.70751953125 nes: 170.91666666666666ori_Loss :3.9212870597839355 sup_loss_0: 13.839932441711426 
DEBUG:root:Epoch: 1327 Loss: -5.813144207000732 accuracy: 27.0751953125 sim: 0 mscr: 28.58251953125 nes: 170.93749999999997ori_Loss :3.7395708560943604 sup_loss_0: 13.724113464355469 
DEBUG:root:Epoch: 1328 Loss: -5.819697856903076 accuracy: 27.4658203125 sim: 0 mscr: 28.836181640625 nes: 170.89583333333331ori_Loss :3.910644769668579 sup_loss_0: 13.887855529785156 
DEBUG:root:Epoch: 1329 Loss: -5.788318157196045 accuracy: 26.26953125 sim: 0 mscr: 28.62646484375 nes: 170.91666666666666ori_Loss :3.9470837116241455 sup_loss_0: 13.879653930664062 
DEBUG:root:Epoch: 1330 Loss: -5.8011932373046875 accuracy: 29.345703125 sim: 0 mscr: 28.770263671875 nes: 170.9375ori_Loss :3.812901735305786 sup_loss_0: 13.786988258361816 
DEBUG:root:Epoch: 1331 Loss: -5.818085193634033 accuracy: 28.2958984375 sim: 0 mscr: 28.696044921875 nes: 170.89583333333334ori_Loss :3.885962724685669 sup_loss_0: 13.81201457977295 
DEBUG:root:Epoch: 1332 Loss: -5.807567596435547 accuracy: 27.783203125 sim: 0 mscr: 28.673095703125 nes: 170.91666666666663ori_Loss :3.7902870178222656 sup_loss_0: 13.80482292175293 
DEBUG:root:Epoch: 1333 Loss: -5.808257579803467 accuracy: 28.3203125 sim: 0 mscr: 28.74267578125 nes: 170.93749999999997ori_Loss :3.8873469829559326 sup_loss_0: 13.840597152709961 
DEBUG:root:Epoch: 1334 Loss: -5.814087867736816 accuracy: 28.173828125 sim: 0 mscr: 28.7578125 nes: 170.89583333333334ori_Loss :3.920928955078125 sup_loss_0: 13.86135482788086 
DEBUG:root:Epoch: 1335 Loss: -5.820377349853516 accuracy: 27.197265625 sim: 0 mscr: 28.615966796875 nes: 170.83333333333331ori_Loss :3.8600826263427734 sup_loss_0: 13.862933158874512 
DEBUG:root:Epoch: 1336 Loss: -5.815575122833252 accuracy: 28.3447265625 sim: 0 mscr: 28.69287109375 nes: 170.9375ori_Loss :3.901155710220337 sup_loss_0: 13.927245140075684 
DEBUG:root:Epoch: 1337 Loss: -5.825865268707275 accuracy: 28.125 sim: 0 mscr: 28.656494140625 nes: 170.95833333333334ori_Loss :3.9872958660125732 sup_loss_0: 13.947504043579102 
DEBUG:root:Epoch: 1338 Loss: -5.810826301574707 accuracy: 26.6845703125 sim: 0 mscr: 28.6064453125 nes: 170.89583333333331ori_Loss :3.8151867389678955 sup_loss_0: 13.819561004638672 
DEBUG:root:Epoch: 1339 Loss: -5.808277606964111 accuracy: 28.125 sim: 0 mscr: 28.771728515625 nes: 170.95833333333331ori_Loss :3.8131611347198486 sup_loss_0: 13.811168670654297 
DEBUG:root:Epoch: 1340 Loss: -5.816614627838135 accuracy: 28.0517578125 sim: 0 mscr: 28.582275390625 nes: 170.91666666666663ori_Loss :3.825511932373047 sup_loss_0: 13.796045303344727 
DEBUG:root:Epoch: 1341 Loss: -5.808619499206543 accuracy: 26.7333984375 sim: 0 mscr: 28.6650390625 nes: 170.89583333333331ori_Loss :3.9244184494018555 sup_loss_0: 13.847583770751953 
DEBUG:root:Epoch: 1342 Loss: -5.819500923156738 accuracy: 28.0517578125 sim: 0 mscr: 28.7890625 nes: 170.91666666666666ori_Loss :3.922393321990967 sup_loss_0: 13.872648239135742 
DEBUG:root:Epoch: 1343 Loss: -5.812566757202148 accuracy: 27.5146484375 sim: 0 mscr: 28.6748046875 nes: 170.91666666666663ori_Loss :3.8647055625915527 sup_loss_0: 13.853338241577148 
DEBUG:root:Epoch: 1344 Loss: -5.817842960357666 accuracy: 29.19921875 sim: 0 mscr: 28.706298828125 nes: 170.95833333333334ori_Loss :3.8102989196777344 sup_loss_0: 13.76992130279541 
DEBUG:root:Epoch: 1345 Loss: -5.817101955413818 accuracy: 28.3203125 sim: 0 mscr: 28.581298828125 nes: 170.85416666666666ori_Loss :3.893324375152588 sup_loss_0: 13.857853889465332 
DEBUG:root:Epoch: 1346 Loss: -5.811842918395996 accuracy: 27.587890625 sim: 0 mscr: 28.653564453125 nes: 170.97916666666666ori_Loss :3.9147558212280273 sup_loss_0: 13.877840042114258 
DEBUG:root:Epoch: 1347 Loss: -5.8129401206970215 accuracy: 27.9296875 sim: 0 mscr: 28.727783203125 nes: 170.93749999999997ori_Loss :3.8872230052948 sup_loss_0: 13.838821411132812 
DEBUG:root:Epoch: 1348 Loss: -5.82041072845459 accuracy: 28.8330078125 sim: 0 mscr: 28.623291015625 nes: 170.91666666666666ori_Loss :3.906747341156006 sup_loss_0: 13.933836936950684 
DEBUG:root:Epoch: 1349 Loss: -5.81914758682251 accuracy: 28.1494140625 sim: 0 mscr: 28.8037109375 nes: 170.91666666666663ori_Loss :3.8248822689056396 sup_loss_0: 13.81033992767334 
DEBUG:root:Epoch: 1350 Loss: -5.8245720863342285 accuracy: 27.1728515625 sim: 0 mscr: 28.645263671875 nes: 170.875ori_Loss :3.9151480197906494 sup_loss_0: 13.90733528137207 
DEBUG:root:Epoch: 1351 Loss: -5.818565368652344 accuracy: 26.8310546875 sim: 0 mscr: 28.701904296875 nes: 170.91666666666666ori_Loss :3.93942928314209 sup_loss_0: 13.871952056884766 
DEBUG:root:Epoch: 1352 Loss: -5.815943241119385 accuracy: 27.685546875 sim: 0 mscr: 28.67919921875 nes: 170.97916666666666ori_Loss :3.819370746612549 sup_loss_0: 13.805229187011719 
DEBUG:root:Epoch: 1353 Loss: -5.82109260559082 accuracy: 27.5390625 sim: 0 mscr: 28.6279296875 nes: 170.89583333333334ori_Loss :3.888471841812134 sup_loss_0: 13.810347557067871 
DEBUG:root:Epoch: 1354 Loss: -5.812562465667725 accuracy: 28.1494140625 sim: 0 mscr: 28.779296875 nes: 171.0ori_Loss :3.8842451572418213 sup_loss_0: 13.870124816894531 
DEBUG:root:Epoch: 1355 Loss: -5.828689098358154 accuracy: 27.783203125 sim: 0 mscr: 28.713623046875 nes: 170.95833333333331ori_Loss :3.8696908950805664 sup_loss_0: 13.861921310424805 
DEBUG:root:Epoch: 1356 Loss: -5.820674896240234 accuracy: 27.2705078125 sim: 0 mscr: 28.730712890625 nes: 170.93749999999997ori_Loss :3.8500301837921143 sup_loss_0: 13.848923683166504 
DEBUG:root:Epoch: 1357 Loss: -5.814332485198975 accuracy: 28.2958984375 sim: 0 mscr: 28.7412109375 nes: 170.91666666666663ori_Loss :3.8213515281677246 sup_loss_0: 13.762348175048828 
DEBUG:root:Epoch: 1358 Loss: -5.827653884887695 accuracy: 29.296875 sim: 0 mscr: 28.7021484375 nes: 170.89583333333331ori_Loss :3.8822107315063477 sup_loss_0: 13.88066577911377 
DEBUG:root:Epoch: 1359 Loss: -5.808005332946777 accuracy: 26.1962890625 sim: 0 mscr: 28.711669921875 nes: 170.89583333333331ori_Loss :3.8732964992523193 sup_loss_0: 13.861648559570312 
DEBUG:root:Epoch: 1360 Loss: -5.825558662414551 accuracy: 29.052734375 sim: 0 mscr: 28.74658203125 nes: 170.91666666666666ori_Loss :4.034662246704102 sup_loss_0: 13.94726276397705 
DEBUG:root:Epoch: 1361 Loss: -5.817315578460693 accuracy: 28.7841796875 sim: 0 mscr: 28.745849609375 nes: 170.95833333333334ori_Loss :3.7156145572662354 sup_loss_0: 13.75018310546875 
DEBUG:root:Epoch: 1362 Loss: -5.822646141052246 accuracy: 28.61328125 sim: 0 mscr: 28.775390625 nes: 170.95833333333331ori_Loss :3.8436388969421387 sup_loss_0: 13.831552505493164 
DEBUG:root:Epoch: 1363 Loss: -5.831496238708496 accuracy: 28.3447265625 sim: 0 mscr: 28.829345703125 nes: 170.91666666666663ori_Loss :3.77463698387146 sup_loss_0: 13.743947982788086 
DEBUG:root:Epoch: 1364 Loss: -5.810722827911377 accuracy: 27.880859375 sim: 0 mscr: 28.682373046875 nes: 170.97916666666669ori_Loss :3.8639490604400635 sup_loss_0: 13.879650115966797 
DEBUG:root:Epoch: 1365 Loss: -5.810572147369385 accuracy: 28.564453125 sim: 0 mscr: 28.844970703125 nes: 170.91666666666663ori_Loss :3.9437179565429688 sup_loss_0: 13.877081871032715 
DEBUG:root:Epoch: 1366 Loss: -5.819531440734863 accuracy: 28.02734375 sim: 0 mscr: 28.677001953125 nes: 170.875ori_Loss :3.8440957069396973 sup_loss_0: 13.844614028930664 
DEBUG:root:Epoch: 1367 Loss: -5.83096981048584 accuracy: 28.271484375 sim: 0 mscr: 28.741455078125 nes: 170.9375ori_Loss :3.870161533355713 sup_loss_0: 13.864120483398438 
DEBUG:root:Epoch: 1368 Loss: -5.825255393981934 accuracy: 27.83203125 sim: 0 mscr: 28.65185546875 nes: 170.89583333333331ori_Loss :3.8386483192443848 sup_loss_0: 13.79321575164795 
DEBUG:root:Epoch: 1369 Loss: -5.814035415649414 accuracy: 28.2470703125 sim: 0 mscr: 28.69580078125 nes: 170.83333333333334ori_Loss :3.7572038173675537 sup_loss_0: 13.778205871582031 
DEBUG:root:Epoch: 1370 Loss: -5.825407981872559 accuracy: 27.9052734375 sim: 0 mscr: 28.677978515625 nes: 170.9375ori_Loss :3.86434006690979 sup_loss_0: 13.738309860229492 
DEBUG:root:Epoch: 1371 Loss: -5.818297863006592 accuracy: 27.7099609375 sim: 0 mscr: 28.751708984375 nes: 170.97916666666666ori_Loss :3.9981236457824707 sup_loss_0: 13.81161880493164 
DEBUG:root:Epoch: 1372 Loss: -5.832235336303711 accuracy: 27.7099609375 sim: 0 mscr: 28.72509765625 nes: 170.95833333333331ori_Loss :3.802173614501953 sup_loss_0: 13.760700225830078 
DEBUG:root:Epoch: 1373 Loss: -5.824633598327637 accuracy: 29.0283203125 sim: 0 mscr: 28.72021484375 nes: 170.97916666666666ori_Loss :3.7962546348571777 sup_loss_0: 13.78187084197998 
DEBUG:root:Epoch: 1374 Loss: -5.808204174041748 accuracy: 28.0029296875 sim: 0 mscr: 28.811767578125 nes: 170.89583333333331ori_Loss :3.8033766746520996 sup_loss_0: 13.74448299407959 
DEBUG:root:Epoch: 1375 Loss: -5.809573173522949 accuracy: 27.783203125 sim: 0 mscr: 28.7783203125 nes: 170.89583333333331ori_Loss :3.8854992389678955 sup_loss_0: 13.85622501373291 
DEBUG:root:Epoch: 1376 Loss: -5.816611289978027 accuracy: 27.783203125 sim: 0 mscr: 28.688232421875 nes: 170.89583333333334ori_Loss :3.7848072052001953 sup_loss_0: 13.759483337402344 
DEBUG:root:Epoch: 1377 Loss: -5.813939571380615 accuracy: 28.1982421875 sim: 0 mscr: 28.6728515625 nes: 170.91666666666663ori_Loss :3.7282018661499023 sup_loss_0: 13.748246192932129 
DEBUG:root:Epoch: 1378 Loss: -5.81906795501709 accuracy: 27.1484375 sim: 0 mscr: 28.5966796875 nes: 170.875ori_Loss :3.7573437690734863 sup_loss_0: 13.682877540588379 
DEBUG:root:Epoch: 1379 Loss: -5.83643102645874 accuracy: 28.0517578125 sim: 0 mscr: 28.7783203125 nes: 170.93749999999997ori_Loss :3.7832045555114746 sup_loss_0: 13.771573066711426 
DEBUG:root:Epoch: 1380 Loss: -5.823126316070557 accuracy: 27.5634765625 sim: 0 mscr: 28.686279296875 nes: 170.95833333333331ori_Loss :3.949925661087036 sup_loss_0: 13.849465370178223 
DEBUG:root:Epoch: 1381 Loss: -5.815321922302246 accuracy: 27.6123046875 sim: 0 mscr: 28.782470703125 nes: 170.81249999999997ori_Loss :3.9763071537017822 sup_loss_0: 13.929682731628418 
DEBUG:root:Epoch: 1382 Loss: -5.835918426513672 accuracy: 29.2724609375 sim: 0 mscr: 28.63720703125 nes: 170.89583333333334ori_Loss :3.905372381210327 sup_loss_0: 13.919418334960938 
DEBUG:root:Epoch: 1383 Loss: -5.817309379577637 accuracy: 28.5888671875 sim: 0 mscr: 28.79296875 nes: 170.875ori_Loss :3.880831003189087 sup_loss_0: 13.824098587036133 
DEBUG:root:Epoch: 1384 Loss: -5.829927444458008 accuracy: 28.3203125 sim: 0 mscr: 28.716064453125 nes: 170.95833333333334ori_Loss :3.879070520401001 sup_loss_0: 13.874204635620117 
DEBUG:root:Epoch: 1385 Loss: -5.821659564971924 accuracy: 27.587890625 sim: 0 mscr: 28.839111328125 nes: 170.81249999999997ori_Loss :3.876368761062622 sup_loss_0: 13.843954086303711 
DEBUG:root:Epoch: 1386 Loss: -5.821259498596191 accuracy: 27.83203125 sim: 0 mscr: 28.601806640625 nes: 170.91666666666666ori_Loss :3.824789047241211 sup_loss_0: 13.802684783935547 
DEBUG:root:Epoch: 1387 Loss: -5.820311546325684 accuracy: 28.369140625 sim: 0 mscr: 28.6865234375 nes: 170.9375ori_Loss :3.7909443378448486 sup_loss_0: 13.741774559020996 
DEBUG:root:Epoch: 1388 Loss: -5.827591896057129 accuracy: 28.2958984375 sim: 0 mscr: 28.821044921875 nes: 170.9375ori_Loss :3.946658134460449 sup_loss_0: 13.87464714050293 
DEBUG:root:Epoch: 1389 Loss: -5.826083183288574 accuracy: 29.2724609375 sim: 0 mscr: 28.681640625 nes: 170.85416666666666ori_Loss :3.8293442726135254 sup_loss_0: 13.754091262817383 
DEBUG:root:Epoch: 1390 Loss: -5.823493003845215 accuracy: 26.7578125 sim: 0 mscr: 28.746337890625 nes: 170.89583333333334ori_Loss :4.0049872398376465 sup_loss_0: 13.856978416442871 
DEBUG:root:Epoch: 1391 Loss: -5.813446044921875 accuracy: 27.9541015625 sim: 0 mscr: 28.639892578125 nes: 170.93749999999997ori_Loss :3.7808237075805664 sup_loss_0: 13.70126724243164 
DEBUG:root:Epoch: 1392 Loss: -5.823922157287598 accuracy: 28.662109375 sim: 0 mscr: 28.71630859375 nes: 170.9375ori_Loss :3.944497585296631 sup_loss_0: 13.859946250915527 
DEBUG:root:Epoch: 1393 Loss: -5.836478233337402 accuracy: 28.7109375 sim: 0 mscr: 28.7080078125 nes: 170.91666666666666ori_Loss :3.8563079833984375 sup_loss_0: 13.85671329498291 
DEBUG:root:Epoch: 1394 Loss: -5.835808753967285 accuracy: 28.7841796875 sim: 0 mscr: 28.658203125 nes: 170.89583333333334ori_Loss :3.8656904697418213 sup_loss_0: 13.858318328857422 
DEBUG:root:Epoch: 1395 Loss: -5.818779468536377 accuracy: 28.4912109375 sim: 0 mscr: 28.71923828125 nes: 170.91666666666663ori_Loss :3.9020113945007324 sup_loss_0: 13.792224884033203 
DEBUG:root:Epoch: 1396 Loss: -5.826221466064453 accuracy: 28.8330078125 sim: 0 mscr: 28.714599609375 nes: 170.89583333333334ori_Loss :3.780120849609375 sup_loss_0: 13.791297912597656 
DEBUG:root:Epoch: 1397 Loss: -5.831730365753174 accuracy: 28.076171875 sim: 0 mscr: 28.652587890625 nes: 170.85416666666666ori_Loss :3.780653238296509 sup_loss_0: 13.724190711975098 
DEBUG:root:Epoch: 1398 Loss: -5.825451374053955 accuracy: 28.4423828125 sim: 0 mscr: 28.70361328125 nes: 170.87499999999997ori_Loss :4.0080389976501465 sup_loss_0: 13.95450210571289 
DEBUG:root:Epoch: 1399 Loss: -5.829596042633057 accuracy: 29.6875 sim: 0 mscr: 28.7509765625 nes: 170.91666666666669ori_Loss :3.7779693603515625 sup_loss_0: 13.792765617370605 
DEBUG:root:Epoch: 1400 Loss: -5.823355197906494 accuracy: 28.271484375 sim: 0 mscr: 28.642822265625 nes: 170.91666666666666ori_Loss :3.8260395526885986 sup_loss_0: 13.786243438720703 
DEBUG:root:Epoch: 1401 Loss: -5.825893878936768 accuracy: 28.02734375 sim: 0 mscr: 28.561767578125 nes: 170.93749999999997ori_Loss :3.929497718811035 sup_loss_0: 13.919427871704102 
DEBUG:root:Epoch: 1402 Loss: -5.829552173614502 accuracy: 29.19921875 sim: 0 mscr: 28.664306640625 nes: 170.91666666666663ori_Loss :3.8540759086608887 sup_loss_0: 13.858872413635254 
DEBUG:root:Epoch: 1403 Loss: -5.830072402954102 accuracy: 28.02734375 sim: 0 mscr: 28.71337890625 nes: 170.95833333333334ori_Loss :3.8380448818206787 sup_loss_0: 13.756509780883789 
DEBUG:root:Epoch: 1404 Loss: -5.826627731323242 accuracy: 28.7353515625 sim: 0 mscr: 28.656005859375 nes: 170.91666666666666ori_Loss :3.741856813430786 sup_loss_0: 13.75744915008545 
DEBUG:root:Epoch: 1405 Loss: -5.8283538818359375 accuracy: 27.9296875 sim: 0 mscr: 28.677001953125 nes: 170.95833333333331ori_Loss :3.844101905822754 sup_loss_0: 13.822830200195312 
DEBUG:root:Epoch: 1406 Loss: -5.813592433929443 accuracy: 29.19921875 sim: 0 mscr: 28.800537109375 nes: 170.93749999999997ori_Loss :3.810581922531128 sup_loss_0: 13.700831413269043 
DEBUG:root:Epoch: 1407 Loss: -5.824441432952881 accuracy: 28.515625 sim: 0 mscr: 28.738037109375 nes: 170.91666666666666ori_Loss :3.8268415927886963 sup_loss_0: 13.795621871948242 
DEBUG:root:Epoch: 1408 Loss: -5.824987888336182 accuracy: 28.90625 sim: 0 mscr: 28.79833984375 nes: 170.9375ori_Loss :3.808414936065674 sup_loss_0: 13.777870178222656 
DEBUG:root:Epoch: 1409 Loss: -5.828317165374756 accuracy: 27.9052734375 sim: 0 mscr: 28.782958984375 nes: 170.93749999999997ori_Loss :3.8124098777770996 sup_loss_0: 13.697842597961426 
DEBUG:root:Epoch: 1410 Loss: -5.832112789154053 accuracy: 28.955078125 sim: 0 mscr: 28.710205078125 nes: 170.9375ori_Loss :3.7506299018859863 sup_loss_0: 13.794673919677734 
DEBUG:root:Epoch: 1411 Loss: -5.825239181518555 accuracy: 29.7607421875 sim: 0 mscr: 28.652099609375 nes: 170.95833333333334ori_Loss :3.911954402923584 sup_loss_0: 13.843389511108398 
DEBUG:root:Epoch: 1412 Loss: -5.8397064208984375 accuracy: 29.1748046875 sim: 0 mscr: 28.73388671875 nes: 170.89583333333334ori_Loss :3.7622013092041016 sup_loss_0: 13.761942863464355 
DEBUG:root:Epoch: 1413 Loss: -5.837508678436279 accuracy: 28.662109375 sim: 0 mscr: 28.609619140625 nes: 170.93749999999997ori_Loss :3.799717426300049 sup_loss_0: 13.827528953552246 
DEBUG:root:Epoch: 1414 Loss: -5.836960315704346 accuracy: 28.3935546875 sim: 0 mscr: 28.8505859375 nes: 170.91666666666666ori_Loss :3.783536195755005 sup_loss_0: 13.81375789642334 
DEBUG:root:Epoch: 1415 Loss: -5.843123912811279 accuracy: 28.7109375 sim: 0 mscr: 28.659423828125 nes: 170.85416666666666ori_Loss :3.7825229167938232 sup_loss_0: 13.797758102416992 
DEBUG:root:Epoch: 1416 Loss: -5.82024621963501 accuracy: 28.955078125 sim: 0 mscr: 28.671875 nes: 170.9375ori_Loss :3.7780396938323975 sup_loss_0: 13.758979797363281 
DEBUG:root:Epoch: 1417 Loss: -5.828054428100586 accuracy: 28.0029296875 sim: 0 mscr: 28.619140625 nes: 170.95833333333331ori_Loss :3.77876615524292 sup_loss_0: 13.724128723144531 
DEBUG:root:Epoch: 1418 Loss: -5.831614017486572 accuracy: 28.759765625 sim: 0 mscr: 28.677734375 nes: 170.97916666666666ori_Loss :3.8694934844970703 sup_loss_0: 13.77901840209961 
DEBUG:root:Epoch: 1419 Loss: -5.840229511260986 accuracy: 29.2724609375 sim: 0 mscr: 28.6455078125 nes: 170.91666666666666ori_Loss :3.925727605819702 sup_loss_0: 13.882185935974121 
DEBUG:root:Epoch: 1420 Loss: -5.8282270431518555 accuracy: 30.078125 sim: 0 mscr: 28.584228515625 nes: 170.83333333333331ori_Loss :3.7964119911193848 sup_loss_0: 13.76099967956543 
DEBUG:root:Epoch: 1421 Loss: -5.8217949867248535 accuracy: 28.02734375 sim: 0 mscr: 28.81591796875 nes: 170.89583333333331ori_Loss :3.890092372894287 sup_loss_0: 13.813623428344727 
DEBUG:root:Epoch: 1422 Loss: -5.839242935180664 accuracy: 29.3701171875 sim: 0 mscr: 28.67529296875 nes: 170.91666666666666ori_Loss :3.8469481468200684 sup_loss_0: 13.80341911315918 
DEBUG:root:Epoch: 1423 Loss: -5.836846828460693 accuracy: 29.4189453125 sim: 0 mscr: 28.673583984375 nes: 170.95833333333331ori_Loss :3.7782883644104004 sup_loss_0: 13.791315078735352 
DEBUG:root:Epoch: 1424 Loss: -5.830530643463135 accuracy: 28.4912109375 sim: 0 mscr: 28.797119140625 nes: 170.95833333333334ori_Loss :3.842332363128662 sup_loss_0: 13.823223114013672 
DEBUG:root:Epoch: 1425 Loss: -5.829350471496582 accuracy: 28.41796875 sim: 0 mscr: 28.775634765625 nes: 170.95833333333331ori_Loss :3.842897653579712 sup_loss_0: 13.789750099182129 
DEBUG:root:Epoch: 1426 Loss: -5.8348798751831055 accuracy: 29.4189453125 sim: 0 mscr: 28.71240234375 nes: 170.89583333333334ori_Loss :3.877413749694824 sup_loss_0: 13.870684623718262 
DEBUG:root:Epoch: 1427 Loss: -5.836289882659912 accuracy: 28.466796875 sim: 0 mscr: 28.62841796875 nes: 170.83333333333331ori_Loss :3.7684075832366943 sup_loss_0: 13.768109321594238 
DEBUG:root:Epoch: 1428 Loss: -5.815034866333008 accuracy: 27.34375 sim: 0 mscr: 28.710693359375 nes: 170.93749999999997ori_Loss :3.9007387161254883 sup_loss_0: 13.861396789550781 
DEBUG:root:Epoch: 1429 Loss: -5.819579124450684 accuracy: 29.541015625 sim: 0 mscr: 28.701171875 nes: 170.95833333333331ori_Loss :3.873413324356079 sup_loss_0: 13.839250564575195 
DEBUG:root:Epoch: 1430 Loss: -5.8215556144714355 accuracy: 29.052734375 sim: 0 mscr: 28.790771484375 nes: 170.9375ori_Loss :3.806281328201294 sup_loss_0: 13.777932167053223 
DEBUG:root:Epoch: 1431 Loss: -5.830465316772461 accuracy: 28.61328125 sim: 0 mscr: 28.708740234375 nes: 170.9375ori_Loss :3.74870228767395 sup_loss_0: 13.749338150024414 
DEBUG:root:Epoch: 1432 Loss: -5.826521873474121 accuracy: 29.5166015625 sim: 0 mscr: 28.689208984375 nes: 170.91666666666669ori_Loss :3.8115439414978027 sup_loss_0: 13.784408569335938 
DEBUG:root:Epoch: 1433 Loss: -5.8172831535339355 accuracy: 28.076171875 sim: 0 mscr: 28.66650390625 nes: 170.9375ori_Loss :3.7871017456054688 sup_loss_0: 13.817333221435547 
DEBUG:root:Epoch: 1434 Loss: -5.829994201660156 accuracy: 30.1025390625 sim: 0 mscr: 28.743896484375 nes: 170.875ori_Loss :3.704334259033203 sup_loss_0: 13.648396492004395 
DEBUG:root:Epoch: 1435 Loss: -5.832536697387695 accuracy: 28.7353515625 sim: 0 mscr: 28.668701171875 nes: 170.89583333333331ori_Loss :3.8155274391174316 sup_loss_0: 13.792947769165039 
DEBUG:root:Epoch: 1436 Loss: -5.842058181762695 accuracy: 29.39453125 sim: 0 mscr: 28.74951171875 nes: 170.9375ori_Loss :3.7076141834259033 sup_loss_0: 13.738719940185547 
DEBUG:root:Epoch: 1437 Loss: -5.828005790710449 accuracy: 30.908203125 sim: 0 mscr: 28.7451171875 nes: 170.91666666666666ori_Loss :3.7773325443267822 sup_loss_0: 13.79072380065918 
DEBUG:root:Epoch: 1438 Loss: -5.828134059906006 accuracy: 30.0048828125 sim: 0 mscr: 28.923095703125 nes: 170.93749999999997ori_Loss :3.775994062423706 sup_loss_0: 13.745375633239746 
DEBUG:root:Epoch: 1439 Loss: -5.8293843269348145 accuracy: 29.150390625 sim: 0 mscr: 28.693115234375 nes: 170.91666666666663ori_Loss :3.772505521774292 sup_loss_0: 13.731929779052734 
DEBUG:root:Epoch: 1440 Loss: -5.834176540374756 accuracy: 29.736328125 sim: 0 mscr: 28.789306640625 nes: 170.95833333333331ori_Loss :3.884744644165039 sup_loss_0: 13.874776840209961 
DEBUG:root:Epoch: 1441 Loss: -5.828234672546387 accuracy: 27.978515625 sim: 0 mscr: 28.5205078125 nes: 170.91666666666666ori_Loss :3.694389581680298 sup_loss_0: 13.642234802246094 
DEBUG:root:Epoch: 1442 Loss: -5.843700408935547 accuracy: 28.857421875 sim: 0 mscr: 28.733154296875 nes: 170.91666666666666ori_Loss :3.749859094619751 sup_loss_0: 13.738332748413086 
DEBUG:root:Epoch: 1443 Loss: -5.820412635803223 accuracy: 28.3447265625 sim: 0 mscr: 28.73681640625 nes: 170.9375ori_Loss :3.8075318336486816 sup_loss_0: 13.773467063903809 
DEBUG:root:Epoch: 1444 Loss: -5.826173782348633 accuracy: 28.173828125 sim: 0 mscr: 28.649658203125 nes: 170.89583333333334ori_Loss :3.762937545776367 sup_loss_0: 13.771833419799805 
DEBUG:root:Epoch: 1445 Loss: -5.831781387329102 accuracy: 28.125 sim: 0 mscr: 28.728271484375 nes: 170.95833333333334ori_Loss :3.7364931106567383 sup_loss_0: 13.719423294067383 
DEBUG:root:Epoch: 1446 Loss: -5.833092212677002 accuracy: 28.41796875 sim: 0 mscr: 28.57373046875 nes: 170.91666666666669ori_Loss :3.8068654537200928 sup_loss_0: 13.805669784545898 
DEBUG:root:Epoch: 1447 Loss: -5.835002899169922 accuracy: 28.4423828125 sim: 0 mscr: 28.740234375 nes: 170.95833333333331ori_Loss :3.8165996074676514 sup_loss_0: 13.831578254699707 
DEBUG:root:Epoch: 1448 Loss: -5.84671688079834 accuracy: 29.4921875 sim: 0 mscr: 28.82568359375 nes: 170.89583333333334ori_Loss :3.7617881298065186 sup_loss_0: 13.741284370422363 
DEBUG:root:Epoch: 1449 Loss: -5.821785926818848 accuracy: 28.8330078125 sim: 0 mscr: 28.610107421875 nes: 170.89583333333334ori_Loss :3.7375993728637695 sup_loss_0: 13.691113471984863 
DEBUG:root:Epoch: 1450 Loss: -5.829266548156738 accuracy: 28.369140625 sim: 0 mscr: 28.646484375 nes: 170.89583333333334ori_Loss :3.804849147796631 sup_loss_0: 13.75767993927002 
DEBUG:root:Epoch: 1451 Loss: -5.827114105224609 accuracy: 28.3203125 sim: 0 mscr: 28.64599609375 nes: 170.9375ori_Loss :3.8301992416381836 sup_loss_0: 13.739450454711914 
DEBUG:root:Epoch: 1452 Loss: -5.8362812995910645 accuracy: 28.173828125 sim: 0 mscr: 28.64697265625 nes: 170.91666666666669ori_Loss :3.7303500175476074 sup_loss_0: 13.77792739868164 
DEBUG:root:Epoch: 1453 Loss: -5.84104585647583 accuracy: 28.0517578125 sim: 0 mscr: 28.671142578125 nes: 170.91666666666666ori_Loss :3.8760335445404053 sup_loss_0: 13.815704345703125 
DEBUG:root:Epoch: 1454 Loss: -5.80955171585083 accuracy: 28.4912109375 sim: 0 mscr: 28.635009765625 nes: 170.91666666666669ori_Loss :3.887075901031494 sup_loss_0: 13.863304138183594 
DEBUG:root:Epoch: 1455 Loss: -5.837678909301758 accuracy: 29.6630859375 sim: 0 mscr: 28.611572265625 nes: 170.875ori_Loss :3.850736618041992 sup_loss_0: 13.818730354309082 
DEBUG:root:Epoch: 1456 Loss: -5.82819938659668 accuracy: 29.3701171875 sim: 0 mscr: 28.7021484375 nes: 170.91666666666666ori_Loss :3.7788877487182617 sup_loss_0: 13.713539123535156 
DEBUG:root:Epoch: 1457 Loss: -5.832024097442627 accuracy: 28.662109375 sim: 0 mscr: 28.76708984375 nes: 170.95833333333331ori_Loss :3.7656407356262207 sup_loss_0: 13.766666412353516 
DEBUG:root:Epoch: 1458 Loss: -5.832376003265381 accuracy: 27.44140625 sim: 0 mscr: 28.810302734375 nes: 170.95833333333331ori_Loss :3.8071935176849365 sup_loss_0: 13.769571304321289 
DEBUG:root:Epoch: 1459 Loss: -5.8333587646484375 accuracy: 29.0771484375 sim: 0 mscr: 28.679443359375 nes: 170.93749999999997ori_Loss :3.7980220317840576 sup_loss_0: 13.765199661254883 
DEBUG:root:Epoch: 1460 Loss: -5.827260494232178 accuracy: 29.00390625 sim: 0 mscr: 28.8046875 nes: 170.89583333333331ori_Loss :3.748190402984619 sup_loss_0: 13.713568687438965 
DEBUG:root:Epoch: 1461 Loss: -5.8372483253479 accuracy: 29.736328125 sim: 0 mscr: 28.675048828125 nes: 170.9375ori_Loss :3.837010383605957 sup_loss_0: 13.743890762329102 
DEBUG:root:Epoch: 1462 Loss: -5.840847969055176 accuracy: 29.0771484375 sim: 0 mscr: 28.7275390625 nes: 170.91666666666663ori_Loss :3.7849435806274414 sup_loss_0: 13.777162551879883 
DEBUG:root:Epoch: 1463 Loss: -5.826016426086426 accuracy: 29.00390625 sim: 0 mscr: 28.759033203125 nes: 170.875ori_Loss :3.940809726715088 sup_loss_0: 13.826495170593262 
DEBUG:root:Epoch: 1464 Loss: -5.835621356964111 accuracy: 29.2724609375 sim: 0 mscr: 28.697265625 nes: 170.875ori_Loss :3.8009250164031982 sup_loss_0: 13.731426239013672 
DEBUG:root:Epoch: 1465 Loss: -5.838391304016113 accuracy: 29.5166015625 sim: 0 mscr: 28.696044921875 nes: 170.95833333333334ori_Loss :3.705721855163574 sup_loss_0: 13.69342041015625 
DEBUG:root:Epoch: 1466 Loss: -5.855035305023193 accuracy: 28.7109375 sim: 0 mscr: 28.739013671875 nes: 170.97916666666669ori_Loss :3.82681941986084 sup_loss_0: 13.788880348205566 
DEBUG:root:Epoch: 1467 Loss: -5.843608379364014 accuracy: 29.7607421875 sim: 0 mscr: 28.799560546875 nes: 170.93749999999997ori_Loss :3.743380069732666 sup_loss_0: 13.748498916625977 
DEBUG:root:Epoch: 1468 Loss: -5.828394412994385 accuracy: 28.564453125 sim: 0 mscr: 28.640380859375 nes: 170.89583333333334ori_Loss :3.918346881866455 sup_loss_0: 13.850936889648438 
DEBUG:root:Epoch: 1469 Loss: -5.826433181762695 accuracy: 29.58984375 sim: 0 mscr: 28.785400390625 nes: 170.91666666666666ori_Loss :3.7050538063049316 sup_loss_0: 13.74597454071045 
DEBUG:root:Epoch: 1470 Loss: -5.837860107421875 accuracy: 29.638671875 sim: 0 mscr: 28.626953125 nes: 170.97916666666669ori_Loss :3.9054675102233887 sup_loss_0: 13.848320007324219 
DEBUG:root:Epoch: 1471 Loss: -5.827968597412109 accuracy: 29.6142578125 sim: 0 mscr: 28.660888671875 nes: 170.91666666666666ori_Loss :3.7960517406463623 sup_loss_0: 13.791351318359375 
DEBUG:root:Epoch: 1472 Loss: -5.823684215545654 accuracy: 29.5166015625 sim: 0 mscr: 28.689453125 nes: 170.95833333333334ori_Loss :3.888949155807495 sup_loss_0: 13.790570259094238 
DEBUG:root:Epoch: 1473 Loss: -5.836374759674072 accuracy: 29.7119140625 sim: 0 mscr: 28.736328125 nes: 170.97916666666666ori_Loss :3.8485898971557617 sup_loss_0: 13.815954208374023 
DEBUG:root:Epoch: 1474 Loss: -5.8515167236328125 accuracy: 29.6875 sim: 0 mscr: 28.7646484375 nes: 170.9375ori_Loss :3.8431437015533447 sup_loss_0: 13.806995391845703 
DEBUG:root:Epoch: 1475 Loss: -5.835464000701904 accuracy: 28.90625 sim: 0 mscr: 28.815185546875 nes: 170.89583333333334ori_Loss :3.868434429168701 sup_loss_0: 13.820450782775879 
DEBUG:root:Epoch: 1476 Loss: -5.8289313316345215 accuracy: 28.369140625 sim: 0 mscr: 28.589599609375 nes: 170.9375ori_Loss :3.8657398223876953 sup_loss_0: 13.849140167236328 
DEBUG:root:Epoch: 1477 Loss: -5.829043388366699 accuracy: 29.5166015625 sim: 0 mscr: 28.80078125 nes: 170.91666666666666ori_Loss :3.866795539855957 sup_loss_0: 13.826976776123047 
DEBUG:root:Epoch: 1478 Loss: -5.825824737548828 accuracy: 29.58984375 sim: 0 mscr: 28.7001953125 nes: 170.95833333333331ori_Loss :3.824472188949585 sup_loss_0: 13.749043464660645 
DEBUG:root:Epoch: 1479 Loss: -5.8442888259887695 accuracy: 30.9814453125 sim: 0 mscr: 28.73291015625 nes: 170.95833333333331ori_Loss :3.8598549365997314 sup_loss_0: 13.755608558654785 
DEBUG:root:Epoch: 1480 Loss: -5.826076030731201 accuracy: 28.80859375 sim: 0 mscr: 28.5830078125 nes: 170.9375ori_Loss :3.810588836669922 sup_loss_0: 13.81945514678955 
DEBUG:root:Epoch: 1481 Loss: -5.834760665893555 accuracy: 28.8330078125 sim: 0 mscr: 28.75830078125 nes: 170.91666666666666ori_Loss :3.763929605484009 sup_loss_0: 13.802544593811035 
DEBUG:root:Epoch: 1482 Loss: -5.851543426513672 accuracy: 29.3212890625 sim: 0 mscr: 28.533203125 nes: 170.93749999999997ori_Loss :3.6845645904541016 sup_loss_0: 13.690723419189453 
DEBUG:root:Epoch: 1483 Loss: -5.85227632522583 accuracy: 30.1513671875 sim: 0 mscr: 28.82568359375 nes: 170.91666666666666ori_Loss :3.7984447479248047 sup_loss_0: 13.777812957763672 
DEBUG:root:Epoch: 1484 Loss: -5.8427653312683105 accuracy: 29.6875 sim: 0 mscr: 28.70361328125 nes: 170.95833333333334ori_Loss :3.881708860397339 sup_loss_0: 13.86124038696289 
DEBUG:root:Epoch: 1485 Loss: -5.848034858703613 accuracy: 29.58984375 sim: 0 mscr: 28.602783203125 nes: 170.97916666666666ori_Loss :3.808619737625122 sup_loss_0: 13.787917137145996 
DEBUG:root:Epoch: 1486 Loss: -5.842200756072998 accuracy: 29.98046875 sim: 0 mscr: 28.72412109375 nes: 170.9375ori_Loss :3.7999532222747803 sup_loss_0: 13.808600425720215 
DEBUG:root:Epoch: 1487 Loss: -5.849783420562744 accuracy: 28.8818359375 sim: 0 mscr: 28.6826171875 nes: 170.89583333333334ori_Loss :3.7968993186950684 sup_loss_0: 13.75924015045166 
DEBUG:root:Epoch: 1488 Loss: -5.84757661819458 accuracy: 29.1015625 sim: 0 mscr: 28.656494140625 nes: 170.91666666666666ori_Loss :3.8964459896087646 sup_loss_0: 13.786664009094238 
DEBUG:root:Epoch: 1489 Loss: -5.833146572113037 accuracy: 30.0048828125 sim: 0 mscr: 28.72705078125 nes: 170.9375ori_Loss :3.8779890537261963 sup_loss_0: 13.831326484680176 
DEBUG:root:Epoch: 1490 Loss: -5.828332424163818 accuracy: 29.736328125 sim: 0 mscr: 28.708251953125 nes: 170.97916666666666ori_Loss :3.7961981296539307 sup_loss_0: 13.72276782989502 
DEBUG:root:Epoch: 1491 Loss: -5.838138580322266 accuracy: 29.931640625 sim: 0 mscr: 28.6982421875 nes: 170.93749999999997ori_Loss :3.666456699371338 sup_loss_0: 13.669239044189453 
DEBUG:root:Epoch: 1492 Loss: -5.8367533683776855 accuracy: 28.8330078125 sim: 0 mscr: 28.654296875 nes: 170.97916666666666ori_Loss :3.6866302490234375 sup_loss_0: 13.70548152923584 
DEBUG:root:Epoch: 1493 Loss: -5.846046447753906 accuracy: 29.8095703125 sim: 0 mscr: 28.706787109375 nes: 170.95833333333334ori_Loss :3.7688775062561035 sup_loss_0: 13.776891708374023 
DEBUG:root:Epoch: 1494 Loss: -5.829211711883545 accuracy: 28.662109375 sim: 0 mscr: 28.659912109375 nes: 170.91666666666666ori_Loss :3.795433759689331 sup_loss_0: 13.73546028137207 
DEBUG:root:Epoch: 1495 Loss: -5.829134941101074 accuracy: 29.78515625 sim: 0 mscr: 28.771728515625 nes: 170.87499999999997ori_Loss :3.729130506515503 sup_loss_0: 13.727463722229004 
DEBUG:root:Epoch: 1496 Loss: -5.833094120025635 accuracy: 28.7353515625 sim: 0 mscr: 28.640380859375 nes: 170.87499999999997ori_Loss :3.7163991928100586 sup_loss_0: 13.691303253173828 
DEBUG:root:Epoch: 1497 Loss: -5.853132724761963 accuracy: 28.7841796875 sim: 0 mscr: 28.67626953125 nes: 170.91666666666666ori_Loss :3.716989278793335 sup_loss_0: 13.680282592773438 
DEBUG:root:Epoch: 1498 Loss: -5.832701206207275 accuracy: 28.7353515625 sim: 0 mscr: 28.705810546875 nes: 170.89583333333334ori_Loss :3.7133467197418213 sup_loss_0: 13.710885047912598 
DEBUG:root:Epoch: 1499 Loss: -5.83601188659668 accuracy: 29.5654296875 sim: 0 mscr: 28.697998046875 nes: 170.85416666666663ori_Loss :3.921339511871338 sup_loss_0: 13.85196590423584 
DEBUG:root:Epoch: 1500 Loss: -5.838652610778809 accuracy: 29.833984375 sim: 0 mscr: 28.6357421875 nes: 170.95833333333334ori_Loss :3.8557353019714355 sup_loss_0: 13.848180770874023 
DEBUG:root:Epoch: 1501 Loss: -5.837049961090088 accuracy: 29.296875 sim: 0 mscr: 28.762451171875 nes: 170.89583333333334ori_Loss :3.777289867401123 sup_loss_0: 13.73045539855957 
DEBUG:root:Epoch: 1502 Loss: -5.835940837860107 accuracy: 29.736328125 sim: 0 mscr: 28.635986328125 nes: 170.91666666666666ori_Loss :3.877735137939453 sup_loss_0: 13.840167999267578 
DEBUG:root:Epoch: 1503 Loss: -5.831130504608154 accuracy: 29.5654296875 sim: 0 mscr: 28.649658203125 nes: 170.89583333333331ori_Loss :3.7247817516326904 sup_loss_0: 13.723250389099121 
DEBUG:root:Epoch: 1504 Loss: -5.84751033782959 accuracy: 30.1025390625 sim: 0 mscr: 28.6650390625 nes: 170.9375ori_Loss :3.7072255611419678 sup_loss_0: 13.682830810546875 
DEBUG:root:Epoch: 1505 Loss: -5.832043647766113 accuracy: 28.7353515625 sim: 0 mscr: 28.782958984375 nes: 170.91666666666669ori_Loss :3.835899829864502 sup_loss_0: 13.768304824829102 
DEBUG:root:Epoch: 1506 Loss: -5.831148624420166 accuracy: 28.6865234375 sim: 0 mscr: 28.754150390625 nes: 170.91666666666666ori_Loss :3.8203232288360596 sup_loss_0: 13.787033081054688 
DEBUG:root:Epoch: 1507 Loss: -5.846680164337158 accuracy: 29.931640625 sim: 0 mscr: 28.6533203125 nes: 170.91666666666669ori_Loss :3.9198718070983887 sup_loss_0: 13.856834411621094 
DEBUG:root:Epoch: 1508 Loss: -5.838015079498291 accuracy: 30.517578125 sim: 0 mscr: 28.767578125 nes: 170.9375ori_Loss :3.785099506378174 sup_loss_0: 13.783496856689453 
DEBUG:root:Epoch: 1509 Loss: -5.842366695404053 accuracy: 28.9306640625 sim: 0 mscr: 28.71728515625 nes: 170.89583333333334ori_Loss :3.8057613372802734 sup_loss_0: 13.75510025024414 
DEBUG:root:Epoch: 1510 Loss: -5.830392360687256 accuracy: 29.8583984375 sim: 0 mscr: 28.6796875 nes: 170.89583333333334ori_Loss :3.784653425216675 sup_loss_0: 13.781539916992188 
DEBUG:root:Epoch: 1511 Loss: -5.832650184631348 accuracy: 29.541015625 sim: 0 mscr: 28.695068359375 nes: 170.89583333333331ori_Loss :3.8260560035705566 sup_loss_0: 13.734615325927734 
DEBUG:root:Epoch: 1512 Loss: -5.830704689025879 accuracy: 29.052734375 sim: 0 mscr: 28.704833984375 nes: 170.91666666666666ori_Loss :3.784759759902954 sup_loss_0: 13.777307510375977 
DEBUG:root:Epoch: 1513 Loss: -5.835115432739258 accuracy: 30.6396484375 sim: 0 mscr: 28.6103515625 nes: 170.9375ori_Loss :3.696227550506592 sup_loss_0: 13.608339309692383 
DEBUG:root:Epoch: 1514 Loss: -5.84713077545166 accuracy: 30.4931640625 sim: 0 mscr: 28.677001953125 nes: 170.8333333333333ori_Loss :3.8067140579223633 sup_loss_0: 13.755599975585938 
DEBUG:root:Epoch: 1515 Loss: -5.84283447265625 accuracy: 29.78515625 sim: 0 mscr: 28.74755859375 nes: 170.95833333333331ori_Loss :3.6885299682617188 sup_loss_0: 13.711292266845703 
DEBUG:root:Epoch: 1516 Loss: -5.842361927032471 accuracy: 28.8330078125 sim: 0 mscr: 28.733642578125 nes: 170.95833333333331ori_Loss :3.868096351623535 sup_loss_0: 13.814897537231445 
DEBUG:root:Epoch: 1517 Loss: -5.8437113761901855 accuracy: 30.615234375 sim: 0 mscr: 28.734619140625 nes: 170.89583333333334ori_Loss :3.8247649669647217 sup_loss_0: 13.784008026123047 
DEBUG:root:Epoch: 1518 Loss: -5.844310283660889 accuracy: 30.078125 sim: 0 mscr: 28.672607421875 nes: 170.89583333333334ori_Loss :3.7895150184631348 sup_loss_0: 13.770710945129395 
DEBUG:root:Epoch: 1519 Loss: -5.842276096343994 accuracy: 30.322265625 sim: 0 mscr: 28.64599609375 nes: 170.95833333333331ori_Loss :3.8491837978363037 sup_loss_0: 13.786125183105469 
DEBUG:root:Epoch: 1520 Loss: -5.839267730712891 accuracy: 30.7373046875 sim: 0 mscr: 28.76318359375 nes: 170.91666666666666ori_Loss :3.854480028152466 sup_loss_0: 13.807229995727539 
DEBUG:root:Epoch: 1521 Loss: -5.826120853424072 accuracy: 29.8828125 sim: 0 mscr: 28.746337890625 nes: 170.89583333333331ori_Loss :3.824099540710449 sup_loss_0: 13.781742095947266 
DEBUG:root:Epoch: 1522 Loss: -5.852031707763672 accuracy: 30.419921875 sim: 0 mscr: 28.6767578125 nes: 170.875ori_Loss :3.8992209434509277 sup_loss_0: 13.857316970825195 
DEBUG:root:Epoch: 1523 Loss: -5.839684009552002 accuracy: 28.8330078125 sim: 0 mscr: 28.75341796875 nes: 170.91666666666666ori_Loss :3.8471455574035645 sup_loss_0: 13.78695297241211 
DEBUG:root:Epoch: 1524 Loss: -5.847819805145264 accuracy: 29.4189453125 sim: 0 mscr: 28.667236328125 nes: 170.875ori_Loss :3.773925304412842 sup_loss_0: 13.785215377807617 
DEBUG:root:Epoch: 1525 Loss: -5.841367721557617 accuracy: 29.6875 sim: 0 mscr: 28.68896484375 nes: 170.93749999999997ori_Loss :3.94667911529541 sup_loss_0: 13.844745635986328 
DEBUG:root:Epoch: 1526 Loss: -5.846920967102051 accuracy: 30.4443359375 sim: 0 mscr: 28.759033203125 nes: 170.89583333333334ori_Loss :3.8185603618621826 sup_loss_0: 13.785987854003906 
DEBUG:root:Epoch: 1527 Loss: -5.840671062469482 accuracy: 29.0283203125 sim: 0 mscr: 28.702392578125 nes: 170.95833333333331ori_Loss :3.8048055171966553 sup_loss_0: 13.814409255981445 
DEBUG:root:Epoch: 1528 Loss: -5.847102642059326 accuracy: 28.857421875 sim: 0 mscr: 28.677734375 nes: 170.95833333333331ori_Loss :3.742633819580078 sup_loss_0: 13.717860221862793 
DEBUG:root:Epoch: 1529 Loss: -5.846982479095459 accuracy: 30.2734375 sim: 0 mscr: 28.726806640625 nes: 170.95833333333334ori_Loss :3.766653537750244 sup_loss_0: 13.753403663635254 
DEBUG:root:Epoch: 1530 Loss: -5.830142021179199 accuracy: 29.150390625 sim: 0 mscr: 28.803466796875 nes: 170.87499999999997ori_Loss :3.7397494316101074 sup_loss_0: 13.699920654296875 
DEBUG:root:Epoch: 1531 Loss: -5.8385162353515625 accuracy: 29.1259765625 sim: 0 mscr: 28.697021484375 nes: 170.87499999999997ori_Loss :3.831258535385132 sup_loss_0: 13.73773193359375 
DEBUG:root:Epoch: 1532 Loss: -5.843242168426514 accuracy: 30.029296875 sim: 0 mscr: 28.695556640625 nes: 170.87499999999997ori_Loss :3.68119215965271 sup_loss_0: 13.688350677490234 
DEBUG:root:Epoch: 1533 Loss: -5.851492404937744 accuracy: 30.322265625 sim: 0 mscr: 28.7236328125 nes: 170.87499999999997ori_Loss :3.836777687072754 sup_loss_0: 13.783601760864258 
DEBUG:root:Epoch: 1534 Loss: -5.850772857666016 accuracy: 29.58984375 sim: 0 mscr: 28.728759765625 nes: 170.89583333333331ori_Loss :3.845890998840332 sup_loss_0: 13.738822937011719 
DEBUG:root:Epoch: 1535 Loss: -5.854462623596191 accuracy: 30.7373046875 sim: 0 mscr: 28.75 nes: 170.83333333333331ori_Loss :3.793459177017212 sup_loss_0: 13.709779739379883 
DEBUG:root:Epoch: 1536 Loss: -5.854754447937012 accuracy: 29.6142578125 sim: 0 mscr: 28.72119140625 nes: 170.83333333333334ori_Loss :3.765150308609009 sup_loss_0: 13.736498832702637 
DEBUG:root:Epoch: 1537 Loss: -5.84135627746582 accuracy: 29.5654296875 sim: 0 mscr: 28.78466796875 nes: 170.9375ori_Loss :3.7911689281463623 sup_loss_0: 13.764436721801758 
DEBUG:root:Epoch: 1538 Loss: -5.84326171875 accuracy: 30.2001953125 sim: 0 mscr: 28.63671875 nes: 170.95833333333331ori_Loss :3.8309624195098877 sup_loss_0: 13.755254745483398 
DEBUG:root:Epoch: 1539 Loss: -5.8441619873046875 accuracy: 29.6142578125 sim: 0 mscr: 28.67333984375 nes: 170.91666666666666ori_Loss :3.892760992050171 sup_loss_0: 13.82565689086914 
DEBUG:root:Epoch: 1540 Loss: -5.848537445068359 accuracy: 30.0048828125 sim: 0 mscr: 28.592041015625 nes: 170.87499999999997ori_Loss :3.8877670764923096 sup_loss_0: 13.805475234985352 
DEBUG:root:Epoch: 1541 Loss: -5.840014457702637 accuracy: 30.1025390625 sim: 0 mscr: 28.762451171875 nes: 170.93749999999997ori_Loss :3.7786357402801514 sup_loss_0: 13.807905197143555 
DEBUG:root:Epoch: 1542 Loss: -5.842301368713379 accuracy: 29.58984375 sim: 0 mscr: 28.598876953125 nes: 170.93749999999997ori_Loss :3.75785231590271 sup_loss_0: 13.730165481567383 
DEBUG:root:Epoch: 1543 Loss: -5.8472442626953125 accuracy: 29.4921875 sim: 0 mscr: 28.73046875 nes: 170.89583333333334ori_Loss :3.7023062705993652 sup_loss_0: 13.659442901611328 
DEBUG:root:Epoch: 1544 Loss: -5.854181289672852 accuracy: 30.322265625 sim: 0 mscr: 28.643310546875 nes: 170.91666666666666ori_Loss :3.7226903438568115 sup_loss_0: 13.717571258544922 
DEBUG:root:Epoch: 1545 Loss: -5.849795341491699 accuracy: 31.0302734375 sim: 0 mscr: 28.626220703125 nes: 170.875ori_Loss :3.7661807537078857 sup_loss_0: 13.700481414794922 
DEBUG:root:Epoch: 1546 Loss: -5.847501754760742 accuracy: 29.19921875 sim: 0 mscr: 28.646240234375 nes: 170.875ori_Loss :3.8512816429138184 sup_loss_0: 13.7906494140625 
DEBUG:root:Epoch: 1547 Loss: -5.844274044036865 accuracy: 30.7373046875 sim: 0 mscr: 28.709716796875 nes: 170.85416666666666ori_Loss :3.8929293155670166 sup_loss_0: 13.791424751281738 
DEBUG:root:Epoch: 1548 Loss: -5.848464488983154 accuracy: 29.6875 sim: 0 mscr: 28.8544921875 nes: 170.9375ori_Loss :3.8049590587615967 sup_loss_0: 13.769472122192383 
DEBUG:root:Epoch: 1549 Loss: -5.82919454574585 accuracy: 30.2490234375 sim: 0 mscr: 28.759521484375 nes: 170.97916666666669ori_Loss :3.7873923778533936 sup_loss_0: 13.72262954711914 
DEBUG:root:Epoch: 1550 Loss: -5.852929592132568 accuracy: 29.98046875 sim: 0 mscr: 28.76611328125 nes: 170.85416666666666ori_Loss :3.7393884658813477 sup_loss_0: 13.726761817932129 
DEBUG:root:Epoch: 1551 Loss: -5.846904277801514 accuracy: 30.712890625 sim: 0 mscr: 28.6201171875 nes: 170.95833333333331ori_Loss :3.7731285095214844 sup_loss_0: 13.7517728805542 
DEBUG:root:Epoch: 1552 Loss: -5.842400074005127 accuracy: 30.712890625 sim: 0 mscr: 28.7529296875 nes: 170.89583333333331ori_Loss :3.789057731628418 sup_loss_0: 13.75622844696045 
DEBUG:root:Epoch: 1553 Loss: -5.848474502563477 accuracy: 30.810546875 sim: 0 mscr: 28.7060546875 nes: 170.87499999999997ori_Loss :3.6838252544403076 sup_loss_0: 13.678393363952637 
DEBUG:root:Epoch: 1554 Loss: -5.849436283111572 accuracy: 29.9560546875 sim: 0 mscr: 28.808349609375 nes: 170.91666666666666ori_Loss :3.8068785667419434 sup_loss_0: 13.761720657348633 
DEBUG:root:Epoch: 1555 Loss: -5.8424553871154785 accuracy: 30.0537109375 sim: 0 mscr: 28.523681640625 nes: 170.95833333333331ori_Loss :3.8194708824157715 sup_loss_0: 13.823949813842773 
DEBUG:root:Epoch: 1556 Loss: -5.827349662780762 accuracy: 28.955078125 sim: 0 mscr: 28.680419921875 nes: 170.875ori_Loss :3.7090718746185303 sup_loss_0: 13.727009773254395 
DEBUG:root:Epoch: 1557 Loss: -5.844618320465088 accuracy: 28.2958984375 sim: 0 mscr: 28.701171875 nes: 170.89583333333331ori_Loss :3.8467862606048584 sup_loss_0: 13.826393127441406 
DEBUG:root:Epoch: 1558 Loss: -5.847594261169434 accuracy: 29.7119140625 sim: 0 mscr: 28.765625 nes: 170.93749999999997ori_Loss :3.6876895427703857 sup_loss_0: 13.68344497680664 
DEBUG:root:Epoch: 1559 Loss: -5.8474836349487305 accuracy: 30.6396484375 sim: 0 mscr: 28.821533203125 nes: 170.91666666666669ori_Loss :3.863264560699463 sup_loss_0: 13.809640884399414 
DEBUG:root:Epoch: 1560 Loss: -5.85174560546875 accuracy: 30.517578125 sim: 0 mscr: 28.69287109375 nes: 170.9375ori_Loss :3.8627519607543945 sup_loss_0: 13.815868377685547 
DEBUG:root:Epoch: 1561 Loss: -5.853235244750977 accuracy: 30.2734375 sim: 0 mscr: 28.612060546875 nes: 170.89583333333331ori_Loss :3.655928373336792 sup_loss_0: 13.67634105682373 
DEBUG:root:Epoch: 1562 Loss: -5.843512535095215 accuracy: 28.3935546875 sim: 0 mscr: 28.715576171875 nes: 170.85416666666666ori_Loss :3.82582688331604 sup_loss_0: 13.817869186401367 
DEBUG:root:Epoch: 1563 Loss: -5.85758638381958 accuracy: 29.19921875 sim: 0 mscr: 28.692626953125 nes: 171.0ori_Loss :3.8580868244171143 sup_loss_0: 13.826217651367188 
DEBUG:root:Epoch: 1564 Loss: -5.8370771408081055 accuracy: 30.712890625 sim: 0 mscr: 28.66650390625 nes: 170.93749999999997ori_Loss :3.764693260192871 sup_loss_0: 13.760973930358887 
DEBUG:root:Epoch: 1565 Loss: -5.836235046386719 accuracy: 29.8583984375 sim: 0 mscr: 28.713134765625 nes: 170.91666666666666ori_Loss :3.7783544063568115 sup_loss_0: 13.739925384521484 
DEBUG:root:Epoch: 1566 Loss: -5.848550319671631 accuracy: 29.7119140625 sim: 0 mscr: 28.733154296875 nes: 170.91666666666666ori_Loss :3.9260096549987793 sup_loss_0: 13.873405456542969 
DEBUG:root:Epoch: 1567 Loss: -5.829315185546875 accuracy: 30.2001953125 sim: 0 mscr: 28.632568359375 nes: 170.875ori_Loss :3.7891979217529297 sup_loss_0: 13.746225357055664 
DEBUG:root:Epoch: 1568 Loss: -5.851930618286133 accuracy: 30.1513671875 sim: 0 mscr: 28.594482421875 nes: 170.91666666666666ori_Loss :3.741814136505127 sup_loss_0: 13.702197074890137 
DEBUG:root:Epoch: 1569 Loss: -5.848496437072754 accuracy: 30.1513671875 sim: 0 mscr: 28.700927734375 nes: 170.91666666666666ori_Loss :3.7538065910339355 sup_loss_0: 13.691722869873047 
DEBUG:root:Epoch: 1570 Loss: -5.853158473968506 accuracy: 30.1025390625 sim: 0 mscr: 28.574462890625 nes: 170.97916666666666ori_Loss :3.6761326789855957 sup_loss_0: 13.652082443237305 
DEBUG:root:Epoch: 1571 Loss: -5.858508110046387 accuracy: 30.5419921875 sim: 0 mscr: 28.761962890625 nes: 170.93749999999997ori_Loss :3.824897527694702 sup_loss_0: 13.787030220031738 
DEBUG:root:Epoch: 1572 Loss: -5.847071170806885 accuracy: 30.76171875 sim: 0 mscr: 28.58837890625 nes: 170.9375ori_Loss :3.7704899311065674 sup_loss_0: 13.701562881469727 
DEBUG:root:Epoch: 1573 Loss: -5.839400291442871 accuracy: 30.46875 sim: 0 mscr: 28.669189453125 nes: 170.91666666666669ori_Loss :3.7006094455718994 sup_loss_0: 13.712947845458984 
DEBUG:root:Epoch: 1574 Loss: -5.851181983947754 accuracy: 30.9814453125 sim: 0 mscr: 28.595703125 nes: 170.875ori_Loss :3.702697277069092 sup_loss_0: 13.701934814453125 
DEBUG:root:Epoch: 1575 Loss: -5.8475518226623535 accuracy: 29.4189453125 sim: 0 mscr: 28.67578125 nes: 170.8958333333333ori_Loss :3.7706265449523926 sup_loss_0: 13.749031066894531 
DEBUG:root:Epoch: 1576 Loss: -5.863185405731201 accuracy: 28.7841796875 sim: 0 mscr: 28.67431640625 nes: 170.95833333333334ori_Loss :3.7826220989227295 sup_loss_0: 13.740090370178223 
DEBUG:root:Epoch: 1577 Loss: -5.847777366638184 accuracy: 30.7373046875 sim: 0 mscr: 28.708984375 nes: 170.89583333333334ori_Loss :3.886073350906372 sup_loss_0: 13.843046188354492 
DEBUG:root:Epoch: 1578 Loss: -5.852177619934082 accuracy: 30.6884765625 sim: 0 mscr: 28.806396484375 nes: 170.95833333333331ori_Loss :3.780750274658203 sup_loss_0: 13.763725280761719 
DEBUG:root:Epoch: 1579 Loss: -5.862400531768799 accuracy: 29.4189453125 sim: 0 mscr: 28.681396484375 nes: 170.91666666666669ori_Loss :3.8138809204101562 sup_loss_0: 13.793071746826172 
DEBUG:root:Epoch: 1580 Loss: -5.858459949493408 accuracy: 30.1025390625 sim: 0 mscr: 28.714599609375 nes: 170.89583333333334ori_Loss :3.7343671321868896 sup_loss_0: 13.707797050476074 
DEBUG:root:Epoch: 1581 Loss: -5.866162300109863 accuracy: 30.46875 sim: 0 mscr: 28.65966796875 nes: 170.9375ori_Loss :3.7853870391845703 sup_loss_0: 13.757583618164062 
DEBUG:root:Epoch: 1582 Loss: -5.851896286010742 accuracy: 29.6630859375 sim: 0 mscr: 28.63330078125 nes: 170.91666666666666ori_Loss :3.827267646789551 sup_loss_0: 13.810047149658203 
DEBUG:root:Epoch: 1583 Loss: -5.855815410614014 accuracy: 30.37109375 sim: 0 mscr: 28.837646484375 nes: 170.83333333333331ori_Loss :3.809467315673828 sup_loss_0: 13.778833389282227 
DEBUG:root:Epoch: 1584 Loss: -5.84729528427124 accuracy: 31.0302734375 sim: 0 mscr: 28.73046875 nes: 171.0ori_Loss :3.7289297580718994 sup_loss_0: 13.746064186096191 
DEBUG:root:Epoch: 1585 Loss: -5.853220462799072 accuracy: 30.8837890625 sim: 0 mscr: 28.619873046875 nes: 170.89583333333334ori_Loss :3.7787985801696777 sup_loss_0: 13.741170883178711 
DEBUG:root:Epoch: 1586 Loss: -5.848595142364502 accuracy: 29.9072265625 sim: 0 mscr: 28.6796875 nes: 170.89583333333331ori_Loss :3.7248284816741943 sup_loss_0: 13.72533893585205 
DEBUG:root:Epoch: 1587 Loss: -5.8577117919921875 accuracy: 30.2734375 sim: 0 mscr: 28.8369140625 nes: 170.93749999999997ori_Loss :3.6282315254211426 sup_loss_0: 13.66736888885498 
DEBUG:root:Epoch: 1588 Loss: -5.8411478996276855 accuracy: 29.443359375 sim: 0 mscr: 28.586669921875 nes: 170.95833333333331ori_Loss :3.726078748703003 sup_loss_0: 13.705146789550781 
DEBUG:root:Epoch: 1589 Loss: -5.846628665924072 accuracy: 29.6630859375 sim: 0 mscr: 28.6513671875 nes: 170.875ori_Loss :3.841917037963867 sup_loss_0: 13.758974075317383 
DEBUG:root:Epoch: 1590 Loss: -5.846460819244385 accuracy: 29.4921875 sim: 0 mscr: 28.767578125 nes: 170.93749999999997ori_Loss :3.7210073471069336 sup_loss_0: 13.689434051513672 
DEBUG:root:Epoch: 1591 Loss: -5.8564348220825195 accuracy: 30.1025390625 sim: 0 mscr: 28.733642578125 nes: 170.87499999999997ori_Loss :3.738969087600708 sup_loss_0: 13.733146667480469 
DEBUG:root:Epoch: 1592 Loss: -5.839802265167236 accuracy: 30.0537109375 sim: 0 mscr: 28.651611328125 nes: 170.91666666666666ori_Loss :3.6666300296783447 sup_loss_0: 13.637166976928711 
DEBUG:root:Epoch: 1593 Loss: -5.855287075042725 accuracy: 29.3701171875 sim: 0 mscr: 28.76708984375 nes: 170.91666666666666ori_Loss :3.7684922218322754 sup_loss_0: 13.738043785095215 
DEBUG:root:Epoch: 1594 Loss: -5.845546722412109 accuracy: 31.0302734375 sim: 0 mscr: 28.80517578125 nes: 170.91666666666666ori_Loss :3.7757303714752197 sup_loss_0: 13.690766334533691 
DEBUG:root:Epoch: 1595 Loss: -5.860301971435547 accuracy: 29.98046875 sim: 0 mscr: 28.60009765625 nes: 170.91666666666663ori_Loss :3.70326828956604 sup_loss_0: 13.663803100585938 
DEBUG:root:Epoch: 1596 Loss: -5.863388538360596 accuracy: 31.0302734375 sim: 0 mscr: 28.710205078125 nes: 170.93749999999997ori_Loss :3.8003947734832764 sup_loss_0: 13.790414810180664 
DEBUG:root:Epoch: 1597 Loss: -5.834855556488037 accuracy: 29.4921875 sim: 0 mscr: 28.790283203125 nes: 170.95833333333331ori_Loss :3.8930561542510986 sup_loss_0: 13.786945343017578 
DEBUG:root:Epoch: 1598 Loss: -5.8645339012146 accuracy: 31.4453125 sim: 0 mscr: 28.79296875 nes: 170.93749999999997ori_Loss :3.6609082221984863 sup_loss_0: 13.703775405883789 
DEBUG:root:Epoch: 1599 Loss: -5.852379322052002 accuracy: 31.15234375 sim: 0 mscr: 28.735107421875 nes: 170.91666666666663ori_Loss :3.846726417541504 sup_loss_0: 13.831415176391602 
DEBUG:root:Epoch: 1600 Loss: -5.847372055053711 accuracy: 29.150390625 sim: 0 mscr: 28.75341796875 nes: 170.91666666666666ori_Loss :3.7190449237823486 sup_loss_0: 13.681985855102539 
DEBUG:root:Epoch: 1601 Loss: -5.854369640350342 accuracy: 30.7373046875 sim: 0 mscr: 28.68603515625 nes: 170.85416666666666ori_Loss :3.80918025970459 sup_loss_0: 13.75415325164795 
DEBUG:root:Epoch: 1602 Loss: -5.836035251617432 accuracy: 29.541015625 sim: 0 mscr: 28.677978515625 nes: 170.89583333333334ori_Loss :3.7600245475769043 sup_loss_0: 13.677925109863281 
DEBUG:root:Epoch: 1603 Loss: -5.849437713623047 accuracy: 29.541015625 sim: 0 mscr: 28.761962890625 nes: 170.875ori_Loss :3.7852296829223633 sup_loss_0: 13.725200653076172 
DEBUG:root:Epoch: 1604 Loss: -5.849733352661133 accuracy: 29.6142578125 sim: 0 mscr: 28.663818359375 nes: 170.89583333333334ori_Loss :3.7176320552825928 sup_loss_0: 13.690394401550293 
DEBUG:root:Epoch: 1605 Loss: -5.864004611968994 accuracy: 30.76171875 sim: 0 mscr: 28.623779296875 nes: 170.85416666666666ori_Loss :3.6714134216308594 sup_loss_0: 13.636273384094238 
DEBUG:root:Epoch: 1606 Loss: -5.857058048248291 accuracy: 29.6630859375 sim: 0 mscr: 28.702392578125 nes: 170.97916666666666ori_Loss :3.741145133972168 sup_loss_0: 13.71373176574707 
DEBUG:root:Epoch: 1607 Loss: -5.85543155670166 accuracy: 30.4443359375 sim: 0 mscr: 28.71435546875 nes: 170.89583333333334ori_Loss :3.910161018371582 sup_loss_0: 13.815783500671387 
DEBUG:root:Epoch: 1608 Loss: -5.852125644683838 accuracy: 30.2490234375 sim: 0 mscr: 28.6728515625 nes: 170.91666666666666ori_Loss :3.8671369552612305 sup_loss_0: 13.783567428588867 
DEBUG:root:Epoch: 1609 Loss: -5.84637451171875 accuracy: 31.0791015625 sim: 0 mscr: 28.777587890625 nes: 170.95833333333334ori_Loss :3.798039436340332 sup_loss_0: 13.783807754516602 
DEBUG:root:Epoch: 1610 Loss: -5.856415748596191 accuracy: 30.4931640625 sim: 0 mscr: 28.828369140625 nes: 170.9375ori_Loss :3.738939046859741 sup_loss_0: 13.744941711425781 
DEBUG:root:Epoch: 1611 Loss: -5.854605197906494 accuracy: 30.5419921875 sim: 0 mscr: 28.6884765625 nes: 170.89583333333331ori_Loss :3.7612180709838867 sup_loss_0: 13.723926544189453 
DEBUG:root:Epoch: 1612 Loss: -5.859289169311523 accuracy: 30.1025390625 sim: 0 mscr: 28.625244140625 nes: 170.91666666666666ori_Loss :3.726123094558716 sup_loss_0: 13.675743103027344 
DEBUG:root:Epoch: 1613 Loss: -5.843290328979492 accuracy: 30.322265625 sim: 0 mscr: 28.689453125 nes: 170.9375ori_Loss :3.7805709838867188 sup_loss_0: 13.769890785217285 
DEBUG:root:Epoch: 1614 Loss: -5.860409259796143 accuracy: 29.931640625 sim: 0 mscr: 28.64794921875 nes: 170.93749999999997ori_Loss :3.7212510108947754 sup_loss_0: 13.714017868041992 
DEBUG:root:Epoch: 1615 Loss: -5.859755992889404 accuracy: 31.201171875 sim: 0 mscr: 28.6357421875 nes: 170.89583333333334ori_Loss :3.7389612197875977 sup_loss_0: 13.762056350708008 
DEBUG:root:Epoch: 1616 Loss: -5.848535537719727 accuracy: 30.078125 sim: 0 mscr: 28.7421875 nes: 170.9375ori_Loss :3.6894092559814453 sup_loss_0: 13.724360466003418 
DEBUG:root:Epoch: 1617 Loss: -5.852250099182129 accuracy: 30.0537109375 sim: 0 mscr: 28.693359375 nes: 170.95833333333331ori_Loss :3.7939276695251465 sup_loss_0: 13.755752563476562 
DEBUG:root:Epoch: 1618 Loss: -5.842998504638672 accuracy: 30.3466796875 sim: 0 mscr: 28.554443359375 nes: 170.89583333333331ori_Loss :3.7164671421051025 sup_loss_0: 13.706653594970703 
DEBUG:root:Epoch: 1619 Loss: -5.849606990814209 accuracy: 31.005859375 sim: 0 mscr: 28.695556640625 nes: 170.9375ori_Loss :3.6567482948303223 sup_loss_0: 13.628279685974121 
DEBUG:root:Epoch: 1620 Loss: -5.84638786315918 accuracy: 31.25 sim: 0 mscr: 28.5341796875 nes: 170.91666666666666ori_Loss :3.686954975128174 sup_loss_0: 13.647078514099121 
DEBUG:root:Epoch: 1621 Loss: -5.837813854217529 accuracy: 30.3466796875 sim: 0 mscr: 28.6767578125 nes: 170.83333333333334ori_Loss :3.7411715984344482 sup_loss_0: 13.714539527893066 
DEBUG:root:Epoch: 1622 Loss: -5.851806163787842 accuracy: 30.95703125 sim: 0 mscr: 28.7314453125 nes: 170.89583333333331ori_Loss :3.762155294418335 sup_loss_0: 13.733598709106445 
DEBUG:root:Epoch: 1623 Loss: -5.851053237915039 accuracy: 29.3212890625 sim: 0 mscr: 28.69775390625 nes: 170.91666666666669ori_Loss :3.7124509811401367 sup_loss_0: 13.680997848510742 
DEBUG:root:Epoch: 1624 Loss: -5.85420036315918 accuracy: 30.224609375 sim: 0 mscr: 28.694091796875 nes: 170.95833333333334ori_Loss :3.7439186573028564 sup_loss_0: 13.749523162841797 
DEBUG:root:Epoch: 1625 Loss: -5.8640055656433105 accuracy: 30.9814453125 sim: 0 mscr: 28.760009765625 nes: 170.89583333333331ori_Loss :3.5933852195739746 sup_loss_0: 13.606111526489258 
DEBUG:root:Epoch: 1626 Loss: -5.848215579986572 accuracy: 30.3955078125 sim: 0 mscr: 28.720458984375 nes: 170.91666666666666ori_Loss :3.827483892440796 sup_loss_0: 13.764081001281738 
DEBUG:root:Epoch: 1627 Loss: -5.860485553741455 accuracy: 30.95703125 sim: 0 mscr: 28.674560546875 nes: 170.9375ori_Loss :3.691042184829712 sup_loss_0: 13.656929016113281 
DEBUG:root:Epoch: 1628 Loss: -5.857915878295898 accuracy: 30.908203125 sim: 0 mscr: 28.655029296875 nes: 170.87499999999997ori_Loss :3.730276346206665 sup_loss_0: 13.719234466552734 
DEBUG:root:Epoch: 1629 Loss: -5.854672431945801 accuracy: 31.0546875 sim: 0 mscr: 28.740234375 nes: 170.91666666666666ori_Loss :3.798100709915161 sup_loss_0: 13.752826690673828 
DEBUG:root:Epoch: 1630 Loss: -5.8595123291015625 accuracy: 29.7607421875 sim: 0 mscr: 28.617431640625 nes: 170.9375ori_Loss :3.8254475593566895 sup_loss_0: 13.774263381958008 
DEBUG:root:Epoch: 1631 Loss: -5.839982032775879 accuracy: 30.6640625 sim: 0 mscr: 28.648681640625 nes: 170.93749999999997ori_Loss :3.8413140773773193 sup_loss_0: 13.750237464904785 
DEBUG:root:Epoch: 1632 Loss: -5.8540730476379395 accuracy: 30.2490234375 sim: 0 mscr: 28.718994140625 nes: 170.89583333333331ori_Loss :3.7856295108795166 sup_loss_0: 13.73737621307373 
DEBUG:root:Epoch: 1633 Loss: -5.850831985473633 accuracy: 31.1279296875 sim: 0 mscr: 28.70068359375 nes: 170.95833333333331ori_Loss :3.718290328979492 sup_loss_0: 13.676891326904297 
DEBUG:root:Epoch: 1634 Loss: -5.852711200714111 accuracy: 31.5673828125 sim: 0 mscr: 28.66455078125 nes: 170.89583333333331ori_Loss :3.693148612976074 sup_loss_0: 13.683277130126953 
DEBUG:root:Epoch: 1635 Loss: -5.86109733581543 accuracy: 30.8837890625 sim: 0 mscr: 28.6884765625 nes: 170.91666666666666ori_Loss :3.691563129425049 sup_loss_0: 13.676069259643555 
DEBUG:root:Epoch: 1636 Loss: -5.867240905761719 accuracy: 30.2734375 sim: 0 mscr: 28.808837890625 nes: 170.95833333333331ori_Loss :3.6797914505004883 sup_loss_0: 13.688356399536133 
DEBUG:root:Epoch: 1637 Loss: -5.86624002456665 accuracy: 30.7861328125 sim: 0 mscr: 28.74462890625 nes: 170.89583333333331ori_Loss :3.7754364013671875 sup_loss_0: 13.705323219299316 
DEBUG:root:Epoch: 1638 Loss: -5.855893135070801 accuracy: 30.712890625 sim: 0 mscr: 28.611572265625 nes: 170.89583333333331ori_Loss :3.6515543460845947 sup_loss_0: 13.676117897033691 
DEBUG:root:Epoch: 1639 Loss: -5.861182689666748 accuracy: 30.322265625 sim: 0 mscr: 28.707763671875 nes: 170.89583333333334ori_Loss :3.7189934253692627 sup_loss_0: 13.732721328735352 
DEBUG:root:Epoch: 1640 Loss: -5.860967636108398 accuracy: 29.736328125 sim: 0 mscr: 28.71435546875 nes: 170.875ori_Loss :3.7782509326934814 sup_loss_0: 13.776111602783203 
DEBUG:root:Epoch: 1641 Loss: -5.874202728271484 accuracy: 30.810546875 sim: 0 mscr: 28.870849609375 nes: 170.95833333333331ori_Loss :3.68331241607666 sup_loss_0: 13.627862930297852 
DEBUG:root:Epoch: 1642 Loss: -5.854525089263916 accuracy: 31.298828125 sim: 0 mscr: 28.750732421875 nes: 170.93749999999997ori_Loss :3.7501237392425537 sup_loss_0: 13.678054809570312 
DEBUG:root:Epoch: 1643 Loss: -5.85201358795166 accuracy: 30.9326171875 sim: 0 mscr: 28.626708984375 nes: 170.95833333333334ori_Loss :3.755948781967163 sup_loss_0: 13.753141403198242 
DEBUG:root:Epoch: 1644 Loss: -5.851446628570557 accuracy: 31.1767578125 sim: 0 mscr: 28.689697265625 nes: 170.87499999999997ori_Loss :3.733950138092041 sup_loss_0: 13.695819854736328 
DEBUG:root:Epoch: 1645 Loss: -5.861808776855469 accuracy: 30.6640625 sim: 0 mscr: 28.7529296875 nes: 170.97916666666669ori_Loss :3.7839059829711914 sup_loss_0: 13.742623329162598 
DEBUG:root:Epoch: 1646 Loss: -5.853199005126953 accuracy: 30.6640625 sim: 0 mscr: 28.66259765625 nes: 170.83333333333331ori_Loss :3.684838056564331 sup_loss_0: 13.662890434265137 
DEBUG:root:Epoch: 1647 Loss: -5.857446193695068 accuracy: 30.810546875 sim: 0 mscr: 28.70166015625 nes: 171.0ori_Loss :3.7823126316070557 sup_loss_0: 13.780677795410156 
DEBUG:root:Epoch: 1648 Loss: -5.852321147918701 accuracy: 29.8828125 sim: 0 mscr: 28.682861328125 nes: 170.89583333333331ori_Loss :3.7559092044830322 sup_loss_0: 13.73446273803711 
DEBUG:root:Epoch: 1649 Loss: -5.856124401092529 accuracy: 29.9560546875 sim: 0 mscr: 28.76123046875 nes: 170.89583333333331ori_Loss :3.7509429454803467 sup_loss_0: 13.710111618041992 
DEBUG:root:Epoch: 1650 Loss: -5.865429401397705 accuracy: 29.9072265625 sim: 0 mscr: 28.727294921875 nes: 170.9375ori_Loss :3.6253676414489746 sup_loss_0: 13.645102500915527 
DEBUG:root:Epoch: 1651 Loss: -5.857991695404053 accuracy: 31.0546875 sim: 0 mscr: 28.808349609375 nes: 170.9375ori_Loss :3.769094705581665 sup_loss_0: 13.687314987182617 
DEBUG:root:Epoch: 1652 Loss: -5.849114894866943 accuracy: 30.8349609375 sim: 0 mscr: 28.75830078125 nes: 170.97916666666669ori_Loss :3.7673487663269043 sup_loss_0: 13.7603759765625 
DEBUG:root:Epoch: 1653 Loss: -5.860039234161377 accuracy: 30.76171875 sim: 0 mscr: 28.69287109375 nes: 170.91666666666666ori_Loss :3.7472171783447266 sup_loss_0: 13.725811004638672 
DEBUG:root:Epoch: 1654 Loss: -5.860906600952148 accuracy: 30.1513671875 sim: 0 mscr: 28.7529296875 nes: 170.875ori_Loss :3.8149938583374023 sup_loss_0: 13.754293441772461 
DEBUG:root:Epoch: 1655 Loss: -5.856701850891113 accuracy: 30.9814453125 sim: 0 mscr: 28.671875 nes: 170.95833333333331ori_Loss :3.669628620147705 sup_loss_0: 13.675088882446289 
DEBUG:root:Epoch: 1656 Loss: -5.851659297943115 accuracy: 29.7607421875 sim: 0 mscr: 28.787841796875 nes: 170.9375ori_Loss :3.7264492511749268 sup_loss_0: 13.672706604003906 
DEBUG:root:Epoch: 1657 Loss: -5.856680393218994 accuracy: 30.37109375 sim: 0 mscr: 28.669189453125 nes: 170.91666666666669ori_Loss :3.747044086456299 sup_loss_0: 13.694740295410156 
DEBUG:root:Epoch: 1658 Loss: -5.854355812072754 accuracy: 31.201171875 sim: 0 mscr: 28.717529296875 nes: 170.87500000000003ori_Loss :3.673185110092163 sup_loss_0: 13.629323959350586 
DEBUG:root:Epoch: 1659 Loss: -5.856086730957031 accuracy: 30.76171875 sim: 0 mscr: 28.721923828125 nes: 170.95833333333334ori_Loss :3.7788350582122803 sup_loss_0: 13.783080101013184 
DEBUG:root:Epoch: 1660 Loss: -5.8573713302612305 accuracy: 31.298828125 sim: 0 mscr: 28.80908203125 nes: 170.97916666666666ori_Loss :3.767936944961548 sup_loss_0: 13.658618927001953 
DEBUG:root:Epoch: 1661 Loss: -5.841611862182617 accuracy: 29.6142578125 sim: 0 mscr: 28.748046875 nes: 170.91666666666666ori_Loss :3.7359049320220947 sup_loss_0: 13.714476585388184 
DEBUG:root:Epoch: 1662 Loss: -5.858705520629883 accuracy: 31.25 sim: 0 mscr: 28.6611328125 nes: 170.91666666666666ori_Loss :3.7884104251861572 sup_loss_0: 13.648757934570312 
DEBUG:root:Epoch: 1663 Loss: -5.853328227996826 accuracy: 30.76171875 sim: 0 mscr: 28.716552734375 nes: 170.93749999999997ori_Loss :3.7347776889801025 sup_loss_0: 13.689255714416504 
DEBUG:root:Epoch: 1664 Loss: -5.8486127853393555 accuracy: 30.6640625 sim: 0 mscr: 28.679443359375 nes: 170.95833333333331ori_Loss :3.6866989135742188 sup_loss_0: 13.688660621643066 
DEBUG:root:Epoch: 1665 Loss: -5.853269577026367 accuracy: 30.2734375 sim: 0 mscr: 28.658447265625 nes: 170.91666666666663ori_Loss :3.678135395050049 sup_loss_0: 13.620248794555664 
DEBUG:root:Epoch: 1666 Loss: -5.857877254486084 accuracy: 30.46875 sim: 0 mscr: 28.69775390625 nes: 170.85416666666666ori_Loss :3.736438035964966 sup_loss_0: 13.670014381408691 
DEBUG:root:Epoch: 1667 Loss: -5.8657426834106445 accuracy: 30.7861328125 sim: 0 mscr: 28.7373046875 nes: 170.95833333333331ori_Loss :3.75669264793396 sup_loss_0: 13.686426162719727 
DEBUG:root:Epoch: 1668 Loss: -5.858077526092529 accuracy: 30.5419921875 sim: 0 mscr: 28.76318359375 nes: 170.9375ori_Loss :3.73433256149292 sup_loss_0: 13.664154052734375 
DEBUG:root:Epoch: 1669 Loss: -5.860804557800293 accuracy: 30.5908203125 sim: 0 mscr: 28.69140625 nes: 170.89583333333334ori_Loss :3.737604856491089 sup_loss_0: 13.72158432006836 
DEBUG:root:Epoch: 1670 Loss: -5.862880706787109 accuracy: 31.103515625 sim: 0 mscr: 28.687744140625 nes: 170.95833333333331ori_Loss :3.804140329360962 sup_loss_0: 13.763654708862305 
DEBUG:root:Epoch: 1671 Loss: -5.846736907958984 accuracy: 30.859375 sim: 0 mscr: 28.6689453125 nes: 170.97916666666669ori_Loss :3.7391116619110107 sup_loss_0: 13.748303413391113 
DEBUG:root:Epoch: 1672 Loss: -5.854012966156006 accuracy: 29.39453125 sim: 0 mscr: 28.75390625 nes: 170.95833333333331ori_Loss :3.720883846282959 sup_loss_0: 13.716443061828613 
DEBUG:root:Epoch: 1673 Loss: -5.861181735992432 accuracy: 31.2255859375 sim: 0 mscr: 28.81298828125 nes: 170.95833333333334ori_Loss :3.7489216327667236 sup_loss_0: 13.733325004577637 
DEBUG:root:Epoch: 1674 Loss: -5.864093780517578 accuracy: 31.0546875 sim: 0 mscr: 28.622802734375 nes: 170.875ori_Loss :3.756869316101074 sup_loss_0: 13.732501029968262 
DEBUG:root:Epoch: 1675 Loss: -5.860815525054932 accuracy: 30.615234375 sim: 0 mscr: 28.729248046875 nes: 170.89583333333331ori_Loss :3.716651439666748 sup_loss_0: 13.704910278320312 
DEBUG:root:Epoch: 1676 Loss: -5.854790210723877 accuracy: 29.8828125 sim: 0 mscr: 28.630859375 nes: 170.875ori_Loss :3.7334935665130615 sup_loss_0: 13.698423385620117 
DEBUG:root:Epoch: 1677 Loss: -5.859041690826416 accuracy: 31.4208984375 sim: 0 mscr: 28.79736328125 nes: 170.95833333333331ori_Loss :3.7490804195404053 sup_loss_0: 13.717977523803711 
DEBUG:root:Epoch: 1678 Loss: -5.855553150177002 accuracy: 30.9326171875 sim: 0 mscr: 28.651611328125 nes: 170.91666666666666ori_Loss :3.6397812366485596 sup_loss_0: 13.640054702758789 
DEBUG:root:Epoch: 1679 Loss: -5.852252006530762 accuracy: 31.0791015625 sim: 0 mscr: 28.697265625 nes: 170.95833333333334ori_Loss :3.830578088760376 sup_loss_0: 13.752079963684082 
DEBUG:root:Epoch: 1680 Loss: -5.860310077667236 accuracy: 30.615234375 sim: 0 mscr: 28.6298828125 nes: 170.89583333333334ori_Loss :3.6723368167877197 sup_loss_0: 13.679852485656738 
DEBUG:root:Epoch: 1681 Loss: -5.849559783935547 accuracy: 31.4208984375 sim: 0 mscr: 28.635986328125 nes: 170.95833333333331ori_Loss :3.5985610485076904 sup_loss_0: 13.589811325073242 
DEBUG:root:Epoch: 1682 Loss: -5.865731239318848 accuracy: 31.591796875 sim: 0 mscr: 28.847412109375 nes: 170.91666666666669ori_Loss :3.7179887294769287 sup_loss_0: 13.702760696411133 
DEBUG:root:Epoch: 1683 Loss: -5.878640651702881 accuracy: 31.9580078125 sim: 0 mscr: 28.7822265625 nes: 170.97916666666669ori_Loss :3.7671260833740234 sup_loss_0: 13.761604309082031 
DEBUG:root:Epoch: 1684 Loss: -5.856372833251953 accuracy: 31.25 sim: 0 mscr: 28.631103515625 nes: 170.89583333333331ori_Loss :3.7900092601776123 sup_loss_0: 13.76474380493164 
DEBUG:root:Epoch: 1685 Loss: -5.855021953582764 accuracy: 29.8828125 sim: 0 mscr: 28.552490234375 nes: 170.93749999999997ori_Loss :3.781249761581421 sup_loss_0: 13.697931289672852 
DEBUG:root:Epoch: 1686 Loss: -5.861349582672119 accuracy: 31.3720703125 sim: 0 mscr: 28.903076171875 nes: 170.95833333333334ori_Loss :3.7629733085632324 sup_loss_0: 13.737199783325195 
DEBUG:root:Epoch: 1687 Loss: -5.858530521392822 accuracy: 30.615234375 sim: 0 mscr: 28.594482421875 nes: 170.95833333333334ori_Loss :3.7982981204986572 sup_loss_0: 13.727922439575195 
DEBUG:root:Epoch: 1688 Loss: -5.859750270843506 accuracy: 30.7861328125 sim: 0 mscr: 28.664794921875 nes: 170.91666666666669ori_Loss :3.8602540493011475 sup_loss_0: 13.824740409851074 
DEBUG:root:Epoch: 1689 Loss: -5.843554496765137 accuracy: 30.46875 sim: 0 mscr: 28.62353515625 nes: 170.91666666666663ori_Loss :3.7030766010284424 sup_loss_0: 13.671571731567383 
DEBUG:root:Epoch: 1690 Loss: -5.8675665855407715 accuracy: 30.6396484375 sim: 0 mscr: 28.60546875 nes: 170.95833333333331ori_Loss :3.685394048690796 sup_loss_0: 13.701492309570312 
DEBUG:root:Epoch: 1691 Loss: -5.862229824066162 accuracy: 31.982421875 sim: 0 mscr: 28.68359375 nes: 170.93749999999997ori_Loss :3.7461600303649902 sup_loss_0: 13.741744995117188 
DEBUG:root:Epoch: 1692 Loss: -5.850492477416992 accuracy: 31.34765625 sim: 0 mscr: 28.72119140625 nes: 170.95833333333334ori_Loss :3.793137550354004 sup_loss_0: 13.728202819824219 
DEBUG:root:Epoch: 1693 Loss: -5.854995250701904 accuracy: 30.37109375 sim: 0 mscr: 28.799560546875 nes: 170.9375ori_Loss :3.6348140239715576 sup_loss_0: 13.639829635620117 
DEBUG:root:Epoch: 1694 Loss: -5.874117374420166 accuracy: 31.201171875 sim: 0 mscr: 28.639404296875 nes: 170.95833333333334ori_Loss :3.7892887592315674 sup_loss_0: 13.812557220458984 
DEBUG:root:Epoch: 1695 Loss: -5.853429794311523 accuracy: 29.98046875 sim: 0 mscr: 28.81982421875 nes: 171.0ori_Loss :3.7483108043670654 sup_loss_0: 13.753061294555664 
DEBUG:root:Epoch: 1696 Loss: -5.860340118408203 accuracy: 29.443359375 sim: 0 mscr: 28.68359375 nes: 170.91666666666666ori_Loss :3.672471523284912 sup_loss_0: 13.648916244506836 
DEBUG:root:Epoch: 1697 Loss: -5.866000175476074 accuracy: 30.078125 sim: 0 mscr: 28.804443359375 nes: 170.89583333333334ori_Loss :3.621227741241455 sup_loss_0: 13.608243942260742 
DEBUG:root:Epoch: 1698 Loss: -5.8578104972839355 accuracy: 31.25 sim: 0 mscr: 28.7353515625 nes: 170.97916666666666ori_Loss :3.656796455383301 sup_loss_0: 13.663251876831055 
DEBUG:root:Epoch: 1699 Loss: -5.862545013427734 accuracy: 29.541015625 sim: 0 mscr: 28.6357421875 nes: 170.89583333333331ori_Loss :3.780437469482422 sup_loss_0: 13.72187614440918 
DEBUG:root:Epoch: 1700 Loss: -5.868217468261719 accuracy: 30.4931640625 sim: 0 mscr: 28.679443359375 nes: 170.97916666666666ori_Loss :3.7911460399627686 sup_loss_0: 13.743936538696289 
DEBUG:root:Epoch: 1701 Loss: -5.867032527923584 accuracy: 29.98046875 sim: 0 mscr: 28.72509765625 nes: 170.89583333333331ori_Loss :3.7299957275390625 sup_loss_0: 13.686530113220215 
DEBUG:root:Epoch: 1702 Loss: -5.861086845397949 accuracy: 30.6640625 sim: 0 mscr: 28.70166015625 nes: 170.91666666666663ori_Loss :3.720632314682007 sup_loss_0: 13.698847770690918 
DEBUG:root:Epoch: 1703 Loss: -5.854104042053223 accuracy: 30.859375 sim: 0 mscr: 28.72412109375 nes: 170.97916666666666ori_Loss :3.805846929550171 sup_loss_0: 13.758332252502441 
DEBUG:root:Epoch: 1704 Loss: -5.860854625701904 accuracy: 31.201171875 sim: 0 mscr: 28.7177734375 nes: 170.91666666666663ori_Loss :3.712395668029785 sup_loss_0: 13.665881156921387 
DEBUG:root:Epoch: 1705 Loss: -5.847713470458984 accuracy: 30.46875 sim: 0 mscr: 28.7724609375 nes: 170.97916666666669ori_Loss :3.770815849304199 sup_loss_0: 13.750957489013672 
DEBUG:root:Epoch: 1706 Loss: -5.8674750328063965 accuracy: 30.8349609375 sim: 0 mscr: 28.737548828125 nes: 170.93749999999997ori_Loss :3.75679874420166 sup_loss_0: 13.751548767089844 
DEBUG:root:Epoch: 1707 Loss: -5.856437683105469 accuracy: 31.005859375 sim: 0 mscr: 28.737060546875 nes: 170.91666666666669ori_Loss :3.7560672760009766 sup_loss_0: 13.748016357421875 
DEBUG:root:Epoch: 1708 Loss: -5.8694939613342285 accuracy: 31.1279296875 sim: 0 mscr: 28.69873046875 nes: 170.9375ori_Loss :3.5874526500701904 sup_loss_0: 13.63643741607666 
DEBUG:root:Epoch: 1709 Loss: -5.863912582397461 accuracy: 30.0048828125 sim: 0 mscr: 28.754638671875 nes: 170.97916666666666ori_Loss :3.758202075958252 sup_loss_0: 13.767293930053711 
DEBUG:root:Epoch: 1710 Loss: -5.860558032989502 accuracy: 30.8349609375 sim: 0 mscr: 28.70458984375 nes: 170.9375ori_Loss :3.592217445373535 sup_loss_0: 13.585817337036133 
DEBUG:root:Epoch: 1711 Loss: -5.858428478240967 accuracy: 30.2734375 sim: 0 mscr: 28.7177734375 nes: 170.875ori_Loss :3.666848659515381 sup_loss_0: 13.663788795471191 
DEBUG:root:Epoch: 1712 Loss: -5.869999408721924 accuracy: 31.34765625 sim: 0 mscr: 28.777587890625 nes: 170.91666666666666ori_Loss :3.8902945518493652 sup_loss_0: 13.851320266723633 
DEBUG:root:Epoch: 1713 Loss: -5.86521577835083 accuracy: 31.494140625 sim: 0 mscr: 28.673828125 nes: 170.91666666666663ori_Loss :3.7015440464019775 sup_loss_0: 13.675994873046875 
DEBUG:root:Epoch: 1714 Loss: -5.863262176513672 accuracy: 31.54296875 sim: 0 mscr: 28.70654296875 nes: 170.8958333333333ori_Loss :3.6893203258514404 sup_loss_0: 13.682182312011719 
DEBUG:root:Epoch: 1715 Loss: -5.867010593414307 accuracy: 31.396484375 sim: 0 mscr: 28.71923828125 nes: 170.875ori_Loss :3.7002012729644775 sup_loss_0: 13.655228614807129 
DEBUG:root:Epoch: 1716 Loss: -5.8558349609375 accuracy: 30.859375 sim: 0 mscr: 28.7314453125 nes: 170.93749999999997ori_Loss :3.7109603881835938 sup_loss_0: 13.626726150512695 
DEBUG:root:Epoch: 1717 Loss: -5.868165493011475 accuracy: 30.5908203125 sim: 0 mscr: 28.66650390625 nes: 170.89583333333334ori_Loss :3.6487181186676025 sup_loss_0: 13.591422080993652 
DEBUG:root:Epoch: 1718 Loss: -5.8525261878967285 accuracy: 30.6884765625 sim: 0 mscr: 28.87548828125 nes: 170.93749999999997ori_Loss :3.704301118850708 sup_loss_0: 13.708839416503906 
DEBUG:root:Epoch: 1719 Loss: -5.863266468048096 accuracy: 31.15234375 sim: 0 mscr: 28.66943359375 nes: 170.93749999999997ori_Loss :3.6949777603149414 sup_loss_0: 13.644723892211914 
DEBUG:root:Epoch: 1720 Loss: -5.878436088562012 accuracy: 30.8349609375 sim: 0 mscr: 28.826171875 nes: 170.87499999999997ori_Loss :3.6473488807678223 sup_loss_0: 13.640899658203125 
DEBUG:root:Epoch: 1721 Loss: -5.857639312744141 accuracy: 31.005859375 sim: 0 mscr: 28.759765625 nes: 170.875ori_Loss :3.7150750160217285 sup_loss_0: 13.68939208984375 
DEBUG:root:Epoch: 1722 Loss: -5.863851547241211 accuracy: 29.58984375 sim: 0 mscr: 28.7607421875 nes: 170.91666666666666ori_Loss :3.719135284423828 sup_loss_0: 13.6747465133667 
DEBUG:root:Epoch: 1723 Loss: -5.85630989074707 accuracy: 30.5419921875 sim: 0 mscr: 28.6875 nes: 170.95833333333334ori_Loss :3.6804211139678955 sup_loss_0: 13.664630889892578 
DEBUG:root:Epoch: 1724 Loss: -5.865390777587891 accuracy: 31.4208984375 sim: 0 mscr: 28.6962890625 nes: 170.91666666666666ori_Loss :3.73829984664917 sup_loss_0: 13.723596572875977 
DEBUG:root:Epoch: 1725 Loss: -5.856629848480225 accuracy: 30.9326171875 sim: 0 mscr: 28.76123046875 nes: 170.95833333333334ori_Loss :3.6360886096954346 sup_loss_0: 13.572007179260254 
DEBUG:root:Epoch: 1726 Loss: -5.868046283721924 accuracy: 30.810546875 sim: 0 mscr: 28.791259765625 nes: 170.93749999999997ori_Loss :3.736055374145508 sup_loss_0: 13.713824272155762 
DEBUG:root:Epoch: 1727 Loss: -5.865861892700195 accuracy: 30.712890625 sim: 0 mscr: 28.654052734375 nes: 170.8958333333333ori_Loss :3.601977825164795 sup_loss_0: 13.604729652404785 
DEBUG:root:Epoch: 1728 Loss: -5.876674652099609 accuracy: 32.8857421875 sim: 0 mscr: 28.6318359375 nes: 170.9375ori_Loss :3.6645591259002686 sup_loss_0: 13.623754501342773 
DEBUG:root:Epoch: 1729 Loss: -5.868789196014404 accuracy: 32.0556640625 sim: 0 mscr: 28.772705078125 nes: 170.93749999999997ori_Loss :3.720613479614258 sup_loss_0: 13.711398124694824 
DEBUG:root:Epoch: 1730 Loss: -5.873599052429199 accuracy: 31.0546875 sim: 0 mscr: 28.686767578125 nes: 170.93749999999997ori_Loss :3.651589870452881 sup_loss_0: 13.62049674987793 
DEBUG:root:Epoch: 1731 Loss: -5.863183975219727 accuracy: 30.859375 sim: 0 mscr: 28.609619140625 nes: 170.87499999999997ori_Loss :3.728559732437134 sup_loss_0: 13.668506622314453 
DEBUG:root:Epoch: 1732 Loss: -5.844374656677246 accuracy: 29.4677734375 sim: 0 mscr: 28.7783203125 nes: 170.9375ori_Loss :3.7508392333984375 sup_loss_0: 13.698776245117188 
DEBUG:root:Epoch: 1733 Loss: -5.862910270690918 accuracy: 32.080078125 sim: 0 mscr: 28.712890625 nes: 170.85416666666666ori_Loss :3.812187671661377 sup_loss_0: 13.761371612548828 
DEBUG:root:Epoch: 1734 Loss: -5.871153831481934 accuracy: 30.7861328125 sim: 0 mscr: 28.697509765625 nes: 170.95833333333331ori_Loss :3.6683459281921387 sup_loss_0: 13.650964736938477 
DEBUG:root:Epoch: 1735 Loss: -5.8628315925598145 accuracy: 30.5419921875 sim: 0 mscr: 28.6982421875 nes: 170.91666666666669ori_Loss :3.7376208305358887 sup_loss_0: 13.705886840820312 
DEBUG:root:Epoch: 1736 Loss: -5.869414329528809 accuracy: 31.103515625 sim: 0 mscr: 28.70947265625 nes: 170.89583333333334ori_Loss :3.695218086242676 sup_loss_0: 13.61003303527832 
DEBUG:root:Epoch: 1737 Loss: -5.861506938934326 accuracy: 30.2490234375 sim: 0 mscr: 28.729248046875 nes: 170.97916666666666ori_Loss :3.775073289871216 sup_loss_0: 13.71757698059082 
DEBUG:root:Epoch: 1738 Loss: -5.852477550506592 accuracy: 30.8837890625 sim: 0 mscr: 28.590087890625 nes: 170.85416666666666ori_Loss :3.71071720123291 sup_loss_0: 13.676642417907715 
DEBUG:root:Epoch: 1739 Loss: -5.861769676208496 accuracy: 30.3466796875 sim: 0 mscr: 28.561767578125 nes: 170.97916666666666ori_Loss :3.6802167892456055 sup_loss_0: 13.646834373474121 
DEBUG:root:Epoch: 1740 Loss: -5.871553421020508 accuracy: 31.298828125 sim: 0 mscr: 28.739990234375 nes: 170.8125ori_Loss :3.751469135284424 sup_loss_0: 13.659713745117188 
DEBUG:root:Epoch: 1741 Loss: -5.870850563049316 accuracy: 31.4208984375 sim: 0 mscr: 28.72900390625 nes: 170.89583333333331ori_Loss :3.7905967235565186 sup_loss_0: 13.737936973571777 
DEBUG:root:Epoch: 1742 Loss: -5.870704650878906 accuracy: 30.46875 sim: 0 mscr: 28.7646484375 nes: 170.9375ori_Loss :3.6777658462524414 sup_loss_0: 13.666824340820312 
DEBUG:root:Epoch: 1743 Loss: -5.861351013183594 accuracy: 31.6162109375 sim: 0 mscr: 28.648193359375 nes: 170.91666666666669ori_Loss :3.667358160018921 sup_loss_0: 13.701948165893555 
DEBUG:root:Epoch: 1744 Loss: -5.855465888977051 accuracy: 30.8349609375 sim: 0 mscr: 28.804443359375 nes: 170.97916666666669ori_Loss :3.760775566101074 sup_loss_0: 13.68452262878418 
DEBUG:root:Epoch: 1745 Loss: -5.854304313659668 accuracy: 31.6162109375 sim: 0 mscr: 28.65625 nes: 170.89583333333331ori_Loss :3.6443049907684326 sup_loss_0: 13.626031875610352 
DEBUG:root:Epoch: 1746 Loss: -5.8671875 accuracy: 30.7373046875 sim: 0 mscr: 28.721435546875 nes: 170.89583333333334ori_Loss :3.556252956390381 sup_loss_0: 13.588685989379883 
DEBUG:root:Epoch: 1747 Loss: -5.870095729827881 accuracy: 31.396484375 sim: 0 mscr: 28.65966796875 nes: 170.93749999999997ori_Loss :3.724991798400879 sup_loss_0: 13.60962963104248 
DEBUG:root:Epoch: 1748 Loss: -5.861051559448242 accuracy: 30.7861328125 sim: 0 mscr: 28.609130859375 nes: 170.9375ori_Loss :3.773573398590088 sup_loss_0: 13.710908889770508 
DEBUG:root:Epoch: 1749 Loss: -5.862023830413818 accuracy: 30.6884765625 sim: 0 mscr: 28.701171875 nes: 170.91666666666663ori_Loss :3.6402769088745117 sup_loss_0: 13.614824295043945 
DEBUG:root:Epoch: 1750 Loss: -5.840497970581055 accuracy: 30.078125 sim: 0 mscr: 28.71142578125 nes: 170.89583333333331ori_Loss :3.671133041381836 sup_loss_0: 13.63059139251709 
DEBUG:root:Epoch: 1751 Loss: -5.867168426513672 accuracy: 32.2265625 sim: 0 mscr: 28.732421875 nes: 170.91666666666666ori_Loss :3.8266985416412354 sup_loss_0: 13.757081031799316 
DEBUG:root:Epoch: 1752 Loss: -5.864829063415527 accuracy: 31.4453125 sim: 0 mscr: 28.693603515625 nes: 170.9375ori_Loss :3.738159656524658 sup_loss_0: 13.747958183288574 
DEBUG:root:Epoch: 1753 Loss: -5.866804122924805 accuracy: 31.73828125 sim: 0 mscr: 28.814697265625 nes: 170.9375ori_Loss :3.778813123703003 sup_loss_0: 13.766290664672852 
DEBUG:root:Epoch: 1754 Loss: -5.863131999969482 accuracy: 30.8349609375 sim: 0 mscr: 28.715576171875 nes: 170.91666666666666ori_Loss :3.7317421436309814 sup_loss_0: 13.697811126708984 
DEBUG:root:Epoch: 1755 Loss: -5.849176406860352 accuracy: 31.689453125 sim: 0 mscr: 28.7509765625 nes: 170.9375ori_Loss :3.590465545654297 sup_loss_0: 13.593363761901855 
DEBUG:root:Epoch: 1756 Loss: -5.866667747497559 accuracy: 31.4453125 sim: 0 mscr: 28.742431640625 nes: 170.91666666666666ori_Loss :3.721991539001465 sup_loss_0: 13.702850341796875 
DEBUG:root:Epoch: 1757 Loss: -5.876955986022949 accuracy: 31.34765625 sim: 0 mscr: 28.730224609375 nes: 170.93749999999997ori_Loss :3.7443325519561768 sup_loss_0: 13.72127914428711 
DEBUG:root:Epoch: 1758 Loss: -5.858518600463867 accuracy: 31.34765625 sim: 0 mscr: 28.656005859375 nes: 170.91666666666666ori_Loss :3.6161351203918457 sup_loss_0: 13.62338638305664 
DEBUG:root:Epoch: 1759 Loss: -5.85765266418457 accuracy: 30.1513671875 sim: 0 mscr: 28.785400390625 nes: 170.95833333333334ori_Loss :3.7055318355560303 sup_loss_0: 13.699463844299316 
DEBUG:root:Epoch: 1760 Loss: -5.863809585571289 accuracy: 31.8115234375 sim: 0 mscr: 28.5859375 nes: 170.875ori_Loss :3.5729167461395264 sup_loss_0: 13.56825065612793 
DEBUG:root:Epoch: 1761 Loss: -5.864831447601318 accuracy: 30.6640625 sim: 0 mscr: 28.628662109375 nes: 170.9375ori_Loss :3.7066006660461426 sup_loss_0: 13.639274597167969 
DEBUG:root:Epoch: 1762 Loss: -5.866729259490967 accuracy: 31.5185546875 sim: 0 mscr: 28.67822265625 nes: 170.95833333333331ori_Loss :3.713305950164795 sup_loss_0: 13.718255996704102 
DEBUG:root:Epoch: 1763 Loss: -5.870695114135742 accuracy: 31.5185546875 sim: 0 mscr: 28.66259765625 nes: 170.91666666666663ori_Loss :3.693495750427246 sup_loss_0: 13.675100326538086 
DEBUG:root:Epoch: 1764 Loss: -5.858035564422607 accuracy: 30.859375 sim: 0 mscr: 28.818603515625 nes: 170.83333333333331ori_Loss :3.6826226711273193 sup_loss_0: 13.694999694824219 
DEBUG:root:Epoch: 1765 Loss: -5.855502605438232 accuracy: 31.298828125 sim: 0 mscr: 28.74609375 nes: 170.8958333333333ori_Loss :3.804656744003296 sup_loss_0: 13.700488090515137 
DEBUG:root:Epoch: 1766 Loss: -5.862920761108398 accuracy: 31.1279296875 sim: 0 mscr: 28.619140625 nes: 170.89583333333334ori_Loss :3.7106997966766357 sup_loss_0: 13.676492691040039 
DEBUG:root:Epoch: 1767 Loss: -5.86373233795166 accuracy: 30.078125 sim: 0 mscr: 28.678955078125 nes: 170.9375ori_Loss :3.7610576152801514 sup_loss_0: 13.703268051147461 
DEBUG:root:Epoch: 1768 Loss: -5.858283519744873 accuracy: 30.810546875 sim: 0 mscr: 28.658447265625 nes: 170.97916666666666ori_Loss :3.7565925121307373 sup_loss_0: 13.687644958496094 
DEBUG:root:Epoch: 1769 Loss: -5.861131191253662 accuracy: 31.103515625 sim: 0 mscr: 28.677734375 nes: 170.85416666666666ori_Loss :3.7299375534057617 sup_loss_0: 13.660497665405273 
DEBUG:root:Epoch: 1770 Loss: -5.863900184631348 accuracy: 31.5673828125 sim: 0 mscr: 28.60205078125 nes: 170.875ori_Loss :3.6670520305633545 sup_loss_0: 13.625297546386719 
DEBUG:root:Epoch: 1771 Loss: -5.872200965881348 accuracy: 30.6396484375 sim: 0 mscr: 28.648193359375 nes: 170.91666666666663ori_Loss :3.6506149768829346 sup_loss_0: 13.602937698364258 
DEBUG:root:Epoch: 1772 Loss: -5.8625688552856445 accuracy: 30.2978515625 sim: 0 mscr: 28.720703125 nes: 170.85416666666669ori_Loss :3.7260937690734863 sup_loss_0: 13.683605194091797 
DEBUG:root:Epoch: 1773 Loss: -5.863025665283203 accuracy: 31.4453125 sim: 0 mscr: 28.7373046875 nes: 170.91666666666666ori_Loss :3.8148841857910156 sup_loss_0: 13.777873992919922 
DEBUG:root:Epoch: 1774 Loss: -5.871303081512451 accuracy: 31.005859375 sim: 0 mscr: 28.636474609375 nes: 170.9375ori_Loss :3.747793436050415 sup_loss_0: 13.71414566040039 
DEBUG:root:Epoch: 1775 Loss: -5.867859363555908 accuracy: 30.6640625 sim: 0 mscr: 28.723388671875 nes: 170.87499999999997ori_Loss :3.6656315326690674 sup_loss_0: 13.60084342956543 
DEBUG:root:Epoch: 1776 Loss: -5.873817443847656 accuracy: 31.4453125 sim: 0 mscr: 28.753173828125 nes: 170.85416666666666ori_Loss :3.735032558441162 sup_loss_0: 13.689969062805176 
DEBUG:root:Epoch: 1777 Loss: -5.860938549041748 accuracy: 30.615234375 sim: 0 mscr: 28.655517578125 nes: 170.87499999999997ori_Loss :3.621405601501465 sup_loss_0: 13.550765037536621 
DEBUG:root:Epoch: 1778 Loss: -5.872935771942139 accuracy: 31.3232421875 sim: 0 mscr: 28.658203125 nes: 170.91666666666666ori_Loss :3.658007860183716 sup_loss_0: 13.667098999023438 
DEBUG:root:Epoch: 1779 Loss: -5.872614860534668 accuracy: 31.3232421875 sim: 0 mscr: 28.624755859375 nes: 170.95833333333331ori_Loss :3.7030107975006104 sup_loss_0: 13.640427589416504 
DEBUG:root:Epoch: 1780 Loss: -5.8829545974731445 accuracy: 31.591796875 sim: 0 mscr: 28.645263671875 nes: 170.85416666666666ori_Loss :3.729055166244507 sup_loss_0: 13.708858489990234 
DEBUG:root:Epoch: 1781 Loss: -5.877779006958008 accuracy: 31.5673828125 sim: 0 mscr: 28.822265625 nes: 170.91666666666666ori_Loss :3.649273157119751 sup_loss_0: 13.645763397216797 
DEBUG:root:Epoch: 1782 Loss: -5.8757243156433105 accuracy: 32.1533203125 sim: 0 mscr: 28.684326171875 nes: 170.9375ori_Loss :3.69311785697937 sup_loss_0: 13.71098518371582 
DEBUG:root:Epoch: 1783 Loss: -5.874012470245361 accuracy: 31.5673828125 sim: 0 mscr: 28.7998046875 nes: 170.91666666666669ori_Loss :3.7127676010131836 sup_loss_0: 13.70175838470459 
DEBUG:root:Epoch: 1784 Loss: -5.8707451820373535 accuracy: 32.12890625 sim: 0 mscr: 28.589599609375 nes: 170.97916666666666ori_Loss :3.728161334991455 sup_loss_0: 13.68229866027832 
DEBUG:root:Epoch: 1785 Loss: -5.8687424659729 accuracy: 31.005859375 sim: 0 mscr: 28.694091796875 nes: 170.9375ori_Loss :3.690563440322876 sup_loss_0: 13.637434959411621 
DEBUG:root:Epoch: 1786 Loss: -5.859897613525391 accuracy: 31.6162109375 sim: 0 mscr: 28.723876953125 nes: 170.9375ori_Loss :3.6403026580810547 sup_loss_0: 13.613015174865723 
DEBUG:root:Epoch: 1787 Loss: -5.856748580932617 accuracy: 31.25 sim: 0 mscr: 28.793701171875 nes: 170.91666666666666ori_Loss :3.665076732635498 sup_loss_0: 13.620941162109375 
DEBUG:root:Epoch: 1788 Loss: -5.872444152832031 accuracy: 30.9326171875 sim: 0 mscr: 28.64306640625 nes: 170.93749999999997ori_Loss :3.643097162246704 sup_loss_0: 13.649696350097656 
DEBUG:root:Epoch: 1789 Loss: -5.858918190002441 accuracy: 30.8349609375 sim: 0 mscr: 28.708740234375 nes: 170.91666666666663ori_Loss :3.578125476837158 sup_loss_0: 13.596562385559082 
DEBUG:root:Epoch: 1790 Loss: -5.878849506378174 accuracy: 31.9091796875 sim: 0 mscr: 28.659912109375 nes: 170.875ori_Loss :3.5900142192840576 sup_loss_0: 13.604252815246582 
DEBUG:root:Epoch: 1791 Loss: -5.877676010131836 accuracy: 30.517578125 sim: 0 mscr: 28.820068359375 nes: 170.89583333333334ori_Loss :3.7022809982299805 sup_loss_0: 13.672574043273926 
DEBUG:root:Epoch: 1792 Loss: -5.863307476043701 accuracy: 30.37109375 sim: 0 mscr: 28.815673828125 nes: 170.85416666666666ori_Loss :3.6446242332458496 sup_loss_0: 13.611551284790039 
DEBUG:root:Epoch: 1793 Loss: -5.876914024353027 accuracy: 31.103515625 sim: 0 mscr: 28.663330078125 nes: 170.9375ori_Loss :3.7376108169555664 sup_loss_0: 13.712257385253906 
DEBUG:root:Epoch: 1794 Loss: -5.866016387939453 accuracy: 30.3466796875 sim: 0 mscr: 28.69140625 nes: 170.91666666666663ori_Loss :3.724226951599121 sup_loss_0: 13.686948776245117 
DEBUG:root:Epoch: 1795 Loss: -5.868278980255127 accuracy: 30.7861328125 sim: 0 mscr: 28.643310546875 nes: 170.89583333333331ori_Loss :3.7083637714385986 sup_loss_0: 13.714122772216797 
DEBUG:root:Epoch: 1796 Loss: -5.850284576416016 accuracy: 32.6904296875 sim: 0 mscr: 28.603271484375 nes: 170.89583333333334ori_Loss :3.617433786392212 sup_loss_0: 13.605155944824219 
DEBUG:root:Epoch: 1797 Loss: -5.857497692108154 accuracy: 31.6650390625 sim: 0 mscr: 28.770263671875 nes: 170.9375ori_Loss :3.767242908477783 sup_loss_0: 13.716875076293945 
DEBUG:root:Epoch: 1798 Loss: -5.868978023529053 accuracy: 31.2744140625 sim: 0 mscr: 28.763427734375 nes: 170.89583333333334ori_Loss :3.768198013305664 sup_loss_0: 13.735925674438477 
DEBUG:root:Epoch: 1799 Loss: -5.878324031829834 accuracy: 31.7138671875 sim: 0 mscr: 28.72998046875 nes: 170.85416666666666ori_Loss :3.707235097885132 sup_loss_0: 13.712376594543457 
DEBUG:root:Epoch: 1800 Loss: -5.864058017730713 accuracy: 30.2978515625 sim: 0 mscr: 28.77587890625 nes: 170.9375ori_Loss :3.753689765930176 sup_loss_0: 13.667919158935547 
DEBUG:root:Epoch: 1801 Loss: -5.872220516204834 accuracy: 31.1767578125 sim: 0 mscr: 28.754150390625 nes: 170.89583333333334ori_Loss :3.6591217517852783 sup_loss_0: 13.663627624511719 
DEBUG:root:Epoch: 1802 Loss: -5.867600440979004 accuracy: 31.494140625 sim: 0 mscr: 28.687255859375 nes: 170.91666666666666ori_Loss :3.5212576389312744 sup_loss_0: 13.484865188598633 
DEBUG:root:Epoch: 1803 Loss: -5.860966682434082 accuracy: 31.640625 sim: 0 mscr: 28.7041015625 nes: 170.875ori_Loss :3.640402317047119 sup_loss_0: 13.621597290039062 
DEBUG:root:Epoch: 1804 Loss: -5.852275371551514 accuracy: 31.298828125 sim: 0 mscr: 28.745849609375 nes: 170.95833333333334ori_Loss :3.6342451572418213 sup_loss_0: 13.545199394226074 
DEBUG:root:Epoch: 1805 Loss: -5.878521919250488 accuracy: 31.689453125 sim: 0 mscr: 28.662353515625 nes: 170.85416666666663ori_Loss :3.6098592281341553 sup_loss_0: 13.572877883911133 
DEBUG:root:Epoch: 1806 Loss: -5.8747172355651855 accuracy: 30.517578125 sim: 0 mscr: 28.706787109375 nes: 170.89583333333331ori_Loss :3.7496793270111084 sup_loss_0: 13.700460433959961 
DEBUG:root:Epoch: 1807 Loss: -5.882314682006836 accuracy: 31.0302734375 sim: 0 mscr: 28.6953125 nes: 170.875ori_Loss :3.6002180576324463 sup_loss_0: 13.60472297668457 
DEBUG:root:Epoch: 1808 Loss: -5.873773097991943 accuracy: 32.0068359375 sim: 0 mscr: 28.632080078125 nes: 170.9375ori_Loss :3.6406402587890625 sup_loss_0: 13.539224624633789 
DEBUG:root:Epoch: 1809 Loss: -5.86544132232666 accuracy: 31.2744140625 sim: 0 mscr: 28.725830078125 nes: 170.89583333333331ori_Loss :3.666433334350586 sup_loss_0: 13.693053245544434 
DEBUG:root:Epoch: 1810 Loss: -5.858325004577637 accuracy: 30.6396484375 sim: 0 mscr: 28.654296875 nes: 170.87499999999997ori_Loss :3.60994553565979 sup_loss_0: 13.58169937133789 
DEBUG:root:Epoch: 1811 Loss: -5.868452548980713 accuracy: 30.859375 sim: 0 mscr: 28.63525390625 nes: 170.87499999999997ori_Loss :3.671983003616333 sup_loss_0: 13.609694480895996 
DEBUG:root:Epoch: 1812 Loss: -5.857422828674316 accuracy: 29.833984375 sim: 0 mscr: 28.787109375 nes: 170.93749999999997ori_Loss :3.724167823791504 sup_loss_0: 13.67354965209961 
DEBUG:root:Epoch: 1813 Loss: -5.864335060119629 accuracy: 31.1767578125 sim: 0 mscr: 28.70947265625 nes: 170.89583333333334ori_Loss :3.839538335800171 sup_loss_0: 13.766616821289062 
DEBUG:root:Epoch: 1814 Loss: -5.8678975105285645 accuracy: 31.201171875 sim: 0 mscr: 28.647705078125 nes: 170.875ori_Loss :3.7119877338409424 sup_loss_0: 13.668164253234863 
DEBUG:root:Epoch: 1815 Loss: -5.857159614562988 accuracy: 30.615234375 sim: 0 mscr: 28.785888671875 nes: 170.89583333333334ori_Loss :3.809560775756836 sup_loss_0: 13.69346809387207 
DEBUG:root:Epoch: 1816 Loss: -5.867976188659668 accuracy: 31.6162109375 sim: 0 mscr: 28.644287109375 nes: 170.91666666666663ori_Loss :3.7519443035125732 sup_loss_0: 13.686210632324219 
DEBUG:root:Epoch: 1817 Loss: -5.861661434173584 accuracy: 30.615234375 sim: 0 mscr: 28.828857421875 nes: 170.91666666666663ori_Loss :3.60729718208313 sup_loss_0: 13.647661209106445 
DEBUG:root:Epoch: 1818 Loss: -5.8681640625 accuracy: 31.396484375 sim: 0 mscr: 28.656005859375 nes: 170.9375ori_Loss :3.6832873821258545 sup_loss_0: 13.640992164611816 
DEBUG:root:Epoch: 1819 Loss: -5.860783576965332 accuracy: 30.810546875 sim: 0 mscr: 28.751220703125 nes: 170.87499999999997ori_Loss :3.620069742202759 sup_loss_0: 13.595949172973633 
DEBUG:root:Epoch: 1820 Loss: -5.857480049133301 accuracy: 30.56640625 sim: 0 mscr: 28.75146484375 nes: 170.95833333333331ori_Loss :3.6756808757781982 sup_loss_0: 13.67323112487793 
DEBUG:root:Epoch: 1821 Loss: -5.876349449157715 accuracy: 32.177734375 sim: 0 mscr: 28.72021484375 nes: 170.95833333333331ori_Loss :3.5776045322418213 sup_loss_0: 13.598736763000488 
DEBUG:root:Epoch: 1822 Loss: -5.8676862716674805 accuracy: 31.005859375 sim: 0 mscr: 28.744873046875 nes: 170.89583333333331ori_Loss :3.5925731658935547 sup_loss_0: 13.548498153686523 
DEBUG:root:Epoch: 1823 Loss: -5.87103271484375 accuracy: 30.9326171875 sim: 0 mscr: 28.689208984375 nes: 170.9375ori_Loss :3.7982349395751953 sup_loss_0: 13.711676597595215 
DEBUG:root:Epoch: 1824 Loss: -5.852476596832275 accuracy: 31.396484375 sim: 0 mscr: 28.70263671875 nes: 170.89583333333331ori_Loss :3.782986879348755 sup_loss_0: 13.68557357788086 
DEBUG:root:Epoch: 1825 Loss: -5.883500099182129 accuracy: 31.884765625 sim: 0 mscr: 28.683349609375 nes: 170.83333333333331ori_Loss :3.6867825984954834 sup_loss_0: 13.711118698120117 
DEBUG:root:Epoch: 1826 Loss: -5.871156692504883 accuracy: 31.396484375 sim: 0 mscr: 28.70947265625 nes: 170.875ori_Loss :3.668541193008423 sup_loss_0: 13.65126895904541 
DEBUG:root:Epoch: 1827 Loss: -5.865520477294922 accuracy: 29.8583984375 sim: 0 mscr: 28.70751953125 nes: 170.91666666666666ori_Loss :3.549229145050049 sup_loss_0: 13.582870483398438 
DEBUG:root:Epoch: 1828 Loss: -5.864953517913818 accuracy: 30.126953125 sim: 0 mscr: 28.70068359375 nes: 170.875ori_Loss :3.6839776039123535 sup_loss_0: 13.690353393554688 
DEBUG:root:Epoch: 1829 Loss: -5.8573431968688965 accuracy: 30.8837890625 sim: 0 mscr: 28.680908203125 nes: 170.91666666666666ori_Loss :3.675973892211914 sup_loss_0: 13.653318405151367 
DEBUG:root:Epoch: 1830 Loss: -5.870031833648682 accuracy: 31.0791015625 sim: 0 mscr: 28.7412109375 nes: 170.91666666666663ori_Loss :3.7172844409942627 sup_loss_0: 13.687971115112305 
DEBUG:root:Epoch: 1831 Loss: -5.857751369476318 accuracy: 32.0556640625 sim: 0 mscr: 28.62109375 nes: 170.85416666666666ori_Loss :3.820378303527832 sup_loss_0: 13.789644241333008 
DEBUG:root:Epoch: 1832 Loss: -5.870491981506348 accuracy: 31.6650390625 sim: 0 mscr: 28.621337890625 nes: 170.91666666666666ori_Loss :3.634882926940918 sup_loss_0: 13.614360809326172 
DEBUG:root:Epoch: 1833 Loss: -5.859875679016113 accuracy: 30.810546875 sim: 0 mscr: 28.699951171875 nes: 170.91666666666666ori_Loss :3.6605544090270996 sup_loss_0: 13.634106636047363 
DEBUG:root:Epoch: 1834 Loss: -5.859330177307129 accuracy: 30.4443359375 sim: 0 mscr: 28.728271484375 nes: 170.93749999999997ori_Loss :3.634972333908081 sup_loss_0: 13.624385833740234 
DEBUG:root:Epoch: 1835 Loss: -5.870841979980469 accuracy: 31.787109375 sim: 0 mscr: 28.62939453125 nes: 170.875ori_Loss :3.6186771392822266 sup_loss_0: 13.649056434631348 
DEBUG:root:Epoch: 1836 Loss: -5.869441032409668 accuracy: 31.7138671875 sim: 0 mscr: 28.752685546875 nes: 170.95833333333331ori_Loss :3.752169132232666 sup_loss_0: 13.748942375183105 
DEBUG:root:Epoch: 1837 Loss: -5.8656463623046875 accuracy: 31.884765625 sim: 0 mscr: 28.60888671875 nes: 170.83333333333331ori_Loss :3.6226091384887695 sup_loss_0: 13.588451385498047 
DEBUG:root:Epoch: 1838 Loss: -5.86024808883667 accuracy: 31.396484375 sim: 0 mscr: 28.756591796875 nes: 170.97916666666666ori_Loss :3.705834150314331 sup_loss_0: 13.684673309326172 
DEBUG:root:Epoch: 1839 Loss: -5.870326995849609 accuracy: 30.3466796875 sim: 0 mscr: 28.74658203125 nes: 170.89583333333331ori_Loss :3.738837242126465 sup_loss_0: 13.67708969116211 
DEBUG:root:Epoch: 1840 Loss: -5.888545989990234 accuracy: 32.275390625 sim: 0 mscr: 28.746826171875 nes: 170.97916666666666ori_Loss :3.6547908782958984 sup_loss_0: 13.659193992614746 
DEBUG:root:Epoch: 1841 Loss: -5.874849319458008 accuracy: 30.0048828125 sim: 0 mscr: 28.722900390625 nes: 170.9375ori_Loss :3.6293015480041504 sup_loss_0: 13.625144004821777 
DEBUG:root:Epoch: 1842 Loss: -5.872632026672363 accuracy: 30.2001953125 sim: 0 mscr: 28.657958984375 nes: 170.89583333333334ori_Loss :3.6868436336517334 sup_loss_0: 13.638587951660156 
DEBUG:root:Epoch: 1843 Loss: -5.871267318725586 accuracy: 32.2509765625 sim: 0 mscr: 28.710205078125 nes: 170.87499999999997ori_Loss :3.6612257957458496 sup_loss_0: 13.640567779541016 
DEBUG:root:Epoch: 1844 Loss: -5.867035388946533 accuracy: 31.93359375 sim: 0 mscr: 28.828125 nes: 170.9375ori_Loss :3.6451306343078613 sup_loss_0: 13.573488235473633 
DEBUG:root:Epoch: 1845 Loss: -5.8729448318481445 accuracy: 30.95703125 sim: 0 mscr: 28.665283203125 nes: 170.9375ori_Loss :3.6633269786834717 sup_loss_0: 13.64735221862793 
DEBUG:root:Epoch: 1846 Loss: -5.882607936859131 accuracy: 31.8603515625 sim: 0 mscr: 28.73583984375 nes: 170.95833333333331ori_Loss :3.746427059173584 sup_loss_0: 13.68724250793457 
DEBUG:root:Epoch: 1847 Loss: -5.872118949890137 accuracy: 30.517578125 sim: 0 mscr: 28.68505859375 nes: 170.89583333333334ori_Loss :3.6378276348114014 sup_loss_0: 13.589597702026367 
DEBUG:root:Epoch: 1848 Loss: -5.859879970550537 accuracy: 31.591796875 sim: 0 mscr: 28.69580078125 nes: 170.91666666666666ori_Loss :3.882335662841797 sup_loss_0: 13.746049880981445 
DEBUG:root:Epoch: 1849 Loss: -5.869144439697266 accuracy: 31.787109375 sim: 0 mscr: 28.732177734375 nes: 170.93749999999997ori_Loss :3.724931240081787 sup_loss_0: 13.644822120666504 
DEBUG:root:Epoch: 1850 Loss: -5.864065170288086 accuracy: 30.126953125 sim: 0 mscr: 28.701171875 nes: 170.85416666666666ori_Loss :3.7663686275482178 sup_loss_0: 13.697027206420898 
DEBUG:root:Epoch: 1851 Loss: -5.876395225524902 accuracy: 31.3232421875 sim: 0 mscr: 28.701904296875 nes: 170.97916666666669ori_Loss :3.7495462894439697 sup_loss_0: 13.705282211303711 
DEBUG:root:Epoch: 1852 Loss: -5.869307041168213 accuracy: 31.103515625 sim: 0 mscr: 28.69189453125 nes: 170.83333333333331ori_Loss :3.7184085845947266 sup_loss_0: 13.696647644042969 
DEBUG:root:Epoch: 1853 Loss: -5.8702287673950195 accuracy: 31.494140625 sim: 0 mscr: 28.708984375 nes: 170.89583333333334ori_Loss :3.6194424629211426 sup_loss_0: 13.582700729370117 
DEBUG:root:Epoch: 1854 Loss: -5.860498905181885 accuracy: 31.0302734375 sim: 0 mscr: 28.661376953125 nes: 170.95833333333331ori_Loss :3.6597094535827637 sup_loss_0: 13.59756851196289 
DEBUG:root:Epoch: 1855 Loss: -5.88191556930542 accuracy: 31.689453125 sim: 0 mscr: 28.703857421875 nes: 170.91666666666666ori_Loss :3.695902109146118 sup_loss_0: 13.706851959228516 
DEBUG:root:Epoch: 1856 Loss: -5.868973255157471 accuracy: 31.5185546875 sim: 0 mscr: 28.67529296875 nes: 170.83333333333331ori_Loss :3.763364553451538 sup_loss_0: 13.7439546585083 
DEBUG:root:Epoch: 1857 Loss: -5.872733116149902 accuracy: 32.080078125 sim: 0 mscr: 28.690185546875 nes: 170.91666666666666ori_Loss :3.660172700881958 sup_loss_0: 13.62108039855957 
DEBUG:root:Epoch: 1858 Loss: -5.865948677062988 accuracy: 31.201171875 sim: 0 mscr: 28.8017578125 nes: 170.95833333333331ori_Loss :3.679811954498291 sup_loss_0: 13.645763397216797 
DEBUG:root:Epoch: 1859 Loss: -5.880552768707275 accuracy: 31.6162109375 sim: 0 mscr: 28.811767578125 nes: 170.875ori_Loss :3.6330370903015137 sup_loss_0: 13.655416488647461 
DEBUG:root:Epoch: 1860 Loss: -5.865718364715576 accuracy: 31.982421875 sim: 0 mscr: 28.80908203125 nes: 170.85416666666666ori_Loss :3.713399887084961 sup_loss_0: 13.609768867492676 
DEBUG:root:Epoch: 1861 Loss: -5.865946292877197 accuracy: 30.5908203125 sim: 0 mscr: 28.6328125 nes: 170.89583333333334ori_Loss :3.78816556930542 sup_loss_0: 13.714532852172852 
DEBUG:root:Epoch: 1862 Loss: -5.8821210861206055 accuracy: 32.2021484375 sim: 0 mscr: 28.69677734375 nes: 170.95833333333331ori_Loss :3.7058634757995605 sup_loss_0: 13.685555458068848 
DEBUG:root:Epoch: 1863 Loss: -5.873912811279297 accuracy: 30.859375 sim: 0 mscr: 28.773681640625 nes: 170.9375ori_Loss :3.695256471633911 sup_loss_0: 13.648849487304688 
DEBUG:root:Epoch: 1864 Loss: -5.8539628982543945 accuracy: 30.908203125 sim: 0 mscr: 28.84521484375 nes: 170.83333333333331ori_Loss :3.736614465713501 sup_loss_0: 13.704804420471191 
DEBUG:root:Epoch: 1865 Loss: -5.868734836578369 accuracy: 31.494140625 sim: 0 mscr: 28.679931640625 nes: 170.91666666666666ori_Loss :3.576465606689453 sup_loss_0: 13.530707359313965 
DEBUG:root:Epoch: 1866 Loss: -5.878738880157471 accuracy: 31.25 sim: 0 mscr: 28.731689453125 nes: 170.85416666666663ori_Loss :3.7150421142578125 sup_loss_0: 13.668322563171387 
DEBUG:root:Epoch: 1867 Loss: -5.879917621612549 accuracy: 31.640625 sim: 0 mscr: 28.591552734375 nes: 170.9375ori_Loss :3.6257848739624023 sup_loss_0: 13.65082836151123 
DEBUG:root:Epoch: 1868 Loss: -5.867926597595215 accuracy: 31.34765625 sim: 0 mscr: 28.745849609375 nes: 170.97916666666669ori_Loss :3.667381763458252 sup_loss_0: 13.617340087890625 
DEBUG:root:Epoch: 1869 Loss: -5.866655349731445 accuracy: 30.908203125 sim: 0 mscr: 28.688720703125 nes: 170.95833333333334ori_Loss :3.767148971557617 sup_loss_0: 13.667398452758789 
DEBUG:root:Epoch: 1870 Loss: -5.855065822601318 accuracy: 29.98046875 sim: 0 mscr: 28.763427734375 nes: 170.97916666666666ori_Loss :3.669297695159912 sup_loss_0: 13.636030197143555 
DEBUG:root:Epoch: 1871 Loss: -5.870173454284668 accuracy: 30.7861328125 sim: 0 mscr: 28.72607421875 nes: 170.9375ori_Loss :3.6718227863311768 sup_loss_0: 13.621259689331055 
DEBUG:root:Epoch: 1872 Loss: -5.867289066314697 accuracy: 30.810546875 sim: 0 mscr: 28.77685546875 nes: 170.875ori_Loss :3.6170098781585693 sup_loss_0: 13.549631118774414 
DEBUG:root:Epoch: 1873 Loss: -5.869252681732178 accuracy: 30.5419921875 sim: 0 mscr: 28.763427734375 nes: 170.91666666666666ori_Loss :3.685180902481079 sup_loss_0: 13.67158317565918 
DEBUG:root:Epoch: 1874 Loss: -5.8803391456604 accuracy: 32.2021484375 sim: 0 mscr: 28.692626953125 nes: 170.9375ori_Loss :3.7371938228607178 sup_loss_0: 13.673519134521484 
DEBUG:root:Epoch: 1875 Loss: -5.872530937194824 accuracy: 30.810546875 sim: 0 mscr: 28.647216796875 nes: 170.97916666666666ori_Loss :3.7058627605438232 sup_loss_0: 13.599475860595703 
DEBUG:root:Epoch: 1876 Loss: -5.874528408050537 accuracy: 30.6884765625 sim: 0 mscr: 28.784423828125 nes: 170.91666666666666ori_Loss :3.7133469581604004 sup_loss_0: 13.627625465393066 
DEBUG:root:Epoch: 1877 Loss: -5.879305362701416 accuracy: 31.7626953125 sim: 0 mscr: 28.651611328125 nes: 170.875ori_Loss :3.7679214477539062 sup_loss_0: 13.685126304626465 
DEBUG:root:Epoch: 1878 Loss: -5.872129917144775 accuracy: 30.7861328125 sim: 0 mscr: 28.69189453125 nes: 170.91666666666666ori_Loss :3.5163607597351074 sup_loss_0: 13.51926040649414 
DEBUG:root:Epoch: 1879 Loss: -5.861154079437256 accuracy: 30.6884765625 sim: 0 mscr: 28.61328125 nes: 170.95833333333331ori_Loss :3.749246120452881 sup_loss_0: 13.670639038085938 
DEBUG:root:Epoch: 1880 Loss: -5.881914138793945 accuracy: 32.470703125 sim: 0 mscr: 28.728759765625 nes: 170.83333333333331ori_Loss :3.626858711242676 sup_loss_0: 13.601472854614258 
DEBUG:root:Epoch: 1881 Loss: -5.871099948883057 accuracy: 30.4443359375 sim: 0 mscr: 28.7216796875 nes: 170.97916666666669ori_Loss :3.765521287918091 sup_loss_0: 13.685027122497559 
DEBUG:root:Epoch: 1882 Loss: -5.891236305236816 accuracy: 32.373046875 sim: 0 mscr: 28.74462890625 nes: 170.89583333333334ori_Loss :3.6465251445770264 sup_loss_0: 13.634359359741211 
DEBUG:root:Epoch: 1883 Loss: -5.858773231506348 accuracy: 30.95703125 sim: 0 mscr: 28.691162109375 nes: 170.87499999999997ori_Loss :3.7696754932403564 sup_loss_0: 13.775815963745117 
DEBUG:root:Epoch: 1884 Loss: -5.882757186889648 accuracy: 30.6884765625 sim: 0 mscr: 28.8154296875 nes: 170.89583333333331ori_Loss :3.654560089111328 sup_loss_0: 13.673120498657227 
DEBUG:root:Epoch: 1885 Loss: -5.877366065979004 accuracy: 31.396484375 sim: 0 mscr: 28.83203125 nes: 170.93749999999997ori_Loss :3.7157440185546875 sup_loss_0: 13.721041679382324 
DEBUG:root:Epoch: 1886 Loss: -5.885402679443359 accuracy: 31.5673828125 sim: 0 mscr: 28.675537109375 nes: 170.89583333333334ori_Loss :3.600914716720581 sup_loss_0: 13.632972717285156 
DEBUG:root:Epoch: 1887 Loss: -5.871928691864014 accuracy: 31.7626953125 sim: 0 mscr: 28.71728515625 nes: 170.9375ori_Loss :3.7305197715759277 sup_loss_0: 13.714824676513672 
DEBUG:root:Epoch: 1888 Loss: -5.882826328277588 accuracy: 31.15234375 sim: 0 mscr: 28.66455078125 nes: 170.89583333333334ori_Loss :3.68569278717041 sup_loss_0: 13.605306625366211 
DEBUG:root:Epoch: 1889 Loss: -5.872013568878174 accuracy: 31.591796875 sim: 0 mscr: 28.7314453125 nes: 170.9375ori_Loss :3.6144967079162598 sup_loss_0: 13.576839447021484 
DEBUG:root:Epoch: 1890 Loss: -5.872036933898926 accuracy: 30.9814453125 sim: 0 mscr: 28.673095703125 nes: 170.875ori_Loss :3.6094839572906494 sup_loss_0: 13.577051162719727 
DEBUG:root:Epoch: 1891 Loss: -5.867124080657959 accuracy: 30.6396484375 sim: 0 mscr: 28.522216796875 nes: 170.9375ori_Loss :3.6473841667175293 sup_loss_0: 13.618624687194824 
DEBUG:root:Epoch: 1892 Loss: -5.8693742752075195 accuracy: 31.298828125 sim: 0 mscr: 28.735107421875 nes: 170.89583333333331ori_Loss :3.623884916305542 sup_loss_0: 13.603589057922363 
DEBUG:root:Epoch: 1893 Loss: -5.876360893249512 accuracy: 31.591796875 sim: 0 mscr: 28.744873046875 nes: 170.89583333333334ori_Loss :3.6956944465637207 sup_loss_0: 13.658294677734375 
DEBUG:root:Epoch: 1894 Loss: -5.866431713104248 accuracy: 30.37109375 sim: 0 mscr: 28.784912109375 nes: 170.85416666666666ori_Loss :3.6965343952178955 sup_loss_0: 13.649845123291016 
DEBUG:root:Epoch: 1895 Loss: -5.863382339477539 accuracy: 32.4951171875 sim: 0 mscr: 28.694091796875 nes: 170.89583333333334ori_Loss :3.6766488552093506 sup_loss_0: 13.647350311279297 
DEBUG:root:Epoch: 1896 Loss: -5.878356456756592 accuracy: 31.8359375 sim: 0 mscr: 28.575439453125 nes: 170.95833333333331ori_Loss :3.674226999282837 sup_loss_0: 13.609195709228516 
DEBUG:root:Epoch: 1897 Loss: -5.8824052810668945 accuracy: 31.54296875 sim: 0 mscr: 28.64697265625 nes: 170.9375ori_Loss :3.6764652729034424 sup_loss_0: 13.67782211303711 
DEBUG:root:Epoch: 1898 Loss: -5.859248161315918 accuracy: 31.4453125 sim: 0 mscr: 28.716796875 nes: 170.95833333333331ori_Loss :3.8916521072387695 sup_loss_0: 13.740924835205078 
DEBUG:root:Epoch: 1899 Loss: -5.871332168579102 accuracy: 31.8359375 sim: 0 mscr: 28.629638671875 nes: 170.91666666666666ori_Loss :3.7092154026031494 sup_loss_0: 13.666807174682617 
DEBUG:root:Epoch: 1900 Loss: -5.864167213439941 accuracy: 31.9091796875 sim: 0 mscr: 28.655029296875 nes: 170.91666666666663ori_Loss :3.704719305038452 sup_loss_0: 13.614448547363281 
DEBUG:root:Epoch: 1901 Loss: -5.876546859741211 accuracy: 31.640625 sim: 0 mscr: 28.79541015625 nes: 170.89583333333334ori_Loss :3.6637532711029053 sup_loss_0: 13.62835693359375 
DEBUG:root:Epoch: 1902 Loss: -5.880856990814209 accuracy: 30.46875 sim: 0 mscr: 28.67236328125 nes: 170.91666666666663ori_Loss :3.565051317214966 sup_loss_0: 13.52328872680664 
DEBUG:root:Epoch: 1903 Loss: -5.881555557250977 accuracy: 31.0791015625 sim: 0 mscr: 28.74853515625 nes: 170.89583333333334ori_Loss :3.7230498790740967 sup_loss_0: 13.693593978881836 
DEBUG:root:Epoch: 1904 Loss: -5.87955379486084 accuracy: 31.25 sim: 0 mscr: 28.7392578125 nes: 170.875ori_Loss :3.622568368911743 sup_loss_0: 13.589951515197754 
DEBUG:root:Epoch: 1905 Loss: -5.876002311706543 accuracy: 32.1044921875 sim: 0 mscr: 28.731201171875 nes: 170.91666666666669ori_Loss :3.523301601409912 sup_loss_0: 13.544168472290039 
DEBUG:root:Epoch: 1906 Loss: -5.868529796600342 accuracy: 31.0302734375 sim: 0 mscr: 28.710205078125 nes: 170.95833333333334ori_Loss :3.5706629753112793 sup_loss_0: 13.551294326782227 
DEBUG:root:Epoch: 1907 Loss: -5.882556915283203 accuracy: 30.8349609375 sim: 0 mscr: 28.735595703125 nes: 170.93749999999997ori_Loss :3.669642686843872 sup_loss_0: 13.654791831970215 
DEBUG:root:Epoch: 1908 Loss: -5.875292778015137 accuracy: 31.6650390625 sim: 0 mscr: 28.71044921875 nes: 170.95833333333331ori_Loss :3.617612600326538 sup_loss_0: 13.617520332336426 
DEBUG:root:Epoch: 1909 Loss: -5.878902435302734 accuracy: 31.7626953125 sim: 0 mscr: 28.71435546875 nes: 170.89583333333331ori_Loss :3.7134525775909424 sup_loss_0: 13.731815338134766 
DEBUG:root:Epoch: 1910 Loss: -5.88236665725708 accuracy: 31.201171875 sim: 0 mscr: 28.778564453125 nes: 170.89583333333334ori_Loss :3.7922489643096924 sup_loss_0: 13.726659774780273 
DEBUG:root:Epoch: 1911 Loss: -5.87739372253418 accuracy: 31.9580078125 sim: 0 mscr: 28.72412109375 nes: 170.85416666666666ori_Loss :3.749253034591675 sup_loss_0: 13.701025009155273 
DEBUG:root:Epoch: 1912 Loss: -5.88127326965332 accuracy: 31.6650390625 sim: 0 mscr: 28.72412109375 nes: 170.875ori_Loss :3.807304859161377 sup_loss_0: 13.743646621704102 
DEBUG:root:Epoch: 1913 Loss: -5.875303268432617 accuracy: 31.396484375 sim: 0 mscr: 28.739013671875 nes: 170.8125ori_Loss :3.7145612239837646 sup_loss_0: 13.633574485778809 
DEBUG:root:Epoch: 1914 Loss: -5.848976135253906 accuracy: 32.0556640625 sim: 0 mscr: 28.63037109375 nes: 170.89583333333334ori_Loss :3.61307692527771 sup_loss_0: 13.548063278198242 
DEBUG:root:Epoch: 1915 Loss: -5.883721351623535 accuracy: 30.908203125 sim: 0 mscr: 28.60205078125 nes: 170.91666666666666ori_Loss :3.7250988483428955 sup_loss_0: 13.6864013671875 
DEBUG:root:Epoch: 1916 Loss: -5.876511096954346 accuracy: 32.2021484375 sim: 0 mscr: 28.64794921875 nes: 170.9375ori_Loss :3.64119291305542 sup_loss_0: 13.63728141784668 
DEBUG:root:Epoch: 1917 Loss: -5.875492095947266 accuracy: 31.7626953125 sim: 0 mscr: 28.766845703125 nes: 170.95833333333331ori_Loss :3.7993838787078857 sup_loss_0: 13.697413444519043 
DEBUG:root:Epoch: 1918 Loss: -5.8686676025390625 accuracy: 31.0546875 sim: 0 mscr: 28.722412109375 nes: 170.91666666666666ori_Loss :3.760887861251831 sup_loss_0: 13.750789642333984 
DEBUG:root:Epoch: 1919 Loss: -5.881510257720947 accuracy: 31.4453125 sim: 0 mscr: 28.565185546875 nes: 170.91666666666663ori_Loss :3.719926118850708 sup_loss_0: 13.716272354125977 
DEBUG:root:Epoch: 1920 Loss: -5.869991302490234 accuracy: 30.517578125 sim: 0 mscr: 28.6416015625 nes: 170.91666666666669ori_Loss :3.6353354454040527 sup_loss_0: 13.577716827392578 
DEBUG:root:Epoch: 1921 Loss: -5.88103723526001 accuracy: 31.201171875 sim: 0 mscr: 28.77783203125 nes: 170.85416666666666ori_Loss :3.5986244678497314 sup_loss_0: 13.59686279296875 
DEBUG:root:Epoch: 1922 Loss: -5.869095325469971 accuracy: 32.2509765625 sim: 0 mscr: 28.685302734375 nes: 170.95833333333331ori_Loss :3.700230598449707 sup_loss_0: 13.642614364624023 
DEBUG:root:Epoch: 1923 Loss: -5.86228609085083 accuracy: 31.7138671875 sim: 0 mscr: 28.728759765625 nes: 170.95833333333331ori_Loss :3.7731800079345703 sup_loss_0: 13.63257884979248 
DEBUG:root:Epoch: 1924 Loss: -5.8820061683654785 accuracy: 31.6650390625 sim: 0 mscr: 28.734619140625 nes: 170.95833333333331ori_Loss :3.6418235301971436 sup_loss_0: 13.62704086303711 
DEBUG:root:Epoch: 1925 Loss: -5.871410369873047 accuracy: 32.1533203125 sim: 0 mscr: 28.787109375 nes: 170.87499999999997ori_Loss :3.696331739425659 sup_loss_0: 13.65268325805664 
DEBUG:root:Epoch: 1926 Loss: -5.857698440551758 accuracy: 31.201171875 sim: 0 mscr: 28.749755859375 nes: 170.83333333333331ori_Loss :3.67950701713562 sup_loss_0: 13.577152252197266 
DEBUG:root:Epoch: 1927 Loss: -5.864653587341309 accuracy: 31.298828125 sim: 0 mscr: 28.74560546875 nes: 170.97916666666666ori_Loss :3.6346657276153564 sup_loss_0: 13.593982696533203 
DEBUG:root:Epoch: 1928 Loss: -5.874169826507568 accuracy: 31.494140625 sim: 0 mscr: 28.707763671875 nes: 170.91666666666669ori_Loss :3.6175923347473145 sup_loss_0: 13.642023086547852 
DEBUG:root:Epoch: 1929 Loss: -5.8722124099731445 accuracy: 30.4443359375 sim: 0 mscr: 28.66796875 nes: 170.9375ori_Loss :3.663877248764038 sup_loss_0: 13.625882148742676 
DEBUG:root:Epoch: 1930 Loss: -5.882223129272461 accuracy: 31.4208984375 sim: 0 mscr: 28.825439453125 nes: 170.9375ori_Loss :3.6866939067840576 sup_loss_0: 13.67056655883789 
DEBUG:root:Epoch: 1931 Loss: -5.866296768188477 accuracy: 30.859375 sim: 0 mscr: 28.7763671875 nes: 170.9375ori_Loss :3.6656229496002197 sup_loss_0: 13.653772354125977 
DEBUG:root:Epoch: 1932 Loss: -5.859498500823975 accuracy: 30.859375 sim: 0 mscr: 28.65283203125 nes: 170.95833333333331ori_Loss :3.6329293251037598 sup_loss_0: 13.612472534179688 
DEBUG:root:Epoch: 1933 Loss: -5.875453948974609 accuracy: 31.15234375 sim: 0 mscr: 28.725830078125 nes: 170.87499999999997ori_Loss :3.621481418609619 sup_loss_0: 13.487760543823242 
DEBUG:root:Epoch: 1934 Loss: -5.868084907531738 accuracy: 31.787109375 sim: 0 mscr: 28.698974609375 nes: 170.875ori_Loss :3.8199422359466553 sup_loss_0: 13.696342468261719 
DEBUG:root:Epoch: 1935 Loss: -5.870536804199219 accuracy: 31.54296875 sim: 0 mscr: 28.627197265625 nes: 170.91666666666666ori_Loss :3.6894495487213135 sup_loss_0: 13.649867057800293 
DEBUG:root:Epoch: 1936 Loss: -5.858561038970947 accuracy: 31.5673828125 sim: 0 mscr: 28.728271484375 nes: 170.89583333333334ori_Loss :3.7576189041137695 sup_loss_0: 13.66807746887207 
DEBUG:root:Epoch: 1937 Loss: -5.872219085693359 accuracy: 30.1513671875 sim: 0 mscr: 28.7099609375 nes: 170.875ori_Loss :3.646831750869751 sup_loss_0: 13.640668869018555 
DEBUG:root:Epoch: 1938 Loss: -5.874306678771973 accuracy: 32.03125 sim: 0 mscr: 28.75537109375 nes: 170.89583333333334ori_Loss :3.688913583755493 sup_loss_0: 13.663421630859375 
DEBUG:root:Epoch: 1939 Loss: -5.863215446472168 accuracy: 30.3466796875 sim: 0 mscr: 28.562744140625 nes: 170.85416666666666ori_Loss :3.7139892578125 sup_loss_0: 13.694010734558105 
DEBUG:root:Epoch: 1940 Loss: -5.858666896820068 accuracy: 30.1513671875 sim: 0 mscr: 28.806640625 nes: 170.87499999999997ori_Loss :3.526346206665039 sup_loss_0: 13.540878295898438 
DEBUG:root:Epoch: 1941 Loss: -5.859479904174805 accuracy: 30.859375 sim: 0 mscr: 28.755615234375 nes: 170.97916666666666ori_Loss :3.6705150604248047 sup_loss_0: 13.606573104858398 
DEBUG:root:Epoch: 1942 Loss: -5.875761032104492 accuracy: 30.8349609375 sim: 0 mscr: 28.621826171875 nes: 170.91666666666666ori_Loss :3.737736701965332 sup_loss_0: 13.71473503112793 
DEBUG:root:Epoch: 1943 Loss: -5.872721195220947 accuracy: 32.4462890625 sim: 0 mscr: 28.758056640625 nes: 170.89583333333331ori_Loss :3.705294132232666 sup_loss_0: 13.687274932861328 
DEBUG:root:Epoch: 1944 Loss: -5.870608806610107 accuracy: 31.6162109375 sim: 0 mscr: 28.767578125 nes: 170.875ori_Loss :3.578369379043579 sup_loss_0: 13.545137405395508 
DEBUG:root:Epoch: 1945 Loss: -5.871176242828369 accuracy: 31.7626953125 sim: 0 mscr: 28.715087890625 nes: 170.89583333333331ori_Loss :3.649050712585449 sup_loss_0: 13.629695892333984 
DEBUG:root:Epoch: 1946 Loss: -5.868804931640625 accuracy: 31.5673828125 sim: 0 mscr: 28.82861328125 nes: 170.89583333333334ori_Loss :3.540440797805786 sup_loss_0: 13.521307945251465 
DEBUG:root:Epoch: 1947 Loss: -5.883169174194336 accuracy: 31.34765625 sim: 0 mscr: 28.716064453125 nes: 170.97916666666669ori_Loss :3.6283721923828125 sup_loss_0: 13.58245849609375 
DEBUG:root:Epoch: 1948 Loss: -5.880707263946533 accuracy: 31.93359375 sim: 0 mscr: 28.751953125 nes: 170.8958333333333ori_Loss :3.7174460887908936 sup_loss_0: 13.685346603393555 
DEBUG:root:Epoch: 1949 Loss: -5.864436149597168 accuracy: 30.9326171875 sim: 0 mscr: 28.76318359375 nes: 170.95833333333331ori_Loss :3.7992372512817383 sup_loss_0: 13.728961944580078 
DEBUG:root:Epoch: 1950 Loss: -5.860274791717529 accuracy: 31.5185546875 sim: 0 mscr: 28.683349609375 nes: 170.91666666666669ori_Loss :3.5276947021484375 sup_loss_0: 13.4693603515625 
DEBUG:root:Epoch: 1951 Loss: -5.881167411804199 accuracy: 31.689453125 sim: 0 mscr: 28.67041015625 nes: 170.875ori_Loss :3.6270411014556885 sup_loss_0: 13.63616943359375 
DEBUG:root:Epoch: 1952 Loss: -5.86235237121582 accuracy: 31.396484375 sim: 0 mscr: 28.6162109375 nes: 170.9375ori_Loss :3.6361169815063477 sup_loss_0: 13.594172477722168 
DEBUG:root:Epoch: 1953 Loss: -5.866001605987549 accuracy: 30.8837890625 sim: 0 mscr: 28.6025390625 nes: 170.89583333333331ori_Loss :3.74558687210083 sup_loss_0: 13.66679573059082 
DEBUG:root:Epoch: 1954 Loss: -5.874624252319336 accuracy: 31.2255859375 sim: 0 mscr: 28.70458984375 nes: 170.91666666666666ori_Loss :3.660231351852417 sup_loss_0: 13.660135269165039 
DEBUG:root:Epoch: 1955 Loss: -5.879426956176758 accuracy: 31.0302734375 sim: 0 mscr: 28.75634765625 nes: 170.87499999999997ori_Loss :3.662719488143921 sup_loss_0: 13.640815734863281 
DEBUG:root:Epoch: 1956 Loss: -5.874072551727295 accuracy: 31.0546875 sim: 0 mscr: 28.671142578125 nes: 170.95833333333331ori_Loss :3.6664774417877197 sup_loss_0: 13.637405395507812 
DEBUG:root:Epoch: 1957 Loss: -5.87959623336792 accuracy: 31.3720703125 sim: 0 mscr: 28.587158203125 nes: 170.89583333333331ori_Loss :3.6491687297821045 sup_loss_0: 13.57353401184082 
DEBUG:root:Epoch: 1958 Loss: -5.878030300140381 accuracy: 31.005859375 sim: 0 mscr: 28.689208984375 nes: 170.9375ori_Loss :3.6278042793273926 sup_loss_0: 13.587129592895508 
DEBUG:root:Epoch: 1959 Loss: -5.863261699676514 accuracy: 30.95703125 sim: 0 mscr: 28.70849609375 nes: 170.9375ori_Loss :3.6615562438964844 sup_loss_0: 13.68076229095459 
DEBUG:root:Epoch: 1960 Loss: -5.8571062088012695 accuracy: 29.58984375 sim: 0 mscr: 28.785888671875 nes: 170.91666666666666ori_Loss :3.6826624870300293 sup_loss_0: 13.66873550415039 
DEBUG:root:Epoch: 1961 Loss: -5.867342472076416 accuracy: 30.3955078125 sim: 0 mscr: 28.7099609375 nes: 170.89583333333334ori_Loss :3.749206781387329 sup_loss_0: 13.670971870422363 
DEBUG:root:Epoch: 1962 Loss: -5.880094528198242 accuracy: 30.4443359375 sim: 0 mscr: 28.734375 nes: 170.91666666666666ori_Loss :3.664072275161743 sup_loss_0: 13.639379501342773 
DEBUG:root:Epoch: 1963 Loss: -5.86869478225708 accuracy: 31.9580078125 sim: 0 mscr: 28.684326171875 nes: 170.91666666666669ori_Loss :3.677468776702881 sup_loss_0: 13.600587844848633 
DEBUG:root:Epoch: 1964 Loss: -5.878894805908203 accuracy: 31.4208984375 sim: 0 mscr: 28.597412109375 nes: 170.85416666666666ori_Loss :3.6399142742156982 sup_loss_0: 13.60651969909668 
DEBUG:root:Epoch: 1965 Loss: -5.8674468994140625 accuracy: 30.9326171875 sim: 0 mscr: 28.623291015625 nes: 170.93749999999997ori_Loss :3.711634874343872 sup_loss_0: 13.551408767700195 
DEBUG:root:Epoch: 1966 Loss: -5.878350734710693 accuracy: 31.7626953125 sim: 0 mscr: 28.658447265625 nes: 170.93749999999997ori_Loss :3.65376353263855 sup_loss_0: 13.608609199523926 
DEBUG:root:Epoch: 1967 Loss: -5.875281810760498 accuracy: 31.884765625 sim: 0 mscr: 28.75048828125 nes: 170.875ori_Loss :3.7422327995300293 sup_loss_0: 13.645139694213867 
DEBUG:root:Epoch: 1968 Loss: -5.8730974197387695 accuracy: 31.4697265625 sim: 0 mscr: 28.74560546875 nes: 170.85416666666666ori_Loss :3.638415575027466 sup_loss_0: 13.607419967651367 
DEBUG:root:Epoch: 1969 Loss: -5.870982646942139 accuracy: 31.5673828125 sim: 0 mscr: 28.59814453125 nes: 170.9375ori_Loss :3.707526922225952 sup_loss_0: 13.682014465332031 
DEBUG:root:Epoch: 1970 Loss: -5.863126754760742 accuracy: 30.029296875 sim: 0 mscr: 28.77685546875 nes: 170.83333333333331ori_Loss :3.7306952476501465 sup_loss_0: 13.67211627960205 
DEBUG:root:Epoch: 1971 Loss: -5.879457473754883 accuracy: 32.03125 sim: 0 mscr: 28.740234375 nes: 170.91666666666666ori_Loss :3.620939254760742 sup_loss_0: 13.63241195678711 
DEBUG:root:Epoch: 1972 Loss: -5.872730255126953 accuracy: 31.1279296875 sim: 0 mscr: 28.72509765625 nes: 170.93749999999997ori_Loss :3.784836769104004 sup_loss_0: 13.72374153137207 
DEBUG:root:Epoch: 1973 Loss: -5.876743316650391 accuracy: 30.810546875 sim: 0 mscr: 28.6435546875 nes: 170.9375ori_Loss :3.538115978240967 sup_loss_0: 13.535624504089355 
DEBUG:root:Epoch: 1974 Loss: -5.870095729827881 accuracy: 30.95703125 sim: 0 mscr: 28.687255859375 nes: 170.91666666666666ori_Loss :3.7346370220184326 sup_loss_0: 13.66867446899414 
DEBUG:root:Epoch: 1975 Loss: -5.8455657958984375 accuracy: 31.0302734375 sim: 0 mscr: 28.7509765625 nes: 170.91666666666666ori_Loss :3.7249677181243896 sup_loss_0: 13.638630867004395 
DEBUG:root:Epoch: 1976 Loss: -5.867112159729004 accuracy: 30.8837890625 sim: 0 mscr: 28.68310546875 nes: 170.93749999999997ori_Loss :3.7197914123535156 sup_loss_0: 13.634004592895508 
DEBUG:root:Epoch: 1977 Loss: -5.884243965148926 accuracy: 31.9091796875 sim: 0 mscr: 28.709716796875 nes: 170.91666666666666ori_Loss :3.752664089202881 sup_loss_0: 13.685089111328125 
DEBUG:root:Epoch: 1978 Loss: -5.870092868804932 accuracy: 31.8603515625 sim: 0 mscr: 28.69091796875 nes: 170.97916666666666ori_Loss :3.6476728916168213 sup_loss_0: 13.684765815734863 
DEBUG:root:Epoch: 1979 Loss: -5.8674397468566895 accuracy: 32.3486328125 sim: 0 mscr: 28.6650390625 nes: 170.95833333333334ori_Loss :3.698089122772217 sup_loss_0: 13.708428382873535 
DEBUG:root:Epoch: 1980 Loss: -5.876603126525879 accuracy: 32.4462890625 sim: 0 mscr: 28.67236328125 nes: 170.91666666666666ori_Loss :3.776937246322632 sup_loss_0: 13.694158554077148 
DEBUG:root:Epoch: 1981 Loss: -5.874725818634033 accuracy: 31.25 sim: 0 mscr: 28.71044921875 nes: 170.85416666666666ori_Loss :3.5054686069488525 sup_loss_0: 13.476436614990234 
DEBUG:root:Epoch: 1982 Loss: -5.889637470245361 accuracy: 31.298828125 sim: 0 mscr: 28.671630859375 nes: 170.89583333333334ori_Loss :3.6325008869171143 sup_loss_0: 13.6497802734375 
DEBUG:root:Epoch: 1983 Loss: -5.852300643920898 accuracy: 31.689453125 sim: 0 mscr: 28.629150390625 nes: 170.9375ori_Loss :3.763688087463379 sup_loss_0: 13.644074440002441 
DEBUG:root:Epoch: 1984 Loss: -5.87067174911499 accuracy: 32.2509765625 sim: 0 mscr: 28.731689453125 nes: 170.9375ori_Loss :3.806349277496338 sup_loss_0: 13.711297988891602 
DEBUG:root:Epoch: 1985 Loss: -5.8652024269104 accuracy: 31.8115234375 sim: 0 mscr: 28.783447265625 nes: 170.91666666666669ori_Loss :3.699505567550659 sup_loss_0: 13.674238204956055 
DEBUG:root:Epoch: 1986 Loss: -5.86768102645874 accuracy: 30.9326171875 sim: 0 mscr: 28.665283203125 nes: 170.9375ori_Loss :3.717977285385132 sup_loss_0: 13.629329681396484 
DEBUG:root:Epoch: 1987 Loss: -5.862869739532471 accuracy: 31.1279296875 sim: 0 mscr: 28.66357421875 nes: 170.97916666666666ori_Loss :3.7448244094848633 sup_loss_0: 13.620548248291016 
DEBUG:root:Epoch: 1988 Loss: -5.881130695343018 accuracy: 31.640625 sim: 0 mscr: 28.71435546875 nes: 170.91666666666666ori_Loss :3.667694568634033 sup_loss_0: 13.64295768737793 
DEBUG:root:Epoch: 1989 Loss: -5.882056713104248 accuracy: 31.8359375 sim: 0 mscr: 28.63427734375 nes: 170.89583333333337ori_Loss :3.745178461074829 sup_loss_0: 13.68836784362793 
DEBUG:root:Epoch: 1990 Loss: -5.8631272315979 accuracy: 31.005859375 sim: 0 mscr: 28.73876953125 nes: 170.97916666666669ori_Loss :3.5794596672058105 sup_loss_0: 13.57602310180664 
DEBUG:root:Epoch: 1991 Loss: -5.868972301483154 accuracy: 30.8349609375 sim: 0 mscr: 28.736572265625 nes: 170.93749999999997ori_Loss :3.6029586791992188 sup_loss_0: 13.539810180664062 
DEBUG:root:Epoch: 1992 Loss: -5.88216495513916 accuracy: 32.6171875 sim: 0 mscr: 28.699951171875 nes: 170.93749999999997ori_Loss :3.6550023555755615 sup_loss_0: 13.62944507598877 
DEBUG:root:Epoch: 1993 Loss: -5.867204666137695 accuracy: 30.9814453125 sim: 0 mscr: 28.6748046875 nes: 170.97916666666666ori_Loss :3.626633644104004 sup_loss_0: 13.62002944946289 
DEBUG:root:Epoch: 1994 Loss: -5.883839130401611 accuracy: 31.34765625 sim: 0 mscr: 28.736083984375 nes: 170.875ori_Loss :3.6652984619140625 sup_loss_0: 13.663060188293457 
DEBUG:root:Epoch: 1995 Loss: -5.8684468269348145 accuracy: 32.470703125 sim: 0 mscr: 28.635498046875 nes: 170.85416666666666ori_Loss :3.6441333293914795 sup_loss_0: 13.628952026367188 
DEBUG:root:Epoch: 1996 Loss: -5.855785846710205 accuracy: 29.98046875 sim: 0 mscr: 28.667236328125 nes: 170.95833333333331ori_Loss :3.68035626411438 sup_loss_0: 13.644254684448242 
DEBUG:root:Epoch: 1997 Loss: -5.858244895935059 accuracy: 31.103515625 sim: 0 mscr: 28.729736328125 nes: 170.89583333333334ori_Loss :3.5846683979034424 sup_loss_0: 13.558465957641602 
DEBUG:root:Epoch: 1998 Loss: -5.879627227783203 accuracy: 31.396484375 sim: 0 mscr: 28.69140625 nes: 170.91666666666666ori_Loss :3.7829337120056152 sup_loss_0: 13.752500534057617 
DEBUG:root:Epoch: 1999 Loss: -5.8718085289001465 accuracy: 30.6884765625 sim: 0 mscr: 28.602783203125 nes: 170.89583333333334ori_Loss :3.7040393352508545 sup_loss_0: 13.648123741149902 
INFO:root:Training has finished.
INFO:root:Model of Epoch 1882 checkpoint and metadata has been saved at ./runs/shot_train0/HHAR/.
