true_label,predicted_label,prob_class_0,prob_class_1,prob_class_2,prob_class_3,prob_class_4,prob_class_5,prob_class_6,prob_class_7,prob_class_8,prob_class_9,prob_class_10,prob_class_11,prob_class_12,prob_class_13,prob_class_14,prob_class_15,prob_class_16,prob_class_17,prob_class_18,prob_class_19,correct
18.0,18,-0.28091434,-0.7250818,-0.43864986,-1.5289031,-1.2923287,0.072017334,0.7108218,-3.2470946,0.5268144,-0.36279145,0.75583977,-1.8531586,0.7408272,-1.9656026,-1.9302839,0.7176668,-2.1997056,-2.3258681,12.805267,2.8409028,1
18.0,18,-0.28090385,-0.7249359,-0.43859264,-1.528872,-1.2922189,0.07204353,0.71093804,-3.2472074,0.52660054,-0.36273834,0.75587916,-1.8531867,0.74038076,-1.9655318,-1.9302593,0.7177788,-2.1995642,-2.3258479,12.805263,2.8411198,1
18.0,18,-0.28077057,-0.7244593,-0.4382042,-1.5287297,-1.2919197,0.07212792,0.7110342,-3.2476153,0.525701,-0.36265695,0.75583476,-1.8532186,0.73933095,-1.9650589,-1.9301423,0.7181163,-2.1991718,-2.3258085,12.805201,2.8425043,1
18.0,18,-0.28059784,-0.7246623,-0.43794245,-1.528689,-1.2918677,0.07199093,0.7106577,-3.247683,0.5257474,-0.36269304,0.7554633,-1.8532926,0.74037445,-1.9650083,-1.9301771,0.7182014,-2.1995232,-2.3259652,12.805153,2.842881,1
18.0,18,-0.28090835,-0.7247576,-0.4384928,-1.5288411,-1.2921501,0.072082415,0.7110287,-3.247336,0.5263206,-0.3627135,0.75590116,-1.8531762,0.7399475,-1.965362,-1.9301944,0.7178616,-2.199423,-2.325819,12.805252,2.8415823,1
18.0,18,-0.2809003,-0.7250429,-0.43859482,-1.5288873,-1.2922702,0.072039336,0.7108145,-3.247155,0.526733,-0.36274895,0.7558083,-1.8531835,0.740756,-1.9655656,-1.9302843,0.7177277,-2.1996875,-2.3258722,12.8052635,2.8409843,1
0.0,0,11.111745,6.2348824,1.5193176,-2.0225437,-1.8083594,-1.2758046,2.1150877,-0.44687378,-0.39128575,-1.3693197,-0.90998346,-3.819029,-1.0582112,-0.79116285,-3.1388707,-2.9765182,-0.33512375,-3.1730573,-1.3022757,-3.4335785,1
0.0,0,11.111744,6.235321,1.5186499,-2.0225017,-1.8084092,-1.2757165,2.1148322,-0.44655502,-0.3916877,-1.3688387,-0.9098186,-3.8190954,-1.058331,-0.7910873,-3.1389675,-2.9765112,-0.33514783,-3.172873,-1.302279,-3.4335754,1
0.0,0,11.111672,6.2374454,1.514834,-2.0225708,-1.8086876,-1.27523,2.1136286,-0.44492605,-0.39355233,-1.3662616,-0.90901816,-3.819436,-1.0589833,-0.7907726,-3.1393976,-2.9764142,-0.3352555,-3.1720269,-1.3019801,-3.433425,1
0.0,0,11.111896,6.237584,1.5141188,-2.0224411,-1.8085794,-1.274968,2.1130779,-0.44451642,-0.39399868,-1.3658998,-0.9088736,-3.8194392,-1.0590131,-0.79058826,-3.1396327,-2.9763794,-0.33530504,-3.171729,-1.302119,-3.4334962,1
0.0,0,11.111671,6.235312,1.5186487,-2.0226123,-1.808448,-1.2757602,2.1149724,-0.44661838,-0.3915141,-1.3688605,-0.9098482,-3.8191082,-1.0583599,-0.79114574,-3.1389017,-2.9765258,-0.33516592,-3.1729567,-1.3021743,-3.4335182,1
0.0,0,11.111783,6.2351074,1.5189562,-2.0224624,-1.8083702,-1.275737,2.114887,-0.44667104,-0.39156118,-1.3690834,-0.9098801,-3.8190372,-1.0582415,-0.7911013,-3.1389594,-2.9765203,-0.33512852,-3.1729207,-1.3023505,-3.433607,1
2.0,9,-1.1867061,-0.788505,5.746761,-0.6864774,-2.7621062,-1.8763504,-3.4096692,-0.5118018,0.18440472,10.394644,-0.78974444,-2.541946,-0.31674966,-0.24589998,-1.593368,0.091511555,0.5485257,-0.6867187,0.9367851,-1.6295022,0
2.0,9,-1.1867748,-0.7885264,5.746381,-0.6864913,-2.762164,-1.8763942,-3.409703,-0.5117335,0.18438707,10.394868,-0.78969127,-2.541918,-0.31666407,-0.24580732,-1.5933883,0.091534875,0.54849756,-0.68672127,0.9367848,-1.6294848,0
2.0,9,-1.1869255,-0.78841394,5.745724,-0.68651175,-2.7621994,-1.8764353,-3.4098682,-0.51157016,0.1843792,10.395233,-0.7896243,-2.541755,-0.31671262,-0.2456227,-1.5933937,0.09157439,0.5484208,-0.6867083,0.93660724,-1.6293387,0
2.0,9,-1.1867952,-0.7881349,5.746756,-0.6864428,-2.7619808,-1.8762208,-3.4097881,-0.5117083,0.18441418,10.394529,-0.7897482,-2.541756,-0.3173406,-0.24600086,-1.5933461,0.091520414,0.5484367,-0.6866227,0.93676823,-1.6291571,0
2.0,9,-1.1867932,-0.7885216,5.7463164,-0.68649435,-2.7621691,-1.8764,-3.4097173,-0.5117204,0.18438733,10.394899,-0.78968334,-2.5419014,-0.31666246,-0.24578953,-1.5933863,0.09153989,0.54848915,-0.68671924,0.93677187,-1.62947,0
2.0,9,-1.186755,-0.78848374,5.746531,-0.68648404,-2.76213,-1.8763695,-3.4097066,-0.51174945,0.18440184,10.39477,-0.7897209,-2.5419102,-0.3167373,-0.24583608,-1.59338,0.09152447,0.54849964,-0.6867208,0.9367561,-1.6294693,0
9.0,9,-1.1962378,-2.0367136,0.9835569,0.005506926,-2.2221608,-2.027689,-3.5225298,0.30394033,-0.31596556,11.709689,-0.5272004,-2.4330082,0.35836634,2.613338,-3.3013787,1.0586305,-0.09918733,0.35498482,-1.6273221,-0.66507137,1
9.0,9,-1.1962618,-2.036736,0.9835706,0.005575658,-2.2221146,-2.0274744,-3.5225792,0.30395663,-0.3159785,11.709585,-0.52735347,-2.432978,0.35830826,2.6135793,-3.3014207,1.058612,-0.09920086,0.3550589,-1.627541,-0.66512614,1
9.0,9,-1.1965029,-2.037013,0.98274195,0.005909714,-2.2217069,-2.0254,-3.5231817,0.30431074,-0.31586653,11.708681,-0.52855855,-2.4321194,0.35755017,2.6155272,-3.301937,1.0583998,-0.09948401,0.35610032,-1.6292526,-0.66500086,1
9.0,9,-1.1961514,-2.0365815,0.98391753,0.00542765,-2.2222173,-2.0285392,-3.522288,0.3038069,-0.31606835,11.709992,-0.5267595,-2.433439,0.35863206,2.612468,-3.3011909,1.0588448,-0.099029794,0.35458466,-1.6266361,-0.6651043,1
9.0,9,-1.1963241,-2.036818,0.9832777,0.0055919057,-2.221987,-2.026964,-3.522734,0.30407378,-0.31592596,11.709364,-0.52762777,-2.4327343,0.35809624,2.6139615,-3.3015842,1.0586301,-0.09928109,0.3553598,-1.6279035,-0.66503066,1
9.0,9,-1.1963342,-2.0368223,0.9832559,0.0056039644,-2.2219462,-2.026904,-3.5227501,0.30409077,-0.31593344,11.709322,-0.52767926,-2.432725,0.35806483,2.6139894,-3.301612,1.0586622,-0.099275246,0.355401,-1.627949,-0.66501725,1
8.0,8,-0.3191505,-4.4955287,-0.2745416,-1.8947144,-2.4111812,-0.76951563,-2.758533,-1.3202788,11.08443,5.886434,-1.6375676,-0.3899145,1.3576322,-1.2706754,-1.0038228,-2.8434572,-0.6992555,-1.9959522,-2.1289678,1.1502976,1
8.0,8,-0.31919098,-4.4957547,-0.27478102,-1.8947068,-2.4115162,-0.7696858,-2.7587926,-1.3204461,11.08398,5.8874054,-1.637233,-0.38975668,1.3574961,-1.2705848,-1.0037303,-2.8432412,-0.6991274,-1.995762,-2.1289093,1.1506649,1
8.0,8,-0.31935018,-4.4957356,-0.2739611,-1.8948995,-2.411711,-0.76927596,-2.7591949,-1.3203199,11.083642,5.888404,-1.6374493,-0.38989234,1.356006,-1.2703855,-1.0035858,-2.8429885,-0.6988108,-1.9954122,-2.1286762,1.1508285,1
8.0,8,-0.3195509,-4.4954715,-0.27274796,-1.8949839,-2.4116664,-0.76898646,-2.7593255,-1.3201805,11.083743,5.8885117,-1.6381046,-0.3902306,1.3555975,-1.2702793,-1.0036476,-2.8429809,-0.6987053,-1.9953917,-2.1286404,1.1501534,1
8.0,8,-0.31939065,-4.495513,-0.27475816,-1.8947582,-2.4111137,-0.7694271,-2.7585518,-1.3202994,11.084466,5.8865285,-1.6375192,-0.38986152,1.3571199,-1.2707125,-1.0036583,-2.8433123,-0.6992828,-1.9958633,-2.128656,1.1508528,1
8.0,8,-0.31939265,-4.495058,-0.2748492,-1.8948028,-2.4102132,-0.7689911,-2.7578537,-1.319956,11.085608,5.8840623,-1.638041,-0.3900534,1.3570582,-1.2710189,-1.0036986,-2.8437302,-0.6996768,-1.9962481,-2.128512,1.1507711,1
9.0,9,-0.60878915,-3.666033,1.7219976,-0.8802748,-3.9721065,-2.4267964,-3.6960034,-1.3146979,4.401929,11.619273,-0.59586734,-1.2855196,2.6738863,0.58498657,-0.96540743,-1.2357334,0.98690385,-1.8187605,-2.3783937,-1.6932797,1
9.0,9,-0.60920215,-3.6657765,1.7221246,-0.8800362,-3.9721317,-2.4267576,-3.6959348,-1.314583,4.401031,11.619656,-0.5956989,-1.2854438,2.6733391,0.5849298,-0.9653436,-1.2354283,0.98709756,-1.8185385,-2.3779066,-1.693113,1
9.0,9,-0.6097725,-3.6658134,1.7218804,-0.87994856,-3.9716678,-2.4268239,-3.695917,-1.3146546,4.4004936,11.6197405,-0.59548026,-1.2856829,2.6734884,0.58493054,-0.96496546,-1.2353897,0.9876006,-1.8182746,-2.3778167,-1.6936115,1
9.0,9,-0.6099983,-3.6658015,1.7218722,-0.87991506,-3.9714713,-2.4268463,-3.695909,-1.3146635,4.400431,11.619775,-0.59543693,-1.285784,2.6734664,0.5848476,-0.964874,-1.2353896,0.9877358,-1.8182129,-2.3777466,-1.6937402,1
9.0,9,-0.6092775,-3.6658766,1.7220038,-0.880076,-3.9719963,-2.4268026,-3.6959493,-1.3146095,4.4013658,11.6195545,-0.5957479,-1.2855109,2.6735365,0.5848586,-0.9652714,-1.2354997,0.9870787,-1.8185855,-2.3780413,-1.6931632,1
9.0,9,-0.60885864,-3.6662006,1.7217954,-0.8803359,-3.9719596,-2.426886,-3.6960196,-1.3147534,4.4023924,11.619098,-0.5959328,-1.2855903,2.6742857,0.5849298,-0.9653101,-1.2358446,0.9868631,-1.8188322,-2.3786364,-1.6933707,1
7.0,7,-0.6949539,-1.2592571,-1.414484,-2.8832066,-1.0627997,0.003895631,-0.45116037,11.4502945,0.6260137,0.97026235,-0.88788223,0.29423028,-1.5646454,0.035491325,-1.3426901,1.037433,-2.540072,-2.3440363,-3.5847094,0.6553823,1
7.0,7,-0.695276,-1.2591825,-1.4144297,-2.8833685,-1.0628457,0.0034945793,-0.4508996,11.450009,0.6253674,0.97016895,-0.8883295,0.2938344,-1.5645902,0.03565985,-1.3425074,1.0392119,-2.5401366,-2.343967,-3.5846372,0.65562737,1
7.0,7,-0.6935389,-1.2623012,-1.413402,-2.8840024,-1.063029,0.0016799159,-0.4517359,11.449065,0.62709814,0.97217053,-0.8872894,0.2931559,-1.5642309,0.033941187,-1.3441206,1.0410341,-2.540271,-2.3440511,-3.584706,0.6555464,1
7.0,7,-0.69459176,-1.2611138,-1.4140971,-2.8833246,-1.0630542,0.003681751,-0.45137036,11.450101,0.6261595,0.97069484,-0.8876615,0.29457587,-1.5640494,0.034953885,-1.3437623,1.0386679,-2.5401626,-2.3439302,-3.5842962,0.6542249,1
7.0,7,-0.6953374,-1.2591898,-1.4144354,-2.8833864,-1.062879,0.0034609493,-0.45085025,11.449975,0.62526673,0.97013694,-0.8883787,0.29381442,-1.5645697,0.035691917,-1.3424944,1.0394529,-2.5401473,-2.3439608,-3.584602,0.65565383,1
7.0,7,-0.6952861,-1.2589607,-1.4144382,-2.8834577,-1.0628995,0.0032423008,-0.45086753,11.449817,0.625353,0.9702536,-0.8883481,0.29354447,-1.5647131,0.035670884,-1.342326,1.0395935,-2.540128,-2.3440156,-3.584715,0.6561869,1
9.0,9,-2.3648422,-2.905732,0.6391238,-0.64386153,-4.205389,-2.961468,-3.373307,-1.3706988,3.0174034,12.272893,-0.27392,-0.9326476,2.384887,0.40167442,-0.4874561,-0.5768242,0.4405313,-1.3777506,0.40457618,-0.3633672,1
9.0,9,-2.364916,-2.9056177,0.6392106,-0.6437873,-4.205396,-2.9615183,-3.373251,-1.3707231,3.0170841,12.272894,-0.27381885,-0.9326607,2.3848426,0.40167037,-0.4873229,-0.57673115,0.4405325,-1.377678,0.4046097,-0.36341724,1
9.0,9,-2.365326,-2.905344,0.63895476,-0.6436855,-4.205364,-2.9612105,-3.373114,-1.3704028,3.0160968,12.272918,-0.2739895,-0.93271637,2.3843653,0.40182316,-0.48715094,-0.5763636,0.44066253,-1.3774562,0.40552187,-0.36324158,1
9.0,9,-2.3653903,-2.9051008,0.6393327,-0.643561,-4.205289,-2.9613636,-3.373016,-1.3705769,3.0157557,12.272898,-0.2739358,-0.932851,2.3842967,0.4018567,-0.48701146,-0.57635415,0.44067672,-1.3774478,0.40565455,-0.36346737,1
9.0,9,-2.3650677,-2.905482,0.639237,-0.64382076,-4.2053275,-2.9615386,-3.3732712,-1.3707737,3.0173035,12.272882,-0.27394694,-0.9327876,2.3847609,0.4016374,-0.48731095,-0.57679445,0.44043988,-1.3777347,0.40494958,-0.36338106,1
9.0,9,-2.3651292,-2.9055617,0.6390226,-0.6440137,-4.2052464,-2.9614277,-3.3734057,-1.3707396,3.0181613,12.27286,-0.27430496,-0.93289137,2.3847382,0.40160635,-0.4875512,-0.5770162,0.44032708,-1.3779261,0.4053119,-0.3631928,1
10.0,11,-2.222241,-3.6142437,-3.3308053,-0.75264823,-3.1340065,-0.35034242,-1.745809,-2.0908308,0.891679,0.5544791,7.893041,9.529572,-1.9440771,-3.3463013,0.7792305,-1.5202584,-0.09983234,4.2613616,0.18499382,0.59606844,0
10.0,11,-2.222304,-3.6142461,-3.3307521,-0.75271475,-3.13404,-0.35028827,-1.7459145,-2.0908904,0.89172035,0.5544919,7.8929124,9.52956,-1.94404,-3.3462896,0.7792211,-1.5202227,-0.09975135,4.261514,0.18508497,0.5959747,0
10.0,11,-2.2226806,-3.6139503,-3.330656,-0.75480443,-3.134647,-0.350323,-1.746525,-2.0905738,0.89203644,0.5554621,7.8919005,9.528942,-1.9434142,-3.3456485,0.77960145,-1.5197994,-0.10062429,4.263574,0.1854461,0.594841,0
10.0,11,-2.2227192,-3.6141782,-3.3304136,-0.7541746,-3.1345394,-0.35013136,-1.7466583,-2.0908391,0.89243615,0.5552065,7.89167,9.529149,-1.9434607,-3.3459318,0.77935475,-1.5199174,-0.1002723,4.262933,0.1857822,0.594974,0
10.0,11,-2.2223883,-3.6142285,-3.3306663,-0.75285035,-3.1340978,-0.3502228,-1.7461208,-2.090952,0.89178044,0.5545677,7.892702,9.529526,-1.9439721,-3.3462553,0.77921724,-1.5201782,-0.099624574,4.261774,0.18519239,0.59579355,0
10.0,11,-2.222502,-3.614169,-3.330613,-0.75309724,-3.1341846,-0.3501763,-1.7462897,-2.0910091,0.8917387,0.55469227,7.8925815,9.529373,-1.9439042,-3.3461773,0.7792577,-1.5200765,-0.09959374,4.26222,0.1853065,0.5955707,0
1.0,1,1.8340553,11.835477,-1.8448211,2.942795,-2.5841715,-1.9963212,0.006638691,-0.7000037,-1.7825716,-0.5451386,-0.3156837,-1.4011056,-2.4135334,-1.0726756,0.014069803,-2.1293197,-0.06867772,-1.0928341,-0.6479033,1.0799757,1
1.0,1,1.8337656,11.835288,-1.8450499,2.9428673,-2.5841532,-1.9962318,0.0065849125,-0.7000052,-1.7824955,-0.54523814,-0.31565458,-1.400767,-2.4135573,-1.0728024,0.014247239,-2.1292074,-0.068726614,-1.0927781,-0.64786476,1.0802736,1
1.0,1,1.8331416,11.835221,-1.845628,2.941799,-2.5841725,-1.9956224,0.006364852,-0.69960755,-1.7823665,-0.5452415,-0.3158827,-1.3999543,-2.4136634,-1.0728805,0.015087202,-2.1288757,-0.069034055,-1.0926567,-0.6475852,1.0805023,1
1.0,1,1.8332099,11.8353615,-1.8455904,2.9414725,-2.5841882,-1.9955518,0.0063698366,-0.69950956,-1.782408,-0.5451887,-0.31596512,-1.4000373,-2.4136672,-1.072785,0.015157573,-2.1288571,-0.06907214,-1.0926672,-0.64754564,1.0803292,1
1.0,1,1.8339118,11.835409,-1.8449169,2.9427514,-2.5841734,-1.9962606,0.006583467,-0.69997793,-1.7825339,-0.54513747,-0.31569332,-1.4009604,-2.4135416,-1.0727142,0.014184214,-2.1292663,-0.06870647,-1.0928086,-0.64787465,1.0800713,1
1.0,1,1.833882,11.835342,-1.8449515,2.94292,-2.5841563,-1.9962993,0.006618552,-0.7000327,-1.7825263,-0.5452172,-0.31564766,-1.4009129,-2.4135432,-1.072761,0.01414407,-2.1292527,-0.068693995,-1.0928006,-0.6478926,1.0801834,1
16.0,16,1.2179813,-1.4533575,-0.050110053,0.89506024,0.6592704,-0.82297564,-0.08246279,-3.363609,-4.169034,0.3317122,-0.5973226,-1.5065329,0.6301572,-1.2746702,-5.1187105,3.7794225,6.8383665,1.9740628,2.8115537,-2.3471813,1
16.0,16,1.217863,-1.4533806,-0.05015639,0.8950011,0.65928847,-0.8228663,-0.082336575,-3.3635676,-4.169108,0.33173665,-0.59734017,-1.5064954,0.63001835,-1.2745539,-5.1187916,3.779566,6.8382487,1.9743654,2.8113577,-2.3472776,1
16.0,16,1.217904,-1.4534291,-0.050256457,0.8950681,0.6592555,-0.822845,-0.082638234,-3.3634245,-4.1690593,0.33166704,-0.5974611,-1.50603,0.63023347,-1.274623,-5.1187015,3.7795389,6.838635,1.9739588,2.811118,-2.3473225,1
16.0,16,1.2182006,-1.453442,-0.050360624,0.8952702,0.65924037,-0.8228832,-0.08297831,-3.363345,-4.1689734,0.33151138,-0.59755325,-1.505416,0.6303726,-1.2748555,-5.1184196,3.7792075,6.8396015,1.9732232,2.8106422,-2.3473077,1
16.0,16,1.2177291,-1.4534527,-0.05023017,0.89487743,0.6593688,-0.82277334,-0.08200246,-3.3635561,-4.169228,0.33179286,-0.59733504,-1.5065616,0.62984776,-1.2744049,-5.1189423,3.779874,6.8378205,1.9748214,2.8111773,-2.347431,1
16.0,16,1.2178618,-1.4534267,-0.050204407,0.89496785,0.65933204,-0.8228464,-0.082230285,-3.3635514,-4.169144,0.3317475,-0.59734297,-1.5064704,0.6299858,-1.2745324,-5.1188297,3.7796714,6.8381443,1.9744563,2.8112345,-2.347349,1
13.0,13,0.26796907,-2.872797,-0.018032063,-3.2849352,-3.4169629,0.58471054,-2.0122466,-1.763009,2.9286451,0.86050385,-2.6510303,-2.5216377,6.9439893,11.008257,-3.5430608,-1.0001773,-3.766766,0.41642946,-1.8401452,-2.5318038,1
13.0,13,0.2679089,-2.8727937,-0.018057808,-3.284928,-3.416962,0.5847738,-2.0122447,-1.7629962,2.9286296,0.8605193,-2.6510158,-2.5216122,6.943895,11.008309,-3.5430655,-1.000185,-3.7667549,0.41645846,-1.8401479,-2.5317893,1
13.0,13,0.26807588,-2.8728814,-0.018197313,-3.2849326,-3.4169614,0.58480644,-2.012242,-1.7630453,2.928568,0.8604334,-2.6509786,-2.5215137,6.944116,11.008119,-3.54316,-1.0001754,-3.7666762,0.41640848,-1.8400215,-2.531828,1
13.0,13,0.26788193,-2.8728828,-0.018221922,-3.2849696,-3.416962,0.5849359,-2.012249,-1.7629827,2.9286437,0.86051786,-2.6509945,-2.5214956,6.9439316,11.00823,-3.5431595,-1.0002193,-3.7666807,0.41647375,-1.8400271,-2.5317974,1
13.0,13,0.26785225,-2.8727922,-0.018043097,-3.2849138,-3.4169724,0.58471394,-2.0122259,-1.7629904,2.9286342,0.86052626,-2.6510317,-2.5216217,6.9439483,11.008318,-3.5430522,-1.0001576,-3.766782,0.41644236,-1.8401264,-2.5317833,1
13.0,13,0.26779872,-2.8727934,-0.01803983,-3.284961,-3.416963,0.58487767,-2.0122695,-1.7629627,2.9287431,0.860587,-2.6510274,-2.5216222,6.9436927,11.008393,-3.543044,-1.000245,-3.7667618,0.41651273,-1.8402165,-2.5317566,1
3.0,3,-0.10986506,-1.4302682,-0.5783502,12.625458,0.6933545,-0.0033204649,-0.97565687,-2.6020684,-1.5873681,-1.181367,0.65209436,-1.0277717,0.11896627,0.16288158,-2.6750712,-2.350986,1.5150442,0.29968616,-3.7813697,-1.663273,1
3.0,3,-0.109864265,-1.4302685,-0.5783553,12.625463,0.69335866,-0.0033187363,-0.975657,-2.6020696,-1.5873656,-1.1813682,0.652096,-1.0277693,0.11896202,0.16286975,-2.675068,-2.350987,1.5150493,0.29968575,-3.7813683,-1.6632715,1
3.0,3,-0.109868914,-1.4302659,-0.5783822,12.625449,0.6933805,-0.0032795835,-0.97565794,-2.6020715,-1.5873603,-1.1813945,0.6520804,-1.0277561,0.11892149,0.16288882,-2.6750588,-2.3509908,1.5150646,0.29970515,-3.7813797,-1.6632596,1
3.0,3,-0.109883085,-1.4302427,-0.5783616,12.625429,0.69340676,-0.0032373387,-0.97565484,-2.6020832,-1.5873992,-1.1814309,0.6520362,-1.0278146,0.1188958,0.16299531,-2.6750565,-2.350988,1.5150994,0.29973605,-3.7814074,-1.6632736,1
3.0,3,-0.10986838,-1.4302622,-0.57835716,12.625452,0.69336885,-0.003304014,-0.9756565,-2.6020725,-1.5873718,-1.1813793,0.65208447,-1.0277804,0.118947744,0.1628946,-2.675064,-2.350985,1.5150595,0.2996958,-3.781376,-1.6632725,1
3.0,3,-0.10986817,-1.4302657,-0.57835144,12.625453,0.693362,-0.003310198,-0.9756565,-2.6020725,-1.5873728,-1.1813754,0.6520872,-1.0277764,0.11895603,0.16289455,-2.6750689,-2.3509848,1.515053,0.29969385,-3.781375,-1.6632735,1
11.0,11,-1.5001379,-3.0222366,-2.8260922,0.03296775,-2.7921424,1.044456,-0.9970043,0.36049435,0.47288194,-1.5777074,1.1988966,13.623809,-0.6650971,-1.541313,-0.19968936,-1.5901322,3.0264883,1.6976817,-1.9885892,0.932436,1
11.0,11,-1.5001347,-3.0222454,-2.8260853,0.03300933,-2.7921402,1.0444701,-0.99700487,0.360498,0.47287425,-1.5777167,1.198865,13.623814,-0.6650847,-1.5413034,-0.19970196,-1.5901339,3.026501,1.6976681,-1.9886006,0.93242633,1
11.0,11,-1.5001382,-3.022185,-2.8260944,0.032938052,-2.7921777,1.0445043,-0.99699855,0.36048752,0.47285813,-1.5777087,1.1988248,13.623808,-0.6651156,-1.5412482,-0.19971114,-1.590155,3.026573,1.6977476,-1.9886023,0.93234706,1
11.0,11,-1.5001334,-3.0221927,-2.826075,0.03300002,-2.7921906,1.0445642,-0.99700916,0.36048782,0.472853,-1.5777241,1.1987145,13.623802,-0.66509324,-1.5411867,-0.19974923,-1.5901648,3.0266097,1.6977578,-1.9886295,0.9323,1
11.0,11,-1.5001376,-3.0222359,-2.8260884,0.032991055,-2.792145,1.0444663,-0.99700093,0.36049697,0.4728716,-1.577715,1.1988755,13.623815,-0.66509295,-1.5413042,-0.19969878,-1.5901363,3.026514,1.6976738,-1.9885951,0.9324228,1
11.0,11,-1.5001403,-3.022222,-2.826095,0.03295813,-2.7921488,1.0444558,-0.9969981,0.36049455,0.4728709,-1.57771,1.1989001,13.623817,-0.665105,-1.5413111,-0.19968951,-1.5901369,3.0265198,1.6976868,-1.9885873,0.93242216,1
3.0,3,1.253379,-0.20871404,4.490395,11.942196,0.24973205,-1.6771742,0.14166102,-2.165432,-2.785402,-2.836466,0.07969695,-2.6756847,1.0132389,-1.7259326,-3.3320775,-1.520045,1.7448462,-0.8069381,-2.1856096,-2.4870317,1
3.0,3,1.2533644,-0.2087141,4.4903946,11.9422,0.2497254,-1.6771877,0.14165561,-2.1654222,-2.785398,-2.8364575,0.07965802,-2.6756916,1.0132716,-1.7258903,-3.332075,-1.5200293,1.744821,-0.8069722,-2.1856005,-2.4870284,1
3.0,3,1.2533472,-0.20871466,4.490514,11.942155,0.24975853,-1.6771338,0.14166786,-2.165457,-2.7854075,-2.8365078,0.07968989,-2.6756604,1.0131866,-1.7259581,-3.3320603,-1.5200845,1.7448891,-0.8068622,-2.1856024,-2.4870448,1
3.0,3,1.2532139,-0.20876807,4.49056,11.942183,0.24969913,-1.6772153,0.14161518,-2.1653922,-2.7853582,-2.8364177,0.07941446,-2.6757143,1.0134683,-1.7256268,-3.3320374,-1.5199732,1.744663,-0.8071043,-2.1855316,-2.4870558,1
3.0,3,1.2533504,-0.20872307,4.490447,11.942184,0.24972104,-1.6771988,0.1416477,-2.165411,-2.7853887,-2.8364472,0.079599366,-2.6757076,1.0133106,-1.725838,-3.332069,-1.5200111,1.7447882,-0.8070102,-2.1855931,-2.4870336,1
3.0,3,1.2533333,-0.20872855,4.4905405,11.942153,0.24971971,-1.6772025,0.14164476,-2.1654074,-2.7853758,-2.8364475,0.0795376,-2.6757255,1.0133306,-1.7257947,-3.3320594,-1.5200022,1.7447665,-0.8070296,-2.1855814,-2.4870436,1
19.0,8,-1.3014747,-3.679339,-2.4127855,-1.9960431,-1.7095017,-0.936423,-1.5329393,0.06685117,11.520666,3.538662,-0.2234167,0.27222204,0.17773646,-2.641689,-0.8107003,-3.199902,-2.0886223,-2.8070204,0.49577802,4.175002,0
19.0,8,-1.301914,-3.6790586,-2.41259,-1.996076,-1.7093297,-0.9365646,-1.5329864,0.06654072,11.520687,3.5388997,-0.22310312,0.27210593,0.17726308,-2.6417568,-0.8104286,-3.1999116,-2.0887516,-2.8070962,0.49622098,4.175347,0
19.0,8,-1.3025554,-3.6784823,-2.4125898,-1.9960761,-1.7088724,-0.9365065,-1.5335113,0.06615445,11.520598,3.5398066,-0.22271512,0.27183735,0.17562672,-2.6416674,-0.8096899,-3.1998818,-2.0885377,-2.8073382,0.4967954,4.176292,0
19.0,8,-1.30248,-3.6780524,-2.4125123,-1.9960747,-1.708459,-0.93619716,-1.5332425,0.06606661,11.5208645,3.5387444,-0.22319113,0.27173984,0.17523304,-2.641498,-0.80953014,-3.199972,-2.0885267,-2.8074596,0.49685335,4.1764,0
19.0,8,-1.3018817,-3.678751,-2.4126613,-1.996114,-1.7091627,-0.9364152,-1.5327488,0.066764906,11.520738,3.5381715,-0.22326852,0.27212214,0.17696849,-2.641665,-0.81039655,-3.1999867,-2.088801,-2.8071742,0.49626115,4.175675,0
19.0,8,-1.3014708,-3.6788974,-2.4129758,-1.9961208,-1.7093145,-0.93620443,-1.5326072,0.06736328,11.52066,3.5376987,-0.22357109,0.2722879,0.1771843,-2.6415477,-0.81065583,-3.2000144,-2.08869,-2.8071425,0.49585274,4.1756434,0
9.0,9,-2.1777074,-2.116854,1.4719934,-1.6327223,-3.9417214,-2.6507356,-2.9280233,0.5520637,0.58263594,11.638903,-1.0778426,-1.7062391,4.511926,1.5379524,-2.3512716,-0.30482805,-0.6172487,-1.0051538,1.2971787,0.29378623,1
9.0,9,-2.177726,-2.1168597,1.4719844,-1.6327441,-3.9417133,-2.650725,-2.9280295,0.5520663,0.5826472,11.6388645,-1.0778866,-1.7062432,4.5120373,1.5379838,-2.3513017,-0.30483094,-0.6172827,-1.0051546,1.2972138,0.29379576,1
9.0,9,-2.1778169,-2.1169567,1.4718606,-1.6328764,-3.941504,-2.6508014,-2.9280636,0.55203587,0.58261746,11.638493,-1.0782703,-1.7062719,4.5131936,1.5382749,-2.351562,-0.3047184,-0.61754906,-1.0051392,1.297231,0.2939588,1
9.0,9,-2.1779559,-2.1171012,1.4718932,-1.6331095,-3.9413614,-2.650878,-2.92815,0.5520364,0.58281386,11.638127,-1.0786896,-1.706304,4.5144114,1.5384828,-2.351769,-0.3046527,-0.6178709,-1.0052471,1.297303,0.2940541,1
9.0,9,-2.1777444,-2.116874,1.4719986,-1.6327709,-3.941709,-2.6507275,-2.9280403,0.5520718,0.5826764,11.6388235,-1.0779272,-1.7062446,4.5121574,1.538,-2.351318,-0.30483353,-0.61731887,-1.0051748,1.2972354,0.29379746,1
9.0,9,-2.1777883,-2.1168866,1.4720342,-1.6328251,-3.9417443,-2.6506848,-2.92807,0.55208606,0.58277726,11.63879,-1.077985,-1.7062536,4.5122514,1.5380117,-2.3513403,-0.30487734,-0.6173693,-1.0052025,1.2973311,0.2937515,1
5.0,5,-3.973139,-2.0971994,-1.9427179,-2.0628202,5.6690497,8.165204,-0.59415627,-1.1678784,-2.4864752,-2.342058,-2.0554488,-0.6996579,-3.3091555,-2.0892253,2.4407525,4.4713454,5.5350657,1.955958,-2.940759,-1.661388,1
5.0,5,-3.9731338,-2.0972216,-1.9427186,-2.0628192,5.6689987,8.165069,-0.5941393,-1.1678936,-2.4864988,-2.3420098,-2.055369,-0.6996446,-3.3091214,-2.0892587,2.4407268,4.471396,5.5351176,1.9559184,-2.9407618,-1.6613879,1
5.0,5,-3.9731805,-2.0972872,-1.9427469,-2.0628266,5.6685557,8.16432,-0.59405935,-1.1680332,-2.4866593,-2.3417184,-2.0549166,-0.6995236,-3.3089302,-2.089423,2.4407396,4.4716177,5.5354652,1.9558372,-2.940809,-1.6613371,1
5.0,5,-3.973214,-2.097252,-1.9427199,-2.0628388,5.668694,8.164589,-0.59414697,-1.1680607,-2.4865997,-2.341809,-2.0550842,-0.6995697,-3.309008,-2.0893166,2.4409218,4.4715033,5.5353317,1.9559832,-2.9408615,-1.6613219,1
5.0,5,-3.973143,-2.097198,-1.942718,-2.062824,5.6690702,8.165315,-0.59416014,-1.1678227,-2.486455,-2.3420782,-2.0555184,-0.6996586,-3.309169,-2.089193,2.4407148,4.4713335,5.5350103,1.955935,-2.940741,-1.6614046,1
5.0,5,-3.9731543,-2.0971942,-1.9427245,-2.0628276,5.6690135,8.165263,-0.5941529,-1.1678334,-2.4864702,-2.3420532,-2.0554903,-0.6996396,-3.309156,-2.0892024,2.4407277,4.471346,5.5350447,1.9559398,-2.940743,-1.6613957,1
7.0,7,-0.48096597,-0.60303366,-1.7331136,-2.005647,-0.722986,1.3971592,2.772768,12.068176,-1.2190529,-0.97215986,-0.26082572,0.7808245,-0.48151118,-1.4368135,-0.9931976,-1.6778864,-2.9760337,-3.425132,-1.482484,-2.4016728,1
7.0,7,-0.48093608,-0.6030896,-1.7331008,-2.0056314,-0.7229552,1.3970742,2.772999,12.068189,-1.2190559,-0.97223294,-0.2607502,0.7807782,-0.48153043,-1.4368417,-0.99334747,-1.677972,-2.9760444,-3.4251268,-1.4823874,-2.4016783,1
7.0,7,-0.4808889,-0.60292023,-1.7331696,-2.005669,-0.72288686,1.3968422,2.773047,12.068255,-1.2189842,-0.97235477,-0.26053894,0.78074986,-0.4818172,-1.4367185,-0.9933869,-1.6783981,-2.9758682,-3.4249952,-1.4822489,-2.4014528,1
7.0,7,-0.48092473,-0.6028197,-1.7331574,-2.0056813,-0.72287667,1.3969642,2.7731037,12.068226,-1.2191107,-0.9724007,-0.2606556,0.78074753,-0.48183513,-1.4367025,-0.99337095,-1.6783143,-2.9758945,-3.4250317,-1.4821053,-2.4014559,1
7.0,7,-0.48093212,-0.6030491,-1.7330942,-2.005634,-0.72291744,1.3970464,2.7731407,12.06821,-1.2191055,-0.97229356,-0.2607472,0.7807458,-0.48158395,-1.4368297,-0.99343264,-1.6780216,-2.9760401,-3.4251187,-1.4822694,-2.4016507,1
7.0,7,-0.4809534,-0.6030059,-1.7331152,-2.0056467,-0.72297126,1.3971139,2.7729175,12.06818,-1.219074,-0.9722321,-0.26078176,0.78079915,-0.4815668,-1.4368064,-0.9932679,-1.6779877,-2.9760158,-3.4251206,-1.4823653,-2.4016337,1
10.0,10,-2.2880352,-2.7018912,-4.383774,0.22219922,-1.8426876,-0.90230113,0.19946925,-1.2436876,-2.8996744,0.3571348,11.8332,4.9670577,-2.5924788,-1.7554502,1.5211318,-0.87091,-0.47351286,2.3199537,-0.8913735,1.7493825,1
10.0,10,-2.2880936,-2.7018988,-4.3838115,0.22215925,-1.8427383,-0.90220034,0.19932364,-1.2437253,-2.8996801,0.35710862,11.833102,4.9674144,-2.5924978,-1.7554183,1.5211974,-0.87097085,-0.4734258,2.3201685,-0.8914611,1.7494205,1
10.0,10,-2.2884016,-2.7018313,-4.3841405,0.22179314,-1.8431305,-0.9015535,0.19862114,-1.2440797,-2.8994439,0.35664326,11.83236,4.970263,-2.5927634,-1.755435,1.521809,-0.8714279,-0.47290686,2.3212042,-0.8918977,1.7498266,1
10.0,10,-2.288346,-2.7017376,-4.384258,0.22170942,-1.8432302,-0.9015087,0.19872804,-1.2441707,-2.8991835,0.35637486,11.832169,4.9711065,-2.592902,-1.75564,1.5220296,-0.8715478,-0.4728565,2.320972,-0.8919409,1.750025,1
10.0,10,-2.28808,-2.7019007,-4.3837957,0.22217177,-1.8427185,-0.9022323,0.19936985,-1.2437091,-2.899691,0.35712355,11.833145,4.9672656,-2.5924878,-1.7554207,1.5211637,-0.8709432,-0.47345656,2.3201132,-0.89142495,1.7494003,1
10.0,10,-2.2880564,-2.7018585,-4.383844,0.22213267,-1.8427612,-0.9022134,0.19941823,-1.243753,-2.8995779,0.35700634,11.833065,4.9676156,-2.592549,-1.755508,1.5212525,-0.87099016,-0.47343877,2.3200133,-0.89142746,1.7494861,1
14.0,14,-2.6188445,2.3133872,-1.3889654,-1.8895324,-0.40102297,1.0070006,-2.6839817,-1.6909776,1.0739297,0.055562526,0.6940707,0.33603436,-2.2770865,-0.9548805,11.99737,0.91178733,-0.9042693,-2.1811948,-2.3334985,0.9984567,1
14.0,14,-2.618847,2.313385,-1.3889626,-1.8895361,-0.4010259,1.0069909,-2.6839826,-1.6909817,1.0739363,0.055567674,0.6940952,0.3360291,-2.2770908,-0.9548825,11.997366,0.9117798,-0.9042744,-2.1811955,-2.333501,0.9984597,1
14.0,14,-2.61885,2.3133845,-1.3889492,-1.8895662,-0.40102583,1.0069768,-2.683983,-1.6909841,1.0739844,0.055552244,0.69425046,0.33601338,-2.2771394,-0.9549146,11.997339,0.9117114,-0.9043062,-2.181195,-2.3335137,0.9984741,1
14.0,14,-2.6188507,2.3133485,-1.3889561,-1.8895688,-0.40105826,1.0069426,-2.683976,-1.6909866,1.073983,0.055556074,0.6943231,0.33601964,-2.2771258,-0.95491326,11.997336,0.91171396,-0.9043308,-2.1812043,-2.3335085,0.99848044,1
14.0,14,-2.6188462,2.3133817,-1.388965,-1.8895322,-0.40103137,1.0069945,-2.6839843,-1.6909771,1.0739363,0.055569887,0.6940931,0.33603394,-2.277085,-0.9548801,11.997365,0.9117735,-0.9042743,-2.1811988,-2.3334994,0.9984585,1
14.0,14,-2.6188436,2.313389,-1.3889716,-1.8895295,-0.4010234,1.0070246,-2.683982,-1.6909641,1.0739329,0.055544376,0.6940839,0.33604598,-2.27709,-0.954883,11.997355,0.91175413,-0.90427047,-2.1811967,-2.3334975,0.9984535,1
19.0,19,-0.552807,-1.5458684,-1.8087412,-1.2513591,-0.35199058,-1.6659186,2.292549,-0.4074662,1.5363588,-0.5484165,1.1969405,-0.8374465,-1.7162176,-1.0381649,-0.41359168,0.0059474977,-1.6205993,-2.3087113,5.7383375,13.045839,1
19.0,19,-0.5526238,-1.5462935,-1.8091675,-1.250921,-0.35067105,-1.6640795,2.2931495,-0.4051923,1.5347435,-0.54985976,1.1956813,-0.83680665,-1.7167141,-1.0372478,-0.4152808,0.0064122872,-1.6206154,-2.3076007,5.7360563,13.045724,1
19.0,19,-0.55404985,-1.5468266,-1.8048755,-1.2418844,-0.34948605,-1.6643856,2.2787793,-0.41488957,1.5331773,-0.5446736,1.1888494,-0.8343182,-1.7122604,-1.0307695,-0.41289952,0.013226141,-1.6169153,-2.3016052,5.722422,13.053836,1
19.0,19,-0.55412453,-1.5463786,-1.8022952,-1.2384939,-0.3506164,-1.6694747,2.271679,-0.4244931,1.5351757,-0.53905964,1.1889216,-0.835026,-1.7087954,-1.0307164,-0.4079214,0.015430455,-1.6144694,-2.3007767,5.7193604,13.057974,1
19.0,19,-0.55331606,-1.5457976,-1.8069408,-1.2482886,-0.35222685,-1.6669545,2.286954,-0.41237846,1.5364075,-0.54578036,1.1951962,-0.83694893,-1.7142515,-1.0362946,-0.41185904,0.008218673,-1.6192883,-2.3071077,5.734917,13.048746,1
19.0,19,-0.55299824,-1.5459476,-1.8077029,-1.2493403,-0.3518508,-1.6660283,2.289481,-0.40996835,1.5359101,-0.54736644,1.1955649,-0.83699006,-1.715114,-1.0368334,-0.41300493,0.0074234055,-1.6198148,-2.3074872,5.735847,13.047466,1
2.0,2,0.7889994,-0.66386676,12.193899,1.0438817,0.4410329,-0.7393729,-1.7490563,-1.3190387,0.8909776,-1.0151508,-2.1514213,-1.2633982,-1.2519708,-2.032768,0.114224315,0.31931463,0.27656108,-0.7285618,-1.6672903,-0.6029657,1
2.0,2,0.7888911,-0.6638613,12.1938925,1.0439676,0.44097507,-0.73933196,-1.7490414,-1.3189956,0.8908897,-1.0151569,-2.1514137,-1.2632754,-1.2519765,-2.0327623,0.11419825,0.31935847,0.27655956,-0.72856003,-1.6672726,-0.60289466,1
2.0,2,0.7881851,-0.66365635,12.193574,1.0443491,0.4409613,-0.7391286,-1.7499415,-1.3182746,0.8897449,-1.0151877,-2.1516483,-1.2620292,-1.2518337,-2.032628,0.11409634,0.32031244,0.2767732,-0.7282202,-1.6677806,-0.60211706,1
2.0,2,0.7873177,-0.6632072,12.193425,1.044392,0.4410776,-0.7394138,-1.75078,-1.3178549,0.8891351,-1.0152056,-2.152468,-1.2611988,-1.2513444,-2.0325363,0.1145422,0.32129967,0.27692577,-0.72778755,-1.6682439,-0.6013434,1
2.0,2,0.7889519,-0.66392183,12.193845,1.0440056,0.44098514,-0.73924303,-1.7490784,-1.3189507,0.8907862,-1.0151719,-2.1512666,-1.2632067,-1.2520573,-2.032755,0.11409767,0.31932437,0.276591,-0.72852695,-1.6673101,-0.6029165,1
2.0,2,0.7886457,-0.6639609,12.1938715,1.0442787,0.44071817,-0.7390849,-1.74878,-1.3189167,0.8906727,-1.0152183,-2.1511362,-1.2629433,-1.2521397,-2.032752,0.11400412,0.31926405,0.2765225,-0.7285911,-1.6671199,-0.6027863,1
16.0,16,1.5057778,-0.8556336,-0.18213345,1.2744188,-0.045806214,-0.10346927,-0.9190582,-2.8169785,-3.3105128,-0.3243011,-0.62844354,0.9474441,-0.6164555,-1.6927503,-3.4804225,1.1862967,10.8710785,1.1661617,0.014997635,-2.1997488,1
16.0,16,1.5057747,-0.85562646,-0.18212883,1.2744217,-0.04581681,-0.103446424,-0.91908467,-2.816959,-3.3104916,-0.32431176,-0.62845165,0.9474832,-0.6164723,-1.6927488,-3.4803958,1.1862557,10.871113,1.16615,0.014954712,-2.1997395,1
16.0,16,1.5057616,-0.8555809,-0.18210518,1.274442,-0.045864686,-0.10331577,-0.91924196,-2.816856,-3.3103704,-0.32437274,-0.6284835,0.94769204,-0.6165811,-1.6927397,-3.480235,1.1860179,10.871346,1.1660875,0.014700567,-2.199671,1
16.0,16,1.5057558,-0.85558367,-0.18212631,1.274422,-0.045882717,-0.10327336,-0.91928506,-2.816822,-3.3103502,-0.32436523,-0.62846994,0.94770586,-0.6166183,-1.6927211,-3.4802403,1.1859903,10.871389,1.1661788,0.014602046,-2.199667,1
16.0,16,1.505771,-0.8556325,-0.18213266,1.2744126,-0.045821115,-0.10344073,-0.91908604,-2.8169537,-3.310493,-0.32431108,-0.6284586,0.9474972,-0.61646885,-1.6927444,-3.4804006,1.1862656,10.871106,1.1661648,0.014943112,-2.1997454,1
16.0,16,1.505775,-0.85563135,-0.18213478,1.2744153,-0.0458145,-0.10344611,-0.9190819,-2.816961,-3.3104975,-0.32430497,-0.62844735,0.9474675,-0.6164736,-1.6927449,-3.480411,1.1862717,10.8711,1.166176,0.014952296,-2.1997442,1
15.0,15,-0.3174415,-1.8699821,0.29689565,-2.4093287,4.1863103,0.81730336,-3.5661418,3.2525709,-2.30008,-0.49466255,-2.0172567,-2.2386715,-1.4765532,-1.7300673,1.538672,9.561681,-0.953225,-1.3569058,-2.6674542,-0.5434153,1
15.0,15,-0.3175937,-1.869923,0.2968783,-2.4092739,4.186508,0.8174502,-3.5659783,3.2522633,-2.3002038,-0.4949528,-2.017441,-2.23872,-1.4765307,-1.730078,1.5389993,9.561933,-0.95319134,-1.3568534,-2.667409,-0.54347944,1
15.0,15,-0.31828362,-1.8696314,0.29673478,-2.4089968,4.187081,0.81808966,-3.5652974,3.2509232,-2.3008153,-0.49620196,-2.0179737,-2.2388277,-1.4763623,-1.7301828,1.5403702,9.563049,-0.95302695,-1.3566443,-2.6671865,-0.5437673,1
15.0,15,-0.3180566,-1.8698056,0.29685187,-2.4091117,4.18667,0.8179121,-3.5655649,3.2511535,-2.3006136,-0.495928,-2.0174952,-2.2386513,-1.4764327,-1.7303065,1.5403457,9.562797,-0.95310384,-1.356785,-2.6673708,-0.5436527,1
15.0,15,-0.31783298,-1.8698788,0.29688385,-2.4092438,4.1866083,0.8176758,-3.5659316,3.2523592,-2.300227,-0.49498913,-2.0176861,-2.2386916,-1.4765218,-1.7300099,1.5389127,9.561951,-0.9532116,-1.356749,-2.6673465,-0.54361045,1
15.0,15,-0.31770474,-1.8699123,0.2968884,-2.409275,4.1864696,0.8175365,-3.5659916,3.2524085,-2.3001664,-0.49488306,-2.0175426,-2.2386787,-1.4765218,-1.7300225,1.5388604,9.561883,-0.9532191,-1.3568143,-2.6673884,-0.5435333,1
6.0,6,-0.21393397,0.29420257,-0.30711314,-0.07150574,0.15860769,-2.6493144,12.743881,0.41587287,-2.8895416,-2.5900664,-0.5018152,-0.7626633,-0.92427325,-1.5341842,-2.8867798,-0.14386061,0.78354794,-1.2848973,1.8921785,-2.0747793,1
6.0,6,-0.21393901,0.29427832,-0.30718002,-0.07164723,0.15881154,-2.6492302,12.744132,0.41675913,-2.8895676,-2.5902314,-0.5021445,-0.7626816,-0.9242426,-1.5341405,-2.8868742,-0.14408219,0.78333515,-1.284963,1.8918351,-2.0750437,1
6.0,6,-0.21501958,0.29471785,-0.30884624,-0.07152021,0.15582259,-2.6497562,12.745351,0.4226381,-2.8905852,-2.591599,-0.5020543,-0.7588358,-0.9231621,-1.5344664,-2.8870177,-0.14636937,0.7826682,-1.2851591,1.8919511,-2.075456,1
6.0,6,-0.21461752,0.2948459,-0.3092114,-0.071758375,0.15655561,-2.6495833,12.744956,0.42119625,-2.8906817,-2.5915995,-0.5018607,-0.75932544,-0.9235961,-1.5349009,-2.886704,-0.14570943,0.7830891,-1.285496,1.8928651,-2.0745654,1
6.0,6,-0.214003,0.2943473,-0.30732694,-0.071668774,0.15863977,-2.649261,12.744251,0.4172947,-2.8896384,-2.5903642,-0.5021979,-0.7624232,-0.92416406,-1.5341763,-2.8868837,-0.14427587,0.78327215,-1.2850194,1.8918287,-2.0750747,1
6.0,6,-0.21394768,0.29449597,-0.30735847,-0.07139839,0.15797615,-2.6495383,12.743914,0.41639757,-2.8895845,-2.5902896,-0.50182617,-0.7621298,-0.92406046,-1.5344154,-2.8866959,-0.14427449,0.7837673,-1.2852019,1.8925221,-2.0745418,1
1.0,1,5.868683,12.32693,-1.6472925,-0.3422716,-1.4263994,-0.8369311,0.3078809,1.3108076,-4.297193,-0.10421201,-0.90971553,-3.1692297,-1.7503853,0.0590434,-1.0009964,-2.08547,0.33591074,-1.8786566,-1.5403428,-1.7329087,1
1.0,1,5.868411,12.326987,-1.6473564,-0.34223497,-1.4264117,-0.8368993,0.30785984,1.3108146,-4.2971296,-0.1041721,-0.90974516,-3.1692364,-1.7504237,0.059043773,-1.0009488,-2.0854256,0.33591565,-1.8786523,-1.5402874,-1.7326839,1
1.0,1,5.867362,12.327227,-1.6476316,-0.34211525,-1.4264266,-0.83666027,0.30773273,1.310818,-4.2968683,-0.1040524,-0.9098539,-3.1692908,-1.7505968,0.059037246,-1.0007682,-2.085277,0.33593687,-1.8786244,-1.5400286,-1.7318474,1
1.0,1,5.866949,12.327325,-1.6477181,-0.34207517,-1.4264479,-0.8366028,0.30768293,1.310826,-4.296762,-0.10400138,-0.9099007,-3.1693208,-1.7506526,0.059047468,-1.0007002,-2.085211,0.33593267,-1.8786066,-1.5399177,-1.7315531,1
1.0,1,5.8685527,12.3269615,-1.6473188,-0.3422621,-1.4264048,-0.83692545,0.30788523,1.3108152,-4.29716,-0.10419634,-0.90973395,-3.1692367,-1.7504032,0.05904091,-1.0009748,-2.0854464,0.33590344,-1.8786563,-1.5403097,-1.7328112,1
1.0,1,5.8685727,12.326948,-1.647324,-0.34225154,-1.4264017,-0.8369092,0.30786943,1.3108075,-4.2971735,-0.10419595,-0.9097262,-3.169227,-1.750402,0.059041373,-1.0009768,-2.0854547,0.33592004,-1.8786556,-1.5403272,-1.7328062,1
16.0,16,0.75546014,-0.20087305,-1.5898997,0.48023424,-2.5078986,-3.024409,3.470911,-4.5783396,-2.9203184,-1.0440246,5.5892134,-0.7512293,-2.545412,-3.7390509,-2.2187848,0.47756726,7.534423,2.1508534,3.486126,0.0112904105,1
16.0,16,0.7556367,-0.20069617,-1.5898563,0.48039654,-2.5080173,-3.0243256,3.4712598,-4.5780206,-2.9205377,-1.0443281,5.588964,-0.75074035,-2.5456161,-3.739045,-2.2185392,0.47734648,7.5348067,2.1502607,3.4858375,0.011429647,1
16.0,16,0.7567124,-0.19973165,-1.5888432,0.48176715,-2.5079663,-3.0236506,3.4714978,-4.5775375,-2.9208584,-1.0450467,5.584802,-0.74905044,-2.5452194,-3.7384868,-2.2185507,0.47637868,7.5387297,2.1476233,3.4845226,0.011360699,1
16.0,16,0.7566877,-0.1997551,-1.5888565,0.48172024,-2.5079405,-3.0235305,3.471125,-4.577774,-2.9208055,-1.0449747,5.584945,-0.7491656,-2.5452511,-3.738479,-2.2184787,0.47646576,7.53865,2.1478202,3.4846509,0.011438215,1
16.0,16,0.75563383,-0.20071751,-1.589857,0.48039624,-2.507984,-3.0242531,3.4709744,-4.5781765,-2.9205027,-1.044273,5.589045,-0.75082123,-2.5456274,-3.739036,-2.218491,0.47739106,7.5348277,2.1503778,3.4858615,0.011475692,1
16.0,16,0.7554025,-0.20094052,-1.5899754,0.48017737,-2.5078888,-3.0244899,3.4709642,-4.5782957,-2.9203544,-1.0440053,5.5895257,-0.75132316,-2.5454676,-3.739092,-2.2187624,0.47761688,7.534187,2.1509721,3.4861367,0.01131467,1
11.0,18,4.1983347,-2.2313702,-1.6200417,-0.050738912,-1.9008632,0.48629263,-1.8859468,-4.292544,-0.12837946,0.3776405,3.828781,-0.3941399,0.036628306,-5.1824837,-3.707591,-0.66890466,4.6274986,-0.1419329,6.0453706,0.59713113,0
11.0,18,4.1982965,-2.2312813,-1.6200403,-0.05076878,-1.900939,0.48627347,-1.8858937,-4.29257,-0.12842345,0.37761405,3.8288555,-0.3941173,0.036506377,-5.182513,-3.7074795,-0.6689316,4.627503,-0.14189398,6.045431,0.59732836,0
11.0,18,4.198032,-2.2310116,-1.6199917,-0.050786924,-1.9011314,0.48619428,-1.8857495,-4.292712,-0.12863082,0.3774861,3.82903,-0.39404106,0.036129445,-5.182454,-3.7071824,-0.6689945,4.6275907,-0.14185801,6.0458713,0.5980495,0
11.0,18,4.198098,-2.23102,-1.6199836,-0.050766747,-1.9011205,0.48618022,-1.8857615,-4.2927003,-0.12864754,0.3774865,3.8289907,-0.39403933,0.036184862,-5.1824584,-3.7072105,-0.6689936,4.6276493,-0.14184505,6.0457454,0.5979718,0
11.0,18,4.1983304,-2.2312994,-1.620036,-0.050755564,-1.9009197,0.48627898,-1.8859069,-4.2925563,-0.12842664,0.37761828,3.8288176,-0.39412296,0.03655301,-5.182506,-3.707518,-0.66892165,4.6275206,-0.14189282,6.0453715,0.59724814,0
11.0,18,4.198361,-2.2313724,-1.6200343,-0.050733972,-1.9008496,0.48630425,-1.8859558,-4.2925344,-0.12838802,0.37764347,3.8287458,-0.39414817,0.03665799,-5.1824794,-3.7076092,-0.66889155,4.627491,-0.14194047,6.045348,0.5971018,0
5.0,5,-3.2733777,-0.56066394,-1.9502153,-1.6998149,5.6412835,12.4476595,-1.4643654,1.8328253,-0.8078193,-1.3719394,-3.683848,-0.9131142,-4.198212,0.6208696,-0.25020686,1.7506889,0.9005954,-0.66093135,-1.6359068,-2.3634446,1
5.0,5,-3.273362,-0.5606602,-1.9502168,-1.6998067,5.6412444,12.447643,-1.4643626,1.8328356,-0.8078398,-1.3719165,-3.6838465,-0.91309464,-4.1981997,0.62086517,-0.25025526,1.7506907,0.9006539,-0.6609448,-1.635909,-2.3634639,1
5.0,5,-3.2733033,-0.5606096,-1.9502325,-1.6997678,5.6409554,12.447593,-1.4643506,1.8329003,-0.80794847,-1.3717883,-3.6838274,-0.9129767,-4.1981497,0.62088126,-0.25049993,1.7506557,0.9009621,-0.66098964,-1.6359181,-2.3635595,1
5.0,5,-3.2733567,-0.56063724,-1.950226,-1.6997913,5.6411147,12.447636,-1.4643663,1.8328543,-0.8078805,-1.3718599,-3.6838286,-0.9130631,-4.198182,0.62088585,-0.2503256,1.7506738,0.9007438,-0.66094095,-1.6359106,-2.3634944,1
5.0,5,-3.2733824,-0.56065613,-1.9502168,-1.6998137,5.6412616,12.447661,-1.464368,1.8328269,-0.807817,-1.3719314,-3.6838439,-0.91311073,-4.198213,0.62088174,-0.25020686,1.7506787,0.900591,-0.66092676,-1.6359054,-2.363445,1
5.0,5,-3.2733827,-0.56065416,-1.950217,-1.6998123,5.641252,12.44766,-1.4643688,1.8328292,-0.8078223,-1.3719264,-3.6838431,-0.9131105,-4.198211,0.62088203,-0.25021186,1.7506814,0.9005953,-0.66092545,-1.6359042,-2.3634503,1
6.0,6,-0.16001499,-0.2353104,-1.8407648,-1.5289465,-1.446484,-1.5939192,11.083769,9.017906,-1.4867315,-2.106878,-0.0049314965,1.025699,-1.5623007,-1.4727786,-2.918254,-2.4622073,-1.2881743,-3.0287247,-1.185861,-0.9968713,1
6.0,6,-0.15975198,-0.23512971,-1.8411446,-1.5295628,-1.4460695,-1.5927284,11.078804,9.023926,-1.4864026,-2.1056764,-0.005290622,1.0257511,-1.562026,-1.472441,-2.9184055,-2.463011,-1.2895261,-3.0291114,-1.1881925,-0.99857026,1
6.0,6,-0.16137588,-0.23702428,-1.8399926,-1.5275422,-1.4446912,-1.5938098,11.089772,9.01348,-1.4897529,-2.107716,-0.007035034,1.0251216,-1.5621172,-1.4707149,-2.9186196,-2.4592738,-1.2870315,-3.0270867,-1.1860628,-0.99476516,1
6.0,6,-0.16127673,-0.23631486,-1.8405279,-1.5277375,-1.4446703,-1.5935969,11.087071,9.0165825,-1.4906676,-2.107354,-0.00647855,1.0256282,-1.5616273,-1.470605,-2.9183211,-2.4595504,-1.287521,-3.0270896,-1.1876557,-0.99465543,1
6.0,6,-0.15980712,-0.23537475,-1.8411043,-1.5295062,-1.4458241,-1.592639,11.079017,9.023951,-1.4864537,-2.1056156,-0.0054257605,1.0255731,-1.5620649,-1.4722216,-2.9184937,-2.4628828,-1.2896181,-3.029,-1.1884416,-0.99857074,1
6.0,6,-0.16011968,-0.23515576,-1.8408374,-1.5289485,-1.4465396,-1.5937966,11.083365,9.01835,-1.4869478,-2.1069033,-0.005027773,1.0259758,-1.5621896,-1.472824,-2.9182005,-2.4621453,-1.288178,-3.0288162,-1.1857911,-0.9969139,1
9.0,9,-3.0695145,-3.7859385,0.38396445,-1.2501131,-4.7260737,-0.8080019,-4.1839457,0.27991837,4.586463,10.405922,-2.0093021,-0.89874476,0.8000734,1.3235911,-0.6561727,1.5405946,-0.7819347,-2.9667833,2.2100923,2.7731814,1
9.0,9,-3.0697029,-3.7857196,0.38364938,-1.2500783,-4.7258854,-0.8085602,-4.1836643,0.2795035,4.585412,10.406024,-2.009123,-0.8985512,0.80063486,1.3229874,-0.65624666,1.5410352,-0.78159684,-2.966577,2.211321,2.774007,1
9.0,9,-3.0692115,-3.7840314,0.38227278,-1.2489997,-4.725058,-0.8127513,-4.1820583,0.27733785,4.5762186,10.40873,-2.0072143,-0.8972307,0.8046305,1.3195708,-0.65744495,1.5430832,-0.77822006,-2.9643438,2.2160048,2.7777536,1
9.0,9,-3.0719457,-3.7844265,0.3820453,-1.2493618,-4.724902,-0.81042194,-4.1818714,0.27733937,4.578862,10.405016,-2.0087519,-0.8973349,0.8030561,1.3200458,-0.65589064,1.5444703,-0.7803759,-2.9657304,2.2199662,2.7787268,1
9.0,9,-3.0704355,-3.7860374,0.38370645,-1.2502521,-4.726032,-0.80749434,-4.183779,0.27980345,4.5872374,10.404762,-2.0097642,-0.8986935,0.7998097,1.3235052,-0.6557332,1.5410689,-0.782571,-2.9672413,2.2117748,2.7737916,1
9.0,9,-3.0702732,-3.7861204,0.38370976,-1.2502401,-4.7260494,-0.80722344,-4.183997,0.28000283,4.5874615,10.404838,-2.0097618,-0.89877564,0.7995176,1.3238703,-0.6556775,1.5409706,-0.782626,-2.96724,2.2109663,2.773425,1
17.0,17,0.2150245,-0.94864315,-1.8335794,-0.7767882,-2.6273298,-1.9608725,-1.22483,-4.0512342,-3.6181812,0.064441025,3.5773606,-0.86575687,-0.29017264,-1.4603331,-2.890895,2.8640552,5.357621,7.0541177,2.7058477,-1.4287043,1
17.0,17,0.21536916,-0.94880015,-1.8336563,-0.7765586,-2.6271315,-1.9609481,-1.2249553,-4.0511556,-3.618172,0.06465279,3.5774698,-0.86601657,-0.29020262,-1.4605124,-2.890995,2.8638382,5.358716,7.0537915,2.7048497,-1.4288672,1
17.0,17,0.21663943,-0.94836915,-1.8335893,-0.7752259,-2.6276314,-1.9607493,-1.2252961,-4.051207,-3.6183195,0.06438163,3.5756354,-0.8653565,-0.28950822,-1.4598731,-2.8916097,2.8625054,5.3633738,7.052074,2.7022047,-1.4298204,1
17.0,17,0.21712211,-0.94796497,-1.8335501,-0.77458143,-2.6282504,-1.9606879,-1.2255218,-4.051289,-3.618368,0.06402001,3.574301,-0.86453795,-0.2887758,-1.4591315,-2.892003,2.8618274,5.3652315,7.051202,2.7015536,-1.4303316,1
17.0,17,0.2154231,-0.94862443,-1.8335621,-0.77651334,-2.6272562,-1.9608368,-1.2248683,-4.0512724,-3.6182616,0.064527184,3.5772998,-0.8659004,-0.29033133,-1.460469,-2.8908496,2.863869,5.3590302,7.053584,2.7047322,-1.4288889,1
17.0,17,0.21509287,-0.94874567,-1.8336343,-0.7767703,-2.627223,-1.9609076,-1.2249256,-4.051213,-3.6181588,0.06456843,3.5775561,-0.865919,-0.29022518,-1.460446,-2.8908677,2.8640394,5.357849,7.054049,2.705554,-1.428712,1
17.0,17,-1.8480132,-2.5162976,-2.0567088,-3.008002,-0.68053323,-1.3609174,-2.183067,-0.60432637,-0.8049022,1.0591575,3.9922764,6.2433095,-1.9220667,-0.25540164,-0.063317806,0.102333724,-0.09838505,8.90709,-2.7158983,4.752413,1
17.0,17,-1.8479344,-2.5161088,-2.0563838,-3.0080693,-0.6804312,-1.3608638,-2.1831765,-0.60417,-0.8049327,1.0589883,3.9913185,6.243722,-1.9218864,-0.25526497,-0.06329748,0.102331035,-0.09801279,8.907186,-2.7161407,4.752183,1
17.0,17,-1.8478245,-2.5162606,-2.0566711,-3.007994,-0.6806522,-1.3603427,-2.1841285,-0.60400784,-0.80431944,1.0594592,3.9907844,6.246603,-1.921829,-0.25612766,-0.06285003,0.10189927,-0.09741162,8.905891,-2.7163134,4.7517753,1
17.0,17,-1.8473076,-2.515053,-2.0543787,-3.0087337,-0.6801764,-1.360414,-2.1847174,-0.6022774,-0.80487823,1.0582719,3.98585,6.2480135,-1.920671,-0.255139,-0.06266007,0.10211998,-0.096640244,8.906968,-2.717562,4.749448,1
17.0,17,-1.8478423,-2.5158868,-2.056024,-3.0081542,-0.6803003,-1.3608345,-2.1832774,-0.603917,-0.8050046,1.0587803,3.9903119,6.243886,-1.9216893,-0.25505254,-0.06329107,0.10238851,-0.09780271,8.9073925,-2.7163615,4.751937,1
17.0,17,-1.8478405,-2.5158725,-2.056015,-3.0081391,-0.68029726,-1.3607234,-2.1833842,-0.6040005,-0.8049049,1.0587947,3.989936,6.24448,-1.9216506,-0.25514373,-0.063251674,0.1023214,-0.097434446,8.907219,-2.716437,4.751914,1
0.0,0,7.185538,-2.2600338,0.38731256,-0.955135,-2.3170362,-0.935008,3.5008938,1.0183924,5.8755074,-2.5607748,-0.7468358,-1.0238312,2.3290799,-2.4394133,-3.2911553,-4.440442,-0.82398885,-3.28575,-3.559937,-0.3679538,1
0.0,0,7.185485,-2.2600222,0.387336,-0.9551347,-2.3170335,-0.93498725,3.5010529,1.0184387,5.8754964,-2.5607903,-0.7468777,-1.0238419,2.3289964,-2.4394143,-3.2911592,-4.4404464,-0.8240082,-3.285744,-3.5599308,-0.36794618,1
0.0,0,7.1851134,-2.2601573,0.38711584,-0.9551332,-2.317031,-0.93503916,3.5013878,1.0182405,5.875612,-2.5609648,-0.74707156,-1.0238285,2.3294067,-2.4393783,-3.2911062,-4.440417,-0.82404673,-3.2856574,-3.5596848,-0.36774334,1
0.0,0,7.1849017,-2.260248,0.38689515,-0.95512855,-2.317028,-0.9351016,3.5015044,1.0180316,5.8757052,-2.5610833,-0.74715847,-1.023817,2.329763,-2.4393628,-3.2910566,-4.4403744,-0.82408106,-3.2855914,-3.5594943,-0.36758327,1
0.0,0,7.185431,-2.2600389,0.38730386,-0.95513415,-2.317031,-0.9349893,3.5011194,1.0184257,5.8755097,-2.560814,-0.7468996,-1.0238394,2.3290224,-2.439416,-3.2911515,-4.440441,-0.82402,-3.2857313,-3.559899,-0.3679156,1
0.0,0,7.1854596,-2.2600617,0.38726965,-0.95513177,-2.3170407,-0.93502665,3.5009625,1.0183429,5.875528,-2.5608096,-0.7468744,-1.023829,2.3291855,-2.4394066,-3.2911472,-4.4404325,-0.823998,-3.2857318,-3.5598845,-0.3679201,1
2.0,2,-3.539337,-1.0624908,9.098031,-2.045416,-1.8306965,-2.018344,-1.4566175,-1.9040784,6.5593457,0.32230407,-5.093404,-2.3563218,4.339152,0.6436128,-1.2879729,0.08810876,-3.9936635,-2.958783,5.736502,1.570007,1
2.0,2,-3.5394542,-1.062402,9.097913,-2.0453804,-1.8306905,-2.018415,-1.4565933,-1.9041828,6.5591383,0.32232913,-5.093378,-2.3562636,4.339076,0.64375657,-1.2879146,0.08825397,-3.9937258,-2.9588342,5.7367487,1.5704548,1
2.0,2,-3.5400107,-1.0616969,9.097436,-2.0451162,-1.8302991,-2.0188184,-1.4562471,-1.9048816,6.55754,0.3222633,-5.0931096,-2.355659,4.3383417,0.6435475,-1.2874428,0.08933829,-3.9938686,-2.9590256,5.738518,1.5735571,1
2.0,2,-3.5395708,-1.061868,9.097999,-2.0450988,-1.8303002,-2.0186713,-1.4563348,-1.9046165,6.557909,0.32205853,-5.0932364,-2.3559387,4.338838,0.6432393,-1.2876878,0.08893849,-3.99367,-2.9587476,5.737605,1.5717278,1
2.0,2,-3.5395157,-1.0623803,9.097871,-2.045333,-1.8307369,-2.0184393,-1.4566097,-1.9042155,6.5590763,0.32234126,-5.09338,-2.356274,4.339071,0.6439743,-1.2879084,0.088275485,-3.993774,-2.9588616,5.736772,1.5705254,1
2.0,2,-3.5395088,-1.062401,9.097936,-2.0452669,-1.8308152,-2.018426,-1.456658,-1.90419,6.5591135,0.3223147,-5.0934105,-2.3563504,4.339157,0.6442173,-1.2879568,0.08819346,-3.9937932,-2.9588323,5.7365756,1.5701879,1
14.0,14,-3.370549,1.9785178,-1.2373655,-2.6757195,0.7960902,2.9753203,-2.4113824,-0.96888435,0.9152085,-1.6045252,-0.75385475,0.26468998,-2.9233015,-1.503133,12.168317,3.358635,-1.3977796,-1.9618198,-2.4334621,0.6914663,1
14.0,14,-3.3705413,1.978526,-1.2373621,-2.6757214,0.7960776,2.9752855,-2.4113693,-0.9688962,0.91520613,-1.6045321,-0.75382364,0.2646892,-2.9232988,-1.5031407,12.1683235,3.3586316,-1.3977816,-1.9618212,-2.433458,0.6914686,1
14.0,14,-3.3705122,1.9785708,-1.2373568,-2.6757174,0.7960441,2.9752247,-2.4113085,-0.96892595,0.9151951,-1.6046036,-0.75367934,0.26470882,-2.923319,-1.5031749,12.168328,3.35853,-1.39777,-1.9618121,-2.4334404,0.69146156,1
14.0,14,-3.3704736,1.9785525,-1.2373413,-2.6757212,0.7959567,2.9750204,-2.4112563,-0.9689432,0.91514766,-1.6046275,-0.7536041,0.26469833,-2.9232664,-1.5031803,12.168379,3.358659,-1.3977968,-1.9618479,-2.4334588,0.6914892,1
14.0,14,-3.37054,1.9785234,-1.2373642,-2.6757185,0.79607046,2.9752865,-2.41137,-0.96889424,0.9152082,-1.6045313,-0.753818,0.2646923,-2.923299,-1.5031352,12.168321,3.3586214,-1.397778,-1.9618224,-2.4334621,0.6914693,1
14.0,14,-3.3705544,1.9785217,-1.2373803,-2.6757107,0.79610765,2.9754167,-2.4113927,-0.9688722,0.9152299,-1.6045421,-0.75383556,0.26470983,-2.9233356,-1.5031242,12.168287,3.3585167,-1.3977543,-1.9618036,-2.43346,0.6914518,1
8.0,9,-0.8742492,-3.2552264,0.69525516,-0.8710612,-3.9632382,-2.1518798,-3.9236407,0.39934555,4.4293175,11.937849,-0.043928593,-1.047002,0.6483623,-0.12983806,-0.80658185,-1.2053047,0.74802774,-2.0145442,-2.0829833,0.17099296,0
8.0,9,-0.87444806,-3.2553372,0.6946733,-0.871329,-3.9629798,-2.1515272,-3.9237068,0.40027162,4.4305058,11.9374895,-0.04387034,-1.0468965,0.6473482,-0.13021165,-0.8064413,-1.2056248,0.74767965,-2.0148857,-2.083112,0.17188415,0
8.0,9,-0.87523526,-3.254681,0.69510865,-0.87026995,-3.963791,-2.1521404,-3.9234216,0.40101686,4.4218645,11.939447,-0.042124964,-1.0462265,0.64726776,-0.12943064,-0.80568975,-1.202276,0.7485545,-2.013321,-2.081429,0.16999392,0
8.0,9,-0.8753264,-3.2547212,0.69500333,-0.8702819,-3.9638553,-2.1520627,-3.9234066,0.40140447,4.4216604,11.939453,-0.0419569,-1.046036,0.64694786,-0.1294681,-0.80564904,-1.2022152,0.74837774,-2.0133655,-2.0812664,0.17021108,0
8.0,9,-0.87448484,-3.2553449,0.69460785,-0.87135994,-3.9629388,-2.151476,-3.9237177,0.40041175,4.430602,11.937448,-0.04383923,-1.0468841,0.64717525,-0.13026887,-0.8064027,-1.2056352,0.7476376,-2.014925,-2.0831108,0.17199267,0
8.0,9,-0.874233,-3.2553484,0.6948672,-0.87133694,-3.962932,-2.151618,-3.9237466,0.39966527,4.4309125,11.9374485,-0.0441004,-1.0471166,0.6477687,-0.1301307,-0.806502,-1.2057388,0.74779826,-2.0148895,-2.0832677,0.17166246,0
3.0,3,-1.7216265,5.688726,-0.75662374,8.537788,-1.9599627,-4.116804,-1.0400044,-2.636181,-2.3777778,-1.4033941,-0.5756327,-2.5273767,-0.071479365,0.12642443,2.0353894,2.4970171,0.6577215,-1.1490388,-2.08716,0.70717525,1
3.0,3,-1.721632,5.6888566,-0.7568136,8.537767,-1.959951,-4.116726,-1.0400115,-2.63614,-2.3776908,-1.4033859,-0.57558304,-2.5272553,-0.071596086,0.12623265,2.0353446,2.4969378,0.6576871,-1.1490321,-2.0870593,0.70731926,1
3.0,3,-1.721536,5.6896667,-0.7575352,8.537593,-1.959916,-4.116457,-1.0400444,-2.635952,-2.3772805,-1.4032303,-0.57539046,-2.5269117,-0.07211703,0.12507364,2.0350142,2.4965734,0.65761954,-1.1490089,-2.086457,0.70796686,1
3.0,3,-1.7214843,5.6898766,-0.7576556,8.537555,-1.9599015,-4.1164093,-1.0400393,-2.6359167,-2.377209,-1.403215,-0.57535446,-2.5268734,-0.072214015,0.12480492,2.034935,2.4964876,0.6576152,-1.1490036,-2.0863237,0.70807683,1
3.0,3,-1.7216266,5.688913,-0.7568087,8.537719,-1.9599656,-4.116731,-1.0400256,-2.6361282,-2.3776863,-1.4033582,-0.57559633,-2.5272653,-0.071611695,0.1262089,2.0353565,2.496954,0.6576884,-1.1490368,-2.0870433,0.7073216,1
3.0,3,-1.7216406,5.6887918,-0.7567295,8.537755,-1.9599634,-4.1167607,-1.0400134,-2.6361556,-2.377736,-1.4033916,-0.5756132,-2.5273004,-0.071543105,0.12635523,2.0353928,2.4969914,0.6576942,-1.1490378,-2.0871203,0.70724726,1
4.0,14,-3.323248,0.42942935,-1.9739724,-2.6388047,6.581172,5.6921597,-2.3165958,-1.1731873,-0.53723156,-2.3708584,-2.450978,-0.035335623,-2.821778,-1.6767154,10.665041,3.1425745,-1.3486645,0.07929939,-2.6961713,-0.5689318,0
4.0,14,-3.3231626,0.42947266,-1.9739529,-2.6387403,6.581326,5.6920595,-2.3165774,-1.1731039,-0.5372161,-2.3708463,-2.4509718,-0.035402816,-2.8218062,-1.6767765,10.665053,3.1425781,-1.3486559,0.07892473,-2.6961787,-0.568898,0
4.0,14,-3.3228292,0.42980826,-1.9738909,-2.6384358,6.581917,5.6920657,-2.3163717,-1.1727875,-0.5371027,-2.3710282,-2.4511173,-0.035592616,-2.8220792,-1.6770004,10.664955,3.142399,-1.3485754,0.07741988,-2.6960297,-0.5687411,0
4.0,14,-3.3229642,0.42968085,-1.9739228,-2.6385527,6.5817075,5.6921825,-2.3164442,-1.1729199,-0.53713787,-2.3710053,-2.4511023,-0.035499692,-2.8219943,-1.6769105,10.664925,3.1424038,-1.348596,0.07810561,-2.6960597,-0.56881726,0
4.0,14,-3.3231785,0.42946997,-1.9739544,-2.6387336,6.5813203,5.6921825,-2.316565,-1.173114,-0.53720665,-2.3708856,-2.4510262,-0.035372846,-2.821822,-1.6767769,10.664993,3.1425195,-1.3486425,0.0790323,-2.6961489,-0.56890845,0
4.0,14,-3.3231864,0.42947868,-1.9739547,-2.63873,6.581301,5.6922345,-2.3165565,-1.1731203,-0.53720355,-2.3709023,-2.4510455,-0.03535939,-2.821832,-1.6767725,10.664972,3.1424992,-1.3486379,0.07906093,-2.696134,-0.56890947,0
3.0,3,0.021846615,-1.872507,-0.56791294,12.680677,0.25063798,-0.45595592,-1.541949,-2.529869,-1.476524,-0.21878687,1.0592203,-0.15131043,0.31004912,-0.11343339,-2.7232904,-2.5389485,1.9605016,0.03698304,-4.1791983,-1.5169841,1
3.0,3,0.02183903,-1.8724939,-0.5679282,12.680666,0.2506398,-0.4559609,-1.5419647,-2.529873,-1.4765319,-0.21877012,1.0592176,-0.15132459,0.31003702,-0.113391735,-2.7232828,-2.538952,1.9605265,0.036986567,-4.179216,-1.5169803,1
3.0,3,0.02185081,-1.8724585,-0.5679334,12.680694,0.25069687,-0.45588696,-1.5419197,-2.5298662,-1.4765208,-0.21892934,1.0591348,-0.151337,0.31000036,-0.11337324,-2.723289,-2.538974,1.9605188,0.036987066,-4.179185,-1.516949,1
3.0,3,0.021827847,-1.8724351,-0.5680712,12.680634,0.2506274,-0.45603564,-1.5420682,-2.5298958,-1.4765246,-0.21862501,1.0592766,-0.15135735,0.30998564,-0.11326435,-2.7232199,-2.5389967,1.9606383,0.03697319,-4.1792893,-1.5169379,1
3.0,3,0.021824218,-1.872489,-0.5679792,12.680645,0.25060958,-0.45601687,-1.5420234,-2.5298803,-1.4765333,-0.21865246,1.0592656,-0.15131968,0.3100289,-0.11333822,-2.7232609,-2.5389595,1.9605697,0.03698187,-4.1792593,-1.5169692,1
3.0,3,0.021830656,-1.872485,-0.56794864,12.680658,0.25062895,-0.45598683,-1.5419918,-2.5298746,-1.4765363,-0.21872385,1.0592289,-0.15132803,0.3100318,-0.113348335,-2.7232728,-2.5389569,1.9605495,0.03698435,-4.179241,-1.5169725,1
17.0,17,-2.9051368,-0.9117722,-1.4242527,-2.2968893,-1.7216926,4.273573,-4.4688444,-1.7448827,-0.27946216,0.028750928,-0.021978559,2.1531248,0.023211775,1.0374014,1.7840632,-0.36534637,0.7201497,10.870145,-2.3308673,-2.437811,1
17.0,17,-2.9051425,-0.91176295,-1.424274,-2.2968905,-1.7216874,4.2736073,-4.4688416,-1.7448899,-0.27947375,0.028739905,-0.02196771,2.1531308,0.023195786,1.037419,1.7840722,-0.36535555,0.72015065,10.870141,-2.330865,-2.4378104,1
17.0,17,-2.9051554,-0.91173214,-1.4243172,-2.2968948,-1.7216753,4.273712,-4.4688377,-1.7449086,-0.27950707,0.028703487,-0.021948615,2.1531444,0.023146106,1.0374647,1.7840995,-0.36537552,0.72015446,10.870121,-2.3308625,-2.437808,1
17.0,17,-2.9051468,-0.91174215,-1.4243013,-2.2969005,-1.721692,4.273664,-4.468854,-1.7448834,-0.27948216,0.028714234,-0.02193247,2.153174,0.0231565,1.037428,1.7841332,-0.36537746,0.7201286,10.8701105,-2.330884,-2.4378002,1
17.0,17,-2.9051392,-0.9117682,-1.4242574,-2.2968893,-1.7216905,4.2735763,-4.4688406,-1.7448906,-0.27946857,0.028747732,-0.021978566,2.1531224,0.023210956,1.0374104,1.7840643,-0.3653443,0.72015285,10.8701515,-2.3308663,-2.4378104,1
17.0,17,-2.9051394,-0.9117696,-1.4242541,-2.29689,-1.7216911,4.2735786,-4.4688416,-1.7448857,-0.2794641,0.028750071,-0.021980086,2.1531231,0.023209376,1.0374048,1.7840647,-0.3653447,0.72015035,10.870147,-2.330865,-2.4378102,1
6.0,6,1.2108208,-1.077618,-1.7857012,-1.1610535,-0.6091862,-1.8226991,11.042072,1.6465695,-2.1019425,-2.2876658,5.6668634,0.7237244,-2.6266015,-2.5085785,-1.8222841,-1.9275861,-0.6166449,-2.0188377,-0.2617553,-2.1615431,1
6.0,6,1.2086887,-1.0767623,-1.7865355,-1.1605816,-0.6094351,-1.8229282,11.0436,1.6469066,-2.1034935,-2.2877307,5.6656327,0.7248687,-2.6255767,-2.508211,-1.822158,-1.9269725,-0.61600035,-2.0184197,-0.26117703,-2.161386,1
6.0,6,1.1996062,-1.073634,-1.790301,-1.1587523,-0.6107308,-1.8235365,11.04888,1.6457295,-2.1100106,-2.2880528,5.6624203,0.7295208,-2.6215909,-2.5066614,-1.8209028,-1.9234562,-0.6137475,-2.0155666,-0.25816536,-2.1600144,1
6.0,6,1.1976107,-1.0725687,-1.7912298,-1.1583046,-0.61090076,-1.8239391,11.050607,1.6470159,-2.1114879,-2.288052,5.6607585,0.73077136,-2.6205435,-2.5064032,-1.820925,-1.9232484,-0.6129351,-2.0155456,-0.25786415,-2.1601105,1
6.0,6,1.2080957,-1.0766369,-1.7868574,-1.1604801,-0.6096253,-1.8229897,11.043809,1.6470578,-2.1039102,-2.2877116,5.665659,0.72529024,-2.6253033,-2.5081282,-1.8220261,-1.926812,-0.61595595,-2.0182035,-0.26117384,-2.1612926,1
6.0,6,1.2096157,-1.0774678,-1.7864441,-1.1608678,-0.60961074,-1.8227739,11.042227,1.6466225,-2.1028104,-2.2875688,5.667348,0.7246092,-2.6261134,-2.5084312,-1.8218822,-1.9271969,-0.61660296,-2.0182192,-0.26180664,-2.1612673,1
17.0,17,-1.4684867,-0.8014377,-0.9083413,-1.2464831,-0.90897965,-1.1792628,-0.72378486,-1.7688439,-2.4980206,-0.8867507,1.4845433,-0.7484246,-0.17066823,0.70562506,-1.9537582,1.2228281,1.1388987,12.054489,-0.7606992,-1.4636962,1
17.0,17,-1.4685627,-0.8015572,-0.90838706,-1.2465595,-0.9089418,-1.1791251,-0.7239638,-1.7687092,-2.497945,-0.88669807,1.4846292,-0.74838513,-0.17064133,0.7057039,-1.9536486,1.2228487,1.1386642,12.054568,-0.76092046,-1.4637704,1
17.0,17,-1.4686861,-0.8017377,-0.9084823,-1.2466352,-0.90889615,-1.1789052,-0.72420627,-1.7685469,-2.4978752,-0.8866424,1.4848319,-0.7483403,-0.17064318,0.70577157,-1.953463,1.222887,1.1384631,12.054708,-0.76133525,-1.4639242,1
17.0,17,-1.4686618,-0.8016827,-0.9084436,-1.2465777,-0.9089005,-1.1789296,-0.7241895,-1.7686011,-2.4978607,-0.8866347,1.4847085,-0.7483442,-0.17061777,0.7057538,-1.9535217,1.2228462,1.1386257,12.05469,-0.7613102,-1.4639734,1
17.0,17,-1.4685779,-0.8015935,-0.9084072,-1.2466065,-0.908934,-1.1791201,-0.7239535,-1.7686776,-2.4979565,-0.8867043,1.4847018,-0.7483831,-0.17065674,0.70572555,-1.9536246,1.2228931,1.1385046,12.054556,-0.7608794,-1.4637275,1
17.0,17,-1.4685087,-0.80147016,-0.9083549,-1.2464991,-0.9089668,-1.1792281,-0.72380996,-1.7688302,-2.4980166,-0.88674355,1.4845762,-0.7484226,-0.1706709,0.7056384,-1.9537404,1.2228553,1.1388427,12.054502,-0.7607287,-1.4637152,1
18.0,9,-1.4525409,-2.3073728,0.48860008,-3.077444,-3.227376,-0.8347052,-3.3187776,-0.79633427,-0.6342435,6.809817,-0.056363255,-2.787561,1.5573542,-0.7410936,-1.3689656,5.4144697,-1.0635512,-1.029763,5.8491044,-0.18774281,0
18.0,9,-1.4526441,-2.3070586,0.4885546,-3.0775516,-3.227315,-0.8339429,-3.31873,-0.796599,-0.63399357,6.808499,-0.05729223,-2.7873738,1.5565282,-0.741126,-1.3680054,5.415929,-1.0640733,-1.0305849,5.849814,-0.18685067,0
18.0,9,-1.4522681,-2.307528,0.4886757,-3.0774603,-3.226364,-0.83386225,-3.318396,-0.79657537,-0.63409686,6.8097916,-0.055361956,-2.7879488,1.5568012,-0.7412862,-1.3705448,5.412251,-1.0636334,-1.0297235,5.8514776,-0.18832411,0
18.0,9,-1.4520742,-2.3077056,0.4887065,-3.0774477,-3.2271588,-0.83516854,-3.3188035,-0.7963616,-0.6340943,6.8106356,-0.05537813,-2.788032,1.5576407,-0.74115765,-1.3699552,5.4131107,-1.0631005,-1.029461,5.8490157,-0.18857184,0
18.0,9,-1.4529078,-2.306825,0.48857173,-3.077605,-3.22773,-0.83404833,-3.3188648,-0.796715,-0.63401175,6.8079205,-0.058317088,-2.7871802,1.5564815,-0.74087924,-1.3666534,5.4178543,-1.0642786,-1.0311136,5.84887,-0.18608849,0
18.0,9,-1.4527274,-2.3071418,0.4885938,-3.0775099,-3.2278435,-0.8345532,-3.3189447,-0.79646885,-0.63413674,6.808868,-0.05757214,-2.7872882,1.5571697,-0.74091953,-1.3674483,5.416654,-1.0638657,-1.0304567,5.8483057,-0.18691325,0
16.0,16,0.36950567,-0.53318787,-1.3776796,0.8301532,-0.07888852,-3.2015936,3.1877499,-3.04447,-2.096489,-1.4570236,5.4716706,-0.559194,-2.6194763,-4.0731406,-0.9643961,-1.6841406,9.927957,0.96678424,-0.4378487,-0.7151525,1
16.0,16,0.3694773,-0.53319335,-1.3777109,0.83015454,-0.07891874,-3.2016032,3.1877728,-3.0444005,-2.0964925,-1.4570214,5.4718227,-0.55918735,-2.61953,-4.0731525,-0.96436197,-1.684206,9.927903,0.9668137,-0.43791085,-0.71517265,1
16.0,16,0.36942852,-0.53314394,-1.377498,0.8308113,-0.079202846,-3.2004745,3.1868606,-3.044463,-2.0969033,-1.4570752,5.4700165,-0.55776435,-2.6193585,-4.0728207,-0.9642967,-1.6840237,9.929639,0.9666348,-0.43843132,-0.7153149,1
16.0,16,0.36944115,-0.53313595,-1.3775902,0.83055854,-0.07904239,-3.2009866,3.1873336,-3.044404,-2.09678,-1.457069,5.4708104,-0.5584091,-2.6194704,-4.0729804,-0.96432805,-1.6841044,9.928856,0.96671957,-0.4381869,-0.71528876,1
16.0,16,0.36945593,-0.53318113,-1.3777364,0.8301366,-0.07901801,-3.2016082,3.1878119,-3.0443761,-2.0964658,-1.457031,5.4718814,-0.55910254,-2.6195567,-4.073167,-0.9643091,-1.6842388,9.927876,0.96675164,-0.4378817,-0.7151537,1
16.0,16,0.36949784,-0.5331689,-1.3776671,0.8301873,-0.07891543,-3.201543,3.1877446,-3.044439,-2.096513,-1.4570367,5.4715686,-0.55912274,-2.619483,-4.0731277,-0.96439767,-1.6841375,9.928038,0.9667556,-0.43785644,-0.7151898,1
7.0,7,-0.36209565,-1.187052,-2.169793,-2.3615046,0.6388616,0.50287735,0.8481338,12.243643,-0.34412575,-0.26805195,0.6694121,0.32222492,-1.8596567,-0.80313677,-2.7166824,-1.2197012,-2.070298,-2.08439,-2.7045846,-0.8737512,1
7.0,7,-0.36217758,-1.1870053,-2.1698012,-2.3615007,0.6392009,0.5030935,0.8478517,12.243631,-0.3442858,-0.2680877,0.66907793,0.32223552,-1.8596419,-0.8029762,-2.7167034,-1.2194878,-2.0702155,-2.0842671,-2.7046828,-0.87372714,1
7.0,7,-0.36284652,-1.1867661,-2.1698382,-2.3615148,0.6398512,0.50425017,0.84650916,12.243593,-0.34490606,-0.26815778,0.6667602,0.32266122,-1.8594666,-0.80175614,-2.7163987,-1.2185569,-2.0698085,-2.0833857,-2.7050202,-0.87162197,1
7.0,7,-0.36281192,-1.1866417,-2.1699073,-2.3615482,0.64005953,0.5041876,0.84619564,12.243475,-0.3450927,-0.26819226,0.66687095,0.32255346,-1.8594685,-0.8019224,-2.7165923,-1.217991,-2.0698068,-2.0834734,-2.7048821,-0.87143946,1
7.0,7,-0.36224923,-1.1869717,-2.1698189,-2.3614912,0.63939077,0.5032754,0.8475625,12.243599,-0.34442702,-0.26809838,0.6688569,0.32224292,-1.8596107,-0.8028541,-2.716683,-1.2193173,-2.0701506,-2.084177,-2.704686,-0.8736081,1
7.0,7,-0.3621095,-1.18705,-2.1698365,-2.3615294,0.6388039,0.50289756,0.8480111,12.243588,-0.3440999,-0.26803428,0.66945076,0.32226515,-1.8596984,-0.80309445,-2.716641,-1.2196851,-2.070308,-2.084348,-2.7045536,-0.8734153,1
11.0,11,-1.4505445,-3.4401395,-2.8399513,-0.046033423,-2.340531,0.4756753,-2.023665,-0.079062074,1.0829587,0.7727839,1.9453846,12.772937,-0.8435334,-2.12029,-0.19266675,-1.4034638,1.8628016,2.6118076,-2.5310626,1.153959,1
11.0,11,-1.4505424,-3.4401333,-2.8399599,-0.0459998,-2.3405364,0.4756975,-2.0236602,-0.07905339,1.0829613,0.77278143,1.9453505,12.772936,-0.8435257,-2.1202855,-0.1926851,-1.4034622,1.8627735,2.6118078,-2.531054,1.1539195,1
11.0,11,-1.4505086,-3.4401305,-2.840032,-0.045819756,-2.3405662,0.47576854,-2.023667,-0.07899183,1.083055,0.7729462,1.945242,12.772829,-0.8435158,-2.1202722,-0.19280955,-1.4034462,1.8624738,2.61173,-2.5310035,1.1537845,1
11.0,11,-1.4505476,-3.4400866,-2.8399668,-0.04591551,-2.3405929,0.47586736,-2.023609,-0.07901111,1.0830587,0.77272785,1.9450127,12.772912,-0.84340584,-2.120207,-0.19278093,-1.4034369,1.8625249,2.611874,-2.530966,1.1535678,1
11.0,11,-1.4505588,-3.4401183,-2.8399322,-0.046047572,-2.3405416,0.4757267,-2.0236428,-0.07906267,1.082962,0.77270204,1.9452614,12.772959,-0.84348524,-2.120259,-0.19267316,-1.4034549,1.8628001,2.6118712,-2.5310419,1.153857,1
11.0,11,-1.4505488,-3.4401212,-2.839937,-0.046006206,-2.3405507,0.47574025,-2.0236444,-0.079050645,1.082977,0.7727256,1.9452426,12.772945,-0.8434775,-2.1202555,-0.19269541,-1.4034575,1.8627548,2.611843,-2.5310366,1.1538179,1
6.0,6,0.9743638,0.5850705,0.76732486,-0.8642188,-0.647409,-3.6415267,10.882727,-2.0408218,-0.1377382,-1.7799789,0.24867879,-2.5649784,-1.525323,-2.8909755,-2.2906737,-0.39924377,1.7472086,-2.7690341,4.0011353,-1.0645537,1
6.0,6,0.9742154,0.58523715,0.76719016,-0.8641588,-0.6474778,-3.6415112,10.882643,-2.0410762,-0.13787118,-1.7799855,0.24860965,-2.5649645,-1.5252651,-2.8909082,-2.2905746,-0.39918697,1.7474089,-2.7688813,4.0013165,-1.0643345,1
6.0,6,0.9735532,0.5856268,0.766592,-0.8639511,-0.6477778,-3.6413534,10.8828745,-2.0413218,-0.13852778,-1.7802187,0.24844564,-2.564495,-1.5249766,-2.8905962,-2.2903924,-0.39908785,1.7475863,-2.768415,4.0018735,-1.0637388,1
6.0,6,0.9733596,0.5857806,0.7664287,-0.86394316,-0.6479418,-3.6412807,10.882823,-2.0414515,-0.13856122,-1.7803432,0.2482981,-2.564332,-1.524878,-2.890557,-2.2903066,-0.39904147,1.7475649,-2.7684307,4.002364,-1.063462,1
6.0,6,0.9741181,0.5852597,0.76711744,-0.86416984,-0.6475785,-3.641481,10.882715,-2.040949,-0.13785106,-1.7800227,0.24856503,-2.5648901,-1.5252352,-2.890897,-2.290578,-0.39923087,1.7473471,-2.7689,4.001411,-1.0642897,1
6.0,6,0.9743022,0.58505887,0.767277,-0.8642259,-0.6474869,-3.6415143,10.882845,-2.0406191,-0.13772741,-1.7799838,0.24868272,-2.5649366,-1.5253218,-2.890971,-2.290701,-0.39931798,1.7471707,-2.7690287,4.0010595,-1.064588,1
13.0,13,-1.2010627,-0.67585707,-0.9167556,0.9039989,-3.0743928,1.3767902,-1.7983769,-0.91410553,-0.9335867,0.9653154,-1.6897548,0.28396368,1.2809516,12.500758,-3.078073,-1.2972984,-2.1336882,1.031363,-3.4682314,-1.7063969,1
13.0,13,-1.2010359,-0.67582613,-0.9167833,0.9041769,-3.0743973,1.3767457,-1.7984036,-0.9141303,-0.93359244,0.9653012,-1.6897457,0.28409845,1.2809068,12.500705,-3.078083,-1.2973632,-2.1336694,1.0313505,-3.468291,-1.7063578,1
13.0,13,-1.2009373,-0.67589724,-0.91692793,0.9044151,-3.0744205,1.3767941,-1.7984667,-0.9141904,-0.9335754,0.96528083,-1.6896858,0.28447676,1.2808604,12.500616,-3.0781412,-1.2975686,-2.1335938,1.0313656,-3.4683726,-1.7062843,1
13.0,13,-1.2008265,-0.67604125,-0.91695845,0.9045522,-3.0744388,1.376758,-1.7985357,-0.9142485,-0.9335365,0.9652821,-1.6896718,0.28480643,1.281,12.500588,-3.078219,-1.2978116,-2.1334646,1.0313847,-3.468503,-1.7062657,1
13.0,13,-1.20104,-0.6758147,-0.9168026,0.9041748,-3.074399,1.3767648,-1.7984,-0.9141275,-0.9335948,0.965299,-1.6897372,0.28409582,1.2808788,12.500701,-3.0780773,-1.2973515,-2.1336803,1.0313503,-3.4682765,-1.7063519,1
13.0,13,-1.2010388,-0.6758601,-0.916789,0.9040806,-3.0743983,1.3767884,-1.7983936,-0.91412,-0.933584,0.96530724,-1.6897415,0.28406268,1.2809323,12.5007305,-3.078085,-1.2973486,-2.1336722,1.0313624,-3.4682605,-1.706375,1
8.0,8,-1.575801,-3.9195228,-2.0028348,-2.2628946,-1.5551105,0.12070842,-0.26174355,0.4308591,11.699806,1.1028886,-0.96046966,0.49820942,0.040895477,-2.6591415,-0.75981486,-3.2726684,-2.5411777,-2.4141593,1.4820412,2.4703667,1
8.0,8,-1.5759177,-3.919523,-2.0029101,-2.262889,-1.5551145,0.12061562,-0.26171508,0.43088284,11.6997595,1.1029514,-0.960332,0.49827993,0.040899225,-2.6592534,-0.7598758,-3.272704,-2.5412462,-2.4141169,1.48234,2.4703074,1
8.0,8,-1.5757902,-3.919546,-2.0033698,-2.2629793,-1.5553197,0.121067695,-0.26275426,0.43145794,11.699742,1.1034814,-0.9600417,0.49848914,0.04044632,-2.6589446,-0.7595708,-3.2728739,-2.5410235,-2.414278,1.4818804,2.4708314,1
8.0,8,-1.5756514,-3.9196427,-2.0035627,-2.26301,-1.5554347,0.12125449,-0.263118,0.43166155,11.699755,1.1037593,-0.9600211,0.4984985,0.040330105,-2.6587174,-0.7594851,-3.2728903,-2.5408719,-2.4143553,1.4814404,2.4711456,1
8.0,8,-1.5759163,-3.919516,-2.0029044,-2.2629035,-1.5551263,0.12066081,-0.26174107,0.43092674,11.699759,1.1029353,-0.9603437,0.4982856,0.04085353,-2.6592221,-0.7598413,-3.2727048,-2.541233,-2.4141307,1.4822935,2.4703321,1
8.0,8,-1.5757902,-3.9194918,-2.002866,-2.2629247,-1.5551456,0.12080012,-0.26187414,0.43096074,11.699799,1.102918,-0.9604801,0.49823254,0.040791936,-2.6590772,-0.7597522,-3.272675,-2.5411403,-2.414183,1.4819556,2.4704623,1
17.0,15,0.4310218,0.0973152,-1.3872484,-2.4747279,0.2979805,6.51738,-2.8482482,-2.6084812,-1.5572393,-0.37862527,-2.1192722,-2.343662,-2.3009381,2.0344017,2.9180074,7.4190702,-0.37038246,-2.4988327,-1.5414158,-1.3264142,0
17.0,15,0.43099725,0.097439,-1.3872433,-2.4746368,0.29799944,6.5175667,-2.848211,-2.608416,-1.5572971,-0.37874705,-2.1193929,-2.3435068,-2.301024,2.0343468,2.9180927,7.419041,-0.37045723,-2.4989874,-1.5413387,-1.3263209,0
17.0,15,0.4313171,0.09724798,-1.3873156,-2.4744825,0.29807663,6.5172763,-2.8481607,-2.6086035,-1.5574331,-0.37877735,-2.1191976,-2.3435016,-2.300974,2.0343661,2.917842,7.4190083,-0.37021804,-2.4990664,-1.5412997,-1.326334,0
17.0,15,0.43144584,0.097212054,-1.3873883,-2.4744728,0.29814547,6.5174985,-2.8482049,-2.6085732,-1.5573589,-0.37888068,-2.1192985,-2.3434439,-2.3009624,2.034501,2.9177642,7.4187946,-0.37026167,-2.4991026,-1.5413976,-1.3263376,0
17.0,15,0.430965,0.0973325,-1.3871926,-2.4745455,0.29799065,6.51708,-2.8481112,-2.6085439,-1.5575532,-0.3786839,-2.11916,-2.343539,-2.300973,2.034105,2.9181666,7.419412,-0.37028074,-2.4990058,-1.5411674,-1.3262637,0
17.0,15,0.4309901,0.0973155,-1.3872269,-2.4747136,0.2979739,6.517303,-2.8482215,-2.6084845,-1.5572929,-0.37862146,-2.11925,-2.3436563,-2.3009264,2.0343285,2.9180498,7.4191675,-0.37037867,-2.498845,-1.541369,-1.3263885,0
2.0,2,-1.4706504,-1.0933772,12.059482,0.8085152,-0.10212636,-1.7680095,-1.5788417,-1.4010402,2.153145,-0.5591715,-3.319159,-2.7189987,0.37479636,1.4886473,0.6605721,-0.096828796,-1.2461165,-0.6029803,-1.8654692,-1.580052,1
2.0,2,-1.4706943,-1.0932944,12.059454,0.80880016,-0.102108255,-1.7680616,-1.5788305,-1.4010966,2.1529825,-0.55923843,-3.3191311,-2.7190511,0.37473962,1.4886678,0.66062355,-0.09676526,-1.2461003,-0.6030841,-1.8654013,-1.5799758,1
2.0,2,-1.4707602,-1.092822,12.059465,0.81030715,-0.10197534,-1.768344,-1.5786272,-1.4013815,2.1522548,-0.5596968,-3.319017,-2.7192652,0.3744225,1.4882456,0.66072696,-0.096466444,-1.2459484,-0.603744,-1.8647759,-1.5795094,1
2.0,2,-1.4704086,-1.0929786,12.059756,0.8100181,-0.10173333,-1.7684866,-1.578283,-1.4015174,2.1522796,-0.5598827,-3.3190591,-2.7191923,0.37478685,1.487264,0.66051435,-0.096589975,-1.2456353,-0.60327184,-1.8646243,-1.5797777,1
2.0,2,-1.4707159,-1.0932797,12.059436,0.8088443,-0.10212134,-1.7680609,-1.5788449,-1.4010928,2.1529644,-0.55923647,-3.31913,-2.7190611,0.37472972,1.4887183,0.66063374,-0.09675447,-1.2461178,-0.6031262,-1.865395,-1.5799581,1
2.0,2,-1.4707603,-1.0932826,12.0593815,0.8088781,-0.10211341,-1.7680489,-1.578875,-1.4011213,2.1528988,-0.55922467,-3.3191218,-2.719102,0.37472734,1.4889196,0.6606368,-0.096744366,-1.2461367,-0.6030618,-1.865478,-1.5799899,1
12.0,12,1.2284983,-2.9742649,0.36159724,-1.026308,-1.6839105,-3.2903779,-0.48972613,-2.517627,1.7786247,-1.2735562,-2.0999334,-1.7288904,10.991818,-0.26568756,-3.1527333,0.78479344,-0.82764155,-2.564221,4.895604,-1.5460957,1
12.0,12,1.2285107,-2.9742682,0.36151472,-1.026259,-1.6837996,-3.290403,-0.4896654,-2.517691,1.7787825,-1.2735847,-2.0998693,-1.7288233,10.9916315,-0.26609188,-3.15275,0.7848246,-0.82761216,-2.5643225,4.8958855,-1.5459608,1
12.0,12,1.2285213,-2.974114,0.3612263,-1.0260438,-1.6831452,-3.2905617,-0.4895112,-2.518052,1.7795602,-1.2736671,-2.0997362,-1.7286464,10.99033,-0.26820928,-3.152853,0.78517437,-0.82720727,-2.5651453,4.8979516,-1.5451112,1
12.0,12,1.2288712,-2.9741333,0.36182582,-1.0257206,-1.6836667,-3.2905464,-0.4899155,-2.5175102,1.7778188,-1.2734262,-2.0999703,-1.7286249,10.991734,-0.266313,-3.1528878,0.7848354,-0.8262876,-2.5644805,4.89512,-1.5458851,1
12.0,12,1.2284818,-2.9742568,0.36147407,-1.0262964,-1.6837707,-3.2903976,-0.48965156,-2.5177288,1.7789019,-1.2735958,-2.0998688,-1.7288563,10.991523,-0.26617584,-3.152749,0.7848547,-0.82768154,-2.5643778,4.8961115,-1.5459003,1
12.0,12,1.2284995,-2.9742136,0.36167637,-1.0263228,-1.6839694,-3.2903676,-0.4898119,-2.5175889,1.7784387,-1.2735137,-2.1000168,-1.728985,10.991896,-0.26538214,-3.1527338,0.7848111,-0.827554,-2.5642037,4.895486,-1.5461532,1
3.0,3,4.9222245,3.477416,1.0494636,11.2095175,-0.19096498,-2.531859,-0.35718822,-2.0554373,-2.366005,-1.6129992,1.7093705,-2.1872034,-0.68318903,-3.3229616,-3.8448558,-2.9154441,0.98256415,-1.5404687,-2.854871,-0.56041604,1
3.0,3,4.9215226,3.477616,1.0485951,11.20976,-0.19113462,-2.5320418,-0.35732514,-2.0555205,-2.3657687,-1.612777,1.7095644,-2.186494,-0.6832345,-3.3230405,-3.8445754,-2.915469,0.98248893,-1.540447,-2.8547692,-0.5597698,1
3.0,3,4.920094,3.480321,1.044923,11.209564,-0.19215684,-2.5331209,-0.3577519,-2.0558414,-2.3650618,-1.611702,1.7106965,-2.184143,-0.684107,-3.3234246,-3.8434663,-2.915903,0.981994,-1.5407121,-2.8541749,-0.5570554,1
3.0,3,4.9205728,3.4813774,1.0445114,11.2090845,-0.19234957,-2.533328,-0.3576957,-2.055852,-2.3651068,-1.6116343,1.7108653,-2.1841657,-0.68443465,-3.3235085,-3.8433723,-2.9160986,0.98188823,-1.540873,-2.8540149,-0.5568392,1
3.0,3,4.9221387,3.4776545,1.0492086,11.209479,-0.19104685,-2.5319538,-0.35722023,-2.0554686,-2.3659616,-1.6129013,1.709466,-2.1870666,-0.6832699,-3.322987,-3.8447733,-2.9154742,0.9825298,-1.5404931,-2.8548238,-0.5602032,1
3.0,3,4.921853,3.4773617,1.0491388,11.209698,-0.19101043,-2.5319083,-0.35725358,-2.055472,-2.3658955,-1.6129191,1.7094268,-2.1868913,-0.6831616,-3.3229868,-3.8447447,-2.9154289,0.98254627,-1.5404371,-2.8548436,-0.56017023,1
12.0,12,-0.4702091,-1.9603795,1.0733567,-1.5590338,-3.0760014,-2.9116867,-0.8359549,-1.7977656,1.3243139,-0.3213609,-2.7414162,-1.3598157,12.712374,4.8547235,-1.8573157,-0.46490505,-2.0643876,-0.4879061,-1.3203067,-3.2883966,1
12.0,12,-0.47019944,-1.9603801,1.0733563,-1.5590246,-3.0759976,-2.911707,-0.83594584,-1.7977742,1.3243301,-0.32136855,-2.7414095,-1.359812,12.712389,4.854646,-1.8573097,-0.46489808,-2.0643806,-0.48792416,-1.3202724,-3.2883918,1
12.0,12,-0.47021812,-1.9603415,1.0734304,-1.5589877,-3.0759642,-2.911828,-0.83594346,-1.797685,1.3243668,-0.32129353,-2.7414126,-1.359711,12.712482,4.8543396,-1.8572787,-0.46494633,-2.064312,-0.4880036,-1.3202789,-3.2884316,1
12.0,12,-0.47024277,-1.9602165,1.0739886,-1.558884,-3.075928,-2.9120286,-0.8360044,-1.7975227,1.3247173,-0.32116657,-2.7414992,-1.3594259,12.712687,4.853572,-1.8568503,-0.46520436,-2.0641327,-0.48807675,-1.3211236,-3.2884486,1
12.0,12,-0.47020006,-1.960383,1.0733559,-1.559027,-3.0759995,-2.911708,-0.8359476,-1.7977766,1.3243481,-0.32135943,-2.7414103,-1.3598174,12.71239,4.854642,-1.8573081,-0.46490076,-2.064386,-0.48792696,-1.3202723,-3.288394,1
12.0,12,-0.4701982,-1.9603753,1.0733899,-1.559017,-3.075994,-2.9117227,-0.8359472,-1.7977705,1.3243614,-0.32136345,-2.7414138,-1.3597978,12.712402,4.8545737,-1.8572805,-0.46491003,-2.0643709,-0.487934,-1.3203094,-3.2883916,1
8.0,18,-3.646163,-0.21474895,0.556429,-1.0056074,-1.9696923,1.2047348,-1.9270675,-0.13092905,-0.07332798,3.159914,0.21058169,2.4505463,-2.7102118,-2.364242,-0.870806,-1.447086,3.4076216,2.9690037,4.2541714,-0.99588567,0
8.0,18,-3.6465352,-0.21510014,0.555798,-1.0056612,-1.9699222,1.2050685,-1.9273603,-0.13073638,-0.07313255,3.160253,0.21024515,2.4512937,-2.7100322,-2.3639126,-0.8706813,-1.4470447,3.4074254,2.969349,4.2538986,-0.99588054,0
8.0,18,-3.6482964,-0.21686423,0.5524657,-1.0059426,-1.9710251,1.2067959,-1.9290025,-0.12972794,-0.072135516,3.1618805,0.20849265,2.455292,-2.7091389,-2.3621697,-0.87006605,-1.4469432,3.4068508,2.9710882,4.2519097,-0.995999,0
8.0,18,-3.6460247,-0.21704754,0.554026,-1.0065256,-1.971495,1.2043072,-1.9317265,-0.13008995,-0.070452906,3.1626456,0.20938395,2.4586327,-2.7090328,-2.3623028,-0.8698407,-1.4483951,3.411689,2.9675407,4.2456927,-0.99712086,0
8.0,18,-3.646646,-0.21519315,0.5555992,-1.0056535,-1.9700204,1.205199,-1.9274539,-0.130664,-0.07309274,3.1603732,0.2101306,2.451516,-2.709983,-2.363783,-0.8706539,-1.4470234,3.4074078,2.9693763,4.2538047,-0.99594295,0
8.0,18,-3.6465404,-0.21518773,0.5556787,-1.0056788,-1.9700261,1.205083,-1.9275725,-0.13068707,-0.0730171,3.1603737,0.2101591,2.4516735,-2.7099755,-2.3637943,-0.8706478,-1.4470855,3.4076707,2.9691925,4.2535076,-0.9959971,0
15.0,15,-0.21911237,-1.8550767,-0.7300966,-2.7591093,1.0149076,-1.010312,-2.7693496,1.4666729,-1.5255623,-0.15640606,-0.17231822,-1.7388949,-0.6264246,-1.8548329,4.224301,10.507185,-1.8053882,-2.245485,-2.6935346,0.3839653,1
15.0,15,-0.21951461,-1.854709,-0.7301635,-2.7591364,1.014971,-1.0098846,-2.768858,1.4664305,-1.5255961,-0.15755376,-0.17263307,-1.7386688,-0.6264534,-1.8548685,4.2250915,10.50749,-1.8055837,-2.2453792,-2.6934118,0.383891,1
15.0,15,-0.2229135,-1.8525785,-0.7320688,-2.7595353,1.0136338,-1.0079663,-2.764449,1.4619036,-1.5254662,-0.1665711,-0.1707939,-1.7358422,-0.6264756,-1.85641,4.2370067,10.509602,-1.8081564,-2.2455783,-2.693301,0.38406423,1
15.0,15,-0.22226766,-1.85308,-0.7315072,-2.759371,1.0140839,-1.0083622,-2.7659402,1.4640592,-1.5257288,-0.16341937,-0.17190604,-1.7366915,-0.6263234,-1.8557079,4.232484,10.509033,-1.8073521,-2.2453635,-2.6931088,0.38371325,1
15.0,15,-0.21968657,-1.8545524,-0.7299529,-2.759093,1.015275,-1.0095407,-2.7690296,1.4672462,-1.5257566,-0.15734158,-0.1735494,-1.7388018,-0.62642425,-1.8545666,4.223783,10.507549,-1.8054101,-2.2451491,-2.6931949,0.3835967,1
15.0,15,-0.2196812,-1.8546076,-0.7300726,-2.7591155,1.0151051,-1.009663,-2.7689555,1.466986,-1.5256914,-0.15738685,-0.17321517,-1.7387146,-0.62640315,-1.85466,4.224301,10.507531,-1.8055007,-2.24525,-2.6932762,0.38369006,1
17.0,19,-2.0359702,-1.6703793,-1.846626,-1.59288,-0.39788818,-2.1747813,-2.1635275,-0.9900398,-0.7887714,4.6637897,4.7854743,-0.9262127,-1.9647118,0.31394616,-0.9985226,0.72070307,1.1970077,3.5798337,-0.78488487,9.961118,0
17.0,19,-2.0359936,-1.6703787,-1.8466185,-1.5928473,-0.39787078,-2.174761,-2.1635344,-0.9901539,-0.7887491,4.6636624,4.7855563,-0.9261772,-1.9647511,0.31392965,-0.9985314,0.7206723,1.1970859,3.5799687,-0.7849209,9.961077,0
17.0,19,-2.0363038,-1.6705694,-1.8468663,-1.5929139,-0.39759064,-2.1745842,-2.163545,-0.9911587,-0.7884409,4.6617312,4.787149,-0.92525953,-1.965404,0.3136275,-0.9982352,0.720503,1.1973538,3.581715,-0.78575194,9.960622,0
17.0,19,-2.0362804,-1.6704972,-1.8467921,-1.5927858,-0.39765203,-2.1745875,-2.163587,-0.9911592,-0.78851855,4.662081,4.786899,-0.925522,-1.965296,0.3136755,-0.9983794,0.7204646,1.1975253,3.5815759,-0.78556633,9.960556,0
17.0,19,-2.0359924,-1.6703783,-1.846629,-1.5928639,-0.39786512,-2.1747622,-2.1635325,-0.9901355,-0.7887502,4.663641,4.785558,-0.92615646,-1.9647576,0.31393513,-0.99852216,0.72067547,1.1970693,3.5799823,-0.78493637,9.961084,0
17.0,19,-2.0359983,-1.6703776,-1.8466319,-1.592859,-0.3978789,-2.1747587,-2.163537,-0.99014044,-0.78874147,4.663649,4.7855515,-0.92612594,-1.9647613,0.3139365,-0.9985099,0.7206787,1.1970683,3.5799549,-0.7849329,9.961103,0
1.0,1,4.2321897,12.549219,-1.204243,1.098204,-1.8389721,-1.5234629,-0.49816877,0.14724141,-3.6197407,-0.062196612,-0.5390004,-4.1059575,-2.073936,-0.44032705,-0.62292886,-1.5381157,0.5320441,-1.0787324,-0.32303357,-1.8921221,1
1.0,1,4.2316775,12.549242,-1.204387,1.0981972,-1.8389888,-1.5233897,-0.49819034,0.14726229,-3.6196628,-0.062170334,-0.53903544,-4.1058483,-2.0739443,-0.44036412,-0.6227228,-1.5379865,0.5320593,-1.0787038,-0.32295817,-1.8918933,1
1.0,1,4.2302117,12.549291,-1.2048588,1.0981587,-1.8389897,-1.5230438,-0.49827892,0.14735582,-3.6194582,-0.062101476,-0.5391623,-4.105525,-2.073998,-0.44044927,-0.62213874,-1.5376216,0.5320889,-1.0786294,-0.32273453,-1.8912671,1
1.0,1,4.2295766,12.54933,-1.2050554,1.098186,-1.8389589,-1.5228894,-0.49827665,0.14737026,-3.6193736,-0.06215082,-0.5392042,-4.1053987,-2.074022,-0.44051313,-0.6218672,-1.5374953,0.5321211,-1.0786015,-0.3226511,-1.8909726,1
1.0,1,4.2318215,12.549232,-1.2043458,1.0981889,-1.8389924,-1.523414,-0.49819165,0.14726445,-3.619685,-0.062162757,-0.53903204,-4.1058764,-2.073941,-0.44034624,-0.62278664,-1.5380095,0.532049,-1.0787094,-0.32297707,-1.8919644,1
1.0,1,4.2319202,12.54924,-1.2043179,1.0982141,-1.838973,-1.5234281,-0.49816543,0.14724581,-3.6196988,-0.062198,-0.5390109,-4.105905,-2.07394,-0.44035935,-0.622819,-1.538061,0.53205854,-1.0787208,-0.3229964,-1.8919914,1
6.0,4,0.8997258,-0.52539515,-1.1030117,1.023392,8.343045,2.4663053,6.3800335,1.973226,-2.4193962,-1.809436,-2.7995698,-3.9860544,-2.9099329,-1.8378555,-4.2911806,-1.1688788,4.025434,-0.4275058,-3.81676,-4.5316396,0
6.0,4,0.8996503,-0.52545214,-1.1031116,1.0233977,8.3430195,2.4666324,6.3797197,1.9733878,-2.4193678,-1.8093702,-2.7995648,-3.9859757,-2.9100444,-1.8378334,-4.291173,-1.1689869,4.0256877,-0.42742813,-3.8169653,-4.531643,0
6.0,4,0.90042,-0.52598053,-1.1039048,1.0239685,8.343685,2.4696312,6.37294,1.9689871,-2.419083,-1.8078597,-2.7985504,-3.9855409,-2.9105885,-1.8381072,-4.2903843,-1.1699207,4.031185,-0.42457753,-3.8184557,-4.5315585,0
6.0,4,0.9004885,-0.5260621,-1.1041368,1.0240232,8.343522,2.4703336,6.3718176,1.9686284,-2.4191008,-1.8074303,-2.798389,-3.9854376,-2.910707,-1.8381473,-4.2902985,-1.1701775,4.0322385,-0.4242231,-3.8188083,-4.5316944,0
6.0,4,0.8995973,-0.52547693,-1.1031199,1.0233817,8.34299,2.466667,6.3798733,1.9736494,-2.4193532,-1.8093753,-2.7995937,-3.9859686,-2.9100733,-1.837808,-4.2912087,-1.1689979,4.025525,-0.42757988,-3.8169851,-4.5316515,0
6.0,4,0.89961535,-0.5254904,-1.1031028,1.0234121,8.343049,2.466659,6.3797836,1.9734851,-2.4193363,-1.809408,-2.7995899,-3.9859765,-2.910061,-1.8378145,-4.2911754,-1.1689798,4.025573,-0.427491,-3.8169754,-4.531634,0
8.0,8,-0.18662666,-5.303959,-2.794252,-1.7376854,-1.3060448,-1.08526,3.2424536,-1.9379426,9.803202,-0.26278898,-0.6011462,-0.61555576,2.0342875,-3.4954638,-1.7067935,-1.5965464,-2.7213957,-2.8415575,3.4721882,2.928724,1
8.0,8,-0.1867827,-5.3039494,-2.794295,-1.7377169,-1.3060639,-1.085234,3.2426138,-1.9377741,9.803207,-0.26275957,-0.60108244,-0.6155185,2.034056,-3.495466,-1.7068026,-1.5966352,-2.7213917,-2.8415558,3.472264,2.9287817,1
8.0,8,-0.18658435,-5.3038445,-2.7943645,-1.7376686,-1.306081,-1.0852871,3.2424495,-1.9377968,9.803205,-0.26294243,-0.6009506,-0.6154997,2.0342245,-3.495605,-1.7066782,-1.5968794,-2.721426,-2.8417032,3.4725113,2.9289942,1
8.0,8,-0.18636447,-5.30383,-2.7943246,-1.7376353,-1.3060821,-1.0853119,3.242121,-1.9379616,9.803245,-0.26302174,-0.6009577,-0.6155181,2.0345533,-3.4956574,-1.7066177,-1.5968999,-2.721464,-2.841769,3.472563,2.9289637,1
8.0,8,-0.18684244,-5.3039403,-2.794316,-1.737728,-1.3060608,-1.0852308,3.242623,-1.9377872,9.803192,-0.2627612,-0.6010388,-0.61552644,2.0340228,-3.4954894,-1.7068081,-1.5966376,-2.7214065,-2.8415658,3.4724436,2.9288151,1
8.0,8,-0.1865918,-5.3039527,-2.7942724,-1.7376732,-1.3060131,-1.0852717,3.2424574,-1.9380012,9.803157,-0.26281676,-0.6011356,-0.6155736,2.0343168,-3.495489,-1.7068039,-1.5965208,-2.7213955,-2.8415623,3.4722655,2.9287548,1
18.0,18,-0.55582374,-1.1426206,-0.53167707,-2.161552,-1.6114053,1.5379925,-0.7756574,-2.9445422,2.4918754,0.5456365,0.9009751,-1.7329131,0.009520454,-1.9016793,-2.1179237,-0.090278424,-2.3197465,-2.1059358,12.361036,0.42971772,1
18.0,18,-0.5558725,-1.1425776,-0.53172976,-2.1615407,-1.6114086,1.5379069,-0.7755945,-2.9445589,2.4918861,0.5456289,0.90107185,-1.7328879,0.009393169,-1.9017224,-2.1178513,-0.0902965,-2.3197355,-2.1059442,12.361088,0.42985043,1
18.0,18,-0.55581725,-1.1424972,-0.5315806,-2.1615295,-1.6114013,1.5378833,-0.77562857,-2.9444623,2.491629,0.54563487,0.90096825,-1.7329746,0.009469831,-1.9015774,-2.1178322,-0.09029853,-2.3196962,-2.1059754,12.361138,0.4297825,1
18.0,18,-0.55571985,-1.1423568,-0.5312959,-2.1614788,-1.6114076,1.5378819,-0.77573603,-2.9442477,2.4910316,0.54564023,0.90080476,-1.7330998,0.009683525,-1.90127,-2.1178517,-0.090278864,-2.3196354,-2.1059783,12.361225,0.4295743,1
18.0,18,-0.55588657,-1.1425325,-0.53169876,-2.1615345,-1.6114305,1.5378851,-0.77557135,-2.9445367,2.491818,0.545616,0.90105104,-1.7328883,0.009395013,-1.9016634,-2.1178308,-0.09031902,-2.319717,-2.1059587,12.361117,0.4298689,1
18.0,18,-0.55580825,-1.1426144,-0.53164136,-2.1615534,-1.611413,1.5380218,-0.7756759,-2.9445167,2.491833,0.54563487,0.90092254,-1.732926,0.00956733,-1.9016273,-2.1179366,-0.09028404,-2.3197443,-2.105946,12.361032,0.42967755,1
14.0,14,-2.6565874,-2.228529,-1.2862232,-2.0500362,-3.082443,-1.1407357,-3.1266751,-0.9584918,2.2622583,7.4751225,-0.73719317,0.3064375,0.25329563,0.061928727,8.363585,2.0758634,-0.70902425,-2.1027625,-2.7956614,3.8255713,1
14.0,14,-2.6566925,-2.2280703,-1.2863225,-2.05007,-3.082069,-1.1403567,-3.12666,-0.95871663,2.2616768,7.474332,-0.73725486,0.30635893,0.25303513,0.06189934,8.364538,2.0764222,-0.70914143,-2.1027715,-2.7956095,3.8254743,1
14.0,14,-2.658646,-2.2219667,-1.286766,-2.0505004,-3.0772626,-1.1364325,-3.1263173,-0.9618693,2.254801,7.4641438,-0.7386455,0.30610245,0.24980307,0.06123995,8.377359,2.0834064,-0.710447,-2.1023448,-2.7951548,3.8230078,1
14.0,14,-2.6590593,-2.220932,-1.2867441,-2.0504558,-3.0765972,-1.1359234,-3.1261523,-0.9621774,2.2533498,7.462842,-0.7387821,0.3062132,0.24939364,0.06107918,8.379282,2.0842974,-0.71050036,-2.1023915,-2.7948685,3.822235,1
14.0,14,-2.656676,-2.2281446,-1.2863332,-2.0500536,-3.0821304,-1.1403706,-3.1266875,-0.95856297,2.2616622,7.47451,-0.73721075,0.30637276,0.25308144,0.06190797,8.364353,2.0763073,-0.70912033,-2.10279,-2.795598,3.8254414,1
14.0,14,-2.6569288,-2.2275243,-1.2862166,-2.0500114,-3.081802,-1.1402696,-3.1264787,-0.9590327,2.261013,7.473791,-0.7373241,0.30645293,0.25286478,0.061806776,8.365443,2.076772,-0.709079,-2.1028152,-2.795388,3.8250399,1
10.0,10,-1.9451257,-2.5885952,-3.9696372,-1.0491078,-1.0848376,-2.4214106,-0.90159553,-1.8781557,-0.9404675,2.9796922,11.917307,0.26316333,-2.9561048,-2.964458,1.3741599,0.68023336,-0.19391419,2.216425,-0.3692137,1.802404,1
10.0,10,-1.9451922,-2.5885758,-3.9696574,-1.049125,-1.0848662,-2.4214087,-0.90163875,-1.8781453,-0.9404621,2.9797695,11.917273,0.26324195,-2.9561462,-2.964449,1.3741871,0.68029344,-0.19392426,2.2164414,-0.36922777,1.8024901,1
10.0,10,-1.9455829,-2.5884404,-3.969789,-1.0491301,-1.0850496,-2.421353,-0.90188265,-1.8781476,-0.9404551,2.9801104,11.917109,0.26393247,-2.9564118,-2.9644384,1.3743682,0.6805445,-0.1938342,2.2165067,-0.36935556,1.8029625,1
10.0,10,-1.9457228,-2.588417,-3.9698243,-1.0492693,-1.0850829,-2.42135,-0.901971,-1.8780444,-0.9404141,2.9803522,11.917008,0.26390743,-2.956506,-2.9643629,1.3744066,0.680741,-0.19405894,2.2165725,-0.36932334,1.8032076,1
10.0,10,-1.9451876,-2.5885794,-3.969652,-1.0491451,-1.0848563,-2.4214108,-0.9016359,-1.8781322,-0.9404576,2.9797745,11.917264,0.26319844,-2.9561436,-2.9644408,1.3741813,0.68030345,-0.1939534,2.21645,-0.36921614,1.8024948,1
10.0,10,-1.9451814,-2.5885832,-3.969658,-1.049101,-1.0848746,-2.4214182,-0.90164125,-1.8781433,-0.94044554,2.9797726,11.917271,0.26326805,-2.9561405,-2.9644601,1.3741753,0.68028456,-0.19392215,2.2164097,-0.36923057,1.8024911,1
9.0,9,-0.83834684,-2.6508973,-0.38356075,-2.1228833,-2.055333,-2.8248258,-3.280357,-0.396605,-0.24516624,11.619321,3.0753808,-2.5498517,-0.47835937,0.29273883,-2.4083967,2.313085,-0.5674296,0.23266268,0.15274474,0.87434995,1
9.0,9,-0.8382692,-2.6510115,-0.3828774,-2.1226125,-2.0554113,-2.8246765,-3.2804751,-0.3965098,-0.2449897,11.61963,3.0744855,-2.5498116,-0.47794184,0.29300568,-2.4087234,2.3128092,-0.5672762,0.23257655,0.1524909,0.8732186,1
9.0,9,-0.83795905,-2.650762,-0.37958607,-2.120914,-2.0541224,-2.823499,-3.2822082,-0.39326224,-0.2422741,11.623492,3.0622354,-2.546959,-0.47518194,0.29646644,-2.411448,2.3086934,-0.5654443,0.23089516,0.14956808,0.87256116,1
9.0,9,-0.83859366,-2.6508522,-0.38393858,-2.1228068,-2.053589,-2.8238442,-3.281518,-0.39459598,-0.24389717,11.620561,3.0701692,-2.5477505,-0.47804746,0.29415256,-2.4096422,2.311795,-0.5668707,0.23270598,0.15109289,0.8767866,1
9.0,9,-0.83821946,-2.6510816,-0.3825005,-2.1223907,-2.0555186,-2.824628,-3.2805398,-0.3965032,-0.24486181,11.619846,3.074139,-2.549779,-0.47768456,0.29317793,-2.408885,2.3124967,-0.56723994,0.2324802,0.15234466,0.87248635,1
9.0,9,-0.8382457,-2.6510608,-0.38252065,-2.1224606,-2.0552511,-2.8244896,-3.2806668,-0.39624608,-0.24476787,11.619923,3.0733993,-2.5495598,-0.47770336,0.2932859,-2.4090376,2.312543,-0.56709796,0.2325584,0.15215142,0.8729748,1
3.0,3,-0.6648262,-2.2434464,3.5756505,11.67762,0.68260616,-0.10538037,-0.79818547,-2.1197543,-2.1423018,-2.0489101,-0.8434432,-1.1440148,0.21727984,1.5147797,-2.6436067,-1.5848373,1.2560395,0.28963953,-3.8922954,-2.1069105,1
3.0,3,-0.66491,-2.243434,3.575428,11.677554,0.6826468,-0.10525103,-0.7982351,-2.119777,-2.1422975,-2.0488615,-0.8434259,-1.1440881,0.21714017,1.5151166,-2.6436305,-1.5848368,1.2559628,0.28974462,-3.892344,-2.106884,1
3.0,3,-0.665014,-2.2433758,3.575608,11.677311,0.68266284,-0.10524675,-0.7983748,-2.1197505,-2.142242,-2.0487976,-0.8435183,-1.1443785,0.21707001,1.515605,-2.6435719,-1.5847366,1.2557447,0.28976294,-3.8924308,-2.1068642,1
3.0,3,-0.665444,-2.2434165,3.5744908,11.676964,0.682807,-0.10453871,-0.7986624,-2.1198292,-2.1422362,-2.0485508,-0.8434948,-1.1446007,0.21645781,1.517384,-2.643746,-1.5847545,1.2554072,0.29030326,-3.8927011,-2.1067607,1
3.0,3,-0.6649805,-2.243457,3.575218,11.677517,0.6826582,-0.10512404,-0.79828626,-2.1197793,-2.1423051,-2.0488276,-0.8434235,-1.1440738,0.21705809,1.5153913,-2.64367,-1.5848469,1.2559263,0.2898393,-3.89239,-2.106866,1
3.0,3,-0.6649924,-2.2434406,3.5753243,11.677451,0.6826719,-0.10514629,-0.7983005,-2.1197877,-2.142292,-2.0488176,-0.8434526,-1.1441659,0.2170493,1.5154581,-2.643643,-1.5848222,1.2558954,0.28983012,-3.8923984,-2.1068723,1
18.0,18,-0.74960786,-1.4276379,0.12663116,-2.628585,-0.8867968,0.8855918,-0.80133706,-3.2352421,3.4386036,0.69227093,-0.30676162,-2.486047,1.0339398,-2.407742,-1.94616,0.5811322,-2.4949396,-2.7679415,12.496673,1.1998191,1
18.0,18,-0.74968624,-1.4276195,0.12659673,-2.628567,-0.88678616,0.88557,-0.8013196,-3.2352452,3.4385843,0.69226146,-0.30676222,-2.4860034,1.0339134,-2.4077754,-1.9461322,0.58115125,-2.494918,-2.7679265,12.496739,1.2000248,1
18.0,18,-0.74956787,-1.4276927,0.1265806,-2.628528,-0.8868149,0.8856839,-0.80131567,-3.2352877,3.4386365,0.69221896,-0.30680427,-2.4860713,1.034039,-2.4076848,-1.9462891,0.5811592,-2.4949238,-2.7678416,12.496543,1.1993811,1
18.0,18,-0.7490975,-1.4277703,0.12700415,-2.628817,-0.8867378,0.8854651,-0.80145335,-3.2352304,3.4388373,0.6924026,-0.30676076,-2.4864373,1.034071,-2.4076424,-1.9462187,0.5811151,-2.49515,-2.768196,12.49631,1.1987245,1
18.0,18,-0.7497009,-1.4275688,0.12657425,-2.6285532,-0.8868434,0.8856732,-0.8013382,-3.235227,3.4385266,0.6922956,-0.30673397,-2.485978,1.0338306,-2.4076807,-1.9461505,0.58110124,-2.4948936,-2.7679036,12.496719,1.1999077,1
18.0,18,-0.7495692,-1.4276038,0.12664331,-2.6285853,-0.8868504,0.88567317,-0.8013594,-3.2352352,3.438571,0.6923039,-0.30673867,-2.4860606,1.0338931,-2.4076374,-1.9461961,0.58108675,-2.4949327,-2.7679348,12.496613,1.199559,1
6.0,7,-1.3917656,-0.6915812,-1.414491,-2.6785872,0.5316188,0.0435052,-0.75292915,10.688691,-1.5482198,1.0694714,-1.692845,-0.3693995,-1.2960982,0.21286005,-1.5521222,4.1903453,-2.1435626,-2.627847,-3.2291057,-0.66115123,0
6.0,7,-1.3918684,-0.6915973,-1.4145846,-2.678567,0.5314384,0.043646775,-0.7528578,10.688704,-1.5482682,1.0693791,-1.6928387,-0.36932415,-1.296071,0.21297958,-1.5520111,4.190332,-2.1436503,-2.6278803,-3.2290668,-0.66104966,0
6.0,7,-1.3917146,-0.6918897,-1.4145023,-2.6785562,0.5313738,0.043333553,-0.75272936,10.688799,-1.5482888,1.0695595,-1.6927936,-0.3691815,-1.2958198,0.21260065,-1.551975,4.1904316,-2.1436698,-2.627949,-3.229051,-0.66124403,0
6.0,7,-1.3917727,-0.69185156,-1.4146143,-2.6785023,0.53117114,0.043368347,-0.7524664,10.688981,-1.5483295,1.0694624,-1.692644,-0.36911523,-1.2958583,0.21269083,-1.5521111,4.1901145,-2.1437335,-2.6279736,-3.228928,-0.66110295,0
6.0,7,-1.3918794,-0.69159526,-1.4145901,-2.678567,0.5313745,0.04364817,-0.75284,10.688715,-1.5482626,1.0693759,-1.692838,-0.3693059,-1.2960575,0.21299186,-1.5519887,4.1903214,-2.1436613,-2.6278892,-3.2290616,-0.6610371,0
6.0,7,-1.3918518,-0.6915629,-1.4145472,-2.678593,0.53151095,0.043650858,-0.7529815,10.688621,-1.5482435,1.069406,-1.6928784,-0.36937892,-1.2960991,0.21301004,-1.5519954,4.190417,-2.1436114,-2.6278543,-3.2291114,-0.6610719,0
5.0,5,-3.8725178,0.98036766,-1.5995306,-2.857668,3.995167,11.554968,-0.58015907,1.9422408,-1.3448607,-2.1250243,-4.1815476,-0.4496436,-4.3160872,0.019435517,1.7848761,2.3520615,2.3853571,-0.6321974,-1.7739768,-2.2678053,1
5.0,5,-3.8725038,0.98038715,-1.599532,-2.8576658,3.995115,11.554933,-0.58013535,1.9422376,-1.3448869,-2.125022,-4.181536,-0.449619,-4.3160744,0.019414835,1.7848539,2.3520732,2.3854296,-0.63221663,-1.7739776,-2.267814,1
5.0,5,-3.8724697,0.9805017,-1.5995336,-2.8576581,3.9948828,11.55481,-0.58006436,1.9422398,-1.3449777,-2.124997,-4.1814895,-0.44952863,-4.3160367,0.019367836,1.7847944,2.352078,2.3856494,-0.63226914,-1.7739688,-2.2678454,1
5.0,5,-3.8725169,0.98043513,-1.5995314,-2.8576682,3.9950342,11.55492,-0.58013535,1.9422325,-1.3448908,-2.1250134,-4.1815166,-0.44960082,-4.316078,0.019442968,1.7848741,2.3520448,2.3854284,-0.6322002,-1.7739758,-2.2678127,1
5.0,5,-3.8725295,0.98038965,-1.59953,-2.8576727,3.9951522,11.554982,-0.58017516,1.942244,-1.3448389,-2.125025,-4.181549,-0.4496373,-4.3161025,0.019465879,1.7849041,2.3520327,2.3853142,-0.63219166,-1.7739781,-2.267799,1
5.0,5,-3.8725193,0.9803839,-1.5995294,-2.8576667,3.9951339,11.554969,-0.5801619,1.9422454,-1.3448539,-2.1250157,-4.181544,-0.44963592,-4.3160925,0.019456051,1.7848719,2.352039,2.385352,-0.63219815,-1.7739753,-2.267806,1
6.0,6,-1.4733291,-2.0186265,-1.9237487,-1.1625916,-1.0112568,-1.247328,12.361925,1.7223155,-1.4244157,-1.5047573,0.019418648,-0.6828119,-2.4599388,-1.3440546,-2.9267898,0.95804375,-0.12007408,0.065965034,1.6865181,-1.721341,1
6.0,6,-1.4734039,-2.0186489,-1.9237683,-1.1626059,-1.0112714,-1.2473109,12.36191,1.7223607,-1.424477,-1.5047407,0.0194135,-0.68281376,-2.4599025,-1.3440288,-2.9267917,0.9581006,-0.12009895,0.06609021,1.6864817,-1.7213507,1
6.0,6,-1.4735477,-2.0183082,-1.9235151,-1.1623983,-1.0112953,-1.2472095,12.362047,1.7225882,-1.4252487,-1.5048227,0.018932154,-0.6827751,-2.4596815,-1.3440053,-2.9266505,0.9583505,-0.11975983,0.06617382,1.6863809,-1.7214208,1
6.0,6,-1.4735183,-2.0182767,-1.9235016,-1.1623814,-1.0113028,-1.2472116,12.362054,1.7225648,-1.425246,-1.504837,0.018909885,-0.68276733,-2.4596863,-1.3440276,-2.9266443,0.95833343,-0.11971858,0.06611202,1.6864136,-1.7214056,1
6.0,6,-1.4734329,-2.0186167,-1.923753,-1.1626043,-1.0112828,-1.2472656,12.361945,1.7224481,-1.4244844,-1.5047611,0.019302769,-0.68277854,-2.4598944,-1.3440173,-2.9267411,0.9581022,-0.12009817,0.06603938,1.6864227,-1.7213346,1
6.0,6,-1.4733437,-2.0186055,-1.9237285,-1.1625898,-1.0112534,-1.2472945,12.361952,1.7223849,-1.4244238,-1.5047712,0.019339373,-0.68279105,-2.4599404,-1.3440369,-2.9267468,0.958047,-0.1200842,0.065919966,1.6864573,-1.7213417,1
17.0,17,-1.8705124,-2.396607,0.52940077,-2.3905163,-3.1682117,0.031949468,-0.04709617,-3.6504593,3.648354,0.145978,3.513918,-0.1524709,-2.024607,-1.170119,-2.444262,-1.5955868,0.9893592,9.579099,-0.49510318,-1.437383,1
17.0,17,-1.8703965,-2.3968472,0.52958906,-2.3904395,-3.1679895,0.032264322,-0.04715252,-3.6501803,3.6514156,0.14600185,3.5119789,-0.15178776,-2.0250907,-1.1704838,-2.4443479,-1.59691,0.98955363,9.577476,-0.49566197,-1.4367449,1
17.0,17,-1.8712649,-2.397359,0.52660537,-2.3903787,-3.1677425,0.0320609,-0.046481907,-3.6503227,3.651833,0.14394015,3.5156548,-0.14837992,-2.0265827,-1.1718062,-2.4429593,-1.5977786,0.9879015,9.577114,-0.49456644,-1.4335676,1
17.0,17,-1.8709189,-2.3968868,0.52757066,-2.3908608,-3.1675787,0.031821564,-0.04814709,-3.6501415,3.6538358,0.14607415,3.5133336,-0.14923933,-2.026617,-1.1713586,-2.4414454,-1.5976342,0.98692983,9.576674,-0.4965102,-1.4339521,1
17.0,17,-1.8708451,-2.3969533,0.52838403,-2.3906453,-3.167857,0.03208465,-0.047420494,-3.6502104,3.6515193,0.14593482,3.5131567,-0.1508157,-2.0255847,-1.1706637,-2.4432755,-1.5968168,0.9884928,9.577663,-0.49560302,-1.435688,1
17.0,17,-1.8705652,-2.3971424,0.52866375,-2.3903897,-3.167815,0.032297984,-0.046972014,-3.6501088,3.6529317,0.14537022,3.5123317,-0.15037581,-2.0257392,-1.1710651,-2.4439435,-1.5977701,0.9890577,9.576636,-0.4956426,-1.4354293,1
7.0,7,-0.17385635,-1.8822491,-1.3059947,-1.8424426,-0.7277078,0.20398316,-0.12142238,11.864907,0.6949934,0.86529267,0.09177309,0.97816485,-0.37004006,-1.3588903,-1.4254868,-1.7362651,-2.8339248,-1.759669,-3.296044,-3.008684,1
7.0,7,-0.17391375,-1.8820894,-1.3060386,-1.8424189,-0.72759765,0.2040822,-0.121279955,11.865041,0.69472253,0.86523813,0.09167136,0.9781644,-0.37021202,-1.3588368,-1.4255536,-1.7362247,-2.833883,-1.7595662,-3.2959592,-3.008698,1
7.0,7,-0.17400455,-1.8815253,-1.3062938,-1.842313,-0.7273999,0.20410039,-0.12096876,11.865272,0.6938498,0.8648556,0.09177297,0.97807926,-0.37044922,-1.358721,-1.4258678,-1.736462,-2.8338127,-1.7586157,-3.2955353,-3.0089056,1
7.0,7,-0.17409003,-1.8812668,-1.306351,-1.842271,-0.72723836,0.20418593,-0.12084025,11.865433,0.69339985,0.8647175,0.091668725,0.9780491,-0.3705868,-1.3586234,-1.4259646,-1.7364193,-2.8337703,-1.7583156,-3.2953973,-3.009003,1
7.0,7,-0.17393829,-1.88202,-1.3060617,-1.8424054,-0.7275547,0.20411469,-0.12122679,11.865093,0.69460034,0.86520255,0.09163919,0.97816175,-0.37026656,-1.358812,-1.4255835,-1.7362177,-2.833868,-1.7594892,-3.2959206,-3.008711,1
7.0,7,-0.17386875,-1.8821917,-1.3060353,-1.8424243,-0.72768855,0.20399673,-0.121390045,11.864927,0.69488925,0.86522895,0.09177789,0.97816247,-0.37005094,-1.3588709,-1.4255251,-1.7363064,-2.8339176,-1.7595036,-3.2960083,-3.0086966,1
17.0,17,-0.98205984,-0.83216935,-0.6543076,-0.30150244,-0.8786482,-1.4569463,-0.42480034,-1.213707,-2.2414093,-1.1770573,0.7194017,0.20258209,-0.09625694,0.18992439,-2.4037485,-0.8518633,5.585458,11.207303,-3.1480582,-2.2702715,1
17.0,17,-0.9820208,-0.83219355,-0.65427953,-0.30149192,-0.8786061,-1.4569367,-0.42470187,-1.2135876,-2.2413695,-1.1770893,0.71930474,0.20251498,-0.09631102,0.18991184,-2.4037676,-0.8519044,5.5855107,11.2072315,-3.1481414,-2.2703037,1
17.0,17,-0.98195523,-0.83231944,-0.6542415,-0.30152607,-0.87859243,-1.4566846,-0.425046,-1.2134058,-2.241131,-1.1771483,0.7189903,0.20283549,-0.096476406,0.18990472,-2.4035654,-0.85203946,5.58587,11.207104,-3.1484652,-2.2700949,1
17.0,17,-0.9819735,-0.8322913,-0.6542448,-0.30153438,-0.8785498,-1.4566509,-0.425161,-1.213458,-2.2411308,-1.1771365,0.7190032,0.20278886,-0.09642741,0.18995133,-2.4035363,-0.8520103,5.585701,11.207192,-3.1484098,-2.2700908,1
17.0,17,-0.98201007,-0.8321927,-0.6542746,-0.30149242,-0.8785926,-1.456935,-0.42467287,-1.213571,-2.2413602,-1.1770968,0.71928346,0.2024829,-0.09632226,0.18991333,-2.4037738,-0.8519077,5.5854955,11.207226,-3.148146,-2.2703018,1
17.0,17,-0.9820399,-0.8321829,-0.65429145,-0.30149162,-0.8786253,-1.4569305,-0.42479926,-1.2136582,-2.2413843,-1.1770686,0.719355,0.20256393,-0.09628033,0.189917,-2.4037461,-0.85188794,5.58551,11.20726,-3.14811,-2.270281,1
2.0,2,1.2157005,-1.2260214,12.388413,-0.17660145,-0.12953614,-0.49347398,-1.7558472,-1.2055941,2.571572,-1.1515573,-2.629637,-1.4663868,-0.08479333,-1.2250774,-0.38236383,-0.22769599,-0.5026745,-1.4062299,-1.9127958,-0.97743726,1
2.0,2,1.2157215,-1.2260293,12.388354,-0.17660648,-0.12951307,-0.49347457,-1.7558448,-1.2055969,2.5716503,-1.1515964,-2.6296053,-1.4664046,-0.0849359,-1.2251294,-0.38231814,-0.22762702,-0.5027023,-1.4062663,-1.912796,-0.97732836,1
2.0,2,1.2153782,-1.2269862,12.387195,-0.17824772,-0.13024418,-0.49267802,-1.7566729,-1.2051755,2.5760827,-1.1513729,-2.629808,-1.4655056,-0.08593871,-1.2258074,-0.3820581,-0.22741835,-0.50415474,-1.4076465,-1.9127814,-0.97486633,1
2.0,2,1.2125341,-1.2296007,12.387257,-0.1818181,-0.13227336,-0.4909049,-1.7594063,-1.2033637,2.5825827,-1.1484934,-2.6324766,-1.461612,-0.081173584,-1.2269559,-0.38302857,-0.2297573,-0.5054092,-1.4086267,-1.9124562,-0.9730061,1
2.0,2,1.2155058,-1.2264222,12.388277,-0.17735316,-0.1299809,-0.49298188,-1.7561935,-1.2052498,2.5728207,-1.151281,-2.6298096,-1.4657856,-0.08437227,-1.2251725,-0.38262737,-0.2280519,-0.5030771,-1.4065708,-1.9126899,-0.97717893,1
2.0,2,1.2155486,-1.2264626,12.388127,-0.1773496,-0.12991832,-0.49295774,-1.7562181,-1.2051971,2.5729806,-1.1513661,-2.6297543,-1.4658133,-0.08472143,-1.2252975,-0.3825683,-0.2278527,-0.5031417,-1.4066836,-1.912699,-0.9768627,1
16.0,16,0.23465881,-1.0557362,0.4911068,2.9553163,-1.1411866,1.1861578,-1.7035737,-0.86132634,-0.80012,-0.50255054,-0.84807336,1.7710426,-1.5035228,-1.4997407,-1.8313233,-2.070858,12.150235,0.34223172,-3.2578273,-1.7147857,1
16.0,16,0.23468098,-1.0556624,0.4910882,2.9551358,-1.1411691,1.1861774,-1.7035341,-0.8613838,-0.8000648,-0.50251216,-0.8480917,1.7707613,-1.5035965,-1.4997542,-1.8313183,-2.0708246,12.15024,0.34235987,-3.2577348,-1.7147253,1
16.0,16,0.23469621,-1.0556812,0.49145997,2.9556377,-1.1411954,1.1860781,-1.703456,-0.8614774,-0.8005397,-0.5027103,-0.8481728,1.7709829,-1.5033616,-1.4998562,-1.8313682,-2.0707378,12.150273,0.34245196,-3.257807,-1.7147465,1
16.0,16,0.23470792,-1.0552745,0.49113065,2.9548502,-1.141145,1.1861315,-1.7032051,-0.8619034,-0.8003325,-0.50262827,-0.84818465,1.7700822,-1.5036738,-1.499908,-1.8312981,-2.070563,12.150393,0.34302273,-3.2573097,-1.7145654,1
16.0,16,0.23470914,-1.0556096,0.49108616,2.954903,-1.1411641,1.1862149,-1.7035236,-0.8613578,-0.79993254,-0.5024236,-0.8481096,1.7704754,-1.5036945,-1.4997643,-1.8313067,-2.0708182,12.150212,0.34240097,-3.2576685,-1.714672,1
16.0,16,0.23472017,-1.055659,0.4910903,2.954862,-1.1411866,1.1862494,-1.7035623,-0.8612656,-0.79981863,-0.5023715,-0.848122,1.7704363,-1.5037248,-1.499708,-1.8313267,-2.0708518,12.15016,0.34228718,-3.2576902,-1.7147061,1
18.0,19,-0.42601162,-0.82657695,-1.2304235,-0.6403992,-0.48299474,-0.6993166,1.1392027,-3.3972213,-1.0889852,0.2696253,0.05293019,-1.0646917,0.59575796,-0.034094043,-1.0186996,0.75266254,-1.6631097,-0.002265595,7.5664,11.192753,0
18.0,19,-0.4260562,-0.82561266,-1.230763,-0.641335,-0.48346174,-0.69680613,1.1402421,-3.396717,-1.0912279,0.26867813,0.053262882,-1.0653461,0.59550023,-0.0342208,-1.0199568,0.7524866,-1.6633755,-0.0020824373,7.570916,11.189038,0
18.0,19,-0.42670065,-0.8289554,-1.231211,-0.6389707,-0.4840865,-0.6922965,1.137325,-3.3935888,-1.084127,0.26858795,0.050857358,-1.0592636,0.5897647,-0.030924335,-1.0174756,0.7490824,-1.6625761,-0.0023188442,7.5562363,11.201178,0
18.0,19,-0.42804667,-0.84776545,-1.2293522,-0.62325174,-0.48047024,-0.7124939,1.1194166,-3.3900607,-1.0428561,0.2821876,0.04153312,-1.0365876,0.5799746,-0.022323899,-0.99667823,0.7435423,-1.6591889,-0.0034340993,7.467983,11.271661,0
18.0,19,-0.4261709,-0.8272112,-1.230597,-0.63999003,-0.48333102,-0.69730675,1.1386331,-3.3963642,-1.087612,0.2692389,0.052389823,-1.0632207,0.5940116,-0.033345446,-1.018418,0.7517103,-1.6628728,-0.0023865998,7.563974,11.194934,0
18.0,19,-0.42637506,-0.8273542,-1.2308346,-0.6398244,-0.48357373,-0.696061,1.1383357,-3.3958557,-1.0875444,0.26944157,0.052116215,-1.0627316,0.59334815,-0.03248906,-1.0184467,0.75117725,-1.6629629,-0.00196442,7.5628815,11.195313,0
13.0,13,-1.3953451,-1.3184679,-0.09750028,-3.1331043,-3.7046103,-0.77814853,-1.7496651,-0.57792217,2.8177638,1.9599985,-2.5777886,-1.6011393,4.790329,12.575018,-3.0014787,-2.0015273,-3.5094998,0.535193,-2.3800452,-1.9031944,1
13.0,13,-1.3953838,-1.3184782,-0.097501025,-3.1330817,-3.7046046,-0.77815074,-1.7496524,-0.57791793,2.8177452,1.9599955,-2.5777826,-1.6011332,4.790335,12.575024,-3.0014834,-2.0015097,-3.5095024,0.5351916,-2.3800383,-1.9031913,1
13.0,13,-1.3954523,-1.3182416,-0.097646266,-3.133084,-3.7046661,-0.7781815,-1.7496254,-0.57786775,2.8174837,1.9599406,-2.5776994,-1.6009803,4.7903304,12.575078,-3.0013914,-2.0015495,-3.5093944,0.5352006,-2.3799994,-1.9032123,1
13.0,13,-1.3954921,-1.3181286,-0.09774111,-3.133102,-3.7046504,-0.7780838,-1.7496411,-0.5778261,2.8173795,1.9599268,-2.5776527,-1.6009045,4.790133,12.575134,-3.001349,-2.0015786,-3.5093136,0.535253,-2.3800006,-1.9031774,1
13.0,13,-1.3953898,-1.3184644,-0.09750383,-3.1330903,-3.7046175,-0.77817506,-1.7496511,-0.57792103,2.8177338,1.9599973,-2.5777843,-1.6011324,4.7903795,12.57502,-3.0014706,-2.0015104,-3.5095012,0.5351836,-2.3800294,-1.9032042,1
13.0,13,-1.3954189,-1.3185054,-0.09749199,-3.1330745,-3.704605,-0.7781622,-1.749647,-0.5779241,2.8177614,1.9600036,-2.577793,-1.6011413,4.7903743,12.575012,-3.00148,-2.0014908,-3.5095153,0.5351856,-2.3800356,-1.903197,1
12.0,12,-1.5729614,-2.2905018,5.3735747,-2.622563,-1.6000128,-3.4495397,-1.1081572,-0.51987946,1.5760014,0.961335,-3.6415403,-1.6147531,11.832081,2.2536507,-2.7284598,1.214737,-3.7666407,-2.124471,2.2166934,-2.0868697,1
12.0,12,-1.5730233,-2.2904875,5.3735213,-2.6225777,-1.6000184,-3.4495425,-1.1081808,-0.5198965,1.5759954,0.9613721,-3.6415489,-1.6148021,11.832042,2.2537353,-2.728488,1.2147992,-3.7667003,-2.1244917,2.2168558,-2.0868263,1
12.0,12,-1.5734812,-2.2904193,5.373153,-2.6226387,-1.6000931,-3.4495375,-1.1083484,-0.5199784,1.5758923,0.96155316,-3.6415968,-1.6150992,11.831788,2.2544663,-2.7286973,1.2151847,-3.7670789,-2.1245675,2.217879,-2.0867257,1
12.0,12,-1.5732234,-2.290541,5.373551,-2.622533,-1.6001402,-3.4495122,-1.1082976,-0.5197511,1.5758327,0.96144706,-3.6416576,-1.6146939,11.832059,2.2543323,-2.7285447,1.2147756,-3.766643,-2.1243992,2.2166088,-2.0870702,1
12.0,12,-1.5730515,-2.2904782,5.3734612,-2.6225803,-1.6000242,-3.4495459,-1.108188,-0.51991206,1.5759879,0.96138746,-3.6415465,-1.6148365,11.832029,2.2537937,-2.7285066,1.2148292,-3.766736,-2.1244981,2.2169497,-2.0868165,1
12.0,12,-1.5730118,-2.2904866,5.373451,-2.622528,-1.6000401,-3.4495318,-1.1081636,-0.519898,1.5759344,0.9613025,-3.6415412,-1.6147873,11.8320875,2.2538123,-2.7284932,1.2147815,-3.7666717,-2.1244578,2.2168229,-2.0869205,1
15.0,15,-1.4262279,-0.685418,-0.6042683,-3.1366575,-1.0900141,-2.4357662,-0.41480273,-0.91170484,-1.2083839,0.23052257,-1.7858272,-1.2023895,-0.25290158,-0.9077101,7.8688054,10.637952,-1.6362392,-2.6211379,-1.6219308,0.87020636,1
15.0,15,-1.426236,-0.68540305,-0.6042585,-3.136659,-1.0899359,-2.435807,-0.41481006,-0.9116942,-1.20837,0.23051003,-1.7858504,-1.2024009,-0.25292128,-0.90774983,7.868871,10.637939,-1.6362286,-2.6211612,-1.6219306,0.87020767,1
15.0,15,-1.4262555,-0.68538374,-0.60433006,-3.1366358,-1.0902964,-2.435534,-0.4146856,-0.91167986,-1.2084048,0.23036262,-1.7859045,-1.2022353,-0.2528278,-0.90754503,7.868692,10.637928,-1.6362681,-2.6210594,-1.6220136,0.87023485,1
15.0,15,-1.4262626,-0.6853854,-0.6043203,-3.1366482,-1.0902102,-2.4356158,-0.41473234,-0.9116832,-1.2083911,0.2304194,-1.7858636,-1.2022741,-0.25286555,-0.907609,7.8687973,10.63791,-1.636248,-2.6210954,-1.62199,0.87023187,1
15.0,15,-1.4262359,-0.68539983,-0.6042547,-3.1366563,-1.089928,-2.4358103,-0.41481197,-0.91169226,-1.2083613,0.23050803,-1.7858605,-1.2024091,-0.25292403,-0.9077502,7.868865,10.637945,-1.6362238,-2.621168,-1.6219264,0.8702116,1
15.0,15,-1.4262414,-0.68540114,-0.6042593,-3.1366527,-1.0899822,-2.4357796,-0.41478875,-0.91169816,-1.2083646,0.23049217,-1.7858667,-1.202386,-0.2529097,-0.9077235,7.8688426,10.63794,-1.6362287,-2.621149,-1.6219354,0.87021637,1
6.0,6,-0.24094075,-0.10750147,0.15259764,0.2961307,0.9259253,-3.2452815,12.473235,-0.11357948,-3.0152435,-2.3597748,-0.9710387,-1.3719481,-0.74381983,-1.3589829,-3.14639,0.04328912,1.3000942,-0.95913017,1.5017796,-0.5711786,1
6.0,6,-0.24094197,-0.107499085,0.15259843,0.29613152,0.92590034,-3.2452786,12.473239,-0.113581166,-3.0152347,-2.3597724,-0.9710363,-1.3719436,-0.7438167,-1.3589792,-3.1463861,0.043291707,1.3000807,-0.95914567,1.5017942,-0.5711783,1
6.0,6,-0.24161932,-0.10789674,0.15215865,0.29556695,0.9250056,-3.2451577,12.474022,-0.11209731,-3.0146894,-2.3599784,-0.9709605,-1.3716747,-0.7440864,-1.3588883,-3.1460328,0.042702753,1.299724,-0.9589733,1.501543,-0.5695087,1
6.0,6,-0.24127463,-0.10762017,0.15236177,0.2958484,0.9252834,-3.2452316,12.473601,-0.11294235,-3.0149136,-2.3598557,-0.9709364,-1.3717333,-0.7439426,-1.3590143,-3.1461186,0.042976726,1.2999877,-0.9592271,1.5018337,-0.57039773,1
6.0,6,-0.24094471,-0.10741871,0.15259649,0.2961398,0.92577493,-3.2452857,12.473189,-0.11372377,-3.0151925,-2.3597682,-0.97101957,-1.3719178,-0.7438088,-1.3590397,-3.146299,0.043268736,1.3002155,-0.95920146,1.5018837,-0.5711796,1
6.0,6,-0.24098712,-0.107456736,0.15257224,0.29610735,0.9257693,-3.2452753,12.473241,-0.11361162,-3.0151763,-2.359786,-0.97103167,-1.3719171,-0.7438305,-1.3590249,-3.1462922,0.0432307,1.3002062,-0.9591458,1.5018141,-0.5710684,1
8.0,8,-0.25385812,-4.4672494,-0.551977,-1.9066488,-1.8055044,-0.6332047,-1.4317348,-1.1042413,11.790362,2.0622628,-1.5681413,-0.06050453,2.357625,-2.0879114,-0.44996473,-2.6879892,-1.89962,-2.4149723,-1.7662644,1.4416624,1
8.0,8,-0.25396967,-4.467272,-0.5519602,-1.906646,-1.8054711,-0.63321495,-1.4316882,-1.1043379,11.790399,2.062267,-1.568129,-0.06045458,2.3575523,-2.0880075,-0.4499256,-2.687974,-1.8996174,-2.414951,-1.7660803,1.4417341,1
8.0,8,-0.25414085,-4.467304,-0.55158687,-1.9066763,-1.8055137,-0.63328433,-1.4319098,-1.1044043,11.7905035,2.0625982,-1.5681632,-0.06049261,2.35767,-2.0881057,-0.45003837,-2.6880057,-1.8996756,-2.4149883,-1.7658075,1.441382,1
8.0,8,-0.25378877,-4.4673457,-0.5515967,-1.9066609,-1.8055757,-0.63333476,-1.4321014,-1.1042857,11.790391,2.0627131,-1.5681823,-0.060611274,2.3580961,-2.0878978,-0.45024183,-2.688056,-1.8996272,-2.4150398,-1.7662487,1.4410009,1
8.0,8,-0.25403377,-4.467284,-0.5519525,-1.9066464,-1.805463,-0.6332241,-1.4316727,-1.1043752,11.790411,2.0622737,-1.5681171,-0.060429655,2.35753,-2.0880525,-0.44990724,-2.687965,-1.8996222,-2.4149463,-1.7659919,1.4417577,1
8.0,8,-0.25383466,-4.4672785,-0.5519597,-1.9066379,-1.8055093,-0.6332687,-1.4317284,-1.1042788,11.790345,2.0623007,-1.5681446,-0.060519062,2.3577762,-2.0879326,-0.4500184,-2.6879933,-1.8996166,-2.4149747,-1.766251,1.4415789,1
17.0,4,-2.2999396,-2.2224822,-2.7264361,-2.182256,9.10738,1.7011051,0.52257997,2.673469,-3.563384,-2.4946969,4.829629,-3.4295032,-3.7838688,-2.672155,0.1871478,3.4217963,0.64494735,2.483573,-3.5579994,-3.974204,0
17.0,4,-2.2999601,-2.222481,-2.726432,-2.1822925,9.107324,1.701044,0.5225446,2.6733932,-3.5633478,-2.4946623,4.8297124,-3.4295344,-3.7838612,-2.6721535,0.18722254,3.4218345,0.644933,2.4835842,-3.558002,-3.9741716,0
17.0,4,-2.2999897,-2.2225404,-2.7265267,-2.1823626,9.106924,1.7007909,0.52259654,2.6731737,-3.5632715,-2.4946482,4.8301797,-3.4294608,-3.7838607,-2.67234,0.18735552,3.4217467,0.64536977,2.483599,-3.5580354,-3.9740937,0
17.0,4,-2.3000212,-2.22253,-2.7264483,-2.1824336,9.106947,1.7006494,0.52252513,2.6731305,-3.5632088,-2.4945836,4.8301663,-3.4296136,-3.7837908,-2.6722643,0.1874907,3.4219918,0.6450345,2.4835432,-3.557995,-3.9740355,0
17.0,4,-2.299955,-2.2224808,-2.726451,-2.1822824,9.1073,1.7010361,0.5225496,2.673378,-3.563362,-2.4946585,4.8297615,-3.429515,-3.7838666,-2.6721525,0.18720639,3.4217973,0.64495707,2.4836123,-3.5579998,-3.974172,0
17.0,4,-2.2999365,-2.2224972,-2.7264702,-2.1822464,9.107312,1.7011111,0.52260256,2.6734443,-3.5633814,-2.4947102,4.8296995,-3.4294546,-3.7838924,-2.6722114,0.18713629,3.4217098,0.6451316,2.4835873,-3.5580227,-3.974208,0
5.0,5,-1.8445015,-1.8130257,-1.11948,-0.27374056,3.6651924,12.413005,-2.7532692,0.2723411,0.66161656,-1.198553,-1.742596,0.027848706,-2.1273532,-1.1493437,1.524545,-1.5860088,0.984829,0.051739447,-2.8058147,-2.7714255,1
5.0,5,-1.8445063,-1.8130382,-1.1194404,-0.2737605,3.6648552,12.412936,-2.75325,0.27228853,0.66160274,-1.1985034,-1.7425712,0.027900867,-2.127076,-1.1494299,1.5245962,-1.5859445,0.98477215,0.051796384,-2.8057847,-2.7715034,1
5.0,5,-1.8444636,-1.8129828,-1.1195831,-0.2736707,3.6645927,12.412975,-2.7532957,0.27223048,0.6614976,-1.1983825,-1.7424848,0.027985282,-2.1271706,-1.1492404,1.5244124,-1.586107,0.9850841,0.051929533,-2.8058283,-2.771436,1
5.0,5,-1.8444898,-1.8129736,-1.119658,-0.27364835,3.6655297,12.413163,-2.7533307,0.2723575,0.66154927,-1.1985416,-1.7426083,0.027836122,-2.1278818,-1.1490542,1.5243392,-1.5861686,0.9851329,0.05180476,-2.8058815,-2.7712867,1
5.0,5,-1.844525,-1.8130437,-1.1194456,-0.27376112,3.665046,12.412973,-2.7532537,0.2723041,0.66162056,-1.198534,-1.742614,0.027869612,-2.1272135,-1.149402,1.5245975,-1.5859307,0.9847644,0.051779754,-2.80579,-2.7714894,1
5.0,5,-1.8445072,-1.8130219,-1.119499,-0.27373376,3.6652625,12.413027,-2.7532737,0.27235433,0.66161144,-1.198559,-1.7426039,0.027843311,-2.1274304,-1.1493125,1.5245259,-1.5860177,0.98485357,0.051737778,-2.8058224,-2.7714095,1
13.0,13,-2.636656,-1.0281336,1.3455279,1.7590635,-1.7712855,1.3666377,-2.200424,-0.91811055,-1.2146069,0.76320827,-1.407141,-2.7187994,-0.33728945,11.328033,-0.32101795,0.45214885,-2.123021,0.7931334,-4.1517296,-1.8251004,1
13.0,13,-2.636708,-1.0280265,1.3450667,1.7593935,-1.7713643,1.3666484,-2.2003615,-0.9180753,-1.2148324,0.76298726,-1.407046,-2.718564,-0.33744377,11.327905,-0.32087857,0.45238084,-2.1230106,0.79309815,-4.151706,-1.8249947,1
13.0,13,-2.6367998,-1.0277922,1.3438526,1.7605726,-1.7713569,1.3666683,-2.2001634,-0.91807234,-1.2155557,0.76225156,-1.4067737,-2.7180533,-0.33766577,11.327554,-0.32072917,0.45275787,-2.1229472,0.79313874,-4.151579,-1.8247658,1
13.0,13,-2.6368594,-1.0276855,1.3434705,1.7608411,-1.7714188,1.3666381,-2.200128,-0.91802317,-1.2157427,0.76206905,-1.4067061,-2.7178833,-0.33781147,11.327411,-0.3205193,0.453016,-2.1229432,0.7930709,-4.1515846,-1.8246782,1
13.0,13,-2.6367166,-1.0280116,1.3450136,1.7593945,-1.7714105,1.3666544,-2.2003531,-0.91805685,-1.2148483,0.76296663,-1.407035,-2.7185097,-0.33746326,11.327907,-0.3208593,0.45242187,-2.1230178,0.7930832,-4.1516986,-1.824974,1
13.0,13,-2.6367035,-1.02804,1.3451626,1.7593546,-1.7713542,1.3666302,-2.2003708,-0.9180807,-1.2147999,0.76300293,-1.4070623,-2.718602,-0.33740774,11.327916,-0.3208902,0.45234948,-2.1230145,0.79309773,-4.151713,-1.8250043,1
3.0,11,-1.3497529,-3.8245866,-3.2806365,1.8241576,-2.2637305,0.4834167,-1.4633963,0.11544232,0.8630806,0.25344244,1.78788,12.478792,-0.58267903,-1.6742984,-0.9241767,-1.1967903,0.97727674,1.0758107,-2.7399793,2.261602,0
3.0,11,-1.3497657,-3.8245652,-3.28064,1.8241495,-2.2637324,0.48342827,-1.463393,0.115450665,0.8630894,0.2534244,1.7878387,12.478795,-0.5826794,-1.674298,-0.9241811,-1.1967787,0.97727054,1.0758362,-2.7399628,2.2615967,0
3.0,11,-1.3498336,-3.824455,-3.2806814,1.8240372,-2.2637348,0.48347613,-1.4633722,0.11549094,0.86313665,0.25336257,1.7876743,12.478813,-0.58270526,-1.6743106,-0.9241898,-1.1967009,0.97722775,1.0759724,-2.739867,2.2616086,0
3.0,11,-1.3498279,-3.8244615,-3.2807088,1.8239572,-2.263733,0.48345172,-1.4633762,0.11548695,0.8631317,0.25340858,1.7877563,12.478821,-0.58272135,-1.6743171,-0.92416275,-1.1967043,0.9772375,1.0759563,-2.7398655,2.2616432,0
3.0,11,-1.3497542,-3.824586,-3.28064,1.8241493,-2.263733,0.48341414,-1.4633949,0.11544295,0.8630837,0.25344604,1.7878864,12.478791,-0.58268225,-1.674295,-0.92417616,-1.1967897,0.977271,1.0758086,-2.739977,2.2616043,0
3.0,11,-1.3497541,-3.8245862,-3.2806299,1.8241785,-2.263731,0.4834226,-1.4633976,0.11544451,0.86307955,0.25343052,1.7878592,12.478794,-0.58267283,-1.674298,-0.92418253,-1.1967905,0.9772802,1.0758144,-2.7399805,2.261592,0
9.0,9,-2.0694094,-1.8477969,1.6878759,-0.77609843,-5.3557663,-1.8094262,-2.7860954,0.67619044,-0.07338569,11.248084,-0.8911475,-1.8337195,2.541128,5.192386,-2.090085,-1.1248999,-0.28205842,-0.75825906,-0.87919366,-0.9017226,1
9.0,9,-2.0695956,-1.8476459,1.6878728,-0.7761731,-5.3560023,-1.8088595,-2.7859352,0.6760162,-0.07373906,11.247429,-0.89121884,-1.8339376,2.541143,5.1939573,-2.0904121,-1.1251585,-0.28244132,-0.75804365,-0.8789462,-0.9019183,1
9.0,9,-2.0694425,-1.847161,1.6856527,-0.7761903,-5.3570247,-1.8061244,-2.7850492,0.67658335,-0.0764674,11.244705,-0.89148766,-1.8343006,2.5420659,5.2001743,-2.0929627,-1.1250275,-0.28391802,-0.7574535,-0.8787746,-0.9019365,1
9.0,9,-2.0699909,-1.8470473,1.6861401,-0.7764189,-5.3575416,-1.8050765,-2.78491,0.6763752,-0.076747425,11.24353,-0.8916824,-1.8345989,2.5420806,5.202858,-2.09312,-1.1256605,-0.28459784,-0.75714356,-0.878638,-0.9026177,1
9.0,9,-2.0697045,-1.8476335,1.688036,-0.7762135,-5.356061,-1.808752,-2.7859335,0.67594904,-0.07369808,11.2473,-0.89124215,-1.8339908,2.5410984,5.194268,-2.0903707,-1.1252965,-0.2825264,-0.75800025,-0.8788982,-0.90203494,1
9.0,9,-2.0696135,-1.847668,1.6879154,-0.7761805,-5.35601,-1.8088534,-2.7859523,0.67605495,-0.07368744,11.247438,-0.89122206,-1.8339195,2.541115,5.193918,-2.090375,-1.1251822,-0.2824402,-0.75806165,-0.87897813,-0.9019296,1
13.0,12,-1.0083202,-0.99957025,0.4770198,-2.171784,-3.6199186,-2.7801642,-1.0990863,-0.6814228,-0.26273504,1.2072262,-2.0199893,-1.0431966,10.796882,8.685049,-2.170878,-0.23088373,-2.99879,-0.7763133,-2.1108725,-3.0726867,0
13.0,12,-1.0085462,-1.0012956,0.47439224,-2.1727588,-3.6192179,-2.780019,-1.09964,-0.6811229,-0.26065505,1.207331,-2.0187645,-1.0403634,10.797278,8.683317,-2.171886,-0.2307086,-2.9981434,-0.77750194,-2.111486,-3.0702717,0
13.0,12,-1.0123577,-1.0039696,0.47156817,-2.1741996,-3.621194,-2.7662275,-1.1028805,-0.67635405,-0.25802562,1.2064964,-2.0213888,-1.0320684,10.7810545,8.7088175,-2.180529,-0.23466392,-3.0041041,-0.7758432,-2.118451,-3.0641587,0
13.0,12,-1.0135307,-1.0016251,0.4731696,-2.1734076,-3.6240768,-2.7610502,-1.1025908,-0.67616165,-0.2605325,1.2047229,-2.0234144,-1.0348737,10.774149,8.720577,-2.17935,-0.23471843,-3.007322,-0.773619,-2.1196203,-3.0663235,0
13.0,12,-1.0077254,-1.0010773,0.47550443,-2.1723359,-3.6177669,-2.7835002,-1.0994207,-0.681486,-0.2607493,1.2075832,-2.018701,-1.0399579,10.801564,8.6769085,-2.1715655,-0.230989,-2.9963167,-0.7779413,-2.1104279,-3.0704267,0
13.0,12,-1.0086405,-1.0005213,0.47612584,-2.1717622,-3.6180127,-2.7807457,-1.1002779,-0.6802328,-0.26116875,1.2070009,-2.020315,-1.0373789,10.798105,8.6831,-2.1735625,-0.23299032,-2.9970567,-0.7767947,-2.1125128,-3.0692632,0
19.0,19,-0.082628384,-1.7323009,-0.44463006,-0.09626183,-0.18401282,-0.7810887,-0.34438878,-2.4089947,1.8048267,-0.121609606,-1.0659676,0.4907934,-0.9801574,-0.22704145,-0.19080302,0.42614383,1.5805689,-0.58356947,0.73892295,12.890037,1
19.0,19,-0.08266802,-1.7322681,-0.44467542,-0.0962704,-0.18406515,-0.7810476,-0.3442702,-2.4089243,1.8047513,-0.12166581,-1.065885,0.49068862,-0.98014504,-0.22691762,-0.19083361,0.42619386,1.580248,-0.5836123,0.73906946,12.89011,1
19.0,19,-0.082598135,-1.7325718,-0.4446012,-0.09633529,-0.1837426,-0.78137225,-0.34490138,-2.4091284,1.8050839,-0.12146351,-1.0659833,0.49127793,-0.9801779,-0.22712857,-0.19061682,0.42623293,1.5807195,-0.58348954,0.7387786,12.890095,1
19.0,19,-0.08256702,-1.7329189,-0.44458202,-0.09662482,-0.183286,-0.7817947,-0.34568334,-2.4090416,1.805526,-0.12119532,-1.0660324,0.49199688,-0.9802884,-0.22725353,-0.19027597,0.42629358,1.5809679,-0.5832209,0.73820233,12.890139,1
19.0,19,-0.08259401,-1.7322721,-0.4445887,-0.09621742,-0.18402968,-0.78113365,-0.3443788,-2.4091935,1.8048468,-0.121522196,-1.066012,0.49067986,-0.980091,-0.22718531,-0.19084983,0.42615902,1.5806671,-0.58364785,0.7391522,12.89005,1
19.0,19,-0.08257198,-1.7323362,-0.44458392,-0.09626202,-0.18395673,-0.7811423,-0.3444935,-2.4091039,1.8049085,-0.12153736,-1.0660293,0.49082643,-0.98014724,-0.22718728,-0.19079661,0.4261196,1.5808123,-0.5835724,0.73891264,12.890001,1
6.0,6,-0.10613045,0.6529464,0.054941002,0.06963126,2.2417397,-3.2696805,11.340912,2.9454546,-3.424545,-3.6407232,-1.3965191,-1.6598787,-0.5103753,-0.9939782,-4.1162915,-1.5778049,0.019040372,2.2381976,-0.19022511,-2.1276803,1
6.0,6,-0.10601291,0.6531398,0.054745276,0.06982528,2.2415793,-3.2695346,11.342056,2.9460146,-3.424438,-3.640801,-1.3966787,-1.6597068,-0.5105374,-0.9941386,-4.116332,-1.577916,0.018987339,2.236105,-0.19000755,-2.1273894,1
6.0,6,-0.10686022,0.6526474,0.05484726,0.06975752,2.2419317,-3.2693515,11.337344,2.9427075,-3.424274,-3.641354,-1.3971224,-1.6603272,-0.5097113,-0.993043,-4.1148853,-1.5783148,0.01930238,2.2457197,-0.192086,-2.123834,1
6.0,6,-0.10614892,0.6532024,0.055156697,0.07007002,2.242753,-3.2691102,11.34071,2.945264,-3.4238465,-3.640945,-1.3978524,-1.6604549,-0.5105918,-0.9940278,-4.115813,-1.5782573,0.018856306,2.2374308,-0.19038674,-2.1259859,1
6.0,6,-0.10598932,0.6531887,0.054736037,0.06985558,2.24156,-3.269487,11.342277,2.9461997,-3.4244049,-3.640808,-1.3967386,-1.6596695,-0.51059186,-0.9941816,-4.1163464,-1.5779513,0.018943269,2.2356122,-0.18992768,-2.1274028,1
6.0,6,-0.106265716,0.65298426,0.05465876,0.069665805,2.2411776,-3.2695453,11.340924,2.945542,-3.4245987,-3.6409426,-1.3964574,-1.6595327,-0.51031286,-0.99382514,-4.116013,-1.5780101,0.019071173,2.2387812,-0.19061598,-2.126917,1
18.0,18,-1.221186,-0.53887993,-0.54815525,-1.6947879,-1.4126059,-1.5363746,0.71242654,-4.433786,2.3987339,0.0750109,0.4645099,-1.5001098,0.96603805,-2.0792525,-1.7732044,0.5039601,-1.841854,-1.9819027,12.98378,2.9798498,1
18.0,18,-1.2211785,-0.5388695,-0.5481629,-1.6947695,-1.4126039,-1.5363576,0.7124507,-4.433792,2.3986835,0.07500323,0.4645186,-1.5001041,0.96600485,-2.0792465,-1.7732023,0.5039784,-1.8418428,-1.9819027,12.983782,2.9798775,1
18.0,18,-1.2212046,-0.5389728,-0.54814965,-1.6948681,-1.4126099,-1.5363439,0.71221715,-4.433728,2.399041,0.075083144,0.46444657,-1.5001022,0.96613353,-2.0792773,-1.7731736,0.5038735,-1.8419609,-1.9819978,12.983799,2.9797919,1
18.0,18,-1.2212667,-0.53923213,-0.5481477,-1.6952013,-1.412593,-1.5362905,0.7116129,-4.4335036,2.4001598,0.07530012,0.46427375,-1.5002044,0.96641314,-2.079427,-1.7731489,0.5035165,-1.8421985,-1.9822387,12.983834,2.979176,1
18.0,18,-1.2211777,-0.53887326,-0.5481681,-1.6947727,-1.4125943,-1.5363492,0.71244574,-4.4337907,2.3987122,0.07500205,0.46451494,-1.5001059,0.96599126,-2.079259,-1.7731967,0.5039708,-1.8418498,-1.9819111,12.983786,2.9798884,1
18.0,18,-1.2211874,-0.5388878,-0.54815996,-1.6947951,-1.412599,-1.5363687,0.712413,-4.4337807,2.3987734,0.07501367,0.46450427,-1.5001111,0.96603334,-2.079264,-1.773199,0.5039476,-1.8418639,-1.9819127,12.9837885,2.979854,1
4.0,4,0.27932712,-1.4491841,-0.8683764,0.3628268,12.345206,4.153824,1.9678966,-0.6496277,-2.146398,-2.6989071,-2.8805048,-3.1618476,-2.1996357,-1.5361109,-1.8831192,2.3034298,-1.3346348,0.6275602,-2.3383687,-3.1762645,1
4.0,4,0.2794091,-1.4491441,-0.8683304,0.3628949,12.345191,4.15362,1.9681447,-0.649722,-2.146432,-2.6989436,-2.8805315,-3.1618788,-2.199628,-1.5361438,-1.8831666,2.3034613,-1.3345758,0.6273921,-2.3382845,-3.1762097,1
4.0,4,0.27949482,-1.4490361,-0.8680448,0.36290783,12.344888,4.1532607,1.9688667,-0.64998686,-2.1465812,-2.699144,-2.8810086,-3.162033,-2.199443,-1.5359727,-1.8832326,2.3037002,-1.3348224,0.62766993,-2.3381095,-3.1760576,1
4.0,4,0.27949372,-1.449035,-0.8680064,0.36287183,12.344849,4.1532755,1.9688629,-0.6500002,-2.146606,-2.699142,-2.8810763,-3.1620536,-2.1994193,-1.5359303,-1.8832328,2.3037574,-1.3348906,0.62776613,-2.3381011,-3.176045,1
4.0,4,0.27941427,-1.449145,-0.86833435,0.36289582,12.3452015,4.153614,1.9681333,-0.6497166,-2.1464326,-2.6989346,-2.88052,-3.1618793,-2.1996336,-1.5361521,-1.8831698,2.3034685,-1.334565,0.62736046,-2.3382795,-3.1762109,1
4.0,4,0.27935752,-1.4491723,-0.8683533,0.36284938,12.345199,4.153726,1.9680138,-0.6496593,-2.146421,-2.6989145,-2.8805246,-3.1618679,-2.1996276,-1.5361193,-1.8831415,2.3034766,-1.3346276,0.6274729,-2.3383274,-3.176245,1
5.0,5,-1.4782727,-1.7972345,-1.7471312,-1.0843295,1.6850549,13.005577,-2.3114579,0.054788504,-0.5425148,-1.3699578,-1.2993625,0.59529626,-2.4897742,1.1125643,-0.46925855,-0.7305884,0.58347946,0.8092825,-0.9712427,-2.2450976,1
5.0,5,-1.4782178,-1.7972559,-1.7471089,-1.0842874,1.6850508,13.005559,-2.3114295,0.054816734,-0.5425719,-1.3699507,-1.2993475,0.5952891,-2.4897351,1.1124871,-0.4693466,-0.7305506,0.5835079,0.8092243,-0.971222,-2.2451093,1
5.0,5,-1.4781885,-1.7973108,-1.7471673,-1.0842375,1.6850704,13.005546,-2.3113668,0.05479825,-0.5425904,-1.3699307,-1.2992945,0.5952931,-2.4897995,1.1126765,-0.46956313,-0.7307072,0.58356947,0.80933666,-0.9712661,-2.2450817,1
5.0,5,-1.4782978,-1.7972765,-1.7472081,-1.0843036,1.6850989,13.005578,-2.3114135,0.054760043,-0.54249007,-1.3699403,-1.2993227,0.5953077,-2.4898973,1.1128212,-0.46942198,-0.730786,0.5835176,0.8094571,-0.97129875,-2.2450595,1
5.0,5,-1.4782344,-1.7972515,-1.7471142,-1.084294,1.6850588,13.005565,-2.3114343,0.054813553,-0.54255956,-1.369953,-1.2993522,0.5952902,-2.489753,1.1125059,-0.46932927,-0.73056215,0.5835007,0.8092406,-0.9712265,-2.2451046,1
5.0,5,-1.4782742,-1.7972401,-1.7471372,-1.0843233,1.685062,13.00558,-2.311452,0.054787014,-0.5425161,-1.3699561,-1.2993584,0.59529525,-2.4897869,1.1125864,-0.4692791,-0.7306048,0.58348423,0.80929714,-0.97124606,-2.2450955,1
8.0,12,2.7629726,-0.3346566,4.08516,-2.6807854,-3.6972234,-4.1919537,-3.2372901,-1.2242905,-1.1016663,5.933426,-0.6058786,-2.6538272,8.16578,4.1516056,-2.8695226,0.42265594,-1.7286316,-1.5142251,-1.4935848,-5.064704,0
8.0,12,2.7627065,-0.33427727,4.0848513,-2.6806152,-3.6973462,-4.1920433,-3.2376606,-1.2240335,-1.1019709,5.935085,-0.60544133,-2.653973,8.164325,4.1512575,-2.869697,0.42281866,-1.7282435,-1.5141984,-1.4932665,-5.0644693,0
8.0,12,2.7613676,-0.3334191,4.084481,-2.6799536,-3.6975725,-4.1918983,-3.2389977,-1.2228496,-1.1029371,5.940499,-0.60451216,-2.6541915,8.159493,4.1511707,-2.8706017,0.42301208,-1.7270776,-1.5140741,-1.4927057,-5.063813,0
8.0,12,2.760712,-0.33345187,4.084421,-2.679752,-3.6975975,-4.1918797,-3.239157,-1.2226157,-1.1031158,5.941152,-0.6046071,-2.6541002,8.159342,4.1509495,-2.8705988,0.42324176,-1.7269803,-1.5140793,-1.4924383,-5.063444,0
8.0,12,2.7627277,-0.33415547,4.0846815,-2.6805985,-3.6973975,-4.1921377,-3.2376873,-1.2240595,-1.1020274,5.93531,-0.60530233,-2.6540353,8.164173,4.15099,-2.869645,0.42292207,-1.728169,-1.5142044,-1.493119,-5.0643992,0
8.0,12,2.7628279,-0.33449173,4.0849934,-2.680702,-3.6972833,-4.191994,-3.2374454,-1.2241732,-1.1018037,5.934141,-0.6057018,-2.6538692,8.165186,4.151497,-2.8696027,0.42271647,-1.7284603,-1.51421,-1.4934628,-5.0645866,0
19.0,19,-0.054886173,-3.334734,-2.3211143,-1.8342956,-2.6370835,-1.3548396,-0.49465615,0.17652954,3.3084955,2.4291713,-0.60521793,0.015416976,0.519171,-1.3796949,0.19613844,1.4905117,-1.9012172,-2.1714828,2.987854,12.125579,1
19.0,19,-0.055000264,-3.3346822,-2.321057,-1.8343294,-2.6367912,-1.354759,-0.4943806,0.17648093,3.308236,2.4287126,-0.60535115,0.015348218,0.5190087,-1.3796035,0.19612557,1.4907494,-1.9012758,-2.1713014,2.988125,12.125794,1
19.0,19,-0.05520012,-3.3339908,-2.3209484,-1.8344762,-2.6363323,-1.3547573,-0.49442017,0.17546828,3.3073242,2.428707,-0.6054017,0.014660463,0.5188249,-1.3795786,0.19604123,1.4912295,-1.901159,-2.1708362,2.989858,12.126346,1
19.0,19,-0.05531424,-3.3334672,-2.3208902,-1.8346336,-2.6361825,-1.3548445,-0.4945308,0.17452309,3.307003,2.4289715,-0.6053196,0.014092356,0.51863515,-1.379579,0.19598517,1.4913689,-1.9009715,-2.1704845,2.9910083,12.126735,1
19.0,19,-0.055019047,-3.3346431,-2.3210492,-1.8343388,-2.6367352,-1.3547477,-0.49435216,0.17638278,3.3081622,2.4286456,-0.6053616,0.015301868,0.51899314,-1.3796068,0.19612944,1.4907993,-1.901274,-2.1712532,2.9882772,12.125854,1
19.0,19,-0.054929458,-3.3346388,-2.3210936,-1.8343225,-2.6369698,-1.3548228,-0.4946127,0.17634013,3.308352,2.4290802,-0.6052437,0.015303582,0.5191232,-1.3796889,0.19613612,1.4906154,-1.9012064,-2.171382,2.9881475,12.12569,1
6.0,4,0.5512308,-1.1930794,-1.8327878,-0.25392908,10.606624,5.63442,1.621912,-0.089833856,-1.4281635,-2.5630095,-2.570186,-2.6471715,-3.8274493,-0.69585186,-2.4975863,-0.8725826,3.8833673,0.7946259,-4.010102,-2.8200378,0
6.0,4,0.5512784,-1.193088,-1.8327601,-0.25387135,10.606708,5.634298,1.6215668,-0.08994244,-1.4281216,-2.5629778,-2.5700903,-2.647138,-3.8274608,-0.69599456,-2.4974513,-0.87259823,3.8835275,0.7947831,-4.0101495,-2.8199604,0
6.0,4,0.55158544,-1.1932343,-1.8323475,-0.2535828,10.608056,5.6330366,1.6202219,-0.090035215,-1.4277103,-2.562673,-2.5697877,-2.6477115,-3.8274298,-0.6968568,-2.496838,-0.8721822,3.882963,0.7948229,-4.010011,-2.8195724,0
6.0,4,0.55182123,-1.1932501,-1.8320856,-0.25350478,10.608725,5.6315336,1.6206656,-0.08994374,-1.4277192,-2.5626836,-2.5699248,-2.648022,-3.827163,-0.6973582,-2.4969196,-0.87152815,3.8826478,0.79420793,-4.0097265,-2.8195524,0
6.0,4,0.55124414,-1.1930976,-1.8327876,-0.2538992,10.606643,5.6343746,1.6216604,-0.089867756,-1.4281368,-2.5629926,-2.5701275,-2.6471205,-3.8274639,-0.6959394,-2.4975066,-0.87259924,3.883521,0.79473376,-4.0101523,-2.8199878,0
6.0,4,0.55116045,-1.1931024,-1.8328649,-0.25395674,10.606516,5.634664,1.6218066,-0.08972503,-1.4281785,-2.563031,-2.5701933,-2.6470833,-3.8274877,-0.6957751,-2.4975939,-0.87265384,3.8834472,0.7947111,-4.0101867,-2.8200324,0
4.0,4,-0.28038532,-2.1777031,-1.3742357,-1.1188109,12.450724,5.7287755,-2.4925964,0.4469807,-0.40062466,-1.2452687,-1.6122217,-2.192855,-3.201173,-1.7349246,1.1221236,0.48680937,-0.14472085,-0.97217596,-2.353206,-1.5547498,1
4.0,4,-0.28042853,-2.1777096,-1.3742768,-1.1188333,12.450703,5.7291536,-2.4925954,0.44708657,-0.40065432,-1.245313,-1.6122845,-2.1928015,-3.2012007,-1.7348505,1.121965,0.48676357,-0.1447074,-0.972173,-2.3532364,-1.554827,1
4.0,4,-0.2803597,-2.1776724,-1.3743488,-1.1187636,12.4506235,5.728943,-2.492798,0.44707084,-0.40066165,-1.2452039,-1.6121675,-2.1928086,-3.201213,-1.7348166,1.1220725,0.48664093,-0.144655,-0.9720726,-2.353282,-1.5547353,1
4.0,4,-0.28028393,-2.1776557,-1.3742684,-1.1187227,12.450682,5.7281895,-2.4927778,0.44686654,-0.40060642,-1.2451233,-1.6120443,-2.1929142,-3.2011685,-1.734966,1.1223869,0.48673657,-0.14468715,-0.97207713,-2.353216,-1.5545862,1
4.0,4,-0.28040516,-2.1777048,-1.3742498,-1.1188151,12.450723,5.728882,-2.4925816,0.44702372,-0.4006357,-1.2452803,-1.6122437,-2.1928408,-3.2011878,-1.7348957,1.122059,0.4867901,-0.14471582,-0.9721707,-2.3532119,-1.5547743,1
4.0,4,-0.28037277,-2.177697,-1.3742319,-1.1187943,12.450723,5.7286305,-2.4926286,0.44695055,-0.40061292,-1.245239,-1.6121875,-2.192874,-3.2011757,-1.7349433,1.1221986,0.48680764,-0.14471486,-0.97216284,-2.353204,-1.5547092,1
17.0,17,-1.6526872,-0.2418308,-0.7030161,-1.1862893,-1.5374613,-1.1407331,0.34956738,-2.6721766,-3.2526166,-1.1128398,1.2827971,-0.9378962,-0.6298668,-0.034163255,-1.7767398,2.6034434,2.1200464,11.218008,0.56023484,-2.1832838,1
17.0,17,-1.6526465,-0.24188414,-0.70305467,-1.1862317,-1.5373415,-1.1407208,0.3495622,-2.6721432,-3.2526312,-1.1127274,1.2828165,-0.9381086,-0.6298896,-0.03416137,-1.7768395,2.6034057,2.1203303,11.218066,0.55994594,-2.1833928,1
17.0,17,-1.6524172,-0.24155968,-0.7029927,-1.185829,-1.5375715,-1.1405377,0.3497931,-2.6725252,-3.2528934,-1.112713,1.2825874,-0.9382395,-0.630208,-0.03452228,-1.7771076,2.6032488,2.1222064,11.217737,0.5597113,-2.183759,1
17.0,17,-1.6522446,-0.24138266,-0.70290893,-1.1855493,-1.5376326,-1.140616,0.34995082,-2.6727958,-3.2528837,-1.1128129,1.2823004,-0.93816537,-0.6302026,-0.03464031,-1.7773781,2.6029367,2.1229765,11.217588,0.5598495,-2.183726,1
17.0,17,-1.6526996,-0.24189895,-0.70305896,-1.1863155,-1.5373782,-1.1406795,0.34952942,-2.6720846,-3.2526453,-1.112735,1.2828729,-0.93806183,-0.629903,-0.034141645,-1.7767367,2.6035044,2.1201015,11.218077,0.5599792,-2.1833951,1
17.0,17,-1.6527039,-0.24185008,-0.70303136,-1.186303,-1.5374404,-1.1407164,0.34955308,-2.6721487,-3.252629,-1.1128063,1.282839,-0.9379542,-0.62988186,-0.034164343,-1.7767197,2.6034818,2.1200523,11.218025,0.5601568,-2.1833265,1
1.0,1,5.028388,8.800683,2.1724281,-0.92198485,-3.6295269,-3.916307,-0.5033017,-0.6846287,-2.1401172,1.6232834,-2.8991706,-3.995484,4.6834764,1.6287053,-2.710455,-0.87950325,-1.157348,-2.8007343,0.22265036,-4.366505,1
1.0,1,5.027883,8.800947,2.1724384,-0.9220689,-3.6296313,-3.9163387,-0.50340986,-0.6845509,-2.1401486,1.6236403,-2.8991725,-3.9955266,4.6830974,1.628737,-2.710188,-0.87930745,-1.1574081,-2.8006563,0.22280526,-4.3661923,1
1.0,1,5.0269017,8.800778,2.1721673,-0.9226117,-3.6296127,-3.9167957,-0.50354564,-0.6845895,-2.1399865,1.6252174,-2.898768,-3.9956412,4.6825786,1.6274052,-2.7096353,-0.8785422,-1.1576952,-2.8004532,0.2239317,-4.365201,1
1.0,1,5.027347,8.801128,2.172104,-0.9225177,-3.6295106,-3.916512,-0.5036197,-0.68453,-2.1401267,1.6248801,-2.898818,-3.995714,4.682122,1.6275866,-2.7096229,-0.8786071,-1.1576793,-2.8004656,0.2236778,-4.3652925,1
1.0,1,5.02782,8.800906,2.1724324,-0.9221141,-3.6296222,-3.9163768,-0.5034141,-0.6845573,-2.1401372,1.6237656,-2.8991308,-3.9955282,4.6830735,1.6286067,-2.7101612,-0.87925714,-1.1574165,-2.8006423,0.22290494,-4.3661375,1
1.0,1,5.0278687,8.8013315,2.172481,-0.92197776,-3.629681,-3.916159,-0.50349015,-0.6844572,-2.140253,1.6234554,-2.8992844,-3.9955688,4.6827383,1.6291125,-2.710095,-0.87935054,-1.1573911,-2.8006494,0.22258353,-4.3661947,1
10.0,14,-2.7454457,2.3429496,-1.4185613,-2.3174338,-0.26755762,-0.2610544,-2.891983,-0.30200925,-0.37931105,0.8842023,-0.7338164,0.50346565,-1.6825091,-1.5346073,12.204653,4.206533,-0.8959432,-2.7452369,-2.2388923,0.61358577,0
10.0,14,-2.7455008,2.343062,-1.4185652,-2.3173528,-0.2674908,-0.26086104,-2.8918788,-0.3022338,-0.37921315,0.88397145,-0.7336894,0.50356525,-1.6826599,-1.5345967,12.204761,4.206088,-0.89584,-2.7450283,-2.2388892,0.6135735,0
10.0,14,-2.7456532,2.3434353,-1.4185863,-2.317109,-0.26731235,-0.26031712,-2.8915794,-0.30309623,-0.37887228,0.88334084,-0.7331791,0.5038209,-1.6831725,-1.5345534,12.205122,4.204674,-0.8954647,-2.7443855,-2.2388685,0.61358625,0
10.0,14,-2.7456112,2.3432477,-1.4185382,-2.3171456,-0.2674281,-0.26049644,-2.8917356,-0.30313215,-0.37884805,0.8837547,-0.733202,0.5037424,-1.6830586,-1.5345126,12.2050705,4.2048597,-0.895428,-2.744495,-2.2389157,0.6136393,0
10.0,14,-2.7454708,2.3429947,-1.4185612,-2.3173938,-0.26753384,-0.26097018,-2.8919406,-0.30213836,-0.37925777,0.8841154,-0.73374504,0.50350946,-1.6825811,-1.5345985,12.204703,4.2063146,-0.89588416,-2.745136,-2.2388928,0.6135852,0
10.0,14,-2.7454684,2.342959,-1.4185463,-2.3173878,-0.2675581,-0.2609844,-2.8919692,-0.30220845,-0.3792208,0.88420117,-0.7337156,0.5035068,-1.6825814,-1.5345819,12.204716,4.2062597,-0.8958447,-2.7451222,-2.238909,0.6136025,0
3.0,3,1.8005359,-1.3190023,2.70331,11.430497,-0.95395195,-1.8638986,-1.2028588,-2.3881967,-1.5296456,0.54417115,1.8877634,-2.3848603,1.6955729,-2.2453296,-3.5535135,-2.2907238,0.6926053,0.15625834,-3.437125,-2.9444954,1
3.0,3,1.8004489,-1.3191627,2.7030547,11.430562,-0.95397234,-1.8636795,-1.2029502,-2.3880782,-1.5294898,0.54438895,1.8877164,-2.3846111,1.6954788,-2.2452555,-3.5535097,-2.2907934,0.6924508,0.15612385,-3.4371634,-2.9445279,1
3.0,3,1.8007588,-1.3186796,2.7044327,11.430208,-0.9540825,-1.8648046,-1.2028209,-2.3884442,-1.5299107,0.54385954,1.887633,-2.3853471,1.6963083,-2.2452364,-3.553557,-2.2905457,0.6928721,0.15639107,-3.437362,-2.9442685,1
3.0,3,1.8002518,-1.3191019,2.702352,11.430891,-0.9537903,-1.8635073,-1.2028583,-2.3880594,-1.529457,0.5442915,1.8878329,-2.3844926,1.6950569,-2.2453527,-3.5534487,-2.2908123,0.69250697,0.15612006,-3.436996,-2.9442818,1
3.0,3,1.8000265,-1.3195363,2.7016354,11.430861,-0.95414233,-1.8630922,-1.2032121,-2.3878329,-1.5289428,0.54520243,1.8879763,-2.3838115,1.6949315,-2.2451816,-3.5535078,-2.2910151,0.6920099,0.15592335,-3.437132,-2.9442248,1
3.0,3,1.7998329,-1.3195343,2.7009172,11.431125,-0.95407796,-1.8628623,-1.2032094,-2.3878055,-1.5288197,0.5452869,1.8880999,-2.3835707,1.6945885,-2.245201,-3.5534377,-2.2910848,0.69192284,0.15586764,-3.4370139,-2.9440517,1
19.0,19,-1.4158876,-0.8732872,-0.5433552,-1.3789475,0.45942533,-2.1516101,-1.5375533,-0.29396066,0.1872575,2.726059,-0.5000891,-0.5150464,-0.18826698,-0.21684751,-0.43349653,1.4071481,0.21544875,-0.0017258301,1.8796731,12.844631,1
19.0,19,-1.4159431,-0.87332636,-0.54332507,-1.3789916,0.45940638,-2.1515894,-1.5375862,-0.29393348,0.18730724,2.726065,-0.4999731,-0.5148934,-0.18839534,-0.21680287,-0.43342173,1.4071163,0.21543603,-0.0015798584,1.8794127,12.844659,1
19.0,19,-1.4163253,-0.87347233,-0.5430418,-1.379142,0.45942134,-2.151361,-1.5377736,-0.29392716,0.18764895,2.725738,-0.49946085,-0.5139016,-0.18911606,-0.21661386,-0.43300325,1.4069551,0.2154402,-0.00063524395,1.8778799,12.844834,1
19.0,19,-1.4166087,-0.87327504,-0.54286206,-1.3790839,0.45958686,-2.1511617,-1.53757,-0.29424232,0.18791844,2.724726,-0.49956176,-0.51351583,-0.18931547,-0.21662298,-0.432887,1.4069672,0.21539538,-0.00049960613,1.8780421,12.845161,1
19.0,19,-1.4160004,-0.87324524,-0.5433284,-1.3789339,0.45943916,-2.1515245,-1.5375087,-0.2940283,0.18733406,2.72581,-0.5000681,-0.51487166,-0.18842964,-0.21678364,-0.43343642,1.4071208,0.21544544,-0.0015884787,1.8795968,12.844737,1
19.0,19,-1.4159939,-0.87319815,-0.5433424,-1.3788773,0.45944774,-2.1515112,-1.5374786,-0.2940603,0.1872976,2.7257462,-0.50018704,-0.5149281,-0.18835366,-0.21679568,-0.43348545,1.4071499,0.21545719,-0.0016909242,1.87982,12.844744,1
6.0,6,0.061277054,0.44273978,-0.8804196,-0.62710834,-0.79396594,-2.5128114,12.592753,5.3787136,-2.4479957,-2.2923703,-0.19350545,-0.0076026917,-1.3303244,-1.8681382,-3.2434287,-1.7460493,0.44601887,-2.8046424,0.16580436,-2.6452408,1
6.0,6,0.061320655,0.44309092,-0.880417,-0.62708455,-0.7936049,-2.512865,12.592516,5.3791857,-2.4482408,-2.2924979,-0.19397809,-0.007837132,-1.3302262,-1.8681438,-3.2437167,-1.745933,0.44616833,-2.8045855,0.16566168,-2.6456025,1
6.0,6,0.060871534,0.44298124,-0.880983,-0.6278529,-0.79176843,-2.5105,12.591076,5.3889365,-2.45078,-2.292436,-0.19786517,-0.005693905,-1.3295914,-1.8662215,-3.2457514,-1.744814,0.44320458,-2.804753,0.1613142,-2.6474729,1
6.0,6,0.061026864,0.44386846,-0.8808106,-0.62693113,-0.7913471,-2.5114124,12.592304,5.3834367,-2.4521618,-2.2933764,-0.19746235,-0.005809918,-1.3292493,-1.866566,-3.2450728,-1.7436637,0.4452652,-2.8040118,0.16305184,-2.6462,1
6.0,6,0.061286755,0.44310135,-0.8804673,-0.62717587,-0.7933675,-2.512646,12.592373,5.380221,-2.448482,-2.29249,-0.19440228,-0.0077133775,-1.3301554,-1.8679444,-3.2439604,-1.7458072,0.44578782,-2.8046227,0.16525774,-2.6457915,1
6.0,6,0.061251007,0.44268185,-0.8806937,-0.62732697,-0.7939036,-2.5125847,12.592394,5.380412,-2.4481084,-2.2923143,-0.1936124,-0.0072981343,-1.330301,-1.86808,-3.2436275,-1.7461601,0.4454994,-2.8048897,0.1652995,-2.6454,1
9.0,9,-0.96873826,-3.0733306,0.9295855,-0.5142019,-4.3593044,-2.73276,-3.575899,-1.516257,2.9582276,12.154845,-0.11052522,-0.8580993,2.07005,0.66406924,-0.7460406,-0.94398314,0.9473606,-1.3302529,-1.1148202,-0.61426836,1
9.0,9,-0.96905583,-3.0732238,0.929649,-0.5140846,-4.3593054,-2.7328188,-3.5758214,-1.5161945,2.957711,12.154919,-0.11037387,-0.85806274,2.0699883,0.66406333,-0.7458626,-0.9438072,0.9473881,-1.3301262,-1.114641,-0.614273,1
9.0,9,-0.97009313,-3.073045,0.92906225,-0.5138887,-4.3593845,-2.7329445,-3.5756583,-1.5157847,2.9567962,12.155192,-0.11017792,-0.8578618,2.0697742,0.66419977,-0.7454196,-0.94338447,0.9473194,-1.3299059,-1.1138635,-0.61363184,1
9.0,9,-0.96986145,-3.072969,0.9293997,-0.5138736,-4.3594036,-2.7329187,-3.575713,-1.515988,2.9565592,12.155145,-0.11011545,-0.8579695,2.0696588,0.6642832,-0.7453035,-0.9433802,0.94736946,-1.3298764,-1.1138598,-0.6139464,1
9.0,9,-0.9692444,-3.0731719,0.92963576,-0.5140821,-4.3592296,-2.732845,-3.5758398,-1.516242,2.9579086,12.154958,-0.110486224,-0.8581569,2.0699232,0.66408765,-0.7458458,-0.9438661,0.9473455,-1.3301415,-1.1144327,-0.6141867,1
9.0,9,-0.9690052,-3.073313,0.92942375,-0.5142701,-4.3591495,-2.7327793,-3.5759633,-1.5163255,2.9589531,12.154894,-0.110850126,-0.858273,2.0699818,0.6641044,-0.74612725,-0.94418806,0.9472451,-1.3303597,-1.114492,-0.61400306,1
15.0,15,-3.066264,-1.3022786,-0.4620526,-3.2571695,-0.083053604,2.0285473,-1.1427741,-0.58486444,-1.5183069,-0.283977,-2.2383409,-1.5341887,-0.387817,-0.056445055,6.1435924,11.117912,-2.962175,-0.63673264,-1.8588796,-1.024786,1
15.0,15,-3.0662832,-1.3022615,-0.4620599,-3.257174,-0.08302669,2.028604,-1.1427757,-0.5848637,-1.5183034,-0.28400972,-2.2383504,-1.534185,-0.38783848,-0.056445263,6.1436076,11.117904,-2.9621818,-0.6367353,-1.8588736,-1.0247942,1
15.0,15,-3.0661538,-1.3022555,-0.46204266,-3.2571273,-0.08302601,2.028377,-1.1427758,-0.5848774,-1.5183547,-0.28401253,-2.2383437,-1.5342357,-0.3877631,-0.056451283,6.143445,11.1179905,-2.9620957,-0.6367791,-1.8588544,-1.0247582,1
15.0,15,-3.0661354,-1.302241,-0.4620372,-3.2571094,-0.08302225,2.0283592,-1.1427798,-0.58488274,-1.5183516,-0.28402525,-2.2383568,-1.5342472,-0.38776055,-0.056458622,6.143444,11.117998,-2.9620686,-0.6368137,-1.8588524,-1.0247432,1
15.0,15,-3.066277,-1.30226,-0.46205893,-3.2571704,-0.08303605,2.0285838,-1.1427779,-0.58486354,-1.5183029,-0.28399876,-2.2383473,-1.5341861,-0.38783383,-0.056448705,6.1436114,11.1179085,-2.9621751,-0.6367457,-1.8588762,-1.0247849,1
15.0,15,-3.0662713,-1.3022592,-0.4620538,-3.2571652,-0.08304986,2.0285761,-1.1427746,-0.5848702,-1.5183016,-0.28400254,-2.2383523,-1.5341895,-0.38782823,-0.056443907,6.1436095,11.117908,-2.9621685,-0.636741,-1.858875,-1.0247852,1
3.0,3,-0.416803,0.2217825,0.30563453,12.401201,-0.0506742,-2.4486747,-0.7850852,-2.4095638,-1.1003573,-0.72089136,0.5266017,-0.68553865,0.042939745,-1.4287713,-2.972413,-1.2931778,1.0727301,-0.6125175,-2.8849986,2.121826,1
3.0,3,-0.41690332,0.22180572,0.30517343,12.401166,-0.050763935,-2.4486315,-0.7851088,-2.4094925,-1.1002623,-0.7209161,0.526712,-0.68497115,0.042815857,-1.4288771,-2.9723587,-1.2931967,1.0726614,-0.61250067,-2.8849487,2.1220226,1
3.0,3,-0.4172724,0.22240734,0.30303428,12.400861,-0.05124542,-2.4486613,-0.785246,-2.4092064,-1.0998001,-0.7208388,0.52719194,-0.68257207,0.042188324,-1.4294358,-2.9721327,-1.2932996,1.0723733,-0.6125154,-2.8846571,2.1231906,1
3.0,3,-0.41721138,0.2225833,0.30306175,12.400841,-0.051252946,-2.4487262,-0.785244,-2.4092278,-1.099808,-0.7208128,0.52717596,-0.68268335,0.0421864,-1.4294811,-2.9721441,-1.2933217,1.072391,-0.61254555,-2.8846283,2.1232204,1
3.0,3,-0.41685992,0.22185713,0.30538368,12.401155,-0.050733373,-2.4486883,-0.78510714,-2.4095318,-1.1003003,-0.72086275,0.5266558,-0.6852664,0.042859428,-1.4288207,-2.972386,-1.2931807,1.0726988,-0.6125183,-2.8849683,2.1219854,1
3.0,3,-0.4168429,0.22176018,0.30548188,12.401199,-0.050701156,-2.448648,-0.7850925,-2.4095361,-1.1003274,-0.7209073,0.5266396,-0.6853361,0.042900942,-1.4288025,-2.972394,-1.2931811,1.0727047,-0.6125068,-2.8849862,2.121876,1
7.0,6,-0.109573826,0.1501686,0.1078884,-0.47328302,0.3257576,-2.057958,12.562574,5.4656806,-2.5410337,-2.3967454,-1.643093,-0.52926946,-0.77956957,-1.1867629,-3.5285506,-1.4665151,-0.70242745,-2.2122228,-0.31690615,-3.3535619,0
7.0,6,-0.109725714,0.1501899,0.10774785,-0.47352216,0.3257894,-2.057623,12.561991,5.467597,-2.5409684,-2.3965795,-1.6439133,-0.5290737,-0.7795529,-1.1867123,-3.5285401,-1.4665293,-0.70282274,-2.2124364,-0.31748927,-3.3537445,0
7.0,6,-0.11039024,0.14942607,0.10794705,-0.47450897,0.326181,-2.0563936,12.560346,5.4730053,-2.5407112,-2.395792,-1.6464747,-0.5288549,-0.779457,-1.1862385,-3.5284357,-1.4659181,-0.70490444,-2.2126353,-0.31949008,-3.3543591,0
7.0,6,-0.110338405,0.14979014,0.10792029,-0.4745811,0.3265762,-2.056566,12.559826,5.4743614,-2.5406344,-2.3957014,-1.6478083,-0.5292034,-0.7793071,-1.1862277,-3.5284572,-1.4660013,-0.70492,-2.2120721,-0.3202474,-3.3545268,0
7.0,6,-0.1097937,0.15019846,0.10767609,-0.4735677,0.32575,-2.057542,12.561932,5.467851,-2.5409865,-2.3965874,-1.6440104,-0.5290007,-0.7795505,-1.1867083,-3.5285172,-1.4664847,-0.70289195,-2.2124963,-0.3174798,-3.3537083,0
7.0,6,-0.10975889,0.15013465,0.10770896,-0.47336546,0.32562584,-2.0577016,12.562537,5.466055,-2.541097,-2.396816,-1.6431084,-0.5290058,-0.77958894,-1.186763,-3.5284858,-1.4663776,-0.70257825,-2.2125287,-0.3167388,-3.3534539,0
17.0,17,-1.1435454,-0.1629987,-0.85644376,-0.97091657,-0.028443187,-0.08509556,-2.689647,-0.5098915,-2.7901049,-0.4660335,1.0688243,1.0636581,-0.08050883,0.68281823,-0.600487,-0.6647173,1.3105596,12.060495,-2.3670833,-2.4512277,1
17.0,17,-1.1435463,-0.16300061,-0.85645777,-0.97091573,-0.028440073,-0.08508978,-2.6896424,-0.5098913,-2.7901073,-0.46604994,1.0688323,1.0636809,-0.08051638,0.68282115,-0.6004872,-0.6647256,1.3105716,12.060503,-2.3670905,-2.4512253,1
17.0,17,-1.1435658,-0.16299865,-0.8566451,-0.9709092,-0.02853512,-0.084949076,-2.6895454,-0.50987667,-2.7902465,-0.46626452,1.0690193,1.0639718,-0.080558054,0.6828222,-0.6005398,-0.66484815,1.3107226,12.060569,-2.367059,-2.451236,1
17.0,17,-1.1435707,-0.16301331,-0.8566334,-0.97091705,-0.028516203,-0.08495372,-2.6895697,-0.50988054,-2.7902114,-0.46625033,1.0689905,1.0639696,-0.080559514,0.6828213,-0.6005109,-0.6648328,1.3107079,12.060562,-2.3670802,-2.4512265,1
17.0,17,-1.143544,-0.16299662,-0.8564519,-0.97091234,-0.028443165,-0.08509721,-2.6896386,-0.50989735,-2.7901118,-0.46604684,1.0688349,1.0636704,-0.080510944,0.6828219,-0.60049725,-0.6647254,1.3105738,12.060504,-2.3670855,-2.451226,1
17.0,17,-1.1435504,-0.16299722,-0.8564817,-0.97091615,-0.028469458,-0.08506102,-2.6896284,-0.50988734,-2.7901313,-0.46607134,1.0688561,1.0637151,-0.080518395,0.68281806,-0.6004981,-0.6647401,1.3105867,12.060511,-2.3670669,-2.4512322,1
4.0,4,-0.033017132,-2.4743357,-1.090941,-0.9489925,11.938518,2.498692,-2.3615456,2.912617,-1.8036898,-1.1031573,0.005012093,-2.6256306,-2.6082811,-1.4030818,-1.0222049,0.9964264,-0.39999047,0.10067684,-2.990299,-1.9110911,1
4.0,4,-0.03298238,-2.4743576,-1.091038,-0.94918317,11.938349,2.4987833,-2.3617492,2.9130075,-1.8037465,-1.1032218,0.0050647985,-2.6254842,-2.6082892,-1.4030051,-1.022243,0.9965672,-0.4001681,0.100774154,-2.9903893,-1.9110847,1
4.0,4,-0.033046417,-2.4743655,-1.0918578,-0.95014715,11.93742,2.4997802,-2.362658,2.9157734,-1.8040626,-1.1037475,0.004933482,-2.6244552,-2.6084023,-1.4025447,-1.0224779,0.99717706,-0.401342,0.10142279,-2.9909756,-1.911325,1
4.0,4,-0.033081904,-2.4743874,-1.0917969,-0.95017457,11.937419,2.499893,-2.362515,2.9159293,-1.804097,-1.1039423,0.0049280804,-2.6243541,-2.6084273,-1.4025388,-1.0225192,0.9970985,-0.40140292,0.10147603,-2.9910514,-1.9113796,1
4.0,4,-0.033029657,-2.4743402,-1.0910401,-0.9491692,11.938301,2.498877,-2.361714,2.913176,-1.8037705,-1.1032882,0.005104894,-2.625436,-2.608364,-1.40298,-1.0222403,0.9964393,-0.40019867,0.10085609,-2.9904704,-1.9111376,1
4.0,4,-0.03309137,-2.4742968,-1.0909286,-0.94893646,11.938476,2.4987836,-2.3615232,2.9127374,-1.8037162,-1.1031935,0.005082762,-2.6256077,-2.6083896,-1.4030478,-1.0221734,0.99623364,-0.3999766,0.10080069,-2.9903922,-1.9111404,1
12.0,12,-1.1698172,-3.4976175,1.7308505,-0.31801566,-2.5897288,-3.2519011,-0.9652221,-0.51655054,-0.20423287,-0.94430214,-2.4654942,2.4950974,12.267226,1.9546448,-2.2823443,-0.14161281,0.6037476,-1.5711851,-0.13363747,-1.7602984,1
12.0,12,-1.1698166,-3.497624,1.7308369,-0.31800303,-2.5897279,-3.2519035,-0.96521926,-0.51655424,-0.2042509,-0.94430876,-2.4654906,2.4951096,12.267214,1.9546431,-2.2823415,-0.14160216,0.60376215,-1.5711999,-0.13362236,-1.7602687,1
12.0,12,-1.169863,-3.497663,1.7307454,-0.31792217,-2.5897357,-3.251899,-0.96521795,-0.51657987,-0.20437276,-0.9443569,-2.4655197,2.4952166,12.267126,1.9546732,-2.2823024,-0.1415202,0.60391355,-1.5712684,-0.13354279,-1.7600863,1
12.0,12,-1.1698005,-3.497658,1.7308325,-0.31794912,-2.5897303,-3.251901,-0.9652337,-0.516537,-0.2043095,-0.9443226,-2.4654906,2.4951894,12.267161,1.9545947,-2.2823348,-0.1415814,0.60383135,-1.5712594,-0.13358213,-1.7601812,1
12.0,12,-1.1698121,-3.4976418,1.7308232,-0.3180015,-2.589726,-3.2519152,-0.9652175,-0.51655877,-0.20423302,-0.9443082,-2.4654684,2.4951394,12.267205,1.9546047,-2.2823453,-0.14160451,0.60376394,-1.5712149,-0.1336073,-1.760256,1
12.0,12,-1.1698096,-3.4976072,1.7308626,-0.31802085,-2.5897276,-3.2519023,-0.96521854,-0.5165475,-0.20423397,-0.94430107,-2.465494,2.495066,12.267238,1.9546539,-2.2823453,-0.141615,0.60372484,-1.5711806,-0.13363972,-1.7603092,1
4.0,4,0.34974158,-1.0097487,-0.74096,-0.75948364,12.050679,4.1918254,0.6813271,3.2712345,-2.674781,-2.2832963,-3.5784726,-2.2194912,-2.4905868,-2.0951223,-2.064393,2.6098347,-1.2205971,-0.23784137,-2.1981075,-2.1457043,1
4.0,4,0.34974182,-1.0097612,-0.7409513,-0.7595027,12.050669,4.191617,0.68137515,3.2712781,-2.6748466,-2.2833169,-3.5783515,-2.2194932,-2.4905088,-2.0951662,-2.0644457,2.6098325,-1.2206374,-0.23767099,-2.1981328,-2.1456082,1
4.0,4,0.34952977,-1.009674,-0.7409678,-0.7596917,12.05033,4.19141,0.68166685,3.2717288,-2.6750019,-2.2836308,-3.5782993,-2.2189035,-2.4903176,-2.0954447,-2.0644555,2.6099875,-1.2206672,-0.23765823,-2.1979532,-2.14538,1
4.0,4,0.34937862,-1.0096679,-0.74100316,-0.7598016,12.050113,4.1911597,0.6818366,3.2721457,-2.6751578,-2.2835703,-3.5783086,-2.2186253,-2.4901514,-2.0955675,-2.0645256,2.6101031,-1.2207527,-0.23766753,-2.1978176,-2.1452293,1
4.0,4,0.34970543,-1.0097493,-0.7409674,-0.7595238,12.050613,4.191693,0.68140006,3.2713447,-2.6748452,-2.2833235,-3.578418,-2.2193968,-2.4905145,-2.0951796,-2.0644305,2.6098661,-1.2206323,-0.23777235,-2.1980789,-2.1456313,1
4.0,4,0.34970096,-1.009735,-0.74097174,-0.7595176,12.050604,4.1919575,0.6813607,3.2712798,-2.6747515,-2.2833476,-3.5785453,-2.219355,-2.4906013,-2.095135,-2.064365,2.609874,-1.220589,-0.23797134,-2.1980464,-2.1457648,1
1.0,1,3.3664782,12.210036,-2.0737824,-1.9911269,-1.3106314,2.2417336,-0.7914373,1.3633046,-2.550983,-1.8120677,-1.1888505,-1.5217733,-2.681939,-0.026573725,1.5337852,-1.8990071,-0.6463465,-1.5908079,-1.0826966,-2.2027247,1
1.0,1,3.3664367,12.21002,-2.073783,-1.9911258,-1.3106252,2.2417746,-0.7914397,1.3633335,-2.5509887,-1.8120639,-1.1888671,-1.5217601,-2.6819346,-0.026574701,1.5337831,-1.8990035,-0.64634293,-1.5908128,-1.0826975,-2.2027261,1
1.0,1,3.3662937,12.209966,-2.0737965,-1.9911346,-1.310596,2.241916,-0.79144907,1.363421,-2.5510125,-1.812062,-1.1889093,-1.5216992,-2.681922,-0.02659357,1.5338203,-1.8989836,-0.6463364,-1.5908333,-1.0827029,-2.2027307,1
1.0,1,3.3661888,12.20992,-2.073812,-1.9911546,-1.3105807,2.2420092,-0.79146266,1.3634754,-2.5510223,-1.8120657,-1.1889337,-1.5216451,-2.6819172,-0.026603963,1.5338715,-1.8989623,-0.6463362,-1.5908478,-1.08271,-2.2027254,1
1.0,1,3.3664496,12.210022,-2.0737846,-1.9911329,-1.3106309,2.2417479,-0.7914415,1.3633157,-2.550985,-1.8120674,-1.1888537,-1.521761,-2.6819372,-0.026576102,1.5338048,-1.8989962,-0.6463479,-1.5908103,-1.082697,-2.2027192,1
1.0,1,3.366457,12.210029,-2.0737817,-1.9911253,-1.3106278,2.2417567,-0.7914383,1.3633211,-2.5509863,-1.8120651,-1.1888607,-1.5217679,-2.681937,-0.026572064,1.5337807,-1.8990055,-0.6463443,-1.5908104,-1.0826979,-2.2027261,1
0.0,0,11.741885,3.31735,-0.5418536,-1.4645221,-0.31962788,-0.4911268,0.49803865,-0.7315417,2.043306,-1.5684167,-1.2260177,-2.881801,-0.14963764,-0.83506036,-3.268794,-3.3719425,-0.65296257,-2.7211964,-3.1915302,-3.191696,1
0.0,0,11.742087,3.3185115,-0.54163694,-1.4644357,-0.3198033,-0.49126914,0.49814948,-0.731413,2.0425975,-1.5684685,-1.2262517,-2.8821073,-0.14964595,-0.8348926,-3.2688527,-3.3719215,-0.6529121,-2.7212005,-3.1914868,-3.1920714,1
0.0,0,11.742883,3.322711,-0.5408135,-1.4639293,-0.32045949,-0.49174264,0.4987542,-0.7306857,2.039607,-1.568478,-1.2270164,-2.8830574,-0.1497488,-0.8344659,-3.2691102,-3.3718898,-0.65248936,-2.7210827,-3.1917205,-3.1936767,1
0.0,0,11.743096,3.3237128,-0.5405986,-1.4638674,-0.32060522,-0.49183854,0.49886587,-0.73056054,2.0388913,-1.5685917,-1.2271684,-2.8833156,-0.14980191,-0.83423674,-3.2691574,-3.371878,-0.6524623,-2.7210705,-3.1916766,-3.193951,1
0.0,0,11.742117,3.3185983,-0.5416176,-1.4644113,-0.3198126,-0.49127755,0.498169,-0.7313895,2.042501,-1.5684667,-1.226257,-2.882114,-0.14964703,-0.8348952,-3.2688603,-3.3719172,-0.6528938,-2.7211862,-3.1915078,-3.1921258,1
0.0,0,11.742155,3.3189802,-0.54156566,-1.4644787,-0.31987172,-0.49132594,0.49813673,-0.7314296,2.0424497,-1.5685575,-1.2263646,-2.8822842,-0.1496543,-0.83473665,-3.2688575,-3.3719103,-0.652982,-2.7212489,-3.1913407,-3.1921077,1
8.0,8,-2.26134,-3.9630516,0.69958514,-1.9492327,-4.099605,-1.6405958,-0.82691705,1.8012158,10.084229,6.199783,-1.6821395,0.1334026,2.6073585,-2.2241786,-1.0647856,-3.602801,-1.9619006,-2.863427,-0.71635324,1.6259663,1
8.0,8,-2.2615292,-3.963091,0.6995744,-1.9493155,-4.0997324,-1.6407309,-0.8266263,1.8017718,10.083921,6.1997194,-1.6820117,0.1334836,2.6075604,-2.2241921,-1.0647732,-3.6028607,-1.9620768,-2.8634107,-0.71639544,1.6260465,1
8.0,8,-2.2617238,-3.9633987,0.69977295,-1.9493573,-4.100527,-1.640979,-0.82692504,1.8030986,10.082415,6.2014613,-1.6813929,0.13373889,2.6074762,-2.2238712,-1.0646093,-3.6027997,-1.9619465,-2.8632796,-0.717052,1.626015,1
8.0,8,-2.2620082,-3.9630456,0.6998403,-1.9495863,-4.100201,-1.6408281,-0.8262865,1.8039114,10.08273,6.2004824,-1.6815124,0.13365313,2.6067889,-2.2240222,-1.0644593,-3.6030285,-1.9623231,-2.8634493,-0.716802,1.6263119,1
8.0,8,-2.2616198,-3.9629822,0.69949615,-1.9493933,-4.099651,-1.6406778,-0.8264052,1.8021181,10.083984,6.1994104,-1.682022,0.13348143,2.6073065,-2.2242074,-1.0647233,-3.6029432,-1.962195,-2.8634503,-0.716358,1.6262254,1
8.0,8,-2.2614362,-3.9627926,0.69937205,-1.9493757,-4.0993576,-1.6403966,-0.8266003,1.8017522,10.084522,6.199152,-1.6821977,0.13336459,2.606628,-2.2242024,-1.0646591,-3.6029487,-1.9620789,-2.863527,-0.7162492,1.6263726,1
15.0,15,-1.3664167,-0.84432733,-1.54386,-2.8620296,0.7076492,-1.7009137,0.86531067,1.4278415,-2.0305526,-0.29146662,-1.3183295,-2.8709111,-1.0013087,-0.74282664,2.6027927,10.92943,-2.4942632,-2.276884,-0.24309696,2.6684978,1
15.0,15,-1.3664608,-0.8442533,-1.543894,-2.8620403,0.7077049,-1.7008725,0.8653638,1.4279201,-2.0305886,-0.29158425,-1.3183769,-2.870894,-1.0013416,-0.74285173,2.6028733,10.92944,-2.4942966,-2.2769327,-0.24304463,2.6684642,1
15.0,15,-1.366739,-0.8438172,-1.5438424,-2.862113,0.7078035,-1.700556,0.8650019,1.4270407,-2.030887,-0.29180983,-1.318267,-2.8705852,-1.0011442,-0.74318457,2.6046348,10.930196,-2.4945915,-2.2772815,-0.24311195,2.6668532,1
15.0,15,-1.366705,-0.8436594,-1.543716,-2.862055,0.7077694,-1.7005048,0.8648094,1.4271896,-2.0309951,-0.2918306,-1.3186004,-2.870537,-1.0010556,-0.7431328,2.604772,10.9302845,-2.4944725,-2.2774417,-0.24312596,2.6664193,1
15.0,15,-1.3664331,-0.8442279,-1.5438437,-2.8620083,0.7076827,-1.7008672,0.8653104,1.4279834,-2.030614,-0.2915845,-1.3184959,-2.870879,-1.0012974,-0.74282974,2.6028953,10.929456,-2.4942513,-2.2769914,-0.2430755,2.6683288,1
15.0,15,-1.3664138,-0.8442653,-1.5437734,-2.8619711,0.7076238,-1.700874,0.86520505,1.4277719,-2.030617,-0.2914999,-1.3184652,-2.8708403,-1.0011971,-0.74285185,2.6030912,10.929571,-2.494247,-2.2770143,-0.24319784,2.6680708,1
9.0,9,-1.2404324,-3.1656995,0.5470889,-3.2387185,-3.6858332,-2.2124414,-4.8001966,-1.4368757,8.066841,9.4138365,-1.0449798,-2.8877385,3.361539,0.7849988,-1.8373365,-1.4484264,-2.0743427,-1.9189532,2.1410236,-2.9092767,1
9.0,9,-1.240461,-3.1657143,0.54700476,-3.2387729,-3.685784,-2.2123947,-4.8001795,-1.4369137,8.067007,9.413706,-1.0449694,-2.8877559,3.3614666,0.7849404,-1.8373138,-1.4484618,-2.0744002,-1.9190037,2.1412647,-2.909165,1
9.0,9,-1.2407334,-3.1652882,0.5466702,-3.2380955,-3.6862793,-2.2123911,-4.80019,-1.436031,8.064145,9.415697,-1.0441519,-2.8873003,3.361116,0.7854187,-1.837817,-1.4480381,-2.0740738,-1.9184333,2.140604,-2.9101613,1
9.0,9,-1.2410052,-3.164825,0.54687375,-3.2372615,-3.6868606,-2.2126062,-4.8002167,-1.4351668,8.060891,9.41803,-1.0436997,-2.8869755,3.3611338,0.78592277,-1.8383207,-1.447388,-2.0734155,-1.9177274,2.139363,-2.9113102,1
9.0,9,-1.2405125,-3.1656866,0.5469496,-3.2387397,-3.6858025,-2.2123766,-4.800171,-1.4368615,8.066841,9.413809,-1.044914,-2.887724,3.3614166,0.78495187,-1.8373446,-1.4484373,-2.0743895,-1.9189761,2.1413302,-2.9091942,1
9.0,9,-1.2405324,-3.165668,0.54696286,-3.2387064,-3.6858263,-2.212388,-4.800171,-1.4368281,8.066706,9.413902,-1.0449063,-2.8877096,3.3614273,0.7849729,-1.837366,-1.4484081,-2.07436,-1.9189464,2.141286,-2.9092412,1
9.0,19,-1.0271645,-2.7751696,0.06848869,-2.1144488,-0.63456714,-1.3425099,-3.6155522,0.16945289,1.4183133,6.2322197,0.9438073,5.8381944,-1.6516554,-0.9344142,-0.4815427,0.48825404,0.25752124,1.0517328,-3.2646868,6.9192667,0
9.0,19,-1.0280728,-2.7756116,0.06966165,-2.115206,-0.63507026,-1.3415881,-3.6150157,0.16916396,1.4181664,6.2303753,0.94368184,5.841348,-1.6520032,-0.93571836,-0.4810257,0.4883688,0.25843552,1.052687,-3.2643976,6.917954,0
9.0,19,-1.0393342,-2.7812274,0.04696477,-2.1291804,-0.6376146,-1.3286369,-3.6058033,0.17226739,1.4100422,6.195164,0.9602126,5.9013977,-1.6625986,-0.9528535,-0.4743319,0.48718902,0.268581,1.0782382,-3.2572768,6.9048867,0
9.0,19,-1.0297191,-2.7796888,0.03631148,-2.1149156,-0.63033557,-1.3322772,-3.598132,0.16781388,1.4102672,6.1714787,0.96682477,5.8989835,-1.6600778,-0.9512267,-0.4651777,0.48641193,0.26635388,1.0651939,-3.270108,6.936898,0
9.0,19,-1.0289092,-2.7765236,0.06621778,-2.1158316,-0.6342353,-1.3396564,-3.6121306,0.168637,1.4166406,6.220431,0.94701755,5.8507833,-1.6536715,-0.9390352,-0.47838494,0.4885643,0.260577,1.0551338,-3.2649724,6.92068,0
9.0,19,-1.0298529,-2.7770705,0.06065801,-2.1179056,-0.63389444,-1.338514,-3.6107984,0.16925888,1.414887,6.216275,0.950975,5.85703,-1.6554625,-0.9407691,-0.4776468,0.4885296,0.2613983,1.0590398,-3.2639005,6.920425,0
14.0,14,-3.3457885,1.8995867,-2.04518,-2.186186,2.4046931,4.3756623,-3.0066793,-2.1358361,-0.016072683,-1.3279196,-0.510757,0.6447934,-3.3848789,-0.72155637,11.065093,0.42798787,0.21694522,1.6756064,-2.5523777,0.09889505,1
14.0,14,-3.3457935,1.899608,-2.0451846,-2.1861966,2.4045334,4.375539,-3.0067136,-2.1358783,-0.01609242,-1.3278364,-0.51068556,0.6448093,-3.384822,-0.7214986,11.065111,0.42797548,0.21695973,1.6757,-2.5523987,0.09889395,1
14.0,14,-3.34577,1.8997775,-2.045188,-2.186228,2.4038951,4.3750224,-3.0067506,-2.136021,-0.016152732,-1.3275671,-0.5103726,0.64483124,-3.3846638,-0.72130257,11.065269,0.4279251,0.21702078,1.6757772,-2.5524318,0.0989357,1
14.0,14,-3.3457246,1.8996321,-2.0451522,-2.1861374,2.4050121,4.3758707,-3.0064993,-2.1357243,-0.016001001,-1.3281342,-0.51086056,0.6447074,-3.3850534,-0.72170925,11.065162,0.42801312,0.21688418,1.6750393,-2.552283,0.09895421,1
14.0,14,-3.3457925,1.8995466,-2.0451784,-2.1861727,2.4048505,4.3757925,-3.0066648,-2.1357977,-0.016052954,-1.3279835,-0.51083124,0.6447861,-3.3849134,-0.7216078,11.065065,0.4280038,0.21691121,1.6755557,-2.552364,0.09888687,1
14.0,14,-3.3457797,1.8995833,-2.0451753,-2.1861756,2.4047792,4.375728,-3.0066493,-2.1358101,-0.016056277,-1.3279694,-0.5107897,0.64477944,-3.384914,-0.72159183,11.065092,0.42799312,0.21692729,1.6755142,-2.5523612,0.09890076,1
5.0,5,-2.1946049,-1.2933339,-1.5207691,-1.6030587,3.1336265,12.964269,-2.7988327,0.6069874,-0.63303787,-0.779605,-2.1366644,0.25708753,-2.8230507,-0.1942441,0.73193395,0.74823815,-1.08326,0.86128753,-0.7673119,-2.4554627,1
5.0,5,-2.194561,-1.2933364,-1.5207623,-1.6030321,3.1337352,12.964295,-2.7987769,0.60701424,-0.6330326,-0.7796874,-2.1366901,0.25710267,-2.8230772,-0.1942113,0.7318486,0.74813515,-1.0832618,0.86126745,-0.7673146,-2.4554858,1
5.0,5,-2.1943963,-1.2933284,-1.5206674,-1.6029919,3.1342185,12.964373,-2.7988355,0.6073675,-0.6330304,-0.77984774,-2.13706,0.2570765,-2.8230171,-0.19409361,0.73165953,0.7478686,-1.0833008,0.8611125,-0.76747626,-2.4556065,1
5.0,5,-2.1944492,-1.293283,-1.5206919,-1.6029892,3.134115,12.964375,-2.7988024,0.607252,-0.63303214,-0.7798715,-2.1370492,0.25703406,-2.8229842,-0.19418032,0.7318441,0.7480409,-1.0833148,0.8609677,-0.76733786,-2.4555566,1
5.0,5,-2.1945584,-1.2933351,-1.5207578,-1.6030352,3.1337185,12.964298,-2.7987854,0.60701823,-0.6330281,-0.7796862,-2.1366868,0.25710917,-2.823076,-0.19420597,0.73185205,0.74812734,-1.0832592,0.86126506,-0.7673186,-2.4554818,1
5.0,5,-2.1945612,-1.293333,-1.5207511,-1.6030366,3.133722,12.964296,-2.7988183,0.60702926,-0.633023,-0.7796733,-2.13671,0.25709796,-2.8230596,-0.19421315,0.7318779,0.7481443,-1.0832571,0.8612474,-0.76732594,-2.4554822,1
0.0,0,10.944643,8.065152,0.7440618,-0.708673,-1.3000242,-0.96056485,0.42767277,0.39806414,-3.6256597,-0.9179951,-0.3034237,-4.018342,-0.7957444,-0.31117678,-2.6094823,-2.681674,0.024299543,-1.90734,-2.1089716,-4.1115775,1
0.0,0,10.944512,8.065438,0.74389434,-0.70864946,-1.3000523,-0.96056664,0.42763463,0.39810365,-3.6257288,-0.91785735,-0.3034118,-4.0184007,-0.79584205,-0.31118655,-2.609439,-2.6816635,0.024292711,-1.9073161,-2.108909,-4.1115165,1
0.0,0,10.943987,8.066676,0.74293554,-0.7085902,-1.3001003,-0.9604217,0.427482,0.3982943,-3.626017,-0.91725504,-0.303347,-4.0186334,-0.7963573,-0.31126946,-2.609232,-2.681611,0.024217363,-1.9071723,-2.108604,-4.111237,1
0.0,0,10.943844,8.067009,0.74257976,-0.7085334,-1.3000549,-0.9603064,0.42744,0.39835972,-3.6261153,-0.9171239,-0.3033145,-4.0186696,-0.7965211,-0.31133404,-2.6091714,-2.6816287,0.024238799,-1.9071335,-2.1085563,-4.1111474,1
0.0,0,10.944558,8.06535,0.7439588,-0.7086834,-1.3000665,-0.9605815,0.42765012,0.3980897,-3.625687,-0.9178872,-0.3034245,-4.018393,-0.7958105,-0.31116372,-2.609456,-2.681652,0.024259869,-1.907319,-2.108911,-4.1115394,1
0.0,0,10.944545,8.065346,0.7439311,-0.70863754,-1.3000289,-0.9605532,0.42764696,0.39809683,-3.62572,-0.91790783,-0.303409,-4.0183725,-0.7958151,-0.31120056,-2.6094508,-2.6816792,0.024318118,-1.9073287,-2.1089423,-4.111531,1
19.0,19,-1.5395659,-0.9096095,-0.63143647,-1.240465,-0.42441177,-2.1253843,-1.9825468,-0.020124596,-0.20967177,4.6920075,-1.114647,-0.7573319,0.2568625,1.5320579,-1.1848966,1.2172344,0.13803805,0.3308031,1.0313156,11.780437,1
19.0,19,-1.5396425,-0.90957034,-0.63142264,-1.2404023,-0.42436516,-2.1252716,-1.9825659,-0.020219814,-0.20970407,4.6917543,-1.1146791,-0.7572065,0.25677705,1.5322111,-1.1848447,1.2172705,0.13801903,0.33091402,1.0312525,11.780504,1
19.0,19,-1.5402809,-0.9093237,-0.63125944,-1.2397614,-0.42392093,-2.1243372,-1.982791,-0.02109119,-0.20981571,4.689729,-1.115038,-0.7561512,0.25606355,1.5333005,-1.1843907,1.2176251,0.1380377,0.3319237,1.0303957,11.781075,1
19.0,19,-1.5405531,-0.90925515,-0.6311883,-1.2394589,-0.42373085,-2.1239834,-1.9828868,-0.021496337,-0.20973974,4.688897,-1.115225,-0.7556816,0.25578937,1.5336084,-1.1841588,1.2177932,0.13810529,0.3322809,1.0300169,11.78138,1
19.0,19,-1.5397044,-0.9095427,-0.63140094,-1.2403749,-0.4243794,-2.1252167,-1.9825613,-0.020316508,-0.20965305,4.691611,-1.1147395,-0.7571371,0.2567461,1.5323166,-1.184805,1.2172883,0.13798541,0.33093143,1.0312715,11.780577,1
19.0,19,-1.5396837,-0.90953124,-0.6314304,-1.2403595,-0.42441988,-2.1252236,-1.9825525,-0.020321365,-0.20970258,4.691703,-1.1147511,-0.75718755,0.2567801,1.5323232,-1.1848483,1.217266,0.13797505,0.33090237,1.0314021,11.780537,1
19.0,19,-0.32343015,-1.2806051,-1.7766931,-1.3439103,-0.23221497,-1.6818562,1.2316642,-2.764825,1.2042363,-0.7661287,0.13455094,-1.1052984,0.50851214,-1.631768,-0.7352255,1.0699878,-2.0003324,-1.4231293,8.472787,12.034149,1
19.0,19,-0.32350698,-1.280603,-1.7766484,-1.3439482,-0.23219483,-1.6818739,1.2316997,-2.7648373,1.2042928,-0.766023,0.13451944,-1.1052988,0.50834745,-1.6316822,-0.7352038,1.0700227,-2.0002873,-1.4230618,8.472628,12.034327,1
19.0,19,-0.32362768,-1.2805185,-1.7766145,-1.3440145,-0.23245518,-1.6821334,1.2313846,-2.7651584,1.2044897,-0.76540524,0.13442008,-1.1052974,0.5085407,-1.6315976,-0.7350862,1.070038,-2.0002034,-1.4229165,8.472459,12.034531,1
19.0,19,-0.3236443,-1.2805104,-1.7766793,-1.3440939,-0.23274134,-1.6823534,1.2310631,-2.765385,1.2046964,-0.76487684,0.13432209,-1.1053873,0.5089324,-1.6316403,-0.73507625,1.0700243,-2.0001438,-1.4227743,8.472399,12.034548,1
19.0,19,-0.32356063,-1.2805967,-1.7766317,-1.3439769,-0.23222937,-1.6819249,1.2316737,-2.7648852,1.2043449,-0.7658797,0.13448416,-1.1053122,0.50834054,-1.6316334,-0.7351842,1.0700395,-2.0002646,-1.4229914,8.472524,12.034421,1
19.0,19,-0.3234881,-1.2805985,-1.7766745,-1.3439424,-0.23224963,-1.6819123,1.2316389,-2.764872,1.2042918,-0.76596916,0.13451247,-1.1053171,0.5085,-1.6317142,-0.7352042,1.0700079,-2.0003068,-1.4230528,8.47266,12.034258,1
4.0,4,0.14188904,-1.9722899,-1.4259114,-0.24235672,13.019458,4.4606056,-0.04186947,0.2658325,-0.91886485,-2.2550263,-1.8684868,-2.7584867,-2.8762274,-2.2966216,-0.118527,1.3004296,-0.5348425,-1.7476194,-1.887529,-2.3673596,1
4.0,4,0.1418882,-1.972293,-1.4259193,-0.24235052,13.019457,4.4606204,-0.04189919,0.26581413,-0.9188523,-2.2550163,-1.8684772,-2.758482,-2.8762355,-2.296624,-0.11851257,1.3004265,-0.5348342,-1.7476256,-1.8875341,-2.3673449,1
4.0,4,0.14194763,-1.9722832,-1.4259334,-0.24234042,13.01944,4.4607153,-0.04185523,0.26568478,-0.9188075,-2.2550237,-1.8684916,-2.7584393,-2.8762856,-2.2966588,-0.11852863,1.3004016,-0.53475386,-1.7477425,-1.887486,-2.367322,1
4.0,4,0.14194456,-1.9722856,-1.4259335,-0.2423541,13.019453,4.460659,-0.041746832,0.2656798,-0.9188449,-2.255068,-1.8684648,-2.7584515,-2.8762949,-2.29669,-0.118499756,1.3004864,-0.53476214,-1.7478125,-1.8874793,-2.36734,1
4.0,4,0.14188087,-1.9722937,-1.4259195,-0.24235165,13.019457,4.4606204,-0.04190488,0.26581937,-0.9188523,-2.2550187,-1.8684714,-2.7584841,-2.876237,-2.2966254,-0.11849813,1.3004303,-0.53484094,-1.7476243,-1.8875377,-2.3673437,1
4.0,4,0.14190975,-1.9722868,-1.42591,-0.24235462,13.019456,4.4606023,-0.04184047,0.26580557,-0.918866,-2.255024,-1.8684908,-2.758481,-2.8762312,-2.296619,-0.11855973,1.3004202,-0.5348225,-1.7476325,-1.887515,-2.3673637,1
19.0,18,-0.103395104,-2.0326865,-1.4527651,-1.0743215,-1.6169876,-0.53732365,1.049659,-2.3987496,0.48348632,-1.2088628,0.8736933,-1.3549052,4.871488,-2.467024,-2.82802,-0.18651578,-2.8899353,-1.3037055,11.049772,3.8010695,0
19.0,18,-0.10351002,-2.0323408,-1.4528098,-1.0743817,-1.616778,-0.53693634,1.049776,-2.3987172,0.48312408,-1.2088358,0.8737094,-1.3549649,4.870175,-2.4669461,-2.827917,-0.1863437,-2.8898416,-1.3036393,11.050461,3.801783,0
19.0,18,-0.1041243,-2.030388,-1.4521837,-1.0746744,-1.6155736,-0.5372117,1.0508921,-2.3997238,0.48061866,-1.2092198,0.87328506,-1.3555646,4.8669543,-2.4659278,-2.8270311,-0.18514445,-2.8891559,-1.3028716,11.051987,3.807524,0
19.0,18,-0.10443637,-2.029435,-1.451764,-1.0748098,-1.6150321,-0.5376143,1.0513415,-2.4003508,0.47936362,-1.2093884,0.8730232,-1.3558916,4.866,-2.465342,-2.826612,-0.18453866,-2.8887906,-1.3024333,11.052469,3.8101506,0
19.0,18,-0.103734985,-2.0316603,-1.4526539,-1.0744911,-1.6163723,-0.5369047,1.0501134,-2.3989885,0.48229605,-1.2089323,0.8736141,-1.3551672,4.868838,-2.4666204,-2.827641,-0.18594956,-2.8896177,-1.303378,11.051131,3.8035765,0
19.0,18,-0.103524536,-2.0323153,-1.4526732,-1.0743942,-1.6167619,-0.53736615,1.0499442,-2.398881,0.48302758,-1.2089926,0.87362844,-1.3550082,4.8708057,-2.4668279,-2.8278322,-0.18632671,-2.8898401,-1.3035502,11.050059,3.8022978,0
0.0,0,11.887863,1.620845,2.117374,-0.08798846,-0.25963187,-0.42636734,0.7700458,-0.6692419,-0.52152634,-2.7408347,-0.50828534,-2.1939902,-0.2628363,-1.5584058,-3.4643044,-2.42757,0.5015694,-2.3933947,-2.7324736,-3.3286655,1
0.0,0,11.887866,1.6208559,2.117377,-0.08798488,-0.25963807,-0.42636615,0.7700586,-0.66924834,-0.5215212,-2.7408354,-0.5082906,-2.1940014,-0.26284227,-1.55841,-3.4643059,-2.427569,0.5015588,-2.3933947,-2.732464,-3.3286653,1
0.0,0,11.88783,1.6207324,2.1173437,-0.08805932,-0.25961053,-0.4263231,0.77018464,-0.6692278,-0.5212787,-2.7409146,-0.5083168,-2.1939878,-0.26292408,-1.5584623,-3.46425,-2.4276419,0.5014623,-2.3934236,-2.7324526,-3.3285646,1
0.0,0,11.887811,1.6206437,2.1173248,-0.08811144,-0.25958067,-0.4262962,0.77024233,-0.6691959,-0.52113307,-2.7409694,-0.5083308,-2.193974,-0.26298034,-1.558477,-3.4642072,-2.4276924,0.50141424,-2.3934448,-2.7324667,-3.3285015,1
0.0,0,11.887859,1.6208519,2.1173747,-0.08798948,-0.25963664,-0.42636305,0.77006763,-0.66924524,-0.5215043,-2.7408423,-0.50829506,-2.1940036,-0.2628493,-1.5584091,-3.4643016,-2.4275756,0.50155133,-2.3933966,-2.7324643,-3.3286583,1
0.0,0,11.887855,1.6208189,2.1173704,-0.08800324,-0.25962424,-0.42635804,0.77007306,-0.66922957,-0.52147645,-2.7408578,-0.50829387,-2.1939867,-0.26285607,-1.5584139,-3.4642882,-2.427591,0.5015528,-2.3934033,-2.7324781,-3.3286428,1
15.0,15,-0.67553777,-2.2052221,-0.5899275,-2.9918766,0.9276055,-2.3384397,1.2219156,0.49067882,-1.7045376,-0.48773625,0.13847686,-2.8593733,-1.3267514,-0.9365253,3.094905,11.003297,-2.6881697,-1.6320854,-1.8213321,0.7635138,1
15.0,15,-0.6755483,-2.2051992,-0.58992434,-2.991872,0.9276014,-2.338435,1.221917,0.4906691,-1.7045363,-0.4877567,0.1384418,-2.8593667,-1.326744,-0.9365205,3.0949206,11.003313,-2.688165,-1.6320837,-1.8213248,0.7635191,1
15.0,15,-0.6756151,-2.2049692,-0.5898552,-2.991848,0.92747265,-2.3383844,1.2219402,0.4906424,-1.7044026,-0.48791125,0.13796867,-2.859294,-1.3266807,-0.9364849,3.0951195,11.00339,-2.6881015,-1.6321862,-1.8212657,0.76361704,1
15.0,15,-0.6756569,-2.204943,-0.58983463,-2.9918284,0.9274841,-2.3383706,1.2219826,0.49063483,-1.7044001,-0.48795837,0.1378738,-2.85928,-1.3266697,-0.93647367,3.0951624,11.003413,-2.6881025,-1.6321844,-1.8212678,0.7636264,1
15.0,15,-0.6755512,-2.2051876,-0.58991534,-2.9918697,0.92759436,-2.3384302,1.2219154,0.49066558,-1.7045276,-0.48775944,0.13840924,-2.859363,-1.3267381,-0.9365163,3.0949302,11.003315,-2.6881607,-1.6320903,-1.821325,0.7635231,1
15.0,15,-0.67553407,-2.2051814,-0.58990705,-2.991877,0.92757064,-2.3384306,1.2219038,0.49067554,-1.7044995,-0.48774743,0.13838063,-2.8593626,-1.3267387,-0.9365195,3.0949335,11.00331,-2.6881511,-1.632118,-1.8213209,0.76353437,1
18.0,18,-0.25979334,-1.3278849,-0.067442365,-2.0958483,-1.8810958,1.3724765,-1.1247321,-2.693985,2.0014517,0.30429426,0.053773217,-1.9135052,2.1684952,-1.4192933,-2.4870076,-0.07880474,-2.2969122,-2.1090882,12.060167,-0.47361392,1
18.0,18,-0.2598587,-1.3277761,-0.06751012,-2.0958042,-1.881039,1.3724642,-1.1246579,-2.6940258,2.0014114,0.3043213,0.05389694,-1.9134822,2.1680644,-1.4194021,-2.4869075,-0.0787813,-2.2968433,-2.1090908,12.0603285,-0.47336075,1
18.0,18,-0.259797,-1.3277884,-0.0670582,-2.0958872,-1.8812573,1.372404,-1.1248112,-2.6938126,2.0009928,0.30429834,0.053607017,-1.9135758,2.1689503,-1.4188695,-2.4870725,-0.07886138,-2.2968597,-2.1090367,12.06006,-0.47395405,1
18.0,18,-0.25967407,-1.3278672,-0.066446476,-2.0959787,-1.8815911,1.3723321,-1.1250471,-2.693491,2.000378,0.30422124,0.05317881,-1.9136789,2.170426,-1.41809,-2.4873948,-0.07898212,-2.2968986,-2.1089451,12.059589,-0.47490597,1
18.0,18,-0.25988826,-1.3277555,-0.067421034,-2.0958254,-1.8811126,1.3724763,-1.124673,-2.6939785,2.001335,0.3043009,0.05383008,-1.9134898,2.1682248,-1.4192567,-2.486908,-0.07882338,-2.296868,-2.1090891,12.060303,-0.47341195,1
18.0,18,-0.25976816,-1.3279109,-0.06735809,-2.0958633,-1.8811516,1.3724779,-1.1247678,-2.6939425,2.0013692,0.3042729,0.053689435,-1.9135236,2.1687596,-1.4191562,-2.4870653,-0.07882161,-2.2969327,-2.1090808,12.060081,-0.4737577,1
2.0,2,-0.0142119415,-1.1715804,11.207177,-1.2580243,-1.6940094,-1.0601857,-2.8432593,-1.7034045,1.050753,4.889077,-1.845442,-1.6338382,0.60773855,-1.2165979,-0.73963857,-0.11955985,-0.01367024,-0.27453214,-1.0277746,-1.5993799,1
2.0,2,-0.014253605,-1.1716195,11.207091,-1.2580665,-1.6940358,-1.0601934,-2.8433523,-1.7034144,1.0508044,4.889226,-1.8454062,-1.6337681,0.60774994,-1.2165546,-0.7396108,-0.119551875,-0.013696302,-0.27454287,-1.0278658,-1.599359,1
2.0,2,-0.014648255,-1.1718628,11.2062645,-1.2583413,-1.6943318,-1.0603031,-2.844113,-1.7033944,1.0511032,4.8907948,-1.8451967,-1.6333475,0.60778546,-1.2161471,-0.7395072,-0.11944595,-0.0138629265,-0.27462947,-1.0284461,-1.5991588,1
2.0,2,-0.014520749,-1.1716691,11.206607,-1.2579271,-1.6939596,-1.0602345,-2.8436399,-1.7034017,1.0504863,4.889804,-1.8451972,-1.6334724,0.60732436,-1.2166271,-0.7393731,-0.11935925,-0.013351399,-0.27437076,-1.0281895,-1.5988337,1
2.0,2,-0.014264386,-1.1716201,11.2070875,-1.2580655,-1.6940327,-1.0601923,-2.8433607,-1.7034123,1.050815,4.88922,-1.8454098,-1.6337473,0.60774803,-1.2165513,-0.73960596,-0.11955077,-0.013700727,-0.27454424,-1.0278863,-1.5993472,1
2.0,2,-0.014268726,-1.1716067,11.207089,-1.2580525,-1.6940289,-1.0601898,-2.8433516,-1.7034019,1.0507957,4.8892245,-1.845417,-1.6337613,0.6077254,-1.2165612,-0.7396134,-0.11954467,-0.013690013,-0.27453756,-1.0278606,-1.599333,1
12.0,12,1.7134048,-3.5118012,0.7401927,-1.0309502,-1.9340538,-3.4596639,-0.24730536,-2.592428,2.2233071,-0.57936895,-1.2432489,-0.6420858,11.948535,0.017019391,-2.6220217,0.53467107,-1.6407994,-1.8994826,0.043157205,-2.8262088,1
12.0,12,1.7137878,-3.5127103,0.7399484,-1.0308536,-1.9336222,-3.4596784,-0.24720669,-2.592876,2.2246056,-0.57925844,-1.2425133,-0.64191616,11.947646,0.015202768,-2.622262,0.5349124,-1.6409115,-1.8999735,0.043690868,-2.825979,1
12.0,12,1.7140347,-3.5143054,0.7400299,-1.0312132,-1.9326309,-3.460262,-0.24645668,-2.5936637,2.2262864,-0.57974416,-1.2408117,-0.64195013,11.946036,0.013004683,-2.622911,0.5360723,-1.6416876,-1.9012536,0.045690373,-2.825775,1
12.0,12,1.7152183,-3.516605,0.73861456,-1.0317183,-1.9321157,-3.460236,-0.24631286,-2.5954578,2.2313926,-0.579666,-1.2390361,-0.6424475,11.943862,0.010239422,-2.6233373,0.5360774,-1.6431524,-1.9031835,0.047538087,-2.824965,1
12.0,12,1.713526,-3.512194,0.7401036,-1.0306308,-1.9337476,-3.459599,-0.24725431,-2.5925858,2.2235258,-0.57924986,-1.2429682,-0.64189047,11.948122,0.01570183,-2.6221137,0.5349214,-1.6405427,-1.8995265,0.043361492,-2.826082,1
12.0,12,1.7132251,-3.5120013,0.74027014,-1.0303838,-1.9334832,-3.4596994,-0.24692622,-2.5924792,2.2222693,-0.5795702,-1.2429285,-0.64198977,11.94817,0.015693828,-2.6222048,0.5355366,-1.6402897,-1.8993652,0.043890752,-2.8261635,1
15.0,15,-1.4194263,-1.5757838,0.14063264,-2.5204294,0.32303274,-1.6207134,-0.16699158,-0.42278966,-2.1734529,-0.19843158,-1.757391,-2.507828,-0.21757948,0.2858123,3.843542,11.536012,-2.3774958,-0.31415582,-2.3510165,-0.080387376,1
15.0,15,-1.4194448,-1.5757654,0.14063606,-2.520418,0.32304627,-1.6206962,-0.1669802,-0.42278203,-2.173452,-0.19847022,-1.757419,-2.5078266,-0.21759444,0.285812,3.8435845,11.536019,-2.3774927,-0.31416175,-2.3510318,-0.080385305,1
15.0,15,-1.4195368,-1.5756744,0.14064994,-2.5203674,0.3231228,-1.6205938,-0.16691056,-0.42273033,-2.1734715,-0.19870432,-1.7575879,-2.5077968,-0.21766832,0.2858372,3.8438392,11.536038,-2.377503,-0.31416702,-2.3511226,-0.08040277,1
15.0,15,-1.4195626,-1.5756524,0.1406631,-2.5203402,0.32314944,-1.6205723,-0.16688879,-0.42270195,-2.1734734,-0.19875658,-1.7576562,-2.5077922,-0.21768886,0.28584877,3.8438916,11.5360365,-2.377494,-0.31417933,-2.3511608,-0.080397286,1
15.0,15,-1.419447,-1.575763,0.1406382,-2.520413,0.32305986,-1.6206951,-0.16697523,-0.42277643,-2.1734543,-0.19848356,-1.7574319,-2.507827,-0.21759702,0.2858145,3.8435912,11.536021,-2.3774939,-0.31416076,-2.3510416,-0.08038629,1
15.0,15,-1.4194463,-1.5757663,0.14064169,-2.5204165,0.32303375,-1.6206964,-0.16697083,-0.42277792,-2.1734493,-0.19846952,-1.7574201,-2.507824,-0.21759453,0.28581056,3.843594,11.536016,-2.3774943,-0.31417474,-2.3510334,-0.08038812,1
0.0,0,11.10416,1.9368331,-0.18331173,-1.6106521,-0.63994575,-0.28796077,1.0709627,-1.0706992,3.148755,-2.020833,-1.3942889,-2.6698427,0.5037834,-1.0379535,-3.2562551,-3.467613,-0.9752107,-2.5696352,-3.0138988,-2.8771703,1
0.0,0,11.10425,1.9375551,-0.18325794,-1.6106628,-0.6400074,-0.28799194,1.0711181,-1.0705414,3.1486123,-2.0208006,-1.3944691,-2.6700962,0.5035307,-1.0379175,-3.256309,-3.467701,-0.9752301,-2.5696943,-3.0138962,-2.877349,1
0.0,0,11.104359,1.9396036,-0.18334416,-1.6107858,-0.64017045,-0.28801444,1.071636,-1.0699273,3.148585,-2.0205383,-1.3950572,-2.670874,0.50255996,-1.0379099,-3.2564325,-3.4680567,-0.9753462,-2.569952,-3.013861,-2.8777425,1
0.0,0,11.104575,1.9404114,-0.18327655,-1.6108011,-0.6401595,-0.28798681,1.071796,-1.0697147,3.1482363,-2.0205746,-1.3951304,-2.6711595,0.50203115,-1.0377939,-3.2564478,-3.4681168,-0.97535926,-2.5700066,-3.0138566,-2.8778622,1
0.0,0,11.1042795,1.9377848,-0.18324648,-1.6106629,-0.6400225,-0.28799596,1.0711895,-1.0704781,3.1485598,-2.0207877,-1.3945262,-2.670174,0.5034372,-1.0379224,-3.25633,-3.4677327,-0.97523886,-2.5697098,-3.013894,-2.877418,1
0.0,0,11.104408,1.9382488,-0.18317267,-1.6106772,-0.6400321,-0.28801388,1.0712382,-1.0704217,3.1483622,-2.0208542,-1.3945769,-2.6703494,0.5032213,-1.0377982,-3.2563334,-3.4677482,-0.9752503,-2.5697484,-3.0138798,-2.8774488,1
14.0,14,-2.9352148,1.032999,-1.4911171,-1.6783309,-0.5575428,0.4998425,-2.5000746,-1.5823244,-0.32424662,1.1682254,0.23023246,0.46233547,-1.4059181,-0.6325581,12.463177,2.656305,-0.8762956,-1.4108762,-2.672332,0.8546666,1
14.0,14,-2.935207,1.0332558,-1.4912534,-1.6783987,-0.55733395,0.5000748,-2.4999316,-1.5823992,-0.32411692,1.1674614,0.23045509,0.46243083,-1.4061913,-0.632692,12.463311,2.6563013,-0.8764548,-1.4108931,-2.6723197,0.8546964,1
14.0,14,-2.9352386,1.0366473,-1.4927037,-1.6791832,-0.5544625,0.5029299,-2.4979613,-1.5831947,-0.32308474,1.1582197,0.23241,0.46362925,-1.4093773,-0.6344774,12.464993,2.6563854,-0.878125,-1.4111984,-2.6716106,0.8549012,1
14.0,14,-2.9352736,1.0375329,-1.4930452,-1.6793598,-0.5536913,0.5036724,-2.4974236,-1.5833368,-0.32301256,1.1559494,0.23278163,0.46390808,-1.4101228,-0.6349501,12.465419,2.6564598,-0.8785038,-1.4113152,-2.6712954,0.85489315,1
14.0,14,-2.935202,1.0331329,-1.4912517,-1.6783864,-0.55743724,0.5000324,-2.5000088,-1.5823208,-0.32418022,1.1677057,0.23045371,0.46237797,-1.4060879,-0.6326434,12.46327,2.6563635,-0.87645584,-1.4109141,-2.6723542,0.8546849,1
14.0,14,-2.9352355,1.0335608,-1.4913238,-1.6783838,-0.5570409,0.50035095,-2.4997265,-1.5824533,-0.32427683,1.1668909,0.23046432,0.46247548,-1.4063942,-0.63281476,12.463407,2.6562247,-0.8764618,-1.4109242,-2.6720626,0.8546196,1
7.0,7,-0.20744452,-0.38770485,-1.7235018,-2.1704822,1.4602269,0.5282467,1.7256132,12.506122,-1.3688215,-0.65469676,-0.20544387,0.12513079,-1.0395669,-1.0339453,-2.0167155,-1.2624611,-2.3251464,-2.953702,-2.6085165,-3.2514572,1
7.0,7,-0.2074444,-0.38770792,-1.7235165,-2.1704729,1.4601505,0.52825,1.7255876,12.506114,-1.3687781,-0.65469223,-0.20539193,0.12516598,-1.0395563,-1.0339562,-2.0166721,-1.2625357,-2.3251362,-2.953688,-2.6085403,-3.251435,1
7.0,7,-0.2074601,-0.38756362,-1.7236618,-2.1704633,1.4596372,0.5283494,1.7250074,12.506033,-1.3685906,-0.65465087,-0.20519195,0.12541446,-1.0394793,-1.0340241,-2.0161128,-1.2627598,-2.325031,-2.9535909,-2.6086986,-3.251064,1
7.0,7,-0.20746952,-0.3875745,-1.723552,-2.1704266,1.4598696,0.5282091,1.7256322,12.506118,-1.3686911,-0.65470487,-0.20530637,0.12524042,-1.0395471,-1.0339868,-2.0165696,-1.2628138,-2.325044,-2.953637,-2.6085267,-3.2513385,1
7.0,7,-0.20745474,-0.3876769,-1.7234942,-2.1704454,1.4601711,0.5281997,1.7257738,12.506141,-1.3687885,-0.6547077,-0.20541073,0.12513037,-1.039576,-1.0339509,-2.0167952,-1.2626306,-2.3251112,-2.9536722,-2.6084902,-3.251479,1
7.0,7,-0.20745695,-0.38764668,-1.7235069,-2.170455,1.4601622,0.528222,1.7256844,12.506139,-1.3688004,-0.6547074,-0.20543256,0.12514086,-1.0395736,-1.0339513,-2.01673,-1.2625881,-2.325103,-2.9536707,-2.6084971,-3.2514346,1
8.0,8,-1.7830406,-2.8511026,-0.4805663,-2.440337,-1.0982149,-0.24754426,-0.86308765,-1.1951574,12.061791,1.826962,-2.445348,-0.69812936,-0.2772719,-1.5834726,-0.6039548,-2.6940064,-1.8502884,-2.2665696,0.94380766,4.4116697,1
8.0,8,-1.7831701,-2.8507862,-0.48176202,-2.4402063,-1.0979848,-0.24787876,-0.86286783,-1.1951764,12.061258,1.827476,-2.445163,-0.69809544,-0.27778965,-1.583434,-0.6038105,-2.6935284,-1.850003,-2.2669525,0.9438915,4.4141684,1
8.0,8,-1.7839844,-2.8501203,-0.48367625,-2.4401987,-1.0975538,-0.24843311,-0.86310524,-1.1955675,12.060425,1.8290215,-2.4448729,-0.6979907,-0.2789408,-1.5834882,-0.6033771,-2.69244,-1.8495076,-2.267316,0.9449233,4.418254,1
8.0,8,-1.7847182,-2.8505774,-0.48059198,-2.4410276,-1.0984366,-0.24860257,-0.8634832,-1.1959697,12.061766,1.8273492,-2.4459388,-0.6987429,-0.2757602,-1.5820293,-0.60343385,-2.6927693,-1.8515549,-2.2685335,0.9466154,4.4156184,1
8.0,8,-1.7834047,-2.8507688,-0.48139578,-2.4403417,-1.0981302,-0.24794254,-0.86300844,-1.1952547,12.061403,1.8273919,-2.4453323,-0.69820964,-0.2773764,-1.5831057,-0.60374933,-2.6934752,-1.8503118,-2.2672334,0.9441985,4.4141726,1
8.0,8,-1.7834809,-2.8511295,-0.48065254,-2.4405928,-1.0983876,-0.24801683,-0.8628414,-1.1952049,12.061766,1.8268166,-2.44552,-0.6984456,-0.276402,-1.5828435,-0.60389245,-2.6936972,-1.8508643,-2.2675576,0.94469357,4.413483,1
11.0,11,-1.0854937,-3.2272985,-1.6071246,2.0934355,-2.1312149,1.3372053,-1.8162445,-0.0007280186,-0.6263564,-1.5121737,-0.94703186,12.082825,0.34469175,-1.4316559,-0.86035305,-1.7559751,7.5295787,0.9312019,-3.2750902,-0.485695,1
11.0,11,-1.0854903,-3.2272937,-1.6071141,2.093433,-2.131214,1.3372097,-1.8162514,-0.0007203985,-0.6263557,-1.5121714,-0.94703877,12.08281,0.34469178,-1.4316547,-0.8603538,-1.755979,7.529602,0.93118674,-3.275094,-0.4856979,1
11.0,11,-1.0854787,-3.2273111,-1.6070757,2.0935097,-2.1312108,1.3372152,-1.8162401,-0.000696145,-0.62636536,-1.51218,-0.947051,12.082805,0.34468234,-1.4316946,-0.8603391,-1.7559775,7.529574,0.931127,-3.2751102,-0.48568124,1
11.0,11,-1.0854868,-3.2273204,-1.6070845,2.0935054,-2.1312106,1.3372104,-1.8162353,-0.0006931238,-0.6263702,-1.5121851,-0.9470358,12.082828,0.34469208,-1.4316959,-0.86033624,-1.7559729,7.5295467,0.93113464,-3.2751017,-0.4856724,1
11.0,11,-1.0854907,-3.2272947,-1.6071159,2.0934358,-2.1312141,1.3372115,-1.8162504,-0.00072015077,-0.62635636,-1.5121716,-0.94703704,12.082811,0.3446883,-1.4316565,-0.8603533,-1.7559797,7.529599,0.93118894,-3.2750936,-0.48569778,1
11.0,11,-1.0854931,-3.2273045,-1.6071227,2.0934477,-2.1312146,1.3372064,-1.8162416,-0.0007231217,-0.626357,-1.5121754,-0.94703037,12.082831,0.34469453,-1.4316596,-0.86035234,-1.7559747,7.52956,0.93119603,-3.2750907,-0.48569155,1
17.0,17,-3.212276,0.04415667,-1.6663731,-1.5016952,-0.7266146,1.8042363,-3.2265682,-2.793182,-1.6832309,-0.62922627,0.48391595,1.3049178,-0.4988567,2.0013072,1.6788198,-0.38429892,2.1800942,11.827956,-2.3759823,-1.899406,1
17.0,17,-3.212279,0.044156898,-1.6663734,-1.5016972,-0.72662103,1.8042326,-3.226568,-2.7931821,-1.6832311,-0.629222,0.48391744,1.3049198,-0.49885136,2.0013113,1.6788187,-0.38429785,2.1800911,11.827958,-2.3759816,-1.8994077,1
17.0,17,-3.2122781,0.0441352,-1.6663641,-1.5017029,-0.72660947,1.804268,-3.2265694,-2.793165,-1.6832188,-0.6292273,0.4838936,1.3049111,-0.49884534,2.0013165,1.678769,-0.38428676,2.1800685,11.827968,-2.37597,-1.8994204,1
17.0,17,-3.2122796,0.044126283,-1.6663562,-1.5017035,-0.7266195,1.8042454,-3.2265694,-2.7931614,-1.6832234,-0.6292114,0.48389223,1.3049074,-0.49882287,2.00132,1.6787584,-0.38427815,2.1800675,11.8279705,-2.3759675,-1.8994255,1
17.0,17,-3.2122743,0.044151504,-1.6663724,-1.5016948,-0.7266025,1.8042543,-3.2265666,-2.7931776,-1.6832256,-0.62923354,0.48390594,1.3049133,-0.4988637,2.0013063,1.6788064,-0.3842973,2.1800923,11.827959,-2.37598,-1.8994076,1
17.0,17,-3.212274,0.0441595,-1.6663768,-1.501693,-0.7266027,1.8042521,-3.2265658,-2.7931845,-1.6832286,-0.62923735,0.48391357,1.3049166,-0.49887216,2.001304,1.6788216,-0.38430333,2.180097,11.827954,-2.3759835,-1.8994029,1
16.0,16,0.062144957,-1.5325103,-0.87575084,1.9023279,-0.4996395,0.6289514,-1.7181361,-1.2467914,-0.954376,-1.1267165,0.46656168,2.598714,-0.9529823,-3.0765572,-1.1794707,-1.7723663,11.954652,0.08628708,-2.2605193,0.93436193,1
16.0,16,0.062159292,-1.5325257,-0.87574005,1.9023311,-0.49963474,0.6288968,-1.7180942,-1.2467567,-0.95437884,-1.1266831,0.46668643,2.5985415,-0.95298713,-3.0765963,-1.17952,-1.7724074,11.954663,0.08637965,-2.260575,0.9341995,1
16.0,16,0.06212034,-1.5324477,-0.87569475,1.9024699,-0.49953234,0.6290264,-1.7181338,-1.2469343,-0.9546646,-1.1266696,0.46655315,2.5986505,-0.9529529,-3.0766144,-1.1794865,-1.7722715,11.954729,0.08652362,-2.2605631,0.93412834,1
16.0,16,0.062219106,-1.5323946,-0.87571084,1.9022664,-0.49965,0.6290083,-1.7179614,-1.2468959,-0.9542384,-1.1267806,0.46629587,2.5983875,-0.9530323,-3.0765254,-1.1794027,-1.7723544,11.954604,0.08637046,-2.2605355,0.9348409,1
16.0,16,0.062158547,-1.5325485,-0.87573445,1.9023525,-0.49962837,0.62886226,-1.7181082,-1.2467365,-0.954422,-1.126651,0.46678776,2.5985022,-0.95297,-3.0766215,-1.1795604,-1.772423,11.954682,0.08642002,-2.2605891,0.9340113,1
16.0,16,0.06215208,-1.532478,-0.8757459,1.9023185,-0.49964476,0.6290051,-1.7181416,-1.2468375,-0.95434344,-1.1267502,0.4664115,2.5987785,-0.95298547,-3.0765176,-1.179423,-1.772335,11.954633,0.08622655,-2.2604804,0.93456745,1
19.0,19,-1.1228696,-2.1668587,0.12055281,-0.10681434,-0.09001808,-1.64739,1.0291342,-3.367461,1.4431605,-0.18579352,-1.3915813,0.56538093,-0.035260156,-0.50316715,-0.20955603,0.75524086,1.3454154,2.460787,0.031027716,11.71871,1
19.0,19,-1.1228389,-2.1668046,0.120530576,-0.10676014,-0.09004235,-1.6474411,1.0293498,-3.3675466,1.4430803,-0.18591072,-1.3915175,0.5653592,-0.035316646,-0.5032113,-0.20958437,0.7552342,1.3454423,2.4607105,0.031207189,11.718732,1
19.0,19,-1.1227467,-2.1672075,0.12053493,-0.10743713,-0.089653775,-1.6470795,1.0266616,-3.3663483,1.4443545,-0.1844306,-1.3918784,0.5656056,-0.035241336,-0.5029039,-0.20879363,0.7555333,1.3442016,2.4591687,0.030694291,11.720135,1
19.0,19,-1.12268,-2.1676612,0.120626464,-0.107943356,-0.089209184,-1.6469588,1.0238173,-3.3651292,1.4456918,-0.18284163,-1.3920026,0.5654816,-0.034976915,-0.50251657,-0.20801812,0.755825,1.3423705,2.457647,0.030281126,11.721661,1
19.0,19,-1.1227725,-2.166914,0.12050286,-0.10706067,-0.0899082,-1.6473243,1.0284518,-3.367114,1.4435469,-0.18539199,-1.3916285,0.5654251,-0.035348833,-0.5031148,-0.20927848,0.75537384,1.3449253,2.460007,0.031190004,11.719338,1
19.0,19,-1.1228629,-2.1668782,0.12053543,-0.106908105,-0.089982346,-1.6473217,1.0289583,-3.367347,1.4432437,-0.18567362,-1.3916377,0.5653991,-0.035298467,-0.5031388,-0.20949571,0.75527143,1.3453728,2.460706,0.030946292,11.718784,1
17.0,17,-0.8668318,0.09886455,-0.3164614,-0.97630733,-0.88153493,-1.7872031,-1.073775,-0.11918995,-2.6471734,-0.90483224,0.9696745,-0.5475342,0.0441816,0.48370346,-1.7256333,-0.65187716,2.0861537,11.679863,-1.8967671,-0.5934238,1
17.0,17,-0.8668371,0.09881007,-0.31640765,-0.976267,-0.88137347,-1.7871985,-1.073802,-0.119121715,-2.6471372,-0.90481675,0.96961725,-0.5476692,0.044229984,0.48368993,-1.7256302,-0.65186197,2.0862162,11.679885,-1.8970271,-0.5936346,1
17.0,17,-0.8667795,0.09886263,-0.31632078,-0.9759377,-0.880926,-1.787198,-1.0740225,-0.119304985,-2.6471846,-0.90483826,0.9696413,-0.548125,0.044231176,0.4834763,-1.7256497,-0.6519583,2.0870762,11.679925,-1.897591,-0.5941194,1
17.0,17,-0.86679685,0.09884008,-0.3163105,-0.9759531,-0.8809707,-1.7871975,-1.0739396,-0.11929932,-2.6471653,-0.90484947,0.96954197,-0.54808426,0.044262692,0.48349807,-1.7256852,-0.65190196,2.0870168,11.679937,-1.8975227,-0.59419096,1
17.0,17,-0.8668602,0.09878619,-0.3164335,-0.97632897,-0.8814048,-1.7871933,-1.0737855,-0.11908619,-2.6471317,-0.90478605,0.969651,-0.54763263,0.044214845,0.48375282,-1.7256029,-0.65183425,2.0860245,11.67989,-1.8969887,-0.5935322,1
17.0,17,-0.8668345,0.09888073,-0.31645793,-0.97626317,-0.8814812,-1.7871934,-1.0737953,-0.119261876,-2.6471963,-0.90483356,0.969671,-0.54759395,0.044166833,0.48369363,-1.7256415,-0.6518616,2.0862567,11.67988,-1.8967834,-0.59348035,1
15.0,15,-1.5495499,-0.6784548,-1.4496185,-3.1649446,0.8665779,-1.1964691,0.115633234,1.2426676,-2.2184196,-0.08576298,-1.5477314,-2.070836,-0.53315437,-1.0105854,5.3541255,11.247636,-2.9987397,-3.2777274,-1.2557846,1.0592963,1
15.0,15,-1.5495723,-0.6784247,-1.4496672,-3.1649778,0.8665824,-1.1964669,0.115637355,1.2427042,-2.2184186,-0.085754246,-1.5476859,-2.0708418,-0.5331877,-1.0106066,5.354197,11.247607,-2.9987748,-3.277754,-1.2557658,1.0593628,1
15.0,15,-1.5504817,-0.6771985,-1.4499714,-3.1651819,0.86682886,-1.1957394,0.115086325,1.2420528,-2.218674,-0.08641119,-1.5473421,-2.0702615,-0.5336448,-1.0109233,5.3577266,11.247429,-2.9992082,-3.2783313,-1.2558043,1.0585022,1
15.0,15,-1.5504907,-0.677048,-1.4499658,-3.1651766,0.8668535,-1.1957105,0.11516095,1.2421368,-2.2187338,-0.08659442,-1.5474304,-2.0703077,-0.53369474,-1.0108982,5.3575907,11.247457,-2.9991791,-3.2782784,-1.255695,1.0584159,1
15.0,15,-1.5494949,-0.6783935,-1.4496114,-3.1649265,0.8666324,-1.19646,0.115748435,1.2428077,-2.218448,-0.08592368,-1.5478597,-2.0708916,-0.5331715,-1.010564,5.353898,11.247646,-2.9987204,-3.27771,-1.2557274,1.0592728,1
15.0,15,-1.5496285,-0.6782623,-1.4496105,-3.1649244,0.8666778,-1.1963366,0.115639925,1.2426271,-2.2184746,-0.08600937,-1.5478318,-2.0707662,-0.533199,-1.0106072,5.3544974,11.24763,-2.9987748,-3.277806,-1.255803,1.0590758,1
6.0,6,-0.7573419,-1.3987306,-1.8231844,-1.2300175,-1.1453371,-1.1890379,13.078669,2.9136674,-1.276075,-2.3185294,0.28556758,0.52157027,-2.2732713,-0.8864263,-2.8870893,-0.9834055,-0.7975672,-0.25566357,0.24285212,0.16132398,1
6.0,6,-0.75657,-1.3978236,-1.8230375,-1.2298509,-1.1448324,-1.1893867,13.079291,2.9175122,-1.2769692,-2.3187523,0.2844722,0.5216361,-2.2727284,-0.886237,-2.8874965,-0.98408234,-0.79795945,-0.25764057,0.24106501,0.15995434,1
6.0,6,-0.7585478,-1.3987814,-1.8229004,-1.2289935,-1.1451237,-1.1892686,13.078907,2.9124212,-1.2794614,-2.3178842,0.28622457,0.52148104,-2.2720542,-0.88584805,-2.886426,-0.9811713,-0.7977752,-0.25405535,0.24269375,0.16315696,1
6.0,6,-0.75867987,-1.3983539,-1.8235413,-1.229089,-1.1451886,-1.1895111,13.078964,2.912252,-1.280583,-2.317965,0.2869775,0.5221525,-2.2718189,-0.88598293,-2.886249,-0.98087484,-0.7976882,-0.25381458,0.24290435,0.1631457,1
6.0,6,-0.75657195,-1.3978488,-1.8230633,-1.2298559,-1.1448144,-1.189379,13.079291,2.9175823,-1.2770472,-2.3187127,0.28452447,0.52156997,-2.2727315,-0.8862074,-2.887505,-0.98402506,-0.7980128,-0.25756955,0.24097824,0.16001041,1
6.0,6,-0.7575076,-1.398425,-1.8230594,-1.2297516,-1.1453687,-1.1892128,13.07886,2.9136462,-1.2765554,-2.3186407,0.28535903,0.52204734,-2.2729008,-0.8865186,-2.8868876,-0.9833974,-0.7973313,-0.2561412,0.24309717,0.16127053,1
11.0,11,-1.3663154,-3.185457,-3.3187997,0.7713882,-2.3141215,0.495751,-1.0916415,0.4532791,0.44975492,-0.9920433,2.5320163,13.249873,-1.0212406,-2.3373816,-0.37169152,-1.1916959,1.7049292,1.0285789,-1.8802489,1.6393028,1
11.0,11,-1.3663169,-3.1854599,-3.3187888,0.7714309,-2.3141217,0.49575928,-1.0916477,0.4532843,0.44975227,-0.9920552,2.5319662,13.249873,-1.0212224,-2.3373759,-0.37170446,-1.1916878,1.7049428,1.0285711,-1.8802572,1.6392919,1
11.0,11,-1.3663249,-3.1854265,-3.3187559,0.7712985,-2.3141603,0.49580085,-1.0916159,0.45327035,0.44978815,-0.9920848,2.531923,13.249922,-1.021232,-2.3373277,-0.37164685,-1.191754,1.7049526,1.0286433,-1.880244,1.6392508,1
11.0,11,-1.3663224,-3.1854076,-3.3186681,0.7712272,-2.314223,0.49586806,-1.0916111,0.45322815,0.44987115,-0.99211115,2.5317614,13.249994,-1.0211976,-2.337238,-0.37159115,-1.1918652,1.7049739,1.0287251,-1.8802539,1.6391363,1
11.0,11,-1.3663183,-3.1854525,-3.3187878,0.7714116,-2.3141274,0.495759,-1.091636,0.45328107,0.4497502,-0.99206436,2.5319762,13.249881,-1.0212277,-2.3373756,-0.3716908,-1.1916971,1.7049513,1.0285717,-1.8802538,1.6392944,1
11.0,11,-1.3663192,-3.185448,-3.3187973,0.7713738,-2.3141277,0.4957531,-1.0916275,0.45327887,0.44974965,-0.99205995,2.532019,13.249884,-1.0212439,-2.3373802,-0.3716796,-1.1917024,1.7049428,1.0285803,-1.8802444,1.6393045,1
2.0,2,-1.456088,-1.0968275,12.132101,1.5617098,-0.28525388,-2.1651487,-1.3404738,-1.302668,1.9433986,-0.64571166,-3.2077086,-2.580407,0.8236478,0.39319947,0.4421003,-0.22199133,-0.7926572,-0.4760782,-1.9746894,-1.2295164,1
2.0,2,-1.4561663,-1.096756,12.132037,1.5619586,-0.28521675,-2.165176,-1.3405304,-1.3027194,1.9432607,-0.6457344,-3.2076895,-2.5804708,0.8236047,0.39329645,0.4421544,-0.22193678,-0.79263455,-0.47614968,-1.974691,-1.2294164,1
2.0,2,-1.4565871,-1.0962176,12.131771,1.5634805,-0.28501517,-2.165289,-1.3408141,-1.3029382,1.9425142,-0.64600074,-3.2076747,-2.580761,0.8233769,0.39351094,0.4422946,-0.22158153,-0.7924665,-0.4767189,-1.9744881,-1.2285128,1
2.0,2,-1.4559107,-1.0964451,12.13212,1.5632396,-0.2848124,-2.1653755,-1.3400328,-1.3032123,1.9424728,-0.6465517,-3.2076685,-2.5806122,0.82375467,0.39226487,0.4418556,-0.22177657,-0.7921512,-0.4760725,-1.9741591,-1.2290329,1
2.0,2,-1.4562025,-1.0967419,12.132028,1.561963,-0.28523463,-2.1651719,-1.34057,-1.3026958,1.9432728,-0.64570403,-3.2076976,-2.5804758,0.82359654,0.39334705,0.44217223,-0.22192949,-0.79265434,-0.4761976,-1.974693,-1.2293755,1
2.0,2,-1.4562421,-1.0967337,12.131988,1.5620489,-0.28523266,-2.1651928,-1.340592,-1.3027207,1.9432043,-0.6456922,-3.2076774,-2.5805223,0.8235966,0.3934979,0.44217312,-0.22192276,-0.79266816,-0.4761675,-1.9747559,-1.2294129,1
12.0,12,-0.9885761,-3.7447023,1.4370369,-1.1576853,-2.4966094,-3.9248412,-1.2267313,-1.1955934,2.7071974,1.3490463,-2.2842617,-0.59609514,12.777845,2.3932254,-2.8399444,-0.8209103,-0.8239075,-1.5037878,-0.6298378,-3.2639115,1
12.0,12,-0.98856413,-3.744698,1.4370378,-1.1576744,-2.4965994,-3.9248433,-1.2267122,-1.1955926,2.7071643,1.3489807,-2.2842467,-0.59609145,12.777855,2.3931737,-2.8399382,-0.820885,-0.82392335,-1.5037973,-0.62977374,-3.2638872,1
12.0,12,-0.9885872,-3.7447374,1.4371783,-1.1576283,-2.4965322,-3.9248557,-1.2266963,-1.1955645,2.707056,1.3488107,-2.2842574,-0.59608316,12.777869,2.3929253,-2.83997,-0.8207662,-0.8238825,-1.5038443,-0.6294868,-3.2638447,1
12.0,12,-0.9884764,-3.7439437,1.4372929,-1.1573751,-2.4965816,-3.9245613,-1.22646,-1.1952947,2.7049096,1.3476703,-2.2845943,-0.59601545,12.778199,2.3942707,-2.8398457,-0.82051,-0.8233388,-1.5033774,-0.6297213,-3.2637289,1
12.0,12,-0.9885677,-3.7447329,1.437035,-1.157684,-2.4965947,-3.9248557,-1.2267172,-1.1956043,2.7072535,1.3490154,-2.2842295,-0.59609324,12.777844,2.3931043,-2.8399415,-0.8208905,-0.82394993,-1.5038192,-0.6297512,-3.2638874,1
12.0,12,-0.9885405,-3.744547,1.4370528,-1.1576357,-2.4966044,-3.924778,-1.2266562,-1.1955321,2.706785,1.3487325,-2.284323,-0.5961025,12.777922,2.3934336,-2.8399096,-0.82083404,-0.82384974,-1.5037178,-0.62981033,-3.2638547,1
7.0,7,-0.70767564,-0.22409725,-1.5102049,-1.5058739,1.8379592,1.3556232,7.3219023,11.786761,-2.2252014,-2.6750672,-2.020719,0.26767045,-0.9217696,-1.4596189,-1.3906746,-1.4994572,-2.5661874,-3.831164,-2.4351454,-2.72219,1
7.0,7,-0.707682,-0.2240712,-1.5101999,-1.5058956,1.837935,1.355556,7.3219213,11.786755,-2.2251976,-2.6750598,-2.020709,0.26768184,-0.9217862,-1.4596034,-1.3906212,-1.4994444,-2.566183,-3.8311987,-2.4351277,-2.7222445,1
7.0,7,-0.70771354,-0.22390366,-1.5103362,-1.5060309,1.8380619,1.3558048,7.3205442,11.787181,-2.2249603,-2.6748512,-2.0206301,0.26784688,-0.9218837,-1.45951,-1.3900871,-1.4996885,-2.5662224,-3.8311448,-2.4353697,-2.7220588,1
7.0,7,-0.7076633,-0.2239905,-1.510253,-1.5059102,1.8383106,1.3559086,7.321087,11.786978,-2.2251146,-2.6750245,-2.0207362,0.26769066,-0.9218405,-1.459638,-1.3905007,-1.4996287,-2.5662117,-3.8311584,-2.435171,-2.7222297,1
7.0,7,-0.70766497,-0.22408867,-1.5101813,-1.5058606,1.8379936,1.3555737,7.322054,11.78671,-2.2252223,-2.6750937,-2.0207229,0.26764005,-0.92177963,-1.4596382,-1.3907424,-1.499463,-2.566162,-3.8311942,-2.4350817,-2.7222764,1
7.0,7,-0.7076767,-0.22406021,-1.5102084,-1.5058712,1.8379674,1.355627,7.3218737,11.786765,-2.225192,-2.675059,-2.0207098,0.26767558,-0.9217875,-1.4596268,-1.3906685,-1.4995105,-2.5661576,-3.8311672,-2.4351273,-2.7222006,1
16.0,16,0.084434114,-0.9209556,0.5858646,1.6164836,-0.7706387,-1.030216,-1.9192042,-1.9316617,-1.9618239,-0.33155546,-0.30117226,-0.2785365,1.9219747,-1.1414124,-2.6217413,-1.426905,11.449964,2.6525586,-2.6947434,-1.4290391,1
16.0,16,0.084512286,-0.92103976,0.5856267,1.616257,-0.7705966,-1.0304084,-1.9191401,-1.9316901,-1.9617796,-0.33152717,-0.30086628,-0.2784966,1.9219989,-1.1415039,-2.6215568,-1.4268805,11.449975,2.6523404,-2.6946976,-1.4289341,1
16.0,16,0.08432267,-0.92095166,0.58622384,1.6168123,-0.7707509,-1.0300264,-1.9192833,-1.931571,-1.9618862,-0.3316204,-0.30180898,-0.27858612,1.922458,-1.1409633,-2.6220708,-1.4269853,11.449817,2.6525524,-2.6948054,-1.4292821,1
16.0,16,0.08500656,-0.9214584,0.5841872,1.6144855,-0.7703067,-1.0315601,-1.9187299,-1.9319674,-1.9615071,-0.33128193,-0.29887447,-0.2784695,1.9217793,-1.1423246,-2.6204128,-1.4265184,11.450047,2.6515343,-2.6941392,-1.4283512,1
16.0,16,0.084735475,-0.92123157,0.58492684,1.6157117,-0.770455,-1.0308381,-1.9189798,-1.9317857,-1.961638,-0.3314517,-0.29992574,-0.2783131,1.9217114,-1.1419115,-2.6209903,-1.4268265,11.45015,2.6518002,-2.6946127,-1.4285705,1
16.0,16,0.08474394,-0.92125756,0.58497596,1.6157696,-0.77048546,-1.0308263,-1.9189814,-1.9317365,-1.9616332,-0.33146334,-0.30008197,-0.27831614,1.9219213,-1.141738,-2.6210647,-1.426884,11.4501,2.6516697,-2.694652,-1.4286264,1
14.0,14,-4.0443254,1.9873489,-1.4738182,-3.3467846,0.69213545,2.321133,-2.3600147,-2.243434,-0.5113759,-1.6893526,1.7837058,-0.6274446,-2.9434624,-2.2406402,11.730683,4.652449,-2.2707014,1.1358819,-1.4534817,0.11271026,1
14.0,14,-4.0443964,1.9872942,-1.4738568,-3.3468306,0.69208825,2.3210883,-2.360046,-2.2434359,-0.5114445,-1.689303,1.7838235,-0.6274695,-2.9434412,-2.2406487,11.730585,4.652637,-2.2708056,1.1360196,-1.4534252,0.112714715,1
14.0,14,-4.044667,1.9868019,-1.4738824,-3.3475204,0.6908312,2.3196278,-2.36021,-2.2439125,-0.5116694,-1.688035,1.785026,-0.62795335,-2.9429984,-2.2398431,11.730333,4.653587,-2.271745,1.1373723,-1.4532696,0.11309048,1
14.0,14,-4.0443974,1.987575,-1.4742384,-3.34674,0.69197214,2.3209696,-2.3596094,-2.2423825,-0.51157624,-1.690048,1.7837077,-0.62575793,-2.9434006,-2.2409775,11.730709,4.6529355,-2.2713845,1.1344228,-1.4533014,0.113049485,1
14.0,14,-4.04429,1.987546,-1.4739256,-3.3465285,0.6926835,2.3217711,-2.359912,-2.2430363,-0.51137835,-1.6900094,1.7832952,-0.626991,-2.9436467,-2.2411005,11.730684,4.65228,-2.2704978,1.1351706,-1.4534463,0.11258029,1
14.0,14,-4.044192,1.9875454,-1.4738463,-3.3464935,0.69289804,2.3219159,-2.3599002,-2.2430525,-0.5112748,-1.6900862,1.7830521,-0.62713647,-2.9436665,-2.24112,11.730811,4.652118,-2.2703552,1.1349875,-1.4534955,0.11251817,1
8.0,9,-2.4028776,-2.6685052,0.53346705,-2.2879975,-3.8564992,-2.2716694,-3.203237,0.90820986,4.729937,11.3999,-2.3600028,-2.094119,4.147299,0.8040164,-2.8375092,-0.9392921,-1.01158,-1.8082902,1.218556,1.2104522,0
8.0,9,-2.402934,-2.6684854,0.5334893,-2.2880104,-3.8564975,-2.2716138,-3.2032518,0.90820396,4.7299023,11.399848,-2.360098,-2.0941465,4.1474338,0.8041261,-2.8375678,-0.9392609,-1.0116249,-1.808292,1.2186112,1.2104242,0
8.0,9,-2.4030843,-2.6681962,0.53359073,-2.2878697,-3.8565161,-2.2714822,-3.2032747,0.9082876,4.7289968,11.399676,-2.3606164,-2.0943465,4.1483693,0.80503225,-2.8379388,-0.9389203,-1.0117661,-1.8081067,1.218373,1.2102015,0
8.0,9,-2.4032536,-2.6680696,0.53367656,-2.2878351,-3.8565464,-2.2712796,-3.2033248,0.90837014,4.728555,11.399501,-2.3609815,-2.0944378,4.1489916,0.8055934,-2.8381686,-0.9387581,-1.0119102,-1.8080622,1.2183692,1.2100435,0
8.0,9,-2.402944,-2.6684647,0.5334976,-2.2879963,-3.8564954,-2.2716079,-3.2032518,0.90821785,4.7298098,11.399834,-2.3601372,-2.0941598,4.147519,0.8042007,-2.8375912,-0.93923306,-1.0116391,-1.8082913,1.2185973,1.210432,0
8.0,9,-2.4030263,-2.6685429,0.53350693,-2.2880812,-3.856529,-2.2714734,-3.2032945,0.90820897,4.730087,11.399779,-2.3601365,-2.0941188,4.1474323,0.8041143,-2.8375816,-0.93931746,-1.0116814,-1.808332,1.2187835,1.2103603,0
6.0,6,-0.7689654,0.15069303,-0.56191206,0.31784192,0.2764893,-1.7281682,11.460427,7.416067,-2.0369496,-2.8386207,-1.7317964,-0.9375139,-0.9170356,-0.41158098,-2.9781508,-1.9034797,-1.6782907,-2.4266288,-2.3353472,0.6784724,1
6.0,6,-0.76893574,0.1508775,-0.56207,0.3178754,0.27621967,-1.7280931,11.460692,7.415293,-2.0369911,-2.838744,-1.7316477,-0.93743753,-0.91721344,-0.41141158,-2.9781127,-1.903436,-1.6781939,-2.4268663,-2.3347666,0.6794486,1
6.0,6,-0.77071685,0.15127185,-0.5641419,0.32114714,0.27526373,-1.7284088,11.458297,7.41004,-2.0365515,-2.8393736,-1.731473,-0.9374373,-0.91823,-0.41011205,-2.9762812,-1.9031776,-1.6766355,-2.4230077,-2.336043,0.6931291,1
6.0,6,-0.7697069,0.1516012,-0.5631336,0.3198746,0.27556974,-1.7283088,11.460039,7.411315,-2.0369198,-2.8392391,-1.7315962,-0.93753326,-0.9178531,-0.41082513,-2.9772716,-1.9033637,-1.6769452,-2.425089,-2.3347042,0.68689567,1
6.0,6,-0.7690238,0.15098184,-0.56218916,0.31815967,0.27608436,-1.7281659,11.460679,7.4145365,-2.0369692,-2.8388388,-1.731608,-0.93747085,-0.9173131,-0.41131374,-2.9779935,-1.9034067,-1.6780168,-2.426669,-2.3346035,0.6806907,1
6.0,6,-0.7694861,0.15064728,-0.56273985,0.31800643,0.27597564,-1.727625,11.459364,7.416224,-2.0368152,-2.8385963,-1.7315903,-0.9371291,-0.91747403,-0.41089958,-2.977601,-1.9034013,-1.6784143,-2.4262629,-2.3358293,0.68132293,1
10.0,10,-1.7754523,-3.0056522,-3.6528149,-0.34358662,0.0021902472,-2.2613628,0.5051296,0.26851845,-2.4896061,1.6370018,11.442295,-0.38256788,-1.7828155,-2.1695035,-0.32429072,1.0621527,-1.6226261,0.15997292,0.37125528,2.0032072,1
10.0,10,-1.7755008,-3.0056481,-3.6529164,-0.34350035,0.0020818263,-2.26124,0.50513506,0.26825643,-2.4896016,1.63685,11.4424715,-0.38229537,-1.7828856,-2.1694944,-0.32418555,1.0620195,-1.622538,0.1601167,0.37122795,2.0031343,1
10.0,10,-1.77587,-3.0055714,-3.6537123,-0.34283474,0.0012467578,-2.2603006,0.5052135,0.26619035,-2.4895735,1.6355798,11.443812,-0.3803364,-1.7833937,-2.169475,-0.32328779,1.0610765,-1.6219405,0.16118538,0.37115523,2.0022883,1
10.0,10,-1.775888,-3.0054846,-3.6538672,-0.3427346,0.0010907054,-2.2601755,0.50527036,0.2657818,-2.4895349,1.635282,11.44407,-0.3802969,-1.7834163,-2.1695602,-0.32300103,1.0610878,-1.6219835,0.16124675,0.37135297,2.001696,1
10.0,10,-1.7754875,-3.0056543,-3.6528788,-0.34352973,0.002122894,-2.2612817,0.5051328,0.26835537,-2.4896061,1.6369042,11.442404,-0.3823778,-1.7828596,-2.1694953,-0.32422978,1.0620593,-1.6225654,0.1600686,0.37123078,2.0031757,1
10.0,10,-1.775498,-3.0056229,-3.6529362,-0.3434911,0.0020632148,-2.2612317,0.5051505,0.26819798,-2.4895926,1.6367954,11.44251,-0.38234913,-1.7828732,-2.1695209,-0.32412452,1.0620525,-1.6225724,0.1601022,0.37129617,2.002972,1
5.0,5,-4.455963,0.55479544,-2.217001,-2.769811,3.0349412,11.555361,-2.1230044,0.31865752,0.40770584,-1.9993539,-2.8337562,-0.025384553,-4.722756,2.3658807,3.2448292,-0.29963377,0.23929934,2.7786999,-2.3007255,-1.3753465,1
5.0,5,-4.4559646,0.5548034,-2.2170026,-2.7698102,3.0349276,11.555364,-2.1229954,0.31865993,0.40770003,-1.9993504,-2.8337548,-0.025381565,-4.7227564,2.3658888,3.2448215,-0.2996434,0.23931117,2.7786882,-2.3007212,-1.3753442,1
5.0,5,-4.455969,0.55483985,-2.217012,-2.7698026,3.0348744,11.555394,-2.1229355,0.3186998,0.40765762,-1.9993434,-2.833753,-0.025369015,-4.722759,2.365923,3.244753,-0.29967394,0.23936053,2.778597,-2.300698,-1.3753434,1
5.0,5,-4.4559774,0.5548025,-2.2170093,-2.7698138,3.0349064,11.555369,-2.1229825,0.31866723,0.4076872,-1.9993479,-2.8337498,-0.02537673,-4.7227507,2.3659086,3.2448258,-0.29963443,0.23931469,2.7786565,-2.3007185,-1.3753345,1
5.0,5,-4.4559627,0.5547991,-2.2170005,-2.7698123,3.034939,11.555361,-2.1230078,0.31866026,0.40771094,-1.9993504,-2.8337576,-0.025384791,-4.722757,2.365882,3.2448397,-0.29963058,0.23928772,2.7786853,-2.3007262,-1.3753448,1
5.0,5,-4.4559608,0.55480254,-2.2170005,-2.769809,3.0349379,11.5553665,-2.1229994,0.3186683,0.40770686,-1.999351,-2.83376,-0.025384214,-4.722759,2.365884,3.244831,-0.29963207,0.23929046,2.7786684,-2.300724,-1.3753476,1
16.0,17,-1.1299714,-0.12632298,-0.7868367,0.14647314,0.7726349,-0.6447603,-1.5294793,-1.4687482,-3.6425815,-0.784711,1.2721158,0.26555175,-0.11299102,0.57648295,-2.3956738,-1.2881596,5.1443505,11.479461,-2.81146,-2.544535,0
16.0,17,-1.1299738,-0.1263214,-0.7868422,0.1464738,0.7726175,-0.6447648,-1.5294781,-1.468758,-3.6425805,-0.7847137,1.2721105,0.26556993,-0.112989746,0.5764832,-2.3956766,-1.2881534,5.14437,11.479458,-2.811454,-2.5445302,0
16.0,17,-1.1299763,-0.12629515,-0.7868993,0.14649086,0.7725031,-0.64477646,-1.5294355,-1.4688784,-3.6425676,-0.7847427,1.2720399,0.26567626,-0.11301569,0.5764691,-2.3956995,-1.2881176,5.1445813,11.479442,-2.811384,-2.5444794,0
16.0,17,-1.1299795,-0.12631094,-0.786875,0.14648215,0.7725489,-0.64477885,-1.5294434,-1.4688069,-3.6425807,-0.7847357,1.2720764,0.26564002,-0.11299832,0.5764712,-2.3956838,-1.2881341,5.1444845,11.479451,-2.811423,-2.5445027,0
16.0,17,-1.1299713,-0.12631774,-0.78684187,0.14647408,0.77261364,-0.6447689,-1.5294814,-1.4687662,-3.6425755,-0.7847121,1.2721043,0.2655707,-0.1129892,0.576485,-2.3956761,-1.2881517,5.1443715,11.479461,-2.8114517,-2.5445273,0
16.0,17,-1.129972,-0.12631872,-0.7868514,0.14647713,0.77260906,-0.6447597,-1.5294706,-1.4687741,-3.6425812,-0.7847153,1.2721075,0.26557267,-0.11299797,0.5764775,-2.39568,-1.2881552,5.144405,11.479453,-2.811445,-2.5445235,0
11.0,11,-0.37488365,-2.0574808,-3.0885448,7.108831,-2.4978144,-0.5418544,-2.7169516,-0.41165793,0.8150678,1.2549944,1.7619824,9.48152,-0.29674244,-0.9039681,-1.983935,-2.7377827,0.79384404,-0.47294402,-4.0546513,-0.16923074,1
11.0,11,-0.3748842,-2.0574636,-3.088543,7.1089,-2.4978082,-0.5418509,-2.7169383,-0.41166556,0.81506026,1.2549508,1.7619191,9.481486,-0.29672685,-0.90392727,-1.9839622,-2.7377784,0.79383236,-0.4729373,-4.054648,-0.16923851,1
11.0,11,-0.37483987,-2.0572474,-3.0884814,7.110602,-2.4976346,-0.5417925,-2.716624,-0.4119978,0.8147946,1.2539152,1.760962,9.480752,-0.29627964,-0.9035015,-1.984471,-2.7378068,0.7939047,-0.4728421,-4.0546064,-0.16949096,1
11.0,11,-0.37493134,-2.0571306,-3.0885801,7.109656,-2.4978387,-0.5416615,-2.7166586,-0.41176128,0.8149296,1.2542266,1.7610015,9.48129,-0.29656926,-0.9033937,-1.9842697,-2.7377744,0.79384196,-0.4728015,-4.054548,-0.16938706,1
11.0,11,-0.3749292,-2.0574355,-3.088608,7.1082516,-2.4979286,-0.5417731,-2.7169695,-0.4115236,0.8151443,1.2551645,1.7620435,9.48188,-0.29690856,-0.9039611,-1.9838055,-2.7377646,0.7938452,-0.47292167,-4.0546074,-0.16916807,1
11.0,11,-0.37491626,-2.0573623,-3.088597,7.108724,-2.4978979,-0.5417617,-2.7168782,-0.4116375,0.8150357,1.2548622,1.7618644,9.481716,-0.2967808,-0.90392125,-1.9839157,-2.737796,0.79394346,-0.47291028,-4.054591,-0.16924295,1
1.0,1,8.696848,11.432425,0.5859562,0.7141857,-1.7640053,-1.6964654,0.17136174,-0.9759345,-1.5588046,-1.1911858,-1.3326092,-4.631747,-1.6921238,-0.044469327,-2.5181174,-3.3151648,-0.042966552,-1.6325325,-1.8331153,-2.8709006,1
1.0,1,8.695061,11.433678,0.58561105,0.7144764,-1.7642853,-1.696693,0.17123424,-0.97575104,-1.5589939,-1.1909709,-1.332618,-4.6317034,-1.6923885,-0.04440467,-2.5176072,-3.3149006,-0.042937696,-1.6323005,-1.8325666,-2.870318,1
1.0,1,8.69096,11.436559,0.5846588,0.715075,-1.7648623,-1.6971145,0.17105003,-0.975308,-1.5592301,-1.190598,-1.3327482,-4.6315928,-1.6931107,-0.044352174,-2.5162926,-3.314288,-0.042872906,-1.6318101,-1.8313919,-2.8688207,1
1.0,1,8.6910305,11.43653,0.5845876,0.7151212,-1.7647858,-1.6971366,0.17114131,-0.9753799,-1.5592473,-1.1908011,-1.3326979,-4.6316204,-1.6931,-0.044358406,-2.516334,-3.3142223,-0.042949677,-1.6318066,-1.831321,-2.868784,1
1.0,1,8.694419,11.434136,0.5854793,0.7145924,-1.7643784,-1.6967833,0.17120416,-0.9756964,-1.5590616,-1.1909212,-1.3326195,-4.6316934,-1.69248,-0.0443805,-2.5174298,-3.314793,-0.042938635,-1.632215,-1.8323593,-2.8700967,1
1.0,1,8.69452,11.434079,0.58546746,0.714614,-1.7643306,-1.6967998,0.17126343,-0.97573465,-1.5590905,-1.1910319,-1.332586,-4.6317077,-1.6924516,-0.04437998,-2.5174842,-3.314768,-0.04298129,-1.6322234,-1.8323337,-2.8701134,1
18.0,18,-0.64664984,-1.6009398,-0.90138614,-2.3494148,-1.5860479,1.7418566,-0.8813692,-3.2529547,3.69087,0.7195648,0.7876896,-1.5258173,-0.020917846,-2.2165515,-2.3414268,0.015217879,-2.5191064,-2.0421095,11.927346,0.45013937,1
18.0,18,-0.6466917,-1.600906,-0.90141773,-2.3494093,-1.5860493,1.7418263,-0.88133866,-3.2529438,3.6908007,0.7195564,0.78780234,-1.5257905,-0.021021519,-2.2165613,-2.3413801,0.015215448,-2.5191112,-2.0420835,11.927385,0.4501942,1
18.0,18,-0.6465248,-1.6008583,-0.9012796,-2.349389,-1.5860147,1.7418905,-0.8814125,-3.2528644,3.690568,0.71958214,0.78768307,-1.5259178,-0.020936668,-2.2165039,-2.3414526,0.01524404,-2.5190425,-2.0421095,11.927405,0.4499884,1
18.0,18,-0.6462175,-1.6006721,-0.90093905,-2.3493264,-1.5860231,1.7420545,-0.8815299,-3.2526696,3.6900418,0.7195778,0.7873383,-1.526112,-0.020729074,-2.216301,-2.3415933,0.015238482,-2.5188828,-2.0421982,11.9275055,0.44958314,1
18.0,18,-0.6466691,-1.6008449,-0.90135163,-2.3494005,-1.586065,1.7418588,-0.88133776,-3.2529054,3.6907146,0.7195446,0.78771406,-1.5258113,-0.020999396,-2.2165034,-2.341383,0.01519939,-2.5190852,-2.042111,11.927431,0.45016706,1
18.0,18,-0.64659953,-1.6009326,-0.9013321,-2.349412,-1.5860566,1.7419047,-0.8814085,-3.2529314,3.6908453,0.7195703,0.78759235,-1.525843,-0.020844676,-2.216511,-2.341463,0.015210922,-2.5190942,-2.042132,11.927337,0.45006695,1
4.0,4,0.6233386,-0.8613794,-0.66577387,0.1801652,12.469386,2.2807555,2.5997813,1.5365694,-3.628817,-2.8880832,-2.7690856,-3.3835845,-2.30591,-2.0379689,-2.2512894,3.9430914,-1.5068696,-0.66031796,-1.8335266,-1.9569892,1
4.0,4,0.62335646,-0.861375,-0.6657694,0.1801567,12.469363,2.2806966,2.5998626,1.5366366,-3.6288643,-2.888113,-2.7690556,-3.3835902,-2.3058865,-2.0379977,-2.2513022,3.943096,-1.5068971,-0.6603355,-1.8335072,-1.9569998,1
4.0,4,0.62341505,-0.8613393,-0.6657694,0.1801148,12.46926,2.280478,2.6003785,1.5370893,-3.6291354,-2.8883429,-2.768988,-3.3835394,-2.3057842,-2.038176,-2.2513094,3.9431498,-1.5070843,-0.6605712,-1.8333498,-1.9570881,1
4.0,4,0.62342733,-0.8613242,-0.66577744,0.18012083,12.4692135,2.2804456,2.6005194,1.5371118,-3.6292033,-2.8883662,-2.7689822,-3.3835123,-2.305794,-2.038225,-2.25132,3.9432216,-1.507092,-0.6606972,-1.83324,-1.9570922,1
4.0,4,0.6233557,-0.86137015,-0.6657737,0.18016307,12.469354,2.2807033,2.599913,1.5366293,-3.6288822,-2.888123,-2.7690647,-3.3835723,-2.3058949,-2.0380118,-2.251305,3.9431233,-1.5068948,-0.6603935,-1.8334588,-1.9570106,1
4.0,4,0.62333566,-0.86137515,-0.665777,0.18016776,12.4693775,2.280765,2.599861,1.5365903,-3.6288404,-2.8881204,-2.7690933,-3.38356,-2.3059158,-2.037988,-2.2512875,3.9431088,-1.5068811,-0.66037875,-1.8334816,-1.9570203,1
5.0,5,-2.1295462,-1.4223907,-2.0982134,-1.3581258,3.8277178,12.805154,-2.9120402,0.15588877,0.58195794,-0.8055291,-1.6609261,-0.2181438,-4.0387597,2.073049,0.36449397,-2.087313,0.9088359,0.8934909,-2.3289626,-1.7975197,1
5.0,5,-2.1295457,-1.4225017,-2.0982022,-1.3581225,3.82814,12.805161,-2.9120793,0.15594168,0.58201873,-0.805595,-1.6610142,-0.21826349,-4.038845,2.0729134,0.36450958,-2.0871944,0.9088256,0.89340824,-2.3290122,-1.7974985,1
5.0,5,-2.129548,-1.4231153,-2.098169,-1.3580693,3.8301888,12.805159,-2.912235,0.1563148,0.5823134,-0.8059378,-1.6614972,-0.2188763,-4.0392466,2.072442,0.36449277,-2.086633,0.9086894,0.89295405,-2.3292754,-1.797391,1
5.0,5,-2.1295433,-1.423266,-2.098224,-1.3580248,3.830373,12.805154,-2.9121609,0.15648444,0.5822824,-0.80602306,-1.6616136,-0.21887188,-4.0392036,2.0727108,0.36429805,-2.0865638,0.90850437,0.89280677,-2.3293345,-1.7974211,1
5.0,5,-2.1295428,-1.4224817,-2.0982168,-1.3581139,3.8280199,12.8051605,-2.912052,0.15594608,0.58198684,-0.8055902,-1.6609973,-0.21821618,-4.0388117,2.0729916,0.3644725,-2.0872319,0.9088139,0.8934238,-2.3290017,-1.7975109,1
5.0,5,-2.1295455,-1.4223701,-2.09823,-1.3581116,3.8275266,12.8051605,-2.9119987,0.15590732,0.58191556,-0.8055246,-1.6609013,-0.21807714,-4.038716,2.07316,0.36443973,-2.0873735,0.9088194,0.89352983,-2.3289437,-1.7975335,1
3.0,3,0.21352062,-0.9407956,0.59435725,12.627899,0.18407215,-1.2661041,-0.27114975,-3.1457458,-1.7872026,-2.066654,1.2805015,-1.6352655,1.3794353,-2.3116972,-2.6058712,-2.2616343,2.1402926,0.43861008,-2.7016232,-0.69313264,1
3.0,3,0.21353692,-0.9406653,0.5942785,12.627922,0.18422116,-1.2662779,-0.27113438,-3.1457326,-1.7871461,-2.0666006,1.2803953,-1.6355742,1.3794551,-2.3115535,-2.6057367,-2.2615082,2.140073,0.438269,-2.7015781,-0.6927972,1
3.0,3,0.21368057,-0.94055676,0.5937179,12.628654,0.18424676,-1.2665606,-0.27114666,-3.1447496,-1.7867366,-2.0658581,1.2800655,-1.6351657,1.378757,-2.310876,-2.606062,-2.2613106,2.138706,0.43624586,-2.7013786,-0.6920806,1
3.0,3,0.2138803,-0.9400849,0.59423625,12.62824,0.18482667,-1.2670566,-0.27110788,-3.1452513,-1.7870041,-2.0661898,1.279716,-1.6368766,1.3796651,-2.3107083,-2.605443,-2.2609599,2.1386921,0.4361075,-2.7013135,-0.6920445,1
3.0,3,0.21350947,-0.9405009,0.5940634,12.627894,0.18442196,-1.2665317,-0.27108228,-3.1458404,-1.7870442,-2.0665884,1.2803645,-1.635994,1.3794541,-2.311465,-2.6054678,-2.2613292,2.1398613,0.43795797,-2.701487,-0.6921239,1
3.0,3,0.21354678,-0.94024384,0.593768,12.628073,0.18462811,-1.2665488,-0.2710601,-3.1456704,-1.7869413,-2.0665348,1.2802303,-1.6361294,1.379072,-2.3112953,-2.6054382,-2.2613041,2.1396494,0.43753007,-2.7014194,-0.69184566,1
10.0,10,-1.5972147,-2.45073,-3.8387985,-0.8404933,-0.16186881,-1.9800413,1.7668364,2.7965026,-3.3300445,1.2085373,10.349185,0.59113896,-2.2739587,-2.15941,-0.21980706,0.47583908,-1.6654805,0.044403646,-0.29799637,3.026675,1
10.0,10,-1.597365,-2.4508512,-3.838993,-0.84021866,-0.16209295,-1.9797676,1.7665126,2.7955585,-3.3299184,1.208214,10.349741,0.59194946,-2.2740698,-2.1594868,-0.219426,0.47558087,-1.6653364,0.04482811,-0.29807737,3.0267231,1
10.0,10,-1.5979471,-2.4513502,-3.8398185,-0.83906466,-0.1629866,-1.9788785,1.7655611,2.791544,-3.3293417,1.206719,10.352143,0.5950279,-2.2744513,-2.159948,-0.21779045,0.4748082,-1.664842,0.046262614,-0.2982704,3.0265486,1
10.0,10,-1.5980647,-2.4515953,-3.840216,-0.83867294,-0.16332346,-1.9790456,1.7654833,2.7892785,-3.3288403,1.2062758,10.353426,0.5955276,-2.2744434,-2.1602948,-0.21679644,0.4750552,-1.6646652,0.046393994,-0.29830155,3.0260677,1
10.0,10,-1.5973091,-2.450799,-3.83891,-0.84032696,-0.16200303,-1.9798617,1.7666334,2.7959588,-3.3299763,1.2083424,10.349503,0.5916391,-2.2740293,-2.15945,-0.21958798,0.47567108,-1.6653942,0.044666037,-0.29804274,3.026718,1
10.0,10,-1.5973086,-2.4508321,-3.8389664,-0.8402864,-0.16203818,-1.9799602,1.7666847,2.7956054,-3.3298845,1.2082977,10.349698,0.5915975,-2.2740033,-2.1595197,-0.21942848,0.47579145,-1.6653817,0.044606365,-0.29803059,3.0265927,1
2.0,9,-0.7897213,-2.852842,4.3879642,-2.237737,-2.2417848,-3.512078,-2.9245384,-2.5964506,4.338372,7.9447165,-3.4755175,-3.7062528,7.650754,0.76901567,-2.6111264,-0.6935213,-1.1298519,-0.40612963,1.1416198,-3.8827314,0
2.0,9,-0.78981566,-2.8527396,4.3877573,-2.2378106,-2.241713,-3.512101,-2.9245973,-2.5965235,4.338385,7.944998,-3.475348,-3.706315,7.6502852,0.7686849,-2.611033,-0.69338983,-1.129862,-0.40620464,1.1422333,-3.8825006,0
2.0,9,-0.79113126,-2.8525116,4.387469,-2.237808,-2.2414975,-3.5123718,-2.9243245,-2.5964038,4.3368597,7.9446416,-3.4751546,-3.706237,7.6508164,0.76900643,-2.611381,-0.69298536,-1.12949,-0.40567592,1.1442425,-3.8825142,0
2.0,9,-0.7922763,-2.8523998,4.38773,-2.23731,-2.241751,-3.5123534,-2.92442,-2.595854,4.335235,7.945417,-3.4750342,-3.7058022,7.65062,0.7697865,-2.6113787,-0.6930309,-1.1286197,-0.40506786,1.1439587,-3.8824465,0
2.0,9,-0.7899313,-2.8527613,4.387727,-2.2378545,-2.2416706,-3.512176,-2.9244447,-2.5965242,4.3381753,7.9445057,-3.475443,-3.7063434,7.650945,0.7690007,-2.6112285,-0.693361,-1.1299578,-0.40611827,1.1424198,-3.8827016,0
2.0,9,-0.78990686,-2.8528926,4.3879437,-2.2378237,-2.2416787,-3.512203,-2.9242902,-2.5964706,4.3381147,7.9439044,-3.4756699,-3.7062898,7.6517577,0.7694189,-2.6114464,-0.69346887,-1.1300012,-0.4059945,1.1420048,-3.8830411,0
7.0,7,0.88598025,-2.1493807,-1.2899275,-2.1963518,-1.8133364,0.25003022,1.2285699,10.611105,3.9028351,1.3196231,0.37848148,1.0428926,-1.7342398,-1.4415146,-2.0789928,-3.630924,-2.5730348,-3.2328696,-3.6930575,-1.6950125,1
7.0,7,0.8855408,-2.149039,-1.2900392,-2.19626,-1.81328,0.25001198,1.2292405,10.611736,3.9019227,1.3194475,0.37851372,1.0429159,-1.734344,-1.4413736,-2.0790958,-3.6308985,-2.5729508,-3.232699,-3.692844,-1.6953899,1
7.0,7,0.884511,-2.148206,-1.2903712,-2.1960218,-1.8131719,0.2499434,1.2329462,10.613321,3.899673,1.3182129,0.3787772,1.042892,-1.7348989,-1.4410924,-2.0798326,-3.6316576,-2.5727992,-3.2322109,-3.6918178,-1.6969264,1
7.0,7,0.8834811,-2.146608,-1.2908474,-2.19556,-1.8131291,0.24955592,1.234165,10.615492,3.8962462,1.318301,0.37900278,1.042919,-1.7350446,-1.4407252,-2.0798984,-3.631222,-2.5724235,-3.2319686,-3.6915023,-1.6980159,1
7.0,7,0.88550436,-2.1489706,-1.2900633,-2.196244,-1.8132696,0.2500002,1.2292932,10.611852,3.9017544,1.3194445,0.37850547,1.0429189,-1.73435,-1.4413447,-2.0791087,-3.6308522,-2.572931,-3.2326844,-3.6928506,-1.6954263,1
7.0,7,0.8858966,-2.1492946,-1.2900074,-2.1963203,-1.8132908,0.24999115,1.2288312,10.611323,3.9025018,1.3195758,0.37847748,1.0429064,-1.7342737,-1.4414471,-2.0790725,-3.6308463,-2.5729942,-3.2328203,-3.6930876,-1.695088,1
7.0,7,-0.6128757,-0.57529694,-2.2871606,-2.5694618,1.1678677,0.9377609,-0.5480403,11.7190895,-0.8323897,0.17137972,-0.78193665,0.63178784,-1.8444628,-0.35204327,-2.723215,0.27455604,-1.957385,-1.6126394,-2.619334,0.5373124,1
7.0,7,-0.61275613,-0.5755099,-2.2870438,-2.5694673,1.168216,0.93794936,-0.54811215,11.71925,-0.8322919,0.17134832,-0.7818022,0.6315399,-1.8444246,-0.35210648,-2.7232456,0.2743153,-1.9574636,-1.61273,-2.619464,0.53655946,1
7.0,7,-0.6128719,-0.57561004,-2.2871237,-2.569407,1.1682738,0.93827164,-0.54840845,11.719101,-0.8322801,0.17141317,-0.78210694,0.6317821,-1.8443379,-0.35212836,-2.7231884,0.27433658,-1.9573642,-1.612409,-2.6195066,0.53677315,1
7.0,7,-0.613115,-0.57540005,-2.2873483,-2.5693471,1.1681271,0.9383678,-0.54844666,11.718879,-0.83257455,0.1711474,-0.7822212,0.6325081,-1.8444196,-0.35211775,-2.7231326,0.27459496,-1.9572152,-1.6120738,-2.6194413,0.5373073,1
7.0,7,-0.6127318,-0.57551754,-2.2870214,-2.5694675,1.168186,0.93793184,-0.5480926,11.719266,-0.832242,0.17141323,-0.78185433,0.6314429,-1.8443878,-0.3521077,-2.7232528,0.27428237,-1.957469,-1.612762,-2.6194634,0.5365829,1
7.0,7,-0.6128847,-0.5753341,-2.287161,-2.569462,1.1679229,0.93780786,-0.5481139,11.719068,-0.8323939,0.17137918,-0.7819183,0.6317997,-1.8444731,-0.35203445,-2.7232046,0.27456588,-1.9573896,-1.6126064,-2.6193461,0.5372666,1
13.0,13,-1.9454248,-1.2253939,-1.1015105,-0.66858906,-2.8508494,1.3327498,-1.5513347,-0.47585323,-1.3202454,-0.16026081,-1.5124775,-1.2955081,2.9434433,12.3858185,-2.03687,-0.069955245,-2.4373455,0.55158734,-2.2232828,-0.2667961,1
13.0,13,-1.9455281,-1.2253942,-1.1018039,-0.66812736,-2.8508806,1.3326672,-1.5512685,-0.47580594,-1.320444,-0.16055928,-1.5125585,-1.2950343,2.943157,12.385589,-2.0368738,-0.06962487,-2.4371834,0.5514993,-2.2232678,-0.2658915,1
13.0,13,-1.94594,-1.2255585,-1.1019593,-0.66597563,-2.8506196,1.3321464,-1.5511605,-0.47589082,-1.3214781,-0.16159563,-1.5128822,-1.2943927,2.943827,12.384908,-2.0370526,-0.06916059,-2.4365773,0.55137366,-2.2233887,-0.2644033,1
13.0,13,-1.9460304,-1.2254921,-1.1016861,-0.6647925,-2.850227,1.3319209,-1.5512598,-0.47616276,-1.3220165,-0.16181785,-1.5129946,-1.2949773,2.9444122,12.384804,-2.037123,-0.06939835,-2.436278,0.5514752,-2.2235074,-0.2646567,1
13.0,13,-1.9455422,-1.2254015,-1.1017696,-0.6681264,-2.8508735,1.3326852,-1.5512723,-0.47582775,-1.3204434,-0.16054459,-1.5125657,-1.2950382,2.9431808,12.3856125,-2.0368729,-0.06965002,-2.4371996,0.5515343,-2.2232752,-0.26599124,1
13.0,13,-1.9455086,-1.2253644,-1.1016533,-0.66827726,-2.8508396,1.3327159,-1.5513307,-0.47579944,-1.3203648,-0.16042204,-1.5125177,-1.2953172,2.9432564,12.385699,-2.0368257,-0.06980251,-2.4372854,0.5515749,-2.2233148,-0.26637647,1
4.0,4,0.48344123,-1.2308252,-0.61815226,0.26275036,12.663523,3.8955164,1.648358,0.02675239,-2.8081806,-2.5622427,-2.991414,-3.112541,-2.553106,-1.9133921,-1.9543918,3.5010314,-0.87882644,-0.46680468,-2.0963514,-2.7539814,1
4.0,4,0.48347878,-1.2308139,-0.6181378,0.26276976,12.663494,3.8954034,1.6484731,0.02673547,-2.8082485,-2.562285,-2.9913752,-3.1125607,-2.553083,-1.9134201,-1.95443,3.5010667,-0.87881964,-0.4668035,-2.0963159,-2.753991,1
4.0,4,0.48361158,-1.2307138,-0.61802626,0.26284102,12.66339,3.8947515,1.6490465,0.02685662,-2.8085685,-2.5625043,-2.9912992,-3.1127214,-2.5529127,-1.9135078,-1.9546366,3.5012178,-0.8789152,-0.4666242,-2.0962472,-2.7540457,1
4.0,4,0.48364562,-1.230688,-0.6180016,0.2628727,12.663341,3.8945568,1.64928,0.026897933,-2.8086948,-2.562562,-2.9912987,-3.1127431,-2.5528681,-1.9135468,-1.9547096,3.5013292,-0.87893,-0.46670312,-2.0961509,-2.7540517,1
4.0,4,0.48347396,-1.2308171,-0.61814,0.26276946,12.663495,3.8954124,1.6484816,0.026738804,-2.808251,-2.562283,-2.9913828,-3.1125531,-2.553085,-1.9134226,-1.9544288,3.50108,-0.8788196,-0.4668358,-2.0963006,-2.753989,1
4.0,4,0.48343277,-1.2308291,-0.61814845,0.26274955,12.663513,3.8955035,1.6484135,0.0267792,-2.8081977,-2.5622606,-2.9914277,-3.1125314,-2.553104,-1.9133995,-1.9543941,3.5010698,-0.8788447,-0.4668554,-2.096325,-2.753985,1
1.0,2,1.9044063,5.4217644,9.691099,-0.047105435,-2.7190752,-1.4104024,0.06991968,-0.9160649,1.915514,2.2662528,-4.613228,-4.1033525,0.29548457,-1.2149982,-2.215921,-2.5147002,0.51166767,-2.393922,0.27181113,-3.6292422,0
1.0,2,1.9041721,5.4219365,9.690916,-0.04710866,-2.719138,-1.4103959,0.06990031,-0.9160141,1.915502,2.2664726,-4.6132107,-4.103351,0.29528245,-1.2149935,-2.2157936,-2.5146766,0.5116946,-2.393886,0.27185646,-3.6290529,0
1.0,2,1.903945,5.4223576,9.690166,-0.047329985,-2.7192702,-1.4101626,0.07000692,-0.9159393,1.9160959,2.2670135,-4.613143,-4.1035438,0.29423666,-1.2154157,-2.2154675,-2.5148191,0.5114715,-2.393782,0.27239093,-3.6283793,0
1.0,2,1.9042212,5.42233,9.690271,-0.047223285,-2.719112,-1.4099443,0.0700115,-0.9159647,1.9162508,2.266537,-4.613304,-4.103579,0.29419637,-1.2153672,-2.2155414,-2.5149252,0.5115413,-2.3938653,0.2722187,-3.6286013,0
1.0,2,1.9041148,5.4219913,9.690822,-0.04714126,-2.7191768,-1.4104097,0.069905385,-0.91599745,1.9155421,2.2666025,-4.613187,-4.1033716,0.29519856,-1.2150285,-2.2157493,-2.5146816,0.5116632,-2.3938775,0.27190694,-3.6289663,0
1.0,2,1.9039831,5.4220905,9.690885,-0.04699469,-2.7191265,-1.4103463,0.06981971,-0.91596013,1.9153708,2.2664752,-4.613263,-4.103316,0.2952088,-1.2148414,-2.2156973,-2.5146418,0.5118355,-2.393902,0.27169716,-3.6290364,0
1.0,1,2.230782,11.672995,-0.16254577,-0.06072381,-2.7173042,-1.7378572,-1.5129774,-0.9342141,-1.1335044,0.44800794,-1.23979,-2.5825114,-1.8080103,0.5603953,4.119493,-2.604244,0.22813053,-1.5292025,-2.0582542,-1.2796769,1
1.0,1,2.230273,11.672919,-0.16268608,-0.06067638,-2.7172225,-1.737806,-1.5130699,-0.93418986,-1.1335217,0.44797188,-1.2396511,-2.5823214,-1.8080803,0.56030846,4.119801,-2.6040967,0.22809719,-1.529176,-2.058079,-1.2794385,1
1.0,1,2.2278438,11.672555,-0.16350769,-0.060717847,-2.716778,-1.7372363,-1.513417,-0.93398815,-1.133618,0.44747624,-1.2386165,-2.581297,-1.808707,0.55975825,4.1214314,-2.6034725,0.22790118,-1.5289074,-2.0572803,-1.2784582,1
1.0,1,2.2271338,11.6725645,-0.16382024,-0.060731433,-2.7165701,-1.7369576,-1.5134125,-0.93382025,-1.1337585,0.44717342,-1.238282,-2.580957,-1.808963,0.55956215,4.121768,-2.6033123,0.22782065,-1.5288099,-2.0569434,-1.2782328,1
1.0,1,2.2302256,11.672878,-0.16270912,-0.06071601,-2.7172348,-1.7377846,-1.5130954,-0.9342009,-1.1335137,0.4479851,-1.2395958,-2.5822902,-1.8081021,0.560289,4.1198993,-2.6040752,0.22808744,-1.5291535,-2.0580888,-1.2794284,1
1.0,1,2.2301753,11.672928,-0.16271755,-0.06064373,-2.7171988,-1.7378036,-1.5130787,-0.9341624,-1.1335553,0.44797748,-1.2396619,-2.582282,-1.8080748,0.5602937,4.1198206,-2.604056,0.22808601,-1.5291823,-2.058019,-1.2793918,1
12.0,12,-2.3498323,-3.5285316,3.5527914,-1.7883253,-3.8004484,-3.4198024,-2.0805914,0.34831434,2.247296,7.989887,-2.531799,-2.898728,9.441729,5.694293,-3.985663,-0.9625873,-2.8774543,-1.7529265,-0.2628446,-3.4524834,1
12.0,12,-2.3498592,-3.5285296,3.5527596,-1.7883028,-3.8004286,-3.4197803,-2.0805879,0.3483267,2.2472818,7.9898367,-2.5318012,-2.8987482,9.441722,5.6944137,-3.98568,-0.962602,-2.8774698,-1.75291,-0.26290718,-3.452498,1
12.0,12,-2.349907,-3.5283995,3.552383,-1.7880276,-3.8002114,-3.4197733,-2.080494,0.3483304,2.2465503,7.989746,-2.5314975,-2.8988092,9.4417,5.694727,-3.9856668,-0.9625696,-2.8771546,-1.7527462,-0.2632942,-3.452492,1
12.0,12,-2.3500588,-3.528424,3.552375,-1.7881777,-3.8001158,-3.4195657,-2.080492,0.34836197,2.246813,7.989064,-2.5317347,-2.899028,9.441855,5.695837,-3.985752,-0.9627255,-2.8775904,-1.752693,-0.26353785,-3.452619,1
12.0,12,-2.3498654,-3.5285237,3.552748,-1.7883202,-3.8004076,-3.4198062,-2.0805612,0.34832838,2.2472878,7.9897537,-2.5318062,-2.8987327,9.4418335,5.6943254,-3.9856749,-0.9625866,-2.877478,-1.7529274,-0.26285473,-3.4524853,1
12.0,12,-2.3498926,-3.5285366,3.5527644,-1.7883762,-3.8004034,-3.4197845,-2.0805507,0.34833977,2.2474008,7.9895954,-2.531884,-2.8987436,9.441932,5.6944265,-3.9856844,-0.9626023,-2.8775854,-1.7529426,-0.26282707,-3.452512,1
18.0,18,-0.47426736,-0.9763818,-0.72094136,-1.8583856,-1.354106,0.6672464,-0.100703165,-2.9767032,1.738163,0.20705512,0.78334016,-1.9172077,0.03140092,-2.1984916,-1.7078192,0.30925268,-1.9921135,-2.444031,12.835209,1.8111792,1
18.0,18,-0.47431314,-0.97630274,-0.7209322,-1.8583543,-1.3541151,0.6672385,-0.10065389,-2.976683,1.7380126,0.20704006,0.78334993,-1.9171801,0.03132754,-2.1984313,-1.707799,0.30927518,-1.9920863,-2.4440138,12.835248,1.8112948,1
18.0,18,-0.47438616,-0.97610235,-0.7208602,-1.8582717,-1.3541306,0.6672473,-0.100660294,-2.9766502,1.7376683,0.20703033,0.78327465,-1.9171581,0.03130889,-2.1982565,-1.707771,0.30933207,-1.9920312,-2.4439905,12.835316,1.8114291,1
18.0,18,-0.47428828,-0.9760854,-0.7207337,-1.8582872,-1.3541296,0.6673276,-0.1009427,-2.9766383,1.7377048,0.2071354,0.7831273,-1.917274,0.031594917,-2.1981874,-1.7078465,0.30928704,-1.9920565,-2.4439719,12.835259,1.8109859,1
18.0,18,-0.47433323,-0.9762615,-0.72092205,-1.858339,-1.3541282,0.6672417,-0.10065727,-2.9766665,1.7379336,0.20703563,0.78333634,-1.9171672,0.031322308,-2.1983857,-1.7077909,0.30928344,-1.9920796,-2.444001,12.83526,1.8113352,1
18.0,18,-0.47428632,-0.9763385,-0.72092885,-1.8583659,-1.3541154,0.6672503,-0.100718826,-2.976691,1.7380817,0.2070553,0.78331196,-1.917197,0.031415015,-2.1984398,-1.7078146,0.30926898,-1.9921077,-2.4440188,12.835223,1.8112055,1
18.0,18,-1.6715177,-1.0216385,-0.6641365,-1.4524878,-2.1085854,-1.7786747,1.0894712,-4.5999475,2.894857,-0.4704266,0.5308773,0.78586245,0.44812343,-2.4604108,-0.8837221,0.15784223,-0.7955788,-2.6959484,12.440502,4.8269534,1
18.0,18,-1.6714622,-1.0216432,-0.6640677,-1.4524099,-2.108606,-1.7786533,1.0894086,-4.600041,2.8946724,-0.47047254,0.5308488,0.7859707,0.4481636,-2.4603767,-0.8837861,0.15789755,-0.79542136,-2.6958563,12.440455,4.82682,1
18.0,18,-1.6721632,-1.0226654,-0.6640491,-1.4524583,-2.1092076,-1.7785177,1.0880711,-4.6002884,2.895867,-0.47084332,0.52996165,0.78937113,0.4485299,-2.4601488,-0.882864,0.15747829,-0.7950869,-2.6958315,12.4394045,4.830766,1
18.0,18,-1.6762679,-1.0275135,-0.66639763,-1.4557114,-2.111202,-1.7784445,1.0810156,-4.5981417,2.9040864,-0.4713928,0.52821136,0.80302584,0.4484605,-2.4605978,-0.8782571,0.15369186,-0.7939224,-2.6955369,12.435787,4.8513727,1
18.0,18,-1.6718835,-1.0218917,-0.6639478,-1.4524872,-2.1089642,-1.7785971,1.0891578,-4.6001368,2.8953307,-0.47083813,0.5304064,0.7873304,0.4484668,-2.460464,-0.88336986,0.15771717,-0.79529285,-2.695896,12.440066,4.828031,1
18.0,18,-1.6717846,-1.0219091,-0.663828,-1.4522213,-2.108993,-1.778611,1.0892396,-4.6004276,2.895027,-0.4709237,0.5302973,0.78755873,0.44850057,-2.4603481,-0.8833945,0.1578465,-0.7951155,-2.6958647,12.439912,4.8279567,1
2.0,2,1.2743014,-1.5093361,12.097778,-1.088191,-1.8262888,-0.3218326,-2.5248888,-0.7613279,1.5774443,3.134974,-3.1769853,-2.3851132,1.7107086,-0.13308275,-1.2927756,-0.40636396,-1.5263119,-2.0728805,-0.23051392,-2.878539,1
2.0,2,1.2741202,-1.509341,12.097682,-1.0883071,-1.8263724,-0.32171878,-2.525107,-0.76123416,1.5776248,3.1351895,-3.1771166,-2.3850684,1.710771,-0.1329298,-1.2927574,-0.40637052,-1.5264684,-2.0729551,-0.23047285,-2.878447,1
2.0,2,1.272485,-1.5096904,12.096081,-1.0897478,-1.8274382,-0.3213741,-2.5275502,-0.76040363,1.5790372,3.1397717,-3.177798,-2.385256,1.7113478,-0.13153014,-1.2926803,-0.4062788,-1.5275193,-2.0733852,-0.23069854,-2.8775854,1
2.0,2,1.2734975,-1.5099077,12.096123,-1.0891049,-1.826986,-0.32216787,-2.5270178,-0.7606046,1.5778425,3.1402743,-3.1771932,-2.3852682,1.711005,-0.13244265,-1.2929568,-0.40605587,-1.5261817,-2.0727675,-0.2323765,-2.8770068,1
2.0,2,1.2740632,-1.5093551,12.097617,-1.0883541,-1.8264074,-0.32170823,-2.5251963,-0.7612027,1.5776649,3.1353722,-3.177135,-2.3850868,1.7107857,-0.13286918,-1.292761,-0.40636525,-1.5264919,-2.0729558,-0.2305182,-2.8784301,1
2.0,2,1.273972,-1.5093844,12.09754,-1.0884064,-1.8264457,-0.32172927,-2.5253363,-0.7611499,1.5777065,3.1356678,-3.1771748,-2.3850765,1.7108152,-0.13280249,-1.2927346,-0.40634692,-1.5264984,-2.072958,-0.23065482,-2.8783023,1
18.0,18,-0.7018673,-0.6493934,-0.99156916,-1.8553572,-1.4466324,1.725938,-0.593825,-2.7018323,1.0200875,0.4081765,0.3214352,-1.6571875,0.39968753,-1.5991617,-1.9488528,-0.18309921,-2.0417054,-1.7344007,12.843566,2.8484762,1
18.0,18,-0.70186913,-0.649384,-0.9915593,-1.8553382,-1.4465963,1.7259306,-0.5937885,-2.701854,1.0200458,0.4081383,0.32143238,-1.657162,0.39963204,-1.5991584,-1.9488463,-0.18305354,-2.0417116,-1.734415,12.843574,2.8485882,1
18.0,18,-0.7021543,-0.64903826,-0.9914186,-1.8554672,-1.446847,1.7262421,-0.5939906,-2.7018263,1.0198157,0.40826896,0.32146513,-1.6567943,0.3990812,-1.5985324,-1.9484944,-0.18337187,-2.0417995,-1.7343879,12.843582,2.8499515,1
18.0,18,-0.7024747,-0.648659,-0.9912974,-1.855762,-1.4473797,1.7263627,-0.5944331,-2.7017567,1.0198541,0.40875402,0.32160836,-1.6565561,0.3987487,-1.5978199,-1.9480281,-0.18402205,-2.0418744,-1.7343518,12.843595,2.8511581,1
18.0,18,-0.7019271,-0.64932036,-0.99150187,-1.8553798,-1.4466888,1.725989,-0.5938931,-2.7018344,1.0200334,0.4082023,0.32141843,-1.6571252,0.39961493,-1.5990057,-1.9487994,-0.18314493,-2.0417275,-1.7343901,12.843567,2.8487065,1
18.0,18,-0.70193833,-0.64930576,-0.99149036,-1.855391,-1.4467151,1.72598,-0.59391814,-2.7018373,1.0200423,0.40822446,0.32142133,-1.6571192,0.39961982,-1.5989755,-1.9487768,-0.18317273,-2.041733,-1.7343972,12.843568,2.848752,1
19.0,18,-1.6681563,-1.4066558,-2.546556,-3.1194053,-1.9171782,0.13377339,-0.9276729,-2.641883,4.4765563,1.0054638,0.33767718,-0.86426413,0.99742925,-1.2866107,-1.6346939,-0.27963945,-2.8874469,-2.6040576,12.043311,6.319296,0
19.0,18,-1.6684954,-1.4068793,-2.546995,-3.1198373,-1.9169034,0.13295464,-0.9282366,-2.641577,4.477042,1.00662,0.33836704,-0.8643872,0.99711585,-1.2869059,-1.6344243,-0.27969217,-2.8876746,-2.603684,12.042814,6.3207836,0
19.0,18,-1.6705489,-1.4069238,-2.548931,-3.122164,-1.9154058,0.12898393,-0.93045855,-2.6402314,4.4779334,1.0121503,0.34074464,-0.8650611,0.9949175,-1.2872217,-1.6328723,-0.27884272,-2.8882987,-2.6018102,12.040263,6.330762,0
19.0,18,-1.6698308,-1.4077377,-2.549734,-3.122119,-1.9153702,0.127801,-0.9301926,-2.6403785,4.4797387,1.0123926,0.3410924,-0.86544466,0.9950354,-1.2878911,-1.632585,-0.2794373,-2.8882072,-2.6025376,12.039075,6.333448,0
19.0,18,-1.6687198,-1.4060708,-2.5463037,-3.119663,-1.9171926,0.13418795,-0.92817974,-2.6417394,4.4754,1.0058873,0.33765417,-0.8640296,0.99693453,-1.2857482,-1.6347003,-0.2792375,-2.8874114,-2.6034956,12.043521,6.3194947,0
19.0,18,-1.6681901,-1.4063189,-2.5461705,-3.119253,-1.9174103,0.13460307,-0.92771506,-2.6419592,4.4756827,1.0050641,0.33732483,-0.86413455,0.99746966,-1.2859598,-1.6349672,-0.27954072,-2.8872807,-2.6039574,12.043791,6.318001,0
1.0,1,9.126252,11.135814,-0.07932984,0.078104794,-1.4537334,-1.1631467,1.3153874,0.2568044,-2.1442678,-2.120245,-1.1645131,-4.120063,-2.0439045,-0.1883626,-2.775004,-3.2338536,-0.2516505,-1.7744107,-1.8900664,-3.3436193,1
1.0,1,9.125345,11.13657,-0.079499185,0.07820858,-1.4539359,-1.1632793,1.3154035,0.2569043,-2.1444476,-2.120146,-1.1645887,-4.120027,-2.0439389,-0.18829995,-2.774662,-3.2337236,-0.25162303,-1.7743099,-1.889866,-3.3433735,1
1.0,1,9.120923,11.140256,-0.08040245,0.07860576,-1.4549536,-1.1638387,1.3155054,0.25738811,-2.1453385,-2.1196034,-1.1649113,-4.119767,-2.0441105,-0.18802565,-2.7729425,-3.2331245,-0.25147718,-1.7737861,-1.8888859,-3.3422678,1
1.0,1,9.120133,11.140911,-0.08056253,0.07869752,-1.4551132,-1.1639436,1.3155292,0.25748664,-2.1455116,-2.1195443,-1.1649568,-4.1197324,-2.0441587,-0.18797743,-2.7726364,-3.23301,-0.25145513,-1.773699,-1.8887055,-3.3420599,1
1.0,1,9.125283,11.136621,-0.079523705,0.07819521,-1.4539589,-1.1632771,1.3154122,0.25690985,-2.1444533,-2.120127,-1.1645933,-4.120012,-2.0439386,-0.18829817,-2.7746296,-3.2337215,-0.2516215,-1.7742994,-1.8898543,-3.343368,1
1.0,1,9.125183,11.136702,-0.07952468,0.07823993,-1.4539628,-1.1633091,1.3154167,0.256927,-2.1444585,-2.1201527,-1.164621,-4.120036,-2.04395,-0.18827713,-2.7746072,-3.2337015,-0.25162774,-1.7743021,-1.889839,-3.3433096,1
3.0,3,0.0037951097,0.33478063,1.2876573,11.660412,-1.2176211,-2.5524728,-0.8273179,-3.519257,-1.4814991,-1.1214628,0.9149543,-2.4260972,2.461678,-0.40396503,-2.8779578,-2.028222,0.84623957,1.1069348,-3.3809378,-0.21898173,1
3.0,3,0.003774397,0.33472565,1.2874845,11.660313,-1.2178917,-2.5525706,-0.827512,-3.519208,-1.4811373,-1.1210518,0.91467696,-2.4261146,2.4623322,-0.40364555,-2.8779216,-2.0282643,0.84591156,1.1063719,-3.3810422,-0.2187277,1
3.0,3,0.0062289312,0.33370417,1.2844527,11.666367,-1.2143146,-2.5511394,-0.82636714,-3.516846,-1.4792385,-1.1187186,0.9143838,-2.426104,2.4540303,-0.40681404,-2.8784924,-2.0284965,0.84599274,1.0966547,-3.3784432,-0.21263885,1
3.0,3,0.0044143423,0.33422923,1.2864534,11.662009,-1.2171209,-2.552168,-0.8274483,-3.5184264,-1.4801445,-1.1199937,0.9140375,-2.4260907,2.4608395,-0.40401435,-2.8780484,-2.0284011,0.8456129,1.1027837,-3.3804548,-0.21662226,1
3.0,3,0.0034698471,0.33448493,1.286797,11.660051,-1.2180219,-2.552765,-0.8276317,-3.519543,-1.4803647,-1.1206865,0.91481304,-2.426197,2.4621947,-0.40415198,-2.8778067,-2.0281765,0.846074,1.1065472,-3.3806589,-0.2168677,1
3.0,3,0.0037891269,0.3342892,1.2850338,11.661638,-1.2164067,-2.5514402,-0.82699966,-3.519656,-1.4798434,-1.1213031,0.9157619,-2.4259515,2.457825,-0.4062976,-2.877347,-2.0284405,0.8467598,1.1060594,-3.3793662,-0.21450035,1
5.0,5,-1.7948542,-1.6264675,-2.1908753,-1.2216206,3.0262985,13.051401,-2.3460395,0.22472914,-0.16724327,-1.5437962,-1.1679854,0.79416376,-3.8403287,1.3175242,0.32627994,-2.1849709,0.6403497,1.5842037,-1.3690187,-2.0607584,1
5.0,5,-1.7948526,-1.6264638,-2.1908736,-1.2216197,3.0262742,13.051412,-2.3460197,0.22475173,-0.16726694,-1.5438173,-1.1679752,0.7941822,-3.8403313,1.3175033,0.3262816,-2.184961,0.6403505,1.584202,-1.369003,-2.0607672,1
5.0,5,-1.7948496,-1.6264457,-2.190875,-1.2216293,3.0260875,13.051444,-2.3459194,0.2248844,-0.16738045,-1.5439293,-1.167928,0.79431397,-3.8403263,1.3174877,0.32628128,-2.1849241,0.64033645,1.584159,-1.3689337,-2.0608034,1
5.0,5,-1.7948506,-1.6264379,-2.1909013,-1.2216575,3.0259583,13.051446,-2.3458827,0.22496207,-0.16741219,-1.5439863,-1.1679217,0.79440856,-3.8403008,1.3175963,0.32629025,-2.1849325,0.6403039,1.5840741,-1.3689238,-2.0607903,1
5.0,5,-1.794853,-1.6264666,-2.1908748,-1.2216196,3.0262754,13.051412,-2.3460186,0.22475155,-0.16726446,-1.5438172,-1.1679759,0.79418385,-3.8403308,1.3175149,0.32627687,-2.184965,0.64034915,1.5841974,-1.3690046,-2.0607655,1
5.0,5,-1.7948526,-1.6264695,-2.1908827,-1.2216282,3.026235,13.0513935,-2.346032,0.22473915,-0.16724667,-1.5437962,-1.1679825,0.7941958,-3.84031,1.3175814,0.32625222,-2.1849828,0.6403469,1.5841908,-1.3690171,-2.0607514,1
18.0,18,-1.3960353,-0.4461901,-1.0537246,-1.6994622,-1.5369364,-1.3946781,2.2201705,-4.342363,1.6434495,0.04273507,1.3152673,-1.1571645,-0.21422055,-2.076844,-1.7944028,0.4777998,-1.5905629,-1.7830774,12.691822,2.8569584,1
18.0,18,-1.3960305,-0.44619206,-1.0537572,-1.6994581,-1.5369002,-1.3946321,2.2202575,-4.342306,1.6433249,0.042724796,1.3152803,-1.1571909,-0.21424182,-2.0768285,-1.7944252,0.47785237,-1.5905812,-1.7830883,12.691817,2.8569417,1
18.0,18,-1.3961258,-0.44591177,-1.053185,-1.699167,-1.5373802,-1.3951006,2.2199764,-4.3429737,1.6435626,0.04232195,1.3151863,-1.1564103,-0.21406832,-2.0767734,-1.7939595,0.47741023,-1.5907762,-1.7829182,12.691965,2.8593504,1
18.0,18,-1.3962485,-0.4455305,-1.0522022,-1.6988711,-1.5381263,-1.3960267,2.2190394,-4.3443522,1.6450938,0.04186304,1.3148329,-1.1554253,-0.21370672,-2.0769033,-1.7933553,0.4764359,-1.5907453,-1.7825483,12.692132,2.8618395,1
18.0,18,-1.3960447,-0.44610575,-1.0536488,-1.6993829,-1.5369731,-1.3947202,2.2202947,-4.3424463,1.643291,0.04261136,1.3152438,-1.1570615,-0.21422458,-2.0768118,-1.7943736,0.4777962,-1.5905755,-1.783011,12.691825,2.8573692,1
18.0,18,-1.3960416,-0.4460876,-1.0536238,-1.6993723,-1.5369834,-1.3947477,2.2202928,-4.3424954,1.6433411,0.042589523,1.3152223,-1.1570498,-0.2142236,-2.076822,-1.7943716,0.47777152,-1.5905503,-1.7829913,12.691817,2.8573864,1
16.0,5,-4.611941,-0.11122959,-1.6774883,-2.788657,-2.034965,7.2883797,-2.4887772,-1.2904621,-0.16060507,0.70922,4.005496,0.84313923,-4.3608007,1.9446636,4.1035295,-2.3837845,2.7657182,4.460149,-2.842383,-2.8493893,0
16.0,5,-4.611946,-0.11123473,-1.6774868,-2.7886612,-2.0349724,7.2883534,-2.488778,-1.2904719,-0.16060808,0.70922923,4.005521,0.8431337,-4.360796,1.9446589,4.1035337,-2.383779,2.7657135,4.4601674,-2.842384,-2.849391,0
16.0,5,-4.611896,-0.11114376,-1.6774552,-2.7885773,-2.034986,7.2886133,-2.4887505,-1.2903421,-0.16061217,0.7091547,4.005206,0.8432212,-4.360835,1.9447001,4.1033216,-2.3838887,2.7659132,4.4600673,-2.8424013,-2.8494444,0
16.0,5,-4.6119266,-0.11119703,-1.6774718,-2.7886183,-2.0349739,7.2884755,-2.4887638,-1.2904168,-0.16061461,0.7091864,4.005366,0.8431808,-4.3608093,1.9446794,4.103439,-2.3838265,2.7658064,4.4601407,-2.8423977,-2.8494155,0
16.0,5,-4.6119347,-0.11121627,-1.677482,-2.7886415,-2.034967,7.288422,-2.4887712,-1.2904413,-0.16060653,0.709214,4.005448,0.8431526,-4.3608065,1.944671,4.1034856,-2.3838048,2.7657456,4.460141,-2.8423855,-2.8494039,0
16.0,5,-4.6119328,-0.1112218,-1.6774853,-2.788649,-2.0349712,7.288395,-2.4887764,-1.2904531,-0.16060701,0.7092073,4.0054703,0.84315187,-4.360803,1.9446641,4.103508,-2.3837957,2.7657557,4.460138,-2.8423886,-2.8493934,0
7.0,7,-0.5013964,-0.8974838,-1.9987284,-2.3787658,1.1729276,0.5585329,1.020325,12.370385,-0.71992326,-0.12299799,-0.55881506,0.1288616,-1.6645029,-0.5312924,-3.081644,-0.45201218,-2.0263681,-2.0018942,-2.888593,-0.92340016,1
7.0,7,-0.50133973,-0.89757466,-1.9988188,-2.3786995,1.1736699,0.5589874,1.019651,12.370228,-0.7201037,-0.123124495,-0.558798,0.12884678,-1.664508,-0.5313451,-3.081685,-0.45186558,-2.0263128,-2.0018117,-2.8886168,-0.9238128,1
7.0,7,-0.5019414,-0.89766854,-1.9989753,-2.378725,1.1740091,0.5599389,1.0180352,12.369788,-0.7201359,-0.12288995,-0.56012565,0.12919155,-1.6643836,-0.530766,-3.081264,-0.4512657,-2.0261703,-2.000905,-2.8885608,-0.92185724,1
7.0,7,-0.502049,-0.8975818,-1.999266,-2.3786657,1.174671,0.5604024,1.0171586,12.369459,-0.7205941,-0.1232348,-0.5600919,0.12941393,-1.6644243,-0.530884,-3.0813222,-0.45062894,-2.0259936,-2.0006573,-2.8883886,-0.921281,1
7.0,7,-0.50141746,-0.8975954,-1.9988497,-2.3786817,1.1738921,0.5592028,1.0193095,12.370145,-0.72017294,-0.12310858,-0.55901057,0.1288638,-1.6644629,-0.5312821,-3.0816536,-0.45171928,-2.0262818,-2.001683,-2.8886013,-0.9236736,1
7.0,7,-0.5014321,-0.89751756,-1.9988132,-2.3787901,1.172997,0.55867743,1.0199199,12.3702755,-0.71990895,-0.122991934,-0.55874395,0.12892498,-1.6645432,-0.53125995,-3.0815525,-0.4519477,-2.0263665,-2.001797,-2.8885365,-0.9230885,1
17.0,17,-1.9834247,-1.3216206,-0.620975,-1.9634967,-0.8982265,-0.5230793,-0.7320552,-0.8749081,-1.7352501,-0.9419405,0.841385,0.71033406,0.07621333,1.4021243,-1.1311024,0.6316916,-0.59616417,12.288473,-1.4143002,-1.269676,1
17.0,17,-1.9834377,-1.3215649,-0.6209195,-1.9634819,-0.89824635,-0.5230418,-0.7320539,-0.87495315,-1.7352552,-0.9419582,0.8411789,0.7103526,0.07624595,1.4021467,-1.1311526,0.63173497,-0.5960453,12.288469,-1.4142307,-1.2697661,1
17.0,17,-1.9834584,-1.3212303,-0.62074244,-1.9635819,-0.89870507,-0.5227431,-0.7325634,-0.87503064,-1.7351372,-0.9420554,0.8403373,0.71141976,0.076522276,1.4019718,-1.1306576,0.6317138,-0.5955789,12.288505,-1.4142258,-1.2706997,1
17.0,17,-1.9835004,-1.3212482,-0.6206046,-1.9636321,-0.8984611,-0.52278733,-0.73222613,-0.87490404,-1.7352363,-0.94213337,0.8400248,0.711236,0.0764474,1.4021103,-1.1310555,0.63189584,-0.5956768,12.288395,-1.4139923,-1.2703842,1
17.0,17,-1.9834353,-1.3215214,-0.6208731,-1.9634789,-0.8982488,-0.52301925,-0.73205394,-0.8749417,-1.7352633,-0.94197303,0.84098893,0.7104064,0.07626847,1.4021696,-1.1311988,0.6317516,-0.59594816,12.2884655,-1.4142067,-1.2698088,1
17.0,17,-1.9834177,-1.3214452,-0.62082237,-1.9634663,-0.89834803,-0.5229807,-0.73216575,-0.87494844,-1.7352358,-0.94196975,0.84078723,0.7105517,0.07633804,1.4021559,-1.1311288,0.6317222,-0.5957992,12.288474,-1.4142426,-1.2699766,1
9.0,9,-1.6457515,-2.2067754,0.48696586,0.022587942,-4.1319413,-3.0707078,-2.585171,-0.36380038,-0.5606778,12.0579405,1.3408633,-1.8348627,2.1801918,0.7918878,-1.1343341,-0.09747665,0.5710234,-0.6872478,-0.043876562,-0.48202896,1
9.0,9,-1.6457574,-2.2067788,0.48694953,0.022592762,-4.1319437,-3.070708,-2.5851736,-0.36381444,-0.560682,12.057938,1.3409055,-1.8348753,2.1801753,0.7918772,-1.1343195,-0.09747875,0.5710292,-0.6872363,-0.043876562,-0.4820215,1
9.0,9,-1.6458479,-2.2068806,0.48658746,0.022665197,-4.132042,-3.0708165,-2.585225,-0.36413056,-0.56083435,12.057868,1.34183,-1.8350538,2.1799934,0.79168576,-1.1338336,-0.09742344,0.57108533,-0.6871296,-0.04393867,-0.48189378,1
9.0,9,-1.6459565,-2.206994,0.48635432,0.022752719,-4.132151,-3.0709627,-2.585213,-0.36438102,-0.5610376,12.057752,1.3425527,-1.8351583,2.1801374,0.79160887,-1.1334772,-0.09739224,0.5710332,-0.68712795,-0.0439615,-0.4818809,1
9.0,9,-1.6457642,-2.206788,0.486941,0.022597326,-4.13195,-3.0707228,-2.5851696,-0.36382714,-0.56069607,12.05793,1.340941,-1.8348768,2.1802032,0.79187703,-1.1343013,-0.09747645,0.5710194,-0.68724364,-0.043875556,-0.4820239,1
9.0,9,-1.6457824,-2.2067978,0.48692718,0.022618735,-4.131963,-3.0707288,-2.5851696,-0.3638517,-0.56071925,12.057915,1.341001,-1.8348849,2.1802285,0.79187846,-1.1342548,-0.097485796,0.571014,-0.68725336,-0.043880124,-0.4820431,1
14.0,14,-3.276587,1.6346778,-1.5517352,-2.7865837,1.2755176,0.55159456,-1.3386737,-1.8619056,-0.53587323,-1.3711689,-0.32494697,-0.11822397,-2.385167,-1.6536533,12.545855,5.903758,-1.5152496,-1.6453115,-2.0759847,0.4794472,1
14.0,14,-3.2766223,1.6346227,-1.5517379,-2.786623,1.2756069,0.5516721,-1.3386652,-1.8618255,-0.5358763,-1.3712355,-0.32502338,-0.11824747,-2.3851502,-1.6536534,12.545831,5.9039187,-1.5153146,-1.6453742,-2.0760076,0.47944725,1
14.0,14,-3.277005,1.6349955,-1.5518558,-2.786482,1.2765883,0.5530751,-1.3387549,-1.8613769,-0.5356454,-1.3720163,-0.32573196,-0.118197076,-2.3854315,-1.6536149,12.545869,5.903237,-1.5153791,-1.6454895,-2.0760787,0.47943646,1
14.0,14,-3.2772624,1.634878,-1.551954,-2.7866867,1.27713,0.55370426,-1.3387135,-1.8609569,-0.535724,-1.3724239,-0.32599524,-0.11827265,-2.3854482,-1.65363,12.545769,5.9038033,-1.5157509,-1.6457388,-2.0760763,0.4793455,1
14.0,14,-3.2766612,1.634589,-1.5517462,-2.7866528,1.2757094,0.5517707,-1.3386631,-1.8617622,-0.53589034,-1.3712771,-0.32507312,-0.118276365,-2.3851523,-1.6536628,12.545815,5.9040227,-1.515369,-1.6454303,-2.076006,0.47942692,1
14.0,14,-3.2767146,1.6350801,-1.551848,-2.7864234,1.2759082,0.5522641,-1.3387662,-1.8619192,-0.5357243,-1.3714559,-0.3249501,-0.118218504,-2.3854656,-1.653652,12.545933,5.9028716,-1.515142,-1.6452127,-2.075919,0.47940022,1
16.0,16,0.71930873,-0.9084995,-0.8268318,0.80986613,-1.1908969,-0.4426364,-0.446234,-1.3496264,-1.6936641,-0.6291426,1.2453458,2.2345634,-1.3805189,-1.7662591,-1.9919201,-1.8839333,12.198049,2.1929593,-3.3957152,-2.1338735,1
16.0,16,0.71931726,-0.90851206,-0.82683176,0.8098486,-1.1909616,-0.442547,-0.44629133,-1.3494798,-1.6936055,-0.62912,1.2453533,2.2346056,-1.3805382,-1.7662446,-1.9919101,-1.8840212,12.198035,2.1928992,-3.3958132,-2.13389,1
16.0,16,0.7192425,-0.9084961,-0.82681155,0.80971414,-1.1911498,-0.4424347,-0.44632733,-1.349158,-1.6934493,-0.629058,1.2453555,2.2345233,-1.3805798,-1.766179,-1.9918833,-1.8841842,12.197973,2.1930382,-3.3960297,-2.1340628,1
16.0,16,0.71924746,-0.9084542,-0.82678944,0.8096932,-1.1911306,-0.44240186,-0.44632667,-1.3491435,-1.6934414,-0.62904334,1.2452931,2.2344415,-1.3805987,-1.7661465,-1.9919058,-1.8841898,12.197964,2.1930857,-3.396064,-2.1340866,1
16.0,16,0.7193111,-0.90851295,-0.82683504,0.80984724,-1.1909693,-0.44253555,-0.44630885,-1.3494705,-1.6936014,-0.62911856,1.245355,2.2346134,-1.3805372,-1.7662376,-1.9919058,-1.884032,12.198038,2.192913,-3.3958275,-2.1338875,1
16.0,16,0.71931267,-0.908505,-0.8268295,0.8098472,-1.190919,-0.44259885,-0.44623446,-1.3495326,-1.6936349,-0.6291328,1.2453574,2.234551,-1.3805398,-1.7662545,-1.9919268,-1.883979,12.198032,2.1929412,-3.3957741,-2.133907,1
0.0,0,10.650659,0.19315332,2.0999317,-0.89113796,-0.8502692,-0.7117024,0.47060162,-2.157174,1.771791,-2.3450413,-1.7026873,-1.7680708,3.1774125,-1.025652,-3.0969872,-2.7323787,-0.41693985,-1.8681458,-3.4262612,-3.4180577,1
0.0,0,10.650888,0.19352078,2.0998986,-0.8910964,-0.850172,-0.7115735,0.47071815,-2.1571274,1.7718766,-2.3451073,-1.70266,-1.7682303,3.176715,-1.0257984,-3.0970268,-2.732516,-0.4169247,-1.868105,-3.4262366,-3.4179766,1
0.0,0,10.651332,0.19386566,2.099451,-0.8912233,-0.84981364,-0.7111848,0.4708956,-2.157143,1.7728661,-2.345105,-1.7024899,-1.768555,3.1745787,-1.0262085,-3.0967903,-2.7329402,-0.41699228,-1.8680068,-3.4262333,-3.4173584,1
0.0,0,10.651339,0.19371617,2.0994089,-0.89127576,-0.8497759,-0.7111581,0.47085848,-2.1571321,1.7728506,-2.3450322,-1.7024006,-1.7685425,3.1744938,-1.0261732,-3.0967145,-2.7329,-0.4170184,-1.8680022,-3.4262545,-3.4173725,1
0.0,0,10.650966,0.19363579,2.099897,-0.8910824,-0.85014176,-0.71153426,0.47075373,-2.1571102,1.7718829,-2.345126,-1.7026474,-1.7682816,3.1765032,-1.0258394,-3.0970407,-2.7325523,-0.41692013,-1.868093,-3.4262285,-3.4179633,1
0.0,0,10.651127,0.19401124,2.100064,-0.8909702,-0.8501256,-0.7115448,0.47084102,-2.157058,1.7716483,-2.345247,-1.702696,-1.7684265,3.1763728,-1.0258625,-3.0971775,-2.7325637,-0.41689312,-1.8681542,-3.4261358,-3.4180536,1
9.0,9,-1.8584809,-0.23710087,-0.7106916,-1.0338678,-1.8532361,-1.8727075,-3.8101008,0.87996066,-0.0066838413,10.529568,-0.7372324,-2.288107,1.3380164,0.8945227,-0.8746626,0.35276005,-0.6003692,-1.0563715,0.57659495,1.5274643,1
9.0,9,-1.8587044,-0.23725623,-0.7115301,-1.0337297,-1.8530905,-1.8726206,-3.8093083,0.8801191,-0.007686071,10.529161,-0.73705924,-2.2883213,1.3383764,0.8938643,-0.87482905,0.3532911,-0.60057104,-1.0559855,0.5780632,1.5280217,1
9.0,9,-1.8593185,-0.23375797,-0.7222585,-1.0354228,-1.8476053,-1.868473,-3.8146987,0.88073844,-0.008640036,10.525725,-0.7349613,-2.2784765,1.3283173,0.8948429,-0.8736285,0.35489216,-0.6019335,-1.0530263,0.5748773,1.5468159,1
9.0,9,-1.8602014,-0.23127869,-0.7284749,-1.0355712,-1.8440042,-1.8653854,-3.8175218,0.8809061,-0.009744607,10.522523,-0.733974,-2.273575,1.3220937,0.89571637,-0.87254834,0.35557637,-0.60192925,-1.0518374,0.57332456,1.5573324,1
9.0,9,-1.8587624,-0.23692834,-0.71214634,-1.033817,-1.8526891,-1.8722787,-3.8098278,0.8801381,-0.0076313987,10.528921,-0.7369575,-2.2875972,1.3375286,0.8940673,-0.87466836,0.3532979,-0.6005755,-1.0558645,0.57758594,1.5292774,1
9.0,9,-1.8587959,-0.23668507,-0.7126341,-1.0337762,-1.8524115,-1.8719858,-3.8101363,0.8801019,-0.0076557025,10.528577,-0.7369128,-2.2872474,1.3370346,0.8943493,-0.8745826,0.3532646,-0.6005355,-1.0558372,0.5772478,1.5299582,1
12.0,12,-0.36250785,-2.7812204,1.4347348,-1.0769918,-2.647824,-2.9424832,-0.6932798,-0.9155367,-0.158465,-0.74948317,-2.098388,-0.09874112,12.5991,2.9465165,-2.9932833,-0.11631429,-1.421978,-1.067806,1.1083024,-2.6795726,1
12.0,12,-0.36249778,-2.7812216,1.4347161,-1.0769929,-2.6478274,-2.9424872,-0.693273,-0.91553986,-0.15846515,-0.74948037,-2.0983636,-0.09875695,12.599091,2.9465046,-2.993289,-0.11631339,-1.421999,-1.0678204,1.1083374,-2.6795595,1
12.0,12,-0.36247188,-2.7812295,1.4345851,-1.0770031,-2.6478615,-2.942426,-0.69326496,-0.9155977,-0.1585038,-0.74948615,-2.0983043,-0.09879971,12.59904,2.946511,-2.9933462,-0.11627399,-1.4220322,-1.0678419,1.1085662,-2.6794975,1
12.0,12,-0.36233136,-2.7812893,1.4346186,-1.0769699,-2.647782,-2.942611,-0.6932695,-0.915565,-0.15836453,-0.7494139,-2.0981545,-0.09881357,12.599075,2.946166,-2.9933805,-0.11634684,-1.4220662,-1.0679425,1.1085837,-2.6795537,1
12.0,12,-0.36248875,-2.78123,1.4347005,-1.0769943,-2.647826,-2.9424899,-0.69327384,-0.91554856,-0.15844974,-0.74947786,-2.0983517,-0.098750494,12.599091,2.9464793,-2.9932985,-0.11631339,-1.4220064,-1.0678264,1.1083641,-2.6795583,1
12.0,12,-0.36251974,-2.7812097,1.4347433,-1.0769958,-2.6478302,-2.942479,-0.6932735,-0.91553,-0.15847588,-0.7494863,-2.0983922,-0.098756924,12.599098,2.9465432,-2.9932723,-0.1163135,-1.4219893,-1.0678025,1.1082929,-2.679569,1
2.0,2,5.2838936,-0.9876615,11.413388,-0.3186155,-0.016238317,-1.2387942,-0.9550295,-1.5961813,1.9753652,-1.140139,-2.795419,-3.3810241,0.21999812,-0.3586533,-1.3677461,-1.2626671,-0.38986367,-1.5625337,-2.7388253,-2.916292,1
2.0,2,5.284382,-0.9874761,11.413164,-0.31836894,-0.016178407,-1.2387618,-0.9549571,-1.596181,1.9750853,-1.1402087,-2.7952921,-3.3812344,0.21986037,-0.35860112,-1.3679721,-1.2627645,-0.3898468,-1.5625687,-2.7389095,-2.9164822,1
2.0,2,5.288558,-0.9860115,11.411229,-0.31670067,-0.015832677,-1.2384285,-0.95434487,-1.5961452,1.9731191,-1.140925,-2.794327,-3.3828375,0.21894434,-0.35806358,-1.3699524,-1.2636822,-0.38983715,-1.562933,-2.7395704,-2.918072,1
2.0,2,5.2898836,-0.9855634,11.41063,-0.3163577,-0.015769944,-1.2383653,-0.95416546,-1.5961148,1.9725837,-1.1411567,-2.7940607,-3.3832593,0.2187655,-0.35794237,-1.3705285,-1.2639796,-0.38984063,-1.5630766,-2.73972,-2.918548,1
2.0,2,5.2846723,-0.9873915,11.413022,-0.31827092,-0.01616627,-1.2387271,-0.95492125,-1.596179,1.9749978,-1.1402578,-2.7952302,-3.381348,0.21979813,-0.35853538,-1.3681175,-1.2628362,-0.38986647,-1.5626003,-2.7389715,-2.9165876,1
2.0,2,5.284479,-0.987445,11.413122,-0.3182806,-0.0161677,-1.2387551,-0.95494425,-1.5961738,1.9750241,-1.140211,-2.7952652,-3.3812964,0.21983089,-0.35856843,-1.368028,-1.2627866,-0.38985226,-1.5625846,-2.7389483,-2.9165304,1
3.0,3,1.7754382,-1.1693673,2.0855525,12.00151,0.06140738,-2.0629666,-0.46901917,-2.348526,-1.6699034,-0.9041016,2.0900605,-2.454597,1.2048283,-2.8449128,-2.8785176,-2.1717987,0.94166297,-0.5983846,-2.7966793,-2.7473078,1
3.0,3,1.775378,-1.1691343,2.0852084,12.001683,0.061422877,-2.0628877,-0.4689883,-2.3483782,-1.669852,-0.9041113,2.0899098,-2.454566,1.204787,-2.844741,-2.8785906,-2.1718001,0.9414909,-0.59864914,-2.79661,-2.7473102,1
3.0,3,1.7751738,-1.1695457,2.0845518,12.001755,0.06123051,-2.0628536,-0.46912336,-2.3484066,-1.6697751,-0.9038082,2.0903268,-2.454071,1.20493,-2.84491,-2.8786645,-2.1719859,0.94163185,-0.59827983,-2.7966223,-2.747095,1
3.0,3,1.7749665,-1.1689565,2.0841768,12.002062,0.061531425,-2.0628889,-0.46879315,-2.3482468,-1.6697966,-0.9042858,2.0899258,-2.454251,1.2045776,-2.844893,-2.878528,-2.1717541,0.94157255,-0.59869164,-2.796423,-2.7468488,1
3.0,3,1.7753029,-1.1688809,2.0848458,12.001847,0.061492085,-2.0628538,-0.46888494,-2.3482666,-1.6698323,-0.90422267,2.0898194,-2.454543,1.2046483,-2.844724,-2.878593,-2.1717706,0.94140506,-0.59884024,-2.7964964,-2.7472155,1
3.0,3,1.7751086,-1.1684765,2.0842855,12.002111,0.06167718,-2.0628421,-0.4687153,-2.348294,-1.6699353,-0.9045507,2.089789,-2.4545097,1.2043868,-2.844796,-2.8784652,-2.1717215,0.94152427,-0.59883577,-2.7963247,-2.7469628,1
15.0,15,-1.580179,-1.470765,0.025040258,-2.7125957,0.28526312,-0.8869953,-0.2930814,-0.674421,-1.8345542,-0.49388117,-1.6346169,-2.298157,-0.5657055,-0.17339739,4.2030616,11.584239,-2.4936674,-0.5681278,-1.7482117,0.15732247,1
15.0,15,-1.5801852,-1.470751,0.025036175,-2.7125921,0.28527635,-0.8869819,-0.29307193,-0.6744201,-1.8345577,-0.49390927,-1.6346223,-2.2981572,-0.56571156,-0.1734032,4.203076,11.584242,-2.493667,-0.5681371,-1.7482086,0.15731698,1
15.0,15,-1.5802648,-1.4706678,0.025032151,-2.7125862,0.28527367,-0.88683045,-0.29300344,-0.6744766,-1.8345668,-0.49408135,-1.6346318,-2.2981582,-0.56575775,-0.1734377,4.203251,11.584254,-2.4936934,-0.56814635,-1.7481561,0.15725689,1
15.0,15,-1.580289,-1.4706477,0.025038306,-2.7125788,0.2852856,-0.88677174,-0.29298812,-0.6744919,-1.8345786,-0.49413326,-1.6346481,-2.2981598,-0.5657717,-0.17343497,4.203282,11.584255,-2.493705,-0.56813014,-1.7481452,0.15722997,1
15.0,15,-1.5801828,-1.4707483,0.025036026,-2.7125869,0.28529713,-0.8869807,-0.29307184,-0.6744073,-1.8345655,-0.49391863,-1.6346327,-2.2981567,-0.56571144,-0.17340137,4.203068,11.584247,-2.4936664,-0.5681411,-1.7482154,0.15731196,1
15.0,15,-1.5801919,-1.4707524,0.025049482,-2.7125933,0.2852652,-0.88695455,-0.2930755,-0.6744271,-1.8345495,-0.493907,-1.6346327,-2.2981596,-0.5657157,-0.17340218,4.2030835,11.584238,-2.493672,-0.5681308,-1.7482007,0.15730332,1
10.0,10,-0.60143584,-3.131512,-2.787135,-0.58890486,-0.42174304,-2.2025847,-0.5474262,-0.57128555,0.1743232,-0.3473606,11.954447,1.9619809,-1.979368,-3.83611,1.4273044,-2.4144948,-0.22558202,-0.30261046,-0.85833454,1.813332,1
10.0,10,-0.6014321,-3.1315167,-2.7871614,-0.5889014,-0.4217199,-2.202575,-0.54744744,-0.5712485,0.17427129,-0.347349,11.954449,1.9620074,-1.9793743,-3.8360872,1.4273022,-2.4144785,-0.2255622,-0.3026029,-0.8583972,1.8133222,1
10.0,10,-0.60140777,-3.131511,-2.7872403,-0.5888282,-0.4215135,-2.2026618,-0.5474412,-0.5709441,0.17404202,-0.34749165,11.954399,1.9622034,-1.9793838,-3.8362486,1.4272715,-2.4145505,-0.22495803,-0.3027526,-0.858704,1.813102,1
10.0,10,-0.6013594,-3.1315482,-2.787146,-0.58888245,-0.42155546,-2.2026324,-0.5474645,-0.5709707,0.1740869,-0.34742856,11.954388,1.96212,-1.9793167,-3.8362215,1.4272776,-2.414498,-0.22520779,-0.30273706,-0.8586745,1.8130943,1
10.0,10,-0.60143715,-3.131535,-2.787152,-0.58892775,-0.421767,-2.2025492,-0.5474669,-0.5712716,0.17432067,-0.34731698,11.954441,1.9620332,-1.9793595,-3.8360462,1.4273154,-2.4144514,-0.22572364,-0.30258238,-0.8583755,1.8133832,1
10.0,10,-0.6014324,-3.1315231,-2.787121,-0.58891153,-0.4217443,-2.2025921,-0.54743075,-0.5712476,0.17433277,-0.3473703,11.954429,1.9620168,-1.9793478,-3.8361294,1.4273082,-2.414499,-0.22557972,-0.30263302,-0.85835767,1.8133321,1
14.0,15,-3.568118,-1.5146916,-1.0013082,-1.9715472,-0.7274213,0.23039144,-2.2703748,-1.8369503,-1.8366194,1.7415729,-0.7971493,-2.7899666,-0.29450953,-1.0292188,4.777105,10.638278,-1.6172732,2.5236933,-1.3472116,-0.034523584,0
14.0,15,-3.5681105,-1.5148112,-1.0013295,-1.971373,-0.72740823,0.23028246,-2.2705262,-1.8369095,-1.8365564,1.7421128,-0.79715014,-2.790093,-0.29454154,-1.0291611,4.7764783,10.638109,-1.6171827,2.5239248,-1.3472618,-0.03419832,0
14.0,15,-3.568659,-1.5151124,-1.0019085,-1.9727298,-0.72855365,0.22736281,-2.2719,-1.8371361,-1.8364143,1.7475501,-0.79441684,-2.7909107,-0.2951155,-1.0281779,4.774251,10.636628,-1.616787,2.5267112,-1.347639,-0.029381773,0
14.0,15,-3.5675945,-1.5151843,-1.0011716,-1.9702471,-0.72530687,0.23541076,-2.268736,-1.8346219,-1.8347389,1.7344805,-0.8019211,-2.7868326,-0.294303,-1.0303783,4.7777686,10.640469,-1.6206515,2.5193105,-1.34653,-0.039224647,0
14.0,15,-3.5678596,-1.5149423,-1.0011286,-1.9703848,-0.7265956,0.23214844,-2.269946,-1.8364879,-1.8362044,1.7394862,-0.7989025,-2.7894032,-0.29435828,-1.0296782,4.776678,10.638771,-1.6177729,2.522607,-1.3470801,-0.036432378,0
14.0,15,-3.5679073,-1.5149305,-1.0011665,-1.9704959,-0.72667545,0.23197648,-2.2700086,-1.8365381,-1.836208,1.7397298,-0.7987031,-2.789438,-0.2943995,-1.0296303,4.7766724,10.638693,-1.6177549,2.5227695,-1.3470991,-0.03617128,0
13.0,13,-2.0075457,0.2977493,-0.92998093,-2.1024885,-2.9498608,2.3088942,-2.2472172,-0.64832973,3.2043242,1.1562518,-2.3380606,0.59945947,-1.4322109,11.206652,-0.6210487,-2.6720297,-2.5279307,0.9446367,-3.2668278,-0.6516489,1
13.0,13,-2.0075538,0.2977745,-0.92999274,-2.1024566,-2.94986,2.3089297,-2.2472048,-0.64831,3.2042694,1.1562264,-2.3380618,0.5994723,-1.4322153,11.20666,-0.6210905,-2.6720264,-2.5279224,0.9446429,-3.2668219,-0.65166956,1
13.0,13,-2.007607,0.2979498,-0.9301454,-2.102338,-2.949916,2.309067,-2.2471454,-0.64822733,3.2040594,1.1560609,-2.3380027,0.5997418,-1.4323099,11.206617,-0.62110585,-2.6720679,-2.5278738,0.9446712,-3.266791,-0.65170664,1
13.0,13,-2.0076518,0.29800782,-0.93016165,-2.102314,-2.949899,2.309066,-2.247136,-0.6482245,3.20399,1.1560293,-2.3379922,0.5997466,-1.4323453,11.2066145,-0.62101334,-2.6720452,-2.527867,0.94467384,-3.2667902,-0.6516953,1
13.0,13,-2.0075583,0.29777914,-0.92999446,-2.102464,-2.9498801,2.3089132,-2.2471962,-0.6483034,3.2042582,1.1562291,-2.3380618,0.5994653,-1.4321895,11.20668,-0.62109643,-2.672016,-2.5279274,0.9446376,-3.2668176,-0.6516703,1
13.0,13,-2.007551,0.2977673,-0.9299692,-2.1024687,-2.9498577,2.3089087,-2.2472034,-0.64831,3.204263,1.1562433,-2.3380735,0.59941685,-1.4321865,11.20669,-0.6211044,-2.6720061,-2.5279303,0.94463915,-3.2668228,-0.65167546,1
14.0,14,-3.7166588,1.510172,-1.8763872,-2.2258677,1.7733148,3.8608332,-1.7309822,-1.2774123,0.58814883,-1.9248087,-0.11913246,1.5848254,-3.2345476,-0.9415594,11.799784,1.8369261,-1.695608,-1.274494,-2.4039955,0.49708766,1
14.0,14,-3.716658,1.5101715,-1.876391,-2.2258666,1.7732855,3.860777,-1.730972,-1.2774149,0.5881344,-1.9247992,-0.11909516,1.5848225,-3.2345343,-0.94155467,11.7998,1.8369479,-1.6956201,-1.2745045,-2.4039993,0.4970945,1
14.0,14,-3.716631,1.5102094,-1.8764201,-2.2258663,1.7732338,3.8606453,-1.7309105,-1.2773603,0.5880972,-1.9248468,-0.119010895,1.5848559,-3.2345042,-0.9415074,11.799808,1.8369229,-1.6956563,-1.2746004,-2.4040005,0.4971131,1
14.0,14,-3.7165968,1.5102812,-1.876428,-2.2258618,1.7732838,3.860675,-1.7308758,-1.2773055,0.5881063,-1.9249437,-0.11905865,1.5848897,-3.2345207,-0.94147485,11.799753,1.8367976,-1.6956313,-1.2746626,-2.4039712,0.49711168,1
14.0,14,-3.716658,1.5101731,-1.8763905,-2.2258644,1.7733032,3.860806,-1.730976,-1.2774149,0.5881459,-1.9248059,-0.11910828,1.5848225,-3.2345436,-0.94155645,11.799787,1.8369286,-1.695616,-1.2745031,-2.4039977,0.49709278,1
14.0,14,-3.7166576,1.5101779,-1.8763918,-2.2258716,1.7733433,3.86088,-1.7309805,-1.2773923,0.5881667,-1.9248334,-0.11915286,1.5848415,-3.2345617,-0.9415461,11.799758,1.8368798,-1.6956083,-1.2745093,-2.4039934,0.49708557,1
5.0,5,-2.2631986,-1.1934799,-2.1236105,-1.8302964,0.5951644,12.18742,-3.3720975,-0.895273,-0.43628767,-0.8934829,-1.3517753,0.8207289,-2.61521,2.6232893,0.34269443,-1.0856566,0.4793085,4.0178447,-0.9291359,-2.4295063,1
5.0,5,-2.2631772,-1.1934979,-2.1236153,-1.830277,0.5951762,12.187449,-3.3720691,-0.8952692,-0.43629238,-0.8934798,-1.3517703,0.8207167,-2.615216,2.623307,0.34262326,-1.08567,0.47931504,4.0177875,-0.9291046,-2.429497,1
5.0,5,-2.2631323,-1.1935338,-2.1236422,-1.83023,0.5952234,12.187493,-3.371994,-0.8952773,-0.43630257,-0.89348197,-1.3517573,0.8206906,-2.615256,2.6233776,0.3424539,-1.08572,0.47933942,4.01767,-0.92903435,-2.4294682,1
5.0,5,-2.263181,-1.1934942,-2.1236267,-1.8302698,0.59521586,12.187452,-3.3720603,-0.89527863,-0.4362947,-0.8934893,-1.3517708,0.8207106,-2.6152458,2.6233249,0.3426042,-1.0856854,0.4793206,4.017799,-0.9290965,-2.4294872,1
5.0,5,-2.2631829,-1.1934899,-2.123612,-1.8302789,0.5951843,12.187445,-3.3720784,-0.89526534,-0.43628976,-0.8934816,-1.3517745,0.82071674,-2.615222,2.6232908,0.34264967,-1.0856649,0.47931015,4.0177946,-0.9291135,-2.4294975,1
5.0,5,-2.2631938,-1.1934826,-2.1236117,-1.8302883,0.5951788,12.187432,-3.37209,-0.89526945,-0.43628874,-0.8934851,-1.3517752,0.82072425,-2.61522,2.6232872,0.3426796,-1.0856606,0.4793089,4.0178237,-0.9291269,-2.4295018,1
2.0,18,-1.5843117,-1.7804518,2.9887853,0.5567644,-3.2377834,-2.396037,3.5670094,-4.983306,2.6878517,-0.5594704,1.406779,0.15496723,0.87513316,-1.9713304,-1.7988275,-0.8042241,-2.3574693,-3.2409627,10.195619,2.3758695,0
2.0,18,-1.5845339,-1.7799276,2.9916663,0.5583664,-3.2380912,-2.3959868,3.5668411,-4.9836287,2.686699,-0.56061184,1.4043498,0.15614454,0.87572056,-1.9708432,-1.7987914,-0.80365485,-2.357035,-3.2405872,10.1945305,2.3765576,0
2.0,18,-1.5856022,-1.7816056,2.989812,0.55893856,-3.239417,-2.39616,3.563325,-4.9831333,2.6895509,-0.5583569,1.4028748,0.15917775,0.87716097,-1.9697002,-1.7972189,-0.80398715,-2.360086,-3.242572,10.195136,2.3831456,0
2.0,18,-1.6010591,-1.8039671,3.0750315,0.5918475,-3.2615635,-2.4043972,3.5148716,-4.9681783,2.726964,-0.56459635,1.3640591,0.20273812,0.8926175,-1.9664147,-1.7779752,-0.8188393,-2.3877392,-3.2634237,10.160185,2.451899,0
2.0,18,-1.5849094,-1.7799957,2.995922,0.5605497,-3.2388632,-2.3959086,3.5659544,-4.9838223,2.6863737,-0.5617298,1.4011874,0.1582742,0.87673026,-1.9702415,-1.7984174,-0.8034374,-2.357307,-3.2406924,10.192592,2.378429,0
2.0,18,-1.5853976,-1.7789992,2.997199,0.5626178,-3.2395742,-2.3953242,3.5656674,-4.9853697,2.6838288,-0.56237847,1.3969097,0.16137886,0.8780765,-1.9687976,-1.7983239,-0.8016818,-2.3564296,-3.2394483,10.191723,2.3801286,0
7.0,7,-0.08735174,-1.5397775,-0.467638,-1.666582,-0.69235146,-0.4756408,1.1482147,11.997715,0.6579373,1.8663882,0.2238049,0.099162325,-1.213771,-0.97327286,-2.4333997,-2.5243578,-2.1039298,-1.7729925,-3.7674696,-3.4656332,1
7.0,7,-0.087268196,-1.5396699,-0.46803033,-1.666641,-0.6915967,-0.47493115,1.1474357,11.997968,0.6573736,1.8657922,0.2236592,0.09936339,-1.2139481,-0.97319263,-2.433475,-2.5238185,-2.1039932,-1.7727046,-3.7674625,-3.4655979,1
7.0,7,-0.08735173,-1.5392654,-0.46819022,-1.6664399,-0.69045854,-0.47445247,1.1476614,11.998463,0.65590084,1.864933,0.22293153,0.09922899,-1.2140855,-0.97277224,-2.4337897,-2.5234609,-2.1038775,-1.7714016,-3.7678585,-3.4656608,1
7.0,7,-0.08733127,-1.5392941,-0.46873274,-1.6667475,-0.68978405,-0.4731858,1.145923,11.9987755,0.6556775,1.863912,0.2229621,0.10006933,-1.2141021,-0.97298235,-2.4335837,-2.5221798,-2.1043289,-1.7722129,-3.7671747,-3.4660685,1
7.0,7,-0.08740658,-1.5394613,-0.4680622,-1.6665857,-0.69117063,-0.4748247,1.1474938,11.998201,0.6566871,1.8653244,0.22337493,0.099388555,-1.2138972,-0.9730217,-2.433537,-2.5235355,-2.1040325,-1.7721837,-3.7675152,-3.465714,1
7.0,7,-0.08732191,-1.5397719,-0.46769097,-1.6665708,-0.6923161,-0.4756826,1.1482025,11.997695,0.65792096,1.8664728,0.22384797,0.09908463,-1.2138244,-0.9732528,-2.4334269,-2.524431,-2.103873,-1.7728615,-3.7675476,-3.4655075,1
14.0,14,-3.2210777,0.37085128,-1.0649548,-1.9376994,0.35896105,0.704389,-2.5284731,-1.1720093,-0.4180846,1.5802064,-1.3160163,1.0859313,-1.0777057,-0.97100717,12.172269,2.8096752,-0.28211442,-1.4512985,-2.5289438,0.77282953,1
14.0,14,-3.221041,0.3709316,-1.065122,-1.9377049,0.35930616,0.70481217,-2.528488,-1.1717699,-0.4181292,1.5796405,-1.316035,1.0858676,-1.0778315,-0.9711768,12.172409,2.8097594,-0.28223217,-1.451347,-2.5290024,0.7727498,1
14.0,14,-3.2207618,0.37346855,-1.0664308,-1.9380933,0.36392713,0.7093308,-2.5275369,-1.1714925,-0.41876826,1.571537,-1.3164885,1.0854107,-1.080367,-0.9725679,12.174392,2.8103456,-0.2829313,-1.4509605,-2.5286956,0.77226007,1
14.0,14,-3.220721,0.37409234,-1.0666242,-1.9381677,0.3648246,0.71005285,-2.5271914,-1.1715952,-0.4190106,1.5699428,-1.3165712,1.0853276,-1.0808855,-0.9728255,12.174803,2.8105078,-0.28304026,-1.4509335,-2.5284598,0.7721516,1
14.0,14,-3.22105,0.37096053,-1.0651164,-1.9376955,0.3593526,0.7048288,-2.5284538,-1.1717588,-0.4181857,1.579637,-1.3160408,1.0858519,-1.0778514,-0.97118616,12.172405,2.8097517,-0.2822265,-1.4513668,-2.52895,0.7727148,1
14.0,14,-3.2210503,0.37131938,-1.065109,-1.9377358,0.35972482,0.70505196,-2.528246,-1.1720643,-0.41825303,1.5790006,-1.3160791,1.0858294,-1.0781507,-0.9712098,12.172561,2.8096972,-0.28216958,-1.4512542,-2.5287664,0.77272016,1
18.0,18,-2.5538635,-0.3941182,-0.44611308,-2.5748692,-0.54950875,-1.4334347,-0.38799298,-2.5967393,3.2198691,-0.16563696,-1.6283283,-1.3849589,1.8643999,-2.1604955,-0.58315253,1.5507768,-2.2672565,-2.5055633,11.724749,8.38862,1
18.0,18,-2.5539606,-0.3941521,-0.44608137,-2.5747979,-0.54949796,-1.4334612,-0.38801184,-2.596713,3.2197099,-0.1655319,-1.6283,-1.3848186,1.864288,-2.1604326,-0.58309484,1.5508366,-2.2671711,-2.5055125,11.724533,8.389102,1
18.0,18,-2.5546815,-0.39426136,-0.4455787,-2.574133,-0.5495072,-1.4335332,-0.3879915,-2.5968175,3.2186399,-0.16525705,-1.6281949,-1.3837583,1.863624,-2.1600916,-0.5825644,1.5512062,-2.2665365,-2.5051358,11.723035,8.392169,1
18.0,18,-2.554763,-0.39448348,-0.44505236,-2.5740657,-0.5492669,-1.434168,-0.38822404,-2.596662,3.2183728,-0.16464387,-1.628448,-1.3837408,1.8639553,-2.160185,-0.5823878,1.5515774,-2.266224,-2.5051272,11.721775,8.393991,1
18.0,18,-2.554012,-0.39410284,-0.4460844,-2.574741,-0.5495466,-1.4333628,-0.38793963,-2.5968034,3.2197254,-0.1657119,-1.6282669,-1.3847258,1.8642182,-2.1604142,-0.5830573,1.5507866,-2.2671752,-2.5054991,11.7246275,8.38897,1
18.0,18,-2.5539532,-0.39405048,-0.44612044,-2.5747304,-0.549584,-1.4332614,-0.3878915,-2.5968654,3.2197816,-0.16589901,-1.6282474,-1.3847772,1.8642559,-2.1604283,-0.583117,1.5507234,-2.267243,-2.5055234,11.7248955,8.388463,1
1.0,1,4.305736,12.652763,0.5765886,0.036480214,-2.7919888,-1.6709472,-0.6254552,0.044035185,-1.7163674,0.41663438,-1.7577405,-3.5675528,-1.8497602,0.6318019,-0.08948216,-2.888521,0.35552093,-1.5470921,-1.727588,-2.2378473,1
1.0,1,4.304425,12.6528635,0.57640165,0.036652382,-2.7920413,-1.671054,-0.6256163,0.044069152,-1.7164826,0.41679573,-1.7575574,-3.567339,-1.8498551,0.63176775,-0.08889835,-2.8881683,0.3555148,-1.546958,-1.7271863,-2.2373474,1
1.0,1,4.300035,12.653135,0.57571316,0.036896255,-2.792283,-1.6712558,-0.6262781,0.04414239,-1.7168988,0.41746452,-1.7568178,-3.5664115,-1.85025,0.6314698,-0.08629788,-2.8870068,0.35559154,-1.546435,-1.7260431,-2.235783,1
1.0,1,4.2993793,12.653222,0.57554,0.03694291,-2.7922459,-1.6712568,-0.62630653,0.044144016,-1.7170446,0.41742536,-1.7566475,-3.5662625,-1.8503406,0.63136923,-0.08586176,-2.8868277,0.35558912,-1.5463232,-1.7257888,-2.2355576,1
1.0,1,4.304259,12.652867,0.5763733,0.036632013,-2.792065,-1.671058,-0.6256622,0.04407287,-1.7164983,0.4168646,-1.7575169,-3.567285,-1.8498741,0.6317315,-0.088744804,-2.8881218,0.3555254,-1.5469356,-1.7271576,-2.2372963,1
1.0,1,4.304252,12.652911,0.576355,0.036750253,-2.7920017,-1.6710838,-0.6255812,0.0440758,-1.7165246,0.4167236,-1.7575384,-3.5673492,-1.8498684,0.63177496,-0.088922605,-2.8881137,0.35549033,-1.54694,-1.727063,-2.2372558,1
16.0,16,-0.27062315,-0.9437484,-0.9494077,-0.26473823,0.71475667,-1.6537217,1.4389367,-3.2857206,-0.93598163,-1.202671,2.4917536,-0.67145485,-2.2472408,-3.342323,-1.5259244,-1.3198676,10.618534,3.1306298,-0.34157383,-0.9643419,1
16.0,16,-0.270658,-0.9437966,-0.9494818,-0.26480547,0.71476823,-1.6537685,1.4389614,-3.2857237,-0.9359385,-1.2027116,2.4919186,-0.67140836,-2.2472677,-3.3423817,-1.5258819,-1.3199036,10.618464,3.1306603,-0.34154344,-0.9642638,1
16.0,16,-0.27066183,-0.9439234,-0.949573,-0.26465896,0.7143015,-1.6534096,1.4382851,-3.2856467,-0.93586814,-1.2028701,2.4917352,-0.6702978,-2.2472062,-3.3422837,-1.5256143,-1.3200678,10.619151,3.1303134,-0.34177092,-0.9638785,1
16.0,16,-0.27057892,-0.9438069,-0.9495212,-0.26475927,0.714522,-1.6535773,1.4385563,-3.2856119,-0.935706,-1.2027762,2.4915617,-0.67086804,-2.2472417,-3.3423715,-1.5256863,-1.3199428,10.618887,3.1301,-0.34159058,-0.9641262,1
16.0,16,-0.27065837,-0.9437964,-0.94950426,-0.2648465,0.71475905,-1.653765,1.4389714,-3.2856886,-0.9358605,-1.2027123,2.4918869,-0.6714214,-2.2472906,-3.3424084,-1.5258616,-1.3199017,10.618449,3.1305773,-0.34149787,-0.9642808,1
16.0,16,-0.27059692,-0.94374466,-0.9494122,-0.2647513,0.71470034,-1.6536573,1.4388535,-3.285658,-0.9358523,-1.2026675,2.491582,-0.6713871,-2.2472463,-3.3423336,-1.5258869,-1.319862,10.618631,3.1303995,-0.3415171,-0.96434706,1
1.0,1,5.080126,11.597337,-2.6384077,-2.1421235,-1.0467541,2.9053395,-0.5477441,1.8444227,-2.8817089,-2.0814056,-1.4579406,-1.4396831,-2.359532,0.5913865,-0.67624646,-2.078381,-0.63259643,-1.5581719,-1.5814389,-2.764521,1
1.0,1,5.0799103,11.597306,-2.6384091,-2.1421185,-1.0467619,2.905499,-0.5477499,1.8444861,-2.8817465,-2.081404,-1.4579966,-1.4395993,-2.3595128,0.5914041,-0.67618984,-2.078362,-0.6325855,-1.558157,-1.5814359,-2.7645235,1
1.0,1,5.079123,11.597225,-2.6384337,-2.1421216,-1.0467731,2.906059,-0.5477789,1.8446904,-2.8818617,-2.0814135,-1.4581624,-1.43929,-2.359472,0.5914028,-0.6758984,-2.0782835,-0.6325556,-1.5581157,-1.5814046,-2.7645092,1
1.0,1,5.078873,11.597208,-2.6384528,-2.1421404,-1.0467817,2.9062157,-0.5477937,1.8447369,-2.8818796,-2.0814264,-1.4581902,-1.4391671,-2.3594751,0.59138715,-0.6757549,-2.0782647,-0.6325505,-1.5581057,-1.5813849,-2.7644873,1
1.0,1,5.0800233,11.597335,-2.6384103,-2.1421282,-1.0467491,2.9053934,-0.5477521,1.8444432,-2.8817196,-2.0814078,-1.4579576,-1.4396542,-2.359534,0.5913746,-0.67618585,-2.0783598,-0.632596,-1.5581703,-1.5814286,-2.7645102,1
1.0,1,5.080047,11.597322,-2.6384065,-2.1421201,-1.0467523,2.905404,-0.54774755,1.8444488,-2.8817253,-2.0814044,-1.4579664,-1.4396585,-2.3595235,0.5913933,-0.6762305,-2.0783715,-0.63259226,-1.5581667,-1.5814387,-2.764524,1
11.0,11,-1.8751636,-2.2749836,-3.1443639,-0.13144097,-2.449968,0.5230449,-0.26258403,0.023441095,-0.74022806,-1.2679807,2.3935182,13.126075,-1.4454013,-1.2305729,0.41657233,-0.6311164,1.1615988,1.8920906,-1.7718153,3.4748003,1
11.0,11,-1.8751559,-2.274972,-3.1443624,-0.13144621,-2.4499755,0.5230652,-0.26262462,0.023427282,-0.7402353,-1.2679737,2.3935328,13.126082,-1.4453963,-1.2305588,0.41659105,-0.631127,1.1615928,1.8921274,-1.7718413,3.4747577,1
11.0,11,-1.8751272,-2.2748919,-3.1443498,-0.13142624,-2.4500875,0.52329165,-0.26276904,0.02339894,-0.7401439,-1.2679443,2.39328,13.126155,-1.4453343,-1.2304281,0.41660893,-0.63124096,1.1615611,1.8922668,-1.77193,3.4744096,1
11.0,11,-1.875133,-2.274825,-3.1443462,-0.13139836,-2.450163,0.5234134,-0.26273257,0.02345853,-0.74003536,-1.2679355,2.3929365,13.126194,-1.445298,-1.2303659,0.416555,-0.6312957,1.161579,1.8922355,-1.7719256,3.474295,1
11.0,11,-1.8751569,-2.2749808,-3.144362,-0.1314433,-2.4499707,0.5230592,-0.2626167,0.023427907,-0.74023557,-1.267977,2.3935373,13.126082,-1.4453969,-1.2305628,0.41658553,-0.6311237,1.1615931,1.8921211,-1.7718365,3.4747655,1
11.0,11,-1.8751614,-2.2749643,-3.144359,-0.1314289,-2.4499965,0.52310205,-0.26259658,0.023446772,-0.7401916,-1.267976,2.3934116,13.126092,-1.4453844,-1.2305368,0.41655788,-0.6311412,1.1615968,1.8920997,-1.7718253,3.474733,1
16.0,16,0.9304831,-3.988844,-2.2134824,-0.9585898,-1.7519481,0.02621357,-1.0996652,2.091952,4.906994,-1.1708621,1.7285808,3.9492614,-1.2315173,-3.1811633,-1.4567984,-3.8245099,7.712356,-2.0710542,-3.3422213,-0.99122036,1
16.0,16,0.9303876,-3.988748,-2.2133996,-0.95848036,-1.751944,0.026253527,-1.0997729,2.0918264,4.9066734,-1.1708764,1.7284203,3.9494405,-1.2314769,-3.181068,-1.4567463,-3.8243945,7.712762,-2.0709856,-3.3422801,-0.9912108,1
16.0,16,0.9294493,-3.9876018,-2.2123573,-0.957422,-1.7520267,0.026825441,-1.1010364,2.090464,4.903712,-1.1709363,1.7264082,3.951069,-1.231269,-3.1798563,-1.4562887,-3.823242,7.7168775,-2.070323,-3.3427787,-0.9910043,1
16.0,16,0.92979527,-3.9880853,-2.2127995,-0.9579067,-1.7520119,0.026629066,-1.1005275,2.0910819,4.905069,-1.1709375,1.7271681,3.9504483,-1.2313776,-3.180332,-1.4564718,-3.8237271,7.7150497,-2.070625,-3.3425436,-0.99099374,1
16.0,16,0.9302963,-3.9886374,-2.213327,-0.958417,-1.751964,0.026304526,-1.0998201,2.0917854,4.906445,-1.1708937,1.7282913,3.9495747,-1.2315042,-3.1809742,-1.4566962,-3.8243291,7.7130365,-2.0709648,-3.3423162,-0.99119717,1
16.0,16,0.9304371,-3.9888172,-2.2134628,-0.9585574,-1.7519494,0.026242917,-1.0997071,2.0919223,4.90689,-1.1708874,1.728502,3.949373,-1.2315022,-3.1811185,-1.4567833,-3.824464,7.712478,-2.0710204,-3.3422515,-0.9911822,1
6.0,6,-0.060515407,-2.8341718,2.2001076,-1.5732062,-1.5781806,-0.37354454,9.391579,6.7250814,2.8718622,-1.7388057,-1.2838485,-0.53773,-3.1177902,-0.9233491,-2.9904423,-2.4666667,-1.4446534,-1.96515,-2.8744843,-2.0894861,1
6.0,6,-0.06128784,-2.8339908,2.1987524,-1.573207,-1.5778846,-0.3735575,9.392248,6.7259593,2.871056,-1.7385755,-1.284133,-0.5377439,-3.1178098,-0.9230602,-2.9902372,-2.4660509,-1.4444928,-1.965475,-2.8745546,-2.0896628,1
6.0,6,-0.06263314,-2.8334305,2.1981542,-1.5722526,-1.5776905,-0.37376055,9.395311,6.7243605,2.8686147,-1.7390047,-1.2846807,-0.5385178,-3.1175182,-0.9230716,-2.9904766,-2.4647286,-1.4433707,-1.9639808,-2.8734128,-2.0909479,1
6.0,6,-0.06540608,-2.8326204,2.1939592,-1.5724875,-1.5772331,-0.37357613,9.3972225,6.7270594,2.866183,-1.7384139,-1.2856867,-0.5383225,-3.1176887,-0.9219908,-2.9893742,-2.462633,-1.4427358,-1.9653343,-2.8736477,-2.090962,1
6.0,6,-0.06162767,-2.833961,2.1982932,-1.5732836,-1.5778619,-0.3735106,9.392374,6.726323,2.8707967,-1.7385371,-1.2842518,-0.5377048,-3.1178532,-0.9229051,-2.9899964,-2.4656713,-1.4445218,-1.9656662,-2.874634,-2.0896134,1
6.0,6,-0.06058462,-2.8342297,2.2000225,-1.5732095,-1.5782695,-0.37347168,9.391482,6.725175,2.8718972,-1.7388152,-1.2837461,-0.5376871,-3.1178253,-0.9233575,-2.9903774,-2.466644,-1.4446844,-1.965089,-2.8745246,-2.0894775,1
8.0,8,-0.4019119,-5.0383472,-0.14229916,-2.6985488,-1.0494064,-0.26775926,-2.7428772,-2.7237177,11.733882,2.2220957,-2.152054,-0.54574704,1.6149371,-2.0514557,-0.9606278,-1.6713897,-1.499555,-0.84003407,0.8972341,1.0689069,1
8.0,8,-0.40211216,-5.038429,-0.14235757,-2.6985996,-1.0493813,-0.26758313,-2.742898,-2.7237341,11.733756,2.2221713,-2.1519434,-0.54566467,1.614456,-2.0514755,-0.96061826,-1.6712207,-1.4996059,-0.83955276,0.897379,1.0689758,1
8.0,8,-0.4029503,-5.038309,-0.14154623,-2.6988168,-1.0491242,-0.26680174,-2.7429276,-2.7238307,11.733328,2.2222373,-2.1522386,-0.54568064,1.6123449,-2.051517,-0.9608898,-1.6706443,-1.4993886,-0.8373878,0.89799947,1.0687754,1
8.0,8,-0.40280452,-5.037736,-0.14106494,-2.6987147,-1.0488627,-0.26691708,-2.742669,-2.723814,11.73365,2.2217479,-2.1528618,-0.5461563,1.6127346,-2.0515234,-0.96120286,-1.671013,-1.4990846,-0.83808404,0.8982547,1.0685272,1
8.0,8,-0.40220404,-5.038425,-0.14237188,-2.6986098,-1.0493562,-0.26752287,-2.7428868,-2.7237368,11.733734,2.222181,-2.1519332,-0.54566526,1.6143118,-2.0514872,-0.96063805,-1.6711724,-1.4996277,-0.8394356,0.8974897,1.0689971,1
8.0,8,-0.40200305,-5.0380235,-0.14250927,-2.6984718,-1.049188,-0.26769367,-2.742644,-2.723647,11.734082,2.221812,-2.1521623,-0.54596037,1.6148381,-2.0515203,-0.9607858,-1.6715636,-1.499535,-0.84040326,0.89769334,1.0690408,1
4.0,4,0.2428208,-1.6528788,-0.71988904,-1.0277904,9.6092825,2.3291771,4.571018,4.9800982,-4.2965236,-4.786471,-3.0247223,-2.2677085,-1.4749253,-2.981971,-1.227368,6.4739223,-2.626084,-2.3914986,-1.8045951,-4.1158752,1
4.0,4,0.24283588,-1.6528782,-0.7198837,-1.0277925,9.609221,2.3291361,4.5710945,4.980138,-4.296544,-4.7864847,-3.0246952,-2.267721,-1.4749032,-2.981988,-1.2273935,6.4738994,-2.626097,-2.3915117,-1.8045604,-4.115919,1
4.0,4,0.24286968,-1.652856,-0.719907,-1.027777,9.609038,2.3290036,4.571559,4.980435,-4.296651,-4.786575,-3.024581,-2.2676988,-1.4748807,-2.982071,-1.227531,6.47365,-2.6261232,-2.3915844,-1.804454,-4.1161094,1
4.0,4,0.24290192,-1.6528661,-0.71990967,-1.0277698,9.608983,2.3289142,4.5716763,4.9804597,-4.2966557,-4.7865973,-3.0244877,-2.2677362,-1.4748827,-2.9821284,-1.2275746,6.4736114,-2.6261013,-2.3916473,-1.80439,-4.116146,1
4.0,4,0.24283147,-1.6528785,-0.71988004,-1.0277826,9.609269,2.3291357,4.57108,4.9800425,-4.2965417,-4.7864823,-3.024695,-2.2677264,-1.4749202,-2.9819863,-1.2273729,6.4739323,-2.6260722,-2.3915043,-1.8045552,-4.115892,1
4.0,4,0.242823,-1.6528739,-0.71988964,-1.027774,9.609285,2.3291206,4.5711346,4.980042,-4.296551,-4.786487,-3.0246856,-2.267717,-1.4749461,-2.9819906,-1.2273724,6.473912,-2.6260521,-2.3915136,-1.8045584,-4.115887,1
9.0,9,-2.0423992,0.105257966,2.1004007,-0.9832325,-3.3937879,-1.5966959,-3.788594,-0.6568847,0.041918553,10.4887,0.24820937,-1.7866358,0.2362279,-0.21314242,-0.71531814,-0.6652505,1.4034091,-0.10000738,1.745514,-2.2993243,1
9.0,9,-2.0424194,0.10526717,2.1003458,-0.98323834,-3.3937948,-1.5967066,-3.788566,-0.65688914,0.04188922,10.488728,0.24822007,-1.7866477,0.23623759,-0.21315742,-0.7152991,-0.665209,1.4033813,-0.09998859,1.7455491,-2.2992847,1
9.0,9,-2.042421,0.10541231,2.1001706,-0.9830035,-3.3937647,-1.5964819,-3.788708,-0.6566489,0.041776374,10.488641,0.24824996,-1.7864072,0.23596555,-0.21309555,-0.7154726,-0.6653652,1.4035461,-0.100119926,1.7454078,-2.2994537,1
9.0,9,-2.0425534,0.105637014,2.099761,-0.98281896,-3.3937738,-1.5963023,-3.7887545,-0.6564663,0.041621663,10.488602,0.24824463,-1.7861191,0.2358113,-0.21308765,-0.7154814,-0.665378,1.4036843,-0.10017494,1.7452934,-2.2995012,1
9.0,9,-2.0424454,0.10530027,2.100281,-0.98322105,-3.3938005,-1.5966914,-3.788561,-0.6568719,0.04186348,10.488729,0.24822097,-1.7866142,0.23622525,-0.21316403,-0.7152869,-0.66519606,1.403392,-0.099988975,1.7455454,-2.2992778,1
9.0,9,-2.0424356,0.105296835,2.1003006,-0.98321706,-3.3937948,-1.596682,-3.788578,-0.6568669,0.041879825,10.488714,0.24821056,-1.7866055,0.23622242,-0.21315119,-0.7152973,-0.66521734,1.4034122,-0.10000362,1.7455167,-2.2992992,1
11.0,11,-1.8353616,-3.372743,-2.535329,0.79457057,-2.0704384,0.9929948,-1.2878618,0.28933504,0.7790612,-1.4061009,-0.18618722,13.229832,-0.27356914,-1.6692975,-0.07169831,-0.5045275,2.150652,1.1848506,-2.2213368,1.6428208,1
11.0,11,-1.8353599,-3.37274,-2.535332,0.79455054,-2.0704353,0.9929861,-1.2878627,0.2893393,0.77906203,-1.4060957,-0.18617202,13.2298355,-0.27357206,-1.6693074,-0.07169545,-0.5045332,2.1506631,1.1848474,-2.2213342,1.6428307,1
11.0,11,-1.8353281,-3.3727658,-2.5353591,0.7945244,-2.0704415,0.9929979,-1.2878282,0.28934196,0.77909964,-1.4060663,-0.18619518,13.229788,-0.2735619,-1.6693032,-0.071722806,-0.5044949,2.150539,1.1849108,-2.221356,1.6427997,1
11.0,11,-1.8353176,-3.3727777,-2.5353422,0.79456973,-2.0704546,0.9930296,-1.2878554,0.28932092,0.7790975,-1.4060837,-0.18626077,13.229793,-0.27351522,-1.669255,-0.07172558,-0.5045205,2.1506026,1.184883,-2.2213833,1.6427349,1
11.0,11,-1.8353636,-3.372733,-2.5353277,0.7945431,-2.070436,0.99298066,-1.2878653,0.28934065,0.7790594,-1.4060992,-0.18616115,13.229841,-0.2735748,-1.6693107,-0.07169022,-0.5045399,2.150676,1.1848389,-2.221329,1.6428356,1
11.0,11,-1.8353593,-3.3727474,-2.535331,0.7945749,-2.0704398,0.9929996,-1.2878602,0.28933254,0.77906436,-1.4061011,-0.18619859,13.229824,-0.27356446,-1.6692913,-0.0717005,-0.504524,2.1506453,1.1848534,-2.2213414,1.6428161,1
11.0,11,-2.219538,-2.5191278,-3.6097248,-1.0533688,-3.8600905,0.42980596,0.29627165,-0.324765,0.77088785,-1.668252,2.0750847,12.921662,-1.4165891,-0.4957682,2.2172127,-0.31886166,1.4435351,1.3455999,-2.3753662,0.6283451,1
11.0,11,-2.219533,-2.519123,-3.6097229,-1.053363,-3.8600934,0.42981127,0.2962634,-0.32476464,0.77089435,-1.6682516,2.0750716,12.92167,-1.4165888,-0.49576232,2.2172103,-0.3188708,1.4435391,1.345596,-2.3753686,0.628343,1
11.0,11,-2.2194967,-2.5190754,-3.609696,-1.0533077,-3.860114,0.42987785,0.29620332,-0.32473668,0.7709273,-1.6682528,2.074949,12.921698,-1.4165704,-0.4957048,2.2171397,-0.31896707,1.4435598,1.3455896,-2.3753803,0.6283202,1
11.0,11,-2.2195065,-2.5190895,-3.6097147,-1.0533279,-3.8601103,0.4298413,0.29621992,-0.32475072,0.7709236,-1.668248,2.074995,12.921681,-1.4165776,-0.4957331,2.2171783,-0.3189289,1.4435579,1.3455771,-2.3753717,0.62833893,1
11.0,11,-2.219533,-2.5191212,-3.6097205,-1.0533613,-3.8600929,0.42981535,0.29626387,-0.3247619,0.77089465,-1.6682537,2.0750644,12.921674,-1.4165876,-0.49576107,2.2172046,-0.31887507,1.443539,1.3455962,-2.3753679,0.62834114,1
11.0,11,-2.2195342,-2.5191278,-3.6097224,-1.0533613,-3.860091,0.42981258,0.2962665,-0.32476097,0.7708911,-1.6682508,2.0750751,12.92167,-1.4165869,-0.4957635,2.2171984,-0.31887674,1.4435401,1.3456,-2.3753672,0.6283418,1
14.0,14,-3.1595564,1.5927523,-1.1924773,-2.1555982,0.34950072,0.1187388,-1.3538215,-2.429376,-0.22555223,-0.97343755,-0.46141794,0.9214917,-2.1712468,-1.1247244,12.537694,3.421249,-0.5478402,-0.28663155,-2.281134,0.7161797,1
14.0,14,-3.1595473,1.5927885,-1.1925086,-2.1555905,0.34959078,0.11883277,-1.3537918,-2.4293275,-0.22556213,-0.97355163,-0.4614385,0.92148376,-2.1712887,-1.12477,12.537707,3.4212554,-0.54786736,-0.2866979,-2.2811053,0.7161788,1
14.0,14,-3.1595361,1.5932531,-1.1928879,-2.1555946,0.35074812,0.12020051,-1.3536171,-2.428851,-0.2255747,-0.9747617,-0.46170157,0.9214477,-2.1719239,-1.125129,12.537748,3.4209292,-0.54812926,-0.2871612,-2.2807543,0.7160728,1
14.0,14,-3.159556,1.593388,-1.1930114,-2.1556375,0.3511412,0.12070657,-1.3536037,-2.4287093,-0.22555652,-0.9751183,-0.46180603,0.921453,-2.1721494,-1.1251985,12.537749,3.4207816,-0.5482146,-0.28725377,-2.280646,0.716022,1
14.0,14,-3.1595519,1.592786,-1.1925118,-2.1556013,0.34962457,0.118874416,-1.3537958,-2.4293141,-0.22556153,-0.9735665,-0.46145913,0.92148435,-2.1712978,-1.1247692,12.537712,3.4212565,-0.54787624,-0.28671184,-2.2810993,0.71617544,1
14.0,14,-3.1595707,1.5928422,-1.1925428,-2.1556056,0.34973747,0.11902932,-1.3538249,-2.4293108,-0.22553173,-0.97361887,-0.46146056,0.921486,-2.1713922,-1.124761,12.537691,3.4211006,-0.5478688,-0.2866623,-2.2810616,0.7161332,1
4.0,4,0.43744946,-1.2025796,-1.3081901,-0.3822568,12.593235,5.960336,0.08488652,1.5799752,-2.8978283,-2.5102766,-3.1711364,-2.1606064,-2.8160527,-2.6183953,-0.81250775,3.8139513,-1.4395716,-2.1462898,-1.720946,-2.1733005,1
4.0,4,0.43748546,-1.2025831,-1.3081514,-0.38224584,12.593216,5.96026,0.08497174,1.5799756,-2.897887,-2.51036,-3.1711643,-2.1605945,-2.8159876,-2.6184163,-0.8125177,3.8140345,-1.43961,-2.1462889,-1.7209398,-2.1732912,1
4.0,4,0.43708187,-1.2025055,-1.3081512,-0.38215062,12.592653,5.9610486,0.084809266,1.5803206,-2.8981133,-2.510657,-3.172092,-2.1599069,-2.815599,-2.6182632,-0.811994,3.814868,-1.439756,-2.1470222,-1.7207909,-2.1732318,1
4.0,4,0.43691152,-1.2024866,-1.3081686,-0.38213906,12.592455,5.9613647,0.08463934,1.580394,-2.89813,-2.5106387,-3.1723864,-2.1596982,-2.8155096,-2.6181726,-0.81181884,3.8151345,-1.4397804,-2.1472867,-1.7207185,-2.1732004,1
4.0,4,0.43739074,-1.2025659,-1.3081694,-0.38223547,12.593118,5.9604363,0.084885016,1.5800183,-2.8978992,-2.5103383,-3.17131,-2.1604927,-2.8159647,-2.618361,-0.8124394,3.8141415,-1.4396092,-2.1464138,-1.7208982,-2.1732743,1
4.0,4,0.43726456,-1.2025697,-1.3082391,-0.38225514,12.593076,5.960693,0.084701985,1.5800403,-2.8977895,-2.510236,-3.1713645,-2.1604187,-2.8160336,-2.6183145,-0.81232643,3.8141174,-1.4395653,-2.1465383,-1.7209009,-2.1732976,1
11.0,11,-1.7905551,-3.4743,-2.4846697,0.923282,-1.8701696,1.1105957,-1.5191569,0.30571994,0.66710365,-1.211501,0.014494618,13.142897,-0.39897302,-1.9332154,-0.22418268,-0.4573944,2.28481,1.2767543,-2.380754,1.6155763,1
11.0,11,-1.7905574,-3.4742973,-2.4846675,0.92325056,-1.8701679,1.1105832,-1.5191597,0.30572137,0.66710216,-1.2114958,0.014517752,13.142905,-0.39897734,-1.9332242,-0.22417174,-0.45740172,2.284835,1.276746,-2.380752,1.615592,1
11.0,11,-1.7905148,-3.4742992,-2.4847116,0.923185,-1.8701904,1.1105884,-1.5191197,0.3057225,0.6671601,-1.2114664,0.0145043265,13.142879,-0.39897615,-1.9332176,-0.22417195,-0.4573928,2.284709,1.2767934,-2.3807476,1.6155657,1
11.0,11,-1.7905077,-3.474309,-2.4846852,0.9232781,-1.8702039,1.1106232,-1.5191435,0.30569336,0.6671488,-1.2115016,0.014425157,13.142897,-0.39891812,-1.9331822,-0.2241795,-0.45742986,2.284807,1.276752,-2.3807704,1.6154816,1
11.0,11,-1.7905618,-3.4742932,-2.484664,0.92325115,-1.8701683,1.1105803,-1.5191617,0.30572167,0.66709733,-1.2115018,0.014524488,13.142909,-0.3989774,-1.9332247,-0.22416878,-0.45740545,2.28485,1.2767365,-2.3807483,1.6155915,1
11.0,11,-1.7905513,-3.474302,-2.4846704,0.9232934,-1.8701739,1.1106031,-1.519155,0.30571455,0.6671099,-1.2115047,0.014476156,13.142892,-0.3989657,-1.9332099,-0.22418323,-0.45739534,2.2848015,1.2767558,-2.3807554,1.6155652,1
11.0,3,-0.23120123,-2.244016,-1.9819522,10.87347,-1.4180378,-0.55494004,-1.6443739,-1.3035635,-0.7205974,-1.4791563,0.9861597,7.109734,0.9532646,-1.564929,-2.6494942,-2.4954548,1.597741,-0.3689705,-3.6006067,-0.53644454,0
11.0,3,-0.23121396,-2.244002,-1.9820074,10.873385,-1.4180814,-0.55493623,-1.6444018,-1.3035452,-0.7205483,-1.4791188,0.9861325,7.1098213,0.9532558,-1.5648341,-2.6495028,-2.4954462,1.5976796,-0.36896685,-3.6006217,-0.5364452,0
11.0,3,-0.23128241,-2.2434208,-1.9817877,10.874157,-1.4178432,-0.55467856,-1.6440902,-1.3037378,-0.7209046,-1.4799714,0.98497653,7.1088133,0.95322484,-1.564072,-2.6498365,-2.495207,1.5978388,-0.3686648,-3.600547,-0.536564,0
11.0,3,-0.23128146,-2.2434165,-1.982428,10.873191,-1.4183912,-0.55469793,-1.6443107,-1.3035954,-0.7204468,-1.4794873,0.985505,7.1099815,0.9531827,-1.5635657,-2.6497087,-2.4953833,1.5972925,-0.36888885,-3.6006837,-0.53674227,0
11.0,3,-0.231271,-2.2439747,-1.98232,10.87293,-1.4183185,-0.55491453,-1.6445141,-1.3034722,-0.7203493,-1.478946,0.98624134,7.11043,0.9532096,-1.5645889,-2.6494637,-2.4954913,1.5975393,-0.36898926,-3.6006687,-0.5364579,0
11.0,3,-0.23133677,-2.243772,-1.9824059,10.872975,-1.4183202,-0.55478203,-1.644405,-1.303518,-0.7204318,-1.4792413,0.9859967,7.1104655,0.9531396,-1.564435,-2.6495085,-2.4954512,1.5976775,-0.36887038,-3.6006029,-0.5364741,0
16.0,18,3.073369,-4.6336102,-1.1918862,0.13236804,-0.2994889,-2.8757362,3.8774698,-3.3118763,0.59312826,-1.4775074,2.0925865,-0.11101811,4.5570793,-5.2556324,-3.643423,1.4195986,-0.5047338,-3.054101,6.023276,0.2123548,0
16.0,18,3.0729065,-4.6332498,-1.1921487,0.13230437,-0.2992952,-2.875531,3.878529,-3.3121514,0.59274065,-1.4775851,2.0931256,-0.11135356,4.5548654,-5.2558584,-3.643219,1.4199759,-0.5046271,-3.0543365,6.0248375,0.2137649,0
16.0,18,3.0721748,-4.632344,-1.1927512,0.13257152,-0.29802954,-2.8753183,3.8834746,-3.3125713,0.5897775,-1.4782498,2.0940218,-0.11176309,4.548755,-5.2563195,-3.64264,1.4218308,-0.5034104,-3.0550075,6.026446,0.21782817,0
16.0,18,3.0716271,-4.632391,-1.1929399,0.1323666,-0.29829693,-2.8752346,3.8838432,-3.3125575,0.5904979,-1.4782839,2.0943508,-0.11196851,4.5479493,-5.25658,-3.6425457,1.4215982,-0.5036079,-3.0550609,6.027513,0.21813998,0
16.0,18,3.0726478,-4.63301,-1.1922671,0.13229927,-0.29915988,-2.875454,3.8791602,-3.3123262,0.59232485,-1.4776382,2.0933955,-0.11149746,4.5536637,-5.2559357,-3.643093,1.4202715,-0.5044921,-3.0544622,6.0256343,0.2146405,0
16.0,18,3.073338,-4.6334996,-1.1919221,0.13236569,-0.29941887,-2.8756788,3.8775454,-3.3119812,0.59301454,-1.4775093,2.0926447,-0.1111107,4.556715,-5.255631,-3.643382,1.4197005,-0.50473654,-3.0541542,6.023608,0.21264927,0
15.0,15,-2.1043196,-2.3280787,-0.6504188,-3.6960905,2.197104,-0.6561368,-2.2059813,0.8741849,-3.005213,0.5508233,0.33237424,-3.1333246,-0.13393107,-1.5355182,4.1879883,11.237334,-2.8863862,1.0321155,-1.5527594,-1.5910331,1
15.0,15,-2.1043122,-2.327996,-0.65047115,-3.6961222,2.1969528,-0.65619,-2.206013,0.8742202,-3.0051796,0.55075765,0.33243245,-3.1332698,-0.13392474,-1.5355008,4.1880994,11.237324,-2.886467,1.0321245,-1.5527827,-1.5909023,1
15.0,15,-2.1049063,-2.3277564,-0.6511022,-3.6966226,2.196664,-0.6563571,-2.2062502,0.87488425,-3.0052454,0.5505638,0.33395264,-3.1331098,-0.13429715,-1.5355527,4.188796,11.236813,-2.8876212,1.0329577,-1.5528799,-1.5902063,1
15.0,15,-2.1041377,-2.3272252,-0.65138113,-3.6966577,2.194243,-0.6576209,-2.2062485,0.8742916,-3.0047684,0.5505778,0.33428064,-3.1326268,-0.13379236,-1.5351554,4.190202,11.237101,-2.8877945,1.0320839,-1.553166,-1.5889375,1
15.0,15,-2.1046286,-2.3282123,-0.65036786,-3.696113,2.1978602,-0.655722,-2.2059803,0.87444633,-3.0053582,0.55076987,0.3323109,-3.1334481,-0.13410419,-1.5356375,4.1875978,11.237224,-2.8864305,1.0324221,-1.5526795,-1.5913836,1
15.0,15,-2.1045527,-2.3281357,-0.6504301,-3.6961427,2.1975443,-0.6558833,-2.2059963,0.8744102,-3.005299,0.55076706,0.33240956,-3.1333802,-0.13405104,-1.5355942,4.1877875,11.237235,-2.8865016,1.0323604,-1.5527141,-1.5911999,1
1.0,1,1.2435055,11.621625,-1.7987379,3.5325634,-2.518786,-1.9826281,-0.39623234,-0.8535384,-1.8725502,-0.65418947,-0.50931233,-1.5766673,-2.247466,-0.8010452,0.25628245,-1.7243164,0.025207173,-0.98853123,-0.7116617,0.79861575,1
1.0,1,1.2432663,11.621471,-1.7989271,3.5325966,-2.5187726,-1.9825141,-0.39621127,-0.8535176,-1.872503,-0.6542899,-0.5092961,-1.5763785,-2.2475083,-0.80113244,0.25640115,-1.7242055,0.025138851,-0.9884912,-0.71164805,0.7988769,1
1.0,1,1.2428998,11.621434,-1.7994193,3.5317667,-2.5187573,-1.9820168,-0.3960236,-0.85321826,-1.8724188,-0.65442383,-0.5093677,-1.5757732,-2.2476978,-0.8013231,0.2568909,-1.7239617,0.024830174,-0.9884684,-0.71143097,0.7993457,1
1.0,1,1.2429192,11.621514,-1.7994539,3.5315173,-2.5187614,-1.9819388,-0.39596924,-0.853139,-1.8724418,-0.65443254,-0.5094068,-1.5757658,-2.247726,-0.8013102,0.25695652,-1.723923,0.024777863,-0.9884765,-0.7113818,0.7993306,1
1.0,1,1.2433987,11.621584,-1.7988201,3.532482,-2.5187886,-1.9825604,-0.396235,-0.8535034,-1.8725241,-0.65419555,-0.5093202,-1.5765465,-2.2474904,-0.80107564,0.25637543,-1.7242665,0.025166344,-0.98852086,-0.711639,0.7987161,1
1.0,1,1.2433754,11.621532,-1.7988294,3.53262,-2.5187788,-1.982583,-0.39623046,-0.85353786,-1.872529,-0.654243,-0.50930065,-1.5765193,-2.2474823,-0.8010872,0.25633416,-1.7242576,0.02518003,-0.9885076,-0.71166396,0.79875016,1
14.0,14,-4.166076,1.3822846,-2.0802982,-2.673363,3.058026,5.7281127,-1.4239295,-1.2979027,1.8194157,-2.4943812,-1.7366369,2.6446908,-4.2865176,-0.36449826,9.819184,1.7825204,-2.1811812,-1.2032409,-2.3604228,0.5818345,1
14.0,14,-4.166077,1.382269,-2.0803103,-2.6733582,3.0580719,5.7281656,-1.4239316,-1.2978921,1.8194227,-2.4943929,-1.7366415,2.6447027,-4.2865405,-0.36448047,9.819129,1.7824863,-2.1811886,-1.2032338,-2.3604174,0.5818204,1
14.0,14,-4.1660805,1.3822392,-2.08038,-2.6733327,3.058268,5.728478,-1.4239217,-1.2977973,1.819432,-2.4944751,-1.7366946,2.6448205,-4.286676,-0.36433515,9.818797,1.7822481,-2.1812215,-1.203176,-2.3603947,0.5817216,1
14.0,14,-4.166077,1.3822492,-2.0803616,-2.6733584,3.058221,5.7284303,-1.4239129,-1.2978013,1.819431,-2.4944744,-1.7367092,2.6447997,-4.28665,-0.36433145,9.81885,1.7823154,-2.1812239,-1.2032207,-2.3604002,0.58174866,1
14.0,14,-4.16608,1.382276,-2.0803132,-2.673353,3.0580676,5.728188,-1.423937,-1.297888,1.8194304,-2.4943933,-1.7366426,2.6447055,-4.2865486,-0.36447406,9.81911,1.782466,-2.181189,-1.2032266,-2.3604157,0.5818141,1
14.0,14,-4.1660795,1.3822881,-2.080308,-2.67336,3.0580397,5.728173,-1.4239285,-1.297884,1.8194224,-2.4943957,-1.7366511,2.6447089,-4.2865386,-0.3644683,9.819122,1.7824842,-2.1811886,-1.2032317,-2.3604195,0.5818172,1
0.0,0,10.380279,3.954275,6.595562,0.8014972,-1.0196639,-0.7516845,0.09018408,-0.4362849,-1.8350253,-2.4220214,-2.4286313,-3.720421,0.5262733,0.44947073,-4.1576943,-2.4530632,0.34875512,-2.4440377,-2.6095314,-4.726693,1
0.0,0,10.380277,3.954404,6.59556,0.8015241,-1.0196702,-0.751659,0.090223074,-0.43626982,-1.8350115,-2.4220452,-2.4286485,-3.7204669,0.5261645,0.44945732,-4.1576934,-2.453094,0.34873673,-2.444049,-2.609497,-4.7266903,1
0.0,0,10.38031,3.9549634,6.5954795,0.8016186,-1.019644,-0.75150305,0.090393044,-0.43621662,-1.8349241,-2.4221604,-2.4286704,-3.7206964,0.52554524,0.4493427,-4.1576643,-2.4532154,0.34862727,-2.444061,-2.609318,-4.7266297,1
0.0,0,10.380327,3.9549305,6.595509,0.8016081,-1.0195382,-0.75140744,0.090415925,-0.43619126,-1.8348191,-2.4222703,-2.4286993,-3.7207594,0.5253608,0.44932333,-4.1576095,-2.45323,0.34856173,-2.4440508,-2.6093307,-4.7265716,1
0.0,0,10.380297,3.9544768,6.5955257,0.8015228,-1.0196788,-0.751645,0.090246186,-0.43626532,-1.8349909,-2.4220505,-2.428643,-3.7204983,0.5261004,0.44944522,-4.1576943,-2.4531124,0.34870887,-2.4440496,-2.6094708,-4.726685,1
0.0,0,10.380247,3.95438,6.5956044,0.8015301,-1.0196428,-0.7516387,0.090221636,-0.4362595,-1.8349888,-2.4220824,-2.42868,-3.720479,0.52614677,0.44947782,-4.1576767,-2.4530926,0.3487289,-2.444053,-2.6095128,-4.7266803,1
3.0,9,-2.0544922,-1.9428002,6.3126216,3.5532389,-5.0655828,-3.1696157,-2.784344,-0.3726935,0.1282886,8.1054,-2.2699337,-3.4413548,4.2054706,5.0663443,-2.0469542,-0.19811402,-1.0175923,-2.073905,-2.8113413,-1.9192926,0
3.0,9,-2.0545,-1.9427831,6.3125343,3.5533543,-5.0655785,-3.1696203,-2.7843363,-0.37272048,0.12825558,8.105381,-2.269909,-3.4413671,4.20543,5.066361,-2.0469718,-0.19810261,-1.0175775,-2.0738997,-2.81135,-1.9192415,0
3.0,9,-2.054513,-1.942744,6.3121862,3.5537686,-5.065557,-3.1696672,-2.7843053,-0.3728167,0.12816602,8.105377,-2.269804,-3.441409,4.2052913,5.0663295,-2.0470557,-0.19806454,-1.01751,-2.073888,-2.8113482,-1.9189975,0
3.0,9,-2.054529,-1.9427298,6.3120728,3.5538714,-5.0655637,-3.16967,-2.784299,-0.37284544,0.1281378,8.105363,-2.2697778,-3.441422,4.205258,5.0663743,-2.0470746,-0.1980447,-1.0175065,-2.073882,-2.8113549,-1.918937,0
3.0,9,-2.0544972,-1.9427922,6.3125467,3.5533173,-5.0655828,-3.169622,-2.7843387,-0.3727115,0.12827075,8.105403,-2.2699132,-3.441361,4.205442,5.066347,-2.0469697,-0.1981059,-1.01758,-2.0739036,-2.8113406,-1.9192442,0
3.0,9,-2.0545,-1.9427937,6.312567,3.553285,-5.0655837,-3.1696162,-2.7843416,-0.37270495,0.1282758,8.105399,-2.2699206,-3.4413579,4.205455,5.066363,-2.0469604,-0.19810793,-1.0175883,-2.0739026,-2.8113427,-1.9192612,0
5.0,5,-1.9839119,-1.1835936,-1.5044076,0.2517677,3.1420183,11.621885,-1.1389867,-2.1372044,-1.224072,-1.0821553,-2.6280258,-0.4260316,-2.74675,-0.26607138,0.5705799,-0.27582416,1.3165561,3.5823197,-1.7565184,-2.2363605,1
5.0,5,-1.9839424,-1.1836782,-1.5043812,0.2516959,3.141747,11.621562,-1.1385509,-2.1373317,-1.2243246,-1.082133,-2.6281476,-0.4260596,-2.746504,-0.2661109,0.5703508,-0.27543214,1.3164564,3.5827053,-1.7563411,-2.2365093,1
5.0,5,-1.983689,-1.1834563,-1.5043465,0.25196978,3.1419928,11.621849,-1.1390748,-2.1373758,-1.2240798,-1.0820149,-2.6282048,-0.4259829,-2.7469249,-0.26597452,0.57048386,-0.27620947,1.3175333,3.5821128,-1.7569169,-2.236256,1
5.0,5,-1.9836764,-1.1833199,-1.5044036,0.2520891,3.1425154,11.622372,-1.1398056,-2.1371932,-1.223661,-1.0821233,-2.6279655,-0.42592245,-2.747382,-0.2659216,0.570897,-0.27686575,1.3177003,3.5815923,-1.7571996,-2.2360127,1
5.0,5,-1.98396,-1.1836553,-1.5043869,0.25172704,3.1418211,11.621637,-1.138678,-2.137321,-1.224264,-1.0821632,-2.6281054,-0.4260323,-2.7465816,-0.26610327,0.5704305,-0.27553192,1.3165054,3.5826538,-1.7563794,-2.2364938,1
5.0,5,-1.9839058,-1.1835625,-1.5044092,0.25180006,3.14202,11.621925,-1.1390306,-2.1372027,-1.2240454,-1.0821693,-2.6280115,-0.4260041,-2.7468152,-0.26605117,0.57061,-0.27592182,1.316681,3.5822554,-1.7565682,-2.2362902,1
5.0,5,-2.0800548,-1.0652219,-2.2357473,-1.3518661,1.938704,13.000839,-2.3691723,0.974851,-0.39590648,-1.1238115,-1.2364374,1.6416639,-3.2483613,1.4052124,-0.31384283,-1.6683658,0.6974347,0.95249724,-1.8861777,-2.2953048,1
5.0,5,-2.0800657,-1.0653023,-2.2357252,-1.3518711,1.9389404,13.0008955,-2.3691688,0.97487247,-0.3959237,-1.1238769,-1.2364753,1.6416032,-3.2483776,1.4050946,-0.31384847,-1.6682696,0.69744563,0.9524701,-1.8861787,-2.2953305,1
5.0,5,-2.0801942,-1.0654714,-2.2357607,-1.3519021,1.9394795,13.001021,-2.3690739,0.97518885,-0.39608756,-1.1242052,-1.2365718,1.6416913,-3.2484167,1.4047571,-0.31377727,-1.6680433,0.69745094,0.95240945,-1.8861898,-2.295386,1
5.0,5,-2.080287,-1.0654302,-2.235835,-1.351929,1.9394499,13.001013,-2.3689983,0.9754436,-0.39619702,-1.1243397,-1.2365726,1.6418589,-3.2484183,1.4047209,-0.3136915,-1.668041,0.69741654,0.9523784,-1.8861972,-2.2953901,1
5.0,5,-2.0800838,-1.0652499,-2.235758,-1.3518748,1.9388052,13.000866,-2.3691459,0.974923,-0.39594766,-1.1238807,-1.2364516,1.6416935,-3.2483704,1.405143,-0.31382746,-1.6683239,0.6974363,0.95248234,-1.8861759,-2.2953188,1
5.0,5,-2.0800815,-1.0651305,-2.235806,-1.3518684,1.9384112,13.000773,-2.3691332,0.9749396,-0.3959456,-1.1238058,-1.2363882,1.6418341,-3.248341,1.4053236,-0.31381494,-1.6684813,0.6974184,0.9525394,-1.886171,-2.2952769,1
2.0,18,-2.1155486,-1.5050958,0.07881403,-3.118063,-1.3559785,-1.1218307,-0.1384992,-3.9227252,4.2531,0.74420726,-0.37682945,-1.5953943,1.9697511,-1.4223251,-2.3043656,1.1536363,-2.5995014,-1.9393557,11.84145,0.64643335,0
2.0,18,-2.1155398,-1.505071,0.07870943,-3.1180108,-1.3559271,-1.1219014,-0.13841084,-3.9227467,4.252943,0.74417144,-0.3767646,-1.595329,1.9696901,-1.4223804,-2.304357,1.153724,-2.5994658,-1.9393319,11.8414955,0.6465342,0
2.0,18,-2.1154618,-1.5049548,0.078608476,-3.1178415,-1.3558623,-1.1220298,-0.13820979,-3.9228117,4.2524133,0.74411947,-0.37662405,-1.5953307,1.9696099,-1.4223608,-2.3044486,1.1539242,-2.5993738,-1.9391977,11.841571,0.646502,0
2.0,18,-2.1154072,-1.5048797,0.07873572,-3.1179183,-1.3561615,-1.1215696,-0.13857406,-3.9227412,4.25235,0.74447644,-0.3766374,-1.5955093,1.9696155,-1.4218346,-2.3045082,1.1536344,-2.5994532,-1.9393908,11.841657,0.64634556,0
2.0,18,-2.1155448,-1.5050704,0.07880195,-3.1180387,-1.3559897,-1.1218369,-0.13849929,-3.922744,4.253006,0.74421865,-0.3768378,-1.5953836,1.9697771,-1.4222198,-2.304399,1.1536748,-2.5995226,-1.9393576,11.841439,0.64639676,0
2.0,18,-2.115534,-1.5050595,0.07884563,-3.1180584,-1.3560528,-1.1217498,-0.1385659,-3.922731,4.2530146,0.74428225,-0.37685123,-1.595429,1.9697866,-1.4221224,-2.3044071,1.1536081,-2.5995388,-1.9393984,11.841453,0.6463623,0
17.0,17,-1.82211,0.70991254,-1.51723,-3.6339881,-4.906188,-1.3344356,-3.0953932,-2.5646095,-0.5584075,0.693387,2.9472709,1.2363487,-0.22471057,-0.6209138,1.1797684,3.106884,-0.7915583,8.670266,1.5260056,-1.8488861,1
17.0,17,-1.8217341,0.71090144,-1.5172706,-3.633951,-4.906594,-1.3341115,-3.0953894,-2.564693,-0.5587091,0.69353294,2.9471507,1.2362301,-0.22469366,-0.6210512,1.1795702,3.1062407,-0.79040605,8.6702,1.5252866,-1.8496807,1
17.0,17,-1.8217114,0.71554816,-1.5170057,-3.6334488,-4.909,-1.3320656,-3.0959065,-2.5652392,-0.55963075,0.69355994,2.9456913,1.2373017,-0.22498673,-0.6205614,1.180349,3.1046188,-0.78759813,8.668318,1.5238574,-1.8522128,1
17.0,17,-1.821473,0.7165078,-1.5171167,-3.6329358,-4.909574,-1.3315953,-3.0964515,-2.5653877,-0.5599829,0.69342947,2.9446967,1.2378656,-0.22459872,-0.620002,1.1800277,3.1043532,-0.7866628,8.667783,1.5236481,-1.8530084,1
17.0,17,-1.8218095,0.71094096,-1.5172267,-3.6340237,-4.9066014,-1.3340753,-3.095329,-2.5647006,-0.5586886,0.6935455,2.9472384,1.2361829,-0.2247921,-0.6210979,1.1797231,3.1062984,-0.79052407,8.670155,1.525292,-1.8496293,1
17.0,17,-1.8221941,0.7103773,-1.5171952,-3.6340718,-4.9064507,-1.3343012,-3.095464,-2.5646994,-0.5583961,0.69347835,2.947405,1.2363511,-0.2248201,-0.6209257,1.1801245,3.106798,-0.7914768,8.670006,1.5257521,-1.8490223,1
18.0,18,-1.0340941,-0.72022206,-1.2508799,-1.6209627,-1.1895542,2.4685702,-0.84698606,-1.75082,-2.0249138,1.0834345,-0.5159044,-0.8449355,2.1533635,-0.7791446,-3.2180257,2.3904963,-2.0831268,-0.5822667,10.682097,0.6862531,1
18.0,18,-1.0341084,-0.720252,-1.2508444,-1.6209513,-1.1895639,2.4685426,-0.84702384,-1.750814,-2.0250068,1.0834944,-0.5158711,-0.8449059,2.1533787,-0.7791483,-3.217997,2.3905504,-2.0831501,-0.5822164,10.682042,0.68638736,1
18.0,18,-1.0341994,-0.7204109,-1.2507142,-1.620849,-1.1896429,2.4684734,-0.8473027,-1.7506756,-2.025811,1.0839671,-0.51571935,-0.8446595,2.1535273,-0.7790895,-3.2177782,2.3909013,-2.0832398,-0.5818183,10.68156,0.6872362,1
18.0,18,-1.0342401,-0.72016466,-1.2509291,-1.6207906,-1.1897446,2.4686146,-0.8471669,-1.7504678,-2.0261648,1.0839738,-0.51566494,-0.8443849,2.1535244,-0.77889097,-3.2177563,2.3906388,-2.0830286,-0.58192223,10.68145,0.6869474,1
18.0,18,-1.0341,-0.7201816,-1.250883,-1.6209627,-1.1896012,2.468514,-0.8469878,-1.7508014,-2.0249732,1.0834447,-0.5158501,-0.8448533,2.1534789,-0.7791307,-3.218029,2.3904462,-2.083141,-0.58228385,10.682035,0.6862188,1
18.0,18,-1.0341136,-0.720145,-1.2509341,-1.6209493,-1.1895851,2.4686327,-0.8469196,-1.7507784,-2.0249505,1.0833912,-0.51588255,-0.84486264,2.1532996,-0.7790937,-3.2180262,2.3903916,-2.0830576,-0.5823229,10.682118,0.68613625,1
10.0,10,-2.1862814,-2.729305,-4.406258,1.117691,-2.028162,-1.037707,0.16361381,-1.4683793,-2.3710892,0.8232506,11.9381075,4.4168787,-2.611142,-1.7060221,1.2371593,-0.9780645,-0.73049015,1.0274435,-0.57645977,1.7174826,1
10.0,10,-2.1863122,-2.7293394,-4.4063144,1.1176602,-2.0282001,-1.0376561,0.16362837,-1.4683493,-2.3710551,0.8231319,11.938024,4.41732,-2.6111546,-1.7060906,1.2371336,-0.9780942,-0.7304247,1.0274857,-0.5765126,1.7175728,1
10.0,10,-2.1865451,-2.7295816,-4.4067893,1.1173174,-2.02854,-1.0372106,0.16381195,-1.4681247,-2.3707137,0.8220055,11.9372835,4.421208,-2.611309,-1.7067453,1.2370439,-0.9783584,-0.7299174,1.0278454,-0.57696164,1.718307,1
10.0,10,-2.186567,-2.729562,-4.406832,1.1172466,-2.028588,-1.0371678,0.16389142,-1.4681181,-2.3706686,0.821846,11.937195,4.421646,-2.6113515,-1.7068483,1.2371176,-0.9783757,-0.7299218,1.0278635,-0.57696146,1.7183387,1
10.0,10,-2.1863055,-2.7293313,-4.406301,1.1176519,-2.0281866,-1.0376687,0.16362564,-1.4683596,-2.371061,0.8231545,11.938046,4.41721,-2.611153,-1.706078,1.2371441,-0.97808045,-0.7304469,1.0274858,-0.5764945,1.7175502,1
10.0,10,-2.1863184,-2.7293296,-4.4063253,1.1176342,-2.028215,-1.0376457,0.16366425,-1.4683524,-2.371042,0.82307893,11.937994,4.417449,-2.6111681,-1.7061268,1.2371622,-0.97809213,-0.73043597,1.0274847,-0.57649565,1.7175753,1
4.0,5,-0.9997372,-1.9488003,-2.1151037,-0.8358224,8.5238,11.5615015,-1.6201019,-1.5136616,-0.3876098,-2.3153024,-1.9154161,-1.2624468,-4.4484468,-0.14287266,0.70521855,-0.48304802,-0.13591811,1.2922293,-1.4105088,-1.9585253,0
4.0,5,-0.99973416,-1.9488007,-2.115109,-0.8358205,8.523801,11.561498,-1.6200922,-1.5136633,-0.38761023,-2.3153079,-1.9154137,-1.2624395,-4.448451,-0.1428646,0.70521414,-0.48305476,-0.1359174,1.292228,-1.4105113,-1.958525,0
4.0,5,-0.9997061,-1.9488075,-2.11514,-0.8358006,8.523858,11.561448,-1.6200172,-1.513678,-0.38762,-2.3153477,-1.915407,-1.2624257,-4.4484735,-0.14284086,0.7051869,-0.48307788,-0.13591905,1.2921978,-1.4105165,-1.9585156,0
4.0,5,-0.99973613,-1.9488007,-2.1151206,-0.8358107,8.523844,11.561465,-1.6200771,-1.5136724,-0.38760224,-2.3153238,-1.9154117,-1.2624377,-4.448465,-0.14285982,0.7052399,-0.4830682,-0.13591823,1.2922399,-1.4105368,-1.9585209,0
4.0,5,-0.999743,-1.9488004,-2.1151052,-0.83582383,8.523782,11.561517,-1.6201091,-1.5136592,-0.38760573,-2.315298,-1.9154135,-1.2624369,-4.4484468,-0.14286229,0.7052164,-0.48305517,-0.13591658,1.2922386,-1.4105128,-1.9585268,0
4.0,5,-0.9997302,-1.9488039,-2.115107,-0.8358179,8.523816,11.561489,-1.6200869,-1.5136659,-0.38761282,-2.3153076,-1.9154142,-1.2624489,-4.4484487,-0.14287174,0.7052118,-0.48304805,-0.13591945,1.2922189,-1.4105064,-1.9585224,0
7.0,7,-0.12903176,-1.5644529,-1.2397898,-1.4468901,0.8671253,-0.3203379,6.90448,12.115792,-1.5940676,-1.0411335,-0.4783268,0.43011773,-1.0580571,-1.0498209,-3.7928686,-1.5029626,-2.5759487,-3.2574568,-2.388196,-3.6309814,1
7.0,7,-0.12939593,-1.5636479,-1.2400749,-1.4469436,0.8692217,-0.31952134,6.902935,12.116786,-1.59574,-1.0414946,-0.48015544,0.42971474,-1.0580308,-1.0493877,-3.7932816,-1.5010592,-2.5753758,-3.2571156,-2.3883193,-3.631297,1
7.0,7,-0.12917078,-1.56423,-1.2389519,-1.4443723,0.86750907,-0.31842878,6.9051456,12.116181,-1.5976161,-1.0402217,-0.4800088,0.42968583,-1.0574398,-1.0474387,-3.7921276,-1.5047659,-2.5743508,-3.256828,-2.3894064,-3.629752,1
7.0,7,-0.12883994,-1.5653025,-1.2390956,-1.4438647,0.86611015,-0.32020834,6.9075756,12.114755,-1.5970545,-1.0394101,-0.47679564,0.4292634,-1.0573978,-1.0477946,-3.792008,-1.5066061,-2.5751529,-3.256991,-2.3887227,-3.6291213,1
7.0,7,-0.12933931,-1.5640182,-1.2396667,-1.4468662,0.8691791,-0.31945905,6.902419,12.1169405,-1.5952232,-1.0408988,-0.48046148,0.42938596,-1.0579579,-1.0491215,-3.7931128,-1.501375,-2.5754087,-3.2571764,-2.3887868,-3.6311362,1
7.0,7,-0.12920913,-1.5640892,-1.24024,-1.4469982,0.86778593,-0.31987125,6.903409,12.116321,-1.5949712,-1.0413874,-0.47848198,0.43020463,-1.0581204,-1.0497988,-3.7928925,-1.5020489,-2.5759103,-3.2571564,-2.3880692,-3.631111,1
13.0,13,-1.8710382,-1.4603506,0.26942027,-1.1535895,-1.3487176,2.3473344,-2.3407872,-1.2525945,-0.45165923,1.0115826,-2.1977835,-2.6025176,1.8679967,12.554145,-2.4639926,-1.1775848,-1.8793092,1.7491295,-2.5804238,-1.9707925,1
13.0,13,-1.8709947,-1.4603337,0.26937968,-1.1536506,-1.3487302,2.3473134,-2.340765,-1.2526288,-0.45171645,1.011564,-2.1977777,-2.6025054,1.8681107,12.554162,-2.4639754,-1.1775931,-1.8793162,1.7491167,-2.5803666,-1.9708247,1
13.0,13,-1.8708327,-1.4603244,0.26897216,-1.1535884,-1.348346,2.3473907,-2.340831,-1.2528747,-0.45198622,1.0115389,-2.197683,-2.602532,1.868068,12.554102,-2.4639673,-1.1778866,-1.878858,1.7493223,-2.5802398,-1.9708664,1
13.0,13,-1.8705962,-1.4602709,0.26851577,-1.1536775,-1.3480885,2.3474374,-2.34082,-1.2530913,-0.4523013,1.0114616,-2.1975827,-2.6024563,1.8682224,12.55411,-2.4639444,-1.1781231,-1.8785367,1.7494261,-2.5800757,-1.9709387,1
13.0,13,-1.87098,-1.460347,0.269354,-1.1536779,-1.3486989,2.3473134,-2.3407726,-1.2526454,-0.45172742,1.0115623,-2.1977718,-2.6025012,1.8681251,12.554158,-2.4639697,-1.1776129,-1.879276,1.749133,-2.5803664,-1.9708325,1
13.0,13,-1.8709633,-1.4603534,0.26936567,-1.153588,-1.3486663,2.347257,-2.340783,-1.2526624,-0.45177856,1.0115479,-2.1977901,-2.6025126,1.8681602,12.554156,-2.4639964,-1.1776319,-1.8791968,1.7491406,-2.5803905,-1.970841,1
3.0,3,0.3173206,-0.6497526,0.50996846,12.82518,0.08287642,-1.2622423,-0.75380003,-2.9415,-2.4891658,-2.518524,0.68001765,-1.2591628,1.874339,-1.0055705,-2.574813,-2.0734627,2.4404604,-0.43310368,-2.478861,-1.1690001,1
3.0,3,0.3173239,-0.6497413,0.5099933,12.825173,0.08288139,-1.2622305,-0.7537948,-2.9415047,-2.4891727,-2.5185258,0.6800011,-1.259198,1.8743365,-1.0055491,-2.5748186,-2.0734637,2.4404502,-0.43309045,-2.4788618,-1.1690187,1
3.0,3,0.31734994,-0.649771,0.5092652,12.825444,0.0827804,-1.2619584,-0.7539532,-2.941353,-2.4885814,-2.5184546,0.6800688,-1.2584513,1.8739538,-1.0053817,-2.5747943,-2.0736659,2.4396987,-0.4336055,-2.4789155,-1.1686268,1
3.0,3,0.31725842,-0.6500658,0.50969887,12.825235,0.08293415,-1.2615374,-0.7540513,-2.941543,-2.488985,-2.518579,0.67963606,-1.2587069,1.8742194,-1.005028,-2.5747828,-2.0737128,2.4406042,-0.43311864,-2.4791615,-1.1689728,1
3.0,3,0.3172982,-0.6499018,0.50995785,12.8251705,0.082973234,-1.2619435,-0.7538978,-2.9415562,-2.4891748,-2.5185914,0.6798407,-1.2590597,1.8742834,-1.0055033,-2.5747657,-2.0735743,2.4408455,-0.43299073,-2.4789968,-1.1690475,1
3.0,3,0.31731826,-0.6499269,0.5098315,12.82523,0.08302875,-1.2617018,-0.7539656,-2.9415581,-2.4890327,-2.5186243,0.67973834,-1.2589209,1.8741084,-1.0054492,-2.5747395,-2.0736978,2.4408567,-0.43302912,-2.4790666,-1.1690173,1
4.0,4,-0.6484458,-2.9315536,-1.1492323,-1.2632139,11.656107,6.064623,-0.6186463,0.079122186,-1.1666296,-2.4043376,-2.7518458,-2.0114331,-1.7061329,-0.7723783,-0.85670716,2.8707013,-2.827286,1.0863519,-2.2533975,-3.346471,1
4.0,4,-0.64844,-2.9315405,-1.1492342,-1.2632022,11.656138,6.0646186,-0.6186197,0.07911801,-1.1666209,-2.40434,-2.7518425,-2.0114398,-1.7061502,-0.7723891,-0.8567176,2.8706782,-2.8272707,1.0863088,-2.2533815,-3.3464608,1
4.0,4,-0.64841545,-2.9314957,-1.1492175,-1.2631779,11.656181,6.064632,-0.6184825,0.07912089,-1.1666135,-2.4043746,-2.751925,-2.01147,-1.7061603,-0.77238154,-0.8568011,2.8706539,-2.8272514,1.0861807,-2.253324,-3.346453,1
4.0,4,-0.6484245,-2.931517,-1.1491832,-1.2632122,11.6561,6.064669,-0.618505,0.07915081,-1.1666458,-2.4043925,-2.7520072,-2.0114686,-1.7060864,-0.77232254,-0.85683024,2.8707511,-2.8273065,1.0862525,-2.2533453,-3.3464932,1
4.0,4,-0.64843947,-2.9315405,-1.1492276,-1.2632031,11.656145,6.064612,-0.61861515,0.07912275,-1.1666209,-2.4043403,-2.751851,-2.0114436,-1.7061486,-0.77238905,-0.85672075,2.870693,-2.8272686,1.0862923,-2.253382,-3.3464606,1
4.0,4,-0.64843625,-2.9315388,-1.1492109,-1.263202,11.656124,6.0645933,-0.6185829,0.07913011,-1.1666336,-2.4043536,-2.7518811,-2.011449,-1.7061259,-0.77236444,-0.85677046,2.8707025,-2.8272784,1.0863335,-2.2533782,-3.346477,1
13.0,13,-1.7032052,-1.4305469,-0.4955782,-0.48933274,-2.8689024,0.9017942,-1.7177039,-0.9804016,-0.37101918,2.1960516,-1.7440488,-2.8344367,3.0066874,12.717214,-2.5862842,-0.558965,-2.8993018,0.4033438,-2.466453,-1.6851118,1
13.0,13,-1.7032241,-1.4305068,-0.49562144,-0.48931593,-2.8687727,0.9020005,-1.7177024,-0.98046505,-0.37104052,2.1958535,-1.7440368,-2.8343623,3.006196,12.717243,-2.586133,-0.55882657,-2.899348,0.40338024,-2.4663785,-1.6850358,1
13.0,13,-1.703192,-1.4303912,-0.49589503,-0.48916107,-2.869222,0.90163326,-1.7172824,-0.98081774,-0.3714883,2.1952512,-1.7441211,-2.8340058,3.0070436,12.717202,-2.5861058,-0.55805945,-2.899804,0.4032047,-2.4657276,-1.6851295,1
13.0,13,-1.7031409,-1.4305035,-0.49585497,-0.4893169,-2.869826,0.9009062,-1.7172018,-0.98069245,-0.37144366,2.1957095,-1.7442075,-2.8341227,3.0087974,12.71711,-2.5865407,-0.5582427,-2.8998187,0.40303487,-2.4657266,-1.6853096,1
13.0,13,-1.703233,-1.4305041,-0.4956179,-0.48933557,-2.8687117,0.90208775,-1.7177252,-0.980463,-0.3710179,2.1958225,-1.7440306,-2.834359,3.006008,12.717257,-2.5860844,-0.558821,-2.8993406,0.40340135,-2.4663866,-1.6850092,1
13.0,13,-1.703222,-1.43052,-0.49561474,-0.48935348,-2.868817,0.9019571,-1.7177039,-0.9804456,-0.37102312,2.1958957,-1.7440436,-2.8343737,3.006324,12.71724,-2.586162,-0.5588496,-2.8993442,0.40337092,-2.4663844,-1.6850448,1
3.0,3,0.18518242,2.0191407,0.3354266,12.140653,-0.36039448,-2.4684248,-1.2388583,-2.2360392,-1.999402,0.5980732,0.8791153,-2.7810693,-0.039826572,-1.6377835,-3.3636265,-1.4962504,1.5168518,-0.2731295,-2.124316,-1.7875981,1
3.0,3,0.18517968,2.0191417,0.33542186,12.140655,-0.36039358,-2.4684224,-1.2388582,-2.2360394,-1.9994011,0.5980681,0.8791145,-2.781065,-0.039827645,-1.6377836,-3.363624,-1.4962518,1.5168506,-0.27312922,-2.1243162,-1.7875953,1
3.0,3,0.18516809,2.0191402,0.33540565,12.140652,-0.36039484,-2.4684112,-1.23886,-2.2360334,-1.9993947,0.59806836,0.8791141,-2.7810516,-0.039830863,-1.6377805,-3.3636298,-1.4962543,1.5168442,-0.27312675,-2.1243138,-1.7875872,1
3.0,3,0.18517539,2.0191433,0.33541456,12.140655,-0.360394,-2.468419,-1.2388586,-2.2360373,-1.999399,0.5980661,0.87911457,-2.7810588,-0.039829098,-1.6377844,-3.3636231,-1.4962529,1.5168492,-0.27312836,-2.1243148,-1.7875909,1
3.0,3,0.1851818,2.0191405,0.33542493,12.140655,-0.36039317,-2.4684227,-1.2388573,-2.2360399,-1.999402,0.5980676,0.8791152,-2.7810676,-0.039826803,-1.6377842,-3.363624,-1.4962507,1.5168517,-0.27312955,-2.1243167,-1.7875966,1
3.0,3,0.18518212,2.019139,0.33542618,12.140655,-0.36039317,-2.4684246,-1.2388569,-2.23604,-1.9994013,0.59806925,0.8791145,-2.781068,-0.039826117,-1.6377845,-3.3636236,-1.4962509,1.5168524,-0.27312937,-2.124317,-1.7875961,1
4.0,15,-1.4244077,-2.797608,-0.9723105,-3.3847263,0.42945635,-2.5869524,1.9014422,1.2708714,-2.708476,0.08889953,3.9531283,-3.7216089,-2.122351,-1.9058802,2.2187204,9.68004,-2.7027583,0.30039468,-0.8647708,-1.5073456,0
4.0,15,-1.4243336,-2.79745,-0.9720601,-3.3845658,0.4294728,-2.5868957,1.9015932,1.2713044,-2.7084389,0.08856945,3.9517636,-3.7213857,-2.1221573,-1.905731,2.2191033,9.680704,-2.7028205,0.29931775,-0.86488795,-1.5071126,0
4.0,15,-1.4244058,-2.7972574,-0.9714035,-3.384393,0.42951,-2.5861857,1.8994966,1.2712724,-2.7078624,0.08865596,3.9476783,-3.720594,-2.121099,-1.9049695,2.2212954,9.683393,-2.7029977,0.29714778,-0.8657644,-1.506148,0
4.0,15,-1.4244707,-2.797389,-0.9716058,-3.3845475,0.42953235,-2.5860558,1.8988327,1.2707593,-2.7077749,0.089065656,3.9484596,-3.7206266,-2.1211488,-1.9050292,2.221314,9.6832075,-2.7029722,0.29773638,-0.865722,-1.5060605,0
4.0,15,-1.4243095,-2.7973993,-0.9719927,-3.384543,0.42945176,-2.5869172,1.9016445,1.2714835,-2.7084172,0.0884905,3.951439,-3.7213216,-2.1220953,-1.9056815,2.2191796,9.680842,-2.7028697,0.29906273,-0.8649552,-1.5071003,0
4.0,15,-1.4243344,-2.7974494,-0.9720833,-3.384594,0.42942816,-2.5870292,1.901905,1.2713802,-2.708496,0.088529065,3.9521258,-3.721493,-2.1222277,-1.905758,2.2188272,9.6804,-2.7028449,0.29963455,-0.86485463,-1.5073305,0
5.0,4,-1.510329,-1.8246171,-2.3002622,-0.21678501,11.40749,6.9771204,-0.9957391,-0.2857907,-0.71194476,-2.655793,0.32868528,-2.1762018,-3.8385699,-2.549387,3.922192,-0.4177675,-0.8572216,-0.8347617,-2.2725399,-2.1321657,0
5.0,4,-1.5103326,-1.8246359,-2.3002687,-0.21678117,11.407533,6.977096,-0.9957497,-0.28575793,-0.71197927,-2.655789,0.32870653,-2.1762307,-3.8385556,-2.5493915,3.9221454,-0.4177122,-0.85723835,-0.8347566,-2.2725487,-2.1321826,0
5.0,4,-1.5102701,-1.824661,-2.300333,-0.21684006,11.407621,6.977646,-0.9957142,-0.28564036,-0.7119715,-2.6560042,0.32853833,-2.1761253,-3.8386073,-2.5494053,3.9216847,-0.41779676,-0.85708666,-0.834734,-2.2724817,-2.1322503,0
5.0,4,-1.5102576,-1.8246851,-2.3003898,-0.21689343,11.407667,6.9776654,-0.9956335,-0.28557044,-0.71206415,-2.6561007,0.32865563,-2.1761308,-3.8386068,-2.5494485,3.9216218,-0.4177186,-0.85707974,-0.83480555,-2.2724705,-2.132315,0
5.0,4,-1.5103347,-1.824637,-2.3002791,-0.21677473,11.407518,6.977066,-0.99574447,-0.28577226,-0.7119877,-2.6557853,0.3287503,-2.1762338,-3.8385544,-2.5493994,3.922173,-0.41771042,-0.85723895,-0.8347646,-2.2725544,-2.132182,0
5.0,4,-1.5103029,-1.8246305,-2.3002641,-0.21681148,11.407522,6.977263,-0.99571455,-0.2857498,-0.7119446,-2.655847,0.32860866,-2.1761694,-3.8385813,-2.5493817,3.9220576,-0.417792,-0.8571853,-0.83476055,-2.2725155,-2.1321943,0
15.0,15,-1.14903,-1.2708986,-0.7035257,-3.177363,0.6406085,-0.66691315,0.16986248,-0.964905,-0.968994,-0.66702807,-1.7618107,-1.4692746,-0.43658295,-1.4154581,7.7167606,10.871184,-2.7928674,-2.7998948,-2.5277843,0.32471675,1
15.0,15,-1.1491745,-1.2707795,-0.703607,-3.1773973,0.64092875,-0.6666785,0.17002071,-0.96481633,-0.9690814,-0.667372,-1.7619072,-1.4692177,-0.4367324,-1.415485,7.716894,10.87122,-2.792998,-2.799887,-2.5277128,0.324615,1
15.0,15,-1.1496706,-1.270473,-0.7036798,-3.1774592,0.6416017,-0.66615105,0.17009774,-0.9647601,-0.9693247,-0.6679143,-1.7621129,-1.468997,-0.4370345,-1.415607,7.71746,10.871337,-2.7931836,-2.7998204,-2.527484,0.3242797,1
15.0,15,-1.1495825,-1.2705197,-0.70367694,-3.1774404,0.64155644,-0.6662341,0.17014189,-0.96472424,-0.96930146,-0.66788733,-1.762091,-1.469063,-0.43700618,-1.4155967,7.7172856,10.871347,-2.7931721,-2.799846,-2.5275006,0.32432815,1
15.0,15,-1.1491222,-1.2707508,-0.7036025,-3.1773593,0.6409904,-0.66678035,0.17002876,-0.9647388,-0.9691168,-0.66737133,-1.7619315,-1.4692616,-0.43671823,-1.4155192,7.7167683,10.87127,-2.7929525,-2.799992,-2.5276756,0.32462496,1
15.0,15,-1.1490989,-1.2707795,-0.7035694,-3.1773531,0.6408628,-0.6668467,0.1699356,-0.9647993,-0.96908855,-0.667229,-1.7618948,-1.4692537,-0.43666473,-1.4155113,7.716799,10.871243,-2.792899,-2.7999835,-2.527699,0.32465,1
1.0,1,3.903766,12.434427,-0.014013484,-0.4875437,-2.7003872,-1.319476,-1.377254,-0.10801953,-1.7587433,0.35065997,-1.6282921,-2.9976375,-2.1379423,0.5163842,2.0974035,-2.4440558,0.4482966,-1.5934528,-2.1952913,-1.8491391,1
1.0,1,3.9029827,12.434435,-0.014116969,-0.48751345,-2.7002866,-1.3193896,-1.3773404,-0.10801995,-1.7587856,0.350656,-1.6281822,-2.9974718,-2.1380134,0.5163862,2.0978413,-2.4439359,0.44829267,-1.5933839,-2.19507,-1.8489696,1
1.0,1,3.899535,12.43436,-0.014706742,-0.48769546,-2.6999285,-1.318967,-1.3777983,-0.108033836,-1.7589126,0.35051748,-1.6276008,-2.9965634,-2.1383586,0.516293,2.1002793,-2.4431918,0.44821852,-1.5930471,-2.1942587,-1.8481916,1
1.0,1,3.8989556,12.434425,-0.014869504,-0.48767093,-2.6997592,-1.3188426,-1.3777673,-0.10802589,-1.7590437,0.35030624,-1.6274123,-2.9964192,-2.138458,0.51620626,2.1006193,-2.4431021,0.44819245,-1.5929353,-2.1939898,-1.8481257,1
1.0,1,3.902821,12.434409,-0.014148049,-0.4875547,-2.700291,-1.3193666,-1.3773885,-0.108020216,-1.7587832,0.35068545,-1.6281596,-2.997409,-2.1380272,0.5163762,2.0980177,-2.4438782,0.4482856,-1.5933743,-2.1950579,-1.8489299,1
1.0,1,3.9030242,12.434489,-0.01410795,-0.48741785,-2.7002227,-1.3193789,-1.3772752,-0.108014464,-1.7588334,0.35059878,-1.628181,-2.9975252,-2.1380217,0.51637906,2.0976796,-2.4440048,0.44830093,-1.5933746,-2.1949975,-1.849007,1
15.0,15,-1.5651234,-0.7182695,-0.2267358,-2.1940312,0.62125254,0.016894361,-0.5691103,-0.33724716,-2.2152271,-0.53471446,-2.804733,-2.1358154,-0.0032160636,-0.5560923,3.973277,11.571813,-1.5567157,-1.241378,-1.8200535,-0.68230665,1
15.0,15,-1.5651493,-0.71826035,-0.22674617,-2.194018,0.6212954,0.016944645,-0.56911725,-0.3372302,-2.2152383,-0.5347545,-2.8047533,-2.1358004,-0.00323168,-0.55609167,3.9732823,11.571816,-1.5567367,-1.2413532,-1.8200607,-0.68233865,1
15.0,15,-1.565341,-0.71846706,-0.22682285,-2.194054,0.6219887,0.017684104,-0.5691507,-0.337266,-2.2152967,-0.53492767,-2.804916,-2.1358418,-0.0034843888,-0.5562184,3.9731503,11.571922,-1.5568888,-1.2410152,-1.8200116,-0.68262273,1
15.0,15,-1.5654302,-0.7182395,-0.22691727,-2.1940036,0.62198037,0.017634487,-0.56911623,-0.337152,-2.2153795,-0.5351673,-2.804871,-2.1357641,-0.0035608578,-0.55619496,3.9732552,11.571928,-1.5569367,-1.241039,-1.8199809,-0.68259263,1
15.0,15,-1.5651544,-0.71821123,-0.2267547,-2.1940062,0.6212579,0.016901964,-0.5691124,-0.33720845,-2.2152493,-0.534791,-2.8047414,-2.1357815,-0.0032278989,-0.5560801,3.973311,11.571812,-1.5567399,-1.2413732,-1.820063,-0.6823251,1
15.0,15,-1.5651644,-0.718214,-0.226765,-2.1940095,0.6212897,0.016928302,-0.56910956,-0.33720356,-2.2152553,-0.53479904,-2.804742,-2.1357856,-0.003244711,-0.5560876,3.973301,11.571815,-1.5567442,-1.2413621,-1.820054,-0.6823278,1
18.0,18,-0.8944756,-1.1546309,-1.5115676,-1.821265,-1.1595559,0.034675267,0.09130636,-3.1340194,2.7308693,-0.11236322,0.25636372,-1.753446,1.338847,-2.58797,-2.1775513,0.14857033,-2.3719141,-1.9936777,13.019376,2.8507705,1
18.0,18,-0.89451253,-1.1546144,-1.5115845,-1.8212811,-1.1595495,0.034734573,0.09131545,-3.1340084,2.7308426,-0.112318926,0.25639647,-1.7534244,1.3386712,-2.587952,-2.1775212,0.14859147,-2.3718963,-1.9936694,13.019392,2.850789,1
18.0,18,-0.8946436,-1.1544591,-1.5115887,-1.8213661,-1.159547,0.034749508,0.09128095,-3.133894,2.731048,-0.11231679,0.25636864,-1.7533741,1.3385493,-2.5879254,-2.1773896,0.1483108,-2.3719704,-1.9936961,13.019509,2.851004,1
18.0,18,-0.8949298,-1.1547738,-1.5118208,-1.821627,-1.1596226,0.03478048,0.09104866,-3.1337035,2.7327538,-0.11237793,0.25591,-1.7532378,1.3391516,-2.5882978,-2.177083,0.14754668,-2.3724742,-1.9939545,13.019479,2.8517334,1
18.0,18,-0.89457047,-1.1545635,-1.511608,-1.8213121,-1.1595329,0.03474743,0.0913457,-3.1339548,2.7308931,-0.112322636,0.2564214,-1.7533871,1.3385359,-2.5879638,-2.1774678,0.14850996,-2.3719285,-1.993661,13.0194435,2.850927,1
18.0,18,-0.8945253,-1.1545697,-1.5115844,-1.8212911,-1.159538,0.034682594,0.091342464,-3.133967,2.7308917,-0.11237286,0.25639218,-1.7534127,1.3387182,-2.587975,-2.177506,0.14849398,-2.3719401,-1.9936656,13.019427,2.8509011,1
18.0,18,-1.560017,-1.4450716,-1.5568713,-2.5288508,-1.3456906,-0.43636236,0.5357097,-3.5255945,4.2844133,0.80919874,0.6649324,-1.7043347,0.08788584,-2.2022722,-1.8964015,-0.06068917,-2.0740664,-2.2130437,12.472847,1.5811869,1
18.0,18,-1.5600135,-1.4450735,-1.5568969,-2.5288353,-1.3456771,-0.4363403,0.53574693,-3.5255952,4.284342,0.80919623,0.664942,-1.7043327,0.08786388,-2.2022684,-1.8964134,-0.060656417,-2.0740614,-2.213031,12.472857,1.5812069,1
18.0,18,-1.5600127,-1.4452327,-1.5566962,-2.5290678,-1.3457663,-0.43643492,0.53516626,-3.5255933,4.2855515,0.80931425,0.66464347,-1.7044282,0.08815428,-2.2023013,-1.8962494,-0.061030086,-2.0742261,-2.2132726,12.472643,1.5811243,1
18.0,18,-1.5601082,-1.4456537,-1.5563921,-2.5296466,-1.3458666,-0.43666974,0.53403765,-3.525547,4.2885942,0.8095118,0.6640066,-1.7046008,0.0885423,-2.2024567,-1.8958858,-0.061932888,-2.0746238,-2.2138047,12.472083,1.5810926,1
18.0,18,-1.560035,-1.4450152,-1.5568593,-2.5288358,-1.3456917,-0.43636173,0.5357363,-3.525571,4.2843323,0.8091716,0.664945,-1.7043217,0.0878537,-2.202272,-1.8963941,-0.06068391,-2.074066,-2.2130234,12.472892,1.5812118,1
18.0,18,-1.5600343,-1.4450433,-1.5568486,-2.5288591,-1.3456979,-0.43637446,0.53569025,-3.525575,4.284462,0.8091856,0.66492254,-1.7043304,0.0878775,-2.2022784,-1.8963822,-0.06072003,-2.0740774,-2.2130468,12.472857,1.5811996,1
6.0,6,-0.18497923,0.036187418,-1.3487347,-0.9303901,-0.5600609,-1.9708886,12.125559,7.36562,-2.3710678,-2.3867586,-0.35319886,0.67712396,-1.412662,-1.6213698,-3.2869911,-2.0641398,-0.11035006,-2.7991686,-0.8306118,-2.4512775,1
6.0,6,-0.18468249,0.03613451,-1.3487153,-0.9304683,-0.5592656,-1.9707233,12.124904,7.3670516,-2.3711796,-2.386577,-0.35327378,0.67670894,-1.4125775,-1.6211929,-3.287456,-2.0643258,-0.11078079,-2.799319,-0.83148,-2.452308,1
6.0,6,-0.18598628,0.035355024,-1.3506112,-0.9325589,-0.5597311,-1.9664638,12.117481,7.383498,-2.3712034,-2.3853405,-0.35664353,0.67987883,-1.413053,-1.6199118,-3.2889328,-2.0647137,-0.11384462,-2.7989316,-0.83745307,-2.4522855,1
6.0,6,-0.18559596,0.035497867,-1.3508004,-0.932284,-0.55847406,-1.9665568,12.117034,7.384369,-2.372172,-2.3855531,-0.35610554,0.6798776,-1.4127096,-1.6199152,-3.2892637,-2.0648196,-0.11367069,-2.7991335,-0.838697,-2.4533124,1
6.0,6,-0.18477446,0.03608898,-1.348878,-0.9306355,-0.559255,-1.9703841,12.124254,7.368473,-2.3712027,-2.3864858,-0.3535364,0.67694825,-1.4125929,-1.6211029,-3.2875986,-2.064365,-0.11105363,-2.799324,-0.8319913,-2.4523408,1
6.0,6,-0.18508309,0.036118373,-1.3490238,-0.9306284,-0.5601765,-1.9705775,12.124748,7.367289,-2.370966,-2.3866777,-0.3532284,0.67749006,-1.4127238,-1.6213936,-3.287076,-2.0642998,-0.11069064,-2.7992933,-0.8310842,-2.4511795,1
12.0,12,-0.9604193,-2.6124923,0.3786074,-0.9672297,-2.8641953,-2.9923422,-0.99016833,-1.1028783,2.012363,-0.45259947,-1.647734,0.015540704,12.683396,1.9762648,-1.6815847,-1.2385811,-0.9658893,-0.26006195,-1.3543477,-3.1305504,1
12.0,12,-0.9604207,-2.612467,0.37856796,-0.96718925,-2.864185,-2.9923737,-0.9901247,-1.1029024,2.0123677,-0.45257995,-1.6476418,0.015584342,12.68339,1.9761072,-1.6816239,-1.2386466,-0.96585566,-0.26004776,-1.3542792,-3.1305819,1
12.0,12,-0.96058095,-2.612504,0.37855196,-0.9671467,-2.864154,-2.9924047,-0.99019337,-1.1028521,2.012349,-0.45239246,-1.6475614,0.01589062,12.6833105,1.9761981,-1.6818638,-1.2390188,-0.96535087,-0.25969326,-1.3547002,-3.1308043,1
12.0,12,-0.960712,-2.6126628,0.37865376,-0.967124,-2.8641694,-2.992402,-0.990347,-1.1027542,2.0126119,-0.4521877,-1.6474315,0.016319264,12.683223,1.9759232,-1.6819564,-1.2393693,-0.965048,-0.25947195,-1.3550941,-3.1310024,1
12.0,12,-0.9604201,-2.6124525,0.37855598,-0.9671699,-2.8641832,-2.9923787,-0.99011433,-1.1028997,2.0123563,-0.4525788,-1.6475925,0.015614368,12.68338,1.9760247,-1.6816341,-1.2386785,-0.9658489,-0.26003242,-1.3542459,-3.1305966,1
12.0,12,-0.96043664,-2.6124935,0.37860087,-0.96720845,-2.8641906,-2.9923515,-0.99017,-1.1028712,2.0123725,-0.452572,-1.6476802,0.015612621,12.683385,1.9761785,-1.6816163,-1.2386512,-0.965832,-0.26001823,-1.3543661,-3.1305861,1
9.0,9,-0.78429484,-1.654632,-0.43648404,-1.4959303,-3.535117,-1.97263,-4.3782043,0.07982637,1.005498,11.99253,-0.10863216,-1.3881832,1.9878812,1.1239655,-2.0824456,-0.1359169,-0.41187036,-0.09132024,0.05831524,-1.7220135,1
9.0,9,-0.7843329,-1.6547588,-0.4366115,-1.4958694,-3.535147,-1.9725691,-4.378214,0.07985397,1.0056586,11.992502,-0.10875583,-1.3881005,1.9880314,1.124081,-2.0825257,-0.13592783,-0.41203696,-0.09134688,0.05830574,-1.722099,1
9.0,9,-0.78470844,-1.6564949,-0.43801242,-1.4971324,-3.5349739,-1.9724851,-4.380375,0.07991101,1.0100201,11.992702,-0.10998012,-1.3841631,1.9888775,1.1253998,-2.0815663,-0.13675691,-0.41382915,-0.09123107,0.053353615,-1.720672,1
9.0,9,-0.78490585,-1.6576082,-0.43916938,-1.4978586,-3.5350077,-1.972336,-4.3817825,0.08014019,1.0130875,11.992687,-0.110883534,-1.3814099,1.9895027,1.1264111,-2.081294,-0.13745685,-0.41513294,-0.091268174,0.050137583,-1.7201184,1
9.0,9,-0.7843506,-1.6548512,-0.43670174,-1.4959158,-3.5351534,-1.972553,-4.378318,0.07987216,1.0058936,11.992492,-0.10883536,-1.3878967,1.9880962,1.1241703,-2.0825138,-0.13598034,-0.41214532,-0.091355,0.0580696,-1.7220745,1
9.0,9,-0.7843535,-1.6549252,-0.43678758,-1.4959775,-3.5351584,-1.9725473,-4.3784246,0.07989003,1.0061276,11.992486,-0.10889936,-1.3876952,1.9881463,1.1242477,-2.0824957,-0.1360386,-0.4122412,-0.09136266,0.05782026,-1.7220408,1
17.0,10,-1.0142462,-1.4005716,-2.4677112,-0.48000833,3.39974,-2.6450481,1.6072041,-0.48714614,-3.7431955,-1.5760039,8.667104,-2.8326397,-2.430075,-1.9230497,-1.1715075,-1.5642188,2.3461082,7.37323,-2.5190458,-1.1021378,0
17.0,10,-1.014253,-1.4005655,-2.4677062,-0.47999623,3.3997896,-2.645072,1.6072363,-0.4870263,-3.7432194,-1.5760194,8.667069,-2.832677,-2.4300783,-1.9230385,-1.1715177,-1.5642085,2.3460546,7.3732066,-2.5190651,-1.1021899,0
17.0,10,-1.0145004,-1.4007003,-2.467834,-0.4799789,3.4000115,-2.6452324,1.6081065,-0.48680055,-3.7434309,-1.5761606,8.667013,-2.83263,-2.4302409,-1.9231699,-1.1718704,-1.563992,2.3461232,7.373085,-2.5186572,-1.1026714,0
17.0,10,-1.0144821,-1.400749,-2.4678414,-0.4801267,3.3998692,-2.6449764,1.6074811,-0.486795,-3.743337,-1.5760461,8.667054,-2.832575,-2.430154,-1.9229686,-1.1716728,-1.5639654,2.3457308,7.373407,-2.518869,-1.1024222,0
17.0,10,-1.014246,-1.4005246,-2.4676864,-0.4800022,3.399701,-2.6451004,1.6071677,-0.48707214,-3.743208,-1.5760494,8.667126,-2.832655,-2.4300914,-1.9230683,-1.1714414,-1.5642177,2.346082,7.3732147,-2.5190392,-1.1021016,0
17.0,10,-1.0142516,-1.4005789,-2.467737,-0.47996733,3.399788,-2.645114,1.6072984,-0.4870932,-3.743199,-1.5760143,8.667221,-2.8326373,-2.4301267,-1.9231261,-1.1714896,-1.5642502,2.3461413,7.3730206,-2.5189917,-1.1021657,0
2.0,2,0.6950242,-1.9954363,12.266088,-0.4560459,-0.640051,-1.19391,-2.158408,-0.5834685,3.530328,-1.0231022,-2.6028252,-0.52722627,1.786375,-2.330599,-0.36951065,-0.79773355,-1.1880314,-1.8017215,-1.1725311,-0.505729,1
2.0,2,0.6947527,-1.9956709,12.265929,-0.45644647,-0.6402992,-1.1939076,-2.1584466,-0.583536,3.5313468,-1.0230442,-2.603012,-0.52718323,1.7866256,-2.330608,-0.36948976,-0.7979539,-1.188428,-1.8021233,-1.1718614,-0.50560445,1
2.0,2,0.69205356,-1.9966573,12.265511,-0.45863894,-0.6411776,-1.1943874,-2.1599548,-0.58232784,3.5336185,-1.0213153,-2.6045496,-0.5260821,1.7892885,-2.3297148,-0.36881962,-0.7973951,-1.1899651,-1.8029048,-1.1709774,-0.5044977,1
2.0,2,0.6881747,-1.992155,12.26978,-0.4547345,-0.6334057,-1.1965225,-2.1683385,-0.5745995,3.503682,-1.0125219,-2.606859,-0.52149713,1.790447,-2.3254392,-0.36433756,-0.78329366,-1.1784533,-1.7854759,-1.1982373,-0.5052217,1
2.0,2,0.6944261,-1.9957803,12.265896,-0.4567087,-0.640339,-1.1939602,-2.1586685,-0.583433,3.5315535,-1.0227991,-2.603268,-0.52703255,1.7869219,-2.3305235,-0.3693634,-0.79781395,-1.188488,-1.8020489,-1.1719373,-0.5055652,1
2.0,2,0.6945953,-1.9957396,12.265885,-0.4566312,-0.6403165,-1.1938913,-2.1585813,-0.5835389,3.531617,-1.0228809,-2.6031134,-0.5271262,1.78662,-2.3306072,-0.36940628,-0.79792,-1.1884774,-1.8020861,-1.1718237,-0.5055533,1
3.0,3,0.061056875,-1.0941951,-1.509049,12.311767,-0.19271348,-0.4553165,-1.0067914,-1.7446365,-1.2066222,-2.0780172,0.4181877,2.6538877,0.5973107,-1.155265,-3.3982606,-1.8483524,0.73892915,-0.030322172,-3.21444,-0.9893342,1
3.0,3,0.061017014,-1.0941792,-1.5090933,12.311728,-0.1927142,-0.4552467,-1.0067973,-1.7446363,-1.2066329,-2.0780246,0.41816485,2.6538908,0.5972677,-1.1551692,-3.398281,-1.8483196,0.73888457,-0.030280165,-3.21444,-0.98932993,1
3.0,3,0.060906745,-1.094099,-1.5092208,12.311648,-0.19269376,-0.4549974,-1.006817,-1.7446725,-1.2067058,-2.0781078,0.4180684,2.6538348,0.59714854,-1.154796,-3.3983312,-1.848241,0.7387658,-0.030159362,-3.2144356,-0.9893239,1
3.0,3,0.060730852,-1.0940671,-1.5094477,12.311465,-0.19273074,-0.45470434,-1.0068791,-1.744645,-1.2067044,-2.0780833,0.41797727,2.6539755,0.59696734,-1.1543943,-3.3984332,-1.8481251,0.7385793,-0.029966347,-3.2144794,-0.989327,1
3.0,3,0.060952254,-1.0941415,-1.5091765,12.311675,-0.19271807,-0.4551239,-1.0068128,-1.7446343,-1.2066453,-2.078034,0.41813138,2.6539073,0.5971923,-1.1550088,-3.3983169,-1.848283,0.73882,-0.030211471,-3.2144504,-0.98934996,1
3.0,3,0.06093978,-1.0940586,-1.5091761,12.311687,-0.19270341,-0.45508787,-1.0067872,-1.7446303,-1.206689,-2.078107,0.41810873,2.6538908,0.59715027,-1.1550108,-3.398326,-1.8482639,0.7388422,-0.030198455,-3.214422,-0.9893618,1
14.0,14,-2.8200932,2.1384375,-1.2992579,-2.3835392,1.2022814,1.962054,-2.2975636,-2.0323405,0.17584795,-0.91841495,-0.6206514,0.78640723,-2.8245041,-1.0451287,12.147121,1.4491681,0.13010149,-0.4997458,-2.3539412,0.81564015,1
14.0,14,-2.8200703,2.1384645,-1.2992736,-2.3835046,1.2023759,1.9620912,-2.2975338,-2.0323098,0.17586449,-0.9184936,-0.6206662,0.7864013,-2.8245182,-1.0451828,12.147108,1.4491338,0.13006887,-0.49982822,-2.3538992,0.81564784,1
14.0,14,-2.8199928,2.138617,-1.2993902,-2.3833494,1.2025943,1.9622083,-2.2974164,-2.0322433,0.17588986,-0.91881233,-0.6205945,0.78643227,-2.8245869,-1.0453194,12.147036,1.4489082,0.12998843,-0.5000618,-2.353718,0.81570315,1
14.0,14,-2.819995,2.1385193,-1.2993253,-2.3833876,1.2027608,1.962196,-2.2974067,-2.0321991,0.17591593,-0.918793,-0.620769,0.7864211,-2.8245468,-1.0454106,12.147085,1.449075,0.1299866,-0.50023216,-2.3537166,0.81570554,1
14.0,14,-2.8200703,2.1384451,-1.2992593,-2.3835127,1.2024184,1.9620962,-2.297531,-2.0323029,0.17587134,-0.9184982,-0.62070256,0.786397,-2.8245153,-1.0452039,12.1471195,1.4491634,0.13007183,-0.49985683,-2.3538997,0.8156462,1
14.0,14,-2.820067,2.1384578,-1.2992693,-2.3834982,1.2024479,1.9621285,-2.2975218,-2.0323079,0.17587438,-0.9185412,-0.6206924,0.7863957,-2.8245418,-1.0452121,12.147106,1.4491285,0.13008188,-0.4998446,-2.3538904,0.8156448,1
2.0,18,-2.2804441,-1.4760258,-1.6916635,-2.2644095,-1.9943393,-1.3471271,2.4872625,-1.550695,2.9660091,0.9475294,3.3974252,-0.44709277,-2.1222217,-1.928012,-1.198612,-1.3497627,-2.7103333,-3.1450908,11.62327,4.451429,0
2.0,18,-2.2795575,-1.4745848,-1.6896032,-2.2630322,-1.9946796,-1.3469137,2.4896426,-1.5525408,2.963759,0.94638896,3.3935566,-0.44626498,-2.1207278,-1.9273758,-1.1999127,-1.3494158,-2.7097738,-3.144751,11.624694,4.450414,0
2.0,18,-2.2791915,-1.4745063,-1.6894957,-2.2629402,-1.9945234,-1.3471143,2.4900787,-1.5530987,2.9638476,0.94599044,3.392833,-0.44661677,-2.1200802,-1.9273275,-1.1998864,-1.3491135,-2.7098858,-3.1451688,11.625071,4.450006,0
2.0,18,-2.288978,-1.4767036,-1.69785,-2.2729433,-1.9957527,-1.3491803,2.4697375,-1.5156279,2.9921114,0.96188647,3.3701468,-0.44805562,-2.128928,-1.9217594,-1.1867499,-1.371186,-2.713427,-3.1489618,11.621869,4.512461,0
2.0,18,-2.2796314,-1.4747248,-1.6892644,-2.2628586,-1.9949411,-1.3471323,2.4895365,-1.5521512,2.964557,0.9464981,3.3929093,-0.44624162,-2.1205404,-1.9273474,-1.1996045,-1.3499511,-2.7099717,-3.1452255,11.624604,4.4513073,0
2.0,18,-2.279267,-1.4737937,-1.6876619,-2.2617085,-1.9955848,-1.3472233,2.4907522,-1.5521501,2.9642155,0.9461291,3.3885682,-0.44538474,-2.1194558,-1.9265869,-1.1999182,-1.3508577,-2.7098205,-3.1455646,11.625498,4.4536815,0
7.0,7,-0.22159714,-0.68280476,-2.039533,-2.5660477,0.78107923,0.68412536,-0.68054426,11.737125,-0.38151398,0.2614056,-0.40477273,0.4855668,-1.826786,-0.60405034,-2.682128,0.2511111,-2.2782578,-1.9922241,-2.7436726,0.071510874,1
7.0,7,-0.22175422,-0.68266594,-2.039604,-2.5660021,0.7810942,0.6841783,-0.6799196,11.737431,-0.38181502,0.2611157,-0.40493852,0.48583233,-1.8267311,-0.60398406,-2.6821961,0.25085557,-2.278189,-1.9921032,-2.7437196,0.071170814,1
7.0,7,-0.22245073,-0.68171006,-2.0398595,-2.5660596,0.77999127,0.6841406,-0.67925364,11.737469,-0.3821978,0.26097763,-0.40608925,0.48676515,-1.8266734,-0.60356337,-2.6820421,0.25105342,-2.2778318,-1.9915947,-2.7434475,0.072695896,1
7.0,7,-0.22264084,-0.6815922,-2.0401602,-2.565999,0.7801022,0.6841371,-0.67893547,11.7375765,-0.3827416,0.26064983,-0.40576655,0.4871785,-1.8267004,-0.6036091,-2.6820674,0.2511783,-2.2779076,-1.9913973,-2.7433279,0.07247654,1
7.0,7,-0.2218562,-0.68256384,-2.0395737,-2.5660174,0.7810524,0.6842466,-0.6799098,11.737435,-0.38183534,0.26114455,-0.40526122,0.4858533,-1.826703,-0.6038818,-2.68221,0.25088957,-2.2780817,-1.9920083,-2.7437012,0.07127914,1
7.0,7,-0.22160926,-0.68281215,-2.0395298,-2.5660539,0.78108287,0.6841464,-0.6806681,11.737069,-0.3815103,0.2614423,-0.40477952,0.48557502,-1.8267963,-0.60403895,-2.682106,0.2511856,-2.2782576,-1.9921948,-2.7436593,0.07156284,1
3.0,3,0.23474768,-1.1957186,1.4060425,12.533136,0.016697392,-1.3324628,-0.07807742,-2.8197796,-2.5804858,-2.435862,1.4414827,-1.2255816,1.723675,-2.6447737,-3.0812273,-2.1376715,2.7245693,0.7663984,-2.4354055,-1.6044668,1
3.0,3,0.23473531,-1.1957481,1.4060422,12.53315,0.016709141,-1.3324652,-0.07809545,-2.8197622,-2.5804765,-2.435825,1.44145,-1.225591,1.723722,-2.6447291,-3.081222,-2.1376588,2.724539,0.7663238,-2.4354248,-1.6044476,1
3.0,3,0.23498183,-1.1952889,1.4048918,12.533817,0.017107613,-1.3323166,-0.0778465,-2.8194392,-2.5801175,-2.4358113,1.4414617,-1.2256572,1.7229682,-2.644665,-3.0810618,-2.137604,2.7238007,0.76466477,-2.435076,-1.6039896,1
3.0,3,0.23490345,-1.1953686,1.4056851,12.53357,0.017297946,-1.3322945,-0.07804124,-2.8195584,-2.580325,-2.4357247,1.4406904,-1.2264224,1.72362,-2.644234,-3.0810328,-2.1374824,2.7241986,0.7650242,-2.4353192,-1.6042635,1
3.0,3,0.23481819,-1.1956137,1.4059675,12.533239,0.016916685,-1.3323619,-0.078065515,-2.819755,-2.5804825,-2.4358456,1.44121,-1.2258939,1.7236466,-2.64465,-3.0811663,-2.1376379,2.7246351,0.7660667,-2.4353914,-1.6044294,1
3.0,3,0.23497114,-1.195302,1.4056813,12.533428,0.017158918,-1.3322363,-0.077947974,-2.8197134,-2.5804238,-2.4359534,1.441047,-1.2261715,1.7232957,-2.6446466,-3.081101,-2.137629,2.7245944,0.7656639,-2.4352322,-1.6043789,1
9.0,9,-0.85334826,-2.463752,-0.027259445,-1.2412809,-2.2877407,-2.6404097,-3.3017101,-0.319186,0.40534154,11.907732,2.1578755,-2.9815223,-0.48585123,0.5239948,-2.9586844,1.711784,-0.6469825,0.33795094,-0.1927341,0.35733393,1
9.0,9,-0.8533473,-2.463744,-0.026829552,-1.2410871,-2.287571,-2.640166,-3.3019257,-0.31871104,0.40560314,11.907987,2.15622,-2.9810982,-0.48551798,0.52452856,-2.958941,1.7114917,-0.64688087,0.33774748,-0.19313428,0.35721347,1
9.0,9,-0.8534282,-2.4635046,-0.025420472,-1.2401158,-2.2868223,-2.639241,-3.3028967,-0.31634483,0.40667883,11.909265,2.148632,-2.9789522,-0.4839932,0.5272912,-2.9600744,1.7099556,-0.6464058,0.33661616,-0.19485126,0.3574273,1
9.0,9,-0.8544725,-2.462843,-0.029140571,-1.2413142,-2.2859862,-2.6394796,-3.3030617,-0.31575775,0.40548432,11.90839,2.1503575,-2.978489,-0.48549548,0.5269221,-2.9598117,1.7122346,-0.64628685,0.3378776,-0.19380458,0.36241525,1
9.0,9,-0.8532956,-2.463741,-0.0267689,-1.2410067,-2.2876625,-2.64023,-3.3018844,-0.3187751,0.40562102,11.908038,2.156334,-2.9811401,-0.4854667,0.52454877,-2.9589148,1.7113327,-0.6468995,0.33764744,-0.19312422,0.3570675,1
9.0,9,-0.8533754,-2.4636965,-0.026562262,-1.2409129,-2.2873883,-2.6399689,-3.3021295,-0.31824103,0.40579352,11.908197,2.1547296,-2.9806767,-0.48525998,0.52502394,-2.9591842,1.7112716,-0.6467593,0.3375906,-0.19348039,0.35732687,1
14.0,14,-2.9921248,0.52421504,-0.81435627,-2.3135777,-0.23569976,-0.7496636,-1.6911175,-1.9777058,-0.22615427,0.24202338,-1.3343159,0.5892637,-0.9959974,-1.0860794,12.477829,5.5256515,-0.76134294,-1.5867239,-2.8500023,1.1761751,1
14.0,14,-2.992229,0.5244263,-0.8145009,-2.3135507,-0.23520695,-0.74914587,-1.6910697,-1.9774877,-0.22625127,0.24147466,-1.3344189,0.58923405,-0.99625784,-1.0861661,12.4779625,5.5255976,-0.76143694,-1.5867584,-2.8499444,1.1760604,1
14.0,14,-2.993061,0.52618736,-0.8157989,-2.313359,-0.23055772,-0.7445652,-1.6907924,-1.9753582,-0.22751135,0.23677865,-1.3355075,0.5889463,-0.9984527,-1.0869302,12.479103,5.5252514,-0.7621629,-1.5870602,-2.8493786,1.1748881,1
14.0,14,-2.9931023,0.52626926,-0.8159353,-2.313371,-0.23019145,-0.7441554,-1.6907475,-1.975098,-0.22763741,0.23630726,-1.3356403,0.58893305,-0.9985711,-1.0870149,12.479184,5.5254397,-0.7623095,-1.5871891,-2.8493621,1.174808,1
14.0,14,-2.992178,0.52428645,-0.8144713,-2.313583,-0.23531969,-0.74927926,-1.6910889,-1.9774618,-0.22625124,0.2416049,-1.3344572,0.5892389,-0.9961168,-1.0861646,12.477903,5.5258007,-0.76146734,-1.5868373,-2.849991,1.1761024,1
14.0,14,-2.9922812,0.52452624,-0.81450224,-2.3135211,-0.23513193,-0.7490833,-1.6910708,-1.9775385,-0.22626871,0.24147013,-1.3343638,0.58923227,-0.99636686,-1.086152,12.478008,5.525379,-0.76137906,-1.5866599,-2.8498971,1.1760054,1
3.0,3,1.1762806,-0.7303794,1.3473547,12.902058,0.3567118,-1.341794,-0.24138236,-1.8378075,-2.3994536,-2.3110628,1.0008416,-1.1683812,1.059339,-2.371107,-3.2001433,-2.1887455,2.0212834,-1.0896617,-2.6166,-2.094197,1
3.0,3,1.1762995,-0.7303346,1.3474034,12.902056,0.356727,-1.3418324,-0.2413984,-1.8377949,-2.399464,-2.3110707,1.0007374,-1.168438,1.059387,-2.37104,-3.2001562,-2.1887248,2.0212665,-1.0896846,-2.6166058,-2.0941982,1
3.0,3,1.176106,-0.7303688,1.3473572,12.90211,0.356754,-1.3416741,-0.24131495,-1.8378721,-2.3994493,-2.3110933,1.0007635,-1.1683344,1.0592389,-2.3711565,-3.2000995,-2.1887548,2.021407,-1.0895178,-2.616588,-2.0941732,1
3.0,3,1.176264,-0.7300972,1.3473357,12.902057,0.35679793,-1.3420358,-0.241384,-1.837815,-2.399453,-2.3111255,1.0005832,-1.1687136,1.0595837,-2.3709497,-3.2001095,-2.188711,2.021213,-1.0897622,-2.616478,-2.0942097,1
3.0,3,1.1763257,-0.730303,1.3474746,12.902044,0.35674292,-1.3418698,-0.24141666,-1.8377789,-2.3994732,-2.311077,1.0006293,-1.1685023,1.0594383,-2.370969,-3.2001677,-2.1887054,2.021247,-1.0897127,-2.6166184,-2.0942068,1
3.0,3,1.1763389,-0.73026943,1.3476052,12.902043,0.3567769,-1.3418969,-0.24142927,-1.8377758,-2.3994863,-2.3110855,1.0004666,-1.1686063,1.0594896,-2.3708797,-3.200169,-2.188679,2.021243,-1.0897228,-2.6166377,-2.0942209,1
18.0,18,-1.4760437,-1.409713,-1.3260275,-2.5970423,-1.4153996,-0.88144565,1.0313623,-3.6456451,4.7508674,0.6588609,1.1437972,-1.478126,-0.2005644,-2.318434,-1.6564609,-0.55870205,-2.1096294,-2.6391933,12.174851,1.3039094,1
18.0,18,-1.4760791,-1.4095494,-1.3260024,-2.596938,-1.4153892,-0.88139945,1.0314958,-3.6456254,4.7504034,0.6587842,1.143824,-1.4781098,-0.20061722,-2.3184216,-1.6564897,-0.5585818,-2.109601,-2.6390893,12.175037,1.3039631,1
18.0,18,-1.4762217,-1.4097097,-1.3257384,-2.5971615,-1.415981,-0.8816381,1.0306104,-3.645734,4.751821,0.65897185,1.1437443,-1.4777743,-0.19992143,-2.3183944,-1.6561328,-0.55937684,-2.1096745,-2.6392415,12.174738,1.3037893,1
18.0,18,-1.4777954,-1.4103761,-1.324575,-2.5984976,-1.4186001,-0.8829112,1.026556,-3.645867,4.76013,0.6595404,1.1434655,-1.4762427,-0.19730693,-2.3187249,-1.6545175,-0.5640055,-2.1095846,-2.6393273,12.172986,1.3030896,1
18.0,18,-1.4761659,-1.409492,-1.3259416,-2.59694,-1.4155073,-0.88144225,1.0314071,-3.6456287,4.750515,0.6587735,1.1438199,-1.478036,-0.20052838,-2.3184245,-1.6564426,-0.5587126,-2.1095624,-2.6390324,12.175051,1.3039572,1
18.0,18,-1.4761714,-1.4095786,-1.3259479,-2.5970123,-1.4155186,-0.8814679,1.0312932,-3.6456318,4.750872,0.6588079,1.1437984,-1.4780351,-0.20049942,-2.3184438,-1.6564056,-0.5588364,-2.1095815,-2.6390889,12.174941,1.303941,1
9.0,9,-1.8494284,0.1185715,2.681786,-1.3376968,-3.3165767,-2.3904412,-3.5641418,-0.8767035,1.368506,11.13961,-0.7548547,-3.314845,1.1153702,0.371526,-0.08853516,-0.4359395,1.0871569,-1.2145396,0.43120813,-1.6999232,1
9.0,9,-1.8494638,0.11858557,2.6817503,-1.3376805,-3.3165832,-2.3904684,-3.564088,-0.87672806,1.3684006,11.139629,-0.7547927,-3.3148124,1.1153519,0.37145823,-0.088511616,-0.43588358,1.0871357,-1.2145064,0.43130994,-1.6998575,1
9.0,9,-1.8495849,0.118740566,2.681705,-1.3376176,-3.3165448,-2.3903174,-3.5639727,-0.8767308,1.368051,11.139532,-0.7546273,-3.3146906,1.1150963,0.37153682,-0.08856973,-0.43599692,1.0872533,-1.2144082,0.43150496,-1.6999035,1
9.0,9,-1.8496883,0.11889208,2.6816185,-1.3375705,-3.3165393,-2.390222,-3.563874,-0.87670857,1.3677626,11.139479,-0.7545407,-3.314592,1.1149588,0.37157515,-0.08857522,-0.43603215,1.08729,-1.2143432,0.43165392,-1.6998891,1
9.0,9,-1.849487,0.11860567,2.681721,-1.3376685,-3.3165877,-2.390469,-3.5640616,-0.87673056,1.3683347,11.139635,-0.75476867,-3.3147929,1.115338,0.37143847,-0.08850098,-0.43586096,1.0871278,-1.2144921,0.43135807,-1.6998242,1
9.0,9,-1.8494564,0.118593745,2.681754,-1.3376858,-3.3165758,-2.3904424,-3.564104,-0.8767159,1.3684268,11.139607,-0.7548174,-3.3148205,1.1153492,0.3714969,-0.088518135,-0.4359173,1.0871578,-1.2145182,0.43126723,-1.6998864,1
13.0,13,-1.7884259,-1.5101669,0.2963781,-0.16253717,-2.344604,1.1070666,-1.8099829,-0.96232396,-0.22660384,1.9573332,-1.815132,-3.0078378,1.7708616,12.660478,-2.464962,-0.29721105,-3.1762025,0.42747447,-2.4198427,-1.9306577,1
13.0,13,-1.7884322,-1.5101691,0.29633236,-0.16247089,-2.3445892,1.1071308,-1.8099749,-0.96234894,-0.22663671,1.9572961,-1.8151075,-3.007791,1.7707452,12.6604595,-2.4649525,-0.2971831,-3.1761873,0.42748412,-2.4198287,-1.9306436,1
13.0,13,-1.7884207,-1.5101762,0.29633462,-0.1620059,-2.3445795,1.1070904,-1.8099174,-0.9624626,-0.2268303,1.9572116,-1.8150853,-3.0077465,1.7707225,12.660391,-2.4650388,-0.29713926,-3.1761522,0.4274683,-2.4198039,-1.9307137,1
13.0,13,-1.7884127,-1.510212,0.2963935,-0.16186994,-2.3446074,1.1070893,-1.8098556,-0.9625097,-0.22691843,1.957049,-1.8151065,-3.0076861,1.7708706,12.6603775,-2.4650984,-0.29711473,-3.1762109,0.42745987,-2.4197035,-1.9308342,1
13.0,13,-1.7884352,-1.510168,0.29631802,-0.16245978,-2.344577,1.1071559,-1.8099757,-0.9623563,-0.2266405,1.9572884,-1.8150994,-3.007779,1.7706892,12.660448,-2.4649405,-0.29717466,-3.1761794,0.42748895,-2.4198315,-1.9306316,1
13.0,13,-1.7884308,-1.5101709,0.29634574,-0.16250801,-2.3445947,1.1071187,-1.8099782,-0.9623372,-0.2266194,1.9573051,-1.8151159,-3.007802,1.7707796,12.66047,-2.4649534,-0.29719296,-3.1761956,0.42748258,-2.4198296,-1.930647,1
17.0,17,-1.9860661,-1.0362955,-1.5070437,-0.9389725,-2.3861992,-2.239643,5.9143257,2.4060893,-4.109967,-1.8211652,3.1554585,0.25380594,-1.9472404,-0.34369063,-2.3678913,0.12756048,1.8726903,9.642405,-2.7561045,-2.9847991,1
17.0,17,-1.9861325,-1.0361519,-1.5069971,-0.9387856,-2.3862283,-2.2394583,5.9141293,2.4058805,-4.1100965,-1.82116,3.1553702,0.2539016,-1.947312,-0.34375662,-2.3677864,0.12748788,1.8732315,9.642528,-2.7562873,-2.9848304,1
17.0,17,-1.9865574,-1.0353805,-1.5067309,-0.93786955,-2.3865702,-2.2386198,5.9146805,2.4057758,-4.1109138,-1.8213129,3.1545703,0.25464195,-1.9479047,-0.34419915,-2.367424,0.12704754,1.8757213,9.641997,-2.7571354,-2.985105,1
17.0,17,-1.986553,-1.0354584,-1.506715,-0.9377393,-2.3864026,-2.2386901,5.914936,2.4060109,-4.11097,-1.8214245,3.1542614,0.25473595,-1.9478302,-0.3441359,-2.3676233,0.12702353,1.8757075,9.641888,-2.7571352,-2.9850626,1
17.0,17,-1.9861345,-1.0361923,-1.507028,-0.9390158,-2.3863366,-2.2394838,5.91416,2.4059868,-4.1099854,-1.8211173,3.1555407,0.2538485,-1.9473051,-0.34372026,-2.3676777,0.12758616,1.872736,9.642478,-2.7561858,-2.9848535,1
17.0,17,-1.9861159,-1.0362964,-1.5070531,-0.93894285,-2.386192,-2.239591,5.914296,2.406013,-4.109994,-1.8211555,3.15551,0.25382423,-1.947252,-0.34370327,-2.3678608,0.12757497,1.8727313,9.642443,-2.756128,-2.9848053,1
1.0,0,9.515924,9.385732,-0.6000635,1.1250949,-1.8025601,-2.0085618,0.2123497,-1.7959834,0.44749546,-2.3279707,-1.3807548,-4.837805,-1.1090283,1.0160934,-3.6719804,-2.922708,-0.990484,-1.6243018,-2.1530464,-1.7898889,0
1.0,0,9.515112,9.386408,-0.6002354,1.125258,-1.802798,-2.008651,0.21222508,-1.7959096,0.4477137,-2.3277817,-1.3809325,-4.8378496,-1.1092978,1.0162456,-3.6718502,-2.9226677,-0.99046135,-1.6242129,-2.1529334,-1.7895193,0
1.0,0,9.516794,9.383685,-0.60045755,1.1227436,-1.8026203,-2.0078094,0.2122188,-1.7962008,0.4513865,-2.3274035,-1.3818282,-4.837498,-1.1091017,1.016374,-3.6715097,-2.9236841,-0.99095523,-1.6250619,-2.1539457,-1.7889124,0
1.0,0,9.517583,9.382902,-0.60030603,1.1223958,-1.8024403,-2.0076895,0.21227205,-1.7963154,0.45160168,-2.3274703,-1.3818333,-4.8374453,-1.1088506,1.0163035,-3.671576,-2.9237976,-0.99099267,-1.6252115,-2.1541607,-1.7891092,0
1.0,0,9.514925,9.386478,-0.6003599,1.1251082,-1.8028545,-2.0085833,0.21223654,-1.7958747,0.4480406,-2.3277314,-1.3810312,-4.8378286,-1.1093946,1.0162771,-3.67177,-2.9227514,-0.9905152,-1.6242465,-2.1529293,-1.7893537,0
1.0,0,9.514518,9.38721,-0.60026085,1.1257823,-1.8029654,-2.0088384,0.21223016,-1.7957888,0.44694245,-2.3278065,-1.3807758,-4.837864,-1.1093693,1.0163946,-3.671883,-2.9224997,-0.9904256,-1.6240207,-2.1526875,-1.789635,0
2.0,2,2.380631,-1.2360258,12.131021,-0.5447581,0.08434002,-1.0527608,-1.7594271,-1.8879976,2.7983873,-0.9558703,-2.4904554,-1.9171726,0.05630552,-1.6904203,0.027472347,-0.568657,-0.12675719,-1.0970116,-2.355976,-1.4127405,1
2.0,2,2.3811662,-1.2374468,12.129663,-0.5458027,0.08365224,-1.0518467,-1.759619,-1.888385,2.8034031,-0.95573235,-2.4903183,-1.9166378,0.055088162,-1.6907905,0.026902705,-0.5703272,-0.1277821,-1.0975169,-2.3562713,-1.4110413,1
2.0,2,2.3800366,-1.240987,12.125818,-0.54548395,0.08227968,-1.0490425,-1.7594303,-1.8884536,2.8171651,-0.95690596,-2.4905412,-1.9142947,0.04841183,-1.6922654,0.025029719,-0.573226,-0.13102189,-1.0987148,-2.3570762,-1.4022105,1
2.0,2,2.3752952,-1.2358403,12.129812,-0.53528816,0.084662735,-1.0500244,-1.7564431,-1.8847148,2.8009555,-0.96190333,-2.4911623,-1.9144528,0.045332357,-1.6920979,0.024310134,-0.56594515,-0.1289301,-1.0972596,-2.3554935,-1.4001154,1
2.0,2,2.3793426,-1.2342731,12.132548,-0.5423297,0.08524589,-1.053547,-1.7588474,-1.8870777,2.7924767,-0.95680976,-2.4907277,-1.9174516,0.056547582,-1.6901926,0.02780594,-0.5661959,-0.12578535,-1.0965265,-2.3555603,-1.4132574,1
2.0,2,2.3809147,-1.2363062,12.130545,-0.5439803,0.08422217,-1.0519978,-1.7590257,-1.8875737,2.799362,-0.9565956,-2.490191,-1.9169397,0.054619864,-1.6906513,0.026726604,-0.5688378,-0.12720917,-1.0975016,-2.3558588,-1.4113336,1
10.0,14,-2.7926114,3.1408424,-1.6652659,-1.9672319,-0.5581013,0.31460118,-2.6491628,-0.41824228,-0.40175498,0.21368726,-0.0009028781,0.885354,-2.087173,-1.5475222,12.119977,2.7384574,-0.86433554,-2.236429,-2.1308548,0.6226751,0
10.0,14,-2.7926047,3.1409123,-1.665274,-1.9671898,-0.5580863,0.31470236,-2.6491194,-0.41833377,-0.40173718,0.21356496,-0.000844216,0.8854113,-2.087234,-1.5475194,12.119977,2.738286,-0.8643068,-2.2363372,-2.1308548,0.62266016,0
10.0,14,-2.792576,3.1411526,-1.6653017,-1.9670551,-0.5580542,0.3149508,-2.6489809,-0.41872054,-0.4016631,0.21320513,-0.00059872307,0.8855571,-2.0874536,-1.5475,12.119983,2.7377474,-0.86419225,-2.236049,-2.13083,0.62265813,0
10.0,14,-2.7925744,3.1410863,-1.6652645,-1.9670776,-0.5580896,0.3148143,-2.6490457,-0.41877806,-0.40163115,0.21339016,-0.0006101858,0.8854808,-2.087414,-1.5474689,12.119993,2.7378318,-0.86416227,-2.236096,-2.1308284,0.6227093,0
10.0,14,-2.7926064,3.1408799,-1.6652688,-1.967208,-0.5580965,0.3146469,-2.6491406,-0.41830498,-0.40174118,0.21362637,-0.0008640606,0.88538176,-2.087207,-1.5475175,12.119978,2.7383647,-0.86431605,-2.236378,-2.130854,0.62267244,0
10.0,14,-2.7926023,3.140871,-1.6652583,-1.9672052,-0.55810845,0.3146228,-2.6491554,-0.41835508,-0.40172055,0.21366689,-0.0008430127,0.88537025,-2.087212,-1.5475035,12.119982,2.738337,-0.864297,-2.236368,-2.1308553,0.6226896,0
5.0,5,-2.04901,-1.3809972,-2.3061197,-1.4074051,1.4620315,12.907293,-2.2502334,0.81440043,-0.9678284,-1.3711021,-0.44405618,1.181189,-3.595317,1.5457923,1.0172826,-1.7524263,0.035140585,1.4562618,-0.8965283,-2.2688036,1
5.0,5,-2.0489886,-1.3810257,-2.3061104,-1.4073908,1.4619426,12.907287,-2.2501988,0.8144176,-0.96785855,-1.3710916,-0.44402024,1.1812165,-3.5952837,1.5458286,1.0171367,-1.752424,0.03515483,1.4562868,-0.89650166,-2.2688143,1
5.0,5,-2.0489593,-1.3809499,-2.3060944,-1.4073882,1.4615041,12.907181,-2.2500017,0.81432927,-0.96797395,-1.3712915,-0.44369313,1.1815629,-3.5952551,1.5457898,1.0168483,-1.7523986,0.035147864,1.4563062,-0.89627326,-2.268796,1
5.0,5,-2.0490167,-1.3807942,-2.3061159,-1.4074349,1.4614022,12.907132,-2.2499552,0.8142256,-0.96797097,-1.371486,-0.44353697,1.1817793,-3.5953405,1.5456469,1.0171194,-1.7523733,0.035094265,1.4562411,-0.8962196,-2.2687328,1
5.0,5,-2.048988,-1.3810303,-2.306113,-1.4073921,1.4619412,12.907281,-2.2502058,0.8144274,-0.9678638,-1.3710821,-0.44401366,1.181208,-3.5952804,1.5458286,1.0171409,-1.7524222,0.03514726,1.4562805,-0.89649224,-2.2688208,1
5.0,5,-2.0489936,-1.3809756,-2.3061082,-1.4073982,1.461979,12.907291,-2.250194,0.814361,-0.9678309,-1.3711337,-0.44404075,1.1812382,-3.5953074,1.5458002,1.0171815,-1.7524551,0.0351655,1.4562765,-0.8964721,-2.2688031,1
0.0,0,12.190502,3.0163517,1.1469972,-0.5667904,-0.2529152,-0.4632025,0.6059537,-0.72113436,-0.5425518,-2.5092375,-0.45906428,-2.941198,-0.5212089,-1.2906866,-3.380731,-2.3402798,0.3032177,-2.1133988,-2.8000185,-3.4740665,1
0.0,0,12.190499,3.0163486,1.1469916,-0.56678826,-0.25290865,-0.46319482,0.6059699,-0.7211469,-0.5425489,-2.509238,-0.45906305,-2.9412007,-0.5212189,-1.2906984,-3.3807397,-2.3402698,0.30320793,-2.113396,-2.8000023,-3.4740646,1
0.0,0,12.190489,3.0162926,1.1469955,-0.56681806,-0.25289428,-0.46316308,0.6060125,-0.72113717,-0.5424436,-2.5092685,-0.459072,-2.9411893,-0.52127475,-1.2907065,-3.3807163,-2.3403146,0.30317062,-2.1134052,-2.8000128,-3.4740257,1
0.0,0,12.190486,3.0162485,1.1470087,-0.5668518,-0.25289506,-0.46314725,0.60601723,-0.7211008,-0.54235387,-2.5092983,-0.45908567,-2.9411743,-0.5213048,-1.2906889,-3.3806763,-2.3403747,0.30315453,-2.1134164,-2.8000598,-3.4739916,1
0.0,0,12.190498,3.0163548,1.1469939,-0.5667913,-0.25291198,-0.463196,0.6059689,-0.72114,-0.54254246,-2.509241,-0.45906663,-2.9412034,-0.5212232,-1.2906932,-3.380732,-2.3402765,0.30320632,-2.113398,-2.8000093,-3.4740603,1
0.0,0,12.1905,3.016348,1.1470004,-0.5667951,-0.25291574,-0.4631993,0.60595757,-0.72112507,-0.5425379,-2.5092456,-0.4590682,-2.9411957,-0.5212151,-1.2906847,-3.380724,-2.340293,0.30321565,-2.1134005,-2.800027,-3.4740617,1
12.0,12,0.09982253,-2.5883317,0.9711218,-0.9733617,-2.8385382,-3.8075924,-0.17467162,-1.6840883,1.5824492,-1.119692,-1.9535941,-0.46316803,12.676371,2.6538768,-1.6641076,-0.6349287,-1.8487929,-1.3656908,-0.7997767,-0.84244335,1
12.0,12,0.09976513,-2.5883377,0.9711464,-0.97339886,-2.838502,-3.8076532,-0.17472935,-1.6840899,1.5826006,-1.1197494,-1.9536532,-0.46310866,12.676291,2.6538832,-1.6640277,-0.6348954,-1.848826,-1.365791,-0.79981816,-0.8419766,1
12.0,12,0.09948488,-2.5882924,0.9713851,-0.97351253,-2.8383682,-3.807851,-0.17502838,-1.6840614,1.5830156,-1.1198788,-1.9539695,-0.46290195,12.6760645,2.654028,-1.6637394,-0.6347412,-1.8488833,-1.3661133,-0.8000475,-0.840452,1
12.0,12,0.099587314,-2.58833,0.9715182,-0.9734928,-2.8384657,-3.807747,-0.1750984,-1.6838473,1.5829333,-1.1196979,-1.9538089,-0.46298784,12.676202,2.6539412,-1.6638995,-0.6349831,-1.8488748,-1.3660358,-0.8000811,-0.8411956,1
12.0,12,0.09976529,-2.588354,0.97112685,-0.97340226,-2.838482,-3.807684,-0.17471102,-1.6841319,1.5826818,-1.1197921,-1.9536699,-0.46307844,12.676259,2.653826,-1.6639942,-0.63487506,-1.8488336,-1.3658292,-0.7998102,-0.8417926,1
12.0,12,0.099759765,-2.5882964,0.9711771,-0.9733879,-2.8385372,-3.807597,-0.17475373,-1.684032,1.5824248,-1.1196737,-1.9536366,-0.46317327,12.676357,2.6540072,-1.6640831,-0.63491166,-1.8488026,-1.365709,-0.7998329,-0.8423293,1
18.0,18,-1.2481478,-0.70215446,0.97340137,-1.8744828,-1.423957,-1.4126216,1.8391198,-3.7350202,2.0005295,0.05967643,0.6331791,-1.9360906,0.23973775,-2.126107,-2.3080115,1.0297894,-1.9061018,-2.47551,12.30668,0.53834546,1
18.0,18,-1.2482367,-0.7018457,0.9737147,-1.8744018,-1.4241289,-1.4126496,1.8395815,-3.7352223,2.0002213,0.059554324,0.63284826,-1.9360197,0.23977998,-2.1259024,-2.307994,1.029725,-1.9058864,-2.4753659,12.306589,0.5382901,1
18.0,18,-1.2484521,-0.7012637,0.9758349,-1.874242,-1.424929,-1.4129913,1.8405713,-3.7353704,2.000433,0.05887346,0.6314194,-1.9357084,0.24059325,-2.125554,-2.3076844,1.0291276,-1.9060087,-2.4757953,12.306389,0.53816336,1
18.0,18,-1.2491941,-0.70158935,0.9777986,-1.8748468,-1.4264071,-1.4127437,1.837773,-3.7333128,2.0022688,0.058226675,0.630592,-1.9343197,0.24291322,-2.1258013,-2.3069386,1.0272933,-1.9067332,-2.4766645,12.3070135,0.53689414,1
18.0,18,-1.2483141,-0.70157176,0.9742956,-1.8743247,-1.4243296,-1.4126848,1.8397717,-3.7352827,1.9999636,0.05936469,0.63241243,-1.9359291,0.24003437,-2.1257563,-2.3080049,1.0296633,-1.9056821,-2.4752743,12.306511,0.5380832,1
18.0,18,-1.2483398,-0.70140785,0.97443503,-1.8742694,-1.4243912,-1.4126999,1.8400005,-3.735408,1.9997386,0.059310444,0.6322194,-1.9359064,0.24007478,-2.1256397,-2.3080087,1.0296783,-1.9055314,-2.4751887,12.306458,0.53804547,1
0.0,0,12.113307,3.0626447,0.15774578,-1.4964312,-0.052242175,-0.116376325,-0.051103793,-0.7472068,0.5823764,-1.3078234,-0.46098414,-2.824708,-0.5970881,-0.5868577,-3.1462784,-2.9392483,-0.5614928,-2.2750814,-3.2597282,-3.527003,1
0.0,0,12.113412,3.0633092,0.15780428,-1.4963477,-0.052307606,-0.11645165,-0.05098875,-0.74709684,0.5819213,-1.3078256,-0.4610495,-2.8248668,-0.5972041,-0.5868057,-3.1463451,-2.939259,-0.56143916,-2.2750626,-3.2596483,-3.527151,1
0.0,0,12.113841,3.0657616,0.15803948,-1.4959699,-0.052468285,-0.116684645,-0.050519437,-0.74663883,0.57982594,-1.307783,-0.46116182,-2.8254218,-0.59768695,-0.5866826,-3.146604,-2.9392214,-0.56114286,-2.274931,-3.2592897,-3.5278423,1
0.0,0,12.113973,3.0665922,0.15808624,-1.4958879,-0.052502885,-0.11675611,-0.05036796,-0.7464986,0.5793208,-1.3078648,-0.4612305,-2.8256328,-0.5979028,-0.5866103,-3.146647,-2.9392493,-0.56110126,-2.2749095,-3.2591949,-3.5279722,1
0.0,0,12.113421,3.0633368,0.15781184,-1.4963312,-0.052300453,-0.11644736,-0.050975204,-0.7470833,0.5818312,-1.307816,-0.46103275,-2.824866,-0.5972119,-0.5868164,-3.146356,-2.939246,-0.56141955,-2.2750514,-3.2596312,-3.5271869,1
0.0,0,12.113482,3.0638344,0.15782866,-1.49632,-0.0523711,-0.11651927,-0.050916977,-0.7470235,0.5817541,-1.3078673,-0.4611439,-2.8250113,-0.59731543,-0.58673316,-3.1463747,-2.9393065,-0.5614466,-2.275072,-3.2596164,-3.5271788,1
6.0,6,-0.7615401,0.15870336,-0.48956436,0.5330471,0.17119801,-2.2497337,11.170972,7.5016003,-2.0724046,-2.9456527,-1.7530847,-1.2819353,-1.2199935,-0.34974262,-2.986661,-1.859,-1.1579404,-1.7815965,-2.5611122,0.35163754,1
6.0,6,-0.76152676,0.15888077,-0.48978356,0.5329715,0.17101179,-2.2496483,11.17091,7.5016418,-2.0724833,-2.9456885,-1.7530019,-1.2817842,-1.2200693,-0.34960482,-2.9866147,-1.8589779,-1.1580584,-1.7819247,-2.5608194,0.3521325,1
6.0,6,-0.7624315,0.15893647,-0.49142405,0.53414375,0.17069541,-2.2493114,11.169864,7.4996443,-2.072435,-2.9462383,-1.7527661,-1.2815477,-1.2205743,-0.34864315,-2.9858956,-1.8589038,-1.1576996,-1.7801048,-2.56118,0.35844913,1
6.0,6,-0.76195973,0.15902859,-0.4903315,0.5337822,0.17097534,-2.2496586,11.170425,7.500241,-2.072395,-2.945968,-1.7530555,-1.2818557,-1.2202784,-0.34926406,-2.9862442,-1.8590506,-1.1575935,-1.7807187,-2.5611773,0.3551883,1
6.0,6,-0.76155317,0.15892786,-0.48990738,0.5329689,0.17090772,-2.249629,11.170826,7.5015826,-2.072473,-2.9457102,-1.7529604,-1.2817228,-1.2201078,-0.34951177,-2.9865584,-1.8589798,-1.1580952,-1.7819612,-2.5607352,0.35262227,1
6.0,6,-0.76181227,0.15864603,-0.49031606,0.5331718,0.17096327,-2.2493894,11.170565,7.5015373,-2.0724475,-2.945767,-1.7528797,-1.2816586,-1.2201924,-0.34931976,-2.986473,-1.8589209,-1.1580739,-1.7813993,-2.5611484,0.35342252,1
10.0,10,-1.8521408,-3.4254131,-3.3293388,-0.28745326,-1.5612416,-1.0263448,0.09532466,-2.8797734,-1.0712147,1.7293838,11.869274,0.15078427,-1.5846599,-2.0352025,-0.5899077,-0.056181964,-1.1165642,3.3940465,-0.3708035,0.7434645,1
10.0,10,-1.8522083,-3.4254582,-3.329338,-0.28786054,-1.5610914,-1.0263699,0.09512454,-2.879672,-1.0711875,1.7296509,11.869271,0.15093586,-1.5847607,-2.0351448,-0.5898218,-0.05603824,-1.1165805,3.3939707,-0.37091178,0.7438148,1
10.0,10,-1.851631,-3.425832,-3.3294675,-0.28593937,-1.561492,-1.0269488,0.095040575,-2.8792703,-1.0706685,1.7300947,11.869613,0.1518933,-1.5843966,-2.035575,-0.59082264,-0.057291787,-1.1162688,3.3915567,-0.37051865,0.74437606,1
10.0,10,-1.8527149,-3.42631,-3.3291802,-0.29173538,-1.5595891,-1.0268922,0.092744954,-2.878454,-1.0705047,1.7330287,11.869327,0.15330818,-1.5855256,-2.034722,-0.58936,-0.054982796,-1.1165704,3.391933,-0.3721339,0.7478688,1
10.0,10,-1.852436,-3.4254665,-3.3295317,-0.2890868,-1.5606099,-1.0264384,0.09453112,-2.879289,-1.0711802,1.7304058,11.869316,0.15132786,-1.5852418,-2.034929,-0.589463,-0.055532113,-1.1166991,3.3937654,-0.37116322,0.74497044,1
10.0,10,-1.8523885,-3.425688,-3.329365,-0.28907052,-1.560603,-1.0265185,0.09427708,-2.8792412,-1.0710139,1.730866,11.869287,0.15160176,-1.5851301,-2.0349953,-0.589732,-0.05569921,-1.116542,3.3934996,-0.37129828,0.7452618,1
14.0,14,-2.8950996,1.757133,-1.6808711,-1.6623799,0.25042063,-0.24944824,-0.46355057,-1.9110811,0.4052805,-1.3640531,-0.45843396,2.2462652,-2.3671834,-2.0363243,12.099081,2.4534202,-0.6872595,-1.2012371,-1.9528832,1.0053389,1
14.0,14,-2.8950996,1.7571366,-1.6808743,-1.6623763,0.2504254,-0.24944165,-0.4635479,-1.9110796,0.4052745,-1.3640634,-0.45843253,2.246274,-2.3671875,-2.0363266,12.099077,2.4534147,-0.68725926,-1.201231,-1.9528825,1.005333,1
14.0,14,-2.895107,1.7571532,-1.6808835,-1.6623597,0.2504344,-0.24941531,-0.4635296,-1.91106,0.40525472,-1.3641084,-0.45844346,2.24634,-2.3671994,-2.0363328,12.099057,2.4533741,-0.6872508,-1.2012087,-1.95287,1.0053118,1
14.0,14,-2.8951182,1.7571403,-1.6808834,-1.6623832,0.2504046,-0.24941653,-0.46351433,-1.9110519,0.40525308,-1.3641034,-0.4584482,2.246338,-2.367192,-2.0363154,12.099068,2.4534109,-0.6872626,-1.2012222,-1.9528689,1.0053194,1
14.0,14,-2.8951006,1.7571352,-1.6808712,-1.6623796,0.25042486,-0.24944153,-0.46354884,-1.9110796,0.40527824,-1.3640615,-0.4584356,2.2462692,-2.3671856,-2.036326,12.09908,2.4534197,-0.68726104,-1.2012355,-1.952882,1.0053351,1
14.0,14,-2.895102,1.7571341,-1.6808723,-1.6623818,0.25042215,-0.24944264,-0.4635467,-1.9110779,0.40527973,-1.3640614,-0.45843753,2.2462733,-2.3671858,-2.0363262,12.099078,2.4534216,-0.68726164,-1.2012372,-1.9528823,1.0053377,1
13.0,11,0.34467673,-2.5958018,-3.1199458,-1.7549282,-2.8727605,3.8099403,-3.6969934,-1.1623923,2.6367676,-0.30773252,-0.3161757,8.601263,-0.6377709,5.6868844,-0.85512954,-1.9469222,0.8948603,1.7478302,-4.1361103,-1.2857002,0
13.0,11,0.34462863,-2.5958138,-3.1199558,-1.7549175,-2.8727705,3.8099172,-3.69697,-1.1623871,2.6367307,-0.30774382,-0.31615335,8.601316,-0.63774914,5.686863,-0.85511816,-1.9468708,0.894833,1.7478384,-4.136099,-1.2856822,0
13.0,11,0.34443685,-2.5958788,-3.1199799,-1.7548844,-2.8727758,3.8098574,-3.6968915,-1.1623707,2.6366124,-0.30779618,-0.31609467,8.601499,-0.6376674,5.6867685,-0.85502297,-1.9466616,0.89470845,1.7478647,-4.136061,-1.2856032,0
13.0,11,0.3443227,-2.595883,-3.1199515,-1.7548693,-2.8727553,3.8099375,-3.6968546,-1.1622814,2.6367533,-0.30780408,-0.31620374,8.601512,-0.637772,5.686799,-0.8550215,-1.9467146,0.89463896,1.7477957,-4.136046,-1.2855825,0
13.0,11,0.34463975,-2.5958178,-3.119957,-1.7549224,-2.872758,3.809929,-3.696983,-1.1623945,2.6367257,-0.30773196,-0.31615376,8.6012745,-0.6377439,5.6868896,-0.8551338,-1.9468615,0.8948345,1.7478323,-4.136107,-1.285692,0
13.0,11,0.34464702,-2.5957954,-3.119939,-1.7549242,-2.8727605,3.809964,-3.69698,-1.1623636,2.6368084,-0.3077392,-0.31620875,8.601267,-0.6378046,5.6868916,-0.855133,-1.9469408,0.89483917,1.7478039,-4.136103,-1.285695,0
14.0,14,-3.0272179,0.24681187,-2.2030046,-2.4635282,3.9580715,8.799345,-2.967895,0.8921971,-0.070618875,-1.962446,-2.2154257,0.729099,-3.8573923,-0.8356485,9.268012,1.487243,-0.88909715,-1.5796788,-2.417529,-0.8148176,1
14.0,14,-3.0272388,0.24673373,-2.2030618,-2.463635,3.9578233,8.79945,-2.9679582,0.89273155,-0.07077638,-1.9624273,-2.215452,0.72922105,-3.857324,-0.83557147,9.267897,1.4874989,-0.8892531,-1.5798247,-2.4176054,-0.8149727,1
14.0,14,-3.0272377,0.24625173,-2.203469,-2.4640298,3.9571912,8.80133,-2.9681017,0.89545304,-0.0716377,-1.9627327,-2.215532,0.7297762,-3.8573713,-0.8351209,9.266175,1.4879842,-0.8898816,-1.5801518,-2.4177115,-0.81612146,1
14.0,14,-3.027194,0.24609047,-2.2036161,-2.4640503,3.9573467,8.802337,-2.9680302,0.8961696,-0.071919255,-1.9629942,-2.2155387,0.7298732,-3.8575432,-0.83501345,9.265286,1.4877818,-0.88998026,-1.5800972,-2.417595,-0.81658417,1
14.0,14,-3.0272357,0.24673617,-2.2030587,-2.46362,3.957858,8.799466,-2.967948,0.89269286,-0.070769824,-1.962438,-2.2154481,0.72920585,-3.8573353,-0.8355815,9.267891,1.4874759,-0.889244,-1.5798173,-2.4175858,-0.81496996,1
14.0,14,-3.0272071,0.24670538,-2.2030864,-2.4635472,3.9580905,8.799921,-2.9678895,0.8925774,-0.07074613,-1.9625396,-2.2154245,0.72916126,-3.857483,-0.83553886,9.267512,1.4871093,-0.88913625,-1.579616,-2.4174957,-0.8150578,1
8.0,8,-0.32429442,-4.5947776,-0.9694144,-3.169759,-0.44843382,-0.08902157,-2.0611675,-2.5965748,11.873661,1.7640156,0.49984297,-0.9500331,-0.81434804,-2.0279257,0.102974534,-2.963924,-2.0379384,-2.1777787,1.7409632,2.4893618,1
8.0,8,-0.3341443,-4.5945272,-0.97795564,-3.1709397,-0.44966978,-0.08830331,-2.059713,-2.5960016,11.8726225,1.7667475,0.50544965,-0.9496277,-0.81770766,-2.027217,0.10293135,-2.961658,-2.0397267,-2.177217,1.7530131,2.490769,1
8.0,8,-0.3097964,-4.5948167,-0.9347225,-3.1685762,-0.44970012,-0.088196754,-2.0607157,-2.5934453,11.874973,1.756954,0.49309066,-0.94511807,-0.82061875,-2.0292497,0.10722232,-2.9722674,-2.0354843,-2.1805794,1.7128266,2.4921052,1
8.0,8,-0.27765432,-4.595052,-0.87020296,-3.165806,-0.45003122,-0.08676941,-2.0609903,-2.5884414,11.878344,1.7433398,0.47481346,-0.93782645,-0.82823837,-2.0307162,0.11392869,-2.9877605,-2.0288882,-2.1849737,1.6542428,2.495082,1
8.0,8,-0.32643005,-4.594395,-0.96379304,-3.1703348,-0.4494862,-0.08762857,-2.0596778,-2.5947225,11.873993,1.7638965,0.4990795,-0.9483821,-0.81850356,-2.0269957,0.10410127,-2.9650402,-2.0378358,-2.1782568,1.7389634,2.4909625,1
8.0,8,-0.33050323,-4.5940742,-0.96961457,-3.1712124,-0.44959068,-0.08657311,-2.0588713,-2.5943155,11.8733,1.76507,0.5015672,-0.94898605,-0.8206322,-2.0261202,0.10389319,-2.96359,-2.0385249,-2.1779087,1.7449853,2.4912932,1
3.0,3,0.7201493,-1.9808525,2.7965908,12.619035,0.5770253,-0.9330221,-0.2846319,-1.9459682,-2.093218,-2.2611234,-0.18448514,-0.4138626,1.1585363,-1.9842434,-2.7575154,-1.9868027,2.0809393,-0.8568574,-3.1013339,-2.071601,1
3.0,3,0.72003233,-1.9807745,2.7963772,12.619092,0.57717675,-0.9329534,-0.2845673,-1.9460707,-2.0932448,-2.2611477,-0.18449703,-0.4139706,1.1583314,-1.9840484,-2.7574902,-1.9868217,2.0809503,-0.8567193,-3.1013353,-2.0715687,1
3.0,3,0.7202565,-1.9807686,2.7974832,12.618814,0.5771152,-0.9332259,-0.2848724,-1.9459345,-2.0931973,-2.2610905,-0.18483089,-0.41446143,1.1586803,-1.9838388,-2.7574291,-1.9866736,2.0807064,-0.85695887,-3.1014867,-2.0717561,1
3.0,3,0.7195875,-1.9804119,2.7962291,12.619133,0.57790464,-0.9327644,-0.2846511,-1.9463773,-2.0933459,-2.2612367,-0.18503056,-0.41478693,1.1576312,-1.98268,-2.7573261,-1.986796,2.0808403,-0.8562132,-3.101599,-2.0715618,1
3.0,3,0.71989673,-1.9807206,2.7960687,12.6191635,0.5773142,-0.93283993,-0.2845627,-1.9461229,-2.0932667,-2.2611804,-0.18455552,-0.41394144,1.1581373,-1.9838008,-2.7574787,-1.9868557,2.08098,-0.8565721,-3.1013863,-2.0715218,1
3.0,3,0.7199376,-1.9806949,2.796412,12.619082,0.57734835,-0.93291306,-0.28460592,-1.9461374,-2.093273,-2.2611625,-0.18465273,-0.41419184,1.1581876,-1.9837012,-2.7574534,-1.9868091,2.0809274,-0.8566122,-3.1014102,-2.071584,1
3.0,2,1.8685939,-0.068802886,11.195126,5.6722655,-0.70582986,-2.1571498,-2.054149,-1.963622,-0.104965486,0.5837741,-2.839072,-4.1361027,1.2572081,-1.2923048,-0.3766407,-0.39013642,0.45394313,-1.8783048,-2.8495686,-2.5631766,0
3.0,2,1.8685913,-0.06872594,11.194975,5.6725535,-0.705867,-2.1571712,-2.0541434,-1.9636384,-0.10505576,0.5837963,-2.839018,-4.136159,1.2572023,-1.2923341,-0.3767178,-0.39015347,0.45398933,-1.8783202,-2.8495736,-2.5631645,0
3.0,2,1.8686796,-0.06848655,11.194512,5.673417,-0.70609945,-2.157203,-2.0541365,-1.963651,-0.10526679,0.58393794,-2.8388958,-4.136341,1.2572663,-1.2924043,-0.37711093,-0.39024082,0.4540813,-1.8784343,-2.849575,-2.5631704,0
3.0,2,1.8687496,-0.06848067,11.194481,5.6734614,-0.7061005,-2.1571913,-2.0541415,-1.9636552,-0.10526972,0.58395445,-2.8388858,-4.136356,1.2572553,-1.2924423,-0.37716138,-0.39027172,0.4540959,-1.8784432,-2.8495672,-2.5631807,0
3.0,2,1.8686005,-0.06877629,11.195059,5.6723843,-0.7058631,-2.157155,-2.0541465,-1.9636227,-0.10499377,0.58379793,-2.8390548,-4.136125,1.2572219,-1.2923132,-0.37669772,-0.3901474,0.45395607,-1.8783208,-2.8495677,-2.5631776,0
3.0,2,1.8685893,-0.06876748,11.195064,5.6723847,-0.7058469,-2.15716,-2.0541456,-1.9636283,-0.10500298,0.5837806,-2.8390524,-4.136126,1.2572081,-1.2923124,-0.37667334,-0.3901409,0.45396036,-1.8783138,-2.8495717,-2.5631714,0
18.0,18,-1.5071929,-0.09579853,-1.4527035,-1.9135658,-1.7473847,-0.49388465,1.834167,-3.4279938,0.2878982,0.5585701,1.0645641,-1.5008459,-0.09326424,-1.3975047,-2.2743077,0.4231719,-1.4744745,-0.8332438,12.717556,3.464877,1
18.0,18,-1.5070076,-0.0957965,-1.452558,-1.9132878,-1.7472593,-0.49352828,1.835084,-3.428231,0.28803292,0.55821484,1.0642989,-1.5010185,-0.093616754,-1.3977427,-2.274488,0.42325583,-1.4741913,-0.833718,12.717438,3.463212,1
18.0,18,-1.5074499,-0.09586989,-1.4535534,-1.9135755,-1.7481308,-0.49250892,1.8356074,-3.4273975,0.2884433,0.5576676,1.0646391,-1.4990735,-0.09475344,-1.397756,-2.2741756,0.42223474,-1.4743063,-0.83368933,12.717467,3.466391,1
18.0,18,-1.5112563,-0.095729716,-1.4590191,-1.9174606,-1.7531883,-0.49022117,1.829497,-3.4215112,0.2856358,0.55935985,1.0680165,-1.488381,-0.09656216,-1.3932748,-2.2716703,0.4172698,-1.4769921,-0.82739246,12.717585,3.498115,1
18.0,18,-1.5074931,-0.095762484,-1.4532418,-1.9138067,-1.7479085,-0.49331942,1.8341707,-3.4275277,0.28757745,0.55850166,1.0647646,-1.4996464,-0.093816996,-1.3970795,-2.2741413,0.42264348,-1.4745468,-0.8328062,12.71744,3.4676123,1
18.0,18,-1.5074788,-0.095880456,-1.4532472,-1.9136924,-1.7478116,-0.49299964,1.8348016,-3.427305,0.2876498,0.55833334,1.0644797,-1.4997641,-0.09367946,-1.3972758,-2.2743716,0.42268747,-1.4746592,-0.83312774,12.717463,3.4664218,1
17.0,17,-2.384093,-1.4496038,0.8456424,-1.8984618,-2.9339015,0.44536152,-0.60670555,-2.9712942,0.4076029,0.34728083,1.5804815,-0.5873506,-0.985198,0.6283842,-2.550828,0.31646186,1.6999466,11.250456,-1.196259,-3.0484223,1
17.0,17,-2.3841434,-1.449386,0.8456838,-1.8983922,-2.9338338,0.44534686,-0.6067352,-2.9707084,0.40905997,0.3472038,1.5789822,-0.58646864,-0.98536575,0.6282404,-2.5507665,0.31541574,1.700196,11.250285,-1.1969712,-3.0484972,1
17.0,17,-2.3850389,-1.4495239,0.8440062,-1.897574,-2.9333131,0.445044,-0.6059901,-2.9698548,0.40895617,0.34560984,1.5794013,-0.5840641,-0.9855144,0.6274653,-2.551416,0.3140689,1.7007427,11.251297,-1.1962081,-3.0474021,1
17.0,17,-2.386023,-1.4491234,0.8426131,-1.9007198,-2.9334345,0.4447391,-0.6083029,-2.9688418,0.4126127,0.3483432,1.5756953,-0.58285403,-0.9850095,0.6292645,-2.5467372,0.3153391,1.6960136,11.251465,-1.198455,-3.0472555,1
17.0,17,-2.3851316,-1.4495932,0.84387803,-1.8992677,-2.9336026,0.44507197,-0.60733396,-2.970082,0.40969262,0.34760842,1.5783931,-0.585045,-0.98498374,0.62877095,-2.5493631,0.315909,1.6984202,11.25107,-1.1970105,-3.0477295,1
17.0,17,-2.38455,-1.4492788,0.8448902,-1.8982537,-2.9335911,0.44512016,-0.6067471,-2.9698777,0.41028354,0.3467898,1.5777797,-0.58479273,-0.98537403,0.6280264,-2.5506506,0.3143165,1.7002289,11.250608,-1.1974521,-3.0481126,1
13.0,13,-1.741433,-1.4286925,-0.29227793,-0.9970083,-2.3944101,1.7806479,-1.877777,-0.6132828,-0.03110268,1.0224011,-2.0338318,-2.838416,3.089076,12.5348215,-2.727664,-1.0883362,-2.4167156,0.83671033,-2.8942153,-1.7198138,1
13.0,13,-1.7414364,-1.4286821,-0.29226232,-0.99698114,-2.3943942,1.7806194,-1.8777788,-0.61327994,-0.03110534,1.0223998,-2.033836,-2.8384368,3.089049,12.534826,-2.7276525,-1.0883199,-2.416728,0.83669376,-2.8942173,-1.7198044,1
13.0,13,-1.7414501,-1.4286417,-0.2922073,-0.9968328,-2.394314,1.7805316,-1.8777945,-0.6132658,-0.031119324,1.0223726,-2.0338721,-2.8385088,3.0889428,12.534839,-2.7276363,-1.0883085,-2.416699,0.8366503,-2.894267,-1.719763,1
13.0,13,-1.7414467,-1.4286232,-0.29218742,-0.99671006,-2.3941722,1.7805833,-1.8778572,-0.61326647,-0.031153277,1.0223448,-2.0339108,-2.8385403,3.0887628,12.53484,-2.7276373,-1.0883867,-2.4165225,0.8366925,-2.8943667,-1.7197237,1
13.0,13,-1.7414378,-1.4286816,-0.29226336,-0.9969862,-2.3943956,1.7806207,-1.8777792,-0.61327696,-0.031100675,1.0224011,-2.033834,-2.8384378,3.089041,12.534826,-2.7276468,-1.0883142,-2.4167383,0.8366899,-2.894215,-1.7198029,1
13.0,13,-1.7414347,-1.4286876,-0.29227814,-0.9969957,-2.3943994,1.7806442,-1.8777802,-0.61327654,-0.031099185,1.0224013,-2.0338318,-2.8384244,3.08905,12.534826,-2.7276592,-1.0883353,-2.4167151,0.83670443,-2.8942218,-1.7198049,1
4.0,7,-0.9476361,-0.56660366,-1.3765696,-2.5066137,-1.4177787,1.5706589,0.18749033,11.623292,-0.21367055,0.63380927,-0.19205381,0.92175263,-1.6015297,0.32424888,-0.66883314,-2.2383182,-2.2145493,-2.0427897,-2.9094262,-0.009614183,0
4.0,7,-0.9477441,-0.566892,-1.376557,-2.5066104,-1.4181491,1.571452,0.1880935,11.623043,-0.2133654,0.6334164,-0.19182068,0.92183626,-1.6018116,0.32465908,-0.6695813,-2.2390914,-2.2145975,-2.0424979,-2.9090838,-0.00914293,0
4.0,7,-0.9481965,-0.56809086,-1.3778661,-2.5073738,-1.4203666,1.5727552,0.1886402,11.621279,-0.21118408,0.6336166,-0.19048801,0.92198503,-1.6023529,0.32565847,-0.66959125,-2.2411678,-2.2147002,-2.0429142,-2.9069135,-0.004214661,0
4.0,7,-0.9481242,-0.56788313,-1.3782344,-2.507508,-1.420319,1.5715649,0.18740878,11.62109,-0.21123976,0.6346715,-0.19050364,0.9217741,-1.6020393,0.3252622,-0.6680527,-2.2403245,-2.2145762,-2.0433314,-2.907093,-0.003345551,0
4.0,7,-0.9477423,-0.56688344,-1.3762549,-2.5064259,-1.4179513,1.5720335,0.18850718,11.623196,-0.21358886,0.63296604,-0.19191726,0.921884,-1.6020112,0.32485542,-0.6703661,-2.2393608,-2.214589,-2.0420935,-2.9092672,-0.009847628,0
4.0,7,-0.947746,-0.56684846,-1.3762683,-2.5064676,-1.4179742,1.5718642,0.1882528,11.623154,-0.21359521,0.6331691,-0.19193406,0.92185676,-1.6019353,0.32478073,-0.670044,-2.239197,-2.2145674,-2.042208,-2.9092858,-0.009740004,0
7.0,7,-1.0434936,-0.5258146,-1.2818701,-2.3887234,-0.5896224,0.29302707,1.6203889,12.339715,-0.6686701,0.032244235,-1.3748069,0.72013676,-1.4446188,0.24063814,-2.071292,-0.05701124,-2.6359375,-2.221079,-3.1790323,-0.7470713,1
7.0,7,-1.0443472,-0.5258153,-1.2825382,-2.388616,-0.58978266,0.2941548,1.620665,12.33929,-0.6694596,0.031481057,-1.3751987,0.720276,-1.4451716,0.24154067,-2.0711427,-0.055544987,-2.636183,-2.2212434,-3.1784148,-0.74511373,1
7.0,7,-1.0435971,-0.526671,-1.2848971,-2.388741,-0.59101284,0.2940928,1.6182251,12.338867,-0.66775525,0.03317122,-1.3723015,0.7205775,-1.4460098,0.24152133,-2.0706651,-0.05969174,-2.635997,-2.220085,-3.1765625,-0.73599756,1
7.0,7,-1.0452945,-0.52553225,-1.2839361,-2.3881853,-0.5900853,0.29651952,1.6225313,12.339013,-0.670522,0.029713431,-1.3750458,0.7212143,-1.4462507,0.24300411,-2.0717907,-0.056609917,-2.6363142,-2.221839,-3.1765137,-0.74217176,1
7.0,7,-1.0440987,-0.525868,-1.2826308,-2.3886876,-0.58988,0.29399243,1.6202855,12.339316,-0.6691566,0.03179287,-1.3748032,0.720322,-1.4451826,0.24136671,-2.0711064,-0.056212466,-2.636103,-2.2211244,-3.1783407,-0.7446446,1
7.0,7,-1.0445825,-0.52591527,-1.2825661,-2.3887613,-0.5897771,0.2944142,1.6199186,12.339067,-0.6696207,0.031574994,-1.3754287,0.7201523,-1.4452554,0.2416667,-2.0707843,-0.054211657,-2.636254,-2.221179,-3.1786187,-0.7449226,1
16.0,16,-0.6300246,-0.42401093,-0.39624032,1.268505,1.3028615,-1.6629153,1.0783905,-3.9119365,-3.286081,-0.66279066,2.0974138,-2.0011387,-1.6130041,-2.1045852,-2.0298812,-0.051746506,10.01904,5.448443,-0.7050583,-2.207613,1
16.0,16,-0.6300169,-0.42401025,-0.3962557,1.2685165,1.3028479,-1.6629237,1.0784141,-3.911955,-3.2860713,-0.6627921,2.0974064,-2.0011225,-1.613008,-2.1045885,-2.0298738,-0.051737804,10.019063,5.4483957,-0.70504993,-2.2076006,1
16.0,16,-0.6300284,-0.42396116,-0.39632493,1.2685479,1.3028067,-1.662979,1.0784996,-3.9120793,-3.2860024,-0.66281825,2.097301,-2.0009968,-1.61306,-2.104529,-2.0297728,-0.051757757,10.019116,5.4483967,-0.7051011,-2.2075424,1
16.0,16,-0.6300513,-0.4239878,-0.39632925,1.2685245,1.3028044,-1.6629992,1.0784595,-3.9120486,-3.2860067,-0.6628009,2.0973551,-2.00098,-1.6130502,-2.104545,-2.0297294,-0.05176014,10.019124,5.4484124,-0.7051323,-2.207542,1
16.0,16,-0.63002074,-0.4240046,-0.3962544,1.2685144,1.3028497,-1.6629206,1.0784074,-3.9119587,-3.2860746,-0.6627921,2.0973942,-2.0011213,-1.6130086,-2.1045759,-2.0298796,-0.051735323,10.019049,5.4484267,-0.7050524,-2.2076044,1
16.0,16,-0.630023,-0.4240046,-0.39624813,1.2685125,1.3028567,-1.6629224,1.0784122,-3.9119484,-3.2860677,-0.66279685,2.0974042,-2.0011237,-1.6130133,-2.1045828,-2.0298662,-0.051755276,10.019051,5.448426,-0.7050641,-2.2076027,1
14.0,14,-2.7247386,-0.7594922,1.2751782,-3.3895829,0.5641905,-1.4996436,-0.9656229,-2.1924276,-0.16117465,-2.350536,-0.96891487,0.016600966,-1.1395264,-2.1958582,10.735352,6.8481555,-1.1532923,2.817867,-2.9274096,-0.6640475,1
14.0,14,-2.7248752,-0.7594311,1.2750049,-3.3895726,0.56422615,-1.4995874,-0.9655392,-2.1924906,-0.1614503,-2.3505204,-0.96909523,0.01653175,-1.1394801,-2.1957612,10.735254,6.8485923,-1.1532278,2.8178732,-2.9272497,-0.6641442,1
14.0,14,-2.7256136,-0.75924003,1.2739145,-3.3894956,0.56420547,-1.4990376,-0.96520686,-2.1928518,-0.16319072,-2.3505232,-0.96976995,0.016367882,-1.1390744,-2.1952996,10.73448,6.851222,-1.1529726,2.8181882,-2.926583,-0.6648141,1
14.0,14,-2.7254097,-0.7593153,1.2744175,-3.3894808,0.5640886,-1.4991364,-0.96545625,-2.1927295,-0.1626367,-2.3506303,-0.9694281,0.01658468,-1.1391377,-2.1954925,10.73457,6.8501716,-1.1530492,2.8184805,-2.9268808,-0.66462713,1
14.0,14,-2.7250292,-0.7592262,1.2751595,-3.3894928,0.5642274,-1.4995891,-0.965538,-2.1925228,-0.16156286,-2.350635,-0.9693357,0.016528293,-1.1394479,-2.1956828,10.735206,6.8485637,-1.1530887,2.8180726,-2.9270616,-0.6641333,1
14.0,14,-2.7249708,-0.7592639,1.2751433,-3.389502,0.56419283,-1.4995997,-0.96553373,-2.192494,-0.16149747,-2.350615,-0.96925473,0.016541317,-1.139456,-2.1957037,10.735271,6.84853,-1.1531445,2.8179364,-2.927143,-0.6641073,1
7.0,7,-0.38232946,-0.7867209,-0.7120047,-2.1484444,-0.9697833,-0.95840687,4.3557167,12.057543,-0.008886144,-0.32253373,-0.33492097,0.24845959,-1.7355387,-0.6479135,-2.4324164,-2.503909,-2.029656,-2.170633,-2.8662806,-2.6772704,1
7.0,7,-0.38238084,-0.78649426,-0.7122783,-2.1483111,-0.9698672,-0.9585677,4.3560524,12.057496,-0.009312324,-0.3229037,-0.3348457,0.24845858,-1.7355449,-0.64775354,-2.4324155,-2.5039392,-2.0295393,-2.1703796,-2.8661592,-2.6768417,1
7.0,7,-0.3824047,-0.7867586,-0.7132725,-2.1482565,-0.97002614,-0.95796794,4.3518667,12.058296,-0.009370796,-0.32185423,-0.3343348,0.24892206,-1.7351714,-0.6469593,-2.4315944,-2.5037491,-2.0298991,-2.1686954,-2.8675442,-2.6750674,1
7.0,7,-0.3824914,-0.78584486,-0.7131387,-2.1479251,-0.9700581,-0.9589161,4.357191,12.057371,-0.010575943,-0.32412037,-0.33464098,0.24849613,-1.7356299,-0.64730024,-2.4325013,-2.5039556,-2.0291693,-2.169818,-2.8657615,-2.675653,1
7.0,7,-0.3823793,-0.7864891,-0.71237284,-2.1482873,-0.969892,-0.95854473,4.3557835,12.057549,-0.009364039,-0.32288754,-0.33478966,0.24849321,-1.7355199,-0.64766866,-2.4323559,-2.5039349,-2.0295548,-2.170219,-2.8662634,-2.6766517,1
7.0,7,-0.3823659,-0.7866431,-0.7122127,-2.1483965,-0.9698169,-0.9584062,4.355507,12.0575905,-0.0090892315,-0.32266498,-0.3348666,0.24853738,-1.7355593,-0.64771855,-2.4323788,-2.5038362,-2.0296564,-2.1703691,-2.8663478,-2.6769753,1
10.0,10,-2.105515,-2.4149356,-3.6277742,-1.2481827,-1.6233834,-1.4645901,-0.6232188,-2.874042,-1.3206785,1.296463,12.220513,0.07987918,-1.8166095,-1.5736799,2.4494681,-0.07471908,-0.8838257,2.5368729,-0.65825814,0.32807925,1
10.0,10,-2.1055193,-2.4149277,-3.6277707,-1.2481866,-1.6233821,-1.4645865,-0.6232194,-2.8740425,-1.3206853,1.296468,12.2205105,0.079859674,-1.8166144,-1.5736747,2.449472,-0.07470711,-0.88382834,2.5368872,-0.6582607,0.32807624,1
10.0,10,-2.1055346,-2.4149175,-3.6277752,-1.2482299,-1.6233921,-1.4645969,-0.6232262,-2.8740702,-1.3206573,1.2964321,12.22051,0.0798921,-1.8166063,-1.5736953,2.4495115,-0.07471836,-0.8837584,2.5368953,-0.65827787,0.32808247,1
10.0,10,-2.1055303,-2.4149134,-3.627767,-1.2482225,-1.6233724,-1.4645941,-0.6232208,-2.8740537,-1.3206804,1.2964442,12.220508,0.0798349,-1.8166168,-1.573685,2.4494972,-0.074678965,-0.8837943,2.536911,-0.6582731,0.3280797,1
10.0,10,-2.1055188,-2.4149358,-3.6277711,-1.2481796,-1.6233865,-1.4645864,-0.62322366,-2.8740437,-1.3206849,1.2964747,12.220513,0.079869494,-1.8166078,-1.573673,2.4494553,-0.07471367,-0.8838232,2.5368881,-0.6582599,0.32807386,1
10.0,10,-2.1055176,-2.4149325,-3.6277754,-1.2481909,-1.6233878,-1.4645929,-0.62322015,-2.8740485,-1.3206681,1.296454,12.220514,0.07989272,-1.8166074,-1.5736868,2.449482,-0.07472819,-0.8838095,2.5368652,-0.6582613,0.32808182,1
18.0,18,-2.6220784,-0.80934644,0.757267,-2.3456714,-0.5297786,-0.6790784,0.23280977,-2.758902,5.0549026,-1.5794741,-1.266691,-1.1382163,1.3489575,-3.2111712,-0.94527453,0.68378067,-2.9816887,-2.394069,12.420873,3.0084822,1
18.0,18,-2.6221802,-0.80912083,0.75714326,-2.3455646,-0.5298194,-0.67906034,0.23294795,-2.7589915,5.054405,-1.5795808,-1.2665387,-1.1380987,1.3487101,-3.2110837,-0.94513714,0.6838983,-2.9815674,-2.3940065,12.421094,3.0088737,1
18.0,18,-2.6225343,-0.8078076,0.7568377,-2.3449278,-0.53001225,-0.6788677,0.23364744,-2.7594445,5.0513167,-1.5803518,-1.2656758,-1.1375086,1.3472906,-3.2106113,-0.9444732,0.68455166,-2.980839,-2.3935719,12.4223795,3.0108292,1
18.0,18,-2.6222236,-0.8079318,0.7572874,-2.3449275,-0.52989614,-0.67883384,0.23347363,-2.7593088,5.0511703,-1.5804836,-1.2657298,-1.1376575,1.3475001,-3.2106898,-0.94471884,0.6845551,-2.9808505,-2.3934956,12.422344,3.0103598,1
18.0,18,-2.6222095,-0.8090674,0.7570893,-2.3455431,-0.5298374,-0.6790534,0.23298523,-2.7590184,5.054308,-1.5795969,-1.2665085,-1.1380748,1.3486581,-3.211051,-0.9451012,0.683924,-2.981542,-2.394004,12.421139,3.0089521,1
18.0,18,-2.6221118,-0.8091859,0.7571799,-2.3455925,-0.5298146,-0.6790347,0.23288262,-2.7589536,5.0545335,-1.5795686,-1.2665915,-1.13816,1.3488061,-3.2110634,-0.9451883,0.6838661,-2.9816086,-2.3940556,12.421029,3.008651,1
10.0,10,-1.9740317,-2.941767,-3.9435759,0.015836636,-1.3391734,-1.4210588,0.69548315,-1.0417619,-2.5631726,0.54440427,12.105481,2.4961445,-1.8672299,-1.9468925,0.8468633,-0.011004501,-1.6174369,1.2051294,-0.18177022,1.1290232,1
10.0,10,-1.9740719,-2.941777,-3.943612,0.015854003,-1.3392155,-1.4210215,0.69544697,-1.041821,-2.563147,0.5444094,12.105483,2.4963372,-1.8672595,-1.9468874,0.8468743,-0.011049143,-1.6174028,1.2051861,-0.18181096,1.1290689,1
10.0,10,-1.9743632,-2.9417534,-3.94388,0.015928693,-1.3395144,-1.4207572,0.6952323,-1.0423601,-2.5629041,0.54434776,12.105525,2.4975653,-1.8675448,-1.9468671,0.84711504,-0.011301038,-1.6171812,1.20552,-0.18200378,1.1293292,1
10.0,10,-1.974417,-2.9416564,-3.9439607,0.01591075,-1.339615,-1.420711,0.69522715,-1.0426052,-2.5627658,0.54427475,12.105558,2.497753,-1.8676761,-1.9468906,0.8473505,-0.0113136945,-1.6171638,1.2055025,-0.18199553,1.1293321,1
10.0,10,-1.9740613,-2.9417803,-3.9435983,0.015851893,-1.3391986,-1.4210325,0.6954554,-1.0417899,-2.563163,0.54441166,12.105477,2.496285,-1.8672447,-1.9468873,0.8468548,-0.011038284,-1.6174111,1.2051755,-0.18180197,1.1290601,1
10.0,10,-1.974073,-2.9417408,-3.94362,0.015839556,-1.3392252,-1.4210247,0.69546384,-1.0418632,-2.5631192,0.54437673,12.105491,2.4963024,-1.8672863,-1.9468976,0.84694046,-0.011026367,-1.6174154,1.2051506,-0.18177986,1.1290483,1
3.0,3,-0.018593654,-1.7426443,-1.368065,12.465685,0.14926359,-1.0167687,-1.0553244,-2.298269,-0.9303948,-0.16129115,1.7845358,-0.11637374,0.52690685,-1.8897598,-2.785973,-1.8980448,0.88661456,-0.20073518,-3.0663404,-1.4338242,1
3.0,3,-0.01859323,-1.742642,-1.3680662,12.465689,0.14926538,-1.0167669,-1.0553244,-2.2982688,-0.93039536,-0.16129552,1.7845328,-0.116372265,0.5269059,-1.8897599,-2.7859716,-1.8980446,0.8866157,-0.20073599,-3.0663416,-1.4338242,1
3.0,3,-0.018598162,-1.7426502,-1.3680987,12.465677,0.14925388,-1.0167689,-1.0553331,-2.2982588,-0.9303765,-0.16128257,1.7845476,-0.1163275,0.52690065,-1.8897878,-2.7859712,-1.8980381,0.8866091,-0.20073941,-3.066333,-1.433815,1
3.0,3,-0.01858652,-1.7426049,-1.3680525,12.4657135,0.14930369,-1.0167284,-1.0553155,-2.2982705,-0.9304135,-0.16137506,1.7844683,-0.116387814,0.52688473,-1.8897214,-2.785956,-1.8980538,0.88663787,-0.2007342,-3.0663648,-1.4338249,1
3.0,3,-0.01859169,-1.7426299,-1.3680594,12.4657,0.14927736,-1.0167563,-1.0553198,-2.29827,-0.9304035,-0.16132283,1.7845122,-0.11637937,0.52690065,-1.889748,-2.785966,-1.8980464,0.8866245,-0.20073515,-3.066348,-1.4338238,1
3.0,3,-0.01859356,-1.7426391,-1.3680637,12.465688,0.14926934,-1.0167626,-1.0553232,-2.2982695,-0.93039775,-0.16130392,1.784526,-0.11637343,0.52690315,-1.889755,-2.7859697,-1.8980458,0.8866189,-0.20073467,-3.0663452,-1.4338238,1
3.0,3,-0.20960474,-1.1700058,-0.97802436,12.337659,0.18639353,-0.2876309,-1.1739595,-2.1883876,-1.6184722,-0.8968895,0.45539638,-0.5440425,0.09109887,1.0916814,-3.1171956,-1.5821128,0.50762826,-0.0013705418,-3.7503848,-1.4140604,1
3.0,3,-0.20960557,-1.1700053,-0.97802806,12.33766,0.18639691,-0.2876277,-1.1739588,-2.1883879,-1.6184708,-0.89689183,0.4553976,-0.5440406,0.09109458,1.0916717,-3.1171927,-1.5821142,0.50763386,-0.0013702586,-3.7503853,-1.4140605,1
3.0,3,-0.2096118,-1.1700008,-0.9780376,12.337664,0.18641202,-0.2875959,-1.173955,-2.1883876,-1.6184728,-0.89692074,0.45538735,-0.5440361,0.09107189,1.0916768,-3.1171827,-1.5821211,0.5076554,-0.0013604015,-3.7503927,-1.4140549,1
3.0,3,-0.20963326,-1.1700002,-0.9780524,12.337646,0.18643834,-0.28750855,-1.1739529,-2.188394,-1.6184831,-0.8969749,0.45535296,-0.5440354,0.09101394,1.0917622,-3.1171603,-1.5821402,0.5076916,-0.0013287291,-3.7504253,-1.4140561,1
3.0,3,-0.20960936,-1.1700062,-0.9780363,12.33766,0.18640289,-0.28761658,-1.1739583,-2.1883879,-1.6184695,-0.89689744,0.45539632,-0.5440355,0.09108234,1.0916685,-3.1171865,-1.5821148,0.50764304,-0.001365833,-3.75039,-1.41406,1
3.0,3,-0.20960721,-1.1700078,-0.97803354,12.337662,0.18639793,-0.28762838,-1.1739597,-2.188387,-1.6184679,-0.8968885,0.45539984,-0.5440356,0.09109008,1.0916654,-3.1171908,-1.5821115,0.5076351,-0.001369305,-3.7503862,-1.4140605,1
2.0,2,-0.5018249,-0.76517516,12.151158,-0.2754191,-0.5185031,-1.2218024,-1.0580127,-1.5745031,2.2241542,-1.7965552,-3.5233703,-0.301221,2.5935824,-1.8619286,-0.75258887,0.17224693,-1.7876363,-1.810667,1.2903739,0.5448189,1
2.0,2,-0.50193113,-0.76520157,12.151089,-0.27543518,-0.51848924,-1.2218235,-1.058054,-1.5745244,2.22422,-1.796483,-3.523337,-0.30108023,2.5934937,-1.8619423,-0.75251406,0.17228818,-1.7876825,-1.8107244,1.2903881,0.5451099,1
2.0,2,-0.5021628,-0.7652129,12.150923,-0.27537525,-0.5184309,-1.2218444,-1.0581094,-1.5746101,2.2242234,-1.7963481,-3.5230992,-0.30071372,2.5930357,-1.8620828,-0.752277,0.17237745,-1.7877246,-1.8107489,1.290412,0.54593647,1
2.0,2,-0.5011831,-0.7649678,12.151488,-0.27491826,-0.51854074,-1.2216595,-1.0576932,-1.5744637,2.2233613,-1.797124,-3.5233939,-0.30187184,2.5938158,-1.8620105,-0.75296867,0.17204304,-1.787172,-1.8101795,1.290297,0.5435273,1
2.0,2,-0.5019662,-0.7652118,12.15109,-0.2754073,-0.5185253,-1.2218267,-1.0580661,-1.5745069,2.2242439,-1.7965376,-3.5234122,-0.30106038,2.5936282,-1.8618569,-0.752537,0.17230232,-1.7877548,-1.8107845,1.2904478,0.5449612,1
2.0,2,-0.50189173,-0.7651876,12.15113,-0.27534455,-0.51855266,-1.2218132,-1.058028,-1.5744956,2.2241757,-1.7966423,-3.5234778,-0.30116403,2.5937643,-1.8618134,-0.75261223,0.1722789,-1.7877382,-1.810762,1.2904843,0.5446831,1
7.0,7,-0.38542452,-0.87004304,-1.5592514,-2.0758607,0.8038893,0.4578577,3.044966,12.867065,-1.1283473,-0.34356573,-1.3765699,0.6998681,-1.1864917,-0.77080536,-2.5159774,-0.75270975,-2.3912532,-2.657962,-3.262905,-2.6177404,1
7.0,7,-0.38543946,-0.8698336,-1.559198,-2.076005,0.8051924,0.45862567,3.041579,12.866966,-1.1285768,-0.34334067,-1.3767384,0.69946295,-1.1862462,-0.7707885,-2.5153298,-0.75166446,-2.3914182,-2.6578188,-3.2628117,-2.6180408,1
7.0,7,-0.38645896,-0.8677503,-1.5596457,-2.075463,0.8063287,0.45981416,3.046073,12.867416,-1.1329616,-0.34606853,-1.3785665,0.7003945,-1.1853836,-0.77074534,-2.5143309,-0.75083554,-2.3907738,-2.6579666,-3.2623713,-2.6193821,1
7.0,7,-0.38646,-0.8676474,-1.5597633,-2.0753663,0.80603784,0.45949122,3.048295,12.86751,-1.1333491,-0.34649062,-1.3786513,0.7006099,-1.1854388,-0.7707766,-2.5145087,-0.7511968,-2.3906755,-2.6581652,-3.262468,-2.6194415,1
7.0,7,-0.3855065,-0.8696864,-1.5592324,-2.0759919,0.8054185,0.45874807,3.0416412,12.866993,-1.1289061,-0.3434971,-1.3769133,0.6994606,-1.1861703,-0.77078027,-2.515215,-0.75146514,-2.3913944,-2.6578405,-3.2627757,-2.6181407,1
7.0,7,-0.385561,-0.86972415,-1.5592526,-2.0758116,0.80422175,0.45826843,3.0443065,12.8670635,-1.1288087,-0.34378302,-1.3767161,0.6999263,-1.1863316,-0.7708206,-2.5157714,-0.7524454,-2.3911984,-2.6578307,-3.2627668,-2.618053,1
15.0,15,-1.376963,-0.3411771,-1.349487,-2.5247705,0.25003362,-1.7015784,0.15804306,1.38515,-2.385847,-0.2998889,-1.81431,-2.3815374,-0.511482,-0.942364,4.3913794,11.142813,-2.192648,-3.0405524,-0.51388353,1.0122775,1
15.0,15,-1.3770361,-0.3410578,-1.3495561,-2.5247371,0.2501408,-1.701533,0.15813418,1.3852066,-2.3858852,-0.300114,-1.8143245,-2.3815126,-0.5115434,-0.94244444,4.3915534,11.142801,-2.1926837,-3.0405943,-0.5138535,1.0122263,1
15.0,15,-1.3772345,-0.34047958,-1.3497233,-2.524545,0.25033534,-1.7014303,0.15806922,1.3842216,-2.3860722,-0.30049196,-1.8140068,-2.3811781,-0.51153684,-0.9429481,4.393273,11.143033,-2.1927843,-3.0408716,-0.513947,1.0111793,1
15.0,15,-1.377257,-0.34049508,-1.3497539,-2.5245836,0.2503726,-1.7014049,0.158135,1.3844577,-2.3860598,-0.3005663,-1.8140693,-2.3812346,-0.511609,-0.9429039,4.3930497,11.142978,-2.1927977,-3.0408452,-0.51385236,1.0113728,1
15.0,15,-1.3770219,-0.34107602,-1.3495414,-2.5247474,0.25011438,-1.7015347,0.15810663,1.3852255,-2.3858778,-0.30006778,-1.8143444,-2.381519,-0.5115334,-0.9424245,4.3915086,11.142794,-2.1926692,-3.0405955,-0.513839,1.0122391,1
15.0,15,-1.3769858,-0.3410956,-1.3495083,-2.5247355,0.25005513,-1.701567,0.15802681,1.3850423,-2.3858745,-0.29994252,-1.8142864,-2.3814926,-0.5114726,-0.94243205,4.391607,11.142833,-2.1926513,-3.0405993,-0.5138941,1.0121349,1
17.0,10,-2.7634406,-4.1203194,-2.4122448,-2.7288623,-1.7130872,-1.6642258,-0.60506785,-3.5750554,1.6725609,2.3144782,10.664447,-0.29111838,-1.9946568,-2.0572877,-0.52522814,-0.5621636,-1.2639711,5.222384,2.0271695,1.3705971,0
17.0,10,-2.7654314,-4.1209807,-2.4092891,-2.73359,-1.7117661,-1.6656449,-0.61116683,-3.5737636,1.6751741,2.3237898,10.66307,-0.2912737,-1.995729,-2.0566037,-0.52449095,-0.5630073,-1.2608231,5.217547,2.028486,1.3746107,0
17.0,10,-2.767395,-4.1246996,-2.4130473,-2.7396157,-1.7183664,-1.6685799,-0.60977983,-3.5911472,1.714418,2.330916,10.6415205,-0.30785662,-1.9943655,-2.0615652,-0.5374385,-0.5653299,-1.2636319,5.2209406,2.0566306,1.3838829,0
17.0,10,-2.775594,-4.1227636,-2.3974392,-2.7525434,-1.7020998,-1.6683419,-0.64009035,-3.5589314,1.6703794,2.3666534,10.666336,-0.28297296,-2.004783,-2.0487924,-0.5162138,-0.565717,-1.2459754,5.1883693,2.023412,1.3934249,0
17.0,10,-2.7666261,-4.12087,-2.4081137,-2.7366042,-1.7095647,-1.6660187,-0.6153609,-3.5707114,1.6724547,2.330538,10.664497,-0.2900269,-1.9978203,-2.0551183,-0.5229347,-0.5625238,-1.2586634,5.213306,2.0263464,1.378383,0
17.0,10,-2.7670686,-4.1217685,-2.4077368,-2.7379506,-1.7111726,-1.6670634,-0.6156269,-3.5744743,1.6809773,2.332012,10.6598625,-0.2934113,-1.9967822,-2.0565364,-0.5253372,-0.56356794,-1.2587225,5.2141876,2.0322657,1.3792329,0
0.0,0,11.836112,5.090459,-0.48922902,-1.4345876,-1.0470557,-0.47404838,0.38616225,-0.36972377,0.20916402,-0.7252712,-1.2724159,-3.6063907,-0.15465099,-0.3196197,-3.6973963,-2.6877816,-1.0735486,-2.3171473,-2.3146667,-2.9369698,1
0.0,0,11.835959,5.0917263,-0.4894107,-1.4343835,-1.0473229,-0.47428253,0.3861078,-0.36968672,0.20837605,-0.72472876,-1.2725161,-3.6067274,-0.1548172,-0.3195001,-3.6974082,-2.6878111,-1.0733696,-2.3171487,-2.3141906,-2.9369035,1
0.0,0,11.834847,5.101297,-0.49080005,-1.432718,-1.0491971,-0.4760984,0.38560107,-0.36955908,0.20233664,-0.72075254,-1.2732704,-3.6093302,-0.15594456,-0.31851923,-3.6974874,-2.6879253,-1.0720211,-2.317174,-2.3106658,-2.9364512,1
0.0,0,11.834467,5.104428,-0.49133825,-1.4321622,-1.049787,-0.4766918,0.38538685,-0.36961687,0.20051572,-0.71947193,-1.2735114,-3.6102395,-0.15637027,-0.3181979,-3.6975036,-2.6879256,-1.0716001,-2.3171437,-2.3095129,-2.9361866,1
0.0,0,11.835747,5.092862,-0.48979574,-1.4341657,-1.0475764,-0.47451717,0.38609505,-0.36969498,0.20784795,-0.7241448,-1.2726387,-3.6070726,-0.15496148,-0.31949815,-3.6974697,-2.6878366,-1.0732163,-2.3172057,-2.3136559,-2.9365826,1
0.0,0,11.835879,5.092137,-0.48957664,-1.4342524,-1.0473444,-0.47438937,0.38604382,-0.36977786,0.20819196,-0.7245876,-1.2725581,-3.6068957,-0.15480244,-0.31944275,-3.6974144,-2.687764,-1.0733317,-2.317171,-2.3140688,-2.9368095,1
7.0,7,-0.8276161,-0.8230086,-2.083441,-2.0784986,0.041538727,-0.028244479,2.448357,12.491226,-0.89954907,-0.25952485,-0.42116407,0.6824393,-1.6492186,-0.54652065,-3.031898,-0.7320028,-1.884556,-1.8931386,-2.922072,-0.14402294,1
7.0,7,-0.8275476,-0.8228717,-2.0834656,-2.0784063,0.042136542,-0.027871868,2.4472868,12.491202,-0.8998234,-0.25955123,-0.42132547,0.68250805,-1.6491421,-0.5464205,-3.0319285,-0.7317521,-1.8844956,-1.8929418,-2.9221895,-0.14449649,1
7.0,7,-0.8276641,-0.8222763,-2.0836582,-2.078403,0.045691583,-0.025108667,2.4384947,12.49038,-0.90045196,-0.2588142,-0.4240591,0.6821664,-1.648647,-0.5449144,-3.0313377,-0.7289126,-1.8848305,-1.8909404,-2.922688,-0.14371873,1
7.0,7,-0.8281997,-0.822186,-2.0840855,-2.0778003,0.0452529,-0.025573662,2.4400504,12.490055,-0.90128803,-0.2595473,-0.42419425,0.6837753,-1.6488895,-0.5453003,-3.031557,-0.7284888,-1.884081,-1.8905566,-2.922833,-0.14184952,1
7.0,7,-0.8275865,-0.8227701,-2.0835,-2.0783594,0.042642415,-0.02749232,2.4461172,12.491095,-0.90000594,-0.25948277,-0.4217285,0.6825356,-1.649045,-0.5462286,-3.0318704,-0.73132914,-1.8845131,-1.8926401,-2.9222615,-0.14445342,1
7.0,7,-0.82756466,-0.8229561,-2.0835035,-2.0786338,0.04183598,-0.028009417,2.4472158,12.491089,-0.89942855,-0.259378,-0.4212012,0.6822257,-1.6492509,-0.5463556,-3.0317574,-0.73171496,-1.8847216,-1.893015,-2.9219868,-0.14366488,1
18.0,18,-0.43674526,-0.13867629,-0.7234618,-1.7111794,-2.235502,1.01693,-0.2450661,-1.9383087,0.3796535,-0.3189886,1.3054527,-0.44441998,-1.1544439,-1.3675673,-1.4675852,-0.0801244,-2.2742949,-1.9714013,12.268326,5.882755,1
18.0,18,-0.43667004,-0.13868842,-0.72337186,-1.7110258,-2.2353942,1.0168933,-0.24504703,-1.9384508,0.37947643,-0.3190484,1.3053266,-0.44443697,-1.1544762,-1.3674245,-1.4675972,-0.07995506,-2.2742243,-1.9714946,12.268206,5.883077,1
18.0,18,-0.43657064,-0.13869846,-0.72324693,-1.7107933,-2.235287,1.0168879,-0.24504131,-1.9386191,0.37922022,-0.31916115,1.3051351,-0.44441098,-1.1544807,-1.367171,-1.4675885,-0.07979932,-2.274124,-1.9716133,12.26799,5.88363,1
18.0,18,-0.43650848,-0.13874507,-0.72309804,-1.7106992,-2.2351277,1.016957,-0.24520326,-1.9385546,0.37900713,-0.31907672,1.3047712,-0.44446528,-1.1545135,-1.3669322,-1.4677247,-0.07944662,-2.274104,-1.971722,12.267808,5.8840895,1
18.0,18,-0.43663284,-0.13873386,-0.7233164,-1.710894,-2.2353175,1.0168164,-0.24502748,-1.9385167,0.37934697,-0.319101,1.3051995,-0.44442302,-1.1545243,-1.3672774,-1.4675848,-0.079783015,-2.2741642,-1.9715801,12.268038,5.883648,1
18.0,18,-0.43673718,-0.13870123,-0.7233948,-1.7111422,-2.2354178,1.016985,-0.2451159,-1.9383078,0.37956867,-0.31896892,1.3053377,-0.44446123,-1.1544741,-1.3674675,-1.4676411,-0.07999259,-2.2742941,-1.9714371,12.268284,5.882811,1
13.0,13,-1.6216606,-2.4222662,0.33481464,-2.1063685,-3.009924,0.47974768,-1.422484,-1.2437469,1.21674,1.440961,-2.3178267,-2.6224267,4.9701633,12.3728895,-3.302287,-0.5915496,-3.6529145,0.79180855,-1.6836212,-2.4546783,1
13.0,13,-1.6216779,-2.4222276,0.33479017,-2.106337,-3.0099068,0.47972512,-1.422476,-1.2437185,1.2167706,1.4409599,-2.3178067,-2.6223967,4.9699306,12.372961,-3.302236,-0.59151715,-3.6529438,0.7917748,-1.6836749,-2.4546068,1
13.0,13,-1.6217434,-2.4221675,0.3346261,-2.1062653,-3.0097096,0.48007748,-1.4225458,-1.2435945,1.2167383,1.4410329,-2.3176892,-2.6222208,4.968915,12.373211,-3.302247,-0.59165233,-3.652797,0.7919373,-1.6838238,-2.4544437,1
13.0,13,-1.6218523,-2.4219942,0.33455268,-2.1062334,-3.009637,0.48037156,-1.4225962,-1.2434273,1.2167226,1.4410353,-2.3175967,-2.6220644,4.9678073,12.373516,-3.301993,-0.5916557,-3.6527216,0.79201776,-1.6841474,-2.4541569,1
13.0,13,-1.6216937,-2.4222105,0.33479592,-2.1063342,-3.0099165,0.47969288,-1.4224705,-1.2437074,1.2168298,1.4409579,-2.3178031,-2.6224086,4.969821,12.37299,-3.3021688,-0.59147066,-3.652998,0.7917305,-1.683718,-2.4545574,1
13.0,13,-1.621718,-2.4222066,0.3347562,-2.1063404,-3.0098739,0.47997358,-1.4225129,-1.243691,1.2167466,1.4409735,-2.3177702,-2.6223722,4.9695992,12.373023,-3.302185,-0.59155303,-3.6528842,0.79185855,-1.6837581,-2.4545517,1
17.0,17,-1.7119583,-0.33442512,-1.0615711,-0.40887985,1.7418746,-1.3009956,-1.2494466,-3.0237665,-2.9120245,-0.29300448,1.4098315,-0.9632552,-1.0314221,-0.3948709,-0.63725626,0.3941365,4.258055,11.217022,-1.6612959,-2.4189355,1
17.0,17,-1.7119489,-0.3344176,-1.0615854,-0.40884072,1.7418903,-1.3010182,-1.2493865,-3.0238104,-2.9120486,-0.2930137,1.4098332,-0.9632609,-1.0314469,-0.39488328,-0.63729453,0.39413112,4.258162,11.21698,-1.6612891,-2.41893,1
17.0,17,-1.7119185,-0.3343708,-1.0616431,-0.4086736,1.7419968,-1.3011013,-1.2491053,-3.024043,-2.9121227,-0.29306036,1.4098412,-0.9632694,-1.0316021,-0.39494976,-0.6374009,0.39405274,4.2586236,11.216791,-1.6612452,-2.4188874,1
17.0,17,-1.7119322,-0.33440492,-1.061634,-0.40874022,1.741947,-1.3010898,-1.2492573,-3.0239208,-2.9121165,-0.2930374,1.40985,-0.96327937,-1.0315214,-0.39491677,-0.63734996,0.39414263,4.2584686,11.216863,-1.6613158,-2.41891,1
17.0,17,-1.7119515,-0.33441758,-1.0615817,-0.40884966,1.7418954,-1.3010173,-1.2493975,-3.0238054,-2.9120402,-0.29301006,1.4098396,-0.9632624,-1.0314462,-0.39488554,-0.6372784,0.3941238,4.2581363,11.216983,-1.6612877,-2.418932,1
17.0,17,-1.711954,-0.33441693,-1.0615773,-0.40885824,1.741886,-1.301011,-1.2494059,-3.0237982,-2.9120324,-0.29300782,1.4098336,-0.9632581,-1.0314431,-0.39488146,-0.6372704,0.39412272,4.2581162,11.216995,-1.6612848,-2.4189298,1
3.0,3,1.2973294,-0.42288274,2.2829723,12.708486,0.43516576,-1.4973818,-0.17346118,-1.9925022,-2.62869,-2.5220976,0.67184645,-1.8355067,0.9781207,-2.1068943,-3.2185092,-1.9856572,2.069135,-0.88346326,-2.6466243,-2.2513163,1
3.0,3,1.2973168,-0.4228359,2.2830606,12.708477,0.43516123,-1.4974258,-0.17349213,-1.9924589,-2.628692,-2.5221133,0.6716563,-1.8355454,0.9782299,-2.1067495,-3.2185454,-1.9856137,2.0690632,-0.88353205,-2.6466043,-2.2513144,1
3.0,3,1.2970991,-0.42296907,2.2827642,12.70859,0.43522364,-1.4971797,-0.17340392,-1.9925921,-2.6287088,-2.5221148,0.6719928,-1.8352458,0.9779233,-2.1070762,-3.2183876,-1.9857612,2.0693848,-0.88324696,-2.6466517,-2.2512946,1
3.0,3,1.297167,-0.42266443,2.2831767,12.708487,0.43521696,-1.4975296,-0.17349789,-1.9925076,-2.628587,-2.5222294,0.67129564,-1.8357341,0.9784697,-2.106522,-3.2184238,-1.9856194,2.0688643,-0.88363665,-2.646413,-2.2513485,1
3.0,3,1.297313,-0.4228106,2.2831995,12.708457,0.43516248,-1.4974682,-0.17353041,-1.9924134,-2.6286948,-2.5221221,0.67144614,-1.835597,0.9783473,-2.1065865,-3.2185774,-1.9855719,2.0689878,-0.8836055,-2.6465967,-2.2513263,1
3.0,3,1.2972883,-0.42280567,2.2833881,12.708439,0.43517643,-1.4974866,-0.17356582,-1.9923725,-2.6287,-2.5221317,0.671209,-1.8356507,0.978456,-2.106416,-3.218597,-1.9855348,2.068932,-0.8836647,-2.6465967,-2.2513468,1
2.0,2,-0.15870291,-3.0293345,9.705244,-2.380215,-1.589763,-1.180028,-4.2634077,-0.050008815,6.185168,2.0145655,-1.6991345,0.86151713,3.219176,-2.9000611,0.56247586,-1.2449887,-2.0479596,-1.6342161,-2.7666826,-0.8501648,1
2.0,2,-0.15884528,-3.029411,9.704997,-2.380284,-1.5898507,-1.1800542,-4.2634287,-0.04998843,6.185516,2.0146654,-1.6991892,0.86154366,3.2193873,-2.9000483,0.5624784,-1.2450632,-2.0480573,-1.6342928,-2.7666674,-0.85021776,1
2.0,2,-0.1596519,-3.029931,9.703202,-2.3808832,-1.5904303,-1.1800895,-4.26394,-0.049779903,6.187764,2.015838,-1.6993219,0.86174786,3.2202241,-2.8999436,0.5625827,-1.2454494,-2.0487468,-1.634827,-2.7665951,-0.8501841,1
2.0,2,-0.16173598,-3.0297413,9.702373,-2.38075,-1.5906929,-1.1804959,-4.264572,-0.04820634,6.1868443,2.0158265,-1.6990058,0.8629026,3.2215855,-2.9004016,0.5628686,-1.2459527,-2.0488908,-1.6326486,-2.7665946,-0.8504235,1
2.0,2,-0.15902714,-3.029478,9.704783,-2.3803139,-1.5899361,-1.1800961,-4.263419,-0.049979072,6.1857843,2.0147114,-1.6992404,0.8616128,3.2196324,-2.900047,0.5624839,-1.245148,-2.0481274,-1.6342798,-2.7666557,-0.8503183,1
2.0,2,-0.15896738,-3.029486,9.704802,-2.380319,-1.5899332,-1.1800708,-4.2634363,-0.05001257,6.1857877,2.0147552,-1.6992179,0.8615938,3.2195365,-2.9000404,0.5624821,-1.2451323,-2.0481195,-1.634312,-2.7666566,-0.85028756,1
2.0,2,-3.4299092,-1.4142514,7.445423,0.2275797,-2.6512685,-1.3594642,-2.4233305,-1.798705,1.6675154,4.0103693,-3.612247,-0.3062539,0.5502081,5.472823,-0.79657197,1.6062123,-2.0698404,-1.1647817,-1.848833,4.8273764,1
2.0,2,-3.429994,-1.4142835,7.444686,0.227796,-2.6513457,-1.3593045,-2.4234195,-1.7987777,1.6674006,4.0104947,-3.6121166,-0.3060711,0.54999363,5.473263,-0.79660666,1.6062286,-2.0698926,-1.1646966,-1.8488711,4.827679,1
2.0,2,-3.4304094,-1.4144073,7.439957,0.22927223,-2.6516137,-1.358818,-2.4239314,-1.7993495,1.6665866,4.011661,-3.6111963,-0.3048032,0.5488711,5.475116,-0.79688567,1.6064757,-2.0699208,-1.1639204,-1.849373,4.830327,1
2.0,2,-3.4299045,-1.4142717,7.4432864,0.22835934,-2.6511173,-1.3601605,-2.4234838,-1.7990202,1.667106,4.0117497,-3.611871,-0.3059904,0.5502844,5.472477,-0.79690605,1.6065812,-2.069475,-1.1643728,-1.8492922,4.8294024,1
2.0,2,-3.4300396,-1.4142952,7.4443636,0.22788423,-2.6513915,-1.3592019,-2.423457,-1.7988085,1.6673524,4.0105085,-3.6120582,-0.30597615,0.5498841,5.4735045,-0.7966156,1.6062237,-2.0699332,-1.164663,-1.8488733,4.8277864,1
2.0,2,-3.4300551,-1.4142596,7.4443717,0.22797088,-2.6514232,-1.3591388,-2.4234664,-1.79881,1.6672808,4.010397,-3.612059,-0.30598247,0.5498382,5.473721,-0.7966298,1.6062179,-2.0699835,-1.1646532,-1.8489087,4.827585,1
14.0,14,-2.8599746,2.8455033,-1.2419786,-2.2913876,-0.47962582,2.2473328,-2.766341,-0.8980116,1.4646317,0.17826104,0.23147751,0.22998334,-2.7759838,-0.5709866,11.1804905,-0.1895266,-0.41005635,-2.5371063,-2.4605377,0.92811877,1
14.0,14,-2.859976,2.845497,-1.2419764,-2.2913895,-0.47963375,2.2473323,-2.7663364,-0.8980143,1.4646372,0.17826927,0.23149918,0.22997798,-2.775988,-0.5709926,11.180482,-0.18953739,-0.4100532,-2.5371108,-2.460537,0.92811936,1
14.0,14,-2.8599744,2.84549,-1.2419703,-2.2914052,-0.479649,2.2473724,-2.7663093,-0.8980131,1.4646566,0.17827918,0.23160605,0.22995122,-2.77603,-0.5710323,11.180439,-0.18961298,-0.4100293,-2.537124,-2.460533,0.92811537,1
14.0,14,-2.8599646,2.8454342,-1.241965,-2.29141,-0.47968113,2.2473137,-2.7663004,-0.89803743,1.4646729,0.17830117,0.23166932,0.22994755,-2.7760096,-0.57105684,11.180463,-0.18959914,-0.41003406,-2.537138,-2.4605339,0.92813224,1
14.0,14,-2.8599727,2.8454945,-1.2419778,-2.291387,-0.47963637,2.2473283,-2.7663362,-0.8980141,1.464637,0.17826842,0.23149972,0.22997944,-2.7759838,-0.5709916,11.180483,-0.18953834,-0.41005367,-2.5371146,-2.4605377,0.92812073,1
14.0,14,-2.8599741,2.8455029,-1.2419842,-2.2913833,-0.47962862,2.247346,-2.7663352,-0.8980046,1.4646299,0.17825328,0.23148923,0.22998248,-2.7759852,-0.57098615,11.18048,-0.18954438,-0.41005075,-2.537114,-2.4605408,0.9281178,1
8.0,8,0.048347227,-3.4800215,-0.029053893,-2.5758717,-0.97684634,-0.2833539,-2.1188295,-0.29894552,12.140747,0.9477136,-1.6533394,-1.3614581,1.2012177,-2.6026332,-1.2591407,-3.0632415,-1.512545,-3.6476817,1.7622081,0.5812794,1
8.0,8,0.048181742,-3.4799764,-0.02906702,-2.575884,-0.9768225,-0.2833536,-2.1188204,-0.2989449,12.140701,0.9476781,-1.6532955,-1.3614873,1.2011415,-2.6027207,-1.2591175,-3.06321,-1.5124239,-3.6477122,1.7624824,0.5813055,1
8.0,8,0.0473129,-3.4796882,-0.029114831,-2.5759945,-0.9766424,-0.28325447,-2.1189885,-0.29883966,12.140362,0.94764864,-1.6529456,-1.3617731,1.2004063,-2.603207,-1.2589501,-3.0630715,-1.5114152,-3.647896,1.7638624,0.58129275,1
8.0,8,0.047689117,-3.4798627,-0.029023957,-2.5759966,-0.97671735,-0.2832403,-2.119259,-0.29871067,12.14044,0.9478836,-1.653078,-1.361695,1.2006863,-2.6029031,-1.2590436,-3.0631046,-1.5115669,-3.647839,1.7630345,0.5810309,1
8.0,8,0.048108704,-3.4799488,-0.02908228,-2.5758884,-0.9768146,-0.28333634,-2.1188133,-0.29893294,12.140688,0.94766,-1.653286,-1.3614988,1.201065,-2.6027381,-1.2591004,-3.063201,-1.5123582,-3.6477237,1.7625786,0.58132976,1
8.0,8,0.04820577,-3.4799724,-0.02906536,-2.575882,-0.97683096,-0.28331903,-2.1188474,-0.29891628,12.14071,0.9476862,-1.6533273,-1.3614852,1.2010921,-2.602657,-1.2591158,-3.063216,-1.5124029,-3.6477067,1.7623914,0.5812986,1
14.0,14,-2.4216435,1.9913336,-0.9747353,-2.3991475,0.122133926,1.0891134,-2.5410202,-2.7499514,0.5442162,-0.572873,-0.11699088,0.29464865,-2.6731298,-1.1498547,12.042751,1.6018319,1.2588099,-0.109843574,-2.974223,0.7686207,1
14.0,14,-2.4216046,1.9914646,-0.9748264,-2.3990443,0.12264844,1.0894302,-2.5409505,-2.7497792,0.5442853,-0.57326233,-0.11711985,0.29465592,-2.6733298,-1.1500585,12.042773,1.6016338,1.2585753,-0.110033266,-2.9739885,0.7687411,1
14.0,14,-2.4218435,1.9919399,-0.9752772,-2.399188,0.122934625,1.0900122,-2.5404365,-2.7491462,0.5443364,-0.574375,-0.11735961,0.2949807,-2.6734812,-1.150243,12.043392,1.6023499,1.2565666,-0.110773556,-2.9731603,0.76925695,1
14.0,14,-2.421694,1.9917296,-0.9750987,-2.3988156,0.123918906,1.0903113,-2.5407362,-2.7491958,0.5443454,-0.5741442,-0.11771712,0.29491824,-2.6736794,-1.1504464,12.042932,1.6013352,1.2577517,-0.11065637,-2.9733138,0.76910734,1
14.0,14,-2.4215739,1.9914067,-0.97478014,-2.3989756,0.12279703,1.089462,-2.5410202,-2.749812,0.54428166,-0.5731785,-0.1171709,0.29463673,-2.673357,-1.1500797,12.042666,1.6014324,1.2588583,-0.10998099,-2.9740465,0.7686966,1
14.0,14,-2.4215667,1.9914261,-0.97479385,-2.3989663,0.12278116,1.0894884,-2.5410028,-2.7498138,0.5442894,-0.5732304,-0.1171402,0.29463547,-2.6733832,-1.1500819,12.042664,1.6014062,1.2588409,-0.10996284,-2.9740338,0.7687082,1
11.0,3,-0.32212695,0.33374172,3.158972,9.421614,-1.042133,-2.705212,-2.1121838,-3.18182,-3.30581,-0.9438397,0.8594114,0.34061134,2.8705602,0.018795356,-1.5181653,-1.9757981,5.0447826,1.3020997,-6.0181565,-1.7832509,0
11.0,3,-0.32183528,0.33357978,3.1587307,9.422511,-1.0421256,-2.7052498,-2.1122203,-3.1817856,-3.3057153,-0.9440146,0.85922235,0.34056264,2.870936,0.01907219,-1.5183446,-1.9758633,5.043925,1.3016858,-6.018237,-1.7832677,0
11.0,3,-0.32095203,0.3311041,3.1513398,9.43097,-1.0427417,-2.7046072,-2.113995,-3.1810393,-3.3037071,-0.94327545,0.8583457,0.34322804,2.873144,0.023828588,-1.5194339,-1.9771771,5.0372562,1.2975589,-6.020737,-1.7824398,0
11.0,3,-0.32226732,0.3323346,3.152605,9.427606,-1.0427504,-2.7039554,-2.1135387,-3.1814513,-3.304604,-0.94312364,0.8584917,0.34269392,2.8712826,0.022913717,-1.5189432,-1.9767941,5.0413485,1.2996575,-6.019672,-1.7829118,0
11.0,3,-0.3230853,0.33410448,3.1586614,9.419878,-1.0422176,-2.7047904,-2.112243,-3.1818542,-3.30604,-0.94334614,0.85960287,0.34092486,2.869602,0.01881139,-1.5178049,-1.9757221,5.0469933,1.3030398,-6.0180817,-1.7832063,0
11.0,3,-0.32332277,0.3337413,3.1555257,9.421953,-1.0424124,-2.7040968,-2.1126552,-3.1816895,-3.30597,-0.94339865,0.8591922,0.34193945,2.8697221,0.02058056,-1.5182202,-1.9760956,5.0468483,1.3023603,-6.0185275,-1.7829435,0
16.0,16,1.2368405,-0.7235266,-0.15051767,1.1670108,-0.46783918,0.101798795,-1.1918343,-2.5754554,-2.7193232,-0.6226431,-0.8025852,2.0891037,-0.7471212,-1.7219745,-2.7352953,0.3083995,11.607113,0.9708509,-0.6341817,-1.8893901,1
16.0,16,1.2368302,-0.72352046,-0.15051118,1.1670154,-0.46785444,0.101840034,-1.1918762,-2.5754192,-2.7192852,-0.6226574,-0.8025942,2.0891716,-0.74715304,-1.7219654,-2.7352476,0.30833766,11.607163,0.97083896,-0.6342642,-1.8893666,1
16.0,16,1.2368071,-0.72349876,-0.15048888,1.1670401,-0.46789563,0.102010205,-1.1920526,-2.575284,-2.7191398,-0.62271607,-0.80261815,2.089429,-0.74729025,-1.7219398,-2.7350535,0.30808854,11.607338,0.97077715,-0.6345921,-1.8892689,1
16.0,16,1.2368388,-0.72352093,-0.15050775,1.1670222,-0.4678806,0.10201619,-1.1920846,-2.575258,-2.7191436,-0.62267387,-0.8025849,2.0893652,-0.7473021,-1.7219399,-2.735108,0.30810785,11.607325,0.9708344,-0.6346293,-1.8893,1
16.0,16,1.2368314,-0.7235261,-0.15051301,1.1670079,-0.46785265,0.10182166,-1.1918572,-2.5754316,-2.7192996,-0.6226498,-0.80259603,2.0891476,-0.74713385,-1.7219695,-2.735272,0.30837017,11.607136,0.97085047,-0.6342336,-1.8893803,1
16.0,16,1.2368412,-0.72352767,-0.1505175,1.1670089,-0.46784395,0.101820454,-1.191862,-2.5754313,-2.7193036,-0.6226424,-0.8025836,2.0891259,-0.7471393,-1.7219707,-2.7352815,0.3083737,11.607134,0.97085637,-0.63423103,-1.8893839,1
3.0,3,-0.194252,-0.94778967,-0.66950727,11.769791,1.9847659,-0.78120923,-0.2439931,-2.4170868,-1.4095358,-1.3104979,0.7628829,-2.0935895,0.09220036,-2.1515212,-1.624482,-0.39639267,0.17360121,-0.5480578,-3.3149402,-1.9374468,1
3.0,3,-0.19438863,-0.9475741,-0.6697656,11.769701,1.9849848,-0.78097516,-0.2439675,-2.4168577,-1.4096788,-1.3107277,0.7626236,-2.0935624,0.092080295,-2.1515162,-1.6244903,-0.39602092,0.1735431,-0.5481744,-3.3149157,-1.9374248,1
3.0,3,-0.19420724,-0.9479132,-0.6696651,11.769825,1.9849778,-0.7807252,-0.24397552,-2.4170253,-1.4093528,-1.3106446,0.76294893,-2.0932589,0.09206686,-2.1516001,-1.6247939,-0.39686158,0.17354105,-0.5479574,-3.3149486,-1.9373567,1
3.0,3,-0.19461119,-0.9472454,-0.67042893,11.769554,1.9855791,-0.78011835,-0.24389142,-2.4163175,-1.4098035,-1.3113012,0.7621633,-2.093207,0.09174275,-2.151611,-1.6248163,-0.39567629,0.17337768,-0.54832816,-3.314866,-1.9373021,1
3.0,3,-0.19443724,-0.947499,-0.6698865,11.7696705,1.9850821,-0.78084105,-0.24395168,-2.4167416,-1.4097161,-1.3108283,0.76252425,-2.0935106,0.09202527,-2.1515346,-1.6245474,-0.39591765,0.1735151,-0.5482142,-3.3149056,-1.9374025,1
3.0,3,-0.19449773,-0.9474114,-0.6699914,11.769646,1.98517,-0.7807092,-0.24393657,-2.4166274,-1.4097708,-1.3109353,0.7624153,-2.093472,0.091961704,-2.1515226,-1.6245915,-0.3958031,0.17349291,-0.5482497,-3.3149066,-1.9373755,1
0.0,0,11.723901,3.9264512,3.3352158,1.1736217,0.022490047,-0.64275384,0.010356359,-0.94171154,-1.6334243,-2.1639526,-0.5401887,-3.2991474,-1.1434342,-0.31529903,-3.820261,-3.1862047,0.13073224,-2.444827,-2.8315501,-4.4107785,1
0.0,0,11.723958,3.926842,3.3348553,1.1736413,0.02246806,-0.64269775,0.010387078,-0.9416498,-1.6335553,-2.1639261,-0.5401142,-3.2991521,-1.1435009,-0.3152844,-3.8202953,-3.186286,0.13068728,-2.444827,-2.8315344,-4.410845,1
0.0,0,11.724307,3.928965,3.333038,1.1733875,0.022277448,-0.6424676,0.010670751,-0.9413068,-1.634121,-2.1637607,-0.5396961,-3.2993507,-1.143942,-0.3152126,-3.820436,-3.18666,0.13035198,-2.4447873,-2.8312848,-4.41111,1
0.0,0,11.724491,3.929888,3.3322227,1.1730902,0.022172816,-0.6423763,0.01080846,-0.9411307,-1.6342769,-2.1636734,-0.5394913,-3.2994854,-1.1441691,-0.31517777,-3.8204675,-3.1868143,0.13016404,-2.444738,-2.8311334,-4.4111867,1
0.0,0,11.723939,3.9267147,3.3350136,1.1735816,0.022463255,-0.64273566,0.010397524,-0.9416743,-1.6334916,-2.163934,-0.54014057,-3.2991848,-1.1434885,-0.3152891,-3.8202772,-3.1862433,0.1306865,-2.4448218,-2.8315115,-4.4108057,1
0.0,0,11.723919,3.926599,3.33507,1.1736594,0.022487257,-0.6427254,0.010364905,-0.9416894,-1.6334888,-2.163944,-0.54016083,-3.2991338,-1.1434566,-0.31529853,-3.8202786,-3.1862397,0.13072462,-2.444832,-2.8315535,-4.4108133,1
3.0,3,0.23901328,4.7258167,-0.40762052,10.5019455,-0.92399013,-2.5826595,-0.71057236,-3.2161462,-2.135568,-2.2480547,2.4956083,-1.6764059,-1.0976584,-3.4909563,1.6399482,-1.5345168,1.6450248,-0.59261525,-1.9793161,-1.7345029,1
3.0,3,0.23894697,4.7258096,-0.40760753,10.501958,-0.9239396,-2.5826197,-0.710575,-3.2161307,-2.1355424,-2.2480798,2.4954782,-1.6763737,-1.0976515,-3.4909463,1.6400234,-1.5345243,1.645052,-0.59262824,-1.9793321,-1.7344729,1
3.0,3,0.23902786,4.7258415,-0.4076887,10.502045,-0.9240029,-2.582551,-0.71061176,-3.2160652,-2.135524,-2.2480335,2.4955723,-1.6762623,-1.0976754,-3.4909317,1.6397461,-1.5346842,1.6450266,-0.5926434,-1.9792918,-1.7345272,1
3.0,3,0.23887843,4.7257414,-0.40756914,10.502232,-0.9238764,-2.5824513,-0.7106499,-3.2159867,-2.1354506,-2.2480073,2.4951234,-1.6761543,-1.0976219,-3.4908714,1.6397731,-1.5347396,1.6451339,-0.5927014,-1.9793602,-1.7344995,1
3.0,3,0.23894042,4.7258005,-0.40759885,10.501996,-0.92393386,-2.5826025,-0.71058667,-3.2161102,-2.1355307,-2.2480662,2.495427,-1.6763425,-1.097646,-3.490937,1.6399872,-1.5345497,1.6450645,-0.592641,-1.9793373,-1.7344779,1
3.0,3,0.23886389,4.7258153,-0.4075979,10.502007,-0.92388856,-2.5825524,-0.71059847,-3.2160888,-2.1354973,-2.248087,2.4952912,-1.6762944,-1.0976487,-3.4909189,1.64007,-1.5345763,1.6450914,-0.5926545,-1.9793512,-1.7344437,1
15.0,15,-0.3951978,-1.6432317,-0.24741317,-1.5575386,5.733183,1.2739947,-1.1121496,0.39816648,-2.5891218,0.2627409,-3.06486,-2.9663835,-1.1404176,-0.672129,0.61085993,10.566862,-1.2077693,-2.3799078,-2.4234855,-0.96626836,1
15.0,15,-0.39524135,-1.6432062,-0.24740565,-1.5574961,5.7332087,1.274034,-1.1121118,0.39813834,-2.5891175,0.26264635,-3.0649421,-2.9663544,-1.1404263,-0.67213815,0.6109787,10.566892,-1.2077714,-2.3799427,-2.4235163,-0.96622074,1
15.0,15,-0.3955545,-1.6431453,-0.24729478,-1.5571057,5.733708,1.2744312,-1.1117768,0.39806864,-2.589079,0.26211512,-3.0656688,-2.9661615,-1.1405439,-0.6722107,0.6116691,10.566955,-1.2078211,-2.3802056,-2.4238834,-0.9659277,1
15.0,15,-0.39567837,-1.6430713,-0.24721745,-1.5569438,5.733415,1.2744238,-1.111693,0.39790133,-2.5890744,0.26200798,-3.0658722,-2.9660776,-1.140505,-0.6721502,0.6120342,10.567119,-1.2078,-2.3803167,-2.4239485,-0.9657563,1
15.0,15,-0.39525807,-1.6431879,-0.24739248,-1.5574849,5.733083,1.2740084,-1.1121123,0.39810774,-2.589119,0.262639,-3.0649512,-2.966341,-1.1404048,-0.67211527,0.6110416,10.5669365,-1.2077647,-2.3799531,-2.423509,-0.9661946,1
15.0,15,-0.39524204,-1.6432055,-0.24738394,-1.5575283,5.7329803,1.2739638,-1.1121368,0.3981776,-2.5891197,0.2626833,-3.0649168,-2.9663446,-1.1403787,-0.67209023,0.61098903,10.566945,-1.2077733,-2.3799272,-2.4235053,-0.9662217,1
15.0,14,-0.85601294,-1.7772797,2.4300704,-2.591375,4.1581244,-0.0120876,-2.5111787,-0.9913996,-0.98252046,-2.8350708,-0.061721295,-1.4183338,-2.504959,-3.466024,8.970218,8.237364,-1.2409203,-1.2718177,-3.5458653,-0.10718282,0
15.0,14,-0.8565136,-1.7767973,2.4296522,-2.5914161,4.1573477,-0.012052866,-2.5106144,-0.9917619,-0.9823446,-2.8354564,-0.062008597,-1.417985,-2.5046976,-3.465909,8.971399,8.237391,-1.2410147,-1.2717384,-3.5458243,-0.10716533,0
15.0,14,-0.86208105,-1.771976,2.4268217,-2.5913587,4.148403,-0.011424171,-2.505233,-0.99610406,-0.9795399,-2.8396397,-0.06305688,-1.4132404,-2.5025973,-3.465764,8.984815,8.234865,-1.242035,-1.2700962,-3.5457098,-0.10702651,0
15.0,14,-0.86042327,-1.7737901,2.4283168,-2.5912378,4.151661,-0.011298614,-2.5074115,-0.9943748,-0.98047435,-2.8381865,-0.06277962,-1.4147321,-2.503412,-3.4659662,8.979821,8.235552,-1.2416772,-1.27045,-3.5457327,-0.107293,0
15.0,14,-0.8564595,-1.7771323,2.429756,-2.591437,4.1583986,-0.011754291,-2.5110657,-0.99100375,-0.98284364,-2.8351803,-0.062915705,-1.4184891,-2.5046492,-3.4657087,8.969821,8.238477,-1.2409402,-1.2718759,-3.5456274,-0.107461445,0
15.0,14,-0.8565327,-1.7770336,2.429656,-2.5914314,4.158098,-0.011775913,-2.5109622,-0.99110395,-0.9827726,-2.8352551,-0.06280913,-1.4183671,-2.5046117,-3.4657116,8.970131,8.238396,-1.2409753,-1.271867,-3.545658,-0.10740613,0
12.0,12,-0.8244624,-2.3082354,0.663006,-0.7729134,-2.9020019,-2.9295108,-0.79022187,-1.3453312,1.3824433,-0.63767475,-1.5811751,0.070689045,12.777956,1.6522388,-1.3705139,-1.0262587,-1.1881545,-0.45099384,-0.88824797,-3.012796,1
12.0,12,-0.82446903,-2.3082414,0.662975,-0.77288544,-2.9020035,-2.9294915,-0.79021555,-1.3453526,1.3824819,-0.63765436,-1.581139,0.07070578,12.777948,1.6521573,-1.3705517,-1.0263156,-1.1881443,-0.45097,-0.8882039,-3.0128005,1
12.0,12,-0.82462037,-2.3082707,0.6629923,-0.7728497,-2.9019794,-2.9295373,-0.79035175,-1.3452334,1.3824596,-0.6375121,-1.5810667,0.070957884,12.777941,1.6522655,-1.370714,-1.0265893,-1.1879508,-0.45066494,-0.88850313,-3.0128567,1
12.0,12,-0.82476306,-2.308397,0.6630557,-0.7727883,-2.9019613,-2.9295413,-0.790516,-1.3451781,1.3826038,-0.637318,-1.5809577,0.07131308,12.777925,1.6521361,-1.3708999,-1.0269156,-1.1877487,-0.4503541,-0.88878554,-3.0129557,1
12.0,12,-0.8244769,-2.3082478,0.6629637,-0.77286744,-2.9020026,-2.9294796,-0.79022145,-1.3453616,1.3825063,-0.6376376,-1.5811151,0.07073279,12.777941,1.6520917,-1.3705701,-1.026352,-1.188134,-0.4509508,-0.8881835,-3.0128038,1
12.0,12,-0.8244815,-2.3082485,0.6629988,-0.7728934,-2.9019992,-2.9295032,-0.7902404,-1.3453307,1.3824686,-0.6376459,-1.5811473,0.07074216,12.77795,1.652181,-1.3705446,-1.0263156,-1.1881264,-0.45094895,-0.8882586,-3.0128038,1
2.0,2,-0.65150875,-1.3802711,12.647289,0.7908073,-0.4914307,-1.3283706,-1.392974,-1.2048116,0.6513801,0.4363391,-2.2167232,-0.9226367,0.60374886,-1.9633414,-0.73480034,0.1837794,0.2490653,-0.31986097,-0.45077062,-1.3079556,1
2.0,2,-0.6513782,-1.3802261,12.647358,0.79092014,-0.49147666,-1.3282957,-1.3926805,-1.2048019,0.6514134,0.43594012,-2.2167609,-0.9226253,0.6038258,-1.9633611,-0.7348491,0.18369935,0.24894734,-0.32009754,-0.45069534,-1.3079436,1
2.0,2,-0.653652,-1.380982,12.646386,0.7891183,-0.49097425,-1.3295016,-1.397104,-1.2048421,0.65087813,0.44219935,-2.216274,-0.9227989,0.60292643,-1.962742,-0.733698,0.1856679,0.24996461,-0.31749564,-0.45177904,-1.3080567,1
2.0,2,-0.6567946,-1.3819771,12.645003,0.78667504,-0.49025446,-1.3311578,-1.403168,-1.2048749,0.6500603,0.45081598,-2.215557,-0.9230589,0.60154414,-1.9619266,-0.73213506,0.18832229,0.25147572,-0.31373876,-0.4532857,-1.3082309,1
2.0,2,-0.6514396,-1.3802534,12.647312,0.7908628,-0.49143833,-1.3283256,-1.3928514,-1.2047975,0.6513784,0.43617755,-2.2167194,-0.92264163,0.6037349,-1.9633654,-0.7348423,0.18373199,0.24905278,-0.31993097,-0.45073813,-1.3079747,1
2.0,2,-0.6514688,-1.3802472,12.647338,0.79096085,-0.4914993,-1.3282899,-1.3926371,-1.2047362,0.65130603,0.4359492,-2.2167466,-0.9225773,0.6038334,-1.9633309,-0.7348325,0.18378903,0.24891497,-0.32012832,-0.45071808,-1.307993,1
16.0,11,-2.5017798,-3.6914303,-3.6812036,-1.7470723,1.4429199,2.4276156,-2.4329216,-1.3185588,-1.7134815,0.5725497,4.3275166,8.359313,-1.060436,1.1045051,-1.7078184,-1.6114656,2.2600884,6.996778,-4.1037316,-2.5152988,0
16.0,11,-2.5017776,-3.6914148,-3.6811917,-1.747076,1.4429326,2.4275951,-2.4329107,-1.3185371,-1.7134836,0.57249343,4.3274403,8.359378,-1.060415,1.104473,-1.707807,-1.6114565,2.2601326,6.9967847,-4.103734,-2.5152824,0
16.0,11,-2.5018022,-3.6914186,-3.6812243,-1.7470496,1.4427774,2.427671,-2.4329176,-1.3184977,-1.7133743,0.5724839,4.327283,8.359577,-1.0603884,1.1045351,-1.7078446,-1.6114838,2.260118,6.9967494,-4.1037107,-2.5153012,0
16.0,11,-2.5017967,-3.6914053,-3.6812148,-1.7470882,1.4428686,2.4275935,-2.4328992,-1.3185145,-1.7134587,0.5724634,4.3273983,8.359486,-1.0604028,1.1044741,-1.7077948,-1.6114484,2.2601297,6.9967723,-4.103703,-2.5152614,0
16.0,11,-2.5017827,-3.6914344,-3.6812062,-1.7470694,1.4429225,2.4276288,-2.432923,-1.3185549,-1.713473,0.57254463,4.3275,8.359316,-1.0604336,1.1045183,-1.7078254,-1.6114699,2.2600884,6.996766,-4.103732,-2.5153065,0
16.0,11,-2.5017807,-3.6914268,-3.6812053,-1.7470738,1.4429083,2.4276156,-2.4329205,-1.3185476,-1.7134714,0.5725385,4.327484,8.359346,-1.060429,1.1045002,-1.7078197,-1.6114628,2.2600904,6.996778,-4.1037283,-2.5152957,0
14.0,14,-3.9159653,1.3133767,-1.1148798,-3.436426,-1.4638952,0.87832487,-2.2890475,-1.2705603,0.5027589,-0.3314779,1.2124683,0.26950878,-1.8707654,-0.95374715,12.214786,4.5600934,-2.6404767,-0.54420245,-2.5896966,0.57262754,1
14.0,14,-3.9159682,1.3133473,-1.1148812,-3.4364302,-1.4638689,0.8783505,-2.2890606,-1.2705362,0.50277317,-0.331473,1.212477,0.26949406,-1.8707608,-0.9537775,12.214784,4.5600877,-2.6404824,-0.5442351,-2.5896945,0.57262695,1
14.0,14,-3.9160304,1.313281,-1.1148833,-3.4364784,-1.4637549,0.8785535,-2.289119,-1.2704241,0.5028138,-0.33147028,1.2125115,0.26943195,-1.8707767,-0.95389026,12.21477,4.5600076,-2.6405373,-0.5442606,-2.589651,0.5725845,1
14.0,14,-3.9160292,1.3132145,-1.1148835,-3.4364803,-1.4637134,0.8785847,-2.2891426,-1.2703875,0.5028376,-0.33145437,1.21252,0.26940435,-1.8707588,-0.9539374,12.214773,4.560015,-2.6405509,-0.54431695,-2.589657,0.5725857,1
14.0,14,-3.91596,1.3133233,-1.1148825,-3.4364324,-1.4638855,0.87830454,-2.2890503,-1.2705522,0.5027645,-0.3314675,1.2124909,0.26949227,-1.8707459,-0.9537696,12.214784,4.560137,-2.640494,-0.544227,-2.589701,0.572633,1
14.0,14,-3.9159694,1.3133767,-1.114876,-3.436424,-1.4638754,0.8783673,-2.2890627,-1.2705379,0.5027711,-0.33147618,1.2124487,0.26950312,-1.870769,-0.95376295,12.214782,4.560065,-2.6404672,-0.54422706,-2.5896957,0.57262194,1
10.0,10,-2.387641,-2.3912199,-4.087279,-1.6769646,0.24750389,-1.8076692,-1.0859681,-1.0332645,-1.5370501,2.5937586,11.146396,-0.39791322,-3.8598526,-1.8415656,1.0338794,0.96337706,-0.68299145,3.1898737,-1.0207628,4.4573684,1
10.0,10,-2.3876834,-2.3911824,-4.087276,-1.6770216,0.24750422,-1.8076977,-1.0860292,-1.0331782,-1.5370833,2.5938525,11.146252,-0.39793986,-3.8599043,-1.8414996,1.0338497,0.963463,-0.6829881,3.1899753,-1.0207634,4.4575963,1
10.0,10,-2.3881633,-2.3909566,-4.0873094,-1.6774496,0.24745123,-1.8080021,-1.0867696,-1.0326165,-1.5371726,2.5950055,11.144925,-0.39781952,-3.8603842,-1.841056,1.0335723,0.96433944,-0.6827827,3.1906915,-1.0207231,4.459724,1
10.0,10,-2.3882341,-2.3909166,-4.087367,-1.6775182,0.24741669,-1.8080149,-1.086752,-1.0323896,-1.5372221,2.5950837,11.1448,-0.39774376,-3.8604646,-1.8409642,1.0335085,0.9644468,-0.682949,3.190706,-1.0207231,4.459894,1
10.0,10,-2.3877032,-2.3911722,-4.087288,-1.6770356,0.24750014,-1.8077029,-1.0860316,-1.0331235,-1.5370939,2.5938723,11.1462145,-0.39791697,-3.859928,-1.8414772,1.0338298,0.9634916,-0.6830134,3.1899827,-1.0207702,4.4576592,1
10.0,10,-2.3877676,-2.3912058,-4.08736,-1.6769909,0.24747011,-1.8077288,-1.0860596,-1.0331061,-1.5370446,2.5939476,11.146186,-0.39771765,-3.8599792,-1.841522,1.0337815,0.9635758,-0.6829868,3.189892,-1.0207686,4.4577274,1
19.0,18,-1.5370609,-0.5587727,-0.696817,-0.609927,1.3460188,-1.5940169,0.113631725,-1.840561,-0.7502721,-1.0594058,-0.58255494,-1.4708415,1.4278775,-2.0559266,-1.4411514,2.406184,-0.9122837,-2.011512,9.491616,9.324765,0
19.0,18,-1.537104,-0.5587592,-0.6967021,-0.6098059,1.3457937,-1.5942308,0.11377174,-1.8406568,-0.7502614,-1.05949,-0.582526,-1.4707363,1.4281031,-2.055881,-1.4410859,2.4060583,-0.9122858,-2.0114367,9.491483,9.32504,0
19.0,18,-1.5373812,-0.5586081,-0.69612414,-0.6089664,1.3447714,-1.5950034,0.11418605,-1.8410786,-0.75030994,-1.0601308,-0.5824192,-1.4699428,1.4288951,-2.055463,-1.4405875,2.4052804,-0.9121601,-2.0109286,9.490365,9.326814,0
19.0,18,-1.537483,-0.5585105,-0.6960461,-0.60855395,1.3445778,-1.5949898,0.11423096,-1.8412857,-0.7504084,-1.0605822,-0.58231974,-1.4696021,1.4287994,-2.0552475,-1.4403952,2.405068,-0.91202265,-2.0108237,9.490088,9.3272295,0
19.0,18,-1.5371896,-0.55868804,-0.6967082,-0.6096607,1.3458053,-1.5940735,0.11386803,-1.8407706,-0.75035334,-1.0597602,-0.58247143,-1.4706424,1.4278557,-2.0558527,-1.4410828,2.4060738,-0.9122285,-2.0114324,9.491705,9.324875,0
19.0,18,-1.5371417,-0.55872136,-0.6967973,-0.60974324,1.3458946,-1.5939841,0.1137054,-1.840665,-0.75029945,-1.0596511,-0.5824938,-1.4706765,1.4277947,-2.0558279,-1.4410576,2.406092,-0.9122756,-2.011489,9.49163,9.324892,0
0.0,0,9.95406,6.070481,-0.45472246,1.1781267,-0.08413887,-1.5596963,3.7132206,-2.5730944,-3.3612506,-2.0895963,0.3892753,-4.1798024,-1.3479373,-2.8302794,-2.9203882,-1.29836,1.4912388,-2.6535616,-1.0295675,-0.06714328,1
0.0,0,9.953886,6.0708127,-0.45472625,1.1781733,-0.08414468,-1.5596768,3.713388,-2.5729604,-3.3612576,-2.0896711,0.38923645,-4.179947,-1.3482668,-2.8303425,-2.92024,-1.2984307,1.4912487,-2.653656,-1.0294389,-0.06676666,1
0.0,0,9.952966,6.071776,-0.45474508,1.1783117,-0.08400613,-1.5595243,3.7147968,-2.5723088,-3.3612046,-2.0901842,0.38892764,-4.180705,-1.3497151,-2.8307607,-2.9196153,-1.298484,1.4909197,-2.6541607,-1.0285517,-0.06472567,1
0.0,0,9.953106,6.0710964,-0.45470697,1.1782124,-0.083844796,-1.5594251,3.715117,-2.5723011,-3.3611405,-2.09027,0.38884413,-4.180683,-1.3494608,-2.8308208,-2.9198003,-1.2982718,1.4906193,-2.6541736,-1.0284194,-0.064913586,1
0.0,0,9.953934,6.0708075,-0.45473135,1.1781628,-0.08418137,-1.5597042,3.7132633,-2.5730238,-3.361259,-2.0896199,0.38926065,-4.1798983,-1.3481618,-2.8303,-2.9202695,-1.2984416,1.4912763,-2.6536076,-1.0295072,-0.06689785,1
0.0,0,9.953841,6.0710235,-0.4547661,1.1781913,-0.08425921,-1.5597751,3.7132118,-2.5730698,-3.3612716,-2.0895958,0.3892778,-4.179906,-1.3481791,-2.830263,-2.9202023,-1.2984763,1.4913303,-2.653566,-1.0295578,-0.06680946,1
16.0,16,0.05402971,-0.54080147,-1.0297899,0.4160224,-1.6135701,-0.90981776,-0.6551767,-2.5152857,-1.9927368,-0.8460474,1.1794755,2.724777,-1.1692269,-1.4676137,-1.7549101,-1.4028822,11.964892,4.573859,-2.7512777,-1.9525641,1
16.0,16,0.05403649,-0.5408146,-1.029777,0.41603243,-1.6135886,-0.9097759,-0.65520597,-2.5152576,-1.9927001,-0.8460257,1.1794683,2.724782,-1.1692402,-1.467619,-1.7548927,-1.4029006,11.964927,4.5737553,-2.7512975,-1.9525481,1
16.0,16,0.05394163,-0.54076916,-1.029602,0.41596368,-1.6136974,-0.9097493,-0.65536857,-2.515206,-1.9926577,-0.8459068,1.1790388,2.7245378,-1.169105,-1.4673783,-1.7550148,-1.4028049,11.9647665,4.5743194,-2.7513182,-1.9527185,1
16.0,16,0.05395133,-0.5407729,-1.0296153,0.41597304,-1.6136819,-0.9097371,-0.65532553,-2.5151975,-1.9926624,-0.84592706,1.1791061,2.7245576,-1.169151,-1.4674232,-1.7549869,-1.402822,11.964797,4.5742116,-2.7513227,-1.9527031,1
16.0,16,0.05403664,-0.5408142,-1.0297763,0.41603318,-1.6135867,-0.90977293,-0.6552093,-2.5152578,-1.9927008,-0.84602624,1.1794636,2.7247863,-1.1692395,-1.4676174,-1.7548928,-1.4029015,11.964931,4.57376,-2.751299,-1.9525459,1
16.0,16,0.054025404,-0.540805,-1.0297766,0.41602036,-1.6135846,-0.90980816,-0.6551834,-2.515262,-1.9927235,-0.84603375,1.1794704,2.7247453,-1.1692318,-1.4676088,-1.7549105,-1.4028842,11.964894,4.5738482,-2.751286,-1.9525772,1
2.0,2,2.8150737,-2.3583553,11.644039,-1.2712054,-0.2558369,-1.7184463,-3.0560162,-2.2848878,2.9089763,1.1456064,-1.9898242,-2.3156679,2.0036063,-1.600449,0.1022993,-0.4823916,-0.08275303,-1.0548732,-3.0265112,-2.2350965,1
2.0,2,2.8131902,-2.3572311,11.643873,-1.2720021,-0.25853324,-1.7165009,-3.0556328,-2.2868578,2.9230034,1.1465244,-1.9912752,-2.316337,1.9967701,-1.6027154,0.10316841,-0.48824435,-0.08485365,-1.0557264,-3.0238907,-2.2295,1
2.0,2,2.840809,-2.3313782,11.661507,-1.224491,-0.27992642,-1.7219324,-3.047227,-2.2686312,2.8548245,1.1453831,-1.9870882,-2.323267,1.9932187,-1.5880672,0.06724548,-0.48256427,-0.069178686,-1.0518682,-3.0263374,-2.2374566,1
2.0,2,2.9549155,-2.3144367,11.649925,-1.1831588,-0.30546075,-1.6915362,-3.018293,-2.264136,2.8814435,1.1251012,-1.9484682,-2.3421073,1.8594877,-1.6215936,0.007986955,-0.525249,-0.05910826,-1.0819956,-2.9922805,-2.1985743,1
2.0,2,2.8262773,-2.358932,11.644114,-1.2634994,-0.2521311,-1.7208385,-3.0573156,-2.2777517,2.8798928,1.1478986,-1.9874587,-2.3152213,2.0051048,-1.5965906,0.09801164,-0.47094604,-0.076644436,-1.0559107,-3.0328476,-2.240961,1
2.0,2,2.833686,-2.3580716,11.638808,-1.2681347,-0.25829005,-1.7104988,-3.052136,-2.2856948,2.928668,1.1438736,-1.9843961,-2.3181548,1.9710608,-1.6098369,0.0963833,-0.49275196,-0.08302559,-1.0622257,-3.0196195,-2.222025,1
3.0,3,0.08410316,-1.560709,-0.9148182,12.610289,0.28152597,-0.6303594,-1.0400733,-2.2878056,-1.2015274,-0.5694874,1.097024,-0.2988199,0.27493757,-0.8944852,-2.7915306,-1.9075154,0.81511694,-0.16960636,-3.4747145,-1.563795,1
3.0,3,0.08410225,-1.5607061,-0.9148282,12.610281,0.28152788,-0.6303556,-1.0400726,-2.287804,-1.2015276,-0.5694892,1.0970225,-0.2988199,0.27493182,-0.89448434,-2.7915277,-1.9075112,0.81511813,-0.16960526,-3.4747126,-1.5637943,1
3.0,3,0.08409176,-1.5606788,-0.91483,12.610294,0.28156137,-0.6302901,-1.0400571,-2.28781,-1.2015438,-0.56957865,1.096963,-0.29882395,0.27489287,-0.89442027,-2.7915206,-1.9075139,0.81513363,-0.1695899,-3.4747279,-1.5637751,1
3.0,3,0.08408301,-1.5606635,-0.91487753,12.610286,0.2815808,-0.6302511,-1.0400544,-2.2878106,-1.2015485,-0.56959844,1.0969422,-0.2988273,0.27484572,-0.8943816,-2.7915044,-1.907499,0.8151477,-0.16957352,-3.4747446,-1.5637771,1
3.0,3,0.08409854,-1.5606996,-0.91484076,12.610283,0.28153563,-0.63033974,-1.04007,-2.2878065,-1.20153,-0.5695034,1.0970112,-0.29882038,0.27491578,-0.8944674,-2.7915225,-1.9075066,0.8151234,-0.16959879,-3.4747202,-1.5637928,1
3.0,3,0.08410088,-1.5607082,-0.91483027,12.610279,0.28152645,-0.6303551,-1.0400734,-2.2878056,-1.2015269,-0.5694859,1.097023,-0.2988162,0.2749297,-0.89448094,-2.7915258,-1.9075094,0.8151167,-0.16960254,-3.4747176,-1.5637951,1
7.0,7,-0.31012574,-0.43551302,-1.6332878,-1.9719748,1.0612626,-0.010467561,5.21931,12.55668,-1.562231,-1.244567,-0.972273,0.48705608,-1.3936478,-1.107486,-3.3095517,-1.2339876,-2.1406796,-2.9822414,-2.5908248,-3.1943734,1
7.0,7,-0.31014547,-0.43577394,-1.6334152,-1.9720832,1.0630637,-0.009439262,5.216139,12.557151,-1.5622102,-1.2442052,-0.9724524,0.48658866,-1.393531,-1.1073447,-3.3093467,-1.2335005,-2.1407735,-2.9818583,-2.5914998,-3.194631,1
7.0,7,-0.31101793,-0.43439004,-1.6339432,-1.9720478,1.062316,-0.007156374,5.212039,12.558285,-1.5641776,-1.2441515,-0.9744668,0.48743314,-1.3927567,-1.1067108,-3.308117,-1.2315193,-2.1402538,-2.9806824,-2.591162,-3.1929429,1
7.0,7,-0.31092355,-0.43437126,-1.6344241,-1.9721154,1.0630261,-0.0068436507,5.210581,12.558504,-1.5644652,-1.2441654,-0.9738164,0.48734236,-1.3927578,-1.106685,-3.3082962,-1.2313849,-2.140184,-2.9802053,-2.5915062,-3.1927478,1
7.0,7,-0.31020492,-0.43580434,-1.6334418,-1.9720794,1.0631728,-0.009174453,5.21546,12.557331,-1.5623208,-1.2440774,-0.9726989,0.48660713,-1.393445,-1.1071882,-3.3092618,-1.2332189,-2.1407952,-2.9816735,-2.5916734,-3.1945345,1
7.0,7,-0.31023502,-0.43524373,-1.6334202,-1.9720297,1.0615963,-0.010088937,5.2184734,12.55676,-1.5624636,-1.2446502,-0.9723454,0.48700833,-1.3936129,-1.1075706,-3.3094516,-1.2338014,-2.1405761,-2.982166,-2.5906239,-3.1942368,1
13.0,13,-1.8596442,-1.5640852,-1.0683714,-1.6753753,-2.7670004,2.8342423,-2.1874523,-0.37213144,1.149443,0.8594838,-2.4093835,-0.3506481,0.8354775,12.2430725,-2.870871,-1.0834605,-1.4877049,1.0056996,-3.1838045,-1.5291523,1
13.0,13,-1.8596452,-1.5640656,-1.06837,-1.675353,-2.766998,2.8342497,-2.1874485,-0.372122,1.1494384,0.8594916,-2.4093826,-0.3506602,0.8354464,12.243068,-2.8708744,-1.0834711,-1.4877036,1.0056903,-3.1838076,-1.5291553,1
13.0,13,-1.8596792,-1.5639453,-1.0683411,-1.6753201,-2.7669516,2.8342927,-2.1873844,-0.37211916,1.1494566,0.8595735,-2.4093485,-0.35084802,0.8353269,12.243091,-2.8708858,-1.0835506,-1.487807,1.0056978,-3.1837718,-1.5291976,1
13.0,13,-1.8597194,-1.5638688,-1.0682905,-1.6753623,-2.7669663,2.8342535,-2.1873164,-0.3721361,1.1495315,0.859657,-2.4093335,-0.35101867,0.83533883,12.243123,-2.8708887,-1.0835974,-1.4879384,1.005689,-3.1837142,-1.5292234,1
13.0,13,-1.8596451,-1.5640543,-1.0683709,-1.6753364,-2.7669868,2.834261,-2.1874487,-0.37211713,1.1494292,0.8594942,-2.4093804,-0.35067952,0.8354215,12.243066,-2.8708696,-1.0834689,-1.4877077,1.0056846,-3.18381,-1.5291574,1
13.0,13,-1.8596482,-1.5640619,-1.068369,-1.6753601,-2.7669926,2.8342526,-2.1874444,-0.37212527,1.1494411,0.8594964,-2.4093795,-0.35067707,0.8354481,12.2430725,-2.870873,-1.0834731,-1.4877138,1.0056947,-3.1838033,-1.5291585,1
16.0,16,0.116409026,-1.3017917,-0.26152685,-0.020862164,-1.6222093,0.7036033,-2.1144598,-0.45445016,0.655545,0.11969538,0.0075988155,2.529871,-1.729823,-1.617162,-1.0820489,-2.3399127,11.7376585,0.844274,-3.3267767,-2.3646874,1
16.0,16,0.11638536,-1.301759,-0.2615036,-0.020849915,-1.6221973,0.7036447,-2.1144724,-0.45446196,0.6554519,0.119659126,0.0075592976,2.5299954,-1.7298099,-1.6171294,-1.0820007,-2.3399053,11.737694,0.8442719,-3.326803,-2.3646603,1
16.0,16,0.11629341,-1.3013171,-0.26121452,-0.02054024,-1.6220684,0.7040364,-2.1143804,-0.45478836,0.65425813,0.11922863,0.0070686694,2.5307932,-1.7297535,-1.6167655,-1.0816827,-2.339669,11.73813,0.84444314,-3.3269196,-2.364394,1
16.0,16,0.116298504,-1.3014827,-0.26133355,-0.02068253,-1.6221528,0.70390177,-2.114425,-0.45466444,0.654668,0.119372204,0.007253183,2.5307016,-1.7297485,-1.6168925,-1.081749,-2.3397577,11.7379675,0.84433085,-3.3268864,-2.3644793,1
16.0,16,0.11635693,-1.301747,-0.26150122,-0.020865412,-1.6222075,0.70367175,-2.1144884,-0.45445406,0.65541345,0.11963843,0.007546304,2.5301356,-1.7298,-1.6171116,-1.0819522,-2.3399134,11.7376995,0.8442504,-3.326823,-2.3646421,1
16.0,16,0.116393454,-1.3017763,-0.26150808,-0.02084388,-1.6222011,0.70364547,-2.1144764,-0.45444694,0.6554835,0.1196717,0.0075491276,2.5299675,-1.7298083,-1.617136,-1.0820223,-2.3398988,11.737679,0.8442522,-3.326798,-2.3646698,1
13.0,13,-2.320008,-1.4051687,1.0331655,0.067735836,-2.2917764,1.0432898,-1.9850593,-0.76588476,-0.05721601,0.8014924,-2.062934,-2.5128677,1.7341615,12.54143,-2.0345063,-0.32796443,-2.9598808,0.6322908,-2.814015,-1.5717859,1
13.0,13,-2.3200114,-1.405152,1.0331291,0.06787664,-2.291773,1.043261,-1.9850352,-0.76592255,-0.05729518,0.80145454,-2.06293,-2.5128496,1.7341837,12.541417,-2.0345283,-0.32794958,-2.959851,0.6322895,-2.8140059,-1.5717791,1
13.0,13,-2.3200126,-1.4051859,1.033263,0.06841266,-2.2916648,1.0430739,-1.9849997,-0.76604545,-0.057596274,0.80131394,-2.0630364,-2.5128832,1.7345144,12.541391,-2.0346632,-0.3279719,-2.9597032,0.63229203,-2.8140304,-1.5718598,1
13.0,13,-2.3200252,-1.4051654,1.0332379,0.068614095,-2.291616,1.0430592,-1.9849892,-0.76608694,-0.057701148,0.8012674,-2.0630152,-2.5128686,1.7344704,12.54136,-2.0346756,-0.32797852,-2.9596424,0.6323219,-2.814054,-1.5718554,1
13.0,13,-2.3200147,-1.4051387,1.0330998,0.0679163,-2.2917962,1.0432452,-1.985018,-0.76593435,-0.057311155,0.80143917,-2.062927,-2.5128298,1.7341921,12.541423,-2.0345335,-0.32793128,-2.959856,0.63227654,-2.8139932,-1.5717677,1
13.0,13,-2.3200152,-1.4051524,1.0331398,0.0678749,-2.291764,1.043267,-1.9850423,-0.7659168,-0.057288907,0.8014582,-2.0629253,-2.5128546,1.7341624,12.541416,-2.0345201,-0.32795644,-2.959849,0.63229495,-2.8140156,-1.5717796,1
11.0,18,-0.83577067,-0.46921366,-1.5239894,-1.158671,-2.7331645,-1.8457133,3.9703717,-0.95152736,-1.838684,-1.0013301,6.085671,-1.5262661,-1.049269,-2.77142,-2.1120696,-1.0569423,-0.9782118,-0.14681098,10.023714,1.055816,0
11.0,18,-0.8358154,-0.46855646,-1.5239565,-1.1585245,-2.7331436,-1.8462315,3.9726033,-0.9518076,-1.8388485,-1.0018706,6.0846424,-1.5264113,-1.0498018,-2.7712233,-2.1122718,-1.0570601,-0.97762674,-0.14708218,10.023764,1.0568408,0
11.0,18,-0.8364527,-0.46441525,-1.522143,-1.1574252,-2.7337873,-1.8509591,3.9848208,-0.95564044,-1.8395483,-1.0062109,6.0767045,-1.526571,-1.0509442,-2.7698045,-2.1132045,-1.0579084,-0.971757,-0.14867106,10.025424,1.0680473,0
11.0,18,-0.83636427,-0.4648029,-1.5226233,-1.1579003,-2.7337286,-1.8497818,3.9841578,-0.9525668,-1.8398166,-1.0049422,6.07841,-1.5271857,-1.0513973,-2.7699986,-2.1137438,-1.0580735,-0.9738112,-0.14813712,10.02389,1.0613923,0
11.0,18,-0.8360113,-0.46767837,-1.5236114,-1.1585147,-2.7330637,-1.8459301,3.973507,-0.95271176,-1.8388796,-1.0021175,6.08299,-1.5264978,-1.050218,-2.7706661,-2.1122699,-1.0568037,-0.97736293,-0.1473585,10.024711,1.0575998,0
11.0,18,-0.8358463,-0.46872503,-1.5238929,-1.1585491,-2.7329555,-1.845385,3.9703524,-0.9531392,-1.8385091,-1.001567,6.0845313,-1.5261763,-1.0495487,-2.771092,-2.1117654,-1.0565748,-0.97782034,-0.14707854,10.024881,1.057777,0
16.0,16,-0.5758915,-1.6179004,0.1854237,3.2595797,-0.26766765,0.61694044,-2.2107472,-2.0607102,-3.0618486,-0.69702494,-0.077372454,2.258128,0.6806678,-2.1824188,-2.2185345,-0.81708425,11.838473,1.8696812,-2.1909952,-1.2202863,1
16.0,16,-0.57588786,-1.6179141,0.18544005,3.2595751,-0.2676565,0.6168864,-2.210731,-2.0607145,-3.0618405,-0.6970047,-0.07731959,2.258068,0.68067825,-2.1824386,-2.2185488,-0.8170897,11.838474,1.8696916,-2.1910038,-1.2203007,1
16.0,16,-0.57589513,-1.6179265,0.18536513,3.2596421,-0.26756138,0.61702734,-2.2107508,-2.0607328,-3.0618768,-0.6970631,-0.077235684,2.2581966,0.68053323,-2.182494,-2.2185102,-0.8171144,11.838487,1.8697134,-2.191089,-1.2203015,1
16.0,16,-0.5759255,-1.6179427,0.18557522,3.2597773,-0.26757765,0.6168578,-2.2107224,-2.0606837,-3.0617964,-0.6969639,-0.07743176,2.2577922,0.6807601,-2.1824348,-2.2185864,-0.8171092,11.838434,1.8697215,-2.1911612,-1.2202582,1
16.0,16,-0.5758856,-1.6179171,0.18543687,3.2595584,-0.26766062,0.616869,-2.2107232,-2.060719,-3.0618453,-0.69700116,-0.077287145,2.2580698,0.68067586,-2.1824455,-2.2185535,-0.8170893,11.838475,1.8696934,-2.1909862,-1.2203193,1
16.0,16,-0.57590055,-1.617892,0.18542643,3.2596228,-0.26765966,0.6169964,-2.2107637,-2.0607028,-3.0618482,-0.6970403,-0.07744006,2.2581444,0.6806612,-2.1823986,-2.2185254,-0.81708586,11.838475,1.8696779,-2.191021,-1.2202662,1
9.0,9,-1.753769,-2.1014254,1.2099687,0.041873418,-4.6059923,-2.9810653,-2.890489,-0.5316106,0.22730905,11.852594,-0.19358118,-0.7277084,1.7072194,1.213356,0.49247956,-0.11126375,1.0071363,-1.2622668,-0.8539037,-0.648853,1
9.0,9,-1.7537532,-2.1013105,1.2098848,0.041923743,-4.605967,-2.9809797,-2.8904698,-0.5314486,0.2271637,11.852639,-0.19363353,-0.727802,1.7071792,1.213428,0.49220824,-0.111302525,1.007111,-1.26219,-0.8537927,-0.6488098,1
9.0,9,-1.7525464,-2.1006503,1.2095305,0.042671707,-4.6064897,-2.9812362,-2.8895977,-0.53136075,0.22197804,11.8516,-0.19242558,-0.7269541,1.7089489,1.2127844,0.4911585,-0.10935574,1.0075674,-1.2614576,-0.85251814,-0.64947313,1
9.0,9,-1.752598,-2.0991204,1.2096769,0.043578386,-4.606028,-2.981282,-2.8891017,-0.53162086,0.2180832,11.850618,-0.19161302,-0.7270837,1.7083375,1.2124829,0.49301565,-0.108020075,1.0077809,-1.2611779,-0.85148937,-0.65022683,1
9.0,9,-1.7538593,-2.1012115,1.2099954,0.041920852,-4.605832,-2.980992,-2.8904672,-0.53144366,0.2272467,11.852666,-0.19370393,-0.727945,1.706977,1.2134753,0.49229026,-0.11141075,1.0070795,-1.2621317,-0.853722,-0.64881974,1
9.0,9,-1.7539142,-2.1013262,1.2100577,0.04182976,-4.6058183,-2.9810243,-2.8905203,-0.5315154,0.22762886,11.852717,-0.19376747,-0.7279411,1.7069385,1.213484,0.49237996,-0.11152574,1.0070686,-1.2621752,-0.8538335,-0.6487885,1
5.0,5,-1.6942799,-1.8573141,-1.5006961,-0.9242762,2.083815,13.045454,-1.8361791,0.3064755,-0.6461104,-1.2917999,-1.2294644,0.5259648,-3.0808735,0.712395,-1.0284365,-1.1421509,0.69742787,1.4406402,-0.6986737,-2.384596,1
5.0,5,-1.6942697,-1.85732,-1.500702,-0.92426634,2.0837986,13.045445,-1.8361672,0.30647162,-0.6461393,-1.2918143,-1.229454,0.5259717,-3.0808642,0.7123988,-1.0284568,-1.1421378,0.6974344,1.4406377,-0.6986497,-2.3845935,1
5.0,5,-1.6942453,-1.8573655,-1.5007521,-0.9242139,2.0835261,13.045405,-1.8361378,0.30649257,-0.64625496,-1.2918531,-1.2293812,0.5260991,-3.0807796,0.7125491,-1.0285354,-1.1420759,0.69745916,1.4405546,-0.6985802,-2.3845184,1
5.0,5,-1.6942508,-1.8573785,-1.5007905,-0.9241955,2.0833018,13.045371,-1.8361526,0.30651125,-0.6462648,-1.2918319,-1.229338,0.52620095,-3.080736,0.71271056,-1.0285585,-1.1421068,0.69748515,1.4405229,-0.6986162,-2.384449,1
5.0,5,-1.6942725,-1.8573211,-1.5007039,-0.924265,2.0837624,13.045438,-1.8361714,0.30647105,-0.64613384,-1.2918059,-1.2294475,0.5259856,-3.0808582,0.71242714,-1.02846,-1.1421485,0.69744134,1.4406317,-0.6986572,-2.3845832,1
5.0,5,-1.6942996,-1.8573217,-1.5007066,-0.92427766,2.08367,13.045432,-1.836206,0.3064889,-0.64607835,-1.2917639,-1.2294464,0.52602375,-3.080852,0.71250033,-1.0284221,-1.1421773,0.697437,1.4406091,-0.6987242,-2.384551,1
1.0,1,-0.87336826,9.810962,-0.29391393,-0.4548606,-3.811766,-2.7649608,-1.5739343,0.06613891,-0.8919719,4.021564,-2.545547,-2.7539546,0.3558634,1.8025322,1.17755,-0.9315834,-0.14273845,-0.15053916,-1.8161685,1.8060311,1
1.0,1,-0.87370276,9.81189,-0.29415825,-0.45422184,-3.8114522,-2.764438,-1.5740969,0.065656304,-0.89221644,4.020314,-2.5448985,-2.7536016,0.35451132,1.8026261,1.1784056,-0.931626,-0.14275303,-0.15056881,-1.8160137,1.8060839,1
1.0,1,-0.8760176,9.817857,-0.29585972,-0.4501365,-3.8093808,-2.7609267,-1.5752943,0.06256056,-0.89392376,4.0122786,-2.5404637,-2.7510993,0.34554076,1.8030455,1.1843165,-0.9319203,-0.14268132,-0.15055451,-1.8150977,1.8064612,1
1.0,1,-0.8765375,9.819998,-0.29639092,-0.44876668,-3.8086908,-2.7598062,-1.5755706,0.061443407,-0.894519,4.009459,-2.5391505,-2.7504454,0.3427848,1.8032159,1.1860799,-0.93206394,-0.14268245,-0.15058514,-1.8147389,1.8063366,1
1.0,1,-0.8740399,9.811977,-0.2942694,-0.45399612,-3.8113568,-2.7642648,-1.5742714,0.065528736,-0.89221334,4.02011,-2.5446258,-2.753365,0.3539601,1.8026503,1.1788157,-0.9315679,-0.1427464,-0.15060276,-1.8159784,1.8064132,1
1.0,1,-0.8738897,9.811799,-0.2941938,-0.45407662,-3.811419,-2.764444,-1.574189,0.065525666,-0.8920769,4.02034,-2.5449362,-2.753569,0.35441184,1.8027352,1.178473,-0.9315295,-0.14280863,-0.15072879,-1.8159316,1.8064123,1
13.0,13,-1.7510132,-1.314465,-1.2843975,-1.4437228,-2.3259265,2.5404959,-2.0522876,-0.5070563,0.88923895,1.0814985,-2.1587224,-1.4397262,0.75289,12.412726,-2.6072307,-0.8832568,-2.0312462,0.87699324,-3.119388,-1.4696101,1
13.0,13,-1.751007,-1.3144424,-1.284407,-1.443716,-2.3259394,2.5404837,-2.052278,-0.5070488,0.88924986,1.0815217,-2.158713,-1.4397494,0.7528803,12.412728,-2.6072378,-0.88327557,-2.031263,0.87698245,-3.119381,-1.469613,1
13.0,13,-1.7509848,-1.3143228,-1.2843862,-1.4438329,-2.3261485,2.5402246,-2.0521162,-0.5070543,0.88937145,1.0817368,-2.1586745,-1.4398732,0.7532293,12.412857,-2.6073914,-0.88350946,-2.031482,0.877017,-3.1192756,-1.4697196,1
13.0,13,-1.7509643,-1.3142097,-1.2843549,-1.4439725,-2.326373,2.5399404,-2.0519583,-0.5070633,0.88951164,1.0819509,-2.1586444,-1.4400271,0.7535973,12.41299,-2.607521,-0.8837031,-2.0317185,0.8770287,-3.119163,-1.4698114,1
13.0,13,-1.7510049,-1.3144293,-1.284422,-1.4436959,-2.3259215,2.5405083,-2.0522778,-0.507044,0.889242,1.0815266,-2.1587026,-1.4397634,0.75284225,12.41272,-2.6072373,-0.88328356,-2.0312665,0.8769797,-3.1193812,-1.4696126,1
13.0,13,-1.7510068,-1.3144424,-1.2844024,-1.4437268,-2.325948,2.5404708,-2.0522704,-0.5070517,0.88925385,1.081528,-2.1587136,-1.4397529,0.752908,12.412735,-2.607245,-0.88328487,-2.0312717,0.8769886,-3.119376,-1.4696195,1
