true_label,predicted_label,prob_class_0,prob_class_1,prob_class_2,prob_class_3,prob_class_4,prob_class_5,prob_class_6,correct
6.0,6,10.407112,-21.507452,-6.840191,-17.404072,6.369708,-13.8217945,41.628746,1
6.0,6,10.407112,-21.507452,-6.840191,-17.404072,6.369708,-13.8217945,41.628746,1
6.0,6,10.407112,-21.507452,-6.840191,-17.404072,6.369708,-13.8217945,41.628746,1
6.0,6,10.407112,-21.507452,-6.840191,-17.404072,6.369708,-13.8217945,41.628746,1
6.0,6,10.407112,-21.507452,-6.840191,-17.404072,6.369708,-13.8217945,41.628746,1
6.0,6,10.407112,-21.507452,-6.840191,-17.404072,6.369708,-13.8217945,41.628746,1
6.0,6,10.1922245,-21.156427,-6.6064043,-17.414127,6.669843,-14.003516,41.509743,1
6.0,6,10.192225,-21.156433,-6.6064053,-17.414124,6.66984,-14.003513,41.509743,1
6.0,6,10.192224,-21.156431,-6.6064043,-17.414127,6.6698422,-14.003515,41.509743,1
6.0,6,10.192225,-21.156433,-6.6064053,-17.414124,6.6698384,-14.003513,41.509743,1
6.0,6,10.192225,-21.156433,-6.6064043,-17.414125,6.669838,-14.003513,41.509743,1
6.0,6,10.192225,-21.156433,-6.606406,-17.414124,6.66984,-14.003513,41.509743,1
2.0,2,-7.128333,8.068081,30.277596,-17.892982,0.075829625,2.218165,-6.376254,1
2.0,2,-7.128333,8.068081,30.277596,-17.892982,0.075829625,2.218165,-6.376254,1
2.0,2,-7.128333,8.068081,30.277596,-17.892982,0.075829625,2.218165,-6.376254,1
2.0,2,-7.128333,8.068081,30.277596,-17.892982,0.075829625,2.218165,-6.376254,1
2.0,2,-7.128333,8.068081,30.277596,-17.892982,0.075829625,2.218165,-6.376254,1
2.0,2,-7.128333,8.068081,30.277596,-17.892982,0.075829625,2.218165,-6.376254,1
0.0,0,11.598281,-5.9477654,-12.554426,-9.586443,-7.182164,4.1680107,0.7377262,1
0.0,0,11.598244,-5.9476404,-12.554715,-9.586687,-7.181881,4.1677322,0.7381618,1
0.0,0,11.5980835,-5.9479,-12.553368,-9.587001,-7.1829014,4.168772,0.73744583,1
0.0,0,11.598193,-5.947919,-12.553679,-9.586777,-7.182699,4.168553,0.7375071,1
0.0,0,11.598401,-5.9481845,-12.553833,-9.586256,-7.182679,4.1684465,0.7372711,1
0.0,0,11.598403,-5.9483576,-12.553648,-9.586165,-7.182808,4.1685514,0.73726296,1
3.0,3,1.58484,-7.4214053,-14.38785,48.327587,-1.7861136,-0.6293596,-13.316545,1
3.0,3,1.5848329,-7.4214034,-14.387846,48.32761,-1.7861,-0.6293639,-13.31655,1
3.0,3,1.5848389,-7.421392,-14.387858,48.327595,-1.7861031,-0.6293584,-13.316563,1
3.0,3,1.5848391,-7.421407,-14.387851,48.327587,-1.7861193,-0.6293541,-13.31654,1
3.0,3,1.5848422,-7.4213834,-14.387869,48.327587,-1.786105,-0.6293577,-13.316575,1
3.0,3,1.584846,-7.421415,-14.387848,48.32756,-1.7861317,-0.62935007,-13.316526,1
4.0,4,-1.2991941,13.787455,-0.24046853,-3.6495986,25.248602,-18.493954,-2.9214458,1
4.0,4,-1.2991941,13.787455,-0.24046853,-3.6495986,25.248602,-18.493954,-2.9214458,1
4.0,4,-1.2991941,13.787455,-0.24046853,-3.6495986,25.248602,-18.493954,-2.9214458,1
4.0,4,-1.2991941,13.787455,-0.24046853,-3.6495986,25.248602,-18.493954,-2.9214458,1
4.0,4,-1.2991941,13.787455,-0.24046853,-3.6495986,25.248602,-18.493954,-2.9214458,1
4.0,4,-1.2991941,13.787455,-0.24046853,-3.6495986,25.248602,-18.493954,-2.9214458,1
5.0,5,8.258843,-4.9842257,-6.9179726,-9.223897,-14.3159485,10.744744,-1.521825,1
5.0,5,8.258843,-4.9842257,-6.9179726,-9.223897,-14.3159485,10.744744,-1.521825,1
5.0,5,8.258843,-4.9842257,-6.9179726,-9.223897,-14.3159485,10.744744,-1.521825,1
5.0,5,8.258843,-4.9842257,-6.9179726,-9.223897,-14.3159485,10.744744,-1.521825,1
5.0,5,8.258843,-4.9842257,-6.9179726,-9.223897,-14.3159485,10.744744,-1.521825,1
5.0,5,8.258843,-4.9842257,-6.9179726,-9.223897,-14.3159485,10.744744,-1.521825,1
0.0,0,10.264359,-4.862374,-10.64885,-11.418716,-7.2466,4.4447694,1.6537728,1
0.0,0,10.264251,-4.8622355,-10.648569,-11.418762,-7.24687,4.4450583,1.6535034,1
0.0,0,10.263884,-4.862156,-10.647962,-11.418984,-7.2467318,4.4450073,1.653836,1
0.0,0,10.263906,-4.862087,-10.648157,-11.419038,-7.246579,4.4448485,1.6539984,1
0.0,0,10.263915,-4.8620396,-10.648117,-11.419236,-7.2466354,4.444903,1.654011,1
0.0,0,10.263767,-4.8621416,-10.647798,-11.419031,-7.2468214,4.4451127,1.6539042,1
6.0,6,10.281091,-21.322206,-6.6839156,-17.464478,6.593628,-13.967589,41.649323,1
6.0,6,10.281091,-21.322206,-6.6839156,-17.464478,6.593628,-13.967589,41.649323,1
6.0,6,10.281091,-21.322206,-6.6839156,-17.464478,6.593628,-13.967589,41.649323,1
6.0,6,10.281091,-21.322206,-6.6839156,-17.464478,6.593628,-13.967589,41.649323,1
6.0,6,10.281091,-21.322206,-6.6839156,-17.464478,6.593628,-13.967589,41.649323,1
6.0,6,10.281091,-21.322206,-6.6839156,-17.464478,6.593628,-13.967589,41.649323,1
6.0,6,10.1724,-20.9248,-6.579638,-17.703865,6.8442698,-14.153549,41.531178,1
6.0,6,10.1724,-20.9248,-6.579638,-17.703865,6.8442698,-14.153549,41.531178,1
6.0,6,10.1724,-20.9248,-6.579638,-17.703865,6.8442698,-14.153549,41.531185,1
6.0,6,10.1724,-20.9248,-6.579638,-17.703865,6.8442698,-14.153549,41.531185,1
6.0,6,10.1724,-20.9248,-6.579638,-17.703865,6.8442698,-14.153549,41.531178,1
6.0,6,10.172401,-20.9248,-6.5796375,-17.703861,6.8442683,-14.153548,41.53118,1
4.0,4,-1.4952691,14.233286,-0.3384756,-4.8002987,25.504034,-18.708025,-2.3295135,1
4.0,4,-1.4951584,14.232981,-0.33844462,-4.800461,25.50405,-18.708065,-2.3291292,1
4.0,4,-1.4950912,14.232979,-0.33844665,-4.800835,25.503815,-18.707937,-2.3290477,1
4.0,4,-1.4951386,14.232929,-0.33839288,-4.8005753,25.503992,-18.708025,-2.3290532,1
4.0,4,-1.4950874,14.232914,-0.33838668,-4.800906,25.503782,-18.707907,-2.328958,1
4.0,4,-1.4950681,14.232948,-0.33839336,-4.800971,25.503807,-18.70794,-2.3289669,1
5.0,5,8.683196,-4.2383943,-5.3239093,-6.41589,-27.033587,22.482836,-12.344116,1
5.0,5,8.683197,-4.238396,-5.3239093,-6.4158897,-27.033585,22.482836,-12.344116,1
5.0,5,8.683197,-4.238396,-5.3239093,-6.4158897,-27.033585,22.482836,-12.344116,1
5.0,5,8.683112,-4.238301,-5.323815,-6.415819,-27.033628,22.48284,-12.344205,1
5.0,5,8.683199,-4.238398,-5.323911,-6.4158936,-27.033585,22.482836,-12.344113,1
5.0,5,8.683199,-4.238398,-5.323911,-6.4158936,-27.033585,22.482836,-12.344113,1
0.0,0,11.437523,-5.9144387,-12.525792,-8.819519,-6.9017925,4.024165,0.6203737,1
0.0,0,11.437523,-5.9144382,-12.525794,-8.819525,-6.9017887,4.0241623,0.62037754,1
0.0,0,11.43754,-5.9144616,-12.525827,-8.819502,-6.9017725,4.0241356,0.62040925,1
0.0,0,11.437523,-5.9144382,-12.525794,-8.819525,-6.9017887,4.0241623,0.62037754,1
0.0,0,11.437529,-5.914439,-12.525801,-8.8195095,-6.901781,4.0241547,0.62036705,1
0.0,0,11.437523,-5.9144382,-12.525794,-8.819525,-6.9017887,4.0241623,0.62037754,1
3.0,3,1.8193073,-7.011868,-14.25372,46.997765,-1.9284877,-0.29454744,-13.769438,1
3.0,3,1.8193073,-7.011868,-14.25372,46.997765,-1.9284877,-0.29454744,-13.769438,1
3.0,3,1.8193073,-7.011868,-14.25372,46.997765,-1.9284877,-0.29454744,-13.769438,1
3.0,3,1.8193073,-7.011868,-14.25372,46.997765,-1.9284877,-0.29454744,-13.769438,1
3.0,3,1.8193073,-7.011868,-14.25372,46.997765,-1.9284877,-0.29454744,-13.769438,1
3.0,3,1.8193073,-7.011868,-14.25372,46.997765,-1.9284877,-0.29454744,-13.769438,1
6.0,6,10.432804,-21.541021,-6.8544803,-17.460384,6.320671,-13.801721,41.66321,1
6.0,6,10.432804,-21.541021,-6.8544803,-17.460384,6.320671,-13.801721,41.66321,1
6.0,6,10.432804,-21.541021,-6.8544803,-17.460384,6.320671,-13.801721,41.66321,1
6.0,6,10.432804,-21.541021,-6.8544803,-17.460384,6.320671,-13.801721,41.66321,1
6.0,6,10.432804,-21.541021,-6.8544803,-17.460384,6.320671,-13.801721,41.66321,1
6.0,6,10.432804,-21.541021,-6.8544803,-17.460384,6.320671,-13.801721,41.66321,1
2.0,2,-7.4828396,8.18557,31.232252,-17.919369,0.9517487,1.596481,-6.088855,1
2.0,2,-7.4828396,8.18557,31.232252,-17.919369,0.9517487,1.596481,-6.088855,1
2.0,2,-7.4828396,8.18557,31.232252,-17.919369,0.9517487,1.596481,-6.088855,1
2.0,2,-7.4828396,8.18557,31.232252,-17.919369,0.9517487,1.596481,-6.088855,1
2.0,2,-7.4828396,8.18557,31.232252,-17.919369,0.9517487,1.596481,-6.088855,1
2.0,2,-7.4828396,8.18557,31.232252,-17.919369,0.9517487,1.596481,-6.088855,1
1.0,1,-1.5095642,14.572315,1.3856964,-8.350624,4.7668104,-3.2359004,-9.741867,1
1.0,1,-1.5095642,14.572315,1.3856964,-8.350624,4.7668104,-3.2359004,-9.741867,1
1.0,1,-1.5095642,14.572315,1.3856964,-8.350624,4.7668104,-3.2359004,-9.741867,1
1.0,1,-1.5095642,14.572315,1.3856964,-8.350624,4.7668104,-3.2359004,-9.741867,1
1.0,1,-1.5095642,14.572315,1.3856964,-8.350624,4.7668104,-3.2359004,-9.741867,1
1.0,1,-1.5095642,14.572315,1.3856964,-8.350624,4.7668104,-3.2359004,-9.741867,1
2.0,2,-7.3798323,8.571999,30.64014,-18.128672,0.49294198,1.8603746,-6.2209673,1
2.0,2,-7.3798323,8.571999,30.64014,-18.128672,0.49294198,1.8603746,-6.2209673,1
2.0,2,-7.3798323,8.571999,30.64014,-18.128672,0.49294198,1.8603746,-6.2209673,1
2.0,2,-7.3798323,8.571999,30.64014,-18.128672,0.49294198,1.8603746,-6.2209673,1
2.0,2,-7.3798323,8.571999,30.64014,-18.128672,0.49294198,1.8603746,-6.2209673,1
2.0,2,-7.3798323,8.571999,30.64014,-18.128672,0.49294198,1.8603746,-6.2209673,1
0.0,0,11.025014,-5.8167396,-11.919817,-9.302323,-7.157322,4.2340765,1.0601046,1
0.0,0,11.025014,-5.8167396,-11.919817,-9.302323,-7.157322,4.2340765,1.0601046,1
0.0,0,11.025014,-5.8167396,-11.919817,-9.302323,-7.157322,4.2340765,1.0601046,1
0.0,0,11.025014,-5.8167396,-11.919817,-9.302323,-7.157322,4.2340765,1.0601046,1
0.0,0,11.025014,-5.8167396,-11.919817,-9.302323,-7.157322,4.2340765,1.0601046,1
0.0,0,11.025014,-5.8167396,-11.919817,-9.302323,-7.157322,4.2340765,1.0601046,1
0.0,0,11.304462,-5.7700434,-12.028906,-10.215691,-7.887348,4.8790927,0.7820523,1
0.0,0,11.304468,-5.770026,-12.028933,-10.215688,-7.8873653,4.8791113,0.78203225,1
0.0,0,11.304456,-5.7700315,-12.028903,-10.215703,-7.8873854,4.879132,0.78204036,1
0.0,0,11.3044,-5.770042,-12.028725,-10.215767,-7.8874893,4.879246,0.7819998,1
0.0,0,11.304454,-5.770089,-12.028875,-10.215656,-7.8873386,4.8790803,0.78209233,1
0.0,0,11.304438,-5.7700334,-12.028859,-10.215734,-7.887355,4.8791037,0.78207684,1
5.0,5,8.356963,-3.70223,-4.942396,-6.4431677,-28.17329,23.886417,-13.606303,1
5.0,5,8.356963,-3.70223,-4.942396,-6.4431677,-28.17329,23.886417,-13.606303,1
5.0,5,8.356963,-3.70223,-4.942396,-6.4431677,-28.17329,23.886417,-13.606303,1
5.0,5,8.356963,-3.70223,-4.942396,-6.4431677,-28.17329,23.886417,-13.606303,1
5.0,5,8.356963,-3.70223,-4.942396,-6.4431677,-28.17329,23.886417,-13.606303,1
5.0,5,8.356963,-3.70223,-4.942396,-6.4431677,-28.17329,23.886417,-13.606303,1
0.0,0,11.531069,-6.2958913,-12.56719,-8.375549,-6.9583206,3.9850159,0.8305454,1
0.0,0,11.531069,-6.2958913,-12.56719,-8.375549,-6.9583206,3.9850159,0.8305454,1
0.0,0,11.531069,-6.2958913,-12.56719,-8.375549,-6.9583206,3.9850159,0.8305454,1
0.0,0,11.531069,-6.2958913,-12.56719,-8.375549,-6.9583206,3.9850159,0.8305454,1
0.0,0,11.531069,-6.2958913,-12.56719,-8.375549,-6.9583206,3.9850159,0.8305454,1
0.0,0,11.531069,-6.2958913,-12.56719,-8.375549,-6.9583206,3.9850159,0.8305454,1
1.0,1,-1.6150451,15.008471,1.1263949,-7.7215915,5.9935136,-4.538252,-9.723235,1
1.0,1,-1.6150451,15.008471,1.1263949,-7.7215915,5.9935136,-4.538252,-9.723235,1
1.0,1,-1.6150451,15.008471,1.1263949,-7.7215915,5.9935136,-4.538252,-9.723235,1
1.0,1,-1.6150451,15.008471,1.1263949,-7.7215915,5.9935136,-4.538252,-9.723235,1
1.0,1,-1.6150451,15.008471,1.1263949,-7.7215915,5.9935136,-4.538252,-9.723235,1
1.0,1,-1.6150451,15.008471,1.1263949,-7.7215915,5.9935136,-4.538252,-9.723235,1
6.0,6,9.857924,-20.721178,-6.4968824,-17.152235,7.261525,-14.335024,41.426365,1
6.0,6,9.857924,-20.721178,-6.4968824,-17.152235,7.261525,-14.335024,41.426365,1
6.0,6,9.857924,-20.721178,-6.4968824,-17.152235,7.261525,-14.335024,41.426365,1
6.0,6,9.857924,-20.721178,-6.4968824,-17.152235,7.261525,-14.335024,41.426365,1
6.0,6,9.857924,-20.721178,-6.4968824,-17.152235,7.261525,-14.335024,41.426365,1
6.0,6,9.857924,-20.721178,-6.4968824,-17.152235,7.261525,-14.335024,41.426365,1
3.0,3,1.5971434,-7.4538198,-14.3648,48.28239,-1.818849,-0.6235198,-13.267809,1
3.0,3,1.5971491,-7.453834,-14.364819,48.282364,-1.8188893,-0.62349284,-13.267787,1
3.0,3,1.5971432,-7.453833,-14.364819,48.282375,-1.8188823,-0.6234938,-13.267789,1
3.0,3,1.5971425,-7.4538236,-14.364813,48.282387,-1.8188642,-0.6235038,-13.267806,1
3.0,3,1.5971427,-7.4538283,-14.364794,48.28239,-1.8188528,-0.6235205,-13.267797,1
3.0,3,1.5971377,-7.453818,-14.364811,48.282402,-1.8188595,-0.6235093,-13.267815,1
4.0,4,-1.5548651,14.028948,-0.40899423,-3.2961764,26.362038,-19.29994,-2.55796,1
4.0,4,-1.5548816,14.0289345,-0.40895894,-3.2961433,26.36208,-19.299967,-2.55795,1
4.0,4,-1.5548835,14.028955,-0.40896848,-3.296138,26.362041,-19.299957,-2.55797,1
4.0,4,-1.5548909,14.028938,-0.40886894,-3.296225,26.362041,-19.299923,-2.5579677,1
4.0,4,-1.5548811,14.028936,-0.40895894,-3.2961433,26.362082,-19.299967,-2.5579503,1
4.0,4,-1.5548816,14.0289345,-0.40895894,-3.2961433,26.36208,-19.299967,-2.55795,1
2.0,2,-8.065526,10.00211,28.566668,-16.78963,-0.5010978,3.0773816,-7.5995865,1
2.0,2,-8.065526,10.00211,28.566668,-16.78963,-0.5010978,3.0773816,-7.5995865,1
2.0,2,-8.065526,10.00211,28.566668,-16.78963,-0.5010978,3.0773816,-7.5995865,1
2.0,2,-8.065526,10.00211,28.566668,-16.78963,-0.5010978,3.0773816,-7.5995865,1
2.0,2,-8.065526,10.00211,28.566668,-16.78963,-0.5010978,3.0773816,-7.5995865,1
2.0,2,-8.065526,10.00211,28.566668,-16.78963,-0.5010978,3.0773816,-7.5995865,1
2.0,2,-7.01581,8.825499,29.283253,-17.042923,-0.43846118,2.8512478,-7.8914423,1
2.0,2,-7.01581,8.825499,29.283253,-17.042923,-0.43846118,2.8512478,-7.8914423,1
2.0,2,-7.01581,8.825499,29.283253,-17.042923,-0.43846118,2.8512478,-7.8914423,1
2.0,2,-7.01581,8.825499,29.283253,-17.042923,-0.43846118,2.8512478,-7.8914423,1
2.0,2,-7.01581,8.825499,29.283253,-17.042923,-0.43846118,2.8512478,-7.8914423,1
2.0,2,-7.01581,8.825499,29.283253,-17.042923,-0.43846118,2.8512478,-7.8914423,1
1.0,1,-1.5446532,12.840441,2.0368242,-6.9633536,5.14838,-3.991232,-7.7192326,1
1.0,1,-1.5446532,12.840441,2.0368242,-6.9633536,5.14838,-3.991232,-7.7192326,1
1.0,1,-1.5446532,12.840441,2.0368242,-6.9633536,5.14838,-3.991232,-7.7192326,1
1.0,1,-1.5446532,12.840441,2.0368242,-6.9633536,5.14838,-3.991232,-7.7192326,1
1.0,1,-1.5446532,12.840441,2.0368242,-6.9633536,5.14838,-3.991232,-7.7192326,1
1.0,1,-1.5446532,12.840441,2.0368242,-6.9633536,5.14838,-3.991232,-7.7192326,1
0.0,0,10.038109,-2.568221,-10.724675,-7.3436966,-8.906134,6.13765,-4.1496,1
0.0,0,10.038109,-2.568221,-10.724675,-7.3436966,-8.906134,6.13765,-4.1496,1
0.0,0,10.038109,-2.568221,-10.724675,-7.3436966,-8.906134,6.13765,-4.1496,1
0.0,0,10.038109,-2.568221,-10.724675,-7.3436966,-8.906134,6.13765,-4.1496,1
0.0,0,10.038109,-2.568221,-10.724675,-7.3436966,-8.906134,6.13765,-4.1496,1
0.0,0,10.038109,-2.568221,-10.724675,-7.3436966,-8.906134,6.13765,-4.1496,1
5.0,5,8.672943,-4.4142766,-5.051436,-6.456691,-27.626139,23.103937,-12.349068,1
5.0,5,8.672943,-4.4142766,-5.051436,-6.456691,-27.626139,23.103937,-12.349068,1
5.0,5,8.672943,-4.4142766,-5.051436,-6.456691,-27.626139,23.103937,-12.349068,1
5.0,5,8.672943,-4.4142766,-5.051436,-6.456691,-27.626139,23.103937,-12.349068,1
5.0,5,8.672943,-4.4142766,-5.051436,-6.456691,-27.626139,23.103937,-12.349068,1
5.0,5,8.672943,-4.4142766,-5.051436,-6.456691,-27.626139,23.103937,-12.349068,1
1.0,1,-1.6916173,14.724567,1.3793925,-8.0117235,5.235248,-3.7634296,-9.575854,1
1.0,1,-1.6916173,14.724567,1.3793925,-8.0117235,5.235248,-3.7634296,-9.575854,1
1.0,1,-1.6916173,14.724567,1.3793925,-8.0117235,5.235248,-3.7634296,-9.575854,1
1.0,1,-1.6916173,14.724567,1.3793925,-8.0117235,5.235248,-3.7634296,-9.575854,1
1.0,1,-1.6916173,14.724567,1.3793925,-8.0117235,5.235248,-3.7634296,-9.575854,1
1.0,1,-1.6916173,14.724567,1.3793925,-8.0117235,5.235248,-3.7634296,-9.575854,1
3.0,3,1.5879848,-7.428206,-14.379829,48.32655,-1.7944168,-0.6262375,-13.311775,1
3.0,3,1.5879848,-7.4282107,-14.379824,48.326546,-1.7944158,-0.6262399,-13.311771,1
3.0,3,1.5879846,-7.4282002,-14.379831,48.32655,-1.7944144,-0.626238,-13.311785,1
3.0,3,1.5879846,-7.428209,-14.379827,48.326546,-1.7944168,-0.626238,-13.311771,1
3.0,3,1.5879834,-7.4282002,-14.379831,48.326553,-1.7944142,-0.6262394,-13.311785,1
3.0,3,1.5879843,-7.428202,-14.37983,48.326553,-1.7944158,-0.6262375,-13.311781,1
5.0,5,8.788296,-4.210953,-6.006203,-6.1879783,-26.70445,22.142382,-12.113705,1
5.0,5,8.7882805,-4.2109365,-6.0061793,-6.1879697,-26.704458,22.14238,-12.113716,1
5.0,5,8.788276,-4.2109385,-6.006191,-6.1879396,-26.704458,22.142374,-12.113716,1
5.0,5,8.788301,-4.210961,-6.0062113,-6.18797,-26.704433,22.142359,-12.113689,1
5.0,5,8.788315,-4.210979,-6.0062237,-6.187978,-26.704449,22.14239,-12.1136875,1
5.0,5,8.788318,-4.2109838,-6.006238,-6.187945,-26.70444,22.142366,-12.113684,1
2.0,2,-7.373662,8.574745,30.620384,-18.125954,0.46122944,1.8845662,-6.239147,1
2.0,2,-7.373664,8.574737,30.620403,-18.125957,0.4612502,1.8845519,-6.239132,1
2.0,2,-7.373657,8.574764,30.620314,-18.12593,0.46111953,1.8846587,-6.2392006,1
2.0,2,-7.373658,8.574762,30.620325,-18.12593,0.46112978,1.8846496,-6.239196,1
2.0,2,-7.373661,8.574745,30.620384,-18.12595,0.46122944,1.8845657,-6.239147,1
2.0,2,-7.3736887,8.57476,30.620438,-18.125916,0.46125162,1.8845645,-6.239168,1
3.0,3,1.5873816,-7.44657,-14.366721,48.303482,-1.8125807,-0.62119424,-13.279648,1
3.0,3,1.587395,-7.4465766,-14.366733,48.30345,-1.8126205,-0.6211735,-13.279636,1
3.0,3,1.5873725,-7.446588,-14.366663,48.303505,-1.812548,-0.62122357,-13.279629,1
3.0,3,1.5874076,-7.4465775,-14.366749,48.303417,-1.8126518,-0.6211647,-13.279625,1
3.0,3,1.5873942,-7.446611,-14.366662,48.303425,-1.8125907,-0.62120974,-13.279581,1
3.0,3,1.5873613,-7.4465632,-14.36668,48.303516,-1.8125118,-0.62124264,-13.279648,1
5.0,5,8.542508,-4.3056455,-6.551766,-5.4214325,-28.502638,24.111784,-12.964614,1
5.0,5,8.542508,-4.3056455,-6.551766,-5.4214325,-28.502638,24.111784,-12.964614,1
5.0,5,8.542508,-4.3056455,-6.551766,-5.4214325,-28.502638,24.111784,-12.964614,1
5.0,5,8.542508,-4.3056455,-6.551766,-5.4214325,-28.502638,24.111784,-12.964614,1
5.0,5,8.542508,-4.3056455,-6.551766,-5.4214325,-28.502638,24.111784,-12.964614,1
5.0,5,8.542508,-4.3056455,-6.551766,-5.4214325,-28.502638,24.111784,-12.964614,1
4.0,4,-1.3831234,14.089987,-0.34390393,-5.173441,24.946,-17.820404,-2.6585264,1
4.0,4,-1.3831234,14.089987,-0.34390393,-5.173441,24.946,-17.820404,-2.6585264,1
4.0,4,-1.3831234,14.089987,-0.34390393,-5.173441,24.946,-17.820404,-2.6585264,1
4.0,4,-1.3831234,14.089987,-0.34390393,-5.173441,24.946,-17.820404,-2.6585264,1
4.0,4,-1.3831234,14.089987,-0.34390393,-5.173441,24.946,-17.820404,-2.6585264,1
4.0,4,-1.3831234,14.089987,-0.34390393,-5.173441,24.946,-17.820404,-2.6585264,1
3.0,3,1.6237059,-7.4912086,-14.343246,48.21175,-1.8558158,-0.60686386,-13.22077,1
3.0,3,1.6235216,-7.490953,-14.343309,48.212322,-1.8554579,-0.60699475,-13.221166,1
3.0,3,1.623236,-7.490579,-14.343431,48.213215,-1.8548893,-0.60727227,-13.221702,1
3.0,3,1.6237326,-7.491265,-14.343194,48.2117,-1.8558046,-0.606886,-13.220705,1
3.0,3,1.6235814,-7.4910483,-14.343295,48.212173,-1.8555368,-0.6069702,-13.221035,1
3.0,3,1.6234286,-7.4908137,-14.343391,48.21259,-1.8553158,-0.60707223,-13.221338,1
2.0,2,-6.9989414,8.184406,30.831121,-19.373966,0.3661946,1.6232923,-5.7434025,1
2.0,2,-6.9989414,8.184406,30.831121,-19.373966,0.3661946,1.6232923,-5.7434025,1
2.0,2,-6.9989414,8.184406,30.831121,-19.373966,0.3661946,1.6232923,-5.7434025,1
2.0,2,-6.9989414,8.184406,30.831121,-19.373966,0.3661946,1.6232923,-5.7434025,1
2.0,2,-6.9989414,8.184406,30.831121,-19.373966,0.3661946,1.6232923,-5.7434025,1
2.0,2,-6.9989414,8.184406,30.831121,-19.373966,0.3661946,1.6232923,-5.7434025,1
0.0,0,11.480196,-6.046317,-12.459328,-8.863676,-6.9635468,4.031076,0.7214196,1
0.0,0,11.480197,-6.0463257,-12.459328,-8.863655,-6.963559,4.031085,0.7214148,1
0.0,0,11.480197,-6.0463257,-12.459328,-8.863655,-6.963559,4.031085,0.7214148,1
0.0,0,11.480197,-6.0463257,-12.459328,-8.863655,-6.963559,4.031085,0.7214148,1
0.0,0,11.480196,-6.046317,-12.459328,-8.863676,-6.9635468,4.031076,0.7214196,1
0.0,0,11.480197,-6.046307,-12.459335,-8.863699,-6.9635468,4.0310726,0.72143006,1
6.0,6,10.275892,-21.247448,-6.799946,-17.390314,6.401788,-13.806257,41.472713,1
6.0,6,10.275886,-21.247433,-6.799949,-17.390312,6.4017906,-13.806256,41.472706,1
6.0,6,10.275884,-21.247417,-6.7999716,-17.390297,6.4017773,-13.80624,41.472683,1
6.0,6,10.275912,-21.247465,-6.799987,-17.39029,6.4017725,-13.806249,41.472702,1
6.0,6,10.275891,-21.247446,-6.799944,-17.390316,6.4017954,-13.806263,41.472725,1
6.0,6,10.2759,-21.247458,-6.7999387,-17.39032,6.4017973,-13.80627,41.472725,1
0.0,0,10.084631,-5.2055244,-10.30754,-11.93738,-6.7598987,3.988903,2.9240744,1
0.0,0,10.084609,-5.205666,-10.30722,-11.93737,-6.760014,3.9889874,2.9240835,1
0.0,0,10.084609,-5.205666,-10.30722,-11.93737,-6.760014,3.9889874,2.9240835,1
0.0,0,10.084609,-5.205666,-10.30722,-11.93737,-6.760014,3.9889874,2.9240835,1
0.0,0,10.084609,-5.205666,-10.30722,-11.93737,-6.760014,3.9889874,2.9240835,1
0.0,0,10.084609,-5.205666,-10.30722,-11.93737,-6.760014,3.9889874,2.9240835,1
0.0,0,11.535945,-5.9639397,-12.507627,-9.475482,-7.048316,4.126109,0.7775645,1
0.0,0,11.535945,-5.9639397,-12.507627,-9.475482,-7.048316,4.126109,0.7775645,1
0.0,0,11.535945,-5.9639397,-12.507627,-9.475482,-7.048316,4.126109,0.7775645,1
0.0,0,11.535945,-5.9639397,-12.507627,-9.475482,-7.048316,4.126109,0.7775645,1
0.0,0,11.535945,-5.9639397,-12.507627,-9.475482,-7.048316,4.126109,0.7775645,1
0.0,0,11.535945,-5.9639397,-12.507627,-9.475482,-7.048316,4.126109,0.7775645,1
5.0,5,7.8422546,-3.811398,-5.1776495,-4.62395,-27.48225,22.969942,-13.165546,1
5.0,5,7.8422537,-3.811397,-5.177647,-4.6239505,-27.482254,22.96994,-13.165548,1
5.0,5,7.8422537,-3.811397,-5.177647,-4.623951,-27.48225,22.969942,-13.165548,1
5.0,5,7.8422537,-3.811397,-5.177649,-4.623949,-27.482252,22.96994,-13.165547,1
5.0,5,7.8422537,-3.811397,-5.177649,-4.623949,-27.482252,22.96994,-13.165547,1
5.0,5,7.8422556,-3.811398,-5.17765,-4.623949,-27.482252,22.96994,-13.165547,1
3.0,3,1.5843444,-7.418237,-14.389307,48.318977,-1.8071126,-0.61387837,-13.32072,1
3.0,3,1.5842726,-7.417976,-14.389362,48.319176,-1.8068701,-0.6139244,-13.321102,1
3.0,3,1.5842328,-7.417911,-14.3893585,48.319275,-1.8068231,-0.6139461,-13.321189,1
3.0,3,1.584311,-7.4182334,-14.389322,48.319073,-1.8070675,-0.6138636,-13.320747,1
3.0,3,1.5842214,-7.4177814,-14.389426,48.319324,-1.8066727,-0.6139723,-13.321375,1
3.0,3,1.5842643,-7.4181037,-14.389217,48.319134,-1.8069476,-0.6139158,-13.320929,1
0.0,0,11.5489855,-5.9393897,-12.320441,-10.029505,-7.6319113,4.6018524,0.7527735,1
0.0,0,11.549057,-5.9395947,-12.320237,-10.029432,-7.6321507,4.602034,0.7526319,1
0.0,0,11.548979,-5.9393663,-12.320526,-10.029551,-7.631874,4.6018095,0.752887,1
0.0,0,11.548953,-5.9392705,-12.320591,-10.029566,-7.6317625,4.6017313,0.75289416,1
0.0,0,11.548969,-5.9393,-12.3206005,-10.029588,-7.6317673,4.60172,0.75294256,1
0.0,0,11.548978,-5.9393334,-12.32056,-10.029558,-7.6318283,4.6017714,0.75289035,1
5.0,5,9.042495,-4.836216,-6.987575,-6.894155,-23.444374,19.269293,-9.029911,1
5.0,5,9.042495,-4.836216,-6.987575,-6.894155,-23.444374,19.269293,-9.029911,1
5.0,5,9.042495,-4.836216,-6.987575,-6.894155,-23.444374,19.269293,-9.029911,1
5.0,5,9.042495,-4.836216,-6.987575,-6.894155,-23.444374,19.269293,-9.029911,1
5.0,5,9.042495,-4.836216,-6.987575,-6.894155,-23.444374,19.269293,-9.029911,1
5.0,5,9.042495,-4.836216,-6.987575,-6.894155,-23.444374,19.269293,-9.029911,1
4.0,4,-1.841275,14.731384,-0.94708073,-3.2424667,26.35237,-19.422743,-2.8058925,1
4.0,4,-1.841275,14.731384,-0.94708073,-3.2424667,26.35237,-19.422743,-2.8058925,1
4.0,4,-1.841275,14.731384,-0.94708073,-3.2424667,26.35237,-19.422743,-2.8058925,1
4.0,4,-1.841275,14.731384,-0.94708073,-3.2424667,26.35237,-19.422743,-2.8058925,1
4.0,4,-1.841275,14.731384,-0.94708073,-3.2424667,26.35237,-19.422743,-2.8058925,1
4.0,4,-1.841275,14.731384,-0.94708073,-3.2424667,26.35237,-19.422743,-2.8058925,1
0.0,0,11.54131,-5.960407,-12.62586,-9.468203,-7.238351,4.251869,0.87210965,1
0.0,0,11.54131,-5.960419,-12.625862,-9.468203,-7.2383575,4.251873,0.8721297,1
0.0,0,11.54131,-5.960421,-12.625864,-9.468197,-7.2383556,4.2518706,0.8721256,1
0.0,0,11.5413065,-5.9604087,-12.6258545,-9.468213,-7.2383537,4.251871,0.87211776,1
0.0,0,11.54131,-5.9604187,-12.625861,-9.468201,-7.2383566,4.2518735,0.872123,1
0.0,0,11.541308,-5.9604087,-12.625854,-9.468215,-7.2383537,4.251871,0.87211823,1
0.0,0,11.200657,-5.8398848,-12.119851,-9.260689,-7.1809254,4.24376,0.8893516,1
0.0,0,11.200634,-5.8398976,-12.119759,-9.260719,-7.1807957,4.2436643,0.88940406,1
0.0,0,11.200809,-5.8403177,-12.119591,-9.260345,-7.1811304,4.2439,0.88916373,1
0.0,0,11.200684,-5.840188,-12.119528,-9.26057,-7.1811867,4.2439384,0.889313,1
0.0,0,11.200766,-5.839933,-12.119858,-9.260484,-7.1808968,4.243733,0.8890538,1
0.0,0,11.200664,-5.8399415,-12.119709,-9.260693,-7.180972,4.243794,0.88928556,1
6.0,6,9.515947,-19.881056,-7.3507075,-15.890277,7.4210653,-14.036318,40.013546,1
6.0,6,9.511647,-19.873144,-7.3550396,-15.880376,7.4243917,-14.035851,40.003735,1
6.0,6,9.508566,-19.86784,-7.359625,-15.867621,7.42832,-14.03583,39.993504,1
6.0,6,9.507535,-19.866852,-7.3600445,-15.863073,7.430111,-14.036191,39.990692,1
6.0,6,9.511406,-19.87316,-7.35632,-15.87601,7.424946,-14.0355835,40.001266,1
6.0,6,9.512545,-19.8752,-7.353744,-15.880694,7.424684,-14.036455,40.005165,1
1.0,1,-1.4164796,14.673845,1.6356633,-7.534178,6.504193,-5.3447533,-9.34484,1
1.0,1,-1.41645,14.673954,1.635646,-7.534226,6.504507,-5.3451114,-9.3447895,1
1.0,1,-1.41645,14.673954,1.635646,-7.534226,6.504507,-5.3451114,-9.3447895,1
1.0,1,-1.4164712,14.673906,1.6357087,-7.5341535,6.504499,-5.3451147,-9.344755,1
1.0,1,-1.41645,14.673954,1.635646,-7.534226,6.504507,-5.3451114,-9.3447895,1
1.0,1,-1.41645,14.673954,1.635646,-7.534226,6.504507,-5.3451114,-9.3447895,1
1.0,1,-2.2810092,13.803173,2.4077759,-7.160564,5.4829774,-4.516673,-7.9111347,1
1.0,1,-2.2810092,13.803173,2.4077759,-7.160564,5.4829774,-4.516673,-7.9111347,1
1.0,1,-2.2810092,13.803173,2.4077759,-7.160564,5.4829774,-4.516673,-7.9111347,1
1.0,1,-2.2810092,13.803173,2.4077759,-7.160564,5.4829774,-4.516673,-7.9111347,1
1.0,1,-2.2810092,13.803173,2.4077759,-7.160564,5.4829774,-4.516673,-7.9111347,1
1.0,1,-2.2810092,13.803173,2.4077759,-7.160564,5.4829774,-4.516673,-7.9111347,1
5.0,5,8.667294,-4.19285,-5.996116,-6.00126,-26.927376,22.375792,-12.222324,1
5.0,5,8.667327,-4.1929035,-5.996102,-6.001335,-26.927383,22.37581,-12.222274,1
5.0,5,8.667338,-4.1929092,-5.9960876,-6.001372,-26.927383,22.37581,-12.222263,1
5.0,5,8.667329,-4.192901,-5.996104,-6.001341,-26.927383,22.375813,-12.222276,1
5.0,5,8.667329,-4.192901,-5.996104,-6.001341,-26.927383,22.375813,-12.222276,1
5.0,5,8.66736,-4.1929336,-5.9960923,-6.0014205,-26.927391,22.375834,-12.222247,1
5.0,5,10.544262,-6.3555303,-9.4560795,-6.684354,-19.105928,14.776119,-5.5936785,1
5.0,5,10.544075,-6.3552194,-9.45521,-6.6836734,-19.107368,14.777077,-5.5950317,1
5.0,5,10.543289,-6.3544908,-9.454405,-6.6837716,-19.10867,14.778383,-5.5958166,1
5.0,5,10.544345,-6.355333,-9.455351,-6.6847415,-19.105867,14.775712,-5.5937815,1
5.0,5,10.544181,-6.355314,-9.455531,-6.6847363,-19.105715,14.775777,-5.593647,1
5.0,5,10.54435,-6.355107,-9.456354,-6.687107,-19.102467,14.77286,-5.5903406,1
5.0,5,8.361965,-3.3674011,-5.267882,-6.8690424,-28.56491,24.316734,-13.995098,1
5.0,5,8.362094,-3.367578,-5.2681904,-6.8686023,-28.56459,24.31627,-13.99486,1
5.0,5,8.361977,-3.3674107,-5.267921,-6.868894,-28.564802,24.316563,-13.995056,1
5.0,5,8.361974,-3.3673916,-5.2677293,-6.869281,-28.56494,24.316805,-13.9951,1
5.0,5,8.36192,-3.3673272,-5.2679243,-6.8690224,-28.564981,24.316858,-13.995209,1
5.0,5,8.361896,-3.3673186,-5.26786,-6.868792,-28.56489,24.316626,-13.995188,1
1.0,1,-3.8999636,13.162235,5.820372,-6.901579,-0.24620306,0.8201171,-9.512355,1
1.0,1,-3.8999636,13.162235,5.820372,-6.901579,-0.24620306,0.8201171,-9.512355,1
1.0,1,-3.8999636,13.162235,5.820372,-6.901579,-0.24620306,0.8201171,-9.512355,1
1.0,1,-3.8999636,13.162235,5.820372,-6.901579,-0.24620306,0.8201171,-9.512355,1
1.0,1,-3.8999636,13.162235,5.820372,-6.901579,-0.24620306,0.8201171,-9.512355,1
1.0,1,-3.8999636,13.162235,5.820372,-6.901579,-0.24620306,0.8201171,-9.512355,1
5.0,5,9.0242815,-4.9512,-6.018052,-5.876361,-27.389132,22.766335,-11.844902,1
5.0,5,9.0242815,-4.9512,-6.018052,-5.876361,-27.389132,22.766335,-11.844902,1
5.0,5,9.0242815,-4.9512,-6.018052,-5.876361,-27.389132,22.766335,-11.844902,1
5.0,5,9.0242815,-4.9512,-6.018052,-5.876361,-27.389132,22.766335,-11.844902,1
5.0,5,9.0242815,-4.9512,-6.018052,-5.876361,-27.389132,22.766335,-11.844902,1
5.0,5,9.0242815,-4.9512,-6.018052,-5.876361,-27.389132,22.766335,-11.844902,1
0.0,5,9.952802,-5.7996764,-6.1451325,-7.180872,-23.38832,18.666983,-8.87973,0
0.0,5,9.952771,-5.799667,-6.145318,-7.1805897,-23.388506,18.667154,-8.879847,0
0.0,5,9.952744,-5.799705,-6.145062,-7.1807585,-23.388535,18.667166,-8.879801,0
0.0,5,9.952878,-5.7998657,-6.145459,-7.1804423,-23.388346,18.666922,-8.879614,0
0.0,5,9.952846,-5.799845,-6.145413,-7.1804104,-23.38845,18.66702,-8.87969,0
0.0,5,9.952728,-5.7996974,-6.1453905,-7.18038,-23.388607,18.667244,-8.879867,0
1.0,1,-1.0292084,15.09013,0.3877904,-8.385561,6.154638,-4.5313005,-10.0029,1
1.0,1,-1.0292084,15.09013,0.3877904,-8.385561,6.154638,-4.5313005,-10.0029,1
1.0,1,-1.0292084,15.09013,0.3877904,-8.385561,6.154638,-4.5313005,-10.0029,1
1.0,1,-1.0292084,15.09013,0.3877904,-8.385561,6.154638,-4.5313005,-10.0029,1
1.0,1,-1.0292084,15.09013,0.3877904,-8.385561,6.154638,-4.5313005,-10.0029,1
1.0,1,-1.0292084,15.09013,0.3877904,-8.385561,6.154638,-4.5313005,-10.0029,1
2.0,2,-7.8122206,9.3293085,29.519794,-17.608883,-0.015733361,2.5948682,-6.87055,1
2.0,2,-7.8122206,9.3293085,29.519794,-17.608883,-0.015733361,2.5948682,-6.87055,1
2.0,2,-7.8122206,9.3293085,29.519794,-17.608883,-0.015733361,2.5948682,-6.87055,1
2.0,2,-7.8122206,9.3293085,29.519794,-17.608883,-0.015733361,2.5948682,-6.87055,1
2.0,2,-7.8122263,9.329321,29.519768,-17.608887,-0.015756726,2.5948882,-6.870552,1
2.0,2,-7.8122206,9.3293085,29.519794,-17.608883,-0.015733361,2.5948682,-6.87055,1
2.0,2,-7.3123283,8.485191,30.744349,-18.294212,0.6460737,1.6706764,-6.04945,1
2.0,2,-7.3123283,8.485191,30.744349,-18.294212,0.6460737,1.6706764,-6.04945,1
2.0,2,-7.3123283,8.485191,30.744349,-18.294212,0.6460737,1.6706764,-6.04945,1
2.0,2,-7.3123283,8.485191,30.744349,-18.294212,0.6460737,1.6706764,-6.04945,1
2.0,2,-7.3123283,8.485191,30.744349,-18.294212,0.6460737,1.6706764,-6.04945,1
2.0,2,-7.3123283,8.485191,30.744349,-18.294212,0.6460737,1.6706764,-6.04945,1
5.0,5,8.909397,-5.1011024,-5.671482,-6.4140673,-28.227814,23.68288,-11.883477,1
5.0,5,8.909507,-5.1013155,-5.6710443,-6.4143867,-28.227333,23.682264,-11.882976,1
5.0,5,8.909279,-5.1007338,-5.671093,-6.4143224,-28.227642,23.68279,-11.883837,1
5.0,5,8.909313,-5.1010995,-5.671181,-6.414137,-28.22778,23.6828,-11.883423,1
5.0,5,8.909448,-5.1008983,-5.6707373,-6.4147606,-28.227152,23.682228,-11.883428,1
5.0,5,8.90947,-5.1010275,-5.670961,-6.4145365,-28.227272,23.682306,-11.883335,1
2.0,2,-7.214448,8.115729,30.443026,-17.56836,0.21310079,2.1874652,-6.618943,1
2.0,2,-7.214448,8.115729,30.443026,-17.56836,0.21310079,2.1874652,-6.618943,1
2.0,2,-7.214448,8.115729,30.443026,-17.56836,0.21310079,2.1874652,-6.618943,1
2.0,2,-7.214448,8.115729,30.443026,-17.56836,0.21310079,2.1874652,-6.618943,1
2.0,2,-7.214448,8.115729,30.443026,-17.56836,0.21310079,2.1874652,-6.618943,1
2.0,2,-7.214448,8.115729,30.443026,-17.56836,0.21310079,2.1874652,-6.618943,1
3.0,3,1.7217467,-7.633096,-14.371498,47.84392,-2.0892901,-0.48155606,-12.985294,1
3.0,3,1.7216935,-7.633023,-14.37151,47.844093,-2.0891829,-0.4816121,-12.985401,1
3.0,3,1.7217155,-7.6330657,-14.371491,47.844025,-2.0892196,-0.4815904,-12.985346,1
3.0,3,1.721715,-7.6330543,-14.371496,47.844036,-2.0892124,-0.48159516,-12.98536,1
3.0,3,1.7217207,-7.633064,-14.371508,47.84399,-2.0892434,-0.4815873,-12.9853325,1
3.0,3,1.7217596,-7.6331105,-14.371504,47.84388,-2.0893197,-0.48154318,-12.98527,1
0.0,5,9.326228,-5.504313,-5.900591,-9.75885,-18.513132,14.786521,-4.661253,0
0.0,5,9.326228,-5.504313,-5.900591,-9.75885,-18.513132,14.786521,-4.661253,0
0.0,5,9.326228,-5.504313,-5.900591,-9.75885,-18.513132,14.786521,-4.661253,0
0.0,5,9.326228,-5.504313,-5.900591,-9.75885,-18.513132,14.786521,-4.661253,0
0.0,5,9.326228,-5.504313,-5.900591,-9.75885,-18.513132,14.786521,-4.661253,0
0.0,5,9.326228,-5.504313,-5.900591,-9.75885,-18.513132,14.786521,-4.661253,0
4.0,4,-1.8658147,14.769606,-0.7843821,-3.7263217,26.103378,-19.25605,-2.7381105,1
4.0,4,-1.8658147,14.769606,-0.7843821,-3.7263217,26.103378,-19.25605,-2.7381105,1
4.0,4,-1.8658147,14.769606,-0.7843821,-3.7263217,26.103378,-19.25605,-2.7381105,1
4.0,4,-1.8658147,14.769606,-0.7843821,-3.7263217,26.103378,-19.25605,-2.7381105,1
4.0,4,-1.8658147,14.769606,-0.7843821,-3.7263217,26.103378,-19.25605,-2.7381105,1
4.0,4,-1.8658147,14.769606,-0.7843821,-3.7263217,26.103378,-19.25605,-2.7381105,1
5.0,5,8.863165,-4.1759624,-5.487043,-7.0191803,-26.249662,21.737852,-11.77894,1
5.0,5,8.863653,-4.1764874,-5.4874315,-7.0196476,-26.249195,21.73763,-11.7784,1
5.0,5,8.863545,-4.1763716,-5.4872904,-7.01955,-26.249283,21.737648,-11.778524,1
5.0,5,8.86354,-4.1763706,-5.487284,-7.019543,-26.249289,21.737648,-11.7785225,1
5.0,5,8.863601,-4.176442,-5.4872518,-7.019639,-26.249306,21.737667,-11.778481,1
5.0,5,8.863558,-4.176392,-5.487375,-7.019521,-26.249289,21.737677,-11.778518,1
5.0,5,8.23149,-3.9163194,-5.007671,-6.13682,-28.204872,23.585001,-12.940517,1
5.0,5,8.2315235,-3.9163446,-5.007713,-6.136772,-28.204815,23.584915,-12.940483,1
5.0,5,8.231673,-3.916522,-5.0083394,-6.136354,-28.204704,23.584818,-12.94036,1
5.0,5,8.231446,-3.9162393,-5.0075965,-6.1367884,-28.204876,23.58497,-12.940598,1
5.0,5,8.23159,-3.9164076,-5.0078244,-6.13684,-28.204807,23.58496,-12.940439,1
5.0,5,8.2315645,-3.9163842,-5.0077786,-6.1368103,-28.204805,23.584936,-12.9404545,1
6.0,6,10.214319,-21.190508,-6.6912274,-17.384846,6.7401185,-14.056462,41.572887,1
6.0,6,10.214319,-21.190508,-6.6912274,-17.384846,6.7401185,-14.056462,41.572887,1
6.0,6,10.214318,-21.190506,-6.6912265,-17.384846,6.7401185,-14.056462,41.572887,1
6.0,6,10.214319,-21.190508,-6.6912274,-17.384846,6.7401185,-14.056462,41.572887,1
6.0,6,10.214319,-21.190508,-6.6912274,-17.384846,6.7401185,-14.056462,41.572887,1
6.0,6,10.214319,-21.190508,-6.6912274,-17.384846,6.7401185,-14.056462,41.572887,1
1.0,1,-0.5238867,14.396746,0.3805469,-8.249081,6.711549,-5.1283145,-9.503926,1
1.0,1,-0.5238867,14.396746,0.3805469,-8.249081,6.711549,-5.1283145,-9.503926,1
1.0,1,-0.5238867,14.396746,0.3805469,-8.249081,6.711549,-5.1283145,-9.503926,1
1.0,1,-0.5238867,14.396746,0.3805469,-8.249081,6.711549,-5.1283145,-9.503926,1
1.0,1,-0.5238867,14.396746,0.3805469,-8.249081,6.711549,-5.1283145,-9.503926,1
1.0,1,-0.5238867,14.396746,0.3805469,-8.249081,6.711549,-5.1283145,-9.503926,1
5.0,5,8.252471,-3.932055,-4.6323347,-6.8415527,-28.314043,23.964298,-12.950991,1
5.0,5,8.252373,-3.9319992,-4.6323447,-6.8413754,-28.314232,23.964535,-12.951181,1
5.0,5,8.252656,-3.9322443,-4.63262,-6.8412924,-28.314068,23.964136,-12.950924,1
5.0,5,8.252482,-3.9319978,-4.632412,-6.8412685,-28.314201,23.96429,-12.951242,1
5.0,5,8.252537,-3.932087,-4.632399,-6.8413315,-28.314106,23.964212,-12.951108,1
5.0,5,8.252574,-3.932147,-4.6323857,-6.8413963,-28.314041,23.964106,-12.950965,1
4.0,4,-1.5385094,13.876438,-0.10200766,-2.8190432,26.559444,-19.148008,-2.8767695,1
4.0,4,-1.5383902,13.876545,-0.101793915,-2.819713,26.558804,-19.147484,-2.876999,1
4.0,4,-1.538419,13.876375,-0.102090746,-2.8192558,26.55928,-19.14796,-2.8766499,1
4.0,4,-1.5384974,13.876425,-0.1020042,-2.8191051,26.559412,-19.147997,-2.8767383,1
4.0,4,-1.5383997,13.876562,-0.10180202,-2.8196764,26.558851,-19.147509,-2.8770127,1
4.0,4,-1.5383909,13.87653,-0.10176316,-2.8197308,26.558796,-19.147478,-2.876987,1
3.0,3,1.5839715,-7.3958526,-14.406174,48.326607,-1.7932335,-0.6080376,-13.355605,1
3.0,3,1.5839791,-7.3959994,-14.406181,48.32665,-1.7932912,-0.6080526,-13.3554125,1
3.0,3,1.5839753,-7.395929,-14.406189,48.32663,-1.79325,-0.60804045,-13.355512,1
3.0,3,1.5839708,-7.3959336,-14.406174,48.32665,-1.7932495,-0.6080526,-13.355502,1
3.0,3,1.5839825,-7.3959727,-14.406181,48.326614,-1.7932881,-0.60803807,-13.355446,1
3.0,3,1.5839775,-7.3959975,-14.406172,48.32665,-1.7933012,-0.60805094,-13.355413,1
6.0,6,10.07795,-20.991577,-6.6533313,-17.541546,6.806436,-14.096949,41.659702,1
6.0,6,10.077949,-20.991577,-6.653331,-17.541546,6.806437,-14.096949,41.659702,1
6.0,6,10.077949,-20.991577,-6.653331,-17.541546,6.806437,-14.096949,41.659702,1
6.0,6,10.07795,-20.991577,-6.6533313,-17.541546,6.806436,-14.096949,41.659702,1
6.0,6,10.077947,-20.99157,-6.653326,-17.54155,6.806445,-14.096953,41.659702,1
6.0,6,10.077949,-20.991577,-6.653331,-17.541546,6.806437,-14.096949,41.659702,1
4.0,4,-1.3216796,14.365171,-1.0574284,-4.155104,25.167881,-18.71611,-2.852058,1
4.0,4,-1.3216379,14.365316,-1.0576091,-4.1554313,25.167456,-18.715857,-2.8522153,1
4.0,4,-1.3216691,14.365337,-1.0575732,-4.155369,25.167543,-18.7159,-2.852231,1
4.0,4,-1.3216851,14.365198,-1.0574651,-4.1550674,25.167849,-18.716085,-2.8521168,1
4.0,4,-1.3217137,14.365181,-1.0573734,-4.1550245,25.167976,-18.716148,-2.8520808,1
4.0,4,-1.3216786,14.365181,-1.0574334,-4.155115,25.167849,-18.716085,-2.852085,1
0.0,0,11.4482765,-5.942068,-12.477453,-9.576059,-7.421544,4.436578,0.9162469,1
0.0,0,11.4482765,-5.942068,-12.477453,-9.576059,-7.421544,4.436578,0.9162469,1
0.0,0,11.448278,-5.942069,-12.477454,-9.576058,-7.421545,4.4365764,0.9162452,1
0.0,0,11.448273,-5.9420733,-12.477448,-9.576054,-7.421544,4.4365773,0.91625094,1
0.0,0,11.448271,-5.9420724,-12.477448,-9.576054,-7.421546,4.4365788,0.9162524,1
0.0,0,11.448271,-5.9420724,-12.477448,-9.576054,-7.421546,4.4365788,0.9162524,1
1.0,1,-1.2690413,15.22842,0.4544091,-8.222567,6.3077483,-4.826415,-9.772561,1
1.0,1,-1.2690413,15.22842,0.4544091,-8.222567,6.3077483,-4.826415,-9.772561,1
1.0,1,-1.2690413,15.22842,0.4544091,-8.222567,6.3077483,-4.826415,-9.772561,1
1.0,1,-1.2690413,15.22842,0.4544091,-8.222567,6.3077483,-4.826415,-9.772561,1
1.0,1,-1.2690413,15.22842,0.4544091,-8.222567,6.3077483,-4.826415,-9.772561,1
1.0,1,-1.2690413,15.22842,0.4544091,-8.222567,6.3077483,-4.826415,-9.772561,1
5.0,5,8.035587,-3.173286,-5.283077,-5.6577077,-27.624159,23.15386,-13.814471,1
5.0,5,8.035587,-3.173286,-5.283077,-5.6577077,-27.624159,23.15386,-13.814471,1
5.0,5,8.035587,-3.173286,-5.283077,-5.6577077,-27.624159,23.15386,-13.814471,1
5.0,5,8.035587,-3.173286,-5.283077,-5.6577077,-27.624159,23.15386,-13.814471,1
5.0,5,8.035587,-3.173286,-5.283077,-5.6577077,-27.624159,23.15386,-13.814471,1
5.0,5,8.035587,-3.173286,-5.283077,-5.6577077,-27.624159,23.15386,-13.814471,1
5.0,5,9.156285,-4.4898677,-6.5261493,-6.3703213,-26.876865,22.401844,-12.061853,1
5.0,5,9.156285,-4.4898677,-6.5261493,-6.3703213,-26.876865,22.401844,-12.061853,1
5.0,5,9.156285,-4.4898677,-6.5261493,-6.3703213,-26.876865,22.401844,-12.061853,1
5.0,5,9.156285,-4.4898677,-6.5261493,-6.3703213,-26.876865,22.401844,-12.061853,1
5.0,5,9.156287,-4.4898715,-6.5261474,-6.370322,-26.876862,22.40184,-12.0618515,1
5.0,5,9.156287,-4.4898715,-6.5261474,-6.370322,-26.876862,22.40184,-12.0618515,1
6.0,6,10.370569,-21.412266,-6.800105,-17.42736,6.439721,-13.85207,41.564663,1
6.0,6,10.370569,-21.412266,-6.800105,-17.42736,6.439721,-13.85207,41.564663,1
6.0,6,10.370569,-21.412266,-6.800105,-17.42736,6.439721,-13.85207,41.564663,1
6.0,6,10.370569,-21.412266,-6.800105,-17.42736,6.439721,-13.85207,41.564663,1
6.0,6,10.370569,-21.412266,-6.800105,-17.42736,6.439721,-13.85207,41.564663,1
6.0,6,10.370569,-21.412266,-6.800105,-17.42736,6.439721,-13.85207,41.564663,1
2.0,2,-7.1534824,8.058638,30.368692,-17.60389,0.13968003,2.2268815,-6.611067,1
2.0,2,-7.1534824,8.058638,30.368692,-17.60389,0.13968003,2.2268815,-6.611067,1
2.0,2,-7.1534824,8.058638,30.368692,-17.60389,0.13968003,2.2268815,-6.611067,1
2.0,2,-7.1534824,8.058638,30.368692,-17.60389,0.13968003,2.2268815,-6.611067,1
2.0,2,-7.1534824,8.058638,30.368692,-17.60389,0.13968003,2.2268815,-6.611067,1
2.0,2,-7.1534824,8.058638,30.368692,-17.60389,0.13968003,2.2268815,-6.611067,1
3.0,3,1.7472253,-7.67401,-14.316444,47.786602,-2.057907,-0.546538,-12.913251,1
3.0,3,1.7471273,-7.673878,-14.316468,47.78687,-2.0578222,-0.54656327,-12.913442,1
3.0,3,1.7473376,-7.674111,-14.316498,47.78633,-2.0580206,-0.54648983,-12.913094,1
3.0,3,1.7473493,-7.6741347,-14.316475,47.78625,-2.0580888,-0.54646647,-12.913042,1
3.0,3,1.7473166,-7.6740575,-14.3166485,47.78638,-2.0580778,-0.5463954,-12.91317,1
3.0,3,1.7473493,-7.6741385,-14.316523,47.78625,-2.0581055,-0.54642713,-12.913048,1
5.0,5,9.356728,-5.315636,-6.1567836,-6.26703,-26.899464,22.166586,-11.058802,1
5.0,5,9.356728,-5.315636,-6.1567836,-6.26703,-26.899464,22.166586,-11.058802,1
5.0,5,9.356728,-5.315636,-6.1567836,-6.26703,-26.899464,22.166586,-11.058802,1
5.0,5,9.356717,-5.315622,-6.1567664,-6.267014,-26.899464,22.166574,-11.058813,1
5.0,5,9.356728,-5.315636,-6.1567836,-6.26703,-26.899464,22.166586,-11.058802,1
5.0,5,9.356744,-5.3156548,-6.1568065,-6.2670527,-26.899458,22.166595,-11.0587845,1
1.0,1,0.17852557,13.760418,-0.887455,-9.152902,8.177514,-5.841248,-8.246165,1
1.0,1,0.17852557,13.760418,-0.887455,-9.152902,8.177514,-5.841248,-8.246165,1
1.0,1,0.17852557,13.760418,-0.887455,-9.152902,8.177514,-5.841248,-8.246165,1
1.0,1,0.17852557,13.760418,-0.887455,-9.152902,8.177514,-5.841248,-8.246165,1
1.0,1,0.17852557,13.760418,-0.887455,-9.152902,8.177514,-5.841248,-8.246165,1
1.0,1,0.17852557,13.760418,-0.887455,-9.152902,8.177514,-5.841248,-8.246165,1
4.0,4,-1.8276541,14.701916,-0.8504096,-3.2889323,26.381626,-19.417606,-2.8045082,1
4.0,4,-1.8276541,14.701916,-0.8504096,-3.2889323,26.381626,-19.417606,-2.8045082,1
4.0,4,-1.8276541,14.701916,-0.8504096,-3.2889323,26.381626,-19.417606,-2.8045082,1
4.0,4,-1.8276541,14.701916,-0.8504096,-3.2889323,26.381626,-19.417606,-2.8045082,1
4.0,4,-1.8276541,14.701916,-0.8504096,-3.2889323,26.381626,-19.417606,-2.8045082,1
4.0,4,-1.8276541,14.701916,-0.8504096,-3.2889323,26.381626,-19.417606,-2.8045082,1
3.0,3,1.5898402,-7.3658795,-14.414663,48.322205,-1.7590731,-0.62645876,-13.393875,1
3.0,3,1.5898108,-7.3653655,-14.414661,48.32207,-1.7588073,-0.6264931,-13.394516,1
3.0,3,1.5898364,-7.3656707,-14.414679,48.32205,-1.7590102,-0.6263615,-13.394152,1
3.0,3,1.58986,-7.3658643,-14.414662,48.322075,-1.7591096,-0.62638104,-13.3939,1
3.0,3,1.5898015,-7.3655963,-14.414779,48.32214,-1.7589134,-0.6263083,-13.394289,1
3.0,3,1.5898306,-7.365394,-14.41477,48.321987,-1.7589008,-0.62635744,-13.394492,1
0.0,0,11.400838,-6.315184,-12.580231,-8.675967,-7.420699,4.4483705,0.938606,1
0.0,0,11.400838,-6.315184,-12.580231,-8.675967,-7.420699,4.4483705,0.938606,1
0.0,0,11.400838,-6.315184,-12.580231,-8.675967,-7.420699,4.4483705,0.938606,1
0.0,0,11.400838,-6.315184,-12.580231,-8.675967,-7.420699,4.4483705,0.938606,1
0.0,0,11.400838,-6.315184,-12.580231,-8.675967,-7.420699,4.4483705,0.938606,1
0.0,0,11.400838,-6.315184,-12.580231,-8.675967,-7.420699,4.4483705,0.938606,1
0.0,0,11.529627,-5.861963,-12.656948,-9.336559,-7.12827,4.2037067,0.66977096,1
0.0,0,11.529627,-5.861963,-12.656948,-9.336559,-7.12827,4.2037067,0.66977096,1
0.0,0,11.529627,-5.861963,-12.656948,-9.336559,-7.12827,4.2037067,0.66977096,1
0.0,0,11.529626,-5.8619637,-12.656948,-9.336559,-7.128272,4.2037086,0.66976905,1
0.0,0,11.529627,-5.861963,-12.656948,-9.336559,-7.12827,4.2037067,0.66977096,1
0.0,0,11.529627,-5.861964,-12.656948,-9.336559,-7.128269,4.203707,0.66977143,1
2.0,2,-7.558319,9.105778,30.33457,-18.288658,0.91511476,1.680019,-6.4921017,1
2.0,2,-7.558319,9.105778,30.33457,-18.288658,0.91511476,1.680019,-6.4921017,1
2.0,2,-7.558319,9.105778,30.33457,-18.288658,0.91511476,1.680019,-6.4921017,1
2.0,2,-7.558319,9.105778,30.33457,-18.288658,0.91511476,1.680019,-6.4921017,1
2.0,2,-7.558319,9.105778,30.33457,-18.288658,0.91511476,1.680019,-6.4921017,1
2.0,2,-7.558319,9.105778,30.33457,-18.288658,0.91511476,1.680019,-6.4921017,1
6.0,6,10.264233,-21.24917,-6.655822,-17.488874,6.5316896,-13.913638,41.568516,1
6.0,6,10.264233,-21.24917,-6.655822,-17.488874,6.5316896,-13.913638,41.568516,1
6.0,6,10.264233,-21.24917,-6.655822,-17.488874,6.5316896,-13.913638,41.568516,1
6.0,6,10.264233,-21.24917,-6.655822,-17.488874,6.5316896,-13.913638,41.568516,1
6.0,6,10.264233,-21.24917,-6.655822,-17.488874,6.5316896,-13.913638,41.568516,1
6.0,6,10.264233,-21.24917,-6.655822,-17.488874,6.5316896,-13.913638,41.568516,1
1.0,1,-1.0575807,12.343939,1.5792624,-7.386338,5.992198,-4.661168,-6.902519,1
1.0,1,-1.0575807,12.343939,1.5792624,-7.386338,5.992198,-4.661168,-6.902519,1
1.0,1,-1.0575807,12.343939,1.5792624,-7.386338,5.992198,-4.661168,-6.902519,1
1.0,1,-1.0575807,12.343939,1.5792624,-7.386338,5.992198,-4.661168,-6.902519,1
1.0,1,-1.0575807,12.343939,1.5792624,-7.386338,5.992198,-4.661168,-6.902519,1
1.0,1,-1.0575807,12.343939,1.5792624,-7.386338,5.992198,-4.661168,-6.902519,1
0.0,0,11.450154,-5.9085803,-12.105386,-10.087284,-7.821437,4.8214245,0.655236,1
0.0,0,11.450147,-5.9085555,-12.105404,-10.087311,-7.8214064,4.8214016,0.6552594,1
0.0,0,11.450146,-5.9085608,-12.105404,-10.087306,-7.821411,4.8214054,0.65526605,1
0.0,0,11.450142,-5.908552,-12.105412,-10.087305,-7.8214064,4.821403,0.6552646,1
0.0,0,11.450158,-5.9085717,-12.105381,-10.087297,-7.8214293,4.8214197,0.6552255,1
0.0,0,11.450149,-5.9085503,-12.105401,-10.087318,-7.8214045,4.8213997,0.65525556,1
3.0,3,1.6095867,-7.429033,-14.37274,48.252434,-1.8267206,-0.60641205,-13.30688,1
3.0,3,1.6095946,-7.429033,-14.372752,48.2524,-1.8267418,-0.6063942,-13.30688,1
3.0,3,1.6095884,-7.429028,-14.372747,48.252422,-1.8267244,-0.60640585,-13.306887,1
3.0,3,1.6095896,-7.429029,-14.372745,48.252422,-1.826723,-0.6064042,-13.306887,1
3.0,3,1.6095896,-7.429031,-14.372742,48.252422,-1.826723,-0.6064061,-13.306885,1
3.0,3,1.6095886,-7.429024,-14.372746,48.25243,-1.8267154,-0.60640967,-13.306894,1
3.0,3,1.5975513,-7.469979,-14.337479,48.28612,-1.8058199,-0.6383184,-13.249568,1
3.0,3,1.597543,-7.4699674,-14.337498,48.286144,-1.8058244,-0.6383046,-13.249589,1
3.0,3,1.5975428,-7.4699674,-14.337498,48.286144,-1.8058256,-0.63830435,-13.249588,1
3.0,3,1.5975428,-7.4699674,-14.337498,48.28614,-1.8058256,-0.6383046,-13.249588,1
3.0,3,1.5975435,-7.4699683,-14.337497,48.28614,-1.8058239,-0.63830554,-13.249588,1
3.0,3,1.5975428,-7.4699674,-14.337498,48.286144,-1.8058256,-0.6383041,-13.249588,1
3.0,3,1.5973799,-7.4265094,-14.387882,48.275726,-1.839197,-0.59640515,-13.3074255,1
3.0,3,1.5973907,-7.4265227,-14.387884,48.2757,-1.8392235,-0.5963906,-13.307408,1
3.0,3,1.5973656,-7.426492,-14.387886,48.27578,-1.8391606,-0.5964211,-13.307457,1
3.0,3,1.5973828,-7.4265237,-14.387873,48.27572,-1.8392075,-0.5964011,-13.307409,1
3.0,3,1.5973747,-7.4265,-14.387884,48.27574,-1.8391799,-0.5964111,-13.307442,1
3.0,3,1.5973754,-7.4265037,-14.387886,48.275745,-1.8391827,-0.5964128,-13.307434,1
0.0,5,8.71133,-3.8517833,-5.4189496,-6.890438,-27.039583,22.564308,-12.6214485,0
0.0,5,8.71133,-3.8517833,-5.4189496,-6.890438,-27.039583,22.564308,-12.6214485,0
0.0,5,8.71133,-3.8517833,-5.4189496,-6.890438,-27.039583,22.564308,-12.6214485,0
0.0,5,8.71133,-3.8517833,-5.4189496,-6.890438,-27.039583,22.564308,-12.6214485,0
0.0,5,8.71133,-3.8517833,-5.4189496,-6.890438,-27.039583,22.564308,-12.6214485,0
0.0,5,8.71133,-3.8517833,-5.4189496,-6.890438,-27.039583,22.564308,-12.6214485,0
3.0,3,1.6056321,-7.426539,-14.359779,48.22472,-1.8176607,-0.60857236,-13.300226,1
3.0,3,1.6056504,-7.4264913,-14.3597555,48.22461,-1.8176407,-0.6085659,-13.30028,1
3.0,3,1.6056209,-7.426515,-14.359749,48.22473,-1.8176059,-0.60858595,-13.300264,1
3.0,3,1.6056366,-7.426577,-14.359776,48.224712,-1.8176798,-0.6085552,-13.300183,1
3.0,3,1.6056507,-7.4264836,-14.35977,48.22463,-1.8176333,-0.60856664,-13.300295,1
3.0,3,1.605653,-7.426455,-14.359794,48.22463,-1.8176361,-0.60855615,-13.300337,1
2.0,2,-7.3757086,8.582417,30.573893,-18.100904,0.38492835,1.9516927,-6.27631,1
2.0,2,-7.3757086,8.582417,30.573893,-18.100904,0.38492835,1.9516927,-6.27631,1
2.0,2,-7.3757086,8.582417,30.573893,-18.100904,0.38492835,1.9516927,-6.27631,1
2.0,2,-7.3757086,8.582417,30.573893,-18.100904,0.38492835,1.9516927,-6.27631,1
2.0,2,-7.3757086,8.582417,30.573893,-18.100904,0.38492835,1.9516927,-6.27631,1
2.0,2,-7.3757086,8.582417,30.573893,-18.100904,0.38492835,1.9516927,-6.27631,1
2.0,2,-7.5884247,9.176561,29.526976,-17.64246,-0.10520303,2.4862852,-6.8174505,1
2.0,2,-7.5884247,9.17654,29.526997,-17.642424,-0.10514915,2.486247,-6.8174286,1
2.0,2,-7.5884275,9.176567,29.526962,-17.64245,-0.105213046,2.4862962,-6.817458,1
2.0,2,-7.5884333,9.17651,29.527061,-17.64243,-0.10520351,2.4862928,-6.8174343,1
2.0,2,-7.5884247,9.176561,29.526976,-17.64246,-0.10520303,2.4862852,-6.8174505,1
2.0,2,-7.5884333,9.176575,29.526997,-17.642448,-0.10518253,2.4862766,-6.8174706,1
6.0,6,10.136873,-21.092718,-6.563885,-17.584307,6.8355722,-14.13861,41.708923,1
6.0,6,10.136873,-21.092718,-6.563885,-17.584307,6.8355722,-14.13861,41.708923,1
6.0,6,10.136873,-21.092718,-6.563885,-17.584307,6.8355722,-14.13861,41.708923,1
6.0,6,10.136873,-21.092718,-6.563885,-17.584307,6.8355722,-14.13861,41.708923,1
6.0,6,10.136873,-21.092718,-6.563885,-17.584307,6.8355722,-14.13861,41.708923,1
6.0,6,10.136873,-21.092718,-6.563885,-17.584307,6.8355722,-14.13861,41.708923,1
3.0,3,1.6505024,-7.476954,-14.464276,48.159218,-1.8465148,-0.5196606,-13.264774,1
3.0,3,1.6503909,-7.476646,-14.464133,48.159195,-1.8466228,-0.51961887,-13.265112,1
3.0,3,1.6503108,-7.4765954,-14.463967,48.159332,-1.8465265,-0.5196732,-13.265194,1
3.0,3,1.6504896,-7.4768224,-14.464269,48.159172,-1.8464566,-0.51963985,-13.264948,1
3.0,3,1.6503248,-7.476604,-14.464017,48.159317,-1.8466395,-0.51968133,-13.265146,1
3.0,3,1.6503685,-7.47662,-14.464163,48.159332,-1.8465418,-0.51965916,-13.265168,1
1.0,1,-1.044168,14.657248,0.39330474,-8.651385,5.9666495,-4.291297,-9.333225,1
1.0,1,-1.0441673,14.657267,0.39328977,-8.651405,5.9666533,-4.2912965,-9.333234,1
1.0,1,-1.044168,14.657248,0.39330474,-8.651385,5.9666495,-4.291297,-9.333225,1
1.0,1,-1.0441678,14.657253,0.3933104,-8.65139,5.9666533,-4.2913017,-9.333232,1
1.0,1,-1.0441692,14.657242,0.39330986,-8.651393,5.966646,-4.291294,-9.333214,1
1.0,1,-1.0441654,14.657251,0.39330688,-8.651387,5.9666615,-4.2913094,-9.333228,1
6.0,6,10.028369,-20.803844,-6.4293456,-17.763187,7.018944,-14.265802,41.662205,1
6.0,6,10.028369,-20.803844,-6.4293456,-17.763187,7.018944,-14.265802,41.662205,1
6.0,6,10.028369,-20.803844,-6.4293456,-17.763187,7.018944,-14.265802,41.662205,1
6.0,6,10.028369,-20.803844,-6.4293456,-17.763187,7.018944,-14.265802,41.662205,1
6.0,6,10.028369,-20.803844,-6.4293456,-17.763187,7.018944,-14.265802,41.662205,1
6.0,6,10.028369,-20.803844,-6.4293456,-17.763187,7.018944,-14.265802,41.662205,1
5.0,5,8.652396,-3.8975778,-4.9022746,-7.5699863,-27.285942,22.915672,-12.59798,1
5.0,5,8.652396,-3.8975778,-4.9022746,-7.5699863,-27.285942,22.915672,-12.59798,1
5.0,5,8.652396,-3.8975778,-4.9022746,-7.5699863,-27.285942,22.915672,-12.59798,1
5.0,5,8.652396,-3.8975778,-4.9022746,-7.5699863,-27.285942,22.915672,-12.59798,1
5.0,5,8.652396,-3.8975778,-4.9022746,-7.5699863,-27.285942,22.915672,-12.59798,1
5.0,5,8.652396,-3.8975778,-4.9022746,-7.5699863,-27.285942,22.915672,-12.59798,1
2.0,2,-7.0486755,8.143166,31.112309,-19.073502,0.88176334,1.284664,-5.730872,1
2.0,2,-7.0486755,8.143166,31.112309,-19.073502,0.88176334,1.284664,-5.730872,1
2.0,2,-7.0486755,8.143166,31.112309,-19.073502,0.88176334,1.284664,-5.730872,1
2.0,2,-7.0486755,8.143166,31.112309,-19.073502,0.88176334,1.284664,-5.730872,1
2.0,2,-7.0486755,8.143166,31.112309,-19.073502,0.88176334,1.284664,-5.730872,1
2.0,2,-7.0486755,8.143166,31.112309,-19.073502,0.88176334,1.284664,-5.730872,1
5.0,5,8.553478,-4.0099397,-6.8714375,-4.431991,-26.165081,22.244831,-12.982704,1
5.0,5,8.553275,-4.009723,-6.871204,-4.431644,-26.165134,22.24471,-12.982933,1
5.0,5,8.55324,-4.0096803,-6.8711596,-4.4315925,-26.165148,22.24469,-12.982976,1
5.0,5,8.553473,-4.009943,-6.8714023,-4.431986,-26.165106,22.244852,-12.982722,1
5.0,5,8.553005,-4.009373,-6.871157,-4.431705,-26.165508,22.245317,-12.983423,1
5.0,5,8.553176,-4.009564,-6.8710713,-4.431826,-26.165442,22.24494,-12.98308,1
3.0,3,1.7000778,-7.1927714,-14.524756,47.803844,-1.9437793,-0.49699485,-13.517414,1
3.0,3,1.7000778,-7.1927714,-14.524756,47.803844,-1.9437793,-0.49699485,-13.517414,1
3.0,3,1.7000778,-7.1927714,-14.524756,47.803844,-1.9437793,-0.49699485,-13.517414,1
3.0,3,1.7000778,-7.1927714,-14.524756,47.803844,-1.9437793,-0.49699485,-13.517414,1
3.0,3,1.7000778,-7.1927714,-14.524756,47.803844,-1.9437793,-0.49699485,-13.517414,1
3.0,3,1.7000778,-7.1927714,-14.524756,47.803844,-1.9437793,-0.49699485,-13.517414,1
6.0,6,9.972106,-20.715364,-6.8622637,-17.239325,6.686468,-13.871323,41.252617,1
6.0,6,9.971917,-20.715294,-6.862143,-17.239574,6.6864524,-13.871323,41.252888,1
6.0,6,9.971235,-20.714506,-6.862195,-17.239803,6.6864333,-13.871172,41.252926,1
6.0,6,9.971585,-20.71478,-6.862615,-17.239277,6.6860657,-13.870852,41.252426,1
6.0,6,9.971736,-20.715103,-6.861956,-17.2397,6.686635,-13.87143,41.25299,1
6.0,6,9.971835,-20.715103,-6.862291,-17.239424,6.6863356,-13.871145,41.252644,1
6.0,6,10.245055,-21.287657,-6.6576767,-17.462273,6.67784,-14.028423,41.685543,1
6.0,6,10.245055,-21.287657,-6.6576767,-17.462273,6.67784,-14.028423,41.685543,1
6.0,6,10.245055,-21.287657,-6.6576767,-17.462273,6.67784,-14.028423,41.685543,1
6.0,6,10.245055,-21.287657,-6.6576767,-17.462273,6.67784,-14.028423,41.685543,1
6.0,6,10.245055,-21.287657,-6.6576767,-17.462273,6.67784,-14.028423,41.685543,1
6.0,6,10.245055,-21.287657,-6.6576767,-17.462273,6.67784,-14.028423,41.685543,1
2.0,2,-7.501066,8.966831,29.856455,-17.05648,0.38125432,2.27282,-7.3965673,1
2.0,2,-7.501066,8.966831,29.856455,-17.05648,0.38125432,2.27282,-7.3965673,1
2.0,2,-7.501066,8.966831,29.856455,-17.05648,0.38125432,2.27282,-7.3965673,1
2.0,2,-7.501066,8.966831,29.856455,-17.05648,0.38125432,2.27282,-7.3965673,1
2.0,2,-7.501066,8.966831,29.856455,-17.05648,0.38125432,2.27282,-7.3965673,1
2.0,2,-7.501066,8.966831,29.856455,-17.05648,0.38125432,2.27282,-7.3965673,1
6.0,6,10.268894,-21.25236,-6.7070117,-17.420052,6.5629416,-13.917972,41.49994,1
6.0,6,10.268894,-21.25236,-6.7070117,-17.420052,6.5629416,-13.917972,41.49994,1
6.0,6,10.268889,-21.252352,-6.7070146,-17.420044,6.5629473,-13.9179735,41.499935,1
6.0,6,10.268894,-21.25236,-6.7070117,-17.420052,6.5629416,-13.917972,41.49994,1
6.0,6,10.268894,-21.25236,-6.7070117,-17.420052,6.5629416,-13.917972,41.49994,1
6.0,6,10.268889,-21.25235,-6.7070146,-17.420052,6.562944,-13.917973,41.49994,1
0.0,0,11.518939,-5.802986,-12.354988,-9.705179,-7.168809,4.2791123,0.5627196,1
0.0,0,11.518939,-5.802986,-12.354988,-9.705179,-7.168809,4.2791123,0.5627196,1
0.0,0,11.518939,-5.802986,-12.354988,-9.705179,-7.168809,4.2791123,0.5627196,1
0.0,0,11.518939,-5.802986,-12.354988,-9.705179,-7.168809,4.2791123,0.5627196,1
0.0,0,11.518939,-5.802986,-12.354988,-9.705179,-7.168809,4.2791123,0.5627196,1
0.0,0,11.518939,-5.802986,-12.354988,-9.705179,-7.168809,4.2791123,0.5627196,1
2.0,2,-7.360798,8.552065,30.679604,-18.17197,0.53507054,1.8097428,-6.183096,1
2.0,2,-7.360798,8.552065,30.679604,-18.17197,0.53507054,1.8097428,-6.183096,1
2.0,2,-7.360798,8.552065,30.679604,-18.17197,0.53507054,1.8097428,-6.183096,1
2.0,2,-7.360798,8.552065,30.679604,-18.17197,0.53507054,1.8097428,-6.183096,1
2.0,2,-7.360798,8.552065,30.679604,-18.17197,0.53507054,1.8097428,-6.183096,1
2.0,2,-7.360798,8.552065,30.679604,-18.17197,0.53507054,1.8097428,-6.183096,1
4.0,4,-1.81095,14.740288,-0.9510782,-3.0178487,26.53526,-19.469076,-2.9149718,1
4.0,4,-1.81095,14.740288,-0.9510782,-3.0178487,26.53526,-19.469076,-2.9149718,1
4.0,4,-1.81095,14.740288,-0.9510782,-3.0178487,26.53526,-19.469076,-2.9149718,1
4.0,4,-1.81095,14.740288,-0.9510782,-3.0178487,26.53526,-19.469076,-2.9149718,1
4.0,4,-1.81095,14.740288,-0.9510782,-3.0178487,26.53526,-19.469076,-2.9149718,1
4.0,4,-1.81095,14.740288,-0.9510782,-3.0178487,26.53526,-19.469076,-2.9149718,1
1.0,1,-1.040405,14.651651,0.39216754,-8.641017,5.977286,-4.3015347,-9.3305645,1
1.0,1,-1.040405,14.651651,0.39216754,-8.641017,5.977286,-4.3015347,-9.3305645,1
1.0,1,-1.040405,14.651651,0.39216754,-8.641017,5.977286,-4.3015347,-9.3305645,1
1.0,1,-1.040405,14.651651,0.39216754,-8.641017,5.977286,-4.3015347,-9.3305645,1
1.0,1,-1.040405,14.651651,0.39216754,-8.641017,5.977286,-4.3015347,-9.3305645,1
1.0,1,-1.040405,14.651651,0.39216754,-8.641017,5.977286,-4.3015347,-9.3305645,1
1.0,1,-0.57533765,14.211796,0.49121746,-8.354884,6.391967,-4.7044773,-9.407558,1
1.0,1,-0.57533765,14.211796,0.49121746,-8.354884,6.391967,-4.7044773,-9.407558,1
1.0,1,-0.57533765,14.211796,0.49121746,-8.354884,6.391967,-4.7044773,-9.407558,1
1.0,1,-0.57533765,14.211796,0.49121746,-8.354884,6.391967,-4.7044773,-9.407558,1
1.0,1,-0.57533765,14.211796,0.49121746,-8.354884,6.391967,-4.7044773,-9.407558,1
1.0,1,-0.57533765,14.211796,0.49121746,-8.354884,6.391967,-4.7044773,-9.407558,1
6.0,6,9.825046,-20.62039,-6.9442534,-16.864893,6.850026,-13.921296,41.08792,1
6.0,6,9.825046,-20.62039,-6.9442534,-16.864893,6.850026,-13.921296,41.08792,1
6.0,6,9.825046,-20.62039,-6.9442534,-16.864893,6.850026,-13.921296,41.08792,1
6.0,6,9.825046,-20.62039,-6.9442534,-16.864893,6.850026,-13.921296,41.08792,1
6.0,6,9.825046,-20.62039,-6.9442534,-16.864893,6.850026,-13.921296,41.08792,1
6.0,6,9.825046,-20.62039,-6.9442534,-16.864893,6.850026,-13.921296,41.08792,1
0.0,0,11.007901,-5.8399944,-11.765197,-9.480005,-7.560524,4.648647,0.6138904,1
0.0,0,11.007901,-5.8399944,-11.765197,-9.480005,-7.560524,4.648647,0.6138904,1
0.0,0,11.007901,-5.8399944,-11.765197,-9.480005,-7.560524,4.648647,0.6138904,1
0.0,0,11.007901,-5.8399944,-11.765197,-9.480005,-7.560524,4.648647,0.6138904,1
0.0,0,11.007901,-5.8399944,-11.765197,-9.480005,-7.560524,4.648647,0.6138904,1
0.0,0,11.007901,-5.8399944,-11.765197,-9.480005,-7.560524,4.648647,0.6138904,1
5.0,5,9.6123,-6.0345526,-6.6507683,-5.8134155,-26.955975,22.130407,-10.386822,1
5.0,5,9.612301,-6.034552,-6.650757,-5.8134203,-26.955982,22.130415,-10.386826,1
5.0,5,9.612296,-6.0345454,-6.6507597,-5.813418,-26.955978,22.130413,-10.3868265,1
5.0,5,9.6123,-6.034549,-6.6507607,-5.8134227,-26.95597,22.130407,-10.386818,1
5.0,5,9.612298,-6.0345454,-6.6507697,-5.8134108,-26.955984,22.13042,-10.386833,1
5.0,5,9.612298,-6.0345454,-6.6507697,-5.8134108,-26.955984,22.13042,-10.386833,1
4.0,4,-1.7544911,13.88623,0.72113645,-3.2687469,26.435762,-19.228088,-2.7062054,1
4.0,4,-1.754462,13.886185,0.72112715,-3.268742,26.435743,-19.228083,-2.7061806,1
4.0,4,-1.7544456,13.886154,0.7211064,-3.2687812,26.435734,-19.228073,-2.7061381,1
4.0,4,-1.7544596,13.886179,0.7211335,-3.2687383,26.43574,-19.228085,-2.7061787,1
4.0,4,-1.7544718,13.8862,0.7211268,-3.268729,26.435757,-19.228088,-2.70619,1
4.0,4,-1.7544577,13.886185,0.72112525,-3.2687364,26.435747,-19.228086,-2.7061853,1
0.0,0,11.1423435,-5.602097,-13.19333,-9.061674,-6.7348013,3.6427517,1.5550601,1
0.0,0,11.142242,-5.6022315,-13.1929455,-9.062207,-6.7347956,3.6427507,1.5555756,1
0.0,0,11.1424465,-5.6021442,-13.193262,-9.062082,-6.7355685,3.6434484,1.5549376,1
0.0,0,11.142389,-5.602032,-13.193627,-9.061654,-6.734834,3.6427574,1.5551476,1
0.0,0,11.142254,-5.6016235,-13.193348,-9.062428,-6.734817,3.6428604,1.5551114,1
0.0,0,11.142304,-5.6020784,-13.193188,-9.061928,-6.7348375,3.6428032,1.5551717,1
1.0,1,-1.5840759,14.806238,1.430946,-9.296463,5.4737716,-3.8421931,-9.092767,1
1.0,1,-1.5840759,14.806238,1.430946,-9.296463,5.4737716,-3.8421931,-9.092767,1
1.0,1,-1.5840759,14.806238,1.430946,-9.296463,5.4737716,-3.8421931,-9.092767,1
1.0,1,-1.5840759,14.806238,1.430946,-9.296463,5.4737716,-3.8421931,-9.092767,1
1.0,1,-1.5840759,14.806238,1.430946,-9.296463,5.4737716,-3.8421931,-9.092767,1
1.0,1,-1.5840759,14.806238,1.430946,-9.296463,5.4737716,-3.8421931,-9.092767,1
3.0,3,1.589762,-7.3558784,-14.410311,48.270336,-1.7753631,-0.57869446,-13.411454,1
3.0,3,1.5897503,-7.3560205,-14.410376,48.270737,-1.7753466,-0.578946,-13.411255,1
3.0,3,1.5897357,-7.35597,-14.410339,48.270493,-1.7753886,-0.5786854,-13.411358,1
3.0,3,1.5897286,-7.3559756,-14.410289,48.27063,-1.7753633,-0.5788456,-13.411327,1
3.0,3,1.5897272,-7.3560224,-14.410312,48.270714,-1.7753996,-0.5789162,-13.411244,1
3.0,3,1.5897152,-7.3558354,-14.41028,48.27058,-1.775309,-0.57887614,-13.41148,1
2.0,2,-7.5963745,8.715087,30.588324,-17.764807,0.6125015,1.8691801,-6.4278116,1
2.0,2,-7.5963745,8.715087,30.588324,-17.764807,0.6125015,1.8691801,-6.4278116,1
2.0,2,-7.5963745,8.715087,30.588324,-17.764807,0.6125015,1.8691801,-6.4278116,1
2.0,2,-7.5963745,8.715087,30.588324,-17.764807,0.6125015,1.8691801,-6.4278116,1
2.0,2,-7.5963745,8.715087,30.588324,-17.764807,0.6125015,1.8691801,-6.4278116,1
2.0,2,-7.5963745,8.715087,30.588324,-17.764807,0.6125015,1.8691801,-6.4278116,1
0.0,0,11.278848,-5.519456,-11.897977,-10.236673,-7.386915,4.572858,0.40572238,1
0.0,0,11.278848,-5.5194583,-11.897973,-10.236673,-7.386917,4.5728617,0.40572047,1
0.0,0,11.278849,-5.5194626,-11.897967,-10.236677,-7.3869143,4.5728574,0.40572143,1
0.0,0,11.278849,-5.5194626,-11.897967,-10.236677,-7.3869143,4.5728574,0.40572143,1
0.0,0,11.278849,-5.5194626,-11.897967,-10.236677,-7.3869143,4.5728574,0.40572143,1
0.0,0,11.27885,-5.519456,-11.89798,-10.236677,-7.3869114,4.572854,0.4057243,1
2.0,2,-7.174876,8.359541,30.932493,-18.873337,1.0018348,1.2496113,-5.8227987,1
2.0,2,-7.174876,8.359541,30.932493,-18.873337,1.0018348,1.2496113,-5.8227987,1
2.0,2,-7.174876,8.359541,30.932493,-18.873337,1.0018348,1.2496113,-5.8227987,1
2.0,2,-7.174876,8.359541,30.932493,-18.873337,1.0018348,1.2496113,-5.8227987,1
2.0,2,-7.174876,8.359541,30.932493,-18.873337,1.0018348,1.2496113,-5.8227987,1
2.0,2,-7.174876,8.359541,30.932493,-18.873337,1.0018348,1.2496113,-5.8227987,1
1.0,1,-0.77525234,14.426832,0.20086786,-8.934124,6.7362795,-4.7525997,-8.955291,1
1.0,1,-0.77525234,14.426832,0.20086786,-8.934124,6.7362795,-4.7525997,-8.955291,1
1.0,1,-0.77525234,14.426832,0.20086786,-8.934124,6.7362795,-4.7525997,-8.955291,1
1.0,1,-0.77525234,14.426832,0.20086786,-8.934124,6.7362795,-4.7525997,-8.955291,1
1.0,1,-0.77525234,14.426832,0.20086786,-8.934124,6.7362795,-4.7525997,-8.955291,1
1.0,1,-0.77525234,14.426832,0.20086786,-8.934124,6.7362795,-4.7525997,-8.955291,1
3.0,3,1.5817997,-7.4159207,-14.383407,48.331207,-1.7952801,-0.61979616,-13.327265,1
3.0,3,1.5817807,-7.4158244,-14.383431,48.33126,-1.7951902,-0.61982334,-13.3273945,1
3.0,3,1.5817862,-7.415791,-14.383484,48.331234,-1.795231,-0.61977804,-13.327441,1
3.0,3,1.5817916,-7.415933,-14.383397,48.33125,-1.7952646,-0.61981523,-13.327249,1
3.0,3,1.5817766,-7.415855,-14.383434,48.33127,-1.7952341,-0.61981285,-13.327349,1
3.0,3,1.5817995,-7.4159417,-14.3834305,48.331234,-1.7952822,-0.6197969,-13.32724,1
1.0,1,-0.21765065,14.6310425,-0.39004192,-8.7998705,7.401695,-5.7940855,-9.138973,1
1.0,1,-0.21765065,14.6310425,-0.39004192,-8.7998705,7.401695,-5.7940855,-9.138973,1
1.0,1,-0.21765065,14.6310425,-0.39004192,-8.7998705,7.401695,-5.7940855,-9.138973,1
1.0,1,-0.21765065,14.6310425,-0.39004192,-8.7998705,7.401695,-5.7940855,-9.138973,1
1.0,1,-0.21758413,14.63096,-0.39012006,-8.799879,7.401727,-5.794096,-9.138911,1
1.0,1,-0.21765065,14.6310425,-0.39004192,-8.7998705,7.401695,-5.7940855,-9.138973,1
1.0,1,-0.8236773,15.036795,0.2313641,-8.587496,6.4041476,-4.657646,-9.985155,1
1.0,1,-0.82366014,15.036779,0.23135301,-8.587521,6.404166,-4.6576567,-9.985136,1
1.0,1,-0.8236742,15.036789,0.23135528,-8.5875,6.40417,-4.657666,-9.985135,1
1.0,1,-0.8236773,15.036793,0.23136517,-8.587497,6.4041505,-4.657649,-9.985153,1
1.0,1,-0.8236773,15.036795,0.2313641,-8.587496,6.4041476,-4.657646,-9.985155,1
1.0,1,-0.8236773,15.036795,0.2313641,-8.587496,6.4041476,-4.657646,-9.985155,1
2.0,2,-7.5952196,8.932206,30.142982,-17.569027,0.12610233,2.310771,-6.7887506,1
2.0,2,-7.5952196,8.932206,30.142982,-17.569027,0.12610233,2.310771,-6.7887506,1
2.0,2,-7.5952196,8.932206,30.142982,-17.569027,0.12610233,2.310771,-6.7887506,1
2.0,2,-7.5952196,8.932206,30.142982,-17.569027,0.12610233,2.310771,-6.7887506,1
2.0,2,-7.5952196,8.932206,30.142982,-17.569027,0.12610233,2.310771,-6.7887506,1
2.0,2,-7.5952196,8.932206,30.142982,-17.569027,0.12610233,2.310771,-6.7887506,1
1.0,1,-0.9035046,14.818956,0.108492404,-8.7854595,6.749507,-4.8445783,-9.3038845,1
1.0,1,-0.9035046,14.818956,0.108492404,-8.7854595,6.749507,-4.8445783,-9.3038845,1
1.0,1,-0.9035046,14.818956,0.108492404,-8.7854595,6.749507,-4.8445783,-9.3038845,1
1.0,1,-0.9035046,14.818956,0.108492404,-8.7854595,6.749507,-4.8445783,-9.3038845,1
1.0,1,-0.9035046,14.818956,0.108492404,-8.7854595,6.749507,-4.8445783,-9.3038845,1
1.0,1,-0.9035046,14.818956,0.108492404,-8.7854595,6.749507,-4.8445783,-9.3038845,1
2.0,2,-7.455061,8.755554,29.612734,-17.717613,-0.017321467,2.359098,-6.5288563,1
2.0,2,-7.455061,8.755554,29.612734,-17.717613,-0.017321467,2.359098,-6.5288563,1
2.0,2,-7.455061,8.755554,29.612734,-17.717613,-0.017321467,2.359098,-6.5288563,1
2.0,2,-7.455061,8.755554,29.612734,-17.717613,-0.017321467,2.359098,-6.5288563,1
2.0,2,-7.455061,8.755554,29.612734,-17.717613,-0.017321467,2.359098,-6.5288563,1
2.0,2,-7.455061,8.755554,29.612734,-17.717613,-0.017321467,2.359098,-6.5288563,1
6.0,6,10.164897,-21.144415,-6.492811,-17.650753,6.6613913,-14.034578,41.69951,1
6.0,6,10.164887,-21.144392,-6.492786,-17.650764,6.6613975,-14.034581,41.699497,1
6.0,6,10.164882,-21.144384,-6.4927845,-17.65076,6.6614056,-14.034586,41.699493,1
6.0,6,10.164884,-21.144394,-6.492795,-17.65076,6.6614056,-14.034586,41.699505,1
6.0,6,10.164883,-21.14439,-6.4927964,-17.650764,6.6614113,-14.034592,41.69951,1
6.0,6,10.164922,-21.144445,-6.492843,-17.650719,6.661353,-14.034549,41.69948,1
4.0,4,-1.6808012,14.270308,-0.066310555,-3.4742072,26.380896,-19.230907,-2.8021746,1
4.0,4,-1.6808012,14.270308,-0.066310555,-3.4742072,26.380896,-19.230907,-2.8021746,1
4.0,4,-1.6808012,14.270308,-0.066310555,-3.4742072,26.380896,-19.230907,-2.8021746,1
4.0,4,-1.6808012,14.270308,-0.066310555,-3.4742072,26.380896,-19.230907,-2.8021746,1
4.0,4,-1.6808012,14.270308,-0.066310555,-3.4742072,26.380896,-19.230907,-2.8021746,1
4.0,4,-1.6808012,14.270308,-0.066310555,-3.4742072,26.380896,-19.230907,-2.8021746,1
0.0,5,12.035838,-7.199013,-11.263433,-5.1211615,-17.688396,12.890973,-5.4519386,0
0.0,5,12.035751,-7.198856,-11.263266,-5.120696,-17.689653,12.892092,-5.452961,0
0.0,5,12.035522,-7.1984572,-11.262871,-5.1201186,-17.691706,12.893935,-5.454628,0
0.0,5,12.035275,-7.1979985,-11.262749,-5.1196685,-17.693438,12.895725,-5.456276,0
0.0,5,12.035176,-7.1975913,-11.262571,-5.1199484,-17.693972,12.896315,-5.4569044,0
0.0,5,12.035534,-7.198316,-11.263245,-5.120477,-17.691069,12.893612,-5.4543915,0
6.0,6,8.6092615,-19.109726,-6.196964,-12.882866,10.716026,-16.106354,38.904198,1
6.0,6,8.6092615,-19.109726,-6.196964,-12.882866,10.716026,-16.106354,38.904198,1
6.0,6,8.6092615,-19.109726,-6.196964,-12.882866,10.716026,-16.106354,38.904198,1
6.0,6,8.6092615,-19.109726,-6.196964,-12.882866,10.716026,-16.106354,38.904198,1
6.0,6,8.6092615,-19.109726,-6.196964,-12.882866,10.716026,-16.106354,38.904198,1
6.0,6,8.6092615,-19.109726,-6.196964,-12.882866,10.716026,-16.106354,38.904198,1
5.0,0,10.676026,-6.1973147,-9.894607,-10.00116,-11.574097,8.307981,-0.80935717,0
5.0,0,10.676026,-6.1973147,-9.894607,-10.00116,-11.574097,8.307981,-0.80935717,0
5.0,0,10.676026,-6.1973147,-9.894607,-10.00116,-11.574097,8.307981,-0.80935717,0
5.0,0,10.676026,-6.1973147,-9.894607,-10.00116,-11.574097,8.307981,-0.80935717,0
5.0,0,10.676026,-6.1973147,-9.894607,-10.00116,-11.574097,8.307981,-0.80935717,0
5.0,0,10.676026,-6.1973147,-9.894607,-10.00116,-11.574097,8.307981,-0.80935717,0
1.0,1,-1.7972095,12.7523,2.3634627,-6.670301,4.4696593,-3.2715392,-7.978245,1
1.0,1,-1.7972114,12.752296,2.3634627,-6.670299,4.4696536,-3.271534,-7.978242,1
1.0,1,-1.7972116,12.752298,2.3634639,-6.6702995,4.4696546,-3.2715354,-7.978243,1
1.0,1,-1.7972186,12.752285,2.3634744,-6.6702824,4.4696274,-3.2715178,-7.978237,1
1.0,1,-1.7972162,12.752289,2.3634732,-6.6702843,4.4696336,-3.2715225,-7.978239,1
1.0,1,-1.7972133,12.752298,2.3634663,-6.670297,4.4696527,-3.2715335,-7.9782457,1
6.0,6,10.393788,-21.405758,-6.805218,-17.561077,6.4278817,-13.877424,41.639385,1
6.0,6,10.393788,-21.405758,-6.805218,-17.561077,6.4278817,-13.877424,41.639385,1
6.0,6,10.393788,-21.405758,-6.805218,-17.561077,6.4278817,-13.877424,41.639385,1
6.0,6,10.393788,-21.405758,-6.805218,-17.561077,6.4278817,-13.877424,41.639385,1
6.0,6,10.393788,-21.405758,-6.805218,-17.561077,6.4278817,-13.877424,41.639385,1
6.0,6,10.393788,-21.405758,-6.805218,-17.561077,6.4278817,-13.877424,41.639385,1
4.0,4,-1.8015735,14.761311,-0.85198677,-3.7603166,26.048208,-19.242672,-2.7530637,1
4.0,4,-1.8015735,14.761311,-0.85198677,-3.7603166,26.048208,-19.242672,-2.7530637,1
4.0,4,-1.8015735,14.761311,-0.85198677,-3.7603166,26.048208,-19.242672,-2.7530637,1
4.0,4,-1.8015735,14.761311,-0.85198677,-3.7603166,26.048208,-19.242672,-2.7530637,1
4.0,4,-1.8015735,14.761311,-0.85198677,-3.7603166,26.048208,-19.242672,-2.7530637,1
4.0,4,-1.8015735,14.761311,-0.85198677,-3.7603166,26.048208,-19.242672,-2.7530637,1
1.0,1,-1.5233786,14.578768,1.3919646,-8.335566,4.804039,-3.2759743,-9.719083,1
1.0,1,-1.5233786,14.578768,1.3919646,-8.335566,4.804039,-3.2759743,-9.719083,1
1.0,1,-1.5233786,14.578768,1.3919646,-8.335566,4.804039,-3.2759743,-9.719083,1
1.0,1,-1.5233786,14.578768,1.3919646,-8.335566,4.804039,-3.2759743,-9.719083,1
1.0,1,-1.5233786,14.578768,1.3919646,-8.335566,4.804039,-3.2759743,-9.719083,1
1.0,1,-1.5233786,14.578768,1.3919646,-8.335566,4.804039,-3.2759743,-9.719083,1
3.0,3,1.6007566,-7.4469943,-14.390678,48.262985,-1.858637,-0.5822514,-13.281,1
3.0,3,1.6007557,-7.447,-14.390656,48.262974,-1.8586389,-0.5822631,-13.280983,1
3.0,3,1.6007407,-7.4469876,-14.39065,48.263023,-1.8585962,-0.58228457,-13.281008,1
3.0,3,1.6007576,-7.447003,-14.390671,48.262985,-1.8586408,-0.5822462,-13.2809925,1
3.0,3,1.6007645,-7.4470153,-14.390659,48.262947,-1.858663,-0.5822412,-13.280968,1
3.0,3,1.600745,-7.4469924,-14.390652,48.263,-1.858605,-0.58228695,-13.280994,1
4.0,4,0.28832138,12.160151,-1.868926,-7.6294127,15.70801,-12.271873,-3.1038575,1
4.0,4,0.28832138,12.160151,-1.868926,-7.6294127,15.70801,-12.271873,-3.1038575,1
4.0,4,0.28832138,12.160151,-1.868926,-7.6294127,15.70801,-12.271873,-3.1038575,1
4.0,4,0.28832138,12.160151,-1.868926,-7.6294127,15.70801,-12.271873,-3.1038575,1
4.0,4,0.28832138,12.160151,-1.868926,-7.6294127,15.70801,-12.271873,-3.1038575,1
4.0,4,0.28832138,12.160151,-1.868926,-7.6294127,15.70801,-12.271873,-3.1038575,1
3.0,3,1.583606,-7.442861,-14.358744,48.30526,-1.8028535,-0.62772405,-13.282204,1
3.0,3,1.583586,-7.4426904,-14.359282,48.30528,-1.8030847,-0.62738955,-13.282433,1
3.0,3,1.5840316,-7.4434505,-14.359383,48.30353,-1.804124,-0.6269468,-13.281115,1
3.0,3,1.5837264,-7.443023,-14.358689,48.304802,-1.8031152,-0.62767017,-13.281897,1
3.0,3,1.5838144,-7.443188,-14.358923,48.30441,-1.8034688,-0.6274127,-13.28161,1
3.0,3,1.5838754,-7.4432807,-14.358904,48.304176,-1.803558,-0.6273943,-13.281443,1
5.0,5,8.901749,-5.542366,-5.3048825,-5.8187017,-27.453156,22.709694,-11.145901,1
5.0,5,8.900951,-5.534955,-5.304539,-5.8251925,-27.457516,22.718151,-11.157509,1
5.0,5,8.893646,-5.5536056,-5.2975097,-5.7913775,-27.456251,22.705917,-11.132697,1
5.0,5,8.9004755,-5.5585437,-5.2945275,-5.807415,-27.443565,22.692698,-11.120043,1
5.0,5,8.898458,-5.558878,-5.294515,-5.802473,-27.44584,22.6948,-11.120614,1
5.0,5,8.905673,-5.5375943,-5.3107667,-5.831464,-27.454224,22.714828,-11.1524105,1
6.0,6,10.235324,-21.232574,-6.648335,-17.612133,6.648472,-14.02291,41.72832,1
6.0,6,10.235324,-21.232574,-6.648336,-17.61213,6.6484737,-14.02291,41.728313,1
6.0,6,10.235323,-21.232574,-6.648335,-17.612125,6.6484795,-14.022913,41.728313,1
6.0,6,10.235324,-21.232574,-6.648334,-17.61213,6.6484747,-14.02291,41.728313,1
6.0,6,10.235323,-21.232574,-6.6483383,-17.612122,6.6484785,-14.022913,41.728313,1
6.0,6,10.235322,-21.232574,-6.6483345,-17.612123,6.64848,-14.022913,41.728313,1
6.0,6,10.263737,-20.227144,-6.8475924,-16.885235,7.0301075,-14.170523,39.91439,1
6.0,6,10.263737,-20.227144,-6.8475924,-16.885235,7.0301075,-14.170523,39.91439,1
6.0,6,10.263737,-20.227144,-6.8475924,-16.885235,7.0301075,-14.170523,39.91439,1
6.0,6,10.263737,-20.227144,-6.8475924,-16.885235,7.0301075,-14.170523,39.91439,1
6.0,6,10.263737,-20.227144,-6.8475924,-16.885235,7.0301075,-14.170523,39.91439,1
6.0,6,10.263737,-20.227144,-6.8475924,-16.885235,7.0301075,-14.170523,39.91439,1
2.0,2,-7.195834,8.412941,30.871853,-18.846466,1.0140175,1.2493247,-5.839695,1
2.0,2,-7.195837,8.412947,30.871845,-18.846466,1.0140122,1.2493268,-5.839694,1
2.0,2,-7.195835,8.412941,30.871853,-18.84647,1.0140175,1.2493225,-5.839691,1
2.0,2,-7.195835,8.412941,30.871853,-18.84647,1.0140175,1.2493225,-5.839691,1
2.0,2,-7.195818,8.412931,30.871822,-18.846565,1.0139557,1.2493402,-5.8396473,1
2.0,2,-7.195835,8.412941,30.871853,-18.846466,1.0140182,1.2493228,-5.839691,1
5.0,5,8.22421,-3.7165031,-4.8205476,-7.97423,-24.353888,20.000769,-10.025125,1
5.0,5,8.22421,-3.7165031,-4.8205476,-7.97423,-24.353888,20.000769,-10.025125,1
5.0,5,8.22421,-3.7165031,-4.8205476,-7.97423,-24.353888,20.000769,-10.025125,1
5.0,5,8.22421,-3.7165031,-4.8205476,-7.97423,-24.353888,20.000769,-10.025125,1
5.0,5,8.22421,-3.7165031,-4.8205476,-7.97423,-24.353888,20.000769,-10.025125,1
5.0,5,8.22421,-3.7165031,-4.8205476,-7.97423,-24.353888,20.000769,-10.025125,1
0.0,0,11.429544,-5.4071255,-12.6229,-10.010342,-7.10254,4.1929173,0.5550711,1
0.0,0,11.429544,-5.4071255,-12.6229,-10.010342,-7.10254,4.1929173,0.5550711,1
0.0,0,11.429544,-5.4071255,-12.6229,-10.010342,-7.10254,4.1929173,0.5550711,1
0.0,0,11.429544,-5.4071255,-12.6229,-10.010342,-7.10254,4.1929173,0.5550711,1
0.0,0,11.429544,-5.4071255,-12.6229,-10.010342,-7.10254,4.1929173,0.5550711,1
0.0,0,11.429544,-5.4071255,-12.6229,-10.010342,-7.10254,4.1929173,0.5550711,1
0.0,0,11.27838,-5.9323263,-12.259787,-10.064784,-7.652087,4.6301603,1.2028754,1
0.0,0,11.278269,-5.931916,-12.260331,-10.064972,-7.651696,4.6298513,1.2032282,1
0.0,0,11.278378,-5.9323297,-12.259768,-10.06479,-7.6520987,4.6301727,1.2028644,1
0.0,0,11.278382,-5.9323454,-12.259747,-10.064781,-7.652112,4.630183,1.2028515,1
0.0,0,11.278267,-5.9319253,-12.260305,-10.064978,-7.6517115,4.6298633,1.2032185,1
0.0,0,11.278394,-5.932341,-12.259781,-10.06477,-7.652089,4.630158,1.2028525,1
0.0,0,10.878483,-5.8274336,-12.013557,-9.02104,-6.7647676,3.75428,1.5419047,1
0.0,0,10.878696,-5.8273053,-12.013933,-9.02093,-6.7645926,3.7540789,1.5416098,1
0.0,0,10.8785925,-5.8273273,-12.013856,-9.020775,-6.764715,3.7542295,1.5415256,1
0.0,0,10.878502,-5.827626,-12.013489,-9.020699,-6.7649045,3.754395,1.5417459,1
0.0,0,10.878471,-5.8274574,-12.013513,-9.021155,-6.7645874,3.754098,1.5421326,1
0.0,0,10.878476,-5.8275414,-12.013466,-9.020813,-6.764873,3.754377,1.5417669,1
6.0,0,7.455824,-3.8901606,-7.095496,-11.440316,-5.8945527,3.2904935,4.138193,0
6.0,0,7.455905,-3.890337,-7.095578,-11.440626,-5.8939996,3.2899013,4.1389284,0
6.0,0,7.455819,-3.890101,-7.095558,-11.440255,-5.894433,3.2903938,4.1381626,0
6.0,0,7.455841,-3.8901424,-7.0955276,-11.440298,-5.8945374,3.290484,4.1381426,0
6.0,0,7.455862,-3.890184,-7.095556,-11.440419,-5.894247,3.2901816,4.13846,0
6.0,0,7.4557714,-3.8901205,-7.0954733,-11.440218,-5.894567,3.2905145,4.1381397,0
1.0,1,-1.0547748,14.770233,0.3680279,-8.641108,6.2791853,-4.567836,-9.315465,1
1.0,1,-1.0547748,14.770233,0.3680279,-8.641108,6.2791853,-4.567836,-9.315465,1
1.0,1,-1.0547748,14.770233,0.3680279,-8.641108,6.2791853,-4.567836,-9.315465,1
1.0,1,-1.0547748,14.770233,0.3680279,-8.641108,6.2791853,-4.567836,-9.315465,1
1.0,1,-1.0547748,14.770233,0.3680279,-8.641108,6.2791853,-4.567836,-9.315465,1
1.0,1,-1.0547748,14.770233,0.3680279,-8.641108,6.2791853,-4.567836,-9.315465,1
5.0,5,8.880497,-5.066523,-4.6118536,-7.416369,-27.370176,22.957304,-11.492045,1
5.0,5,8.880497,-5.0665097,-4.611851,-7.416382,-27.370176,22.957308,-11.492059,1
5.0,5,8.88029,-5.0663104,-4.6114063,-7.4163866,-27.370209,22.957253,-11.492219,1
5.0,5,8.880509,-5.066531,-4.6118712,-7.4163947,-27.370153,22.957293,-11.492023,1
5.0,5,8.88054,-5.066577,-4.6119013,-7.4164257,-27.370138,22.95729,-11.491974,1
5.0,5,8.880505,-5.066517,-4.611872,-7.416393,-27.37017,22.957325,-11.492057,1
6.0,6,9.330093,-19.751106,-7.264395,-16.58078,6.580701,-13.425422,40.409115,1
6.0,6,9.330093,-19.751106,-7.264395,-16.58078,6.580701,-13.425422,40.409115,1
6.0,6,9.330093,-19.751106,-7.264395,-16.58078,6.580701,-13.425422,40.409115,1
6.0,6,9.330093,-19.751106,-7.264395,-16.58078,6.580701,-13.425422,40.409115,1
6.0,6,9.330093,-19.751106,-7.264395,-16.58078,6.580701,-13.425422,40.409115,1
6.0,6,9.330093,-19.751106,-7.264395,-16.58078,6.580701,-13.425422,40.409115,1
4.0,4,-1.5577736,14.879784,-1.0554626,-4.2800455,25.320288,-18.700342,-3.1376731,1
4.0,4,-1.5577736,14.879784,-1.0554626,-4.2800455,25.320288,-18.700342,-3.1376731,1
4.0,4,-1.5577736,14.879784,-1.0554626,-4.2800455,25.320288,-18.700342,-3.1376731,1
4.0,4,-1.5577736,14.879784,-1.0554626,-4.2800455,25.320288,-18.700342,-3.1376731,1
4.0,4,-1.5577736,14.879784,-1.0554626,-4.2800455,25.320288,-18.700342,-3.1376731,1
4.0,4,-1.5577736,14.879784,-1.0554626,-4.2800455,25.320288,-18.700342,-3.1376731,1
2.0,2,-7.3157845,8.291708,31.183504,-18.598633,1.021305,1.3323716,-5.7060633,1
2.0,2,-7.3157845,8.291708,31.183504,-18.598633,1.021305,1.3323716,-5.7060633,1
2.0,2,-7.3157845,8.291708,31.183504,-18.598633,1.021305,1.3323716,-5.7060633,1
2.0,2,-7.3157845,8.291708,31.183504,-18.598633,1.021305,1.3323716,-5.7060633,1
2.0,2,-7.3157845,8.291708,31.183504,-18.598633,1.021305,1.3323716,-5.7060633,1
2.0,2,-7.3157845,8.291708,31.183504,-18.598633,1.021305,1.3323716,-5.7060633,1
4.0,4,-1.0615551,12.982143,0.6403328,-4.7273884,24.359154,-18.027594,-2.2150917,1
4.0,4,-1.0615551,12.982143,0.6403328,-4.7273884,24.359154,-18.027594,-2.2150917,1
4.0,4,-1.0615551,12.982143,0.6403328,-4.7273884,24.359154,-18.027594,-2.2150917,1
4.0,4,-1.0615551,12.982143,0.6403328,-4.7273884,24.359154,-18.027594,-2.2150917,1
4.0,4,-1.0615551,12.982143,0.6403328,-4.7273884,24.359154,-18.027594,-2.2150917,1
4.0,4,-1.0615551,12.982143,0.6403328,-4.7273884,24.359154,-18.027594,-2.2150917,1
3.0,3,1.593204,-7.442858,-14.378803,48.32336,-1.760677,-0.63397634,-13.299662,1
3.0,3,1.5933287,-7.442864,-14.379333,48.323235,-1.7608095,-0.63370764,-13.2997055,1
3.0,3,1.5933299,-7.442662,-14.379484,48.323288,-1.7608117,-0.6336664,-13.299986,1
3.0,3,1.5942018,-7.443954,-14.379908,48.32177,-1.7603425,-0.63341224,-13.298595,1
3.0,3,1.5926692,-7.4418006,-14.378927,48.32431,-1.761207,-0.6339146,-13.300848,1
3.0,3,1.593977,-7.443732,-14.3798485,48.32211,-1.7606155,-0.6333703,-13.298801,1
5.0,5,8.201596,-3.9480033,-4.7033625,-6.474792,-28.391829,23.785065,-12.9268,1
5.0,5,8.201356,-3.9477506,-4.703011,-6.4747443,-28.391968,23.785133,-12.92702,1
5.0,5,8.2012205,-3.9473872,-4.702508,-6.4753327,-28.392162,23.785343,-12.927344,1
5.0,5,8.202222,-3.9487758,-4.7048984,-6.4747076,-28.39224,23.785769,-12.926443,1
5.0,5,8.20181,-3.9484334,-4.7031627,-6.4746695,-28.391634,23.78459,-12.926409,1
5.0,5,8.202018,-3.9485831,-4.7038355,-6.4749565,-28.392044,23.785315,-12.926453,1
6.0,6,9.987317,-20.861946,-6.552076,-17.478287,6.9607496,-14.179712,41.588684,1
6.0,6,9.987209,-20.861773,-6.552039,-17.478317,6.960857,-14.179767,41.588665,1
6.0,6,9.987194,-20.861738,-6.5520964,-17.478264,6.9608374,-14.17974,41.58861,1
6.0,6,9.9872265,-20.86179,-6.5520678,-17.478325,6.960812,-14.17974,41.588665,1
6.0,6,9.987264,-20.86186,-6.5519996,-17.478447,6.960788,-14.17975,41.58877,1
6.0,6,9.987249,-20.861824,-6.552055,-17.478367,6.9607835,-14.179728,41.588696,1
5.0,5,8.368802,-3.7513342,-4.311506,-7.628681,-27.743118,23.375927,-12.879412,1
5.0,5,8.368748,-3.7512708,-4.311543,-7.6283903,-27.743103,23.375816,-12.879498,1
5.0,5,8.368784,-3.7513022,-4.311599,-7.628512,-27.74311,23.375902,-12.879475,1
5.0,5,8.368857,-3.751399,-4.31158,-7.628723,-27.743107,23.375944,-12.879359,1
5.0,5,8.3687725,-3.7512836,-4.311582,-7.6285133,-27.743113,23.375898,-12.879487,1
5.0,5,8.368833,-3.7513623,-4.3115997,-7.6286807,-27.74311,23.37596,-12.879401,1
0.0,0,9.996677,-3.946599,-10.527469,-12.139538,-6.1883497,3.7307653,1.7165463,1
0.0,0,9.996555,-3.9464073,-10.527325,-12.139622,-6.1883674,3.7308578,1.7163503,1
0.0,0,9.996348,-3.946384,-10.527003,-12.139815,-6.1882796,3.7308068,1.7166944,1
0.0,0,9.996488,-3.9465504,-10.52746,-12.139176,-6.188319,3.7308006,1.7164154,1
0.0,0,9.995463,-3.9457736,-10.526096,-12.140165,-6.187653,3.730421,1.7173996,1
0.0,0,9.996451,-3.946403,-10.527111,-12.139858,-6.188134,3.7306266,1.7168458,1
0.0,0,10.846072,-5.812995,-11.5026655,-9.635334,-7.4121904,4.5397787,1.1714926,1
0.0,0,10.845957,-5.812919,-11.502423,-9.635308,-7.412401,4.5400486,1.1712525,1
0.0,0,10.845973,-5.8129215,-11.502467,-9.635311,-7.4123764,4.540017,1.1712863,1
0.0,0,10.8459425,-5.8128777,-11.502451,-9.635357,-7.412363,4.5400176,1.1712952,1
0.0,0,10.846049,-5.813006,-11.502592,-9.635347,-7.412245,4.5398383,1.1714711,1
0.0,0,10.846077,-5.812987,-11.502673,-9.635344,-7.4121914,4.539778,1.1714826,1
0.0,5,10.224383,-4.7172337,-9.59903,-4.963896,-20.117924,15.848621,-9.024586,0
0.0,5,10.224383,-4.7172337,-9.59903,-4.963896,-20.117924,15.848621,-9.024586,0
0.0,5,10.224383,-4.7172337,-9.59903,-4.963896,-20.117924,15.848621,-9.024586,0
0.0,5,10.224383,-4.7172337,-9.59903,-4.963896,-20.117924,15.848621,-9.024586,0
0.0,5,10.224383,-4.7172337,-9.59903,-4.963896,-20.117924,15.848621,-9.024586,0
0.0,5,10.224383,-4.7172337,-9.59903,-4.963896,-20.117924,15.848621,-9.024586,0
2.0,2,-7.5115185,8.323344,30.951698,-17.77501,0.941769,1.656567,-6.236512,1
2.0,2,-7.5115185,8.323344,30.951698,-17.77501,0.941769,1.656567,-6.236512,1
2.0,2,-7.5115185,8.323344,30.951698,-17.77501,0.941769,1.656567,-6.236512,1
2.0,2,-7.5115185,8.323344,30.951698,-17.77501,0.941769,1.656567,-6.236512,1
2.0,2,-7.5115185,8.323344,30.951698,-17.77501,0.941769,1.656567,-6.236512,1
2.0,2,-7.5115185,8.323344,30.951698,-17.77501,0.941769,1.656567,-6.236512,1
0.0,0,11.539876,-5.9098177,-12.3874855,-9.467928,-6.879016,4.0201225,0.68105054,1
0.0,0,11.539711,-5.9097114,-12.387198,-9.468378,-6.8791585,4.020296,0.6811731,1
0.0,0,11.539612,-5.9095454,-12.387211,-9.468319,-6.87893,4.020152,0.68109536,1
0.0,0,11.539745,-5.909794,-12.3872595,-9.468158,-6.879102,4.020229,0.6811569,1
0.0,0,11.539518,-5.9097567,-12.386723,-9.46856,-6.8793926,4.020587,0.6811242,1
0.0,0,11.539742,-5.90985,-12.387078,-9.468695,-6.8795614,4.0206027,0.6813266,1
2.0,2,-6.942443,8.0721245,30.93853,-19.571873,0.34139955,1.5886418,-5.586504,1
2.0,2,-6.942418,8.072079,30.93854,-19.571804,0.3412937,1.588746,-5.586591,1
2.0,2,-6.9424458,8.07213,30.938568,-19.571827,0.34141624,1.588641,-5.5865526,1
2.0,2,-6.942438,8.072111,30.938593,-19.571827,0.34142005,1.588637,-5.5865498,1
2.0,2,-6.942438,8.072119,30.938524,-19.57188,0.34137428,1.5886604,-5.586504,1
2.0,2,-6.942438,8.072111,30.938593,-19.571827,0.34142005,1.588637,-5.5865498,1
0.0,5,9.981065,-5.619265,-8.853388,-8.353055,-17.14269,13.313259,-4.52044,0
0.0,5,9.981118,-5.619429,-8.853342,-8.352994,-17.14215,13.312611,-4.5199795,0
0.0,5,9.981085,-5.6193967,-8.853331,-8.353041,-17.14212,13.312585,-4.519931,0
0.0,5,9.981126,-5.6194615,-8.853455,-8.352764,-17.142414,13.312887,-4.5202065,0
0.0,5,9.98103,-5.6191454,-8.853649,-8.352905,-17.142414,13.31297,-4.5202885,0
0.0,5,9.981069,-5.6193376,-8.853605,-8.353008,-17.14236,13.313045,-4.52023,0
5.0,5,6.525277,-2.4186783,-2.624207,-4.723509,-28.084059,25.321146,-15.908696,1
5.0,5,6.525223,-2.4186683,-2.6241984,-4.7233305,-28.084057,25.32115,-15.908737,1
5.0,5,6.5253534,-2.4187522,-2.624356,-4.7234583,-28.083988,25.321041,-15.90859,1
5.0,5,6.525387,-2.4187841,-2.6244104,-4.723547,-28.08405,25.321095,-15.908545,1
5.0,5,6.52524,-2.4185567,-2.6240277,-4.723854,-28.08409,25.321362,-15.908852,1
5.0,5,6.5254116,-2.4186811,-2.6242924,-4.724122,-28.084202,25.321384,-15.908638,1
2.0,2,-2.9868987,6.8540406,11.0658,-5.3421803,-0.8694383,1.0705961,-6.6237926,1
2.0,2,-2.9868987,6.8540406,11.0658,-5.3421803,-0.8694383,1.0705961,-6.6237926,1
2.0,2,-2.9868987,6.8540406,11.0658,-5.3421803,-0.8694383,1.0705961,-6.6237926,1
2.0,2,-2.9868987,6.8540406,11.0658,-5.3421803,-0.8694383,1.0705961,-6.6237926,1
2.0,2,-2.9868987,6.8540406,11.0658,-5.3421803,-0.8694383,1.0705961,-6.6237926,1
2.0,2,-2.9868987,6.8540406,11.0658,-5.3421803,-0.8694383,1.0705961,-6.6237926,1
1.0,1,-0.8781965,14.623728,0.21654436,-8.859833,6.7129717,-4.7633677,-9.122446,1
1.0,1,-0.8781965,14.623728,0.21654436,-8.859833,6.7129717,-4.7633677,-9.122446,1
1.0,1,-0.8781965,14.623728,0.21654436,-8.859833,6.7129717,-4.7633677,-9.122446,1
1.0,1,-0.8781965,14.623728,0.21654436,-8.859833,6.7129717,-4.7633677,-9.122446,1
1.0,1,-0.8781965,14.623728,0.21654436,-8.859833,6.7129717,-4.7633677,-9.122446,1
1.0,1,-0.8781965,14.623728,0.21654436,-8.859833,6.7129717,-4.7633677,-9.122446,1
2.0,2,-7.1728945,7.9109554,30.916214,-17.82386,0.56223094,1.8609263,-6.356163,1
2.0,2,-7.1728706,7.910932,30.916222,-17.823837,0.5621661,1.8609782,-6.356225,1
2.0,2,-7.172805,7.9107842,30.916216,-17.823761,0.5620583,1.8610684,-6.3562393,1
2.0,2,-7.1727943,7.9107747,30.916336,-17.823727,0.56213176,1.8610109,-6.3562975,1
2.0,2,-7.1728973,7.9109464,30.916164,-17.823917,0.5621823,1.8609678,-6.356105,1
2.0,2,-7.1728354,7.9108853,30.916138,-17.82364,0.5620698,1.8610905,-6.3563795,1
0.0,0,10.669424,-5.7318544,-11.308044,-10.164461,-8.104685,5.2440763,0.8891089,1
0.0,0,10.669424,-5.7318544,-11.308044,-10.164461,-8.104685,5.2440763,0.8891089,1
0.0,0,10.669424,-5.7318544,-11.308044,-10.164461,-8.104685,5.2440763,0.8891089,1
0.0,0,10.669424,-5.7318544,-11.308044,-10.164461,-8.104685,5.2440763,0.8891089,1
0.0,0,10.669424,-5.7318544,-11.308044,-10.164461,-8.104685,5.2440763,0.8891089,1
0.0,0,10.669424,-5.7318544,-11.308044,-10.164461,-8.104685,5.2440763,0.8891089,1
6.0,6,10.044417,-20.936008,-6.4836955,-17.666294,6.9815454,-14.23918,41.738323,1
6.0,6,10.044417,-20.936008,-6.4836955,-17.666294,6.9815454,-14.23918,41.738323,1
6.0,6,10.044417,-20.936008,-6.4836955,-17.666294,6.9815454,-14.23918,41.738323,1
6.0,6,10.044417,-20.936008,-6.4836955,-17.666294,6.9815454,-14.23918,41.738323,1
6.0,6,10.044417,-20.936008,-6.4836955,-17.666294,6.9815454,-14.23918,41.738323,1
6.0,6,10.044417,-20.936008,-6.4836955,-17.666294,6.9815454,-14.23918,41.738323,1
4.0,4,-1.8802888,14.828814,-0.54184103,-3.4651477,26.237648,-19.205189,-3.0813625,1
4.0,4,-1.8802888,14.828814,-0.54184103,-3.4651477,26.237648,-19.205189,-3.0813625,1
4.0,4,-1.8802888,14.828814,-0.54184103,-3.4651477,26.237648,-19.205189,-3.0813625,1
4.0,4,-1.8802888,14.828814,-0.54184103,-3.4651477,26.237648,-19.205189,-3.0813625,1
4.0,4,-1.8802888,14.828812,-0.5418415,-3.4651473,26.237648,-19.20519,-3.081362,1
4.0,4,-1.8802888,14.828812,-0.5418415,-3.4651473,26.237648,-19.20519,-3.081362,1
6.0,6,10.118182,-21.014946,-6.7466397,-17.125912,6.8861637,-14.08567,41.35542,1
6.0,6,10.118169,-21.014933,-6.746622,-17.125885,6.8861957,-14.085682,41.355408,1
6.0,6,10.11818,-21.014921,-6.7466364,-17.125916,6.886161,-14.08566,41.3554,1
6.0,6,10.118194,-21.014986,-6.746659,-17.125843,6.8861704,-14.085663,41.3554,1
6.0,6,10.118173,-21.014925,-6.7466426,-17.125856,6.88619,-14.085677,41.355377,1
6.0,6,10.118204,-21.015009,-6.746664,-17.125843,6.8861494,-14.085651,41.355408,1
3.0,3,1.5834501,-7.389094,-14.398462,48.32386,-1.7918669,-0.6174842,-13.359616,1
3.0,3,1.5834515,-7.3891063,-14.398463,48.323856,-1.7918731,-0.61748254,-13.359602,1
3.0,3,1.5834517,-7.3891025,-14.398465,48.323853,-1.7918717,-0.61748135,-13.35961,1
3.0,3,1.5834513,-7.3891025,-14.398461,48.323856,-1.7918733,-0.61748374,-13.359606,1
3.0,3,1.5834501,-7.389094,-14.398466,48.32386,-1.7918667,-0.6174847,-13.359618,1
3.0,3,1.5834513,-7.3891044,-14.398461,48.323856,-1.7918755,-0.6174799,-13.359606,1
1.0,1,-1.4548564,14.702778,1.1640015,-8.266218,4.757046,-3.208692,-9.977272,1
1.0,1,-1.4548564,14.702778,1.1640015,-8.266218,4.757046,-3.208692,-9.977272,1
1.0,1,-1.4548564,14.702778,1.1640015,-8.266218,4.757046,-3.208692,-9.977272,1
1.0,1,-1.4548564,14.702778,1.1640015,-8.266218,4.757046,-3.208692,-9.977272,1
1.0,1,-1.4548564,14.702778,1.1640015,-8.266218,4.757046,-3.208692,-9.977272,1
1.0,1,-1.4548564,14.702778,1.1640015,-8.266218,4.757046,-3.208692,-9.977272,1
2.0,2,-7.4567375,9.247835,29.28068,-17.71606,-0.3980688,2.7086973,-7.126993,1
2.0,2,-7.4567165,9.247823,29.280554,-17.716022,-0.39820635,2.7088203,-7.127042,1
2.0,2,-7.4567366,9.247887,29.280422,-17.715958,-0.39827168,2.708881,-7.1271133,1
2.0,2,-7.4567404,9.247946,29.280306,-17.715971,-0.39832056,2.708918,-7.1271343,1
2.0,2,-7.4567175,9.247756,29.28078,-17.716145,-0.39801133,2.7086453,-7.1268854,1
2.0,2,-7.456702,9.247841,29.280582,-17.716019,-0.39826238,2.7088485,-7.1271095,1
1.0,1,1.4488986,12.019247,-1.47105,-9.6418705,9.951748,-7.392306,-6.2089777,1
1.0,1,1.4488986,12.019247,-1.47105,-9.6418705,9.951748,-7.392306,-6.2089777,1
1.0,1,1.4488986,12.019247,-1.47105,-9.6418705,9.951748,-7.392306,-6.2089777,1
1.0,1,1.4488986,12.019247,-1.47105,-9.6418705,9.951748,-7.392306,-6.2089777,1
1.0,1,1.4488986,12.019247,-1.47105,-9.6418705,9.951748,-7.392306,-6.2089777,1
1.0,1,1.4488986,12.019247,-1.47105,-9.6418705,9.951748,-7.392306,-6.2089777,1
6.0,6,10.242116,-21.24541,-6.7679205,-17.47556,6.5694356,-13.938852,41.639492,1
6.0,6,10.242116,-21.24541,-6.7679205,-17.47556,6.5694356,-13.938852,41.639492,1
6.0,6,10.242116,-21.24541,-6.7679205,-17.47556,6.5694356,-13.938852,41.639492,1
6.0,6,10.242116,-21.24541,-6.7679205,-17.47556,6.5694356,-13.938852,41.639492,1
6.0,6,10.242116,-21.24541,-6.7679205,-17.47556,6.5694356,-13.938852,41.639492,1
6.0,6,10.242116,-21.24541,-6.7679205,-17.47556,6.5694356,-13.938852,41.639492,1
3.0,3,1.6282799,-7.4759746,-14.404366,48.193607,-1.9123031,-0.5459007,-13.244946,1
3.0,3,1.6282463,-7.475942,-14.404362,48.1937,-1.9122599,-0.5459329,-13.244989,1
3.0,3,1.6282728,-7.4759765,-14.40439,48.19362,-1.9123327,-0.5459198,-13.244917,1
3.0,3,1.6282732,-7.4759746,-14.404358,48.193607,-1.9123467,-0.5458802,-13.244944,1
3.0,3,1.6281819,-7.475864,-14.40435,48.193874,-1.9121248,-0.54602826,-13.245084,1
3.0,3,1.6283202,-7.476049,-14.404371,48.1935,-1.9123939,-0.5458356,-13.24486,1
6.0,6,9.520324,-17.545431,-6.1270947,-14.444544,6.456308,-12.392492,33.463295,1
6.0,6,9.520324,-17.545431,-6.1270947,-14.444544,6.456308,-12.392492,33.463295,1
6.0,6,9.520324,-17.545431,-6.1270947,-14.444544,6.456308,-12.392492,33.463295,1
6.0,6,9.520324,-17.545431,-6.1270947,-14.444544,6.456308,-12.392492,33.463295,1
6.0,6,9.520324,-17.545431,-6.1270947,-14.444544,6.456308,-12.392492,33.463295,1
6.0,6,9.520324,-17.545431,-6.1270947,-14.444544,6.456308,-12.392492,33.463295,1
0.0,0,11.063034,-5.7498517,-12.055099,-9.174916,-7.055603,4.129318,0.95363855,1
0.0,0,11.063034,-5.7498517,-12.055099,-9.174916,-7.055603,4.129318,0.95363855,1
0.0,0,11.063034,-5.7498517,-12.055099,-9.174916,-7.055603,4.129318,0.95363855,1
0.0,0,11.063034,-5.7498517,-12.055099,-9.174916,-7.055603,4.129318,0.95363855,1
0.0,0,11.063034,-5.7498517,-12.055099,-9.174916,-7.055603,4.129318,0.95363855,1
0.0,0,11.063035,-5.7498517,-12.055098,-9.174915,-7.055603,4.1293187,0.9536388,1
0.0,0,10.725677,-5.467002,-10.525478,-11.387988,-6.1685724,3.3784523,2.229716,1
0.0,0,10.727776,-5.468656,-10.527428,-11.386389,-6.170134,3.3794694,2.2274072,1
0.0,0,10.726561,-5.470733,-10.524211,-11.3855095,-6.170171,3.3790417,2.2305858,1
0.0,0,10.726217,-5.4689407,-10.526637,-11.384948,-6.1673207,3.3764534,2.2316067,1
0.0,0,10.726774,-5.469556,-10.528707,-11.383211,-6.1672816,3.3761292,2.2318246,1
0.0,0,10.726614,-5.468811,-10.528751,-11.384051,-6.167435,3.3764334,2.2314737,1
3.0,3,1.5935829,-7.4106984,-14.405945,48.28939,-1.8105062,-0.5957943,-13.333286,1
3.0,3,1.5935884,-7.4106994,-14.405954,48.28938,-1.8105141,-0.5957867,-13.333284,1
3.0,3,1.5935836,-7.4106975,-14.405949,48.289394,-1.8105034,-0.5957943,-13.333287,1
3.0,3,1.5935838,-7.4106956,-14.405946,48.289387,-1.810505,-0.59579456,-13.333287,1
3.0,3,1.5935864,-7.4106965,-14.405952,48.289383,-1.8105077,-0.59579027,-13.333288,1
3.0,3,1.5935831,-7.4106984,-14.405942,48.28939,-1.8105053,-0.5957955,-13.333285,1
5.0,5,7.7220793,-5.0602026,-4.2144537,-7.748577,-23.98428,19.551256,-6.7747507,1
5.0,5,7.721814,-5.0598254,-4.2154193,-7.7479215,-23.983406,19.550613,-6.7744036,1
5.0,5,7.722539,-5.0607233,-4.2152567,-7.747341,-23.984627,19.551222,-6.775283,1
5.0,5,7.722892,-5.061205,-4.2152104,-7.746913,-23.98657,19.552914,-6.7764883,1
5.0,5,7.722722,-5.0610356,-4.215099,-7.747118,-23.986626,19.553085,-6.7764072,1
5.0,5,7.722028,-5.060243,-4.2144313,-7.748519,-23.984377,19.55133,-6.7746773,1
6.0,6,10.49811,-20.773489,-6.899724,-17.181076,6.2147202,-13.525005,40.296864,1
6.0,6,10.49811,-20.773489,-6.899724,-17.181076,6.2147202,-13.525005,40.296864,1
6.0,6,10.498111,-20.773489,-6.899722,-17.181076,6.214722,-13.525006,40.296867,1
6.0,6,10.49811,-20.773489,-6.899724,-17.181076,6.2147202,-13.525005,40.296864,1
6.0,6,10.49811,-20.773489,-6.899724,-17.181076,6.2147202,-13.525005,40.296864,1
6.0,6,10.49811,-20.773489,-6.899724,-17.181076,6.2147202,-13.525005,40.296864,1
4.0,4,-1.8687408,14.86569,-0.9398532,-3.564571,26.144672,-19.252851,-2.8407664,1
4.0,4,-1.8687408,14.86569,-0.9398532,-3.564571,26.144672,-19.252851,-2.8407664,1
4.0,4,-1.8687408,14.86569,-0.9398532,-3.564571,26.144672,-19.252851,-2.8407664,1
4.0,4,-1.8687408,14.86569,-0.9398532,-3.564571,26.144672,-19.252851,-2.8407664,1
4.0,4,-1.8687408,14.86569,-0.9398532,-3.564571,26.144672,-19.252851,-2.8407664,1
4.0,4,-1.8687408,14.86569,-0.9398532,-3.564571,26.144672,-19.252851,-2.8407664,1
5.0,5,9.904163,-5.5320725,-8.550231,-6.2096195,-21.38603,16.929365,-7.684144,1
5.0,5,9.904163,-5.5320725,-8.550231,-6.2096195,-21.38603,16.929365,-7.684144,1
5.0,5,9.904163,-5.5320725,-8.550231,-6.2096195,-21.38603,16.929365,-7.684144,1
5.0,5,9.904163,-5.5320725,-8.550231,-6.2096195,-21.38603,16.929365,-7.684144,1
5.0,5,9.904163,-5.5320725,-8.550231,-6.2096195,-21.38603,16.929365,-7.684144,1
5.0,5,9.904163,-5.5320725,-8.550231,-6.2096195,-21.38603,16.929365,-7.684144,1
1.0,1,-0.9006903,14.124582,1.5466394,-7.7037945,6.5071616,-5.474535,-9.131813,1
1.0,1,-0.9006727,14.124578,1.5466113,-7.703827,6.507172,-5.474534,-9.131804,1
1.0,1,-0.90069103,14.124586,1.5466385,-7.703797,6.507159,-5.4745317,-9.131815,1
1.0,1,-0.90069103,14.124586,1.5466385,-7.703797,6.507159,-5.4745317,-9.131815,1
1.0,1,-0.90069103,14.124586,1.5466385,-7.703797,6.507159,-5.4745317,-9.131815,1
1.0,1,-0.9006903,14.124582,1.5466394,-7.7037945,6.5071616,-5.474535,-9.131813,1
3.0,3,1.7203231,-7.631844,-14.311369,47.787083,-2.1058373,-0.50126755,-12.961893,1
3.0,3,1.7202778,-7.631779,-14.311387,47.787254,-2.1057386,-0.5013095,-12.961998,1
3.0,3,1.7202513,-7.631741,-14.311388,47.787342,-2.1056795,-0.50133383,-12.962061,1
3.0,3,1.7203126,-7.631828,-14.311371,47.78711,-2.105815,-0.5012797,-12.961915,1
3.0,3,1.7202764,-7.6317687,-14.311379,47.787262,-2.10573,-0.50130594,-12.962021,1
3.0,3,1.7202704,-7.631767,-14.311386,47.78728,-2.105721,-0.50131214,-12.962027,1
4.0,4,-1.6379678,14.352211,-0.6096635,-3.4795697,26.080967,-19.011396,-2.877772,1
4.0,4,-1.6379833,14.352194,-0.60961735,-3.479552,26.08098,-19.011389,-2.8777661,1
4.0,4,-1.6379647,14.352213,-0.609679,-3.4796038,26.080952,-19.011393,-2.8777552,1
4.0,4,-1.6379564,14.352201,-0.6096655,-3.4796417,26.080912,-19.011368,-2.8777506,1
4.0,4,-1.6379731,14.352211,-0.60966253,-3.479576,26.08097,-19.011398,-2.8777604,1
4.0,4,-1.6379569,14.352196,-0.60965776,-3.479587,26.080957,-19.011389,-2.877761,1
3.0,3,1.5844407,-7.4200616,-14.374399,48.32418,-1.7879895,-0.62489235,-13.3223095,1
3.0,3,1.5844536,-7.420076,-14.374418,48.32412,-1.7880627,-0.6248554,-13.322275,1
3.0,3,1.584446,-7.4200616,-14.374393,48.324142,-1.7880155,-0.6248807,-13.322303,1
3.0,3,1.5844507,-7.420074,-14.374418,48.324127,-1.7880486,-0.6248647,-13.322277,1
3.0,3,1.5844474,-7.420073,-14.374391,48.32415,-1.7880062,-0.6248859,-13.322287,1
3.0,3,1.5844479,-7.420073,-14.374422,48.324146,-1.7880484,-0.6248654,-13.322281,1
1.0,1,-1.0446248,14.648605,0.40542868,-8.639692,5.965056,-4.2921567,-9.332858,1
1.0,1,-1.0446248,14.648605,0.40542868,-8.639692,5.965056,-4.2921567,-9.332858,1
1.0,1,-1.0446236,14.648607,0.40542635,-8.639692,5.9650545,-4.2921553,-9.332861,1
1.0,1,-1.0446236,14.648607,0.40542635,-8.639692,5.9650545,-4.2921553,-9.332861,1
1.0,1,-1.0446236,14.648607,0.40542635,-8.639692,5.9650545,-4.2921553,-9.332861,1
1.0,1,-1.0446248,14.648605,0.40542868,-8.639692,5.965056,-4.2921567,-9.332858,1
1.0,1,-0.4234023,14.44784,-0.71798825,-8.6958065,6.901063,-4.7107534,-9.274577,1
1.0,1,-0.4234023,14.44784,-0.71798825,-8.6958065,6.901063,-4.7107534,-9.274577,1
1.0,1,-0.4234023,14.44784,-0.71798825,-8.6958065,6.901063,-4.7107534,-9.274577,1
1.0,1,-0.4234023,14.44784,-0.71798825,-8.6958065,6.901063,-4.7107534,-9.274577,1
1.0,1,-0.4234023,14.44784,-0.71798825,-8.6958065,6.901063,-4.7107534,-9.274577,1
1.0,1,-0.4234023,14.44784,-0.71798825,-8.6958065,6.901063,-4.7107534,-9.274577,1
3.0,3,1.6002836,-7.435125,-14.387468,48.26234,-1.850238,-0.598874,-13.288973,1
3.0,3,1.6004875,-7.435703,-14.387716,48.261513,-1.8509039,-0.59851444,-13.288046,1
3.0,3,1.6004899,-7.435226,-14.387793,48.26175,-1.8508166,-0.5985745,-13.288747,1
3.0,3,1.6003759,-7.435292,-14.387534,48.26203,-1.850413,-0.59879005,-13.288702,1
3.0,3,1.6002717,-7.435456,-14.387608,48.262184,-1.850304,-0.59875166,-13.288475,1
3.0,3,1.6005228,-7.4351716,-14.387907,48.26164,-1.8510445,-0.5984477,-13.288797,1
0.0,0,11.462124,-5.516915,-12.119032,-10.386372,-7.347683,4.346861,0.6100671,1
0.0,0,11.462403,-5.5193872,-12.117039,-10.382655,-7.350754,4.349498,0.6071861,1
0.0,0,11.461973,-5.5181575,-12.117864,-10.382589,-7.3496056,4.3487177,0.6072829,1
0.0,0,11.462911,-5.517911,-12.119665,-10.379817,-7.3482943,4.3475356,0.60537267,1
0.0,0,11.462928,-5.5175357,-12.119825,-10.381113,-7.347909,4.3471403,0.6060035,1
0.0,0,11.462573,-5.5175138,-12.119477,-10.382252,-7.3479633,4.347183,0.6070256,1
0.0,0,11.344187,-5.751514,-12.242469,-9.238329,-6.9754887,3.9336262,0.6381202,1
0.0,0,11.344157,-5.7506824,-12.244253,-9.239025,-6.973835,3.9319944,0.63983035,1
0.0,0,11.343801,-5.7501063,-12.244426,-9.239185,-6.9733887,3.9317837,0.6399126,1
0.0,0,11.344501,-5.751313,-12.243757,-9.238602,-6.974454,3.932448,0.63935137,1
0.0,0,11.343909,-5.749999,-12.244678,-9.240232,-6.972886,3.931138,0.6412108,1
0.0,0,11.344363,-5.7519093,-12.243471,-9.237877,-6.975294,3.9332314,0.63913274,1
0.0,0,10.735417,-5.513669,-11.247068,-7.8538904,-6.501264,4.2592783,-0.4497478,1
0.0,0,10.735275,-5.5135036,-11.246912,-7.8537803,-6.500963,4.259104,-0.44983983,1
0.0,0,10.735253,-5.5135903,-11.246916,-7.8533797,-6.5008364,4.259035,-0.449885,1
0.0,0,10.735255,-5.5136056,-11.246935,-7.8533807,-6.500787,4.2589836,-0.44982326,1
0.0,0,10.735255,-5.5136056,-11.246935,-7.8533807,-6.500787,4.2589836,-0.44982326,1
0.0,0,10.735256,-5.513604,-11.246922,-7.853366,-6.500835,4.259031,-0.44987357,1
4.0,4,0.0042676926,13.3323555,-2.022201,-7.868921,18.248821,-14.094268,-2.9825015,1
4.0,4,0.0042676926,13.3323555,-2.022201,-7.868921,18.248821,-14.094268,-2.9825015,1
4.0,4,0.00424242,13.33238,-2.0221882,-7.868875,18.248917,-14.094335,-2.9825041,1
4.0,4,0.00424242,13.33238,-2.0221882,-7.868875,18.248917,-14.094335,-2.9825041,1
4.0,4,0.0042676926,13.3323555,-2.022201,-7.868921,18.248821,-14.094268,-2.9825015,1
4.0,4,0.00424242,13.33238,-2.0221882,-7.868875,18.248917,-14.094335,-2.9825041,1
6.0,6,10.160844,-21.106894,-6.565512,-17.56039,6.7341137,-14.063395,41.625027,1
6.0,6,10.160844,-21.106894,-6.565512,-17.56039,6.7341137,-14.063395,41.625027,1
6.0,6,10.160844,-21.106894,-6.565512,-17.56039,6.7341137,-14.063395,41.625027,1
6.0,6,10.160844,-21.106894,-6.565512,-17.56039,6.7341137,-14.063395,41.625027,1
6.0,6,10.160844,-21.106894,-6.565512,-17.56039,6.7341137,-14.063395,41.625027,1
6.0,6,10.160844,-21.106894,-6.565512,-17.56039,6.7341137,-14.063395,41.625027,1
2.0,2,-7.090926,8.300778,30.685587,-18.38821,0.19163096,1.9524323,-6.247447,1
2.0,2,-7.090926,8.300778,30.685587,-18.38821,0.19163096,1.9524323,-6.247447,1
2.0,2,-7.090926,8.300778,30.685587,-18.38821,0.19163096,1.9524323,-6.247447,1
2.0,2,-7.090926,8.300778,30.685587,-18.38821,0.19163096,1.9524323,-6.247447,1
2.0,2,-7.090926,8.300778,30.685587,-18.38821,0.19163096,1.9524323,-6.247447,1
2.0,2,-7.090926,8.300778,30.685587,-18.38821,0.19163096,1.9524323,-6.247447,1
0.0,0,11.588656,-6.6022744,-12.873656,-4.905465,-5.068275,2.5604196,-0.008284092,1
0.0,0,11.589726,-6.604156,-12.872351,-4.903744,-5.07088,2.5624046,-0.010516882,1
0.0,0,11.5897,-6.6044593,-12.872443,-4.904003,-5.071369,2.5629177,-0.009889841,1
0.0,0,11.589166,-6.604449,-12.871196,-4.8997993,-5.0710196,2.563264,-0.0125927925,1
0.0,0,11.588975,-6.604666,-12.871184,-4.8996496,-5.070206,2.5625443,-0.011854887,1
0.0,0,11.588795,-6.604732,-12.870681,-4.900115,-5.0698295,2.562214,-0.011462927,1
3.0,3,1.582953,-7.3840957,-14.39881,48.322506,-1.7906202,-0.61532843,-13.36673,1
3.0,3,1.5829506,-7.3840947,-14.398806,48.322514,-1.7906173,-0.6153332,-13.366734,1
3.0,3,1.5829601,-7.3840756,-14.398825,48.322475,-1.7906224,-0.61532295,-13.366754,1
3.0,3,1.5829496,-7.3840823,-14.398809,48.322517,-1.7906018,-0.6153389,-13.366751,1
3.0,3,1.5829582,-7.384071,-14.398821,48.322475,-1.7906183,-0.61532557,-13.366758,1
3.0,3,1.5829563,-7.384088,-14.398817,48.32249,-1.7906204,-0.61532843,-13.366739,1
2.0,2,-7.322936,8.494333,30.748774,-18.289104,0.6683959,1.6570557,-6.042261,1
2.0,2,-7.322936,8.494333,30.748774,-18.289104,0.6683959,1.6570557,-6.042261,1
2.0,2,-7.322936,8.494333,30.748774,-18.289104,0.6683959,1.6570557,-6.042261,1
2.0,2,-7.322936,8.494333,30.748774,-18.289104,0.6683959,1.6570557,-6.042261,1
2.0,2,-7.322936,8.494333,30.748774,-18.289104,0.6683959,1.6570557,-6.042261,1
2.0,2,-7.322936,8.494333,30.748774,-18.289104,0.6683959,1.6570557,-6.042261,1
3.0,3,1.8138368,-5.657107,-13.927421,45.34255,-2.2679086,0.21223867,-15.173926,1
3.0,3,1.8138368,-5.657107,-13.927421,45.34255,-2.2679086,0.21223867,-15.173926,1
3.0,3,1.8138368,-5.657107,-13.927421,45.34255,-2.2679086,0.21223867,-15.173926,1
3.0,3,1.813837,-5.657164,-13.927448,45.342625,-2.2679086,0.2122196,-15.173862,1
3.0,3,1.8138368,-5.657107,-13.927421,45.34255,-2.2679086,0.21223867,-15.173926,1
3.0,3,1.8138368,-5.657107,-13.927421,45.34255,-2.2679086,0.21223867,-15.173926,1
3.0,3,1.5874662,-7.4046865,-14.393502,48.308514,-1.8084351,-0.6123215,-13.336908,1
3.0,3,1.5874567,-7.4047027,-14.39348,48.308548,-1.8084222,-0.61232436,-13.336897,1
3.0,3,1.5874572,-7.4047503,-14.393452,48.308525,-1.8084742,-0.61229193,-13.336838,1
3.0,3,1.5874615,-7.4047647,-14.393433,48.308533,-1.8084625,-0.61232436,-13.336816,1
3.0,3,1.5874894,-7.4047866,-14.393463,48.30843,-1.808551,-0.61226857,-13.336775,1
3.0,3,1.5874679,-7.4047112,-14.393479,48.30853,-1.8084251,-0.61234105,-13.336876,1
6.0,6,10.511767,-21.588484,-6.935945,-17.461996,6.24607,-13.753815,41.596977,1
6.0,6,10.511767,-21.588484,-6.935945,-17.461996,6.24607,-13.753815,41.596977,1
6.0,6,10.511767,-21.588484,-6.935945,-17.461996,6.24607,-13.753815,41.596977,1
6.0,6,10.511767,-21.588484,-6.935945,-17.461996,6.24607,-13.753815,41.596977,1
6.0,6,10.511767,-21.588484,-6.935945,-17.461996,6.24607,-13.753815,41.596977,1
6.0,6,10.511767,-21.588484,-6.935945,-17.461996,6.24607,-13.753815,41.596977,1
5.0,5,7.1148005,-2.7430959,-2.7464197,-5.3340816,-26.95622,23.704138,-14.868414,1
5.0,5,7.1144514,-2.7430744,-2.746418,-5.3330364,-26.956741,23.704638,-14.868839,1
5.0,5,7.114914,-2.7430415,-2.7462425,-5.334976,-26.956331,23.704193,-14.868233,1
5.0,5,7.114686,-2.7431512,-2.746541,-5.333297,-26.956047,23.704042,-14.868532,1
5.0,5,7.114664,-2.7430944,-2.7463892,-5.333838,-26.956526,23.70447,-14.8685665,1
5.0,5,7.114702,-2.7428446,-2.7462628,-5.3336506,-26.95587,23.703548,-14.868593,1
5.0,5,9.058329,-4.9742637,-5.5292273,-6.4668083,-27.36404,22.80469,-11.706286,1
5.0,5,9.058328,-4.9742665,-5.5292087,-6.4668365,-27.36404,22.804695,-11.706279,1
5.0,5,9.0583315,-4.9742727,-5.5292077,-6.466839,-27.364035,22.804684,-11.706265,1
5.0,5,9.058379,-4.9743323,-5.529321,-6.466816,-27.363998,22.804659,-11.706196,1
5.0,5,9.058375,-4.9743223,-5.5293393,-6.4667883,-27.364002,22.804663,-11.706217,1
5.0,5,9.05833,-4.9742255,-5.529241,-6.4668036,-27.364012,22.804651,-11.70632,1
6.0,6,10.175821,-21.084166,-6.5628448,-17.653492,6.745861,-14.0858,41.65244,1
6.0,6,10.175821,-21.084166,-6.5628448,-17.653492,6.745861,-14.0858,41.65244,1
6.0,6,10.175821,-21.084166,-6.5628448,-17.653492,6.745861,-14.0858,41.65244,1
6.0,6,10.175821,-21.084166,-6.5628448,-17.653492,6.745861,-14.0858,41.65244,1
6.0,6,10.175821,-21.084166,-6.5628448,-17.653492,6.745861,-14.0858,41.65244,1
6.0,6,10.175821,-21.084166,-6.5628448,-17.653492,6.745861,-14.0858,41.65244,1
2.0,2,-7.488247,8.272892,31.012363,-17.791689,0.9421309,1.6466049,-6.2225027,1
2.0,2,-7.488247,8.272892,31.012363,-17.791689,0.9421309,1.6466049,-6.2225027,1
2.0,2,-7.488247,8.272892,31.012363,-17.791689,0.9421309,1.6466049,-6.2225027,1
2.0,2,-7.488247,8.272892,31.012363,-17.791689,0.9421309,1.6466049,-6.2225027,1
2.0,2,-7.488247,8.272892,31.012363,-17.791689,0.9421309,1.6466049,-6.2225027,1
2.0,2,-7.488247,8.272892,31.012363,-17.791689,0.9421309,1.6466049,-6.2225027,1
6.0,6,10.132491,-21.127127,-6.549823,-17.443699,6.8684196,-14.146129,41.66426,1
6.0,6,10.132491,-21.127127,-6.549823,-17.443699,6.8684196,-14.146129,41.66426,1
6.0,6,10.132491,-21.127127,-6.549823,-17.443699,6.8684196,-14.146129,41.66426,1
6.0,6,10.132491,-21.127127,-6.549823,-17.443699,6.8684196,-14.146129,41.66426,1
6.0,6,10.132491,-21.127127,-6.549823,-17.443699,6.8684196,-14.146129,41.66426,1
6.0,6,10.132491,-21.127127,-6.549823,-17.443699,6.8684196,-14.146129,41.66426,1
2.0,2,-7.420253,9.006712,29.873165,-17.854183,-0.22921455,2.5120568,-6.91897,1
2.0,2,-7.420253,9.006712,29.873165,-17.854183,-0.22921455,2.5120568,-6.91897,1
2.0,2,-7.420253,9.006712,29.873165,-17.854183,-0.22921455,2.5120568,-6.91897,1
2.0,2,-7.420253,9.006712,29.873165,-17.854183,-0.22921455,2.5120568,-6.91897,1
2.0,2,-7.420253,9.006712,29.873165,-17.854183,-0.22921455,2.5120568,-6.91897,1
2.0,2,-7.420253,9.006712,29.873165,-17.854183,-0.22921455,2.5120568,-6.91897,1
5.0,5,9.004151,-4.8837,-5.546372,-7.0422387,-27.006468,22.662447,-11.461929,1
5.0,5,9.004144,-4.8836884,-5.54637,-7.042225,-27.006481,22.662455,-11.4619465,1
5.0,5,9.004157,-4.8837123,-5.546366,-7.0422354,-27.006458,22.662424,-11.461908,1
5.0,5,9.004151,-4.8837,-5.546372,-7.0422387,-27.006468,22.662447,-11.461929,1
5.0,5,9.004155,-4.8837075,-5.5463614,-7.042236,-27.00646,22.662428,-11.461915,1
5.0,5,9.004128,-4.88367,-5.54633,-7.04224,-27.006514,22.662487,-11.461981,1
3.0,3,1.5803335,-7.4110923,-14.379795,48.342663,-1.7734452,-0.63180435,-13.335982,1
3.0,3,1.5802898,-7.410978,-14.379604,48.34283,-1.7729791,-0.6319643,-13.336232,1
3.0,3,1.5802405,-7.4110208,-14.379287,48.342995,-1.7725569,-0.6321696,-13.336258,1
3.0,3,1.5803044,-7.4115195,-14.379431,48.34296,-1.772971,-0.6320871,-13.335548,1
3.0,3,1.5803256,-7.4110675,-14.379755,48.342743,-1.7732483,-0.63188446,-13.336054,1
3.0,3,1.580267,-7.41093,-14.379482,48.342884,-1.7727827,-0.6320354,-13.336338,1
1.0,1,-1.8246324,12.76001,2.380417,-6.7357945,4.382982,-3.1979384,-7.9487524,1
1.0,1,-1.8246324,12.76001,2.380417,-6.7357945,4.382982,-3.1979384,-7.9487524,1
1.0,1,-1.8246324,12.76001,2.380417,-6.7357945,4.382982,-3.1979384,-7.9487524,1
1.0,1,-1.8246324,12.76001,2.380417,-6.7357945,4.382982,-3.1979384,-7.9487524,1
1.0,1,-1.8246324,12.76001,2.380417,-6.7357945,4.382982,-3.1979384,-7.9487524,1
1.0,1,-1.8246324,12.76001,2.380417,-6.7357945,4.382982,-3.1979384,-7.9487524,1
0.0,0,10.710165,-6.616034,-12.486694,-8.486862,-6.893981,3.7048292,2.9096735,1
0.0,0,10.709836,-6.6155114,-12.487376,-8.487055,-6.8932304,3.7042665,2.9103496,1
0.0,0,10.710166,-6.6160264,-12.486679,-8.486891,-6.893999,3.7048512,2.9096544,1
0.0,0,10.710358,-6.6161275,-12.486853,-8.486839,-6.894266,3.7050815,2.909385,1
0.0,0,10.710358,-6.6161275,-12.486853,-8.486839,-6.894266,3.7050815,2.909385,1
0.0,0,10.710351,-6.6161447,-12.48685,-8.486818,-6.8942575,3.7050686,2.9094203,1
3.0,3,1.6022143,-7.421554,-14.422729,48.269962,-1.8322068,-0.5895668,-13.312908,1
3.0,3,1.602206,-7.4215474,-14.422702,48.269974,-1.8321947,-0.5895711,-13.3129225,1
3.0,3,1.6022079,-7.4215426,-14.422745,48.269993,-1.8321894,-0.58956635,-13.312931,1
3.0,3,1.6022065,-7.421539,-14.422718,48.269985,-1.8321859,-0.5895716,-13.312936,1
3.0,3,1.6021965,-7.4215436,-14.422714,48.270023,-1.8321697,-0.5895823,-13.312934,1
3.0,3,1.6022108,-7.421554,-14.422716,48.269966,-1.8322023,-0.5895661,-13.312913,1
5.0,3,1.6944361,-7.5302424,-14.457796,47.996593,-2.0131583,-0.49584544,-13.145817,0
5.0,3,1.6944478,-7.5302424,-14.457811,47.996548,-2.013174,-0.4958452,-13.145805,0
5.0,3,1.6944263,-7.5302367,-14.457783,47.996624,-2.013126,-0.4958576,-13.145835,0
5.0,3,1.694417,-7.5302243,-14.457771,47.996655,-2.0131173,-0.49586737,-13.145853,0
5.0,3,1.6943939,-7.5301967,-14.457748,47.996723,-2.0130591,-0.4958998,-13.145894,0
5.0,3,1.6944366,-7.530236,-14.457775,47.9966,-2.013136,-0.49585497,-13.145838,0
3.0,3,1.5952849,-7.4636455,-14.348076,48.291016,-1.807762,-0.6324531,-13.258255,1
3.0,3,1.5952861,-7.4636464,-14.348074,48.29101,-1.8077627,-0.63245165,-13.258253,1
3.0,3,1.5952857,-7.4636483,-14.348076,48.29101,-1.8077692,-0.63244927,-13.258251,1
3.0,3,1.5952849,-7.4636436,-14.348076,48.291016,-1.8077625,-0.6324519,-13.258255,1
3.0,3,1.5952861,-7.4636483,-14.348076,48.291016,-1.8077658,-0.63244903,-13.258252,1
3.0,3,1.5952847,-7.4636483,-14.348074,48.29102,-1.8077632,-0.6324519,-13.258251,1
6.0,6,10.102164,-20.860012,-6.485974,-17.67561,6.9307084,-14.197536,41.514668,1
6.0,6,10.10217,-20.860018,-6.4859805,-17.675606,6.930703,-14.197532,41.514668,1
6.0,6,10.102164,-20.860008,-6.4859705,-17.675617,6.9307127,-14.19754,41.514668,1
6.0,6,10.10216,-20.859991,-6.485977,-17.67564,6.930728,-14.197551,41.51468,1
6.0,6,10.10218,-20.860035,-6.4859905,-17.675596,6.930691,-14.197523,41.514664,1
6.0,6,10.102166,-20.860004,-6.4859776,-17.675632,6.930718,-14.197544,41.514683,1
6.0,6,10.0626135,-21.01184,-6.4507375,-17.47855,6.9297366,-14.19018,41.633335,1
6.0,6,10.0626135,-21.01184,-6.4507375,-17.47855,6.9297366,-14.19018,41.633335,1
6.0,6,10.0626135,-21.01184,-6.4507375,-17.47855,6.9297366,-14.19018,41.633335,1
6.0,6,10.0626135,-21.01184,-6.4507375,-17.47855,6.9297366,-14.19018,41.633335,1
6.0,6,10.0626135,-21.01184,-6.4507375,-17.47855,6.9297366,-14.19018,41.633335,1
6.0,6,10.0626135,-21.01184,-6.4507375,-17.47855,6.9297366,-14.19018,41.633335,1
0.0,0,11.140817,-7.314385,-11.665773,-8.85878,-6.975504,3.4839525,3.0464084,1
0.0,0,11.140889,-7.314569,-11.665724,-8.85868,-6.9755936,3.483996,3.046417,1
0.0,0,11.140935,-7.3147655,-11.665514,-8.858566,-6.9757853,3.4841676,3.0462697,1
0.0,0,11.140889,-7.314569,-11.665724,-8.85868,-6.9755936,3.483996,3.046417,1
0.0,0,11.140846,-7.3144937,-11.665812,-8.8587055,-6.9754953,3.4839067,3.0465271,1
0.0,0,11.14098,-7.314857,-11.6656065,-8.858427,-6.975754,3.484105,3.0463245,1
2.0,2,-7.3365583,8.523792,30.723194,-18.386345,0.8158368,1.5196816,-5.893382,1
2.0,2,-7.3365583,8.523792,30.723194,-18.386345,0.8158368,1.5196816,-5.893382,1
2.0,2,-7.3365583,8.523792,30.723194,-18.386345,0.8158368,1.5196816,-5.893382,1
2.0,2,-7.3365583,8.523792,30.723194,-18.386345,0.8158368,1.5196816,-5.893382,1
2.0,2,-7.3365583,8.523792,30.723194,-18.386345,0.8158368,1.5196816,-5.893382,1
2.0,2,-7.3365583,8.523792,30.723194,-18.386345,0.8158368,1.5196816,-5.893382,1
3.0,3,1.7502959,-7.592975,-14.590231,48.095688,-1.7310175,-0.5208305,-13.169478,1
3.0,3,1.7501948,-7.5928674,-14.590097,48.095837,-1.7310356,-0.52090013,-13.169575,1
3.0,3,1.7502794,-7.592958,-14.59021,48.09571,-1.7310184,-0.5208417,-13.169497,1
3.0,3,1.7501884,-7.5928683,-14.590084,48.09585,-1.7310315,-0.5209135,-13.169575,1
3.0,3,1.750287,-7.5929694,-14.590216,48.095703,-1.7310165,-0.52084005,-13.169483,1
3.0,3,1.7501569,-7.592832,-14.590042,48.095898,-1.731037,-0.5209342,-13.169609,1
5.0,5,8.0949,-3.4180346,-6.0962005,-4.7329807,-27.149435,22.883722,-13.630123,1
5.0,5,8.0949,-3.4180346,-6.0962005,-4.7329807,-27.149435,22.883722,-13.630123,1
5.0,5,8.0949,-3.4180346,-6.0962005,-4.7329807,-27.149435,22.883722,-13.630123,1
5.0,5,8.0949,-3.4180346,-6.0962005,-4.7329807,-27.149435,22.883722,-13.630123,1
5.0,5,8.0949,-3.4180346,-6.0962005,-4.7329807,-27.149435,22.883722,-13.630123,1
5.0,5,8.0949,-3.4180346,-6.0962005,-4.7329807,-27.149435,22.883722,-13.630123,1
0.0,0,10.998322,-5.804054,-12.524846,-9.5031805,-7.6082115,4.5834074,1.2592244,1
0.0,0,10.998305,-5.8040476,-12.524801,-9.5032425,-7.608261,4.583452,1.2592463,1
0.0,0,10.998324,-5.8040686,-12.524796,-9.503172,-7.6082907,4.5834727,1.2591772,1
0.0,0,10.998322,-5.8040595,-12.524806,-9.5031805,-7.6082745,4.5834594,1.2591918,1
0.0,0,10.99831,-5.8040643,-12.524793,-9.503246,-7.6082544,4.5834427,1.2592647,1
0.0,0,10.998305,-5.8040395,-12.524818,-9.503234,-7.6082335,4.5834327,1.2592411,1
5.0,5,8.962608,-4.8333664,-5.6867337,-6.1740103,-27.446547,22.786638,-11.895486,1
5.0,5,8.962609,-4.8333707,-5.686747,-6.1739907,-27.446548,22.786636,-11.895483,1
5.0,5,8.962609,-4.8333707,-5.686747,-6.1739907,-27.446548,22.786636,-11.895483,1
5.0,5,8.962609,-4.8333707,-5.686747,-6.1739907,-27.446548,22.786636,-11.895483,1
5.0,5,8.962608,-4.8333707,-5.686749,-6.1739893,-27.44655,22.786636,-11.895485,1
5.0,5,8.962609,-4.8333707,-5.686748,-6.1739902,-27.44655,22.786634,-11.895484,1
6.0,6,9.9817095,-20.848866,-6.590613,-17.44577,6.9889755,-14.18662,41.58738,1
6.0,6,9.981748,-20.84893,-6.590653,-17.445675,6.9889503,-14.186594,41.58733,1
6.0,6,9.981713,-20.848875,-6.590608,-17.445763,6.988984,-14.186629,41.58738,1
6.0,6,9.981706,-20.848862,-6.5906086,-17.445759,6.98899,-14.18663,41.587376,1
6.0,6,9.981709,-20.84887,-6.590612,-17.445765,6.9889836,-14.186626,41.58738,1
6.0,6,9.981708,-20.848866,-6.590611,-17.445766,6.9889836,-14.186625,41.58738,1
3.0,3,1.5854123,-7.4251122,-14.370539,48.325645,-1.7802724,-0.6353179,-13.313682,1
3.0,3,1.5854123,-7.425114,-14.370539,48.325645,-1.7802755,-0.63531554,-13.3136835,1
3.0,3,1.5854132,-7.4251237,-14.370524,48.325638,-1.7802693,-0.63532436,-13.313667,1
3.0,3,1.5854151,-7.4251227,-14.370537,48.325634,-1.7802771,-0.6353148,-13.313671,1
3.0,3,1.5854108,-7.425115,-14.370534,48.325645,-1.7802631,-0.6353234,-13.313679,1
3.0,3,1.5854151,-7.4251266,-14.370535,48.325634,-1.7802862,-0.63531196,-13.313662,1
3.0,3,1.5938451,-7.409823,-14.386776,48.285225,-1.8221298,-0.6042069,-13.330065,1
3.0,3,1.5937409,-7.4096274,-14.386854,48.28551,-1.8218995,-0.6042582,-13.330349,1
3.0,3,1.5938206,-7.4097686,-14.386827,48.285305,-1.822096,-0.60421383,-13.330139,1
3.0,3,1.59376,-7.4096465,-14.386872,48.28552,-1.8219074,-0.6042949,-13.330312,1
3.0,3,1.5937903,-7.4096866,-14.386856,48.285397,-1.8219975,-0.6042417,-13.330254,1
3.0,3,1.5938463,-7.4097924,-14.3868065,48.28524,-1.8221017,-0.60422814,-13.330098,1
4.0,4,-1.2045736,14.044815,-0.70935845,-4.270334,24.556383,-18.177238,-2.9784203,1
4.0,4,-1.2045736,14.044815,-0.70935845,-4.270334,24.556383,-18.177238,-2.9784203,1
4.0,4,-1.2045736,14.044815,-0.70935845,-4.270334,24.556383,-18.177238,-2.9784203,1
4.0,4,-1.2045736,14.044815,-0.70935845,-4.270334,24.556383,-18.177238,-2.9784203,1
4.0,4,-1.2045736,14.044815,-0.70935845,-4.270334,24.556383,-18.177238,-2.9784203,1
4.0,4,-1.2045736,14.044815,-0.70935845,-4.270334,24.556383,-18.177238,-2.9784203,1
4.0,4,-1.4355605,14.269972,-0.25872853,-4.6049547,25.073792,-18.434927,-2.7793312,1
4.0,4,-1.4355605,14.269972,-0.25872853,-4.6049547,25.073792,-18.434927,-2.7793312,1
4.0,4,-1.4355605,14.269972,-0.25872853,-4.6049547,25.073792,-18.434927,-2.7793312,1
4.0,4,-1.4355605,14.269972,-0.25872853,-4.6049547,25.073792,-18.434927,-2.7793312,1
4.0,4,-1.4355605,14.269972,-0.25872853,-4.6049547,25.073792,-18.434927,-2.7793312,1
4.0,4,-1.4355605,14.269972,-0.25872853,-4.6049547,25.073792,-18.434927,-2.7793312,1
5.0,5,8.423518,-3.7277942,-5.486613,-6.2872705,-27.382446,23.12328,-13.1257,1
5.0,5,8.423577,-3.727858,-5.4867578,-6.2871733,-27.38236,23.1232,-13.125645,1
5.0,5,8.42361,-3.7279115,-5.4870086,-6.28687,-27.382252,23.12304,-13.12557,1
5.0,5,8.423544,-3.7278237,-5.487004,-6.286707,-27.382263,23.123049,-13.1257,1
5.0,5,8.4235525,-3.7278385,-5.486651,-6.2872486,-27.382431,23.123283,-13.12568,1
5.0,5,8.423519,-3.7277923,-5.486647,-6.2872577,-27.38245,23.123293,-13.125702,1
6.0,6,10.630901,-21.658941,-6.736434,-17.20611,6.035824,-13.5723715,41.071114,1
6.0,6,10.630901,-21.658941,-6.736434,-17.20611,6.035824,-13.5723715,41.071114,1
6.0,6,10.630901,-21.658941,-6.736434,-17.20611,6.035824,-13.5723715,41.071114,1
6.0,6,10.630901,-21.658941,-6.736434,-17.20611,6.035824,-13.5723715,41.071114,1
6.0,6,10.630901,-21.658941,-6.736434,-17.20611,6.035824,-13.5723715,41.071114,1
6.0,6,10.630901,-21.658941,-6.736434,-17.20611,6.035824,-13.5723715,41.071114,1
1.0,1,-1.4241278,14.668274,1.6521552,-7.5089035,6.496055,-5.3480625,-9.34472,1
1.0,1,-1.4241407,14.668234,1.6521833,-7.5088053,6.496084,-5.348101,-9.344689,1
1.0,1,-1.4241152,14.668255,1.6521351,-7.5088844,6.4960995,-5.3480988,-9.34469,1
1.0,1,-1.4241416,14.668236,1.6521846,-7.508807,6.496081,-5.3480983,-9.344692,1
1.0,1,-1.4241424,14.668238,1.6521858,-7.508806,6.4960794,-5.3480973,-9.344692,1
1.0,1,-1.4241416,14.668236,1.6521846,-7.5088067,6.49608,-5.348098,-9.344692,1
0.0,0,11.4516325,-5.5935283,-12.56922,-10.064039,-7.3692713,4.3623805,0.6906948,1
0.0,0,11.451639,-5.5932813,-12.569545,-10.064304,-7.3691072,4.362222,0.6909301,1
0.0,0,11.451407,-5.59333,-12.569545,-10.064185,-7.368763,4.3619637,0.69134164,1
0.0,0,11.451776,-5.5940237,-12.568574,-10.0638485,-7.369939,4.362928,0.6902368,1
0.0,0,11.451463,-5.5933175,-12.569487,-10.06426,-7.3690004,4.362174,0.6911602,1
0.0,0,11.451724,-5.593968,-12.568761,-10.063758,-7.369961,4.362959,0.6903026,1
4.0,4,-1.2102687,13.618971,-0.38214687,-4.0331707,25.205046,-18.349932,-2.8269992,1
4.0,4,-1.2102687,13.618971,-0.38214687,-4.0331707,25.205046,-18.349932,-2.8269992,1
4.0,4,-1.2102687,13.618971,-0.38214687,-4.0331707,25.205046,-18.349932,-2.8269992,1
4.0,4,-1.2102687,13.618971,-0.38214687,-4.0331707,25.205046,-18.349932,-2.8269992,1
4.0,4,-1.2102687,13.618971,-0.38214687,-4.0331707,25.205046,-18.349932,-2.8269992,1
4.0,4,-1.2102687,13.618971,-0.38214687,-4.0331707,25.205046,-18.349932,-2.8269992,1
0.0,0,11.208392,-6.1680336,-12.084354,-9.334801,-7.292675,4.198856,1.4217317,1
0.0,0,11.208392,-6.1680336,-12.084354,-9.334801,-7.292675,4.198856,1.4217317,1
0.0,0,11.208392,-6.1680336,-12.084354,-9.334803,-7.292672,4.1988554,1.4217327,1
0.0,0,11.208392,-6.1680336,-12.084354,-9.334803,-7.292672,4.1988554,1.4217327,1
0.0,0,11.208392,-6.1680336,-12.084354,-9.334801,-7.292675,4.198856,1.4217317,1
0.0,0,11.20839,-6.1680284,-12.084354,-9.334805,-7.292672,4.198855,1.4217322,1
1.0,1,-1.7850504,13.570787,1.8802735,-6.6168656,5.1598167,-4.0457854,-8.526392,1
1.0,1,-1.7850504,13.570787,1.8802735,-6.6168656,5.1598167,-4.0457854,-8.526392,1
1.0,1,-1.7850504,13.570787,1.8802735,-6.6168656,5.1598167,-4.0457854,-8.526392,1
1.0,1,-1.7850504,13.570787,1.8802735,-6.6168656,5.1598167,-4.0457854,-8.526392,1
1.0,1,-1.7850504,13.570787,1.8802735,-6.6168656,5.1598167,-4.0457854,-8.526392,1
1.0,1,-1.7850504,13.570787,1.8802735,-6.6168656,5.1598167,-4.0457854,-8.526392,1
5.0,5,5.3951664,-1.6621828,0.79304314,-5.699503,-18.694134,16.358524,-10.492708,1
5.0,5,5.3951664,-1.6621828,0.79304314,-5.699503,-18.694134,16.358524,-10.492708,1
5.0,5,5.3951664,-1.6621828,0.79304314,-5.699503,-18.694134,16.358524,-10.492708,1
5.0,5,5.3951664,-1.6621828,0.79304314,-5.699503,-18.694134,16.358524,-10.492708,1
5.0,5,5.3951664,-1.6621828,0.79304314,-5.699503,-18.694134,16.358524,-10.492708,1
5.0,5,5.3951664,-1.6621828,0.79304314,-5.699503,-18.694134,16.358524,-10.492708,1
2.0,2,-3.2308285,3.8922856,17.210861,-8.71006,-2.47467,2.3772664,-4.51124,1
2.0,2,-3.2308285,3.8922856,17.210861,-8.71006,-2.47467,2.3772664,-4.51124,1
2.0,2,-3.2308285,3.8922856,17.210861,-8.71006,-2.47467,2.3772664,-4.51124,1
2.0,2,-3.2308285,3.8922856,17.210861,-8.71006,-2.47467,2.3772664,-4.51124,1
2.0,2,-3.2308285,3.8922856,17.210861,-8.71006,-2.47467,2.3772664,-4.51124,1
2.0,2,-3.2308285,3.8922856,17.210861,-8.71006,-2.47467,2.3772664,-4.51124,1
6.0,6,10.410462,-21.432821,-6.897028,-17.27061,6.3886237,-13.816027,41.455784,1
6.0,6,10.410462,-21.432821,-6.897028,-17.27061,6.3886237,-13.816027,41.455784,1
6.0,6,10.410462,-21.432821,-6.897028,-17.27061,6.3886237,-13.816027,41.455784,1
6.0,6,10.410462,-21.432821,-6.897028,-17.27061,6.3886237,-13.816027,41.455784,1
6.0,6,10.410462,-21.432821,-6.897028,-17.27061,6.3886237,-13.816027,41.455784,1
6.0,6,10.410462,-21.432821,-6.897028,-17.27061,6.3886237,-13.816027,41.455784,1
0.0,0,11.396039,-5.741262,-12.152688,-9.786228,-7.107647,4.2678027,0.5772462,1
0.0,0,11.396121,-5.741541,-12.152529,-9.785837,-7.1078987,4.268001,0.57698226,1
0.0,0,11.396083,-5.74138,-12.152566,-9.78607,-7.1078606,4.267993,0.57701063,1
0.0,0,11.396088,-5.741438,-12.152362,-9.786312,-7.1081038,4.2682123,0.5770192,1
0.0,0,11.396133,-5.741312,-12.152869,-9.786066,-7.10752,4.267654,0.5772536,1
0.0,0,11.396167,-5.7414603,-12.152746,-9.78583,-7.1077538,4.2678647,0.5770252,1
6.0,6,10.057412,-20.957846,-6.6359887,-17.523705,6.866019,-14.134058,41.64909,1
6.0,6,10.057419,-20.957859,-6.6359925,-17.52375,6.865966,-14.134026,41.649117,1
6.0,6,10.057431,-20.957874,-6.636008,-17.523752,6.8659425,-14.13401,41.649113,1
6.0,6,10.057417,-20.957855,-6.635993,-17.523739,6.8659825,-14.134036,41.64911,1
6.0,6,10.057421,-20.957865,-6.63599,-17.523724,6.8659916,-14.134041,41.649105,1
6.0,6,10.057421,-20.957855,-6.636008,-17.52373,6.8659754,-14.134029,41.649094,1
5.0,5,7.638132,-3.3867617,-4.617644,-5.2345476,-28.769806,24.286625,-14.077023,1
5.0,5,7.6379414,-3.386613,-4.617456,-5.2346435,-28.770155,24.287062,-14.07725,1
5.0,5,7.6377954,-3.386683,-4.6175237,-5.234192,-28.77037,24.287195,-14.077229,1
5.0,5,7.637518,-3.3863125,-4.6170287,-5.234124,-28.770506,24.287216,-14.077614,1
5.0,5,7.63725,-3.3862014,-4.616938,-5.2336874,-28.770855,24.287462,-14.07781,1
5.0,5,7.6374083,-3.386313,-4.617087,-5.2340803,-28.770838,24.287642,-14.077715,1
4.0,4,-1.8822062,14.864611,-0.8503375,-3.588922,26.137636,-19.232925,-2.8899257,1
4.0,4,-1.8822062,14.864611,-0.8503375,-3.588922,26.137636,-19.232925,-2.8899257,1
4.0,4,-1.8822062,14.864611,-0.8503375,-3.588922,26.137636,-19.232925,-2.8899257,1
4.0,4,-1.8822062,14.864611,-0.8503375,-3.588922,26.137636,-19.232925,-2.8899257,1
4.0,4,-1.8822062,14.864611,-0.8503375,-3.588922,26.137636,-19.232925,-2.8899257,1
4.0,4,-1.8822057,14.864611,-0.8503382,-3.5889225,26.137634,-19.232925,-2.889926,1
6.0,6,10.0947075,-21.01897,-6.564085,-17.739109,6.7604547,-14.098,41.778942,1
6.0,6,10.0947075,-21.01897,-6.564085,-17.739109,6.7604547,-14.098,41.778942,1
6.0,6,10.094709,-21.01897,-6.5640874,-17.739113,6.760453,-14.097998,41.778946,1
6.0,6,10.094708,-21.01897,-6.564087,-17.739109,6.760455,-14.098,41.77895,1
6.0,6,10.0947075,-21.01897,-6.564085,-17.739109,6.7604547,-14.098,41.778942,1
6.0,6,10.0947075,-21.01897,-6.564085,-17.739109,6.7604547,-14.098,41.778942,1
3.0,3,1.5905063,-7.4316516,-14.399342,48.3084,-1.813291,-0.6051246,-13.305418,1
3.0,3,1.5905068,-7.4316497,-14.399345,48.308403,-1.8132924,-0.60512197,-13.30542,1
3.0,3,1.5905054,-7.4316535,-14.399336,48.3084,-1.8132898,-0.6051284,-13.305414,1
3.0,3,1.590508,-7.431646,-14.399358,48.3084,-1.8132924,-0.6051179,-13.305424,1
3.0,3,1.5905058,-7.4316516,-14.39934,48.308403,-1.8132907,-0.605127,-13.305416,1
3.0,3,1.5905056,-7.4316516,-14.399338,48.308403,-1.8132888,-0.60512984,-13.305416,1
2.0,2,-7.2189465,8.420714,30.468172,-19.054916,0.45136988,1.5769304,-5.3909283,1
2.0,2,-7.2189465,8.420714,30.468172,-19.054916,0.45136988,1.5769304,-5.3909283,1
2.0,2,-7.2189465,8.420714,30.468172,-19.054916,0.45136988,1.5769304,-5.3909283,1
2.0,2,-7.2189465,8.420714,30.468172,-19.054916,0.45136988,1.5769304,-5.3909283,1
2.0,2,-7.2189465,8.420714,30.468172,-19.054916,0.45136988,1.5769304,-5.3909283,1
2.0,2,-7.2189465,8.420714,30.468172,-19.054916,0.45136988,1.5769304,-5.3909283,1
2.0,2,-7.3123198,8.028559,30.895817,-18.126316,0.6958269,1.7795068,-5.981084,1
2.0,2,-7.3123217,8.028563,30.895811,-18.126312,0.695825,1.7795092,-5.9810867,1
2.0,2,-7.3123217,8.028563,30.895811,-18.126312,0.695825,1.7795092,-5.9810867,1
2.0,2,-7.3123217,8.028563,30.895811,-18.126312,0.695825,1.7795092,-5.9810867,1
2.0,2,-7.3123226,8.0285635,30.895807,-18.12632,0.69582546,1.7795101,-5.981082,1
2.0,2,-7.3123217,8.028563,30.895811,-18.126312,0.695825,1.7795092,-5.9810867,1
0.0,0,9.922246,-4.654332,-9.853561,-11.1054735,-6.6832566,3.7451687,1.8419516,1
0.0,0,9.922246,-4.654332,-9.853561,-11.1054735,-6.6832566,3.7451687,1.8419516,1
0.0,0,9.922246,-4.654332,-9.853561,-11.1054735,-6.6832566,3.7451687,1.8419516,1
0.0,0,9.922246,-4.654332,-9.853561,-11.1054735,-6.6832566,3.7451687,1.8419516,1
0.0,0,9.922246,-4.654332,-9.853561,-11.1054735,-6.6832566,3.7451687,1.8419516,1
0.0,0,9.922246,-4.654332,-9.853561,-11.1054735,-6.6832566,3.7451687,1.8419516,1
5.0,5,8.565384,-3.8928409,-4.6679583,-7.9146976,-27.18829,23.029459,-12.453145,1
5.0,5,8.565385,-3.8928428,-4.6679587,-7.9146986,-27.188288,23.029459,-12.453144,1
5.0,5,8.565384,-3.8928409,-4.6679583,-7.9146976,-27.18829,23.029459,-12.453145,1
5.0,5,8.565384,-3.8928409,-4.6679583,-7.9146976,-27.18829,23.029459,-12.453145,1
5.0,5,8.565382,-3.8928394,-4.66795,-7.914705,-27.188292,23.029469,-12.453149,1
5.0,5,8.565384,-3.8928409,-4.6679583,-7.9146976,-27.18829,23.029459,-12.453145,1
0.0,0,10.547345,-5.4651423,-11.239042,-10.478279,-9.080517,6.076556,0.6235609,1
0.0,0,10.547345,-5.4651423,-11.239042,-10.478279,-9.080517,6.076556,0.6235609,1
0.0,0,10.547345,-5.4651423,-11.239042,-10.478279,-9.080517,6.076556,0.6235609,1
0.0,0,10.547345,-5.4651423,-11.239042,-10.478279,-9.080517,6.076556,0.6235609,1
0.0,0,10.547345,-5.4651423,-11.239042,-10.478279,-9.080517,6.076556,0.6235609,1
0.0,0,10.547345,-5.4651423,-11.239042,-10.478279,-9.080517,6.076556,0.6235609,1
6.0,3,2.0111775,-4.726311,-12.165129,40.226276,-4.6591873,2.847354,-15.954615,0
6.0,3,2.0111775,-4.726311,-12.165129,40.226276,-4.6591873,2.847354,-15.954615,0
6.0,3,2.0111775,-4.726311,-12.165129,40.226276,-4.6591873,2.847354,-15.954615,0
6.0,3,2.0111775,-4.726311,-12.165129,40.226276,-4.6591873,2.847354,-15.954615,0
6.0,3,2.0111775,-4.726311,-12.165129,40.226276,-4.6591873,2.847354,-15.954615,0
6.0,3,2.0111775,-4.726311,-12.165129,40.226276,-4.6591873,2.847354,-15.954615,0
1.0,1,-0.9793122,14.906628,0.56738734,-8.453659,6.263879,-4.57395,-9.867496,1
1.0,1,-0.9793122,14.906628,0.56738734,-8.453659,6.263879,-4.57395,-9.867496,1
1.0,1,-0.9793122,14.906628,0.56738734,-8.453659,6.263879,-4.57395,-9.867496,1
1.0,1,-0.9793122,14.906628,0.56738734,-8.453659,6.263879,-4.57395,-9.867496,1
1.0,1,-0.9793122,14.906628,0.56738734,-8.453659,6.263879,-4.57395,-9.867496,1
1.0,1,-0.9793122,14.906628,0.56738734,-8.453659,6.263879,-4.57395,-9.867496,1
1.0,1,-1.7131982,14.318672,0.9532622,-7.05572,6.018669,-4.1142244,-9.270305,1
1.0,1,-1.7131982,14.318672,0.9532622,-7.05572,6.018669,-4.1142244,-9.270305,1
1.0,1,-1.7131982,14.318672,0.9532622,-7.05572,6.018669,-4.1142244,-9.270305,1
1.0,1,-1.7131982,14.318672,0.9532622,-7.05572,6.018669,-4.1142244,-9.270305,1
1.0,1,-1.7131982,14.318672,0.9532622,-7.05572,6.018669,-4.1142244,-9.270305,1
1.0,1,-1.7131982,14.318672,0.9532622,-7.05572,6.018669,-4.1142244,-9.270305,1
3.0,3,1.6095152,-7.430536,-14.431981,48.244183,-1.84001,-0.5804297,-13.298536,1
3.0,3,1.609513,-7.43053,-14.431988,48.244198,-1.8400046,-0.5804349,-13.298546,1
3.0,3,1.6095078,-7.4305253,-14.431978,48.244217,-1.8399936,-0.5804447,-13.298553,1
3.0,3,1.6095243,-7.4305367,-14.432007,48.244164,-1.8400182,-0.5804161,-13.298536,1
3.0,3,1.609509,-7.430531,-14.431967,48.244205,-1.840006,-0.58043826,-13.298544,1
3.0,3,1.6095107,-7.430536,-14.4319725,48.2442,-1.8400089,-0.5804366,-13.298537,1
1.0,1,-1.5181844,14.079535,1.0541836,-8.194551,5.641126,-4.240274,-8.3524,1
1.0,1,-1.5181844,14.079535,1.0541836,-8.194551,5.641126,-4.240274,-8.3524,1
1.0,1,-1.5181844,14.079535,1.0541836,-8.194551,5.641126,-4.240274,-8.3524,1
1.0,1,-1.5181844,14.079535,1.0541836,-8.194551,5.641126,-4.240274,-8.3524,1
1.0,1,-1.5181653,14.079523,1.0541445,-8.194568,5.641169,-4.240301,-8.352366,1
1.0,1,-1.5181844,14.079535,1.0541836,-8.194551,5.641126,-4.240274,-8.3524,1
4.0,4,-1.7211833,14.659433,-0.8983476,-3.2425086,26.243622,-19.274954,-2.9483266,1
4.0,4,-1.7211833,14.659433,-0.8983476,-3.2425086,26.243622,-19.274954,-2.9483266,1
4.0,4,-1.7211833,14.659433,-0.8983476,-3.2425086,26.243622,-19.274954,-2.9483266,1
4.0,4,-1.7211833,14.659433,-0.8983476,-3.2425086,26.243622,-19.274954,-2.9483266,1
4.0,4,-1.7211833,14.659433,-0.8983476,-3.2425086,26.243622,-19.274954,-2.9483266,1
4.0,4,-1.7211833,14.659433,-0.8983476,-3.2425086,26.243622,-19.274954,-2.9483266,1
5.0,5,8.400751,-3.670443,-6.0643306,-5.9527035,-28.719257,24.376846,-13.778001,1
5.0,5,8.400721,-3.6703315,-6.0642996,-5.952841,-28.719324,24.376986,-13.778152,1
5.0,5,8.400758,-3.6703568,-6.064301,-5.9528675,-28.719261,24.376913,-13.778108,1
5.0,5,8.400819,-3.6705189,-6.0645423,-5.9525776,-28.719185,24.376772,-13.777918,1
5.0,5,8.400811,-3.670484,-6.0644193,-5.9526615,-28.719122,24.3767,-13.777929,1
5.0,5,8.400841,-3.6705647,-6.0645146,-5.9525037,-28.719059,24.376575,-13.777807,1
4.0,4,-1.1335168,14.058165,-0.9564842,-4.621931,24.539593,-18.323017,-2.6631336,1
4.0,4,-1.1335168,14.058165,-0.9564841,-4.621931,24.539593,-18.323017,-2.6631336,1
4.0,4,-1.1335168,14.058165,-0.9564842,-4.621931,24.539593,-18.323017,-2.6631336,1
4.0,4,-1.1335168,14.058165,-0.9564842,-4.621931,24.539593,-18.323017,-2.6631336,1
4.0,4,-1.1335168,14.058165,-0.9564842,-4.621931,24.539593,-18.323017,-2.6631336,1
4.0,4,-1.1335168,14.058165,-0.9564842,-4.621931,24.539593,-18.323017,-2.6631336,1
1.0,1,-0.7721636,14.865154,0.26503083,-8.541412,6.5061,-4.719976,-9.857313,1
1.0,1,-0.7721636,14.865154,0.26503083,-8.541412,6.5061,-4.719976,-9.857313,1
1.0,1,-0.7721636,14.865154,0.26503083,-8.541412,6.5061,-4.719976,-9.857313,1
1.0,1,-0.7721636,14.865154,0.26503083,-8.541412,6.5061,-4.719976,-9.857313,1
1.0,1,-0.7721636,14.865154,0.26503083,-8.541412,6.5061,-4.719976,-9.857313,1
1.0,1,-0.7721636,14.865154,0.26503083,-8.541412,6.5061,-4.719976,-9.857313,1
6.0,6,10.295421,-21.308714,-6.5235043,-17.228634,6.4211626,-13.816301,41.25951,1
6.0,6,10.29543,-21.308727,-6.523495,-17.228622,6.4211364,-13.816282,41.259487,1
6.0,6,10.295417,-21.308708,-6.5235033,-17.228645,6.4211693,-13.816309,41.259533,1
6.0,6,10.295421,-21.308716,-6.5235004,-17.228655,6.421158,-13.816302,41.25953,1
6.0,6,10.295434,-21.308739,-6.523527,-17.228624,6.4211483,-13.816293,41.259525,1
6.0,6,10.295417,-21.308712,-6.5235043,-17.228642,6.4211693,-13.816307,41.259525,1
3.0,3,1.5943184,-7.3964477,-14.410926,48.28174,-1.7943004,-0.58811367,-13.356698,1
3.0,3,1.5943165,-7.396483,-14.410912,48.281776,-1.7942909,-0.5881485,-13.356651,1
3.0,3,1.5943162,-7.3964705,-14.410918,48.28174,-1.7943,-0.5881089,-13.356674,1
3.0,3,1.5943189,-7.3964667,-14.410914,48.281746,-1.7942857,-0.58812916,-13.356678,1
3.0,3,1.5942981,-7.3964686,-14.410881,48.281815,-1.7942697,-0.58816516,-13.356672,1
3.0,3,1.5943005,-7.3964686,-14.410899,48.281822,-1.794269,-0.5881616,-13.356674,1
6.0,6,10.017078,-20.851624,-6.4464974,-17.758705,7.0240154,-14.274062,41.745968,1
6.0,6,10.017078,-20.851624,-6.4464974,-17.758705,7.0240154,-14.274062,41.745968,1
6.0,6,10.017078,-20.851624,-6.4464974,-17.758705,7.0240154,-14.274062,41.745968,1
6.0,6,10.017078,-20.851624,-6.4464974,-17.758705,7.0240154,-14.274062,41.745968,1
6.0,6,10.017078,-20.851624,-6.4464974,-17.758705,7.0240154,-14.274062,41.745968,1
6.0,6,10.017078,-20.851624,-6.4464974,-17.758705,7.0240154,-14.274062,41.745968,1
4.0,4,-0.5099652,12.92931,-0.16302821,-5.1435485,23.147266,-17.151697,-2.5554528,1
4.0,4,-0.5099127,12.92926,-0.16306373,-5.1436024,23.14704,-17.151554,-2.5555024,1
4.0,4,-0.509953,12.929375,-0.16304705,-5.1436415,23.146885,-17.151514,-2.5556064,1
4.0,4,-0.5099399,12.929424,-0.1631172,-5.143738,23.146717,-17.151407,-2.555664,1
4.0,4,-0.50998807,12.929436,-0.16307297,-5.143593,23.146967,-17.151564,-2.5556276,1
4.0,4,-0.5099852,12.929321,-0.16302732,-5.1434445,23.14737,-17.151766,-2.5554686,1
5.0,5,7.97184,-3.0694785,-3.9283457,-9.153404,-28.825853,25.74803,-14.129585,1
5.0,5,7.97184,-3.0694785,-3.9283457,-9.153404,-28.825853,25.74803,-14.129585,1
5.0,5,7.97184,-3.0694785,-3.9283457,-9.153404,-28.825853,25.74803,-14.129585,1
5.0,5,7.97184,-3.0694785,-3.9283457,-9.153404,-28.825853,25.74803,-14.129585,1
5.0,5,7.97184,-3.0694785,-3.9283457,-9.153404,-28.825853,25.74803,-14.129585,1
5.0,5,7.97184,-3.0694785,-3.9283457,-9.153404,-28.825853,25.74803,-14.129585,1
6.0,6,7.551265,-3.9148006,-7.2931294,-16.365986,-0.56661475,-1.8237475,11.316,1
6.0,6,7.551265,-3.9148006,-7.2931294,-16.365986,-0.56661475,-1.8237475,11.316,1
6.0,6,7.551265,-3.9148006,-7.2931294,-16.365986,-0.56661475,-1.8237475,11.316,1
6.0,6,7.551265,-3.9148006,-7.2931294,-16.365986,-0.56661475,-1.8237475,11.316,1
6.0,6,7.551265,-3.9148006,-7.2931294,-16.365986,-0.56661475,-1.8237475,11.316,1
6.0,6,7.551265,-3.9148006,-7.2931294,-16.365986,-0.56661475,-1.8237475,11.316,1
2.0,2,-7.4601583,9.059931,30.321161,-18.124084,1.1137928,1.4399496,-6.511977,1
2.0,2,-7.4601583,9.059931,30.321161,-18.124084,1.1137928,1.4399496,-6.511977,1
2.0,2,-7.4601583,9.059931,30.321161,-18.124084,1.1137928,1.4399496,-6.511977,1
2.0,2,-7.4601564,9.059925,30.321175,-18.124088,1.1137983,1.4399432,-6.5119734,1
2.0,2,-7.4601583,9.059931,30.321161,-18.124084,1.1137928,1.4399496,-6.511977,1
2.0,2,-7.4601583,9.059931,30.321161,-18.124084,1.1137928,1.4399496,-6.511977,1
0.0,0,11.065726,-5.915638,-11.696612,-9.712788,-7.4450626,4.46428,1.1541317,1
0.0,0,11.065736,-5.9156394,-11.69664,-9.712774,-7.4450455,4.464262,1.154144,1
0.0,0,11.065723,-5.915625,-11.696629,-9.712799,-7.4450464,4.4642673,1.1541493,1
0.0,0,11.065726,-5.915638,-11.696612,-9.712788,-7.4450626,4.46428,1.1541317,1
0.0,0,11.065726,-5.915638,-11.696612,-9.712788,-7.4450626,4.46428,1.1541317,1
0.0,0,11.065797,-5.9158297,-11.6967125,-9.71265,-7.4450626,4.4642076,1.1543095,1
5.0,5,8.766822,-4.746514,-5.613256,-6.8437147,-25.650568,21.072914,-10.369646,1
5.0,5,8.766822,-4.746514,-5.613256,-6.8437147,-25.650568,21.072914,-10.369646,1
5.0,5,8.766822,-4.746514,-5.613256,-6.8437147,-25.650568,21.072914,-10.369646,1
5.0,5,8.766822,-4.746514,-5.613256,-6.8437147,-25.650568,21.072914,-10.369646,1
5.0,5,8.766822,-4.746514,-5.613256,-6.8437147,-25.650568,21.072914,-10.369646,1
5.0,5,8.766822,-4.746514,-5.613256,-6.8437147,-25.650568,21.072914,-10.369646,1
1.0,1,-0.068770766,14.138409,-0.30223402,-8.710764,7.1148195,-5.2625113,-9.190117,1
1.0,1,-0.068770766,14.138409,-0.30223402,-8.710764,7.1148195,-5.2625113,-9.190117,1
1.0,1,-0.068770766,14.138409,-0.30223402,-8.710764,7.1148195,-5.2625113,-9.190117,1
1.0,1,-0.068770766,14.138409,-0.30223402,-8.710764,7.1148195,-5.2625113,-9.190117,1
1.0,1,-0.068770766,14.138409,-0.30223402,-8.710764,7.1148195,-5.2625113,-9.190117,1
1.0,1,-0.068770766,14.138409,-0.30223402,-8.710764,7.1148195,-5.2625113,-9.190117,1
1.0,1,-2.6458046,12.833971,4.049752,-6.8438554,4.030855,-3.4393249,-7.6125116,1
1.0,1,-2.6458046,12.833971,4.049752,-6.8438554,4.030855,-3.4393249,-7.6125116,1
1.0,1,-2.6458046,12.833971,4.049752,-6.8438554,4.030855,-3.4393249,-7.6125116,1
1.0,1,-2.6458046,12.833971,4.049752,-6.8438554,4.030855,-3.4393249,-7.6125116,1
1.0,1,-2.6458046,12.833971,4.049752,-6.8438554,4.030855,-3.4393249,-7.6125116,1
1.0,1,-2.6458046,12.833971,4.049752,-6.8438554,4.030855,-3.4393249,-7.6125116,1
0.0,5,10.436366,-6.532288,-8.736992,-5.2436504,-26.276361,21.635067,-10.132975,0
0.0,5,10.436366,-6.532288,-8.736992,-5.2436504,-26.276361,21.635067,-10.132975,0
0.0,5,10.436366,-6.532288,-8.736992,-5.2436504,-26.276361,21.635067,-10.132975,0
0.0,5,10.436366,-6.532288,-8.736992,-5.2436504,-26.276361,21.635067,-10.132975,0
0.0,5,10.436366,-6.532288,-8.736992,-5.2436504,-26.276361,21.635067,-10.132975,0
0.0,5,10.436366,-6.532288,-8.736992,-5.2436504,-26.276361,21.635067,-10.132975,0
1.0,1,-1.1509652,14.848858,0.6415359,-8.915133,5.625282,-3.898806,-9.65982,1
1.0,1,-1.1509652,14.848858,0.6415359,-8.915133,5.625282,-3.898806,-9.65982,1
1.0,1,-1.1509652,14.848858,0.6415359,-8.915133,5.625282,-3.898806,-9.65982,1
1.0,1,-1.1509652,14.848858,0.6415359,-8.915133,5.625282,-3.898806,-9.65982,1
1.0,1,-1.1509652,14.848858,0.6415359,-8.915133,5.625282,-3.898806,-9.65982,1
1.0,1,-1.1509652,14.848858,0.6415359,-8.915133,5.625282,-3.898806,-9.65982,1
1.0,1,-1.5208366,14.584627,1.3817282,-8.331725,4.811739,-3.2819495,-9.7259035,1
1.0,1,-1.5208366,14.584627,1.3817282,-8.331725,4.811739,-3.2819495,-9.7259035,1
1.0,1,-1.5208366,14.584627,1.3817282,-8.331725,4.811739,-3.2819495,-9.7259035,1
1.0,1,-1.5208366,14.584627,1.3817282,-8.331725,4.811739,-3.2819495,-9.7259035,1
1.0,1,-1.5208366,14.584627,1.3817282,-8.331725,4.811739,-3.2819495,-9.7259035,1
1.0,1,-1.5208366,14.584627,1.3817282,-8.331725,4.811739,-3.2819495,-9.7259035,1
0.0,5,8.442244,-3.5775714,-5.7693477,-6.8778715,-28.741135,24.748308,-13.827227,0
0.0,5,8.442269,-3.5775723,-5.769251,-6.8781238,-28.741184,24.748434,-13.827242,0
0.0,5,8.442015,-3.5772305,-5.768983,-6.8782945,-28.741638,24.749004,-13.827733,0
0.0,5,8.441802,-3.5770106,-5.768541,-6.8784704,-28.741783,24.749146,-13.827936,0
0.0,5,8.44259,-3.578086,-5.769891,-6.8776298,-28.74076,24.747847,-13.826596,0
0.0,5,8.4422655,-3.577726,-5.769363,-6.877717,-28.741018,24.748098,-13.826986,0
2.0,2,-7.282751,8.452417,30.741936,-18.344559,0.64527476,1.6488909,-6.005142,1
2.0,2,-7.282751,8.452417,30.741936,-18.344559,0.64527476,1.6488909,-6.005142,1
2.0,2,-7.282751,8.452417,30.741936,-18.344559,0.64527476,1.6488909,-6.005142,1
2.0,2,-7.282751,8.452417,30.741936,-18.344559,0.64527476,1.6488909,-6.005142,1
2.0,2,-7.282751,8.452417,30.741936,-18.344559,0.64527476,1.6488909,-6.005142,1
2.0,2,-7.282751,8.452417,30.741936,-18.344559,0.64527476,1.6488909,-6.005142,1
3.0,3,1.5859451,-7.4229836,-14.384949,48.327477,-1.7957717,-0.62118804,-13.31864,1
3.0,3,1.5859442,-7.422977,-14.384951,48.32748,-1.795765,-0.62118876,-13.318649,1
3.0,3,1.5859444,-7.422979,-14.384954,48.32748,-1.7957729,-0.62118447,-13.318647,1
3.0,3,1.5859442,-7.422977,-14.384951,48.32748,-1.795765,-0.62118876,-13.318651,1
3.0,3,1.5859449,-7.4229827,-14.38495,48.327477,-1.795772,-0.62118876,-13.318642,1
3.0,3,1.5859451,-7.422981,-14.384953,48.32748,-1.795772,-0.62118757,-13.3186455,1
2.0,2,-7.652467,7.927792,32.247925,-17.666096,1.5343229,1.3667492,-5.639576,1
2.0,2,-7.652467,7.927792,32.247925,-17.666096,1.5343229,1.3667492,-5.639576,1
2.0,2,-7.652467,7.927792,32.247925,-17.666096,1.5343229,1.3667492,-5.639576,1
2.0,2,-7.652467,7.927792,32.247925,-17.666096,1.5343229,1.3667492,-5.639576,1
2.0,2,-7.652467,7.927792,32.247925,-17.666096,1.5343229,1.3667492,-5.639576,1
2.0,2,-7.652467,7.927792,32.247925,-17.666096,1.5343229,1.3667492,-5.639576,1
3.0,3,1.5972626,-7.4443994,-14.36765,48.291245,-1.796976,-0.631225,-13.2841625,1
3.0,3,1.5972621,-7.4443994,-14.367648,48.29125,-1.7969717,-0.6312288,-13.284164,1
3.0,3,1.5972624,-7.4444003,-14.367647,48.291245,-1.7969726,-0.63122714,-13.284161,1
3.0,3,1.5972629,-7.4444003,-14.367645,48.29125,-1.7969731,-0.63122714,-13.2841625,1
3.0,3,1.5972633,-7.4444013,-14.367647,48.29124,-1.7969714,-0.6312281,-13.284159,1
3.0,3,1.5972624,-7.4444003,-14.367647,48.291245,-1.7969717,-0.6312276,-13.284161,1
0.0,0,11.377061,-6.0260534,-12.109856,-10.123905,-8.020454,4.851243,1.1070836,1
0.0,0,11.377106,-6.025585,-12.111002,-10.124151,-8.019606,4.8504634,1.107871,1
0.0,0,11.377242,-6.026549,-12.109875,-10.123999,-8.019934,4.8506546,1.1078179,1
0.0,0,11.377278,-6.026623,-12.109619,-10.1240635,-8.020185,4.850895,1.1075475,1
0.0,0,11.377267,-6.0261455,-12.110406,-10.123926,-8.019908,4.850673,1.1075907,1
0.0,0,11.377336,-6.0264378,-12.110294,-10.123783,-8.019306,4.8500614,1.1078975,1
5.0,5,8.519502,-4.265083,-4.6101775,-6.816692,-27.715319,23.488943,-12.6427765,1
5.0,5,8.519502,-4.265083,-4.6101775,-6.816692,-27.715319,23.488943,-12.6427765,1
5.0,5,8.519502,-4.265083,-4.6101775,-6.816692,-27.715319,23.488943,-12.6427765,1
5.0,5,8.519506,-4.2650924,-4.6101785,-6.8166914,-27.715317,23.488934,-12.642761,1
5.0,5,8.519506,-4.2650924,-4.6101785,-6.8166914,-27.715317,23.488934,-12.642761,1
5.0,5,8.519502,-4.265083,-4.6101775,-6.816692,-27.715319,23.488943,-12.6427765,1
5.0,5,10.15649,-5.9825835,-7.8349185,-5.9501524,-24.78473,20.124495,-9.66211,1
5.0,5,10.156467,-5.9825497,-7.8349175,-5.950135,-24.784775,20.124554,-9.662167,1
5.0,5,10.156468,-5.9825525,-7.8349166,-5.950136,-24.784775,20.124554,-9.662167,1
5.0,5,10.156466,-5.982574,-7.835011,-5.9501123,-24.784681,20.124475,-9.6620655,1
5.0,5,10.15644,-5.9825053,-7.83489,-5.9501343,-24.784855,20.124647,-9.662263,1
5.0,5,10.15644,-5.9825053,-7.83489,-5.9501343,-24.784855,20.124647,-9.662263,1
6.0,6,9.977883,-20.8474,-6.472273,-17.623508,7.028287,-14.248658,41.703217,1
6.0,6,9.977883,-20.8474,-6.472273,-17.623508,7.028287,-14.248658,41.703217,1
6.0,6,9.977883,-20.8474,-6.472273,-17.623508,7.028287,-14.248658,41.703217,1
6.0,6,9.977883,-20.8474,-6.472273,-17.623508,7.028287,-14.248658,41.703217,1
6.0,6,9.977883,-20.8474,-6.472273,-17.623508,7.028287,-14.248658,41.703217,1
6.0,6,9.977883,-20.8474,-6.472273,-17.623508,7.028287,-14.248658,41.703217,1
0.0,0,11.463116,-6.4673915,-12.3835945,-9.220249,-7.727542,4.6243095,1.0867307,1
0.0,0,11.46312,-6.4673953,-12.383595,-9.220245,-7.7275467,4.6243134,1.0867231,1
0.0,0,11.463124,-6.467398,-12.3835945,-9.220244,-7.727557,4.6243215,1.0867193,1
0.0,0,11.463124,-6.4673963,-12.383595,-9.220244,-7.7275524,4.624318,1.0867188,1
0.0,0,11.463128,-6.4674172,-12.383584,-9.220218,-7.7275524,4.6243143,1.0867157,1
0.0,0,11.463123,-6.467397,-12.383595,-9.220245,-7.7275543,4.6243196,1.0867212,1
2.0,2,-7.6868677,9.038824,30.089846,-17.624853,0.13139021,2.316494,-6.725994,1
2.0,2,-7.6868677,9.038824,30.089846,-17.624853,0.13139021,2.316494,-6.725994,1
2.0,2,-7.6868677,9.038824,30.089846,-17.624853,0.13139021,2.316494,-6.725994,1
2.0,2,-7.6868677,9.038824,30.089846,-17.624853,0.13139021,2.316494,-6.725994,1
2.0,2,-7.6868677,9.038824,30.089846,-17.624853,0.13139188,2.316493,-6.725992,1
2.0,2,-7.6868677,9.038824,30.089846,-17.624853,0.13139021,2.316494,-6.725994,1
6.0,6,10.813692,-19.43016,-8.716812,-15.579301,5.313322,-12.3241005,36.585247,1
6.0,6,10.813692,-19.43016,-8.716812,-15.579301,5.313322,-12.3241005,36.585247,1
6.0,6,10.813692,-19.43016,-8.716812,-15.579301,5.313322,-12.3241005,36.585247,1
6.0,6,10.813692,-19.43016,-8.716812,-15.579301,5.313322,-12.3241005,36.585247,1
6.0,6,10.813692,-19.43016,-8.716812,-15.579301,5.313322,-12.3241005,36.585247,1
6.0,6,10.813692,-19.43016,-8.716812,-15.579301,5.313322,-12.3241005,36.585247,1
2.0,2,-7.679907,9.016538,30.11635,-17.628138,0.14748514,2.3013325,-6.7116976,1
2.0,2,-7.679907,9.016538,30.11635,-17.628138,0.14748514,2.3013325,-6.7116976,1
2.0,2,-7.679907,9.016538,30.11635,-17.628138,0.14748514,2.3013325,-6.7116976,1
2.0,2,-7.679907,9.016538,30.11635,-17.628138,0.14748514,2.3013325,-6.7116976,1
2.0,2,-7.679907,9.016538,30.11635,-17.628138,0.14748514,2.3013325,-6.7116976,1
2.0,2,-7.679907,9.016538,30.11635,-17.628138,0.14748514,2.3013325,-6.7116976,1
2.0,2,-6.909178,7.7460327,30.372356,-17.948668,0.035681605,2.1995783,-6.339774,1
2.0,2,-6.909178,7.7460327,30.372356,-17.948668,0.035681605,2.1995783,-6.339774,1
2.0,2,-6.909178,7.7460327,30.372356,-17.948668,0.035681605,2.1995783,-6.339774,1
2.0,2,-6.909178,7.7460327,30.372356,-17.948668,0.035681605,2.1995783,-6.339774,1
2.0,2,-6.909178,7.7460327,30.372356,-17.948668,0.035681605,2.1995783,-6.339774,1
2.0,2,-6.909178,7.7460327,30.372356,-17.948668,0.035681605,2.1995783,-6.339774,1
5.0,5,8.345662,-3.5235868,-6.0556426,-6.67029,-29.014372,25.079336,-13.937614,1
5.0,5,8.345865,-3.523878,-6.0562615,-6.670347,-29.014286,25.079481,-13.937302,1
5.0,5,8.345964,-3.5238996,-6.056313,-6.6704445,-29.014153,25.079357,-13.937267,1
5.0,5,8.346011,-3.5240788,-6.056083,-6.670336,-29.014,25.078989,-13.9369755,1
5.0,5,8.345875,-3.5237603,-6.0565743,-6.670527,-29.014542,25.080025,-13.937633,1
5.0,5,8.345845,-3.5239215,-6.056311,-6.670199,-29.014309,25.079475,-13.937266,1
1.0,1,-1.8973484,14.000977,1.7590222,-7.4493523,6.1185684,-5.008009,-7.9878273,1
1.0,1,-1.8973484,14.000977,1.7590222,-7.4493523,6.1185684,-5.008009,-7.9878273,1
1.0,1,-1.8973484,14.000977,1.7590222,-7.4493523,6.1185684,-5.008009,-7.9878273,1
1.0,1,-1.8973484,14.000977,1.7590222,-7.4493523,6.1185684,-5.008009,-7.9878273,1
1.0,1,-1.8973484,14.000977,1.7590222,-7.4493523,6.1185684,-5.008009,-7.9878273,1
1.0,1,-1.8973484,14.000977,1.7590222,-7.4493523,6.1185684,-5.008009,-7.9878273,1
0.0,0,11.044138,-6.093673,-11.400448,-9.895614,-7.267994,4.257988,1.4188242,1
0.0,0,11.04418,-6.093622,-11.400627,-9.8955765,-7.267956,4.257942,1.4188116,1
0.0,0,11.044094,-6.0936046,-11.40035,-9.895814,-7.268114,4.258126,1.4187844,1
0.0,0,11.044125,-6.093658,-11.400422,-9.895653,-7.2680225,4.258023,1.4188137,1
0.0,0,11.044,-6.0935664,-11.400042,-9.895437,-7.2676697,4.2577963,1.4185374,1
0.0,0,11.044206,-6.0937796,-11.4006405,-9.895253,-7.267583,4.257595,1.4189384,1
4.0,4,-0.6332569,12.941784,-0.031639248,-5.089035,23.062986,-17.158987,-2.7494445,1
4.0,4,-0.6332569,12.941784,-0.031639248,-5.089035,23.062986,-17.158987,-2.7494445,1
4.0,4,-0.6332569,12.941784,-0.031639248,-5.089035,23.062986,-17.158987,-2.7494445,1
4.0,4,-0.6332569,12.941784,-0.031639248,-5.089035,23.062986,-17.158987,-2.7494445,1
4.0,4,-0.6332569,12.941784,-0.031639248,-5.089035,23.062986,-17.158987,-2.7494445,1
4.0,4,-0.6332569,12.941784,-0.031639248,-5.089035,23.062986,-17.158987,-2.7494445,1
6.0,6,10.344456,-21.37104,-6.8947434,-17.471935,6.3726673,-13.810919,41.611572,1
6.0,6,10.344456,-21.37104,-6.8947434,-17.471935,6.3726673,-13.810919,41.611572,1
6.0,6,10.344456,-21.37104,-6.8947434,-17.471935,6.3726673,-13.810919,41.611572,1
6.0,6,10.344456,-21.37104,-6.8947434,-17.471935,6.3726673,-13.810919,41.611572,1
6.0,6,10.344456,-21.37104,-6.8947434,-17.471935,6.3726673,-13.810919,41.611572,1
6.0,6,10.344456,-21.37104,-6.8947434,-17.471935,6.3726673,-13.810919,41.611572,1
3.0,3,1.5933583,-7.4592957,-14.35262,48.29494,-1.8113078,-0.62736404,-13.264898,1
3.0,3,1.5933535,-7.459286,-14.352635,48.294945,-1.8113137,-0.627354,-13.264912,1
3.0,3,1.5933521,-7.4592843,-14.352635,48.294952,-1.8113111,-0.62735426,-13.264912,1
3.0,3,1.5933533,-7.4592853,-14.352636,48.294945,-1.8113123,-0.6273533,-13.264912,1
3.0,3,1.5933523,-7.4592834,-14.352638,48.29495,-1.8113128,-0.6273531,-13.264914,1
3.0,3,1.5933578,-7.4592957,-14.35262,48.294937,-1.8113066,-0.627365,-13.264898,1
1.0,1,0.37830698,13.401283,-0.21253982,-9.20513,7.7310987,-5.614003,-8.4103985,1
1.0,1,0.37830698,13.401283,-0.21253982,-9.20513,7.7310987,-5.614003,-8.4103985,1
1.0,1,0.37830698,13.401283,-0.21253982,-9.20513,7.7310987,-5.614003,-8.4103985,1
1.0,1,0.37830698,13.401283,-0.21253982,-9.20513,7.7310987,-5.614003,-8.4103985,1
1.0,1,0.37830698,13.401283,-0.21253982,-9.20513,7.7310987,-5.614003,-8.4103985,1
1.0,1,0.37830698,13.401283,-0.21253982,-9.20513,7.7310987,-5.614003,-8.4103985,1
3.0,3,1.6579535,-7.5542216,-14.314902,48.000957,-1.9419392,-0.5882987,-13.076658,1
3.0,3,1.6578093,-7.5539145,-14.315079,48.00143,-1.9416865,-0.58840144,-13.077073,1
3.0,3,1.6577919,-7.5539126,-14.315023,48.00149,-1.9415954,-0.5884522,-13.07707,1
3.0,3,1.6579368,-7.5541415,-14.315037,48.00095,-1.9419605,-0.5883099,-13.076696,1
3.0,3,1.6577799,-7.553947,-14.315004,48.00163,-1.9415663,-0.58847654,-13.077089,1
3.0,3,1.6577725,-7.553881,-14.315067,48.001556,-1.9415766,-0.5884851,-13.077108,1
0.0,0,11.278738,-6.3589416,-12.333174,-9.361572,-7.810685,4.747951,1.3426561,1
0.0,0,11.278745,-6.3589606,-12.333213,-9.361517,-7.8106527,4.7479143,1.3426859,1
0.0,0,11.278686,-6.358913,-12.33314,-9.361623,-7.810606,4.747894,1.3427374,1
0.0,0,11.278716,-6.3589616,-12.333191,-9.361485,-7.810663,4.747935,1.3426635,1
0.0,0,11.278721,-6.358953,-12.333181,-9.361543,-7.8106174,4.7478886,1.3427055,1
0.0,0,11.278746,-6.358929,-12.333218,-9.361577,-7.810581,4.7478485,1.3426988,1
3.0,3,1.5840487,-7.4084735,-14.388842,48.31954,-1.8023249,-0.6151873,-13.334175,1
3.0,3,1.5840876,-7.4084525,-14.388866,48.319424,-1.8023454,-0.61517155,-13.33419,1
3.0,3,1.5841229,-7.40846,-14.388882,48.31928,-1.8024427,-0.6151153,-13.334164,1
3.0,3,1.5840819,-7.4083657,-14.388924,48.31945,-1.8022841,-0.6151854,-13.334303,1
3.0,3,1.5840771,-7.4086385,-14.388802,48.319473,-1.8024341,-0.6151613,-13.333954,1
3.0,3,1.5840764,-7.4085116,-14.388838,48.319447,-1.8023964,-0.61515296,-13.334118,1
4.0,4,-1.8112819,14.677444,-0.92735875,-2.8702335,26.533257,-19.493744,-2.9525523,1
4.0,4,-1.8112819,14.677444,-0.92735875,-2.8702335,26.533257,-19.493744,-2.9525523,1
4.0,4,-1.8112819,14.677444,-0.92735875,-2.8702335,26.533257,-19.493744,-2.9525523,1
4.0,4,-1.8112829,14.677444,-0.9273615,-2.8702328,26.533255,-19.493742,-2.952551,1
4.0,4,-1.8112819,14.677444,-0.92735875,-2.8702335,26.533257,-19.493744,-2.9525523,1
4.0,4,-1.8112819,14.677444,-0.92735875,-2.8702335,26.533257,-19.493744,-2.9525523,1
1.0,1,-1.6528177,14.7971,1.2927724,-8.141301,5.053658,-3.5413976,-9.748152,1
1.0,1,-1.6528177,14.7971,1.2927724,-8.141301,5.053658,-3.5413976,-9.748152,1
1.0,1,-1.6528177,14.7971,1.2927724,-8.141301,5.053658,-3.5413976,-9.748152,1
1.0,1,-1.6528177,14.7971,1.2927724,-8.141301,5.053658,-3.5413976,-9.748152,1
1.0,1,-1.6528177,14.7971,1.2927724,-8.141301,5.053658,-3.5413976,-9.748152,1
1.0,1,-1.6528177,14.7971,1.2927724,-8.141301,5.053658,-3.5413976,-9.748152,1
3.0,3,1.6200695,-7.4906774,-14.350633,48.220753,-1.8518664,-0.6068772,-13.220861,1
3.0,3,1.6200428,-7.490646,-14.350637,48.22082,-1.8518258,-0.6068982,-13.220903,1
3.0,3,1.6200614,-7.490664,-14.350645,48.220783,-1.8518592,-0.6068758,-13.220885,1
3.0,3,1.6201015,-7.4907184,-14.35062,48.220665,-1.8519174,-0.60685956,-13.220802,1
3.0,3,1.6200321,-7.4906297,-14.350648,48.220856,-1.8518118,-0.6069001,-13.220929,1
3.0,3,1.6200662,-7.4906697,-14.350643,48.220768,-1.8518697,-0.606871,-13.220873,1
1.0,1,-1.4231949,14.646263,1.6517117,-7.489543,6.5131207,-5.361307,-9.3175,1
1.0,1,-1.4231739,14.646154,1.6518042,-7.4895744,6.5132165,-5.3614283,-9.317326,1
1.0,1,-1.4231739,14.646154,1.6518042,-7.4895744,6.5132165,-5.3614283,-9.317326,1
1.0,1,-1.4231739,14.646154,1.6518042,-7.4895744,6.5132165,-5.3614283,-9.317326,1
1.0,1,-1.4231739,14.646154,1.6518042,-7.4895744,6.5132165,-5.3614283,-9.317326,1
1.0,1,-1.4231739,14.646154,1.6518042,-7.4895744,6.5132165,-5.3614283,-9.317326,1
0.0,0,11.426457,-5.7494817,-12.305731,-9.752275,-7.1252985,4.2234015,0.64019513,1
0.0,0,11.426445,-5.749915,-12.304491,-9.752316,-7.126233,4.224272,0.6393633,1
0.0,0,11.426649,-5.750295,-12.304446,-9.752353,-7.1263113,4.2242384,0.63961387,1
0.0,0,11.426084,-5.7495384,-12.304049,-9.753703,-7.12601,4.2241936,0.6402633,1
0.0,0,11.426398,-5.7501845,-12.303723,-9.753037,-7.126642,4.2246466,0.63963985,1
0.0,0,11.426169,-5.7496686,-12.304066,-9.753511,-7.1262665,4.224386,0.6400757,1
2.0,2,-7.8281794,9.337608,29.227228,-17.524027,-0.11766517,2.6934104,-6.8224688,1
2.0,2,-7.8281794,9.337608,29.227228,-17.524027,-0.11766517,2.6934104,-6.8224688,1
2.0,2,-7.8281794,9.337608,29.227228,-17.524027,-0.11766517,2.6934104,-6.8224688,1
2.0,2,-7.8281794,9.337608,29.227228,-17.524027,-0.11766517,2.6934104,-6.8224688,1
2.0,2,-7.8281794,9.337608,29.227228,-17.524027,-0.11766517,2.6934104,-6.8224688,1
2.0,2,-7.8281794,9.337608,29.227228,-17.524027,-0.11766517,2.6934104,-6.8224688,1
1.0,1,-1.1297843,14.092091,0.9037541,-8.601795,5.8150578,-4.397228,-8.539295,1
1.0,1,-1.1297843,14.092091,0.9037541,-8.601795,5.8150578,-4.397228,-8.539295,1
1.0,1,-1.1297843,14.092091,0.9037541,-8.601795,5.8150578,-4.397228,-8.539295,1
1.0,1,-1.1297843,14.092091,0.9037541,-8.601795,5.8150578,-4.397228,-8.539295,1
1.0,1,-1.1297843,14.092091,0.9037541,-8.601795,5.8150578,-4.397228,-8.539295,1
1.0,1,-1.1297843,14.092091,0.9037541,-8.601795,5.8150578,-4.397228,-8.539295,1
3.0,3,1.5852647,-7.393949,-14.3962345,48.31655,-1.7920109,-0.61322796,-13.355427,1
3.0,3,1.585269,-7.3939195,-14.396252,48.316532,-1.7919971,-0.6132263,-13.355463,1
3.0,3,1.585273,-7.3939357,-14.3962555,48.31653,-1.7920164,-0.6132175,-13.355444,1
3.0,3,1.5852675,-7.393949,-14.396242,48.316544,-1.7920126,-0.6132215,-13.355431,1
3.0,3,1.5852706,-7.39393,-14.396255,48.316532,-1.7920128,-0.61321795,-13.355451,1
3.0,3,1.585269,-7.3939395,-14.396244,48.31654,-1.7920114,-0.61322105,-13.355439,1
5.0,5,8.673034,-4.5426626,-6.339929,-4.1455374,-26.751148,21.488766,-11.959769,1
5.0,5,8.673034,-4.5426626,-6.339929,-4.1455374,-26.751148,21.488766,-11.959769,1
5.0,5,8.673034,-4.5426626,-6.339929,-4.1455374,-26.751148,21.488766,-11.959769,1
5.0,5,8.673034,-4.5426626,-6.339929,-4.1455374,-26.751148,21.488766,-11.959769,1
5.0,5,8.673034,-4.5426626,-6.339929,-4.1455374,-26.751148,21.488766,-11.959769,1
5.0,5,8.673034,-4.5426626,-6.339929,-4.1455374,-26.751148,21.488766,-11.959769,1
2.0,2,-7.401183,8.543461,30.773636,-18.180504,0.6915151,1.6936396,-6.085923,1
2.0,2,-7.401183,8.543461,30.773636,-18.180504,0.6915151,1.6936396,-6.085923,1
2.0,2,-7.401183,8.543461,30.773636,-18.180504,0.6915151,1.6936396,-6.085923,1
2.0,2,-7.401183,8.543461,30.773636,-18.180504,0.6915151,1.6936396,-6.085923,1
2.0,2,-7.401183,8.543461,30.773636,-18.180504,0.6915151,1.6936396,-6.085923,1
2.0,2,-7.401183,8.543461,30.773636,-18.180504,0.6915151,1.6936396,-6.085923,1
4.0,4,-1.5952017,14.681818,-0.6682031,-4.1203527,25.626072,-18.799614,-3.0668297,1
4.0,4,-1.5951796,14.681801,-0.6681975,-4.1204863,25.626007,-18.79956,-3.0667844,1
4.0,4,-1.5951996,14.681801,-0.66818106,-4.120357,25.626091,-18.799623,-3.0668092,1
4.0,4,-1.5951993,14.681801,-0.6681818,-4.1203556,25.626087,-18.799623,-3.0668106,1
4.0,4,-1.5951989,14.681801,-0.6681825,-4.1203547,25.626087,-18.799623,-3.0668108,1
4.0,4,-1.5951998,14.681822,-0.66820383,-4.120366,25.626062,-18.799608,-3.0668287,1
1.0,1,-1.5139649,10.713573,2.3240507,-5.8897934,1.7897843,-0.68995935,-7.917654,1
1.0,1,-1.513982,10.713287,2.324182,-5.889561,1.7896693,-0.6898873,-7.917528,1
1.0,1,-1.5137377,10.712893,2.324308,-5.8893175,1.7893798,-0.6896485,-7.917655,1
1.0,1,-1.5140033,10.713224,2.3241878,-5.889736,1.7896748,-0.68984437,-7.9173326,1
1.0,1,-1.5140631,10.713583,2.3242033,-5.8898087,1.7892952,-0.6894193,-7.917864,1
1.0,1,-1.5138595,10.713081,2.324204,-5.889675,1.7891959,-0.6892748,-7.917652,1
1.0,1,-0.85195374,13.273666,1.7636805,-7.4122686,6.547634,-5.520654,-8.233153,1
1.0,1,-0.8519478,13.273664,1.7636743,-7.412286,6.547631,-5.5206485,-8.2331505,1
1.0,1,-0.8519478,13.273664,1.7636743,-7.412286,6.547631,-5.5206485,-8.2331505,1
1.0,1,-0.8519478,13.273664,1.7636743,-7.412286,6.547631,-5.5206485,-8.2331505,1
1.0,1,-0.8519478,13.273664,1.7636743,-7.412286,6.547631,-5.5206485,-8.2331505,1
1.0,1,-0.8519478,13.273664,1.7636743,-7.412286,6.547631,-5.5206485,-8.2331505,1
5.0,5,7.990032,-4.1106334,-4.603201,-5.949832,-28.248392,23.519384,-12.480091,1
5.0,5,7.990035,-4.110634,-4.6032023,-5.949835,-28.248388,23.519377,-12.480089,1
5.0,5,7.990032,-4.1106334,-4.603201,-5.949832,-28.248392,23.519384,-12.480091,1
5.0,5,7.990032,-4.1106334,-4.603201,-5.949832,-28.248392,23.519384,-12.480091,1
5.0,5,7.990032,-4.1106334,-4.603201,-5.949832,-28.248392,23.519384,-12.480091,1
5.0,5,7.990032,-4.1106334,-4.603201,-5.949832,-28.248392,23.519384,-12.480091,1
1.0,1,-1.0568016,14.773361,0.37083825,-8.63804,6.2943387,-4.5847406,-9.310558,1
1.0,1,-1.0568016,14.773361,0.37083825,-8.63804,6.2943387,-4.5847406,-9.310558,1
1.0,1,-1.0568016,14.773361,0.37083825,-8.63804,6.2943387,-4.5847406,-9.310558,1
1.0,1,-1.0568016,14.773361,0.37083825,-8.63804,6.2943387,-4.5847406,-9.310558,1
1.0,1,-1.0568016,14.773361,0.37083825,-8.63804,6.2943387,-4.5847406,-9.310558,1
1.0,1,-1.0568016,14.773361,0.37083825,-8.63804,6.2943387,-4.5847406,-9.310558,1
0.0,0,11.202513,-5.944751,-11.872856,-10.245415,-7.939575,4.851641,1.1282616,1
0.0,0,11.202624,-5.945002,-11.872641,-10.245212,-7.9397964,4.851797,1.1280239,1
0.0,0,11.202694,-5.945209,-11.872362,-10.245072,-7.940036,4.8519955,1.127763,1
0.0,0,11.20267,-5.945142,-11.872451,-10.245141,-7.940011,4.8519735,1.1278608,1
0.0,0,11.202704,-5.9452114,-11.872477,-10.2451725,-7.940011,4.8519454,1.1279688,1
0.0,0,11.202659,-5.945096,-11.872489,-10.245161,-7.9400406,4.8520064,1.1278589,1
3.0,3,1.5841658,-7.4052014,-14.380939,48.317314,-1.7914778,-0.63336146,-13.330219,1
3.0,3,1.5840394,-7.405029,-14.381328,48.31794,-1.7914025,-0.63311017,-13.330691,1
3.0,3,1.583988,-7.404923,-14.381315,48.31806,-1.7912041,-0.63324344,-13.330788,1
3.0,3,1.5840101,-7.404672,-14.381392,48.31792,-1.79102,-0.63336647,-13.331007,1
3.0,3,1.5840676,-7.405226,-14.381087,48.3177,-1.7914101,-0.6332394,-13.330326,1
3.0,3,1.5840006,-7.4053855,-14.380981,48.31797,-1.7915436,-0.6330961,-13.330268,1
4.0,4,-1.1163538,13.256411,0.70274234,-5.3118553,24.484665,-18.023867,-2.219751,1
4.0,4,-1.1163619,13.256432,0.70273066,-5.3118196,24.484709,-18.023893,-2.2197657,1
4.0,4,-1.1163619,13.256432,0.70273066,-5.3118196,24.484709,-18.023893,-2.2197657,1
4.0,4,-1.1163354,13.256407,0.702654,-5.3117647,24.484713,-18.023918,-2.2197495,1
4.0,4,-1.116349,13.256435,0.70270026,-5.311839,24.48464,-18.023859,-2.2197843,1
4.0,4,-1.1163619,13.256432,0.70273066,-5.3118196,24.484709,-18.023893,-2.2197657,1
3.0,3,1.6124318,-7.4768653,-14.370741,48.255013,-1.8282591,-0.61452734,-13.241529,1
3.0,3,1.6124985,-7.47699,-14.370629,48.254803,-1.8283135,-0.6145524,-13.2413435,1
3.0,3,1.6125054,-7.477033,-14.370575,48.25475,-1.8283619,-0.61455,-13.241276,1
3.0,3,1.6124289,-7.4768453,-14.370817,48.255043,-1.828257,-0.6144875,-13.241571,1
3.0,3,1.6125398,-7.4770455,-14.370607,48.254684,-1.8283695,-0.61454713,-13.241255,1
3.0,3,1.6124747,-7.476953,-14.370695,48.254887,-1.8283283,-0.61450875,-13.241409,1
0.0,0,11.213792,-5.965685,-12.185827,-8.738441,-7.160409,4.0999565,0.77465963,1
0.0,0,11.213792,-5.965685,-12.185827,-8.738441,-7.160409,4.0999565,0.77465963,1
0.0,0,11.213792,-5.965685,-12.185827,-8.738441,-7.160409,4.0999565,0.77465963,1
0.0,0,11.213792,-5.965685,-12.185827,-8.738441,-7.160409,4.0999565,0.77465963,1
0.0,0,11.213792,-5.965685,-12.185827,-8.738441,-7.160409,4.0999565,0.77465963,1
0.0,0,11.213792,-5.965685,-12.185827,-8.738441,-7.160409,4.0999565,0.77465963,1
6.0,6,10.273486,-21.314861,-6.709566,-17.45081,6.614724,-13.982376,41.664326,1
6.0,6,10.273486,-21.314861,-6.709566,-17.45081,6.614724,-13.982376,41.664326,1
6.0,6,10.273486,-21.314861,-6.709566,-17.45081,6.614724,-13.982376,41.664326,1
6.0,6,10.273486,-21.314861,-6.709566,-17.45081,6.614724,-13.982376,41.664326,1
6.0,6,10.273486,-21.314861,-6.709566,-17.45081,6.614724,-13.982376,41.664326,1
6.0,6,10.273486,-21.314861,-6.709566,-17.45081,6.614724,-13.982376,41.664326,1
1.0,1,-1.524087,14.577387,1.3954023,-8.336931,4.7980757,-3.2709851,-9.719448,1
1.0,1,-1.524087,14.577387,1.3954023,-8.336931,4.7980757,-3.2709851,-9.719448,1
1.0,1,-1.524087,14.577387,1.3954023,-8.336931,4.7980757,-3.2709851,-9.719448,1
1.0,1,-1.5240784,14.577389,1.3954026,-8.336933,4.7980766,-3.2709885,-9.7194605,1
1.0,1,-1.5240958,14.577389,1.3954167,-8.336918,4.7980895,-3.2710056,-9.7194395,1
1.0,1,-1.524087,14.577387,1.3954023,-8.336931,4.7980757,-3.2709851,-9.719448,1
2.0,2,-7.4200773,8.931295,29.812222,-17.869781,-0.29614294,2.5627942,-6.7894344,1
2.0,2,-7.4200773,8.931295,29.812222,-17.869781,-0.29614294,2.5627942,-6.7894344,1
2.0,2,-7.4200773,8.931295,29.812222,-17.869781,-0.29614294,2.5627942,-6.7894344,1
2.0,2,-7.4200773,8.931295,29.812222,-17.869781,-0.29614294,2.5627942,-6.7894344,1
2.0,2,-7.4200773,8.931295,29.812222,-17.869781,-0.29614294,2.5627942,-6.7894344,1
2.0,2,-7.4200773,8.931295,29.812222,-17.869781,-0.29614294,2.5627942,-6.7894344,1
2.0,2,-7.057576,8.159443,31.09804,-19.061764,0.8873886,1.2860402,-5.736273,1
2.0,2,-7.057576,8.159443,31.09804,-19.061764,0.8873886,1.2860402,-5.736273,1
2.0,2,-7.057576,8.159443,31.09804,-19.061764,0.8873886,1.2860402,-5.736273,1
2.0,2,-7.057576,8.159443,31.09804,-19.061764,0.8873886,1.2860402,-5.736273,1
2.0,2,-7.057576,8.159443,31.09804,-19.061764,0.8873886,1.2860402,-5.736273,1
2.0,2,-7.057576,8.159443,31.09804,-19.061764,0.8873886,1.2860402,-5.736273,1
5.0,5,9.222782,-5.8658566,-6.1414037,-5.5597835,-26.61446,21.762163,-10.251154,1
5.0,5,9.222782,-5.8658566,-6.1414037,-5.5597835,-26.61446,21.762163,-10.251154,1
5.0,5,9.222782,-5.8658566,-6.1414037,-5.5597835,-26.61446,21.762163,-10.251154,1
5.0,5,9.222782,-5.8658566,-6.1414037,-5.5597835,-26.61446,21.762163,-10.251154,1
5.0,5,9.222782,-5.8658566,-6.1414037,-5.5597835,-26.61446,21.762163,-10.251154,1
5.0,5,9.222782,-5.8658566,-6.1414037,-5.5597835,-26.61446,21.762163,-10.251154,1
6.0,4,-0.94619536,11.775652,-0.41528895,0.27185988,26.770823,-19.815208,-1.9542545,0
6.0,4,-0.94619536,11.775652,-0.41528895,0.27185988,26.770823,-19.815208,-1.9542545,0
6.0,4,-0.94619536,11.775652,-0.41528895,0.27185988,26.770823,-19.815208,-1.9542545,0
6.0,4,-0.94619536,11.775652,-0.41528895,0.27185988,26.770823,-19.815208,-1.9542545,0
6.0,4,-0.94619536,11.775652,-0.41528895,0.27185988,26.770823,-19.815208,-1.9542545,0
6.0,4,-0.94619536,11.775652,-0.41528895,0.27185988,26.770823,-19.815208,-1.9542545,0
0.0,0,10.642244,-5.749878,-11.223967,-9.769623,-8.012949,5.2577496,0.6296892,1
0.0,0,10.642244,-5.749878,-11.223967,-9.769623,-8.012949,5.2577496,0.6296892,1
0.0,0,10.642244,-5.749878,-11.223967,-9.769623,-8.012949,5.2577496,0.6296892,1
0.0,0,10.642244,-5.749878,-11.223967,-9.769623,-8.012949,5.2577496,0.6296892,1
0.0,0,10.642244,-5.749878,-11.223967,-9.769623,-8.012949,5.2577496,0.6296892,1
0.0,0,10.642244,-5.749878,-11.223967,-9.769623,-8.012949,5.2577496,0.6296892,1
4.0,4,-0.12621713,12.009661,-0.03158465,-5.6968327,22.486713,-16.674122,-1.8379986,1
4.0,4,-0.12621713,12.009661,-0.03158465,-5.6968327,22.486713,-16.674122,-1.8379986,1
4.0,4,-0.12621713,12.009661,-0.03158465,-5.6968327,22.486713,-16.674122,-1.8379986,1
4.0,4,-0.12621713,12.009661,-0.03158465,-5.6968327,22.486713,-16.674122,-1.8379986,1
4.0,4,-0.12621713,12.009661,-0.03158465,-5.6968327,22.486713,-16.674122,-1.8379986,1
4.0,4,-0.12621713,12.009661,-0.03158465,-5.6968327,22.486713,-16.674122,-1.8379986,1
6.0,6,9.458051,-19.853722,-8.038981,-15.5236845,6.1326256,-12.942349,39.592335,1
6.0,6,9.458051,-19.853722,-8.038981,-15.5236845,6.1326256,-12.942349,39.592335,1
6.0,6,9.458051,-19.853722,-8.038981,-15.5236845,6.1326256,-12.942349,39.592335,1
6.0,6,9.458051,-19.853722,-8.038981,-15.5236845,6.1326256,-12.942349,39.592335,1
6.0,6,9.458051,-19.853722,-8.038981,-15.5236845,6.1326256,-12.942349,39.592335,1
6.0,6,9.458051,-19.853722,-8.038981,-15.5236845,6.1326256,-12.942349,39.592335,1
2.0,2,-7.6603136,9.01791,30.044083,-17.524734,0.12951338,2.3367057,-6.7841187,1
2.0,2,-7.6603136,9.01791,30.044083,-17.524734,0.12951338,2.3367057,-6.7841187,1
2.0,2,-7.6603136,9.01791,30.044083,-17.524734,0.12951338,2.3367057,-6.7841187,1
2.0,2,-7.6603136,9.01791,30.044083,-17.524734,0.12951338,2.3367057,-6.7841187,1
2.0,2,-7.6603136,9.01791,30.044083,-17.524734,0.12951338,2.3367057,-6.7841187,1
2.0,2,-7.6603136,9.01791,30.044083,-17.524734,0.12951338,2.3367057,-6.7841187,1
6.0,6,10.055688,-20.970848,-6.487231,-17.703232,6.915306,-14.197992,41.778053,1
6.0,6,10.055688,-20.970848,-6.487231,-17.703232,6.915306,-14.197992,41.778053,1
6.0,6,10.055688,-20.970848,-6.487231,-17.703232,6.915306,-14.197992,41.778053,1
6.0,6,10.055688,-20.970848,-6.487231,-17.703232,6.915306,-14.197992,41.778053,1
6.0,6,10.055688,-20.970848,-6.487231,-17.703232,6.915306,-14.197992,41.778053,1
6.0,6,10.055688,-20.970848,-6.487231,-17.703232,6.915306,-14.197992,41.778053,1
5.0,5,9.183387,-4.6742616,-6.0128493,-7.0799446,-26.158072,21.723974,-11.316551,1
5.0,5,9.183387,-4.6742616,-6.0128493,-7.0799446,-26.158072,21.723974,-11.316551,1
5.0,5,9.183387,-4.6742616,-6.0128493,-7.0799446,-26.158072,21.723974,-11.316551,1
5.0,5,9.183387,-4.6742616,-6.0128493,-7.0799446,-26.158072,21.723974,-11.316551,1
5.0,5,9.183387,-4.6742616,-6.0128493,-7.0799446,-26.158072,21.723974,-11.316551,1
5.0,5,9.183387,-4.6742616,-6.0128493,-7.0799446,-26.158072,21.723974,-11.316551,1
2.0,2,-7.349288,8.983051,29.752087,-18.009918,-0.23404849,2.485692,-6.8484373,1
2.0,2,-7.349288,8.983051,29.752087,-18.009918,-0.23404849,2.485692,-6.8484373,1
2.0,2,-7.349288,8.983051,29.752087,-18.009918,-0.23404849,2.485692,-6.8484373,1
2.0,2,-7.349288,8.983051,29.752087,-18.009918,-0.23404849,2.485692,-6.8484373,1
2.0,2,-7.349288,8.983051,29.752087,-18.009918,-0.23404849,2.485692,-6.8484373,1
2.0,2,-7.349288,8.983051,29.752087,-18.009918,-0.23404849,2.485692,-6.8484373,1
2.0,2,-7.6298113,7.9094253,32.22591,-17.676891,1.4847118,1.3941122,-5.654871,1
2.0,2,-7.6298113,7.9094253,32.22591,-17.676891,1.4847118,1.3941122,-5.654871,1
2.0,2,-7.6298113,7.9094253,32.22591,-17.676891,1.4847118,1.3941122,-5.654871,1
2.0,2,-7.6298113,7.9094253,32.22591,-17.676891,1.4847118,1.3941122,-5.654871,1
2.0,2,-7.6298113,7.9094253,32.22591,-17.676891,1.4847118,1.3941122,-5.654871,1
2.0,2,-7.6298113,7.9094253,32.22591,-17.676891,1.4847118,1.3941122,-5.654871,1
1.0,1,-1.1090796,14.939753,0.3467417,-8.661225,6.4730797,-4.6413927,-9.455684,1
1.0,1,-1.1090796,14.939753,0.3467417,-8.661225,6.4730797,-4.6413927,-9.455684,1
1.0,1,-1.1090796,14.939753,0.3467417,-8.661225,6.4730797,-4.6413927,-9.455684,1
1.0,1,-1.1090796,14.939753,0.3467417,-8.661225,6.4730797,-4.6413927,-9.455684,1
1.0,1,-1.1090796,14.939753,0.3467417,-8.661225,6.4730797,-4.6413927,-9.455684,1
1.0,1,-1.1090796,14.939753,0.3467417,-8.661225,6.4730797,-4.6413927,-9.455684,1
0.0,0,11.544626,-5.778957,-12.472093,-9.687494,-7.329792,4.4102864,0.49783802,1
0.0,0,11.544668,-5.7789464,-12.472163,-9.687471,-7.3297815,4.41027,0.4978118,1
0.0,0,11.544664,-5.7789917,-12.472138,-9.687447,-7.329792,4.4102726,0.49783635,1
0.0,0,11.54465,-5.7789745,-12.472145,-9.687435,-7.329777,4.410266,0.49783945,1
0.0,0,11.544657,-5.7790065,-12.472122,-9.687396,-7.329818,4.410298,0.49780798,1
0.0,0,11.544658,-5.7790027,-12.4721575,-9.687358,-7.329776,4.4102592,0.49781227,1
5.0,5,8.368606,-4.347393,-4.4127707,-7.531314,-24.265007,20.085512,-10.290079,1
5.0,5,8.368606,-4.347393,-4.4127707,-7.531314,-24.265007,20.085512,-10.290079,1
5.0,5,8.368606,-4.347393,-4.4127707,-7.531314,-24.265007,20.085512,-10.290079,1
5.0,5,8.368606,-4.347393,-4.4127707,-7.531314,-24.265007,20.085512,-10.290079,1
5.0,5,8.368606,-4.347393,-4.4127707,-7.531314,-24.265007,20.085512,-10.290079,1
5.0,5,8.368592,-4.3472595,-4.4127946,-7.5311956,-24.265419,20.085917,-10.290501,1
3.0,3,1.5968399,-7.4019017,-14.42856,48.29399,-1.7946037,-0.5877384,-13.351433,1
3.0,3,1.5968215,-7.401921,-14.428537,48.29406,-1.7946051,-0.5877651,-13.351408,1
3.0,3,1.5968351,-7.4019713,-14.428561,48.29404,-1.794644,-0.587752,-13.351337,1
3.0,3,1.5968261,-7.4019217,-14.428539,48.294025,-1.794649,-0.5877553,-13.351389,1
3.0,3,1.5968235,-7.4019017,-14.428543,48.294044,-1.7946118,-0.5877589,-13.351429,1
3.0,3,1.5968251,-7.401942,-14.428546,48.29406,-1.7946147,-0.58775604,-13.351383,1
2.0,2,-7.09842,8.332109,30.675272,-18.366844,0.1889478,1.9650065,-6.30019,1
2.0,2,-7.09842,8.332109,30.675272,-18.366844,0.1889478,1.9650065,-6.30019,1
2.0,2,-7.09842,8.332109,30.675272,-18.366844,0.1889478,1.9650065,-6.30019,1
2.0,2,-7.09842,8.332109,30.675272,-18.366844,0.1889478,1.9650065,-6.30019,1
2.0,2,-7.09842,8.332109,30.675272,-18.366844,0.1889478,1.9650065,-6.30019,1
2.0,2,-7.09842,8.332109,30.675272,-18.366844,0.1889478,1.9650065,-6.30019,1
2.0,2,-7.292033,8.249149,31.202969,-18.605366,0.98646915,1.3510739,-5.7089357,1
2.0,2,-7.292034,8.249144,31.202984,-18.60537,0.9864942,1.3510557,-5.7089252,1
2.0,2,-7.292037,8.249159,31.202965,-18.605362,0.98647225,1.351075,-5.708946,1
2.0,2,-7.292035,8.249136,31.203001,-18.605362,0.9864937,1.3510586,-5.708928,1
2.0,2,-7.292074,8.249232,31.202885,-18.605457,0.98653376,1.3510119,-5.7088375,1
2.0,2,-7.2920313,8.249155,31.202953,-18.605373,0.9864639,1.3510753,-5.7089367,1
1.0,1,-0.51174426,14.390785,0.3634282,-8.25494,6.7327266,-5.145795,-9.492381,1
1.0,1,-0.51174474,14.390783,0.3634288,-8.25494,6.7327266,-5.145795,-9.492381,1
1.0,1,-0.51173663,14.390774,0.3634207,-8.254944,6.7327356,-5.1458035,-9.49237,1
1.0,1,-0.5117414,14.390781,0.3634219,-8.254941,6.7327323,-5.1457996,-9.492378,1
1.0,1,-0.51173544,14.390776,0.36341926,-8.254946,6.7327375,-5.145806,-9.49237,1
1.0,1,-0.5117409,14.390781,0.36342177,-8.254942,6.7327323,-5.1457996,-9.492378,1
0.0,0,11.390299,-5.733345,-12.2522135,-9.748937,-7.1166725,4.2336063,0.64912987,1
0.0,0,11.390219,-5.7332287,-12.252144,-9.749079,-7.116723,4.2336884,0.64910126,1
0.0,0,11.390295,-5.733278,-12.25226,-9.749039,-7.1165953,4.2335377,0.6491935,1
0.0,0,11.3902,-5.7331347,-12.252196,-9.749212,-7.1166067,4.233589,0.6491945,1
0.0,0,11.390265,-5.733206,-12.252289,-9.749113,-7.116602,4.2335534,0.6492088,1
0.0,0,11.390212,-5.7331376,-12.252386,-9.749097,-7.1165876,4.233556,0.6492915,1
1.0,1,-0.8171842,15.144943,0.14779684,-8.783871,6.702296,-4.917795,-9.841915,1
1.0,1,-0.8171842,15.144943,0.14779684,-8.783871,6.702296,-4.917795,-9.841915,1
1.0,1,-0.81718326,15.144936,0.14782569,-8.78385,6.7022715,-4.9177794,-9.841943,1
1.0,1,-0.8171842,15.144943,0.14779684,-8.783871,6.702296,-4.917795,-9.841915,1
1.0,1,-0.8171842,15.144943,0.14779684,-8.783871,6.702296,-4.917795,-9.841915,1
1.0,1,-0.81718326,15.144936,0.14782569,-8.78385,6.7022715,-4.9177794,-9.841943,1
2.0,2,-2.7223203,6.990855,9.72929,-4.3914223,-0.54192436,0.6288736,-6.7579517,1
2.0,2,-2.722359,6.9908633,9.729417,-4.391513,-0.54197454,0.6289357,-6.7579613,1
2.0,2,-2.7223203,6.990855,9.72929,-4.3914223,-0.54192436,0.6288736,-6.7579517,1
2.0,2,-2.7223203,6.990855,9.72929,-4.3914223,-0.54192436,0.6288736,-6.7579517,1
2.0,2,-2.7223337,6.9908514,9.7293625,-4.3914666,-0.54192245,0.62888443,-6.757945,1
2.0,2,-2.722319,6.9908357,9.729319,-4.391424,-0.54195154,0.62890446,-6.7579603,1
4.0,4,-1.5805576,14.42524,-0.39055327,-4.649724,25.120174,-18.063004,-2.9974074,1
4.0,4,-1.5805714,14.425238,-0.39051965,-4.6497083,25.120209,-18.063017,-2.997405,1
4.0,4,-1.5805559,14.425207,-0.39050952,-4.6496983,25.12022,-18.063028,-2.9973845,1
4.0,4,-1.5805662,14.42524,-0.3905479,-4.6497054,25.120193,-18.063011,-2.9974065,1
4.0,4,-1.5805712,14.425215,-0.39048532,-4.649676,25.120241,-18.06304,-2.9973876,1
4.0,4,-1.5805681,14.425209,-0.39050332,-4.649672,25.120249,-18.063042,-2.9973834,1
2.0,2,-7.3465977,8.531237,30.704905,-18.197905,0.5593375,1.7798475,-6.158124,1
2.0,2,-7.3465977,8.531237,30.704905,-18.197905,0.5593375,1.7798475,-6.158124,1
2.0,2,-7.3465977,8.531237,30.704905,-18.197905,0.5593375,1.7798475,-6.158124,1
2.0,2,-7.3465977,8.531237,30.704905,-18.197905,0.5593375,1.7798475,-6.158124,1
2.0,2,-7.3465977,8.531237,30.704905,-18.197905,0.5593375,1.7798475,-6.158124,1
2.0,2,-7.3465977,8.531237,30.704905,-18.197905,0.5593375,1.7798475,-6.158124,1
0.0,0,11.134269,-5.180454,-11.552808,-10.957119,-8.06361,5.1551285,0.27841616,1
0.0,0,11.134824,-5.1801114,-11.555431,-10.956347,-8.0620775,5.1533957,0.2794044,1
0.0,0,11.134982,-5.1802497,-11.555258,-10.955635,-8.063107,5.154192,0.27837634,1
0.0,0,11.13435,-5.180069,-11.553854,-10.956413,-8.062921,5.154349,0.278399,1
0.0,0,11.134712,-5.179257,-11.556502,-10.955982,-8.058998,5.150682,0.28001356,1
0.0,0,11.135303,-5.1802096,-11.55648,-10.955536,-8.05869,5.150187,0.28027987,1
6.0,6,10.320767,-21.3722,-6.786388,-17.272493,6.5757704,-13.94508,41.52854,1
6.0,6,10.320767,-21.3722,-6.786388,-17.272493,6.5757704,-13.94508,41.52854,1
6.0,6,10.320767,-21.3722,-6.786388,-17.272493,6.5757704,-13.94508,41.52854,1
6.0,6,10.320767,-21.3722,-6.786388,-17.272493,6.5757704,-13.94508,41.52854,1
6.0,6,10.320767,-21.3722,-6.786388,-17.272493,6.5757704,-13.94508,41.52854,1
6.0,6,10.320767,-21.3722,-6.786388,-17.272493,6.5757704,-13.94508,41.52854,1
6.0,6,10.10328,-21.014353,-6.7111864,-17.286324,6.8199987,-14.050682,41.47159,1
6.0,6,10.103272,-21.014341,-6.7111936,-17.286308,6.8200026,-14.050683,41.47158,1
6.0,6,10.103281,-21.01436,-6.711186,-17.286318,6.8199987,-14.050685,41.47159,1
6.0,6,10.10329,-21.014372,-6.7112055,-17.286339,6.8199625,-14.050663,41.471603,1
6.0,6,10.103292,-21.014372,-6.7112103,-17.286345,6.8199563,-14.05066,41.4716,1
6.0,6,10.103286,-21.014364,-6.7112346,-17.286335,6.819928,-14.050634,41.471596,1
6.0,6,10.004896,-20.836588,-6.7088823,-17.476482,6.8077083,-14.053762,41.53557,1
6.0,6,10.004888,-20.836575,-6.708885,-17.47647,6.8077154,-14.053764,41.53556,1
6.0,6,10.004887,-20.836584,-6.7088532,-17.476503,6.8077307,-14.053783,41.5356,1
6.0,6,10.004886,-20.836575,-6.708878,-17.476482,6.8077154,-14.053765,41.535572,1
6.0,6,10.0048685,-20.836542,-6.708878,-17.476482,6.807727,-14.053768,41.53556,1
6.0,6,10.004905,-20.836607,-6.7088804,-17.476475,6.8077126,-14.053766,41.535576,1
3.0,3,1.5941734,-7.425203,-14.374365,48.282864,-1.821201,-0.61253774,-13.306976,1
3.0,3,1.5941741,-7.425195,-14.374371,48.282864,-1.8211976,-0.61253846,-13.306987,1
3.0,3,1.594177,-7.4252086,-14.374363,48.282856,-1.8212048,-0.61253536,-13.306969,1
3.0,3,1.5941772,-7.425202,-14.374371,48.282856,-1.8212076,-0.61253536,-13.306976,1
3.0,3,1.5941768,-7.4252,-14.3743725,48.282856,-1.8212074,-0.6125339,-13.306978,1
3.0,3,1.5941751,-7.425197,-14.374369,48.282864,-1.8212,-0.6125356,-13.306985,1
2.0,2,-7.3714733,8.830616,30.417555,-18.278828,0.9461814,1.4868816,-6.272359,1
2.0,2,-7.3714733,8.830616,30.417555,-18.278828,0.9461814,1.4868816,-6.272359,1
2.0,2,-7.3714733,8.830616,30.417555,-18.278828,0.9461814,1.4868816,-6.272359,1
2.0,2,-7.3714733,8.830616,30.417555,-18.278828,0.9461814,1.4868816,-6.272359,1
2.0,2,-7.3714733,8.830616,30.417555,-18.278828,0.9461814,1.4868816,-6.272359,1
2.0,2,-7.3714733,8.830616,30.417555,-18.278828,0.9461814,1.4868816,-6.272359,1
1.0,1,-1.4563408,14.706165,1.1618426,-8.262875,4.760295,-3.21173,-9.979224,1
1.0,1,-1.4563408,14.706165,1.1618426,-8.262875,4.760295,-3.21173,-9.979224,1
1.0,1,-1.4563408,14.706165,1.1618426,-8.262875,4.760295,-3.21173,-9.979224,1
1.0,1,-1.4563408,14.706165,1.1618426,-8.262875,4.760295,-3.21173,-9.979224,1
1.0,1,-1.4563408,14.706165,1.1618426,-8.262875,4.760295,-3.21173,-9.979224,1
1.0,1,-1.4563408,14.706165,1.1618426,-8.262875,4.760295,-3.21173,-9.979224,1
4.0,4,-0.9547689,13.517281,-0.5298624,-4.638483,24.281387,-18.074902,-2.468224,1
4.0,4,-0.9547689,13.517281,-0.5298624,-4.638483,24.281387,-18.074902,-2.468224,1
4.0,4,-0.9547689,13.517281,-0.5298624,-4.638483,24.281387,-18.074902,-2.468224,1
4.0,4,-0.9547689,13.517281,-0.5298624,-4.638483,24.281387,-18.074902,-2.468224,1
4.0,4,-0.9547689,13.517281,-0.5298624,-4.638483,24.281387,-18.074902,-2.468224,1
4.0,4,-0.9547689,13.517281,-0.5298624,-4.638483,24.281387,-18.074902,-2.468224,1
6.0,6,10.334577,-21.406418,-6.793665,-17.371769,6.4956427,-13.889335,41.608875,1
6.0,6,10.33459,-21.406435,-6.793683,-17.371754,6.495617,-13.889314,41.608864,1
6.0,6,10.334574,-21.406414,-6.793657,-17.371773,6.4956474,-13.889338,41.608883,1
6.0,6,10.334583,-21.406425,-6.793669,-17.371763,6.495633,-13.889326,41.608875,1
6.0,6,10.334576,-21.406418,-6.793669,-17.37177,6.495634,-13.889327,41.608875,1
6.0,6,10.33459,-21.406437,-6.7936764,-17.371761,6.4956226,-13.88932,41.608868,1
1.0,1,-0.871685,15.095392,0.26220128,-8.201086,6.361747,-4.6982565,-10.205628,1
1.0,1,-0.8716886,15.095398,0.2621983,-8.201077,6.361757,-4.698266,-10.20563,1
1.0,1,-0.8716879,15.095398,0.26219544,-8.201078,6.3617616,-4.6982703,-10.205627,1
1.0,1,-0.8716879,15.095398,0.26219544,-8.201078,6.3617616,-4.6982703,-10.205627,1
1.0,1,-0.87169194,15.0954,0.26219687,-8.201073,6.3617506,-4.6982603,-10.205634,1
1.0,1,-0.8716879,15.095398,0.26219544,-8.201078,6.3617616,-4.6982703,-10.205627,1
5.0,5,9.713169,-5.851954,-7.117813,-6.58482,-26.834255,22.435926,-10.4883585,1
5.0,5,9.713169,-5.851954,-7.117813,-6.58482,-26.834255,22.435926,-10.4883585,1
5.0,5,9.713169,-5.851954,-7.117813,-6.58482,-26.834255,22.435926,-10.4883585,1
5.0,5,9.713169,-5.851954,-7.117813,-6.58482,-26.834255,22.435926,-10.4883585,1
5.0,5,9.713169,-5.851954,-7.117813,-6.58482,-26.834255,22.435926,-10.4883585,1
5.0,5,9.713169,-5.851954,-7.117813,-6.58482,-26.834255,22.435926,-10.4883585,1
0.0,0,10.683865,-5.358322,-11.759211,-10.217484,-8.076003,5.258261,0.7349856,1
0.0,0,10.683872,-5.3582435,-11.759293,-10.217609,-8.075975,5.2582335,0.7350662,1
0.0,0,10.683861,-5.358315,-11.759218,-10.217487,-8.075991,5.258252,0.7349937,1
0.0,0,10.683883,-5.358335,-11.759212,-10.217461,-8.076028,5.258278,0.7349508,1
0.0,0,10.683865,-5.3583226,-11.759212,-10.2174835,-8.076004,5.258261,0.7349851,1
0.0,0,10.683866,-5.358322,-11.759213,-10.217487,-8.076004,5.258261,0.7349868,1
3.0,3,1.599417,-7.4496903,-14.375738,48.269447,-1.8474516,-0.59267175,-13.2789955,1
3.0,3,1.599443,-7.4501166,-14.375265,48.269382,-1.8474447,-0.5927938,-13.278471,1
3.0,3,1.5994935,-7.450147,-14.375094,48.269257,-1.8474957,-0.59284246,-13.278423,1
3.0,3,1.5996556,-7.4505687,-14.374708,48.268517,-1.8475732,-0.5929009,-13.277762,1
3.0,3,1.5991583,-7.4497657,-14.374913,48.27005,-1.8465947,-0.5934652,-13.278846,1
3.0,3,1.5992374,-7.4498305,-14.375015,48.26998,-1.8469418,-0.59297407,-13.278971,1
4.0,4,-1.6967247,14.453754,-0.24983445,-3.053781,26.183554,-18.857826,-3.4441915,1
4.0,4,-1.6967387,14.45377,-0.2497932,-3.0537622,26.183542,-18.85778,-3.4442432,1
4.0,4,-1.6967278,14.453785,-0.24980429,-3.0538416,26.1835,-18.857775,-3.44423,1
4.0,4,-1.6967635,14.453728,-0.24975756,-3.053566,26.183716,-18.857895,-3.4442303,1
4.0,4,-1.6967256,14.453766,-0.24982646,-3.053783,26.183512,-18.857773,-3.4442272,1
4.0,4,-1.6967337,14.453743,-0.2498304,-3.0536911,26.183603,-18.857847,-3.4442,1
1.0,1,-1.0536652,14.773392,0.37190238,-8.646658,6.2674627,-4.55251,-9.32921,1
1.0,1,-1.0536652,14.773392,0.37190238,-8.646658,6.2674627,-4.55251,-9.32921,1
1.0,1,-1.0536652,14.773392,0.37190238,-8.646658,6.2674627,-4.55251,-9.32921,1
1.0,1,-1.0536652,14.773392,0.37190238,-8.646658,6.2674627,-4.55251,-9.32921,1
1.0,1,-1.0536652,14.773392,0.37190238,-8.646658,6.2674627,-4.55251,-9.32921,1
1.0,1,-1.0536652,14.773392,0.37190238,-8.646658,6.2674627,-4.55251,-9.32921,1
2.0,2,-7.244626,8.405903,30.761147,-18.38718,0.6391262,1.6343523,-5.9779453,1
2.0,2,-7.244626,8.405903,30.761147,-18.38718,0.6391262,1.6343523,-5.9779453,1
2.0,2,-7.244626,8.405903,30.761147,-18.38718,0.6391262,1.6343523,-5.9779453,1
2.0,2,-7.244626,8.405903,30.761147,-18.38718,0.6391262,1.6343523,-5.9779453,1
2.0,2,-7.244626,8.405903,30.761147,-18.38718,0.6391262,1.6343523,-5.9779453,1
2.0,2,-7.244626,8.405903,30.761147,-18.38718,0.6391262,1.6343523,-5.9779453,1
4.0,4,-1.3569,14.139795,-0.24370113,-5.348323,24.958563,-17.871513,-2.6787262,1
4.0,4,-1.3569,14.139795,-0.24370113,-5.348323,24.958563,-17.871513,-2.6787262,1
4.0,4,-1.3569,14.139795,-0.24370113,-5.348323,24.958563,-17.871513,-2.6787262,1
4.0,4,-1.3569,14.139795,-0.24370113,-5.348323,24.958563,-17.871513,-2.6787262,1
4.0,4,-1.3569,14.139795,-0.24370113,-5.348323,24.958563,-17.871513,-2.6787262,1
4.0,4,-1.3569,14.139795,-0.24370113,-5.348323,24.958563,-17.871513,-2.6787262,1
3.0,3,1.5891879,-7.438226,-14.3554325,48.297657,-1.7945791,-0.6433934,-13.283297,1
3.0,3,1.5891826,-7.43821,-14.355437,48.29768,-1.7945546,-0.6434077,-13.283321,1
3.0,3,1.5891771,-7.4382033,-14.355432,48.297695,-1.7945374,-0.6434156,-13.283331,1
3.0,3,1.5891814,-7.4382024,-14.355442,48.29769,-1.794551,-0.64340603,-13.283334,1
3.0,3,1.5891821,-7.438209,-14.3554325,48.297684,-1.7945491,-0.64341104,-13.283321,1
3.0,3,1.58919,-7.43823,-14.355431,48.29765,-1.7945815,-0.6433922,-13.283293,1
4.0,4,-1.7032392,14.137154,-0.20194164,-2.6140208,26.70727,-19.423521,-2.9250774,1
4.0,4,-1.7032392,14.137154,-0.20194164,-2.6140208,26.70727,-19.423521,-2.9250774,1
4.0,4,-1.7032392,14.137154,-0.20194164,-2.6140208,26.70727,-19.423521,-2.9250774,1
4.0,4,-1.7032392,14.137154,-0.20194164,-2.6140208,26.70727,-19.423521,-2.9250774,1
4.0,4,-1.7032392,14.137154,-0.20194164,-2.6140208,26.70727,-19.423521,-2.9250774,1
4.0,4,-1.7032392,14.137154,-0.20194164,-2.6140208,26.70727,-19.423521,-2.9250774,1
6.0,5,7.04422,-5.2477746,-3.6424618,0.48309088,-21.978256,17.905304,-10.719606,0
6.0,5,7.0487165,-5.2527094,-3.6545725,0.4959936,-21.986866,17.912846,-10.723667,0
6.0,5,7.053568,-5.256582,-3.6533895,0.49428654,-21.99437,17.912207,-10.725285,0
6.0,5,7.0464325,-5.249998,-3.6396952,0.47603202,-21.988558,17.910397,-10.720329,0
6.0,5,7.045105,-5.250031,-3.6371384,0.4725585,-21.970764,17.891949,-10.707351,0
6.0,5,7.0497646,-5.254574,-3.6520705,0.49815154,-21.971743,17.89296,-10.714659,0
2.0,2,-7.3648567,8.692926,30.618383,-18.341225,0.8919531,1.5376095,-6.2423954,1
2.0,2,-7.3648567,8.692926,30.618383,-18.341225,0.8919531,1.5376095,-6.2423954,1
2.0,2,-7.3648567,8.692926,30.618383,-18.341225,0.8919531,1.5376095,-6.2423954,1
2.0,2,-7.3648567,8.692926,30.618383,-18.341225,0.8919531,1.5376095,-6.2423954,1
2.0,2,-7.3648567,8.692926,30.618383,-18.341225,0.8919531,1.5376095,-6.2423954,1
2.0,2,-7.3648567,8.692926,30.618383,-18.341225,0.8919531,1.5376095,-6.2423954,1
6.0,6,10.111391,-20.552,-5.7547555,-17.554798,6.6777596,-13.819138,40.31299,1
6.0,6,10.111391,-20.552,-5.7547555,-17.554798,6.6777596,-13.819138,40.31299,1
6.0,6,10.111391,-20.552,-5.7547555,-17.554798,6.6777596,-13.819138,40.31299,1
6.0,6,10.111391,-20.552,-5.7547555,-17.554798,6.6777596,-13.819138,40.31299,1
6.0,6,10.111391,-20.552,-5.7547555,-17.554798,6.6777596,-13.819138,40.31299,1
6.0,6,10.111391,-20.552,-5.7547555,-17.554798,6.6777596,-13.819138,40.31299,1
4.0,4,-1.7779126,14.694174,-0.83322763,-3.1200876,26.355242,-19.368887,-2.9871206,1
4.0,4,-1.7779126,14.694174,-0.83322835,-3.1200867,26.355244,-19.368889,-2.9871209,1
4.0,4,-1.7779126,14.694174,-0.83322835,-3.1200867,26.355244,-19.368889,-2.9871209,1
4.0,4,-1.7779126,14.694174,-0.83322835,-3.1200867,26.355244,-19.368889,-2.9871209,1
4.0,4,-1.7779126,14.694174,-0.83322835,-3.1200867,26.355244,-19.368889,-2.9871209,1
4.0,4,-1.7779126,14.694174,-0.83322835,-3.1200867,26.355244,-19.368889,-2.9871209,1
2.0,2,-7.265251,8.243586,30.208282,-17.463642,0.17522228,2.2534122,-6.730768,1
2.0,2,-7.265251,8.243586,30.208282,-17.463642,0.17522228,2.2534122,-6.730768,1
2.0,2,-7.265251,8.243586,30.208282,-17.463642,0.17522228,2.2534122,-6.730768,1
2.0,2,-7.265251,8.243586,30.208282,-17.463642,0.17522228,2.2534122,-6.730768,1
2.0,2,-7.265251,8.243586,30.208282,-17.463642,0.17522228,2.2534122,-6.730768,1
2.0,2,-7.265251,8.243586,30.208282,-17.463642,0.17522228,2.2534122,-6.730768,1
3.0,3,1.5846477,-7.432694,-14.380045,48.32716,-1.797741,-0.622285,-13.304649,1
3.0,3,1.5846403,-7.432672,-14.380092,48.327225,-1.7977425,-0.6222962,-13.304676,1
3.0,3,1.5846362,-7.4326797,-14.380058,48.327213,-1.7977387,-0.6222955,-13.304668,1
3.0,3,1.5846431,-7.432695,-14.380032,48.32718,-1.7977291,-0.62229407,-13.304649,1
3.0,3,1.5846364,-7.432657,-14.380098,48.327236,-1.7977403,-0.6222917,-13.304699,1
3.0,3,1.58464,-7.4326787,-14.380077,48.327217,-1.7977351,-0.62229764,-13.30467,1
0.0,0,11.553678,-6.098367,-12.585161,-9.289868,-7.311165,4.2962713,0.9148407,1
0.0,0,11.553763,-6.0985036,-12.585287,-9.289755,-7.3113165,4.29635,0.9148958,1
0.0,0,11.5536785,-6.098491,-12.5850525,-9.290018,-7.311283,4.296336,0.91501355,1
0.0,0,11.553823,-6.0984316,-12.585501,-9.28974,-7.3111677,4.2961993,0.9149332,1
0.0,0,11.553838,-6.0985703,-12.585277,-9.28979,-7.3113327,4.2963295,0.9148762,1
0.0,0,11.553747,-6.0985737,-12.585309,-9.289581,-7.311198,4.296235,0.9149575,1
0.0,0,10.036119,-3.6483908,-11.263835,-11.883071,-5.797493,3.307035,1.9686382,1
0.0,0,10.036258,-3.6484675,-11.263537,-11.88355,-5.797676,3.3071947,1.96861,1
0.0,0,10.036774,-3.6494732,-11.264226,-11.882476,-5.798225,3.3074741,1.9684913,1
0.0,0,10.03744,-3.6502051,-11.2652,-11.88145,-5.798668,3.3076415,1.9681227,1
0.0,0,10.0379925,-3.6509113,-11.265548,-11.881145,-5.798901,3.3076472,1.9681375,1
0.0,0,10.037992,-3.6509166,-11.266453,-11.880092,-5.7984405,3.3071728,1.968188,1
5.0,5,8.084004,-3.077396,-4.224561,-8.493905,-29.281467,25.662584,-14.361772,1
5.0,5,8.084249,-3.0776124,-4.224729,-8.49435,-29.281324,25.662622,-14.361525,1
5.0,5,8.084164,-3.0775123,-4.224596,-8.494139,-29.281263,25.66242,-14.361589,1
5.0,5,8.084203,-3.0775523,-4.2246575,-8.494203,-29.281267,25.662458,-14.361555,1
5.0,5,8.084122,-3.0774522,-4.2246404,-8.494093,-29.281311,25.662497,-14.361674,1
5.0,5,8.084242,-3.0775995,-4.224673,-8.494238,-29.281233,25.662424,-14.361492,1
5.0,5,9.408505,-5.2005095,-5.7897544,-7.7701645,-27.640526,23.38029,-11.550024,1
5.0,5,9.408434,-5.2004175,-5.789681,-7.770064,-27.640589,23.380312,-11.55015,1
5.0,5,9.408437,-5.200434,-5.789681,-7.770063,-27.64055,23.380264,-11.550103,1
5.0,5,9.4084,-5.2003675,-5.7896695,-7.769932,-27.64061,23.380283,-11.550224,1
5.0,5,9.40836,-5.200315,-5.7896667,-7.7698016,-27.640614,23.380238,-11.550282,1
5.0,5,9.408362,-5.2003193,-5.789679,-7.7698193,-27.640596,23.380238,-11.550268,1
3.0,3,1.5879526,-7.427791,-14.371038,48.32549,-1.7896415,-0.63285387,-13.311373,1
3.0,3,1.5879519,-7.427789,-14.37104,48.325493,-1.7896377,-0.6328536,-13.311378,1
3.0,3,1.5879519,-7.427791,-14.37104,48.32549,-1.7896415,-0.6328522,-13.311375,1
3.0,3,1.5879529,-7.427797,-14.371042,48.325493,-1.7896432,-0.63285077,-13.311367,1
3.0,3,1.5879529,-7.427793,-14.37104,48.32549,-1.7896422,-0.63285124,-13.311371,1
3.0,3,1.5879521,-7.427789,-14.371041,48.325497,-1.7896446,-0.6328498,-13.3113785,1
6.0,6,9.788837,-20.539225,-6.88643,-16.959572,6.9066076,-13.966215,41.10085,1
6.0,6,9.788859,-20.539257,-6.8864384,-16.959568,6.9065876,-13.966206,41.100853,1
6.0,6,9.788857,-20.539257,-6.886434,-16.959572,6.906592,-13.966209,41.100853,1
6.0,6,9.788856,-20.539253,-6.886438,-16.959572,6.9065895,-13.966206,41.10085,1
6.0,6,9.788859,-20.539257,-6.886438,-16.959568,6.9065876,-13.966207,41.100853,1
6.0,6,9.788837,-20.539225,-6.88643,-16.959572,6.9066076,-13.966215,41.10085,1
5.0,5,8.17413,-3.8493624,-5.0145793,-5.406275,-27.898226,23.425484,-13.435857,1
5.0,5,8.173997,-3.8493404,-5.0147514,-5.40606,-27.898666,23.42603,-13.436072,1
5.0,5,8.174508,-3.8496337,-5.0150075,-5.407088,-27.898117,23.425734,-13.435574,1
5.0,5,8.174357,-3.8493009,-5.0145535,-5.407116,-27.898066,23.425558,-13.435894,1
5.0,5,8.174364,-3.8497577,-5.015178,-5.406251,-27.898191,23.425686,-13.435536,1
5.0,5,8.17367,-3.849194,-5.0145073,-5.4053764,-27.898783,23.426096,-13.436338,1
5.0,0,10.4297905,-5.6811996,-9.503835,-10.834876,-13.541836,10.328821,-1.7363603,0
5.0,0,10.4297905,-5.6811996,-9.503835,-10.834876,-13.541836,10.328821,-1.7363603,0
5.0,0,10.429793,-5.6811967,-9.503845,-10.83487,-13.5418415,10.328825,-1.7363656,0
5.0,0,10.429793,-5.6811967,-9.503845,-10.83487,-13.5418415,10.328825,-1.7363656,0
5.0,0,10.4297905,-5.6811996,-9.503835,-10.834876,-13.541836,10.328821,-1.7363603,0
5.0,0,10.429788,-5.6811996,-9.503834,-10.834878,-13.541835,10.328819,-1.7363596,0
5.0,5,7.970628,-3.8356786,-4.585592,-6.377365,-28.132175,23.509071,-12.575573,1
5.0,5,7.9706116,-3.8356605,-4.585833,-6.3771343,-28.132174,23.509096,-12.575629,1
5.0,5,7.9705963,-3.8356543,-4.585818,-6.37713,-28.132189,23.509111,-12.575632,1
5.0,5,7.970603,-3.8356543,-4.585812,-6.377118,-28.132175,23.509079,-12.575634,1
5.0,5,7.970602,-3.8356552,-4.5858216,-6.377127,-28.132185,23.509106,-12.575633,1
5.0,5,7.9705963,-3.8356543,-4.585818,-6.37713,-28.132189,23.509111,-12.575632,1
4.0,4,-1.5673416,14.025141,-0.30678347,-4.2303543,25.984253,-19.419502,-2.0095534,1
4.0,4,-1.5673416,14.025141,-0.30678347,-4.2303543,25.984253,-19.419502,-2.0095534,1
4.0,4,-1.5673416,14.025141,-0.30678347,-4.2303543,25.984253,-19.419502,-2.0095534,1
4.0,4,-1.5673416,14.025141,-0.30678347,-4.2303543,25.984253,-19.419502,-2.0095534,1
4.0,4,-1.5673416,14.025141,-0.30678347,-4.2303543,25.984253,-19.419502,-2.0095534,1
4.0,4,-1.5673416,14.025141,-0.30678347,-4.2303543,25.984253,-19.419502,-2.0095534,1
2.0,2,-7.504899,8.961623,30.067492,-17.750141,-0.10869086,2.446199,-6.8607073,1
2.0,2,-7.504899,8.961623,30.067492,-17.750141,-0.10869086,2.446199,-6.8607073,1
2.0,2,-7.504899,8.961623,30.067492,-17.750141,-0.10869086,2.446199,-6.8607073,1
2.0,2,-7.504899,8.961623,30.067492,-17.750141,-0.10869086,2.446199,-6.8607073,1
2.0,2,-7.504899,8.961623,30.067492,-17.750141,-0.10869086,2.446199,-6.8607073,1
2.0,2,-7.504899,8.961623,30.067492,-17.750141,-0.10869086,2.446199,-6.8607073,1
2.0,2,-7.3247166,8.504057,30.74179,-18.298265,0.67706,1.6485146,-6.0424137,1
2.0,2,-7.3247156,8.504055,30.741789,-18.298267,0.6770588,1.6485139,-6.042412,1
2.0,2,-7.3247166,8.504057,30.74179,-18.298265,0.67706,1.6485146,-6.0424137,1
2.0,2,-7.3247166,8.504057,30.74179,-18.298265,0.67706,1.6485146,-6.0424137,1
2.0,2,-7.3247156,8.504055,30.741789,-18.298267,0.6770588,1.6485139,-6.042412,1
2.0,2,-7.3247166,8.504057,30.74179,-18.298265,0.67706,1.6485146,-6.0424137,1
6.0,6,9.5195,-20.071793,-5.421835,-18.138733,7.3394737,-14.42717,41.42426,1
6.0,6,9.5195,-20.071793,-5.421835,-18.138733,7.3394737,-14.42717,41.42426,1
6.0,6,9.5195,-20.071793,-5.421835,-18.138733,7.3394737,-14.42717,41.42426,1
6.0,6,9.5195,-20.071793,-5.421835,-18.138733,7.3394737,-14.42717,41.42426,1
6.0,6,9.5195,-20.071793,-5.421835,-18.138733,7.3394737,-14.42717,41.42426,1
6.0,6,9.5195,-20.071793,-5.421835,-18.138733,7.3394737,-14.42717,41.42426,1
6.0,6,10.254657,-21.273956,-6.74448,-17.504848,6.5635424,-13.948847,41.67445,1
6.0,6,10.254657,-21.273956,-6.74448,-17.504848,6.5635424,-13.948847,41.67445,1
6.0,6,10.254657,-21.273956,-6.74448,-17.504848,6.5635424,-13.948847,41.67445,1
6.0,6,10.254657,-21.273956,-6.74448,-17.504848,6.5635424,-13.948847,41.67445,1
6.0,6,10.254657,-21.273956,-6.74448,-17.504848,6.5635424,-13.948847,41.67445,1
6.0,6,10.254657,-21.273956,-6.74448,-17.504848,6.5635424,-13.948847,41.67445,1
6.0,6,10.17091,-21.110466,-6.5745087,-17.689983,6.7468004,-14.0934725,41.737537,1
6.0,6,10.17091,-21.110466,-6.5745087,-17.689983,6.7468004,-14.0934725,41.737537,1
6.0,6,10.17091,-21.110466,-6.5745087,-17.689983,6.7468004,-14.0934725,41.737537,1
6.0,6,10.17091,-21.110466,-6.5745087,-17.689983,6.7468004,-14.0934725,41.737537,1
6.0,6,10.17091,-21.110466,-6.5745087,-17.689983,6.7468004,-14.0934725,41.737537,1
6.0,6,10.17091,-21.110466,-6.5745087,-17.689983,6.7468004,-14.0934725,41.737537,1
6.0,6,10.180384,-21.136497,-6.7338157,-17.502651,6.6878953,-14.027778,41.64581,1
6.0,6,10.180384,-21.136497,-6.7338157,-17.502651,6.6878953,-14.027778,41.64581,1
6.0,6,10.180384,-21.136497,-6.7338157,-17.502651,6.6878953,-14.027778,41.64581,1
6.0,6,10.180384,-21.136497,-6.7338157,-17.502651,6.6878953,-14.027778,41.64581,1
6.0,6,10.180384,-21.136497,-6.7338157,-17.502651,6.6878953,-14.027778,41.64581,1
6.0,6,10.180384,-21.136497,-6.7338157,-17.502651,6.6878953,-14.027778,41.64581,1
3.0,3,1.6047113,-7.466209,-14.394177,48.241455,-1.8470393,-0.5935627,-13.245492,1
3.0,3,1.6047184,-7.46621,-14.394209,48.241436,-1.8470558,-0.59354365,-13.245491,1
3.0,3,1.6047034,-7.4661994,-14.394178,48.24148,-1.8470281,-0.59356606,-13.24551,1
3.0,3,1.6047025,-7.4661956,-14.394196,48.24148,-1.8470327,-0.5935565,-13.245516,1
3.0,3,1.6047139,-7.466206,-14.394186,48.24145,-1.8470417,-0.5935577,-13.245495,1
3.0,3,1.6047096,-7.4662013,-14.394196,48.24146,-1.8470408,-0.593557,-13.245501,1
2.0,2,-6.9902296,7.9258733,30.373692,-17.880177,0.09462583,2.1803808,-6.4805746,1
2.0,2,-6.9902296,7.9258733,30.373692,-17.880177,0.09462583,2.1803808,-6.4805746,1
2.0,2,-6.9902296,7.9258733,30.373692,-17.880177,0.09462583,2.1803808,-6.4805746,1
2.0,2,-6.9902296,7.9258733,30.373692,-17.880177,0.09462583,2.1803808,-6.4805746,1
2.0,2,-6.9902296,7.9258733,30.373692,-17.880177,0.09462583,2.1803808,-6.4805746,1
2.0,2,-6.9902296,7.9258733,30.373692,-17.880177,0.09462583,2.1803808,-6.4805746,1
3.0,3,1.5917478,-7.4511523,-14.369495,48.300545,-1.815503,-0.6196381,-13.2757845,1
3.0,3,1.5917478,-7.4511533,-14.369495,48.300545,-1.8155042,-0.6196393,-13.275782,1
3.0,3,1.5917494,-7.451158,-14.369492,48.300533,-1.8155097,-0.6196376,-13.275774,1
3.0,3,1.5917509,-7.451159,-14.369499,48.300533,-1.8155166,-0.61963046,-13.275773,1
3.0,3,1.5917511,-7.451159,-14.369499,48.30053,-1.8155175,-0.6196302,-13.275772,1
3.0,3,1.5917485,-7.451155,-14.369497,48.300537,-1.815508,-0.6196357,-13.275778,1
2.0,2,-7.1421747,8.443022,30.879778,-18.164223,1.1526855,1.2548,-6.346652,1
2.0,2,-7.1421747,8.443024,30.879778,-18.164225,1.1526858,1.2547988,-6.34665,1
2.0,2,-7.1421747,8.443024,30.879778,-18.164225,1.1526858,1.2547988,-6.34665,1
2.0,2,-7.1421747,8.443024,30.879778,-18.164225,1.1526858,1.2547988,-6.34665,1
2.0,2,-7.1421747,8.443024,30.879778,-18.164225,1.1526858,1.2547988,-6.34665,1
2.0,2,-7.1421747,8.443024,30.879778,-18.164225,1.1526858,1.2547988,-6.34665,1
4.0,4,-1.4968688,14.296024,-0.4321125,-4.0270686,25.510527,-18.71267,-2.855362,1
4.0,4,-1.4968688,14.296024,-0.4321125,-4.0270686,25.510527,-18.71267,-2.855362,1
4.0,4,-1.4968688,14.296024,-0.4321125,-4.0270686,25.510527,-18.71267,-2.855362,1
4.0,4,-1.4968688,14.296024,-0.4321125,-4.0270686,25.510527,-18.71267,-2.855362,1
4.0,4,-1.4968688,14.296024,-0.4321125,-4.0270686,25.510527,-18.71267,-2.855362,1
4.0,4,-1.4968688,14.296024,-0.4321125,-4.0270686,25.510527,-18.71267,-2.855362,1
0.0,0,11.426663,-5.907433,-12.254214,-9.384205,-7.066163,4.1962037,0.6472244,1
0.0,0,11.426663,-5.907433,-12.254214,-9.384205,-7.066163,4.1962037,0.6472244,1
0.0,0,11.426663,-5.907433,-12.254214,-9.384205,-7.066163,4.1962037,0.6472244,1
0.0,0,11.426663,-5.907433,-12.254214,-9.384205,-7.066163,4.1962037,0.6472244,1
0.0,0,11.426663,-5.907433,-12.254214,-9.384205,-7.066163,4.1962037,0.6472244,1
0.0,0,11.426663,-5.907433,-12.254214,-9.384205,-7.066163,4.1962037,0.6472244,1
1.0,1,-1.5869687,14.790813,1.4489039,-9.292568,5.4995384,-3.8730426,-9.059673,1
1.0,1,-1.5869253,14.790831,1.448795,-9.292629,5.4996796,-3.8731418,-9.059609,1
1.0,1,-1.5869644,14.790838,1.4488757,-9.292627,5.4995103,-3.8729777,-9.059701,1
1.0,1,-1.5869548,14.790802,1.4488815,-9.2925825,5.49955,-3.8730416,-9.059659,1
1.0,1,-1.5868666,14.790804,1.448701,-9.292744,5.499701,-3.8731089,-9.059576,1
1.0,1,-1.5869558,14.7911415,1.4486327,-9.292469,5.499655,-3.8730836,-9.060051,1
1.0,1,-1.7441843,13.0956135,2.09111,-6.777482,4.6560984,-3.348002,-8.347948,1
1.0,1,-1.7441843,13.0956135,2.09111,-6.777482,4.6560984,-3.348002,-8.347948,1
1.0,1,-1.7441843,13.0956135,2.09111,-6.777482,4.6560984,-3.348002,-8.347948,1
1.0,1,-1.7441843,13.0956135,2.09111,-6.777482,4.6560984,-3.348002,-8.347948,1
1.0,1,-1.7441843,13.0956135,2.09111,-6.777482,4.6560984,-3.348002,-8.347948,1
1.0,1,-1.7441843,13.0956135,2.09111,-6.777482,4.6560984,-3.348002,-8.347948,1
2.0,0,10.907066,-5.3314457,-11.921091,-8.938665,-5.878849,2.5481133,1.7696645,0
2.0,0,10.907066,-5.3314457,-11.921091,-8.938665,-5.878849,2.5481133,1.7696645,0
2.0,0,10.907066,-5.3314457,-11.921091,-8.938665,-5.878849,2.5481133,1.7696645,0
2.0,0,10.907066,-5.3314457,-11.921091,-8.938665,-5.878849,2.5481133,1.7696645,0
2.0,0,10.907066,-5.3314457,-11.921091,-8.938665,-5.878849,2.5481133,1.7696645,0
2.0,0,10.907066,-5.3314457,-11.921091,-8.938665,-5.878849,2.5481133,1.7696645,0
0.0,0,10.482273,-5.551301,-11.184019,-10.424559,-8.271691,5.4269223,0.95779943,1
0.0,0,10.4822855,-5.551283,-11.184045,-10.424599,-8.271683,5.426908,0.9578273,1
0.0,0,10.482332,-5.5513024,-11.184056,-10.424694,-8.271746,5.426943,0.95788074,1
0.0,0,10.482298,-5.5513377,-11.184147,-10.424538,-8.271431,5.4266567,0.9580233,1
0.0,0,10.482358,-5.5515,-11.183928,-10.424383,-8.271875,5.427054,0.9576719,1
0.0,0,10.482263,-5.551239,-11.184063,-10.424664,-8.27164,5.426878,0.9578812,1
5.0,5,8.453862,-4.9355097,-5.9675903,-5.7115097,-23.360748,19.039291,-9.291574,1
5.0,5,8.453319,-4.934939,-5.9668307,-5.712143,-23.361528,19.04044,-9.292412,1
5.0,5,8.453319,-4.934939,-5.9668307,-5.712143,-23.361528,19.04044,-9.292412,1
5.0,5,8.453315,-4.9349313,-5.9668264,-5.7121325,-23.361559,19.040462,-9.292437,1
5.0,5,8.453849,-4.9355235,-5.967644,-5.711527,-23.360565,19.039162,-9.291455,1
5.0,5,8.453829,-4.935321,-5.96734,-5.7120914,-23.361425,19.0402,-9.292142,1
1.0,1,-2.1828647,13.941284,2.0086498,-7.200449,5.6224365,-4.50167,-8.03719,1
1.0,1,-2.1828647,13.941284,2.0086498,-7.200449,5.6224365,-4.50167,-8.03719,1
1.0,1,-2.1828647,13.941284,2.0086498,-7.200449,5.6224365,-4.50167,-8.03719,1
1.0,1,-2.1828647,13.941284,2.0086498,-7.200449,5.6224365,-4.50167,-8.03719,1
1.0,1,-2.1828647,13.941284,2.0086498,-7.200449,5.6224365,-4.50167,-8.03719,1
1.0,1,-2.1828647,13.941284,2.0086498,-7.200449,5.6224365,-4.50167,-8.03719,1
0.0,0,11.120757,-6.3881383,-11.922479,-9.428215,-7.701926,4.683178,1.448569,1
0.0,0,11.1207485,-6.388205,-11.9225,-9.428084,-7.70203,4.683267,1.448529,1
0.0,0,11.120737,-6.387941,-11.922686,-9.428402,-7.7017155,4.682994,1.4487445,1
0.0,0,11.120564,-6.3879027,-11.922603,-9.428652,-7.7012444,4.682599,1.4492209,1
0.0,0,11.120632,-6.387964,-11.92252,-9.428734,-7.7014246,4.6827426,1.4491096,1
0.0,0,11.120777,-6.388061,-11.922554,-9.428309,-7.701874,4.6831303,1.4486077,1
5.0,5,8.21769,-3.6122465,-5.7887855,-5.540124,-27.444683,23.158537,-13.331558,1
5.0,5,8.21769,-3.6122465,-5.7887855,-5.540124,-27.444683,23.158537,-13.331558,1
5.0,5,8.21769,-3.6122465,-5.7887855,-5.540124,-27.444683,23.158537,-13.331558,1
5.0,5,8.21769,-3.6122465,-5.7887855,-5.540124,-27.444683,23.158537,-13.331558,1
5.0,5,8.21769,-3.6122465,-5.7887855,-5.540124,-27.444683,23.158537,-13.331558,1
5.0,5,8.21769,-3.6122465,-5.7887855,-5.540124,-27.444683,23.158537,-13.331558,1
5.0,5,8.533285,-4.49977,-6.690226,-4.4730515,-28.323101,23.543936,-12.785526,1
5.0,5,8.5331545,-4.4996476,-6.6900573,-4.4726806,-28.323055,23.543686,-12.7856245,1
5.0,5,8.533217,-4.499743,-6.6902156,-4.47268,-28.32304,23.543722,-12.785539,1
5.0,5,8.533254,-4.4997253,-6.690224,-4.472931,-28.323078,23.54387,-12.785572,1
5.0,5,8.533263,-4.4997663,-6.690229,-4.4727583,-28.322998,23.543697,-12.7855015,1
5.0,5,8.532975,-4.4994745,-6.689922,-4.4725904,-28.323208,23.54385,-12.785832,1
0.0,0,11.188579,-5.64974,-12.083901,-9.373308,-7.2135878,4.245886,0.6034577,1
0.0,0,11.1879015,-5.649368,-12.082742,-9.374475,-7.215129,4.2472134,0.60373664,1
0.0,0,11.188206,-5.6512194,-12.083381,-9.373846,-7.21542,4.2466483,0.6065507,1
0.0,0,11.188861,-5.651592,-12.081991,-9.372913,-7.2173433,4.2484365,0.6032567,1
0.0,0,11.188512,-5.651451,-12.084528,-9.372417,-7.216055,4.2466784,0.60689783,1
0.0,0,11.189634,-5.65327,-12.08559,-9.367652,-7.2165823,4.2469945,0.6043391,1
6.0,6,10.370579,-21.442116,-6.7826886,-17.55964,6.4062357,-13.867902,41.71801,1
6.0,6,10.370579,-21.442116,-6.7826886,-17.55964,6.4062357,-13.867902,41.71801,1
6.0,6,10.370579,-21.442116,-6.7826886,-17.55964,6.4062357,-13.867902,41.71801,1
6.0,6,10.370579,-21.442116,-6.7826886,-17.55964,6.4062357,-13.867902,41.71801,1
6.0,6,10.370579,-21.442116,-6.7826886,-17.55964,6.4062357,-13.867902,41.71801,1
6.0,6,10.370579,-21.442116,-6.7826886,-17.55964,6.4062357,-13.867902,41.71801,1
6.0,6,9.098051,-18.826254,-7.948197,-14.839263,4.5938516,-10.796482,36.742893,1
6.0,6,9.096988,-18.823227,-7.9479403,-14.837425,4.589988,-10.791328,36.735394,1
6.0,6,9.096802,-18.822298,-7.9477544,-14.836962,4.588689,-10.78969,36.73292,1
6.0,6,9.097875,-18.826147,-7.947881,-14.839255,4.593819,-10.7963085,36.742687,1
6.0,6,9.096642,-18.822079,-7.947722,-14.836855,4.5886064,-10.789478,36.732605,1
6.0,6,9.097581,-18.82462,-7.9476275,-14.838413,4.5916505,-10.793562,36.738506,1
1.0,1,-1.4182658,12.430508,2.0510714,-7.0191517,5.3877873,-4.21895,-7.156642,1
1.0,1,-1.4182658,12.430508,2.0510714,-7.0191517,5.3877873,-4.21895,-7.156642,1
1.0,1,-1.4182658,12.430508,2.0510714,-7.0191517,5.3877873,-4.21895,-7.156642,1
1.0,1,-1.4182658,12.430508,2.0510714,-7.0191517,5.3877873,-4.21895,-7.156642,1
1.0,1,-1.4182658,12.430508,2.0510714,-7.0191517,5.3877873,-4.21895,-7.156642,1
1.0,1,-1.4182658,12.430508,2.0510714,-7.0191517,5.3877873,-4.21895,-7.156642,1
5.0,0,10.638726,-6.263882,-10.271857,-9.794705,-13.498874,10.023995,-1.1906724,0
5.0,0,10.638726,-6.263882,-10.271857,-9.794705,-13.498874,10.023995,-1.1906724,0
5.0,0,10.638726,-6.263882,-10.271857,-9.794705,-13.498874,10.023995,-1.1906724,0
5.0,0,10.638726,-6.263882,-10.271857,-9.794705,-13.498874,10.023995,-1.1906724,0
5.0,0,10.638726,-6.263882,-10.271857,-9.794705,-13.498874,10.023995,-1.1906724,0
5.0,0,10.638726,-6.263882,-10.271857,-9.794705,-13.498874,10.023995,-1.1906724,0
6.0,6,10.320045,-21.368498,-6.783327,-17.33382,6.557434,-13.938999,41.569283,1
6.0,6,10.320045,-21.368498,-6.783327,-17.33382,6.557434,-13.938999,41.569283,1
6.0,6,10.320045,-21.368498,-6.783327,-17.33382,6.557434,-13.938999,41.569283,1
6.0,6,10.320045,-21.368498,-6.783327,-17.33382,6.557434,-13.938999,41.569283,1
6.0,6,10.320045,-21.368498,-6.783327,-17.33382,6.557434,-13.938999,41.569283,1
6.0,6,10.320045,-21.368498,-6.783327,-17.33382,6.557434,-13.938999,41.569283,1
4.0,4,-1.0714505,13.964407,-0.92290175,-4.866545,24.266752,-18.133526,-2.585528,1
4.0,4,-1.0714505,13.964407,-0.92290175,-4.866545,24.266752,-18.133526,-2.585528,1
4.0,4,-1.0714505,13.964407,-0.92290175,-4.8665457,24.266752,-18.133526,-2.585528,1
4.0,4,-1.0714505,13.964407,-0.92290175,-4.866545,24.266752,-18.133526,-2.585528,1
4.0,4,-1.0714505,13.964407,-0.92290175,-4.866545,24.266752,-18.133526,-2.585528,1
4.0,4,-1.0714505,13.964407,-0.92290175,-4.866545,24.266752,-18.133526,-2.585528,1
3.0,3,1.5822165,-7.4411845,-14.344883,48.29829,-1.7884616,-0.6406325,-13.279362,1
3.0,3,1.5822062,-7.44115,-14.344933,48.29834,-1.7884625,-0.6406051,-13.279421,1
3.0,3,1.5822206,-7.441174,-14.344923,48.298283,-1.7884871,-0.6406075,-13.279377,1
3.0,3,1.5822184,-7.44117,-14.344927,48.298283,-1.7884909,-0.64060056,-13.279384,1
3.0,3,1.5822127,-7.4411654,-14.344917,48.298313,-1.7884756,-0.6406113,-13.279392,1
3.0,3,1.5822158,-7.4411674,-14.344933,48.2983,-1.7884809,-0.64060485,-13.27939,1
3.0,3,1.6059055,-7.419851,-14.388088,48.256832,-1.8396415,-0.5982672,-13.315296,1
3.0,3,1.6059437,-7.4198785,-14.3881035,48.25673,-1.8397063,-0.59823954,-13.31525,1
3.0,3,1.6059272,-7.419866,-14.388092,48.256786,-1.8396713,-0.59825766,-13.315272,1
3.0,3,1.6059358,-7.419851,-14.38811,48.256752,-1.8396744,-0.5982529,-13.315287,1
3.0,3,1.6059337,-7.4198804,-14.388088,48.256756,-1.839687,-0.5982598,-13.315246,1
3.0,3,1.605962,-7.4199033,-14.388111,48.256683,-1.8397499,-0.59822905,-13.315209,1
2.0,2,-7.6194696,7.894086,32.229023,-17.672176,1.4625045,1.4083508,-5.667821,1
2.0,2,-7.6194696,7.894086,32.229023,-17.672176,1.4625045,1.4083508,-5.667821,1
2.0,2,-7.6194696,7.894086,32.229023,-17.672176,1.4625045,1.4083508,-5.667821,1
2.0,2,-7.6194696,7.894086,32.229023,-17.672176,1.4625045,1.4083508,-5.667821,1
2.0,2,-7.6194696,7.894086,32.229023,-17.672176,1.4625045,1.4083508,-5.667821,1
2.0,2,-7.6194696,7.894086,32.229023,-17.672176,1.4625045,1.4083508,-5.667821,1
3.0,3,1.5974588,-7.466603,-14.353165,48.28008,-1.819759,-0.6232549,-13.253252,1
3.0,3,1.5974522,-7.466597,-14.3531685,48.28011,-1.8197781,-0.6232544,-13.25326,1
3.0,3,1.5974548,-7.466595,-14.353165,48.2801,-1.8197626,-0.62325823,-13.253263,1
3.0,3,1.5974505,-7.4665923,-14.35315,48.280113,-1.8197383,-0.6232723,-13.253271,1
3.0,3,1.5974483,-7.4665904,-14.353167,48.280125,-1.8197664,-0.6232599,-13.253271,1
3.0,3,1.5974495,-7.4665923,-14.353162,48.28012,-1.8197674,-0.6232637,-13.253268,1
1.0,1,-0.31387973,13.784954,0.7056904,-8.676492,6.8406396,-5.092746,-8.926794,1
1.0,1,-0.31387973,13.784954,0.7056904,-8.676492,6.8406396,-5.092746,-8.926794,1
1.0,1,-0.31387973,13.784954,0.7056904,-8.676492,6.8406396,-5.092746,-8.926794,1
1.0,1,-0.31387973,13.784954,0.7056904,-8.676492,6.8406396,-5.092746,-8.926794,1
1.0,1,-0.31387973,13.784954,0.7056904,-8.676492,6.8406396,-5.092746,-8.926794,1
1.0,1,-0.31387973,13.784954,0.7056904,-8.676492,6.8406396,-5.092746,-8.926794,1
4.0,4,-1.8161004,14.834982,-0.805858,-3.549908,26.132452,-19.21511,-2.989583,1
4.0,4,-1.8161004,14.834982,-0.805858,-3.549908,26.132452,-19.21511,-2.989583,1
4.0,4,-1.8161004,14.834982,-0.805858,-3.549908,26.132452,-19.21511,-2.989583,1
4.0,4,-1.8161004,14.834982,-0.805858,-3.549908,26.132452,-19.21511,-2.989583,1
4.0,4,-1.8161004,14.834982,-0.805858,-3.549908,26.132452,-19.21511,-2.989583,1
4.0,4,-1.8161004,14.834982,-0.805858,-3.549908,26.132452,-19.21511,-2.989583,1
5.0,5,8.467246,-3.9231334,-6.1340413,-5.6531277,-26.166603,21.519009,-11.789484,1
5.0,5,8.467246,-3.9231334,-6.1340413,-5.6531277,-26.166603,21.519009,-11.789484,1
5.0,5,8.467246,-3.9231334,-6.1340413,-5.6531277,-26.166603,21.519009,-11.789484,1
5.0,5,8.467246,-3.9231334,-6.1340413,-5.6531277,-26.166603,21.519009,-11.789484,1
5.0,5,8.467246,-3.9231334,-6.1340413,-5.6531277,-26.166603,21.519009,-11.789484,1
5.0,5,8.467246,-3.9231334,-6.1340413,-5.6531277,-26.166603,21.519009,-11.789484,1
0.0,0,10.398768,-4.9763775,-10.428598,-7.013675,-6.495176,4.7895737,-1.9039941,1
0.0,0,10.399506,-4.976547,-10.430094,-7.016781,-6.4951186,4.7887235,-1.9014432,1
0.0,0,10.399841,-4.9769473,-10.430316,-7.014706,-6.495145,4.788939,-1.9027942,1
0.0,0,10.399987,-4.9774985,-10.429902,-7.0100837,-6.4951115,4.789338,-1.905589,1
0.0,0,10.398964,-4.976551,-10.429245,-7.0095596,-6.4917684,4.787042,-1.9049683,1
0.0,0,10.398037,-4.975135,-10.4287405,-7.014374,-6.4933662,4.7883067,-1.9035974,1
1.0,1,-1.238452,14.857693,0.5525776,-8.354458,6.0363746,-4.4897456,-9.466891,1
1.0,1,-1.238452,14.857693,0.5525776,-8.354458,6.0363746,-4.4897456,-9.466891,1
1.0,1,-1.238452,14.857693,0.5525776,-8.354458,6.0363746,-4.4897456,-9.466891,1
1.0,1,-1.238452,14.857693,0.5525776,-8.354458,6.0363746,-4.4897456,-9.466891,1
1.0,1,-1.238452,14.857693,0.5525776,-8.354458,6.0363746,-4.4897456,-9.466891,1
1.0,1,-1.238452,14.857693,0.5525776,-8.354458,6.0363746,-4.4897456,-9.466891,1
6.0,6,10.272756,-21.240498,-6.740376,-17.654236,6.529632,-13.93721,41.702595,1
6.0,6,10.272747,-21.240484,-6.740376,-17.654234,6.5296354,-13.937211,41.702587,1
6.0,6,10.272763,-21.240509,-6.740384,-17.654228,6.529623,-13.937203,41.702587,1
6.0,6,10.272824,-21.240604,-6.7404413,-17.654167,6.5295477,-13.937155,41.702568,1
6.0,6,10.272756,-21.240498,-6.740379,-17.654232,6.5296297,-13.937208,41.70259,1
6.0,6,10.272824,-21.2406,-6.7404423,-17.654171,6.5295496,-13.937157,41.702564,1
6.0,6,10.171882,-20.992788,-6.8110776,-16.88779,6.5868382,-13.814505,41.05844,1
6.0,6,10.171883,-20.992786,-6.8110785,-16.887787,6.5868354,-13.814502,41.058437,1
6.0,6,10.171882,-20.992786,-6.8110776,-16.887794,6.5868387,-13.814505,41.058445,1
6.0,6,10.171882,-20.992788,-6.811078,-16.887796,6.5868382,-13.814506,41.058445,1
6.0,6,10.171881,-20.992785,-6.81108,-16.887794,6.586836,-13.814503,41.05844,1
6.0,6,10.171881,-20.992788,-6.8110795,-16.887794,6.5868363,-13.814503,41.05844,1
5.0,5,8.567287,-4.394098,-4.4448466,-6.939782,-27.278416,22.809748,-12.130634,1
5.0,5,8.567291,-4.3940887,-4.4448695,-6.939732,-27.278439,22.809765,-12.130679,1
5.0,5,8.567276,-4.3940845,-4.4448476,-6.9397435,-27.278454,22.809788,-12.130682,1
5.0,5,8.567408,-4.394259,-4.444982,-6.939826,-27.278341,22.809721,-12.130489,1
5.0,5,8.567415,-4.394289,-4.4449477,-6.939618,-27.278221,22.809475,-12.130444,1
5.0,5,8.567363,-4.3942327,-4.4449058,-6.9395523,-27.278303,22.809536,-12.13054,1
6.0,6,10.207354,-21.197716,-6.701186,-17.459335,6.6868916,-14.013254,41.6304,1
6.0,6,10.207353,-21.197712,-6.701186,-17.459335,6.6868935,-14.013256,41.6304,1
6.0,6,10.207353,-21.197712,-6.7011843,-17.459335,6.6868935,-14.013255,41.6304,1
6.0,6,10.207354,-21.197716,-6.701186,-17.459335,6.686891,-14.013254,41.6304,1
6.0,6,10.207355,-21.197716,-6.7011857,-17.45934,6.6868916,-14.013254,41.6304,1
6.0,6,10.207353,-21.197716,-6.701186,-17.45934,6.6868925,-14.013256,41.6304,1
3.0,3,1.5917053,-7.451016,-14.357958,48.31102,-1.7869521,-0.63459885,-13.281107,1
3.0,3,1.591706,-7.451016,-14.35796,48.311016,-1.7869536,-0.6345993,-13.281107,1
3.0,3,1.5917075,-7.451019,-14.357956,48.311012,-1.786955,-0.63459885,-13.281103,1
3.0,3,1.5917056,-7.451019,-14.357952,48.311012,-1.7869512,-0.6346022,-13.281103,1
3.0,3,1.591706,-7.451014,-14.357961,48.311016,-1.7869545,-0.63459957,-13.281109,1
3.0,3,1.5917058,-7.451018,-14.357956,48.311016,-1.7869521,-0.6346003,-13.281107,1
0.0,0,9.668408,-5.4650993,-9.972231,-10.379492,-4.3821044,1.2447912,5.102357,1
0.0,0,9.668408,-5.4650993,-9.972231,-10.379492,-4.3821044,1.2447912,5.102357,1
0.0,0,9.668408,-5.4650993,-9.972231,-10.379492,-4.3821044,1.2447912,5.102357,1
0.0,0,9.668408,-5.4650993,-9.972231,-10.379492,-4.3821044,1.2447912,5.102357,1
0.0,0,9.668408,-5.4650993,-9.972231,-10.379492,-4.3821044,1.2447912,5.102357,1
0.0,0,9.668408,-5.4650993,-9.972231,-10.379492,-4.3821044,1.2447912,5.102357,1
0.0,0,11.378369,-5.4073725,-12.72714,-9.45968,-6.976122,3.9753036,0.4726379,1
0.0,0,11.378898,-5.4083476,-12.726645,-9.458776,-6.9770546,3.9759488,0.47177815,1
0.0,0,11.378467,-5.4078918,-12.726522,-9.459475,-6.976722,3.97577,0.4723885,1
0.0,0,11.3782,-5.40709,-12.727362,-9.459925,-6.975792,3.9750576,0.4730103,1
0.0,0,11.378305,-5.407482,-12.726943,-9.45944,-6.97641,3.9755878,0.47239828,1
0.0,0,11.378294,-5.4074106,-12.727159,-9.459449,-6.976037,3.9752517,0.47260332,1
1.0,1,-1.0521164,14.769978,0.36615387,-8.6428,6.268724,-4.5548406,-9.324748,1
1.0,1,-1.0521164,14.769978,0.36615387,-8.6428,6.268724,-4.5548406,-9.324748,1
1.0,1,-1.0521164,14.769978,0.36615387,-8.6428,6.268724,-4.5548406,-9.324748,1
1.0,1,-1.0521164,14.769978,0.36615387,-8.6428,6.268724,-4.5548406,-9.324748,1
1.0,1,-1.0521164,14.769978,0.36615387,-8.6428,6.268724,-4.5548406,-9.324748,1
1.0,1,-1.0521164,14.769978,0.36615387,-8.6428,6.268724,-4.5548406,-9.324748,1
0.0,0,11.296233,-5.815258,-12.049995,-10.014181,-7.5311584,4.583495,0.8480985,1
0.0,0,11.29623,-5.815267,-12.049997,-10.0141735,-7.53115,4.583484,0.8481209,1
0.0,0,11.296246,-5.8153105,-12.049978,-10.01416,-7.531146,4.58347,0.84814,1
0.0,0,11.296228,-5.8152676,-12.049994,-10.014175,-7.531152,4.583485,0.8481219,1
0.0,0,11.29623,-5.8152666,-12.049997,-10.014175,-7.5311527,4.5834866,0.84812117,1
0.0,0,11.296227,-5.8152432,-12.050051,-10.014192,-7.5311184,4.5834517,0.84817433,1
6.0,6,9.581268,-19.677738,-8.561268,-14.636476,5.5615616,-12.292966,38.56327,1
6.0,6,9.581268,-19.677738,-8.561268,-14.636476,5.5615616,-12.292966,38.56327,1
6.0,6,9.581268,-19.677738,-8.561268,-14.636476,5.5615616,-12.292966,38.56327,1
6.0,6,9.581268,-19.677738,-8.561268,-14.636476,5.5615616,-12.292966,38.56327,1
6.0,6,9.581268,-19.677738,-8.561268,-14.636476,5.5615616,-12.292966,38.56327,1
6.0,6,9.581268,-19.677738,-8.561268,-14.636476,5.5615616,-12.292966,38.56327,1
3.0,3,1.5805714,-7.3698344,-14.385383,48.32412,-1.771171,-0.62462723,-13.3864155,1
3.0,3,1.5805709,-7.3698344,-14.385382,48.32412,-1.7711715,-0.62462723,-13.386417,1
3.0,3,1.5805719,-7.369841,-14.3853855,48.324123,-1.7711748,-0.624627,-13.386408,1
3.0,3,1.5805714,-7.3698344,-14.385383,48.32412,-1.771171,-0.62462723,-13.3864155,1
3.0,3,1.5805707,-7.3698335,-14.385382,48.32412,-1.7711707,-0.6246275,-13.386417,1
3.0,3,1.5805717,-7.369841,-14.3853855,48.324123,-1.771175,-0.6246265,-13.38641,1
0.0,0,10.62047,-6.98136,-10.40963,-10.099538,-12.041286,8.563308,0.87697554,1
0.0,0,10.62047,-6.98136,-10.40963,-10.099538,-12.041286,8.563308,0.87697554,1
0.0,0,10.62047,-6.98136,-10.40963,-10.099538,-12.041286,8.563308,0.87697554,1
0.0,0,10.62047,-6.98136,-10.40963,-10.099538,-12.041286,8.563308,0.87697554,1
0.0,0,10.62047,-6.98136,-10.40963,-10.099538,-12.041286,8.563308,0.87697554,1
0.0,0,10.62047,-6.98136,-10.40963,-10.099538,-12.041286,8.563308,0.87697554,1
2.0,2,-7.158386,8.671492,30.07077,-18.109413,-0.26845348,2.4931211,-6.937598,1
2.0,2,-7.158386,8.671492,30.07077,-18.109413,-0.26845348,2.4931211,-6.937598,1
2.0,2,-7.158386,8.671492,30.07077,-18.109413,-0.26845348,2.4931211,-6.937598,1
2.0,2,-7.158386,8.671492,30.07077,-18.109413,-0.26845348,2.4931211,-6.937598,1
2.0,2,-7.158386,8.671492,30.07077,-18.109413,-0.26845348,2.4931211,-6.937598,1
2.0,2,-7.158386,8.671492,30.07077,-18.109413,-0.26845348,2.4931211,-6.937598,1
3.0,3,1.5868895,-7.4444966,-14.345274,48.29445,-1.8081211,-0.6297637,-13.278851,1
3.0,3,1.5868924,-7.4444585,-14.345401,48.294464,-1.8081936,-0.6296915,-13.278906,1
3.0,3,1.5868609,-7.444386,-14.345449,48.294598,-1.8081561,-0.62968695,-13.279029,1
3.0,3,1.5869174,-7.4445252,-14.345282,48.294365,-1.8081714,-0.62974465,-13.278801,1
3.0,3,1.5868955,-7.4444623,-14.345363,48.29444,-1.8081616,-0.62972915,-13.278889,1
3.0,3,1.5868826,-7.4444156,-14.34542,48.294514,-1.8081607,-0.62970555,-13.278968,1
4.0,4,-1.3695982,13.341055,0.22642693,-3.1783242,25.521202,-18.71116,-2.6418161,1
4.0,4,-1.3695982,13.341055,0.22642693,-3.1783242,25.521202,-18.71116,-2.6418161,1
4.0,4,-1.3695982,13.341055,0.22642693,-3.1783242,25.521202,-18.71116,-2.6418161,1
4.0,4,-1.3695982,13.341055,0.22642693,-3.1783242,25.521202,-18.71116,-2.6418161,1
4.0,4,-1.3695982,13.341055,0.22642693,-3.1783242,25.521202,-18.71116,-2.6418161,1
4.0,4,-1.3695982,13.341055,0.22642693,-3.1783242,25.521202,-18.71116,-2.6418161,1
2.0,2,-7.411028,8.645222,29.68858,-17.611895,-0.07247889,2.430974,-6.6295424,1
2.0,2,-7.411028,8.645222,29.68858,-17.611895,-0.07247889,2.430974,-6.6295424,1
2.0,2,-7.411028,8.645222,29.68858,-17.611895,-0.07247889,2.430974,-6.6295424,1
2.0,2,-7.411028,8.645222,29.68858,-17.611895,-0.07247889,2.430974,-6.6295424,1
2.0,2,-7.411028,8.645222,29.68858,-17.611895,-0.07247889,2.430974,-6.6295424,1
2.0,2,-7.411028,8.645222,29.68858,-17.611895,-0.07247889,2.430974,-6.6295424,1
3.0,3,1.5944846,-7.41956,-14.385645,48.280586,-1.8344861,-0.6057569,-13.311724,1
3.0,3,1.5945129,-7.41958,-14.38567,48.2805,-1.8345457,-0.6057278,-13.311686,1
3.0,3,1.5945041,-7.419538,-14.385687,48.28053,-1.8345124,-0.60574305,-13.311739,1
3.0,3,1.5944786,-7.419543,-14.385654,48.280605,-1.8344716,-0.60576,-13.3117485,1
3.0,3,1.5945234,-7.4196,-14.385681,48.280457,-1.8345956,-0.6057025,-13.311651,1
3.0,3,1.5944667,-7.419456,-14.38571,48.28067,-1.8344015,-0.6057817,-13.311869,1
2.0,2,-7.5560894,8.49136,30.951275,-17.995575,1.0423607,1.4710559,-6.0964518,1
2.0,2,-7.5560894,8.49136,30.951275,-17.995575,1.0423607,1.4710559,-6.0964518,1
2.0,2,-7.5560894,8.49136,30.951275,-17.995575,1.0423607,1.4710559,-6.0964518,1
2.0,2,-7.5560894,8.49136,30.951275,-17.995575,1.0423607,1.4710559,-6.0964518,1
2.0,2,-7.5560894,8.49136,30.951275,-17.995575,1.0423607,1.4710559,-6.0964518,1
2.0,2,-7.5560894,8.49136,30.951275,-17.995575,1.0423607,1.4710559,-6.0964518,1
2.0,2,-7.7532654,9.351879,29.663733,-17.397026,-0.1986996,2.647921,-7.118986,1
2.0,2,-7.7532654,9.351879,29.663733,-17.397026,-0.1986996,2.647921,-7.118986,1
2.0,2,-7.7532587,9.351887,29.663689,-17.397009,-0.19873822,2.6479511,-7.119008,1
2.0,2,-7.7532654,9.351879,29.663733,-17.397026,-0.1986996,2.647921,-7.118986,1
2.0,2,-7.7532587,9.351887,29.663689,-17.397009,-0.19873822,2.6479511,-7.119008,1
2.0,2,-7.7532654,9.351879,29.663733,-17.397026,-0.1986996,2.647921,-7.118986,1
5.0,5,9.132857,-4.742225,-6.0929885,-6.3641863,-27.607979,23.231173,-12.268957,1
5.0,5,9.132804,-4.7421646,-6.0927854,-6.364358,-27.608063,23.231277,-12.269025,1
5.0,5,9.132857,-4.7422085,-6.0929,-6.36436,-27.608044,23.231268,-12.268978,1
5.0,5,9.132829,-4.7421875,-6.0929046,-6.364295,-27.60807,23.231304,-12.269028,1
5.0,5,9.132755,-4.742095,-6.0928254,-6.3641787,-27.608109,23.231302,-12.269157,1
5.0,5,9.132813,-4.742161,-6.092913,-6.364189,-27.608088,23.231276,-12.269085,1
1.0,1,-0.40359974,14.430725,-0.73946404,-8.71916,6.94121,-4.737047,-9.24339,1
1.0,1,-0.40359974,14.430725,-0.73946404,-8.71916,6.94121,-4.737047,-9.24339,1
1.0,1,-0.40357995,14.43071,-0.7394912,-8.7191925,6.941272,-4.7370915,-9.243346,1
1.0,1,-0.4035263,14.430628,-0.73939455,-8.719233,6.941496,-4.7373257,-9.243204,1
1.0,1,-0.4035828,14.430721,-0.7395053,-8.719226,6.9412775,-4.7370925,-9.243329,1
1.0,1,-0.4035287,14.430635,-0.7393999,-8.719261,6.94153,-4.7373524,-9.243181,1
1.0,1,-1.922442,15.851416,0.7392105,-8.117819,5.5431933,-3.8436112,-10.468608,1
1.0,1,-1.922442,15.851416,0.7392105,-8.117819,5.5431933,-3.8436112,-10.468608,1
1.0,1,-1.922442,15.851416,0.7392105,-8.117819,5.5431933,-3.8436112,-10.468608,1
1.0,1,-1.9224179,15.851418,0.7391548,-8.117861,5.5432367,-3.8436341,-10.468581,1
1.0,1,-1.9224355,15.851416,0.73919404,-8.117821,5.543213,-3.843624,-10.468597,1
1.0,1,-1.922415,15.851416,0.73914826,-8.117859,5.543251,-3.8436475,-10.468574,1
0.0,0,11.0242605,-5.6879854,-12.4313135,-10.241807,-7.711522,4.7438493,1.4624617,1
0.0,0,11.024307,-5.688082,-12.431222,-10.241732,-7.7116203,4.743922,1.4623547,1
0.0,0,11.024314,-5.688093,-12.431211,-10.241714,-7.711631,4.743929,1.462331,1
0.0,0,11.024278,-5.6879153,-12.431665,-10.241749,-7.711279,4.743599,1.4627063,1
0.0,0,11.024478,-5.6882987,-12.431147,-10.241428,-7.7116203,4.743874,1.4620521,1
0.0,0,11.024493,-5.688397,-12.430877,-10.241468,-7.7118025,4.7440424,1.4619045,1
4.0,4,-1.0351162,13.374443,-0.24150899,-3.9923348,24.837082,-18.347183,-2.5492358,1
4.0,4,-1.0351162,13.374443,-0.24150899,-3.9923348,24.837082,-18.347183,-2.5492358,1
4.0,4,-1.0351162,13.374443,-0.24150899,-3.9923348,24.837082,-18.347183,-2.5492358,1
4.0,4,-1.0351162,13.374443,-0.24150899,-3.9923348,24.837082,-18.347183,-2.5492358,1
4.0,4,-1.0351162,13.374443,-0.24150899,-3.9923348,24.837082,-18.347183,-2.5492358,1
4.0,4,-1.0351162,13.374443,-0.24150899,-3.9923348,24.837082,-18.347183,-2.5492358,1
6.0,6,10.317811,-21.356247,-6.768659,-17.582098,6.4442177,-13.881964,41.706978,1
6.0,6,10.317825,-21.356268,-6.768681,-17.582077,6.4441943,-13.881946,41.706955,1
6.0,6,10.317825,-21.35627,-6.7686777,-17.582083,6.4441986,-13.88195,41.706963,1
6.0,6,10.317825,-21.35627,-6.768682,-17.582075,6.4441924,-13.881945,41.706955,1
6.0,6,10.317827,-21.35627,-6.768682,-17.582079,6.444192,-13.881944,41.706955,1
6.0,6,10.317814,-21.35625,-6.7686644,-17.582098,6.444212,-13.88196,41.70697,1
0.0,0,11.424761,-5.877547,-12.584681,-9.132562,-7.4235373,4.5125513,0.5197928,1
0.0,0,11.424611,-5.8775034,-12.584632,-9.1325035,-7.423234,4.512317,0.5199528,1
0.0,0,11.4246235,-5.8775024,-12.584411,-9.132954,-7.423188,4.5122614,0.5201547,1
0.0,0,11.424667,-5.877593,-12.584413,-9.132829,-7.4234285,4.5124693,0.5200069,1
0.0,0,11.424581,-5.8774962,-12.584614,-9.13256,-7.4232235,4.512318,0.52001786,1
0.0,0,11.4245615,-5.8775253,-12.584707,-9.13246,-7.4230833,4.512181,0.5201726,1
4.0,4,-1.8309839,14.783398,-0.9266468,-3.541846,26.13554,-19.291924,-2.8094404,1
4.0,4,-1.8309839,14.783398,-0.9266468,-3.541846,26.13554,-19.291924,-2.8094404,1
4.0,4,-1.8309839,14.783398,-0.9266468,-3.541846,26.13554,-19.291924,-2.8094404,1
4.0,4,-1.8309839,14.783398,-0.9266468,-3.541846,26.13554,-19.291924,-2.8094404,1
4.0,4,-1.8309839,14.783398,-0.9266468,-3.541846,26.13554,-19.291924,-2.8094404,1
4.0,4,-1.8309839,14.783398,-0.9266468,-3.541846,26.13554,-19.291924,-2.8094404,1
0.0,0,10.433862,-4.224442,-11.155201,-11.570772,-6.4242225,3.8686357,1.2055843,1
0.0,0,10.432542,-4.222795,-11.154178,-11.572493,-6.4224424,3.8673115,1.2073283,1
0.0,0,10.432336,-4.222303,-11.154737,-11.572437,-6.4213433,3.8663359,1.207911,1
0.0,0,10.432358,-4.2223864,-11.15424,-11.572778,-6.4218974,3.8668952,1.2075655,1
0.0,0,10.432939,-4.2229548,-11.154815,-11.572396,-6.422332,3.8671446,1.207222,1
0.0,0,10.432129,-4.221888,-11.154792,-11.572795,-6.420789,3.8659163,1.2083459,1
2.0,2,-7.6914186,8.947313,30.161024,-17.472544,0.38954318,2.1418624,-6.693877,1
2.0,2,-7.6914635,8.947414,30.160923,-17.472614,0.38958275,2.1418228,-6.693801,1
2.0,2,-7.6914225,8.94732,30.161055,-17.472569,0.38958514,2.1418262,-6.6938543,1
2.0,2,-7.6914206,8.947286,30.161106,-17.472507,0.3896414,2.1417956,-6.693865,1
2.0,2,-7.6914415,8.947355,30.161013,-17.472565,0.38959277,2.1418238,-6.6938477,1
2.0,2,-7.69145,8.947348,30.161016,-17.472588,0.3895787,2.1418304,-6.6938143,1
3.0,3,1.6969879,-7.526728,-14.480579,47.962673,-2.0562663,-0.49886715,-13.120837,1
3.0,3,1.6972389,-7.5268245,-14.480921,47.961918,-2.0568457,-0.49858582,-13.120577,1
3.0,3,1.6971736,-7.5268455,-14.480792,47.9621,-2.0566826,-0.49866474,-13.120588,1
3.0,3,1.6970284,-7.526813,-14.480566,47.962543,-2.0563455,-0.4988171,-13.120722,1
3.0,3,1.6969819,-7.526734,-14.480572,47.96271,-2.0562387,-0.49886262,-13.12085,1
3.0,3,1.6971629,-7.5268207,-14.480803,47.962154,-2.056666,-0.4986626,-13.120632,1
6.0,6,10.394646,-21.418978,-6.7030783,-17.091835,6.3057365,-13.69267,41.130936,1
6.0,6,10.394646,-21.418978,-6.7030783,-17.091835,6.3057365,-13.69267,41.130936,1
6.0,6,10.394646,-21.418982,-6.703081,-17.091835,6.305737,-13.69267,41.130936,1
6.0,6,10.394647,-21.41898,-6.7030797,-17.091831,6.3057337,-13.692668,41.13093,1
6.0,6,10.394646,-21.418978,-6.7030783,-17.091835,6.3057365,-13.69267,41.130936,1
6.0,6,10.394646,-21.418978,-6.7030783,-17.091835,6.3057365,-13.69267,41.130936,1
5.0,5,8.32688,-3.8041902,-5.123405,-6.349597,-28.429035,23.968801,-13.359165,1
5.0,5,8.327353,-3.80469,-5.124204,-6.34985,-28.428888,23.968754,-13.35861,1
5.0,5,8.327008,-3.8043613,-5.123978,-6.3490767,-28.429045,23.968712,-13.359091,1
5.0,5,8.326994,-3.804377,-5.1237254,-6.349452,-28.429071,23.968813,-13.358992,1
5.0,5,8.32651,-3.8038807,-5.12322,-6.3490887,-28.429447,23.969116,-13.359625,1
5.0,5,8.327325,-3.8046126,-5.1245255,-6.3494205,-28.428932,23.96878,-13.358814,1
0.0,0,11.088867,-6.6453567,-11.433271,-9.998867,-8.642086,5.4552746,1.5358949,1
0.0,0,11.088867,-6.6453567,-11.433271,-9.998867,-8.642086,5.4552746,1.5358949,1
0.0,0,11.088867,-6.6453567,-11.433271,-9.998867,-8.642086,5.4552746,1.5358949,1
0.0,0,11.088867,-6.6453567,-11.433271,-9.998867,-8.642086,5.4552746,1.5358949,1
0.0,0,11.088867,-6.6453567,-11.433271,-9.998867,-8.642086,5.4552746,1.5358949,1
0.0,0,11.088867,-6.6453567,-11.433271,-9.998867,-8.642086,5.4552746,1.5358949,1
2.0,2,-7.5649757,8.539246,30.758753,-17.854769,0.7498578,1.7401878,-6.238577,1
2.0,2,-7.564932,8.539194,30.758766,-17.854853,0.7497827,1.7402202,-6.238555,1
2.0,2,-7.5649567,8.539228,30.758759,-17.854767,0.74983704,1.7401987,-6.238592,1
2.0,2,-7.5649395,8.5391865,30.758785,-17.85476,0.7497722,1.740249,-6.238614,1
2.0,2,-7.565014,8.539332,30.758694,-17.854881,0.7499293,1.7401043,-6.238471,1
2.0,2,-7.564904,8.539152,30.758766,-17.854877,0.74971473,1.7402564,-6.2385406,1
6.0,6,10.496166,-21.44199,-6.8148966,-17.484623,6.246421,-13.739572,41.40971,1
6.0,6,10.496169,-21.442003,-6.814899,-17.48462,6.2464147,-13.739567,41.409718,1
6.0,6,10.496168,-21.442003,-6.8148985,-17.48462,6.246415,-13.73957,41.409718,1
6.0,6,10.496165,-21.44199,-6.814895,-17.484627,6.2464213,-13.739573,41.40971,1
6.0,6,10.496168,-21.442003,-6.8148985,-17.48462,6.246417,-13.739571,41.409718,1
6.0,6,10.496167,-21.441996,-6.8149004,-17.484623,6.24642,-13.739572,41.409714,1
2.0,2,-7.526944,8.753965,29.732906,-17.298424,-0.105730176,2.5442657,-6.864354,1
2.0,2,-7.526944,8.753965,29.732906,-17.298424,-0.105730176,2.5442657,-6.864354,1
2.0,2,-7.526944,8.753965,29.732906,-17.298424,-0.105730176,2.5442657,-6.864354,1
2.0,2,-7.526944,8.753965,29.732906,-17.298424,-0.105730176,2.5442657,-6.864354,1
2.0,2,-7.526944,8.753965,29.732906,-17.298424,-0.105730176,2.5442657,-6.864354,1
2.0,2,-7.526944,8.753965,29.732906,-17.298424,-0.105730176,2.5442657,-6.864354,1
1.0,1,-0.6898143,14.312323,0.86437595,-7.9852214,6.737897,-5.4046206,-9.299432,1
1.0,1,-0.6898024,14.312321,0.86436,-7.9852304,6.737918,-5.40464,-9.299423,1
1.0,1,-0.6897991,14.312313,0.8643547,-7.985235,6.7379136,-5.4046335,-9.2994175,1
1.0,1,-0.68981004,14.312319,0.86436975,-7.985222,6.737903,-5.404625,-9.299428,1
1.0,1,-0.68981457,14.312323,0.8643762,-7.9852204,6.737897,-5.40462,-9.299433,1
1.0,1,-0.68980384,14.312319,0.86436284,-7.985229,6.737913,-5.404635,-9.299424,1
6.0,6,10.203327,-21.16301,-6.6171746,-17.696072,6.6766605,-14.05273,41.75991,1
6.0,6,10.203327,-21.16301,-6.6171746,-17.696072,6.6766605,-14.05273,41.75991,1
6.0,6,10.203327,-21.16301,-6.6171746,-17.696072,6.6766605,-14.05273,41.75991,1
6.0,6,10.203327,-21.16301,-6.6171746,-17.696072,6.6766605,-14.05273,41.75991,1
6.0,6,10.203327,-21.16301,-6.6171746,-17.696072,6.6766605,-14.05273,41.75991,1
6.0,6,10.203327,-21.16301,-6.6171746,-17.696072,6.6766605,-14.05273,41.75991,1
2.0,2,-7.2632504,8.391504,30.839169,-18.382774,0.74743307,1.5586056,-5.9340897,1
2.0,2,-7.2632504,8.391504,30.839169,-18.382774,0.74743307,1.5586056,-5.9340897,1
2.0,2,-7.2632504,8.391504,30.839169,-18.382774,0.74743307,1.5586056,-5.9340897,1
2.0,2,-7.2632504,8.391504,30.839169,-18.382774,0.74743307,1.5586056,-5.9340897,1
2.0,2,-7.2632504,8.391504,30.839169,-18.382774,0.74743307,1.5586056,-5.9340897,1
2.0,2,-7.2632504,8.391504,30.839169,-18.382774,0.74743307,1.5586056,-5.9340897,1
5.0,0,11.368403,-5.8637257,-12.171066,-9.954324,-7.729065,4.754165,0.82407784,0
5.0,0,11.368367,-5.863712,-12.171045,-9.954399,-7.728981,4.754094,0.82417893,0
5.0,0,11.368397,-5.863728,-12.171049,-9.95434,-7.729065,4.7541676,0.8240864,0
5.0,0,11.368391,-5.86374,-12.171049,-9.954338,-7.7291145,4.7542076,0.82409596,0
5.0,0,11.368415,-5.8637304,-12.171096,-9.954326,-7.7290783,4.7541685,0.8240974,0
5.0,0,11.368438,-5.8637376,-12.171089,-9.9542675,-7.729123,4.7542133,0.82400346,0
4.0,4,-1.8047326,14.771027,-0.94232666,-3.1008532,26.445457,-19.41343,-2.9645414,1
4.0,4,-1.8047326,14.771027,-0.94232666,-3.1008532,26.445457,-19.41343,-2.9645414,1
4.0,4,-1.8047326,14.771027,-0.94232666,-3.1008532,26.445457,-19.41343,-2.9645414,1
4.0,4,-1.8047326,14.771027,-0.94232666,-3.1008532,26.445457,-19.41343,-2.9645414,1
4.0,4,-1.8047326,14.771027,-0.94232666,-3.1008532,26.445457,-19.41343,-2.9645414,1
4.0,4,-1.8047326,14.771027,-0.94232666,-3.1008532,26.445457,-19.41343,-2.9645414,1
3.0,3,1.592524,-7.4587436,-14.351797,48.30081,-1.8008403,-0.63257897,-13.266909,1
3.0,3,1.5933545,-7.46022,-14.349676,48.298412,-1.8004187,-0.6338583,-13.264614,1
3.0,3,1.5925972,-7.4585347,-14.351472,48.300842,-1.8006204,-0.6331192,-13.267073,1
3.0,3,1.5928068,-7.4594636,-14.350843,48.29993,-1.8003742,-0.6331848,-13.265849,1
3.0,3,1.5932662,-7.459974,-14.349991,48.29893,-1.8000733,-0.633901,-13.265047,1
3.0,3,1.5927007,-7.4593368,-14.350668,48.30031,-1.8003539,-0.633371,-13.266005,1
3.0,3,1.672169,-7.4717813,-14.433004,48.04774,-1.9597627,-0.51433146,-13.232591,1
3.0,3,1.6721687,-7.4717813,-14.433004,48.04774,-1.9597605,-0.51433146,-13.232594,1
3.0,3,1.6721694,-7.471782,-14.433004,48.047737,-1.9597644,-0.5143312,-13.232588,1
3.0,3,1.6721704,-7.471783,-14.433004,48.047737,-1.9597639,-0.5143317,-13.232588,1
3.0,3,1.6721699,-7.471782,-14.433004,48.047737,-1.9597648,-0.51433146,-13.232588,1
3.0,3,1.6721551,-7.471783,-14.4329815,48.04778,-1.9597453,-0.5143429,-13.232595,1
0.0,0,11.585857,-5.728033,-12.557479,-9.73279,-7.046818,4.120634,0.55887437,1
0.0,0,11.585857,-5.728033,-12.557479,-9.73279,-7.046818,4.120634,0.55887437,1
0.0,0,11.585857,-5.728033,-12.557479,-9.73279,-7.046818,4.120634,0.55887437,1
0.0,0,11.585857,-5.728033,-12.557479,-9.73279,-7.046818,4.120634,0.55887437,1
0.0,0,11.585857,-5.728033,-12.557479,-9.73279,-7.046818,4.120634,0.55887437,1
0.0,0,11.585857,-5.728033,-12.557479,-9.73279,-7.046818,4.120634,0.55887437,1
5.0,5,8.604103,-4.2854476,-5.616136,-6.3634596,-27.62018,23.109024,-12.376672,1
5.0,5,8.604177,-4.2855334,-5.616182,-6.3635683,-27.620155,23.109032,-12.37658,1
5.0,5,8.604125,-4.2854815,-5.6162224,-6.36333,-27.62004,23.108833,-12.37657,1
5.0,5,8.604167,-4.285524,-5.6162167,-6.363495,-27.620127,23.108986,-12.376581,1
5.0,5,8.604149,-4.2855086,-5.6161776,-6.363522,-27.620167,23.109034,-12.376607,1
5.0,5,8.604158,-4.285513,-5.616182,-6.3635383,-27.620152,23.10902,-12.376596,1
1.0,1,-1.4944487,14.879499,0.92807543,-8.410591,5.555302,-3.8700204,-9.601071,1
1.0,1,-1.4944487,14.879499,0.92807543,-8.410591,5.555302,-3.8700204,-9.601071,1
1.0,1,-1.494436,14.87949,0.9280579,-8.4106045,5.555323,-3.8700328,-9.601054,1
1.0,1,-1.4944522,14.879499,0.9280813,-8.410591,5.555295,-3.8700147,-9.601072,1
1.0,1,-1.4944522,14.879499,0.9280813,-8.410591,5.555295,-3.8700147,-9.601072,1
1.0,1,-1.494436,14.87949,0.9280579,-8.4106045,5.555323,-3.8700328,-9.601054,1
4.0,4,-1.8743525,14.755632,-0.75588465,-3.41293,26.319887,-19.33933,-2.8462408,1
4.0,4,-1.8743496,14.755625,-0.7558813,-3.412922,26.319897,-19.339342,-2.84623,1
4.0,4,-1.8743486,14.755625,-0.75588286,-3.4129233,26.319895,-19.339342,-2.8462303,1
4.0,4,-1.8743527,14.755623,-0.7558739,-3.4129186,26.319904,-19.339346,-2.8462274,1
4.0,4,-1.8743498,14.755629,-0.7558924,-3.4129179,26.319895,-19.339338,-2.8462362,1
4.0,4,-1.8743546,14.755625,-0.75587344,-3.4129238,26.3199,-19.33934,-2.8462324,1
2.0,2,-7.19149,8.389412,30.90898,-18.835281,1.0040551,1.2613574,-5.8541794,1
2.0,2,-7.19149,8.389412,30.90898,-18.835281,1.0040551,1.2613574,-5.8541794,1
2.0,2,-7.19149,8.389412,30.90898,-18.835281,1.0040551,1.2613574,-5.8541794,1
2.0,2,-7.19149,8.389412,30.90898,-18.835281,1.0040551,1.2613574,-5.8541794,1
2.0,2,-7.19149,8.389412,30.90898,-18.835281,1.0040551,1.2613574,-5.8541794,1
2.0,2,-7.19149,8.389412,30.90898,-18.835281,1.0040551,1.2613574,-5.8541794,1
0.0,0,11.969769,-5.923423,-13.564879,-8.98797,-6.4908237,3.3151274,0.9295218,1
0.0,0,11.969501,-5.9241405,-13.563934,-8.988256,-6.491718,3.315856,0.9302163,1
0.0,0,11.969288,-5.9231553,-13.56492,-8.9888935,-6.490471,3.3148808,0.93089795,1
0.0,0,11.969347,-5.9231915,-13.564293,-8.988713,-6.4903765,3.3148909,0.93014765,1
0.0,0,11.969467,-5.9244075,-13.563596,-8.987272,-6.491219,3.3155322,0.9296725,1
0.0,0,11.969237,-5.922932,-13.565339,-8.9881735,-6.490117,3.314693,0.930603,1
4.0,4,-0.7398126,13.640923,-0.9435433,-5.4190297,23.068954,-17.358423,-2.6474962,1
4.0,4,-0.7398126,13.640923,-0.9435433,-5.4190297,23.068954,-17.358423,-2.6474962,1
4.0,4,-0.7398126,13.640923,-0.9435433,-5.4190297,23.068954,-17.358423,-2.6474962,1
4.0,4,-0.7398126,13.640923,-0.9435433,-5.4190297,23.068954,-17.358423,-2.6474962,1
4.0,4,-0.7398126,13.640923,-0.9435433,-5.4190297,23.068954,-17.358423,-2.6474962,1
4.0,4,-0.7398126,13.640923,-0.9435433,-5.4190297,23.068954,-17.358423,-2.6474962,1
2.0,2,-7.3660107,8.580664,30.594847,-18.120285,0.42291176,1.9146246,-6.2654314,1
2.0,2,-7.3660107,8.580664,30.594847,-18.120285,0.42291176,1.9146246,-6.2654314,1
2.0,2,-7.3660107,8.580664,30.594847,-18.120285,0.42291176,1.9146246,-6.2654314,1
2.0,2,-7.3660107,8.580664,30.594847,-18.120285,0.42291176,1.9146246,-6.2654314,1
2.0,2,-7.3660107,8.580664,30.594847,-18.120285,0.42291176,1.9146246,-6.2654314,1
2.0,2,-7.3660107,8.580664,30.594847,-18.120285,0.42291176,1.9146246,-6.2654314,1
6.0,6,10.483252,-21.611967,-6.904931,-17.393341,6.234869,-13.7347,41.608654,1
6.0,6,10.483252,-21.611967,-6.904931,-17.393341,6.2348676,-13.7347,41.608654,1
6.0,6,10.483252,-21.611967,-6.904931,-17.393341,6.2348676,-13.7347,41.608654,1
6.0,6,10.483252,-21.611967,-6.904931,-17.393341,6.2348676,-13.7347,41.608654,1
6.0,6,10.483252,-21.611967,-6.904931,-17.393341,6.2348676,-13.7347,41.608654,1
6.0,6,10.483252,-21.611967,-6.904931,-17.393337,6.2348685,-13.7347,41.608654,1
2.0,2,-7.3698635,9.032899,27.40839,-16.18328,-0.30057156,2.9283686,-7.188835,1
2.0,2,-7.3698835,9.032898,27.40849,-16.183384,-0.30058658,2.9283743,-7.188816,1
2.0,2,-7.3698835,9.032898,27.40849,-16.183384,-0.30058658,2.9283743,-7.188816,1
2.0,2,-7.3698835,9.032898,27.40849,-16.183384,-0.30058658,2.9283743,-7.188816,1
2.0,2,-7.3698835,9.032898,27.40849,-16.183384,-0.30058658,2.9283743,-7.188816,1
2.0,2,-7.3698835,9.032898,27.40849,-16.183384,-0.30058658,2.9283743,-7.188816,1
6.0,6,10.131136,-21.075377,-6.600841,-17.553425,6.845376,-14.136807,41.68628,1
6.0,6,10.131136,-21.075377,-6.600841,-17.553425,6.845376,-14.136807,41.68628,1
6.0,6,10.131136,-21.075377,-6.600841,-17.553425,6.845376,-14.136807,41.68628,1
6.0,6,10.131136,-21.075377,-6.600841,-17.553425,6.845376,-14.136807,41.68628,1
6.0,6,10.131136,-21.075377,-6.600841,-17.553425,6.845376,-14.136807,41.68628,1
6.0,6,10.131136,-21.075377,-6.600841,-17.553425,6.845376,-14.136807,41.68628,1
1.0,4,-1.9333718,14.566465,-0.93719184,-2.6723504,26.866753,-19.775482,-2.565603,0
1.0,4,-1.9333718,14.566465,-0.93719184,-2.6723504,26.866753,-19.775482,-2.565603,0
1.0,4,-1.9333718,14.566465,-0.93719184,-2.6723504,26.866753,-19.775482,-2.565603,0
1.0,4,-1.9333718,14.566465,-0.93719184,-2.6723504,26.866753,-19.775482,-2.565603,0
1.0,4,-1.9333718,14.566465,-0.93719184,-2.6723504,26.866753,-19.775482,-2.565603,0
1.0,4,-1.9333718,14.566465,-0.93719184,-2.6723504,26.866753,-19.775482,-2.565603,0
5.0,5,8.497743,-4.1180425,-5.475035,-6.11287,-27.635271,23.131521,-12.748974,1
5.0,5,8.497316,-4.117496,-5.474239,-6.113351,-27.635798,23.132235,-12.749708,1
5.0,5,8.497309,-4.117474,-5.474305,-6.113339,-27.635815,23.132275,-12.749729,1
5.0,5,8.497305,-4.117474,-5.474303,-6.1133337,-27.635815,23.132278,-12.749733,1
5.0,5,8.497307,-4.117475,-5.4743047,-6.113338,-27.635815,23.132277,-12.749731,1
5.0,5,8.497309,-4.11746,-5.474278,-6.1134043,-27.635834,23.13229,-12.749733,1
1.0,1,-1.349258,14.510914,0.89676297,-8.730219,5.532965,-3.9091535,-9.09388,1
1.0,1,-1.349271,14.510908,0.8967799,-8.730273,5.532935,-3.9091024,-9.093866,1
1.0,1,-1.3492491,14.510923,0.89671814,-8.730183,5.533019,-3.9092002,-9.093888,1
1.0,1,-1.349271,14.510908,0.8967799,-8.730273,5.532935,-3.9091024,-9.093866,1
1.0,1,-1.349267,14.510927,0.8967335,-8.730231,5.5325947,-3.9087825,-9.09408,1
1.0,1,-1.349247,14.510914,0.89673924,-8.730249,5.5330186,-3.909194,-9.093847,1
2.0,2,-7.6214113,9.439642,29.287704,-18.03489,0.27797568,2.1581717,-6.56748,1
2.0,2,-7.6214113,9.439642,29.287704,-18.03489,0.27797568,2.1581717,-6.56748,1
2.0,2,-7.6214113,9.439642,29.287704,-18.03489,0.27797568,2.1581717,-6.56748,1
2.0,2,-7.6214113,9.439642,29.287704,-18.03489,0.27797568,2.1581717,-6.56748,1
2.0,2,-7.6214113,9.439642,29.287704,-18.03489,0.27797568,2.1581717,-6.56748,1
2.0,2,-7.6214113,9.439642,29.287704,-18.03489,0.27797568,2.1581717,-6.56748,1
4.0,4,-1.4516997,13.729891,0.30798265,-3.8907235,25.83759,-18.754871,-2.59234,1
4.0,4,-1.4516997,13.729891,0.30798265,-3.8907235,25.83759,-18.754871,-2.59234,1
4.0,4,-1.4516997,13.729891,0.30798265,-3.8907235,25.83759,-18.754871,-2.59234,1
4.0,4,-1.4516997,13.729891,0.30798265,-3.8907235,25.83759,-18.754871,-2.59234,1
4.0,4,-1.4516997,13.729891,0.30798265,-3.8907235,25.83759,-18.754871,-2.59234,1
4.0,4,-1.4516997,13.729891,0.30798265,-3.8907235,25.83759,-18.754871,-2.59234,1
1.0,1,-0.76335216,14.865242,0.25437066,-8.540121,6.5145717,-4.7266493,-9.862255,1
1.0,1,-0.76335216,14.865242,0.25437066,-8.540121,6.5145717,-4.7266493,-9.862255,1
1.0,1,-0.76335216,14.865242,0.25437066,-8.540121,6.5145717,-4.7266493,-9.862255,1
1.0,1,-0.76335216,14.865242,0.25437066,-8.540121,6.5145717,-4.7266493,-9.862255,1
1.0,1,-0.76335216,14.865242,0.25437066,-8.540121,6.5145717,-4.7266493,-9.862255,1
1.0,1,-0.76335216,14.865242,0.25437066,-8.540121,6.5145717,-4.7266493,-9.862255,1
0.0,0,11.178223,-5.934629,-12.039709,-8.946125,-7.1524057,4.1465344,0.8180618,1
0.0,0,11.178223,-5.934629,-12.039709,-8.946125,-7.1524057,4.1465344,0.8180618,1
0.0,0,11.178223,-5.934629,-12.039709,-8.946125,-7.1524057,4.1465344,0.8180618,1
0.0,0,11.178223,-5.934629,-12.039709,-8.946125,-7.1524057,4.1465344,0.8180618,1
0.0,0,11.178223,-5.934629,-12.039709,-8.946125,-7.1524057,4.1465344,0.8180618,1
0.0,0,11.178223,-5.934629,-12.039709,-8.946125,-7.1524057,4.1465344,0.8180618,1
3.0,3,1.5905976,-7.41262,-14.38969,48.299587,-1.8177189,-0.60981643,-13.325798,1
3.0,3,1.5906019,-7.4126153,-14.3897,48.29958,-1.817722,-0.6098169,-13.325801,1
3.0,3,1.5905993,-7.412623,-14.389696,48.299587,-1.81772,-0.6098155,-13.325794,1
3.0,3,1.5906053,-7.4126315,-14.38969,48.29957,-1.8177348,-0.60981214,-13.325781,1
3.0,3,1.5905879,-7.4126067,-14.389694,48.29962,-1.8176879,-0.60983455,-13.325817,1
3.0,3,1.5906079,-7.412603,-14.389709,48.299564,-1.8177181,-0.60982,-13.325815,1
0.0,5,10.613009,-6.2240663,-8.083707,-6.71834,-21.571394,16.726429,-7.457657,0
0.0,5,10.613009,-6.2240663,-8.083707,-6.71834,-21.571394,16.726429,-7.457657,0
0.0,5,10.613009,-6.2240663,-8.083707,-6.71834,-21.571394,16.726429,-7.457657,0
0.0,5,10.613009,-6.2240663,-8.083707,-6.71834,-21.571394,16.726429,-7.457657,0
0.0,5,10.613009,-6.2240663,-8.083707,-6.71834,-21.571394,16.726429,-7.457657,0
0.0,5,10.613009,-6.2240663,-8.083707,-6.71834,-21.571394,16.726429,-7.457657,0
0.0,0,10.962979,-5.6033874,-11.890963,-9.381075,-7.0382137,4.1339874,0.97514653,1
0.0,0,10.962979,-5.6032333,-11.891029,-9.381231,-7.0380325,4.133831,0.9752047,1
0.0,0,10.962994,-5.6033006,-11.891102,-9.381126,-7.0380554,4.133838,0.9752319,1
0.0,0,10.962877,-5.60306,-11.891173,-9.381317,-7.037895,4.133747,0.975363,1
0.0,0,10.962935,-5.6031227,-11.8911705,-9.381232,-7.0379133,4.133746,0.9752743,1
0.0,0,10.962957,-5.603173,-11.891132,-9.381166,-7.0380173,4.133834,0.975178,1
5.0,0,11.127885,-5.8956137,-11.383002,-9.8188095,-9.704045,6.5344286,-0.08970904,0
5.0,0,11.127885,-5.8956137,-11.383002,-9.8188095,-9.704045,6.5344286,-0.08970904,0
5.0,0,11.127885,-5.8956137,-11.383002,-9.8188095,-9.704045,6.5344286,-0.08970904,0
5.0,0,11.127885,-5.8956137,-11.383002,-9.8188095,-9.704045,6.5344286,-0.08970904,0
5.0,0,11.127885,-5.8956137,-11.383002,-9.8188095,-9.704045,6.5344286,-0.08970904,0
5.0,0,11.127885,-5.8956137,-11.383002,-9.8188095,-9.704045,6.5344286,-0.08970904,0
4.0,4,-1.7953303,14.746508,-0.8071649,-3.127941,26.3312,-19.324965,-3.0805953,1
4.0,4,-1.7953303,14.746508,-0.8071649,-3.127941,26.3312,-19.324965,-3.0805953,1
4.0,4,-1.7953303,14.746508,-0.8071649,-3.127941,26.3312,-19.324965,-3.0805953,1
4.0,4,-1.7953303,14.746508,-0.8071649,-3.127941,26.3312,-19.324965,-3.0805953,1
4.0,4,-1.7953303,14.746508,-0.8071649,-3.127941,26.3312,-19.324965,-3.0805953,1
4.0,4,-1.7953303,14.746508,-0.8071649,-3.127941,26.3312,-19.324965,-3.0805953,1
6.0,6,10.530812,-21.547567,-6.957088,-17.476322,6.2317324,-13.735572,41.52438,1
6.0,6,10.530812,-21.547565,-6.957088,-17.47632,6.2317314,-13.735571,41.52438,1
6.0,6,10.530812,-21.547567,-6.957088,-17.476318,6.2317314,-13.735572,41.52438,1
6.0,6,10.53081,-21.547567,-6.957088,-17.476322,6.2317324,-13.735572,41.52438,1
6.0,6,10.530809,-21.547562,-6.957087,-17.47632,6.2317324,-13.735571,41.52438,1
6.0,6,10.53081,-21.547565,-6.957089,-17.476318,6.231731,-13.735571,41.52438,1
4.0,4,-1.504385,14.440325,-0.7928698,-4.2496986,25.293966,-18.720997,-2.7793026,1
4.0,4,-1.504385,14.440325,-0.7928698,-4.2496986,25.293966,-18.720997,-2.7793026,1
4.0,4,-1.504385,14.440325,-0.7928698,-4.2496986,25.293966,-18.720997,-2.7793026,1
4.0,4,-1.504385,14.440325,-0.7928698,-4.2496986,25.293966,-18.720997,-2.7793026,1
4.0,4,-1.504385,14.440325,-0.7928698,-4.2496986,25.293966,-18.720997,-2.7793026,1
4.0,4,-1.504385,14.440325,-0.7928698,-4.2496986,25.293966,-18.720997,-2.7793026,1
3.0,3,1.5875506,-7.3793225,-14.389756,48.298103,-1.7953285,-0.6050192,-13.374872,1
3.0,3,1.5875506,-7.3793225,-14.389756,48.298103,-1.7953285,-0.6050192,-13.374872,1
3.0,3,1.5875506,-7.3793225,-14.389756,48.298103,-1.7953285,-0.6050192,-13.374872,1
3.0,3,1.5875506,-7.3793225,-14.389756,48.298103,-1.7953285,-0.6050192,-13.374872,1
3.0,3,1.5875506,-7.3793225,-14.389756,48.298103,-1.7953285,-0.6050192,-13.374872,1
3.0,3,1.5875506,-7.3793225,-14.389756,48.298103,-1.7953285,-0.6050192,-13.374872,1
4.0,4,-1.2896872,13.633545,0.23908219,-3.8139482,25.477942,-18.609432,-2.824809,1
4.0,4,-1.2896872,13.633545,0.23908219,-3.8139482,25.477942,-18.609432,-2.824809,1
4.0,4,-1.2896872,13.633545,0.23908219,-3.8139482,25.477942,-18.609432,-2.824809,1
4.0,4,-1.2896872,13.633545,0.23908219,-3.8139482,25.477942,-18.609432,-2.824809,1
4.0,4,-1.2896872,13.633545,0.23908219,-3.8139482,25.477942,-18.609432,-2.824809,1
4.0,4,-1.2896872,13.633545,0.23908219,-3.8139482,25.477942,-18.609432,-2.824809,1
4.0,4,-1.7931263,14.806643,-0.9374454,-3.5218933,26.108547,-19.249966,-2.9186592,1
4.0,4,-1.7931263,14.806643,-0.9374454,-3.5218933,26.108547,-19.249966,-2.9186592,1
4.0,4,-1.7931263,14.806643,-0.9374454,-3.5218933,26.108547,-19.249966,-2.9186592,1
4.0,4,-1.7931263,14.806643,-0.9374454,-3.5218933,26.108547,-19.249966,-2.9186592,1
4.0,4,-1.7931263,14.806643,-0.9374454,-3.5218933,26.108547,-19.249966,-2.9186592,1
4.0,4,-1.7931263,14.806643,-0.9374454,-3.5218933,26.108547,-19.249966,-2.9186592,1
3.0,3,1.5885379,-7.460962,-14.349152,48.298058,-1.801628,-0.6318642,-13.260145,1
3.0,3,1.5885949,-7.461078,-14.348907,48.297832,-1.8015758,-0.63203084,-13.259928,1
3.0,3,1.5885389,-7.460977,-14.349081,48.298073,-1.8015314,-0.63194096,-13.260128,1
3.0,3,1.5886192,-7.461083,-14.349077,48.29776,-1.8017765,-0.6318408,-13.259938,1
3.0,3,1.5885627,-7.4609857,-14.349143,48.29793,-1.8016647,-0.6318773,-13.260075,1
3.0,3,1.5885568,-7.461016,-14.348933,48.29801,-1.8014439,-0.63206375,-13.260054,1
4.0,4,-1.8272586,14.48295,0.2744033,-3.1185806,26.24225,-18.730597,-3.6049988,1
4.0,4,-1.8272836,14.482983,0.274469,-3.1187253,26.24218,-18.730515,-3.6050196,1
4.0,4,-1.8272977,14.483002,0.27449188,-3.1187503,26.242165,-18.73049,-3.6050415,1
4.0,4,-1.8272588,14.48295,0.27440378,-3.1185794,26.24225,-18.730597,-3.6049986,1
4.0,4,-1.8272586,14.48295,0.2744033,-3.1185806,26.24225,-18.730597,-3.6049988,1
4.0,4,-1.8272884,14.48299,0.2744839,-3.1187453,26.242174,-18.730507,-3.605023,1
6.0,6,10.173648,-21.15173,-6.5901656,-17.303446,6.762374,-14.04559,41.471035,1
6.0,6,10.173681,-21.151781,-6.590205,-17.303444,6.762319,-14.045555,41.471035,1
6.0,6,10.173652,-21.151733,-6.590169,-17.303463,6.7623653,-14.045588,41.471046,1
6.0,6,10.173653,-21.151731,-6.59017,-17.303469,6.7623644,-14.045587,41.47105,1
6.0,6,10.173677,-21.15178,-6.5902023,-17.30343,6.7623253,-14.045557,41.47103,1
6.0,6,10.173674,-21.151768,-6.590192,-17.303448,6.762329,-14.045561,41.47104,1
4.0,4,-1.0826046,13.543587,-0.3139979,-4.3543243,24.638184,-18.218794,-2.521974,1
4.0,4,-1.0826046,13.543587,-0.3139979,-4.3543243,24.638184,-18.218794,-2.521974,1
4.0,4,-1.0826046,13.543587,-0.3139979,-4.3543243,24.638184,-18.218794,-2.521974,1
4.0,4,-1.0826046,13.543587,-0.3139979,-4.3543243,24.638184,-18.218794,-2.521974,1
4.0,4,-1.0826046,13.543587,-0.3139979,-4.3543243,24.638184,-18.218794,-2.521974,1
4.0,4,-1.0826046,13.543587,-0.3139979,-4.3543243,24.638184,-18.218794,-2.521974,1
0.0,0,11.865495,-6.6430707,-12.861792,-8.352584,-7.3289566,4.165328,0.695163,1
0.0,0,11.865495,-6.6430707,-12.861792,-8.352584,-7.3289566,4.165328,0.695163,1
0.0,0,11.865495,-6.6430707,-12.861792,-8.352584,-7.3289566,4.165328,0.695163,1
0.0,0,11.865495,-6.6430707,-12.861792,-8.352584,-7.3289566,4.165328,0.695163,1
0.0,0,11.865495,-6.6430707,-12.861792,-8.352584,-7.3289566,4.165328,0.695163,1
0.0,0,11.865495,-6.6430707,-12.861792,-8.352584,-7.3289566,4.165328,0.695163,1
5.0,5,7.130273,-1.7881808,-3.2458768,-0.7055032,-21.542675,19.169039,-16.341097,1
5.0,5,7.1304855,-1.7881377,-3.2459497,-0.7038729,-21.539982,19.166567,-16.341028,1
5.0,5,7.1306143,-1.7881563,-3.2455575,-0.70641613,-21.54148,19.168335,-16.34094,1
5.0,5,7.129593,-1.787457,-3.2445006,-0.70558524,-21.543072,19.169928,-16.342299,1
5.0,5,7.129756,-1.787672,-3.2448783,-0.70580244,-21.543854,19.17026,-16.342077,1
5.0,5,7.1303816,-1.7881122,-3.2451272,-0.70971036,-21.546547,19.172426,-16.341108,1
6.0,6,9.9980345,-20.92155,-6.5481305,-17.396633,6.9814277,-14.166088,41.58633,1
6.0,6,9.998036,-20.921555,-6.54813,-17.396633,6.9814234,-14.166086,41.58633,1
6.0,6,9.998038,-20.921555,-6.548134,-17.396633,6.9814215,-14.166085,41.586338,1
6.0,6,9.998035,-20.92155,-6.54813,-17.396637,6.9814253,-14.166089,41.586338,1
6.0,6,9.998041,-20.921558,-6.548138,-17.39663,6.9814143,-14.16608,41.58633,1
6.0,6,9.998033,-20.921547,-6.548126,-17.396637,6.98143,-14.166092,41.586338,1
1.0,1,-0.97577953,14.907185,0.5627967,-8.445223,6.268976,-4.5797586,-9.873076,1
1.0,1,-0.975816,14.907288,0.5627953,-8.445029,6.2692046,-4.580064,-9.873082,1
1.0,1,-0.9757457,14.907232,0.56275845,-8.445187,6.269106,-4.579906,-9.873101,1
1.0,1,-0.97575307,14.907253,0.5627686,-8.445141,6.2691374,-4.579956,-9.873116,1
1.0,1,-0.9757545,14.90716,0.56280303,-8.445305,6.268996,-4.5797668,-9.873026,1
1.0,1,-0.97567344,14.907188,0.5626799,-8.445213,6.2692,-4.5799646,-9.873072,1
4.0,4,-0.7030332,13.653835,-1.2546852,-5.5570536,23.181173,-17.56683,-2.424867,1
4.0,4,-0.70303655,13.653841,-1.2546868,-5.5570507,23.181177,-17.566835,-2.4248686,1
4.0,4,-0.70304537,13.653849,-1.2546791,-5.5570297,23.181206,-17.56685,-2.4248743,1
4.0,4,-0.70304465,13.653849,-1.2546796,-5.5570297,23.181206,-17.56685,-2.424875,1
4.0,4,-0.70304084,13.653845,-1.2546822,-5.5570383,23.181192,-17.566841,-2.424872,1
4.0,4,-0.7030425,13.653868,-1.2546947,-5.557088,23.181173,-17.566832,-2.424868,1
3.0,3,1.5987637,-7.477628,-14.343058,48.268097,-1.8129357,-0.6299826,-13.235168,1
3.0,3,1.5987577,-7.4776244,-14.343052,48.268105,-1.8129283,-0.62998545,-13.235173,1
3.0,3,1.5987608,-7.4776235,-14.343065,48.268097,-1.8129381,-0.62997663,-13.235174,1
3.0,3,1.5987675,-7.477632,-14.343057,48.268074,-1.8129476,-0.6299797,-13.235161,1
3.0,3,1.5987515,-7.477608,-14.343073,48.268135,-1.8129216,-0.62997854,-13.235203,1
3.0,3,1.5987678,-7.4776387,-14.343044,48.268074,-1.8129331,-0.6299912,-13.235148,1
6.0,6,10.441594,-21.527117,-6.877157,-17.41372,6.276677,-13.755822,41.58975,1
6.0,6,10.441594,-21.527117,-6.877157,-17.41372,6.276677,-13.755822,41.58975,1
6.0,6,10.441594,-21.527117,-6.877157,-17.41372,6.276677,-13.755822,41.58975,1
6.0,6,10.441594,-21.527117,-6.877157,-17.41372,6.276677,-13.755822,41.58975,1
6.0,6,10.441594,-21.527117,-6.877157,-17.41372,6.276677,-13.755822,41.58975,1
6.0,6,10.441594,-21.527117,-6.877157,-17.41372,6.276677,-13.755822,41.58975,1
1.0,1,-0.8233526,15.152649,0.15494332,-8.778494,6.696096,-4.9143004,-9.851996,1
1.0,1,-0.8233526,15.152649,0.15494332,-8.778494,6.696096,-4.9143004,-9.851996,1
1.0,1,-0.8233526,15.152649,0.15494332,-8.778494,6.696096,-4.9143004,-9.851996,1
1.0,1,-0.8233526,15.152649,0.15494332,-8.778494,6.696096,-4.9143004,-9.851996,1
1.0,1,-0.8233526,15.152649,0.15494332,-8.778494,6.696096,-4.9143004,-9.851996,1
1.0,1,-0.8233526,15.152649,0.15494332,-8.778494,6.696096,-4.9143004,-9.851996,1
5.0,5,8.670264,-4.372062,-4.7423425,-6.7492867,-27.669643,23.256842,-12.591269,1
5.0,5,8.67018,-4.3719535,-4.7422266,-6.7490873,-27.669611,23.256655,-12.591339,1
5.0,5,8.670177,-4.371937,-4.7422166,-6.7490845,-27.669605,23.256666,-12.591377,1
5.0,5,8.670181,-4.3719435,-4.7422333,-6.7491093,-27.669632,23.256727,-12.59139,1
5.0,5,8.670165,-4.371931,-4.7422023,-6.7491016,-27.669622,23.256693,-12.591377,1
5.0,5,8.670273,-4.372066,-4.7423177,-6.749252,-27.669577,23.256699,-12.591219,1
4.0,4,-1.7909706,14.734282,-0.8650428,-3.7192922,26.055315,-19.26097,-2.737937,1
4.0,4,-1.7909706,14.734282,-0.8650428,-3.7192922,26.055315,-19.26097,-2.737937,1
4.0,4,-1.7909706,14.734282,-0.8650428,-3.7192922,26.055315,-19.26097,-2.737937,1
4.0,4,-1.7909706,14.734282,-0.8650428,-3.7192922,26.055315,-19.26097,-2.737937,1
4.0,4,-1.7909706,14.734282,-0.8650428,-3.7192922,26.055315,-19.26097,-2.737937,1
4.0,4,-1.7909706,14.734282,-0.8650428,-3.7192922,26.055315,-19.26097,-2.737937,1
3.0,3,1.5972562,-7.369186,-14.410601,48.26216,-1.81223,-0.5901586,-13.382539,1
3.0,3,1.5972283,-7.369221,-14.410561,48.262283,-1.8121701,-0.59020364,-13.382509,1
3.0,3,1.5972612,-7.3692164,-14.41061,48.26218,-1.8122436,-0.5901619,-13.3825,1
3.0,3,1.5972378,-7.3692174,-14.4105835,48.26225,-1.8121849,-0.5901953,-13.382511,1
3.0,3,1.5972476,-7.3692126,-14.410587,48.262215,-1.812209,-0.5901786,-13.382512,1
3.0,3,1.597256,-7.369209,-14.410601,48.262188,-1.8122269,-0.59016883,-13.382514,1
4.0,4,-1.2078979,13.731113,-0.24915591,-4.3307304,24.843056,-18.307423,-2.5989528,1
4.0,4,-1.2078979,13.731113,-0.24915591,-4.3307304,24.843056,-18.307423,-2.5989528,1
4.0,4,-1.2078979,13.731113,-0.24915591,-4.3307304,24.843056,-18.307423,-2.5989528,1
4.0,4,-1.2078979,13.731113,-0.24915591,-4.3307304,24.843056,-18.307423,-2.5989528,1
4.0,4,-1.2078979,13.731113,-0.24915591,-4.3307304,24.843056,-18.307423,-2.5989528,1
4.0,4,-1.2078979,13.731113,-0.24915591,-4.3307304,24.843056,-18.307423,-2.5989528,1
0.0,0,11.403939,-6.3795657,-12.200187,-8.902728,-7.067583,4.0303836,1.1804063,1
0.0,0,11.403942,-6.379565,-12.200188,-8.90273,-7.0675783,4.0303783,1.1804082,1
0.0,0,11.403939,-6.3795657,-12.200187,-8.902728,-7.067583,4.0303836,1.1804063,1
0.0,0,11.403986,-6.3795085,-12.200306,-8.902835,-7.067568,4.030348,1.1804583,1
0.0,0,11.403942,-6.379565,-12.200188,-8.90273,-7.0675783,4.0303783,1.1804082,1
0.0,0,11.403986,-6.3795085,-12.200306,-8.902835,-7.067568,4.030348,1.1804583,1
2.0,2,-7.0836067,8.197664,31.070593,-19.01678,0.9161657,1.26937,-5.7574825,1
2.0,2,-7.0836067,8.197664,31.070593,-19.01678,0.9161657,1.26937,-5.7574825,1
2.0,2,-7.0836067,8.197664,31.070593,-19.01678,0.9161657,1.26937,-5.7574825,1
2.0,2,-7.0836067,8.197664,31.070593,-19.01678,0.9161657,1.26937,-5.7574825,1
2.0,2,-7.0836067,8.197664,31.070593,-19.01678,0.9161657,1.26937,-5.7574825,1
2.0,2,-7.0836067,8.197664,31.070593,-19.01678,0.9161657,1.26937,-5.7574825,1
3.0,3,1.5863883,-7.4036574,-14.396532,48.315125,-1.80116,-0.6060096,-13.344948,1
3.0,3,1.5864205,-7.4038224,-14.396601,48.31515,-1.8012689,-0.60590017,-13.344784,1
3.0,3,1.5866597,-7.403788,-14.39687,48.31447,-1.8017098,-0.6054145,-13.344888,1
3.0,3,1.5865562,-7.4034486,-14.396776,48.31464,-1.8012336,-0.60568297,-13.345299,1
3.0,3,1.5863411,-7.4033732,-14.396591,48.315266,-1.8008243,-0.60607135,-13.3453665,1
3.0,3,1.5864158,-7.403562,-14.396542,48.31507,-1.800999,-0.60593975,-13.345154,1
5.0,5,9.413908,-5.085771,-7.527084,-4.490468,-25.644917,20.773664,-11.224135,1
5.0,5,9.413756,-5.0855565,-7.5265155,-4.490897,-25.645048,20.773827,-11.2243595,1
5.0,5,9.413613,-5.0854154,-7.5263076,-4.490838,-25.645243,20.773962,-11.224544,1
5.0,5,9.413909,-5.085771,-7.527086,-4.490467,-25.644917,20.773663,-11.224134,1
5.0,5,9.41366,-5.0854645,-7.526405,-4.4908113,-25.645157,20.773895,-11.2244835,1
5.0,5,9.413927,-5.085792,-7.5271096,-4.4904704,-25.64489,20.77364,-11.224102,1
6.0,6,8.715695,-18.484793,-5.9383893,-16.69167,6.9523916,-13.674082,38.826294,1
6.0,6,8.715695,-18.484793,-5.9383893,-16.69167,6.9523916,-13.674082,38.826294,1
6.0,6,8.715695,-18.484793,-5.9383893,-16.69167,6.9523916,-13.674082,38.826294,1
6.0,6,8.715695,-18.484793,-5.9383893,-16.69167,6.9523916,-13.674082,38.826294,1
6.0,6,8.715695,-18.484793,-5.9383893,-16.69167,6.9523916,-13.674082,38.826294,1
6.0,6,8.715695,-18.484793,-5.9383893,-16.69167,6.9523916,-13.674082,38.826294,1
3.0,3,1.5936372,-7.391419,-14.413572,48.29232,-1.7930607,-0.60343945,-13.358129,1
3.0,3,1.5936332,-7.391418,-14.413565,48.292328,-1.7930559,-0.6034423,-13.3581295,1
3.0,3,1.593636,-7.3914237,-14.413572,48.292324,-1.7930623,-0.6034404,-13.358122,1
3.0,3,1.5936356,-7.3914065,-14.413565,48.292313,-1.7930549,-0.60344326,-13.358143,1
3.0,3,1.593638,-7.391416,-14.413574,48.292316,-1.7930621,-0.6034399,-13.3581295,1
3.0,3,1.5936368,-7.3914104,-14.413569,48.292313,-1.7930568,-0.60344136,-13.358138,1
5.0,5,8.6184,-5.2468996,-5.4292502,-5.1843023,-27.867504,23.047926,-11.628088,1
5.0,5,8.620883,-5.2475886,-5.429637,-5.1893864,-27.864542,23.045328,-11.626253,1
5.0,5,8.619545,-5.246795,-5.4286494,-5.1875935,-27.865738,23.046604,-11.627642,1
5.0,5,8.619894,-5.2460146,-5.4287305,-5.188582,-27.86603,23.047049,-11.629101,1
5.0,5,8.619128,-5.246095,-5.4284434,-5.187286,-27.866282,23.047125,-11.628645,1
5.0,5,8.618824,-5.2466793,-5.4287744,-5.185774,-27.866623,23.047373,-11.628146,1
6.0,6,8.524359,-17.402498,-8.223858,-14.119983,6.2838573,-12.533671,36.070984,1
6.0,6,8.524359,-17.402498,-8.223858,-14.119983,6.2838573,-12.533671,36.070984,1
6.0,6,8.524359,-17.402498,-8.223858,-14.119983,6.2838573,-12.533671,36.070984,1
6.0,6,8.524359,-17.402498,-8.223858,-14.119983,6.2838573,-12.533671,36.070984,1
6.0,6,8.524359,-17.402498,-8.223858,-14.119983,6.2838573,-12.533671,36.070984,1
6.0,6,8.524359,-17.402498,-8.223858,-14.119983,6.2838573,-12.533671,36.070984,1
6.0,6,9.742906,-20.484787,-7.0965395,-16.6279,6.8069143,-13.820651,40.86786,1
6.0,6,9.742906,-20.484787,-7.0965395,-16.6279,6.8069153,-13.820651,40.867855,1
6.0,6,9.742906,-20.484787,-7.0965395,-16.6279,6.8069153,-13.820651,40.867855,1
6.0,6,9.742906,-20.484787,-7.0965395,-16.6279,6.8069153,-13.820651,40.867855,1
6.0,6,9.742904,-20.484787,-7.096541,-16.627895,6.8069143,-13.820648,40.867855,1
6.0,6,9.742904,-20.484787,-7.096541,-16.627895,6.8069143,-13.820648,40.867855,1
1.0,1,-1.0111923,15.090483,0.3734655,-8.388836,6.161877,-4.5301433,-10.023808,1
1.0,1,-1.0111923,15.090483,0.3734655,-8.388836,6.161877,-4.5301433,-10.023808,1
1.0,1,-1.0111923,15.090483,0.3734655,-8.388836,6.161877,-4.5301433,-10.023808,1
1.0,1,-1.0111923,15.090483,0.3734655,-8.388836,6.161877,-4.5301433,-10.023808,1
1.0,1,-1.0111923,15.090483,0.3734655,-8.388836,6.161877,-4.5301433,-10.023808,1
1.0,1,-1.0111923,15.090483,0.3734655,-8.388836,6.161877,-4.5301433,-10.023808,1
2.0,2,-7.4752693,8.666214,29.87656,-17.48866,0.06992924,2.3561745,-6.6987667,1
2.0,2,-7.4752693,8.666214,29.87656,-17.48866,0.06992924,2.3561745,-6.6987667,1
2.0,2,-7.4752693,8.666214,29.87656,-17.48866,0.06992924,2.3561745,-6.6987667,1
2.0,2,-7.4752693,8.666214,29.87656,-17.48866,0.06992924,2.3561745,-6.6987667,1
2.0,2,-7.4752693,8.666214,29.87656,-17.48866,0.06992924,2.3561745,-6.6987667,1
2.0,2,-7.4752693,8.666214,29.87656,-17.48866,0.06992924,2.3561745,-6.6987667,1
5.0,5,8.170601,-3.6868567,-4.9723535,-6.4039893,-28.356903,24.00919,-13.483715,1
5.0,5,8.170595,-3.68685,-4.9723516,-6.4039583,-28.356894,24.009161,-13.483714,1
5.0,5,8.170601,-3.6868567,-4.9723535,-6.4039893,-28.356903,24.00919,-13.483715,1
5.0,5,8.170601,-3.6868567,-4.9723535,-6.4039893,-28.356903,24.00919,-13.483715,1
5.0,5,8.170601,-3.6868567,-4.9723535,-6.4039893,-28.356903,24.00919,-13.483715,1
5.0,5,8.170601,-3.6868849,-4.9723687,-6.403927,-28.35689,24.009157,-13.483683,1
3.0,3,1.6097147,-7.4311404,-14.399197,48.23826,-1.86843,-0.5920247,-13.28985,1
3.0,3,1.610039,-7.431586,-14.399214,48.237186,-1.86908,-0.5917903,-13.289104,1
3.0,3,1.6098626,-7.43148,-14.399078,48.23755,-1.868579,-0.5920278,-13.289232,1
3.0,3,1.6099558,-7.4315724,-14.399151,48.237415,-1.8689209,-0.591915,-13.28911,1
3.0,3,1.6098409,-7.4314647,-14.399113,48.23782,-1.8687669,-0.59191215,-13.289364,1
3.0,3,1.6095808,-7.4312654,-14.398837,48.238476,-1.8680013,-0.5922202,-13.289726,1
4.0,4,-1.2645063,14.173944,-0.5033835,-3.8720748,24.286,-17.856052,-3.7784734,1
4.0,4,-1.2645063,14.173944,-0.5033835,-3.8720748,24.286,-17.856052,-3.7784734,1
4.0,4,-1.2645063,14.173944,-0.5033835,-3.8720748,24.286,-17.856052,-3.7784734,1
4.0,4,-1.2645063,14.173944,-0.5033835,-3.8720748,24.286,-17.856052,-3.7784734,1
4.0,4,-1.2645063,14.173944,-0.5033835,-3.8720748,24.286,-17.856052,-3.7784734,1
4.0,4,-1.2645063,14.173944,-0.5033835,-3.8720748,24.286,-17.856052,-3.7784734,1
6.0,6,10.046232,-20.991919,-6.571902,-17.392866,6.938404,-14.144025,41.59201,1
6.0,6,10.046232,-20.991919,-6.571902,-17.392866,6.938404,-14.144025,41.59201,1
6.0,6,10.046232,-20.991919,-6.571902,-17.392866,6.938404,-14.144025,41.59201,1
6.0,6,10.046232,-20.991919,-6.571902,-17.392866,6.938404,-14.144025,41.59201,1
6.0,6,10.046232,-20.991919,-6.571902,-17.392866,6.938404,-14.144025,41.59201,1
6.0,6,10.046232,-20.991919,-6.571902,-17.392866,6.938404,-14.144025,41.59201,1
6.0,6,10.11982,-21.083424,-6.422799,-17.408676,6.8815346,-14.115359,41.498863,1
6.0,6,10.1198435,-21.08344,-6.422871,-17.408756,6.8814783,-14.11534,41.498928,1
6.0,6,10.119898,-21.083485,-6.4229283,-17.408916,6.88136,-14.115295,41.49902,1
6.0,6,10.120038,-21.08369,-6.423091,-17.408752,6.8811665,-14.115156,41.49893,1
6.0,6,10.119971,-21.083603,-6.422992,-17.4088,6.881248,-14.115208,41.498936,1
6.0,6,10.119902,-21.083523,-6.422902,-17.408722,6.881384,-14.115275,41.49889,1
4.0,4,-1.2874923,14.016251,-0.54021025,-4.1197042,25.14713,-18.586525,-2.7289205,1
4.0,4,-1.2874923,14.016251,-0.54021025,-4.1197042,25.14713,-18.586525,-2.7289205,1
4.0,4,-1.2874923,14.016251,-0.54021025,-4.1197042,25.14713,-18.586525,-2.7289205,1
4.0,4,-1.2874923,14.016251,-0.54021025,-4.1197042,25.14713,-18.586525,-2.7289205,1
4.0,4,-1.2874923,14.016251,-0.54021025,-4.1197042,25.14713,-18.586525,-2.7289205,1
4.0,4,-1.2874923,14.016251,-0.54021025,-4.1197042,25.14713,-18.586525,-2.7289205,1
0.0,0,11.149706,-5.8531756,-11.648872,-10.183826,-8.55526,5.537526,0.36017466,1
0.0,0,11.149706,-5.8531756,-11.648872,-10.183826,-8.55526,5.537526,0.36017466,1
0.0,0,11.149706,-5.8531756,-11.648872,-10.183826,-8.55526,5.537526,0.36017466,1
0.0,0,11.149706,-5.8531756,-11.648872,-10.183826,-8.55526,5.537526,0.36017466,1
0.0,0,11.149706,-5.8531756,-11.648872,-10.183826,-8.55526,5.537526,0.36017466,1
0.0,0,11.149706,-5.8531756,-11.648872,-10.183826,-8.55526,5.537526,0.36017466,1
3.0,3,1.6008954,-7.4430594,-14.398722,48.263157,-1.8300616,-0.61337316,-13.271158,1
3.0,3,1.6008976,-7.4430585,-14.398723,48.263145,-1.8300651,-0.61337316,-13.271153,1
3.0,3,1.6008973,-7.4430614,-14.398721,48.263145,-1.8300658,-0.6133748,-13.271149,1
3.0,3,1.6008954,-7.4430556,-14.398722,48.263165,-1.8300604,-0.6133748,-13.271163,1
3.0,3,1.6008973,-7.4430623,-14.398723,48.263145,-1.830068,-0.613371,-13.271151,1
3.0,3,1.600898,-7.4430633,-14.398721,48.263145,-1.8300666,-0.61337364,-13.271149,1
3.0,3,1.6135211,-7.43496,-14.403122,48.25308,-1.8302578,-0.60519755,-13.294113,1
3.0,3,1.6135442,-7.4349885,-14.403137,48.253002,-1.8303181,-0.6051589,-13.294071,1
3.0,3,1.6135609,-7.4350505,-14.403128,48.252953,-1.8303679,-0.6051384,-13.293985,1
3.0,3,1.6135354,-7.4349732,-14.403158,48.25303,-1.8303083,-0.60515535,-13.294093,1
3.0,3,1.6135166,-7.434918,-14.403133,48.25308,-1.8302518,-0.6051897,-13.294167,1
3.0,3,1.6135337,-7.4349847,-14.403164,48.25302,-1.8303303,-0.60513246,-13.294077,1
2.0,2,-7.2619276,8.707175,30.479122,-18.472364,0.93322,1.4201492,-6.192113,1
2.0,2,-7.2619276,8.707175,30.479122,-18.472364,0.93322,1.4201492,-6.192113,1
2.0,2,-7.2619276,8.707175,30.479122,-18.472364,0.93322,1.4201492,-6.192113,1
2.0,2,-7.2619276,8.707175,30.479122,-18.472364,0.93322,1.4201492,-6.192113,1
2.0,2,-7.2619276,8.707175,30.479122,-18.472364,0.93322,1.4201492,-6.192113,1
2.0,2,-7.2619276,8.707175,30.479122,-18.472364,0.93322,1.4201492,-6.192113,1
4.0,4,-1.8046496,14.592754,-0.9264183,-2.6802173,26.67493,-19.600893,-2.8910632,1
4.0,4,-1.8046496,14.592754,-0.9264183,-2.6802173,26.67493,-19.600893,-2.8910632,1
4.0,4,-1.8046496,14.592754,-0.9264183,-2.6802173,26.67493,-19.600893,-2.8910632,1
4.0,4,-1.8046496,14.592754,-0.9264183,-2.6802173,26.67493,-19.600893,-2.8910632,1
4.0,4,-1.8046496,14.592754,-0.9264183,-2.6802173,26.67493,-19.600893,-2.8910632,1
4.0,4,-1.8046496,14.592754,-0.9264183,-2.6802173,26.67493,-19.600893,-2.8910632,1
0.0,0,11.315341,-5.35831,-12.0227,-10.473444,-7.237664,4.3660126,0.5499525,1
0.0,0,11.317611,-5.3630447,-12.020507,-10.467341,-7.2421646,4.3692307,0.5447655,1
0.0,0,11.315467,-5.356276,-12.027775,-10.473244,-7.2333746,4.362033,0.5525873,1
0.0,0,11.31658,-5.3601956,-12.024858,-10.468994,-7.237955,4.3656693,0.54880357,1
0.0,0,11.317249,-5.362105,-12.023505,-10.466212,-7.2395735,4.3668222,0.546541,1
0.0,0,11.317606,-5.361823,-12.02529,-10.466265,-7.237623,4.3648543,0.5480149,1
0.0,0,10.9679985,-5.9646544,-11.649444,-9.29718,-7.172907,4.200002,1.273437,1
0.0,0,10.967961,-5.964646,-11.649574,-9.297096,-7.172827,4.1999297,1.2735419,1
0.0,0,10.968363,-5.965846,-11.64846,-9.295987,-7.1743336,4.201216,1.2721443,1
0.0,0,10.968256,-5.96534,-11.649046,-9.296463,-7.1737156,4.200662,1.2727683,1
0.0,0,10.968361,-5.9659753,-11.648449,-9.296032,-7.174206,4.2010455,1.2725029,1
0.0,0,10.968119,-5.965365,-11.648899,-9.296595,-7.1736374,4.2006226,1.273061,1
2.0,2,-7.0976562,8.231925,30.846535,-18.4049,0.29080832,1.8737117,-6.1880226,1
2.0,2,-7.0976562,8.231925,30.846535,-18.4049,0.29080832,1.8737117,-6.1880226,1
2.0,2,-7.0976562,8.231925,30.846535,-18.4049,0.29080832,1.8737117,-6.1880226,1
2.0,2,-7.0976562,8.231925,30.846535,-18.4049,0.29080832,1.8737117,-6.1880226,1
2.0,2,-7.0976562,8.231925,30.846535,-18.4049,0.29080832,1.8737117,-6.1880226,1
2.0,2,-7.0976562,8.231925,30.846535,-18.4049,0.29080832,1.8737117,-6.1880226,1
6.0,6,10.372205,-21.49002,-6.815752,-17.236916,6.506709,-13.886243,41.559654,1
6.0,6,10.372205,-21.49002,-6.815752,-17.236916,6.506709,-13.886243,41.559654,1
6.0,6,10.372205,-21.490023,-6.815752,-17.236916,6.5067077,-13.886242,41.559654,1
6.0,6,10.372205,-21.49002,-6.815752,-17.236916,6.506709,-13.886243,41.559654,1
6.0,6,10.372205,-21.49002,-6.815752,-17.236916,6.506709,-13.886243,41.559654,1
6.0,6,10.372205,-21.490023,-6.815752,-17.236916,6.5067077,-13.886242,41.559654,1
6.0,6,10.3598175,-21.394993,-6.895624,-17.256142,6.3521137,-13.773354,41.4508,1
6.0,6,10.359824,-21.395002,-6.895618,-17.25613,6.3521247,-13.773365,41.450798,1
6.0,6,10.359754,-21.394903,-6.8955235,-17.256218,6.3522243,-13.773439,41.45085,1
6.0,6,10.359828,-21.39501,-6.8956265,-17.256123,6.35211,-13.773352,41.450794,1
6.0,6,10.359828,-21.395008,-6.8956356,-17.25612,6.35211,-13.773352,41.45079,1
6.0,6,10.359821,-21.395,-6.895612,-17.256145,6.352128,-13.773369,41.450813,1
1.0,1,-1.630034,14.57732,1.5686326,-8.156681,5.1067953,-3.6583047,-9.533761,1
1.0,1,-1.6300342,14.57732,1.568633,-8.156681,5.1067967,-3.6583056,-9.533761,1
1.0,1,-1.630029,14.577311,1.5686241,-8.156679,5.10681,-3.6583166,-9.533745,1
1.0,1,-1.630034,14.57732,1.5686326,-8.156681,5.1067953,-3.6583047,-9.533761,1
1.0,1,-1.630034,14.57732,1.5686327,-8.156681,5.1067953,-3.6583047,-9.533761,1
1.0,1,-1.630034,14.57732,1.5686326,-8.156681,5.1067953,-3.6583047,-9.533761,1
0.0,0,11.435838,-5.9767714,-12.309536,-9.521555,-7.4177647,4.4621286,0.77821517,1
0.0,0,11.435848,-5.9768114,-12.309485,-9.52162,-7.4178305,4.4621725,0.7782531,1
0.0,0,11.435833,-5.9767237,-12.309558,-9.521593,-7.4176598,4.462043,0.77825904,1
0.0,0,11.435793,-5.9767113,-12.309426,-9.52161,-7.4177876,4.4621835,0.77812886,1
0.0,0,11.43582,-5.976741,-12.309512,-9.521635,-7.417733,4.462106,0.7782552,1
0.0,0,11.435809,-5.976748,-12.309534,-9.521631,-7.4176674,4.462041,0.7783227,1
5.0,5,9.536724,-5.4516673,-6.5961547,-9.095247,-18.792778,14.584476,-5.0342083,1
5.0,5,9.537561,-5.4525285,-6.5956593,-9.096661,-18.792046,14.583632,-5.03311,1
5.0,5,9.537724,-5.4530125,-6.5951886,-9.096691,-18.792633,14.584089,-5.0331755,1
5.0,5,9.538248,-5.453637,-6.5949264,-9.096875,-18.79301,14.584256,-5.033181,1
5.0,5,9.537735,-5.4530983,-6.5956244,-9.09525,-18.79254,14.583553,-5.033264,1
5.0,5,9.5374155,-5.452369,-6.595884,-9.09686,-18.791063,14.582908,-5.0326586,1
0.0,0,10.80503,-5.8750963,-11.728639,-9.108404,-7.612812,4.8645296,0.73096156,1
0.0,0,10.80503,-5.8750963,-11.728639,-9.108404,-7.612812,4.8645296,0.73096156,1
0.0,0,10.80503,-5.8750963,-11.728639,-9.108404,-7.612812,4.8645296,0.73096156,1
0.0,0,10.80503,-5.8750963,-11.728639,-9.108404,-7.612812,4.8645296,0.73096156,1
0.0,0,10.80503,-5.8750963,-11.728639,-9.108404,-7.612812,4.8645296,0.73096156,1
0.0,0,10.80503,-5.8750963,-11.728639,-9.108404,-7.612812,4.8645296,0.73096156,1
3.0,3,1.5801938,-7.349151,-14.3980465,48.306557,-1.7762731,-0.60788167,-13.411943,1
3.0,3,1.5801957,-7.3492713,-14.398058,48.306614,-1.776322,-0.6078414,-13.411821,1
3.0,3,1.5802221,-7.3494325,-14.398177,48.306755,-1.7763494,-0.6078669,-13.41164,1
3.0,3,1.5802319,-7.349625,-14.398163,48.306824,-1.7764391,-0.6078564,-13.411412,1
3.0,3,1.5802085,-7.349422,-14.398115,48.306732,-1.776373,-0.607849,-13.41165,1
3.0,3,1.5802,-7.3493237,-14.39805,48.306652,-1.7763563,-0.6078683,-13.411745,1
3.0,3,1.6043715,-7.424521,-14.378725,48.2681,-1.8318218,-0.6167244,-13.304764,1
3.0,3,1.6043775,-7.42458,-14.378702,48.268032,-1.8318688,-0.6167134,-13.30466,1
3.0,3,1.6043625,-7.424604,-14.378658,48.268085,-1.8318542,-0.6167158,-13.30465,1
3.0,3,1.6043887,-7.424538,-14.378702,48.268063,-1.8318216,-0.6167308,-13.304741,1
3.0,3,1.6043706,-7.4245486,-14.378716,48.26807,-1.8318251,-0.6167351,-13.3047085,1
3.0,3,1.604341,-7.4246564,-14.37862,48.268105,-1.8318719,-0.61671364,-13.304575,1
0.0,0,11.451248,-5.699286,-12.121629,-9.930664,-7.3112774,4.4030867,0.38850498,1
0.0,0,11.451248,-5.699286,-12.121629,-9.930664,-7.3112774,4.4030867,0.38850498,1
0.0,0,11.451247,-5.6992893,-12.121624,-9.930661,-7.311281,4.403091,0.38850164,1
0.0,0,11.451245,-5.6992817,-12.121618,-9.930678,-7.3112764,4.403088,0.38850427,1
0.0,0,11.451244,-5.699278,-12.121622,-9.930683,-7.3112736,4.403085,0.38850737,1
0.0,0,11.451243,-5.699278,-12.121622,-9.930682,-7.3112726,4.4030843,0.38850784,1
0.0,0,11.606628,-5.847896,-12.556606,-9.802129,-7.157233,4.1720085,0.802253,1
0.0,0,11.606601,-5.847861,-12.556544,-9.802193,-7.157303,4.1720867,0.80220723,1
0.0,0,11.606581,-5.8478374,-12.556559,-9.802213,-7.1572666,4.172059,0.8022516,1
0.0,0,11.606596,-5.8478546,-12.55655,-9.802199,-7.1572723,4.17206,0.80223703,1
0.0,0,11.606635,-5.8478622,-12.556692,-9.802118,-7.1571712,4.171951,0.80228996,1
0.0,0,11.606634,-5.8478494,-12.556702,-9.802124,-7.15716,4.1719427,0.80228424,1
0.0,0,11.216532,-5.8053775,-11.974604,-9.308001,-7.128564,4.4156365,0.58076406,1
0.0,0,11.216651,-5.8047233,-11.975541,-9.307972,-7.12763,4.4147544,0.5806973,1
0.0,0,11.216466,-5.804999,-11.974805,-9.3082485,-7.128153,4.415325,0.5808337,1
0.0,0,11.216578,-5.805399,-11.974721,-9.307917,-7.1281204,4.415217,0.5810151,1
0.0,0,11.216501,-5.805032,-11.974998,-9.307882,-7.12776,4.4149895,0.5809591,1
0.0,0,11.216482,-5.805338,-11.974683,-9.307875,-7.1281796,4.415342,0.5810635,1
6.0,6,10.22745,-21.21265,-6.754821,-17.32808,6.6472473,-13.979095,41.524624,1
6.0,6,10.22745,-21.21265,-6.7548203,-17.32808,6.6472473,-13.9790945,41.524628,1
6.0,6,10.227464,-21.21267,-6.7548366,-17.328072,6.6472254,-13.97908,41.52462,1
6.0,6,10.227467,-21.212671,-6.7548356,-17.328072,6.647227,-13.979081,41.524624,1
6.0,6,10.227475,-21.212679,-6.754847,-17.328094,6.6471987,-13.979068,41.52463,1
6.0,6,10.227464,-21.21267,-6.75484,-17.328064,6.6472282,-13.979082,41.524616,1
6.0,6,9.86939,-20.705484,-6.346806,-17.574852,7.314864,-14.431872,41.69856,1
6.0,6,9.86939,-20.705484,-6.346806,-17.574852,7.314864,-14.431872,41.69856,1
6.0,6,9.86939,-20.705484,-6.346806,-17.574852,7.314864,-14.431872,41.69856,1
6.0,6,9.86939,-20.705484,-6.346806,-17.574852,7.314864,-14.431872,41.69856,1
6.0,6,9.86939,-20.705484,-6.346806,-17.574852,7.314864,-14.431872,41.69856,1
6.0,6,9.86939,-20.705484,-6.346806,-17.574852,7.314864,-14.431872,41.69856,1
0.0,0,11.249415,-6.7466016,-11.953813,-9.696558,-7.883106,4.714491,1.9227097,1
0.0,0,11.249415,-6.7466016,-11.953813,-9.696558,-7.883106,4.714491,1.9227097,1
0.0,0,11.249415,-6.7466016,-11.953813,-9.696558,-7.883106,4.714491,1.9227097,1
0.0,0,11.249415,-6.7466016,-11.953813,-9.696558,-7.883106,4.714491,1.9227097,1
0.0,0,11.249415,-6.7466016,-11.953813,-9.696558,-7.883106,4.714491,1.9227097,1
0.0,0,11.249415,-6.7466016,-11.953813,-9.696558,-7.883106,4.714491,1.9227097,1
3.0,3,1.5877068,-7.4191346,-14.370653,48.296375,-1.8071386,-0.6218606,-13.312632,1
3.0,3,1.587698,-7.4191337,-14.370659,48.29643,-1.8071209,-0.62186754,-13.312644,1
3.0,3,1.5876999,-7.4191337,-14.370646,48.29641,-1.8071178,-0.62187254,-13.312635,1
3.0,3,1.5876913,-7.4191184,-14.370659,48.296444,-1.8070992,-0.6218816,-13.31266,1
3.0,3,1.5877037,-7.419146,-14.370644,48.2964,-1.8071243,-0.621874,-13.312618,1
3.0,3,1.5876887,-7.4191127,-14.370653,48.296463,-1.8070825,-0.62188876,-13.312673,1
0.0,0,11.417046,-5.743505,-12.33611,-10.016054,-7.519124,4.540209,0.7732427,1
0.0,0,11.417053,-5.7434,-12.336316,-10.016103,-7.5189915,4.5400877,0.77335715,1
0.0,0,11.417014,-5.7433624,-12.336287,-10.01614,-7.519023,4.5401278,0.77334905,1
0.0,0,11.41701,-5.7434216,-12.336228,-10.016083,-7.519023,4.540125,0.7733462,1
0.0,0,11.417012,-5.7434287,-12.336233,-10.016078,-7.5189953,4.540098,0.7733619,1
0.0,0,11.417015,-5.7434664,-12.336174,-10.016092,-7.519103,4.540187,0.7733443,1
6.0,6,10.172985,-21.18011,-6.593402,-17.48558,6.795353,-14.108929,41.69621,1
6.0,6,10.172985,-21.18011,-6.593402,-17.48558,6.795353,-14.108929,41.69621,1
6.0,6,10.172985,-21.18011,-6.593402,-17.48558,6.795353,-14.108929,41.69621,1
6.0,6,10.172985,-21.18011,-6.593402,-17.48558,6.795353,-14.108929,41.69621,1
6.0,6,10.172985,-21.18011,-6.593402,-17.48558,6.795353,-14.108929,41.69621,1
6.0,6,10.172985,-21.18011,-6.593402,-17.48558,6.795353,-14.108929,41.69621,1
1.0,1,-1.412163,12.344599,2.086081,-6.9032025,5.3623614,-4.1895494,-7.1513596,1
1.0,1,-1.4121392,12.344633,2.0860355,-6.903219,5.3624334,-4.189613,-7.1513796,1
1.0,1,-1.412163,12.344599,2.086081,-6.9032025,5.3623614,-4.1895494,-7.1513596,1
1.0,1,-1.4121368,12.344599,2.0860193,-6.9032626,5.3624043,-4.1895494,-7.1513376,1
1.0,1,-1.4122531,12.34482,2.0859692,-6.903416,5.3619733,-4.1890063,-7.1516914,1
1.0,1,-1.412163,12.344599,2.086081,-6.9032025,5.3623614,-4.1895494,-7.1513596,1
5.0,5,4.539961,-1.5018029,0.6830447,-11.994502,-13.920959,12.087696,-3.3802733,1
5.0,5,4.5398703,-1.5017347,0.68306017,-11.994291,-13.921099,12.087873,-3.3804765,1
5.0,5,4.539961,-1.5017986,0.6830244,-11.994506,-13.920969,12.087705,-3.3802724,1
5.0,5,4.539858,-1.5017033,0.6832019,-11.994566,-13.920787,12.087587,-3.3802276,1
5.0,5,4.53982,-1.5016677,0.6832597,-11.994626,-13.920714,12.087544,-3.380188,1
5.0,5,4.539793,-1.501643,0.6833117,-11.994498,-13.920661,12.087481,-3.3802366,1
2.0,2,-7.5452986,8.620539,29.300465,-18.491493,0.026153684,2.556336,-5.702626,1
2.0,2,-7.5452986,8.620539,29.300465,-18.491493,0.026153684,2.556336,-5.702626,1
2.0,2,-7.5452986,8.620541,29.300457,-18.491493,0.026152015,2.5563374,-5.702627,1
2.0,2,-7.5452986,8.620539,29.300465,-18.491493,0.026153684,2.556336,-5.702626,1
2.0,2,-7.5452986,8.620539,29.300465,-18.491493,0.026153684,2.556336,-5.702626,1
2.0,2,-7.5452986,8.620541,29.300457,-18.491493,0.026152015,2.5563374,-5.702627,1
3.0,3,1.5871933,-7.437488,-14.357836,48.3101,-1.7908164,-0.6428176,-13.288494,1
3.0,3,1.5871351,-7.4374995,-14.357824,48.310223,-1.7908033,-0.6427809,-13.288507,1
3.0,3,1.5870795,-7.4373727,-14.357996,48.310455,-1.7908014,-0.6426972,-13.288727,1
3.0,3,1.5870471,-7.437305,-14.358019,48.3106,-1.790721,-0.6427294,-13.288841,1
3.0,3,1.5871263,-7.4373775,-14.357869,48.310345,-1.7906784,-0.64285433,-13.288681,1
3.0,3,1.5871737,-7.4375567,-14.35779,48.310005,-1.7908736,-0.6427926,-13.2883625,1
0.0,0,10.834978,-5.6538696,-11.971678,-9.876604,-7.950904,5.032468,0.90130925,1
0.0,0,10.834929,-5.6538024,-11.971957,-9.876442,-7.950691,5.032284,0.9014511,1
0.0,0,10.834868,-5.6536627,-11.971935,-9.876616,-7.9507008,5.0323277,0.901453,1
0.0,0,10.834932,-5.6538067,-11.97195,-9.876432,-7.9507017,5.0322933,0.9014356,1
0.0,0,10.834991,-5.6539083,-11.971775,-9.876514,-7.9508305,5.032385,0.90138555,1
0.0,0,10.834921,-5.653792,-11.971955,-9.876471,-7.9506845,5.0322804,0.90147376,1
4.0,4,-1.6090302,14.031363,0.08721146,-3.633747,25.99263,-18.866632,-2.7430778,1
4.0,4,-1.6090302,14.031363,0.08721146,-3.633747,25.99263,-18.866632,-2.7430778,1
4.0,4,-1.6090302,14.031363,0.08721146,-3.633747,25.99263,-18.866632,-2.7430778,1
4.0,4,-1.6090302,14.031363,0.08721146,-3.633747,25.99263,-18.866632,-2.7430778,1
4.0,4,-1.6090302,14.031363,0.08721146,-3.633747,25.99263,-18.866632,-2.7430778,1
4.0,4,-1.6090302,14.031363,0.08721146,-3.633747,25.99263,-18.866632,-2.7430778,1
5.0,5,6.30898,-2.682116,-1.4177628,-3.5788636,-22.690132,20.671562,-13.461564,1
5.0,5,6.3090134,-2.6820874,-1.4175186,-3.5788734,-22.690275,20.671673,-13.461779,1
5.0,5,6.3090134,-2.6820874,-1.4175186,-3.5788734,-22.690275,20.671673,-13.461779,1
5.0,5,6.3090134,-2.6820874,-1.4175186,-3.5788734,-22.690275,20.671673,-13.461779,1
5.0,5,6.3090134,-2.6820874,-1.4175186,-3.5788734,-22.690275,20.671673,-13.461779,1
5.0,5,6.3090134,-2.6820874,-1.4175186,-3.5788734,-22.690275,20.671673,-13.461779,1
0.0,0,11.17751,-5.392422,-11.88872,-9.872171,-7.7055397,4.9145584,0.045051813,1
0.0,0,11.17751,-5.392422,-11.88872,-9.872171,-7.7055397,4.9145584,0.045051813,1
0.0,0,11.17751,-5.392422,-11.88872,-9.872171,-7.7055397,4.9145584,0.045051813,1
0.0,0,11.177512,-5.392422,-11.88872,-9.872173,-7.7055473,4.914563,0.045048475,1
0.0,0,11.17751,-5.392422,-11.88872,-9.872171,-7.7055397,4.9145584,0.045051813,1
0.0,0,11.17751,-5.392422,-11.88872,-9.872171,-7.7055397,4.9145584,0.045051813,1
0.0,0,10.706039,-4.2658687,-11.955499,-11.080087,-6.8850536,4.276029,0.50085735,1
0.0,0,10.706039,-4.2658687,-11.955499,-11.080087,-6.8850536,4.276029,0.50085735,1
0.0,0,10.706039,-4.2658687,-11.955499,-11.080087,-6.8850536,4.276029,0.50085735,1
0.0,0,10.706039,-4.2658687,-11.955499,-11.080087,-6.8850536,4.276029,0.50085735,1
0.0,0,10.706039,-4.2658687,-11.955499,-11.080087,-6.8850536,4.276029,0.50085735,1
0.0,0,10.706039,-4.2658687,-11.955499,-11.080087,-6.8850536,4.276029,0.50085735,1
4.0,4,-1.3779597,14.417482,-1.2801342,-3.821613,25.495813,-18.999498,-2.7531443,1
4.0,4,-1.3779597,14.417482,-1.2801342,-3.821613,25.495813,-18.999498,-2.7531443,1
4.0,4,-1.3779597,14.417482,-1.2801342,-3.821613,25.495813,-18.999498,-2.7531443,1
4.0,4,-1.3779597,14.417482,-1.2801342,-3.821613,25.495813,-18.999498,-2.7531443,1
4.0,4,-1.3779597,14.417482,-1.2801342,-3.821613,25.495813,-18.999498,-2.7531443,1
4.0,4,-1.3779597,14.417482,-1.2801342,-3.821613,25.495813,-18.999498,-2.7531443,1
5.0,5,8.592144,-3.908834,-6.10415,-5.3766356,-26.175089,21.608288,-12.464719,1
5.0,5,8.592144,-3.908834,-6.10415,-5.3766356,-26.175089,21.608288,-12.464719,1
5.0,5,8.592144,-3.908834,-6.10415,-5.3766356,-26.175089,21.608288,-12.464719,1
5.0,5,8.592144,-3.908834,-6.10415,-5.3766356,-26.175089,21.608288,-12.464719,1
5.0,5,8.592144,-3.908834,-6.10415,-5.3766356,-26.175089,21.608288,-12.464719,1
5.0,5,8.592144,-3.908834,-6.10415,-5.3766356,-26.175089,21.608288,-12.464719,1
3.0,3,1.6869016,-7.376803,-14.470255,47.942524,-1.9375991,-0.4722737,-13.350256,1
3.0,3,1.686923,-7.3767676,-14.470282,47.94242,-1.9375864,-0.47222412,-13.350306,1
3.0,3,1.6869023,-7.3768086,-14.470276,47.942547,-1.937558,-0.47226822,-13.350266,1
3.0,3,1.6868923,-7.376846,-14.470264,47.942616,-1.9375657,-0.4722923,-13.350221,1
3.0,3,1.6868858,-7.3768125,-14.470247,47.9426,-1.9375929,-0.47231042,-13.350241,1
3.0,3,1.6869068,-7.3767915,-14.470263,47.94248,-1.9376503,-0.4722532,-13.350254,1
3.0,3,1.6177993,-7.4039264,-14.437582,48.216507,-1.8044945,-0.56096685,-13.348843,1
3.0,3,1.6178689,-7.4039035,-14.437619,48.21618,-1.8047346,-0.5608603,-13.348804,1
3.0,3,1.6178188,-7.4038777,-14.43758,48.216434,-1.804418,-0.56093705,-13.348933,1
3.0,3,1.6177588,-7.403854,-14.437519,48.21649,-1.8047043,-0.56099665,-13.348843,1
3.0,3,1.6175399,-7.40373,-14.437305,48.21727,-1.8042921,-0.56136477,-13.349054,1
3.0,3,1.6178463,-7.4039083,-14.43763,48.216278,-1.804721,-0.560902,-13.348791,1
5.0,5,8.500707,-4.053202,-4.764251,-7.2999067,-27.658993,23.198265,-12.476631,1
5.0,5,8.500713,-4.053205,-4.764255,-7.299922,-27.658978,23.19826,-12.476624,1
5.0,5,8.500742,-4.053183,-4.764334,-7.299925,-27.658941,23.198254,-12.476664,1
5.0,5,8.500727,-4.0531664,-4.7642665,-7.2999744,-27.658985,23.198298,-12.47669,1
5.0,5,8.500717,-4.0531583,-4.7642503,-7.2999825,-27.658989,23.198303,-12.476696,1
5.0,5,8.500714,-4.0531535,-4.7642465,-7.2999816,-27.658989,23.198301,-12.476701,1
3.0,3,1.7631407,-7.658012,-14.513041,47.87733,-2.0310745,-0.43048584,-13.009729,1
3.0,3,1.7652764,-7.6607633,-14.513711,47.87039,-2.0358124,-0.42793977,-13.005439,1
3.0,3,1.7675977,-7.664043,-14.513966,47.864216,-2.039555,-0.42555773,-13.001162,1
3.0,3,1.7708824,-7.6671233,-14.5195675,47.859806,-2.0391555,-0.4227506,-12.998568,1
3.0,3,1.7636893,-7.658649,-14.513365,47.875404,-2.032466,-0.42977202,-13.008618,1
3.0,3,1.7660537,-7.6620965,-14.513064,47.86788,-2.0375237,-0.4272884,-13.003511,1
0.0,0,10.82547,-4.825225,-10.732812,-11.665208,-7.2171154,4.5904493,0.60482144,1
0.0,0,10.825424,-4.8250546,-10.73307,-11.665224,-7.217269,4.59062,0.6046846,1
0.0,0,10.825179,-4.824206,-10.734016,-11.665901,-7.2159815,4.5895357,0.60572267,1
0.0,0,10.8253355,-4.8247986,-10.733494,-11.665699,-7.2165546,4.5900335,0.6054499,1
0.0,0,10.82491,-4.8248363,-10.732101,-11.666047,-7.216715,4.590291,0.60550475,1
0.0,0,10.825344,-4.8252225,-10.732546,-11.665785,-7.216896,4.590353,0.60544753,1
2.0,2,-7.257616,8.400639,30.80425,-18.378277,0.701604,1.5929703,-5.9591084,1
2.0,2,-7.257616,8.400639,30.80425,-18.378277,0.701604,1.5929703,-5.9591084,1
2.0,2,-7.257616,8.400639,30.80425,-18.378277,0.701604,1.5929703,-5.9591084,1
2.0,2,-7.257616,8.400639,30.80425,-18.378277,0.701604,1.5929703,-5.9591084,1
2.0,2,-7.257616,8.400639,30.80425,-18.378277,0.701604,1.5929703,-5.9591084,1
2.0,2,-7.257616,8.400639,30.80425,-18.378277,0.701604,1.5929703,-5.9591084,1
0.0,5,9.403942,-5.01434,-7.6227927,-4.799604,-25.345905,20.513433,-10.907074,0
0.0,5,9.403992,-5.0143833,-7.622741,-4.799644,-25.345821,20.513319,-10.907013,0
0.0,5,9.403992,-5.0143833,-7.622741,-4.799644,-25.345821,20.513319,-10.907013,0
0.0,5,9.403992,-5.0143833,-7.622741,-4.799644,-25.345821,20.513319,-10.907013,0
0.0,5,9.403992,-5.0143833,-7.622741,-4.799644,-25.345821,20.513319,-10.907013,0
0.0,5,9.403992,-5.0143833,-7.622741,-4.799644,-25.345821,20.513319,-10.907013,0
1.0,1,-1.1176021,14.804512,0.5909133,-8.840673,5.704259,-3.9860296,-9.617923,1
1.0,1,-1.1175966,14.804508,0.5909053,-8.840675,5.704264,-3.986034,-9.617918,1
1.0,1,-1.1175888,14.804506,0.5908979,-8.840721,5.704234,-3.9859881,-9.617923,1
1.0,1,-1.1175969,14.804522,0.59089303,-8.840637,5.7042704,-3.9860497,-9.617937,1
1.0,1,-1.1175911,14.804508,0.59090567,-8.840723,5.704237,-3.985992,-9.617919,1
1.0,1,-1.11762,14.804516,0.59095335,-8.8406105,5.704253,-3.9860516,-9.617941,1
0.0,0,11.470014,-5.933376,-12.310019,-9.108273,-6.9905415,4.126841,0.5227182,1
0.0,0,11.470014,-5.933376,-12.310019,-9.108273,-6.9905415,4.126841,0.5227182,1
0.0,0,11.470014,-5.933376,-12.310019,-9.108273,-6.9905415,4.126841,0.5227182,1
0.0,0,11.470014,-5.933376,-12.310019,-9.108273,-6.9905415,4.126841,0.5227182,1
0.0,0,11.470014,-5.933376,-12.310019,-9.108273,-6.9905415,4.126841,0.5227182,1
0.0,0,11.470014,-5.933376,-12.310019,-9.108273,-6.9905415,4.126841,0.5227182,1
1.0,1,-1.6658621,14.903082,0.6570853,-6.9945207,6.275721,-4.6922812,-9.598505,1
1.0,1,-1.6658647,14.90308,0.65709317,-6.994523,6.2757125,-4.692275,-9.598503,1
1.0,1,-1.6658647,14.90308,0.65709317,-6.994523,6.2757125,-4.692275,-9.598503,1
1.0,1,-1.6658647,14.90308,0.65709317,-6.994523,6.2757125,-4.692275,-9.598503,1
1.0,1,-1.6658647,14.90308,0.65709317,-6.994523,6.2757125,-4.692275,-9.598503,1
1.0,1,-1.6658647,14.90308,0.65709317,-6.994523,6.2757125,-4.692275,-9.598503,1
3.0,3,1.5843182,-7.4349256,-14.377617,48.33083,-1.7900244,-0.62551653,-13.303421,1
3.0,3,1.5843179,-7.4349236,-14.377617,48.33083,-1.7900246,-0.62551486,-13.303422,1
3.0,3,1.5843182,-7.4349256,-14.377616,48.33083,-1.7900239,-0.62551653,-13.303421,1
3.0,3,1.5843179,-7.4349236,-14.377617,48.33083,-1.7900246,-0.62551486,-13.303422,1
3.0,3,1.5843179,-7.4349236,-14.377617,48.33083,-1.7900246,-0.62551486,-13.303422,1
3.0,3,1.5843177,-7.4349246,-14.377616,48.33083,-1.7900239,-0.62551653,-13.303421,1
1.0,1,-2.0712287,13.291763,2.3442745,-7.168043,3.5602112,-2.5876255,-8.587525,1
1.0,1,-2.071233,13.291771,2.3442771,-7.168045,3.5602045,-2.5876188,-8.587535,1
1.0,1,-2.0712287,13.291765,2.3442736,-7.168044,3.5602112,-2.587626,-8.587524,1
1.0,1,-2.0712533,13.291725,2.3443851,-7.1679993,3.560207,-2.5876307,-8.587509,1
1.0,1,-2.071233,13.291771,2.3442779,-7.1680427,3.560203,-2.5876179,-8.587536,1
1.0,1,-2.0712287,13.291765,2.3442736,-7.168044,3.5602112,-2.587626,-8.587524,1
4.0,4,-1.6817982,14.1995945,-0.4942055,-3.6306396,26.644405,-19.231506,-2.4775803,1
4.0,4,-1.6817982,14.1995945,-0.4942055,-3.6306396,26.644405,-19.231506,-2.4775803,1
4.0,4,-1.6817982,14.1995945,-0.4942055,-3.6306396,26.644405,-19.231506,-2.4775803,1
4.0,4,-1.6817982,14.1995945,-0.4942055,-3.6306396,26.644405,-19.231506,-2.4775803,1
4.0,4,-1.6817982,14.1995945,-0.4942055,-3.6306396,26.644405,-19.231506,-2.4775803,1
4.0,4,-1.6817982,14.1995945,-0.4942055,-3.6306396,26.644405,-19.231506,-2.4775803,1
3.0,3,1.6092429,-7.346785,-14.332045,48.0834,-1.8921603,-0.5265852,-13.392117,1
3.0,3,1.6038597,-7.3261037,-14.320393,48.0694,-1.8894061,-0.52049077,-13.41679,1
3.0,3,1.6101766,-7.3531194,-14.336869,48.090084,-1.89321,-0.52773416,-13.384775,1
3.0,3,1.6080263,-7.340531,-14.329056,48.07817,-1.8920604,-0.5244237,-13.399449,1
3.0,3,1.6059575,-7.3326564,-14.324434,48.07268,-1.8909708,-0.5217339,-13.408989,1
3.0,3,1.6075768,-7.3448405,-14.332285,48.0871,-1.8905038,-0.5267414,-13.394864,1
6.0,6,9.925581,-20.737347,-6.6413817,-17.44239,6.9424324,-14.127628,41.501934,1
6.0,6,9.925991,-20.738108,-6.640611,-17.44384,6.9422364,-14.127859,41.503178,1
6.0,6,9.925878,-20.737911,-6.6407127,-17.443687,6.9422636,-14.127823,41.503006,1
6.0,6,9.925283,-20.736876,-6.6415057,-17.441889,6.9427176,-14.127674,41.501488,1
6.0,6,9.925555,-20.737345,-6.641098,-17.442604,6.9426155,-14.127807,41.50211,1
6.0,6,9.925504,-20.737213,-6.641538,-17.442083,6.9424562,-14.127577,41.50169,1
1.0,1,-2.5778773,12.591814,4.067831,-6.8166733,4.009742,-3.4065595,-7.4270096,1
1.0,1,-2.5778773,12.591814,4.067831,-6.8166733,4.009742,-3.4065595,-7.4270096,1
1.0,1,-2.5778773,12.591814,4.067831,-6.8166733,4.009742,-3.4065595,-7.4270096,1
1.0,1,-2.5778773,12.591814,4.067831,-6.8166733,4.009742,-3.4065595,-7.4270096,1
1.0,1,-2.5778773,12.591814,4.067831,-6.8166733,4.009742,-3.4065595,-7.4270096,1
1.0,1,-2.5778773,12.591814,4.067831,-6.8166733,4.009742,-3.4065595,-7.4270096,1
0.0,0,10.643323,-5.054702,-10.881306,-10.11747,-8.019772,5.2380238,-0.21288097,1
0.0,0,10.643323,-5.054702,-10.881306,-10.11747,-8.019772,5.2380238,-0.21288097,1
0.0,0,10.643323,-5.054702,-10.881306,-10.11747,-8.019772,5.2380238,-0.21288097,1
0.0,0,10.643323,-5.054702,-10.881306,-10.11747,-8.019772,5.2380238,-0.21288097,1
0.0,0,10.643323,-5.054702,-10.881306,-10.11747,-8.019772,5.2380238,-0.21288097,1
0.0,0,10.643323,-5.054702,-10.881306,-10.11747,-8.019772,5.2380238,-0.21288097,1
1.0,1,-1.4280393,14.600496,0.8403139,-8.564379,5.3279643,-3.7950912,-9.220593,1
1.0,1,-1.4280405,14.600494,0.8403095,-8.564383,5.327964,-3.7950912,-9.220587,1
1.0,1,-1.4280393,14.600496,0.8403139,-8.564379,5.3279643,-3.7950912,-9.220593,1
1.0,1,-1.4280405,14.600494,0.8403095,-8.564383,5.327964,-3.7950912,-9.220587,1
1.0,1,-1.4280405,14.600494,0.8403095,-8.564383,5.327964,-3.7950912,-9.220587,1
1.0,1,-1.4280393,14.600496,0.8403139,-8.564379,5.3279643,-3.7950912,-9.220593,1
4.0,4,-1.62622,14.486006,-0.26541296,-3.7862911,25.900936,-18.850542,-3.1095033,1
4.0,4,-1.62622,14.486006,-0.26541296,-3.7862911,25.900936,-18.850542,-3.1095033,1
4.0,4,-1.62622,14.486006,-0.26541296,-3.7862911,25.900936,-18.850542,-3.1095033,1
4.0,4,-1.62622,14.486006,-0.26541296,-3.7862911,25.900936,-18.850542,-3.1095033,1
4.0,4,-1.62622,14.486006,-0.26541296,-3.7862911,25.900936,-18.850542,-3.1095033,1
4.0,4,-1.62622,14.486006,-0.26541296,-3.7862911,25.900936,-18.850542,-3.1095033,1
6.0,6,10.323476,-21.298307,-6.8341513,-17.092342,6.5539484,-13.874151,41.33086,1
6.0,6,10.323476,-21.298307,-6.8341513,-17.092342,6.5539484,-13.874151,41.33086,1
6.0,6,10.323476,-21.298307,-6.8341513,-17.09234,6.553948,-13.874149,41.33086,1
6.0,6,10.323476,-21.298307,-6.8341513,-17.092342,6.5539484,-13.874151,41.33086,1
6.0,6,10.323477,-21.298307,-6.8341513,-17.09234,6.5539494,-13.874151,41.330864,1
6.0,6,10.323476,-21.298307,-6.8341513,-17.092342,6.5539484,-13.874151,41.33086,1
3.0,3,1.7085404,-7.4532123,-14.564186,47.974102,-2.0031433,-0.5005568,-13.224325,1
3.0,3,1.7084885,-7.453202,-14.564114,47.974236,-2.0030828,-0.5005909,-13.224356,1
3.0,3,1.7085071,-7.4531856,-14.564138,47.97421,-2.0030675,-0.50059974,-13.224379,1
3.0,3,1.7085602,-7.4532228,-14.564217,47.974052,-2.0031748,-0.5005442,-13.224303,1
3.0,3,1.7084768,-7.453213,-14.5640955,47.974274,-2.0030637,-0.5006,-13.224352,1
3.0,3,1.7084811,-7.4532447,-14.5641,47.974255,-2.0031023,-0.5005752,-13.22431,1
6.0,6,10.055989,-20.887894,-6.4577813,-17.679588,6.9728355,-14.230431,41.65163,1
6.0,6,10.055989,-20.887894,-6.4577813,-17.679588,6.9728355,-14.230431,41.65163,1
6.0,6,10.055989,-20.887894,-6.4577813,-17.679588,6.9728355,-14.230431,41.65163,1
6.0,6,10.055989,-20.887894,-6.4577813,-17.679588,6.9728355,-14.230431,41.65163,1
6.0,6,10.055989,-20.887894,-6.4577813,-17.679588,6.9728355,-14.230431,41.65163,1
6.0,6,10.055989,-20.887894,-6.4577813,-17.679588,6.9728355,-14.230431,41.65163,1
6.0,6,10.266788,-21.272951,-6.680186,-17.645813,6.580316,-13.98352,41.75097,1
6.0,6,10.266788,-21.272951,-6.680186,-17.645813,6.580316,-13.98352,41.75097,1
6.0,6,10.266788,-21.272951,-6.680186,-17.645813,6.580316,-13.98352,41.75097,1
6.0,6,10.266788,-21.272951,-6.680186,-17.645813,6.580316,-13.98352,41.75097,1
6.0,6,10.266788,-21.272951,-6.680186,-17.645813,6.580316,-13.98352,41.75097,1
6.0,6,10.266788,-21.272951,-6.680186,-17.645813,6.580316,-13.98352,41.75097,1
4.0,4,-1.2807779,14.161316,-0.73335314,-4.1609674,25.207657,-18.56116,-2.9139206,1
4.0,4,-1.2807779,14.161316,-0.73335314,-4.1609674,25.207657,-18.56116,-2.9139206,1
4.0,4,-1.2807779,14.161316,-0.73335314,-4.1609674,25.207657,-18.56116,-2.9139206,1
4.0,4,-1.2807779,14.161316,-0.73335314,-4.1609674,25.207657,-18.56116,-2.9139206,1
4.0,4,-1.2807779,14.161316,-0.73335314,-4.1609674,25.207657,-18.56116,-2.9139206,1
4.0,4,-1.2807779,14.161316,-0.73335314,-4.1609674,25.207657,-18.56116,-2.9139206,1
3.0,3,1.5898421,-7.400933,-14.403271,48.295837,-1.809295,-0.5991038,-13.343727,1
3.0,3,1.5898485,-7.4009547,-14.403269,48.295815,-1.8093168,-0.599095,-13.343695,1
3.0,3,1.5898383,-7.4009385,-14.40327,48.29586,-1.8092855,-0.59911,-13.3437195,1
3.0,3,1.5898411,-7.400931,-14.403273,48.295837,-1.8092932,-0.5991007,-13.343728,1
3.0,3,1.5898409,-7.400932,-14.403271,48.29584,-1.8092908,-0.5991045,-13.343727,1
3.0,3,1.5898452,-7.400945,-14.403272,48.295837,-1.8093053,-0.5991014,-13.343708,1
1.0,1,-1.388176,14.976711,0.62643814,-8.353661,5.625945,-3.8974915,-9.786588,1
1.0,1,-1.388176,14.976711,0.62643814,-8.353661,5.625945,-3.8974915,-9.786588,1
1.0,1,-1.388176,14.976711,0.62643814,-8.353661,5.625945,-3.8974915,-9.786588,1
1.0,1,-1.388176,14.976711,0.62643814,-8.353661,5.625945,-3.8974915,-9.786588,1
1.0,1,-1.388176,14.976711,0.62643814,-8.353661,5.625945,-3.8974915,-9.786588,1
1.0,1,-1.388176,14.976711,0.62643814,-8.353661,5.625945,-3.8974915,-9.786588,1
1.0,1,-0.85874367,14.342503,1.1632705,-7.9077444,6.4763594,-5.2558746,-9.341272,1
1.0,1,-0.85874367,14.342503,1.1632705,-7.9077444,6.4763594,-5.2558746,-9.341272,1
1.0,1,-0.85874367,14.342503,1.1632705,-7.9077444,6.4763594,-5.2558746,-9.341272,1
1.0,1,-0.85874367,14.342503,1.1632706,-7.9077454,6.4763584,-5.2558746,-9.341272,1
1.0,1,-0.8587439,14.342501,1.1632702,-7.907746,6.476355,-5.2558694,-9.34127,1
1.0,1,-0.85874367,14.342503,1.1632705,-7.9077444,6.4763594,-5.2558746,-9.341272,1
5.0,5,8.492328,-3.8977046,-4.6553063,-7.743574,-27.63269,23.371859,-12.650564,1
5.0,5,8.492354,-3.897747,-4.655313,-7.743643,-27.632645,23.371824,-12.650483,1
5.0,5,8.492366,-3.8977585,-4.6553493,-7.7436113,-27.632631,23.371807,-12.650475,1
5.0,5,8.492374,-3.8977652,-4.6553454,-7.743639,-27.63263,23.371819,-12.650469,1
5.0,5,8.492366,-3.897757,-4.6553454,-7.74362,-27.63263,23.37181,-12.6504755,1
5.0,5,8.492367,-3.897757,-4.655346,-7.743619,-27.632633,23.37181,-12.650475,1
2.0,2,-7.4345255,9.011506,30.126091,-18.00299,0.8883816,1.6172093,-6.432045,1
2.0,2,-7.4345255,9.011506,30.126091,-18.00299,0.8883816,1.6172093,-6.432045,1
2.0,2,-7.4345255,9.011506,30.126091,-18.00299,0.8883816,1.6172093,-6.432045,1
2.0,2,-7.4345255,9.011506,30.126091,-18.00299,0.8883816,1.6172093,-6.432045,1
2.0,2,-7.4345255,9.011506,30.126091,-18.00299,0.8883816,1.6172093,-6.432045,1
2.0,2,-7.4345255,9.011506,30.126091,-18.00299,0.8883816,1.6172093,-6.432045,1
1.0,1,-1.780925,14.785168,0.91684353,-7.0219073,6.230521,-4.463607,-9.578523,1
1.0,1,-1.780925,14.785168,0.91684353,-7.0219073,6.230521,-4.463607,-9.578523,1
1.0,1,-1.780925,14.785168,0.91684353,-7.0219073,6.230521,-4.463607,-9.578523,1
1.0,1,-1.780925,14.785168,0.91684353,-7.0219073,6.230521,-4.463607,-9.578523,1
1.0,1,-1.780925,14.785168,0.91684353,-7.0219073,6.230521,-4.463607,-9.578523,1
1.0,1,-1.780925,14.785168,0.91684353,-7.0219073,6.230521,-4.463607,-9.578523,1
1.0,1,-1.6742094,13.581514,1.614209,-7.083595,4.965793,-3.3988004,-8.7783165,1
1.0,1,-1.6742094,13.581514,1.614209,-7.083595,4.965793,-3.3988004,-8.7783165,1
1.0,1,-1.6742094,13.581514,1.614209,-7.083595,4.965793,-3.3988004,-8.7783165,1
1.0,1,-1.6742094,13.581514,1.614209,-7.083595,4.965793,-3.3988004,-8.7783165,1
1.0,1,-1.6742094,13.581514,1.614209,-7.083595,4.965793,-3.3988004,-8.7783165,1
1.0,1,-1.6742094,13.581514,1.614209,-7.083595,4.965793,-3.3988004,-8.7783165,1
3.0,3,1.580189,-7.382624,-14.396228,48.333523,-1.7646672,-0.61740625,-13.376415,1
3.0,3,1.5802026,-7.382692,-14.396221,48.333424,-1.7648879,-0.61734426,-13.376284,1
3.0,3,1.5801654,-7.382666,-14.396216,48.333523,-1.764901,-0.6173936,-13.376291,1
3.0,3,1.5801404,-7.382772,-14.396175,48.333614,-1.7649843,-0.61743844,-13.376133,1
3.0,3,1.5801761,-7.382752,-14.39618,48.333527,-1.7649258,-0.6174036,-13.376186,1
3.0,3,1.5801659,-7.382708,-14.396107,48.333515,-1.7648817,-0.6174401,-13.376238,1
0.0,0,11.230878,-5.7425027,-12.259668,-9.2138,-7.168936,4.230015,0.7768743,1
0.0,0,11.230711,-5.7421436,-12.259897,-9.214266,-7.1683846,4.2295675,0.77748966,1
0.0,0,11.230615,-5.742084,-12.259717,-9.214291,-7.168785,4.2299027,0.7772896,1
0.0,0,11.230712,-5.7422857,-12.259764,-9.214115,-7.168602,4.2297354,0.77735806,1
0.0,0,11.23079,-5.7422533,-12.259819,-9.214049,-7.1685896,4.229739,0.77716136,1
0.0,0,11.230968,-5.7426195,-12.259503,-9.213964,-7.1687574,4.2298164,0.77706814,1
1.0,1,-2.32701,12.428705,3.7251806,-6.874947,4.8014255,-4.0573235,-7.020749,1
1.0,1,-2.32701,12.428705,3.7251806,-6.874947,4.8014255,-4.0573235,-7.020749,1
1.0,1,-2.32701,12.428705,3.7251806,-6.874947,4.8014255,-4.0573235,-7.020749,1
1.0,1,-2.32701,12.428705,3.7251806,-6.874947,4.8014255,-4.0573235,-7.020749,1
1.0,1,-2.32701,12.428705,3.7251806,-6.874947,4.8014255,-4.0573235,-7.020749,1
1.0,1,-2.32701,12.428705,3.7251806,-6.874947,4.8014255,-4.0573235,-7.020749,1
6.0,6,9.962466,-20.978062,-6.4272976,-16.795174,7.397703,-14.399087,41.335262,1
6.0,6,9.962457,-20.978058,-6.427274,-16.795116,7.3977394,-14.399101,41.33522,1
6.0,6,9.962518,-20.978123,-6.4273744,-16.795174,7.397581,-14.399021,41.33524,1
6.0,6,9.962553,-20.978163,-6.427377,-16.795204,7.397507,-14.398964,41.335236,1
6.0,6,9.962472,-20.978092,-6.4273114,-16.794956,7.3977575,-14.399092,41.33513,1
6.0,6,9.962437,-20.97808,-6.427236,-16.794804,7.3979015,-14.399155,41.335052,1
3.0,3,1.5864735,-7.397549,-14.3942,48.313408,-1.7986926,-0.6163963,-13.347183,1
3.0,3,1.5864742,-7.397532,-14.394201,48.313404,-1.7986869,-0.6163963,-13.347202,1
3.0,3,1.5864694,-7.397548,-14.394194,48.31342,-1.7986861,-0.616398,-13.347187,1
3.0,3,1.5864718,-7.3975263,-14.394199,48.313416,-1.7986776,-0.6164001,-13.347211,1
3.0,3,1.5864773,-7.397528,-14.394214,48.3134,-1.7986885,-0.6163944,-13.347207,1
3.0,3,1.5864773,-7.3975406,-14.394206,48.3134,-1.798699,-0.6163908,-13.347191,1
6.0,6,10.2538595,-21.175407,-6.939028,-16.307205,6.667545,-13.886452,40.634834,1
6.0,6,10.254001,-21.1756,-6.9389896,-16.307465,6.6672506,-13.88628,40.634953,1
6.0,6,10.254081,-21.175724,-6.938972,-16.307598,6.6670923,-13.886187,40.63504,1
6.0,6,10.254108,-21.175749,-6.9389615,-16.307627,6.6671004,-13.886227,40.63506,1
6.0,6,10.254117,-21.175766,-6.9389644,-16.307644,6.6670284,-13.886158,40.635044,1
6.0,6,10.254033,-21.17567,-6.939001,-16.307484,6.6672072,-13.8862505,40.635002,1
1.0,1,-1.6598854,14.802744,1.2946343,-8.131613,5.067033,-3.5570111,-9.742767,1
1.0,1,-1.6598854,14.802744,1.2946343,-8.131613,5.067033,-3.5570111,-9.742767,1
1.0,1,-1.6598854,14.802744,1.2946343,-8.131613,5.067033,-3.5570111,-9.742767,1
1.0,1,-1.6598854,14.802744,1.2946343,-8.131613,5.067033,-3.5570111,-9.742767,1
1.0,1,-1.6598854,14.802744,1.2946343,-8.131613,5.067033,-3.5570111,-9.742767,1
1.0,1,-1.6598854,14.802744,1.2946343,-8.131613,5.067033,-3.5570111,-9.742767,1
4.0,4,-1.676923,14.586369,-0.8044634,-3.407713,26.119274,-19.209087,-2.9422803,1
4.0,4,-1.676923,14.586369,-0.8044634,-3.407713,26.119274,-19.209087,-2.9422803,1
4.0,4,-1.676923,14.586369,-0.8044634,-3.407713,26.119274,-19.209087,-2.9422803,1
4.0,4,-1.676923,14.586369,-0.8044634,-3.407713,26.119274,-19.209087,-2.9422803,1
4.0,4,-1.676923,14.586369,-0.8044634,-3.407713,26.119274,-19.209087,-2.9422803,1
4.0,4,-1.676923,14.586369,-0.8044634,-3.407713,26.119274,-19.209087,-2.9422803,1
2.0,2,-7.2266645,8.40237,30.733017,-18.357044,0.5330838,1.7202717,-6.063876,1
2.0,2,-7.2266645,8.40237,30.733017,-18.357044,0.5330838,1.7202712,-6.063876,1
2.0,2,-7.2266645,8.40237,30.733017,-18.357044,0.5330838,1.7202717,-6.063876,1
2.0,2,-7.2266645,8.40237,30.733017,-18.357044,0.5330838,1.7202717,-6.063876,1
2.0,2,-7.2266645,8.40237,30.733017,-18.357044,0.5330838,1.7202712,-6.063876,1
2.0,2,-7.2266645,8.40237,30.733017,-18.357044,0.5330838,1.7202712,-6.063876,1
0.0,0,11.6210575,-6.073847,-12.488284,-9.19672,-7.0225677,3.75149,0.8696377,1
0.0,0,11.621124,-6.0740147,-12.488408,-9.196594,-7.0225554,3.751422,0.86980915,1
0.0,0,11.621172,-6.0740714,-12.488443,-9.196545,-7.0225754,3.75142,0.869818,1
0.0,0,11.6211195,-6.0739884,-12.488429,-9.196563,-7.0225496,3.7514195,0.8697696,1
0.0,0,11.621112,-6.0739717,-12.488396,-9.196587,-7.022558,3.7514362,0.8697417,1
0.0,0,11.621114,-6.073978,-12.488257,-9.196669,-7.0226517,3.7515326,0.8696592,1
2.0,2,-7.3761873,8.4997425,29.855368,-17.475811,-0.11168921,2.4894862,-6.713709,1
2.0,2,-7.3761873,8.4997425,29.855368,-17.475811,-0.11168921,2.4894862,-6.713709,1
2.0,2,-7.3761873,8.4997425,29.855368,-17.475811,-0.11168921,2.4894862,-6.713709,1
2.0,2,-7.3761873,8.4997425,29.855368,-17.475811,-0.11168921,2.4894862,-6.713709,1
2.0,2,-7.3761873,8.4997425,29.855368,-17.475811,-0.11168921,2.4894862,-6.713709,1
2.0,2,-7.3761873,8.4997425,29.855368,-17.475811,-0.11168921,2.4894862,-6.713709,1
1.0,1,-1.6299531,14.579634,1.561732,-8.159918,5.1026516,-3.6511698,-9.535268,1
1.0,1,-1.6299531,14.579634,1.561732,-8.159918,5.1026516,-3.6511698,-9.535268,1
1.0,1,-1.6299531,14.579634,1.561732,-8.159918,5.1026516,-3.6511698,-9.535268,1
1.0,1,-1.6299531,14.579634,1.561732,-8.159918,5.1026516,-3.6511698,-9.535268,1
1.0,1,-1.6299531,14.579634,1.561732,-8.159918,5.1026516,-3.6511698,-9.535268,1
1.0,1,-1.6299531,14.579634,1.561732,-8.159918,5.1026516,-3.6511698,-9.535268,1
0.0,0,11.771583,-7.4189887,-12.722307,-7.8110337,-7.6435966,4.067194,1.7184272,1
0.0,0,11.771583,-7.4189887,-12.722307,-7.8110337,-7.6435966,4.067194,1.7184272,1
0.0,0,11.7716055,-7.419065,-12.722224,-7.8110323,-7.6436834,4.067269,1.7183766,1
0.0,0,11.771657,-7.4189725,-12.7223425,-7.811012,-7.643606,4.067192,1.7182846,1
0.0,0,11.771657,-7.4189725,-12.7223425,-7.811012,-7.643606,4.067192,1.7182846,1
0.0,0,11.771614,-7.4190907,-12.722338,-7.811084,-7.643635,4.0671916,1.7185824,1
5.0,5,9.52676,-5.4188886,-5.6223054,-8.164857,-26.249727,22.002062,-10.467403,1
5.0,5,9.52676,-5.4188886,-5.6223054,-8.164857,-26.249727,22.002062,-10.467403,1
5.0,5,9.52676,-5.4188886,-5.6223054,-8.164857,-26.249727,22.002062,-10.467403,1
5.0,5,9.52676,-5.4188886,-5.6223054,-8.164857,-26.249727,22.002062,-10.467403,1
5.0,5,9.52676,-5.4188886,-5.6223054,-8.164857,-26.249727,22.002062,-10.467403,1
5.0,5,9.52676,-5.4188886,-5.6223054,-8.164857,-26.249727,22.002062,-10.467403,1
2.0,2,-7.379529,8.88293,30.464334,-18.498434,0.9530624,1.460776,-6.259165,1
2.0,2,-7.379529,8.88293,30.464334,-18.498434,0.9530624,1.460776,-6.259165,1
2.0,2,-7.379529,8.88293,30.464334,-18.498434,0.9530624,1.460776,-6.259165,1
2.0,2,-7.379529,8.88293,30.464334,-18.498434,0.9530624,1.460776,-6.259165,1
2.0,2,-7.379526,8.882929,30.464348,-18.498432,0.95307887,1.4607605,-6.259165,1
2.0,2,-7.379529,8.88293,30.464334,-18.498434,0.9530624,1.460776,-6.259165,1
6.0,6,10.36463,-21.311262,-6.7945194,-17.533375,6.4081025,-13.838817,41.532135,1
6.0,6,10.364629,-21.311262,-6.794519,-17.533375,6.408102,-13.838817,41.532135,1
6.0,6,10.36463,-21.311262,-6.7945194,-17.533375,6.4081025,-13.838817,41.532135,1
6.0,6,10.36463,-21.311262,-6.7945194,-17.533375,6.4081025,-13.838817,41.532135,1
6.0,6,10.36463,-21.311262,-6.7945194,-17.533375,6.4081025,-13.838817,41.532135,1
6.0,6,10.36463,-21.311262,-6.7945194,-17.533375,6.4081025,-13.838817,41.532135,1
0.0,0,10.126942,-4.689584,-11.372457,-10.952341,-6.145277,3.4328518,2.4727623,1
0.0,0,10.127788,-4.689785,-11.373008,-10.951701,-6.1461654,3.4336028,2.4709141,1
0.0,0,10.127904,-4.69006,-11.373474,-10.951063,-6.146548,3.433939,2.4705646,1
0.0,0,10.127938,-4.6901364,-11.373382,-10.951486,-6.14596,3.433291,2.4714305,1
0.0,0,10.12763,-4.6901836,-11.373089,-10.951534,-6.1456146,3.4329453,2.4721534,1
0.0,0,10.127962,-4.690261,-11.373891,-10.950891,-6.145921,3.4332275,2.4714057,1
4.0,4,-1.8315392,14.757347,-0.8404144,-3.666922,26.148548,-19.291193,-2.7385726,1
4.0,4,-1.8315392,14.757347,-0.8404144,-3.666922,26.148548,-19.291193,-2.7385726,1
4.0,4,-1.8315392,14.757347,-0.8404144,-3.666922,26.148548,-19.291193,-2.7385726,1
4.0,4,-1.8315392,14.757347,-0.8404144,-3.666922,26.148548,-19.291193,-2.7385726,1
4.0,4,-1.8315392,14.757347,-0.8404144,-3.666922,26.148548,-19.291193,-2.7385726,1
4.0,4,-1.8315392,14.757347,-0.8404144,-3.666922,26.148548,-19.291193,-2.7385726,1
2.0,2,-7.49047,8.336819,31.210403,-18.109505,1.2394804,1.2803515,-5.9522734,1
2.0,2,-7.49047,8.336819,31.210403,-18.109505,1.2394804,1.2803515,-5.9522734,1
2.0,2,-7.49047,8.336819,31.210403,-18.109505,1.2394804,1.2803515,-5.9522734,1
2.0,2,-7.49047,8.336819,31.210403,-18.109505,1.2394804,1.2803515,-5.9522734,1
2.0,2,-7.49047,8.336819,31.210403,-18.109505,1.2394804,1.2803515,-5.9522734,1
2.0,2,-7.49047,8.336819,31.210403,-18.109505,1.2394804,1.2803515,-5.9522734,1
6.0,6,9.949016,-20.808805,-6.5001717,-17.75447,6.9198017,-14.180311,41.777172,1
6.0,6,9.949016,-20.808805,-6.5001717,-17.75447,6.9198017,-14.180311,41.777172,1
6.0,6,9.949016,-20.808805,-6.5001717,-17.75447,6.9198017,-14.180311,41.777172,1
6.0,6,9.949016,-20.808805,-6.5001717,-17.75447,6.9198017,-14.180311,41.777172,1
6.0,6,9.949016,-20.808805,-6.5001717,-17.75447,6.9198017,-14.180311,41.777172,1
6.0,6,9.949016,-20.808805,-6.5001717,-17.75447,6.9198017,-14.180311,41.777172,1
0.0,0,9.785571,-4.53997,-11.4267235,-10.942607,-5.3459926,2.671597,3.5344002,1
0.0,0,9.785245,-4.540279,-11.426139,-10.942798,-5.34587,2.671431,3.5353563,1
0.0,0,9.785853,-4.539692,-11.427023,-10.942707,-5.3460345,2.6716733,3.5336912,1
0.0,0,9.785794,-4.539661,-11.427028,-10.942599,-5.346175,2.6718407,3.5335429,1
0.0,0,9.785454,-4.53949,-11.426936,-10.942778,-5.345353,2.6710768,3.534457,1
0.0,0,9.784818,-4.539989,-11.426132,-10.942809,-5.345203,2.670877,3.536013,1
1.0,1,-1.5909853,14.772482,1.4778426,-9.287905,5.49028,-3.8678088,-9.0477085,1
1.0,1,-1.5909853,14.772482,1.4778426,-9.287905,5.49028,-3.8678088,-9.0477085,1
1.0,1,-1.5909853,14.772482,1.4778426,-9.287905,5.49028,-3.8678088,-9.0477085,1
1.0,1,-1.5909853,14.772482,1.4778426,-9.287905,5.49028,-3.8678088,-9.0477085,1
1.0,1,-1.5909853,14.772482,1.4778426,-9.287905,5.49028,-3.8678088,-9.0477085,1
1.0,1,-1.5909853,14.772482,1.4778426,-9.287905,5.49028,-3.8678088,-9.0477085,1
4.0,4,-1.2503352,13.901386,-0.43900266,-4.3171787,24.910706,-18.380396,-2.6486201,1
4.0,4,-1.2503352,13.901386,-0.43900266,-4.3171787,24.910706,-18.380396,-2.6486201,1
4.0,4,-1.2503352,13.901386,-0.43900266,-4.3171787,24.910706,-18.380396,-2.6486201,1
4.0,4,-1.2503352,13.901386,-0.43900266,-4.3171787,24.910706,-18.380396,-2.6486201,1
4.0,4,-1.2503352,13.901386,-0.43900266,-4.3171787,24.910706,-18.380396,-2.6486201,1
4.0,4,-1.2503352,13.901386,-0.43900266,-4.3171787,24.910706,-18.380396,-2.6486201,1
2.0,2,-7.318572,8.498215,30.735748,-18.38295,0.78606,1.5400122,-5.909871,1
2.0,2,-7.318572,8.498215,30.735748,-18.38295,0.78606,1.5400122,-5.909871,1
2.0,2,-7.318572,8.498215,30.735748,-18.38295,0.78606,1.5400122,-5.909871,1
2.0,2,-7.318572,8.498215,30.735748,-18.38295,0.78606,1.5400122,-5.909871,1
2.0,2,-7.318572,8.498215,30.735748,-18.38295,0.78606,1.5400122,-5.909871,1
2.0,2,-7.318572,8.498215,30.735748,-18.38295,0.78606,1.5400122,-5.909871,1
1.0,1,-0.73049116,14.658894,-0.30728385,-8.360176,6.2795744,-4.3100476,-9.700643,1
1.0,1,-0.73049116,14.658894,-0.30728385,-8.360176,6.2795744,-4.3100476,-9.700643,1
1.0,1,-0.73049116,14.658894,-0.30728385,-8.360176,6.2795744,-4.3100476,-9.700643,1
1.0,1,-0.73049116,14.658894,-0.30728385,-8.360176,6.2795744,-4.3100476,-9.700643,1
1.0,1,-0.73049116,14.658894,-0.30728385,-8.360176,6.2795744,-4.3100476,-9.700643,1
1.0,1,-0.73049116,14.658894,-0.30728385,-8.360176,6.2795744,-4.3100476,-9.700643,1
2.0,2,-7.388507,8.893928,30.440014,-18.51696,0.93459547,1.4705011,-6.2449884,1
2.0,2,-7.388507,8.893928,30.440014,-18.51696,0.93459547,1.4705011,-6.2449884,1
2.0,2,-7.388507,8.893928,30.440014,-18.51696,0.93459547,1.4705011,-6.2449884,1
2.0,2,-7.388507,8.893928,30.440014,-18.51696,0.93459547,1.4705011,-6.2449884,1
2.0,2,-7.388507,8.893928,30.440014,-18.51696,0.93459547,1.4705011,-6.2449884,1
2.0,2,-7.388507,8.893928,30.440014,-18.51696,0.93459547,1.4705011,-6.2449884,1
1.0,1,-1.6380262,14.614658,1.4646627,-8.125551,5.0843763,-3.6168494,-9.558695,1
1.0,1,-1.6380262,14.614658,1.4646627,-8.125551,5.0843763,-3.6168494,-9.558695,1
1.0,1,-1.6380262,14.614658,1.4646627,-8.125551,5.0843763,-3.6168494,-9.558695,1
1.0,1,-1.6380262,14.614658,1.4646627,-8.125551,5.0843763,-3.6168494,-9.558695,1
1.0,1,-1.6380262,14.614658,1.4646627,-8.125551,5.0843763,-3.6168494,-9.558695,1
1.0,1,-1.6380262,14.614658,1.4646627,-8.125551,5.0843763,-3.6168494,-9.558695,1
3.0,3,1.6301551,-7.4767146,-14.368828,48.211006,-1.8410012,-0.6192032,-13.2349615,1
3.0,3,1.6301556,-7.4767146,-14.368829,48.211006,-1.8410021,-0.619203,-13.234962,1
3.0,3,1.6301558,-7.4767137,-14.368831,48.211006,-1.8410047,-0.6192013,-13.234964,1
3.0,3,1.6301558,-7.4767137,-14.36883,48.211006,-1.8410045,-0.6192013,-13.234964,1
3.0,3,1.6301556,-7.4767146,-14.368828,48.211006,-1.8410033,-0.61920226,-13.234963,1
3.0,3,1.6301558,-7.4767137,-14.36883,48.211006,-1.8410045,-0.6192013,-13.234964,1
2.0,2,-7.4102297,8.986116,29.898098,-17.86634,-0.22033012,2.4980068,-6.9025745,1
2.0,2,-7.4102306,8.986116,29.898104,-17.866344,-0.22032917,2.4980063,-6.9025717,1
2.0,2,-7.4102297,8.986116,29.898098,-17.86634,-0.22033012,2.4980068,-6.9025745,1
2.0,2,-7.4102306,8.986118,29.898102,-17.86634,-0.22032726,2.4980054,-6.9025745,1
2.0,2,-7.4102297,8.986116,29.898098,-17.86634,-0.22033012,2.4980068,-6.9025745,1
2.0,2,-7.4102297,8.986116,29.898098,-17.86634,-0.22033012,2.4980068,-6.9025745,1
0.0,0,11.198507,-6.7672267,-12.232282,-4.8509774,-5.657621,3.204965,0.163378,1
0.0,0,11.198464,-6.76736,-12.232173,-4.851172,-5.657426,3.204803,0.16377997,1
0.0,0,11.198661,-6.767712,-12.232413,-4.850414,-5.657977,3.2052498,0.1637001,1
0.0,0,11.198459,-6.7680526,-12.232437,-4.84782,-5.658182,3.2056856,0.16254497,1
0.0,0,11.19772,-6.7683034,-12.230364,-4.846538,-5.655201,3.2033696,0.163028,1
0.0,0,11.197971,-6.767509,-12.232416,-4.844866,-5.656083,3.2042637,0.16201329,1
0.0,0,11.322632,-6.046399,-11.82318,-10.23811,-8.116362,5.0935397,0.8640759,1
0.0,0,11.322629,-6.0463953,-11.823188,-10.238108,-8.116348,5.0935287,0.8640859,1
0.0,0,11.322633,-6.0463705,-11.823204,-10.238163,-8.116329,5.0935097,0.8641095,1
0.0,0,11.322636,-6.046387,-11.8232155,-10.238123,-8.116353,5.0935273,0.8641021,1
0.0,0,11.322635,-6.046418,-11.823156,-10.23814,-8.116371,5.093543,0.8641026,1
0.0,0,11.322625,-6.0463333,-11.823145,-10.238193,-8.116364,5.0935583,0.86401224,1
6.0,6,10.000997,-20.808523,-6.3955703,-17.657845,7.0462866,-14.266893,41.610065,1
6.0,6,10.000997,-20.808523,-6.3955703,-17.657845,7.0462866,-14.266893,41.610065,1
6.0,6,10.000997,-20.808523,-6.3955703,-17.657845,7.0462866,-14.266893,41.610065,1
6.0,6,10.000997,-20.808523,-6.3955703,-17.657845,7.0462866,-14.266893,41.610065,1
6.0,6,10.000997,-20.808523,-6.3955703,-17.657845,7.0462866,-14.266893,41.610065,1
6.0,6,10.000997,-20.808523,-6.3955703,-17.657845,7.0462866,-14.266893,41.610065,1
2.0,2,-7.340683,8.514376,30.74517,-18.389832,0.84001005,1.5023757,-5.8734503,1
2.0,2,-7.340683,8.514376,30.74517,-18.389832,0.84001005,1.5023757,-5.8734503,1
2.0,2,-7.340683,8.514376,30.74517,-18.389832,0.84001005,1.5023757,-5.8734503,1
2.0,2,-7.340683,8.514376,30.74517,-18.389832,0.84001005,1.5023757,-5.8734503,1
2.0,2,-7.340683,8.514376,30.74517,-18.389832,0.84001005,1.5023757,-5.8734503,1
2.0,2,-7.340683,8.514376,30.74517,-18.389832,0.84001005,1.5023757,-5.8734503,1
0.0,0,10.921248,-5.7887716,-12.015163,-9.41017,-7.627205,4.8267474,0.8570862,1
0.0,0,10.921248,-5.7887716,-12.015163,-9.41017,-7.627205,4.8267474,0.8570862,1
0.0,0,10.921248,-5.7887716,-12.015163,-9.41017,-7.627205,4.8267474,0.8570862,1
0.0,0,10.921248,-5.7887716,-12.015163,-9.41017,-7.627205,4.8267474,0.8570862,1
0.0,0,10.921248,-5.7887716,-12.015163,-9.41017,-7.627205,4.8267474,0.8570862,1
0.0,0,10.921248,-5.7887716,-12.015163,-9.41017,-7.627205,4.8267474,0.8570862,1
5.0,5,9.019244,-4.9526844,-5.4123755,-6.389198,-27.304321,22.637688,-11.785428,1
5.0,5,9.019244,-4.9526844,-5.4123755,-6.389198,-27.304321,22.637688,-11.785428,1
5.0,5,9.019244,-4.9526844,-5.4123755,-6.389198,-27.304321,22.637688,-11.785428,1
5.0,5,9.019244,-4.9526844,-5.4123755,-6.389198,-27.304321,22.637688,-11.785428,1
5.0,5,9.019244,-4.9526844,-5.4123755,-6.389198,-27.304321,22.637688,-11.785428,1
5.0,5,9.019244,-4.9526844,-5.4123755,-6.389198,-27.304321,22.637688,-11.785428,1
4.0,4,-1.7100723,14.270079,-0.5393661,-3.4893744,25.95746,-18.840117,-2.6683893,1
4.0,4,-1.7100723,14.270079,-0.5393661,-3.4893744,25.95746,-18.840117,-2.6683893,1
4.0,4,-1.7100723,14.270079,-0.5393661,-3.4893744,25.95746,-18.840117,-2.6683893,1
4.0,4,-1.7100723,14.270079,-0.5393661,-3.4893744,25.95746,-18.840117,-2.6683893,1
4.0,4,-1.7100723,14.270079,-0.5393661,-3.4893744,25.95746,-18.840117,-2.6683893,1
4.0,4,-1.7100723,14.270079,-0.5393661,-3.4893744,25.95746,-18.840117,-2.6683893,1
4.0,4,-1.4528797,14.509161,-0.74257696,-4.0046606,25.427282,-18.720633,-3.1373026,1
4.0,4,-1.4528775,14.509161,-0.7425798,-4.0046625,25.427277,-18.720627,-3.1373024,1
4.0,4,-1.4528797,14.509161,-0.74257696,-4.0046606,25.427282,-18.720633,-3.1373026,1
4.0,4,-1.4528787,14.509163,-0.74257696,-4.0046606,25.427282,-18.720633,-3.1373024,1
4.0,4,-1.4528787,14.509161,-0.7425778,-4.004663,25.427284,-18.720633,-3.137301,1
4.0,4,-1.4528775,14.509161,-0.7425798,-4.004663,25.427277,-18.720627,-3.1373024,1
2.0,2,-6.800192,7.756777,31.359602,-19.514587,0.42732608,1.5104781,-5.5894003,1
2.0,2,-6.800192,7.756777,31.359602,-19.514587,0.42732608,1.5104781,-5.5894003,1
2.0,2,-6.800192,7.756777,31.359602,-19.514587,0.42732608,1.5104781,-5.5894003,1
2.0,2,-6.800192,7.756777,31.359602,-19.514587,0.42732608,1.5104781,-5.5894003,1
2.0,2,-6.800192,7.756777,31.359602,-19.514587,0.42732608,1.5104781,-5.5894003,1
2.0,2,-6.800192,7.756777,31.359602,-19.514587,0.42732608,1.5104781,-5.5894003,1
1.0,1,-0.9971421,15.10956,0.36490092,-8.388142,6.1946816,-4.5597854,-10.05165,1
1.0,1,-0.9971421,15.10956,0.36490092,-8.388142,6.1946816,-4.5597854,-10.05165,1
1.0,1,-0.9971421,15.10956,0.36490092,-8.388142,6.1946816,-4.5597854,-10.05165,1
1.0,1,-0.9971421,15.10956,0.36490092,-8.388142,6.1946816,-4.5597854,-10.05165,1
1.0,1,-0.9971421,15.10956,0.36490092,-8.388142,6.1946816,-4.5597854,-10.05165,1
1.0,1,-0.9971421,15.10956,0.36490092,-8.388142,6.1946816,-4.5597854,-10.05165,1
5.0,5,9.487031,-5.666224,-6.5128922,-6.1657305,-25.463272,20.62185,-9.809422,1
5.0,5,9.487109,-5.6663322,-6.5131164,-6.165554,-25.463207,20.621763,-9.809329,1
5.0,5,9.487098,-5.666304,-6.5131297,-6.1655364,-25.463223,20.621784,-9.809364,1
5.0,5,9.487109,-5.6663394,-6.5131083,-6.165554,-25.463188,20.621742,-9.809305,1
5.0,5,9.487101,-5.6663327,-6.513119,-6.165517,-25.463251,20.621803,-9.809358,1
5.0,5,9.487108,-5.6663404,-6.5131197,-6.1655293,-25.463226,20.621777,-9.809334,1
0.0,0,11.0419235,-6.3650537,-11.71577,-10.135683,-7.889845,4.629437,2.1354616,1
0.0,0,11.04181,-6.365046,-11.715121,-10.135791,-7.890685,4.630292,2.134827,1
0.0,0,11.041819,-6.3648877,-11.715256,-10.1357765,-7.890809,4.6304474,2.1345675,1
0.0,0,11.041633,-6.364739,-11.71518,-10.135893,-7.8905783,4.6302733,2.134795,1
0.0,0,11.041769,-6.36492,-11.71516,-10.135738,-7.890663,4.630316,2.13465,1
0.0,0,11.041731,-6.364969,-11.71518,-10.135702,-7.8905582,4.63021,2.1348078,1
4.0,4,-1.5470095,13.818926,0.33804306,-3.7163632,26.037258,-18.878325,-2.630406,1
4.0,4,-1.5470095,13.818926,0.33804306,-3.7163632,26.037258,-18.878325,-2.630406,1
4.0,4,-1.5470095,13.818926,0.33804306,-3.7163632,26.037258,-18.878325,-2.630406,1
4.0,4,-1.5470095,13.818926,0.33804306,-3.7163632,26.037258,-18.878325,-2.630406,1
4.0,4,-1.5470095,13.818926,0.33804306,-3.7163632,26.037258,-18.878325,-2.630406,1
4.0,4,-1.5470095,13.818926,0.33804306,-3.7163632,26.037258,-18.878325,-2.630406,1
0.0,0,11.349436,-6.395099,-12.238136,-9.00305,-6.986638,3.8768692,1.5641406,1
0.0,0,11.349439,-6.395147,-12.238118,-9.003006,-6.9866505,3.8768716,1.5641577,1
0.0,0,11.349396,-6.3950086,-12.238054,-9.003132,-6.9866858,3.8769517,1.5640275,1
0.0,0,11.349459,-6.3950143,-12.238197,-9.003059,-6.9866524,3.876896,1.5640137,1
0.0,0,11.349471,-6.395077,-12.238202,-9.002961,-6.986655,3.876882,1.5640216,1
0.0,0,11.349462,-6.39508,-12.238163,-9.002977,-6.986678,3.8769112,1.5640101,1
5.0,5,8.566628,-4.2826047,-5.079804,-6.306426,-27.626844,23.257355,-12.664353,1
5.0,5,8.566628,-4.2826047,-5.079804,-6.306426,-27.626844,23.257355,-12.664353,1
5.0,5,8.566628,-4.2826047,-5.079804,-6.306426,-27.626844,23.257355,-12.664353,1
5.0,5,8.56662,-4.2825937,-5.0797915,-6.306425,-27.626856,23.257366,-12.66437,1
5.0,5,8.566628,-4.2826047,-5.079804,-6.306426,-27.626844,23.257355,-12.664353,1
5.0,5,8.566628,-4.2826047,-5.079804,-6.306426,-27.626844,23.257355,-12.664353,1
4.0,4,0.9115113,10.565407,0.08691761,-7.5267754,18.76262,-14.196415,-1.7181008,1
4.0,4,0.9115113,10.565407,0.08691761,-7.5267754,18.76262,-14.196415,-1.7181008,1
4.0,4,0.9115113,10.565407,0.08691761,-7.5267754,18.76262,-14.196415,-1.7181008,1
4.0,4,0.9115113,10.565407,0.08691761,-7.5267754,18.76262,-14.196415,-1.7181008,1
4.0,4,0.9115113,10.565407,0.08691761,-7.5267754,18.76262,-14.196415,-1.7181008,1
4.0,4,0.9115113,10.565407,0.08691761,-7.5267754,18.76262,-14.196415,-1.7181008,1
4.0,4,-1.6791179,14.164019,-1.0630693,-2.6314952,26.700453,-19.44558,-2.6137886,1
4.0,4,-1.6792314,14.164143,-1.0629286,-2.6313019,26.700073,-19.445477,-2.6140497,1
4.0,4,-1.6790786,14.16407,-1.0632566,-2.6315594,26.700123,-19.445438,-2.6138697,1
4.0,4,-1.6791861,14.164129,-1.062998,-2.6313288,26.699963,-19.445415,-2.614077,1
4.0,4,-1.6791639,14.164036,-1.063026,-2.631431,26.700611,-19.445671,-2.613759,1
4.0,4,-1.6791086,14.164038,-1.0631336,-2.6315057,26.700367,-19.445536,-2.6138186,1
1.0,1,-0.3400929,14.067074,0.12681809,-8.573723,6.5951977,-4.775919,-9.230527,1
1.0,1,-0.3400929,14.067074,0.12681809,-8.573723,6.5951977,-4.775919,-9.230527,1
1.0,1,-0.3400929,14.067074,0.12681809,-8.573723,6.5951977,-4.775919,-9.230527,1
1.0,1,-0.3400929,14.067074,0.12681809,-8.573723,6.5951977,-4.775919,-9.230527,1
1.0,1,-0.3400929,14.067074,0.12681809,-8.573723,6.5951977,-4.775919,-9.230527,1
1.0,1,-0.3400929,14.067074,0.12681809,-8.573723,6.5951977,-4.775919,-9.230527,1
4.0,4,-1.737113,14.240797,0.3391995,-3.237538,26.085255,-18.657484,-3.4024706,1
4.0,4,-1.737056,14.240919,0.3391945,-3.2378876,26.085089,-18.65714,-3.4027176,1
4.0,4,-1.736937,14.240826,0.3391175,-3.2382832,26.084877,-18.657078,-3.4024835,1
4.0,4,-1.736892,14.240726,0.33916685,-3.2383804,26.084661,-18.656935,-3.4024553,1
4.0,4,-1.737086,14.240757,0.33925638,-3.2376778,26.08511,-18.657375,-3.4024496,1
4.0,4,-1.7371542,14.240974,0.3392522,-3.237885,26.085022,-18.657187,-3.4026728,1
2.0,2,-7.437067,9.256163,29.055468,-17.624798,-0.57877696,3.0547004,-7.375371,1
2.0,2,-7.437067,9.256163,29.055468,-17.624798,-0.57877696,3.0547004,-7.375371,1
2.0,2,-7.437067,9.256163,29.055468,-17.624798,-0.57877696,3.0547004,-7.375371,1
2.0,2,-7.437067,9.256163,29.055468,-17.624798,-0.57877696,3.0547004,-7.375371,1
2.0,2,-7.437067,9.256163,29.055468,-17.624798,-0.57877696,3.0547004,-7.375371,1
2.0,2,-7.437067,9.256163,29.055468,-17.624798,-0.57877696,3.0547004,-7.375371,1
0.0,0,10.7253895,-5.432034,-11.802411,-10.082681,-8.582082,5.6674705,0.54680467,1
0.0,0,10.725385,-5.4320273,-11.802412,-10.082684,-8.582086,5.6674747,0.54680276,1
0.0,0,10.725385,-5.4320273,-11.802412,-10.082684,-8.582086,5.6674747,0.54680276,1
0.0,0,10.725385,-5.4320273,-11.802412,-10.082684,-8.582086,5.6674747,0.54680276,1
0.0,0,10.725385,-5.4320273,-11.802412,-10.082684,-8.582086,5.6674747,0.54680276,1
0.0,0,10.725386,-5.4320273,-11.802412,-10.082685,-8.582085,5.667474,0.5468042,1
3.0,3,1.5975075,-7.4257045,-14.416018,48.309517,-1.7973119,-0.60936296,-13.3169775,1
3.0,3,1.5975006,-7.4257035,-14.416004,48.309532,-1.7973057,-0.6093699,-13.316978,1
3.0,3,1.597501,-7.4257007,-14.416003,48.30953,-1.7973083,-0.6093718,-13.316978,1
3.0,3,1.5975125,-7.425716,-14.416005,48.309498,-1.7973276,-0.60936296,-13.316956,1
3.0,3,1.5975103,-7.4257083,-14.416025,48.309513,-1.7973169,-0.6093596,-13.316973,1
3.0,3,1.597508,-7.4257083,-14.416012,48.309517,-1.7973164,-0.6093639,-13.316971,1
2.0,2,-7.494032,8.96541,30.0335,-17.774849,-0.11254346,2.4405017,-6.851536,1
2.0,2,-7.494032,8.96541,30.0335,-17.774849,-0.11254346,2.4405017,-6.851536,1
2.0,2,-7.494032,8.96541,30.0335,-17.774849,-0.11254346,2.4405017,-6.851536,1
2.0,2,-7.494032,8.96541,30.0335,-17.774849,-0.11254346,2.4405017,-6.851536,1
2.0,2,-7.494032,8.96541,30.0335,-17.774849,-0.11254346,2.4405017,-6.851536,1
2.0,2,-7.494032,8.96541,30.0335,-17.774849,-0.11254346,2.4405017,-6.851536,1
2.0,2,-7.33148,8.32202,31.155668,-18.595371,1.0299395,1.3304666,-5.701377,1
2.0,2,-7.33148,8.32202,31.155668,-18.595371,1.0299395,1.3304666,-5.701377,1
2.0,2,-7.33148,8.32202,31.155668,-18.595371,1.0299395,1.3304666,-5.701377,1
2.0,2,-7.33148,8.32202,31.155668,-18.595371,1.0299395,1.3304666,-5.701377,1
2.0,2,-7.33148,8.32202,31.155668,-18.595371,1.0299395,1.3304666,-5.701377,1
2.0,2,-7.33148,8.32202,31.155668,-18.595371,1.0299395,1.3304666,-5.701377,1
6.0,6,10.41856,-21.51248,-6.9241834,-17.337578,6.3383045,-13.79097,41.577106,1
6.0,6,10.41856,-21.51248,-6.9241834,-17.337578,6.3383045,-13.79097,41.577106,1
6.0,6,10.41856,-21.51248,-6.9241834,-17.337578,6.3383045,-13.79097,41.577106,1
6.0,6,10.41856,-21.51248,-6.9241834,-17.337578,6.3383045,-13.79097,41.577106,1
6.0,6,10.41856,-21.51248,-6.9241834,-17.337578,6.3383045,-13.79097,41.577106,1
6.0,6,10.41856,-21.51248,-6.9241834,-17.337578,6.3383045,-13.79097,41.577106,1
1.0,1,-0.57541394,14.218443,0.48845193,-8.344355,6.406424,-4.7259607,-9.406698,1
1.0,1,-0.57543373,14.218491,0.4883736,-8.344269,6.4065967,-4.726104,-9.406691,1
1.0,1,-0.5755267,14.21851,0.48847494,-8.344152,6.406562,-4.726099,-9.4067,1
1.0,1,-0.57543373,14.218491,0.4883736,-8.344269,6.4065967,-4.726104,-9.406691,1
1.0,1,-0.57543373,14.218491,0.4883736,-8.344269,6.4065967,-4.726104,-9.406691,1
1.0,1,-0.57543373,14.218491,0.4883736,-8.344269,6.4065967,-4.726104,-9.406691,1
0.0,0,11.275001,-5.834101,-12.243644,-9.763908,-7.6580954,4.7209587,0.81402254,1
0.0,0,11.274998,-5.834127,-12.243622,-9.763873,-7.658103,4.7209625,0.8140118,1
0.0,0,11.274966,-5.8341484,-12.243541,-9.763956,-7.658307,4.721151,0.8140116,1
0.0,0,11.274909,-5.834051,-12.243347,-9.764084,-7.65845,4.7213264,0.8138311,1
0.0,0,11.274886,-5.83411,-12.243302,-9.7640915,-7.65849,4.721358,0.81389356,1
0.0,0,11.274995,-5.834087,-12.243651,-9.76393,-7.6581125,4.7209735,0.81402993,1
4.0,4,-1.7903366,14.714588,-0.9510566,-3.5124068,26.239872,-19.378965,-2.7098856,1
4.0,4,-1.7903366,14.714588,-0.9510566,-3.5124068,26.239872,-19.378965,-2.7098856,1
4.0,4,-1.7903366,14.714588,-0.9510566,-3.5124068,26.239872,-19.378965,-2.7098856,1
4.0,4,-1.7903366,14.714588,-0.9510566,-3.5124068,26.239872,-19.378965,-2.7098856,1
4.0,4,-1.7903366,14.714588,-0.9510566,-3.5124068,26.239872,-19.378965,-2.7098856,1
4.0,4,-1.7903366,14.714588,-0.9510566,-3.5124068,26.239872,-19.378965,-2.7098856,1
6.0,6,9.363348,-19.817417,-7.7422156,-15.466467,6.483285,-13.1493435,39.608875,1
6.0,6,9.363348,-19.817413,-7.7422166,-15.466466,6.4832854,-13.149343,39.608875,1
6.0,6,9.363348,-19.817417,-7.7422156,-15.466467,6.483285,-13.1493435,39.608875,1
6.0,6,9.363348,-19.817413,-7.7422166,-15.466466,6.4832854,-13.149343,39.608875,1
6.0,6,9.363348,-19.817413,-7.7422166,-15.466466,6.4832854,-13.149343,39.608875,1
6.0,6,9.363348,-19.817413,-7.7422166,-15.466466,6.4832854,-13.149343,39.608875,1
2.0,2,-7.1249695,8.335934,30.799168,-18.301716,0.26916993,1.9463352,-6.3991127,1
2.0,2,-7.1249695,8.335934,30.799168,-18.301716,0.26916993,1.9463352,-6.3991127,1
2.0,2,-7.1249695,8.335934,30.799168,-18.301716,0.26916993,1.9463352,-6.3991127,1
2.0,2,-7.1249695,8.335934,30.799168,-18.301716,0.26916993,1.9463352,-6.3991127,1
2.0,2,-7.1249695,8.335934,30.799168,-18.301716,0.26916993,1.9463352,-6.3991127,1
2.0,2,-7.1249695,8.335934,30.799168,-18.301716,0.26916993,1.9463352,-6.3991127,1
0.0,0,10.975368,-5.2798166,-11.693392,-7.652925,-6.6424103,4.410164,-1.084866,1
0.0,0,10.975442,-5.2799244,-11.693531,-7.653167,-6.6424417,4.4100857,-1.0845486,1
0.0,0,10.9753685,-5.2798176,-11.693392,-7.6529226,-6.642411,4.4101653,-1.0848681,1
0.0,0,10.975342,-5.2797885,-11.693394,-7.6529274,-6.6423163,4.4100966,-1.0848198,1
0.0,0,10.975356,-5.2798076,-11.693389,-7.6529455,-6.642396,4.4101524,-1.0848489,1
0.0,0,10.9753475,-5.2797947,-11.693384,-7.652893,-6.642331,4.4101143,-1.0848569,1
2.0,2,-8.087823,10.395662,27.710066,-16.219612,-0.90258896,3.4996877,-8.208752,1
2.0,2,-8.087823,10.395662,27.710066,-16.219612,-0.90258896,3.4996877,-8.208752,1
2.0,2,-8.087823,10.395662,27.710066,-16.219612,-0.90258896,3.4996877,-8.208752,1
2.0,2,-8.087823,10.395662,27.710066,-16.219612,-0.90258896,3.4996877,-8.208752,1
2.0,2,-8.087823,10.395662,27.710066,-16.219612,-0.90258896,3.4996877,-8.208752,1
2.0,2,-8.087823,10.395662,27.710066,-16.219612,-0.90258896,3.4996877,-8.208752,1
2.0,2,-3.5096939,7.148938,12.830883,-6.269741,-1.5657953,1.9898199,-7.2898493,1
2.0,2,-3.5097115,7.1487365,12.831372,-6.270245,-1.5660492,1.9901303,-7.289694,1
2.0,2,-3.5094354,7.1485205,12.830402,-6.2694745,-1.5659252,1.9898566,-7.2895746,1
2.0,2,-3.5098307,7.149008,12.831472,-6.2701254,-1.5659238,1.9900316,-7.289935,1
2.0,2,-3.5097296,7.14881,12.831363,-6.2700434,-1.5662128,1.9903065,-7.289999,1
2.0,2,-3.509837,7.1487703,12.831808,-6.270198,-1.5663728,1.9905123,-7.2900496,1
5.0,5,8.971053,-4.2278795,-6.0415525,-8.187529,-25.846869,22.195868,-11.348685,1
5.0,5,8.971053,-4.2278795,-6.0415525,-8.187529,-25.846869,22.195868,-11.348685,1
5.0,5,8.971053,-4.2278795,-6.0415525,-8.187529,-25.846869,22.195868,-11.348685,1
5.0,5,8.971053,-4.2278795,-6.0415525,-8.187529,-25.846869,22.195868,-11.348685,1
5.0,5,8.971053,-4.2278795,-6.0415525,-8.187529,-25.846869,22.195868,-11.348685,1
5.0,5,8.971053,-4.2278795,-6.0415525,-8.187529,-25.846869,22.195868,-11.348685,1
2.0,2,-7.3595505,9.0580635,29.718737,-17.979298,-0.06828177,2.539843,-7.0611944,1
2.0,2,-7.3595505,9.0580635,29.718737,-17.979298,-0.06828177,2.539843,-7.0611944,1
2.0,2,-7.3595505,9.0580635,29.718737,-17.979298,-0.06828177,2.539843,-7.0611944,1
2.0,2,-7.3595505,9.0580635,29.718737,-17.979298,-0.06828177,2.539843,-7.0611944,1
2.0,2,-7.3595505,9.0580635,29.718737,-17.979298,-0.06828177,2.539843,-7.0611944,1
2.0,2,-7.3595505,9.0580635,29.718737,-17.979298,-0.06828177,2.539843,-7.0611944,1
5.0,5,9.455528,-5.6651764,-6.4602475,-5.971306,-26.720404,21.768944,-10.457881,1
5.0,5,9.455054,-5.6649184,-6.459724,-5.970808,-26.72129,21.769712,-10.458529,1
5.0,5,9.4553,-5.6651154,-6.4603763,-5.9705887,-26.721067,21.769556,-10.458366,1
5.0,5,9.455386,-5.66518,-6.460265,-5.9708023,-26.720877,21.769344,-10.458209,1
5.0,5,9.455098,-5.6649003,-6.4602923,-5.9704685,-26.721529,21.770123,-10.458855,1
5.0,5,9.455161,-5.6649966,-6.4602823,-5.970561,-26.721178,21.769749,-10.458525,1
2.0,2,-7.5419245,8.98665,30.080742,-17.713661,-0.07540667,2.4376264,-6.861024,1
2.0,2,-7.5419292,8.986654,30.08075,-17.713669,-0.07539117,2.437615,-6.8610153,1
2.0,2,-7.5419292,8.986654,30.08075,-17.713669,-0.07539117,2.437615,-6.8610153,1
2.0,2,-7.5419283,8.986658,30.08073,-17.713665,-0.075395465,2.4376183,-6.861019,1
2.0,2,-7.5419245,8.986654,30.08073,-17.713665,-0.07541382,2.4376307,-6.861025,1
2.0,2,-7.5419245,8.98665,30.080742,-17.713661,-0.07540667,2.4376264,-6.861024,1
2.0,2,-7.3435,8.812061,30.440685,-18.25174,0.7335342,1.6976844,-6.512455,1
2.0,2,-7.3435,8.812061,30.440685,-18.25174,0.7335342,1.6976844,-6.512455,1
2.0,2,-7.3435,8.812061,30.440685,-18.25174,0.7335342,1.6976844,-6.512455,1
2.0,2,-7.3435,8.812061,30.440685,-18.25174,0.7335342,1.6976844,-6.512455,1
2.0,2,-7.3435,8.812061,30.440685,-18.25174,0.7335342,1.6976844,-6.512455,1
2.0,2,-7.3435,8.812061,30.440685,-18.25174,0.7335342,1.6976844,-6.512455,1
0.0,0,11.321608,-5.8120193,-12.072588,-9.378647,-7.1407623,4.175863,0.5987599,1
0.0,0,11.32266,-5.8125935,-12.075758,-9.373804,-7.139591,4.174152,0.59754705,1
0.0,0,11.323905,-5.815544,-12.07559,-9.368506,-7.1414175,4.175526,0.59446454,1
0.0,0,11.323937,-5.8140044,-12.077763,-9.36907,-7.137947,4.172308,0.59611607,1
0.0,0,11.323352,-5.811797,-12.078673,-9.372389,-7.136034,4.1707134,0.5981481,1
0.0,0,11.321416,-5.8078156,-12.076189,-9.3777275,-7.1364193,4.17332,0.5950849,1
5.0,0,11.581002,-7.0787673,-11.709648,-8.516798,-12.23376,8.566226,-0.60629654,0
5.0,0,11.58081,-7.0787187,-11.709629,-8.516848,-12.233325,8.565914,-0.6059761,0
5.0,0,11.580792,-7.078649,-11.70961,-8.517008,-12.233021,8.565661,-0.6058581,0
5.0,0,11.580802,-7.078771,-11.709635,-8.516768,-12.233429,8.565993,-0.60595727,0
5.0,0,11.580804,-7.078777,-11.709637,-8.516759,-12.233445,8.566008,-0.605963,0
5.0,0,11.580721,-7.0786347,-11.709657,-8.516849,-12.232973,8.565664,-0.60590625,0
3.0,3,1.5946221,-7.415586,-14.382328,48.28495,-1.8098334,-0.6137773,-13.321091,1
3.0,3,1.594624,-7.415591,-14.382324,48.28494,-1.8098408,-0.61377704,-13.321086,1
3.0,3,1.5946212,-7.41557,-14.382338,48.284954,-1.8098291,-0.6137761,-13.321115,1
3.0,3,1.5946224,-7.4155927,-14.382322,48.284943,-1.8098384,-0.6137768,-13.321084,1
3.0,3,1.5946207,-7.415586,-14.382326,48.28495,-1.8098339,-0.6137763,-13.321094,1
3.0,3,1.59462,-7.415583,-14.382326,48.28495,-1.8098317,-0.6137756,-13.3210945,1
3.0,3,1.8463264,-7.4562163,-14.603054,47.489315,-2.084312,-0.2848102,-13.251642,1
3.0,3,1.8463113,-7.456222,-14.60304,47.489334,-2.0843458,-0.28480542,-13.251629,1
3.0,3,1.8463087,-7.456266,-14.603044,47.489365,-2.0844173,-0.28480756,-13.251556,1
3.0,3,1.8463149,-7.456239,-14.603041,47.489346,-2.0843458,-0.2848066,-13.251609,1
3.0,3,1.8463328,-7.45622,-14.603058,47.48928,-2.0843468,-0.28479373,-13.251631,1
3.0,3,1.8463194,-7.4562287,-14.603052,47.48937,-2.0843015,-0.28483737,-13.251627,1
1.0,1,-0.67432094,14.953493,0.013130516,-8.774544,6.6033373,-4.762008,-9.82521,1
1.0,1,-0.67432094,14.953493,0.013130516,-8.774544,6.6033373,-4.762008,-9.82521,1
1.0,1,-0.67432094,14.953493,0.013130516,-8.774544,6.6033373,-4.762008,-9.82521,1
1.0,1,-0.67432094,14.953493,0.013130516,-8.774544,6.6033373,-4.762008,-9.82521,1
1.0,1,-0.67432094,14.953493,0.013130516,-8.774544,6.6033373,-4.762008,-9.82521,1
1.0,1,-0.67432094,14.953493,0.013130516,-8.774544,6.6033373,-4.762008,-9.82521,1
6.0,6,9.960563,-20.950394,-6.364596,-17.033016,7.3844624,-14.410886,41.463997,1
6.0,6,9.960557,-20.950386,-6.36459,-17.033014,7.384473,-14.410893,41.463997,1
6.0,6,9.960557,-20.95039,-6.3645883,-17.033,7.3844776,-14.4108925,41.46399,1
6.0,6,9.960525,-20.950336,-6.364556,-17.033054,7.3845196,-14.410927,41.464024,1
6.0,6,9.96055,-20.950365,-6.3645844,-17.033115,7.3844433,-14.410889,41.464054,1
6.0,6,9.960545,-20.950361,-6.364575,-17.033096,7.384463,-14.410896,41.464046,1
4.0,4,-1.5714211,14.688139,-1.0513219,-3.9722857,25.678276,-19.04771,-2.8520408,1
4.0,4,-1.5714211,14.688139,-1.0513219,-3.9722857,25.678276,-19.04771,-2.8520408,1
4.0,4,-1.5714211,14.688139,-1.0513219,-3.9722857,25.678276,-19.04771,-2.8520408,1
4.0,4,-1.5714211,14.688139,-1.0513219,-3.9722857,25.678276,-19.04771,-2.8520408,1
4.0,4,-1.5714211,14.688139,-1.0513219,-3.9722857,25.678276,-19.04771,-2.8520408,1
4.0,4,-1.5714211,14.688139,-1.0513219,-3.9722857,25.678276,-19.04771,-2.8520408,1
6.0,6,10.228089,-21.154959,-6.666258,-17.631475,6.6891036,-14.052668,41.678726,1
6.0,6,10.228089,-21.154959,-6.666258,-17.631475,6.6891036,-14.052668,41.678726,1
6.0,6,10.228089,-21.154959,-6.666258,-17.631475,6.6891036,-14.052668,41.678726,1
6.0,6,10.228089,-21.154959,-6.666258,-17.631475,6.6891036,-14.052668,41.678726,1
6.0,6,10.228089,-21.154959,-6.666258,-17.631475,6.6891036,-14.052668,41.678726,1
6.0,6,10.228089,-21.154959,-6.666258,-17.631475,6.6891036,-14.052668,41.678726,1
3.0,3,1.606117,-7.4591937,-14.354928,48.26984,-1.8074137,-0.6368028,-13.261236,1
3.0,3,1.6061165,-7.4591937,-14.354931,48.26984,-1.8074151,-0.6368023,-13.261238,1
3.0,3,1.6061156,-7.459192,-14.354933,48.269848,-1.807412,-0.63680327,-13.261242,1
3.0,3,1.6061163,-7.4591937,-14.354933,48.26984,-1.8074149,-0.63680065,-13.261239,1
3.0,3,1.6061168,-7.4591937,-14.354931,48.269848,-1.8074144,-0.63680255,-13.26124,1
3.0,3,1.6061027,-7.459172,-14.354942,48.26988,-1.8073982,-0.63680613,-13.261269,1
1.0,1,-1.5884769,14.797562,1.4474716,-9.291388,5.4840326,-3.857987,-9.07543,1
1.0,1,-1.5884769,14.797562,1.4474716,-9.291388,5.4840326,-3.857987,-9.07543,1
1.0,1,-1.5884769,14.797562,1.4474716,-9.291388,5.4840326,-3.857987,-9.07543,1
1.0,1,-1.5884769,14.797562,1.4474716,-9.291388,5.4840326,-3.857987,-9.07543,1
1.0,1,-1.5884769,14.797562,1.4474716,-9.291388,5.4840326,-3.857987,-9.07543,1
1.0,1,-1.5884769,14.797562,1.4474716,-9.291388,5.4840326,-3.857987,-9.07543,1
1.0,1,-0.07531595,14.447451,-0.54521143,-8.839829,7.6021304,-5.9458504,-8.903674,1
1.0,1,-0.07531595,14.447451,-0.54521143,-8.839829,7.6021304,-5.9458504,-8.903674,1
1.0,1,-0.07531595,14.447451,-0.54521143,-8.839829,7.6021304,-5.9458504,-8.903674,1
1.0,1,-0.07531595,14.447451,-0.54521143,-8.839829,7.6021304,-5.9458504,-8.903674,1
1.0,1,-0.07531595,14.447451,-0.54521143,-8.839829,7.6021304,-5.9458504,-8.903674,1
1.0,1,-0.07531595,14.447451,-0.54521143,-8.839829,7.6021304,-5.9458504,-8.903674,1
4.0,4,-1.4252582,14.275879,-0.36734632,-4.821776,24.94709,-18.17711,-2.791288,1
4.0,4,-1.4252582,14.275879,-0.36734632,-4.821776,24.94709,-18.17711,-2.791288,1
4.0,4,-1.4252582,14.275879,-0.36734632,-4.821776,24.94709,-18.17711,-2.791288,1
4.0,4,-1.4252582,14.275879,-0.36734632,-4.821776,24.94709,-18.17711,-2.791288,1
4.0,4,-1.4252582,14.275879,-0.36734632,-4.821776,24.94709,-18.17711,-2.791288,1
4.0,4,-1.4252582,14.275879,-0.36734632,-4.821776,24.94709,-18.17711,-2.791288,1
6.0,6,10.131124,-21.08964,-6.59736,-17.564234,6.8094234,-14.106343,41.702484,1
6.0,6,10.131124,-21.08964,-6.59736,-17.564234,6.8094234,-14.106343,41.702484,1
6.0,6,10.131124,-21.08964,-6.59736,-17.564234,6.8094234,-14.106343,41.702484,1
6.0,6,10.131124,-21.08964,-6.59736,-17.564234,6.8094234,-14.106343,41.702484,1
6.0,6,10.131124,-21.08964,-6.59736,-17.564234,6.8094234,-14.106343,41.702484,1
6.0,6,10.131124,-21.08964,-6.59736,-17.564234,6.8094234,-14.106343,41.702484,1
2.0,2,-7.435628,8.667297,29.726925,-17.585709,-0.027180314,2.4039512,-6.641753,1
2.0,2,-7.435628,8.667297,29.726925,-17.585709,-0.027180314,2.4039512,-6.641753,1
2.0,2,-7.435628,8.667297,29.726925,-17.585709,-0.027180314,2.4039512,-6.641753,1
2.0,2,-7.435628,8.667297,29.726925,-17.585709,-0.027180314,2.4039512,-6.641753,1
2.0,2,-7.435628,8.667297,29.726925,-17.585709,-0.027180314,2.4039512,-6.641753,1
2.0,2,-7.435628,8.667297,29.726925,-17.585709,-0.027180314,2.4039512,-6.641753,1
4.0,4,-1.9276726,14.025667,-0.5060847,-1.8824732,27.75136,-20.116545,-2.4047298,1
4.0,4,-1.9276469,14.025625,-0.5061152,-1.8824388,27.751343,-20.116549,-2.404715,1
4.0,4,-1.9276879,14.025671,-0.50603116,-1.8824587,27.75138,-20.11653,-2.4047444,1
4.0,4,-1.927618,14.025473,-0.5060656,-1.8822103,27.751553,-20.116695,-2.4045868,1
4.0,4,-1.9275987,14.02556,-0.50612366,-1.8823992,27.751326,-20.11653,-2.4046912,1
4.0,4,-1.9276211,14.025606,-0.5061568,-1.8824466,27.751314,-20.116537,-2.4046962,1
6.0,6,10.009376,-20.844666,-6.562039,-17.758173,6.8414016,-14.123918,41.71138,1
6.0,6,10.009328,-20.844646,-6.5618334,-17.758223,6.841678,-14.124161,41.71153,1
6.0,6,10.009638,-20.845253,-6.5616055,-17.758226,6.8416805,-14.124296,41.71182,1
6.0,6,10.009356,-20.844795,-6.5615506,-17.75836,6.8418427,-14.124345,41.711784,1
6.0,6,10.009742,-20.845366,-6.5617847,-17.75822,6.841424,-14.124102,41.711754,1
6.0,6,10.0093565,-20.8447,-6.561898,-17.758163,6.841639,-14.124131,41.71152,1
1.0,1,-1.1342483,15.328283,0.45309588,-7.806118,7.082295,-5.5138845,-10.004575,1
1.0,1,-1.1342483,15.328283,0.45309588,-7.806118,7.082295,-5.5138845,-10.004575,1
1.0,1,-1.1342483,15.328283,0.45309588,-7.806118,7.082295,-5.5138845,-10.004575,1
1.0,1,-1.1342483,15.328283,0.45309588,-7.806118,7.082295,-5.5138845,-10.004575,1
1.0,1,-1.1342483,15.328283,0.45309588,-7.806118,7.082295,-5.5138845,-10.004575,1
1.0,1,-1.1342483,15.328283,0.45309588,-7.806118,7.082295,-5.5138845,-10.004575,1
2.0,2,-7.362385,8.537224,30.714031,-18.188412,0.5770863,1.7722758,-6.146941,1
2.0,2,-7.362385,8.537224,30.714031,-18.188412,0.5770863,1.7722758,-6.146941,1
2.0,2,-7.362385,8.537224,30.714031,-18.188412,0.5770863,1.7722758,-6.146941,1
2.0,2,-7.362385,8.537224,30.714031,-18.188412,0.5770863,1.7722758,-6.146941,1
2.0,2,-7.362385,8.537224,30.714031,-18.188412,0.5770863,1.7722758,-6.146941,1
2.0,2,-7.362385,8.537224,30.714031,-18.188412,0.5770863,1.7722758,-6.146941,1
1.0,1,-1.4745445,14.849859,0.920956,-8.447626,5.600621,-3.90164,-9.5465355,1
1.0,1,-1.4745445,14.849859,0.920956,-8.447626,5.600621,-3.90164,-9.5465355,1
1.0,1,-1.4745445,14.849859,0.920956,-8.447626,5.600621,-3.90164,-9.5465355,1
1.0,1,-1.4745445,14.849859,0.920956,-8.447626,5.600621,-3.90164,-9.5465355,1
1.0,1,-1.4745445,14.849859,0.920956,-8.447626,5.600621,-3.90164,-9.5465355,1
1.0,1,-1.4745445,14.849859,0.920956,-8.447626,5.600621,-3.90164,-9.5465355,1
3.0,3,1.5887525,-7.4616675,-14.353657,48.29855,-1.8046435,-0.62951696,-13.259079,1
3.0,3,1.5888319,-7.461766,-14.353632,48.29827,-1.8047785,-0.6294812,-13.258905,1
3.0,3,1.5888042,-7.461702,-14.35363,48.29839,-1.8047148,-0.6295115,-13.259006,1
3.0,3,1.5888417,-7.461784,-14.353493,48.298244,-1.8047544,-0.62955654,-13.258873,1
3.0,3,1.5887179,-7.4615455,-14.353812,48.29868,-1.8046385,-0.62946975,-13.259253,1
3.0,3,1.5888026,-7.4617057,-14.353668,48.2984,-1.8047467,-0.62946975,-13.259014,1
1.0,1,-0.36062884,14.641993,-0.18927225,-9.391402,7.1621857,-5.5015063,-8.863931,1
1.0,1,-0.36062884,14.641993,-0.18927225,-9.391402,7.1621857,-5.5015063,-8.863931,1
1.0,1,-0.36062884,14.641993,-0.18927225,-9.391402,7.1621857,-5.5015063,-8.863931,1
1.0,1,-0.3606391,14.64201,-0.18926927,-9.391386,7.1621523,-5.501478,-8.863968,1
1.0,1,-0.3606391,14.64201,-0.18926927,-9.391386,7.1621523,-5.501478,-8.863968,1
1.0,1,-0.36062884,14.641993,-0.18927225,-9.391402,7.1621857,-5.5015063,-8.863931,1
4.0,4,-1.6818428,14.332283,0.37611315,-3.4731066,26.009943,-18.533327,-3.4971693,1
4.0,4,-1.6818461,14.332289,0.37610433,-3.473094,26.00997,-18.533354,-3.497158,1
4.0,4,-1.6817384,14.331909,0.37573788,-3.4717958,26.01117,-18.534174,-3.4968987,1
4.0,4,-1.6818249,14.331919,0.3759466,-3.4718008,26.011269,-18.534208,-3.4969027,1
4.0,4,-1.6818402,14.332277,0.3760948,-3.4730923,26.009989,-18.533375,-3.497138,1
4.0,4,-1.6818264,14.332289,0.3760918,-3.4732282,26.009878,-18.533312,-3.4971278,1
3.0,3,1.5980043,-7.4528127,-14.353598,48.2881,-1.8079392,-0.6259023,-13.276615,1
3.0,3,1.5980105,-7.4528193,-14.353582,48.288086,-1.8079437,-0.62590635,-13.276607,1
3.0,3,1.5980046,-7.4528136,-14.35359,48.288105,-1.807933,-0.62590873,-13.276615,1
3.0,3,1.5980003,-7.45281,-14.353587,48.288116,-1.8079225,-0.62591565,-13.276623,1
3.0,3,1.598007,-7.4528174,-14.353585,48.288094,-1.8079394,-0.6259059,-13.276611,1
3.0,3,1.5980122,-7.452824,-14.353586,48.28808,-1.807953,-0.62589896,-13.276604,1
3.0,3,1.694587,-7.5118413,-14.475763,47.97987,-2.0616903,-0.45724833,-13.170213,1
3.0,3,1.6944776,-7.511747,-14.4756775,47.980213,-2.061419,-0.45739853,-13.170374,1
3.0,3,1.694536,-7.5118203,-14.47571,47.98004,-2.061561,-0.45732677,-13.170258,1
3.0,3,1.6945646,-7.5118375,-14.475751,47.979954,-2.0616355,-0.45728457,-13.170222,1
3.0,3,1.6945345,-7.5118155,-14.475695,47.980038,-2.0615606,-0.45731938,-13.170269,1
3.0,3,1.6945503,-7.511807,-14.475748,47.979984,-2.0616016,-0.4573127,-13.170258,1
6.0,6,10.285269,-21.316862,-6.760151,-17.486916,6.548312,-13.942977,41.670918,1
6.0,6,10.285271,-21.316862,-6.7601523,-17.486916,6.548308,-13.942974,41.670918,1
6.0,6,10.285269,-21.316862,-6.760151,-17.486916,6.548312,-13.942977,41.670918,1
6.0,6,10.285269,-21.316862,-6.760151,-17.486916,6.548312,-13.942977,41.670918,1
6.0,6,10.285269,-21.316862,-6.760151,-17.486916,6.548312,-13.942977,41.670918,1
6.0,6,10.285269,-21.31686,-6.760153,-17.486912,6.548313,-13.942977,41.670914,1
4.0,4,-1.4256465,14.137623,-0.24221924,-3.1501517,25.300436,-18.490074,-3.6074457,1
4.0,4,-1.4256465,14.137623,-0.24221924,-3.1501517,25.300436,-18.490074,-3.6074457,1
4.0,4,-1.4256465,14.137623,-0.24221924,-3.1501517,25.300436,-18.490074,-3.6074457,1
4.0,4,-1.4256465,14.137623,-0.24221924,-3.1501517,25.300436,-18.490074,-3.6074457,1
4.0,4,-1.4256465,14.137623,-0.24221924,-3.1501517,25.300436,-18.490074,-3.6074457,1
4.0,4,-1.4256465,14.137623,-0.24221924,-3.1501517,25.300436,-18.490074,-3.6074457,1
2.0,2,-7.6427383,8.960305,29.812986,-17.663073,0.2664336,2.177606,-6.5024204,1
2.0,2,-7.6427383,8.960305,29.812986,-17.663073,0.2664336,2.177606,-6.5024204,1
2.0,2,-7.6427383,8.960305,29.812986,-17.663073,0.2664336,2.177606,-6.5024204,1
2.0,2,-7.6427383,8.960305,29.812986,-17.663073,0.2664336,2.177606,-6.5024204,1
2.0,2,-7.6427383,8.960305,29.812986,-17.663073,0.2664336,2.177606,-6.5024204,1
2.0,2,-7.6427383,8.960305,29.812986,-17.663073,0.2664336,2.177606,-6.5024204,1
1.0,1,-1.3107853,14.794516,1.020761,-9.044923,5.4043365,-3.8291826,-9.393851,1
1.0,1,-1.3107836,14.794514,1.0207583,-9.044924,5.40434,-3.8291855,-9.393849,1
1.0,1,-1.3107831,14.794516,1.0207573,-9.044922,5.4043393,-3.8291845,-9.393851,1
1.0,1,-1.3107836,14.794514,1.0207583,-9.044924,5.40434,-3.8291855,-9.393849,1
1.0,1,-1.3107839,14.794516,1.0207586,-9.044923,5.40434,-3.8291855,-9.39385,1
1.0,1,-1.3107836,14.794514,1.0207583,-9.044924,5.40434,-3.8291855,-9.393849,1
4.0,4,-1.7165024,14.8010235,-1.0005783,-3.651497,25.768095,-18.990177,-3.081419,1
4.0,4,-1.7165086,14.800861,-1.0005817,-3.6510744,25.768436,-18.990416,-3.0812874,1
4.0,4,-1.7165289,14.8008995,-1.0005422,-3.6511774,25.768387,-18.990362,-3.0813062,1
4.0,4,-1.7165036,14.801022,-1.000572,-3.6514902,25.76811,-18.990189,-3.0814137,1
4.0,4,-1.7165027,14.800926,-1.0005882,-3.6512582,25.768278,-18.990318,-3.0813332,1
4.0,4,-1.7165377,14.801094,-1.0005137,-3.6516418,25.767998,-18.990074,-3.0814915,1
5.0,5,9.146395,-5.7265506,-6.583907,-4.7110496,-26.582273,21.654476,-10.64287,1
5.0,5,9.146395,-5.7265506,-6.583907,-4.7110496,-26.582273,21.654476,-10.64287,1
5.0,5,9.146395,-5.7265506,-6.583907,-4.7110496,-26.582273,21.654476,-10.64287,1
5.0,5,9.146395,-5.7265506,-6.583907,-4.7110496,-26.582273,21.654476,-10.64287,1
5.0,5,9.146395,-5.7265506,-6.583907,-4.7110496,-26.582273,21.654476,-10.64287,1
5.0,5,9.146395,-5.7265506,-6.583907,-4.7110496,-26.582273,21.654476,-10.64287,1
2.0,2,-7.2494106,8.220186,30.260128,-17.454277,0.18757927,2.2393274,-6.7471514,1
2.0,2,-7.2494106,8.220186,30.260128,-17.454277,0.18757927,2.2393274,-6.7471514,1
2.0,2,-7.2494106,8.220186,30.260128,-17.454277,0.18757927,2.2393274,-6.7471514,1
2.0,2,-7.2494106,8.220186,30.260128,-17.454277,0.18757927,2.2393274,-6.7471514,1
2.0,2,-7.2494106,8.220186,30.260128,-17.454277,0.18757927,2.2393274,-6.7471514,1
2.0,2,-7.2494106,8.220186,30.260128,-17.454277,0.18757927,2.2393274,-6.7471514,1
3.0,3,1.5906398,-7.416755,-14.400654,48.308647,-1.8128785,-0.6000346,-13.328421,1
3.0,3,1.5903952,-7.416737,-14.40028,48.30916,-1.8125709,-0.60047066,-13.328331,1
3.0,3,1.5906157,-7.416823,-14.400557,48.30866,-1.8129362,-0.60002506,-13.328325,1
3.0,3,1.590666,-7.4167466,-14.400687,48.308567,-1.8129109,-0.5999607,-13.328452,1
3.0,3,1.5904388,-7.416654,-14.400461,48.309097,-1.8125612,-0.60039604,-13.328461,1
3.0,3,1.590394,-7.416716,-14.400303,48.30918,-1.8125132,-0.60048926,-13.328369,1
0.0,0,11.410317,-5.502951,-12.665256,-9.620916,-6.9908047,4.098471,0.5373311,1
0.0,0,11.4103155,-5.502944,-12.665262,-9.620921,-6.990797,4.098467,0.53733516,1
0.0,0,11.410315,-5.5029426,-12.665264,-9.620924,-6.990793,4.0984635,0.537339,1
0.0,0,11.4103155,-5.502949,-12.665253,-9.620918,-6.9908037,4.0984726,0.5373306,1
0.0,0,11.410318,-5.5029516,-12.665256,-9.620916,-6.9908047,4.0984716,0.5373304,1
0.0,0,11.410318,-5.502952,-12.665256,-9.620915,-6.9908056,4.098473,0.53732896,1
6.0,6,10.290168,-21.261362,-6.7094502,-17.559885,6.590352,-13.979796,41.630096,1
6.0,6,10.290168,-21.261362,-6.7094502,-17.559885,6.590352,-13.979796,41.630096,1
6.0,6,10.290168,-21.261362,-6.7094502,-17.559885,6.590352,-13.979796,41.630096,1
6.0,6,10.290168,-21.261362,-6.7094502,-17.559885,6.590352,-13.979796,41.630096,1
6.0,6,10.290168,-21.261362,-6.7094502,-17.559885,6.590352,-13.979796,41.630096,1
6.0,6,10.290168,-21.261362,-6.7094502,-17.559885,6.590352,-13.979796,41.630096,1
3.0,3,1.6042273,-7.411938,-14.40168,48.254585,-1.8374065,-0.586547,-13.327599,1
3.0,3,1.6042414,-7.4119534,-14.40168,48.25453,-1.8374425,-0.58652604,-13.327575,1
3.0,3,1.6042376,-7.411946,-14.401676,48.25455,-1.8374285,-0.58653796,-13.327587,1
3.0,3,1.6042235,-7.411943,-14.40167,48.2546,-1.837396,-0.5865544,-13.327596,1
3.0,3,1.6042337,-7.4119506,-14.401667,48.254555,-1.8374242,-0.5865427,-13.327578,1
3.0,3,1.6042185,-7.4119487,-14.401664,48.254612,-1.8373946,-0.5865594,-13.327587,1
1.0,1,-0.8767035,15.224073,0.09555361,-8.782364,6.5686994,-4.7901945,-9.904535,1
1.0,1,-0.8766911,15.224068,0.09551248,-8.782368,6.5687857,-4.790268,-9.904482,1
1.0,1,-0.87665296,15.224033,0.09550294,-8.782417,6.568829,-4.790291,-9.90445,1
1.0,1,-0.8767395,15.224073,0.09565756,-8.782246,6.568598,-4.790131,-9.904638,1
1.0,1,-0.8766339,15.224018,0.095488876,-8.782453,6.568847,-4.7902994,-9.904421,1
1.0,1,-0.87667704,15.224012,0.0956603,-8.782343,6.568615,-4.7901216,-9.904603,1
2.0,2,-7.244069,8.33298,30.913559,-18.378448,0.7132393,1.5801924,-5.9530926,1
2.0,2,-7.244069,8.33298,30.913559,-18.378448,0.7132393,1.5801924,-5.9530926,1
2.0,2,-7.244069,8.33298,30.913559,-18.378448,0.7132393,1.5801924,-5.9530926,1
2.0,2,-7.244069,8.33298,30.913559,-18.378448,0.7132393,1.5801924,-5.9530926,1
2.0,2,-7.244069,8.33298,30.913559,-18.378448,0.7132393,1.5801924,-5.9530926,1
2.0,2,-7.244069,8.33298,30.913559,-18.378448,0.7132393,1.5801924,-5.9530926,1
2.0,2,-7.4032717,8.783131,30.439768,-18.436638,0.9333328,1.502406,-6.0503397,1
2.0,2,-7.40327,8.783107,30.439798,-18.436687,0.9333359,1.5023922,-6.050295,1
2.0,2,-7.4032164,8.782982,30.439932,-18.436684,0.9333159,1.5023991,-6.0503044,1
2.0,2,-7.4032183,8.783003,30.439903,-18.436638,0.93331516,1.5024096,-6.0503454,1
2.0,2,-7.4032164,8.782982,30.439932,-18.436682,0.9333154,1.5023993,-6.0503044,1
2.0,2,-7.4032164,8.782982,30.439934,-18.436684,0.9333149,1.5023996,-6.0503044,1
0.0,0,11.131149,-5.543722,-12.324387,-9.163094,-7.054372,4.142482,0.653846,1
0.0,0,11.13109,-5.543957,-12.324087,-9.162768,-7.0546236,4.1426735,0.65376997,1
0.0,0,11.131092,-5.5438676,-12.324276,-9.162883,-7.0545225,4.142549,0.65395045,1
0.0,0,11.131225,-5.5439963,-12.324394,-9.162608,-7.054635,4.142613,0.65374684,1
0.0,0,11.131135,-5.544001,-12.324449,-9.16258,-7.0545416,4.142532,0.65395546,1
0.0,0,11.131197,-5.5440316,-12.3243885,-9.162438,-7.054656,4.142654,0.653677,1
6.0,6,10.207408,-21.210522,-6.6774945,-17.41616,6.730189,-14.056122,41.633816,1
6.0,6,10.207408,-21.210522,-6.6774945,-17.41616,6.730189,-14.056122,41.633816,1
6.0,6,10.207408,-21.210522,-6.6774945,-17.41616,6.730189,-14.056122,41.633816,1
6.0,6,10.207408,-21.210522,-6.6774945,-17.41616,6.730189,-14.056122,41.633816,1
6.0,6,10.207408,-21.210522,-6.6774945,-17.41616,6.730189,-14.056122,41.633816,1
6.0,6,10.207408,-21.210522,-6.6774945,-17.41616,6.730189,-14.056122,41.633816,1
4.0,4,-1.4483049,13.991148,-0.7358396,-3.2893615,26.036455,-19.181673,-2.6479754,1
4.0,4,-1.4483049,13.991148,-0.7358396,-3.2893615,26.036455,-19.181673,-2.6479754,1
4.0,4,-1.4483049,13.991148,-0.7358396,-3.2893615,26.036455,-19.181673,-2.6479754,1
4.0,4,-1.4483049,13.991148,-0.7358396,-3.2893615,26.036455,-19.181673,-2.6479754,1
4.0,4,-1.4483049,13.991148,-0.7358396,-3.2893615,26.036455,-19.181673,-2.6479754,1
4.0,4,-1.4483049,13.991148,-0.7358396,-3.2893615,26.036455,-19.181673,-2.6479754,1
4.0,4,-0.9944408,13.54294,-0.52754784,-4.516883,24.38753,-18.130627,-2.4938984,1
4.0,4,-0.9944408,13.54294,-0.52754784,-4.516883,24.38753,-18.130627,-2.4938984,1
4.0,4,-0.9944408,13.54294,-0.52754784,-4.516883,24.38753,-18.130627,-2.4938984,1
4.0,4,-0.9944408,13.54294,-0.52754784,-4.516883,24.38753,-18.130627,-2.4938984,1
4.0,4,-0.9944408,13.54294,-0.52754784,-4.516883,24.38753,-18.130627,-2.4938984,1
4.0,4,-0.9944408,13.54294,-0.52754784,-4.516883,24.38753,-18.130627,-2.4938984,1
4.0,4,-1.0974095,13.550301,-0.31994835,-4.2221117,24.727919,-18.273653,-2.562964,1
4.0,4,-1.0974095,13.550301,-0.31994835,-4.2221117,24.727919,-18.273653,-2.562964,1
4.0,4,-1.0974095,13.550301,-0.31994835,-4.2221117,24.727919,-18.273653,-2.562964,1
4.0,4,-1.0974095,13.550301,-0.31994835,-4.2221117,24.727919,-18.273653,-2.562964,1
4.0,4,-1.0974095,13.550301,-0.31994858,-4.2221117,24.727919,-18.273651,-2.562964,1
4.0,4,-1.0974095,13.550301,-0.31994835,-4.2221117,24.727919,-18.273653,-2.562964,1
0.0,0,11.441258,-5.4811234,-12.776098,-9.905789,-7.0949144,4.106345,0.7422316,1
0.0,0,11.441258,-5.4811234,-12.776098,-9.905789,-7.0949144,4.106345,0.7422316,1
0.0,0,11.441258,-5.4811234,-12.776098,-9.905789,-7.0949144,4.106345,0.7422316,1
0.0,0,11.441258,-5.4811234,-12.776098,-9.905789,-7.0949144,4.106345,0.7422316,1
0.0,0,11.441258,-5.4811234,-12.776098,-9.905789,-7.0949144,4.106345,0.7422316,1
0.0,0,11.441258,-5.4811234,-12.776098,-9.905789,-7.0949144,4.106345,0.7422316,1
4.0,4,-1.7768872,14.791544,-0.7108437,-3.9363053,25.842716,-19.016333,-2.9239352,1
4.0,4,-1.7768872,14.791544,-0.7108437,-3.9363053,25.842716,-19.016333,-2.9239352,1
4.0,4,-1.7768872,14.791544,-0.7108437,-3.9363053,25.842716,-19.016333,-2.9239352,1
4.0,4,-1.7768872,14.791544,-0.7108437,-3.9363053,25.842716,-19.016333,-2.9239352,1
4.0,4,-1.7768872,14.791544,-0.7108437,-3.9363053,25.842716,-19.016333,-2.9239352,1
4.0,4,-1.7768872,14.791544,-0.7108437,-3.9363053,25.842716,-19.016333,-2.9239352,1
3.0,3,1.6543167,-7.44107,-14.424717,48.080784,-1.9408411,-0.4809674,-13.297121,1
3.0,3,1.6543527,-7.441118,-14.424726,48.080677,-1.9409319,-0.4808997,-13.297062,1
3.0,3,1.6543512,-7.4411216,-14.4247265,48.080692,-1.9409398,-0.48089707,-13.297058,1
3.0,3,1.6543169,-7.4410777,-14.424724,48.080807,-1.9408375,-0.4809798,-13.29711,1
3.0,3,1.65431,-7.4410834,-14.424719,48.080833,-1.9408258,-0.48098743,-13.297108,1
3.0,3,1.6543608,-7.44113,-14.424709,48.080627,-1.9409543,-0.4808718,-13.297048,1
2.0,2,-3.2984517,7.0758624,11.9818945,-5.538393,-1.3768073,1.6875926,-7.252573,1
2.0,2,-3.2984517,7.0758624,11.9818945,-5.538393,-1.3768073,1.6875926,-7.252573,1
2.0,2,-3.2984517,7.0758624,11.9818945,-5.538393,-1.3768073,1.6875926,-7.252573,1
2.0,2,-3.2984517,7.0758624,11.9818945,-5.538393,-1.3768073,1.6875926,-7.252573,1
2.0,2,-3.2984517,7.0758624,11.9818945,-5.538393,-1.3768073,1.6875926,-7.252573,1
2.0,2,-3.2984517,7.0758624,11.9818945,-5.538393,-1.3768073,1.6875926,-7.252573,1
1.0,1,-0.041151166,13.7981415,-0.33036384,-9.001047,7.563517,-5.848609,-8.1101,1
1.0,1,-0.041151166,13.7981415,-0.33036384,-9.001047,7.563517,-5.848609,-8.1101,1
1.0,1,-0.041151166,13.7981415,-0.33036384,-9.001047,7.563517,-5.848609,-8.1101,1
1.0,1,-0.041151166,13.7981415,-0.33036384,-9.001047,7.563517,-5.848609,-8.1101,1
1.0,1,-0.041151166,13.7981415,-0.33036384,-9.001047,7.563517,-5.848609,-8.1101,1
1.0,1,-0.041151166,13.7981415,-0.33036384,-9.001047,7.563517,-5.848609,-8.1101,1
4.0,4,-1.7838039,14.299477,0.36250862,-3.133671,26.123505,-18.672392,-3.4891438,1
4.0,4,-1.7837887,14.299482,0.36244687,-3.1337085,26.123487,-18.6724,-3.489108,1
4.0,4,-1.7837875,14.299471,0.36244723,-3.1336741,26.123484,-18.672388,-3.4891212,1
4.0,4,-1.7838016,14.299494,0.36244223,-3.1336808,26.12352,-18.672422,-3.4891117,1
4.0,4,-1.7838104,14.299498,0.36248478,-3.1337771,26.123465,-18.672384,-3.4890924,1
4.0,4,-1.7837894,14.299488,0.36245045,-3.1337118,26.12348,-18.672394,-3.4891202,1
5.0,5,6.719061,-2.3075123,-3.8699098,-4.544593,-27.980389,25.891903,-16.394482,1
5.0,5,6.719061,-2.3075123,-3.8699098,-4.544593,-27.980389,25.891903,-16.394482,1
5.0,5,6.719061,-2.3075123,-3.8699098,-4.544593,-27.980389,25.891903,-16.394482,1
5.0,5,6.719061,-2.3075123,-3.8699098,-4.544593,-27.980389,25.891903,-16.394482,1
5.0,5,6.719061,-2.3075123,-3.8699098,-4.544593,-27.980389,25.891903,-16.394482,1
5.0,5,6.719061,-2.3075123,-3.8699098,-4.544593,-27.980389,25.891903,-16.394482,1
6.0,6,10.346679,-21.415348,-6.807833,-17.392597,6.497138,-13.906025,41.62575,1
6.0,6,10.346679,-21.415348,-6.807833,-17.392597,6.497138,-13.906025,41.62575,1
6.0,6,10.346679,-21.415348,-6.807833,-17.392597,6.497138,-13.906025,41.62575,1
6.0,6,10.346679,-21.415348,-6.807833,-17.392597,6.497138,-13.906025,41.62575,1
6.0,6,10.346679,-21.415348,-6.807833,-17.392597,6.497138,-13.906025,41.62575,1
6.0,6,10.346679,-21.415348,-6.807833,-17.392597,6.497138,-13.906025,41.62575,1
2.0,2,-7.377961,8.58003,30.59189,-18.108307,0.41583216,1.9257447,-6.2595224,1
2.0,2,-7.377961,8.58003,30.59189,-18.108307,0.41583216,1.9257447,-6.2595224,1
2.0,2,-7.377961,8.58003,30.59189,-18.108307,0.41583216,1.9257447,-6.2595224,1
2.0,2,-7.377961,8.58003,30.59189,-18.108307,0.41583216,1.9257447,-6.2595224,1
2.0,2,-7.377961,8.58003,30.59189,-18.108307,0.41583216,1.9257447,-6.2595224,1
2.0,2,-7.377961,8.58003,30.59189,-18.108307,0.41583216,1.9257447,-6.2595224,1
0.0,0,11.24986,-5.099537,-12.2925205,-10.155376,-7.034729,4.2938623,0.16956592,1
0.0,0,11.24986,-5.099537,-12.2925205,-10.155376,-7.034729,4.2938623,0.16956592,1
0.0,0,11.24986,-5.099537,-12.2925205,-10.155376,-7.034729,4.2938623,0.16956592,1
0.0,0,11.24986,-5.099537,-12.2925205,-10.155376,-7.034729,4.2938623,0.16956592,1
0.0,0,11.24986,-5.099537,-12.2925205,-10.155376,-7.034729,4.2938623,0.16956592,1
0.0,0,11.24986,-5.099537,-12.2925205,-10.155376,-7.034729,4.2938623,0.16956592,1
1.0,1,-0.87063336,15.107977,0.24997804,-8.207327,6.3624887,-4.697758,-10.215296,1
1.0,1,-0.87063336,15.107977,0.24997804,-8.207327,6.3624887,-4.697758,-10.215296,1
1.0,1,-0.87063336,15.107977,0.24997804,-8.207327,6.3624887,-4.697758,-10.215296,1
1.0,1,-0.87063336,15.107977,0.24997804,-8.207327,6.3624887,-4.697758,-10.215296,1
1.0,1,-0.87063336,15.107977,0.24997804,-8.207327,6.3624887,-4.697758,-10.215296,1
1.0,1,-0.87063336,15.107977,0.24997804,-8.207327,6.3624887,-4.697758,-10.215296,1
1.0,4,1.5828452,11.1793785,-1.0418111,-9.8636465,12.346026,-9.393912,-4.114481,0
1.0,4,1.5828344,11.179586,-1.0419331,-9.863472,12.345617,-9.393543,-4.1150737,0
1.0,4,1.5828569,11.179504,-1.0417857,-9.863561,12.345659,-9.393595,-4.11496,0
1.0,4,1.5828613,11.179287,-1.041736,-9.863699,12.34623,-9.394099,-4.114261,0
1.0,4,1.5828857,11.17931,-1.0418012,-9.863689,12.345871,-9.393799,-4.114476,0
1.0,4,1.5828689,11.179409,-1.0418468,-9.863645,12.345767,-9.393709,-4.1146636,0
3.0,3,9.692863,-8.6818905,-9.590829,12.251384,-8.080347,4.6986637,-6.9605265,1
3.0,3,9.693145,-8.681633,-9.58611,12.244482,-8.081237,4.697601,-6.959203,1
3.0,3,9.693023,-8.680744,-9.586547,12.256294,-8.082386,4.698304,-6.9666166,1
3.0,3,9.693123,-8.682531,-9.5890045,12.253705,-8.080774,4.6981792,-6.962,1
3.0,3,9.694262,-8.680845,-9.5894785,12.253513,-8.084295,4.700923,-6.9670343,1
3.0,3,9.694844,-8.684864,-9.59066,12.251307,-8.084246,4.7009134,-6.960516,1
4.0,4,-1.8479898,14.661152,-0.6908661,-3.0616944,26.523626,-19.467302,-2.9093084,1
4.0,4,-1.8479898,14.661152,-0.6908661,-3.0616944,26.523626,-19.467302,-2.9093084,1
4.0,4,-1.8479898,14.661152,-0.6908661,-3.0616944,26.523626,-19.467302,-2.9093084,1
4.0,4,-1.8479898,14.661152,-0.6908661,-3.0616944,26.523626,-19.467302,-2.9093084,1
4.0,4,-1.8479898,14.661152,-0.6908661,-3.0616944,26.523626,-19.467302,-2.9093084,1
4.0,4,-1.8479898,14.661152,-0.6908661,-3.0616944,26.523626,-19.467302,-2.9093084,1
3.0,3,1.5905323,-7.4003806,-14.416029,48.307148,-1.7897514,-0.5935868,-13.354487,1
3.0,3,1.590538,-7.400314,-14.416075,48.307114,-1.7897819,-0.5935708,-13.354555,1
3.0,3,1.5906346,-7.400701,-14.416083,48.307,-1.789867,-0.5935234,-13.35409,1
3.0,3,1.590492,-7.4004703,-14.415822,48.307213,-1.7898437,-0.5936867,-13.354333,1
3.0,3,1.5905387,-7.400536,-14.415912,48.307156,-1.7897829,-0.59365046,-13.354276,1
3.0,3,1.5905936,-7.4007726,-14.415991,48.307095,-1.7900249,-0.5936171,-13.353932,1
0.0,0,7.872446,-2.2727995,-9.0325575,-13.31981,-3.7569642,1.9185745,4.2898483,1
0.0,0,7.872446,-2.2727995,-9.0325575,-13.31981,-3.7569642,1.9185745,4.2898483,1
0.0,0,7.872445,-2.272798,-9.032558,-13.319809,-3.7569633,1.918574,4.2898483,1
0.0,0,7.872446,-2.2727995,-9.0325575,-13.31981,-3.7569642,1.9185745,4.2898483,1
0.0,0,7.872445,-2.272798,-9.032558,-13.319809,-3.7569633,1.918574,4.2898483,1
0.0,0,7.872446,-2.2727995,-9.0325575,-13.31981,-3.7569642,1.9185745,4.2898483,1
5.0,5,8.52432,-3.828979,-5.0569034,-7.021572,-27.880308,23.659155,-13.178144,1
5.0,5,8.524372,-3.8290362,-5.056948,-7.02176,-27.88034,23.659288,-13.178101,1
5.0,5,8.524364,-3.8290186,-5.0569577,-7.0217314,-27.880327,23.659277,-13.1781225,1
5.0,5,8.524323,-3.8289828,-5.056907,-7.021575,-27.880308,23.659157,-13.178141,1
5.0,5,8.524266,-3.828907,-5.0568495,-7.021488,-27.880302,23.659111,-13.178211,1
5.0,5,8.524276,-3.8289285,-5.056844,-7.0215216,-27.880314,23.659126,-13.178186,1
1.0,4,0.50757813,10.98226,-0.4453173,-6.83455,20.596634,-15.270707,-1.1848562,0
1.0,4,0.50757813,10.98226,-0.4453173,-6.83455,20.596634,-15.270707,-1.1848562,0
1.0,4,0.50757813,10.98226,-0.4453173,-6.83455,20.596634,-15.270707,-1.1848562,0
1.0,4,0.50757813,10.98226,-0.4453173,-6.83455,20.596634,-15.270707,-1.1848562,0
1.0,4,0.50757813,10.98226,-0.4453173,-6.83455,20.596634,-15.270707,-1.1848562,0
1.0,4,0.50757813,10.98226,-0.4453173,-6.83455,20.596634,-15.270707,-1.1848562,0
1.0,1,-0.82875013,15.000301,0.2700635,-8.50803,6.406851,-4.673749,-9.986729,1
1.0,1,-0.82875013,15.000301,0.2700635,-8.50803,6.406851,-4.673749,-9.986729,1
1.0,1,-0.82875013,15.000301,0.2700635,-8.50803,6.406851,-4.673749,-9.986729,1
1.0,1,-0.82875013,15.000301,0.2700635,-8.50803,6.406851,-4.673749,-9.986729,1
1.0,1,-0.82875013,15.000301,0.2700635,-8.50803,6.406851,-4.673749,-9.986729,1
1.0,1,-0.82875013,15.000301,0.2700635,-8.50803,6.406851,-4.673749,-9.986729,1
0.0,0,11.436186,-6.0515304,-12.592252,-8.649714,-6.741848,3.8934836,0.74876285,1
0.0,0,11.436207,-6.0516224,-12.592293,-8.649458,-6.7420645,3.8936734,0.7486119,1
0.0,0,11.436139,-6.051486,-12.592345,-8.649413,-6.7418904,3.8935513,0.74861026,1
0.0,0,11.436185,-6.0514965,-12.592421,-8.649462,-6.7418303,3.8934736,0.7486789,1
0.0,0,11.436239,-6.051582,-12.592382,-8.649665,-6.7418337,3.8934307,0.74879384,1
0.0,0,11.4361925,-6.051522,-12.592321,-8.64974,-6.741794,3.8934193,0.7488189,1
6.0,6,10.274571,-21.294186,-6.7753825,-17.497742,6.5360527,-13.932287,41.66683,1
6.0,6,10.274575,-21.29419,-6.775386,-17.497738,6.5360484,-13.932285,41.666824,1
6.0,6,10.274571,-21.294182,-6.775381,-17.497746,6.5360527,-13.932288,41.666832,1
6.0,6,10.274571,-21.294182,-6.7753835,-17.497738,6.5360527,-13.932287,41.66683,1
6.0,6,10.274564,-21.29417,-6.775376,-17.497753,6.5360613,-13.932295,41.666836,1
6.0,6,10.274565,-21.294168,-6.7753778,-17.497746,6.536063,-13.932294,41.666832,1
1.0,1,1.125906,12.696724,-1.5428932,-9.529126,8.910498,-6.4106092,-7.295439,1
1.0,1,1.125906,12.696724,-1.5428932,-9.529126,8.910498,-6.4106092,-7.295439,1
1.0,1,1.125906,12.696724,-1.5428932,-9.529126,8.910498,-6.4106092,-7.295439,1
1.0,1,1.125906,12.696724,-1.5428932,-9.529126,8.910498,-6.4106092,-7.295439,1
1.0,1,1.125906,12.696724,-1.5428932,-9.529126,8.910498,-6.4106092,-7.295439,1
1.0,1,1.125906,12.696724,-1.5428932,-9.529126,8.910498,-6.4106092,-7.295439,1
4.0,4,-1.3426888,14.148993,-0.36066332,-4.466061,24.931166,-18.283405,-2.8656394,1
4.0,4,-1.3426888,14.148993,-0.36066332,-4.466061,24.931166,-18.283405,-2.8656394,1
4.0,4,-1.3426888,14.148993,-0.36066332,-4.466061,24.931166,-18.283405,-2.8656394,1
4.0,4,-1.3426888,14.148993,-0.36066332,-4.466061,24.931166,-18.283405,-2.8656394,1
4.0,4,-1.3426888,14.148993,-0.36066332,-4.466061,24.931166,-18.283405,-2.8656394,1
4.0,4,-1.3426888,14.148993,-0.36066332,-4.466061,24.931166,-18.283405,-2.8656394,1
6.0,6,10.334436,-21.393314,-6.7833943,-17.462925,6.4609566,-13.888452,41.65225,1
6.0,6,10.334436,-21.393314,-6.7833943,-17.462925,6.4609566,-13.888452,41.65225,1
6.0,6,10.334436,-21.393314,-6.7833943,-17.462925,6.4609566,-13.888452,41.65225,1
6.0,6,10.334436,-21.393314,-6.7833943,-17.462925,6.4609566,-13.888452,41.65225,1
6.0,6,10.334436,-21.393314,-6.7833943,-17.462925,6.4609566,-13.888452,41.65225,1
6.0,6,10.334436,-21.393314,-6.7833943,-17.462925,6.4609566,-13.888452,41.65225,1
1.0,1,-1.4232285,14.661472,1.6513584,-7.5087433,6.5061035,-5.353405,-9.333146,1
1.0,1,-1.4232285,14.661472,1.6513584,-7.5087433,6.5061035,-5.353405,-9.333146,1
1.0,1,-1.4232285,14.661472,1.6513584,-7.5087433,6.5061035,-5.353405,-9.333146,1
1.0,1,-1.4232285,14.661472,1.6513584,-7.5087433,6.5061035,-5.353405,-9.333146,1
1.0,1,-1.4232285,14.661472,1.6513584,-7.5087433,6.5061035,-5.353405,-9.333146,1
1.0,1,-1.4232285,14.661472,1.6513584,-7.5087433,6.5061035,-5.353405,-9.333146,1
6.0,6,10.046089,-21.054773,-6.4714665,-17.010447,7.239903,-14.318628,41.437428,1
6.0,6,10.046089,-21.054773,-6.4714665,-17.010447,7.239903,-14.318628,41.437428,1
6.0,6,10.046089,-21.054773,-6.4714665,-17.010447,7.239903,-14.318628,41.437428,1
6.0,6,10.046089,-21.054773,-6.4714665,-17.010447,7.239903,-14.318628,41.437428,1
6.0,6,10.046089,-21.054773,-6.4714665,-17.010447,7.239903,-14.318628,41.437428,1
6.0,6,10.046089,-21.054773,-6.4714665,-17.010447,7.239903,-14.318628,41.437428,1
4.0,4,-0.38698626,12.404394,-0.111641675,-5.0087237,23.174227,-17.291868,-2.1106467,1
4.0,4,-0.38707542,12.404503,-0.11163226,-5.008555,23.174477,-17.292023,-2.110712,1
4.0,4,-0.38698626,12.404394,-0.111641675,-5.0087237,23.174227,-17.291868,-2.1106467,1
4.0,4,-0.38698745,12.404396,-0.11164275,-5.008722,23.174232,-17.291872,-2.110649,1
4.0,4,-0.38698626,12.404394,-0.111641675,-5.0087237,23.174227,-17.291868,-2.1106467,1
4.0,4,-0.38698626,12.404394,-0.111641675,-5.0087237,23.174227,-17.291868,-2.1106467,1
6.0,6,1.8219616,-2.012673,3.2812448,-10.752639,0.4603262,-1.4083349,8.270788,1
6.0,6,1.8218138,-2.012415,3.2814188,-10.752478,0.46040285,-1.4083471,8.2704525,1
6.0,6,1.8219461,-2.0126882,3.2813573,-10.752694,0.4603231,-1.4083171,8.270805,1
6.0,6,1.821959,-2.0126667,3.2812464,-10.752634,0.4603287,-1.4083358,8.2707815,1
6.0,6,1.8219616,-2.012673,3.2812448,-10.752639,0.4603262,-1.4083349,8.270788,1
6.0,6,1.8219616,-2.012673,3.2812448,-10.752639,0.4603262,-1.4083349,8.270788,1
1.0,1,-1.0552735,15.130184,0.49144003,-7.733033,6.323959,-4.7946486,-10.296453,1
1.0,1,-1.0552735,15.130184,0.49144003,-7.733033,6.323959,-4.7946486,-10.296453,1
1.0,1,-1.0552735,15.130184,0.49144003,-7.733033,6.323959,-4.7946486,-10.296453,1
1.0,1,-1.0552735,15.130184,0.49144003,-7.733033,6.323959,-4.7946486,-10.296453,1
1.0,1,-1.0552735,15.130184,0.49144003,-7.733033,6.323959,-4.7946486,-10.296453,1
1.0,1,-1.0552735,15.130184,0.49144003,-7.733033,6.323959,-4.7946486,-10.296453,1
3.0,3,1.5815549,-7.447038,-14.338457,48.31466,-1.7894853,-0.64038026,-13.279169,1
3.0,3,1.5814998,-7.446914,-14.338625,48.314835,-1.7894937,-0.6402973,-13.279361,1
3.0,3,1.5817134,-7.4472966,-14.338232,48.31415,-1.7896508,-0.6404213,-13.278757,1
3.0,3,1.5816517,-7.4471793,-14.338373,48.314358,-1.7896091,-0.6403829,-13.278936,1
3.0,3,1.5815632,-7.4470162,-14.338522,48.31465,-1.789508,-0.64034665,-13.279203,1
3.0,3,1.5815749,-7.4470916,-14.338412,48.31458,-1.7895421,-0.64036644,-13.279091,1
5.0,5,8.480174,-4.581141,-5.234673,-5.8395815,-28.236088,23.667212,-12.557526,1
5.0,5,8.480106,-4.5810494,-5.234656,-5.839488,-28.236153,23.6673,-12.557676,1
5.0,5,8.480138,-4.581057,-5.234699,-5.8395987,-28.236252,23.667393,-12.557682,1
5.0,5,8.480198,-4.580996,-5.234711,-5.83984,-28.236233,23.667393,-12.557718,1
5.0,5,8.48,-4.580981,-5.2346683,-5.8394423,-28.236486,23.667583,-12.557793,1
5.0,5,8.47973,-4.580702,-5.234522,-5.839115,-28.236755,23.667852,-12.558208,1
1.0,1,-3.1765883,14.087721,3.8368802,-7.3459597,1.792907,-0.8553719,-9.656186,1
1.0,1,-3.1765883,14.087721,3.8368802,-7.3459597,1.792907,-0.8553719,-9.656186,1
1.0,1,-3.1765883,14.087721,3.8368802,-7.3459597,1.792907,-0.8553719,-9.656186,1
1.0,1,-3.1765883,14.087721,3.8368802,-7.3459597,1.792907,-0.8553719,-9.656186,1
1.0,1,-3.1765883,14.087721,3.8368802,-7.3459597,1.792907,-0.8553719,-9.656186,1
1.0,1,-3.1765883,14.087721,3.8368802,-7.3459597,1.792907,-0.8553719,-9.656186,1
0.0,0,11.328063,-5.932427,-12.148201,-9.948931,-7.652192,4.658023,0.9926431,1
0.0,0,11.328076,-5.9323645,-12.148302,-9.949047,-7.6519814,4.65783,0.9927957,1
0.0,0,11.328096,-5.9323616,-12.148324,-9.949074,-7.651908,4.657761,0.99283147,1
0.0,0,11.328112,-5.932432,-12.1482725,-9.949091,-7.6520157,4.6578417,0.99284506,1
0.0,0,11.328118,-5.932434,-12.148284,-9.949035,-7.652087,4.657903,0.9927747,1
0.0,0,11.328125,-5.9324503,-12.148289,-9.949016,-7.6520815,4.657896,0.99278235,1
2.0,2,-7.071907,8.27755,30.85204,-19.36274,0.56164825,1.4792,-5.6865854,1
2.0,2,-7.071907,8.27755,30.85204,-19.36274,0.56164825,1.4792,-5.6865854,1
2.0,2,-7.071907,8.27755,30.85204,-19.36274,0.56164825,1.4792,-5.6865854,1
2.0,2,-7.071907,8.27755,30.85204,-19.36274,0.56164825,1.4792,-5.6865854,1
2.0,2,-7.071907,8.27755,30.85204,-19.36274,0.56164825,1.4792,-5.6865854,1
2.0,2,-7.071907,8.27755,30.85204,-19.36274,0.56164825,1.4792,-5.6865854,1
5.0,5,8.312544,-4.1532373,-5.2395186,-5.8010178,-28.220226,23.48147,-12.73324,1
5.0,5,8.312544,-4.1532373,-5.2395186,-5.8010178,-28.220226,23.48147,-12.73324,1
5.0,5,8.312544,-4.1532373,-5.2395186,-5.8010178,-28.220226,23.48147,-12.73324,1
5.0,5,8.312544,-4.1532373,-5.2395186,-5.8010178,-28.220226,23.48147,-12.73324,1
5.0,5,8.312544,-4.1532373,-5.2395186,-5.8010178,-28.220226,23.48147,-12.73324,1
5.0,5,8.312544,-4.1532373,-5.2395186,-5.8010178,-28.220226,23.48147,-12.73324,1
5.0,5,8.214918,-4.1355624,-3.9811368,-7.1975613,-27.750227,23.097471,-12.105389,1
5.0,5,8.215219,-4.1358376,-3.9810462,-7.1986475,-27.74977,23.097279,-12.104746,1
5.0,5,8.215132,-4.1358137,-3.9810247,-7.198338,-27.749847,23.09725,-12.104814,1
5.0,5,8.215018,-4.1356153,-3.9808373,-7.1985664,-27.749876,23.097376,-12.104958,1
5.0,5,8.21492,-4.135529,-3.9806733,-7.1985025,-27.749943,23.097378,-12.105036,1
5.0,5,8.214799,-4.135481,-3.980277,-7.198597,-27.749863,23.097225,-12.104952,1
0.0,0,10.9291525,-6.370462,-11.620735,-9.655174,-7.9145994,4.9318776,1.511009,1
0.0,0,10.9291525,-6.370462,-11.620735,-9.655174,-7.9145994,4.9318776,1.511009,1
0.0,0,10.9291525,-6.370462,-11.620735,-9.655174,-7.9145994,4.9318776,1.511009,1
0.0,0,10.9291525,-6.370462,-11.620735,-9.655174,-7.9145994,4.9318776,1.511009,1
0.0,0,10.9291525,-6.370462,-11.620735,-9.655174,-7.9145994,4.9318776,1.511009,1
0.0,0,10.9291525,-6.370462,-11.620735,-9.655174,-7.9145994,4.9318776,1.511009,1
5.0,5,8.367817,-3.729072,-6.636958,-5.712814,-28.751858,24.699432,-13.802834,1
5.0,5,8.367886,-3.7290864,-6.6370406,-5.712859,-28.751791,24.69939,-13.802834,1
5.0,5,8.367816,-3.729041,-6.6369863,-5.712748,-28.751844,24.699404,-13.802886,1
5.0,5,8.367788,-3.7290006,-6.6368184,-5.712833,-28.751848,24.69938,-13.802912,1
5.0,5,8.367838,-3.7290225,-6.6370444,-5.7128196,-28.751812,24.699434,-13.802915,1
5.0,5,8.367748,-3.7289634,-6.636761,-5.712883,-28.751932,24.699492,-13.802967,1
0.0,5,8.680006,-3.9173484,-5.575134,-6.6837864,-27.091988,22.678518,-12.671193,0
0.0,5,8.680158,-3.9174595,-5.575337,-6.683701,-27.091965,22.678495,-12.671188,0
0.0,5,8.679884,-3.91718,-5.575013,-6.6835794,-27.091984,22.678377,-12.67131,0
0.0,5,8.680076,-3.917451,-5.5752835,-6.6836596,-27.09166,22.678106,-12.670876,0
0.0,5,8.680188,-3.9175878,-5.575296,-6.6838303,-27.091568,22.678041,-12.670704,0
0.0,5,8.679961,-3.917313,-5.5749116,-6.683834,-27.091982,22.678411,-12.67115,0
3.0,3,1.5860908,-7.3861976,-14.376772,48.31145,-1.7729813,-0.62284195,-13.368283,1
3.0,3,1.5860615,-7.38615,-14.376622,48.31138,-1.7730657,-0.6228124,-13.36832,1
3.0,3,1.5860474,-7.3860383,-14.376689,48.311428,-1.7730438,-0.62286794,-13.368436,1
3.0,3,1.5860953,-7.3861957,-14.376652,48.31126,-1.7731749,-0.6227745,-13.368237,1
3.0,3,1.5860372,-7.3860955,-14.376654,48.311466,-1.7730564,-0.62285745,-13.368372,1
3.0,3,1.5861232,-7.3862386,-14.37674,48.311314,-1.7730378,-0.6227814,-13.368235,1
0.0,0,11.038021,-5.576584,-12.134929,-9.3337345,-7.2136536,4.283659,0.8086641,1
0.0,0,11.03775,-5.5760317,-12.135017,-9.334412,-7.2133083,4.2834597,0.8089652,1
0.0,0,11.037672,-5.576186,-12.135092,-9.3340225,-7.2132025,4.283354,0.80912066,1
0.0,0,11.038024,-5.5769453,-12.13478,-9.333303,-7.2138615,4.2837787,0.80869174,1
0.0,0,11.037914,-5.5766315,-12.134993,-9.333609,-7.213645,4.283626,0.80893946,1
0.0,0,11.037846,-5.576697,-12.135167,-9.333565,-7.2134266,4.283377,0.8093746,1
6.0,6,9.983725,-20.93244,-6.3568816,-17.535942,7.110648,-14.307112,41.730057,1
6.0,6,9.983725,-20.93244,-6.3568816,-17.535942,7.110648,-14.307112,41.730057,1
6.0,6,9.983725,-20.93244,-6.3568816,-17.535942,7.110648,-14.307112,41.730057,1
6.0,6,9.983725,-20.93244,-6.3568816,-17.535942,7.110648,-14.307112,41.730057,1
6.0,6,9.983725,-20.93244,-6.3568816,-17.535942,7.110648,-14.307112,41.730057,1
6.0,6,9.983725,-20.93244,-6.3568816,-17.535942,7.110648,-14.307112,41.730057,1
4.0,4,-1.4186525,14.2693,-0.5277486,-3.953459,25.092957,-18.430872,-3.1461601,1
4.0,4,-1.4186525,14.2693,-0.5277486,-3.953459,25.092957,-18.430872,-3.1461601,1
4.0,4,-1.4186525,14.2693,-0.5277486,-3.953459,25.092957,-18.430872,-3.1461601,1
4.0,4,-1.4186525,14.2693,-0.5277486,-3.953459,25.092957,-18.430872,-3.1461601,1
4.0,4,-1.4186525,14.2693,-0.5277486,-3.953459,25.092957,-18.430872,-3.1461601,1
4.0,4,-1.4186525,14.2693,-0.5277486,-3.953459,25.092957,-18.430872,-3.1461601,1
6.0,6,9.951421,-20.82941,-6.4306626,-17.5042,7.0604653,-14.259668,41.62383,1
6.0,6,9.951421,-20.82941,-6.4306626,-17.5042,7.0604653,-14.259668,41.62383,1
6.0,6,9.951421,-20.82941,-6.4306626,-17.5042,7.0604653,-14.259668,41.62383,1
6.0,6,9.951421,-20.82941,-6.4306626,-17.5042,7.0604653,-14.259668,41.62383,1
6.0,6,9.951421,-20.82941,-6.4306626,-17.5042,7.0604653,-14.259668,41.62383,1
6.0,6,9.951421,-20.82941,-6.4306626,-17.5042,7.0604653,-14.259668,41.62383,1
4.0,4,-1.2630639,13.801855,-0.2638879,-4.0840425,25.074326,-18.428932,-2.706549,1
4.0,4,-1.2630639,13.801855,-0.2638879,-4.0840425,25.074326,-18.428932,-2.706549,1
4.0,4,-1.2630639,13.801855,-0.2638879,-4.0840425,25.074326,-18.428932,-2.706549,1
4.0,4,-1.2630639,13.801855,-0.2638879,-4.0840425,25.074326,-18.428932,-2.706549,1
4.0,4,-1.2630639,13.801855,-0.2638879,-4.0840425,25.074326,-18.428932,-2.706549,1
4.0,4,-1.2630639,13.801855,-0.2638879,-4.0840425,25.074326,-18.428932,-2.706549,1
5.0,5,8.793434,-4.1963277,-6.383757,-5.2614584,-26.831013,22.155964,-12.510973,1
5.0,5,8.793496,-4.196389,-6.38419,-5.2610025,-26.830763,22.155697,-12.510878,1
5.0,5,8.793484,-4.196346,-6.384026,-5.261099,-26.83081,22.155718,-12.510956,1
5.0,5,8.793431,-4.196301,-6.3837953,-5.2613716,-26.83095,22.155876,-12.5109825,1
5.0,5,8.793309,-4.196186,-6.3836627,-5.2611856,-26.831007,22.155838,-12.511103,1
5.0,5,8.793383,-4.196269,-6.3837304,-5.261322,-26.831001,22.155901,-12.511024,1
2.0,2,-7.305807,8.276081,30.342672,-17.528767,0.20289934,2.2211003,-6.641139,1
2.0,2,-7.305807,8.276081,30.342672,-17.528767,0.20289934,2.2211003,-6.641139,1
2.0,2,-7.305807,8.276081,30.342672,-17.528767,0.20289934,2.2211003,-6.641139,1
2.0,2,-7.305807,8.276081,30.342672,-17.528767,0.20289934,2.2211003,-6.641139,1
2.0,2,-7.305807,8.276081,30.342672,-17.528767,0.20289934,2.2211003,-6.641139,1
2.0,2,-7.305807,8.276081,30.342672,-17.528767,0.20289934,2.2211003,-6.641139,1
0.0,0,11.222596,-6.203778,-11.981792,-9.339455,-7.2195377,4.165614,1.4060886,1
0.0,0,11.222599,-6.2037807,-11.9817915,-9.339451,-7.2195396,4.165614,1.4060879,1
0.0,0,11.2226095,-6.203811,-11.981772,-9.339424,-7.2195654,4.1656346,1.4060643,1
0.0,0,11.222598,-6.2037807,-11.9817915,-9.339451,-7.2195396,4.165614,1.4060879,1
0.0,0,11.222592,-6.203772,-11.981799,-9.33946,-7.2195244,4.1656036,1.4061022,1
0.0,0,11.2226,-6.2037835,-11.9817915,-9.339449,-7.2195425,4.165618,1.4060841,1
5.0,5,9.21534,-5.029042,-6.320995,-5.9332113,-26.608147,21.925398,-11.3626175,1
5.0,5,9.215336,-5.028929,-6.320976,-5.9332924,-26.6081,21.925371,-11.362724,1
5.0,5,9.215337,-5.0290303,-6.320994,-5.93321,-26.60814,21.925398,-11.362633,1
5.0,5,9.215349,-5.029067,-6.320993,-5.9332285,-26.608131,21.925386,-11.362579,1
5.0,5,9.2153015,-5.028903,-6.320934,-5.9332952,-26.608114,21.925386,-11.362747,1
5.0,5,9.215307,-5.028887,-6.3209925,-5.933179,-26.608082,21.925337,-11.362791,1
0.0,0,11.570393,-6.1482587,-12.169983,-10.232366,-6.9446936,3.8583379,1.4835536,1
0.0,0,11.570393,-6.1482587,-12.169983,-10.232366,-6.9446936,3.8583379,1.4835536,1
0.0,0,11.570393,-6.1482587,-12.169983,-10.232366,-6.9446936,3.8583379,1.4835536,1
0.0,0,11.570393,-6.1482587,-12.169983,-10.232366,-6.9446936,3.8583379,1.4835536,1
0.0,0,11.570393,-6.1482587,-12.169983,-10.232366,-6.9446936,3.8583379,1.4835536,1
0.0,0,11.570393,-6.1482587,-12.169983,-10.232366,-6.9446936,3.8583379,1.4835536,1
5.0,5,8.508029,-3.7978873,-5.0477476,-7.1957836,-27.56845,23.287107,-12.937574,1
5.0,5,8.508029,-3.7978873,-5.0477476,-7.1957836,-27.56845,23.287107,-12.937574,1
5.0,5,8.508029,-3.7978873,-5.0477476,-7.1957836,-27.56845,23.287107,-12.937574,1
5.0,5,8.508029,-3.7978873,-5.0477476,-7.1957836,-27.56845,23.287107,-12.937574,1
5.0,5,8.508029,-3.7978873,-5.0477476,-7.1957836,-27.56845,23.287107,-12.937574,1
5.0,5,8.508029,-3.7978873,-5.0477476,-7.1957836,-27.56845,23.287107,-12.937574,1
3.0,3,1.8082805,-7.276234,-14.725443,47.742104,-1.9861959,-0.54245317,-13.397833,1
3.0,3,1.8082871,-7.276221,-14.725445,47.742123,-1.9861351,-0.54248035,-13.3978615,1
3.0,3,1.8082378,-7.276294,-14.72538,47.742237,-1.986188,-0.5424608,-13.397783,1
3.0,3,1.8082917,-7.276194,-14.725437,47.74209,-1.9861387,-0.54248035,-13.397888,1
3.0,3,1.8082933,-7.276197,-14.725431,47.742107,-1.9861187,-0.5424956,-13.397892,1
3.0,3,1.8081129,-7.276522,-14.725319,47.742584,-1.9862767,-0.54237473,-13.397543,1
5.0,5,10.788517,-5.42676,-10.208639,-9.6495075,-14.528346,11.100266,-3.2865117,1
5.0,5,10.788393,-5.426557,-10.208717,-9.649269,-14.528437,11.100314,-3.2866776,1
5.0,5,10.7881975,-5.426292,-10.208482,-9.648918,-14.529682,11.101443,-3.2875733,1
5.0,5,10.788363,-5.4264827,-10.208432,-9.648595,-14.530029,11.101717,-3.288012,1
5.0,5,10.788451,-5.426443,-10.2086315,-9.649508,-14.52829,11.100184,-3.2867599,1
5.0,5,10.788574,-5.4269195,-10.208692,-9.649232,-14.528557,11.1004305,-3.2866316,1
0.0,0,11.197476,-6.084348,-12.111063,-9.731328,-7.8539066,4.8655987,1.106663,1
0.0,0,11.19738,-6.0843062,-12.110986,-9.731347,-7.853999,4.8657217,1.1066487,1
0.0,0,11.197379,-6.0842986,-12.110991,-9.731349,-7.853985,4.8657103,1.1066425,1
0.0,0,11.197394,-6.0843263,-12.111002,-9.731321,-7.8539658,4.8656816,1.1066637,1
0.0,0,11.197436,-6.0843487,-12.111007,-9.731319,-7.854045,4.865741,1.1066191,1
0.0,0,11.19744,-6.0843334,-12.1110325,-9.731333,-7.8539495,4.86565,1.1066549,1
5.0,5,8.430314,-4.400126,-5.2618523,-5.651063,-28.118113,23.48797,-12.716965,1
5.0,5,8.429902,-4.399582,-5.2617803,-5.6509085,-28.118975,23.488981,-12.717882,1
5.0,5,8.429692,-4.399594,-5.2620025,-5.650164,-28.119389,23.489254,-12.718039,1
5.0,5,8.429339,-4.399521,-5.2623496,-5.6493564,-28.120167,23.490118,-12.718431,1
5.0,5,8.429957,-4.39975,-5.262319,-5.6502614,-28.11898,23.48885,-12.717754,1
5.0,5,8.430303,-4.400283,-5.2626195,-5.6500764,-28.118315,23.488031,-12.716958,1
0.0,0,11.4622965,-5.8541718,-12.117707,-10.201752,-7.4614115,4.514352,0.7938509,1
0.0,0,11.462281,-5.8541803,-12.117633,-10.201815,-7.46144,4.5143824,0.79385996,1
0.0,0,11.462281,-5.854182,-12.117634,-10.201815,-7.461442,4.514383,0.7938597,1
0.0,0,11.462298,-5.8542027,-12.117663,-10.201785,-7.461483,4.5144134,0.79386306,1
0.0,0,11.462207,-5.8542647,-12.117247,-10.202021,-7.4617167,4.514663,0.79383135,1
0.0,0,11.462286,-5.8542156,-12.117588,-10.201762,-7.4614954,4.514433,0.79379654,1
3.0,3,1.5861506,-7.4018874,-14.388449,48.31847,-1.7772986,-0.61717093,-13.349392,1
3.0,3,1.5861523,-7.401873,-14.388458,48.31846,-1.7773045,-0.61716044,-13.349407,1
3.0,3,1.5861533,-7.401878,-14.388458,48.31846,-1.777301,-0.6171614,-13.349403,1
3.0,3,1.5861583,-7.4018884,-14.388447,48.318443,-1.7773122,-0.61716187,-13.349386,1
3.0,3,1.586154,-7.401873,-14.38846,48.318455,-1.7773119,-0.61715686,-13.349406,1
3.0,3,1.5861497,-7.4018817,-14.388451,48.318474,-1.7772888,-0.6171707,-13.3494,1
4.0,4,-1.900831,14.810577,-0.57784617,-3.9070034,26.00593,-19.15594,-2.8160534,1
4.0,4,-1.900831,14.810577,-0.57784617,-3.9070034,26.00593,-19.15594,-2.8160534,1
4.0,4,-1.900831,14.810577,-0.57784617,-3.9070034,26.00593,-19.15594,-2.8160534,1
4.0,4,-1.900831,14.810577,-0.57784617,-3.9070034,26.00593,-19.15594,-2.8160534,1
4.0,4,-1.900831,14.810577,-0.57784617,-3.9070034,26.00593,-19.15594,-2.8160534,1
4.0,4,-1.900831,14.810577,-0.57784617,-3.9070034,26.00593,-19.15594,-2.8160534,1
6.0,6,10.555102,-21.619589,-6.536815,-17.035355,6.0278144,-13.5399,40.90072,1
6.0,6,10.555102,-21.619589,-6.536815,-17.035355,6.0278144,-13.5399,40.90072,1
6.0,6,10.555102,-21.619589,-6.536815,-17.035355,6.0278144,-13.5399,40.90072,1
6.0,6,10.555102,-21.619589,-6.536815,-17.035355,6.0278144,-13.5399,40.90072,1
6.0,6,10.555102,-21.619589,-6.536815,-17.035355,6.0278144,-13.5399,40.90072,1
6.0,6,10.555102,-21.619589,-6.536815,-17.035355,6.0278144,-13.5399,40.90072,1
1.0,1,-1.0025582,15.100592,0.37052485,-8.389231,6.1734796,-4.540114,-10.043825,1
1.0,1,-1.0025582,15.100592,0.37052485,-8.389231,6.1734796,-4.540114,-10.043825,1
1.0,1,-1.0025582,15.100592,0.37052485,-8.389231,6.1734796,-4.540114,-10.043825,1
1.0,1,-1.0025582,15.100592,0.37052485,-8.389231,6.1734796,-4.540114,-10.043825,1
1.0,1,-1.0025582,15.100592,0.37052485,-8.389231,6.1734796,-4.540114,-10.043825,1
1.0,1,-1.0025582,15.100592,0.37052485,-8.389231,6.1734796,-4.540114,-10.043825,1
5.0,5,8.0485525,-2.8945227,-4.66484,-7.8537226,-29.30517,25.481514,-14.631798,1
5.0,5,8.048591,-2.8945813,-4.66483,-7.8537254,-29.305084,25.481384,-14.631687,1
5.0,5,8.04863,-2.8946314,-4.6648526,-7.853718,-29.305017,25.481297,-14.631613,1
5.0,5,8.048631,-2.894661,-4.6649766,-7.853567,-29.305054,25.481321,-14.6316185,1
5.0,5,8.048615,-2.894638,-4.6648574,-7.8536873,-29.30505,25.481333,-14.6316185,1
5.0,5,8.048608,-2.8946257,-4.664891,-7.8536844,-29.305092,25.481394,-14.631652,1
1.0,1,-0.90434647,13.736706,1.663579,-7.5585036,6.4533787,-5.446925,-8.720149,1
1.0,1,-0.90434647,13.736706,1.663579,-7.5585036,6.4533787,-5.446925,-8.720149,1
1.0,1,-0.90434647,13.736706,1.663579,-7.5585036,6.4533787,-5.446925,-8.720149,1
1.0,1,-0.90434647,13.736706,1.663579,-7.5585036,6.4533787,-5.446925,-8.720149,1
1.0,1,-0.90434647,13.736706,1.663579,-7.5585036,6.4533787,-5.446925,-8.720149,1
1.0,1,-0.90434647,13.736706,1.663579,-7.5585036,6.4533787,-5.446925,-8.720149,1
6.0,4,0.18456149,4.7971063,6.674218,-9.462809,12.813294,-10.591888,3.96849,0
6.0,4,0.18456149,4.7971063,6.674218,-9.462809,12.813294,-10.591888,3.96849,0
6.0,4,0.18456149,4.7971063,6.674218,-9.462809,12.813294,-10.591888,3.96849,0
6.0,4,0.18456149,4.7971063,6.674218,-9.462809,12.813294,-10.591888,3.96849,0
6.0,4,0.18456149,4.7971063,6.674218,-9.462809,12.813294,-10.591888,3.96849,0
6.0,4,0.18456149,4.7971063,6.674218,-9.462809,12.813294,-10.591888,3.96849,0
1.0,1,-1.5645072,14.731766,1.2723478,-8.247847,4.91224,-3.3826704,-9.8101425,1
1.0,1,-1.5645072,14.731766,1.2723478,-8.247847,4.91224,-3.3826704,-9.8101425,1
1.0,1,-1.5645072,14.731766,1.2723478,-8.247847,4.91224,-3.3826704,-9.8101425,1
1.0,1,-1.5645072,14.731766,1.2723478,-8.247847,4.91224,-3.3826704,-9.8101425,1
1.0,1,-1.5645072,14.731766,1.2723478,-8.247847,4.91224,-3.3826704,-9.8101425,1
1.0,1,-1.5645072,14.731766,1.2723478,-8.247847,4.91224,-3.3826704,-9.8101425,1
3.0,3,1.6001844,-7.4012523,-14.427631,48.269142,-1.7775646,-0.57313097,-13.360021,1
3.0,3,1.6001773,-7.4013124,-14.427591,48.269245,-1.7775537,-0.5732037,-13.359941,1
3.0,3,1.6001983,-7.4012465,-14.427628,48.269047,-1.7775837,-0.5730597,-13.360041,1
3.0,3,1.6002157,-7.4012256,-14.427654,48.26902,-1.7775472,-0.573073,-13.36007,1
3.0,3,1.6001658,-7.4012704,-14.427605,48.269253,-1.7775291,-0.5732094,-13.359991,1
3.0,3,1.6001525,-7.401282,-14.427601,48.26929,-1.7775351,-0.5732013,-13.359982,1
5.0,5,8.645539,-4.648332,-5.425114,-5.968694,-27.965502,23.357672,-12.266793,1
5.0,5,8.645479,-4.64823,-5.425035,-5.9685526,-27.965456,23.357525,-12.266869,1
5.0,5,8.645428,-4.6481643,-5.425022,-5.9684405,-27.965443,23.357489,-12.266932,1
5.0,5,8.645494,-4.648254,-5.42501,-5.968708,-27.96548,23.357624,-12.266845,1
5.0,5,8.645518,-4.6482987,-5.4250517,-5.968742,-27.965515,23.357677,-12.266808,1
5.0,5,8.645538,-4.648305,-5.4250526,-5.9687605,-27.965458,23.357618,-12.266785,1
6.0,6,9.553683,-20.14775,-7.7117133,-15.684045,6.481596,-13.315232,39.986584,1
6.0,6,9.553683,-20.14775,-7.7117133,-15.684045,6.481596,-13.315232,39.986584,1
6.0,6,9.553683,-20.14775,-7.7117133,-15.684045,6.481596,-13.315232,39.986584,1
6.0,6,9.553683,-20.14775,-7.7117133,-15.684045,6.481596,-13.315232,39.986584,1
6.0,6,9.553683,-20.14775,-7.7117133,-15.684045,6.481596,-13.315232,39.986584,1
6.0,6,9.553683,-20.14775,-7.7117133,-15.684045,6.481596,-13.315232,39.986584,1
3.0,3,1.6112261,-7.4799466,-14.331423,48.243042,-1.8147429,-0.6369482,-13.23163,1
3.0,3,1.6112258,-7.4799447,-14.331427,48.24305,-1.814742,-0.63694656,-13.231638,1
3.0,3,1.6112263,-7.479943,-14.331427,48.243042,-1.8147422,-0.6369468,-13.231636,1
3.0,3,1.6112273,-7.4799466,-14.331425,48.243042,-1.8147427,-0.63694847,-13.231632,1
3.0,3,1.6112268,-7.4799466,-14.331425,48.243042,-1.8147415,-0.63694775,-13.231635,1
3.0,3,1.6112254,-7.4799447,-14.331427,48.243046,-1.8147439,-0.63694537,-13.231637,1
6.0,0,7.757489,-4.1409726,-7.9309545,-13.861507,-3.611825,1.3053772,7.2735558,0
6.0,0,7.7622995,-4.142963,-7.9373937,-13.854575,-3.6173768,1.3097849,7.26385,0
6.0,0,7.7518253,-4.140562,-7.924257,-13.864383,-3.605391,1.299925,7.2842093,0
6.0,0,7.73936,-4.1396723,-7.904839,-13.87926,-3.5868244,1.2832041,7.315898,0
6.0,0,7.749853,-4.1388674,-7.923741,-13.864853,-3.6049433,1.300188,7.285391,0
6.0,0,7.7542124,-4.144671,-7.9272256,-13.85465,-3.616166,1.3094414,7.2748947,0
1.0,1,-1.3513565,14.505552,0.906741,-8.739998,5.511665,-3.8864617,-9.095439,1
1.0,1,-1.3513601,14.505564,0.9067489,-8.739986,5.5116844,-3.8864846,-9.095449,1
1.0,1,-1.3513639,14.505562,0.9067575,-8.739985,5.5116873,-3.8864865,-9.095444,1
1.0,1,-1.3513565,14.505552,0.906741,-8.739998,5.511665,-3.8864617,-9.095439,1
1.0,1,-1.3513565,14.505552,0.906741,-8.739998,5.511665,-3.8864617,-9.095439,1
1.0,1,-1.3513608,14.505562,0.9067528,-8.739986,5.5116916,-3.8864913,-9.095442,1
3.0,3,1.5871603,-7.4485297,-14.333445,48.29325,-1.8003687,-0.6335722,-13.275938,1
3.0,3,1.5871611,-7.4485555,-14.333388,48.29323,-1.8003255,-0.63361084,-13.275898,1
3.0,3,1.5871642,-7.4485154,-14.333427,48.29324,-1.8003348,-0.63360894,-13.275948,1
3.0,3,1.5871572,-7.4485345,-14.333389,48.293243,-1.8003105,-0.6336192,-13.275927,1
3.0,3,1.5871606,-7.448525,-14.33343,48.293243,-1.8003544,-0.63358915,-13.275938,1
3.0,3,1.5871551,-7.448526,-14.333393,48.293266,-1.8002781,-0.6336316,-13.275945,1
0.0,5,11.493641,-6.93321,-9.192512,-7.3701267,-21.145678,16.6024,-6.7945137,0
0.0,5,11.493641,-6.93321,-9.192512,-7.3701267,-21.145678,16.6024,-6.7945137,0
0.0,5,11.493641,-6.93321,-9.192512,-7.3701267,-21.145678,16.6024,-6.7945137,0
0.0,5,11.493641,-6.93321,-9.192512,-7.3701267,-21.145678,16.6024,-6.7945137,0
0.0,5,11.493641,-6.93321,-9.192512,-7.3701267,-21.145678,16.6024,-6.7945137,0
0.0,5,11.493641,-6.93321,-9.192512,-7.3701267,-21.145678,16.6024,-6.7945137,0
4.0,4,-1.5713644,14.257971,-0.15830603,-3.9931087,25.65418,-18.713022,-2.853536,1
4.0,4,-1.5713644,14.257971,-0.15830603,-3.9931087,25.65418,-18.713022,-2.853536,1
4.0,4,-1.5713644,14.257971,-0.15830603,-3.9931087,25.65418,-18.713022,-2.853536,1
4.0,4,-1.5713644,14.257971,-0.15830603,-3.9931087,25.65418,-18.713022,-2.853536,1
4.0,4,-1.5713644,14.257971,-0.15830603,-3.9931087,25.65418,-18.713022,-2.853536,1
4.0,4,-1.5713644,14.257971,-0.15830603,-3.9931087,25.65418,-18.713022,-2.853536,1
6.0,6,10.165814,-21.05526,-6.563404,-17.719402,6.773898,-14.110995,41.697487,1
6.0,6,10.1658125,-21.05526,-6.5634027,-17.719402,6.773899,-14.110995,41.697487,1
6.0,6,10.1658125,-21.05526,-6.5634027,-17.719402,6.773899,-14.110995,41.697487,1
6.0,6,10.165814,-21.05526,-6.5634036,-17.719402,6.773898,-14.110995,41.697487,1
6.0,6,10.165814,-21.05526,-6.5634036,-17.719402,6.773898,-14.110995,41.697487,1
6.0,6,10.165814,-21.05526,-6.563404,-17.719402,6.773898,-14.110995,41.697487,1
2.0,2,-7.2137003,8.438742,30.856762,-18.786804,1.0097653,1.2733938,-5.8876486,1
2.0,2,-7.2137003,8.438742,30.856762,-18.786804,1.0097653,1.2733938,-5.8876486,1
2.0,2,-7.2137003,8.438742,30.856762,-18.786804,1.0097653,1.2733938,-5.8876486,1
2.0,2,-7.2137003,8.438742,30.856762,-18.786804,1.0097653,1.2733938,-5.8876486,1
2.0,2,-7.2137003,8.438742,30.856762,-18.786804,1.0097653,1.2733938,-5.8876486,1
2.0,2,-7.2137003,8.438742,30.856762,-18.786804,1.0097653,1.2733938,-5.8876486,1
3.0,3,1.5866024,-7.433603,-14.348717,48.30028,-1.7820467,-0.6528865,-13.2862015,1
3.0,3,1.5866272,-7.433677,-14.348742,48.300213,-1.7822026,-0.65277183,-13.286137,1
3.0,3,1.5866084,-7.433683,-14.348711,48.300213,-1.7821587,-0.6528071,-13.286106,1
3.0,3,1.5866141,-7.4337106,-14.3486805,48.300144,-1.7821633,-0.6528224,-13.286042,1
3.0,3,1.5866396,-7.433719,-14.34874,48.300125,-1.782262,-0.6527449,-13.28606,1
3.0,3,1.5866232,-7.4336886,-14.348709,48.300156,-1.7821792,-0.6528064,-13.286079,1
2.0,2,-7.6527987,9.050927,29.985723,-17.506348,0.14284956,2.3293324,-6.830056,1
2.0,2,-7.6529217,9.051077,29.985844,-17.506298,0.1431402,2.329136,-6.8300457,1
2.0,2,-7.6528006,9.050932,29.985718,-17.50636,0.1428541,2.329328,-6.8300467,1
2.0,2,-7.652916,9.051071,29.985836,-17.506302,0.14311945,2.3291516,-6.8300514,1
2.0,2,-7.652788,9.050919,29.985716,-17.506348,0.14282906,2.3293486,-6.8300676,1
2.0,2,-7.652811,9.050964,29.985699,-17.506376,0.14289725,2.3292918,-6.8300323,1
3.0,3,1.5938458,-7.431556,-14.420582,48.31729,-1.7925044,-0.60584915,-13.311081,1
3.0,3,1.593838,-7.431541,-14.42058,48.317318,-1.792499,-0.6058496,-13.311108,1
3.0,3,1.5938368,-7.4315534,-14.420564,48.3173,-1.792514,-0.60585344,-13.311081,1
3.0,3,1.5938277,-7.4315248,-14.42056,48.317364,-1.7924403,-0.6058794,-13.31114,1
3.0,3,1.5938382,-7.4315267,-14.420603,48.317345,-1.7924649,-0.60584986,-13.311137,1
3.0,3,1.5938358,-7.4315343,-14.420591,48.317333,-1.7924773,-0.6058544,-13.311121,1
3.0,3,1.586333,-7.421972,-14.403461,48.325653,-1.8038622,-0.6090988,-13.32024,1
3.0,3,1.5863328,-7.421969,-14.403463,48.32565,-1.8038617,-0.60909736,-13.320242,1
3.0,3,1.5863333,-7.42197,-14.403465,48.325645,-1.8038665,-0.6090971,-13.320241,1
3.0,3,1.5863326,-7.42197,-14.40346,48.325653,-1.8038629,-0.6090971,-13.32024,1
3.0,3,1.5863328,-7.42197,-14.403463,48.325653,-1.8038646,-0.6090969,-13.320242,1
3.0,3,1.5863326,-7.42197,-14.403463,48.32565,-1.8038627,-0.6090971,-13.320242,1
6.0,6,10.198477,-21.16115,-6.8053584,-17.538628,6.485362,-13.871563,41.621574,1
6.0,6,10.198479,-21.161148,-6.8053484,-17.538641,6.4853745,-13.871574,41.621582,1
6.0,6,10.198478,-21.161148,-6.8053594,-17.538628,6.485363,-13.871564,41.621574,1
6.0,6,10.198482,-21.161156,-6.80535,-17.53864,6.4853687,-13.871572,41.621582,1
6.0,6,10.198477,-21.161148,-6.8053584,-17.538628,6.485364,-13.871564,41.621574,1
6.0,6,10.198476,-21.161148,-6.8053575,-17.538628,6.485365,-13.871564,41.621574,1
1.0,1,-1.5900009,14.768583,1.4788591,-9.28631,5.5088167,-3.8874664,-9.03382,1
1.0,1,-1.5900009,14.768583,1.4788591,-9.28631,5.5088167,-3.8874664,-9.03382,1
1.0,1,-1.5900009,14.768583,1.4788591,-9.28631,5.5088167,-3.8874664,-9.03382,1
1.0,1,-1.5900009,14.768583,1.4788591,-9.28631,5.5088167,-3.8874664,-9.03382,1
1.0,1,-1.5900009,14.768583,1.4788591,-9.28631,5.5088167,-3.8874664,-9.03382,1
1.0,1,-1.5900009,14.768583,1.4788591,-9.28631,5.5088167,-3.8874664,-9.03382,1
2.0,2,-7.6277304,9.139178,29.713678,-17.635868,0.026818156,2.3900218,-6.767517,1
2.0,2,-7.6277304,9.139178,29.713678,-17.635868,0.026818156,2.3900218,-6.767517,1
2.0,2,-7.6277304,9.139178,29.713678,-17.635868,0.026818156,2.3900218,-6.767517,1
2.0,2,-7.6277304,9.139178,29.713678,-17.635868,0.026818156,2.3900218,-6.767517,1
2.0,2,-7.6277304,9.139178,29.713678,-17.635868,0.026818156,2.3900218,-6.767517,1
2.0,2,-7.6277304,9.139178,29.713678,-17.635868,0.026818156,2.3900218,-6.767517,1
4.0,4,-1.5785863,13.76178,0.13532981,-3.371148,26.240477,-19.078611,-2.5971744,1
4.0,4,-1.5784657,13.761517,0.1357536,-3.3717287,26.239998,-19.078247,-2.597063,1
4.0,4,-1.5784979,13.761421,0.13549027,-3.3708568,26.240196,-19.07828,-2.597229,1
4.0,4,-1.5786448,13.761684,0.1359962,-3.3721058,26.240126,-19.078157,-2.5970395,1
4.0,4,-1.5783823,13.761168,0.13624558,-3.372275,26.239862,-19.078169,-2.5966618,1
4.0,4,-1.5783494,13.761362,0.13550422,-3.3717813,26.240273,-19.078524,-2.5967336,1
3.0,3,1.5031934,-5.069822,-13.191599,44.507435,-2.5213933,0.8596109,-15.875839,1
3.0,3,1.5032635,-5.0700717,-13.191782,44.507732,-2.5213122,0.85944164,-15.875557,1
3.0,3,1.503329,-5.0704827,-13.192057,44.508434,-2.5210814,0.85909116,-15.875122,1
3.0,3,1.5030885,-5.069843,-13.191449,44.507435,-2.5215473,0.8597952,-15.875809,1
3.0,3,1.5033038,-5.070937,-13.192282,44.509045,-2.5211434,0.8590046,-15.874605,1
3.0,3,1.5031102,-5.070236,-13.191652,44.50815,-2.5213246,0.8594967,-15.875409,1
6.0,6,10.327028,-21.391346,-6.7655077,-17.428467,6.5291014,-13.931247,41.650608,1
6.0,6,10.327028,-21.391346,-6.7655077,-17.428467,6.5291014,-13.931247,41.650608,1
6.0,6,10.327028,-21.391346,-6.7655077,-17.428467,6.5291014,-13.931247,41.650608,1
6.0,6,10.327028,-21.391346,-6.7655077,-17.428467,6.5291014,-13.931247,41.650608,1
6.0,6,10.327028,-21.391346,-6.7655077,-17.428467,6.5291014,-13.931247,41.650608,1
6.0,6,10.327028,-21.391346,-6.7655077,-17.428467,6.5291014,-13.931247,41.650608,1
4.0,1,-0.6887593,10.505075,1.9006549,-6.582155,6.7101297,-5.129226,-5.472042,0
4.0,1,-0.6887593,10.505075,1.9006549,-6.582155,6.7101297,-5.129226,-5.472042,0
4.0,1,-0.6887593,10.505075,1.9006549,-6.582155,6.7101297,-5.129226,-5.472042,0
4.0,1,-0.6887593,10.505075,1.9006549,-6.582155,6.7101297,-5.129226,-5.472042,0
4.0,1,-0.6887593,10.505075,1.9006549,-6.582155,6.7101297,-5.129226,-5.472042,0
4.0,1,-0.6887593,10.505075,1.9006549,-6.582155,6.7101297,-5.129226,-5.472042,0
5.0,5,9.698276,-5.343844,-7.8513646,-4.549814,-25.17033,20.1028,-10.611916,1
5.0,5,9.698681,-5.3442216,-7.850098,-4.55083,-25.169827,20.10181,-10.611263,1
5.0,5,9.7029915,-5.346647,-7.85436,-4.554708,-25.16003,20.092571,-10.604483,1
5.0,5,9.702853,-5.3467045,-7.8539805,-4.5544605,-25.161264,20.093645,-10.605125,1
5.0,5,9.703717,-5.347338,-7.856111,-4.5525203,-25.161032,20.093304,-10.605528,1
5.0,5,9.700439,-5.345578,-7.852266,-4.5515213,-25.167856,20.100094,-10.609546,1
4.0,4,-1.6287551,14.474222,-0.2864664,-3.9008913,25.732702,-18.77374,-3.0527835,1
4.0,4,-1.6287551,14.474222,-0.2864664,-3.9008913,25.732702,-18.77374,-3.0527835,1
4.0,4,-1.6287551,14.474222,-0.2864664,-3.9008913,25.732702,-18.77374,-3.0527835,1
4.0,4,-1.6287551,14.474222,-0.2864664,-3.9008913,25.732702,-18.77374,-3.0527835,1
4.0,4,-1.6287551,14.474222,-0.2864664,-3.9008913,25.732702,-18.77374,-3.0527835,1
4.0,4,-1.6287551,14.474222,-0.2864664,-3.9008913,25.732702,-18.77374,-3.0527835,1
1.0,1,-1.510113,14.15481,1.0361444,-8.278085,5.5483894,-4.1255975,-8.4797325,1
1.0,1,-1.510113,14.15481,1.0361444,-8.278085,5.5483894,-4.1255975,-8.4797325,1
1.0,1,-1.510113,14.15481,1.0361444,-8.278085,5.5483894,-4.1255975,-8.4797325,1
1.0,1,-1.510113,14.15481,1.0361444,-8.278085,5.5483894,-4.1255975,-8.4797325,1
1.0,1,-1.510113,14.15481,1.0361444,-8.278085,5.5483894,-4.1255975,-8.4797325,1
1.0,1,-1.510113,14.15481,1.0361444,-8.278085,5.5483894,-4.1255975,-8.4797325,1
4.0,4,-0.69491935,12.75201,0.6548393,-5.258636,23.74446,-17.54269,-2.0866516,1
4.0,4,-0.69491935,12.75201,0.6548393,-5.258636,23.74446,-17.54269,-2.0866516,1
4.0,4,-0.69491935,12.75201,0.6548393,-5.258636,23.74446,-17.54269,-2.0866516,1
4.0,4,-0.69491935,12.75201,0.6548393,-5.258636,23.74446,-17.54269,-2.0866516,1
4.0,4,-0.69491935,12.75201,0.6548393,-5.258636,23.74446,-17.54269,-2.0866516,1
4.0,4,-0.69491935,12.75201,0.6548393,-5.258636,23.74446,-17.54269,-2.0866516,1
5.0,5,8.560286,-3.9576373,-6.521812,-4.710189,-26.760221,22.238718,-12.910041,1
5.0,5,8.560286,-3.9576373,-6.521812,-4.710189,-26.760221,22.238718,-12.910041,1
5.0,5,8.560286,-3.9576373,-6.521812,-4.710189,-26.760221,22.238718,-12.910041,1
5.0,5,8.560286,-3.9576373,-6.521812,-4.710189,-26.760221,22.238718,-12.910041,1
5.0,5,8.560286,-3.9576373,-6.521812,-4.710189,-26.760221,22.238718,-12.910041,1
5.0,5,8.560286,-3.9576373,-6.521812,-4.710189,-26.760221,22.238718,-12.910041,1
6.0,6,10.112501,-21.047922,-6.532848,-17.663609,6.859572,-14.165982,41.7572,1
6.0,6,10.112501,-21.047922,-6.532848,-17.663609,6.859572,-14.165982,41.7572,1
6.0,6,10.112501,-21.047922,-6.532848,-17.663609,6.859572,-14.165982,41.7572,1
6.0,6,10.112501,-21.047922,-6.532848,-17.663609,6.859572,-14.165982,41.7572,1
6.0,6,10.112501,-21.047922,-6.532848,-17.663609,6.859572,-14.165982,41.7572,1
6.0,6,10.112501,-21.047922,-6.532848,-17.663609,6.859572,-14.165982,41.7572,1
2.0,2,-5.63332,7.2281795,20.906893,-14.169747,0.5339829,2.3314638,-3.9497654,1
2.0,2,-5.6331234,7.228005,20.906103,-14.169324,0.5340396,2.3313313,-3.949543,1
2.0,2,-5.633601,7.2284145,20.90795,-14.170306,0.53391016,2.3316407,-3.9500587,1
2.0,2,-5.6335535,7.2283797,20.907766,-14.170152,0.5339242,2.3316073,-3.9500458,1
2.0,2,-5.6330137,7.2277846,20.906176,-14.169333,0.53424895,2.3311667,-3.9493275,1
2.0,2,-5.633421,7.228265,20.907394,-14.169943,0.53396595,2.33154,-3.949949,1
5.0,5,8.986081,-4.284361,-7.6595044,-3.8517377,-25.572565,20.901806,-12.210136,1
5.0,5,8.986137,-4.284422,-7.6595798,-3.8518064,-25.572546,20.901836,-12.210081,1
5.0,5,8.986081,-4.284361,-7.6595044,-3.8517377,-25.572565,20.901806,-12.210136,1
5.0,5,8.986129,-4.2844124,-7.65957,-3.8517919,-25.572548,20.90183,-12.210091,1
5.0,5,8.986202,-4.284492,-7.6596627,-3.8519166,-25.572527,20.901875,-12.210007,1
5.0,5,8.986165,-4.284454,-7.6596236,-3.8518438,-25.572536,20.901854,-12.210051,1
3.0,3,1.6783147,-7.4508777,-14.508833,48.132854,-1.753383,-0.5184132,-13.325357,1
3.0,3,1.6783156,-7.4508777,-14.508833,48.132854,-1.753383,-0.51841223,-13.325356,1
3.0,3,1.6783147,-7.4508777,-14.508833,48.132854,-1.753383,-0.5184132,-13.325357,1
3.0,3,1.6783156,-7.4508777,-14.508833,48.132854,-1.753383,-0.51841223,-13.325356,1
3.0,3,1.6783147,-7.4508767,-14.508832,48.132854,-1.753383,-0.5184132,-13.325357,1
3.0,3,1.6783156,-7.4508777,-14.508833,48.132854,-1.753383,-0.51841223,-13.325356,1
5.0,5,8.406698,-3.513463,-4.523791,-8.32015,-28.553812,24.616266,-13.558482,1
5.0,5,8.406651,-3.5133953,-4.5237603,-8.320169,-28.55391,24.61639,-13.55858,1
5.0,5,8.406641,-3.5133877,-4.5237494,-8.320166,-28.55391,24.616386,-13.558584,1
5.0,5,8.406676,-3.5134373,-4.5237947,-8.3201275,-28.553837,24.616293,-13.558512,1
5.0,5,8.406686,-3.5134487,-4.523811,-8.320132,-28.553835,24.616299,-13.5585,1
5.0,5,8.406683,-3.513441,-4.523789,-8.320131,-28.553839,24.616293,-13.558517,1
0.0,0,11.17388,-6.3857856,-11.7009945,-8.984285,-7.3336153,4.3405476,1.1604714,1
0.0,0,11.17388,-6.3857856,-11.7009945,-8.984285,-7.3336153,4.3405476,1.1604714,1
0.0,0,11.17388,-6.3857856,-11.7009945,-8.984285,-7.3336153,4.3405476,1.1604714,1
0.0,0,11.17388,-6.3857856,-11.7009945,-8.984285,-7.3336153,4.3405476,1.1604714,1
0.0,0,11.17388,-6.3857856,-11.7009945,-8.984285,-7.3336153,4.3405476,1.1604714,1
0.0,0,11.17388,-6.3857856,-11.7009945,-8.984285,-7.3336153,4.3405476,1.1604714,1
1.0,1,0.072457075,13.974203,-0.39694968,-8.696749,7.4096017,-5.567087,-8.9576645,1
1.0,1,0.072457075,13.974203,-0.39694968,-8.696749,7.4096017,-5.567087,-8.9576645,1
1.0,1,0.072457075,13.974203,-0.39694968,-8.696749,7.4096017,-5.567087,-8.9576645,1
1.0,1,0.072457075,13.974203,-0.39694968,-8.696749,7.4096017,-5.567087,-8.9576645,1
1.0,1,0.072457075,13.974203,-0.39694968,-8.696749,7.4096017,-5.567087,-8.9576645,1
1.0,1,0.072457075,13.974203,-0.39694968,-8.696749,7.4096017,-5.567087,-8.9576645,1
1.0,1,-1.6304266,14.579519,1.5609181,-8.160713,5.0967226,-3.6453547,-9.53651,1
1.0,1,-1.630425,14.579521,1.5609277,-8.160732,5.0967193,-3.6453462,-9.536519,1
1.0,1,-1.6304264,14.579517,1.5609179,-8.160713,5.096723,-3.6453547,-9.536511,1
1.0,1,-1.6304266,14.579519,1.5609181,-8.160713,5.096723,-3.6453547,-9.53651,1
1.0,1,-1.6304266,14.579517,1.5609174,-8.160712,5.096723,-3.6453543,-9.53651,1
1.0,1,-1.630425,14.579521,1.5609277,-8.160732,5.0967193,-3.6453462,-9.536519,1
0.0,0,11.171744,-5.1620145,-11.884939,-10.706122,-7.532096,4.735722,0.32296252,1
0.0,0,11.171744,-5.1620145,-11.884939,-10.706122,-7.532096,4.735722,0.32296252,1
0.0,0,11.171744,-5.1620145,-11.884939,-10.706122,-7.532096,4.735722,0.32296252,1
0.0,0,11.171744,-5.1620145,-11.884939,-10.706122,-7.532096,4.735722,0.32296252,1
0.0,0,11.171744,-5.1620145,-11.884939,-10.706122,-7.532096,4.735722,0.32296252,1
0.0,0,11.171744,-5.1620145,-11.884939,-10.706122,-7.532096,4.735722,0.32296252,1
6.0,6,10.245749,-21.238462,-6.7136407,-17.40812,6.676695,-14.019011,41.597572,1
6.0,6,10.245749,-21.238462,-6.7136407,-17.40812,6.676695,-14.019011,41.597572,1
6.0,6,10.245749,-21.238462,-6.7136407,-17.40812,6.676695,-14.019011,41.597572,1
6.0,6,10.245749,-21.238462,-6.7136407,-17.40812,6.676695,-14.019011,41.597572,1
6.0,6,10.245749,-21.238462,-6.7136407,-17.40812,6.676695,-14.019011,41.597572,1
6.0,6,10.245749,-21.238462,-6.7136407,-17.40812,6.676695,-14.019011,41.597572,1
3.0,3,1.5959301,-7.4529796,-14.378383,48.282055,-1.8341738,-0.6092297,-13.269181,1
3.0,3,1.5959225,-7.4529805,-14.378372,48.282078,-1.83415,-0.6092373,-13.269186,1
3.0,3,1.5959227,-7.4529643,-14.378399,48.28208,-1.83417,-0.609223,-13.269203,1
3.0,3,1.5959334,-7.4529824,-14.378389,48.28204,-1.83419,-0.6092223,-13.269176,1
3.0,3,1.5959196,-7.4529767,-14.378374,48.282085,-1.8341464,-0.6092378,-13.26919,1
3.0,3,1.5959218,-7.4529767,-14.37838,48.28208,-1.8341523,-0.6092349,-13.269192,1
6.0,6,9.733401,-20.469418,-7.151363,-16.522852,6.7901425,-13.786303,40.785763,1
6.0,6,9.733394,-20.469406,-7.151359,-16.522854,6.7901506,-13.786306,40.785767,1
6.0,6,9.733399,-20.469416,-7.151364,-16.52285,6.790142,-13.786301,40.78576,1
6.0,6,9.733399,-20.469418,-7.1513658,-16.52285,6.790141,-13.7863,40.78576,1
6.0,6,9.733399,-20.469418,-7.1513476,-16.522871,6.7901545,-13.786313,40.785774,1
6.0,6,9.733405,-20.469425,-7.1513543,-16.522865,6.7901444,-13.786307,40.785774,1
6.0,6,10.165227,-21.062992,-6.776523,-17.504742,6.659218,-13.970561,41.553226,1
6.0,6,10.165229,-21.062994,-6.7765293,-17.504738,6.659217,-13.970559,41.55322,1
6.0,6,10.165224,-21.06299,-6.7765217,-17.504747,6.6592197,-13.970561,41.553226,1
6.0,6,10.165236,-21.063013,-6.7764964,-17.504772,6.659221,-13.9705715,41.55326,1
6.0,6,10.165232,-21.062996,-6.7765303,-17.504745,6.659211,-13.970557,41.553226,1
6.0,6,10.165231,-21.062994,-6.7765274,-17.504744,6.6592126,-13.970557,41.553226,1
3.0,3,1.5856524,-7.4333816,-14.368734,48.329327,-1.7803048,-0.6353518,-13.30485,1
3.0,3,1.5856526,-7.4333816,-14.368734,48.329327,-1.7803048,-0.63535154,-13.30485,1
3.0,3,1.5856519,-7.4333816,-14.368734,48.329327,-1.7803062,-0.6353513,-13.30485,1
3.0,3,1.5856524,-7.4333816,-14.368734,48.329327,-1.7803048,-0.6353518,-13.30485,1
3.0,3,1.5856524,-7.4333816,-14.368734,48.329327,-1.7803048,-0.6353518,-13.30485,1
3.0,3,1.5856521,-7.4333816,-14.368734,48.329327,-1.7803048,-0.63535154,-13.30485,1
3.0,3,1.6008546,-7.4118896,-14.36661,48.23875,-1.8232998,-0.61064446,-13.316106,1
3.0,3,1.6008611,-7.411901,-14.366603,48.23872,-1.8233196,-0.61063087,-13.316089,1
3.0,3,1.6008592,-7.4118934,-14.366613,48.238735,-1.8233162,-0.6106323,-13.316102,1
3.0,3,1.6008613,-7.4119086,-14.366619,48.23874,-1.82333,-0.6106225,-13.316086,1
3.0,3,1.6008608,-7.411896,-14.366606,48.238724,-1.8233167,-0.61063325,-13.316093,1
3.0,3,1.6008635,-7.411899,-14.366598,48.23871,-1.8233186,-0.61063397,-13.316088,1
2.0,2,-7.6030483,8.706156,30.609877,-17.77182,0.687559,1.8093435,-6.3974257,1
2.0,2,-7.603074,8.706167,30.609852,-17.771973,0.687585,1.8092889,-6.397257,1
2.0,2,-7.6030474,8.706154,30.609873,-17.77182,0.6875533,1.8093468,-6.3974276,1
2.0,2,-7.6030493,8.706154,30.609877,-17.771816,0.68756163,1.8093415,-6.3974266,1
2.0,2,-7.603079,8.706177,30.609846,-17.771946,0.6875957,1.8092865,-6.397274,1
2.0,2,-7.6030483,8.706154,30.609877,-17.77182,0.687559,1.809343,-6.3974257,1
1.0,1,-2.2407784,13.311417,2.6127248,-7.057743,3.262663,-2.3391123,-8.69595,1
1.0,1,-2.2407784,13.311417,2.6127248,-7.057743,3.262663,-2.3391123,-8.69595,1
1.0,1,-2.2407784,13.311417,2.6127248,-7.057743,3.262663,-2.3391123,-8.69595,1
1.0,1,-2.2407784,13.311417,2.6127248,-7.057743,3.262663,-2.3391123,-8.69595,1
1.0,1,-2.2407784,13.311417,2.6127248,-7.057743,3.262663,-2.3391123,-8.69595,1
1.0,1,-2.2407784,13.311417,2.6127248,-7.057743,3.262663,-2.3391123,-8.69595,1
5.0,5,8.717208,-4.346338,-4.3766375,-8.604659,-27.356325,23.082817,-11.68198,1
5.0,5,8.71759,-4.3467603,-4.3777266,-8.603884,-27.356014,23.08244,-11.681611,1
5.0,5,8.71753,-4.346605,-4.377521,-8.604124,-27.355957,23.0824,-11.681671,1
5.0,5,8.717259,-4.3463235,-4.376907,-8.604466,-27.355965,23.082415,-11.681812,1
5.0,5,8.717622,-4.3467965,-4.377371,-8.60444,-27.355682,23.082129,-11.681284,1
5.0,5,8.7174635,-4.346682,-4.3770585,-8.604453,-27.356047,23.082443,-11.681494,1
3.0,3,1.7110851,-7.403937,-14.485254,47.913925,-1.9727513,-0.47228086,-13.312453,1
3.0,3,1.7110357,-7.403912,-14.4852085,47.914112,-1.9726568,-0.4723717,-13.312494,1
3.0,3,1.7110758,-7.4038634,-14.485259,47.91389,-1.9727284,-0.47225988,-13.31254,1
3.0,3,1.7111063,-7.403892,-14.485278,47.913803,-1.9727899,-0.47222722,-13.312496,1
3.0,3,1.7110298,-7.4039054,-14.485215,47.914124,-1.9726483,-0.47236526,-13.31251,1
3.0,3,1.711051,-7.4039207,-14.485223,47.914062,-1.9726712,-0.47234643,-13.312485,1
1.0,1,-1.6298501,14.576166,1.5686023,-8.158747,5.106273,-3.6569796,-9.531853,1
1.0,1,-1.6298501,14.576166,1.5686023,-8.158747,5.106273,-3.6569796,-9.531853,1
1.0,1,-1.6298501,14.576166,1.5686023,-8.158747,5.106273,-3.6569796,-9.531853,1
1.0,1,-1.6298501,14.576166,1.5686023,-8.158747,5.106273,-3.6569796,-9.531853,1
1.0,1,-1.6298501,14.576166,1.5686023,-8.158747,5.106273,-3.6569796,-9.531853,1
1.0,1,-1.6298501,14.576166,1.5686023,-8.158747,5.106273,-3.6569796,-9.531853,1
1.0,1,-1.0413895,14.648926,0.3973309,-8.637024,5.970693,-4.2960896,-9.33297,1
1.0,1,-1.0413895,14.648926,0.3973309,-8.637024,5.970693,-4.2960896,-9.33297,1
1.0,1,-1.0413895,14.648926,0.3973309,-8.637024,5.970693,-4.2960896,-9.33297,1
1.0,1,-1.0413895,14.648926,0.3973309,-8.637024,5.970693,-4.2960896,-9.33297,1
1.0,1,-1.0413895,14.648926,0.3973309,-8.637024,5.970693,-4.2960896,-9.33297,1
1.0,1,-1.0413895,14.648926,0.3973309,-8.637024,5.970693,-4.2960896,-9.33297,1
2.0,2,-7.470353,8.884762,29.984509,-17.158318,0.42019045,2.2111893,-7.308861,1
2.0,2,-7.470353,8.884762,29.984509,-17.158318,0.42019045,2.2111893,-7.308861,1
2.0,2,-7.470353,8.884762,29.984509,-17.158318,0.42019045,2.2111893,-7.308861,1
2.0,2,-7.470353,8.884762,29.984509,-17.158318,0.42019045,2.2111893,-7.308861,1
2.0,2,-7.470353,8.884762,29.984509,-17.158318,0.42019045,2.2111893,-7.308861,1
2.0,2,-7.470353,8.884762,29.984509,-17.158318,0.42019045,2.2111893,-7.308861,1
5.0,5,8.181526,-3.2864037,-5.0448794,-6.9912004,-28.005974,23.985815,-13.751868,1
5.0,5,8.181526,-3.2864037,-5.0448794,-6.9912004,-28.005974,23.985815,-13.751868,1
5.0,5,8.181526,-3.2864037,-5.0448794,-6.9912004,-28.005974,23.985815,-13.751868,1
5.0,5,8.181526,-3.2864037,-5.0448794,-6.9912004,-28.005974,23.985815,-13.751868,1
5.0,5,8.181526,-3.2864037,-5.0448794,-6.9912004,-28.005974,23.985815,-13.751868,1
5.0,5,8.181526,-3.2864037,-5.0448794,-6.9912004,-28.005974,23.985815,-13.751868,1
6.0,6,10.891216,-21.82775,-7.1736617,-16.783419,5.766121,-13.337346,40.603695,1
6.0,6,10.89128,-21.82778,-7.173702,-16.783356,5.766062,-13.337297,40.60357,1
6.0,6,10.89128,-21.82778,-7.173702,-16.783356,5.766062,-13.337297,40.60357,1
6.0,6,10.891286,-21.82779,-7.173699,-16.783348,5.766054,-13.337293,40.603558,1
6.0,6,10.89128,-21.82778,-7.173702,-16.783356,5.766062,-13.337297,40.60357,1
6.0,6,10.89128,-21.82778,-7.173702,-16.783356,5.766062,-13.337297,40.60357,1
6.0,6,9.614905,-20.251703,-7.508799,-16.018845,6.5589647,-13.450597,40.273373,1
6.0,6,9.61496,-20.251799,-7.5087495,-16.018913,6.558982,-13.450642,40.273457,1
6.0,6,9.614958,-20.251793,-7.508738,-16.018917,6.559003,-13.450661,40.273468,1
6.0,6,9.614958,-20.25179,-7.50874,-16.018913,6.5590005,-13.450657,40.273457,1
6.0,6,9.614958,-20.25179,-7.50874,-16.018913,6.5590005,-13.450657,40.273457,1
6.0,6,9.614958,-20.25179,-7.50874,-16.018913,6.5590005,-13.450657,40.273457,1
6.0,6,10.242162,-21.160261,-6.908252,-17.166485,6.6502247,-13.953953,41.337513,1
6.0,6,10.242136,-21.16022,-6.908252,-17.166433,6.650282,-13.953983,41.337467,1
6.0,6,10.242121,-21.16021,-6.908329,-17.166367,6.650236,-13.953939,41.337437,1
6.0,6,10.242204,-21.160332,-6.9082527,-17.166553,6.650141,-13.953909,41.337566,1
6.0,6,10.242208,-21.160343,-6.9082236,-17.16663,6.6501164,-13.953898,41.33762,1
6.0,6,10.242281,-21.160467,-6.9082623,-17.166613,6.650015,-13.953835,41.337635,1
2.0,2,-8.052398,10.146233,28.270039,-16.556358,-0.691996,3.2712722,-7.899194,1
2.0,2,-8.052398,10.146233,28.270039,-16.556358,-0.691996,3.2712722,-7.899194,1
2.0,2,-8.052398,10.146233,28.270039,-16.556358,-0.691996,3.2712722,-7.899194,1
2.0,2,-8.052398,10.146233,28.270039,-16.556358,-0.691996,3.2712722,-7.899194,1
2.0,2,-8.052398,10.146233,28.270039,-16.556358,-0.691996,3.2712722,-7.899194,1
2.0,2,-8.052398,10.146233,28.270039,-16.556358,-0.691996,3.2712722,-7.899194,1
4.0,4,-0.67379785,11.148933,3.1906924,-5.596796,23.072338,-18.47978,-0.39010262,1
4.0,4,-0.67379785,11.148933,3.1906924,-5.596796,23.072338,-18.47978,-0.39010262,1
4.0,4,-0.67379785,11.148933,3.1906924,-5.596796,23.072338,-18.47978,-0.39010262,1
4.0,4,-0.67379785,11.148933,3.1906924,-5.596796,23.072338,-18.47978,-0.39010262,1
4.0,4,-0.67379785,11.148933,3.1906924,-5.596796,23.072338,-18.47978,-0.39010262,1
4.0,4,-0.67379785,11.148933,3.1906924,-5.596796,23.072338,-18.47978,-0.39010262,1
2.0,2,-7.739382,9.140427,29.702091,-17.293797,0.15840995,2.3817916,-6.8823853,1
2.0,2,-7.7393665,9.140387,29.702127,-17.293795,0.15838516,2.3818092,-6.882387,1
2.0,2,-7.7393904,9.14042,29.702162,-17.293823,0.15842259,2.381781,-6.882374,1
2.0,2,-7.739377,9.140409,29.702114,-17.293816,0.15842116,2.3817763,-6.8823605,1
2.0,2,-7.7393923,9.140438,29.702099,-17.293812,0.15842688,2.3817773,-6.882368,1
2.0,2,-7.7393913,9.140446,29.7021,-17.29383,0.15844572,2.3817582,-6.8823547,1
4.0,4,-1.2361877,13.914831,-0.48960438,-4.4034543,24.849325,-18.368172,-2.6170735,1
4.0,4,-1.2361877,13.914831,-0.48960438,-4.4034543,24.849325,-18.368172,-2.6170735,1
4.0,4,-1.2361877,13.914831,-0.48960438,-4.4034543,24.849325,-18.368172,-2.6170735,1
4.0,4,-1.2361877,13.914831,-0.48960438,-4.4034543,24.849325,-18.368172,-2.6170735,1
4.0,4,-1.2361877,13.914831,-0.48960438,-4.4034543,24.849325,-18.368172,-2.6170735,1
4.0,4,-1.2361877,13.914831,-0.48960438,-4.4034543,24.849325,-18.368172,-2.6170735,1
6.0,6,10.132466,-21.04783,-6.5571446,-17.662443,6.823168,-14.138397,41.715252,1
6.0,6,10.132466,-21.04783,-6.5571446,-17.662443,6.823168,-14.138397,41.715252,1
6.0,6,10.132466,-21.04783,-6.5571446,-17.662443,6.823168,-14.138397,41.715252,1
6.0,6,10.132466,-21.04783,-6.5571446,-17.662443,6.823168,-14.138397,41.715252,1
6.0,6,10.132466,-21.04783,-6.5571446,-17.662443,6.823168,-14.138397,41.715252,1
6.0,6,10.132466,-21.04783,-6.5571446,-17.662443,6.823168,-14.138397,41.715252,1
0.0,0,11.159227,-6.215834,-11.7812,-10.099327,-8.788865,5.682258,1.0377653,1
0.0,0,11.15966,-6.2172885,-11.781799,-10.097853,-8.791288,5.684017,1.0382187,1
0.0,0,11.15946,-6.216804,-11.7818165,-10.098208,-8.788764,5.6818824,1.0387399,1
0.0,0,11.159529,-6.2172256,-11.781191,-10.098009,-8.792336,5.68508,1.0374815,1
0.0,0,11.159307,-6.2169642,-11.781266,-10.09828,-8.790469,5.683465,1.038255,1
0.0,0,11.159507,-6.217137,-11.781966,-10.097883,-8.789574,5.6825233,1.038903,1
2.0,2,-6.8488626,7.40002,30.528473,-18.220505,0.28770435,1.9173743,-5.606554,1
2.0,2,-6.8488626,7.40002,30.528473,-18.220505,0.28770435,1.9173743,-5.606554,1
2.0,2,-6.8488626,7.40002,30.528473,-18.220505,0.28770435,1.9173743,-5.606554,1
2.0,2,-6.8488626,7.40002,30.528473,-18.220505,0.28770435,1.9173743,-5.606554,1
2.0,2,-6.8488626,7.40002,30.528473,-18.220505,0.28770435,1.9173743,-5.606554,1
2.0,2,-6.8488626,7.40002,30.528473,-18.220505,0.28770435,1.9173743,-5.606554,1
1.0,1,-1.66417,13.155296,1.8381548,-7.2090964,4.782059,-3.0429811,-8.444459,1
1.0,1,-1.66417,13.155296,1.8381548,-7.2090964,4.782059,-3.0429811,-8.444459,1
1.0,1,-1.66417,13.155296,1.8381548,-7.2090964,4.782059,-3.0429811,-8.444459,1
1.0,1,-1.66417,13.155296,1.8381548,-7.2090964,4.782059,-3.0429811,-8.444459,1
1.0,1,-1.66417,13.155296,1.8381548,-7.2090964,4.782059,-3.0429811,-8.444459,1
1.0,1,-1.66417,13.155296,1.8381548,-7.2090964,4.782059,-3.0429811,-8.444459,1
3.0,3,1.5928698,-7.426995,-14.392618,48.29267,-1.8314742,-0.6004516,-13.307465,1
3.0,3,1.5926135,-7.4265914,-14.392514,48.29343,-1.8307568,-0.60093105,-13.30798,1
3.0,3,1.5927217,-7.4266057,-14.392679,48.29314,-1.8309692,-0.6007434,-13.307964,1
3.0,3,1.5926933,-7.426806,-14.392502,48.2932,-1.8310388,-0.6007472,-13.307722,1
3.0,3,1.592694,-7.426481,-14.392694,48.293217,-1.8308433,-0.60081255,-13.30812,1
3.0,3,1.5927763,-7.4265475,-14.392778,48.292988,-1.8310491,-0.6006483,-13.308044,1
0.0,0,11.24927,-5.852042,-12.133168,-9.200751,-7.0106506,4.0636725,0.8817165,1
0.0,0,11.249838,-5.853242,-12.132829,-9.199916,-7.012169,4.064608,0.88133454,1
0.0,0,11.250122,-5.853717,-12.132488,-9.199987,-7.01225,4.064801,0.88099265,1
0.0,0,11.249582,-5.8535366,-12.131972,-9.200573,-7.011509,4.064323,0.8820772,1
0.0,0,11.249661,-5.852875,-12.132166,-9.199818,-7.0112906,4.064338,0.8804815,1
0.0,0,11.249158,-5.8533473,-12.13205,-9.198772,-7.012083,4.0648427,0.88104224,1
4.0,4,-1.4027238,13.942743,-0.049649745,-4.669645,25.301569,-18.312654,-2.6347213,1
4.0,4,-1.4027238,13.942743,-0.049649745,-4.669645,25.301569,-18.312654,-2.6347213,1
4.0,4,-1.4027238,13.942743,-0.049649745,-4.669645,25.301569,-18.312654,-2.6347213,1
4.0,4,-1.4027238,13.942743,-0.049649745,-4.669645,25.301569,-18.312654,-2.6347213,1
4.0,4,-1.4027238,13.942743,-0.049649745,-4.669645,25.301569,-18.312654,-2.6347213,1
4.0,4,-1.4027238,13.942743,-0.049649745,-4.669645,25.301569,-18.312654,-2.6347213,1
1.0,1,-0.5350461,14.49728,-0.5398042,-8.443634,6.6466937,-4.5798044,-9.46776,1
1.0,1,-0.5350461,14.49728,-0.5398042,-8.443634,6.6466937,-4.5798044,-9.46776,1
1.0,1,-0.5350461,14.49728,-0.5398042,-8.443634,6.6466937,-4.5798044,-9.46776,1
1.0,1,-0.5350461,14.49728,-0.5398042,-8.443634,6.6466937,-4.5798044,-9.46776,1
1.0,1,-0.5350461,14.49728,-0.5398042,-8.443634,6.6466937,-4.5798044,-9.46776,1
1.0,1,-0.5350461,14.49728,-0.5398042,-8.443634,6.6466937,-4.5798044,-9.46776,1
2.0,2,-7.2858057,9.902901,25.889383,-14.440822,-1.5376633,4.0507436,-9.319421,1
2.0,2,-7.2858057,9.902901,25.889383,-14.440822,-1.5376633,4.0507436,-9.319421,1
2.0,2,-7.2858057,9.902901,25.889383,-14.440822,-1.5376633,4.0507436,-9.319421,1
2.0,2,-7.2858057,9.902901,25.889383,-14.440822,-1.5376633,4.0507436,-9.319421,1
2.0,2,-7.2858057,9.902901,25.889383,-14.440822,-1.5376633,4.0507436,-9.319421,1
2.0,2,-7.2858057,9.902901,25.889383,-14.440822,-1.5376633,4.0507436,-9.319421,1
3.0,3,1.5971646,-7.3950486,-14.394105,48.26603,-1.816491,-0.60564196,-13.340927,1
3.0,3,1.5971646,-7.3950515,-14.394094,48.266026,-1.816492,-0.6056434,-13.3409195,1
3.0,3,1.5971665,-7.395041,-14.3941,48.266018,-1.8164879,-0.6056446,-13.340934,1
3.0,3,1.597162,-7.3950553,-14.394096,48.26604,-1.8164912,-0.6056458,-13.340921,1
3.0,3,1.5971632,-7.3950343,-14.394096,48.266014,-1.8164867,-0.605641,-13.34094,1
3.0,3,1.5971575,-7.39506,-14.394094,48.266064,-1.8164841,-0.6056529,-13.340918,1
1.0,1,-2.2783196,13.729044,2.4122286,-7.127405,5.4150863,-4.448237,-7.874508,1
1.0,1,-2.2783208,13.72905,2.412226,-7.1274066,5.415081,-4.4482293,-7.8745155,1
1.0,1,-2.2783186,13.729044,2.4122283,-7.1274056,5.4150863,-4.448238,-7.874509,1
1.0,1,-2.2783208,13.72905,2.412226,-7.1274066,5.415081,-4.4482293,-7.8745155,1
1.0,1,-2.2783208,13.72905,2.412226,-7.1274066,5.415081,-4.4482293,-7.8745155,1
1.0,1,-2.2783194,13.729044,2.4122286,-7.1274047,5.4150863,-4.4482384,-7.874509,1
1.0,1,-0.36093974,14.391182,-0.7921431,-8.661202,6.9240212,-4.7169337,-9.274884,1
1.0,1,-0.36093974,14.391182,-0.7921431,-8.661202,6.9240212,-4.7169337,-9.274884,1
1.0,1,-0.36093974,14.391182,-0.7921431,-8.661202,6.9240212,-4.7169337,-9.274884,1
1.0,1,-0.36093974,14.391182,-0.7921431,-8.661202,6.9240212,-4.7169337,-9.274884,1
1.0,1,-0.36093974,14.391182,-0.7921431,-8.661202,6.9240212,-4.7169337,-9.274884,1
1.0,1,-0.36093974,14.391182,-0.7921431,-8.661202,6.9240212,-4.7169337,-9.274884,1
5.0,5,8.506625,-4.326458,-6.15351,-5.607086,-26.876186,22.287062,-11.714552,1
5.0,5,8.506625,-4.326458,-6.15351,-5.607086,-26.876186,22.287062,-11.714552,1
5.0,5,8.506625,-4.326458,-6.15351,-5.607086,-26.876186,22.287062,-11.714552,1
5.0,5,8.506625,-4.326458,-6.15351,-5.607086,-26.876186,22.287062,-11.714552,1
5.0,5,8.506625,-4.326458,-6.15351,-5.607086,-26.876186,22.287062,-11.714552,1
5.0,5,8.506625,-4.326458,-6.15351,-5.607086,-26.876186,22.287062,-11.714552,1
0.0,0,11.172501,-5.9935555,-12.0101185,-8.879788,-7.062397,3.9900532,0.92725635,1
0.0,0,11.172474,-5.993453,-12.010231,-8.879942,-7.0622387,3.9899182,0.9274428,1
0.0,0,11.172503,-5.9934945,-12.010222,-8.8799,-7.0622883,3.989952,0.9273975,1
0.0,0,11.17246,-5.9933724,-12.010357,-8.879852,-7.062212,3.9899096,0.9273701,1
0.0,0,11.1724615,-5.9933352,-12.01043,-8.879932,-7.062133,3.989839,0.92747474,1
0.0,0,11.172486,-5.9934955,-12.010182,-8.879845,-7.0623198,3.9899879,0.92732644,1
5.0,5,8.947283,-5.2850084,-7.0973926,-7.1624413,-20.736824,16.823812,-6.986245,1
5.0,5,8.947283,-5.2850084,-7.0973926,-7.1624413,-20.736824,16.823812,-6.986245,1
5.0,5,8.947283,-5.2850084,-7.0973926,-7.1624413,-20.736824,16.823812,-6.986245,1
5.0,5,8.947283,-5.2850084,-7.0973926,-7.1624413,-20.736824,16.823812,-6.986245,1
5.0,5,8.947283,-5.2850084,-7.0973926,-7.1624413,-20.736824,16.823812,-6.986245,1
5.0,5,8.947283,-5.2850084,-7.0973926,-7.1624413,-20.736824,16.823812,-6.986245,1
1.0,1,-0.93365026,15.3640785,0.12153587,-7.9167595,7.7564936,-6.1382165,-9.758188,1
1.0,1,-0.93365026,15.3640785,0.12153587,-7.9167595,7.7564936,-6.1382165,-9.758188,1
1.0,1,-0.93365026,15.3640785,0.12153587,-7.9167595,7.7564936,-6.1382165,-9.758188,1
1.0,1,-0.93365026,15.3640785,0.12153587,-7.9167595,7.7564936,-6.1382165,-9.758188,1
1.0,1,-0.93365026,15.3640785,0.12153587,-7.9167595,7.7564936,-6.1382165,-9.758188,1
1.0,1,-0.93365026,15.3640785,0.12153587,-7.9167595,7.7564936,-6.1382165,-9.758188,1
0.0,0,11.151353,-5.7894664,-12.67644,-9.614094,-7.8194838,4.7854853,1.1201153,1
0.0,0,11.151353,-5.7894664,-12.67644,-9.614094,-7.8194838,4.7854853,1.1201153,1
0.0,0,11.151353,-5.7894664,-12.67644,-9.614094,-7.8194838,4.7854853,1.1201153,1
0.0,0,11.151353,-5.7894664,-12.67644,-9.614094,-7.8194838,4.7854853,1.1201153,1
0.0,0,11.151353,-5.7894664,-12.67644,-9.614094,-7.8194838,4.7854853,1.1201153,1
0.0,0,11.151353,-5.7894664,-12.67644,-9.614094,-7.8194838,4.7854853,1.1201153,1
2.0,2,-7.398,8.550703,30.743845,-18.164604,0.6405803,1.737652,-6.1203337,1
2.0,2,-7.398,8.550703,30.743845,-18.164604,0.6405803,1.737652,-6.1203337,1
2.0,2,-7.398,8.550703,30.743845,-18.164604,0.6405803,1.737652,-6.1203337,1
2.0,2,-7.398,8.550703,30.743845,-18.164604,0.6405803,1.737652,-6.1203337,1
2.0,2,-7.398,8.550703,30.743845,-18.164604,0.6405803,1.737652,-6.1203337,1
2.0,2,-7.398,8.550703,30.743845,-18.164604,0.6405803,1.737652,-6.1203337,1
6.0,6,10.319055,-21.047995,-6.525635,-17.366924,6.5844464,-13.9338,41.007664,1
6.0,6,10.319055,-21.047995,-6.525635,-17.366924,6.5844464,-13.9338,41.007664,1
6.0,6,10.319055,-21.047995,-6.525635,-17.366924,6.5844464,-13.9338,41.007664,1
6.0,6,10.319055,-21.047995,-6.525635,-17.366924,6.5844464,-13.9338,41.007664,1
6.0,6,10.319055,-21.047995,-6.525635,-17.366924,6.5844464,-13.9338,41.007664,1
6.0,6,10.319055,-21.047995,-6.525635,-17.366924,6.5844464,-13.9338,41.007664,1
6.0,6,10.191008,-21.158634,-6.6312895,-17.57157,6.7276964,-14.073819,41.693752,1
6.0,6,10.190997,-21.158619,-6.631279,-17.571575,6.7277164,-14.073832,41.693768,1
6.0,6,10.190999,-21.158623,-6.6312814,-17.571571,6.7277145,-14.073832,41.69376,1
6.0,6,10.190999,-21.158623,-6.631282,-17.571575,6.727713,-14.07383,41.693764,1
6.0,6,10.190997,-21.15862,-6.631281,-17.571571,6.7277145,-14.073832,41.693764,1
6.0,6,10.190997,-21.15862,-6.631279,-17.571575,6.7277155,-14.073832,41.693764,1
1.0,1,-0.9023142,13.700439,1.6972961,-7.5115185,6.4826617,-5.482179,-8.696943,1
1.0,1,-0.9023142,13.700439,1.6972961,-7.5115185,6.4826617,-5.482179,-8.696943,1
1.0,1,-0.9023142,13.700439,1.6972961,-7.5115185,6.4826617,-5.482179,-8.696943,1
1.0,1,-0.9023142,13.700439,1.6972961,-7.5115185,6.4826617,-5.482179,-8.696943,1
1.0,1,-0.9023142,13.700439,1.6972961,-7.5115185,6.4826617,-5.482179,-8.696943,1
1.0,1,-0.9023142,13.700439,1.6972961,-7.5115185,6.4826617,-5.482179,-8.696943,1
0.0,0,11.252304,-5.173143,-12.3607025,-9.748068,-6.302492,3.3006601,0.87931585,1
0.0,0,11.252304,-5.173143,-12.3607025,-9.748068,-6.302492,3.3006601,0.87931585,1
0.0,0,11.252304,-5.173143,-12.3607025,-9.748068,-6.302492,3.3006601,0.87931585,1
0.0,0,11.252304,-5.173143,-12.3607025,-9.748068,-6.302492,3.3006601,0.87931585,1
0.0,0,11.252304,-5.173143,-12.3607025,-9.748068,-6.302492,3.3006601,0.87931585,1
0.0,0,11.252306,-5.1731563,-12.360701,-9.748037,-6.302517,3.300685,0.8792913,1
0.0,0,11.212122,-5.9099164,-12.1781025,-8.658709,-6.829272,4.1101966,0.49302554,1
0.0,0,11.21219,-5.909949,-12.178196,-8.6588,-6.8292456,4.1101303,0.4931004,1
0.0,0,11.212216,-5.9099846,-12.178301,-8.658794,-6.8291783,4.1100373,0.4932661,1
0.0,0,11.212176,-5.909985,-12.178268,-8.658657,-6.829258,4.1101313,0.49313807,1
0.0,0,11.212135,-5.9098597,-12.178303,-8.658629,-6.8293347,4.110246,0.4930346,1
0.0,0,11.212105,-5.9100075,-12.178251,-8.658445,-6.8292966,4.110201,0.49311972,1
1.0,1,0.46522117,13.482563,-1.5951953,-8.625666,8.510018,-5.8662744,-8.31809,1
1.0,1,0.46522117,13.482563,-1.5951953,-8.625666,8.510018,-5.8662744,-8.31809,1
1.0,1,0.46522117,13.482563,-1.5951953,-8.625666,8.510018,-5.8662744,-8.31809,1
1.0,1,0.46522117,13.482563,-1.5951953,-8.625666,8.510018,-5.8662744,-8.31809,1
1.0,1,0.46522117,13.482563,-1.5951953,-8.625666,8.510018,-5.8662744,-8.31809,1
1.0,1,0.46522117,13.482563,-1.5951953,-8.625666,8.510018,-5.8662744,-8.31809,1
5.0,5,7.7291803,-3.737173,-4.754703,-11.717353,-11.968596,8.592638,-0.06043887,1
5.0,5,7.7291803,-3.737173,-4.754703,-11.717353,-11.968596,8.592638,-0.06043887,1
5.0,5,7.7291803,-3.737173,-4.754703,-11.717353,-11.968596,8.592638,-0.06043887,1
5.0,5,7.7291803,-3.737173,-4.754703,-11.717353,-11.968596,8.592638,-0.06043887,1
5.0,5,7.7291803,-3.737173,-4.754703,-11.717353,-11.968596,8.592638,-0.06043887,1
5.0,5,7.7291803,-3.737173,-4.754703,-11.717353,-11.968596,8.592638,-0.06043887,1
2.0,2,-2.802642,7.895742,7.927472,-3.4374108,-0.13904,0.02896601,-7.0949736,1
2.0,2,-2.802642,7.895742,7.927472,-3.4374108,-0.13904,0.02896601,-7.0949736,1
2.0,2,-2.802642,7.895742,7.927472,-3.4374108,-0.13904,0.02896601,-7.0949736,1
2.0,2,-2.802642,7.895742,7.927472,-3.4374108,-0.13904,0.02896601,-7.0949736,1
2.0,2,-2.802642,7.895742,7.927472,-3.4374108,-0.13904,0.02896601,-7.0949736,1
2.0,2,-2.802642,7.895742,7.927472,-3.4374108,-0.13904,0.02896601,-7.0949736,1
4.0,4,-1.6726444,13.800692,0.5111474,-4.1608872,26.0321,-18.635803,-2.343983,1
4.0,4,-1.6726444,13.800692,0.5111474,-4.1608872,26.0321,-18.635803,-2.343983,1
4.0,4,-1.6726444,13.800692,0.5111474,-4.1608872,26.0321,-18.635803,-2.343983,1
4.0,4,-1.6726444,13.800692,0.5111474,-4.1608872,26.0321,-18.635803,-2.343983,1
4.0,4,-1.6726444,13.800692,0.5111474,-4.1608872,26.0321,-18.635803,-2.343983,1
4.0,4,-1.6726444,13.800692,0.5111474,-4.1608872,26.0321,-18.635803,-2.343983,1
2.0,2,-7.4522486,8.643079,29.699875,-17.46045,-0.097211,2.4807096,-6.663355,1
2.0,2,-7.4522486,8.643079,29.699875,-17.46045,-0.097211,2.4807096,-6.663355,1
2.0,2,-7.4522486,8.643079,29.699875,-17.46045,-0.097211,2.4807096,-6.663355,1
2.0,2,-7.4522486,8.643079,29.699875,-17.46045,-0.097211,2.4807096,-6.663355,1
2.0,2,-7.4522486,8.643079,29.699875,-17.46045,-0.097211,2.4807096,-6.663355,1
2.0,2,-7.4522486,8.643079,29.699875,-17.46045,-0.097211,2.4807096,-6.663355,1
6.0,6,9.769184,-20.51606,-7.1401134,-16.591509,6.736888,-13.751688,40.820415,1
6.0,6,9.769184,-20.51606,-7.1401134,-16.591509,6.736888,-13.751688,40.820415,1
6.0,6,9.769184,-20.51606,-7.1401134,-16.591509,6.736888,-13.751688,40.820415,1
6.0,6,9.769184,-20.51606,-7.1401134,-16.591509,6.736888,-13.751688,40.820415,1
6.0,6,9.769184,-20.51606,-7.1401134,-16.591509,6.736888,-13.751688,40.820415,1
6.0,6,9.769184,-20.51606,-7.1401134,-16.591509,6.736888,-13.751688,40.820415,1
5.0,5,8.6847,-4.1560564,-5.636192,-6.547699,-27.26573,22.792988,-12.396919,1
5.0,5,8.684699,-4.1560564,-5.636209,-6.547683,-27.265718,22.792976,-12.3969145,1
5.0,5,8.684667,-4.156023,-5.6362133,-6.5475864,-27.265713,22.792942,-12.39694,1
5.0,5,8.684662,-4.1560187,-5.636204,-6.547591,-27.265718,22.792948,-12.396948,1
5.0,5,8.684699,-4.156059,-5.636259,-6.5475926,-27.265688,22.792923,-12.396903,1
5.0,5,8.684653,-4.156007,-5.636069,-6.547779,-27.265871,22.793133,-12.397018,1
6.0,6,9.933261,-20.767477,-6.6783075,-17.48185,6.8453064,-14.053311,41.544434,1
6.0,6,9.933259,-20.767473,-6.67831,-17.481844,6.8453074,-14.05331,41.544426,1
6.0,6,9.933276,-20.767494,-6.6783557,-17.481812,6.8452625,-14.053275,41.544403,1
6.0,6,9.933254,-20.767466,-6.6783195,-17.481834,6.845303,-14.053304,41.544415,1
6.0,6,9.933266,-20.767483,-6.678306,-17.481853,6.8453045,-14.053313,41.54444,1
6.0,6,9.933268,-20.767487,-6.6783,-17.481861,6.845308,-14.053316,41.544453,1
0.0,0,11.613561,-7.274801,-11.583771,-7.069916,-14.732072,10.753986,-2.5944877,1
0.0,0,11.613561,-7.274801,-11.583771,-7.069916,-14.732072,10.753986,-2.5944877,1
0.0,0,11.613562,-7.2748027,-11.583763,-7.06991,-14.732088,10.754,-2.5944955,1
0.0,0,11.613559,-7.2748017,-11.583763,-7.069918,-14.732073,10.753986,-2.5944834,1
0.0,0,11.613558,-7.274799,-11.583766,-7.0699224,-14.732058,10.753976,-2.5944757,1
0.0,0,11.613561,-7.274801,-11.583771,-7.069916,-14.732072,10.753986,-2.5944877,1
5.0,5,8.624403,-4.02751,-6.5920296,-3.822468,-26.012175,21.437323,-12.948306,1
5.0,5,8.624403,-4.02751,-6.5920296,-3.822468,-26.012175,21.437323,-12.948306,1
5.0,5,8.624403,-4.02751,-6.5920296,-3.822468,-26.012175,21.437323,-12.948306,1
5.0,5,8.624403,-4.02751,-6.5920296,-3.822468,-26.012175,21.437323,-12.948306,1
5.0,5,8.624403,-4.02751,-6.5920296,-3.822468,-26.012175,21.437323,-12.948306,1
5.0,5,8.624403,-4.02751,-6.5920296,-3.822468,-26.012175,21.437323,-12.948306,1
6.0,6,10.132087,-21.096457,-6.626285,-17.500656,6.796156,-14.092793,41.673103,1
6.0,6,10.132087,-21.096457,-6.626285,-17.500656,6.796156,-14.092793,41.673103,1
6.0,6,10.132087,-21.096457,-6.626285,-17.500656,6.796156,-14.092793,41.673103,1
6.0,6,10.132087,-21.096457,-6.626285,-17.500656,6.796156,-14.092793,41.673103,1
6.0,6,10.132087,-21.096457,-6.626285,-17.500656,6.796156,-14.092793,41.673103,1
6.0,6,10.132087,-21.096457,-6.626285,-17.500656,6.796156,-14.092793,41.673103,1
2.0,2,-7.181999,8.27483,30.861467,-18.504782,0.61409986,1.6084331,-5.8688107,1
2.0,2,-7.181999,8.27483,30.861467,-18.504782,0.61409986,1.6084331,-5.8688107,1
2.0,2,-7.181999,8.27483,30.861467,-18.504782,0.61409986,1.6084331,-5.8688107,1
2.0,2,-7.181999,8.27483,30.861467,-18.504782,0.61409986,1.6084331,-5.8688107,1
2.0,2,-7.181999,8.27483,30.861467,-18.504782,0.61409986,1.6084331,-5.8688107,1
2.0,2,-7.181999,8.27483,30.861467,-18.504782,0.61409986,1.6084331,-5.8688107,1
0.0,0,11.010027,-6.0795918,-11.627674,-9.900937,-7.353221,4.385591,1.6011145,1
0.0,0,11.010012,-6.079541,-11.627705,-9.901005,-7.3531694,4.385553,1.6011724,1
0.0,0,11.010014,-6.0796185,-11.627633,-9.9009,-7.353258,4.385639,1.6010821,1
0.0,0,11.0100155,-6.07958,-11.627642,-9.900955,-7.35324,4.385626,1.601084,1
0.0,0,11.009987,-6.07953,-11.627689,-9.901039,-7.3531218,4.3855224,1.6012168,1
0.0,0,11.0100155,-6.07958,-11.627642,-9.900955,-7.35324,4.385626,1.601084,1
1.0,1,-1.2689037,15.231373,0.4552358,-8.219503,6.3056192,-4.8247557,-9.780192,1
1.0,1,-1.2689037,15.231373,0.4552358,-8.219503,6.3056192,-4.8247557,-9.780192,1
1.0,1,-1.2689037,15.231373,0.4552358,-8.219503,6.3056192,-4.8247557,-9.780192,1
1.0,1,-1.2689037,15.231373,0.4552358,-8.219503,6.3056192,-4.8247557,-9.780192,1
1.0,1,-1.2689037,15.231373,0.4552358,-8.219503,6.3056192,-4.8247557,-9.780192,1
1.0,1,-1.2689037,15.231373,0.4552358,-8.219503,6.3056192,-4.8247557,-9.780192,1
6.0,6,10.158208,-21.115334,-6.7080064,-17.522442,6.6770315,-14.006677,41.65684,1
6.0,6,10.158201,-21.115328,-6.7079988,-17.522446,6.677042,-14.006685,41.656845,1
6.0,6,10.158212,-21.115341,-6.707994,-17.522465,6.6770306,-14.006683,41.65686,1
6.0,6,10.158171,-21.115278,-6.7079754,-17.52246,6.6770806,-14.006709,41.656853,1
6.0,6,10.158208,-21.11534,-6.707988,-17.522467,6.677038,-14.006688,41.656864,1
6.0,6,10.1582155,-21.115349,-6.707998,-17.522455,6.677027,-14.00668,41.656853,1
0.0,0,11.200306,-5.701231,-12.015848,-10.14277,-7.9849854,5.045231,0.7117374,1
0.0,0,11.200308,-5.7012305,-12.015847,-10.142765,-7.984992,5.0452375,0.71172833,1
0.0,0,11.200308,-5.7012305,-12.015847,-10.142765,-7.984992,5.0452375,0.71172833,1
0.0,0,11.200304,-5.7012334,-12.015846,-10.142757,-7.9850073,5.0452514,0.7117269,1
0.0,0,11.200307,-5.7012315,-12.015846,-10.142764,-7.9850025,5.0452456,0.71172595,1
0.0,0,11.200304,-5.7012315,-12.015845,-10.142765,-7.9850044,5.0452495,0.71172667,1
3.0,3,1.6097388,-7.4234414,-14.387299,48.253006,-1.8436066,-0.6096827,-13.304339,1
3.0,3,1.6096811,-7.423425,-14.387289,48.253056,-1.8434933,-0.6097883,-13.304281,1
3.0,3,1.6097078,-7.4236436,-14.387156,48.253006,-1.843752,-0.6096138,-13.304087,1
3.0,3,1.6097589,-7.4234138,-14.387373,48.25293,-1.8436519,-0.6096543,-13.304346,1
3.0,3,1.6098113,-7.4236436,-14.387182,48.252735,-1.8437158,-0.6097032,-13.304012,1
3.0,3,1.6095765,-7.4236503,-14.387054,48.2533,-1.8435792,-0.6097094,-13.304082,1
3.0,3,1.6286383,-7.5005374,-14.311705,48.206184,-1.8071781,-0.65870416,-13.198982,1
3.0,3,1.6286414,-7.5005383,-14.311707,48.20618,-1.8071753,-0.65870655,-13.198984,1
3.0,3,1.6286211,-7.5005145,-14.311728,48.206226,-1.8071767,-0.65869224,-13.199019,1
3.0,3,1.6286426,-7.500543,-14.3117,48.206177,-1.8071758,-0.6587087,-13.198978,1
3.0,3,1.6286178,-7.500507,-14.311735,48.206238,-1.8071748,-0.6586906,-13.199031,1
3.0,3,1.6286178,-7.500507,-14.311737,48.206238,-1.807176,-0.6586877,-13.19903,1
0.0,0,11.4696455,-6.0280957,-12.634401,-9.185412,-7.08856,4.1777086,0.9518199,1
0.0,0,11.469929,-6.0279627,-12.634991,-9.18523,-7.0884094,4.1775002,0.9516716,1
0.0,0,11.469931,-6.02788,-12.635028,-9.185285,-7.088216,4.177348,0.951735,1
0.0,0,11.469819,-6.028106,-12.63482,-9.1852,-7.0884295,4.1775,0.9518106,1
0.0,0,11.469843,-6.0281076,-12.634844,-9.18517,-7.088458,4.1775236,0.9517715,1
0.0,0,11.46977,-6.028297,-12.634655,-9.185019,-7.088376,4.177439,0.95189285,1
2.0,2,-7.3462677,8.525749,30.735191,-18.390537,0.84310067,1.5003973,-5.871831,1
2.0,2,-7.346245,8.525791,30.735106,-18.39057,0.84298456,1.5004658,-5.8718863,1
2.0,2,-7.346245,8.525791,30.735106,-18.39057,0.84298456,1.5004658,-5.8718863,1
2.0,2,-7.346245,8.525791,30.735106,-18.39057,0.84298456,1.5004658,-5.8718863,1
2.0,2,-7.346245,8.525791,30.735106,-18.39057,0.84298456,1.5004658,-5.8718863,1
2.0,2,-7.346265,8.525747,30.73519,-18.390537,0.84309685,1.5004007,-5.8718357,1
3.0,3,1.5863252,-7.375073,-14.394272,48.298283,-1.7882863,-0.61082065,-13.377505,1
3.0,3,1.5863023,-7.3741317,-14.394529,48.298138,-1.7878109,-0.61084473,-13.378723,1
3.0,3,1.5863297,-7.3756804,-14.394634,48.298866,-1.7883753,-0.610813,-13.376803,1
3.0,3,1.5862463,-7.3751483,-14.39423,48.298683,-1.7879888,-0.6109909,-13.377474,1
3.0,3,1.5861967,-7.373941,-14.394428,48.298447,-1.7874507,-0.61091554,-13.379076,1
3.0,3,1.5862463,-7.3756633,-14.394629,48.29906,-1.7884449,-0.61078227,-13.376825,1
2.0,2,-7.6802635,9.051065,30.03526,-17.508463,0.21435988,2.2755923,-6.783415,1
2.0,2,-7.6802635,9.051065,30.03526,-17.508463,0.21435988,2.2755923,-6.783415,1
2.0,2,-7.6802635,9.051065,30.03526,-17.508463,0.21435988,2.2755923,-6.783415,1
2.0,2,-7.6802635,9.051065,30.03526,-17.508463,0.21435988,2.2755923,-6.783415,1
2.0,2,-7.6802635,9.051065,30.03526,-17.508463,0.21435988,2.2755923,-6.783415,1
2.0,2,-7.6802635,9.051065,30.03526,-17.508463,0.21435988,2.2755923,-6.783415,1
6.0,6,9.709328,-20.579758,-6.104049,-17.180016,7.678212,-14.643385,41.51518,1
6.0,6,9.709328,-20.579758,-6.104049,-17.180016,7.678212,-14.643385,41.51518,1
6.0,6,9.709328,-20.579758,-6.104049,-17.180016,7.678212,-14.643385,41.51518,1
6.0,6,9.709328,-20.579758,-6.104049,-17.180016,7.678212,-14.643385,41.51518,1
6.0,6,9.709328,-20.579758,-6.104049,-17.180016,7.678212,-14.643385,41.51518,1
6.0,6,9.709328,-20.579758,-6.104049,-17.180016,7.678212,-14.643385,41.51518,1
0.0,0,11.178524,-5.701158,-12.021873,-10.404148,-7.456012,4.447214,1.0925467,1
0.0,0,11.178605,-5.701344,-12.021466,-10.404015,-7.456375,4.4475374,1.0920997,1
0.0,0,11.178335,-5.701103,-12.021197,-10.404325,-7.456688,4.4479585,1.0919724,1
0.0,0,11.178497,-5.701167,-12.021818,-10.403996,-7.4560766,4.4472947,1.092361,1
0.0,0,11.178335,-5.701103,-12.021197,-10.404325,-7.456688,4.4479585,1.0919724,1
0.0,0,11.178335,-5.701103,-12.021197,-10.404325,-7.456688,4.4479585,1.0919724,1
6.0,6,10.088366,-21.034838,-6.5448203,-17.63769,6.84929,-14.149,41.761745,1
6.0,6,10.088366,-21.034838,-6.5448203,-17.63769,6.84929,-14.149,41.761745,1
6.0,6,10.088362,-21.034834,-6.5448174,-17.637695,6.849292,-14.149001,41.76174,1
6.0,6,10.088366,-21.034838,-6.5448203,-17.63769,6.84929,-14.149,41.761745,1
6.0,6,10.088366,-21.034838,-6.5448203,-17.63769,6.84929,-14.149,41.761745,1
6.0,6,10.088366,-21.034838,-6.5448203,-17.63769,6.84929,-14.149,41.761745,1
6.0,6,10.714549,-20.754345,-6.8556604,-16.742523,5.9838986,-13.275946,39.137608,1
6.0,6,10.714549,-20.754345,-6.8556604,-16.742523,5.9838986,-13.275946,39.137608,1
6.0,6,10.714549,-20.754345,-6.8556604,-16.742523,5.9838986,-13.275946,39.137608,1
6.0,6,10.714549,-20.754345,-6.8556604,-16.742523,5.9838986,-13.275946,39.137608,1
6.0,6,10.714549,-20.754345,-6.8556604,-16.742523,5.9838986,-13.275946,39.137608,1
6.0,6,10.714549,-20.754345,-6.8556604,-16.742523,5.9838986,-13.275946,39.137608,1
0.0,0,11.459203,-5.6461134,-12.475272,-9.794058,-7.153824,4.091701,0.6968131,1
0.0,0,11.4601145,-5.6503997,-12.469342,-9.791586,-7.160349,4.0973,0.6922562,1
0.0,0,11.458421,-5.6450167,-12.473826,-9.797022,-7.15489,4.093099,0.6974952,1
0.0,0,11.4595,-5.649559,-12.470992,-9.792179,-7.158763,4.096017,0.6944182,1
0.0,0,11.459946,-5.648871,-12.471753,-9.793845,-7.15705,4.0943074,0.69544244,1
0.0,0,11.459325,-5.646088,-12.473811,-9.795085,-7.1552534,4.0930142,0.6959958,1
5.0,5,9.0420885,-5.4485497,-5.672566,-7.4169636,-22.927563,18.27802,-7.748767,1
5.0,5,9.042089,-5.4485497,-5.6725655,-7.4169626,-22.927565,18.278019,-7.748769,1
5.0,5,9.042082,-5.448541,-5.672566,-7.4169607,-22.927576,18.278034,-7.7487803,1
5.0,5,9.0420885,-5.448548,-5.6725664,-7.4169626,-22.927563,18.27802,-7.748768,1
5.0,5,9.042083,-5.448543,-5.6725664,-7.416962,-22.927578,18.278036,-7.7487793,1
5.0,5,9.042082,-5.448541,-5.672566,-7.4169607,-22.927576,18.278034,-7.7487803,1
2.0,2,-7.369277,8.58138,30.594826,-18.12044,0.42590415,1.9124681,-6.2602253,1
2.0,2,-7.369277,8.58138,30.594826,-18.12044,0.42590415,1.9124681,-6.2602253,1
2.0,2,-7.369277,8.58138,30.594826,-18.12044,0.42590415,1.9124681,-6.2602253,1
2.0,2,-7.369277,8.58138,30.594826,-18.12044,0.42590415,1.9124681,-6.2602253,1
2.0,2,-7.369277,8.58138,30.594826,-18.12044,0.42590415,1.9124681,-6.2602253,1
2.0,2,-7.369277,8.58138,30.594826,-18.12044,0.42590415,1.9124681,-6.2602253,1
2.0,2,-7.276148,8.224445,30.377752,-17.558357,0.20662224,2.2071042,-6.6176443,1
2.0,2,-7.276148,8.224445,30.377752,-17.558357,0.20662224,2.2071042,-6.6176443,1
2.0,2,-7.276148,8.224445,30.377752,-17.558357,0.20662224,2.2071042,-6.6176443,1
2.0,2,-7.276148,8.224445,30.377752,-17.558357,0.20662224,2.2071042,-6.6176443,1
2.0,2,-7.276148,8.224445,30.377752,-17.558357,0.20662224,2.2071042,-6.6176443,1
2.0,2,-7.276148,8.224445,30.377752,-17.558357,0.20662224,2.2071042,-6.6176443,1
6.0,6,10.194871,-21.162489,-6.7609644,-17.501453,6.6006846,-13.957638,41.635273,1
6.0,6,10.194869,-21.162485,-6.760972,-17.501453,6.6006794,-13.957632,41.635265,1
6.0,6,10.194875,-21.162497,-6.7609806,-17.501446,6.600666,-13.9576235,41.635258,1
6.0,6,10.194871,-21.162487,-6.76097,-17.501453,6.6006765,-13.957631,41.635265,1
6.0,6,10.194867,-21.162483,-6.7609735,-17.501444,6.6006794,-13.95763,41.635254,1
6.0,6,10.194865,-21.16248,-6.7609673,-17.501448,6.600685,-13.957635,41.635254,1
6.0,6,10.443582,-21.55871,-6.862219,-17.411076,6.312181,-13.790079,41.629795,1
6.0,6,10.44358,-21.558706,-6.862218,-17.41108,6.312183,-13.790079,41.629795,1
6.0,6,10.443578,-21.558706,-6.8622174,-17.41108,6.3121834,-13.79008,41.629795,1
6.0,6,10.443578,-21.558706,-6.862217,-17.411076,6.3121824,-13.790078,41.629795,1
6.0,6,10.443581,-21.55871,-6.8622174,-17.41108,6.3121824,-13.790079,41.629795,1
6.0,6,10.443578,-21.558706,-6.862217,-17.41108,6.3121843,-13.79008,41.629795,1
2.0,2,-7.551771,8.999405,30.070848,-17.700779,-0.077537894,2.445294,-6.86849,1
2.0,2,-7.551944,8.99978,30.070625,-17.700714,-0.07727039,2.445148,-6.868596,1
2.0,2,-7.5519466,8.999798,30.070526,-17.700653,-0.07740891,2.445271,-6.8686666,1
2.0,2,-7.5517597,8.99943,30.070707,-17.700745,-0.077748656,2.4454732,-6.868594,1
2.0,2,-7.551881,8.999732,30.070522,-17.700645,-0.077540755,2.4453592,-6.868722,1
2.0,2,-7.551923,8.999594,30.070827,-17.700771,-0.07716715,2.4450402,-6.8684025,1
3.0,3,1.5842383,-7.4112096,-14.38546,48.316944,-1.8025314,-0.6117908,-13.33267,1
3.0,3,1.584172,-7.4113507,-14.385309,48.317207,-1.8024107,-0.6118914,-13.33253,1
3.0,3,1.5841565,-7.41134,-14.38519,48.317173,-1.8023688,-0.61191165,-13.332544,1
3.0,3,1.5842273,-7.4114356,-14.3853035,48.317005,-1.8025724,-0.6117934,-13.332409,1
3.0,3,1.5842478,-7.4112897,-14.385424,48.31693,-1.8025857,-0.6117519,-13.332581,1
3.0,3,1.5841925,-7.411137,-14.385481,48.31716,-1.8023258,-0.61186445,-13.332807,1
2.0,2,-7.3365517,8.501252,30.762339,-18.284998,0.70285165,1.6348103,-6.02631,1
2.0,2,-7.3365517,8.501252,30.762339,-18.284998,0.70285165,1.6348103,-6.02631,1
2.0,2,-7.3365517,8.501252,30.762339,-18.284998,0.70285165,1.6348103,-6.02631,1
2.0,2,-7.3365517,8.501252,30.762339,-18.284998,0.70285165,1.6348103,-6.02631,1
2.0,2,-7.3365517,8.501252,30.762339,-18.284998,0.70285165,1.6348103,-6.02631,1
2.0,2,-7.3365517,8.501252,30.762339,-18.284998,0.70285165,1.6348103,-6.02631,1
5.0,5,8.011341,-2.8819637,-4.1108317,-9.942659,-29.57594,27.095842,-14.813805,1
5.0,5,8.011341,-2.8819637,-4.1108317,-9.942659,-29.57594,27.095842,-14.813805,1
5.0,5,8.011341,-2.8819637,-4.1108317,-9.942659,-29.57594,27.095842,-14.813805,1
5.0,5,8.011341,-2.8819637,-4.1108317,-9.942659,-29.57594,27.095842,-14.813805,1
5.0,5,8.011341,-2.8819637,-4.1108317,-9.942659,-29.57594,27.095842,-14.813805,1
5.0,5,8.011341,-2.8819637,-4.1108317,-9.942659,-29.57594,27.095842,-14.813805,1
0.0,0,10.560264,-6.357389,-9.774032,-9.865081,-12.593023,9.043277,-0.67532253,1
0.0,0,10.560264,-6.357389,-9.774032,-9.865081,-12.593023,9.043277,-0.67532253,1
0.0,0,10.560264,-6.357389,-9.774032,-9.865081,-12.593023,9.043277,-0.67532253,1
0.0,0,10.560264,-6.357389,-9.774032,-9.865081,-12.593023,9.043277,-0.67532253,1
0.0,0,10.560264,-6.357389,-9.774032,-9.865081,-12.593023,9.043277,-0.67532253,1
0.0,0,10.560264,-6.357389,-9.774032,-9.865081,-12.593023,9.043277,-0.67532253,1
1.0,1,-1.3533001,14.506519,0.90718484,-8.735867,5.5149484,-3.8914108,-9.093656,1
1.0,1,-1.3533001,14.506519,0.90718484,-8.735867,5.5149484,-3.8914108,-9.093656,1
1.0,1,-1.3533001,14.506519,0.90718484,-8.735867,5.5149484,-3.8914108,-9.093656,1
1.0,1,-1.3533001,14.506519,0.90718484,-8.735867,5.5149484,-3.8914108,-9.093656,1
1.0,1,-1.3533001,14.506519,0.90718484,-8.735867,5.5149484,-3.8914108,-9.093656,1
1.0,1,-1.3533001,14.506519,0.90718484,-8.735867,5.5149484,-3.8914108,-9.093656,1
2.0,2,-7.192424,8.419464,30.86826,-18.800125,1.0098022,1.266774,-5.8857327,1
2.0,2,-7.192424,8.419464,30.86826,-18.800125,1.0098022,1.266774,-5.8857327,1
2.0,2,-7.192424,8.419464,30.86826,-18.800125,1.0098022,1.266774,-5.8857327,1
2.0,2,-7.192424,8.419464,30.86826,-18.800125,1.0098022,1.266774,-5.8857327,1
2.0,2,-7.192424,8.419464,30.86826,-18.800125,1.0098022,1.266774,-5.8857327,1
2.0,2,-7.192424,8.419464,30.86826,-18.800125,1.0098022,1.266774,-5.8857327,1
4.0,4,-1.5047231,14.644194,-1.123985,-3.8327303,25.580498,-18.952513,-2.9971898,1
4.0,4,-1.5047252,14.644194,-1.1239815,-3.8327298,25.580502,-18.952515,-2.997189,1
4.0,4,-1.50472,14.644192,-1.1239876,-3.8327394,25.580486,-18.952509,-2.9971905,1
4.0,4,-1.5047245,14.644199,-1.1239842,-3.8327441,25.580488,-18.952507,-2.9971933,1
4.0,4,-1.5047228,14.644194,-1.1239848,-3.832732,25.580498,-18.952513,-2.9971905,1
4.0,4,-1.5047247,14.644194,-1.1239834,-3.832728,25.580502,-18.952515,-2.9971902,1
1.0,1,-1.6926305,12.897593,1.3221583,-7.1059036,4.6550307,-3.1836624,-7.886572,1
1.0,1,-1.6926315,12.897593,1.3221592,-7.1059036,4.655029,-3.1836624,-7.886573,1
1.0,1,-1.692632,12.897593,1.3221589,-7.1059027,4.6550274,-3.183661,-7.886574,1
1.0,1,-1.6925952,12.897602,1.3220977,-7.1059523,4.655139,-3.1837592,-7.886526,1
1.0,1,-1.6926289,12.897591,1.322157,-7.105904,4.6550307,-3.1836634,-7.886572,1
1.0,1,-1.6926289,12.897591,1.322157,-7.105904,4.6550307,-3.1836634,-7.886572,1
2.0,2,-7.5501976,8.992523,30.087898,-17.710867,-0.056631446,2.4244213,-6.857027,1
2.0,2,-7.5502005,8.992529,30.08789,-17.710865,-0.05662787,2.4244199,-6.857025,1
2.0,2,-7.5501995,8.992525,30.087904,-17.710869,-0.056620955,2.4244132,-6.8570194,1
2.0,2,-7.5501995,8.992525,30.087904,-17.710869,-0.056620955,2.4244132,-6.8570194,1
2.0,2,-7.5501995,8.992525,30.087904,-17.710869,-0.056620955,2.4244132,-6.8570194,1
2.0,2,-7.5502033,8.992537,30.087883,-17.710865,-0.05663836,2.4244294,-6.857029,1
5.0,5,8.263113,-3.4433436,-5.0135584,-7.009227,-27.733648,23.584913,-13.3696,1
5.0,5,8.263113,-3.4433436,-5.0135584,-7.009227,-27.733648,23.584913,-13.3696,1
5.0,5,8.263113,-3.4433436,-5.0135584,-7.009227,-27.733648,23.584913,-13.3696,1
5.0,5,8.263113,-3.4433436,-5.0135584,-7.009227,-27.733648,23.584913,-13.3696,1
5.0,5,8.263113,-3.4433436,-5.0135584,-7.009227,-27.733648,23.584913,-13.3696,1
5.0,5,8.263113,-3.4433436,-5.0135584,-7.009227,-27.733648,23.584913,-13.3696,1
2.0,2,-7.353901,8.644163,30.665901,-18.390034,0.9141151,1.4976555,-6.171131,1
2.0,2,-7.3539,8.644167,30.665882,-18.390041,0.9140588,1.4977046,-6.1711464,1
2.0,2,-7.3538857,8.644104,30.665987,-18.39001,0.9141756,1.4976119,-6.1711273,1
2.0,2,-7.353876,8.644111,30.665964,-18.39007,0.9141346,1.4976252,-6.1711054,1
2.0,2,-7.3538876,8.644182,30.665869,-18.389883,0.91412365,1.497681,-6.1712627,1
2.0,2,-7.353878,8.644154,30.665897,-18.390068,0.9140886,1.4976622,-6.171139,1
3.0,3,1.590406,-7.4220767,-14.40387,48.30902,-1.8134626,-0.60559976,-13.3169,1
3.0,3,1.5903995,-7.4220767,-14.403846,48.309032,-1.8134323,-0.6056138,-13.316908,1
3.0,3,1.5904069,-7.4220786,-14.403873,48.309013,-1.8134729,-0.6055957,-13.316897,1
3.0,3,1.5903888,-7.4220796,-14.403824,48.309074,-1.8133999,-0.6056298,-13.31691,1
3.0,3,1.5904088,-7.4220777,-14.403879,48.309006,-1.8134786,-0.60559237,-13.316896,1
3.0,3,1.5903955,-7.4220805,-14.403841,48.309048,-1.813429,-0.60561717,-13.316905,1
2.0,2,-7.517766,8.350916,31.015324,-17.653744,0.96628106,1.672439,-6.3883457,1
2.0,2,-7.517766,8.350916,31.015324,-17.653744,0.96628106,1.672439,-6.3883457,1
2.0,2,-7.517766,8.350916,31.015324,-17.653744,0.96628106,1.672439,-6.3883457,1
2.0,2,-7.517766,8.350916,31.015324,-17.653744,0.96628106,1.672439,-6.3883457,1
2.0,2,-7.517766,8.350916,31.015324,-17.653744,0.96628106,1.672439,-6.3883457,1
2.0,2,-7.517766,8.350916,31.015324,-17.653744,0.96628106,1.672439,-6.3883457,1
4.0,4,-1.8357093,14.7172165,-0.9517274,-3.137636,26.40381,-19.44549,-2.8353138,1
4.0,4,-1.8357093,14.7172165,-0.9517274,-3.137636,26.40381,-19.44549,-2.8353138,1
4.0,4,-1.8357093,14.7172165,-0.9517274,-3.137636,26.40381,-19.44549,-2.8353138,1
4.0,4,-1.8357093,14.7172165,-0.9517274,-3.137636,26.40381,-19.44549,-2.8353138,1
4.0,4,-1.8357093,14.7172165,-0.9517274,-3.137636,26.40381,-19.44549,-2.8353138,1
4.0,4,-1.8357093,14.7172165,-0.9517274,-3.137636,26.40381,-19.44549,-2.8353138,1
1.0,1,-0.38621736,14.379005,-0.73474026,-8.450404,6.853313,-4.7105765,-9.368156,1
1.0,1,-0.38621736,14.379005,-0.73474026,-8.450404,6.853313,-4.7105765,-9.368156,1
1.0,1,-0.38621736,14.379005,-0.73474026,-8.450404,6.853313,-4.7105765,-9.368156,1
1.0,1,-0.38621736,14.379005,-0.73474026,-8.450404,6.853313,-4.7105765,-9.368156,1
1.0,1,-0.38621736,14.379005,-0.73474026,-8.450404,6.853313,-4.7105765,-9.368156,1
1.0,1,-0.38621736,14.379005,-0.73474026,-8.450404,6.853313,-4.7105765,-9.368156,1
4.0,4,-1.748178,14.57016,-0.77790725,-2.7378097,26.556599,-19.48159,-3.0750947,1
4.0,4,-1.748178,14.57016,-0.77790725,-2.7378097,26.556599,-19.48159,-3.0750947,1
4.0,4,-1.748178,14.57016,-0.77790725,-2.7378097,26.556599,-19.48159,-3.0750947,1
4.0,4,-1.748178,14.57016,-0.77790725,-2.7378097,26.556599,-19.48159,-3.0750947,1
4.0,4,-1.748178,14.57016,-0.77790725,-2.7378097,26.556599,-19.48159,-3.0750947,1
4.0,4,-1.748178,14.57016,-0.77790725,-2.7378097,26.556599,-19.48159,-3.0750947,1
4.0,4,-1.8545628,14.816458,-0.66835785,-3.888332,25.9548,-19.12934,-2.8556435,1
4.0,4,-1.8545628,14.816458,-0.66835785,-3.888332,25.9548,-19.12934,-2.8556435,1
4.0,4,-1.8545628,14.816458,-0.66835785,-3.888332,25.9548,-19.12934,-2.8556435,1
4.0,4,-1.8545628,14.816458,-0.66835785,-3.888332,25.9548,-19.12934,-2.8556435,1
4.0,4,-1.8545628,14.816458,-0.66835785,-3.888332,25.9548,-19.12934,-2.8556435,1
4.0,4,-1.8545628,14.816458,-0.66835785,-3.888332,25.9548,-19.12934,-2.8556435,1
1.0,1,-1.53226,14.594503,1.3797675,-8.315059,4.8466415,-3.319025,-9.710361,1
1.0,1,-1.5322635,14.594513,1.3797859,-8.315086,4.8466005,-3.3189816,-9.710383,1
1.0,1,-1.5322716,14.594509,1.37979,-8.315046,4.846658,-3.319045,-9.710358,1
1.0,1,-1.5322716,14.594509,1.37979,-8.315046,4.846658,-3.319045,-9.710358,1
1.0,1,-1.5322695,14.594515,1.3797934,-8.315075,4.8466144,-3.318997,-9.71038,1
1.0,1,-1.53226,14.594503,1.3797675,-8.315059,4.8466415,-3.319025,-9.710361,1
1.0,1,-1.3948505,14.976021,0.640283,-8.351459,5.6136303,-3.8893867,-9.787223,1
1.0,1,-1.3948505,14.976021,0.640283,-8.351459,5.6136303,-3.8893867,-9.787223,1
1.0,1,-1.3948505,14.976021,0.640283,-8.351459,5.6136303,-3.8893867,-9.787223,1
1.0,1,-1.3948505,14.976021,0.640283,-8.351459,5.6136303,-3.8893867,-9.787223,1
1.0,1,-1.3948505,14.976021,0.640283,-8.351459,5.6136303,-3.8893867,-9.787223,1
1.0,1,-1.3948505,14.976021,0.640283,-8.351459,5.6136303,-3.8893867,-9.787223,1
1.0,1,-1.0456266,14.648682,0.40766403,-8.638799,5.964232,-4.292182,-9.3330765,1
1.0,1,-1.0456266,14.648682,0.40766403,-8.638799,5.964232,-4.292182,-9.3330765,1
1.0,1,-1.0456266,14.648682,0.40766403,-8.638799,5.964232,-4.292182,-9.3330765,1
1.0,1,-1.0456266,14.648682,0.40766403,-8.638799,5.964232,-4.292182,-9.3330765,1
1.0,1,-1.0456266,14.648682,0.40766403,-8.638799,5.964232,-4.292182,-9.3330765,1
1.0,1,-1.0456266,14.648682,0.40766403,-8.638799,5.964232,-4.292182,-9.3330765,1
5.0,5,11.031288,-6.941975,-8.088366,-7.655299,-22.597149,17.916376,-7.1018734,1
5.0,5,11.031288,-6.941975,-8.088366,-7.655299,-22.597149,17.916376,-7.1018734,1
5.0,5,11.031288,-6.941975,-8.088366,-7.655299,-22.597149,17.916376,-7.1018734,1
5.0,5,11.031288,-6.941975,-8.088366,-7.655299,-22.597149,17.916376,-7.1018734,1
5.0,5,11.031288,-6.941975,-8.088366,-7.655299,-22.597149,17.916376,-7.1018734,1
5.0,5,11.031288,-6.941975,-8.088366,-7.655299,-22.597149,17.916376,-7.1018734,1
6.0,6,9.683102,-20.459507,-6.12089,-17.38673,7.6373396,-14.644702,41.546135,1
6.0,6,9.683103,-20.459507,-6.120892,-17.386732,7.6373386,-14.644702,41.546135,1
6.0,6,9.683104,-20.459507,-6.12089,-17.386732,7.6373386,-14.644702,41.546135,1
6.0,6,9.683101,-20.459505,-6.12089,-17.38673,7.63734,-14.644704,41.546135,1
6.0,6,9.683099,-20.459503,-6.1208863,-17.386726,7.637343,-14.644706,41.546135,1
6.0,6,9.683103,-20.459507,-6.12089,-17.38673,7.6373377,-14.644702,41.546135,1
5.0,5,8.944394,-4.776438,-5.9777,-6.6576576,-24.93433,20.28722,-10.11905,1
5.0,5,8.944394,-4.776438,-5.9777,-6.6576576,-24.93433,20.28722,-10.11905,1
5.0,5,8.944394,-4.776438,-5.9777,-6.6576576,-24.93433,20.28722,-10.11905,1
5.0,5,8.944394,-4.776438,-5.9777,-6.6576576,-24.93433,20.28722,-10.11905,1
5.0,5,8.944394,-4.776438,-5.9777,-6.6576576,-24.93433,20.28722,-10.11905,1
5.0,5,8.944394,-4.776438,-5.9777,-6.6576576,-24.93433,20.28722,-10.11905,1
3.0,3,1.586292,-7.430474,-14.371822,48.30809,-1.8003145,-0.63188064,-13.296879,1
3.0,3,1.5860963,-7.430486,-14.371805,48.30849,-1.8001512,-0.6318029,-13.296933,1
3.0,3,1.5861285,-7.4304776,-14.371513,48.308365,-1.7999939,-0.63205063,-13.296888,1
3.0,3,1.5861466,-7.430612,-14.371411,48.30819,-1.799976,-0.6321088,-13.296644,1
3.0,3,1.5863254,-7.430609,-14.371737,48.307938,-1.8004202,-0.6318623,-13.296672,1
3.0,3,1.5862081,-7.4305797,-14.371462,48.308067,-1.800088,-0.63208735,-13.296667,1
1.0,1,-0.5160763,14.486547,-0.5727091,-8.423325,6.6060176,-4.5321317,-9.507263,1
1.0,1,-0.5160763,14.486547,-0.5727091,-8.423325,6.6060176,-4.5321317,-9.507263,1
1.0,1,-0.5160763,14.486547,-0.5727091,-8.423325,6.6060176,-4.5321317,-9.507263,1
1.0,1,-0.5160763,14.486547,-0.5727091,-8.423325,6.6060176,-4.5321317,-9.507263,1
1.0,1,-0.5160763,14.486547,-0.5727091,-8.423325,6.6060176,-4.5321317,-9.507263,1
1.0,1,-0.5160763,14.486547,-0.5727091,-8.423325,6.6060176,-4.5321317,-9.507263,1
6.0,6,10.350128,-21.398518,-6.712296,-17.278708,6.471095,-13.8446,41.414093,1
6.0,6,10.350128,-21.398518,-6.712296,-17.278708,6.471095,-13.8446,41.414093,1
6.0,6,10.350128,-21.398518,-6.712296,-17.278708,6.471095,-13.8446,41.414093,1
6.0,6,10.350128,-21.398518,-6.712296,-17.278708,6.471095,-13.8446,41.414093,1
6.0,6,10.350128,-21.398518,-6.712296,-17.278708,6.471095,-13.8446,41.414093,1
6.0,6,10.350128,-21.398518,-6.712296,-17.278708,6.471095,-13.8446,41.414093,1
3.0,3,1.6017418,-7.4568105,-14.397911,48.27976,-1.8258125,-0.6003424,-13.27034,1
3.0,3,1.6017401,-7.4568076,-14.397909,48.279778,-1.825796,-0.6003417,-13.270351,1
3.0,3,1.6017544,-7.4568334,-14.397909,48.279713,-1.8258408,-0.6003369,-13.270296,1
3.0,3,1.6017613,-7.4568343,-14.397928,48.279705,-1.8258394,-0.600314,-13.270309,1
3.0,3,1.6017675,-7.456842,-14.397923,48.279705,-1.8258346,-0.6003212,-13.270302,1
3.0,3,1.6017482,-7.45682,-14.397932,48.27974,-1.825821,-0.6003319,-13.270322,1
0.0,0,11.369844,-5.82637,-12.374244,-9.005363,-6.895074,3.9707923,0.6861708,1
0.0,0,11.370009,-5.825554,-12.374621,-9.005151,-6.8947096,3.9706097,0.6849005,1
0.0,0,11.37065,-5.8268332,-12.375504,-9.004053,-6.8947687,3.970149,0.6858556,1
0.0,0,11.3698435,-5.825823,-12.374746,-9.005451,-6.894432,3.9702706,0.6861346,1
0.0,0,11.369685,-5.826133,-12.373686,-9.005854,-6.895359,3.9711514,0.68589115,1
0.0,0,11.369885,-5.8262415,-12.374204,-9.006163,-6.895096,3.9707885,0.68651986,1
5.0,5,8.224477,-3.9206924,-5.8070893,-5.4760933,-28.415134,23.920927,-13.2584305,1
5.0,5,8.224338,-3.920467,-5.8070245,-5.4759603,-28.4153,23.92109,-13.258748,1
5.0,5,8.224339,-3.9205441,-5.8070655,-5.4757996,-28.41529,23.92101,-13.258661,1
5.0,5,8.224382,-3.9205928,-5.807098,-5.475848,-28.415272,23.921003,-13.25861,1
5.0,5,8.224445,-3.9206462,-5.8067837,-5.475694,-28.414959,23.920366,-13.258432,1
5.0,5,8.224232,-3.9203796,-5.806864,-5.4758263,-28.41528,23.920967,-13.258782,1
3.0,3,1.59443,-7.459747,-14.358199,48.290203,-1.818041,-0.62160575,-13.263738,1
3.0,3,1.5944307,-7.459748,-14.358196,48.2902,-1.8180395,-0.6216086,-13.263737,1
3.0,3,1.5944312,-7.459746,-14.358196,48.2902,-1.8180367,-0.6216091,-13.263739,1
3.0,3,1.5944347,-7.45976,-14.358173,48.29019,-1.8180286,-0.621621,-13.26372,1
3.0,3,1.5944304,-7.4597507,-14.358189,48.2902,-1.8180333,-0.62161314,-13.263733,1
3.0,3,1.5944314,-7.4597487,-14.3582,48.29019,-1.818041,-0.6216067,-13.263737,1
2.0,2,-7.6366053,9.161587,29.599312,-17.743713,0.14950383,2.2561178,-6.587204,1
2.0,2,-7.636606,9.161589,29.599314,-17.743713,0.14950407,2.2561173,-6.587204,1
2.0,2,-7.636606,9.161589,29.599314,-17.743713,0.14950407,2.2561173,-6.587204,1
2.0,2,-7.636606,9.161589,29.599314,-17.743713,0.14950407,2.2561173,-6.587204,1
2.0,2,-7.6366053,9.161587,29.599312,-17.743713,0.14950383,2.2561178,-6.587204,1
2.0,2,-7.636606,9.161589,29.599314,-17.743713,0.14950407,2.2561173,-6.587204,1
5.0,5,8.816226,-4.8232703,-5.2880635,-6.3294888,-27.544188,23.167326,-12.028326,1
5.0,5,8.816226,-4.8232703,-5.2880635,-6.3294888,-27.544188,23.167326,-12.028326,1
5.0,5,8.816226,-4.8232703,-5.2880635,-6.3294888,-27.544188,23.167326,-12.028326,1
5.0,5,8.816239,-4.8232884,-5.28805,-6.3295126,-27.54419,23.167313,-12.028301,1
5.0,5,8.816255,-4.823302,-5.288047,-6.329537,-27.544172,23.167295,-12.028276,1
5.0,5,8.816242,-4.8232903,-5.2880597,-6.329511,-27.544163,23.167294,-12.02829,1
6.0,6,10.942924,-21.173355,-6.759873,-16.862312,5.8914986,-13.357873,39.439693,1
6.0,6,10.942924,-21.173355,-6.759873,-16.862312,5.8914986,-13.357873,39.439693,1
6.0,6,10.942924,-21.173355,-6.759873,-16.862312,5.8914986,-13.357873,39.439693,1
6.0,6,10.942924,-21.173355,-6.759873,-16.862312,5.8914986,-13.357873,39.439693,1
6.0,6,10.942924,-21.173355,-6.759873,-16.862312,5.8914986,-13.357873,39.439693,1
6.0,6,10.942924,-21.173355,-6.759873,-16.862312,5.8914986,-13.357873,39.439693,1
0.0,0,11.553246,-6.836304,-11.176817,-9.2573,-12.881626,9.121279,-1.0166817,1
0.0,0,11.5536,-6.837562,-11.175554,-9.256596,-12.883009,9.1220875,-1.0171206,1
0.0,0,11.553738,-6.83744,-11.175389,-9.257166,-12.881992,9.121248,-1.0170009,1
0.0,0,11.554387,-6.8381743,-11.176577,-9.255183,-12.883952,9.122457,-1.0176105,1
0.0,0,11.55375,-6.836867,-11.177826,-9.256313,-12.881325,9.120545,-1.016017,1
0.0,0,11.553734,-6.836903,-11.176422,-9.258335,-12.877178,9.117043,-1.0145557,1
6.0,6,10.234256,-21.209864,-6.729348,-17.632427,6.56251,-13.9521885,41.713673,1
6.0,6,10.234256,-21.209864,-6.7293487,-17.632427,6.562511,-13.952187,41.713673,1
6.0,6,10.234256,-21.209864,-6.729348,-17.632431,6.5625105,-13.952187,41.713673,1
6.0,6,10.234256,-21.209867,-6.729349,-17.632427,6.5625095,-13.9521885,41.713673,1
6.0,6,10.234254,-21.209864,-6.7293487,-17.632427,6.562512,-13.952188,41.713673,1
6.0,6,10.234256,-21.209864,-6.7293487,-17.632427,6.562511,-13.952187,41.713673,1
0.0,0,11.204637,-6.180516,-11.7253685,-9.094355,-7.3987293,4.287206,0.93550277,1
0.0,0,11.204239,-6.181544,-11.723047,-9.094786,-7.4004536,4.28903,0.9348588,1
0.0,0,11.203848,-6.180619,-11.722787,-9.0948305,-7.3996096,4.2886205,0.9340551,1
0.0,0,11.204036,-6.1778893,-11.725559,-9.095896,-7.39764,4.2870874,0.9336951,1
0.0,0,11.203829,-6.1799617,-11.722863,-9.095045,-7.3995686,4.288888,0.93297005,1
0.0,0,11.205733,-6.1840053,-11.722453,-9.091931,-7.4017906,4.2896905,0.93277764,1
5.0,5,8.889144,-4.7042847,-5.535538,-6.3525085,-27.463276,22.83241,-11.928446,1
5.0,5,8.889144,-4.7042847,-5.535538,-6.3525085,-27.463276,22.83241,-11.928446,1
5.0,5,8.889144,-4.7042847,-5.535538,-6.3525085,-27.463276,22.83241,-11.928446,1
5.0,5,8.889144,-4.7042847,-5.535538,-6.3525085,-27.463276,22.83241,-11.928446,1
5.0,5,8.889144,-4.7042847,-5.535538,-6.3525085,-27.463276,22.83241,-11.928446,1
5.0,5,8.889144,-4.7042847,-5.535538,-6.3525085,-27.463276,22.83241,-11.928446,1
2.0,2,-7.6579638,8.879467,30.062525,-17.416538,0.30352867,2.2177172,-6.714014,1
2.0,2,-7.6579638,8.879467,30.062525,-17.416538,0.30352867,2.2177172,-6.714014,1
2.0,2,-7.6579638,8.879467,30.062525,-17.416538,0.30352867,2.2177172,-6.714014,1
2.0,2,-7.6579638,8.879467,30.062525,-17.416538,0.30352867,2.2177172,-6.714014,1
2.0,2,-7.6579638,8.879467,30.062525,-17.416538,0.30352867,2.2177172,-6.714014,1
2.0,2,-7.6579638,8.879467,30.062525,-17.416538,0.30352867,2.2177172,-6.714014,1
6.0,6,10.201974,-21.244526,-6.6356153,-17.183542,6.8664556,-14.092204,41.515015,1
6.0,6,10.201974,-21.244526,-6.6356153,-17.183542,6.8664556,-14.092204,41.515015,1
6.0,6,10.201974,-21.244526,-6.6356153,-17.183542,6.8664556,-14.092204,41.515015,1
6.0,6,10.201974,-21.244526,-6.6356153,-17.183542,6.8664556,-14.092204,41.515015,1
6.0,6,10.201974,-21.244526,-6.6356153,-17.183542,6.8664556,-14.092204,41.515015,1
6.0,6,10.201974,-21.244526,-6.6356153,-17.183542,6.8664556,-14.092204,41.515015,1
3.0,3,1.5928557,-7.436296,-14.378967,48.283573,-1.8322071,-0.60422504,-13.292619,1
3.0,3,1.5928414,-7.4362674,-14.378977,48.283634,-1.8321649,-0.6042379,-13.2926655,1
3.0,3,1.5928452,-7.4362893,-14.378965,48.283615,-1.8321849,-0.60423315,-13.292638,1
3.0,3,1.5928292,-7.4362617,-14.378984,48.283672,-1.8321532,-0.60423887,-13.292683,1
3.0,3,1.592871,-7.436336,-14.378964,48.283535,-1.8322436,-0.60420763,-13.292566,1
3.0,3,1.5928442,-7.436276,-14.378979,48.283615,-1.832174,-0.6042315,-13.292656,1
0.0,0,11.469394,-5.75747,-12.286759,-10.032261,-7.3532524,4.4262114,0.70117307,1
0.0,0,11.469321,-5.7573266,-12.286972,-10.032362,-7.353057,4.4260497,0.70142436,1
0.0,0,11.469484,-5.757798,-12.286459,-10.031946,-7.35353,4.426424,0.70087314,1
0.0,0,11.469462,-5.757852,-12.286319,-10.031914,-7.3536835,4.426573,0.7007687,1
0.0,0,11.469368,-5.7575507,-12.286602,-10.032141,-7.35334,4.4263005,0.70105815,1
0.0,0,11.469446,-5.757832,-12.286406,-10.03187,-7.353631,4.4265285,0.7008343,1
0.0,0,11.329154,-5.8764076,-12.106785,-10.035999,-7.9984274,4.962981,0.8733275,1
0.0,0,11.329154,-5.876407,-12.106787,-10.035997,-7.998418,4.962974,0.8733294,1
0.0,0,11.329154,-5.876407,-12.106787,-10.035997,-7.998418,4.962974,0.8733294,1
0.0,0,11.329154,-5.8764076,-12.106785,-10.035999,-7.9984274,4.962981,0.8733275,1
0.0,0,11.329154,-5.8764076,-12.106785,-10.035999,-7.9984274,4.962981,0.8733275,1
0.0,0,11.329153,-5.8764076,-12.106785,-10.035999,-7.9984264,4.9629803,0.87332654,1
3.0,3,1.6163433,-7.434361,-14.40291,48.222897,-1.878169,-0.5763184,-13.291971,1
3.0,3,1.6163392,-7.434345,-14.402918,48.22291,-1.8781539,-0.57632506,-13.291992,1
3.0,3,1.616339,-7.4343543,-14.402912,48.22291,-1.8781472,-0.5763334,-13.291978,1
3.0,3,1.6163406,-7.4343476,-14.402919,48.222904,-1.8781556,-0.57632244,-13.291988,1
3.0,3,1.6163316,-7.4343486,-14.402903,48.22293,-1.8781372,-0.5763365,-13.29199,1
3.0,3,1.6163354,-7.4343524,-14.4029045,48.22293,-1.8781356,-0.5763413,-13.291982,1
0.0,0,11.087545,-6.22525,-11.926535,-9.923368,-8.162411,5.079717,1.2934561,1
0.0,0,11.088105,-6.225781,-11.926361,-9.922843,-8.163196,5.080265,1.2925799,1
0.0,0,11.088089,-6.2251573,-11.927176,-9.92333,-8.162895,5.08002,1.2930038,1
0.0,0,11.088166,-6.2255654,-11.926627,-9.923216,-8.16308,5.080136,1.292846,1
0.0,0,11.088173,-6.2254996,-11.926749,-9.923185,-8.163107,5.0801697,1.2928092,1
0.0,0,11.087774,-6.2251096,-11.926637,-9.924067,-8.162029,5.079276,1.2938895,1
2.0,2,-7.6356792,8.809907,30.138575,-17.459152,0.2747215,2.229661,-6.6701746,1
2.0,2,-7.6356792,8.809907,30.138575,-17.459152,0.2747215,2.229661,-6.6701746,1
2.0,2,-7.6356792,8.809907,30.138575,-17.459152,0.2747215,2.229661,-6.6701746,1
2.0,2,-7.6356792,8.809907,30.138575,-17.459152,0.2747215,2.229661,-6.6701746,1
2.0,2,-7.6356792,8.809907,30.138575,-17.459152,0.2747215,2.229661,-6.6701746,1
2.0,2,-7.6356792,8.809907,30.138575,-17.459152,0.2747215,2.229661,-6.6701746,1
4.0,4,-0.7616606,12.633928,-0.65974295,-3.7958722,26.093893,-18.675024,-1.9359608,1
4.0,4,-0.7616615,12.633928,-0.6597433,-3.7958722,26.093893,-18.675024,-1.9359609,1
4.0,4,-0.7616615,12.633928,-0.6597433,-3.7958722,26.093893,-18.675024,-1.9359609,1
4.0,4,-0.7616615,12.633928,-0.6597433,-3.7958722,26.093893,-18.675024,-1.9359609,1
4.0,4,-0.7616615,12.633928,-0.6597433,-3.7958722,26.093893,-18.675024,-1.9359609,1
4.0,4,-0.7616615,12.633928,-0.6597433,-3.7958722,26.093893,-18.675024,-1.9359609,1
5.0,5,8.697016,-4.2877584,-5.2626977,-6.3648033,-27.84416,23.329504,-12.763008,1
5.0,5,8.697016,-4.2877584,-5.2626977,-6.3648033,-27.84416,23.329504,-12.763008,1
5.0,5,8.697016,-4.2877584,-5.2626977,-6.3648033,-27.84416,23.329504,-12.763008,1
5.0,5,8.697016,-4.2877584,-5.2626977,-6.3648033,-27.84416,23.329504,-12.763008,1
5.0,5,8.697013,-4.2877555,-5.262696,-6.3647995,-27.844158,23.329506,-12.76301,1
5.0,5,8.697013,-4.2877555,-5.262696,-6.3647995,-27.844158,23.329506,-12.76301,1
0.0,0,11.421233,-5.7619147,-12.087106,-9.941298,-7.269536,4.3916254,0.5807481,1
0.0,0,11.421229,-5.761915,-12.087101,-9.941294,-7.269537,4.391628,0.5807507,1
0.0,0,11.421222,-5.761907,-12.087095,-9.941318,-7.2695255,4.3916187,0.5807638,1
0.0,0,11.421226,-5.76191,-12.087101,-9.941308,-7.269537,4.3916283,0.580755,1
0.0,0,11.421223,-5.7619295,-12.08708,-9.941277,-7.269557,4.3916464,0.5807307,1
0.0,0,11.421224,-5.761906,-12.087097,-9.9413185,-7.2695255,4.3916197,0.58076453,1
1.0,1,0.4324504,13.332436,-0.22295234,-9.352409,7.678945,-5.512601,-8.386484,1
1.0,1,0.4324504,13.332436,-0.22295234,-9.352409,7.678945,-5.512601,-8.386484,1
1.0,1,0.4324504,13.332436,-0.22295234,-9.352409,7.678945,-5.512601,-8.386484,1
1.0,1,0.4324504,13.332436,-0.22295234,-9.352409,7.678945,-5.512601,-8.386484,1
1.0,1,0.4324504,13.332436,-0.22295234,-9.352409,7.678945,-5.512601,-8.386484,1
1.0,1,0.4324504,13.332436,-0.22295234,-9.352409,7.678945,-5.512601,-8.386484,1
2.0,2,-7.355632,8.535568,30.714613,-18.1922,0.5817753,1.76625,-6.150758,1
2.0,2,-7.355632,8.535568,30.714613,-18.1922,0.5817753,1.76625,-6.150758,1
2.0,2,-7.355632,8.535568,30.714613,-18.1922,0.5817753,1.76625,-6.150758,1
2.0,2,-7.355632,8.535568,30.714613,-18.1922,0.5817753,1.76625,-6.150758,1
2.0,2,-7.355632,8.535568,30.714613,-18.1922,0.5817753,1.76625,-6.150758,1
2.0,2,-7.355632,8.535568,30.714613,-18.1922,0.5817753,1.76625,-6.150758,1
5.0,0,11.010345,-5.2377305,-10.238483,-9.514033,-12.513128,8.970158,-2.7214217,0
5.0,0,11.010345,-5.2377305,-10.238483,-9.514033,-12.513128,8.970158,-2.7214217,0
5.0,0,11.010345,-5.2377305,-10.238483,-9.514033,-12.513128,8.970158,-2.7214217,0
5.0,0,11.010345,-5.2377305,-10.238483,-9.514033,-12.513128,8.970158,-2.7214217,0
5.0,0,11.010345,-5.2377305,-10.238483,-9.514033,-12.513128,8.970158,-2.7214217,0
5.0,0,11.010345,-5.2377305,-10.238483,-9.514033,-12.513128,8.970158,-2.7214217,0
6.0,6,10.277247,-21.227404,-6.7371545,-17.435448,6.5453987,-13.91705,41.532135,1
6.0,6,10.277247,-21.227404,-6.7371545,-17.435448,6.5453987,-13.91705,41.532135,1
6.0,6,10.277247,-21.227404,-6.7371545,-17.435448,6.5453987,-13.91705,41.532135,1
6.0,6,10.277247,-21.227404,-6.7371545,-17.435448,6.5453987,-13.91705,41.532135,1
6.0,6,10.277247,-21.227404,-6.7371545,-17.435448,6.5453987,-13.91705,41.532135,1
6.0,6,10.277247,-21.227404,-6.7371545,-17.435448,6.5453987,-13.91705,41.532135,1
6.0,6,10.179477,-21.091127,-6.6401124,-17.698845,6.704301,-14.062148,41.723335,1
6.0,6,10.179475,-21.091131,-6.64011,-17.698849,6.7043023,-14.062151,41.723335,1
6.0,6,10.179475,-21.091131,-6.64011,-17.698849,6.7043023,-14.062151,41.723335,1
6.0,6,10.179475,-21.091131,-6.64011,-17.698849,6.7043023,-14.062151,41.723335,1
6.0,6,10.179475,-21.091131,-6.64011,-17.698849,6.7043023,-14.062151,41.723335,1
6.0,6,10.179475,-21.09113,-6.64011,-17.698845,6.704302,-14.062151,41.723335,1
1.0,1,-1.1852462,15.322254,0.5235201,-7.788066,6.982568,-5.4300113,-10.00939,1
1.0,1,-1.1852462,15.322254,0.5235201,-7.788066,6.982568,-5.4300113,-10.00939,1
1.0,1,-1.1852462,15.322254,0.5235201,-7.788066,6.982568,-5.4300113,-10.00939,1
1.0,1,-1.1852462,15.322254,0.5235201,-7.788066,6.982568,-5.4300113,-10.00939,1
1.0,1,-1.1852462,15.322254,0.5235201,-7.788066,6.982568,-5.4300113,-10.00939,1
1.0,1,-1.1852462,15.322254,0.5235201,-7.788066,6.982568,-5.4300113,-10.00939,1
2.0,2,-7.4333153,8.855005,30.320034,-18.315756,0.9087051,1.5663797,-6.114957,1
2.0,2,-7.433318,8.854937,30.320168,-18.315742,0.9088057,1.5662953,-6.1149063,1
2.0,2,-7.433325,8.854984,30.320084,-18.315678,0.9087788,1.5663339,-6.1149673,1
2.0,2,-7.433239,8.854729,30.320568,-18.316082,0.9089223,1.5661103,-6.1146917,1
2.0,2,-7.4332714,8.85471,30.320583,-18.315922,0.9090215,1.5660745,-6.114702,1
2.0,2,-7.4333487,8.855196,30.319693,-18.315517,0.9085475,1.5665649,-6.115203,1
1.0,1,-0.82470345,15.145536,0.15930125,-8.764839,6.683139,-4.906699,-9.854472,1
1.0,1,-0.82470345,15.145536,0.15930125,-8.764839,6.683139,-4.906699,-9.854472,1
1.0,1,-0.82470345,15.145536,0.15930125,-8.764839,6.683139,-4.906699,-9.854472,1
1.0,1,-0.82470345,15.145536,0.15930125,-8.764839,6.683139,-4.906699,-9.854472,1
1.0,1,-0.82470345,15.145536,0.15930125,-8.764839,6.683139,-4.906699,-9.854472,1
1.0,1,-0.82470345,15.145536,0.15930125,-8.764839,6.683139,-4.906699,-9.854472,1
3.0,3,1.5924516,-7.4347034,-14.3998575,48.30681,-1.816878,-0.60219204,-13.303263,1
3.0,3,1.5923705,-7.4347186,-14.399638,48.306988,-1.8167602,-0.6023525,-13.30323,1
3.0,3,1.5925133,-7.434672,-14.400019,48.30667,-1.8170096,-0.60204375,-13.303321,1
3.0,3,1.5925393,-7.434646,-14.400119,48.306595,-1.8170754,-0.6019825,-13.303346,1
3.0,3,1.5924416,-7.4346776,-14.399872,48.306847,-1.8168436,-0.6021949,-13.303308,1
3.0,3,1.5923524,-7.434713,-14.399596,48.307056,-1.8166434,-0.6024009,-13.303259,1
0.0,0,11.242296,-6.11692,-11.952027,-8.580721,-7.3072367,4.1895633,0.6471205,1
0.0,0,11.242544,-6.1176715,-11.951444,-8.580205,-7.3078566,4.1900706,0.6465924,1
0.0,0,11.242544,-6.1176715,-11.951444,-8.580205,-7.3078566,4.1900706,0.6465924,1
0.0,0,11.242544,-6.1176715,-11.951444,-8.580205,-7.3078566,4.1900706,0.6465924,1
0.0,0,11.242542,-6.117666,-11.951445,-8.5802145,-7.30785,4.1900654,0.64660096,1
0.0,0,11.242296,-6.11692,-11.952027,-8.580721,-7.3072367,4.1895633,0.6471205,1
2.0,2,-7.0986032,8.232584,30.874454,-18.387741,0.29626215,1.8787564,-6.223398,1
2.0,2,-7.0986023,8.232584,30.874454,-18.387743,0.29626405,1.8787555,-6.223399,1
2.0,2,-7.0986023,8.232584,30.874454,-18.387741,0.2962619,1.8787571,-6.223398,1
2.0,2,-7.0986032,8.232584,30.874454,-18.387741,0.29626215,1.8787564,-6.223398,1
2.0,2,-7.0986032,8.232584,30.874454,-18.387741,0.29626215,1.8787564,-6.223398,1
2.0,2,-7.0986032,8.232584,30.874454,-18.387741,0.29626215,1.8787569,-6.223399,1
6.0,6,9.8308325,-20.611977,-6.8590508,-17.051212,6.885207,-13.989435,41.220226,1
6.0,6,9.8308325,-20.611977,-6.8590517,-17.051208,6.885207,-13.989435,41.220226,1
6.0,6,9.8308325,-20.61198,-6.8590555,-17.051212,6.8852005,-13.989431,41.22023,1
6.0,6,9.830834,-20.611979,-6.859054,-17.051208,6.885205,-13.989433,41.220226,1
6.0,6,9.8308325,-20.611977,-6.85905,-17.051208,6.885209,-13.989437,41.220226,1
6.0,6,9.8308325,-20.611975,-6.859052,-17.051208,6.885209,-13.989436,41.220226,1
6.0,6,10.189517,-21.220705,-6.5905557,-17.455662,6.788826,-14.096582,41.692192,1
6.0,6,10.189516,-21.220705,-6.5905557,-17.455666,6.7888265,-14.096582,41.692192,1
6.0,6,10.189517,-21.220707,-6.5905538,-17.455666,6.788823,-14.0965805,41.692192,1
6.0,6,10.189517,-21.220705,-6.5905557,-17.455662,6.788827,-14.096582,41.692192,1
6.0,6,10.189515,-21.220703,-6.5905557,-17.455662,6.788827,-14.096582,41.69219,1
6.0,6,10.189516,-21.220705,-6.5905557,-17.455662,6.7888265,-14.096582,41.692192,1
0.0,0,11.290387,-5.323298,-12.5216875,-9.833788,-7.005577,4.006869,0.6669624,1
0.0,0,11.290054,-5.322642,-12.521802,-9.834663,-7.0051317,4.0065765,0.66751504,1
0.0,0,11.290339,-5.322814,-12.522012,-9.834489,-7.0052805,4.0065994,0.6673784,1
0.0,0,11.290017,-5.322287,-12.522085,-9.835253,-7.004471,4.0059657,0.66813636,1
0.0,0,11.289998,-5.321979,-12.523312,-9.834591,-7.0038185,4.0054207,0.66829276,1
0.0,0,11.290769,-5.323672,-12.521818,-9.833321,-7.005706,4.006819,0.666682,1
1.0,1,-0.87192917,15.101889,0.25927612,-8.213462,6.358906,-4.693506,-10.208586,1
1.0,1,-0.87192917,15.101889,0.25927612,-8.213462,6.358906,-4.693506,-10.208586,1
1.0,1,-0.87192917,15.101889,0.25927612,-8.213462,6.358906,-4.693506,-10.208586,1
1.0,1,-0.87192917,15.101889,0.25927612,-8.213462,6.358906,-4.693506,-10.208586,1
1.0,1,-0.87192917,15.101889,0.25927612,-8.213462,6.358906,-4.693506,-10.208586,1
1.0,1,-0.87192917,15.101889,0.25927612,-8.213462,6.358906,-4.693506,-10.208586,1
2.0,2,-7.5794086,8.735708,30.52156,-17.721512,0.48459208,1.9786466,-6.5183,1
2.0,2,-7.5794086,8.735708,30.52156,-17.721512,0.48459208,1.9786466,-6.5183,1
2.0,2,-7.5794086,8.735708,30.52156,-17.721512,0.48459208,1.9786466,-6.5183,1
2.0,2,-7.5794086,8.735708,30.52156,-17.721512,0.48459208,1.9786466,-6.5183,1
2.0,2,-7.5794086,8.735708,30.52156,-17.721512,0.48459208,1.9786466,-6.5183,1
2.0,2,-7.5794086,8.735708,30.52156,-17.721512,0.48459208,1.9786466,-6.5183,1
5.0,5,8.587802,-4.099135,-4.4404607,-8.267434,-27.60214,23.41635,-12.257257,1
5.0,5,8.587577,-4.0987844,-4.4398255,-8.267987,-27.602377,23.416737,-12.257641,1
5.0,5,8.587878,-4.099116,-4.4395514,-8.268913,-27.60187,23.416304,-12.256932,1
5.0,5,8.587148,-4.098093,-4.4383235,-8.269652,-27.603601,23.418486,-12.258916,1
5.0,5,8.587374,-4.0984516,-4.438618,-8.269463,-27.603264,23.418005,-12.258369,1
5.0,5,8.586859,-4.0976033,-4.438907,-8.26923,-27.603733,23.418886,-12.259506,1
5.0,5,9.15928,-5.21973,-7.0929465,-5.0194683,-27.252327,22.433418,-11.373597,1
5.0,5,9.1593,-5.2197413,-7.0929904,-5.0194464,-27.252312,22.433401,-11.373593,1
5.0,5,9.159267,-5.219721,-7.0929337,-5.019465,-27.252352,22.433443,-11.373613,1
5.0,5,9.159264,-5.2197165,-7.0929193,-5.01947,-27.252346,22.433435,-11.373609,1
5.0,5,9.159256,-5.2197185,-7.0929317,-5.0194654,-27.25237,22.43347,-11.373619,1
5.0,5,9.159285,-5.2197027,-7.092991,-5.0194736,-27.252308,22.433413,-11.373619,1
3.0,3,1.5930884,-7.427708,-14.357985,48.283894,-1.7887121,-0.6480197,-13.291006,1
3.0,3,1.5930817,-7.4277062,-14.357981,48.283936,-1.7887028,-0.6480197,-13.291023,1
3.0,3,1.5930784,-7.4276786,-14.357996,48.283936,-1.7886847,-0.6480292,-13.29105,1
3.0,3,1.5930855,-7.4276996,-14.357988,48.283905,-1.7887036,-0.6480247,-13.2910185,1
3.0,3,1.5930805,-7.427691,-14.357988,48.283928,-1.7886907,-0.6480268,-13.291034,1
3.0,3,1.5930829,-7.4277043,-14.357981,48.28393,-1.7886969,-0.6480268,-13.291024,1
0.0,0,11.031704,-5.536518,-12.108547,-9.354063,-7.118353,4.2330556,0.7628305,1
0.0,0,11.031559,-5.5360923,-12.109098,-9.354806,-7.1176624,4.2324305,0.7638738,1
0.0,0,11.031752,-5.5360346,-12.10945,-9.354275,-7.1177483,4.232577,0.7630713,1
0.0,0,11.031825,-5.5365725,-12.1087055,-9.353823,-7.1184664,4.233219,0.7624366,1
0.0,0,11.031663,-5.5359983,-12.108899,-9.354176,-7.118101,4.2329836,0.76250243,1
0.0,0,11.031621,-5.5363364,-12.108597,-9.354305,-7.1183147,4.2330627,0.762959,1
1.0,1,-0.79705715,15.174826,0.01665029,-8.694706,6.410066,-4.6253633,-10.064575,1
1.0,1,-0.79705715,15.174826,0.01665029,-8.694706,6.410066,-4.6253633,-10.064575,1
1.0,1,-0.79705715,15.174826,0.01665029,-8.694706,6.410066,-4.6253633,-10.064575,1
1.0,1,-0.79705715,15.174826,0.01665029,-8.694706,6.410066,-4.6253633,-10.064575,1
1.0,1,-0.79705715,15.174826,0.01665029,-8.694706,6.410066,-4.6253633,-10.064575,1
1.0,1,-0.79705715,15.174826,0.01665029,-8.694706,6.410066,-4.6253633,-10.064575,1
3.0,3,1.5993314,-7.472694,-14.310138,48.241886,-1.8107964,-0.64189875,-13.230541,1
3.0,3,1.5993354,-7.472709,-14.310129,48.24184,-1.8108047,-0.6419009,-13.230507,1
3.0,3,1.5992973,-7.472649,-14.310181,48.242012,-1.8107759,-0.6418768,-13.230637,1
3.0,3,1.5993178,-7.472671,-14.310148,48.241924,-1.8107735,-0.6419066,-13.230575,1
3.0,3,1.5993474,-7.4727235,-14.310135,48.241817,-1.8108453,-0.6418711,-13.230497,1
3.0,3,1.5993145,-7.4726853,-14.310149,48.24194,-1.8107835,-0.64189065,-13.230568,1
1.0,1,-1.118072,14.804062,0.5923716,-8.842799,5.699975,-3.9814405,-9.618641,1
1.0,1,-1.118072,14.804062,0.5923716,-8.842799,5.699975,-3.9814405,-9.618641,1
1.0,1,-1.118072,14.804062,0.5923716,-8.842799,5.699975,-3.9814405,-9.618641,1
1.0,1,-1.118072,14.804062,0.5923716,-8.842799,5.699975,-3.9814405,-9.618641,1
1.0,1,-1.118072,14.804062,0.5923716,-8.842799,5.699975,-3.9814405,-9.618641,1
1.0,1,-1.118072,14.804062,0.5923716,-8.842799,5.699975,-3.9814405,-9.618641,1
1.0,1,-0.8252833,14.996267,0.26747605,-8.508709,6.412604,-4.6778107,-9.983012,1
1.0,1,-0.8252833,14.996267,0.26747605,-8.508709,6.412604,-4.6778107,-9.983012,1
1.0,1,-0.8252833,14.996267,0.26747605,-8.508709,6.412604,-4.6778107,-9.983012,1
1.0,1,-0.8252833,14.996267,0.26747605,-8.508709,6.412604,-4.6778107,-9.983012,1
1.0,1,-0.8252833,14.996267,0.26747605,-8.508709,6.412604,-4.6778107,-9.983012,1
1.0,1,-0.8252833,14.996267,0.26747605,-8.508709,6.412604,-4.6778107,-9.983012,1
4.0,1,1.5213697,11.505236,-1.290788,-10.546376,9.654763,-7.1772523,-5.0995073,0
4.0,1,1.5213697,11.505236,-1.290788,-10.546376,9.654763,-7.1772523,-5.0995073,0
4.0,1,1.5213697,11.505236,-1.290788,-10.546376,9.654763,-7.1772523,-5.0995073,0
4.0,1,1.5213697,11.505236,-1.290788,-10.546376,9.654763,-7.1772523,-5.0995073,0
4.0,1,1.5213697,11.505236,-1.290788,-10.546376,9.654763,-7.1772523,-5.0995073,0
4.0,1,1.5213697,11.505236,-1.290788,-10.546376,9.654763,-7.1772523,-5.0995073,0
0.0,0,11.063171,-6.6045966,-11.872506,-9.484091,-7.960018,4.8649154,1.7655628,1
0.0,0,11.063171,-6.6045966,-11.872506,-9.484091,-7.960018,4.8649154,1.7655628,1
0.0,0,11.063171,-6.6045966,-11.872506,-9.484091,-7.960018,4.8649154,1.7655628,1
0.0,0,11.063171,-6.6045966,-11.872506,-9.484091,-7.960018,4.8649154,1.7655628,1
0.0,0,11.063171,-6.6045966,-11.872506,-9.484091,-7.960018,4.8649154,1.7655628,1
0.0,0,11.063171,-6.6045966,-11.872506,-9.484091,-7.960018,4.8649154,1.7655628,1
1.0,1,-1.1181378,14.803818,0.59364426,-8.847972,5.6936717,-3.9737473,-9.620207,1
1.0,1,-1.1181378,14.803818,0.59364426,-8.847972,5.6936717,-3.9737473,-9.620207,1
1.0,1,-1.1181378,14.803818,0.59364426,-8.847972,5.6936717,-3.9737473,-9.620207,1
1.0,1,-1.1181378,14.803818,0.59364426,-8.847972,5.6936717,-3.9737473,-9.620207,1
1.0,1,-1.1181378,14.803818,0.59364426,-8.847972,5.6936717,-3.9737473,-9.620207,1
1.0,1,-1.1181378,14.803818,0.59364426,-8.847972,5.6936717,-3.9737473,-9.620207,1
5.0,6,9.872685,-20.385,-7.333909,-16.40363,6.2962656,-13.342558,40.292747,0
5.0,6,9.872258,-20.384521,-7.3343387,-16.402641,6.29613,-13.342079,40.291965,0
5.0,6,9.8727,-20.385624,-7.3332653,-16.404568,6.296941,-13.343345,40.294365,0
5.0,6,9.872146,-20.384005,-7.3342385,-16.402613,6.2965603,-13.342381,40.29158,0
5.0,6,9.872581,-20.384642,-7.333662,-16.40363,6.2968774,-13.343012,40.29262,0
5.0,6,9.872515,-20.383926,-7.334079,-16.403343,6.2966084,-13.342666,40.291634,0
4.0,4,-1.7307034,14.579306,-1.0623839,-3.1775012,26.339075,-19.442385,-2.7005138,1
4.0,4,-1.7307034,14.579306,-1.0623839,-3.1775012,26.339075,-19.442385,-2.7005138,1
4.0,4,-1.7307034,14.579306,-1.0623839,-3.1775012,26.339075,-19.442385,-2.7005138,1
4.0,4,-1.7307034,14.579306,-1.0623839,-3.1775012,26.339075,-19.442385,-2.7005138,1
4.0,4,-1.7307034,14.579306,-1.0623839,-3.1775012,26.339075,-19.442385,-2.7005138,1
4.0,4,-1.7307034,14.579306,-1.0623839,-3.1775012,26.339075,-19.442385,-2.7005138,1
6.0,6,9.955072,-20.804016,-6.8262815,-17.174915,6.804302,-13.977663,41.33686,1
6.0,6,9.955072,-20.804016,-6.8262815,-17.174915,6.804302,-13.977663,41.33686,1
6.0,6,9.955072,-20.804016,-6.8262815,-17.174915,6.804302,-13.977663,41.33686,1
6.0,6,9.955072,-20.804016,-6.8262815,-17.174915,6.804302,-13.977663,41.33686,1
6.0,6,9.955072,-20.804016,-6.8262815,-17.174915,6.804302,-13.977663,41.33686,1
6.0,6,9.955072,-20.804016,-6.8262815,-17.174915,6.804302,-13.977663,41.33686,1
6.0,6,10.128396,-21.039682,-6.583149,-17.659842,6.822504,-14.137847,41.718018,1
6.0,6,10.128396,-21.039682,-6.583149,-17.659842,6.822504,-14.137847,41.718018,1
6.0,6,10.128396,-21.039682,-6.583149,-17.659842,6.822504,-14.137847,41.718018,1
6.0,6,10.128396,-21.039682,-6.583149,-17.659842,6.822504,-14.137847,41.718018,1
6.0,6,10.128396,-21.039682,-6.583149,-17.659842,6.822504,-14.137847,41.718018,1
6.0,6,10.128396,-21.039682,-6.583149,-17.659842,6.822504,-14.137847,41.718018,1
0.0,0,10.282032,-3.8206592,-11.372852,-11.625826,-6.4935603,3.978776,0.9890902,1
0.0,0,10.281796,-3.8203998,-11.372623,-11.626308,-6.4933286,3.9786224,0.989496,1
0.0,0,10.281968,-3.8205013,-11.373084,-11.626221,-6.493119,3.9783673,0.9896922,1
0.0,0,10.281883,-3.820435,-11.372904,-11.626313,-6.493086,3.9783587,0.98972154,1
0.0,0,10.281643,-3.820242,-11.372561,-11.626707,-6.4929366,3.9782906,0.9899945,1
0.0,0,10.281898,-3.820557,-11.372792,-11.626261,-6.4931874,3.9784422,0.9896796,1
0.0,0,11.091526,-5.682504,-11.6925535,-10.488967,-8.28109,5.3161,0.6074281,1
0.0,0,11.091186,-5.68161,-11.6939,-10.488978,-8.280098,5.315322,0.6081369,1
0.0,0,11.091516,-5.6827726,-11.692225,-10.488548,-8.281508,5.3164964,0.6069739,1
0.0,0,11.091556,-5.6824036,-11.693122,-10.488697,-8.280679,5.315694,0.6076498,1
0.0,0,11.091604,-5.6823916,-11.6931925,-10.488569,-8.280731,5.3157377,0.6074946,1
0.0,0,11.091341,-5.682113,-11.693109,-10.489123,-8.280535,5.3156486,0.6079304,1
5.0,6,9.4424515,-19.565514,-8.84433,-14.520752,4.7817693,-11.613171,38.16385,0
5.0,6,9.4424515,-19.565514,-8.84433,-14.520752,4.7817693,-11.613171,38.16385,0
5.0,6,9.4424515,-19.565514,-8.84433,-14.520752,4.7817693,-11.613171,38.16385,0
5.0,6,9.4424515,-19.565514,-8.84433,-14.520752,4.7817693,-11.613171,38.16385,0
5.0,6,9.4424515,-19.565514,-8.84433,-14.520752,4.7817693,-11.613171,38.16385,0
5.0,6,9.4424515,-19.565514,-8.84433,-14.520752,4.7817693,-11.613171,38.16385,0
3.0,3,1.6038854,-7.426351,-14.384345,48.26465,-1.8433799,-0.60829055,-13.301495,1
3.0,3,1.6039512,-7.426439,-14.384378,48.26445,-1.8435379,-0.6082314,-13.301346,1
3.0,3,1.603843,-7.4264903,-14.384296,48.26467,-1.8434399,-0.6082822,-13.301275,1
3.0,3,1.603966,-7.4264884,-14.384346,48.264393,-1.843599,-0.6082119,-13.301275,1
3.0,3,1.6039233,-7.4263606,-14.384427,48.26454,-1.8434793,-0.6082479,-13.301452,1
3.0,3,1.6038275,-7.426479,-14.384298,48.264725,-1.8434066,-0.6082901,-13.301306,1
2.0,2,-7.623907,9.055502,29.641191,-17.780502,0.120171905,2.2612371,-6.47046,1
2.0,2,-7.623907,9.055502,29.641191,-17.780502,0.120171905,2.2612371,-6.47046,1
2.0,2,-7.623907,9.055502,29.641191,-17.780502,0.120171905,2.2612371,-6.47046,1
2.0,2,-7.623907,9.055502,29.641191,-17.780502,0.120171905,2.2612371,-6.47046,1
2.0,2,-7.623907,9.055502,29.641191,-17.780502,0.120171905,2.2612371,-6.47046,1
2.0,2,-7.623907,9.055502,29.641191,-17.780502,0.120171905,2.2612371,-6.47046,1
6.0,6,9.842146,-20.700693,-6.3953786,-17.387398,7.2578793,-14.355188,41.577156,1
6.0,6,9.842146,-20.700693,-6.3953786,-17.387398,7.2578793,-14.355188,41.577156,1
6.0,6,9.842146,-20.700693,-6.3953786,-17.387398,7.2578793,-14.355188,41.577156,1
6.0,6,9.842146,-20.700693,-6.3953786,-17.387398,7.2578793,-14.355188,41.577156,1
6.0,6,9.842146,-20.700693,-6.3953786,-17.387398,7.2578793,-14.355188,41.577156,1
6.0,6,9.842146,-20.700693,-6.3953786,-17.387398,7.2578793,-14.355188,41.577156,1
5.0,5,8.034313,-2.9629726,-3.7063155,-9.327993,-28.910854,25.329834,-14.067007,1
5.0,5,8.034313,-2.9629726,-3.7063155,-9.327993,-28.910854,25.329834,-14.067007,1
5.0,5,8.034313,-2.9629726,-3.7063155,-9.327993,-28.910854,25.329834,-14.067007,1
5.0,5,8.034313,-2.9629726,-3.7063155,-9.327993,-28.910854,25.329834,-14.067007,1
5.0,5,8.034313,-2.9629726,-3.7063155,-9.327993,-28.910854,25.329834,-14.067007,1
5.0,5,8.034313,-2.9629726,-3.7063155,-9.327993,-28.910854,25.329834,-14.067007,1
0.0,0,11.490087,-6.269027,-12.459493,-9.309511,-7.4304714,4.347383,1.2248685,1
0.0,0,11.4900875,-6.2690234,-12.4594965,-9.309505,-7.43046,4.347375,1.2248595,1
0.0,0,11.490089,-6.269031,-12.459492,-9.309521,-7.4304647,4.347376,1.224874,1
0.0,0,11.490088,-6.2690225,-12.459497,-9.30952,-7.430456,4.3473725,1.2248664,1
0.0,0,11.49009,-6.269029,-12.45949,-9.309522,-7.430477,4.347388,1.224865,1
0.0,0,11.490098,-6.2690473,-12.459497,-9.309506,-7.4304714,4.3473787,1.2248738,1
2.0,2,-7.025647,8.139624,31.052748,-19.375084,0.7075895,1.3478445,-5.5881824,1
2.0,2,-7.025647,8.139624,31.052748,-19.375084,0.7075895,1.3478445,-5.5881824,1
2.0,2,-7.025647,8.139624,31.052748,-19.375084,0.7075895,1.3478445,-5.5881824,1
2.0,2,-7.025647,8.139624,31.052748,-19.375084,0.7075895,1.3478445,-5.5881824,1
2.0,2,-7.025647,8.139624,31.052748,-19.375084,0.7075895,1.3478445,-5.5881824,1
2.0,2,-7.025647,8.139624,31.052748,-19.375084,0.7075895,1.3478445,-5.5881824,1
3.0,3,1.5970397,-7.449365,-14.343026,48.22946,-1.8003432,-0.65721834,-13.236301,1
3.0,3,1.5970292,-7.4493413,-14.343035,48.229534,-1.8003227,-0.6572169,-13.236359,1
3.0,3,1.5970368,-7.4493546,-14.343034,48.229504,-1.8003412,-0.65721023,-13.236336,1
3.0,3,1.5970397,-7.4493604,-14.34302,48.229443,-1.8003334,-0.6572305,-13.23629,1
3.0,3,1.5970423,-7.449367,-14.343021,48.22946,-1.8003396,-0.6572267,-13.236293,1
3.0,3,1.597039,-7.4493585,-14.343031,48.22949,-1.8003424,-0.6572145,-13.236321,1
4.0,4,-1.7751241,14.744226,-0.98247325,-3.345202,26.207136,-19.328592,-2.8910668,1
4.0,4,-1.7751241,14.744226,-0.98247325,-3.345202,26.207136,-19.328592,-2.8910668,1
4.0,4,-1.7751241,14.744226,-0.98247325,-3.345202,26.207136,-19.328592,-2.8910668,1
4.0,4,-1.7751241,14.744226,-0.98247325,-3.345202,26.207136,-19.328592,-2.8910668,1
4.0,4,-1.7751241,14.744226,-0.98247325,-3.345202,26.207136,-19.328592,-2.8910668,1
4.0,4,-1.7751241,14.744226,-0.98247325,-3.345202,26.207136,-19.328592,-2.8910668,1
1.0,1,-0.8341458,14.997335,0.27500245,-8.501265,6.4158955,-4.6858277,-9.973897,1
1.0,1,-0.8341458,14.997335,0.27500245,-8.501265,6.4158955,-4.6858277,-9.973897,1
1.0,1,-0.8341458,14.997335,0.27500245,-8.501265,6.4158955,-4.6858277,-9.973897,1
1.0,1,-0.8341334,14.997326,0.27498528,-8.501284,6.4159117,-4.685835,-9.973879,1
1.0,1,-0.8341458,14.997335,0.27500245,-8.501265,6.4158955,-4.6858277,-9.973897,1
1.0,1,-0.8341458,14.997335,0.27500245,-8.501265,6.4158955,-4.6858277,-9.973897,1
2.0,2,-7.292369,8.3105545,30.06585,-17.45293,0.15089643,2.2894454,-6.739028,1
2.0,2,-7.292369,8.3105545,30.06585,-17.45293,0.15089643,2.2894454,-6.739028,1
2.0,2,-7.292369,8.3105545,30.06585,-17.45293,0.15089643,2.2894454,-6.739028,1
2.0,2,-7.292369,8.3105545,30.06585,-17.45293,0.15089643,2.2894454,-6.739028,1
2.0,2,-7.292369,8.3105545,30.06585,-17.45293,0.15089643,2.2894454,-6.739028,1
2.0,2,-7.292369,8.3105545,30.06585,-17.45293,0.15089643,2.2894454,-6.739028,1
6.0,6,10.481602,-21.50989,-6.929673,-17.472313,6.2961054,-13.780583,41.566113,1
6.0,6,10.481602,-21.50989,-6.929674,-17.472313,6.2961073,-13.780584,41.566113,1
6.0,6,10.481602,-21.50989,-6.929674,-17.472313,6.2961073,-13.780584,41.566113,1
6.0,6,10.481602,-21.50989,-6.929674,-17.472313,6.2961073,-13.780584,41.566113,1
6.0,6,10.481602,-21.50989,-6.929674,-17.472313,6.2961054,-13.780582,41.566113,1
6.0,6,10.481602,-21.50989,-6.929674,-17.472313,6.2961073,-13.780584,41.566113,1
5.0,0,8.488594,-7.3763165,-7.34751,-11.710559,-7.896879,4.85392,6.599105,0
5.0,0,8.488594,-7.3763165,-7.34751,-11.710559,-7.896879,4.85392,6.599105,0
5.0,0,8.488594,-7.3763165,-7.34751,-11.710559,-7.896879,4.85392,6.599105,0
5.0,0,8.488594,-7.3763165,-7.34751,-11.710559,-7.896879,4.85392,6.599105,0
5.0,0,8.488594,-7.3763165,-7.34751,-11.710559,-7.896879,4.85392,6.599105,0
5.0,0,8.488594,-7.3763165,-7.34751,-11.710559,-7.896879,4.85392,6.599105,0
1.0,1,-0.81694245,15.183388,0.04990098,-8.700154,6.375928,-4.599121,-10.073068,1
1.0,1,-0.81694245,15.183388,0.04990098,-8.700154,6.375928,-4.599121,-10.073068,1
1.0,1,-0.81694245,15.183388,0.04990098,-8.700154,6.375928,-4.599121,-10.073068,1
1.0,1,-0.81694245,15.183388,0.04990098,-8.700154,6.375928,-4.599121,-10.073068,1
1.0,1,-0.81694245,15.183388,0.04990098,-8.700154,6.375928,-4.599121,-10.073068,1
1.0,1,-0.81694245,15.183388,0.04990098,-8.700154,6.375928,-4.599121,-10.073068,1
1.0,1,-1.4333744,14.418453,1.0029026,-8.603213,5.49362,-3.980698,-8.850901,1
1.0,1,-1.4333744,14.418453,1.0029026,-8.603213,5.49362,-3.980698,-8.850901,1
1.0,1,-1.4333744,14.418453,1.0029026,-8.603213,5.49362,-3.980698,-8.850901,1
1.0,1,-1.4333744,14.418453,1.0029026,-8.603213,5.49362,-3.980698,-8.850901,1
1.0,1,-1.4333744,14.418453,1.0029026,-8.603213,5.49362,-3.980698,-8.850901,1
1.0,1,-1.4333405,14.418423,1.0028735,-8.603281,5.493602,-3.9806652,-8.850873,1
0.0,0,10.815993,-5.857014,-11.521827,-9.415854,-7.3071833,4.3262506,1.3391585,1
0.0,0,10.8158865,-5.8565917,-11.522431,-9.416283,-7.3064117,4.3255405,1.3399746,1
0.0,0,10.816345,-5.857022,-11.5227,-9.415539,-7.3066864,4.325629,1.3393059,1
0.0,0,10.815836,-5.8567467,-11.522512,-9.416248,-7.3063765,4.325478,1.3404529,1
0.0,0,10.81625,-5.857158,-11.522418,-9.415636,-7.30684,4.3258104,1.3394759,1
0.0,0,10.816351,-5.857063,-11.522765,-9.415572,-7.306447,4.325408,1.3395247,1
3.0,3,1.5898371,-7.4207606,-14.39468,48.29976,-1.8032199,-0.600387,-13.322372,1
3.0,3,1.5898452,-7.4207664,-14.394698,48.299744,-1.8032461,-0.60037076,-13.322367,1
3.0,3,1.5898275,-7.4207597,-14.394676,48.29979,-1.803173,-0.6004013,-13.322383,1
3.0,3,1.5898159,-7.4207253,-14.394667,48.299835,-1.8031732,-0.6004187,-13.322428,1
3.0,3,1.5898283,-7.4207253,-14.394673,48.299797,-1.8032094,-0.60040677,-13.322421,1
3.0,3,1.5898359,-7.420735,-14.394684,48.299778,-1.803214,-0.6003865,-13.3224125,1
4.0,4,-1.8094599,14.708178,-0.80211747,-3.244423,26.335432,-19.36996,-2.9167733,1
4.0,4,-1.8094599,14.708178,-0.80211747,-3.244423,26.335432,-19.36996,-2.9167733,1
4.0,4,-1.8094599,14.708178,-0.80211747,-3.244423,26.335432,-19.36996,-2.9167733,1
4.0,4,-1.8094599,14.708178,-0.80211747,-3.244423,26.335432,-19.36996,-2.9167733,1
4.0,4,-1.8094599,14.708178,-0.80211747,-3.244423,26.335432,-19.36996,-2.9167733,1
4.0,4,-1.8094599,14.708178,-0.80211747,-3.244423,26.335432,-19.36996,-2.9167733,1
5.0,5,9.919481,-5.7471623,-7.453974,-5.404392,-26.265686,21.264536,-10.654249,1
5.0,5,9.919482,-5.7472,-7.454017,-5.404318,-26.265724,21.264574,-10.654245,1
5.0,5,9.919481,-5.7471623,-7.453974,-5.404392,-26.265686,21.264536,-10.654249,1
5.0,5,9.919438,-5.7471185,-7.453934,-5.40438,-26.265726,21.264584,-10.654305,1
5.0,5,9.9195795,-5.74719,-7.4540634,-5.4045196,-26.265497,21.26439,-10.654161,1
5.0,5,9.919459,-5.747142,-7.453956,-5.4043884,-26.265709,21.264566,-10.654272,1
2.0,2,-7.6540337,8.868378,30.075748,-17.414108,0.30480492,2.2165537,-6.7150536,1
2.0,2,-7.6540337,8.868378,30.075748,-17.414108,0.30480492,2.2165537,-6.7150536,1
2.0,2,-7.6540337,8.868378,30.075748,-17.414108,0.30480492,2.2165537,-6.7150536,1
2.0,2,-7.6540337,8.868378,30.075748,-17.414108,0.30480492,2.2165537,-6.7150536,1
2.0,2,-7.6540337,8.868378,30.075748,-17.414108,0.30480492,2.2165537,-6.7150536,1
2.0,2,-7.6540337,8.868378,30.075748,-17.414108,0.30480492,2.2165537,-6.7150536,1
3.0,3,1.5844607,-7.416372,-14.388342,48.320755,-1.8038725,-0.6148921,-13.324532,1
3.0,3,1.5844629,-7.4163575,-14.388365,48.320747,-1.8038749,-0.6148845,-13.324549,1
3.0,3,1.5844626,-7.4163737,-14.388347,48.320747,-1.803882,-0.61488664,-13.324527,1
3.0,3,1.584456,-7.4163585,-14.388342,48.320766,-1.8038596,-0.6148952,-13.324551,1
3.0,3,1.5844624,-7.41637,-14.388351,48.320755,-1.8038744,-0.6148907,-13.324533,1
3.0,3,1.5844584,-7.4163604,-14.388342,48.320763,-1.8038615,-0.6148981,-13.324546,1
6.0,6,10.322772,-21.395582,-6.7440763,-17.423405,6.55365,-13.944894,41.659817,1
6.0,6,10.322773,-21.395582,-6.744077,-17.423397,6.5536537,-13.944896,41.659817,1
6.0,6,10.322775,-21.395584,-6.744079,-17.4234,6.5536513,-13.944893,41.659817,1
6.0,6,10.322772,-21.395584,-6.7440753,-17.423397,6.5536547,-13.944896,41.659813,1
6.0,6,10.322772,-21.395584,-6.744079,-17.423397,6.553654,-13.944895,41.659813,1
6.0,6,10.322773,-21.395588,-6.744077,-17.4234,6.55365,-13.944895,41.659817,1
6.0,6,9.984752,-20.85985,-6.5829053,-17.44637,6.997493,-14.198595,41.598675,1
6.0,6,9.984752,-20.85985,-6.5829053,-17.44637,6.997493,-14.198595,41.598675,1
6.0,6,9.984752,-20.85985,-6.5829053,-17.44637,6.997493,-14.198595,41.598675,1
6.0,6,9.984752,-20.85985,-6.5829053,-17.44637,6.997493,-14.198595,41.598675,1
6.0,6,9.984752,-20.85985,-6.5829053,-17.44637,6.997493,-14.198595,41.598675,1
6.0,6,9.984752,-20.85985,-6.5829053,-17.44637,6.997493,-14.198595,41.598675,1
3.0,3,1.5939314,-7.45394,-14.362558,48.285072,-1.8165497,-0.61853063,-13.270149,1
3.0,3,1.5939314,-7.45394,-14.362558,48.285072,-1.8165499,-0.6185292,-13.270149,1
3.0,3,1.5939314,-7.45394,-14.362558,48.285072,-1.8165497,-0.61853063,-13.270149,1
3.0,3,1.5939307,-7.453941,-14.362556,48.285076,-1.8165451,-0.61853254,-13.27015,1
3.0,3,1.5939314,-7.45394,-14.362559,48.285072,-1.8165497,-0.61853063,-13.270149,1
3.0,3,1.5939314,-7.45394,-14.362559,48.285072,-1.8165497,-0.61853063,-13.270149,1
5.0,5,8.208341,-4.029408,-4.9604583,-5.9650474,-28.091751,23.348059,-12.683523,1
5.0,5,8.208341,-4.029408,-4.9604583,-5.9650474,-28.091751,23.348059,-12.683523,1
5.0,5,8.208341,-4.029408,-4.9604583,-5.9650474,-28.091751,23.348059,-12.683523,1
5.0,5,8.208341,-4.029408,-4.9604583,-5.9650474,-28.091751,23.348059,-12.683523,1
5.0,5,8.208341,-4.029408,-4.9604583,-5.9650474,-28.091751,23.348059,-12.683523,1
5.0,5,8.208341,-4.029408,-4.9604583,-5.9650474,-28.091751,23.348059,-12.683523,1
5.0,5,8.022011,-4.0373216,-3.5564103,-7.41176,-27.872568,23.324617,-12.182657,1
5.0,5,8.021878,-4.037227,-3.556553,-7.4112387,-27.87286,23.32485,-12.182967,1
5.0,5,8.021944,-4.037273,-3.5565934,-7.411427,-27.872784,23.324837,-12.182872,1
5.0,5,8.02188,-4.037194,-3.55658,-7.4116592,-27.872799,23.325031,-12.182865,1
5.0,5,8.021924,-4.0372562,-3.5568933,-7.4111185,-27.873074,23.325102,-12.183044,1
5.0,5,8.02218,-4.0374565,-3.5572014,-7.411222,-27.872814,23.324879,-12.182829,1
3.0,3,1.5933115,-7.4137816,-14.396728,48.28952,-1.8259605,-0.6059207,-13.32098,1
3.0,3,1.593363,-7.4138503,-14.396743,48.289345,-1.8261024,-0.6058606,-13.320866,1
3.0,3,1.5933411,-7.413839,-14.396738,48.289413,-1.8260607,-0.60587275,-13.3208885,1
3.0,3,1.5933127,-7.413791,-14.396719,48.289513,-1.8259667,-0.6059209,-13.320967,1
3.0,3,1.5933537,-7.413835,-14.396741,48.289383,-1.8260685,-0.6058816,-13.320888,1
3.0,3,1.5933628,-7.413859,-14.396742,48.289345,-1.8261124,-0.6058589,-13.320854,1
3.0,3,1.5909705,-7.403401,-14.393996,48.2949,-1.8144301,-0.6081635,-13.337246,1
3.0,3,1.5909257,-7.4036145,-14.393723,48.295017,-1.8144234,-0.6082219,-13.337013,1
3.0,3,1.590893,-7.403518,-14.393785,48.295177,-1.8142861,-0.608287,-13.337147,1
3.0,3,1.5909271,-7.403568,-14.393771,48.29506,-1.8143595,-0.6082684,-13.337065,1
3.0,3,1.5909967,-7.4035354,-14.393892,48.294857,-1.8145083,-0.60818875,-13.337065,1
3.0,3,1.5909271,-7.4035487,-14.393773,48.295055,-1.8143595,-0.6082574,-13.337091,1
3.0,3,1.6125803,-7.4516644,-14.412382,48.228107,-1.8717705,-0.5758544,-13.266546,1
3.0,3,1.6126204,-7.451712,-14.412413,48.22798,-1.8718365,-0.5758194,-13.266464,1
3.0,3,1.6126139,-7.451711,-14.412412,48.227993,-1.8718458,-0.57583416,-13.266453,1
3.0,3,1.6125789,-7.4516616,-14.412384,48.2281,-1.8717743,-0.5758637,-13.266539,1
3.0,3,1.6126163,-7.4516854,-14.412426,48.228004,-1.8718239,-0.57582414,-13.266502,1
3.0,3,1.6125982,-7.451648,-14.41242,48.228073,-1.8717653,-0.5758432,-13.266565,1
3.0,3,1.587462,-7.4118056,-14.368833,48.31745,-1.7801806,-0.6262177,-13.3357935,1
3.0,3,1.5874667,-7.411796,-14.368837,48.317436,-1.7801691,-0.62621224,-13.335812,1
3.0,3,1.5874622,-7.4118037,-14.368835,48.31745,-1.7801834,-0.62621796,-13.335794,1
3.0,3,1.5874715,-7.4118056,-14.368834,48.31743,-1.7801775,-0.6262106,-13.335798,1
3.0,3,1.5874708,-7.4118047,-14.368834,48.317425,-1.7801739,-0.6262158,-13.335796,1
3.0,3,1.587465,-7.4118123,-14.368835,48.31744,-1.7801942,-0.62621343,-13.335782,1
0.0,0,11.538545,-5.856967,-12.533112,-9.530222,-7.0870457,4.170476,0.6904192,1
0.0,0,11.538542,-5.856965,-12.533112,-9.530227,-7.087042,4.1704726,0.6904218,1
0.0,0,11.538542,-5.856965,-12.533112,-9.530227,-7.087042,4.1704726,0.6904218,1
0.0,0,11.538542,-5.856965,-12.533112,-9.530227,-7.087042,4.1704726,0.6904218,1
0.0,0,11.538542,-5.856965,-12.533112,-9.530227,-7.087042,4.1704726,0.6904218,1
0.0,0,11.538542,-5.856965,-12.533112,-9.530227,-7.087042,4.1704726,0.6904218,1
0.0,0,11.084084,-6.3029227,-11.570198,-10.3184805,-8.22422,5.167436,1.4724867,1
0.0,0,11.084084,-6.3029227,-11.570198,-10.318481,-8.22422,5.167435,1.4724889,1
0.0,0,11.084084,-6.3029227,-11.570198,-10.318481,-8.22422,5.167435,1.4724889,1
0.0,0,11.084084,-6.3029227,-11.570198,-10.318481,-8.22422,5.1674356,1.472487,1
0.0,0,11.084084,-6.3029227,-11.570198,-10.318481,-8.224221,5.1674366,1.4724865,1
0.0,0,11.084085,-6.3029284,-11.5702,-10.318478,-8.224214,5.1674275,1.4724951,1
5.0,5,10.652525,-7.159206,-9.159628,-7.6028605,-17.172934,12.971708,-3.4345722,1
5.0,5,10.652525,-7.159206,-9.159628,-7.6028605,-17.172934,12.971708,-3.4345722,1
5.0,5,10.652525,-7.159206,-9.159628,-7.6028605,-17.172934,12.971708,-3.4345722,1
5.0,5,10.652525,-7.159206,-9.159628,-7.6028605,-17.172934,12.971708,-3.4345722,1
5.0,5,10.652525,-7.159206,-9.159628,-7.6028605,-17.172934,12.971708,-3.4345722,1
5.0,5,10.652525,-7.159206,-9.159628,-7.6028605,-17.172934,12.971708,-3.4345722,1
0.0,0,10.877491,-6.521849,-10.562841,-9.310507,-12.771664,9.262425,-1.0298662,1
0.0,0,10.877491,-6.521849,-10.562841,-9.310507,-12.771664,9.262425,-1.0298662,1
0.0,0,10.877491,-6.521849,-10.562841,-9.310507,-12.771664,9.262425,-1.0298662,1
0.0,0,10.877491,-6.521849,-10.562841,-9.310507,-12.771664,9.262425,-1.0298662,1
0.0,0,10.877491,-6.521849,-10.562841,-9.310507,-12.771664,9.262425,-1.0298662,1
0.0,0,10.877491,-6.521849,-10.562841,-9.310507,-12.771664,9.262425,-1.0298662,1
0.0,0,11.219641,-5.961206,-11.959542,-8.569353,-6.891733,4.1972284,0.330086,1
0.0,0,11.2196665,-5.961222,-11.959564,-8.569402,-6.8917933,4.1972637,0.33009028,1
0.0,0,11.219641,-5.961206,-11.959542,-8.569353,-6.891733,4.1972284,0.330086,1
0.0,0,11.219641,-5.961206,-11.959542,-8.569353,-6.891733,4.1972284,0.330086,1
0.0,0,11.219641,-5.961206,-11.959542,-8.569353,-6.891733,4.1972284,0.330086,1
0.0,0,11.219674,-5.961254,-11.959583,-8.569342,-6.8917484,4.197223,0.33012462,1
3.0,3,1.5916655,-7.434011,-14.364613,48.297176,-1.803331,-0.61966836,-13.3014965,1
3.0,3,1.5916476,-7.4340167,-14.364651,48.29725,-1.8033344,-0.6196667,-13.30149,1
3.0,3,1.5916624,-7.434006,-14.364628,48.297195,-1.8033236,-0.6196712,-13.301504,1
3.0,3,1.591665,-7.4340386,-14.364634,48.297176,-1.8033787,-0.61964667,-13.3014555,1
3.0,3,1.5916722,-7.4340158,-14.364651,48.297134,-1.8033937,-0.6196188,-13.301482,1
3.0,3,1.5916643,-7.434013,-14.364613,48.297188,-1.8033293,-0.61967075,-13.3014965,1
4.0,4,-1.5611866,14.3923645,-0.32299927,-3.2678385,25.654749,-18.752254,-3.4729304,1
4.0,4,-1.5611866,14.3923645,-0.32299927,-3.2678385,25.654749,-18.752254,-3.4729304,1
4.0,4,-1.5611866,14.3923645,-0.32299927,-3.2678385,25.654749,-18.752254,-3.4729304,1
4.0,4,-1.5611866,14.3923645,-0.32299927,-3.2678385,25.654749,-18.752254,-3.4729304,1
4.0,4,-1.5611866,14.3923645,-0.32299927,-3.2678385,25.654749,-18.752254,-3.4729304,1
4.0,4,-1.5611866,14.3923645,-0.32299927,-3.2678385,25.654749,-18.752254,-3.4729304,1
5.0,5,7.6873655,-3.1102796,-3.6953678,-7.4965324,-27.906849,24.589693,-14.038178,1
5.0,5,7.6873655,-3.1102796,-3.6953678,-7.4965324,-27.906849,24.589693,-14.038178,1
5.0,5,7.6873655,-3.1102796,-3.6953678,-7.4965324,-27.906849,24.589693,-14.038178,1
5.0,5,7.6873655,-3.1102796,-3.6953678,-7.4965324,-27.906849,24.589693,-14.038178,1
5.0,5,7.6873655,-3.1102796,-3.6953678,-7.4965324,-27.906849,24.589693,-14.038178,1
5.0,5,7.6873655,-3.1102796,-3.6953678,-7.4965324,-27.906849,24.589693,-14.038178,1
6.0,6,9.76337,-20.620598,-6.198468,-17.267975,7.595265,-14.563817,41.545834,1
6.0,6,9.76337,-20.620598,-6.19847,-17.267982,7.5952625,-14.563816,41.545834,1
6.0,6,9.76337,-20.620598,-6.198469,-17.267979,7.5952654,-14.563816,41.545834,1
6.0,6,9.76337,-20.620598,-6.198468,-17.267979,7.5952635,-14.563816,41.545834,1
6.0,6,9.76337,-20.620598,-6.198468,-17.267979,7.5952635,-14.563816,41.545834,1
6.0,6,9.76337,-20.620598,-6.198468,-17.267979,7.5952635,-14.563816,41.545834,1
3.0,3,1.5853205,-7.3546777,-14.405207,48.306812,-1.7698947,-0.6217917,-13.400592,1
3.0,3,1.5853114,-7.3547444,-14.40519,48.306885,-1.7698942,-0.6218265,-13.400508,1
3.0,3,1.5853267,-7.354609,-14.405218,48.30676,-1.7698747,-0.6217886,-13.400671,1
3.0,3,1.5853317,-7.354587,-14.405227,48.30673,-1.7698711,-0.6217724,-13.4007,1
3.0,3,1.5853195,-7.3547273,-14.405201,48.306847,-1.7699159,-0.62180483,-13.400526,1
3.0,3,1.5853276,-7.354688,-14.405217,48.306805,-1.7699062,-0.6217917,-13.400574,1
5.0,5,8.99166,-4.507405,-5.797854,-6.661957,-27.45337,22.906153,-12.202406,1
5.0,5,8.99166,-4.507405,-5.797854,-6.661957,-27.45337,22.906153,-12.202406,1
5.0,5,8.99166,-4.507405,-5.797854,-6.661957,-27.45337,22.906153,-12.202406,1
5.0,5,8.99166,-4.507405,-5.797854,-6.661957,-27.45337,22.906153,-12.202406,1
5.0,5,8.99166,-4.507405,-5.797854,-6.661957,-27.45337,22.906153,-12.202406,1
5.0,5,8.99166,-4.507405,-5.797854,-6.661957,-27.45337,22.906153,-12.202406,1
6.0,6,10.238523,-21.168032,-6.630358,-17.679893,6.650942,-14.028474,41.67654,1
6.0,6,10.238523,-21.168032,-6.6303573,-17.679893,6.650942,-14.028474,41.67654,1
6.0,6,10.238523,-21.168032,-6.630358,-17.679893,6.650942,-14.028474,41.67654,1
6.0,6,10.238523,-21.168032,-6.630358,-17.679893,6.650942,-14.028474,41.67654,1
6.0,6,10.238523,-21.168032,-6.630358,-17.679893,6.650942,-14.028474,41.67654,1
6.0,6,10.238523,-21.168032,-6.630358,-17.679893,6.650942,-14.028474,41.67654,1
6.0,6,10.458961,-21.349173,-6.5825887,-16.921684,6.2748337,-13.6835165,40.705276,1
6.0,6,10.458961,-21.349173,-6.5825887,-16.921684,6.2748337,-13.6835165,40.705276,1
6.0,6,10.458961,-21.349173,-6.5825887,-16.921684,6.2748337,-13.6835165,40.705276,1
6.0,6,10.458961,-21.349173,-6.5825887,-16.921684,6.2748337,-13.6835165,40.705276,1
6.0,6,10.458961,-21.349173,-6.5825887,-16.921684,6.2748337,-13.6835165,40.705276,1
6.0,6,10.458961,-21.349173,-6.5825887,-16.921684,6.2748337,-13.6835165,40.705276,1
1.0,1,-1.0326071,15.08477,0.53143394,-7.8304744,6.3477755,-4.792974,-10.237468,1
1.0,1,-1.0326071,15.08477,0.53143394,-7.8304744,6.3477755,-4.792974,-10.237468,1
1.0,1,-1.0326071,15.08477,0.53143394,-7.8304744,6.3477755,-4.792974,-10.237468,1
1.0,1,-1.0326071,15.08477,0.53143394,-7.8304744,6.3477755,-4.792974,-10.237468,1
1.0,1,-1.0326071,15.08477,0.53143394,-7.8304744,6.3477755,-4.792974,-10.237468,1
1.0,1,-1.0326071,15.08477,0.53143394,-7.8304744,6.3477755,-4.792974,-10.237468,1
6.0,6,10.232898,-21.058004,-6.878963,-17.285435,6.435933,-13.775399,41.28413,1
6.0,6,10.232898,-21.058004,-6.878963,-17.285435,6.435933,-13.775399,41.28413,1
6.0,6,10.232892,-21.057987,-6.8789825,-17.285404,6.4359226,-13.775383,41.284096,1
6.0,6,10.232898,-21.058006,-6.8789616,-17.285435,6.435935,-13.775401,41.284126,1
6.0,6,10.2329,-21.058006,-6.878955,-17.28543,6.4359303,-13.775399,41.284122,1
6.0,6,10.232896,-21.057999,-6.878978,-17.28542,6.4359236,-13.775389,41.284115,1
1.0,1,-0.90527034,15.185192,0.28087947,-8.65692,6.4767175,-4.752652,-9.992417,1
1.0,1,-0.90527034,15.185192,0.28087947,-8.65692,6.4767175,-4.752652,-9.992417,1
1.0,1,-0.90527034,15.185192,0.28087947,-8.65692,6.4767175,-4.752652,-9.992417,1
1.0,1,-0.90527034,15.185192,0.28087947,-8.65692,6.4767175,-4.752652,-9.992417,1
1.0,1,-0.90527034,15.185192,0.28087947,-8.65692,6.4767175,-4.752652,-9.992417,1
1.0,1,-0.90527034,15.185192,0.28087947,-8.65692,6.4767175,-4.752652,-9.992417,1
5.0,5,8.269411,-3.6304126,-5.0275583,-6.394085,-27.524853,23.448448,-13.419319,1
5.0,5,8.269411,-3.6304126,-5.0275583,-6.394085,-27.524853,23.448448,-13.419319,1
5.0,5,8.269411,-3.6304126,-5.0275583,-6.394085,-27.524853,23.448448,-13.419319,1
5.0,5,8.269411,-3.6304126,-5.0275583,-6.394085,-27.524853,23.448448,-13.419319,1
5.0,5,8.269411,-3.6304126,-5.0275583,-6.394085,-27.524853,23.448448,-13.419319,1
5.0,5,8.269411,-3.6304126,-5.0275583,-6.394085,-27.524853,23.448448,-13.419319,1
2.0,2,-7.6252136,8.858885,29.843365,-17.263641,0.012036443,2.481276,-6.8641815,1
2.0,2,-7.6252136,8.858885,29.843365,-17.263641,0.012036443,2.481276,-6.8641815,1
2.0,2,-7.6252136,8.858885,29.843365,-17.263641,0.012036443,2.481276,-6.8641815,1
2.0,2,-7.6252136,8.858885,29.843365,-17.263641,0.012036443,2.481276,-6.8641815,1
2.0,2,-7.6252136,8.858885,29.843365,-17.263641,0.012036443,2.481276,-6.8641815,1
2.0,2,-7.6252136,8.858885,29.843365,-17.263641,0.012036443,2.481276,-6.8641815,1
2.0,2,-7.375619,8.1737385,30.838966,-17.766644,0.78972805,1.7507621,-6.2925463,1
2.0,2,-7.375619,8.1737385,30.838966,-17.766644,0.78972805,1.7507621,-6.2925463,1
2.0,2,-7.375619,8.1737385,30.838966,-17.766644,0.78972805,1.7507621,-6.2925463,1
2.0,2,-7.375619,8.1737385,30.838966,-17.766644,0.78972805,1.7507621,-6.2925463,1
2.0,2,-7.375619,8.1737385,30.838966,-17.766644,0.78972805,1.7507621,-6.2925463,1
2.0,2,-7.375619,8.1737385,30.838966,-17.766644,0.78972805,1.7507621,-6.2925463,1
0.0,0,10.805996,-5.953113,-11.284502,-9.757905,-9.208263,6.2315593,0.31884265,1
0.0,0,10.806007,-5.953174,-11.284605,-9.757912,-9.2079525,6.231249,0.3191259,1
0.0,0,10.805944,-5.9531307,-11.28472,-9.757886,-9.207773,6.231097,0.31929708,1
0.0,0,10.805925,-5.953724,-11.284079,-9.7569065,-9.210587,6.233624,0.31780505,1
0.0,0,10.806151,-5.9537587,-11.284351,-9.756786,-9.21023,6.23325,0.31778193,1
0.0,0,10.806351,-5.9534054,-11.28434,-9.758165,-9.208801,6.2318354,0.31888866,1
1.0,1,-0.7949474,15.163616,0.02264449,-8.708846,6.403552,-4.6163087,-10.051887,1
1.0,1,-0.7949474,15.163616,0.02264449,-8.708846,6.403552,-4.6163087,-10.051887,1
1.0,1,-0.7949474,15.163616,0.02264449,-8.708846,6.403552,-4.6163087,-10.051887,1
1.0,1,-0.7949474,15.163616,0.02264449,-8.708846,6.403552,-4.6163087,-10.051887,1
1.0,1,-0.7949474,15.163616,0.02264449,-8.708846,6.403552,-4.6163087,-10.051887,1
1.0,1,-0.7949474,15.163616,0.02264449,-8.708846,6.403552,-4.6163087,-10.051887,1
0.0,5,7.597662,-3.1661487,-4.616012,-5.7315187,-29.137783,24.863302,-14.411745,0
0.0,5,7.597662,-3.1661487,-4.616012,-5.7315187,-29.137783,24.863302,-14.411745,0
0.0,5,7.597662,-3.1661487,-4.616012,-5.7315187,-29.137783,24.863302,-14.411745,0
0.0,5,7.597662,-3.1661487,-4.616012,-5.7315187,-29.137783,24.863302,-14.411745,0
0.0,5,7.597662,-3.1661487,-4.616012,-5.7315187,-29.137783,24.863302,-14.411745,0
0.0,5,7.597662,-3.1661487,-4.616012,-5.7315187,-29.137783,24.863302,-14.411745,0
0.0,0,11.398343,-5.7949457,-12.194324,-9.873589,-7.584425,4.64573,0.6543913,1
0.0,0,11.398337,-5.7949505,-12.194325,-9.873564,-7.584404,4.645707,0.654403,1
0.0,0,11.398335,-5.7950044,-12.19434,-9.873508,-7.5842934,4.6455956,0.6545,1
0.0,0,11.398265,-5.794857,-12.19413,-9.873679,-7.5846367,4.6459737,0.65418315,1
0.0,0,11.398338,-5.794795,-12.194216,-9.873796,-7.5844917,4.6458335,0.6541958,1
0.0,0,11.398309,-5.7948575,-12.194112,-9.873712,-7.5845795,4.645915,0.6541531,1
6.0,6,9.771907,-20.487438,-7.4065495,-16.315063,6.568384,-13.578924,40.57137,1
6.0,6,9.7719145,-20.487452,-7.4065447,-16.315067,6.5683794,-13.578923,40.571377,1
6.0,6,9.771913,-20.487448,-7.4065576,-16.315052,6.5683727,-13.578916,40.571358,1
6.0,6,9.771913,-20.487446,-7.4065633,-16.315052,6.5683713,-13.578915,40.571358,1
6.0,6,9.771913,-20.487446,-7.4065633,-16.315052,6.5683713,-13.578915,40.571358,1
6.0,6,9.771915,-20.487453,-7.4065447,-16.315067,6.5683794,-13.578924,40.571377,1
2.0,2,-7.4114094,8.543283,30.792988,-18.18037,0.7266711,1.6683196,-6.0658884,1
2.0,2,-7.4114094,8.543283,30.792988,-18.18037,0.7266711,1.6683196,-6.0658884,1
2.0,2,-7.4114094,8.543283,30.792988,-18.18037,0.7266711,1.6683196,-6.0658884,1
2.0,2,-7.4114094,8.543283,30.792988,-18.18037,0.7266711,1.6683196,-6.0658884,1
2.0,2,-7.4114094,8.543283,30.792988,-18.18037,0.7266711,1.6683196,-6.0658884,1
2.0,2,-7.4114094,8.543283,30.792988,-18.18037,0.7266711,1.6683196,-6.0658884,1
3.0,3,1.5918133,-7.425963,-14.366749,48.294563,-1.8056079,-0.6168908,-13.311886,1
3.0,3,1.5918081,-7.425964,-14.366742,48.294582,-1.8055958,-0.6168982,-13.311886,1
3.0,3,1.5918138,-7.425966,-14.366743,48.29456,-1.8056132,-0.6168889,-13.311882,1
3.0,3,1.5918093,-7.4259725,-14.366736,48.294575,-1.8056036,-0.61689484,-13.311874,1
3.0,3,1.5918088,-7.425963,-14.366739,48.294575,-1.8055991,-0.616892,-13.31189,1
3.0,3,1.5918121,-7.4259696,-14.366741,48.294567,-1.8056041,-0.61689484,-13.311876,1
2.0,2,-6.9620314,8.298754,30.443155,-17.960709,0.04855764,2.230606,-6.979084,1
2.0,2,-6.9620314,8.298754,30.443155,-17.960709,0.04855764,2.230606,-6.979084,1
2.0,2,-6.9620314,8.298754,30.443155,-17.960709,0.04855764,2.230606,-6.979084,1
2.0,2,-6.9620314,8.298754,30.443155,-17.960709,0.04855764,2.230606,-6.979084,1
2.0,2,-6.9620314,8.298754,30.443155,-17.960709,0.04855764,2.230606,-6.979084,1
2.0,2,-6.9620314,8.298754,30.443155,-17.960709,0.04855764,2.230606,-6.979084,1
0.0,0,11.122092,-6.022442,-11.898606,-8.971876,-7.276288,4.210623,0.93386936,1
0.0,0,11.122092,-6.022442,-11.898606,-8.971876,-7.276288,4.210623,0.93386936,1
0.0,0,11.122092,-6.022442,-11.898606,-8.971876,-7.276288,4.210623,0.93386936,1
0.0,0,11.122092,-6.022442,-11.898606,-8.971876,-7.276288,4.210623,0.93386936,1
0.0,0,11.122092,-6.022442,-11.898606,-8.971876,-7.276288,4.210623,0.93386936,1
0.0,0,11.122092,-6.022442,-11.898606,-8.971876,-7.276288,4.210623,0.93386936,1
4.0,4,-1.3544924,13.73028,-0.098125726,-4.5197372,25.199234,-17.92321,-2.5952506,1
4.0,4,-1.3544924,13.73028,-0.098125726,-4.5197372,25.199234,-17.92321,-2.5952506,1
4.0,4,-1.3544924,13.73028,-0.098125726,-4.5197372,25.199234,-17.92321,-2.5952506,1
4.0,4,-1.3544924,13.73028,-0.098125726,-4.5197372,25.199234,-17.92321,-2.5952506,1
4.0,4,-1.3544924,13.73028,-0.098125726,-4.5197372,25.199234,-17.92321,-2.5952506,1
4.0,4,-1.3544924,13.73028,-0.098125726,-4.5197372,25.199234,-17.92321,-2.5952506,1
3.0,3,1.5967977,-7.462789,-14.360948,48.282234,-1.8246201,-0.6197952,-13.257429,1
3.0,3,1.5967898,-7.4627757,-14.360965,48.28225,-1.8246258,-0.61978185,-13.257446,1
3.0,3,1.5967927,-7.4627805,-14.360956,48.28225,-1.824618,-0.61979043,-13.257443,1
3.0,3,1.5967937,-7.4627805,-14.360956,48.28224,-1.8246218,-0.61978877,-13.257441,1
3.0,3,1.5967956,-7.4627852,-14.360957,48.282238,-1.8246328,-0.6197845,-13.257433,1
3.0,3,1.5967901,-7.462774,-14.360954,48.282257,-1.8246087,-0.61979496,-13.257453,1
5.0,3,7.179577,-3.0529327,-3.5545187,10.86432,-11.807727,9.805874,-15.953973,0
5.0,3,7.179226,-3.0529828,-3.55434,10.865933,-11.8077755,9.805948,-15.954447,0
5.0,3,7.1793957,-3.0527964,-3.554378,10.865523,-11.806505,9.804943,-15.954235,0
5.0,3,7.179635,-3.0527558,-3.5544314,10.864388,-11.806389,9.8048315,-15.953899,0
5.0,3,7.1785707,-3.0527816,-3.5538802,10.869103,-11.806273,9.804842,-15.955301,0
5.0,3,7.178933,-3.0526762,-3.5541987,10.868028,-11.806246,9.804684,-15.955099,0
0.0,0,10.731474,-5.9627085,-10.868361,-10.648702,-9.281074,6.3197675,0.7285855,1
0.0,0,10.731457,-5.9626603,-10.868315,-10.64879,-9.281213,6.3198986,0.72855306,1
0.0,0,10.731531,-5.962745,-10.868389,-10.64867,-9.281127,6.319793,0.7285528,1
0.0,0,10.731473,-5.9627137,-10.868363,-10.648717,-9.28107,6.319763,0.7286122,1
0.0,0,10.731474,-5.962712,-10.868365,-10.648722,-9.28106,6.3197527,0.7286148,1
0.0,0,10.731413,-5.9626403,-10.868315,-10.648816,-9.281131,6.3198385,0.7286222,1
3.0,3,1.6017485,-7.4642997,-14.373177,48.253826,-1.8423475,-0.60926783,-13.247295,1
3.0,3,1.6022985,-7.4653735,-14.372492,48.251686,-1.8435332,-0.60894597,-13.24559,1
3.0,3,1.6019363,-7.4646707,-14.372982,48.253002,-1.8428048,-0.6091293,-13.246662,1
3.0,3,1.6021049,-7.465011,-14.372623,48.252502,-1.8431371,-0.6090499,-13.246225,1
3.0,3,1.6019406,-7.464665,-14.372967,48.253162,-1.8427938,-0.6090883,-13.246771,1
3.0,3,1.6020367,-7.4648976,-14.37259,48.252674,-1.8428909,-0.609234,-13.246339,1
2.0,2,-7.2058,8.269007,29.969515,-17.865578,-0.0657469,2.3525567,-6.428089,1
2.0,2,-7.2058,8.269007,29.969515,-17.865578,-0.0657469,2.3525567,-6.428089,1
2.0,2,-7.2058,8.269007,29.969515,-17.865578,-0.0657469,2.3525567,-6.428089,1
2.0,2,-7.2058,8.269007,29.969515,-17.865578,-0.0657469,2.3525567,-6.428089,1
2.0,2,-7.2058,8.269007,29.969515,-17.865578,-0.0657469,2.3525567,-6.428089,1
2.0,2,-7.2058,8.269007,29.969515,-17.865578,-0.0657469,2.3525567,-6.428089,1
1.0,1,-1.6914208,15.592684,0.47397754,-8.671406,6.1536493,-4.3210344,-9.733681,1
1.0,1,-1.6914208,15.592684,0.47397754,-8.671406,6.1536493,-4.3210344,-9.733681,1
1.0,1,-1.6914208,15.592684,0.47397754,-8.671406,6.1536493,-4.3210344,-9.733681,1
1.0,1,-1.6914208,15.592684,0.47397754,-8.671406,6.1536493,-4.3210344,-9.733681,1
1.0,1,-1.6914208,15.592684,0.47397754,-8.671406,6.1536493,-4.3210344,-9.733681,1
1.0,1,-1.6914208,15.592684,0.47397754,-8.671406,6.1536493,-4.3210344,-9.733681,1
1.0,1,-1.6305182,14.579615,1.5614033,-8.163099,5.089061,-3.6370516,-9.539588,1
1.0,1,-1.6305182,14.579615,1.5614033,-8.163099,5.089061,-3.6370516,-9.539588,1
1.0,1,-1.6305182,14.579615,1.5614033,-8.163099,5.089061,-3.6370516,-9.539588,1
1.0,1,-1.6305182,14.579615,1.5614033,-8.163099,5.089061,-3.6370516,-9.539588,1
1.0,1,-1.6305182,14.579615,1.5614033,-8.163099,5.089061,-3.6370516,-9.539588,1
1.0,1,-1.6305182,14.579615,1.5614033,-8.163099,5.089061,-3.6370516,-9.539588,1
6.0,6,10.144037,-21.128763,-6.5577946,-17.603436,6.8173676,-14.129377,41.75923,1
6.0,6,10.144037,-21.128763,-6.5577946,-17.603436,6.8173685,-14.129377,41.759228,1
6.0,6,10.144047,-21.128777,-6.557804,-17.60343,6.817354,-14.129367,41.759224,1
6.0,6,10.14405,-21.12878,-6.557808,-17.60343,6.8173466,-14.129362,41.759224,1
6.0,6,10.144037,-21.128763,-6.5577927,-17.60344,6.8173656,-14.129375,41.759228,1
6.0,6,10.144037,-21.128763,-6.5577946,-17.603437,6.8173685,-14.129377,41.75923,1
4.0,4,-1.6108999,13.8425255,0.32490787,-3.6409674,26.124336,-18.860796,-2.5900388,1
4.0,4,-1.6108999,13.8425255,0.32490787,-3.6409674,26.124336,-18.860796,-2.5900388,1
4.0,4,-1.6108999,13.8425255,0.32490787,-3.6409674,26.124336,-18.860796,-2.5900388,1
4.0,4,-1.6108999,13.8425255,0.32490787,-3.6409674,26.124336,-18.860796,-2.5900388,1
4.0,4,-1.6108999,13.8425255,0.32490787,-3.6409674,26.124336,-18.860796,-2.5900388,1
4.0,4,-1.6108999,13.8425255,0.32490787,-3.6409674,26.124336,-18.860796,-2.5900388,1
4.0,4,-1.476315,14.270321,-0.2695196,-4.7600293,25.097534,-18.173185,-2.8067503,1
4.0,4,-1.476315,14.270321,-0.2695196,-4.7600293,25.097534,-18.173185,-2.8067503,1
4.0,4,-1.476315,14.270321,-0.2695196,-4.7600293,25.097534,-18.173185,-2.8067503,1
4.0,4,-1.476315,14.270321,-0.2695196,-4.7600293,25.097534,-18.173185,-2.8067503,1
4.0,4,-1.476315,14.270321,-0.2695196,-4.7600293,25.097534,-18.173185,-2.8067503,1
4.0,4,-1.476315,14.270321,-0.2695196,-4.7600293,25.097534,-18.173185,-2.8067503,1
5.0,5,8.568711,-3.7927418,-5.7502065,-6.7353334,-28.461632,24.297388,-13.476021,1
5.0,5,8.568764,-3.79279,-5.7503314,-6.7353277,-28.46162,24.297419,-13.47601,1
5.0,5,8.568912,-3.7930117,-5.7504115,-6.7351665,-28.461433,24.297068,-13.475721,1
5.0,5,8.5685215,-3.792409,-5.749964,-6.7355485,-28.46194,24.297823,-13.476498,1
5.0,5,8.568946,-3.7930007,-5.750404,-6.7352552,-28.461348,24.297007,-13.475701,1
5.0,5,8.568319,-3.7921057,-5.7498116,-6.735462,-28.462044,24.29795,-13.476834,1
4.0,1,0.6182163,12.82567,-2.307649,-10.520885,11.418524,-8.696938,-4.281242,0
4.0,1,0.61820936,12.825678,-2.3076386,-10.520875,11.418486,-8.696909,-4.2812734,0
4.0,1,0.61821616,12.82567,-2.3076499,-10.520887,11.418528,-8.696941,-4.281241,0
4.0,1,0.6182163,12.82567,-2.307649,-10.520885,11.418524,-8.696938,-4.281242,0
4.0,1,0.6182238,12.825663,-2.307659,-10.520866,11.418515,-8.696935,-4.281253,0
4.0,1,0.6182302,12.825655,-2.3076704,-10.520876,11.418553,-8.696965,-4.2812223,0
1.0,1,-2.5192325,14.448982,2.626618,-7.405052,3.1962485,-1.3201889,-10.364794,1
1.0,1,-2.519235,14.448988,2.626615,-7.4050536,3.1962533,-1.3201932,-10.364794,1
1.0,1,-2.5192454,14.448992,2.626628,-7.4050465,3.1962395,-1.3201857,-10.3648,1
1.0,1,-2.5192354,14.448988,2.6266165,-7.405052,3.1962519,-1.320192,-10.364795,1
1.0,1,-2.5192354,14.448988,2.6266165,-7.405052,3.1962514,-1.320192,-10.364795,1
1.0,1,-2.5192454,14.448992,2.626628,-7.4050465,3.1962395,-1.3201857,-10.3648,1
2.0,2,-7.394847,8.566011,30.656193,-18.116924,0.508453,1.854716,-6.203677,1
2.0,2,-7.394848,8.566008,30.656199,-18.116924,0.50846183,1.8547097,-6.2036734,1
2.0,2,-7.394847,8.5660095,30.656197,-18.116924,0.50846064,1.8547109,-6.2036743,1
2.0,2,-7.394848,8.566008,30.656199,-18.11692,0.50846183,1.8547097,-6.2036734,1
2.0,2,-7.394847,8.5660095,30.656199,-18.11692,0.5084609,1.8547107,-6.2036753,1
2.0,2,-7.394847,8.566008,30.656199,-18.11692,0.50845945,1.8547112,-6.2036734,1
1.0,1,-1.4150758,14.689718,1.621978,-7.534776,6.522622,-5.355563,-9.356996,1
1.0,1,-1.4150758,14.689718,1.621978,-7.534776,6.522622,-5.355563,-9.356996,1
1.0,1,-1.4150758,14.689718,1.621978,-7.534776,6.522622,-5.355563,-9.356996,1
1.0,1,-1.4150758,14.689718,1.621978,-7.534776,6.522622,-5.355563,-9.356996,1
1.0,1,-1.4150758,14.689718,1.621978,-7.534776,6.522622,-5.355563,-9.356996,1
1.0,1,-1.4150758,14.689718,1.621978,-7.534776,6.522622,-5.355563,-9.356996,1
6.0,6,10.19389,-21.147203,-6.617713,-17.624851,6.725887,-14.073695,41.707325,1
6.0,6,10.193907,-21.147234,-6.6177335,-17.624826,6.7258606,-14.073675,41.707317,1
6.0,6,10.193917,-21.147253,-6.6177483,-17.624805,6.7258444,-14.073664,41.707314,1
6.0,6,10.193881,-21.147188,-6.617702,-17.624859,6.7259045,-14.073707,41.70733,1
6.0,6,10.19389,-21.147203,-6.617713,-17.624851,6.725888,-14.073695,41.707325,1
6.0,6,10.193883,-21.14719,-6.617702,-17.624866,6.7258987,-14.073705,41.707333,1
2.0,2,-7.505705,8.687658,29.920792,-17.445175,0.09661782,2.349195,-6.7210016,1
2.0,2,-7.505705,8.687658,29.920792,-17.445175,0.09661782,2.349195,-6.7210016,1
2.0,2,-7.505705,8.687658,29.920792,-17.445175,0.09661782,2.349195,-6.7210016,1
2.0,2,-7.505705,8.687658,29.920792,-17.445175,0.09661782,2.349195,-6.7210016,1
2.0,2,-7.505705,8.687658,29.920792,-17.445175,0.09661782,2.349195,-6.7210016,1
2.0,2,-7.505705,8.687658,29.920792,-17.445175,0.09661782,2.349195,-6.7210016,1
3.0,3,6.059965,-4.4486823,-3.8908052,14.736138,-7.8921633,6.543323,-13.407457,1
3.0,3,6.017087,-4.45778,-3.7737565,14.83254,-8.07005,6.6240845,-13.456787,1
3.0,3,6.1195126,-4.4822216,-3.808226,14.4964285,-8.007485,6.593094,-13.343268,1
3.0,3,6.1481123,-4.5192165,-3.900343,14.536057,-8.166082,6.7228956,-13.370398,1
3.0,3,6.1273775,-4.55255,-3.724619,14.343438,-8.213977,6.7252846,-13.255695,1
3.0,3,6.063328,-4.4484973,-3.781303,14.578523,-7.8509445,6.4935513,-13.345613,1
6.0,6,10.196212,-21.192904,-6.663061,-17.368948,6.798025,-14.089651,41.60238,1
6.0,6,10.196212,-21.192904,-6.663061,-17.368948,6.798025,-14.089651,41.60238,1
6.0,6,10.196212,-21.192904,-6.663061,-17.368948,6.798025,-14.089651,41.60238,1
6.0,6,10.196212,-21.192904,-6.663061,-17.368948,6.798025,-14.089651,41.60238,1
6.0,6,10.196212,-21.192904,-6.663061,-17.368948,6.798025,-14.089651,41.60238,1
6.0,6,10.196212,-21.192904,-6.663061,-17.368948,6.798025,-14.089651,41.60238,1
4.0,4,-1.8443711,14.6528,-0.66980386,-3.6126065,26.04623,-19.22181,-2.7795863,1
4.0,4,-1.8443711,14.6528,-0.66980386,-3.6126065,26.04623,-19.22181,-2.7795863,1
4.0,4,-1.8443711,14.6528,-0.66980386,-3.6126065,26.04623,-19.22181,-2.7795863,1
4.0,4,-1.8443711,14.6528,-0.66980386,-3.6126065,26.04623,-19.22181,-2.7795863,1
4.0,4,-1.8443711,14.6528,-0.66980386,-3.6126065,26.04623,-19.22181,-2.7795863,1
4.0,4,-1.8443711,14.6528,-0.66980386,-3.6126065,26.04623,-19.22181,-2.7795863,1
6.0,6,10.293982,-21.294357,-6.7230334,-17.633627,6.5276475,-13.944803,41.726463,1
6.0,6,10.293982,-21.294357,-6.7230334,-17.633627,6.5276475,-13.944803,41.726463,1
6.0,6,10.293982,-21.294357,-6.7230334,-17.633627,6.5276475,-13.944803,41.726463,1
6.0,6,10.293982,-21.294357,-6.7230334,-17.633627,6.5276475,-13.944803,41.726463,1
6.0,6,10.293982,-21.294357,-6.7230334,-17.633627,6.5276475,-13.944803,41.726463,1
6.0,6,10.293982,-21.294357,-6.7230334,-17.633627,6.5276475,-13.944803,41.726463,1
3.0,3,1.612643,-7.413385,-14.380865,48.269142,-1.7830278,-0.6411902,-13.323433,1
3.0,3,1.612647,-7.413385,-14.380869,48.269142,-1.7830321,-0.641188,-13.323435,1
3.0,3,1.6126449,-7.413387,-14.380865,48.26914,-1.7830318,-0.64118874,-13.323429,1
3.0,3,1.6126435,-7.413385,-14.380865,48.269142,-1.7830294,-0.64119065,-13.323435,1
3.0,3,1.6126432,-7.413384,-14.380865,48.269146,-1.7830275,-0.6411916,-13.323435,1
3.0,3,1.612643,-7.413385,-14.380865,48.269142,-1.783028,-0.6411902,-13.323435,1
1.0,1,-2.12012,13.362593,2.1737716,-7.2809753,5.255205,-4.1161256,-7.570795,1
1.0,1,-2.12012,13.362593,2.1737716,-7.2809753,5.255205,-4.1161256,-7.570795,1
1.0,1,-2.12012,13.362593,2.1737716,-7.2809753,5.255205,-4.1161256,-7.570795,1
1.0,1,-2.12012,13.362593,2.1737716,-7.2809753,5.255205,-4.1161256,-7.570795,1
1.0,1,-2.12012,13.362593,2.1737716,-7.2809753,5.255205,-4.1161256,-7.570795,1
1.0,1,-2.12012,13.362593,2.1737716,-7.2809753,5.255205,-4.1161256,-7.570795,1
0.0,0,10.900056,-5.785574,-11.778806,-10.011696,-7.6851406,4.738558,1.0810022,1
0.0,0,10.900056,-5.785574,-11.778806,-10.011696,-7.6851406,4.738558,1.0810022,1
0.0,0,10.900056,-5.785574,-11.778806,-10.011696,-7.6851406,4.738558,1.0810022,1
0.0,0,10.900056,-5.785574,-11.778806,-10.011696,-7.6851406,4.738558,1.0810022,1
0.0,0,10.900056,-5.785574,-11.778806,-10.011696,-7.6851406,4.738558,1.0810022,1
0.0,0,10.900056,-5.785574,-11.778806,-10.011696,-7.6851406,4.738558,1.0810022,1
4.0,4,-1.8343589,14.714201,-0.950328,-3.0423465,26.47403,-19.477253,-2.8694134,1
4.0,4,-1.8343589,14.714201,-0.950328,-3.0423465,26.47403,-19.477253,-2.8694134,1
4.0,4,-1.8343589,14.714201,-0.950328,-3.0423465,26.47403,-19.477253,-2.8694134,1
4.0,4,-1.8343589,14.714201,-0.950328,-3.0423465,26.47403,-19.477253,-2.8694134,1
4.0,4,-1.8343589,14.714201,-0.950328,-3.0423465,26.47403,-19.477253,-2.8694134,1
4.0,4,-1.8343589,14.714201,-0.950328,-3.0423465,26.47403,-19.477253,-2.8694134,1
6.0,6,9.980604,-20.750063,-6.4042263,-17.719353,7.0572624,-14.280513,41.633667,1
6.0,6,9.980605,-20.750063,-6.4042273,-17.719355,7.0572615,-14.280512,41.63367,1
6.0,6,9.980601,-20.750055,-6.404227,-17.719349,7.057268,-14.280517,41.633663,1
6.0,6,9.980605,-20.750063,-6.4042273,-17.719355,7.0572615,-14.280512,41.63367,1
6.0,6,9.980605,-20.750063,-6.4042263,-17.719353,7.0572615,-14.280512,41.633667,1
6.0,6,9.980604,-20.750063,-6.4042273,-17.719355,7.0572634,-14.280514,41.63367,1
