true_label,predicted_label,prob_class_0,prob_class_1,prob_class_2,prob_class_3,prob_class_4,prob_class_5,prob_class_6,prob_class_7,prob_class_8,prob_class_9,prob_class_10,prob_class_11,prob_class_12,prob_class_13,prob_class_14,prob_class_15,prob_class_16,prob_class_17,prob_class_18,prob_class_19,correct
18.0,18,-1.8068178,-1.9779961,-0.99304956,-2.8192992,-1.915406,-2.687308,1.1629397,-2.9549742,2.2392936,-0.8131829,-0.0037776679,-0.32639313,1.517207,0.08047214,-0.15642363,-2.0469341,3.6888638,-3.7313998,12.428469,1.9574323,1
18.0,18,-1.8209293,-1.9824584,-0.98220617,-2.7685647,-1.967883,-2.666902,1.1051979,-2.987993,2.4012628,-0.8639132,0.0397571,-0.33219147,1.5475029,-0.041939568,-0.14229411,-2.0539763,3.6789067,-3.7117214,12.458534,2.015028,1
18.0,18,-1.9368585,-2.1523864,-0.83296233,-2.7045338,-2.0038843,-2.9000263,0.7405268,-3.4432554,3.1532762,-0.32509613,0.26587126,-0.25292015,1.4741551,-0.0022701472,-0.3403315,-2.0031483,3.21203,-3.6197739,12.645375,2.3018017,1
18.0,18,-2.379747,-2.058363,-0.9982184,-2.3746717,-2.7290027,-2.735008,0.14675009,-4.0775657,5.4227138,-0.13347,0.7571199,-0.43340412,1.2908468,-0.6551191,-0.39482796,-1.9028524,2.8196921,-3.2518878,12.374696,2.5872517,1
18.0,18,-1.8788152,-1.9850316,-1.0010203,-2.675366,-2.1031482,-2.6373918,0.9925757,-3.0991533,2.8108792,-0.9061734,0.15463044,-0.37409756,1.5858166,-0.2531419,-0.13625683,-2.0579424,3.6226907,-3.663882,12.506505,2.1298883,1
18.0,18,-1.8225766,-1.9819605,-0.9789625,-2.771141,-1.9662062,-2.6669016,1.1256368,-2.9823902,2.3842542,-0.8702931,0.037117105,-0.33464047,1.5468881,-0.036674228,-0.14550465,-2.0540545,3.6795037,-3.7154732,12.455347,2.0181644,1
0.0,0,12.605152,0.34737444,1.1777871,-3.9904587,0.9150374,-0.6398423,-2.771386,0.53631854,0.73220843,0.97495687,-2.0939884,-3.0104842,-0.9894865,-2.0306418,-0.8171683,1.7332817,-1.9376993,-3.0833967,-0.9421789,-1.8399183,1
0.0,0,12.606871,0.34668535,1.1766586,-3.9877653,0.9155757,-0.6371114,-2.773821,0.53552234,0.7365513,0.96830523,-2.0901852,-3.010738,-0.9891957,-2.0281239,-0.81509537,1.7290547,-1.9387304,-3.0805273,-0.94645613,-1.8432081,1
0.0,0,12.605284,0.34712806,1.1800663,-3.9864078,0.905281,-0.64829206,-2.7774615,0.52717197,0.7488168,0.97683835,-2.090654,-3.0106146,-0.97882533,-2.0326858,-0.81981117,1.7234778,-1.9328614,-3.0785673,-0.93555903,-1.8394765,1
0.0,0,12.610375,0.31796807,1.1768212,-3.9811847,0.92369896,-0.6359614,-2.7871978,0.53597903,0.75404465,0.91517836,-2.0557976,-2.9998455,-0.9862643,-2.0090609,-0.79147136,1.7122387,-1.9442791,-3.0743003,-0.9530571,-1.8471116,1
0.0,0,12.607795,0.34578657,1.1764864,-3.9864385,0.91619605,-0.63561773,-2.7750447,0.53538406,0.73839486,0.9637859,-2.0876787,-3.0105965,-0.9892032,-2.026449,-0.81358063,1.7267954,-1.9394284,-3.0791867,-0.94866246,-1.8445834,1
0.0,0,12.606344,0.34762865,1.1776699,-3.9886756,0.91499704,-0.6380222,-2.7726986,0.5357171,0.73475444,0.97131765,-2.0920172,-3.0109046,-0.9890732,-2.0292504,-0.816452,1.7302836,-1.9382663,-3.0815501,-0.9447697,-1.8416276,1
2.0,2,-0.19577873,-0.6738662,13.272505,0.37167925,-2.8010213,-1.6662542,-3.1450636,-0.34834552,2.5411863,-0.3841525,-1.3172411,-1.8596064,1.768139,1.1916254,-0.8748691,-1.9817358,-0.5518647,0.68680876,-1.3730392,-1.4400353,1
2.0,2,-0.1975673,-0.67293,13.274652,0.3650065,-2.8081646,-1.6657951,-3.1506004,-0.3560765,2.5539083,-0.36913013,-1.3149437,-1.8591946,1.7633947,1.1943779,-0.87625533,-1.9841961,-0.55235535,0.68212056,-1.3684652,-1.4336544,1
2.0,2,-0.20594342,-0.6892591,13.262296,0.34669167,-2.8173819,-1.6535432,-3.1608388,-0.36921027,2.603716,-0.41390768,-1.3034875,-1.8649415,1.7578918,1.2136109,-0.86843944,-1.9769429,-0.5471311,0.6705247,-1.3514546,-1.4254497,1
2.0,2,-0.18702912,-0.7372685,13.2000675,0.3832804,-2.6972558,-1.630663,-3.095189,-0.28881273,2.5307565,-0.6446807,-1.3251708,-1.9124466,1.7783569,1.2482347,-0.8310433,-1.9520385,-0.54150844,0.7253541,-1.4346008,-1.550756,1
2.0,2,-0.1972279,-0.6801825,13.267524,0.36429945,-2.7974627,-1.6581149,-3.1451712,-0.35068652,2.5571227,-0.39689597,-1.3156527,-1.8662807,1.759591,1.2062159,-0.87062305,-1.9795681,-0.5548336,0.6852501,-1.37807,-1.4483631,1
2.0,2,-0.1960401,-0.67603713,13.270957,0.36793908,-2.8001628,-1.6632973,-3.145974,-0.3502135,2.548462,-0.3859735,-1.3163384,-1.8625327,1.7636173,1.1978612,-0.8735304,-1.9813187,-0.55317795,0.6860993,-1.3751029,-1.4429276,1
9.0,9,0.3892462,-0.2294203,4.4645667,-4.5517454,-0.857245,0.07528313,-2.2961478,0.23278275,2.924386,11.627295,-2.8588133,-4.447058,-0.62173235,1.4512646,-0.66946095,-2.2194755,-2.4056988,-0.35724553,-2.3161445,-0.16924572,1
9.0,9,0.38843414,-0.22991732,4.465638,-4.553076,-0.8569256,0.07561218,-2.2965682,0.23202857,2.924846,11.626142,-2.8587868,-4.446857,-0.62261873,1.4544699,-0.66966915,-2.220331,-2.4054773,-0.3574347,-2.3150702,-0.16915992,1
9.0,9,0.39041075,-0.23140281,4.4388056,-4.551235,-0.8534797,0.07146089,-2.2947533,0.23039123,2.9210439,11.63936,-2.8589401,-4.442834,-0.6213348,1.4485564,-0.6715416,-2.2204485,-2.3989832,-0.36221996,-2.3078573,-0.15606788,1
9.0,9,0.39212632,-0.22974697,4.449245,-4.5462775,-0.85775626,0.07565962,-2.292927,0.23389065,2.926233,11.635217,-2.8601694,-4.44853,-0.6184502,1.4375882,-0.67265475,-2.215432,-2.4037735,-0.35945326,-2.317372,-0.16195211,1
9.0,9,0.38892344,-0.2300596,4.4632235,-4.551934,-0.8572352,0.07615158,-2.2958453,0.23223785,2.9258728,11.627264,-2.8591814,-4.447546,-0.62197053,1.4516988,-0.67059916,-2.2193713,-2.4053013,-0.35784847,-2.3156228,-0.16785559,1
9.0,9,0.3888734,-0.22976989,4.464552,-4.5521703,-0.8571828,0.07572996,-2.2961361,0.23234913,2.9250662,11.6268835,-2.8589556,-4.4472265,-0.62208414,1.4523449,-0.6699617,-2.2196262,-2.4055207,-0.35751897,-2.3157105,-0.16870403,1
8.0,8,-1.2651135,-0.008996874,0.22476609,-2.4178364,-2.0320835,0.023289159,-2.7640417,-5.0613527,13.25396,0.8178912,1.086713,-3.749553,1.2223597,-0.80065835,-1.1358608,-2.167632,-1.7248683,-0.04564134,1.0787592,-0.7506877,1
8.0,8,-1.2613057,-0.012706637,0.22330426,-2.4166012,-2.0330749,0.028671488,-2.7623494,-5.0490994,13.252499,0.7982786,1.085533,-3.7563915,1.2319546,-0.8025966,-1.1324399,-2.1648033,-1.7289386,-0.044269376,1.067461,-0.7548918,1
8.0,8,-1.2564147,0.017607227,0.24150209,-2.4035642,-2.0359876,0.08325291,-2.7201195,-5.0179667,13.227893,0.6703242,1.0631317,-3.766936,1.2508366,-0.81688154,-1.0919881,-2.156984,-1.723389,-0.067006655,1.0288857,-0.8334824,1
8.0,8,-1.2195065,0.013363451,0.28052452,-2.4308088,-2.0078058,0.12875803,-2.7128496,-4.9154234,13.199853,0.56096065,1.0054053,-3.8325753,1.4038938,-0.82479906,-1.0027943,-2.1947014,-1.783464,-0.08519236,0.8768352,-0.9120281,1
8.0,8,-1.254211,-0.017279536,0.22319697,-2.4168093,-2.0316782,0.037854448,-2.7602525,-5.0292892,13.24928,0.7678667,1.0809371,-3.7683005,1.2521931,-0.8049914,-1.1233585,-2.163374,-1.7370487,-0.04337091,1.04406,-0.76365757,1
8.0,8,-1.2604598,-0.014506072,0.22124271,-2.4171438,-2.03157,0.027834222,-2.7637062,-5.0482497,13.252551,0.79701376,1.0867124,-3.75711,1.233055,-0.8022577,-1.1327134,-2.1638234,-1.7296509,-0.043001242,1.0651662,-0.75193024,1
9.0,9,-0.09377048,1.7597146,0.6739253,-4.014464,-0.19621009,-3.7661874,-2.15802,-3.90933,1.2146899,12.647277,-2.3917007,-1.0125748,0.17940614,0.43717188,1.2046503,-2.0520835,-0.0527041,-1.4880557,0.9537026,1.2412065,1
9.0,9,-0.056402877,1.7331741,0.67458045,-4.0240245,-0.16153407,-3.761301,-2.1692421,-3.8945293,1.2095156,12.634019,-2.3847141,-1.046315,0.18884104,0.42159238,1.2421724,-2.0561836,-0.06319609,-1.4969417,0.9021527,1.2609369,1
9.0,9,-0.032653682,2.041186,0.4405237,-4.163821,-0.15788671,-3.6841116,-2.2590697,-4.196079,1.4495137,12.261436,-2.6082444,-1.0585188,0.23540255,0.4501344,1.8860894,-1.8279799,-0.04300958,-1.8713342,0.8611612,0.8360469,1
9.0,9,0.20014197,2.0679257,0.22039883,-4.458583,0.22406304,-3.424292,-2.342265,-4.0197697,1.2165082,11.57503,-2.8269951,-1.3292854,0.5124193,0.44738644,3.0973344,-1.6556121,-0.09722953,-2.2171288,0.18849315,0.23864987,1
9.0,9,-0.012244962,1.7246792,0.6572672,-4.046837,-0.1170245,-3.7433138,-2.1837506,-3.8808699,1.1917585,12.597347,-2.396627,-1.0849037,0.20164534,0.41249844,1.336498,-2.0459826,-0.07214133,-1.5278295,0.8259232,1.244281,1
9.0,9,-0.06363168,1.726728,0.68304855,-4.0172267,-0.16768622,-3.7665958,-2.1648464,-3.8905506,1.2085335,12.645836,-2.3764117,-1.0406684,0.18692508,0.4204459,1.2131194,-2.0637412,-0.062427618,-1.4834259,0.9158481,1.276114,1
7.0,7,-2.9883149,-1.9025092,-1.7025014,-1.325543,0.79622406,1.9710039,8.981087,11.30312,-1.3872123,-2.3476944,-1.8071033,-2.835029,-0.39054143,-3.0617194,-3.9362936,-0.48897552,-2.8305926,-0.2364111,-3.2726467,-2.0119705,1
7.0,7,-2.8299243,-2.040169,-1.6860883,-1.3552049,0.9438907,2.0360408,8.587211,11.577826,-1.3862393,-2.325084,-1.8633577,-2.8356524,-0.51183724,-2.9413571,-3.8060586,-0.32995373,-2.9779122,-0.11885492,-3.6175776,-2.0639668,1
7.0,7,-2.151159,-2.0519478,-1.5211284,-1.7075748,0.8414703,2.5217087,7.379758,11.981413,-0.9991157,-1.6521866,-2.1025727,-3.1040726,-1.0911064,-2.221964,-3.3021154,-0.15027496,-3.582592,-0.2060993,-4.405231,-1.9929518,1
7.0,7,-1.5881412,-2.1693137,-1.4983631,-1.8939012,0.9661916,2.6166983,6.43791,12.252987,-0.9970015,-1.4047313,-2.2066736,-3.2065632,-1.3968033,-1.8789194,-2.727512,0.051338546,-3.7936318,-0.13951093,-4.907907,-2.0528364,1
7.0,7,-2.5135562,-2.3099236,-1.6647712,-1.3355694,1.231207,2.010945,7.947393,12.002556,-1.4930235,-2.3122048,-1.9328147,-2.7997015,-0.62002796,-2.8555694,-3.5821958,-0.14326452,-3.1154976,0.06275549,-4.0411305,-2.0784888,1
7.0,7,-2.8245008,-2.0313706,-1.6815691,-1.3773417,0.94431686,2.0743194,8.560147,11.583525,-1.3582773,-2.3017907,-1.8743297,-2.8480756,-0.55515176,-2.9014,-3.7924907,-0.30321902,-3.0163677,-0.115722366,-3.6657999,-2.078059,1
9.0,9,-1.912742,-1.9805534,1.8801587,-3.3362958,-1.833485,-4.9742026,-3.6890123,-5.157343,6.6773677,10.85896,0.25058752,-1.6263871,0.2633471,2.527526,0.09302384,-1.499711,-1.0815269,-0.6387275,2.0518837,0.07169517,1
9.0,9,-1.9187622,-1.9865224,1.9095404,-3.2987857,-1.8670185,-4.992429,-3.7050822,-5.16937,6.7343307,10.806506,0.31280044,-1.6455678,0.2193602,2.4703155,0.08940782,-1.4800185,-1.0852432,-0.63982534,2.062332,0.10506079,1
9.0,9,-1.7949415,-1.7966936,1.8074794,-3.0862517,-1.9197241,-5.1550055,-3.6214256,-5.1706605,6.419289,11.112547,0.07934654,-1.5365957,0.25685263,2.1885996,-0.18212682,-1.5120188,-0.7883274,-0.45544726,2.1498034,0.2859697,1
9.0,9,-1.3676127,-1.223599,1.5534015,-3.443008,-1.9512528,-4.98509,-3.7999806,-5.2278905,5.994188,10.404998,-0.24500416,-2.0674527,-0.35104835,2.0934334,1.985691,-0.6666409,-0.4171272,-0.79023015,0.89241266,-0.7219594,1
9.0,9,-1.8884281,-1.9060743,1.9171578,-3.2840261,-1.8940277,-5.0304627,-3.721171,-5.189244,6.7156835,10.728285,0.31808427,-1.7124144,0.13213131,2.4330056,0.2569782,-1.3875734,-1.0420101,-0.6345974,1.8916703,0.014047913,1
9.0,9,-1.9140271,-1.9691725,1.9068052,-3.3069913,-1.860537,-4.9932327,-3.6992183,-5.165412,6.7080245,10.814908,0.29664233,-1.6519638,0.21341735,2.4842722,0.10849236,-1.4728636,-1.0799762,-0.6358991,2.0294166,0.08861451,1
10.0,10,-0.92841667,0.78575736,-1.8481505,3.6518326,-3.4852552,-1.7405478,-0.525727,-1.4653693,-1.2143214,0.86347383,6.740479,5.834256,-2.3020723,-2.9204144,-0.91650647,1.5309591,2.393397,-5.877572,-1.6883898,-1.0470575,1
10.0,10,-0.8895938,0.6992941,-1.8137484,3.6153214,-3.5067163,-1.7660605,-0.56795037,-1.4861019,-1.1276149,0.8157082,6.9088893,5.714989,-2.3353598,-2.950356,-0.86332095,1.5333047,2.3489928,-5.8525705,-1.6857353,-1.0182493,1
10.0,10,-0.8237628,0.5803644,-1.7584426,3.559833,-3.5471365,-1.7989,-0.62493026,-1.5094563,-1.0048394,0.73812175,7.130193,5.5166965,-2.3819911,-2.989005,-0.7843077,1.5623928,2.2765746,-5.825275,-1.6871461,-0.97729075,1
10.0,10,-0.78291976,0.5063083,-1.7325236,3.4764237,-3.560192,-1.835329,-0.66229904,-1.5272423,-0.9285371,0.6919203,7.275591,5.370361,-2.4001217,-3.014925,-0.69437927,1.5676668,2.255555,-5.8114986,-1.6863317,-0.95584804,1
10.0,10,-0.8343809,0.60559255,-1.7664696,3.5856657,-3.5416617,-1.787324,-0.61523616,-1.5063057,-1.0263447,0.75618875,7.0894556,5.5603724,-2.3768017,-2.9805439,-0.8157421,1.5570649,2.2793462,-5.8273706,-1.6894884,-0.9834965,1
10.0,10,-0.88313794,0.705746,-1.8104316,3.6223023,-3.5121546,-1.7609572,-0.56694764,-1.4848522,-1.12773,0.8163291,6.9014087,5.7077975,-2.336547,-2.9489515,-0.8698725,1.5406544,2.3405335,-5.856785,-1.6892735,-1.0198544,1
1.0,1,-0.202343,12.127836,-0.16358441,3.8322396,-4.68427,2.1618044,2.2810657,-3.0055802,-2.8152065,-0.280098,-2.2447314,-1.5308441,-0.38838333,-0.24234736,-2.5230854,0.69617724,-1.3134776,-1.6272931,-1.7628726,-2.2791777,1
1.0,1,-0.20089078,12.127928,-0.16332975,3.8326674,-4.685331,2.1617322,2.2803626,-3.005566,-2.81547,-0.28024176,-2.2436826,-1.5307513,-0.38987032,-0.24298543,-2.5223475,0.69670796,-1.3129233,-1.6280785,-1.762816,-2.2789216,1
1.0,1,-0.20312595,12.128294,-0.16313598,3.8326025,-4.6882463,2.1616712,2.278377,-3.0063984,-2.8142152,-0.281023,-2.2424526,-1.5296304,-0.39006194,-0.24230054,-2.5195167,0.6969356,-1.3113887,-1.6280688,-1.7622947,-2.278776,1
1.0,1,-0.20013064,12.127857,-0.16163902,3.8344257,-4.6940174,2.160535,2.274773,-3.006264,-2.8166926,-0.28470224,-2.2359724,-1.5255098,-0.39853215,-0.24531356,-2.5129988,0.7040617,-1.3073124,-1.6348934,-1.7622434,-2.2780764,1
1.0,1,-0.20030645,12.127965,-0.1632103,3.8328335,-4.685749,2.1616476,2.2800837,-3.005543,-2.8156257,-0.28027293,-2.2432265,-1.5306673,-0.39049986,-0.24326892,-2.5220478,0.69694424,-1.3126798,-1.6284338,-1.7627782,-2.278805,1
1.0,1,-0.20164055,12.127912,-0.16349137,3.8323867,-4.684583,2.1617203,2.2808394,-3.005557,-2.8153083,-0.27992797,-2.2443824,-1.5309256,-0.38887239,-0.24262175,-2.5229843,0.6961391,-1.3133212,-1.6274526,-1.7628101,-2.2790341,1
16.0,16,-0.5173421,0.25134355,-2.5614457,0.018326035,-1.0552386,-2.4990027,-3.4890716,-1.9243486,-1.261319,-1.8559891,1.4616983,0.10911577,-1.1897985,-2.7505789,1.4819047,-0.37732297,12.490948,1.3440204,-0.29805663,-1.2479022,1
16.0,16,-0.52252525,0.31027213,-2.5712397,-0.029854363,-1.1164069,-2.4842067,-3.5232344,-2.095915,-1.1744317,-1.8760854,1.5598139,0.12084169,-1.2121037,-2.7024362,1.5277852,-0.34084308,12.472864,1.2832614,-0.28463092,-1.2390007,1
16.0,16,-0.49108657,0.48383164,-2.623584,-0.1523265,-1.3451736,-2.356383,-3.6179729,-2.5520418,-0.92192835,-1.9561417,1.7598537,0.13622437,-1.328327,-2.5863993,1.7018242,-0.08283053,12.361079,0.9949329,-0.23295687,-1.1890384,1
16.0,16,-0.55628866,0.39780703,-2.585368,-0.027717138,-1.2410257,-2.4024177,-3.4964845,-2.2407804,-1.0894605,-1.9188776,1.5581229,0.16818343,-1.2485414,-2.688248,1.542835,-0.21631989,12.453501,1.1391376,-0.21851377,-1.1978203,1
16.0,16,-0.51918787,0.36730185,-2.580743,-0.08764846,-1.1760447,-2.4696035,-3.5680292,-2.2891643,-1.0788693,-1.9055119,1.6801853,0.12712122,-1.2429179,-2.653596,1.5968031,-0.2881183,12.438911,1.215342,-0.2771967,-1.2310168,1
16.0,16,-0.49643907,0.32995483,-2.582338,-0.06567578,-1.1409914,-2.4770224,-3.561359,-2.1889672,-1.1318679,-1.885598,1.6198616,0.110581405,-1.2376955,-2.6774542,1.5822457,-0.2949645,12.443737,1.2401233,-0.28961253,-1.2353563,1
13.0,13,-3.7345405,6.9228935,-1.4657433,-1.7385845,-1.9981178,0.46089536,2.0462086,-3.184892,-3.2023413,2.6460195,-3.3228655,-2.390534,3.8586564,8.798258,-3.5084426,-1.9305092,-1.1746293,1.0506349,-1.1725268,-1.817121,1
13.0,13,-3.7082388,6.9990387,-1.4623141,-1.7049986,-2.0133824,0.52011573,2.0626774,-3.1916375,-3.193488,2.6476598,-3.3335419,-2.4157648,3.8328714,8.73873,-3.5281827,-1.9301618,-1.199423,1.0554844,-1.2071234,-1.8342876,1
13.0,13,-3.7113621,6.8564816,-1.4592282,-1.7535943,-2.0073373,0.46415445,1.871332,-3.2845418,-3.0367155,2.7967463,-3.3027806,-2.3636768,3.8868427,8.891548,-3.584438,-1.9676256,-1.226519,1.1650454,-1.1756555,-1.8636551,1
13.0,13,-3.5222611,7.3253264,-1.4486766,-1.5862476,-2.121942,0.8266449,1.9894407,-3.1947248,-3.1047711,2.843368,-3.3868227,-2.5480626,3.7140307,8.484144,-3.6941702,-1.9432515,-1.3249922,1.098655,-1.3684393,-1.8844289,1
13.0,13,-3.6897962,7.049363,-1.4594935,-1.6832395,-2.021846,0.5588417,2.0752006,-3.1975572,-3.186861,2.6498032,-3.339904,-2.4333906,3.814354,8.697502,-3.5426383,-1.9305729,-1.2156827,1.0600538,-1.2297586,-1.8458719,1
13.0,13,-3.7144735,6.9825625,-1.4628527,-1.7121232,-2.0095272,0.50469804,2.0615063,-3.1886628,-3.1988783,2.6445696,-3.3314807,-2.4096708,3.8371155,8.751206,-3.5222661,-1.9287977,-1.1921786,1.0541607,-1.1994152,-1.8294387,1
3.0,3,-0.66557765,1.7421851,0.38293695,11.755772,-0.67157054,-0.7707466,0.038698748,-1.527669,-1.353753,-2.2108293,-1.1149164,1.8191307,-0.13395032,-3.2376037,-2.1989307,-0.7299368,0.99816495,0.9492438,-2.4591072,-2.7391684,1
3.0,3,-0.65834785,1.7176783,0.374163,11.770646,-0.6958416,-0.76587045,0.015475869,-1.5123672,-1.2997397,-2.2133906,-1.057463,1.8136835,-0.1309652,-3.297703,-2.216922,-0.7291412,1.0111561,0.9296662,-2.472781,-2.7148092,1
3.0,3,-0.663683,1.6856327,0.35558054,11.776325,-0.7134566,-0.7682395,-0.0036548749,-1.5084635,-1.2400078,-2.2127867,-1.0085279,1.8247252,-0.12790552,-3.3410208,-2.2287354,-0.73403573,1.0203321,0.91640383,-2.4675028,-2.6994207,1
3.0,3,-0.6537832,1.64589,0.33788398,11.79117,-0.7501006,-0.7646557,-0.042939074,-1.494521,-1.151265,-2.218014,-0.91661155,1.812009,-0.12356418,-3.4191704,-2.251117,-0.7372904,1.0367365,0.89013845,-2.479055,-2.668943,1
3.0,3,-0.65151185,1.6975727,0.3656954,11.782339,-0.7180381,-0.7612246,-0.006240323,-1.5012941,-1.2520658,-2.2159483,-1.0061325,1.8034714,-0.12831074,-3.3460402,-2.2309542,-0.72899914,1.0211142,0.9135867,-2.4840271,-2.694866,1
3.0,3,-0.6580471,1.720151,0.37435526,11.769491,-0.69505197,-0.7656975,0.01637479,-1.5144684,-1.3015244,-2.213612,-1.0601774,1.8091652,-0.13114668,-3.293594,-2.2148924,-0.729185,1.0093694,0.93175185,-2.4722605,-2.7162373,1
11.0,11,-1.9482673,-1.665992,-1.6158829,0.16851635,1.8077366,-2.4264417,-0.1792025,0.11755577,-3.1178644,-0.24475622,-1.9020089,11.706341,-1.0243331,-0.8652344,0.42387992,-0.07874692,5.284593,-0.21856195,0.33923182,-2.2531698,1
11.0,11,-1.9537216,-1.6641762,-1.6194347,0.17470877,1.7989901,-2.427963,-0.17371577,0.11718117,-3.1155818,-0.24482955,-1.8946792,11.710438,-1.0227516,-0.8703516,0.41262442,-0.08270793,5.2915072,-0.21815729,0.34463987,-2.249949,1
11.0,11,-1.9585322,-1.662643,-1.6260114,0.17231552,1.793439,-2.4315996,-0.16721195,0.114840746,-3.1114302,-0.24681602,-1.8863021,11.712974,-1.0209286,-0.87348115,0.40516436,-0.09030947,5.302006,-0.21725655,0.35348475,-2.248245,1
11.0,11,-1.9553258,-1.6636117,-1.6248744,0.16500363,1.8013161,-2.4325538,-0.17045027,0.11295614,-3.1105418,-0.24975806,-1.8879344,11.713239,-1.0203581,-0.8645255,0.41244757,-0.08975982,5.291393,-0.21891186,0.35277545,-2.2518032,1
11.0,11,-1.9605454,-1.6620286,-1.6241416,0.18296821,1.7884517,-2.4298358,-0.16650388,0.11686611,-3.1129138,-0.24480954,-1.8856624,11.715753,-1.0209072,-0.8773051,0.39850873,-0.08694844,5.299358,-0.21752194,0.35102794,-2.2459404,1
11.0,11,-1.9529052,-1.6644895,-1.6188381,0.17423065,1.8004191,-2.4277618,-0.17454678,0.11727959,-3.1159728,-0.24479425,-1.8956845,11.710094,-1.0229532,-0.8696502,0.41408896,-0.0818309,5.2897873,-0.21822417,0.3436392,-2.2504175,1
3.0,3,0.2507663,-0.79844624,1.4945105,10.58927,-1.4785035,-0.32489726,-1.5896639,-0.7400185,-0.4750152,-2.8649263,3.0235531,0.3865849,-0.035405494,-2.5981066,-2.019215,0.02790087,0.63609964,-1.7624907,-4.2023926,-1.558948,1
3.0,3,0.25125152,-0.8041906,1.4928402,10.583078,-1.4800525,-0.327731,-1.5922115,-0.7416707,-0.47061136,-2.8651788,3.037433,0.38544297,-0.037526228,-2.5985782,-2.0167797,0.027686298,0.63605,-1.7645386,-4.2019105,-1.5567728,1
3.0,3,0.2524557,-0.8112453,1.4904435,10.574991,-1.4824841,-0.33138248,-1.595495,-0.74404764,-0.4645305,-2.8647025,3.0564978,0.38400084,-0.04080016,-2.5996943,-2.014367,0.026502796,0.636426,-1.7672997,-4.2010517,-1.5535828,1
3.0,3,0.25545108,-0.82418746,1.486474,10.559356,-1.4864172,-0.33770725,-1.6018314,-0.7480304,-0.45317945,-2.8644753,3.0906682,0.37957284,-0.046405844,-2.6010122,-2.0092626,0.0251416,0.6356844,-1.7725484,-4.2003036,-1.5482172,1
3.0,3,0.25244454,-0.8138579,1.4900042,10.57243,-1.4824454,-0.33237365,-1.5965819,-0.74430096,-0.4631063,-2.8656428,3.0607152,0.38302228,-0.041070335,-2.5992754,-2.01263,0.027299408,0.63568616,-1.7680078,-4.201306,-1.553205,1
3.0,3,0.25103348,-0.8034215,1.4930717,10.583909,-1.4800682,-0.327442,-1.5918405,-0.74156153,-0.4711472,-2.8650968,3.0358663,0.38579875,-0.03730873,-2.5985627,-2.0171645,0.027696956,0.63618714,-1.764344,-4.2018642,-1.5569414,1
19.0,9,-0.76758796,-0.8643286,0.06381194,-3.130549,0.5609308,-4.527661,-2.492932,-2.8846018,0.44627896,9.6164465,-0.9132062,-1.4366243,2.1198585,1.4691525,-0.990348,-2.841186,0.1452974,-0.04858852,2.5553598,8.6077585,0
19.0,9,-0.71726626,-0.8860717,0.084739976,-3.0688057,0.52586865,-4.4949937,-2.5144324,-2.8666954,0.53889114,9.445024,-0.84058654,-1.5073692,2.1003783,1.4236193,-1.0277808,-2.802461,0.117370814,-0.031445295,2.469907,8.81072,0
19.0,9,-0.782462,-0.7464587,0.14575447,-3.1625497,0.5674435,-4.683344,-2.6009881,-3.3021364,0.9162283,9.940775,-0.88375,-1.2418998,2.079716,1.2284114,-1.0031949,-2.8986163,0.10640222,-0.07617902,2.6987946,8.272411,0
19.0,9,-0.44139794,-0.30882332,-0.06288764,-3.3965235,0.80869704,-4.4080844,-2.6199436,-3.2358847,0.68017524,10.204773,-1.1559111,-1.458485,1.8003868,1.0806978,-0.277624,-2.7941554,0.015241828,-0.25344634,1.955845,7.630137,0
19.0,9,-0.66259146,-0.86680245,0.08463417,-3.0444744,0.51534766,-4.45855,-2.534108,-2.8573892,0.59854025,9.368431,-0.8121261,-1.5647873,2.0693846,1.3768423,-1.017977,-2.7709427,0.092618674,-0.026337802,2.3619387,8.893684,0
19.0,9,-0.72255814,-0.8914292,0.084216334,-3.0669062,0.526506,-4.4945235,-2.5089104,-2.8567343,0.5231311,9.43433,-0.8402426,-1.507987,2.1057196,1.4329932,-1.0331178,-2.803182,0.12007496,-0.028254658,2.4750264,8.819839,0
9.0,9,-0.69739085,1.0544238,1.9152217,-2.6012683,-0.9276895,-3.3706965,-1.5516541,-3.882899,2.9657393,12.942711,-1.4945133,-2.4629278,1.7309146,-1.6978564,-1.8312042,-2.5471766,-0.5191479,1.6452247,0.8853966,0.0636371,1
9.0,9,-0.693948,1.0429659,1.9248774,-2.6060216,-0.9209356,-3.3766632,-1.5540017,-3.8715682,2.9574654,12.944099,-1.4951444,-2.4647348,1.7089133,-1.6882513,-1.8307898,-2.5301497,-0.52164704,1.651195,0.8654197,0.06270843,1
9.0,9,-0.70781654,1.0573032,1.8761052,-2.5950453,-0.9626666,-3.4407818,-1.5704336,-3.9742012,3.0748298,12.916618,-1.4516288,-2.4799106,1.7090434,-1.6946087,-1.8643452,-2.4734516,-0.53496575,1.6266118,0.9211622,0.12109006,1
9.0,9,-0.67081004,1.1249495,1.8225979,-2.5825763,-1.0997766,-3.4558597,-1.5418521,-3.939722,3.1459248,12.894918,-1.3754418,-2.6477742,1.5347936,-1.7628467,-1.831074,-2.263531,-0.60638267,1.576507,0.6707968,0.34617972,1
9.0,9,-0.6865996,1.0448408,1.9270078,-2.6059353,-0.9309109,-3.3806276,-1.5537342,-3.863385,2.9616835,12.944204,-1.4870061,-2.4836311,1.6772133,-1.6909966,-1.8309929,-2.5022552,-0.5276931,1.6528032,0.8279207,0.08554984,1
9.0,9,-0.6934643,1.047965,1.9223416,-2.6043313,-0.92679983,-3.375209,-1.5530761,-3.8723564,2.9608877,12.944134,-1.4927278,-2.468499,1.7083068,-1.6926436,-1.8304789,-2.530458,-0.52161384,1.6502411,0.86263907,0.06950463,1
5.0,5,-0.9776102,-0.36547628,-1.6379067,-1.0194017,0.076790996,11.470869,-1.3298106,4.8424706,-0.57634944,-3.2001188,-4.290931,-3.2952077,-2.2415018,-0.8694734,2.0344617,5.718914,-2.2045925,-1.140449,-5.8572316,-4.215347,1
5.0,5,-0.9745856,-0.21721083,-1.7729267,-0.9907648,0.05696647,11.5044985,-1.4209814,4.117917,-0.50728077,-2.9433675,-4.264005,-3.3313947,-2.3289804,-0.71240234,2.1917777,6.045594,-2.2221177,-1.4246961,-5.7881885,-4.2475805,1
5.0,5,-1.045472,-0.016356602,-2.0719259,-0.9420393,-0.25759107,11.676625,-1.4482312,3.4853857,-0.063904606,-2.6409009,-4.2013464,-3.3680422,-2.1411576,-0.5550684,2.0280123,5.816608,-2.0291464,-1.6944388,-5.532049,-4.159929,1
5.0,5,-1.0618727,0.1879349,-2.3551528,-0.86321074,-0.45671368,11.295553,-1.5785463,1.9610317,-0.05871395,-2.2179096,-3.9304357,-3.383093,-2.376805,-0.2490671,2.4778497,6.906437,-2.2156,-2.3353403,-5.207833,-4.053854,1
5.0,5,-0.97843814,-0.12512869,-1.855432,-0.9674136,0.02898214,11.504056,-1.4773469,3.6389523,-0.46547225,-2.786575,-4.2290435,-3.3495195,-2.3829424,-0.60558283,2.3024578,6.271226,-2.245622,-1.6123286,-5.7282953,-4.2563243,1
5.0,5,-0.9861934,-0.1908609,-1.7916659,-0.9837437,0.031888697,11.532082,-1.4308782,4.011764,-0.48032084,-2.9150102,-4.263665,-3.3310812,-2.320688,-0.6695344,2.2127943,6.0510216,-2.2142847,-1.4702774,-5.766261,-4.2525315,1
7.0,7,0.95494676,-2.5897827,-0.25151634,-1.881164,2.504559,0.052189305,-1.4842516,10.7426195,-3.5670416,-1.0890766,-0.7648632,-2.4686654,-2.5472522,-3.3890119,-0.0493301,-0.86670256,3.6862378,2.0945694,-3.8370156,-2.0564303,1
7.0,7,0.97705245,-2.5355291,-0.28736284,-1.8996078,2.4265466,0.04512143,-1.616477,10.61503,-3.5250344,-1.0628657,-0.7320758,-2.4786117,-2.5480647,-3.3554127,-0.012409508,-0.8869875,3.848564,2.1198392,-3.8386247,-2.067672,1
7.0,7,0.99267936,-2.4391856,-0.49130931,-1.8928351,2.2294765,-0.047018655,-1.7725334,10.31145,-3.5024648,-1.0251561,-0.64316756,-2.4264255,-2.56768,-3.3233006,-0.051236942,-0.88212526,4.4007215,2.0129056,-3.6966693,-1.9586962,1
7.0,7,1.0192866,-2.3847244,-0.534051,-1.9090606,2.1392124,-0.066416755,-1.9073555,10.169951,-3.470797,-1.0028675,-0.59859776,-2.4290543,-2.5770464,-3.2875688,-0.018208548,-0.88656735,4.5878835,2.0222259,-3.6837435,-1.9488763,1
7.0,7,1.0055193,-2.4978952,-0.31545547,-1.9170238,2.3563032,0.035365723,-1.7344382,10.513503,-3.4915507,-1.0372689,-0.69814247,-2.4812963,-2.549351,-3.3201418,0.018419862,-0.8921102,3.9643936,2.1333778,-3.840139,-2.0683353,1
7.0,7,0.9898672,-2.5463018,-0.2845884,-1.9020826,2.4220164,0.042848438,-1.6255562,10.626242,-3.526242,-1.0573875,-0.7279391,-2.4718337,-2.547138,-3.3471837,-0.013343051,-0.87373376,3.8213782,2.1085281,-3.839587,-2.0573664,1
10.0,10,0.2770907,-3.5318744,-1.5095619,0.63545007,-1.3293116,-0.18946788,-2.1488152,-0.03284157,1.7413332,-2.3873663,9.8893,2.277735,-2.936775,0.11131136,0.3220492,1.7504721,-3.1334035,-2.1521096,-3.831131,-0.57516944,1
10.0,10,0.2775041,-3.5680299,-1.5065621,0.6092537,-1.3303062,-0.22391653,-2.188861,-0.07992064,1.8018678,-2.4155471,9.952209,2.1874645,-2.9460025,0.008618861,0.3929612,1.7991449,-3.098997,-2.0639641,-3.8128793,-0.5579153,1
10.0,10,0.32054347,-3.6974943,-1.5208795,0.5927372,-1.3862444,-0.3937802,-2.2356906,-0.078783795,2.0068328,-2.485934,10.061761,1.965573,-2.8689814,-0.31100628,0.5102105,1.8245797,-2.9766216,-1.9585865,-3.6866663,-0.5097061,1
10.0,10,0.29899266,-3.75761,-1.5355636,0.53750455,-1.3371966,-0.43322402,-2.2879562,-0.1448256,2.0563996,-2.5229988,10.152553,1.9206219,-2.90091,-0.42953137,0.60450864,1.8660197,-2.9125698,-1.7982918,-3.6673427,-0.51588464,1
10.0,10,0.2761006,-3.5853925,-1.5058112,0.5950941,-1.3281007,-0.24008247,-2.207011,-0.103296645,1.8291436,-2.4285228,9.98257,2.1474788,-2.9517326,-0.038021214,0.42622358,1.8213487,-3.0824232,-2.019735,-3.8047392,-0.5502306,1
10.0,10,0.277195,-3.5604289,-1.508215,0.6139413,-1.3267525,-0.21582961,-2.1799061,-0.071107835,1.7870065,-2.4087758,9.940501,2.2103405,-2.9459484,0.031200826,0.37690753,1.7866495,-3.1053522,-2.0804632,-3.8168604,-0.5635167,1
14.0,14,-0.9417642,-1.7609766,-1.8176132,-4.3274355,0.2617664,0.46464467,-2.7305214,0.7846867,-2.7965534,-0.24918774,-0.24877912,0.79929215,-0.7046099,-0.46987435,12.666362,2.597409,-0.31077495,-2.0443158,-1.2172655,-2.1350858,1
14.0,14,-0.9432247,-1.7651458,-1.8208019,-4.3278146,0.25533244,0.46138588,-2.729493,0.78283215,-2.7920992,-0.24356559,-0.24070716,0.79147756,-0.7041754,-0.47901195,12.664205,2.6055465,-0.3090222,-2.044953,-1.2201194,-2.1332648,1
14.0,14,-0.9522872,-1.7511392,-1.8408071,-4.323843,0.23095137,0.45810106,-2.7270133,0.7422433,-2.77272,-0.24455151,-0.22424415,0.74977267,-0.70932806,-0.4897302,12.670388,2.6522157,-0.29785627,-2.069789,-1.2216787,-2.1246219,1
14.0,14,-0.96781015,-1.7584848,-1.8748116,-4.315387,0.1763402,0.44062868,-2.722041,0.7062026,-2.7294657,-0.23826188,-0.15812068,0.69634503,-0.71480256,-0.5480765,12.664562,2.7243958,-0.2812314,-2.0924647,-1.2340329,-2.1066277,1
14.0,14,-0.94532186,-1.7672453,-1.8244455,-4.326605,0.24753174,0.45895866,-2.7283287,0.78019214,-2.7872717,-0.24127744,-0.2321761,0.78505063,-0.703938,-0.48836276,12.662727,2.6145277,-0.30719945,-2.0466506,-1.222496,-2.1314232,1
14.0,14,-0.9434225,-1.7642343,-1.8208045,-4.327222,0.25499484,0.4617644,-2.7295156,0.78261936,-2.792149,-0.24487238,-0.24086733,0.7922409,-0.70422894,-0.47866046,12.664516,2.6054533,-0.3090301,-2.0452704,-1.2197927,-2.1332836,1
19.0,19,1.0931324,-1.1983123,2.9380362,-0.48530176,-1.234675,-3.160374,0.83943087,3.5993245,-1.1476653,1.8743289,0.44883806,-2.3849487,0.21472672,-2.3593304,-3.616269,-0.41138393,-0.64117694,0.22506922,-0.4507272,11.134932,1
19.0,19,1.1538266,-1.2384686,2.953957,-0.5196483,-1.198257,-3.1729527,0.8183984,3.6701066,-1.1725154,1.8685801,0.44038808,-2.3850515,0.16785231,-2.3736894,-3.5964372,-0.35794193,-0.6671753,0.21167976,-0.49650833,11.081233,1
19.0,19,1.5182511,-0.9816558,2.5689292,-0.5595477,-1.2855641,-3.3448954,0.57882535,3.055575,-0.8298297,2.2592402,0.4556315,-2.4851103,0.24258977,-2.2676842,-3.7939515,-0.3303346,-0.61178684,0.33684188,-0.5905015,11.090103,1
19.0,19,2.408279,-1.8370173,3.4626827,-1.2276334,-0.862639,-3.5579662,0.24957794,4.2463055,-1.3047801,1.8171352,0.35365218,-2.3282843,-0.25355598,-2.4503021,-3.2474923,0.2732107,-0.9615679,-0.06570924,-0.7828677,10.144045,1
19.0,19,1.32743,-1.3252604,2.9655173,-0.6085886,-1.1077285,-3.2036262,0.75316703,3.820446,-1.22246,1.8461006,0.41845483,-2.39738,0.07428955,-2.3925354,-3.5553086,-0.21730159,-0.7360174,0.1838175,-0.62508273,10.9462,1
19.0,19,1.1671513,-1.2436099,2.901488,-0.51944596,-1.1879877,-3.1646192,0.82106364,3.6820848,-1.1784031,1.8259722,0.45484558,-2.392783,0.15729213,-2.3601286,-3.6003397,-0.3354295,-0.668031,0.2165778,-0.5126579,11.085837,1
2.0,2,1.0927007,1.3197484,12.180751,0.61345863,-3.1437793,-0.64060044,-1.844146,-2.1941466,2.6358612,-0.23431565,-0.24702586,-4.4829316,0.6204555,0.41329783,-0.64537746,1.7115653,-3.2319052,-2.9168696,-3.2035756,-1.6418815,1
2.0,2,1.0929234,1.3207026,12.180785,0.61406827,-3.143988,-0.64022994,-1.8434907,-2.193932,2.6362271,-0.23412472,-0.24744236,-4.4831243,0.6207919,0.41312942,-0.64719874,1.7107276,-3.231741,-2.9169624,-3.2038944,-1.6420848,1
2.0,2,1.0923272,1.3197825,12.180856,0.61306834,-3.1439724,-0.6402377,-1.8438839,-2.194207,2.637019,-0.23402968,-0.24700493,-4.482954,0.6204519,0.4133395,-0.64629567,1.7111577,-3.2320077,-2.916712,-3.2033927,-1.6420562,1
2.0,2,1.0926907,1.3198268,12.180781,0.6134264,-3.1438043,-0.6404536,-1.8442044,-2.194236,2.636187,-0.23418257,-0.24715322,-4.4829645,0.6203976,0.4134054,-0.645525,1.7114353,-3.2319622,-2.9168587,-3.2035046,-1.6420059,1
2.0,2,1.0929908,1.3209605,12.180797,0.6142044,-3.144063,-0.64009917,-1.8433435,-2.193898,2.6363976,-0.23401882,-0.24756068,-4.4831753,0.6208342,0.4131095,-0.64770705,1.7105062,-3.2317169,-2.9170058,-3.2039459,-1.6421533,1
2.0,2,1.0929004,1.3205006,12.180768,0.61393124,-3.1439822,-0.6403197,-1.843638,-2.1939628,2.6360931,-0.2341204,-0.24731551,-4.48307,0.6206643,0.41315776,-0.64680904,1.7109679,-3.231776,-2.9169931,-3.2038128,-1.6419994,1
16.0,16,-0.6909187,0.8239951,-2.4229758,-0.030862244,-1.7220974,-2.6799674,-3.4813633,-2.4372709,-0.8292278,-1.7189631,2.4329212,0.5590254,-1.644719,-2.1130934,0.9210867,-1.2863075,12.681624,1.0150754,0.3644761,-1.0523493,1
16.0,16,-0.6985221,0.839701,-2.424474,-0.03477438,-1.7535671,-2.6791363,-3.5097616,-2.5205872,-0.77609557,-1.7345194,2.5091696,0.56471795,-1.6428629,-2.099983,0.9451547,-1.2917562,12.665365,1.0162768,0.3623836,-1.0449501,1
16.0,16,-0.706994,0.88010937,-2.461932,-0.05756769,-1.8448002,-2.6450884,-3.543775,-2.6661122,-0.6691438,-1.7471633,2.618335,0.5834025,-1.6650248,-2.0650034,0.9749095,-1.255008,12.63805,0.9714961,0.37624493,-1.0233817,1
16.0,16,-0.70345265,0.8653583,-2.4590592,-0.046598133,-1.8143609,-2.6411886,-3.5095842,-2.5664454,-0.7297122,-1.7279907,2.5212595,0.5832147,-1.666273,-2.0854795,0.9392435,-1.2414955,12.659864,0.9706431,0.3759149,-1.0267466,1
16.0,16,-0.7033181,0.8491618,-2.4342034,-0.042791296,-1.7814152,-2.682114,-3.5485601,-2.6256459,-0.7115059,-1.751762,2.6126823,0.575266,-1.6448354,-2.0867088,0.979708,-1.2967193,12.643715,1.0223391,0.3571616,-1.0363628,1
16.0,16,-0.6889038,0.836777,-2.4330776,-0.039406676,-1.7582666,-2.6815414,-3.531748,-2.5552447,-0.75639546,-1.7372019,2.5491447,0.5633912,-1.650832,-2.0953686,0.964353,-1.2862984,12.6540785,1.0164831,0.35780704,-1.04251,1
15.0,15,0.034983724,1.9440053,-1.1981667,3.002311,-0.4391119,0.7639787,-1.2171137,-3.1587515,-2.3038185,-2.8424842,0.47957444,-1.2308433,-5.409248,-3.12528,0.8828022,10.897288,0.49138686,-1.8215686,-2.6046848,-2.8228073,1
15.0,15,0.013177916,1.9438584,-1.184616,2.9751968,-0.47653836,0.7356547,-1.2358631,-3.1917803,-2.287988,-2.8478794,0.55161,-1.204954,-5.4126534,-3.1377003,0.89527446,10.879051,0.5393712,-1.8325397,-2.5726957,-2.8040185,1
15.0,15,-0.120651715,2.1649704,-1.2296834,2.7282386,-1.0513282,1.0461725,-1.3043607,-3.2626476,-2.0673084,-2.7918572,0.70277804,-1.1551297,-5.4237185,-2.915186,0.8150887,10.814159,0.7015347,-2.0271626,-2.4263365,-2.7145147,1
15.0,15,-0.1922814,2.204807,-1.1077518,2.3195715,-1.510779,1.3324898,-1.4195478,-3.3349156,-1.8399879,-2.719369,0.8860004,-1.175984,-5.384553,-2.6189,1.0524441,10.908357,0.39614227,-2.362019,-2.2974923,-2.6427586,1
15.0,15,-0.008418001,1.9508483,-1.1615736,2.9075713,-0.5577269,0.75871646,-1.259383,-3.2175953,-2.2511542,-2.8429623,0.61179686,-1.1945986,-5.411991,-3.1054208,0.9323167,10.886,0.5261902,-1.8852271,-2.539577,-2.785205,1
15.0,15,0.0009152964,1.9608734,-1.1592879,2.875207,-0.5928114,0.8309995,-1.2582645,-3.1989,-2.234188,-2.8287938,0.56731623,-1.223644,-5.406136,-3.0492,0.95823437,10.926982,0.4320007,-1.9296131,-2.551462,-2.7935212,1
6.0,6,-2.8561668,1.1922452,-1.7153684,-0.6424371,1.5350908,2.3075511,12.820152,3.109423,-3.3108704,-2.894285,-2.1743188,-1.0827396,-1.8901962,-3.3239734,-2.499564,0.6863908,-0.49652126,-2.0433095,-2.5490804,-1.951318,1
6.0,6,-2.8492167,1.1896307,-1.7127208,-0.6363823,1.5155858,2.2788603,12.826361,3.143735,-3.3305974,-2.8946118,-2.1630538,-1.0554352,-1.8923591,-3.3435335,-2.4920642,0.6812766,-0.5035051,-2.0382483,-2.5497427,-1.9349222,1
6.0,6,-2.7815826,1.1770027,-1.6822077,-0.60129297,1.5411302,2.2212703,12.8321,3.1930382,-3.3992958,-2.9057107,-2.14255,-0.9799609,-1.9387969,-3.3643055,-2.493874,0.7414969,-0.5794999,-2.0790217,-2.570646,-1.8882294,1
6.0,6,-2.7772424,1.1847146,-1.6782975,-0.6006232,1.5847957,2.2290914,12.826629,3.1370628,-3.404268,-2.897089,-2.1611838,-1.0007792,-1.9490938,-3.3339436,-2.5196042,0.7798063,-0.56802386,-2.102525,-2.5596719,-1.9048293,1
6.0,6,-2.8366911,1.1851027,-1.7075896,-0.6309476,1.5079345,2.259448,12.830134,3.1694572,-3.3452501,-2.8950813,-2.1550305,-1.0336411,-1.8992479,-3.3597496,-2.484884,0.6849826,-0.52030534,-2.038338,-2.5552392,-1.9218054,1
6.0,6,-2.8460891,1.1890705,-1.7107631,-0.63670933,1.519749,2.281123,12.825474,3.14082,-3.3289614,-2.8936691,-2.164322,-1.0577315,-1.8951708,-3.3431513,-2.491676,0.6860653,-0.50853014,-2.0407996,-2.5515554,-1.9357388,1
1.0,1,-1.753405,11.134082,-1.1127787,3.4184422,-2.2731614,1.0953795,4.077467,-1.947691,-5.245021,-0.095813416,-3.1713746,0.048630223,-0.40747875,0.62570083,-2.8505566,0.7412099,-0.42763272,-2.029128,-1.8886335,-2.2196705,1
1.0,1,-1.7518568,11.136041,-1.1114116,3.4204216,-2.2780175,1.097143,4.0743966,-1.9486357,-5.243627,-0.09561655,-3.170563,0.049234807,-0.40938503,0.6263297,-2.849563,0.7428885,-0.4294436,-2.0295608,-1.888667,-2.219289,1
1.0,1,-1.7528492,11.13802,-1.1107693,3.4215882,-2.2836635,1.0986114,4.0699773,-1.9506267,-5.2418675,-0.09446225,-3.1703935,0.05003131,-0.40928882,0.63018394,-2.8481736,0.7443826,-0.4319624,-2.0271459,-1.8889152,-2.2191384,1
1.0,1,-1.7530842,11.141404,-1.1112396,3.4259233,-2.2946618,1.1013821,4.060369,-1.9514698,-5.2405453,-0.09518053,-3.1663713,0.057012014,-0.41565666,0.6308232,-2.8428736,0.7515347,-0.43195844,-2.029721,-1.8895626,-2.2191248,1
1.0,1,-1.751136,11.137044,-1.1108346,3.4214773,-2.2806246,1.0980123,4.0726075,-1.9490477,-5.242987,-0.09558067,-3.1699784,0.049854554,-0.4105696,0.6265364,-2.8488886,0.7439877,-0.43016684,-2.029949,-1.8887134,-2.2191179,1
1.0,1,-1.7524936,11.135239,-1.1119959,3.4195633,-2.2760582,1.0963523,4.0755467,-1.9482222,-5.244237,-0.09568563,-3.170821,0.049085446,-0.40864435,0.6260286,-2.8499448,0.7422868,-0.42859653,-2.029417,-1.8886687,-2.2194438,1
16.0,16,-1.3149195,-0.5578844,-2.4777367,-2.238219,1.666369,-2.115358,3.1465201,3.5671744,-2.799872,-1.6821399,-0.564281,-0.5986631,-1.8542085,-4.523253,-2.7724507,-2.3228362,10.66952,2.4654894,0.7829386,-2.8281605,1
16.0,16,-1.3370881,-0.5201828,-2.4611955,-2.2250903,1.5876898,-2.127683,2.9842958,3.478326,-2.7122228,-1.6804525,-0.46181646,-0.5758856,-1.8610095,-4.5016513,-2.7909143,-2.358805,10.733096,2.704207,0.68545115,-2.864175,1
16.0,16,-1.5439478,-0.33368465,-2.0724747,-2.319681,3.2524827,-2.175082,3.4827418,1.8287377,-1.6732876,-2.0238903,0.67440814,0.21154258,-0.4947496,-5.210945,-3.7769356,-3.3086247,8.595338,5.884173,-1.294257,-3.7582493,1
16.0,16,-1.3920544,-0.595854,-2.4525867,-2.4797692,3.818235,-1.9938723,5.1157894,2.6877704,-2.4952745,-2.0490549,-0.3850993,-0.19509055,-1.070322,-5.535153,-3.5278234,-2.7753477,8.967544,3.1061065,-0.14858462,-3.2389946,1
16.0,16,-1.3737024,-0.4608304,-2.430723,-2.2015595,1.4469314,-2.1535177,2.7062263,3.3335717,-2.5695686,-1.6648335,-0.28889906,-0.53231,-1.8671671,-4.461912,-2.8181252,-2.4236245,10.835624,3.1000586,0.5349855,-2.9187703,1
16.0,16,-1.3407965,-0.5264018,-2.4637413,-2.2248967,1.5871024,-2.1183834,3.0015476,3.4987159,-2.715602,-1.6803634,-0.46939927,-0.58121777,-1.8666116,-4.508423,-2.7963407,-2.3577726,10.723973,2.7093952,0.68440247,-2.8662283,1
11.0,17,-1.6013005,-0.7601728,0.45697153,-0.6111007,2.8414364,0.61674297,-1.0762564,5.7141824,-2.6406047,-1.7798572,-0.37780547,-0.3914952,-2.2237139,-2.809569,-1.9830488,-1.0732081,2.3412395,12.023147,-5.5781174,-4.385801,0
11.0,17,-1.6468469,-0.65557367,0.5141589,-0.6220935,2.764616,0.6598042,-1.2082186,5.3918886,-2.534754,-1.7221035,-0.3012822,-0.3696362,-2.1818905,-2.6810374,-1.9389468,-1.059106,2.2473054,12.203708,-5.6083174,-4.395319,0
11.0,17,-1.6479865,-0.39909798,0.5496561,-0.63148046,2.8268745,0.90975404,-1.46532,4.6515594,-2.3505628,-1.6407225,-0.12691173,-0.42652023,-2.1631176,-2.4477308,-1.6692476,-0.9257365,1.7562777,12.575345,-5.861877,-4.4237523,0
11.0,17,-1.577632,-0.52467614,0.44785163,-0.6428941,3.071348,0.85006857,-1.3116087,4.975022,-2.4951189,-1.6695035,-0.25223246,-0.39863166,-2.240392,-2.6452377,-1.7569194,-0.93555814,1.8833841,12.420352,-5.8227797,-4.4422684,0
11.0,17,-1.6838969,-0.56655705,0.56004685,-0.6376788,2.680089,0.67655957,-1.3303436,5.1235104,-2.4390109,-1.6648843,-0.2191794,-0.357404,-2.1532276,-2.5718334,-1.891471,-1.0582747,2.1932852,12.347969,-5.628443,-4.3969293,0
11.0,17,-1.6466029,-0.65669626,0.5131923,-0.621213,2.7658079,0.66075957,-1.2062243,5.3955226,-2.5357525,-1.7227087,-0.3028532,-0.36990586,-2.1825182,-2.6827788,-1.9388831,-1.05858,2.2459211,12.202429,-5.6083746,-4.3956,0
5.0,5,-1.994454,1.4234436,-3.0347023,-0.35988328,-1.6729492,11.5477705,-1.4744812,1.2689174,2.1029122,-0.50323427,-3.1633623,-3.2135043,-0.9619774,0.9938105,-0.8593909,-0.08092897,2.4310994,-0.86949503,-5.1609845,-4.213613,1
5.0,5,-1.9560683,1.4744406,-3.0410602,-0.34413773,-1.6807361,11.552417,-1.5055256,1.196474,2.0812736,-0.4796076,-3.2030365,-3.2036092,-0.9737641,0.9732917,-0.8351443,0.02181885,2.429047,-0.9165317,-5.1720314,-4.218976,1
5.0,5,-2.0508952,1.4137387,-3.1348104,-0.37959227,-1.8431399,11.359097,-1.5347095,1.1166482,2.2940009,-0.33389768,-3.0512936,-3.195186,-0.8757121,1.0011485,-0.99690783,-0.22842364,2.6476293,-0.8098863,-5.0395026,-4.131396,1
5.0,5,-1.9081141,1.5684283,-3.1399999,-0.3368419,-1.8406718,11.3605175,-1.655347,0.95307577,2.2015243,-0.2980094,-3.170547,-3.1831558,-0.9433524,0.90460753,-0.9067157,0.10407674,2.6710556,-0.9312246,-5.1197596,-4.1796374,1
5.0,5,-1.9224801,1.5150135,-3.0451932,-0.3322338,-1.684686,11.555412,-1.5339552,1.1427358,2.0607424,-0.4656673,-3.2351353,-3.1969752,-0.9855478,0.95570606,-0.81256515,0.10892416,2.427744,-0.9521657,-5.1863213,-4.2261524,1
5.0,5,-1.9530361,1.4794984,-3.0414674,-0.34256348,-1.6810447,11.554896,-1.506979,1.1871103,2.0801888,-0.47629112,-3.2078109,-3.2022982,-0.9735522,0.9730564,-0.8324358,0.031908046,2.4242501,-0.9222003,-5.1720047,-4.2190146,1
6.0,6,-2.9938614,0.61989033,-1.6718638,-0.9294617,0.5680308,0.46520892,12.8815,2.7414448,-3.229498,-2.6471338,-1.416995,-1.0648884,0.26164633,-3.6483512,-2.4286656,-0.8942732,0.057326276,-2.0605361,0.30580506,-0.83812845,1
6.0,6,-3.0072405,0.6175535,-1.6614329,-0.929301,0.5101366,0.46545312,12.889969,2.8725617,-3.252273,-2.6512036,-1.410092,-1.0684781,0.21619833,-3.6654327,-2.415756,-0.8950459,0.038997855,-2.021835,0.2530046,-0.8233163,1
6.0,6,-3.033147,0.55848104,-1.667947,-0.92224866,0.27670518,0.4322699,12.889,3.274334,-3.4256954,-2.73853,-1.3026047,-1.016018,0.114381276,-3.6616793,-2.360067,-0.91157013,0.028841574,-2.1754937,0.42828074,-0.47653902,1
6.0,6,-3.015445,0.58732206,-1.6745317,-0.91341853,0.38088992,0.4276364,12.889111,2.9735684,-3.38582,-2.707349,-1.3113844,-1.0151285,0.18502614,-3.6067631,-2.3748167,-0.90842915,0.05852518,-2.2561784,0.5093348,-0.4852709,1
6.0,6,-3.0248995,0.60954064,-1.6533513,-0.9358262,0.4312994,0.4560023,12.900404,3.0426192,-3.285282,-2.6572697,-1.3918988,-1.0602903,0.1487897,-3.6903036,-2.4038427,-0.8923499,0.0224134,-1.985204,0.22593912,-0.7866384,1
6.0,6,-3.007592,0.6185288,-1.665558,-0.9320038,0.5080587,0.45814762,12.891467,2.8673542,-3.2565458,-2.6472611,-1.4040064,-1.0605658,0.20312732,-3.666635,-2.4189885,-0.8913446,0.047054466,-2.0273364,0.2777439,-0.8130372,1
9.0,9,-3.3394926,2.3068955,0.6255503,-2.7535222,-2.3303797,-1.6324303,1.2841955,0.56356514,-4.825004,8.130831,-3.846164,-0.0843123,0.98888475,6.8075576,0.6588936,-0.21212678,-2.0273502,-2.0133903,-1.1006324,0.49476677,1
9.0,9,-3.2701201,2.2952163,0.48229542,-2.7281327,-2.3188655,-1.4471946,1.2286013,0.8879224,-5.029814,7.8042574,-3.961372,-0.08786841,1.0201954,6.850086,1.077333,-0.068763174,-2.0445251,-2.160026,-1.4621816,0.32377926,1
9.0,9,-3.0307224,2.039043,0.54463845,-2.9845114,-2.0753798,-2.1553986,0.7460308,-0.22371377,-3.9642668,9.222586,-3.6614127,0.044721074,0.67903787,6.349627,0.5245202,-0.48785758,-1.6748978,-1.8298361,-0.53330547,0.6569808,1
9.0,9,-2.5938742,1.8860519,-0.17047317,-3.2623932,-1.8279626,-1.4111642,0.41374108,0.8048068,-4.578363,8.14218,-4.1829143,-0.07216257,0.4839806,6.494322,2.694247,0.15546633,-1.5767523,-2.555466,-1.7631847,-0.25871763,1
9.0,9,-3.1469002,2.2250748,0.31294215,-2.7416897,-2.2463927,-1.2661145,1.1092364,1.2407048,-5.232354,7.4689746,-4.0886536,-0.09328107,1.0466553,6.835729,1.6446884,0.0769377,-2.039862,-2.3297203,-1.8533846,0.12219729,1
9.0,9,-3.2714524,2.3102288,0.4725127,-2.7335978,-2.31391,-1.4436696,1.2356894,0.87827814,-5.037724,7.8049655,-3.9617393,-0.0933579,0.99667233,6.8523855,1.0848445,-0.06055868,-2.035873,-2.1516476,-1.4642022,0.31944883,1
17.0,16,-4.081315,1.5084131,-2.8775723,-1.5456417,-3.4196918,2.1220717,1.3639022,1.2643266,-1.5132918,-0.7779362,1.9631981,0.9925109,-1.3345499,-2.0091665,-0.897615,-4.246578,9.069583,7.021523,-1.5651575,-3.812173,0
17.0,16,-4.1189775,1.5924942,-2.680802,-1.5080031,-3.376191,2.3749595,1.2190412,1.1030457,-1.4266417,-0.7536288,2.093992,0.99947584,-1.4050094,-1.9672174,-0.6421601,-4.170811,8.490186,7.5706706,-2.0452266,-3.9299166,0
17.0,17,-3.6193686,1.353035,-1.6378621,-2.1302197,-3.6155715,3.874632,0.9306023,-0.10537957,-0.7270866,-0.66510975,2.0508924,-0.15660104,-0.5570184,-0.8756663,4.657319,-2.5704367,2.9328768,5.7635894,-3.7028618,-4.149151,1
17.0,14,-3.3741467,1.1752684,-1.7061678,-2.2451994,-3.432892,3.8153331,0.798155,-0.31012705,-0.54383177,-0.5783193,2.1826975,-0.28812912,-0.6518958,-0.63235897,5.486096,-2.438046,2.4362333,5.061324,-3.7227693,-4.097919,0
17.0,17,-4.1343336,1.6975436,-2.432393,-1.4599041,-3.310241,2.7062778,1.0718198,0.91024995,-1.3132874,-0.7511342,2.2269442,0.95241594,-1.5238594,-1.9263396,-0.29480147,-4.0142293,7.710243,8.17954,-2.621037,-4.0825467,1
17.0,16,-4.101412,1.5739961,-2.7245147,-1.5099503,-3.331502,2.3095639,1.2367247,1.1466073,-1.441742,-0.77125823,2.0677521,0.9777631,-1.4500593,-1.9693279,-0.75961787,-4.1761355,8.63159,7.53671,-1.9742655,-3.9167588,0
17.0,17,-1.5468819,0.3248758,-0.13717154,-0.6172496,2.3021727,0.543921,-1.5383162,0.3106567,-0.89505583,-0.6690991,0.96411794,-1.850943,-0.5570908,-1.6361706,-0.27522093,-0.6514039,-0.95563847,13.280134,-5.3160887,-3.7016013,1
17.0,17,-1.5759908,0.3011517,-0.1362961,-0.6559795,2.2766352,0.51161623,-1.5546911,0.22574428,-0.8271371,-0.6958374,1.0942158,-1.8202553,-0.5769744,-1.6251428,-0.29471388,-0.6349406,-0.9674135,13.286195,-5.3058233,-3.670761,1
17.0,17,-1.6276957,0.25438607,-0.16663095,-0.73132527,2.208876,0.40937606,-1.6013361,0.051311985,-0.6849135,-0.74731565,1.3550279,-1.7890513,-0.59398586,-1.6320274,-0.2997138,-0.6212663,-0.9335696,13.293636,-5.2651606,-3.5820372,1
17.0,17,-1.7184801,0.16886885,-0.23616217,-0.87308687,2.0921333,0.20040594,-1.6922615,-0.30750754,-0.41873562,-0.8392192,1.866616,-1.739015,-0.6701112,-1.6462348,-0.25795698,-0.5701942,-0.8775292,13.287742,-5.183876,-3.3986013,1
17.0,17,-1.614975,0.25286946,-0.14650406,-0.71199167,2.2396417,0.43756473,-1.5982455,0.07559943,-0.71097803,-0.7338648,1.3202854,-1.7719073,-0.6146332,-1.618856,-0.31140107,-0.6190149,-0.9603979,13.300388,-5.2785172,-3.6110985,1
17.0,17,-1.5820961,0.2885164,-0.14092602,-0.66185224,2.2694857,0.48903334,-1.5674198,0.19268943,-0.8027028,-0.7015049,1.143331,-1.8108814,-0.5836596,-1.6274657,-0.29779562,-0.6366481,-0.95686424,13.291737,-5.296345,-3.6554534,1
0.0,0,9.08771,-0.32603303,0.8881234,-2.7393987,0.9857346,0.43078044,-3.015102,-0.3345032,8.15152,0.6704,-0.030868001,-5.66464,-1.6303176,-2.4343758,-1.8182939,-0.0023323633,-3.8414714,-1.1122797,-4.765711,-2.444396,1
0.0,0,9.089183,-0.32707912,0.8883142,-2.739929,0.9866571,0.4306658,-3.0150998,-0.33331692,8.149499,0.66983,-0.029594488,-5.663604,-1.6312782,-2.4346561,-1.8175963,-0.0016471976,-3.8415632,-1.1134801,-4.7656484,-2.4451878,1
0.0,0,9.08449,-0.32881021,0.88845277,-2.7406,0.98660344,0.42886314,-3.014401,-0.33520043,8.15415,0.67179084,-0.027476942,-5.663712,-1.6333447,-2.4345431,-1.8168968,-0.0025166506,-3.8413026,-1.1130211,-4.764642,-2.4441612,1
0.0,0,9.088001,-0.3357438,0.8898583,-2.7442741,0.9898428,0.42828313,-3.0148237,-0.32826862,8.147881,0.6685042,-0.021900378,-5.6594124,-1.6321512,-2.435197,-1.8137665,-0.0022565406,-3.8421807,-1.1185207,-4.7643237,-2.4469893,1
0.0,0,9.089908,-0.3274852,0.88840705,-2.7401376,0.98705786,0.4306135,-3.0150907,-0.33277383,8.148544,0.6695887,-0.02909395,-5.6631427,-1.63178,-2.4347978,-1.8173014,-0.0012887437,-3.841598,-1.1140065,-4.7656164,-2.445499,1
0.0,0,9.088771,-0.32654405,0.8882539,-2.739661,0.986277,0.4307148,-3.0150883,-0.3337433,8.150156,0.67006093,-0.030232066,-5.664006,-1.6310508,-2.4345846,-1.8178974,-0.0017940784,-3.8415105,-1.1129985,-4.765663,-2.444809,1
2.0,2,-0.32503906,-0.33092606,10.984208,-1.6579667,-0.20070335,-0.88739026,-1.8858128,0.5792432,-0.5653902,6.9942384,-2.3832579,-2.945886,0.48357695,1.5272021,-0.9225217,-3.3561203,-1.7994151,2.0449288,-2.4892125,-1.4755203,1
2.0,2,-0.3247031,-0.33124384,10.976256,-1.6629653,-0.19802868,-0.88701296,-1.8867042,0.57990897,-0.56841284,7.0035853,-2.3849287,-2.9462645,0.48123384,1.5282991,-0.91951275,-3.356355,-1.7989532,2.0439718,-2.4882467,-1.4724663,1
2.0,2,-0.32519552,-0.33298197,10.966952,-1.666181,-0.19585308,-0.8890958,-1.8871925,0.57851696,-0.575854,7.0190187,-2.3860574,-2.9477952,0.4793477,1.5305085,-0.91937906,-3.3571107,-1.7968575,2.040547,-2.481133,-1.4564844,1
2.0,2,-0.3268609,-0.32972637,11.061295,-1.6329864,-0.21789375,-0.8618436,-1.8852342,0.5767454,-0.5137608,6.891441,-2.3736491,-2.954988,0.5014596,1.5332856,-0.95091885,-3.3538487,-1.8130332,2.0495284,-2.5138965,-1.5117059,1
2.0,2,-0.32475632,-0.33098277,10.98294,-1.6618896,-0.19900492,-0.8835856,-1.8870445,0.5799198,-0.5630766,6.9939227,-2.3844647,-2.9473448,0.48234367,1.5293849,-0.9213749,-3.3559363,-1.8006374,2.0444689,-2.491543,-1.4769866,1
2.0,2,-0.3247418,-0.33102217,10.9763775,-1.6623402,-0.19857213,-0.8875812,-1.8865044,0.5797354,-0.56853014,7.0040154,-2.3846714,-2.9460797,0.4816205,1.5277467,-0.9199721,-3.356465,-1.7986777,2.0440998,-2.4881322,-1.4722369,1
14.0,14,-0.69477093,-2.6841908,-2.1157515,-4.846157,3.1373777,3.209474,-2.644645,-0.8884474,-1.2248724,-2.335776,-1.0377568,-0.30886486,-1.7735223,2.2595336,12.6314,2.9481244,-1.7673805,-2.664473,-2.36136,-3.0690246,1
14.0,14,-0.704023,-2.6760206,-2.1168025,-4.835331,3.0597463,3.207346,-2.6484656,-0.86881435,-1.2516085,-2.3129904,-1.0470237,-0.3028308,-1.7588671,2.237188,12.651226,2.9919615,-1.7510173,-2.6960108,-2.3430939,-3.0528774,1
14.0,14,-0.7218446,-2.6752965,-2.1234298,-4.826406,2.986724,3.2159133,-2.6773555,-0.9014541,-1.223759,-2.3207285,-1.0466189,-0.3051786,-1.7634835,2.2734287,12.650031,3.0727856,-1.7605717,-2.7095122,-2.3426733,-3.0500076,1
14.0,14,-0.74708015,-2.6286843,-2.1211145,-4.772517,2.7725651,3.1956036,-2.6987607,-0.85222125,-1.3180135,-2.2686663,-1.0807263,-0.27360287,-1.7274691,2.177363,12.714638,3.2393415,-1.7244948,-2.7844336,-2.30509,-3.0157318,1
14.0,14,-0.7081038,-2.6704764,-2.116929,-4.828579,3.0224633,3.20492,-2.6513255,-0.8593149,-1.2661619,-2.3023295,-1.0519611,-0.29900977,-1.7520517,2.2231658,12.661981,3.0159993,-1.7434653,-2.7103636,-2.334832,-3.0455294,1
14.0,14,-0.7015004,-2.677525,-2.1163,-4.8376737,3.0800376,3.2073646,-2.6478438,-0.8742486,-1.2450213,-2.3190968,-1.0446546,-0.30411372,-1.7626724,2.2422187,12.646577,2.9812493,-1.7554642,-2.6875868,-2.347951,-3.0572762,1
8.0,8,-2.362759,-1.6009927,0.017200911,-2.7177947,-2.5708609,-1.9222231,-3.3018482,-6.462407,11.411456,6.431872,0.7502986,-1.0187752,0.47077644,0.8295919,-2.4525259,-2.1732605,-0.6234967,-0.40131727,5.8474383,-0.27431935,1
8.0,8,-2.3606677,-1.6094768,0.014580915,-2.7176266,-2.565856,-1.9288248,-3.304978,-6.45689,11.408682,6.421014,0.75448394,-1.0145326,0.4665802,0.8209676,-2.4468925,-2.1683476,-0.62236434,-0.40437916,5.865026,-0.26814008,1
8.0,8,-2.3571188,-1.4899995,0.03809931,-2.696163,-2.6407497,-1.8160424,-3.2491593,-6.5393887,11.39892,6.6580825,0.7251332,-1.097902,0.34401113,0.91513914,-2.4922733,-2.1911688,-0.62430733,-0.36304522,5.543627,-0.2890536,1
8.0,8,-2.3259413,-1.333492,0.027917022,-2.6147072,-2.7311735,-1.861914,-3.2439373,-6.615822,11.550367,6.6019845,0.7594743,-1.155188,0.2760926,0.86182475,-2.4697888,-2.1222882,-0.6393997,-0.3309316,5.36387,-0.27227005,1
8.0,8,-2.3562338,-1.5937095,0.010295162,-2.704876,-2.5771587,-1.9405779,-3.3073862,-6.4635262,11.434323,6.4000335,0.7634396,-1.0207152,0.45627803,0.806621,-2.4395626,-2.1555002,-0.625197,-0.39966214,5.8534455,-0.25914758,1
8.0,8,-2.3615685,-1.6106942,0.015728125,-2.717947,-2.564986,-1.9328167,-3.3049493,-6.4560256,11.408318,6.4197474,0.7536072,-1.012036,0.47241056,0.8214779,-2.4491146,-2.1692595,-0.62318194,-0.40550038,5.870041,-0.26714468,1
3.0,9,0.9871193,-1.0445249,2.7417693,-4.3996434,-1.6101277,-2.1830971,-2.20388,-3.7961085,5.7676926,10.287539,4.216889,-3.6279461,-0.017169204,1.2617457,-2.8359354,-3.3900068,-2.5700448,0.35867134,-1.9980361,0.75288844,0
3.0,9,0.98710155,-1.0442488,2.7419786,-4.3996186,-1.6102706,-2.1830373,-2.203862,-3.7960663,5.7676234,10.287816,4.216488,-3.6280797,-0.017117819,1.2617548,-2.8360207,-3.3900328,-2.5700586,0.35860482,-1.9979804,0.75297594,0
3.0,9,0.987123,-1.0443618,2.7409434,-4.399848,-1.6102098,-2.1833134,-2.2040734,-3.7962704,5.768613,10.288005,4.2160473,-3.6283247,-0.016971337,1.2614727,-2.8356018,-3.3898048,-2.5699482,0.3585826,-1.9979951,0.75320566,0
3.0,9,0.9877535,-1.0462205,2.7405846,-4.400082,-1.609657,-2.183186,-2.204576,-3.7962759,5.769366,10.286052,4.217875,-3.6278017,-0.01737092,1.2620215,-2.8348477,-3.3887694,-2.5706787,0.35761923,-1.9986935,0.7526814,0
3.0,9,0.98710775,-1.0441685,2.742056,-4.399615,-1.6103152,-2.1830115,-2.2038658,-3.7960522,5.7676096,10.287894,4.2163544,-3.6281278,-0.017102731,1.26177,-2.8360348,-3.3900278,-2.5700734,0.3585608,-1.9979718,0.75300086,0
3.0,9,0.98702514,-1.044111,2.7419634,-4.3995957,-1.6102871,-2.1830695,-2.2038016,-3.7960804,5.767525,10.287954,4.2164183,-3.628098,-0.01709063,1.2616866,-2.836077,-3.3901606,-2.569955,0.35874704,-1.9979153,0.7530119,0
4.0,14,0.8873286,-2.9772353,-1.7480788,-3.068266,8.649337,-1.7702754,-2.0269644,0.9589424,-3.2253678,-1.8159026,-0.2558664,1.9155955,-2.0913765,-0.7871214,10.162712,2.0290263,-2.9897456,0.37596512,-4.1164455,-3.6479907,0
4.0,14,0.9136187,-2.9456334,-1.8012221,-3.0992172,8.730845,-1.833608,-1.999676,0.79466057,-3.19674,-1.730527,-0.14872544,1.7287183,-2.1289225,-0.8833087,10.159881,2.1019857,-3.0158052,0.393078,-4.105993,-3.6061335,0
4.0,14,0.93230975,-2.8577423,-1.956479,-3.1790895,8.543493,-1.9112979,-1.9553065,0.3092324,-3.1308866,-1.5590957,-0.03792542,1.500567,-1.9991304,-0.8776625,10.419501,2.2752304,-2.9764137,-0.009475589,-3.815411,-3.35289,0
4.0,14,0.9592377,-2.6173813,-2.2146976,-3.2982724,8.28129,-2.1695693,-1.8551203,-0.580106,-2.9468904,-1.2469932,0.5204796,0.4982538,-2.1120954,-1.1827991,10.61227,2.8749897,-3.0720172,-0.12913531,-3.6714373,-2.9976544,0
4.0,14,0.9228054,-2.903674,-1.8800435,-3.1309214,8.750437,-1.8882303,-1.9758422,0.5838573,-3.157484,-1.6468322,-0.024261806,1.5142757,-2.1650605,-0.96080416,10.212621,2.2109318,-3.0403852,0.37970483,-4.0780063,-3.5393474,0
4.0,14,0.9095148,-2.9439962,-1.8163567,-3.102744,8.712072,-1.8354421,-1.9952157,0.76671624,-3.186381,-1.7254204,-0.13223359,1.7068996,-2.1214418,-0.89351577,10.186122,2.1174014,-3.0166974,0.3694603,-4.093457,-3.5836606,0
3.0,3,-0.95920277,1.3607311,1.0594748,11.666494,0.0017646775,-1.062354,-0.4365779,-1.0447059,-2.8233702,-1.8137445,-1.6500665,3.3582559,-0.39613658,-2.634625,-2.2763426,-0.68776447,1.5058883,1.4331754,-2.4867294,-2.5932343,1
3.0,3,-0.9443867,1.3589981,1.0348479,11.685951,-0.016819261,-1.0604157,-0.4656779,-1.0495229,-2.7774189,-1.8060408,-1.6122196,3.3846836,-0.39316118,-2.6717973,-2.2942886,-0.6970353,1.5278174,1.3984734,-2.4955235,-2.5787885,1
3.0,3,-0.924293,1.3494425,0.98544675,11.706431,-0.030679367,-1.062284,-0.49135348,-1.0659138,-2.6951234,-1.7958541,-1.5651883,3.4056325,-0.38617328,-2.7283711,-2.3195474,-0.71192425,1.5479852,1.3508599,-2.491728,-2.5612195,1
3.0,3,-0.88715774,1.3383172,0.9037809,11.75617,-0.07548294,-1.048809,-0.54824376,-1.078353,-2.5603662,-1.7943008,-1.4585655,3.420776,-0.38415155,-2.8383121,-2.3494623,-0.7334769,1.5946984,1.2697735,-2.511917,-2.524444,1
3.0,3,-0.9200171,1.3535852,0.9888616,11.719643,-0.04528562,-1.0537714,-0.50799745,-1.0562559,-2.695956,-1.803853,-1.5452263,3.402216,-0.39135987,-2.738112,-2.3146834,-0.7108999,1.5579301,1.3495989,-2.5126235,-2.5560718,1
3.0,3,-0.9400422,1.3578916,1.026831,11.691671,-0.01924254,-1.0578767,-0.47110906,-1.0512674,-2.761545,-1.8088703,-1.6009148,3.3760047,-0.3927449,-2.682406,-2.2953467,-0.6986289,1.527389,1.3964648,-2.5009096,-2.5761478,1
17.0,17,-1.6325755,-0.2896121,-0.37558836,-1.5142208,4.4777484,0.5602497,-2.7654462,0.5078182,-1.1243093,0.9896991,1.4127079,-1.0996947,-2.975428,-1.5617731,0.09235747,-0.7380669,0.24351707,13.373509,-5.6122656,-4.4853644,1
17.0,17,-1.6862475,-0.27072152,-0.36466452,-1.4916162,4.351861,0.52552557,-2.761024,0.41304573,-1.0758259,0.98689985,1.5201958,-1.0919185,-2.944235,-1.5304296,0.028212309,-0.7372115,0.2495718,13.4041815,-5.5829964,-4.4261026,1
17.0,17,-1.6498122,-0.21744627,-0.48016194,-1.5676236,4.2779546,0.36680844,-2.8772342,0.2606367,-1.0890801,1.1257223,1.5595139,-1.2214302,-2.8661435,-1.5576634,0.30875796,-0.80448544,0.44413742,13.372695,-5.510662,-4.4280534,1
17.0,17,-1.7824441,-0.20774075,-0.4469622,-1.5220482,4.019313,0.2816503,-2.8678322,0.052472778,-0.95652235,1.1058335,1.8468529,-1.1797204,-2.8244932,-1.4919684,0.13348496,-0.7869728,0.4397247,13.436305,-5.455353,-4.2695155,1
17.0,17,-1.7217962,-0.2592402,-0.35482198,-1.4767691,4.2688684,0.503181,-2.7613835,0.3497412,-1.0405928,0.9845251,1.5932503,-1.0862261,-2.9236326,-1.5092192,-0.015972875,-0.7398673,0.25627732,13.423268,-5.5636306,-4.3864446,1
17.0,17,-1.6826102,-0.2717595,-0.3656859,-1.4937696,4.359861,0.52797645,-2.761643,0.41796103,-1.0789605,0.9875128,1.512532,-1.094762,-2.9467254,-1.5326939,0.035993703,-0.7342153,0.24741137,13.401308,-5.5858727,-4.430216,1
6.0,6,-3.4135232,-0.6865291,-2.0451334,-1.4691119,0.61624473,0.61342585,12.393423,7.9238486,-3.2029953,-2.1804159,-1.9397457,-0.15399009,-1.7302641,-3.718274,-3.5819016,0.027459443,-0.2720405,-1.7465421,-1.801899,-0.9867201,1
6.0,6,-3.4109404,-0.6897029,-2.047144,-1.4642082,0.6210666,0.6217052,12.392886,7.927529,-3.2013152,-2.1829586,-1.9405234,-0.1581697,-1.7305845,-3.721254,-3.582732,0.03018853,-0.28068116,-1.7447785,-1.807912,-0.99106437,1
6.0,6,-3.401854,-0.7153552,-2.055141,-1.431115,0.62223196,0.6804296,12.375822,7.9804354,-3.186275,-2.2159765,-1.9459248,-0.18373752,-1.7086619,-3.7219641,-3.5885477,0.05213298,-0.34941947,-1.7491608,-1.8486418,-1.0122657,1
6.0,6,-3.403187,-0.7086707,-2.0546696,-1.4341062,0.6207709,0.67047083,12.3828125,7.957585,-3.1865888,-2.2133582,-1.9449965,-0.17696892,-1.7124627,-3.7193193,-3.586284,0.057887882,-0.34159365,-1.7529674,-1.8413391,-1.0115675,1
6.0,6,-3.4094718,-0.69191176,-2.048426,-1.4608924,0.62385935,0.6277615,12.391976,7.9314914,-3.2002695,-2.1848056,-1.941233,-0.16144466,-1.7306802,-3.7228024,-3.583456,0.03205522,-0.2868447,-1.7435061,-1.8124176,-0.99390364,1
6.0,6,-3.411973,-0.6875336,-2.046627,-1.4660596,0.6201481,0.6180972,12.394028,7.9234467,-3.2022388,-2.1812186,-1.9404553,-0.1565538,-1.7320074,-3.7202005,-3.582229,0.030206107,-0.27675807,-1.7451057,-1.8054817,-0.98988205,1
17.0,17,-1.9490362,0.71424097,-0.784064,-1.0775187,3.206368,1.6152894,-2.7531054,-0.6590574,-1.0274192,-0.39838904,0.73324597,-0.2584874,-1.9327512,-0.78873533,1.9762114,-1.0779393,-0.14278327,12.917829,-6.236024,-4.9926744,1
17.0,17,-2.026326,0.7086281,-0.7280389,-1.0293369,3.0541086,1.4818007,-2.7108648,-0.80926836,-0.9780085,-0.28993237,1.0853056,-0.1319614,-2.0053022,-0.7169504,1.7676331,-1.1697131,-0.21731538,12.991004,-6.1455865,-4.838367,1
17.0,17,-2.0315337,0.55324215,-0.8043079,-0.9877778,3.0837376,1.2714223,-2.7674005,-1.2917129,-0.9225522,-0.21810222,1.8272493,0.0063290913,-2.0716028,-0.52614987,2.0360553,-1.2717997,-0.60437876,12.767274,-6.0569067,-4.5357847,1
17.0,17,-2.108918,0.42083892,-0.8694111,-0.98077285,2.9940522,0.9358363,-2.8243785,-1.6458652,-0.8608075,-0.024826849,2.6280544,0.2565898,-2.2227206,-0.4093908,1.9750618,-1.5689647,-0.5667072,12.707249,-5.845618,-4.218974,1
17.0,17,-2.0910778,0.70079756,-0.68920934,-0.98560625,2.9279463,1.3670319,-2.6682954,-0.949201,-0.93609035,-0.18382469,1.3945417,-0.03316442,-2.0545936,-0.6602319,1.5872661,-1.2507665,-0.28874665,13.042555,-6.0644035,-4.6970873,1
17.0,17,-2.018601,0.7105761,-0.7314592,-1.0321565,3.0673215,1.4973326,-2.7150304,-0.7957916,-0.9822631,-0.30313912,1.0472584,-0.14527957,-1.9974319,-0.72433233,1.7912873,-1.1556228,-0.21477398,12.983842,-6.156647,-4.854835,1
18.0,18,-3.3293912,-0.274459,-0.3238471,-2.1112258,-1.6602029,-1.864838,7.64172,-1.3951361,-0.23438635,-2.1109264,-0.95441043,0.06722265,0.5564423,-1.0846877,-1.3304634,-2.2678864,3.3034678,-3.887165,9.1156,0.08081906,1
18.0,18,-3.346679,-0.25780806,-0.27964064,-2.0753896,-1.5964959,-1.8460159,7.8023405,-1.3526305,-0.23738399,-2.1422703,-0.9415305,0.05080267,0.47450656,-1.216486,-1.3898385,-2.2763283,3.3073967,-3.8319087,8.9782095,0.07473071,1
18.0,18,-3.5902646,-0.22708493,-0.06351844,-2.1188822,-1.8513873,-1.8263066,8.028433,-1.5293492,0.12836096,-2.1061747,-0.67087847,0.037731186,0.25917244,-0.9391442,-1.5161809,-2.1017642,2.499259,-3.8900712,9.078898,0.77131957,1
18.0,6,-3.6414602,-0.23427439,-0.07033533,-1.991796,-1.5146877,-1.657385,9.055706,-1.2514879,0.29552698,-2.1420584,-0.51635194,0.040515892,-0.021756373,-1.6907411,-1.8127975,-2.2430782,2.3804235,-3.7256846,7.874092,0.52456015,0
18.0,18,-3.3837528,-0.23452383,-0.21002683,-2.0104768,-1.4448866,-1.8025804,8.161237,-1.2670987,-0.21894544,-2.2014036,-0.8993526,0.03200779,0.32127613,-1.5091071,-1.511323,-2.3068526,3.2851465,-3.7257156,8.655831,0.04942113,1
18.0,18,-3.352146,-0.25520098,-0.2724112,-2.0672555,-1.5765747,-1.8392711,7.8633137,-1.3416002,-0.22637776,-2.1512103,-0.93312573,0.04687757,0.4592505,-1.266849,-1.4114734,-2.2850146,3.3076096,-3.8171215,8.921297,0.0636832,1
16.0,16,-1.7799155,0.20906596,-2.2462175,-2.097624,-1.3092262,-2.5539587,2.3014817,0.67867684,-2.6037874,-1.6638317,-0.7644228,1.4752169,-1.631028,-1.7335696,-0.7189178,-1.7587241,12.048229,-0.52852166,1.6927484,-1.2284447,1
16.0,16,-1.7865742,0.22036943,-2.2413971,-2.0683744,-1.345259,-2.5665367,2.2542746,0.62908244,-2.5826817,-1.6570884,-0.727506,1.5050231,-1.6246148,-1.7293551,-0.73194695,-1.7641544,12.07991,-0.5130809,1.7064812,-1.2138152,1
16.0,16,-1.82253,0.2618675,-2.257158,-1.998081,-1.4178184,-2.6064093,2.2346432,0.46384153,-2.5481684,-1.6436613,-0.6535185,1.6521871,-1.634154,-1.7116046,-0.76417965,-1.7513678,12.127739,-0.5137152,1.747572,-1.2026569,1
16.0,16,-1.8314228,0.26416412,-2.263521,-2.0015628,-1.4074482,-2.6051197,2.2877562,0.45912713,-2.5608819,-1.6493561,-0.6759009,1.6777879,-1.6416873,-1.707288,-0.76507956,-1.7374101,12.107807,-0.53560334,1.74916,-1.2126023,1
16.0,16,-1.7929754,0.23028104,-2.237066,-2.0418684,-1.3786069,-2.5771081,2.2113018,0.5845541,-2.5635035,-1.65084,-0.6939199,1.5336349,-1.6195556,-1.725492,-0.7427062,-1.7687541,12.108315,-0.4995438,1.7179773,-1.2012441,1
16.0,16,-1.786783,0.21965066,-2.241327,-2.0696177,-1.3444043,-2.5665252,2.2545893,0.6294068,-2.5835943,-1.6575308,-0.72810185,1.5073001,-1.6254479,-1.7284126,-0.7302219,-1.7637597,12.079252,-0.51321495,1.7056797,-1.2141658,1
7.0,7,-1.3588195,-1.9915369,-2.496734,-1.2639607,-1.0696061,3.5129547,6.110428,12.724652,-3.0913682,-4.013331,-1.528843,-2.1194983,-0.59108657,-3.0626783,-0.5682082,-0.16715983,-1.5557702,-1.1699284,-3.2197533,-0.48814625,1
7.0,7,-1.357718,-1.9941506,-2.4937263,-1.2638077,-1.0611253,3.506855,6.1083646,12.726617,-3.0938904,-4.013713,-1.5222956,-2.115884,-0.6029565,-3.0677881,-0.5626693,-0.16850583,-1.5579526,-1.1597334,-3.22453,-0.4870042,1
7.0,7,-1.3886821,-2.0054188,-2.469372,-1.2590195,-1.0178021,3.4188452,6.257733,12.681483,-3.172407,-4.0547132,-1.4626974,-2.0310206,-0.5845621,-3.0756872,-0.5378924,-0.19216381,-1.6109779,-1.2561436,-3.186203,-0.4197543,1
7.0,7,-1.4075328,-1.9763882,-2.4960024,-1.2583852,-1.0849732,3.4479935,6.338699,12.649188,-3.166688,-4.0643535,-1.5136396,-2.0536344,-0.48000172,-3.0475712,-0.6093152,-0.19167544,-1.5744015,-1.366384,-3.118942,-0.42412698,1
7.0,7,-1.357249,-1.9967861,-2.4904006,-1.2634661,-1.051091,3.4998605,6.107588,12.728572,-3.0969257,-4.014561,-1.5141157,-2.1101105,-0.6198774,-3.0722077,-0.5562421,-0.16949444,-1.5612059,-1.1478826,-3.2316203,-0.48642486,1
7.0,7,-1.3584101,-1.9925804,-2.4954054,-1.2640629,-1.0657356,3.5103588,6.109715,12.725257,-3.0924516,-4.013351,-1.5256314,-2.1180868,-0.59662694,-3.0650089,-0.56553507,-0.1676052,-1.5570545,-1.1658729,-3.2220347,-0.48713845,1
11.0,11,-2.8293133,-2.3767695,-1.5089272,2.6993515,0.36410627,-2.830891,-0.12325033,0.7543719,-3.4316874,-0.6094924,0.25124022,12.763755,0.029286854,-0.8099598,0.3229465,-1.0794296,3.1534982,-0.54085696,0.8228221,-1.4133841,1
11.0,11,-2.834333,-2.3787978,-1.517264,2.6828244,0.35265106,-2.837426,-0.12136374,0.7500937,-3.4220085,-0.60398597,0.27511686,12.770292,0.030996941,-0.8190229,0.3115831,-1.0894225,3.1766877,-0.5408586,0.8354961,-1.4054102,1
11.0,11,-2.8386233,-2.3785408,-1.528461,2.6493223,0.3417295,-2.8446004,-0.12004497,0.7438725,-3.4116552,-0.5964185,0.29783764,12.778326,0.032101147,-0.82062,0.30391032,-1.0984972,3.200981,-0.54226744,0.8517106,-1.3982009,1
11.0,11,-2.8341675,-2.3764324,-1.523234,2.652429,0.35072285,-2.8398843,-0.12259037,0.7465117,-3.4178712,-0.5996564,0.27954447,12.774227,0.031643055,-0.8091825,0.31515592,-1.0908382,3.1818433,-0.5436902,0.844303,-1.404759,1
11.0,11,-2.8379378,-2.3801894,-1.5229249,2.67322,0.34467545,-2.841836,-0.1198175,0.7473326,-3.4156718,-0.6003331,0.2915518,12.774543,0.03219173,-0.82600397,0.30343938,-1.0962541,3.1925883,-0.5410793,0.84393495,-1.3997171,1
11.0,11,-2.8331563,-2.3783894,-1.5151567,2.68759,0.35537562,-2.8358052,-0.12177556,0.7512109,-3.4243555,-0.60540426,0.26940188,12.768634,0.03065259,-0.8171617,0.31410128,-1.0870913,3.1710656,-0.5408694,0.8323193,-1.4072907,1
6.0,6,-4.254656,-0.10407506,-1.998666,-2.3343058,-0.03998097,3.333194,11.331898,8.034795,-1.9071817,-2.5864842,-2.9854214,-2.4842613,-1.0785367,-0.81399155,-3.4415946,0.027784377,-1.1595814,-2.2427337,-2.995169,-1.9077904,1
6.0,6,-4.265711,-0.066585094,-2.0039892,-2.302512,-0.049937375,3.3816433,11.357538,7.9504585,-1.8602396,-2.602654,-2.9868996,-2.491148,-1.0855868,-0.8054501,-3.4481785,0.06494815,-1.2223463,-2.2379541,-3.0077689,-1.9338577,1
6.0,6,-4.2600365,0.07045148,-2.0185966,-2.1869662,-0.04916156,3.6012685,11.46663,7.412515,-1.5829633,-2.6263201,-2.9191697,-2.5350688,-1.3196661,-0.62364143,-3.5261722,0.24936388,-1.4727622,-2.2250876,-3.0695467,-2.0104156,1
6.0,6,-4.232851,0.20209183,-2.0056748,-2.088729,-0.06606365,3.682391,11.553818,7.1909785,-1.5686705,-2.5602882,-2.9536705,-2.4817364,-1.4665421,-0.6457203,-3.5530186,0.41389167,-1.5848445,-2.2068331,-3.1030302,-2.060798,1
6.0,6,-4.2758646,-0.029427767,-2.010323,-2.2698033,-0.058303155,3.43299,11.379217,7.869161,-1.8113236,-2.620463,-2.9885519,-2.499884,-1.093269,-0.79666764,-3.453122,0.10479694,-1.2898315,-2.2305295,-3.0250065,-1.9636579,1
6.0,6,-4.2656755,-0.07060622,-2.0036252,-2.3053591,-0.046312995,3.3778417,11.354876,7.958831,-1.864851,-2.6032748,-2.9870794,-2.4914103,-1.0823042,-0.80644244,-3.445527,0.06051541,-1.2190437,-2.2378058,-3.0075443,-1.9321034,1
13.0,13,-1.2209265,0.1322691,-0.1659732,-4.0889554,0.099543296,1.5205966,-3.2636433,-1.8021549,-1.1485567,-1.1221792,-3.1783755,-0.2786549,-0.33976102,12.54619,2.6467602,0.9621867,-2.0907865,-1.1008415,-0.446818,-3.859512,1
13.0,13,-1.2198317,0.13020033,-0.1737585,-4.0888433,0.10019034,1.5188862,-3.2659523,-1.8026421,-1.150484,-1.119456,-3.1808298,-0.27215084,-0.33232182,12.547351,2.6421638,0.96226,-2.0909438,-1.1002587,-0.44125864,-3.8578742,1
13.0,13,-1.2312,0.14447755,-0.20189051,-4.069948,0.102361426,1.5319039,-3.2851408,-1.8431313,-1.1191146,-1.0892084,-3.1755228,-0.24278739,-0.33024704,12.571777,2.61629,0.9673744,-2.1102057,-1.0923371,-0.47857288,-3.8616583,1
13.0,13,-1.2282892,0.24005654,-0.20698391,-4.057735,0.09966972,1.679783,-3.2865617,-1.7941203,-1.1736368,-1.0998522,-3.1894326,-0.35136384,-0.48583204,12.590504,2.7391272,1.0191253,-2.1195855,-1.0308251,-0.7731004,-3.8723035,1
13.0,13,-1.2202506,0.14440641,-0.18103947,-4.0847783,0.09881995,1.5378299,-3.268528,-1.7998265,-1.1594347,-1.1153812,-3.1852384,-0.27769235,-0.3489769,12.554563,2.6525576,0.970541,-2.093598,-1.091465,-0.4798741,-3.8568046,1
13.0,13,-1.2194284,0.12940197,-0.17282294,-4.0897155,0.09992374,1.5177015,-3.2648642,-1.8020122,-1.1515887,-1.1204777,-3.1809084,-0.27279076,-0.3323676,12.546177,2.6431084,0.9620954,-2.0897217,-1.1010988,-0.43753552,-3.8571513,1
8.0,8,-4.244385,0.28517303,-1.0427454,-2.305673,-3.9988096,2.2049901,1.7460873,0.69304454,10.655894,-0.059009813,-0.2944348,-3.8065383,1.8546351,0.4283678,-3.0450246,-2.1498744,-3.3478303,-0.30749,0.10391728,-2.8104682,1
8.0,8,-4.2264204,0.3314478,-1.0394473,-2.2885687,-3.9891589,2.2237055,1.6777643,0.7256324,10.651566,-0.08387402,-0.31643188,-3.8288221,1.7536533,0.4533779,-2.9624076,-2.0624623,-3.374176,-0.2438159,-0.06634515,-2.8727412,1
8.0,8,-4.0258474,0.20374236,-0.9912933,-2.3411458,-3.8660393,2.1610484,0.9762298,-0.14369655,11.173342,0.4504417,-0.16072622,-3.7629044,0.95848566,1.0696397,-2.75107,-1.8163388,-3.3188965,-0.08004863,-0.24915977,-2.7634985,1
8.0,8,-4.09126,0.35304534,-1.0822806,-2.3618336,-3.9036233,2.3343644,1.0807675,0.34342358,10.814748,0.24361745,-0.3698266,-3.8953025,0.5496638,1.2895434,-2.3884556,-1.3423383,-3.4634094,0.023023628,-0.9837544,-3.0276542,1
8.0,8,-4.2166605,0.38509914,-1.0414655,-2.272864,-3.9811242,2.253788,1.6180451,0.7852956,10.624423,-0.12093544,-0.35035086,-3.856828,1.6406661,0.49546713,-2.8669708,-1.9554592,-3.4089956,-0.17495805,-0.27242747,-2.9483922,1
8.0,8,-4.232646,0.32857385,-1.0418112,-2.2919412,-3.9910004,2.2227561,1.6998521,0.7293335,10.64332,-0.08654079,-0.31688458,-3.8276384,1.7755352,0.44822955,-2.975965,-2.0751846,-3.3721325,-0.2543514,-0.044611298,-2.8670535,1
17.0,1,-0.4906278,5.5686283,3.7942903,1.6284231,-1.7200505,-0.386566,3.9405224,-3.8272564,0.9001637,2.8454707,0.33501709,-3.7612257,-2.1168768,-1.1442754,-4.939249,-1.3843813,-0.36326873,-3.5931275,-0.6991577,3.0356634,0
17.0,1,0.061125487,5.685933,3.617606,1.6557955,-1.5254924,-0.21477085,3.60113,-3.9300373,0.9134129,2.6351442,0.4073912,-4.065638,-2.081275,-1.1938813,-4.6281056,-1.2008686,-0.83010316,-3.5710835,-1.2159536,3.467644,0
17.0,19,0.21942836,5.8790097,3.6540225,1.1060873,-2.0214393,-0.0858444,3.7641854,-2.669342,-0.057141386,2.0421524,-0.024756048,-4.2208023,-1.7534013,-0.40015262,-5.4412417,-0.65398777,-1.7663491,-2.0170424,-1.7634825,6.100802,0
17.0,19,0.30429414,6.129028,3.6206088,1.1815019,-2.0377364,-0.03726493,3.8483903,-2.5840998,-0.3264691,2.0287168,-0.18104881,-4.2194595,-1.7484667,-0.42054558,-5.4927034,-0.6557664,-1.8126409,-1.886721,-1.7850862,6.148316,0
17.0,1,-0.22132874,5.3698263,3.5691185,1.4851891,-1.6713797,-0.30018225,3.5200374,-3.953145,1.2495149,2.8054872,0.7017312,-3.866881,-2.1572635,-1.0133996,-4.83706,-1.2798939,-0.47083205,-3.7372482,-1.0585353,3.0938077,0
17.0,1,-0.6647999,5.55924,3.8670967,1.6255177,-1.7634705,-0.44409937,4.1142173,-3.7425678,0.8128017,2.8715646,0.25646463,-3.6583898,-2.1064801,-1.1320865,-5.041196,-1.441152,-0.24281833,-3.5592608,-0.55078024,2.9391093,0
2.0,2,-0.72314775,-0.9478404,11.617374,-1.2499917,0.24967414,0.9830477,-1.7346728,-0.043735653,2.5946355,-0.4366887,-2.2606597,-2.594482,0.7229709,2.2423484,-0.42849028,-1.9662031,-2.7798567,1.5827066,-3.1632164,-4.4460006,1
2.0,2,-0.7233942,-0.9473495,11.617421,-1.2505927,0.24963161,0.9834628,-1.7342565,-0.04379341,2.594766,-0.43553478,-2.2607422,-2.5940578,0.72245204,2.2418973,-0.42877638,-1.9673095,-2.7795684,1.5821016,-3.1621993,-4.445758,1
2.0,2,-0.7231549,-0.9499664,11.614998,-1.2549866,0.24891171,0.9834441,-1.7348434,-0.045464158,2.597878,-0.42971623,-2.2617252,-2.5969145,0.7223708,2.2461367,-0.43142843,-1.9679323,-2.7784297,1.5801959,-3.1583674,-4.446596,1
2.0,2,-0.72140074,-0.9510214,11.612555,-1.2558067,0.24945611,0.987955,-1.7358102,-0.044167295,2.6013918,-0.43925178,-2.263635,-2.6037447,0.7245348,2.2498336,-0.42625713,-1.9571903,-2.783861,1.5803146,-3.1733959,-4.4495053,1
2.0,2,-0.7230315,-0.9478244,11.616429,-1.2519362,0.24959144,0.9847616,-1.7343878,-0.043855816,2.596306,-0.4360612,-2.2614384,-2.5960798,0.72268444,2.243333,-0.42817873,-1.9653844,-2.7805605,1.5814241,-3.1645858,-4.4464645,1
2.0,2,-0.72328985,-0.9473986,11.617496,-1.2503843,0.24963394,0.983407,-1.7344286,-0.043763354,2.594711,-0.43579185,-2.2607105,-2.5941818,0.72259504,2.2419534,-0.42865926,-1.9670025,-2.7797275,1.5822752,-3.1626244,-4.445757,1
12.0,12,-0.48495597,-1.0255668,-1.8757547,-1.4650921,-1.4475821,-0.42941833,-0.23414236,0.4558563,-0.13570997,-0.2651501,-2.5499966,-1.8268805,12.950509,1.5436444,-0.62238115,-3.0285435,-1.5469557,-2.7470746,2.243908,-0.2708392,1
12.0,12,-0.47717753,-1.0153308,-1.8810304,-1.4656173,-1.4656221,-0.444813,-0.22133747,0.4506246,-0.1434772,-0.2289082,-2.5412543,-1.821161,12.946621,1.5005984,-0.6311904,-3.035256,-1.5385901,-2.7398722,2.2900703,-0.25361216,1
12.0,12,-0.48128924,-1.007035,-1.8989294,-1.4743723,-1.4672365,-0.44993696,-0.17977342,0.4353666,-0.16858503,-0.21114364,-2.5479667,-1.8140647,12.9338665,1.5022385,-0.6292531,-3.0275946,-1.5316498,-2.7803879,2.3449066,-0.2608228,1
12.0,12,-0.43219334,-0.97163874,-1.895966,-1.4651077,-1.5407124,-0.49018487,-0.1585949,0.44032997,-0.18351042,-0.124772586,-2.5158079,-1.799559,12.928873,1.3718984,-0.655996,-3.056569,-1.5196588,-2.7591138,2.4441695,-0.16869247,1
12.0,12,-0.47282702,-1.0072684,-1.884105,-1.4657279,-1.4791007,-0.4567279,-0.20383468,0.44700885,-0.15271193,-0.20461607,-2.535767,-1.8172057,12.942632,1.4703321,-0.6382888,-3.0402446,-1.5325193,-2.7387884,2.3257437,-0.24068782,1
12.0,12,-0.47940028,-1.0181327,-1.8799943,-1.4655008,-1.4613519,-0.44218764,-0.22443324,0.45099828,-0.1414133,-0.23682155,-2.5430408,-1.8221383,12.947504,1.5109937,-0.62923884,-3.0337656,-1.5400075,-2.7421541,2.2809105,-0.25773472,1
3.0,3,0.03179446,1.5513015,-0.7707045,11.700701,1.5045904,-0.7788824,0.26552302,-0.2877847,-3.5877964,-1.9501289,-1.2277112,1.925672,-0.40376198,-4.538953,-2.379905,-0.73204947,2.5591671,0.95110977,-3.2543018,-1.9700707,1
3.0,3,0.03259769,1.5494812,-0.77085716,11.701138,1.5039413,-0.7796912,0.26356196,-0.28798577,-3.5870907,-1.9506253,-1.2245156,1.9254131,-0.40402165,-4.539555,-2.3789594,-0.73175216,2.5592158,0.95070213,-3.2542312,-1.968956,1
3.0,3,0.035237297,1.5462928,-0.7724238,11.702593,1.5009032,-0.7817097,0.25793666,-0.2894092,-3.5847332,-1.9510483,-1.215977,1.9235218,-0.40479976,-4.5413136,-2.3774726,-0.73132586,2.5604594,0.95126384,-3.253768,-1.9657685,1
3.0,3,0.036673695,1.5378859,-0.77333313,11.704498,1.4983883,-0.78546965,0.24919876,-0.29111207,-3.581249,-1.9529115,-1.2017603,1.9244648,-0.4057986,-4.5438647,-2.3738272,-0.7305726,2.5619402,0.9510792,-3.2531042,-1.9612235,1
3.0,3,0.032837182,1.5483613,-0.7710165,11.701442,1.5035077,-0.78026175,0.26224196,-0.28830847,-3.5866094,-1.9508506,-1.2224138,1.9255295,-0.4041851,-4.5399632,-2.3784337,-0.7316173,2.5594761,0.9507234,-3.2541022,-1.9682649,1
3.0,3,0.03200309,1.5506723,-0.77084476,11.700939,1.5041864,-0.7792517,0.2646119,-0.28806242,-3.587459,-1.9502444,-1.2262715,1.9257042,-0.40388727,-4.539231,-2.3795972,-0.7319534,2.559362,0.9511405,-3.2541952,-1.9695827,1
12.0,12,-0.4753637,-0.41369516,-0.03965497,-1.0253925,-2.6136944,0.027789697,0.44815636,-0.10497935,0.04226706,-1.498936,-1.7518207,-3.3552296,12.491714,2.25631,-0.7054185,-3.681509,-1.3448759,-1.8370466,0.88986206,-1.3193234,1
12.0,12,-0.4771737,-0.41342106,-0.044181,-1.0258547,-2.615669,0.028246563,0.44844806,-0.10373123,0.04339027,-1.4986794,-1.7541953,-3.3537223,12.49319,2.2574878,-0.7044983,-3.6822188,-1.3423752,-1.839611,0.89239705,-1.3181198,1
12.0,12,-0.48764607,-0.4132994,-0.049121954,-1.0352743,-2.6150544,0.02630133,0.46570355,-0.11220311,0.036397308,-1.4952139,-1.7541941,-3.3487728,12.493225,2.2622054,-0.69843143,-3.6808903,-1.3474287,-1.8423469,0.9113956,-1.317863,1
12.0,12,-0.47049582,-0.41470775,-0.025416326,-1.024463,-2.6043446,0.025683716,0.45172155,-0.111064106,0.033392023,-1.4988798,-1.7433031,-3.3604133,12.4851465,2.2521286,-0.70650995,-3.6787226,-1.3539776,-1.8277496,0.884032,-1.3245478,1
12.0,12,-0.47716498,-0.41340408,-0.043880552,-1.0257068,-2.6153765,0.028065417,0.44899815,-0.10447447,0.04286066,-1.4983159,-1.754013,-3.3538501,12.492931,2.257711,-0.70443386,-3.6818223,-1.3430839,-1.8397593,0.8926714,-1.3183372,1
12.0,12,-0.47668025,-0.41346726,-0.04306429,-1.0257437,-2.6158915,0.02827445,0.44754758,-0.10374796,0.04426504,-1.4989216,-1.7538042,-3.353913,12.493245,2.2575307,-0.7050687,-3.6820946,-1.3428714,-1.8393279,0.8914203,-1.3180553,1
8.0,18,-2.288166,-1.6041679,-1.8355119,-2.4354618,-3.8816223,-1.5233774,2.3319101,-0.7087208,-0.44930187,-2.745837,-0.21966694,-0.7380756,4.696333,3.2379193,-0.53329456,-2.9017158,2.5949287,-4.7197423,11.132973,4.0256634,0
8.0,18,-2.2871556,-1.6037116,-1.8366753,-2.4366562,-3.8791215,-1.519481,2.3315716,-0.71103156,-0.4517493,-2.7485888,-0.22063592,-0.7374741,4.6928983,3.2478247,-0.5338888,-2.8975027,2.5915878,-4.7226644,11.128942,4.0217185,0
8.0,18,-2.2949276,-1.5979719,-1.8436363,-2.436523,-3.8783016,-1.520966,2.3354883,-0.7187389,-0.44312873,-2.7432604,-0.22353497,-0.73135144,4.6752677,3.2375097,-0.53464234,-2.8886452,2.6009178,-4.7224517,11.138028,4.003527,0
8.0,18,-2.2934458,-1.603529,-1.856371,-2.445013,-3.8892837,-1.4854558,2.340305,-0.67669594,-0.4623722,-2.7948432,-0.23100497,-0.72964585,4.732127,3.2933285,-0.53167874,-2.8896735,2.5678568,-4.74151,11.079257,3.9763558,0
8.0,18,-2.286974,-1.6034591,-1.8377478,-2.4375231,-3.8780544,-1.5156991,2.3322234,-0.7106122,-0.45396367,-2.7525978,-0.22156659,-0.7367694,4.692244,3.2556782,-0.5344284,-2.8946521,2.5884774,-4.7251735,11.12428,4.0178466,0
8.0,18,-2.2877536,-1.6038866,-1.835942,-2.4361906,-3.8797987,-1.520032,2.332487,-0.7095175,-0.45174137,-2.7491481,-0.22040248,-0.7375071,4.6937494,3.2458737,-0.53401184,-2.8983784,2.592006,-4.7220745,11.129097,4.022617,0
15.0,15,-0.99542814,0.31934214,-2.0193982,2.9970827,4.7467656,-2.2379274,-0.25411025,-1.920491,-4.782648,-3.572248,-1.5381509,-1.9792244,-0.7052963,-3.5918593,3.182546,7.5010796,0.95502084,1.8835315,-4.4575396,-3.9108908,1
15.0,15,-0.93886364,0.5103835,-1.9481264,2.8455908,4.188158,-2.2360287,-0.412261,-2.098437,-4.647562,-3.4848514,-1.3576732,-2.0436144,-0.75956017,-3.4773624,3.1476772,7.912339,0.8361277,1.5866287,-4.3376775,-3.776973,1
15.0,15,-0.56954265,0.9234835,-2.1502671,2.186574,3.9351785,-2.073793,-0.48142096,-2.3985007,-4.6058483,-3.401735,-1.271183,-2.0990324,-1.1799651,-3.1871197,3.5318437,8.508221,0.5994632,0.851035,-4.157829,-3.6365778,1
15.0,15,-0.14360179,1.4705536,-1.5238798,1.2071402,2.137895,-1.5714899,-0.79537076,-2.8078916,-3.8044872,-2.8255808,-0.6020463,-2.3265917,-2.4311583,-2.8071246,2.9672163,10.427349,-0.39606687,-0.7994055,-3.4616952,-2.797454,1
15.0,15,-0.8343018,0.7147323,-1.8344316,2.6692138,3.7175622,-2.2037227,-0.5153192,-2.302283,-4.508467,-3.361673,-1.1710902,-2.1136804,-0.9779345,-3.3863578,3.080469,8.411052,0.62407696,1.1825325,-4.1867924,-3.6050353,1
15.0,15,-0.85439706,0.5764035,-1.8751312,2.81758,4.244033,-2.211321,-0.36078689,-2.2005386,-4.645064,-3.40433,-1.3287635,-2.0657601,-0.987618,-3.5047822,3.0906518,8.112319,0.6941518,1.372268,-4.2730227,-3.7078238,1
17.0,17,-2.2371132,-3.0028803,-0.08919843,-1.3999382,1.57559,-2.1765203,-2.198731,1.1494354,-0.17283708,-2.05968,5.21103,-0.766444,-1.5901556,-2.9340403,1.3092201,0.87787575,-0.36918783,12.220572,-4.02098,-1.7933271,1
17.0,17,-2.2811637,-3.0527198,-0.13992836,-1.41181,1.5037835,-2.220897,-2.2063603,1.0556564,-0.14671966,-2.068609,5.3989396,-0.7351706,-1.6443698,-2.9322336,1.3772519,0.9664378,-0.3858462,12.110367,-3.9953108,-1.7509692,1
17.0,17,-2.3003376,-3.0939362,-0.19169116,-1.4212235,1.441354,-2.2763026,-2.2040925,0.99706805,-0.116476454,-2.0740213,5.5592775,-0.71436244,-1.662907,-2.9512346,1.413652,0.97909933,-0.35244676,12.024344,-3.9634988,-1.6995183,1
17.0,17,-2.3533697,-3.1781356,-0.28235933,-1.4361255,1.3178608,-2.3744152,-2.219842,0.8396424,-0.057138063,-2.084264,5.897416,-0.65527457,-1.7285346,-2.9629107,1.5183756,1.0487777,-0.3239188,11.8311615,-3.907359,-1.6130147,1
17.0,17,-2.3094978,-3.086291,-0.17451033,-1.4204111,1.4560696,-2.2522793,-2.212837,0.9906825,-0.12707281,-2.075639,5.5271916,-0.71341234,-1.6793916,-2.9304593,1.4253557,1.0208429,-0.39373145,12.034367,-3.9785037,-1.7225127,1
17.0,17,-2.2690022,-3.0390968,-0.12708044,-1.4092807,1.5223454,-2.208715,-2.2045453,1.080495,-0.15345603,-2.066341,5.350002,-0.7431385,-1.6300628,-2.9327312,1.3612709,0.9395675,-0.37963897,12.14045,-4.0022397,-1.7632645,1
1.0,1,1.3868268,11.947645,-0.71776485,3.1569145,-4.458084,2.9460738,1.9155551,-3.912716,-0.20890388,-0.65069455,-2.5107932,-2.8013692,-0.12625057,0.40181074,-3.2857683,-0.024186054,-2.271392,-1.5058705,-2.2725117,-3.0523248,1
1.0,1,1.393921,11.949217,-0.7147361,3.1595685,-4.461375,2.94598,1.912095,-3.9110494,-0.21019864,-0.6488211,-2.5095184,-2.8017526,-0.13305601,0.39720178,-3.2840273,-0.02164504,-2.2698455,-1.5070558,-2.2736356,-3.05139,1
1.0,1,1.3888934,11.947529,-0.7165373,3.1580448,-4.469318,2.9518666,1.9043494,-3.91765,-0.19214389,-0.65316415,-2.5050676,-2.8028905,-0.13613588,0.4019569,-3.2796893,-0.02192381,-2.2695558,-1.5064412,-2.27499,-3.053305,1
1.0,1,1.4159281,11.949751,-0.71314657,3.1642778,-4.476643,2.9523053,1.8930649,-3.9082265,-0.1959514,-0.65957433,-2.501073,-2.8055978,-0.15147409,0.378825,-3.2710907,-0.00850849,-2.2597184,-1.5155542,-2.2813323,-3.0567725,1
1.0,1,1.3984679,11.950149,-0.71308225,3.1610782,-4.4629765,2.9456158,1.9102292,-3.9096506,-0.21148148,-0.64807326,-2.508834,-2.80201,-0.13662595,0.39375287,-3.283061,-0.020004457,-2.2686155,-1.5078689,-2.274291,-3.0509784,1
1.0,1,1.3917426,11.948787,-0.7157262,3.1586072,-4.459831,2.9455135,1.9135554,-3.911281,-0.2104378,-0.6494255,-2.5100656,-2.801605,-0.13026372,0.3982174,-3.2848585,-0.022632133,-2.270193,-1.5065261,-2.2730937,-3.051663,1
6.0,6,-1.8562962,1.4884381,-2.8852189,-0.99842083,5.802907,5.970941,10.412926,2.4373906,-3.8351886,-2.7048635,-3.128128,-3.6053934,-1.7785488,-2.0970862,0.87428564,-1.1100429,-2.4305432,-2.8693426,-3.9854198,-3.3454182,1
6.0,6,-1.8435801,1.488189,-2.8864336,-0.99633783,5.833568,5.9880614,10.382957,2.415951,-3.838885,-2.7077086,-3.136236,-3.6095157,-1.775545,-2.0818667,0.89488417,-1.1064869,-2.4450853,-2.8670642,-3.9981165,-3.356751,1
6.0,6,-1.8563468,1.5236888,-2.884364,-0.9840149,5.757982,6.0836506,10.340059,2.3919744,-3.8054347,-2.7092175,-3.155741,-3.6340034,-1.7508448,-2.0233984,0.92201966,-1.0999945,-2.4841313,-2.893653,-4.015737,-3.360616,1
6.0,6,-1.8174324,1.5090117,-2.8855834,-0.9846204,5.882554,6.0786805,10.277978,2.3292623,-3.8232095,-2.7090707,-3.1653395,-3.6294456,-1.7523338,-2.0201478,0.9634686,-1.1041881,-2.4893565,-2.8715794,-4.029761,-3.3941233,1
6.0,6,-1.8322858,1.4856822,-2.8870916,-0.99540406,5.8651204,5.994569,10.361134,2.3983445,-3.8437803,-2.7093565,-3.1413248,-3.610605,-1.7745489,-2.0746062,0.90981466,-1.1051805,-2.4524553,-2.8628135,-4.006065,-3.3663826,1
6.0,6,-1.8441795,1.4868379,-2.8863733,-0.99730873,5.8339252,5.982396,10.387497,2.418551,-3.8393445,-2.7070389,-3.1344733,-3.6084077,-1.7767013,-2.0862443,0.89168304,-1.1076187,-2.4414837,-2.8662007,-3.9956894,-3.3555706,1
8.0,8,-1.1463062,1.9231238,-1.7221446,-1.8308111,-1.6307429,2.5184667,7.0434194,-0.96686316,7.905708,-1.7618636,-1.2028207,-4.0343275,0.017695889,-2.0331914,-4.4446855,-1.294286,-3.032629,-1.3695121,-1.7199205,-1.9974848,1
8.0,8,-1.0421126,1.9673898,-1.7213099,-1.8159511,-1.6329807,2.523615,6.938943,-1.0172422,7.9617195,-1.7716074,-1.2120646,-4.072105,0.004338108,-2.026852,-4.4317384,-1.2728634,-3.0532258,-1.3487751,-1.7784837,-2.025813,1
8.0,8,-1.1969002,1.8884428,-1.7983556,-1.7875955,-1.6225132,2.6823604,6.5345545,-1.3983588,8.29974,-1.7323409,-1.124082,-4.060885,-0.22135863,-1.6937087,-4.300252,-1.1985254,-2.9844701,-1.1975875,-1.808696,-2.0309892,1
8.0,8,-0.9921052,1.8688738,-1.8401009,-1.795999,-1.5254128,2.845668,6.5035086,-1.1821909,8.228778,-1.8279859,-1.213758,-4.1453834,-0.39148054,-1.6642909,-4.268067,-1.0751137,-3.1010177,-1.1912645,-2.0633101,-2.156169,1
8.0,8,-0.9418437,1.9988773,-1.7279831,-1.8042188,-1.6279896,2.5491087,6.8478985,-1.0346912,8.002575,-1.7872763,-1.2270015,-4.111856,-0.029619308,-2.0145023,-4.4153223,-1.244591,-3.0789146,-1.3268707,-1.853343,-2.0607557,1
8.0,8,-1.0497956,1.9667585,-1.7184645,-1.8177572,-1.6326025,2.5132108,6.9530582,-1.0153105,7.9536657,-1.7699597,-1.211595,-4.0666795,0.015530184,-2.0345004,-4.436679,-1.2771327,-3.0505688,-1.3533099,-1.7662947,-2.0211284,1
18.0,18,-2.8443522,-1.1541691,0.23524071,-2.1139796,-1.1450394,-2.2846406,6.102164,-1.3195373,-0.1701915,-2.3818986,-0.3405965,0.20030203,-0.043859903,-1.3318219,-0.7447783,-2.4107354,3.0607884,-3.699302,11.0027685,2.8573263,1
18.0,18,-2.891581,-1.1363442,0.32485142,-2.0593462,-1.1229529,-2.2727995,6.3147187,-1.2469606,-0.14959219,-2.4375105,-0.30679938,0.1691824,-0.14381835,-1.4948487,-0.853495,-2.430491,3.0317087,-3.6477757,10.885202,3.024475,1
18.0,18,-2.980599,-1.2082064,0.48556426,-2.0106714,-1.4745827,-2.4796557,6.11716,-1.494253,0.25917587,-2.3819218,0.004473936,0.15300924,-0.036534023,-1.259923,-0.98846996,-2.3683696,2.520387,-3.7109528,11.098901,4.1794596,1
18.0,18,-3.0101275,-1.2230718,0.7878802,-1.6958325,-1.1478462,-2.539291,6.9562764,-1.1597893,0.6049947,-2.7346718,0.4177069,-0.24828008,-0.4296374,-2.183928,-1.7583778,-2.6286242,2.3976316,-3.1521149,9.8831415,6.035222,1
18.0,18,-2.9382179,-1.1345749,0.44969404,-1.9870139,-1.0349953,-2.2648368,6.6171255,-1.1543615,-0.067649834,-2.5374265,-0.23587792,0.118348055,-0.2910919,-1.7852058,-1.03652,-2.5038707,3.024965,-3.5462584,10.682079,3.325353,1
18.0,18,-2.8945959,-1.1376173,0.33749643,-2.0519333,-1.1058244,-2.2720969,6.3505344,-1.2375697,-0.14140919,-2.4535637,-0.3012001,0.16409507,-0.15664196,-1.5328777,-0.8727127,-2.4433258,3.0405016,-3.6344886,10.860554,3.0476687,1
14.0,14,1.1194663,-1.7617462,-1.6043518,-1.9499509,-2.7899597,2.3494048,-3.2232344,-0.35696834,0.55334157,-2.041309,2.9928129,-2.346438,-1.5282636,-0.61270356,10.411403,3.3596306,-1.1723316,-4.5241876,-2.8012085,-2.0107918,1
14.0,14,1.1077029,-1.7645187,-1.6121148,-1.9506991,-2.7829115,2.334214,-3.2182524,-0.35900238,0.5453085,-2.0529473,2.9891083,-2.3398695,-1.529038,-0.6200535,10.423773,3.3735776,-1.1628352,-4.5189986,-2.796267,-2.0065968,1
14.0,14,1.0653605,-1.8391478,-1.66183,-1.9281323,-2.7553792,2.2219255,-3.2039025,-0.36966568,0.5691223,-2.1058888,3.1090431,-2.2700787,-1.5235096,-0.6747161,10.396291,3.373813,-1.1261493,-4.508674,-2.7640555,-1.9477494,1
14.0,14,1.0181814,-1.893621,-1.6942631,-1.9364359,-2.709601,2.1548796,-3.1763463,-0.37937665,0.555508,-2.1706166,3.160979,-2.223667,-1.5373838,-0.6998527,10.416617,3.4149935,-1.0991675,-4.4868436,-2.7456644,-1.9258653,1
14.0,14,1.1024339,-1.7655368,-1.6156703,-1.9513682,-2.7790296,2.3270686,-3.2155576,-0.36015326,0.5409971,-2.0586262,2.9869618,-2.3369682,-1.5298775,-0.623317,10.430113,3.3804407,-1.1582975,-4.5164285,-2.7941525,-2.0051007,1
14.0,14,1.1152925,-1.756603,-1.6065435,-1.9496199,-2.789593,2.3448746,-3.222346,-0.3583889,0.5474673,-2.0420902,2.9836712,-2.3460662,-1.527652,-0.6147259,10.41953,3.365133,-1.167099,-4.5227537,-2.7991626,-2.0105708,1
10.0,16,-5.0398912,-0.45319092,-2.3332176,5.7297935,-1.6482687,-4.057674,-0.70542294,-2.149661,-2.4077384,-0.3605425,8.082339,7.7037196,-3.508694,-4.3042436,-4.19011,-0.57001984,8.306879,4.259013,-0.010656459,-0.1278745,0
10.0,16,-5.037489,-0.46119094,-2.3323426,5.72528,-1.6483899,-4.059376,-0.7086463,-2.1516569,-2.4018273,-0.3589097,8.093185,7.7026916,-3.5083196,-4.303485,-4.1877475,-0.57418716,8.304541,4.257601,-0.008994253,-0.12591851,0
10.0,16,-5.034009,-0.47298038,-2.331318,5.71222,-1.6538152,-4.061101,-0.71474606,-2.155704,-2.3900297,-0.35537922,8.113649,7.6998854,-3.508386,-4.299656,-4.1837287,-0.5807588,8.302669,4.2542124,-0.0046735723,-0.12191706,0
10.0,16,-5.0315685,-0.48013425,-2.3305264,5.6954484,-1.6662104,-4.0607166,-0.7209016,-2.1605763,-2.3775592,-0.351061,8.135661,7.696677,-3.5092988,-4.2927036,-4.180208,-0.5859946,8.301123,4.248513,0.0008744467,-0.1174077,0
10.0,16,-5.036417,-0.4652325,-2.332003,5.7222924,-1.6484611,-4.0602856,-0.71012133,-2.1525674,-2.3988583,-0.35795388,8.098608,7.702222,-3.5082698,-4.3029985,-4.186629,-0.5760347,8.303636,4.256752,-0.008022761,-0.12492778,0
10.0,16,-5.038663,-0.4572866,-2.3327606,5.7270823,-1.6486709,-4.0585046,-0.7071269,-2.1507661,-2.4045246,-0.35957676,8.088332,7.7031975,-3.5085642,-4.3036613,-4.188879,-0.5721496,8.305568,4.258034,-0.009680981,-0.12678938,0
9.0,9,0.63842255,0.15003538,2.502049,-3.7848783,-0.68641895,-1.1488584,-2.098302,0.049721405,0.896317,12.637407,-2.8319683,-3.3182476,-0.00732667,0.51571363,-0.026375163,-1.8762552,-1.5390478,-0.18530288,-1.9522039,-0.19964644,1
9.0,9,0.63822675,0.15003033,2.5003324,-3.7850506,-0.6851455,-1.1501894,-2.0976784,0.048677728,0.8950264,12.638414,-2.8311713,-3.317108,-0.0072560348,0.5156658,-0.026506454,-1.8774592,-1.5382264,-0.18594116,-1.9498181,-0.19838956,1
9.0,9,0.6394706,0.15162192,2.486187,-3.7840152,-0.6836277,-1.1514874,-2.0964484,0.045494244,0.89351237,12.642676,-2.830432,-3.3165076,-0.0074774064,0.5135102,-0.028538477,-1.8767529,-1.5337818,-0.18921337,-1.9458057,-0.18979996,1
9.0,9,0.6388603,0.15070814,2.4999943,-3.784517,-0.6923252,-1.1407093,-2.0996327,0.0508918,0.9042484,12.635427,-2.8362482,-3.3249452,-0.008654002,0.51688856,-0.02835903,-1.8682857,-1.5410135,-0.18610293,-1.9609108,-0.19963244,1
9.0,9,0.63813674,0.1501186,2.5001473,-3.7850742,-0.68638194,-1.1483634,-2.0978358,0.04871968,0.8967474,12.63797,-2.8321252,-3.318556,-0.007622391,0.5161505,-0.026951108,-1.8756647,-1.5387754,-0.18625572,-1.9515396,-0.19841978,1
9.0,9,0.6382279,0.15009531,2.5010254,-3.7850213,-0.6863119,-1.1486567,-2.0979874,0.049075373,0.89639133,12.637741,-2.8320105,-3.3183749,-0.007503584,0.5159203,-0.026590023,-1.875917,-1.5388715,-0.18586501,-1.951728,-0.19895175,1
3.0,3,-1.0127776,0.54721117,1.2903163,11.8517275,-0.5056553,0.16338463,-0.25484386,0.32439992,-2.6160536,-2.2360742,-1.199474,3.2824166,-0.05634871,-2.4734094,-2.8775723,0.18052274,0.6826622,-0.4398992,-3.7007356,-2.0412066,1
3.0,3,-1.0113662,0.5447384,1.289225,11.852738,-0.507603,0.16368765,-0.25671,0.32420138,-2.6129935,-2.2374043,-1.1940705,3.2772446,-0.054957993,-2.4747314,-2.8770428,0.1802992,0.6829298,-0.44246018,-3.7011864,-2.0398018,1
3.0,3,-1.010336,0.543038,1.2881212,11.853431,-0.50876814,0.1638424,-0.25801668,0.32417056,-2.6110382,-2.2381275,-1.1901374,3.2745016,-0.054378808,-2.4758372,-2.8768895,0.18015067,0.68301725,-0.44407153,-3.7013931,-2.038751,1
3.0,3,-1.008499,0.54038817,1.2864516,11.8548765,-0.5119635,0.16427931,-0.2606276,0.3233559,-2.607123,-2.2392924,-1.1823615,3.2693,-0.053236432,-2.477565,-2.876847,0.17997988,0.6834912,-0.44782525,-3.70158,-2.0366502,1
3.0,3,-1.0100539,0.54242367,1.288225,11.853723,-0.5096405,0.16399197,-0.25848454,0.32386476,-2.610018,-2.238629,-1.1887717,3.2723958,-0.053635113,-2.4759574,-2.8766143,0.18006611,0.68326735,-0.44504648,-3.7015388,-2.0384095,1
3.0,3,-1.0117782,0.5453787,1.2894609,11.852522,-0.50733066,0.16360681,-0.25633892,0.32411307,-2.6137161,-2.2369852,-1.1951724,3.278806,-0.055373505,-2.4743848,-2.877261,0.18039006,0.68296915,-0.441989,-3.700978,-2.0400722,1
18.0,18,-1.3322204,-2.0718858,0.33389598,-2.7905495,-0.52820504,-2.4958992,-0.0013271123,-3.295356,2.107678,-0.16575827,-0.28794643,-0.26934978,0.56514674,0.121338055,0.20616482,-2.3730013,3.2725983,-3.1501446,12.161793,1.7645315,1
18.0,18,-1.3167267,-2.0625572,0.26581317,-2.8088288,-0.4743387,-2.460738,0.014218211,-3.266929,2.0239658,-0.19560838,-0.32586446,-0.25787657,0.5702848,0.13765875,0.23592912,-2.3678043,3.2996995,-3.1481085,12.139915,1.7187377,1
18.0,18,-1.3334732,-2.1079118,0.28757975,-2.802808,-0.5046202,-2.5444393,-0.047980152,-3.3464096,2.1738138,-0.029832538,-0.27698153,-0.24734892,0.6531534,0.08904572,0.18291245,-2.37052,3.1938443,-3.1485708,12.203996,1.7516304,1
18.0,18,-1.4589494,-1.9710872,0.72555536,-2.4225802,-0.8677195,-2.6376266,0.6980465,-3.143128,2.072568,-0.36132267,0.0109933205,-0.36608413,0.5359219,-0.65288967,-0.12824288,-2.494856,3.270316,-3.1968935,12.377172,2.461016,1
18.0,18,-1.3237941,-2.040006,0.27309066,-2.763762,-0.4866311,-2.4613209,0.12507218,-3.229918,1.9635683,-0.2559175,-0.30337605,-0.26398516,0.5655096,0.018528804,0.21663384,-2.3828106,3.3301373,-3.1494684,12.16759,1.8009424,1
18.0,18,-1.3221165,-2.0598052,0.28411618,-2.7932425,-0.49179453,-2.4702528,0.035883155,-3.2644708,2.0296016,-0.20505987,-0.310151,-0.26207805,0.5656108,0.106629744,0.22527207,-2.372093,3.3023999,-3.1491628,12.152224,1.7532734,1
6.0,6,-3.016162,1.7796409,-2.2196445,-0.22475646,1.070405,0.22443223,12.006999,5.8337374,-4.1412215,-0.3156165,-2.3370435,-0.54909366,-2.2463071,-3.8969524,-4.483731,-2.08737,0.89062196,-1.3263388,-0.32125604,-0.8318075,1
6.0,6,-3.0001414,1.7801914,-2.2272727,-0.21170466,1.1044333,0.28882107,12.016248,5.901853,-4.1701374,-0.337611,-2.361138,-0.56585616,-2.236154,-3.8895879,-4.4601183,-2.0773358,0.81043035,-1.318853,-0.4268773,-0.8422835,1
6.0,6,-3.0130467,2.023519,-2.2360957,-0.21357809,1.0227889,0.80199146,12.044633,6.042045,-4.0871267,-0.46308228,-2.4605672,-0.8188149,-2.1879203,-3.5919528,-4.4352593,-2.0104067,0.21267709,-1.2150925,-0.9495358,-0.9685902,1
6.0,6,-2.9500659,1.9630086,-2.2807047,-0.18137224,1.1674165,1.0776361,12.043301,6.361876,-4.17585,-0.63094115,-2.527596,-0.904463,-2.204686,-3.54498,-4.3232455,-1.927827,-0.059030566,-1.1744517,-1.3936088,-1.0186582,1
6.0,6,-2.9708502,1.7878447,-2.2440526,-0.18888547,1.1515226,0.41866687,12.020889,6.032289,-4.2159457,-0.3791651,-2.409381,-0.60672915,-2.216147,-3.876552,-4.4148116,-2.063862,0.67056334,-1.3078277,-0.6126117,-0.8656294,1
6.0,6,-3.0027947,1.7734256,-2.2268445,-0.21515562,1.1065204,0.27562928,12.017741,5.89467,-4.16757,-0.33693227,-2.3558993,-0.559975,-2.2404678,-3.8903477,-4.463249,-2.0755289,0.82305175,-1.3181899,-0.41714534,-0.8410976,1
5.0,5,-1.4101985,0.7803602,-2.0081296,-0.17526665,1.6918725,11.443827,-0.5443465,3.3391273,0.03665621,-0.3721298,-4.11684,-3.0474832,-2.1267245,-0.20764582,-1.9433316,0.58846444,1.3718807,0.09603059,-6.309243,-5.1218762,1
5.0,5,-1.3432734,0.88035774,-2.0164359,-0.13751152,1.6810962,11.42226,-0.5872766,3.2285447,0.000167422,-0.21222013,-4.247361,-3.0199702,-2.0899763,-0.23034546,-1.9976909,0.8102022,1.2703973,0.055583216,-6.3625326,-5.151863,1
5.0,5,-1.3557205,0.76687616,-2.1777658,-0.2130312,1.7220303,11.329726,-0.60268754,2.977478,0.23039255,0.026474556,-4.1505136,-3.064601,-1.909508,-0.21714102,-2.0520084,0.55154717,1.4097836,-0.048966803,-6.149942,-5.126564,1
5.0,5,-1.2032566,0.98279357,-2.1614885,-0.1431615,1.6803869,11.250406,-0.720155,2.824707,0.13851818,0.30180994,-4.368784,-3.0536795,-1.8762015,-0.3093606,-2.1333394,0.9342985,1.2936759,-0.043603696,-6.2976313,-5.1697016,1
5.0,5,-1.2866191,0.95706475,-2.0175855,-0.114388205,1.6763947,11.398472,-0.6312102,3.1476243,-0.026778989,-0.09455809,-4.338375,-3.0103788,-2.0755277,-0.25018921,-2.026348,0.9738189,1.2013329,0.047603115,-6.4164505,-5.1753297,1
5.0,5,-1.3439821,0.87985486,-2.017124,-0.1374674,1.681496,11.424771,-0.5849737,3.2261453,0.0014371946,-0.21403119,-4.246879,-3.01903,-2.0895827,-0.22804439,-1.9970244,0.81044805,1.2676194,0.05065176,-6.3602314,-5.1513042,1
6.0,6,-2.806434,0.74503934,-2.5835404,-1.6326592,1.3319954,1.3591919,12.300014,1.9455276,-2.5951517,-2.3078384,-1.9946308,-0.27212754,-1.4235562,-3.4420547,-3.152471,-0.8874549,3.0303247,-2.2745645,-0.30763644,-1.8314687,1
6.0,6,-2.8290937,0.74093693,-2.5677183,-1.6173457,1.3316656,1.3563874,12.336146,1.919716,-2.5795922,-2.3210235,-1.9966279,-0.20207015,-1.4134481,-3.4272618,-3.1551745,-0.8333696,2.9125874,-2.251532,-0.33777875,-1.8460972,1
6.0,6,-2.8921638,0.6584999,-2.5382655,-1.5663422,1.4505724,1.5141428,12.455355,1.837788,-2.4563682,-2.4604585,-2.013909,-0.11180687,-1.3680642,-3.2914214,-3.166783,-0.57308966,2.352988,-2.2672167,-0.5226837,-1.8921503,1
6.0,6,-2.9188347,0.64788395,-2.509313,-1.5378175,1.4635868,1.4664669,12.493486,1.8025446,-2.4801137,-2.4859118,-2.040009,0.04368145,-1.3680285,-3.268243,-3.1526654,-0.4271595,2.1800473,-2.2297363,-0.5890991,-1.9180483,1
6.0,6,-2.8546014,0.73307383,-2.5521674,-1.6021254,1.3317354,1.350406,12.372347,1.8899893,-2.5660777,-2.3380017,-1.9970441,-0.12674285,-1.4016982,-3.4071605,-3.15508,-0.77174985,2.78782,-2.2288132,-0.36500466,-1.8599619,1
6.0,6,-2.826514,0.7426364,-2.5695763,-1.6192232,1.3298241,1.3544842,12.331681,1.9243835,-2.5835419,-2.3179998,-1.9973546,-0.20835222,-1.4156808,-3.430337,-3.1543305,-0.83987683,2.9297698,-2.2529454,-0.33384684,-1.8441988,1
17.0,17,-2.0309825,0.947997,-0.62992626,-1.3787777,2.8101342,1.1049693,-2.1791112,-1.0005705,-0.9996071,-1.8905307,1.7488714,-0.9534369,-1.5015132,-1.3655686,-2.0392344,0.4788322,1.7443709,12.605032,-5.449868,-4.834946,1
17.0,17,-2.0171566,0.9499044,-0.6310443,-1.3778472,2.8147733,1.1130571,-2.1700406,-0.96451116,-1.0004659,-1.8898978,1.7111152,-0.9665183,-1.4678099,-1.3688159,-2.043663,0.44367987,1.7398564,12.61493,-5.4480352,-4.8390007,1
17.0,17,-2.0854914,0.9815188,-0.64693624,-1.373047,2.678689,1.2028656,-2.1553104,-0.9991826,-1.0021129,-1.9307202,1.7380657,-0.9475564,-1.5218744,-1.2970109,-2.0266218,0.6100473,1.6590865,12.55967,-5.5026646,-4.835399,1
17.0,17,-2.128885,0.9922257,-0.6573842,-1.3756123,2.6042998,1.2278144,-2.1599212,-1.0506771,-1.001815,-1.9478195,1.7862685,-0.9342115,-1.5664657,-1.2616231,-2.0101128,0.7229008,1.6275896,12.521659,-5.5223994,-4.8241067,1
17.0,17,-2.0418644,0.9552979,-0.62350494,-1.3707933,2.7871337,1.1708971,-2.157119,-0.9640635,-1.0193229,-1.8960826,1.7068919,-0.9526595,-1.5264452,-1.3324616,-2.0291781,0.54238,1.6644601,12.59474,-5.4962234,-4.850739,1
17.0,17,-2.0376978,0.9511719,-0.62671983,-1.3755919,2.7990253,1.1343566,-2.1698236,-0.9883745,-1.0086591,-1.8936142,1.7337338,-0.9522271,-1.5166923,-1.3497849,-2.034252,0.51351863,1.7080234,12.598221,-5.4717565,-4.84215,1
7.0,7,-1.3372631,-3.507659,-1.3445083,-2.6878974,1.2250986,1.0115923,5.3991866,13.058324,-2.2666852,-0.49233156,-2.3818026,-2.5478504,-0.10988202,-2.2463822,-2.846142,-0.12834954,-2.4493365,-1.0444046,-2.822573,-0.7078169,1
7.0,7,-1.3081263,-3.5151613,-1.3584934,-2.6932037,1.2403951,1.0075886,5.37705,13.057012,-2.2563646,-0.49376348,-2.3822956,-2.5536556,-0.102291994,-2.2479153,-2.840778,-0.11369964,-2.466329,-1.0448797,-2.8337333,-0.72202146,1
7.0,7,-1.2744484,-3.5145748,-1.3850535,-2.697133,1.2591842,1.0168308,5.3545065,13.050993,-2.2311616,-0.4875155,-2.3869858,-2.563691,-0.10324595,-2.2402103,-2.8381908,-0.07687241,-2.5171838,-1.041929,-2.8729565,-0.75414944,1
7.0,7,-1.2380383,-3.52699,-1.4070327,-2.7084384,1.2809662,1.014319,5.3120074,13.049235,-2.2196443,-0.48052824,-2.3951538,-2.5723388,-0.08914194,-2.2361596,-2.82469,-0.051713437,-2.5363946,-1.0444152,-2.8862436,-0.7737558,1
7.0,7,-1.2862602,-3.5208106,-1.3696756,-2.6974041,1.2517862,1.0045296,5.360894,13.055796,-2.2485657,-0.49462256,-2.382754,-2.5581553,-0.0966756,-2.2493918,-2.8367102,-0.10271536,-2.4786086,-1.0457929,-2.8410707,-0.7326585,1
7.0,7,-1.3162134,-3.514899,-1.3543127,-2.6929257,1.2368729,1.0076072,5.3790064,13.058094,-2.2608688,-0.49215198,-2.3831842,-2.5513895,-0.102822,-2.2468958,-2.8402777,-0.118149914,-2.458273,-1.0452108,-2.8281705,-0.7169785,1
17.0,17,-1.9701602,-0.30465317,0.31728375,-1.422415,2.0629811,0.6387812,-3.1585064,0.8649888,-0.65674525,-0.38528687,0.9863846,-0.7684723,-2.0306206,-1.2569075,1.1991055,0.18269624,-0.20540312,13.136232,-5.6271424,-4.903731,1
17.0,17,-2.008698,-0.32015428,0.32517478,-1.3959911,2.0106385,0.605814,-3.1606317,0.8347397,-0.6321176,-0.37699512,1.0951053,-0.7244429,-2.0080311,-1.2578099,1.1413432,0.14552547,-0.20889282,13.157596,-5.604446,-4.857277,1
17.0,17,-2.044872,-0.3313752,0.31844452,-1.3677765,1.9659445,0.57599056,-3.1555572,0.8019955,-0.6141399,-0.38182253,1.1913762,-0.67545944,-1.9811924,-1.2610171,1.0978091,0.111767024,-0.21020688,13.176991,-5.578987,-4.819349,1
17.0,17,-2.0523553,-0.32662743,0.30051145,-1.3652616,1.9473566,0.5714574,-3.1484485,0.8089373,-0.61737436,-0.39576536,1.1889584,-0.6622477,-1.9688369,-1.2639489,1.1095686,0.09235839,-0.1825921,13.181015,-5.566725,-4.8186383,1
17.0,17,-2.0394967,-0.33394152,0.3317438,-1.3747994,1.9716239,0.5790911,-3.1609633,0.81166553,-0.61207664,-0.37149134,1.1839361,-0.68845886,-1.9898864,-1.2606456,1.096781,0.11190447,-0.21177396,13.173918,-5.586066,-4.8205533,1
17.0,17,-2.0050907,-0.31839535,0.32424408,-1.3986626,2.0147707,0.6091467,-3.1604872,0.83822894,-0.6345648,-0.37785536,1.0841,-0.7288656,-2.0100558,-1.2573512,1.1470379,0.14893131,-0.20800838,13.155642,-5.606591,-4.861626,1
2.0,2,0.2650184,0.9415208,13.568928,-0.53260416,-2.5177069,-1.5765258,-0.9463091,-1.8864542,2.389377,-1.7438655,-0.5485628,-2.0837796,0.874363,-0.20068175,-1.4262009,0.48593622,-1.7485385,-2.350383,-1.0351053,0.96548885,1
2.0,2,0.26766783,0.94123024,13.568804,-0.5325507,-2.5182364,-1.5767657,-0.9452851,-1.8851389,2.3895044,-1.7443591,-0.5493896,-2.0853493,0.8761266,-0.20109633,-1.4297284,0.48515195,-1.7477872,-2.3507845,-1.0352921,0.966365,1
2.0,2,0.26632088,0.9414646,13.568899,-0.5330011,-2.5182457,-1.5762367,-0.945557,-1.8857168,2.3901522,-1.7440872,-0.5490131,-2.0847318,0.87488335,-0.20046464,-1.4285774,0.48544782,-1.7484733,-2.3504202,-1.0350986,0.9657347,1
2.0,2,0.2671833,0.9415733,13.568886,-0.5325657,-2.5181906,-1.5764886,-0.9452932,-1.8853834,2.3893669,-1.7442942,-0.5493563,-2.0850754,0.87556,-0.20074445,-1.4292372,0.48526168,-1.7480706,-2.3506408,-1.03531,0.96596456,1
2.0,2,0.2683764,0.9413133,13.568797,-0.5325232,-2.518356,-1.5766875,-0.94490385,-1.8848157,2.389565,-1.7445376,-0.5497051,-2.085755,0.87647796,-0.20110187,-1.4307619,0.48486906,-1.7476544,-2.3508377,-1.0353651,0.96640676,1
2.0,2,0.26666364,0.9413569,13.568858,-0.5325818,-2.5180354,-1.5766578,-0.94565153,-1.8856286,2.3894403,-1.744175,-0.5490827,-2.0847604,0.8754468,-0.20090553,-1.4284145,0.4854353,-1.7480845,-2.3506181,-1.0352268,0.966017,1
16.0,16,-1.6077561,0.11668304,-2.7395728,-1.1860343,-2.1400456,-1.8385696,-2.2230167,0.77687716,-1.413491,-0.3765917,1.4601872,1.1503756,-1.2171348,-1.8578744,-0.24431701,-3.1031153,12.98381,2.568197,-0.013067035,-1.4530386,1
16.0,16,-1.6128777,0.121873096,-2.7451606,-1.1818103,-2.1413956,-1.848017,-2.2283146,0.7408323,-1.4072897,-0.3757861,1.4984043,1.1657454,-1.2129279,-1.8605139,-0.23538871,-3.122286,12.990481,2.5883653,-0.018676495,-1.4550174,1
16.0,16,-1.6253986,0.14844337,-2.7681816,-1.1769096,-2.1419725,-1.8845756,-2.242078,0.6074029,-1.39322,-0.3566766,1.6106246,1.2254436,-1.1910815,-1.8633416,-0.18199056,-3.1888006,13.012353,2.6329749,-0.031109085,-1.4576834,1
16.0,16,-1.634454,0.16789928,-2.7851448,-1.1754134,-2.142968,-1.9166133,-2.248144,0.5073452,-1.3839648,-0.3416129,1.6989976,1.274311,-1.1717231,-1.8662937,-0.13953489,-3.2416716,13.028127,2.662625,-0.04046856,-1.4576983,1
16.0,16,-1.6233401,0.12859339,-2.758156,-1.1740614,-2.1437166,-1.8679793,-2.239139,0.67013824,-1.395075,-0.37052497,1.5704379,1.2040063,-1.2091701,-1.8646109,-0.21843413,-3.1546214,13.005095,2.617621,-0.023006195,-1.4540145,1
16.0,16,-1.6146001,0.122164585,-2.747326,-1.1805158,-2.1420023,-1.8512061,-2.2294989,0.7307956,-1.4056224,-0.37454394,1.5083503,1.1728781,-1.2127787,-1.8610058,-0.23327605,-3.126261,12.99315,2.5901113,-0.017870782,-1.4538335,1
18.0,18,-2.346426,-2.2358558,-0.5869094,-3.2437963,-1.2122943,-3.2450697,1.7334499,-3.3890178,1.8654158,2.0393028,-0.14209029,-0.66504383,0.8994055,1.0681303,-1.2015952,-2.2984648,2.610683,-3.0192933,11.791521,1.5452532,1
18.0,18,-2.3466287,-2.2352571,-0.6026934,-3.1954854,-1.2503568,-3.2818334,1.7381372,-3.4322815,1.898484,2.0262487,-0.11415249,-0.6281855,0.93557173,0.9959602,-1.2153176,-2.280242,2.6122382,-3.0403333,11.865604,1.6415755,1
18.0,18,-2.5774949,-2.359413,-0.46845114,-3.1068125,-1.4061043,-3.6804695,1.4546582,-4.1296277,2.733736,2.9652243,0.19396497,-0.40091288,0.9420588,0.91832,-1.633305,-2.3367078,2.2927425,-2.7987213,11.894742,2.1823068,1
18.0,18,-2.8556485,-2.316311,-0.35731715,-2.8714554,-2.0172205,-4.1029143,1.2821137,-4.705935,4.2673287,4.5094523,0.57316655,-0.4493025,0.7797829,0.008769356,-2.255308,-2.50257,2.1352825,-2.4231834,11.557356,2.9385521,1
18.0,18,-2.3847501,-2.250885,-0.6302552,-3.1081874,-1.3619189,-3.3968115,1.7368959,-3.5677807,2.1117635,2.1538484,-0.01070212,-0.57479006,0.99609035,0.79506105,-1.3131196,-2.2713525,2.5959635,-3.0543468,11.998767,1.881573,1
18.0,18,-2.3481975,-2.2336798,-0.598027,-3.199915,-1.2422397,-3.2814193,1.7625483,-3.4052098,1.8584822,2.0171273,-0.12318148,-0.6374187,0.930597,1.002991,-1.2124883,-2.2830124,2.6158264,-3.0349486,11.852019,1.6352996,1
13.0,13,-2.7285173,1.5246785,-1.5253304,-2.5824716,-1.2756183,0.08844809,-1.7419256,-2.5240734,-1.734322,-2.0863402,-3.311234,1.8961343,2.908127,12.570329,0.9464008,0.8603493,-1.2201111,-0.23520383,-2.937662,-3.9215672,1
13.0,13,-2.732274,1.5427928,-1.5230465,-2.5648243,-1.2886426,0.08707842,-1.7525325,-2.5263083,-1.7410187,-2.079091,-3.2988763,1.9184757,2.8857758,12.572334,0.9394962,0.866552,-1.2331254,-0.219329,-2.9506578,-3.9191692,1
13.0,13,-2.7140076,1.5163577,-1.5143927,-2.5490851,-1.3100907,0.084111266,-1.761631,-2.5086253,-1.7223886,-2.097233,-3.2896068,1.9478039,2.897127,12.5691395,0.92551595,0.8744659,-1.2424359,-0.25382587,-2.9495363,-3.917353,1
13.0,13,-2.729309,1.5974305,-1.5017838,-2.477168,-1.4091636,0.08148595,-1.8099784,-2.4823937,-1.7655559,-2.062599,-3.2425125,2.0689352,2.8234513,12.579911,0.87521416,0.90187657,-1.2776943,-0.24191862,-2.984842,-3.8765383,1
13.0,13,-2.7356377,1.5576582,-1.5207881,-2.5511901,-1.2998743,0.08637089,-1.7603292,-2.5278616,-1.7465808,-2.0737243,-3.289281,1.9358246,2.8683987,12.573896,0.9336459,0.87161225,-1.2427368,-0.2073502,-2.9608383,-3.9166336,1
13.0,13,-2.7319322,1.5395379,-1.5238642,-2.5691803,-1.2851353,0.087575376,-1.7492442,-2.5266588,-1.7400174,-2.0804157,-3.3020992,1.9124334,2.8899045,12.571736,0.94126004,0.8653994,-1.2294286,-0.22166395,-2.947923,-3.9199593,1
12.0,18,-1.4109699,-1.8409984,6.522066,-2.7666678,-1.82441,-1.7996488,-0.77546096,-1.8907871,0.6540776,0.3949766,-1.9357146,-2.1162865,4.260133,3.3936036,-0.7364881,-3.8501477,0.5764246,-2.5372136,9.413388,1.4568579,0
12.0,18,-1.4071025,-1.8433871,6.5232005,-2.7732828,-1.8098202,-1.796332,-0.780422,-1.893341,0.65269494,0.418525,-1.9403706,-2.1219392,4.23619,3.3981633,-0.7348085,-3.847491,0.574263,-2.5356352,9.407993,1.4501519,0
12.0,18,-1.4020982,-1.8480382,6.4558334,-2.7953737,-1.7988309,-1.8050817,-0.7938994,-1.9079726,0.6681155,0.47970363,-1.9475116,-2.1242902,4.2357893,3.383626,-0.7322266,-3.8495057,0.5865758,-2.5471926,9.452637,1.4534074,0
12.0,18,-1.4243377,-1.8077481,6.4788756,-2.7577956,-1.84083,-1.7520066,-0.7106698,-1.8549745,0.61032283,0.27921876,-1.9630296,-2.100832,4.348467,3.3943768,-0.76631767,-3.8368094,0.57244474,-2.5429983,9.398098,1.4125303,0
12.0,18,-1.4068378,-1.8391383,6.5250726,-2.773844,-1.8035856,-1.7868675,-0.77264094,-1.8894898,0.64530987,0.41308302,-1.9467858,-2.123412,4.231623,3.4011765,-0.73897433,-3.8433633,0.57079345,-2.5341089,9.398357,1.4378211,0
12.0,18,-1.4082273,-1.8425276,6.523496,-2.771374,-1.812611,-1.7958665,-0.7775759,-1.8918986,0.6512818,0.41137913,-1.9397165,-2.1205006,4.2407675,3.397599,-0.73560166,-3.8472843,0.5740157,-2.5363317,9.40836,1.4519168,0
15.0,14,-0.27929538,-0.24780294,-0.86023384,-2.4030044,1.5290921,0.9103643,-2.9696355,0.10075942,-3.6774921,-2.0862255,-3.509698,-2.4106743,-2.6909416,-0.33460572,10.152723,8.912102,-0.7765129,-0.39644963,-4.736367,-4.293722,0
15.0,14,-0.28957346,-0.23351783,-0.8835221,-2.376835,1.4724718,0.87600577,-2.9360456,0.04414493,-3.6699862,-2.107417,-3.4872062,-2.3893843,-2.6744237,-0.30966312,10.084823,9.020414,-0.8234319,-0.4599958,-4.717959,-4.2686615,0
15.0,14,-0.28480664,-0.22914031,-0.92910296,-2.376534,1.478327,0.8689976,-2.9168308,0.03629233,-3.6742918,-2.1134121,-3.5118215,-2.3752916,-2.6447349,-0.28014094,10.086766,9.027438,-0.82384896,-0.4958663,-4.709592,-4.272091,0
15.0,14,-0.301535,-0.19527656,-0.9842535,-2.3114288,1.3471488,0.77531946,-2.8295093,-0.104795545,-3.655601,-2.165282,-3.4428754,-2.3257587,-2.6017623,-0.22261265,9.90246,9.292645,-0.9491971,-0.6587737,-4.662921,-4.2013,0
15.0,14,-0.29782146,-0.21982211,-0.9056077,-2.3489046,1.423477,0.8408245,-2.896988,-0.01386784,-3.6643555,-2.1299918,-3.4646351,-2.3683643,-2.661577,-0.28549594,10.0067835,9.136574,-0.87789977,-0.52592754,-4.701739,-4.241687,0
15.0,14,-0.28907767,-0.23382825,-0.8827081,-2.3769796,1.4751189,0.87680435,-2.9350905,0.04526095,-3.670766,-2.1077702,-3.4882514,-2.3900917,-2.6754334,-0.31012487,10.084107,9.020498,-0.82429713,-0.45954347,-4.7190423,-4.2688394,0
6.0,6,-0.5825642,-3.2793489,-1.5522392,-0.74728405,7.972128,-2.2951953,8.466222,7.74129,-6.6466656,-2.202501,-3.2244432,-1.1353046,0.19397524,-5.0405507,-0.5095369,-0.072357506,-1.2791588,-1.0191054,-0.5724187,-1.6049095,1
6.0,6,-0.5191153,-3.328523,-1.5540848,-0.7530661,8.150793,-2.2974057,8.326609,7.6789637,-6.638921,-2.1923544,-3.2236505,-1.1365076,0.19280553,-5.0492096,-0.44080806,-0.08829547,-1.2772317,-0.9641849,-0.63536537,-1.6671253,1
6.0,6,-0.6115835,-3.2489169,-1.6070344,-0.8312993,7.880248,-2.2756152,8.616353,7.7637224,-6.6163983,-2.1352434,-3.170256,-1.0878816,0.16645554,-5.075186,-0.63899904,-0.14815666,-1.2634182,-1.07936,-0.39701304,-1.4647108,1
6.0,6,-0.5421966,-3.2864585,-1.6172383,-0.8374422,8.070507,-2.2851005,8.508085,7.6676183,-6.6180754,-2.1253195,-3.1760342,-1.0798324,0.15123415,-5.0834417,-0.57446975,-0.13274282,-1.2762706,-1.0446931,-0.455583,-1.5203364,1
6.0,4,-0.44804522,-3.3597214,-1.5706856,-0.7565354,8.3409195,-2.308708,8.223187,7.5652494,-6.6402907,-2.1794693,-3.2310946,-1.1243885,0.16956744,-5.056935,-0.37841606,-0.06007503,-1.288209,-0.93368554,-0.6918854,-1.7178166,0
6.0,6,-0.489736,-3.3255327,-1.5706596,-0.75261045,8.220413,-2.309649,8.323611,7.6055107,-6.6480145,-2.1858263,-3.2329798,-1.1225885,0.16848204,-5.0518465,-0.4271539,-0.0443881,-1.2918686,-0.9747708,-0.64740896,-1.6731392,1
8.0,8,-2.1832783,-1.1201291,-0.724608,-2.0730515,-2.337641,0.09288718,-2.4232206,-5.9278903,12.963905,3.4946146,0.94936764,-2.3601265,0.1591163,0.36901283,-2.6190603,-2.211702,-0.9926532,-0.30071825,3.1746588,-0.19892657,1
8.0,8,-2.180491,-1.1193295,-0.71787345,-2.0697207,-2.3464558,0.08147879,-2.4305105,-5.9215817,12.971199,3.4942389,0.95160943,-2.3623264,0.16301203,0.3641659,-2.6222808,-2.2044294,-1.0031224,-0.2939793,3.1707985,-0.19767776,1
8.0,8,-2.182897,-1.1132832,-0.73087883,-2.0705736,-2.3397157,0.1132985,-2.390981,-5.9422092,12.947784,3.5032618,0.95630944,-2.3683589,0.10929067,0.38289794,-2.6306093,-2.1907947,-0.9892114,-0.29279417,3.144496,-0.20468554,1
8.0,8,-2.1696322,-1.1167822,-0.6850932,-2.0654764,-2.368692,0.103079446,-2.3761022,-5.8990626,12.979499,3.5413647,0.9127967,-2.3889532,0.18122268,0.37672117,-2.6606393,-2.1873116,-1.0656978,-0.32376224,3.1243408,-0.21773195,1
8.0,8,-2.1767168,-1.1186042,-0.7085346,-2.066605,-2.3552074,0.07101427,-2.4349246,-5.91346,12.9796915,3.4964855,0.9508185,-2.3664856,0.17068306,0.3595603,-2.627248,-2.197739,-1.0181522,-0.28958657,3.1641045,-0.19790822,1
8.0,8,-2.1802428,-1.1194518,-0.7175178,-2.0698605,-2.3460815,0.08072573,-2.4317172,-5.9215403,12.97153,3.4953988,0.95105165,-2.36202,0.16466114,0.36382306,-2.622253,-2.2052026,-1.0031635,-0.29437083,3.1710517,-0.19717687,1
17.0,17,-1.4896848,-0.4959349,-2.078173,-2.0369232,3.7850807,3.4105847,-1.3903501,5.854617,-1.9240514,-1.0758092,-1.4055943,-0.8618196,-4.943353,-2.6704166,0.6100138,-0.19090588,2.083637,10.017985,-6.853461,-4.621751,1
17.0,17,-1.597078,-0.47132087,-2.0248263,-1.924713,3.6313882,3.1854036,-1.4986416,5.625344,-1.8048708,-0.99518436,-0.9434963,-0.63408494,-5.012566,-2.71772,0.3352012,-0.27212167,2.0851047,10.334007,-6.7685184,-4.4907227,1
17.0,17,-1.609961,-0.5677549,-2.1637592,-1.9396067,3.6000202,3.0245068,-1.6132944,5.6087174,-1.8225574,-0.9754972,-0.6105226,-0.42151728,-5.2317104,-2.6786258,0.3678367,-0.22911575,2.201624,10.194113,-6.6791177,-4.3349833,1
17.0,17,-1.8233378,-0.5283048,-2.1313312,-1.828659,3.3851929,2.5252368,-1.8563805,4.945391,-1.5535512,-0.66953564,0.38271898,0.011501586,-5.364187,-2.7451413,-0.08471841,-0.46878117,2.3108134,10.779091,-6.4557004,-4.099449,1
17.0,17,-1.6649783,-0.45337456,-1.9983075,-1.8628458,3.5417697,3.0336192,-1.5737547,5.460351,-1.7255865,-0.92998,-0.64072156,-0.48483464,-5.0622306,-2.747919,0.16683047,-0.32420057,2.0897024,10.540023,-6.713365,-4.4114447,1
17.0,17,-1.5693731,-0.47876072,-2.0367131,-1.9520088,3.6703098,3.243538,-1.4705285,5.6876817,-1.8338392,-1.0166197,-1.0626636,-0.69422644,-4.9943266,-2.708125,0.40480822,-0.25163504,2.0820563,10.254696,-6.7914853,-4.523661,1
5.0,5,-0.15728173,1.8570886,-1.8003838,-0.10673494,6.56717,11.444123,-0.80802965,1.0670196,-2.2657664,-1.3039068,-4.364129,-2.271826,-2.0159287,-0.47145033,1.3232393,0.27453417,-1.8985505,0.35053423,-6.2594066,-5.6087885,1
5.0,5,-0.16158447,1.8645535,-1.7863891,-0.104453176,6.5910697,11.421996,-0.8417413,1.0102817,-2.2614124,-1.3048261,-4.3594923,-2.2699792,-2.0341156,-0.4618652,1.3490916,0.30268043,-1.9119425,0.4239678,-6.2826815,-5.626519,1
5.0,5,-0.22678038,1.8910711,-1.8726302,-0.070199005,6.172385,11.623327,-0.7554165,1.2290804,-2.185981,-1.2457478,-4.3891897,-2.292315,-1.8546653,-0.41199055,1.1326332,0.12916198,-1.7447994,0.18404588,-6.180603,-5.516167,1
5.0,5,-0.24707603,1.9245381,-1.8365552,-0.05214576,6.192533,11.587146,-0.8467309,1.0576224,-2.1613436,-1.2413182,-4.3817163,-2.290142,-1.8909965,-0.36802,1.1921066,0.20363556,-1.772313,0.3649874,-6.232224,-5.5537744,1
5.0,5,-0.16877022,1.8722484,-1.77069,-0.10139007,6.6145926,11.399667,-0.8756675,0.9476973,-2.256683,-1.3064762,-4.354902,-2.2676356,-2.0526133,-0.44909224,1.3775883,0.33485883,-1.9287357,0.4999968,-6.305636,-5.6442013,1
5.0,5,-0.16525635,1.8666785,-1.7829581,-0.10213398,6.594543,11.418531,-0.84821784,0.9877832,-2.2600298,-1.3050201,-4.3596396,-2.2681842,-2.0376287,-0.4549773,1.3589554,0.31631076,-1.920038,0.43549216,-6.2848744,-5.6263905,1
13.0,13,-2.685422,3.2439501,1.9220958,-2.3810794,-2.05347,0.90893185,-2.688932,-2.398233,-2.3432925,0.1873895,-3.1391153,0.73325574,-1.470273,12.293189,0.48522186,1.7794363,-1.9158052,0.5798008,-2.958542,-3.0079076,1
13.0,13,-2.685955,3.2446094,1.925391,-2.3810477,-2.0552835,0.9084914,-2.6896923,-2.3984385,-2.3426437,0.18978912,-3.137763,0.7320859,-1.4711483,12.292305,0.48442358,1.7800786,-1.9169263,0.5800659,-2.959639,-3.0072927,1
13.0,13,-2.6863132,3.2392137,1.9201293,-2.3847134,-2.0502954,0.9068476,-2.6913183,-2.3989275,-2.3420186,0.19248083,-3.134812,0.7329961,-1.4735125,12.294454,0.48595244,1.7781595,-1.9162573,0.58534575,-2.9598646,-3.0047224,1
13.0,13,-2.6891387,3.241579,1.9355946,-2.384973,-2.060201,0.90385616,-2.6973932,-2.4001348,-2.3391788,0.20671764,-3.126717,0.7254893,-1.4784552,12.290517,0.48329735,1.7826107,-1.9212723,0.5883743,-2.9667127,-2.999967,1
13.0,13,-2.6865582,3.24509,1.9287345,-2.3811662,-2.0572224,0.90786684,-2.6907892,-2.3987033,-2.3419712,0.19275089,-3.1360638,0.73063326,-1.4722514,12.291447,0.4837175,1.7808676,-1.9180573,0.5806835,-2.9609845,-3.0063503,1
13.0,13,-2.6859057,3.244709,1.925142,-2.3809204,-2.0552382,0.9085549,-2.68958,-2.3984468,-2.3427665,0.18957284,-3.1379502,0.7321563,-1.4710522,12.2923355,0.48443896,1.7800616,-1.9167886,0.57999104,-2.959564,-3.0073278,1
3.0,10,-1.9652363,-2.1826096,-2.275033,5.9621196,-2.2612777,-3.2163115,-1.561417,-1.6228323,-1.1848147,-1.708023,8.15774,7.638218,-2.9958615,-3.2588136,-2.221201,-1.2014378,7.102858,-0.63346404,-0.8882333,-0.9580269,0
3.0,10,-1.9572734,-2.195323,-2.277601,5.963638,-2.2550592,-3.2158422,-1.5704306,-1.6195663,-1.1714909,-1.7226204,8.169595,7.608814,-2.9924774,-3.2668724,-2.208939,-1.1974008,7.0976973,-0.6341412,-0.89598453,-0.9627422,0
3.0,10,-1.962453,-2.2004995,-2.2864835,5.9476323,-2.2558243,-3.222589,-1.56843,-1.6171027,-1.1679162,-1.731686,8.159817,7.6031337,-2.9905581,-3.2773573,-2.1989908,-1.2001295,7.1377163,-0.632968,-0.8779143,-0.9677762,0
3.0,10,-1.9578564,-2.211542,-2.2924087,5.9383674,-2.252294,-3.2255833,-1.5753028,-1.6142573,-1.1565838,-1.7467548,8.164994,7.57696,-2.988606,-3.2861836,-2.1841671,-1.1982371,7.155135,-0.63387287,-0.8760359,-0.9731142,0
3.0,10,-1.9524331,-2.2031145,-2.2796404,5.962384,-2.2516258,-3.2161062,-1.5760396,-1.617862,-1.1633571,-1.7320766,8.176343,7.5898757,-2.990722,-3.2716017,-2.2003977,-1.195007,7.098375,-0.63501155,-0.89965856,-0.965696,0
3.0,10,-1.9593103,-2.1921403,-2.2772014,5.962359,-2.2568777,-3.2162352,-1.5682372,-1.6204017,-1.1748738,-1.719493,8.165883,7.615408,-2.9933484,-3.2650723,-2.211305,-1.1984969,7.101731,-0.6342753,-0.89333117,-0.96181643,0
9.0,9,-0.130603,-0.17617702,2.509689,-3.5536997,1.0235099,-1.2106706,-0.84038067,-1.6984321,-0.1736939,11.5355835,-3.659935,-2.9685478,2.6817508,1.1603515,-1.0890603,-1.9116993,-2.319058,-0.14682901,0.80131966,-2.7541375,1
9.0,9,-0.13806853,-0.15173125,2.5484362,-3.5376735,1.0050429,-1.1858493,-0.8180243,-1.6805048,-0.19984868,11.515633,-3.6897771,-2.9858842,2.6759026,1.1950791,-1.0880694,-1.8890725,-2.3364084,-0.1507748,0.7318639,-2.7753952,1
9.0,9,-0.2087926,-0.04962431,2.4122357,-3.4586413,0.7793076,-1.3231815,-0.8611434,-1.9409525,0.020532526,11.654677,-3.6180906,-2.9611351,2.6944525,1.1676338,-1.1720871,-1.7299361,-2.2889752,-0.13888738,0.6854896,-2.6747947,1
9.0,9,-0.3356522,0.27119666,2.740261,-3.2627292,0.42568794,-1.1427099,-0.67711854,-1.9331177,-0.13788518,11.441624,-3.8927085,-3.130582,2.7234719,1.5620415,-1.1294831,-1.3324443,-2.4743526,-0.17372283,-0.11369072,-2.8912024,1
9.0,9,-0.1628732,-0.07244527,2.646306,-3.4847102,0.93005973,-1.1353668,-0.7634638,-1.6590055,-0.24519572,11.47673,-3.7623377,-3.0325782,2.6715524,1.2842288,-1.0933225,-1.8130375,-2.3838563,-0.15599847,0.52476376,-2.8222535,1
9.0,9,-0.14512701,-0.11863901,2.5796075,-3.5148702,0.97473866,-1.1719087,-0.7999655,-1.6754144,-0.21108958,11.511999,-3.712317,-3.002421,2.6752615,1.2161071,-1.091451,-1.8614169,-2.351552,-0.14772496,0.64752483,-2.787803,1
13.0,13,-1.3657944,1.4753263,1.7658952,-2.7435448,-1.4647584,1.1195897,-3.5176613,-2.7627132,-0.43743888,-1.3836831,-3.2283301,-0.23564486,-0.011687316,12.682543,0.83356506,1.2532661,-1.3921318,-0.08881461,-2.442604,-4.3175755,1
13.0,13,-1.3681811,1.4767194,1.7652344,-2.7387674,-1.4646099,1.1223916,-3.5110388,-2.7604797,-0.4451305,-1.387498,-3.2323935,-0.2321327,-0.012135468,12.681581,0.8344154,1.2520685,-1.3910078,-0.08990871,-2.4393313,-4.3173347,1
13.0,13,-1.35636,1.4631958,1.7445525,-2.7635286,-1.4628588,1.1121931,-3.540809,-2.768566,-0.4147694,-1.3730372,-3.2165534,-0.24529707,0.0011490956,12.690981,0.83333105,1.2555263,-1.3908808,-0.08657383,-2.446138,-4.316328,1
13.0,13,-1.3561369,1.4651287,1.7569952,-2.7649796,-1.4636606,1.1095428,-3.5435693,-2.769806,-0.40872893,-1.3697883,-3.2130687,-0.24882504,-0.0040971264,12.688896,0.83177435,1.2565165,-1.3941956,-0.085395075,-2.4514205,-4.3177433,1
13.0,13,-1.3659933,1.4758589,1.7664636,-2.7439756,-1.464142,1.1198419,-3.5165591,-2.7630324,-0.43676755,-1.383338,-3.2271383,-0.23509039,-0.014906354,12.682267,0.8322515,1.2535778,-1.3931949,-0.088365145,-2.4419794,-4.3177147,1
13.0,13,-1.3663111,1.4760778,1.7668443,-2.743123,-1.4642177,1.1200885,-3.5159376,-2.7627945,-0.43780658,-1.3838615,-3.2278075,-0.23467407,-0.014710508,12.68208,0.83254284,1.2534076,-1.3929538,-0.08851134,-2.4418173,-4.317664,1
19.0,19,0.105775446,-2.139188,-0.24364945,0.015332816,-1.2688322,-3.1898084,-0.18371564,1.831122,-0.17411602,0.16999893,2.9094408,-2.2167804,0.8480418,-1.1516469,-3.303564,-0.8779221,0.28099197,0.54870754,-0.18913978,11.111452,1
19.0,19,0.113334104,-2.1365173,-0.24811548,0.01547678,-1.2721108,-3.1748197,-0.19319537,1.8373791,-0.16772729,0.16981632,2.9145608,-2.2255507,0.83838046,-1.1510117,-3.3044963,-0.870069,0.27620226,0.5521471,-0.21778603,11.095244,1
19.0,19,-0.079357,-2.232203,-0.19222218,-0.063810095,-1.2314589,-3.3673508,-0.21008539,1.4875319,0.019920975,0.37530527,2.8964944,-2.050331,0.90332025,-1.0622118,-3.3313055,-0.93884724,0.23569056,0.46707344,0.32065505,11.385171,1
19.0,19,0.06612013,-2.1038418,-0.2802972,0.010579983,-1.3084927,-3.102272,-0.36912867,1.7993433,0.018251788,0.44641942,2.8876114,-2.3124695,0.8558977,-1.1147966,-3.3745406,-0.8477403,0.20948827,0.695667,-0.53666484,10.930859,1
19.0,19,0.14114933,-2.113912,-0.26487967,0.019219229,-1.285765,-3.1083333,-0.2415216,1.8772484,-0.13789228,0.19790146,2.9164557,-2.2754152,0.81694883,-1.1427782,-3.3192074,-0.84205204,0.24317062,0.59021705,-0.3846763,11.007004,1
19.0,19,0.12133621,-2.129453,-0.2523582,0.015394984,-1.2764442,-3.1554224,-0.20271176,1.8464098,-0.16001782,0.17256103,2.9170227,-2.238366,0.82801735,-1.1477714,-3.3079004,-0.85992944,0.26517797,0.55928063,-0.2583601,11.075119,1
6.0,6,-2.6833928,0.11931871,-1.9682685,-0.99485207,4.115162,1.1292139,12.628985,1.6734769,-2.9034371,-2.7446918,-1.360818,-1.1085317,-0.95995706,-3.5336497,-2.0659168,-1.1812661,-0.78493416,-2.2542543,0.41438356,-2.1445067,1
6.0,6,-2.677895,0.114158854,-1.9712993,-0.9941875,4.153711,1.1235145,12.622585,1.6658876,-2.913802,-2.7423933,-1.367791,-1.1069742,-0.95605373,-3.5376678,-2.0544724,-1.1793,-0.7874916,-2.238675,0.39128515,-2.1616495,1
6.0,6,-2.6933906,0.10953306,-1.9923997,-0.991913,4.1621337,1.1667036,12.612687,1.5899906,-2.8562484,-2.7651665,-1.3558834,-1.1138515,-0.95071197,-3.4654498,-2.0410216,-1.1262631,-0.84127975,-2.225365,0.29277807,-2.1880744,1
6.0,6,-2.693018,0.102391124,-2.0032992,-0.9867307,4.2082477,1.1584154,12.607547,1.5728838,-2.8702545,-2.7644646,-1.3641084,-1.1032295,-0.9351905,-3.4593105,-2.0284183,-1.10962,-0.85766935,-2.1976376,0.24725658,-2.210696,1
6.0,6,-2.6768637,0.11427966,-1.9801327,-0.98956263,4.179619,1.1191026,12.620836,1.6593302,-2.9275703,-2.7377522,-1.3745444,-1.1012208,-0.94915944,-3.5384274,-2.0462253,-1.1708298,-0.7938037,-2.221162,0.3631159,-2.1770744,1
6.0,6,-2.6778815,0.11465673,-1.9750862,-0.9924898,4.1601267,1.1226877,12.622464,1.6632364,-2.9177222,-2.740849,-1.3695184,-1.1049176,-0.9539715,-3.5367606,-2.0526392,-1.1755764,-0.79015183,-2.233799,0.38248727,-2.166139,1
18.0,18,-1.9641936,-1.3986542,-2.4001296,-2.7915413,-1.0899009,-1.5747243,2.6714203,-2.8912616,1.686235,-0.6441307,-0.60480696,-1.401537,3.0012074,-0.4365198,-0.2100884,-2.2901497,2.8863313,-3.5866938,11.402339,-0.31624645,1
18.0,18,-1.9647205,-1.4001014,-2.3998394,-2.7910361,-1.0895871,-1.5777218,2.666375,-2.8986192,1.6884611,-0.63908917,-0.60211736,-1.3968194,2.997448,-0.43281877,-0.20830773,-2.2871,2.8838954,-3.5887835,11.406606,-0.3124815,1
18.0,18,-1.9691111,-1.4033375,-2.3991697,-2.7907758,-1.0875515,-1.5861305,2.6482122,-2.9309764,1.7046878,-0.61397207,-0.59321606,-1.3805794,2.9805245,-0.42269343,-0.20677249,-2.275075,2.8765328,-3.590311,11.415624,-0.31117767,1
18.0,18,-1.9604096,-1.375639,-2.4161885,-2.7990017,-1.0927486,-1.5477233,2.7151437,-2.843192,1.6255623,-0.6655718,-0.63819957,-1.4299852,3.0604408,-0.4436109,-0.21371992,-2.3093798,2.8961322,-3.5706744,11.359634,-0.36293474,1
18.0,18,-1.9644004,-1.3976283,-2.4025033,-2.791715,-1.090344,-1.5769902,2.66826,-2.897755,1.6789867,-0.63713783,-0.6049945,-1.3960346,3.0043437,-0.42983484,-0.20675461,-2.2872658,2.8833697,-3.5884254,11.404517,-0.3157897,1
18.0,18,-1.9643275,-1.3995144,-2.400113,-2.791182,-1.0899994,-1.5771549,2.6677547,-2.895843,1.6866364,-0.64041585,-0.6031101,-1.3980565,2.9992964,-0.43398738,-0.20882486,-2.2882423,2.8850741,-3.5878954,11.405474,-0.3134219,1
4.0,4,-0.62581277,-2.0450552,-2.5690112,-1.5313966,12.392981,-1.5847921,6.1663218,-0.17049813,-4.549414,-1.155246,-2.4297001,1.3379883,-3.355116,-4.7648053,0.23626496,1.1538562,1.6020797,1.0196865,-2.0046275,-3.2213712,1
4.0,4,-0.60612226,-2.0920124,-2.551148,-1.5119785,12.480195,-1.6264447,5.9719586,-0.25461394,-4.519654,-1.1492083,-2.386908,1.3509842,-3.3404305,-4.723375,0.32133275,1.2013956,1.5404801,1.0890571,-2.0303068,-3.235156,1
4.0,4,-0.6108694,-2.1048343,-2.567585,-1.4877388,12.493362,-1.6031616,5.964152,-0.26076972,-4.557033,-1.1876638,-2.4157476,1.370241,-3.4006803,-4.6996446,0.36763233,1.4188153,1.3964242,1.0497104,-2.0421786,-3.2521286,1
4.0,4,-0.57948446,-2.1902244,-2.5244112,-1.4504577,12.639035,-1.7183133,5.543661,-0.46028563,-4.4811063,-1.1629994,-2.3068707,1.4087168,-3.3522494,-4.6139164,0.53833467,1.4644713,1.340982,1.218858,-2.0850682,-3.2792325,1
4.0,4,-0.59630233,-2.1154444,-2.5415533,-1.501744,12.522986,-1.6486574,5.8718066,-0.29810783,-4.5042663,-1.1455812,-2.3643453,1.357445,-3.3318608,-4.702111,0.36438262,1.223647,1.5119071,1.1248653,-2.043056,-3.2417705,1
4.0,4,-0.60937697,-2.0839014,-2.5539925,-1.5160904,12.465972,-1.619514,6.0026727,-0.24222526,-4.5240145,-1.1497753,-2.3938591,1.3498528,-3.3427458,-4.730505,0.3073538,1.1914555,1.5539875,1.0792505,-2.0256515,-3.2336373,1
5.0,5,-1.1994007,1.4338887,-1.3231186,-0.04888082,2.1026256,12.827113,-1.0350759,2.320329,-0.7647086,-1.6725622,-4.8485856,-2.8432508,-1.3185122,0.59304196,1.2030565,1.9463326,-2.1207411,-1.6519227,-5.801124,-4.896506,1
5.0,5,-1.1996439,1.4336598,-1.3075919,-0.040290598,2.112619,12.816699,-1.0455105,2.2918699,-0.7946929,-1.6871234,-4.85274,-2.8404243,-1.3429509,0.5948465,1.2427762,2.019176,-2.1393235,-1.6697949,-5.80422,-4.906412,1
5.0,5,-1.2345963,1.4139342,-1.4884819,-0.10164567,1.9651564,12.866721,-0.9972323,2.396116,-0.5597006,-1.5175883,-4.8153315,-2.8659012,-1.08293,0.6297813,0.97648793,1.552347,-1.9900389,-1.5765895,-5.745936,-4.8093615,1
5.0,5,-1.2483765,1.4304514,-1.4119558,-0.055143703,1.9533317,12.830391,-1.0390859,2.2306392,-0.69514304,-1.5816919,-4.8380885,-2.863435,-1.2064344,0.66493136,1.180974,1.9373372,-2.0964231,-1.6909777,-5.7419066,-4.851259,1
5.0,5,-1.2041279,1.4353299,-1.2772462,-0.020545814,2.1137252,12.79659,-1.0654202,2.2309494,-0.85792464,-1.714485,-4.8624477,-2.8356683,-1.3894137,0.60448235,1.3297613,2.1777697,-2.179946,-1.7146122,-5.804642,-4.922409,1
5.0,5,-1.2051665,1.4379404,-1.2951152,-0.030007789,2.0921607,12.810571,-1.0551853,2.2576766,-0.82455605,-1.6955049,-4.859166,-2.839472,-1.3603894,0.6075501,1.2909484,2.099422,-2.1590338,-1.6996326,-5.7973843,-4.9100966,1
8.0,9,-0.03984763,-0.13675003,0.26655152,-4.103874,-1.6712084,-1.2710685,-3.3576598,-3.507922,7.1744027,11.349609,-1.624483,-3.3196476,1.1680483,2.5251706,-0.9490189,-4.0913134,0.041457463,-0.8265759,-0.9934987,-1.3719752,0
8.0,9,-0.039781414,-0.13671598,0.26660696,-4.1038437,-1.671199,-1.2711809,-3.357613,-3.507988,7.17408,11.349848,-1.6245351,-3.3196087,1.1680251,2.5252728,-0.94901055,-4.0911937,0.04141258,-0.8266524,-0.9934733,-1.3719181,0
8.0,9,-0.03998236,-0.1368165,0.26644513,-4.103665,-1.671509,-1.2705238,-3.3576481,-3.5079024,7.1751823,11.349063,-1.6244256,-3.3199022,1.1677277,2.5257936,-0.94950485,-4.0909743,0.041059356,-0.8265719,-0.9940274,-1.3722112,0
8.0,9,-0.039787635,-0.137547,0.2669877,-4.103158,-1.6715915,-1.2690306,-3.3577535,-3.5064156,7.1766143,11.34698,-1.6240854,-3.3207211,1.1670481,2.526867,-0.95048875,-4.090955,0.040701803,-0.8260921,-0.9968437,-1.3738062,0
8.0,9,-0.039741322,-0.1367184,0.26664925,-4.103809,-1.6711996,-1.2711824,-3.3575895,-3.5079782,7.173962,11.349895,-1.6245534,-3.3196177,1.1679829,2.525364,-0.9490412,-4.091119,0.041372012,-0.8266794,-0.99356043,-1.3719366,0
8.0,9,-0.03979495,-0.13670516,0.26657903,-4.10387,-1.6711862,-1.2711895,-3.3576157,-3.5079858,7.1740828,11.349845,-1.6245422,-3.319598,1.168045,2.525215,-0.9489735,-4.0912213,0.04144684,-0.82664764,-0.99343073,-1.3718909,0
19.0,19,-1.1327322,-1.7986355,3.8618388,-0.33243558,-2.227643,-2.380767,0.23721677,1.4382571,-0.50464225,0.1907203,0.94517463,-1.4914113,1.5182295,-0.17163563,-2.0921955,-2.1892023,-0.10889307,-1.420655,4.0802307,12.846997,1
19.0,19,-1.1314882,-1.8025017,3.8569393,-0.3326852,-2.2330213,-2.3847187,0.23581076,1.4376667,-0.5001202,0.19151168,0.94682854,-1.4929625,1.5183413,-0.17068572,-2.0923858,-2.1878047,-0.106462635,-1.4204606,4.0871525,12.849537,1
19.0,19,-1.1429529,-1.8087053,3.8754106,-0.32923034,-2.256719,-2.394614,0.24303854,1.4208134,-0.46424624,0.16422103,0.9605772,-1.4824636,1.5167661,-0.17700908,-2.101214,-2.1881776,-0.1047041,-1.427363,4.1338353,12.852848,1
19.0,19,-1.1394298,-1.7872732,3.9249382,-0.28192133,-2.315069,-2.3642533,0.3384736,1.4797754,-0.5058946,0.035077117,1.0053825,-1.4749109,1.5002049,-0.23257108,-2.139239,-2.1827168,-0.10425721,-1.4256476,4.1410203,12.843294,1
19.0,19,-1.1300365,-1.802834,3.8593497,-0.32710186,-2.2434206,-2.3851156,0.24487147,1.4422574,-0.5000974,0.17772083,0.95342344,-1.4930154,1.5160493,-0.17680314,-2.0972471,-2.1856275,-0.10452889,-1.419384,4.0936713,12.850891,1
19.0,19,-1.1304787,-1.8008509,3.8562574,-0.33209613,-2.2305212,-2.3838415,0.23649657,1.4385346,-0.5031534,0.19198301,0.94670355,-1.4931812,1.5178119,-0.17195216,-2.0928655,-2.1875176,-0.106676444,-1.4190067,4.082438,12.849229,1
6.0,6,-3.6012957,1.9438081,-2.3649254,-1.6067159,1.6818541,4.4531245,11.738125,3.9416502,-2.8551679,-1.945298,-3.0681367,-1.3560615,-2.1497142,-1.2033424,-2.9049323,-1.771823,-0.20578675,-2.7341456,-1.848226,-2.6327763,1
6.0,6,-3.5957005,1.9375622,-2.362105,-1.5976204,1.7242452,4.476379,11.739275,3.9361405,-2.8691735,-1.9581132,-3.0793145,-1.3440078,-2.1495402,-1.2202926,-2.8758926,-1.7673024,-0.22982597,-2.7342236,-1.8689985,-2.6414194,1
6.0,6,-3.6063616,1.9357302,-2.3596046,-1.5971713,1.6863698,4.5957556,11.701579,3.9200516,-2.8230145,-1.9969767,-3.086004,-1.3491628,-2.136672,-1.161941,-2.8280578,-1.7629839,-0.30529782,-2.7462492,-1.90894,-2.6612103,1
6.0,6,-3.594038,1.9180689,-2.3546853,-1.5859543,1.7820499,4.6421328,11.706121,3.9324963,-2.8735185,-2.0246527,-3.1237686,-1.3034655,-2.1351857,-1.2090483,-2.7442434,-1.7481583,-0.35181585,-2.7542543,-1.9605349,-2.6776164,1
6.0,6,-3.592688,1.9345276,-2.3609807,-1.5932674,1.7462088,4.485885,11.740422,3.9337416,-2.8770924,-1.9638977,-3.084957,-1.3377761,-2.1498637,-1.2298553,-2.8618286,-1.76497,-0.24021593,-2.7340937,-1.8787086,-2.6455286,1
6.0,6,-3.5969794,1.9392626,-2.3628652,-1.5998361,1.7141861,4.4681134,11.739667,3.9369557,-2.865489,-1.9540778,-3.075691,-1.3476675,-2.150463,-1.2165391,-2.8851678,-1.7683151,-0.2223609,-2.7333398,-1.8630667,-2.6388817,1
4.0,4,1.4129349,-1.4468138,-1.9002124,-0.98828024,13.55341,0.9159895,1.3119625,-1.1975008,-2.938649,-1.4574065,-1.421534,-1.3550881,-1.4633996,-3.3733935,2.5520716,-1.7842965,-0.7610877,1.8606042,-3.624721,-4.432199,1
4.0,4,1.4107201,-1.4438338,-1.8894448,-0.9933555,13.548092,0.90693414,1.2813337,-1.2235901,-2.9222252,-1.4608276,-1.4053968,-1.3550014,-1.4589304,-3.366843,2.5521824,-1.7840083,-0.75069994,1.8900825,-3.6319134,-4.4361715,1
4.0,4,1.4195863,-1.4123874,-1.9135362,-1.0194193,13.553904,0.98290944,1.3319707,-1.1946115,-2.9358704,-1.4555169,-1.4305289,-1.3694181,-1.4840616,-3.364134,2.5419633,-1.7994385,-0.77279884,1.839911,-3.6186857,-4.443997,1
4.0,4,1.4189382,-1.4093947,-1.8900828,-1.0305659,13.544908,0.9602914,1.2608026,-1.2554102,-2.9003496,-1.4634849,-1.3935685,-1.3639578,-1.4749886,-3.3447402,2.5444617,-1.7914226,-0.7579709,1.8985285,-3.6331532,-4.449847,1
4.0,4,1.4095238,-1.441864,-1.8796083,-0.9978102,13.54376,0.89777565,1.2524302,-1.2485626,-2.9073927,-1.4639945,-1.3902346,-1.3537254,-1.4549608,-3.3595212,2.5528686,-1.7820332,-0.7428124,1.9154844,-3.6380777,-4.4389753,1
4.0,4,1.4119939,-1.4446537,-1.8871835,-0.99416107,13.548299,0.9032918,1.272337,-1.232411,-2.9187667,-1.4619255,-1.400913,-1.3517828,-1.4582665,-3.3625543,2.5534642,-1.7798551,-0.75227916,1.8937438,-3.6325996,-4.4355836,1
17.0,6,-3.5443237,1.1480925,-2.6569376,-1.4945143,0.84917134,2.4723272,8.033011,2.2147548,-2.1045065,-2.800258,-1.6549436,-0.90579563,-0.40334827,-4.0588946,-2.457115,-1.3566177,2.92704,6.951018,-3.2484648,-4.658765,0
17.0,17,-3.5031977,1.1982625,-2.4769118,-1.4187591,0.930029,2.6493347,7.3416023,2.1235895,-1.9893758,-2.7802,-1.6140141,-0.8426839,-0.51446646,-3.8708856,-2.3688593,-1.2257588,2.5939276,7.802658,-3.68431,-4.8141437,1
17.0,6,-3.5065773,1.3723667,-2.2711425,-1.2195737,0.9037422,3.3913326,7.5338855,1.2118045,-1.417851,-3.159175,-1.6688164,-1.072042,-0.52060026,-3.1883457,-1.4628918,-0.50382626,0.8360873,7.2261114,-4.3101006,-4.746154,0
17.0,17,-3.4841223,1.4334192,-2.1286635,-1.1708056,0.90586525,3.4303682,6.917695,1.1113608,-1.3430803,-3.0856571,-1.5892793,-1.0310901,-0.65420485,-2.990982,-1.23737,-0.44634265,0.65947986,7.8550267,-4.6470056,-4.8351374,1
17.0,17,-3.4672163,1.2386141,-2.3070362,-1.3400146,0.99030995,2.8152544,6.702352,2.0395954,-1.884954,-2.757109,-1.5739113,-0.76621944,-0.60787576,-3.6750715,-2.2787342,-1.0876914,2.2452102,8.539153,-4.069456,-4.9392757,1
17.0,17,-3.5061417,1.1969695,-2.4852839,-1.424313,0.9306036,2.6488242,7.3739786,2.1261458,-1.9905851,-2.7825313,-1.6176329,-0.85304034,-0.5202254,-3.8808036,-2.368618,-1.2314206,2.6095676,7.7823887,-3.6765924,-4.8146806,1
1.0,12,3.7028074,5.8352647,1.7439625,-1.9345661,-0.7182484,1.9479394,0.79840297,-1.4902236,0.23351154,-1.6821563,-3.4425478,-5.9430966,6.264006,2.9494622,-5.2456765,-1.3125029,-2.4649274,-1.8164585,-3.159831,-2.1000144,0
1.0,12,3.7977118,5.856813,1.7590125,-1.9287697,-0.72224665,1.9649518,0.78423834,-1.4988835,0.24187219,-1.6781404,-3.4432142,-5.9581323,6.213389,2.9091842,-5.242768,-1.3023409,-2.4768755,-1.8373181,-3.1631262,-2.1091306,0
1.0,12,3.8339872,5.9117517,1.7735169,-1.896861,-0.76946574,1.9960241,0.7486844,-1.5279518,0.2805038,-1.6902786,-3.4384181,-5.968729,6.1833377,2.8796248,-5.2435703,-1.2967194,-2.4660842,-1.8283281,-3.1638753,-2.1258962,0
1.0,1,4.2154007,6.0979834,1.884013,-1.8300649,-0.83509207,2.078126,0.7130795,-1.5501379,0.23354843,-1.6740619,-3.435706,-6.0259056,5.8564286,2.72016,-5.243736,-1.2212466,-2.4973016,-1.9218662,-3.192416,-2.146351,1
1.0,12,3.8436632,5.8655744,1.7658801,-1.9266009,-0.72337633,1.9718242,0.7782731,-1.5024811,0.24594119,-1.6751037,-3.4439023,-5.965019,6.191172,2.8894956,-5.24171,-1.298666,-2.48309,-1.8473637,-3.1638896,-2.112509,0
1.0,12,3.766652,5.8476987,1.7535169,-1.931494,-0.71995765,1.9577714,0.7899681,-1.4953917,0.23935795,-1.6782101,-3.4435725,-5.9528584,6.2331524,2.922217,-5.2442856,-1.307253,-2.4735596,-1.8304343,-3.1610684,-2.1049654,0
10.0,14,-2.4947505,-4.308997,-4.0871935,-1.9776354,-0.6190918,0.9012785,1.0836546,2.5595372,-0.99130416,-4.4729147,3.8776271,-1.519722,-2.771371,0.07156165,8.296655,4.7337055,-1.6076715,-3.6231372,-3.0726159,-1.9195477,0
10.0,14,-2.444652,-4.347505,-4.066708,-2.0153592,-0.56238824,0.87131405,0.96607786,2.4804971,-0.9108487,-4.5784574,3.968711,-1.4681623,-2.839626,0.107764944,8.208653,4.9502687,-1.7016033,-3.5319574,-3.1734226,-1.9975321,0
10.0,14,-2.5687308,-4.125151,-4.0667095,-2.0377781,-0.80561113,0.60999954,1.3224587,2.1827364,-0.4916083,-5.0337434,3.941434,-1.4612968,-2.9482484,0.49477333,7.336195,5.7720976,-2.213109,-3.5482254,-3.1839359,-1.8799691,0
10.0,14,-2.3652074,-4.158161,-3.9156132,-2.082218,-0.68020517,0.48565975,0.8012599,1.8459015,-0.24401137,-5.322951,4.1165857,-1.2450964,-3.084062,0.57932067,7.111337,6.4825683,-2.440036,-3.202725,-3.49494,-2.1372755,0
10.0,14,-2.4158578,-4.3725624,-4.055276,-2.0351462,-0.5224093,0.86095417,0.89432806,2.4437532,-0.8772733,-4.6196465,4.0173945,-1.4391098,-2.8717012,0.11977106,8.176496,5.0420203,-1.7406447,-3.4797268,-3.2258873,-2.045118,0
10.0,14,-2.4428985,-4.3433495,-4.0610204,-2.0161214,-0.566406,0.866668,0.95705575,2.4721005,-0.9117346,-4.5833206,3.9637673,-1.4640719,-2.8403428,0.10915433,8.216248,4.965594,-1.7004677,-3.528278,-3.1740737,-2.0017443,0
3.0,3,-0.7769209,1.2793891,1.5638193,11.837947,-0.5268373,0.15281712,-0.23556733,-0.09231068,-2.6364021,-2.6940444,-1.9428757,1.4171307,-0.027227469,-2.4579794,-1.2314982,0.26378292,0.17192157,0.099967174,-3.7400265,-2.518414,1
3.0,3,-0.77543116,1.2767246,1.562822,11.838949,-0.52773386,0.15312105,-0.23876446,-0.091541335,-2.6333954,-2.693213,-1.9399247,1.4185498,-0.02646282,-2.4595964,-1.2334733,0.26398528,0.1722251,0.09743087,-3.7400477,-2.5172074,1
3.0,3,-0.7758047,1.2768619,1.5627558,11.838825,-0.5274128,0.15249361,-0.23855555,-0.09220292,-2.6334863,-2.6924577,-1.9403267,1.4197406,-0.026911855,-2.4589698,-1.2337934,0.26336175,0.17190973,0.098448396,-3.739217,-2.5174203,1
3.0,3,-0.7709015,1.2734451,1.5590535,11.840937,-0.530428,0.15443844,-0.2449685,-0.09113533,-2.624685,-2.691955,-1.9333599,1.4133806,-0.02431764,-2.4641829,-1.2352177,0.2639529,0.17215388,0.09128965,-3.74042,-2.5143483,1
3.0,3,-0.77206194,1.2730365,1.5602195,11.840771,-0.5297963,0.15464206,-0.24378824,-0.08972523,-2.627604,-2.6930542,-1.9344223,1.4163139,-0.024516769,-2.4636977,-1.235235,0.2649095,0.17295241,0.09156862,-3.7411945,-2.5147245,1
3.0,3,-0.77521616,1.2770476,1.5626521,11.838928,-0.52788764,0.15341485,-0.2386299,-0.09144271,-2.633218,-2.693596,-1.939875,1.4170322,-0.02626703,-2.4599247,-1.2328801,0.26414657,0.17223917,0.09708551,-3.7404006,-2.5171583,1
19.0,19,-0.6845929,-0.93203104,1.9480876,-0.31533784,-2.5076804,-1.0201186,0.8646259,2.4743383,-1.7839538,-0.75617963,1.9764699,-1.8658475,-0.6592843,0.15750459,-1.8456075,-1.3812531,-0.23506816,-1.565012,2.9002442,12.432936,1
19.0,19,-0.6822976,-0.94091207,1.9423164,-0.314392,-2.502545,-1.0247955,0.86793274,2.4792972,-1.7770208,-0.7468106,1.9809004,-1.869049,-0.66448647,0.13520908,-1.8455667,-1.3801672,-0.23311435,-1.5606308,2.8996484,12.436656,1
19.0,19,-0.6904884,-0.93123466,1.9448197,-0.30580664,-2.504834,-1.0563658,0.8689971,2.452739,-1.7728753,-0.7343782,1.9781312,-1.8569163,-0.65359646,0.12007746,-1.8550713,-1.3860801,-0.21264412,-1.5477438,2.929372,12.451483,1
19.0,19,-0.59405327,-1.0032129,1.9305623,-0.2609013,-2.4821413,-1.0114056,0.914014,2.559057,-1.6602298,-0.76874936,2.177311,-1.9145741,-0.80970156,-0.103802994,-1.8782185,-1.3667123,-0.28904903,-1.5519866,2.7411182,12.396448,1
19.0,19,-0.67371917,-0.95171887,1.9392986,-0.30943865,-2.4977686,-1.0284201,0.87535965,2.4872022,-1.7622784,-0.7429278,1.998916,-1.874805,-0.6792631,0.10000481,-1.8488269,-1.3780565,-0.23615596,-1.5569339,2.8898044,12.4375305,1
19.0,19,-0.68101746,-0.94119626,1.942534,-0.31336257,-2.5024345,-1.0252681,0.86875916,2.4800563,-1.7750819,-0.7465663,1.983323,-1.8703963,-0.6657712,0.13209035,-1.8471359,-1.3794881,-0.23461968,-1.5596415,2.895823,12.436376,1
6.0,6,-2.8860435,1.1109881,-2.744451,-1.4543281,0.35940263,1.4599866,12.345739,1.5791903,-2.4009063,-2.8408084,-1.413981,-0.8885017,-0.6789474,-2.8402023,-0.981897,-0.4837407,0.124580294,-1.5844916,-1.3243103,-1.7863116,1
6.0,6,-2.8751547,1.0933764,-2.7356575,-1.4512842,0.38763535,1.3764513,12.356,1.6658733,-2.4705179,-2.8277028,-1.3757635,-0.81589997,-0.75817966,-2.8707702,-0.8986284,-0.467198,0.061250966,-1.576168,-1.3584576,-1.800436,1
6.0,6,-2.8293788,0.95403415,-2.6467757,-1.3784797,0.60165215,1.1932601,12.34089,1.825158,-2.7107818,-2.8739045,-1.3029238,-0.5967237,-1.0705816,-2.740151,-0.5522655,-0.11075275,-0.34223107,-1.7662764,-1.6144515,-1.8264264,1
6.0,6,-2.8147357,1.0268571,-2.6596205,-1.3465021,0.59659326,1.4324976,12.359936,1.6715435,-2.6122522,-2.8822594,-1.3870859,-0.79419464,-1.0061289,-2.6751554,-0.7899543,-0.13654442,-0.24368158,-1.7642268,-1.5981138,-1.7370514,1
6.0,6,-2.8731406,1.073858,-2.729059,-1.4435469,0.40586877,1.2830538,12.361984,1.7488049,-2.5395193,-2.8206348,-1.3432634,-0.7304888,-0.83522785,-2.8935528,-0.7895197,-0.41884387,-0.01726437,-1.5874424,-1.3905034,-1.8308573,1
6.0,6,-2.8817022,1.0997989,-2.7365959,-1.4472967,0.3741927,1.3866951,12.356423,1.647861,-2.4553213,-2.833146,-1.3879987,-0.82594866,-0.7438125,-2.8633454,-0.91275096,-0.45667076,0.073862374,-1.5857149,-1.348659,-1.8011835,1
9.0,9,-0.5430999,0.65888107,0.41478002,-2.7305095,-3.2390716,-4.8213663,-3.523856,-5.604407,7.7261662,11.238393,-0.31411192,-2.04812,0.09439526,1.7854202,-1.0274645,-1.0175251,-0.7131122,-0.37218574,0.84904015,-0.6012563,1
9.0,9,-0.533443,0.6959782,0.42599797,-2.7161167,-3.2632198,-4.8341055,-3.5385032,-5.6663604,7.822698,11.16069,-0.29825872,-2.0606174,0.093893506,1.7319818,-1.0122356,-1.0072384,-0.701521,-0.357029,0.86141413,-0.63748294,1
9.0,9,-0.16159542,0.63299096,0.4643453,-2.6314278,-3.2615142,-4.82724,-3.658206,-5.5996175,7.8929367,11.081529,-0.2984149,-2.20299,0.023379505,1.6221042,-1.1124495,-0.9108069,-0.73239964,-0.38104236,0.68665075,-0.58266836,1
9.0,9,1.5877944,0.86930484,0.608688,-2.720435,-2.9121408,-4.6316485,-3.8596768,-5.1317496,7.2524805,10.793453,-0.5675728,-2.808964,-0.55576575,1.4801934,-0.63904697,-0.28896815,-1.1505743,-0.77846855,-0.54536295,-1.1617059,1
9.0,9,-0.38782534,0.7579123,0.4476034,-2.7123418,-3.264349,-4.828041,-3.56947,-5.6817055,7.849442,11.091482,-0.31170982,-2.1309505,0.0451421,1.6890576,-0.9653242,-0.9422759,-0.7323244,-0.37372452,0.75033563,-0.7146731,1
9.0,9,-0.5399542,0.69440615,0.42420602,-2.7183528,-3.2601423,-4.833906,-3.533138,-5.6585617,7.8060584,11.173582,-0.3010902,-2.057123,0.09367833,1.7397451,-1.0166118,-1.0102556,-0.7013006,-0.35714197,0.8629037,-0.6299749,1
15.0,15,-1.6378138,-0.32528502,-2.3353524,-0.85698014,-0.7045036,3.4692051,-0.81828576,-0.899021,-2.6129563,-2.6373422,-2.3944564,-1.4676281,-3.6757562,0.21037996,7.4005723,11.896016,-2.63001,-3.2969406,-3.8036828,-2.8416939,1
15.0,15,-1.6301337,-0.35495362,-2.3551674,-0.7798576,-0.7410093,3.321627,-0.74120414,-0.985917,-2.6117735,-2.6330137,-2.3322082,-1.4152237,-3.5952,0.21733242,7.126026,12.010681,-2.6417317,-3.3932374,-3.7002506,-2.7342527,1
15.0,15,-1.6091522,-0.3452264,-2.45604,-0.71297044,-0.81632537,3.3406935,-0.74206656,-1.1021444,-2.493144,-2.5684087,-2.285574,-1.4504116,-3.5182283,0.20268065,6.8604155,12.049398,-2.6323054,-3.4924839,-3.5871434,-2.5928938,1
15.0,15,-1.5695802,-0.41934317,-2.421661,-0.5713545,-0.8938359,3.1159527,-0.6494088,-1.2314223,-2.3987248,-2.5670595,-2.1293912,-1.4712788,-3.4272232,0.19413006,6.220259,12.240537,-2.6385875,-3.5611129,-3.4471378,-2.3547504,1
15.0,15,-1.6248358,-0.37612346,-2.3679214,-0.72863394,-0.76623654,3.2316062,-0.6954977,-1.0498718,-2.599668,-2.6383085,-2.2854784,-1.388557,-3.5477872,0.2304967,6.9358907,12.081935,-2.6448822,-3.446576,-3.6339219,-2.661885,1
15.0,15,-1.6310687,-0.3527462,-2.352202,-0.78556824,-0.73876715,3.3314068,-0.74603,-0.97495914,-2.6150439,-2.6332505,-2.3392725,-1.4179099,-3.5995226,0.21591654,7.1505904,12.002402,-2.6422484,-3.3873813,-3.7087626,-2.7432582,1
3.0,3,-2.4449108,1.392133,-0.1383411,11.257017,0.19845307,-1.1619207,0.12388719,-0.23803705,-4.2235117,-2.0179396,-0.34892926,7.060699,-1.0504335,-3.6347027,-1.1378696,-0.30206764,1.5118548,1.3032615,-2.6581507,-2.027639,1
3.0,3,-2.445083,1.3899801,-0.13858408,11.257853,0.19734997,-1.1625888,0.1228424,-0.23757645,-4.222858,-2.0182834,-0.34551015,7.060515,-1.0495268,-3.6371942,-1.1367077,-0.30235338,1.5125141,1.3022988,-2.6572683,-2.0257528,1
3.0,3,-2.44418,1.3878436,-0.13974734,11.261404,0.19481277,-1.1631799,0.12109126,-0.23699984,-4.2218046,-2.018692,-0.33892798,7.056796,-1.048089,-3.642937,-1.1354551,-0.3031867,1.5136776,1.301028,-2.6560268,-2.0215838,1
3.0,3,-2.4452631,1.379374,-0.14138666,11.265261,0.18977886,-1.1661681,0.11665563,-0.23559935,-4.219009,-2.0194764,-0.3237716,7.0560536,-1.0447192,-3.6537652,-1.1311978,-0.30451387,1.5171511,1.2975354,-2.6520755,-2.0135002,1
3.0,3,-2.4453247,1.3886969,-0.13881066,11.258361,0.1965262,-1.1630541,0.12214978,-0.23736282,-4.2224655,-2.018454,-0.3431711,7.060571,-1.0490083,-3.6388245,-1.1359084,-0.30250597,1.5129869,1.3017222,-2.6566348,-2.0245173,1
3.0,3,-2.4451911,1.3914354,-0.13864373,11.257413,0.1977134,-1.1622722,0.12337385,-0.23795627,-4.223305,-2.0180185,-0.3470745,7.060838,-1.0501612,-3.6359644,-1.137231,-0.30216396,1.512229,1.3029774,-2.6576304,-2.0266943,1
7.0,6,-4.9055805,1.3628843,-3.0985918,-1.4140064,1.1787037,2.1373975,10.977007,5.3871975,-5.2065315,-2.981658,-3.408308,-0.56386095,-2.9623506,0.073088154,-0.96386707,3.1444728,0.7488212,-2.7714682,-2.7969265,-2.3164237,0
7.0,6,-4.8552675,1.3752055,-3.13007,-1.3656065,1.3977059,2.0851426,10.938443,5.154317,-5.2342386,-2.973614,-3.43912,-0.47700596,-3.069613,0.027236253,-0.8311224,3.322301,0.70237786,-2.7940516,-2.8578608,-2.4005904,0
7.0,6,-4.7550898,1.4307609,-3.1660256,-1.1076095,1.7925742,2.1705768,10.5804825,4.747277,-5.324498,-3.0008938,-3.6311162,-0.29703632,-3.2787693,0.46905267,-0.5613771,3.9268672,0.23620784,-2.9139163,-3.15448,-2.558478,0
7.0,6,-4.545452,1.4192429,-3.1609192,-0.98562485,2.291083,2.1538093,10.229298,4.6211166,-5.49447,-2.8462908,-3.8449922,-0.120083146,-3.548872,0.5586297,-0.32892883,4.309119,0.03668588,-2.9771762,-3.4363754,-2.7501695,0
7.0,6,-4.812683,1.3866613,-3.159978,-1.3162166,1.5809005,2.0318894,10.902316,4.9153905,-5.248083,-2.9724817,-3.4535122,-0.39771074,-3.1626613,-0.009580255,-0.6918706,3.4912956,0.64866626,-2.8166533,-2.905802,-2.4717975,0
7.0,6,-4.8572598,1.3726885,-3.1229017,-1.3745613,1.377172,2.0967598,10.938329,5.209749,-5.2394505,-2.9667602,-3.445667,-0.48998904,-3.0584695,0.031132221,-0.85897577,3.2908232,0.7157901,-2.7901275,-2.856739,-2.3919017,0
17.0,17,-1.082657,-0.5234068,-0.7461304,-1.4436675,6.9224305,3.2178104,-1.1485556,2.6439037,-2.2531602,-0.082569316,-0.8966555,-0.50530297,-3.4707456,-1.7242825,-1.094693,0.325579,-1.7250491,11.685384,-6.6817756,-5.299821,1
17.0,17,-1.1457727,-0.4577946,-0.7233727,-1.4293975,6.73284,3.1157048,-1.1992614,2.3850923,-2.1522763,-0.006776333,-0.708069,-0.57223696,-3.4728982,-1.667994,-1.0863864,0.31157744,-1.6848495,11.846265,-6.6490054,-5.2257533,1
17.0,17,-1.1160916,-0.5104775,-0.72959775,-1.4836323,6.7691464,2.8726768,-1.219221,2.2878904,-2.1901355,0.053123802,-0.63543856,-0.5893658,-3.4224932,-1.6906912,-0.9574755,0.34536552,-1.694072,11.905851,-6.5737286,-5.187328,1
17.0,17,-1.2469827,-0.38455096,-0.6940146,-1.4437617,6.39148,2.7203422,-1.3235608,1.8550471,-1.9883013,0.14429861,-0.29080242,-0.6704551,-3.4336836,-1.5917473,-0.95827264,0.2899812,-1.5725055,12.175184,-6.512869,-5.056426,1
17.0,17,-1.187795,-0.41678193,-0.70964646,-1.4191835,6.609508,3.0489626,-1.2319013,2.226281,-2.0878308,0.037057593,-0.587363,-0.6108825,-3.475307,-1.6326184,-1.082029,0.29986405,-1.6534278,11.946793,-6.6268997,-5.17798,1
17.0,17,-1.1352372,-0.4680863,-0.7265961,-1.4319243,6.76357,3.132245,-1.1911948,2.4250088,-2.1681778,-0.018104741,-0.7384063,-0.5624378,-3.4722066,-1.6768906,-1.0872961,0.31444335,-1.6926794,11.821108,-6.6544886,-5.237666,1
4.0,4,2.2751336,-3.339046,-0.7429588,-3.9550166,12.360374,-2.2603576,-0.8794682,1.8240384,-3.244233,-0.8065994,-1.0378134,1.8925781,-0.7629604,-1.8560021,4.4680233,-0.4121909,-1.822613,-0.119062416,-3.175747,-3.361315,1
4.0,4,2.2770565,-3.326862,-0.72333133,-3.9495628,12.35762,-2.2816658,-0.89044124,1.8081596,-3.2594619,-0.7916515,-1.0092196,1.8957367,-0.7689535,-1.8790436,4.4606314,-0.42674273,-1.8122433,-0.10782055,-3.151962,-3.3283467,1
4.0,4,2.2509794,-3.2307525,-0.71356463,-3.9537117,12.282818,-2.3645937,-0.9556979,1.5501827,-3.2600734,-0.79473376,-0.95225817,2.133711,-0.76407564,-1.6819525,4.4810085,-0.39095223,-1.880349,-0.19952637,-3.0008438,-3.2500253,1
4.0,4,2.2544687,-3.1894374,-0.6729962,-3.9316673,12.269331,-2.4093432,-0.96619284,1.5160826,-3.2975802,-0.7586189,-0.8932273,2.1821127,-0.76504296,-1.732265,4.462185,-0.42107534,-1.8949031,-0.19077793,-2.943669,-3.1633801,1
4.0,4,2.2809038,-3.3113182,-0.69951135,-3.9381108,12.361399,-2.3064833,-0.9056908,1.7770036,-3.2725039,-0.7695537,-0.96074826,1.8925693,-0.7802254,-1.9205043,4.4496145,-0.44621223,-1.8025674,-0.08690459,-3.1233633,-3.278184,1
4.0,4,2.278905,-3.3293793,-0.7202124,-3.943565,12.367133,-2.2836087,-0.8900425,1.7992326,-3.2532244,-0.786898,-0.9946959,1.8883243,-0.7688288,-1.8950968,4.448672,-0.43246895,-1.8170072,-0.09765556,-3.1490517,-3.314719,1
12.0,10,-1.5627614,-2.1370084,-1.7088445,-1.6954694,-0.41634548,-1.6624235,-3.5124314,-2.8913126,0.0995004,0.15293723,9.833804,3.3683453,-1.0956718,4.3553514,-1.3041704,-4.3668566,0.17368077,4.7156324,-2.2322981,0.59560585,0
12.0,10,-1.4564205,-2.2451458,-1.6844094,-1.6573474,-0.5430151,-1.5866367,-3.4344506,-2.7677438,0.29461378,0.22004889,10.111066,3.244033,-1.324554,4.1155534,-1.2372085,-4.2263875,-0.024000274,4.325072,-2.2246933,0.7452894,0
12.0,10,-1.2353717,-2.402284,-1.7376901,-1.5767508,-0.75444555,-1.5372945,-3.4497595,-2.665958,0.42835858,0.08902842,10.368091,3.2504544,-1.500436,4.122007,-1.0493267,-4.0082903,-0.09684569,3.1914406,-1.9537047,1.1359922,0
12.0,10,-0.9996385,-2.6545138,-1.7769283,-1.501935,-0.81946,-1.328494,-3.345904,-2.3180969,0.8014173,0.27167517,10.7784605,2.8275356,-2.0380905,3.3701715,-0.7605127,-3.6629002,-0.3395232,2.5430958,-2.0751438,1.3238093,0
12.0,10,-1.3910419,-2.3258598,-1.6802891,-1.6328369,-0.61206585,-1.5344092,-3.382935,-2.66496,0.42289674,0.25846377,10.28856,3.1500077,-1.4925761,3.9302583,-1.171678,-4.1248927,-0.139202,4.0876164,-2.2363703,0.82860905,0
12.0,10,-1.4665637,-2.2337546,-1.6850168,-1.6605326,-0.5339935,-1.5939782,-3.4416833,-2.7819624,0.27663445,0.21599995,10.086835,3.2583916,-1.3046626,4.141697,-1.2455152,-4.2400575,-0.0068135597,4.358207,-2.222921,0.7343637,0
4.0,4,4.0086575,-2.8958273,-2.732171,-3.3912013,11.115462,-0.55384517,-3.6549835,-2.2241704,-1.4952431,-1.912528,0.6197946,-1.6436474,-4.380625,-2.9532945,4.824778,4.7780423,-1.2304299,4.1254196,-4.1591825,-4.3780975,1
4.0,4,4.016946,-2.921169,-2.7210631,-3.390992,11.091704,-0.5934566,-3.676307,-2.2350802,-1.4949443,-1.9175774,0.65995646,-1.63097,-4.3706055,-2.9525511,4.860914,4.7715697,-1.2345123,4.131129,-4.144491,-4.3612366,1
4.0,4,4.079282,-2.9554272,-2.6987226,-3.400681,11.008053,-0.7173103,-3.7310836,-2.2777855,-1.4939712,-1.9384089,0.778621,-1.6298221,-4.3128314,-2.9548037,4.9544225,4.6954136,-1.1764743,4.16471,-4.1152062,-4.323335,1
4.0,4,4.150635,-3.0837777,-2.6296182,-3.4252374,10.823092,-1.0315692,-3.8679085,-2.4140942,-1.4701715,-1.9697493,1.120137,-1.5399798,-4.228654,-2.9415462,5.181326,4.5256333,-1.0844486,4.229748,-4.008586,-4.218496,1
4.0,4,4.022249,-2.9376345,-2.7142084,-3.3929255,11.076815,-0.6231208,-3.69057,-2.2446146,-1.4941082,-1.9204372,0.69138324,-1.6214211,-4.363156,-2.9519806,4.8853507,4.7594337,-1.2320147,4.138007,-4.1339245,-4.3499403,1
4.0,4,4.014331,-2.9104187,-2.7257144,-3.3904657,11.101654,-0.5754918,-3.6672182,-2.229608,-1.495391,-1.9152031,0.6412142,-1.6363307,-4.3757324,-2.9530118,4.844975,4.777445,-1.234631,4.126396,-4.1508718,-4.368527,1
1.0,1,1.0268126,12.178685,0.5365905,2.4456797,-2.9326942,2.4404464,2.4884572,-3.5721586,-3.2632809,0.52166057,-3.5593715,-2.753466,-1.9260324,1.6180716,-2.4750423,0.31084943,-1.890616,0.5155618,-2.6662288,-3.00511,1
1.0,1,1.028649,12.179479,0.5367351,2.4464045,-2.933377,2.4414299,2.4866753,-3.572133,-3.2627695,0.5222076,-3.5595,-2.7539194,-1.9263601,1.6163852,-2.47428,0.31113595,-1.89067,0.51490194,-2.6663866,-3.004913,1
1.0,1,1.0286556,12.179362,0.5353325,2.4432993,-2.9338923,2.4418716,2.482634,-3.5746791,-3.2591624,0.5242709,-3.558663,-2.7564564,-1.9270048,1.6215601,-2.4748633,0.30995172,-1.8907301,0.5202946,-2.6679015,-3.0057766,1
1.0,1,1.0441375,12.1848135,0.5356248,2.452411,-2.9396312,2.447721,2.467924,-3.5711405,-3.2614193,0.52620125,-3.5590045,-2.756054,-1.9281135,1.6087468,-2.4720554,0.3135631,-1.8895631,0.51538664,-2.6698494,-3.0035224,1
1.0,1,1.0304432,12.180181,0.5368601,2.4472933,-2.9340074,2.4421954,2.48502,-3.5718884,-3.2627013,0.52258545,-3.5595858,-2.7541084,-1.9265924,1.6147261,-2.4737427,0.3114887,-1.8906087,0.5142847,-2.6665576,-3.004663,1
1.0,1,1.028083,12.179219,0.53674066,2.4462516,-2.9331372,2.4409893,2.4872468,-3.5720255,-3.2631562,0.5219817,-3.5594356,-2.7536507,-1.9262267,1.6168084,-2.4745822,0.3110894,-1.8905722,0.5151617,-2.6663404,-3.004921,1
0.0,0,12.735085,2.5367687,0.9605053,-1.5587045,0.8150428,1.4731921,-2.0600693,-0.34416184,1.4283841,-0.4068562,-0.9267478,-4.375492,-2.4722223,-2.0264251,-1.6949123,1.4448079,-2.616585,-2.5267305,-3.3887396,-3.2487037,1
0.0,0,12.73573,2.4785073,0.95940787,-1.5743847,0.8226774,1.4528207,-2.0825298,-0.3343822,1.4521375,-0.4339232,-0.9070918,-4.366965,-2.460757,-2.025773,-1.6578698,1.447804,-2.6154737,-2.5284104,-3.3857226,-3.2456436,1
0.0,0,12.745095,2.3432722,0.95096606,-1.6162033,0.8451551,1.3966222,-2.1409328,-0.31083018,1.5025241,-0.47214684,-0.8910985,-4.344636,-2.4240987,-2.0332043,-1.5845326,1.4544271,-2.5899472,-2.5101688,-3.3616774,-3.2405767,1
0.0,0,12.72854,2.0655892,0.9535777,-1.6898617,0.8928765,1.3123128,-2.2322335,-0.25816745,1.5927416,-0.6090192,-0.7401518,-4.314419,-2.4116693,-2.0233932,-1.410142,1.4681951,-2.5899613,-2.5370212,-3.3628128,-3.2168248,1
0.0,0,12.735718,2.457226,0.9592137,-1.5797068,0.82469636,1.4447702,-2.0906987,-0.33075154,1.4612999,-0.44425637,-0.8997104,-4.3638887,-2.455998,-2.0256488,-1.6444013,1.4488245,-2.6150892,-2.529177,-3.3846118,-3.244253,1
0.0,0,12.735376,2.5122213,0.9602758,-1.5645005,0.8165543,1.4634571,-2.0700793,-0.34029245,1.4397677,-0.418722,-0.9191547,-4.372052,-2.465488,-2.026531,-1.6788582,1.4453815,-2.6158006,-2.5273187,-3.3872197,-3.247021,1
8.0,8,-2.542112,0.17230348,0.121103264,-2.9859307,-4.1984773,-1.1051655,-3.5478382,-5.2874107,12.211526,6.4613376,0.20706257,-2.69582,0.91271967,1.8410692,-1.3001711,-2.2785354,-1.6368529,-0.10997485,2.574737,-1.5243707,1
8.0,8,-2.5523508,0.22367932,0.1119725,-2.981723,-4.231922,-1.0713719,-3.5436885,-5.193527,12.216508,6.4011884,0.17913246,-2.7566657,0.8985343,1.8426025,-1.2394606,-2.241196,-1.6705358,-0.09476908,2.4389288,-1.5888861,1
8.0,8,-2.4216135,0.08667575,0.11091895,-3.0090637,-3.955825,-1.1630259,-3.4385333,-5.7702746,12.006433,6.7678466,0.23961285,-2.5146234,0.30479306,1.9911232,-1.2587553,-2.0515494,-1.4651861,-0.13256091,2.5713499,-1.3547682,1
8.0,8,-2.4543238,0.48209935,0.0048173014,-3.082884,-4.1602516,-0.91244376,-3.3179286,-5.4361563,11.946363,6.4916377,0.062527865,-2.860629,0.030217014,2.0921016,-0.74006337,-1.7287933,-1.5922599,-0.14389482,1.7885706,-1.7355224,1
8.0,8,-2.5705192,0.3075183,0.09153611,-2.980605,-4.281263,-1.0059459,-3.5228643,-5.0472302,12.216171,6.304279,0.13215148,-2.8502011,0.853463,1.8568475,-1.1407982,-2.1719964,-1.7233548,-0.07423184,2.2186823,-1.6933205,1
8.0,8,-2.5595953,0.24594335,0.10328025,-2.988377,-4.2413654,-1.0503337,-3.5246115,-5.173589,12.21421,6.3811736,0.16768654,-2.774708,0.8763607,1.8541255,-1.2191356,-2.2259305,-1.6774523,-0.093557425,2.3985682,-1.6100422,1
15.0,15,-0.67790824,-2.109932,-2.938161,-1.5798665,1.7323544,2.7968702,0.3621524,0.31921297,-1.8857057,-5.4850383,1.2633094,0.40045774,-3.881518,1.1304095,1.9254802,10.962849,-4.230466,-2.535313,-5.028842,-2.4893522,1
15.0,15,-0.6780439,-2.1103768,-2.94248,-1.5771097,1.7347822,2.8299444,0.3399303,0.32696894,-1.8784666,-5.4906635,1.2778991,0.4109765,-3.8867965,1.1233323,1.9294819,10.949869,-4.235895,-2.5044112,-5.052495,-2.5229652,1
15.0,15,-0.723203,-2.1562386,-2.968357,-1.5804081,1.5274323,2.6448803,0.36370197,0.34035605,-1.7968025,-5.524121,1.4142181,0.37828866,-3.7946699,1.1094472,1.9575676,10.92608,-4.217109,-2.558663,-4.921466,-2.3924232,1
15.0,15,-0.7430534,-2.1893501,-2.9413486,-1.5634354,1.4181894,2.5446885,0.32244116,0.36222646,-1.705686,-5.551233,1.503433,0.32932428,-3.7838635,1.0698547,1.9966193,10.939882,-4.222947,-2.5131698,-4.937324,-2.3327022,1
15.0,15,-0.6892775,-2.1176503,-2.9326012,-1.5667374,1.7089745,2.820353,0.31696385,0.33497432,-1.853568,-5.501087,1.3097748,0.40258962,-3.8946378,1.1064415,1.9468833,10.952004,-4.2396617,-2.4648392,-5.077328,-2.5242884,1
15.0,15,-0.6852176,-2.1145976,-2.932704,-1.5715147,1.7181432,2.8050077,0.33789682,0.32764676,-1.8667153,-5.4940066,1.2898104,0.39919987,-3.8901138,1.1157892,1.9383076,10.959078,-4.2356186,-2.4948356,-5.0565577,-2.5046482,1
9.0,9,-0.899906,2.2361877,2.2123878,-4.4020457,-3.1636076,-1.306744,-3.3879318,-5.1069098,5.8514566,11.731051,-1.7256582,-1.7092695,0.4984473,1.2744119,0.19786139,-1.9734893,-0.8718472,-1.1920356,0.02286348,-1.9208585,1
9.0,9,-0.90205455,2.2299702,2.191553,-4.401794,-3.1441436,-1.312174,-3.380828,-5.1104317,5.845777,11.742582,-1.7270677,-1.6978189,0.5013419,1.2746823,0.18890177,-1.9834839,-0.8724038,-1.192133,0.038011163,-1.9116613,1
9.0,9,-0.9086749,2.2199597,2.192542,-4.401933,-3.167337,-1.2893649,-3.3978636,-5.139812,5.933901,11.708263,-1.7142895,-1.7241734,0.4931897,1.279269,0.17305647,-1.9750543,-0.87116504,-1.1859198,0.03901635,-1.9222078,1
9.0,9,-0.9030802,2.243325,2.3049884,-4.405399,-3.2582018,-1.2634139,-3.4244468,-5.098755,5.9223733,11.666865,-1.7128035,-1.7764335,0.48890978,1.2847195,0.22133441,-1.9308991,-0.8804275,-1.1816779,-0.03805615,-1.9644626,1
9.0,9,-0.9045314,2.226532,2.2075963,-4.403233,-3.1587627,-1.3040055,-3.3859363,-5.107365,5.858732,11.733016,-1.7245549,-1.7084918,0.5005813,1.2777498,0.1910352,-1.9780368,-0.8768025,-1.1899633,0.031147143,-1.9181545,1
9.0,9,-0.9014752,2.2315772,2.203841,-4.4023113,-3.1550167,-1.3083687,-3.3844175,-5.1068683,5.8480787,11.736959,-1.7263315,-1.7046485,0.500427,1.2750595,0.19371535,-1.9783976,-0.8731881,-1.1916661,0.02999107,-1.9164027,1
9.0,19,-0.6187693,0.2926625,-0.5669313,-0.95995903,-0.5677402,-2.2416513,-0.43974635,-0.032520846,-1.1419171,3.9072456,-0.54521656,-3.6865594,0.0737162,0.777826,-1.1738219,0.07964727,-0.73593205,1.6725931,-1.7682624,10.387087,0
9.0,19,-0.64045715,0.2774037,-0.5600481,-0.96539754,-0.5676727,-2.246964,-0.4411064,-0.04362932,-1.1699262,3.881602,-0.5508136,-3.6812303,0.08869108,0.8382346,-1.1549029,0.069532335,-0.73099285,1.6793811,-1.7429366,10.394256,0
9.0,19,-0.60101575,0.28796816,-0.56652266,-0.8829181,-0.6246777,-2.2266343,-0.4126152,-0.0091371685,-1.0370078,3.6649318,-0.45276353,-3.6748693,0.118114166,0.74829644,-1.2848804,0.109654844,-0.76442033,1.6457429,-1.8057867,10.465322,0
9.0,19,-0.5517616,0.31917065,-0.5751172,-0.91005373,-0.59860367,-2.2153685,-0.42540142,0.009481281,-1.0073091,3.804978,-0.47748616,-3.6946213,0.06323067,0.6326501,-1.292886,0.13617863,-0.7688344,1.6262879,-1.8537511,10.421992,0
9.0,19,-0.6299413,0.2830794,-0.5487408,-0.96604604,-0.5704201,-2.243698,-0.44167575,-0.036669396,-1.1564388,3.8766074,-0.5482269,-3.6858695,0.08179446,0.82245547,-1.1757967,0.08471091,-0.7329366,1.6755908,-1.7600292,10.394354,0
9.0,19,-0.6240137,0.28789672,-0.5554505,-0.96830505,-0.5662277,-2.2422316,-0.4425126,-0.03485816,-1.1527034,3.9019642,-0.55103856,-3.687288,0.07451921,0.8022186,-1.1721228,0.08346148,-0.73337525,1.673024,-1.7641299,10.387586,0
14.0,14,-2.0225515,-1.280868,-2.4771366,-3.5903223,-0.90446496,0.4364216,-2.313399,-0.053095672,-4.1359906,-0.15228893,-1.297407,-0.04318208,-1.1838251,4.493665,11.900428,3.503894,-0.50594884,-2.62923,-1.9598856,-1.8086263,1
14.0,14,-1.9516472,-1.3662255,-2.5060682,-3.6229167,-0.87304,0.41802064,-2.381076,0.005366657,-4.01334,-0.11117876,-1.2064009,-0.1483636,-1.1332864,4.1200185,12.015684,3.541514,-0.48165128,-2.663226,-1.9252957,-1.7246059,1
14.0,14,-1.9719838,-1.5016866,-2.6383526,-3.6443982,-0.8321891,0.3839269,-2.2872264,-0.0007085614,-3.8607016,-0.22691406,-1.0763425,-0.36661333,-1.0137527,3.958603,12.045819,3.4806857,-0.4686907,-2.6543121,-1.8593012,-1.5975918,1
14.0,14,-1.7066854,-1.8266511,-2.7333522,-3.7811868,-0.58964735,0.1791795,-2.5350485,0.07603778,-3.2924657,-0.20718671,-0.6320912,-0.7558262,-0.8480484,2.6480079,12.339896,3.5949166,-0.39811867,-2.626413,-1.7847207,-1.337825,1
14.0,14,-1.8876792,-1.4508517,-2.5469265,-3.6657631,-0.83372915,0.38198364,-2.4202776,0.049086526,-3.8605816,-0.103599526,-1.0794884,-0.3201025,-1.1025509,3.6902032,12.132409,3.6002238,-0.4453262,-2.6637857,-1.8900433,-1.6128924,1
14.0,14,-1.9544926,-1.3653197,-2.511319,-3.6258788,-0.8731156,0.4148752,-2.3724356,0.001022052,-4.0027566,-0.122293964,-1.1948525,-0.17260759,-1.142924,4.095765,12.020942,3.5541446,-0.47669527,-2.6533544,-1.9256164,-1.7136353,1
5.0,5,-2.3691843,2.4568114,-2.1015947,0.7974977,-0.47871596,12.481718,1.355186,2.240082,-2.6042259,-2.459423,-4.371151,-0.8901416,-1.1006503,0.69555694,-0.21661754,2.0260787,0.013791621,-2.4174051,-4.34239,-4.0834217,1
5.0,5,-2.2932193,2.3490257,-2.0313473,0.76443654,-0.3216214,12.517856,1.104102,2.236051,-2.5712612,-2.423754,-4.423383,-0.9073436,-1.1378618,0.7391034,-0.033640884,2.2059758,-0.1736649,-2.4452364,-4.4454303,-4.139352,1
5.0,5,-2.0353613,1.9331968,-2.0778685,0.6829817,0.2209236,12.504911,0.8419049,2.3262014,-2.4781628,-2.1656127,-4.5190916,-0.95751655,-1.1014864,0.7358454,0.16089986,2.2902236,-0.3902017,-3.1032956,-4.3426504,-3.9868646,1
5.0,5,-1.7904868,1.6004138,-1.9921954,0.5046254,0.8745544,12.461058,0.34918776,2.133131,-2.3862438,-2.0550885,-4.690722,-1.0741996,-1.2707752,0.6893119,0.6674641,2.920079,-0.83543855,-3.1180117,-4.6127706,-4.210843,1
5.0,5,-2.224594,2.2510786,-1.9757342,0.72996444,-0.18385375,12.540983,0.9057525,2.241989,-2.5455942,-2.3895397,-4.4657087,-0.9191179,-1.1652579,0.7716543,0.10985841,2.345559,-0.32782605,-2.4832027,-4.5218306,-4.1771946,1
5.0,5,-2.2932837,2.3512855,-2.036922,0.7674411,-0.32812408,12.517305,1.1220217,2.2424715,-2.5735185,-2.42129,-4.4209876,-0.9054375,-1.1331887,0.73775965,-0.048485845,2.1841917,-0.15995422,-2.4626913,-4.431708,-4.1276994,1
0.0,0,12.875464,3.1265683,1.244952,-2.43139,0.26337254,1.2281286,-2.3426359,-0.24036542,1.0368562,0.48366806,-1.9798237,-4.22976,-1.6677283,-1.8556111,-1.9412352,0.66730666,-2.1384747,-2.3426447,-2.723694,-2.726743,1
0.0,0,12.8756895,3.126493,1.2453986,-2.4304967,0.26388532,1.2278993,-2.3424666,-0.24116498,1.037234,0.48218384,-1.9787338,-4.229637,-1.6680304,-1.8556721,-1.94066,0.66675323,-2.138698,-2.3430521,-2.7236836,-2.7270741,1
0.0,0,12.875832,3.1289036,1.2457795,-2.4293103,0.26256055,1.2276832,-2.3423283,-0.24216631,1.0384263,0.48381498,-1.9798685,-4.23076,-1.6677152,-1.8574932,-1.9417458,0.66510534,-2.1373582,-2.3417423,-2.7231658,-2.7271974,1
0.0,0,12.879608,3.0987165,1.2448101,-2.4370081,0.27442536,1.2229805,-2.3481896,-0.2378546,1.042928,0.47006866,-1.9608989,-4.2239137,-1.6703848,-1.8541951,-1.928818,0.66630393,-2.1394184,-2.349062,-2.719136,-2.724207,1
0.0,0,12.875939,3.1253572,1.2456552,-2.4304159,0.2645415,1.2275795,-2.3426015,-0.24137193,1.0374997,0.48100355,-1.9775549,-4.229295,-1.6682215,-1.8555562,-1.939932,0.66653323,-2.1388612,-2.3435152,-2.7234795,-2.7270398,1
0.0,0,12.875615,3.1266696,1.2454951,-2.4308038,0.26363796,1.2279102,-2.342481,-0.24095586,1.0369285,0.48262993,-1.9791778,-4.229627,-1.66782,-1.8556063,-1.9408798,0.6669189,-2.1386142,-2.3429525,-2.7235825,-2.7268083,1
19.0,19,-0.5575988,-0.68492573,2.5386589,-0.27137583,-2.4852211,-1.0564361,1.0788548,2.4884255,-2.1894004,-0.6350451,1.6345879,-1.7653642,-0.7368146,-1.2261884,-1.352747,-1.2724758,0.2655826,-1.9064931,3.8277934,12.394161,1
19.0,19,-0.55396044,-0.6921769,2.535511,-0.27151012,-2.4797835,-1.0637033,1.079329,2.4909768,-2.1849399,-0.61544245,1.6358091,-1.7682047,-0.73671275,-1.240365,-1.3579643,-1.2747616,0.26368123,-1.8992876,3.8236766,12.398821,1
19.0,19,-0.5652828,-0.6871159,2.5283496,-0.26230875,-2.4816723,-1.0839359,1.0802635,2.4772785,-2.1824994,-0.60989606,1.6310992,-1.7616501,-0.7211101,-1.261363,-1.3586444,-1.2799542,0.28478402,-1.8835957,3.8420947,12.405775,1
19.0,19,-0.5081545,-0.7694175,2.5004902,-0.26470938,-2.429158,-1.1110319,1.0925996,2.507931,-2.117266,-0.5605931,1.7038085,-1.7711366,-0.7987173,-1.3110881,-1.4051461,-1.2609227,0.22349608,-1.8590236,3.7592201,12.430364,1
19.0,19,-0.5482511,-0.7028755,2.5319657,-0.27152446,-2.4730701,-1.0705068,1.0809256,2.4950325,-2.1778324,-0.5996476,1.6415975,-1.7702229,-0.7418188,-1.253176,-1.364564,-1.2750863,0.25868607,-1.8931992,3.8164718,12.40352,1
19.0,19,-0.55340344,-0.69329876,2.5356424,-0.27137387,-2.4793918,-1.0636535,1.079649,2.4916413,-2.1842523,-0.61658937,1.6370969,-1.768012,-0.73797476,-1.2397392,-1.3586346,-1.2741024,0.26247266,-1.8993015,3.822205,12.398891,1
19.0,19,-0.45856255,-1.5064666,1.9657245,-0.43800777,-0.9735107,-2.729334,0.14284915,1.0207969,-1.3387439,1.0366787,0.6718957,-2.086955,1.8337396,0.19142264,-1.7250597,-1.6376263,-0.5097102,-0.72476923,2.0750813,12.690342,1
19.0,19,-0.458973,-1.5058801,1.9627129,-0.43568048,-0.9802874,-2.7296686,0.14565036,1.0218956,-1.3383596,1.0333265,0.6728892,-2.0893497,1.8324264,0.19181427,-1.7284056,-1.6336548,-0.5074906,-0.7234072,2.0767903,12.6920395,1
19.0,19,-0.46288478,-1.5102553,1.9610434,-0.43479407,-0.9873758,-2.7392964,0.1432873,1.0125995,-1.3293918,1.0298421,0.6778119,-2.0857286,1.833422,0.19287884,-1.7296032,-1.6323104,-0.50108325,-0.72189265,2.0942814,12.697557,1
19.0,19,-0.4933609,-1.5015967,2.0407155,-0.38125286,-1.0703508,-2.6884415,0.2274338,1.0730579,-1.3207186,0.87438786,0.7114934,-2.0858486,1.8101813,0.17645705,-1.7908983,-1.6222564,-0.5116997,-0.74463177,2.127606,12.723352,1
19.0,19,-0.46205994,-1.5045593,1.9682553,-0.42816055,-0.9940155,-2.7253888,0.15597728,1.0280112,-1.3365066,1.014727,0.67768604,-2.091018,1.8284552,0.1902461,-1.7375807,-1.6289126,-0.50663126,-0.7243954,2.081528,12.696401,1
19.0,19,-0.45946288,-1.5052438,1.9650981,-0.43398282,-0.9819115,-2.7278552,0.14793527,1.0236892,-1.3380979,1.0290698,0.673884,-2.0893214,1.831487,0.19082975,-1.7304337,-1.6332858,-0.50821567,-0.7239008,2.0762837,12.692519,1
4.0,4,1.2085803,-0.7602968,-2.091961,-2.0616431,12.039764,6.248025,1.0266095,0.27782866,-3.3589003,-0.24065864,-3.3917468,-1.5236447,-2.775822,-1.8097131,1.940606,1.6253419,-4.255635,3.0076518,-5.8821564,-5.5288644,1
4.0,4,1.2117988,-0.7173189,-2.0712543,-2.058112,12.032106,6.152798,0.9946148,0.114147514,-3.3344681,-0.16754608,-3.3528757,-1.5102282,-2.8273387,-1.7728338,1.9184521,1.6678058,-4.2497463,3.0942924,-5.886454,-5.5346856,1
4.0,4,1.3467841,-0.8208693,-2.0964103,-2.1814225,12.204682,5.8342195,1.0713468,0.08066798,-3.4718406,0.010375833,-3.4455495,-1.5548178,-2.6391997,-1.8407187,2.0715926,1.6830966,-4.211978,2.7940671,-5.7029424,-5.455469,1
4.0,4,1.3361634,-0.682713,-1.9747341,-2.1927657,12.121993,5.440904,0.9175953,-0.45773822,-3.3746336,0.25661758,-3.3464274,-1.5599096,-2.7997622,-1.7010615,1.9452125,1.9641534,-4.2049522,3.1988394,-5.7841034,-5.519674,1
4.0,4,1.2154963,-0.6887173,-2.052953,-2.0566604,12.025388,6.0839696,0.97046,-0.0010169297,-3.3174045,-0.113215774,-3.332993,-1.5022321,-2.860237,-1.7446856,1.9003838,1.7089937,-4.2482743,3.1440806,-5.8890166,-5.5391235,1
4.0,4,1.213558,-0.71857053,-2.0713995,-2.0594158,12.033862,6.1506453,0.99608094,0.11320454,-3.3356812,-0.16451813,-3.3551579,-1.511115,-2.8259597,-1.7727914,1.9189793,1.6706183,-4.250343,3.0868943,-5.884636,-5.5331154,1
19.0,9,-0.3758601,-1.1780066,0.59819084,-2.924633,-0.14263114,-4.292274,-3.9180977,-5.5422564,6.691774,9.582826,-0.43853602,-2.3173525,3.2664683,-0.67124087,-1.6978953,-2.8693683,-0.4458765,-0.89808625,3.1625133,5.9491305,0
19.0,9,-0.37397856,-1.166961,0.593429,-2.8866558,-0.17493892,-4.286966,-3.9165835,-5.5314198,6.7118015,9.514063,-0.40951565,-2.3467753,3.2587023,-0.6746462,-1.7516893,-2.8487308,-0.449738,-0.87357175,3.136909,6.063258,0
19.0,9,-0.48365295,-1.1662781,0.6198189,-2.8519936,-0.34917784,-4.200508,-4.0490065,-5.747797,7.391871,9.223179,-0.31561297,-2.3679879,3.3973768,-0.66667616,-1.8935478,-2.8571372,-0.53917414,-0.8837058,3.220622,5.8199186,0
19.0,9,-0.34136322,-0.9977904,0.74768925,-2.7392087,-0.41228336,-4.172084,-4.08403,-5.627555,7.221123,9.250367,-0.42873636,-2.4748497,3.6173368,-0.5394447,-1.984799,-2.756153,-0.7470543,-0.92034423,2.698891,5.9502378,0
19.0,9,-0.36354333,-1.131438,0.6116327,-2.8296492,-0.23194376,-4.275867,-3.9284258,-5.519869,6.758061,9.437657,-0.3894632,-2.3842704,3.291675,-0.6645225,-1.8295177,-2.8173637,-0.48704645,-0.8529751,3.0450733,6.1680374,0
19.0,9,-0.36877692,-1.1667583,0.5928475,-2.8894827,-0.16360271,-4.289857,-3.9115608,-5.522732,6.683474,9.522455,-0.41446868,-2.34555,3.259061,-0.6744527,-1.7424718,-2.8499546,-0.44831577,-0.8739319,3.130189,6.0693946,0
0.0,0,12.656225,1.6840737,0.29806733,-2.773478,0.3108171,1.1888283,-2.370274,0.90154314,1.794363,0.0080886595,-2.1295605,-4.418547,-0.47459102,-1.831517,-1.4958816,0.3975367,-2.5321937,-2.1402204,-2.9720151,-2.7043705,1
0.0,0,12.65729,1.6848764,0.2992089,-2.7723355,0.3118775,1.1901394,-2.3703198,0.899035,1.7935984,0.006774336,-2.125842,-4.417009,-0.47890446,-1.8306637,-1.4953552,0.3971501,-2.5322456,-2.140183,-2.972418,-2.7048936,1
0.0,0,12.658348,1.6870944,0.29896644,-2.769935,0.3128378,1.1917384,-2.3684742,0.89657426,1.7963284,0.0068615433,-2.1230574,-4.417829,-0.48364928,-1.8325093,-1.4972159,0.39505488,-2.5326686,-2.1384795,-2.9732397,-2.7053654,1
0.0,0,12.661893,1.6777883,0.30577555,-2.772501,0.3164548,1.1915665,-2.3674526,0.8930532,1.7886993,-0.0020867214,-2.103805,-4.4096627,-0.49208996,-1.8267319,-1.4927727,0.3933611,-2.5336096,-2.1453538,-2.9676893,-2.6981924,1
0.0,0,12.657862,1.6851339,0.30004355,-2.771828,0.31231302,1.190746,-2.3702865,0.8977525,1.7930781,0.0059390385,-2.123685,-4.4161234,-0.48101777,-1.8300731,-1.4951148,0.39684176,-2.5323102,-2.1402926,-2.9724336,-2.7048569,1
0.0,0,12.656907,1.6848202,0.2990898,-2.772653,0.3112499,1.1896493,-2.3702605,0.8998933,1.7938408,0.007186981,-2.1272726,-4.417548,-0.47726727,-1.8309007,-1.4956757,0.39720005,-2.532217,-2.1401384,-2.9722226,-2.7045374,1
15.0,15,3.0533688,1.0726342,-2.0031393,-0.8266937,-0.7685949,-0.00064894184,-0.15836468,-0.68294,-2.9153602,-1.9723332,-3.1137629,-1.9277333,-2.5447454,-0.90235907,1.6762204,11.034745,-1.4624088,-3.2560225,-3.513728,-3.4855707,1
15.0,15,3.0799522,1.0717547,-2.0029514,-0.8234113,-0.76059866,-0.007267602,-0.1627596,-0.6792308,-2.9167619,-1.9661053,-3.105099,-1.926095,-2.552593,-0.91441685,1.6685274,11.032405,-1.4683564,-3.262445,-3.511089,-3.4842794,1
15.0,15,3.1096618,1.0770233,-2.0050623,-0.81809163,-0.75880116,-0.01390072,-0.1639553,-0.67878664,-2.9188976,-1.95738,-3.096879,-1.9134101,-2.5644867,-0.9216838,1.6513853,11.030948,-1.4751811,-3.2669382,-3.5026937,-3.4834628,1
15.0,15,3.175419,1.0747542,-2.006528,-0.8022764,-0.74380684,-0.03629753,-0.18274033,-0.6766778,-2.9245088,-1.9349486,-3.0681262,-1.8902609,-2.5919528,-0.9545596,1.6309487,11.029918,-1.4852633,-3.282194,-3.4873948,-3.4797184,1
15.0,15,3.1019454,1.0709958,-2.0032663,-0.8195852,-0.7543277,-0.013417754,-0.1676695,-0.6773981,-2.9180198,-1.9601691,-3.0972567,-1.9223448,-2.560106,-0.9248366,1.6624657,11.031253,-1.472632,-3.2673438,-3.5079548,-3.4834619,1
15.0,15,3.0729039,1.0717018,-2.003004,-0.8235833,-0.76299286,-0.006327763,-0.16263935,-0.6809696,-2.9165862,-1.9672196,-3.106553,-1.924681,-2.551453,-0.91160274,1.6708455,11.033837,-1.4664408,-3.26046,-3.5109916,-3.4846783,1
18.0,18,-2.0111108,-1.7387135,-0.28935134,-2.482336,-1.9165996,-2.353482,2.3889964,-2.260817,0.9692412,-2.3509834,-0.36504593,0.54742,1.6901226,0.11971539,-0.060104463,-2.6250405,4.273649,-3.939978,11.623256,1.6346948,1
18.0,18,-2.0553327,-1.7707171,-0.21928611,-2.4477773,-1.9211787,-2.3682349,2.469198,-2.2474508,1.0372616,-2.4204137,-0.30433553,0.57718545,1.6554077,0.02378437,-0.11347297,-2.675615,4.301476,-3.9139397,11.602384,1.720678,1
18.0,18,-2.0863605,-1.8680503,-0.13130455,-2.4394212,-2.1784525,-2.4639935,2.1038187,-2.4261627,1.464167,-2.2614357,-0.09370421,0.580408,1.5449277,0.26865077,-0.13571523,-2.5103998,3.8223474,-4.0384917,11.958064,2.4146907,1
18.0,18,-2.3339336,-2.201567,-0.058283463,-2.2068958,-2.3112574,-2.5734491,2.3558679,-2.5946507,2.6059182,-2.8071826,0.7951612,0.5527273,1.171037,-0.46879387,-0.5540445,-2.8661237,3.9909286,-3.755011,11.603898,3.5643675,1
18.0,18,-2.140812,-1.8470845,-0.1472341,-2.3905728,-1.9318041,-2.3962264,2.632047,-2.2474244,1.2503107,-2.573975,-0.12717664,0.6211662,1.5678022,-0.21378982,-0.22016113,-2.784365,4.3816524,-3.8571243,11.547343,1.919971,1
18.0,18,-2.062169,-1.7756047,-0.21910518,-2.444853,-1.9195017,-2.368607,2.4906974,-2.2461653,1.0498915,-2.435365,-0.29142845,0.57987404,1.648826,-0.00048083812,-0.1215324,-2.684819,4.3144813,-3.9084554,11.59359,1.729627,1
2.0,2,-0.8795508,-1.0499263,12.220794,0.7809377,-1.7345498,-1.0615491,-2.30092,-0.75669754,4.299692,-1.855231,-1.4967256,-1.914003,1.667926,1.1617904,-1.1599125,-2.3048694,-1.1187377,0.55900437,-1.2618678,-2.191386,1
2.0,2,-0.8848553,-1.0451882,12.222992,0.7775241,-1.7532228,-1.0634419,-2.3070183,-0.76486707,4.323514,-1.8420786,-1.4902064,-1.9147164,1.6684047,1.1547892,-1.1714427,-2.3130083,-1.113693,0.5508006,-1.2353963,-2.1762676,1
2.0,2,-0.887282,-1.0447276,12.235187,0.7646651,-1.7745508,-1.0604342,-2.312745,-0.7818922,4.3467703,-1.8312943,-1.4782656,-1.9173938,1.6768736,1.1634791,-1.1723706,-2.3178964,-1.1304486,0.53510165,-1.2092385,-2.1468995,1
2.0,2,-0.8538404,-1.07832,12.2018795,0.7643399,-1.6467599,-1.04621,-2.2729955,-0.72948575,4.214658,-1.914635,-1.5187615,-1.9223697,1.6529653,1.2109034,-1.0995067,-2.2738938,-1.1448803,0.5931482,-1.3725888,-2.2629805,1
2.0,2,-0.88169765,-1.0475807,12.22324,0.77427924,-1.7407147,-1.060023,-2.301488,-0.761587,4.313018,-1.8455987,-1.491899,-1.9161814,1.6633538,1.1614878,-1.1656743,-2.310088,-1.121998,0.555047,-1.2496016,-2.1849203,1
2.0,2,-0.8820463,-1.0473814,12.222759,0.77852714,-1.7445141,-1.0621486,-2.3043964,-0.7613485,4.312861,-1.846794,-1.492767,-1.9144819,1.6673371,1.1586485,-1.1659383,-2.3092558,-1.1176631,0.55446196,-1.2482531,-2.1829357,1
12.0,12,-0.6248519,-0.58376986,-1.3448026,-1.8188272,-3.7324965,-0.3159309,-1.780805,0.22370419,1.4189067,-0.9050224,-2.0916777,-2.3192453,13.138072,2.2738678,-0.6510692,-3.4017792,-0.24656458,-2.555514,2.455155,0.22313887,1
12.0,12,-0.6251875,-0.58377796,-1.3451899,-1.8172479,-3.7312336,-0.3156564,-1.7800596,0.22507897,1.4163883,-0.9040982,-2.0942822,-2.3187208,13.138157,2.2756772,-0.6513336,-3.4037292,-0.24507177,-2.5554304,2.4558408,0.22221935,1
12.0,12,-0.62436986,-0.58663183,-1.3444211,-1.8248801,-3.7401848,-0.31884876,-1.7871035,0.21675438,1.4323833,-0.90709996,-2.0799823,-2.3198729,13.13745,2.2662745,-0.6531558,-3.393218,-0.24605072,-2.5568407,2.4578357,0.23098409,1
12.0,12,-0.6224851,-0.5889416,-1.3379782,-1.8445009,-3.7514384,-0.32416502,-1.797401,0.20125249,1.4610775,-0.91708785,-2.048333,-2.328915,13.1356535,2.246183,-0.6530464,-3.3709881,-0.2585416,-2.5535183,2.4471285,0.23878631,1
12.0,12,-0.623931,-0.58428466,-1.3434819,-1.8243072,-3.736439,-0.31762865,-1.7838813,0.21897951,1.4263479,-0.9061838,-2.0842934,-2.3210566,13.137622,2.270897,-0.6508294,-3.3965409,-0.24965745,-2.5569627,2.4550066,0.22588402,1
12.0,12,-0.624003,-0.58427584,-1.3431321,-1.8239106,-3.7360666,-0.31726328,-1.7833663,0.2196652,1.4261634,-0.906951,-2.084482,-2.3209982,13.137718,2.2701359,-0.6506357,-3.396721,-0.24988204,-2.5565083,2.4540675,0.22574413,1
15.0,15,-0.81532884,0.5096563,-1.5696214,-1.4220551,-0.009044737,0.36176756,0.0309062,-0.8109375,-3.5759199,-2.1191063,-4.06925,-1.2625877,-2.7450469,0.3767103,5.4609804,11.707168,-1.4667051,-2.5402038,-3.7982519,-3.684308,1
15.0,15,-0.7763685,0.51262367,-1.5787823,-1.3970127,-0.060770445,0.3232472,0.03912054,-0.8260151,-3.5495484,-2.1112478,-4.0255165,-1.2710278,-2.7374623,0.37651408,5.339401,11.742649,-1.484803,-2.5593953,-3.7691202,-3.6388104,1
15.0,15,-0.77105874,0.5372825,-1.5816824,-1.402194,-0.08999238,0.33259246,0.03716349,-0.8371544,-3.5365279,-2.1070209,-4.0417576,-1.291301,-2.7149103,0.40978158,5.3367333,11.732589,-1.4834982,-2.568428,-3.7665083,-3.640566,1
15.0,15,-0.7336784,0.5321982,-1.5983061,-1.3496677,-0.22050145,0.2707809,-0.024783336,-0.9061899,-3.4747372,-2.1152,-3.9317036,-1.2950715,-2.6819997,0.41977376,5.249659,11.779008,-1.4909471,-2.5814724,-3.7041683,-3.568388,1
15.0,15,-0.7530472,0.5127946,-1.5847086,-1.3777933,-0.10312051,0.29688025,0.033923082,-0.8439847,-3.5287886,-2.108925,-3.989556,-1.2732747,-2.7309031,0.37860158,5.270071,11.766106,-1.4935596,-2.5700424,-3.7455966,-3.6078632,1
15.0,15,-0.7886265,0.511403,-1.5760293,-1.4015121,-0.05614441,0.3319636,0.02803737,-0.8274127,-3.5530884,-2.1140523,-4.0320687,-1.2677886,-2.737206,0.37673897,5.3796206,11.733906,-1.4768381,-2.552393,-3.7734559,-3.649359,1
0.0,0,12.2940445,1.2443986,4.243617,-2.740149,0.12241158,-0.16168688,-2.4440506,0.76992786,0.16466153,-0.63273275,-1.6513082,-3.6731267,-1.290167,-1.7557237,-1.4041307,1.40966,-1.9753575,-2.830179,-2.018868,-1.7722912,1
0.0,0,12.296756,1.2302473,4.230627,-2.743862,0.12639967,-0.16446231,-2.4505503,0.7677454,0.17504922,-0.6438512,-1.6435976,-3.669808,-1.2802881,-1.7549798,-1.3901744,1.4050858,-1.9766396,-2.8321254,-2.014394,-1.7742773,1
0.0,0,12.305302,1.2388194,4.2289863,-2.734194,0.1342634,-0.16876113,-2.4532895,0.74371195,0.18060765,-0.6443745,-1.6408806,-3.672305,-1.2963177,-1.7614183,-1.3778337,1.4062808,-1.9685497,-2.8300378,-2.0156329,-1.7843002,1
0.0,0,12.299362,1.1755893,4.2202034,-2.7445855,0.14460807,-0.18394236,-2.471259,0.7448356,0.20497361,-0.7170474,-1.5918698,-3.6571193,-1.2628179,-1.7544315,-1.3227767,1.3852319,-1.971052,-2.842812,-1.9927995,-1.7712206,1
0.0,0,12.297699,1.2241194,4.2255216,-2.7454476,0.12784201,-0.16565219,-2.453284,0.767246,0.17943949,-0.648544,-1.6403795,-3.6683762,-1.2757165,-1.7546687,-1.3845003,1.4029176,-1.9773079,-2.8329008,-2.0124817,-1.7747943,1
0.0,0,12.295952,1.2367368,4.235125,-2.7424238,0.12453829,-0.16303846,-2.447871,0.76921177,0.1710113,-0.6373395,-1.6481329,-3.6713688,-1.2840044,-1.7555444,-1.3969665,1.4069483,-1.9763979,-2.830788,-2.016745,-1.7738577,1
14.0,14,-0.684934,-0.16320166,-0.7539699,-4.91519,-1.6727262,-0.39640343,-2.2689612,-1.0600855,-1.0887382,5.758913,-1.9456499,-1.8519897,0.39815122,0.67355,9.951262,-0.83666056,1.7107872,-2.591089,0.37995207,-1.9260788,1
14.0,14,-0.6119794,-0.22412056,-0.84950197,-4.873336,-1.6081989,-0.11142266,-2.2923715,-0.8534936,-1.2153962,5.145933,-1.9030361,-1.8466483,0.36031985,0.6672981,10.321305,-0.6747657,1.664648,-2.6785393,0.14926,-2.0487018,1
14.0,14,-0.67953247,-0.22380465,-0.95862144,-4.887668,-1.6688006,0.5026418,-2.6012664,-1.1353614,-0.89381564,4.854714,-2.024716,-1.8466415,0.34649393,0.76202136,10.523564,-0.38493222,1.5051218,-2.8718288,0.13024318,-2.2345316,1
14.0,14,-0.6821261,-0.2015709,-1.2642512,-4.76563,-1.5923148,1.649808,-2.647214,-0.71390843,-1.0514107,3.382168,-2.0733793,-2.0111353,0.22618407,0.7625939,11.229892,0.08795498,1.2914084,-2.9369524,-0.50423384,-2.678707,1
14.0,14,-0.56257,-0.25772303,-0.9221667,-4.8355446,-1.5625244,0.14071727,-2.3135211,-0.71306276,-1.2861964,4.663852,-1.8802717,-1.8581014,0.32510138,0.6441365,10.598749,-0.53350747,1.6214219,-2.7256267,-0.03477584,-2.1692586,1
14.0,14,-0.62218094,-0.20131987,-0.8339069,-4.877109,-1.6151491,-0.14076792,-2.294641,-0.8974184,-1.188848,5.2323527,-1.9198691,-1.8624544,0.36379915,0.6564632,10.277585,-0.687832,1.670419,-2.6488926,0.17012878,-2.054897,1
7.0,7,1.526343,-3.5633082,-0.4679759,-1.920165,9.27259,2.166669,-0.17997858,9.794714,-3.6956797,-1.8056083,-2.2236698,-2.3928514,-3.2771335,-3.8064973,0.5027471,0.5704158,-2.2598324,3.041343,-5.639593,-4.1102896,1
7.0,7,1.533807,-3.5147178,-0.46374688,-1.9184191,9.377264,2.2141628,-0.28692463,9.623138,-3.6539855,-1.8056904,-2.2302349,-2.412723,-3.287975,-3.7885292,0.5581468,0.5630356,-2.272255,3.2049136,-5.7122545,-4.2016363,1
7.0,7,1.5551685,-3.5116632,-0.5395976,-1.9242673,9.2440815,2.2271414,-0.22649446,9.781375,-3.686828,-1.7386402,-2.2214553,-2.406217,-3.3028963,-3.821183,0.44797927,0.521164,-2.1718886,3.0658062,-5.642953,-4.095529,1
7.0,7,1.5750037,-3.4611852,-0.55303586,-1.9235268,9.387948,2.3063102,-0.32602885,9.589545,-3.6560802,-1.7357258,-2.2401893,-2.4089167,-3.3245418,-3.7986114,0.5034338,0.5329738,-2.2116957,3.1964965,-5.722202,-4.189352,1
7.0,4,1.5445759,-3.4690285,-0.4696891,-1.9164884,9.502627,2.2712417,-0.38350865,9.441794,-3.6204233,-1.8059483,-2.2431045,-2.4211438,-3.3028395,-3.7684107,0.61449826,0.5702732,-2.3005264,3.345844,-5.7832313,-4.2901936,0
7.0,7,1.5404341,-3.5123448,-0.472277,-1.9184327,9.411172,2.2324817,-0.29205498,9.595647,-3.6569982,-1.8070142,-2.2373753,-2.4047308,-3.2940066,-3.7837539,0.5664319,0.5780591,-2.292783,3.2003162,-5.7216673,-4.2111855,1
8.0,8,-0.73254424,-0.15757118,-0.23391955,-2.6814065,-2.9172459,-2.4065573,-3.8803928,-5.49449,12.460533,4.5208654,1.3389722,-4.013986,0.24422884,-0.94284785,-0.679442,-0.99079895,-1.4850278,0.7372646,0.5726218,0.72943294,1
8.0,8,-0.71008253,-0.1709868,-0.2511758,-2.6857708,-2.891568,-2.4197702,-3.8906083,-5.479658,12.449345,4.494918,1.3559283,-4.03364,0.2457937,-0.9507858,-0.6817358,-0.97754765,-1.4879438,0.74823314,0.53931737,0.77193385,1
8.0,8,-0.6794649,-0.16846782,-0.16935192,-2.5620003,-2.8133376,-2.1495774,-3.7807841,-5.3791037,12.61898,3.7725933,1.4312322,-4.0690455,0.28928152,-0.94326603,-0.59753555,-0.9548793,-1.6941743,0.7904489,0.2904131,0.4750909,1
8.0,8,-0.5337511,-0.29860598,-0.23549064,-2.6056976,-2.6225052,-1.84602,-3.79375,-4.9709263,12.529461,2.9235735,1.5121826,-4.3133817,0.28092968,-0.9853761,-0.111474425,-0.66672266,-1.9772568,0.8356168,-0.39784238,0.23490608,1
8.0,8,-0.66577303,-0.19102786,-0.2714611,-2.6860976,-2.8392346,-2.3641431,-3.8982873,-5.406289,12.453741,4.3012204,1.3858365,-4.093894,0.2389498,-0.96170384,-0.6136286,-0.9156998,-1.5502051,0.773402,0.382381,0.7406187,1
8.0,8,-0.70221835,-0.17279227,-0.25423864,-2.6872616,-2.8830824,-2.4054022,-3.8936927,-5.463166,12.449603,4.4569335,1.3592813,-4.0465555,0.24360666,-0.95292753,-0.6602674,-0.964572,-1.5012206,0.75393045,0.50286067,0.75806975,1
11.0,11,-3.5972943,-1.059875,-1.1587121,2.5022316,-1.7029827,-2.6968377,0.37009937,-1.4553711,-2.2421398,-0.8146009,1.8206794,12.858673,-1.9364029,0.11938101,-1.5883863,0.19236533,4.412096,0.38307473,0.21567313,-1.9293977,1
11.0,11,-3.604435,-1.0754738,-1.1647745,2.5265703,-1.7148662,-2.706617,0.3612747,-1.4558228,-2.2294016,-0.81436205,1.8720909,12.861244,-1.9396507,0.09610316,-1.6071752,0.17868023,4.4284077,0.378968,0.2231464,-1.9136515,1
11.0,11,-3.6086755,-1.0864756,-1.1783811,2.5371377,-1.7226026,-2.7203596,0.3617543,-1.4549283,-2.2254548,-0.818792,1.9055557,12.857781,-1.9435414,0.06986269,-1.6211178,0.16227412,4.4758253,0.37140062,0.24073583,-1.9046546,1
11.0,11,-3.6121318,-1.0949149,-1.184912,2.548445,-1.7287468,-2.7287245,0.35863364,-1.4545705,-2.2218485,-0.8209006,1.9317956,12.856538,-1.9460146,0.053863607,-1.6309643,0.15216021,4.5009427,0.36676562,0.2493698,-1.8968449,1
11.0,11,-3.6097033,-1.0873926,-1.1694747,2.5444527,-1.7240139,-2.7141387,0.35428956,-1.4563931,-2.220163,-0.8143427,1.9110996,12.862677,-1.9425856,0.07835728,-1.6208255,0.16809556,4.44293,0.37580305,0.22905011,-1.9019204,1
11.0,11,-3.6035047,-1.0735741,-1.1639059,2.523805,-1.7132612,-2.7053287,0.36226618,-1.4556562,-2.2309165,-0.81436235,1.8657534,12.861084,-1.9391575,0.09908241,-1.6049216,0.1804617,4.425625,0.37945253,0.2220306,-1.9155133,1
17.0,17,-1.9981767,-1.2347324,-2.098098,0.17184801,4.2237377,-1.4207913,-5.2192984,-3.0402713,-0.61693263,-1.1203871,2.6369398,2.7469537,-3.1741674,-2.141398,4.8822083,0.60210085,2.3563268,11.484234,-4.657824,-4.403817,1
17.0,17,-2.0709727,-1.1977077,-2.0809712,0.19336313,4.088425,-1.4418284,-5.186854,-3.0887773,-0.54079556,-1.0846485,2.8216314,2.7144268,-3.1395454,-2.207907,4.6642284,0.5420593,2.4004498,11.614275,-4.6338606,-4.320635,1
17.0,17,-2.1154459,-1.1667006,-2.0832603,0.20336515,4.0024247,-1.4591389,-5.117869,-3.128632,-0.41983435,-1.1007271,2.9859483,2.5747364,-3.0552,-2.3018548,4.437013,0.46854293,2.405537,11.737906,-4.6063447,-4.227261,1
17.0,17,-2.239959,-1.1144102,-2.076836,0.2358043,3.7396505,-1.501792,-5.043175,-3.2196965,-0.23025769,-1.0902395,3.3408635,2.4630048,-2.9813275,-2.4265318,4.050205,0.3797819,2.4784486,11.918484,-4.550205,-4.0448093,1
17.0,17,-2.1249251,-1.1710544,-2.0706317,0.21150169,3.9837675,-1.4586979,-5.1593122,-3.1267066,-0.47655275,-1.061899,2.963897,2.6777704,-3.1102953,-2.2593772,4.49998,0.4955095,2.4326622,11.70846,-4.613645,-4.2515516,1
17.0,17,-2.0714722,-1.1949463,-2.0813622,0.19219658,4.081645,-1.4391232,-5.1862745,-3.0920956,-0.5341811,-1.0882179,2.8260121,2.69778,-3.1382127,-2.2051892,4.667632,0.5463772,2.3925517,11.614763,-4.636218,-4.317254,1
16.0,16,-1.421135,0.16880608,-1.2094816,-0.14812474,-1.9714335,-3.0911827,-1.9274018,-1.7510614,-1.418284,-1.6610713,2.5228279,2.317887,-1.4143467,-2.183437,-0.860714,-2.23833,13.19476,0.7200739,1.8436301,-0.7802719,1
16.0,16,-1.3816535,0.13633832,-1.1802756,-0.09448862,-2.0233176,-3.106421,-1.9869213,-1.7933083,-1.3672732,-1.6878897,2.6917987,2.2873056,-1.424329,-2.2179332,-0.8495922,-2.2639682,13.175389,0.7061055,1.8237787,-0.7613177,1
16.0,16,-1.2951518,0.014617305,-1.1162541,0.0016616562,-2.1538045,-3.1433628,-2.0685468,-1.8995624,-1.208385,-1.7826148,3.0511894,2.3451946,-1.4212337,-2.3137176,-0.83198625,-2.2761672,13.107599,0.5749706,1.8258402,-0.7612855,1
16.0,16,-1.3770779,0.06562266,-1.1324384,-0.031186374,-2.1043315,-3.1200552,-1.9506197,-1.8461682,-1.2846153,-1.7595447,2.808262,2.3981152,-1.3849043,-2.2851236,-0.8636314,-2.24088,13.142899,0.5559147,1.8701029,-0.770519,1
16.0,16,-1.348798,0.10589227,-1.1558571,-0.05804904,-2.0607824,-3.1199324,-2.0318732,-1.8210932,-1.3299496,-1.7093651,2.8173358,2.2692661,-1.4288138,-2.2433903,-0.8411742,-2.2798471,13.158293,0.6941809,1.807345,-0.75109786,1
16.0,16,-1.3820199,0.13403223,-1.1783109,-0.08836915,-2.0287738,-3.1103761,-1.9918206,-1.805425,-1.3628396,-1.690263,2.71257,2.298707,-1.4288455,-2.2186105,-0.8493317,-2.2646003,13.173495,0.70260423,1.8253919,-0.7589576,1
19.0,19,-1.4131786,-1.94226,-0.49154463,0.1594732,-2.3596773,-3.825539,2.9599535,0.7353178,-0.1519337,-1.653382,3.0714633,-1.5437796,1.0920496,-2.105411,-2.7062893,-0.9959513,0.8791319,-1.3404653,4.1098394,11.9211855,1
19.0,19,-1.3958993,-1.9467831,-0.4901003,0.16419859,-2.357212,-3.8147757,2.9107423,0.7423521,-0.13584745,-1.6505967,3.0840564,-1.5565673,1.0844444,-2.0917776,-2.7035427,-0.9817138,0.8616968,-1.3200538,4.0516906,11.926289,1
19.0,19,-1.431496,-1.9722123,-0.37236804,0.14118876,-2.2937133,-3.8290524,2.7054315,0.5064777,0.14012517,-1.4621315,3.0956721,-1.5337098,0.9788001,-1.8562272,-2.7979164,-0.96311384,0.7298636,-1.2510093,3.8932261,12.058383,1
19.0,19,-1.3583483,-1.9034171,-0.51409626,0.2305538,-2.3175468,-3.7044327,2.4271374,0.7179804,0.23090506,-1.3807999,3.1272504,-1.7407537,0.90363157,-1.866463,-2.7979155,-0.7568301,0.64509964,-1.0014333,3.1226206,12.021552,1
19.0,19,-1.3414178,-1.9382339,-0.48939914,0.19636397,-2.3430552,-3.7606337,2.749823,0.79973555,-0.07035928,-1.6117358,3.116387,-1.627893,1.0502133,-2.0308976,-2.7190073,-0.91144735,0.7617988,-1.2230911,3.7056713,11.948896,1
19.0,19,-1.3819553,-1.9448245,-0.48778498,0.17182113,-2.3540146,-3.8020082,2.874409,0.75506556,-0.12358906,-1.6456504,3.0913692,-1.5728822,1.0801249,-2.0773249,-2.7059708,-0.96543247,0.83539647,-1.2982529,3.975758,11.932346,1
17.0,17,-2.3508842,0.28822404,-0.13592455,-0.6660235,2.436067,1.2106534,-2.498856,-1.2564237,-0.5479659,0.0447542,2.8176498,0.015166761,-2.155379,-0.19818918,0.08622354,-1.115002,-1.0954428,13.212039,-5.6167035,-4.024797,1
17.0,17,-2.3348567,0.12731232,-0.12424771,-0.7480343,2.4216216,1.0455866,-2.4653337,-1.281635,-0.45262483,0.1462598,3.1921508,-0.008628725,-2.185791,-0.21128008,-0.005638227,-1.2277086,-1.1596668,13.165971,-5.5447907,-3.8782206,1
17.0,17,-2.2468045,-0.15589397,-0.2884415,-0.8432963,2.5418181,0.7515223,-2.5287147,-1.6727724,-0.2847892,0.24833876,3.9402626,-0.0567211,-2.2374525,-0.23320988,0.39210212,-1.2910659,-1.4279118,12.877545,-5.454808,-3.6527152,1
17.0,17,-2.1632106,-0.7517088,-0.54519874,-1.1105407,2.5953572,0.15031804,-2.4816973,-1.8487735,-0.017847873,0.48267254,5.220393,-0.12466325,-2.3737195,-0.37013122,0.61683345,-1.4818732,-1.646473,12.43255,-5.213178,-3.1381614,1
17.0,17,-2.3123438,-0.026720092,-0.12666276,-0.82676953,2.4138749,0.9059534,-2.4330723,-1.2850823,-0.36734983,0.23874888,3.516357,-0.03334479,-2.2227716,-0.21980706,-0.069963135,-1.3122494,-1.2388884,13.109691,-5.487463,-3.7469182,1
17.0,17,-2.335802,0.13420507,-0.12209911,-0.7404813,2.4208302,1.0584491,-2.466219,-1.2774018,-0.45774105,0.13659385,3.1673274,-0.007299686,-2.18164,-0.21017294,0.0015939847,-1.2165604,-1.1639905,13.167477,-5.550985,-3.8868034,1
15.0,5,-0.17482573,1.1995502,-2.9787664,-0.89113086,4.857161,9.717519,0.6066859,-0.48384395,-4.444054,-0.8732338,-3.8180015,0.115144975,-2.0575967,1.2346299,-0.0036356226,4.273686,-1.8020118,-3.310496,-3.4390917,-4.7480817,0
15.0,5,-0.18247652,1.2077575,-2.981868,-0.8837496,4.8332105,9.729607,0.58497894,-0.48044163,-4.4342413,-0.9019066,-3.8076067,0.13186164,-2.0722468,1.2391346,-0.009965539,4.2917523,-1.7935419,-3.2639015,-3.4719791,-4.777279,0
15.0,5,-0.20572373,1.1420832,-3.0670455,-0.9257531,4.720947,9.612198,0.5982909,-0.5069102,-4.447594,-0.88426864,-3.746128,0.13339609,-2.0145092,1.2448399,-0.002674967,4.3981743,-1.7805982,-3.3442035,-3.333549,-4.7486687,0
15.0,5,-0.24458101,1.122931,-3.081964,-0.91021514,4.640522,9.620691,0.57647467,-0.49884102,-4.4090433,-0.96852696,-3.7098799,0.12068518,-2.062066,1.2460215,0.00954105,4.5755796,-1.82392,-3.3174925,-3.4361074,-4.760116,0
15.0,5,-0.2078344,1.2091131,-2.9822874,-0.868336,4.7926717,9.746223,0.561962,-0.47065476,-4.4116635,-0.9623321,-3.7860243,0.13891256,-2.1115296,1.241894,-0.006345704,4.372394,-1.8100282,-3.2041132,-3.5489616,-4.8072557,0
15.0,5,-0.19392522,1.202842,-2.9786313,-0.8785666,4.82383,9.73218,0.58563596,-0.4765654,-4.4262,-0.9207849,-3.8008003,0.12463189,-2.0879583,1.2379124,-0.0031242073,4.3315372,-1.810856,-3.258595,-3.4995093,-4.7755795,0
6.0,6,-3.656791,-0.21743238,-2.6659708,-0.21055903,-0.25502196,0.7799183,11.168656,7.629973,-4.7600718,-2.645968,-1.5842657,-2.2231812,-1.6346979,-3.604825,0.17439882,-0.8971647,0.5626938,-1.8773499,-1.0205321,-1.1279598,1
6.0,6,-3.6639678,-0.38473994,-2.6750097,-0.22866239,-0.35502028,0.8724561,10.87781,8.020602,-4.678618,-2.7617416,-1.5567482,-2.3066988,-1.589764,-3.6075635,0.33676296,-0.8198249,0.41149703,-1.7006661,-1.1895009,-1.3342935,1
6.0,6,-3.103273,-1.0326455,-2.8072639,-0.54479,-0.2481409,0.50177073,10.073433,8.746006,-4.295974,-2.9984891,-1.0900501,-2.6078098,-1.8419334,-3.6871016,0.56273234,-0.3050211,-0.430796,-1.805553,-1.6407878,0.21551684,1
6.0,6,-2.8196056,-1.4356623,-2.8441126,-0.6819521,-0.22086877,0.43267432,9.350122,9.306519,-4.131182,-3.1758623,-0.95709044,-2.7962952,-1.9748884,-3.690238,1.0234386,0.012779586,-0.718334,-1.7191416,-2.0519152,0.40485436,1
6.0,6,-3.6040173,-0.57422346,-2.6956913,-0.24055858,-0.2934571,0.880664,10.610655,8.379052,-4.6670036,-2.8106015,-1.563628,-2.3351398,-1.6360797,-3.709167,0.56439286,-0.72383666,0.3180662,-1.5795201,-1.4367656,-1.4316775,1
6.0,6,-3.6376123,-0.39582592,-2.6854618,-0.21640573,-0.29581475,0.8413384,10.884983,8.021022,-4.7031446,-2.7423007,-1.5729673,-2.288562,-1.6224805,-3.6608202,0.36357862,-0.8121054,0.4423271,-1.7161298,-1.2261976,-1.3135043,1
11.0,11,-2.551446,-1.4306414,-1.9151294,0.15202382,1.6751167,-3.2339497,-0.62472284,-0.42746875,-2.9516675,-0.50350416,0.20583746,12.751015,-0.531223,0.06431432,0.6829994,-0.6733357,3.5631073,-0.19914281,0.65155804,-2.1739497,1
11.0,11,-2.5549214,-1.4307568,-1.9155471,0.15612762,1.6680766,-3.2359097,-0.6210567,-0.42723697,-2.9494548,-0.50297815,0.21413466,12.754225,-0.53150177,0.057731025,0.67397374,-0.67697424,3.5701604,-0.19807953,0.65573573,-2.1698823,1
11.0,11,-2.5588539,-1.4309866,-1.9165592,0.15873311,1.6600292,-3.23805,-0.61739516,-0.42716283,-2.9469712,-0.5027329,0.22284973,12.757169,-0.5315502,0.05142367,0.66622233,-0.6810818,3.57853,-0.19710836,0.66083646,-2.165727,1
11.0,11,-2.5589726,-1.4295595,-1.9160403,0.1570121,1.6597234,-3.237648,-0.6182645,-0.42788848,-2.9472399,-0.5038774,0.22148317,12.756316,-0.5301769,0.056716494,0.6676526,-0.68075705,3.5753307,-0.19913632,0.6607874,-2.1670568,1
11.0,11,-2.5581646,-1.4309833,-1.9159956,0.160009,1.6615777,-3.23776,-0.6176229,-0.4269971,-2.9473069,-0.5024619,0.2220172,12.757259,-0.53177387,0.051307388,0.6655771,-0.6803867,3.5767503,-0.19702107,0.65965253,-2.1660266,1
11.0,11,-2.5541556,-1.430706,-1.9154,0.15534656,1.6696688,-3.2354867,-0.621859,-0.42729422,-2.9499292,-0.5031047,0.21236303,12.75356,-0.53142107,0.05921665,0.67580587,-0.6761644,3.568437,-0.19834387,0.6547716,-2.1707752,1
2.0,2,-0.63961124,-0.24537855,12.847671,-1.2752945,-0.22874337,0.5747373,-1.649761,-0.074663505,2.3162806,-0.4954706,-1.6020669,-2.7322795,0.69401646,1.7106807,-0.7446575,-2.435127,-2.5873628,1.3064756,-2.618282,-2.6109383,1
2.0,2,-0.64004636,-0.24469909,12.847167,-1.2759762,-0.22875899,0.57541466,-1.6495267,-0.07471113,2.3166926,-0.49505863,-1.6022854,-2.7322087,0.69347495,1.710752,-0.74495465,-2.4357734,-2.587061,1.3061105,-2.617906,-2.6110418,1
2.0,2,-0.6395924,-0.24911582,12.845899,-1.2804375,-0.22841173,0.5758989,-1.6509031,-0.07340512,2.320575,-0.49100074,-1.6013213,-2.734867,0.692368,1.7113769,-0.7472545,-2.439638,-2.5842505,1.306848,-2.6137042,-2.6083293,1
2.0,2,-0.63620996,-0.25202334,12.84496,-1.27672,-0.22476214,0.5777755,-1.6494647,-0.074687466,2.3233714,-0.5008831,-1.6019136,-2.7361982,0.6971651,1.7077584,-0.7449196,-2.433958,-2.5873153,1.3050668,-2.6218727,-2.6135793,1
2.0,2,-0.6397235,-0.24519712,12.846667,-1.2761606,-0.22817615,0.57605517,-1.649301,-0.07479876,2.3176546,-0.49595797,-1.60239,-2.7326007,0.69380426,1.7102804,-0.7449812,-2.4356222,-2.5871003,1.3057368,-2.6185126,-2.6116135,1
2.0,2,-0.63995653,-0.24466366,12.847426,-1.2757823,-0.22889665,0.5752002,-1.6496648,-0.074758664,2.3164299,-0.49494964,-1.6022269,-2.732202,0.6936101,1.7108054,-0.74487436,-2.435609,-2.5871649,1.306165,-2.6180105,-2.6108258,1
12.0,12,-0.63918257,-1.2800887,-1.0981584,-1.4982914,-2.4210865,-1.4010223,-0.44413653,-0.2957795,1.3512998,-0.19254963,-1.9765261,-1.6196749,13.288409,1.8257086,-1.392133,-3.7581036,-1.294196,-3.2084303,3.7357788,1.275433,1
12.0,12,-0.6301658,-1.2676861,-1.0845975,-1.4969255,-2.461091,-1.4272683,-0.43197063,-0.30385354,1.3633572,-0.16278861,-1.9600021,-1.6038302,13.280824,1.7671299,-1.4014102,-3.777251,-1.2845315,-3.2120032,3.8057182,1.3150882,1
12.0,12,-0.6234448,-1.2408955,-1.0956833,-1.4934219,-2.4770782,-1.422395,-0.44087592,-0.331763,1.3838922,-0.1233369,-1.9618679,-1.5976945,13.278498,1.7392964,-1.4060484,-3.7821372,-1.2825446,-3.227451,3.8444624,1.3058913,1
12.0,12,-0.5678028,-1.1900058,-0.8817448,-1.4686165,-2.7242332,-1.5231246,-0.3895671,-0.25927326,1.3681964,-0.13683031,-1.8891046,-1.5223793,13.241309,1.5823944,-1.442051,-3.866405,-1.2836199,-3.2865498,4.070501,1.6196934,1
12.0,12,-0.6271394,-1.2597222,-1.0761921,-1.4963297,-2.487434,-1.4438651,-0.4191582,-0.3092317,1.3721693,-0.14596139,-1.9495956,-1.5935822,13.275474,1.731771,-1.4098673,-3.7897017,-1.27914,-3.2159197,3.8513925,1.3411918,1
12.0,12,-0.63566154,-1.2732742,-1.0936966,-1.4984375,-2.4446476,-1.4198077,-0.4335663,-0.3063468,1.3626446,-0.16905035,-1.9651511,-1.6095693,13.282914,1.7828622,-1.3991448,-3.7711828,-1.2854359,-3.208846,3.788625,1.2989657,1
7.0,15,-1.8371288,0.6367927,-2.302686,-0.7818645,4.615119,4.5398774,4.28258,-1.3648132,-1.7614172,-4.4336047,-2.0981417,-1.5199051,-2.9987128,-0.7231476,-1.7986841,7.658536,-2.57839,-0.708778,-4.4970684,-1.0613675,0
7.0,15,-1.9524522,0.5771759,-2.3916276,-0.8256078,4.609123,4.349802,4.436931,-1.3716102,-1.7470244,-4.469184,-2.0122552,-1.4784504,-2.9726632,-0.72973996,-1.7032986,7.6421676,-2.5976696,-0.6859634,-4.416505,-1.0197337,0
7.0,15,-2.0115752,0.43718573,-2.3614542,-0.73531544,4.459499,4.1944914,4.99855,-0.83614564,-1.9205587,-4.533978,-1.9352436,-1.3876828,-2.8895588,-0.7984573,-2.2943153,7.32947,-2.5453198,-0.92671657,-4.277368,-0.12948734,0
7.0,15,-2.0250304,0.40173617,-2.381513,-0.76278025,4.459002,4.100392,5.010173,-0.8144729,-1.9129715,-4.525706,-1.9103113,-1.3832536,-2.9073966,-0.7967253,-2.2588594,7.3949385,-2.583434,-0.9513184,-4.267003,-0.08183124,0
7.0,15,-2.0127044,0.47098255,-2.4288282,-0.8666808,4.614617,4.1307273,4.5033984,-1.3196169,-1.7439095,-4.485974,-1.9283351,-1.4234442,-2.9886882,-0.74407744,-1.6109791,7.7417445,-2.6658535,-0.7309656,-4.370508,-0.94685054,0
7.0,15,-1.920836,0.5465307,-2.3601825,-0.82280535,4.5954957,4.3307233,4.386404,-1.3148348,-1.7558926,-4.460624,-2.0194695,-1.4769286,-3.0011947,-0.73119646,-1.7059258,7.733399,-2.634809,-0.74912757,-4.434477,-0.9812338,0
16.0,16,-2.394566,1.1591535,-2.4768047,1.623751,-2.501901,-2.4973145,-1.601923,-2.1989348,-2.0012136,-1.3659217,1.6400265,3.7475162,-1.2704475,-2.3520901,-1.0125494,-1.6110177,13.331336,1.1985506,1.0058963,-1.1984,1
16.0,16,-2.3940203,1.153785,-2.4733634,1.6087412,-2.5003946,-2.4989166,-1.6007159,-2.1988375,-1.9955671,-1.3648721,1.6449422,3.7372015,-1.266508,-2.353476,-1.0090853,-1.6147063,13.334718,1.201605,1.006926,-1.1968604,1
16.0,16,-2.396408,1.1253414,-2.478514,1.5380867,-2.5036824,-2.505035,-1.6055114,-2.2194538,-1.9556065,-1.3608154,1.7082528,3.706151,-1.2741207,-2.3528478,-0.98682433,-1.6193115,13.348848,1.2067275,1.0159372,-1.1863122,1
16.0,16,-2.3991532,1.1097078,-2.4844768,1.5015131,-2.5052707,-2.5077643,-1.6060268,-2.2347753,-1.9320998,-1.3594935,1.7451714,3.695704,-1.2814368,-2.3540213,-0.9748365,-1.6177794,13.355416,1.205465,1.0224289,-1.18106,1
16.0,16,-2.394812,1.1322498,-2.4770844,1.5632191,-2.5028315,-2.5054743,-1.6077214,-2.2142997,-1.9676695,-1.3619438,1.6962149,3.710699,-1.2745663,-2.3551757,-0.99252665,-1.6184311,13.345751,1.2098912,1.0118834,-1.1883489,1
16.0,16,-2.3950965,1.1454949,-2.4784286,1.5940894,-2.5034811,-2.5016448,-1.6059186,-2.2087917,-1.9832273,-1.3641268,1.6723559,3.7295365,-1.2748241,-2.3536131,-1.0017865,-1.6136174,13.338631,1.2039934,1.0090235,-1.1929175,1
14.0,14,-0.19554462,-1.4368637,-2.0072768,-3.9558299,1.8939813,0.46737373,-2.091875,2.101098,-4.091873,0.56465805,-1.9222916,-0.05906579,-0.36171576,-0.23385048,12.208393,1.2905486,-0.4660035,-1.4433429,-2.2722828,-2.69712,1
14.0,14,-0.13528334,-1.4493105,-2.0159326,-4.0376,1.9463022,0.39184964,-2.14381,1.9056649,-3.9435406,0.5774516,-1.8260121,-0.037436716,-0.27364063,-0.26672256,12.242882,1.281979,-0.47562265,-1.6095276,-2.1928225,-2.6577847,1
14.0,14,-0.023656912,-1.4991002,-2.05778,-4.24445,2.0765605,0.2530399,-2.205874,1.5150347,-3.637482,0.6864904,-1.6656067,-0.08523755,-0.1485682,-0.26852763,12.261915,1.2280738,-0.46936217,-1.9513516,-2.003154,-2.5473294,1
14.0,14,0.011864185,-1.4999764,-2.1138422,-4.342329,2.0150783,0.19673795,-2.2330327,1.2542151,-3.3623943,0.6184224,-1.5305028,-0.093651704,-0.03031566,-0.3335583,12.312787,1.3163217,-0.47629797,-2.2659194,-1.8796487,-2.4795718,1
14.0,14,-0.10902667,-1.454011,-2.028791,-4.074543,1.9339644,0.3519296,-2.1671302,1.7833382,-3.8399003,0.5673882,-1.761303,-0.016773764,-0.21399394,-0.29012635,12.268564,1.2978142,-0.47484663,-1.7566607,-2.1288028,-2.622757,1
14.0,14,-0.14916995,-1.449352,-2.0189989,-4.0184665,1.902083,0.40266636,-2.1357608,1.921585,-3.9508858,0.5677008,-1.8270512,-0.029463392,-0.28184393,-0.26105383,12.246676,1.2990237,-0.4686784,-1.6287796,-2.186105,-2.650661,1
8.0,8,-2.7729845,-1.7262845,-1.1837772,-2.9903057,-0.8229577,0.10378376,-3.1663344,-6.4144726,12.051378,2.8415866,1.1019188,-2.0345128,1.0604434,1.1198227,-1.680469,-2.631136,-0.4482393,0.2789005,4.0266027,-1.6965194,1
8.0,8,-2.7745972,-1.7095938,-1.1793342,-2.9822898,-0.8412406,0.11108682,-3.157885,-6.4218545,12.058334,2.8435514,1.110781,-2.041791,1.0246578,1.1145971,-1.6819019,-2.6222775,-0.4475242,0.2956594,4.0084214,-1.6874566,1
8.0,8,-2.767071,-1.6319745,-1.1996433,-2.9489248,-0.89587754,0.1930249,-3.1103876,-6.4110947,12.072079,2.7817082,1.1134179,-2.0604446,0.89425236,1.0761302,-1.680755,-2.5764258,-0.44122186,0.27897137,3.9975898,-1.6772016,1
8.0,8,-2.8021972,-1.4572139,-1.2013192,-2.8774567,-1.0576826,0.34629464,-3.056675,-6.4355493,12.159876,2.6851196,1.1189402,-2.1442525,0.8692949,1.0290613,-1.6852647,-2.5644143,-0.43470028,0.30591622,3.813573,-1.6822678,1
8.0,8,-2.7783952,-1.6882455,-1.1763114,-2.9727197,-0.8637382,0.12541516,-3.1501408,-6.427744,12.069473,2.838756,1.1162213,-2.0519278,1.0048536,1.1087329,-1.6836998,-2.6174958,-0.44685957,0.3073386,3.9848948,-1.6826183,1
8.0,8,-2.774608,-1.7127979,-1.179661,-2.9838636,-0.838081,0.10887617,-3.1597602,-6.4212017,12.057406,2.8438506,1.1095146,-2.040692,1.0322493,1.1160393,-1.6815846,-2.624338,-0.44776866,0.29344034,4.0107317,-1.6887475,1
6.0,6,-3.8228598,-0.43172425,-1.5902393,-1.598334,0.25502455,0.14984752,12.234499,6.0278563,-2.544332,-2.8178134,-1.8178363,-0.90444916,2.2250853,-3.068024,-3.7723002,-1.3451912,-1.8839895,-2.4686658,1.6029031,-0.06794166,1
6.0,6,-3.8197677,-0.42993236,-1.5940785,-1.5983498,0.25373462,0.14954576,12.2331085,6.0307097,-2.5447125,-2.8174198,-1.8203617,-0.9060403,2.228886,-3.0655131,-3.7738123,-1.340385,-1.8890172,-2.4666796,1.5950264,-0.071595035,1
6.0,6,-3.741475,-0.28979394,-1.6424651,-1.5542885,0.28988183,0.17855355,12.28586,5.89159,-2.4306297,-2.8320644,-1.8468863,-0.9805405,2.1844764,-2.96665,-3.8933098,-1.1883513,-2.062749,-2.3691359,1.2484186,-0.19683868,1
6.0,6,-3.705825,-0.2414996,-1.6674807,-1.5382985,0.30754587,0.18340103,12.293751,5.87627,-2.407368,-2.8432548,-1.867741,-1.0072712,2.1655028,-2.932112,-3.9364216,-1.1150484,-2.1275759,-2.3259282,1.1058362,-0.2565506,1
6.0,6,-3.7753177,-0.3978632,-1.6581447,-1.5971764,0.25473732,0.15877612,12.216209,6.0722384,-2.5400565,-2.8224077,-1.8462569,-0.9380091,2.2629704,-3.0327427,-3.7915614,-1.2777487,-1.9631757,-2.431489,1.4538218,-0.15380678,1
6.0,6,-3.8105192,-0.4192465,-1.6132017,-1.597887,0.2612212,0.15969534,12.234555,6.041279,-2.5416675,-2.8182144,-1.8332607,-0.9135278,2.2279902,-3.0525413,-3.7802827,-1.3142854,-1.9161617,-2.4545197,1.5434948,-0.10308819,1
10.0,10,-1.1160413,-4.4756684,-2.1575763,-0.4706964,-2.046529,-1.3118203,-2.3041716,-0.7111988,3.589023,-3.6239493,9.417161,0.20319243,-2.2236376,-0.9417788,2.8404775,3.7036533,-2.4250216,-1.2001905,-3.2113714,-0.23726338,1
10.0,10,-1.1255856,-4.4674816,-2.160016,-0.47549722,-2.0449688,-1.3210163,-2.3043296,-0.7278516,3.5867236,-3.6430829,9.418681,0.20784341,-2.2367835,-0.95054656,2.8492546,3.7265017,-2.4134018,-1.1673003,-3.21178,-0.24372897,1
10.0,10,-1.1370268,-4.4364533,-2.168762,-0.483564,-2.0910552,-1.3246623,-2.3010871,-0.7411721,3.7004502,-3.7132888,9.350406,0.13935919,-2.2064874,-0.9503808,2.816063,3.7627451,-2.405159,-1.1485125,-3.1997578,-0.252357,1
10.0,10,-1.1586043,-4.4228034,-2.1778467,-0.4907757,-2.0807967,-1.3382392,-2.3018494,-0.76720583,3.686102,-3.7474658,9.364066,0.16232276,-2.2355113,-0.9698789,2.825331,3.7979636,-2.3816178,-1.0796931,-3.1992216,-0.2657601,1
10.0,10,-1.129128,-4.4654217,-2.1608794,-0.476862,-2.0438616,-1.3237667,-2.3040354,-0.73288536,3.5837233,-3.6479,9.419687,0.2096725,-2.2408402,-0.95343274,2.8536553,3.7334774,-2.4100106,-1.1578338,-3.2119546,-0.24516332,1
10.0,10,-1.1229397,-4.47021,-2.1594641,-0.47420838,-2.0442817,-1.3185853,-2.304483,-0.72370505,3.5855308,-3.6366332,9.420528,0.20846078,-2.233943,-0.94866675,2.8470654,3.7186465,-2.415964,-1.1750333,-3.2115545,-0.2424368,1
5.0,5,-0.96384174,-0.042238057,-1.7147965,-0.95039976,3.3009655,11.7719965,-0.57899094,4.096542,-1.067565,0.114458576,-5.271493,-3.0211003,-1.0973967,-0.05619345,-0.6809039,1.0869061,-1.0350418,0.23983762,-6.011409,-5.589934,1
5.0,5,-0.85140795,0.025369754,-1.7289956,-0.9414178,3.5176904,11.643121,-0.5699923,3.8508735,-1.1172394,0.38859007,-5.380304,-3.0790286,-1.2171818,-0.15234774,-0.72624075,1.4163145,-1.1463503,0.22346896,-6.1169353,-5.6430745,1
5.0,5,-0.82740456,-0.16861157,-1.8860261,-1.0854117,3.7343113,11.516615,-0.5937849,3.6604772,-0.9448254,0.54614544,-5.3031907,-3.0792987,-1.1008726,-0.015013114,-0.7609213,1.2460328,-1.1359698,0.102023296,-5.9529753,-5.68558,1
5.0,5,-0.53588825,-0.015286595,-1.912361,-1.0410328,4.2457795,11.098755,-0.4949753,3.319282,-1.1879535,1.1072836,-5.549839,-3.2255712,-1.4468138,-0.37658417,-0.8816427,2.0373538,-1.3803709,0.1475751,-6.195273,-5.757425,1
5.0,5,-0.76596797,0.072793566,-1.7416794,-0.9314493,3.6812437,11.535347,-0.55850595,3.6868732,-1.1659894,0.57682836,-5.4549494,-3.120733,-1.3184701,-0.22926314,-0.76027405,1.6630894,-1.2270322,0.21669263,-6.18885,-5.6789064,1
5.0,5,-0.8601367,0.02090507,-1.7294278,-0.94279,3.5011215,11.653369,-0.5713723,3.8589745,-1.1092993,0.37349653,-5.3725033,-3.0747528,-1.2076681,-0.14171237,-0.7221625,1.3956007,-1.1397237,0.21821597,-6.108332,-5.6391573,1
16.0,16,-1.2260618,0.44403183,-2.5078304,-1.504174,-0.6601438,-2.8131018,-2.160487,0.061083235,-2.2241282,-0.9676604,1.2597961,2.458614,-2.2800407,-2.117424,-0.10410684,-2.0412934,12.814629,3.229892,-0.73427856,-1.9624149,1
16.0,16,-1.2749349,0.49713773,-2.5142424,-1.4631809,-0.77286226,-2.7623458,-2.2763855,-0.07742292,-2.1137874,-0.95362556,1.3883649,2.4108691,-2.2661042,-2.0762994,-0.14116329,-2.0823507,12.837589,3.3669484,-0.75084585,-1.9481219,1
16.0,16,-1.3200264,0.5508934,-2.5651262,-1.4161942,-0.9053485,-2.7931588,-2.3244557,-0.38779193,-2.002778,-0.9677491,1.5234543,2.5072439,-2.198112,-1.984859,-0.15671284,-2.0691347,12.908272,3.2176812,-0.6063031,-1.8474997,1
16.0,16,-1.3903607,0.6075899,-2.5826569,-1.3643355,-1.0549222,-2.7099092,-2.4759083,-0.55677736,-1.8374196,-0.94061536,1.7227023,2.411587,-2.1798522,-1.9430614,-0.20692961,-2.1458175,12.918338,3.4393466,-0.6485664,-1.841126,1
16.0,16,-1.3101674,0.53468925,-2.5205204,-1.4334905,-0.8524026,-2.7250874,-2.356099,-0.17973301,-2.0337837,-0.9437925,1.4833614,2.3740063,-2.2549686,-2.0468562,-0.16931441,-2.114565,12.853007,3.465061,-0.76110184,-1.9372805,1
16.0,16,-1.2713803,0.4929629,-2.513479,-1.4665395,-0.763271,-2.7662928,-2.2691715,-0.06703462,-2.1223552,-0.95403147,1.3801767,2.4154637,-2.2683833,-2.0802166,-0.13805664,-2.0789242,12.835648,3.358541,-0.7511398,-1.9494505,1
11.0,11,-3.095262,-1.3673048,-1.0850333,4.8127756,-0.15664521,-2.3427753,-0.4784951,0.16706623,-3.5785291,-1.0700948,-0.019406758,12.457949,-0.62853825,-0.20090838,-0.4974569,-0.34929436,2.5495565,-0.12456656,-0.028121704,-2.088964,1
11.0,11,-3.0998876,-1.3711994,-1.0902447,4.8173018,-0.16968414,-2.3498294,-0.4719402,0.17023674,-3.570819,-1.0683347,0.00041452795,12.464232,-0.62554985,-0.2235125,-0.5166329,-0.35693306,2.5744786,-0.12993068,-0.017090647,-2.0769289,1
11.0,11,-3.1051176,-1.3757434,-1.1007648,4.8013697,-0.18145901,-2.3575382,-0.4657422,0.17213894,-3.5618477,-1.0642941,0.01735909,12.474994,-0.6226118,-0.23506881,-0.5292909,-0.36409324,2.5997064,-0.13869643,0.0007046368,-2.066402,1
11.0,11,-3.0992785,-1.3713491,-1.0964715,4.790867,-0.16546014,-2.3499117,-0.47296652,0.16844052,-3.568848,-1.0652649,-0.0057114847,12.468935,-0.62562793,-0.2065103,-0.5082519,-0.35548198,2.5700326,-0.13543695,-0.009325413,-2.080214,1
11.0,11,-3.1047173,-1.3759336,-1.0961696,4.8211346,-0.18281311,-2.3570728,-0.46525845,0.17361882,-3.5625758,-1.0666307,0.021485705,12.4710045,-0.62237084,-0.24654812,-0.53579324,-0.36468512,2.5992715,-0.13522118,-0.005697267,-2.0643632,1
11.0,11,-3.0994399,-1.3712597,-1.0898296,4.8169317,-0.1684264,-2.349143,-0.4727225,0.17012128,-3.5713608,-1.0685732,-0.0010270253,12.463743,-0.62570935,-0.22163035,-0.5146016,-0.35620522,2.5716958,-0.12930208,-0.018178744,-2.0778751,1
1.0,1,1.7203705,12.143378,0.5247755,3.0404732,-3.3703225,1.8317738,2.6776965,-2.7157116,-3.6527975,1.4367243,-3.280514,-2.1063495,-0.51361775,-0.20367229,-2.9084985,0.3064174,-1.6425396,-2.4889903,-2.1101334,-2.3907351,1
1.0,1,1.732428,12.142933,0.52681184,3.0416434,-3.3695586,1.8333057,2.6761196,-2.71664,-3.6527333,1.4300412,-3.2794662,-2.106115,-0.5175864,-0.2089413,-2.9035647,0.3108394,-1.6425515,-2.495759,-2.1134028,-2.393814,1
1.0,1,1.7362916,12.147111,0.5315943,3.0529313,-3.3799589,1.838068,2.6675382,-2.723141,-3.6495676,1.4113528,-3.2783012,-2.097234,-0.5244653,-0.21430111,-2.8838065,0.3210302,-1.6421499,-2.5019908,-2.1134624,-2.3988638,1
1.0,1,1.781678,12.143221,0.5400646,3.053203,-3.3712406,1.8448699,2.662103,-2.7264092,-3.6590834,1.3785429,-3.2773273,-2.084555,-0.54844713,-0.23059505,-2.8456573,0.35409272,-1.6413107,-2.5451987,-2.1362634,-2.4206693,1
1.0,1,1.7363613,12.142794,0.5273895,3.0419931,-3.3692968,1.8335999,2.6756957,-2.716882,-3.652509,1.4283384,-3.278992,-2.106392,-0.51854897,-0.21074869,-2.9027348,0.31162888,-1.6425481,-2.497368,-2.1141691,-2.394444,1
1.0,1,1.7248616,12.143247,0.5253959,3.0408745,-3.3700435,1.8319715,2.6772385,-2.7159643,-3.6524057,1.4351372,-3.279874,-2.1069045,-0.514513,-0.20578577,-2.9080644,0.30684304,-1.6425538,-2.490363,-2.110779,-2.3911753,1
18.0,18,-2.8557665,-1.1550171,0.28332448,-2.1685598,-1.2523547,-2.2325134,5.8185916,-1.4843107,0.17444478,-2.6223917,-0.49929127,0.30150416,0.18242025,-1.1905367,-0.85641414,-2.6382952,3.819625,-3.5944746,10.665969,1.9481537,1
18.0,18,-2.8988862,-1.1406219,0.35877165,-2.1107702,-1.1935068,-2.2245026,6.036979,-1.4197359,0.17801619,-2.6626215,-0.4672723,0.28027877,0.06512585,-1.3654542,-0.95111,-2.6551993,3.7975893,-3.5483494,10.553293,2.0492082,1
18.0,18,-3.0357075,-1.1968122,0.52280015,-2.0705569,-1.6531112,-2.3649638,6.067346,-1.5333995,0.5131432,-2.6909757,-0.1260145,0.26538163,0.1194439,-1.1002119,-1.1440543,-2.524158,3.1060352,-3.7270238,10.792303,3.4091163,1
18.0,18,-3.09425,-1.331712,0.819837,-1.8045447,-1.3023454,-2.4590807,6.8469615,-1.3496355,1.059211,-3.0593145,0.37308717,0.009002013,-0.30189344,-1.9801548,-1.8326235,-2.85074,3.0187297,-3.2728262,9.700939,4.9914913,1
18.0,18,-2.949674,-1.1581316,0.49404243,-2.0345442,-1.0494456,-2.224063,6.357881,-1.351167,0.30570903,-2.7688518,-0.3792473,0.2487246,-0.113175996,-1.7027342,-1.1430072,-2.7593076,3.825734,-3.4371862,10.320806,2.2789028,1
18.0,18,-2.8998349,-1.1490426,0.37332767,-2.1058223,-1.1702324,-2.2265778,6.064404,-1.4159625,0.19907337,-2.6808193,-0.4561443,0.28014278,0.053240202,-1.4089007,-0.97027093,-2.6764503,3.8170886,-3.5330095,10.525474,2.064243,1
4.0,4,0.12007305,-2.3025727,-2.7638206,-2.1397061,13.233308,-1.0338875,5.743658,0.9210918,-4.4527316,-1.0306183,-2.197631,0.36450577,-3.579498,-4.5215206,-0.27342385,1.3695781,0.2771509,0.2557855,-1.929596,-3.0022023,1
4.0,4,0.13112417,-2.311887,-2.7665017,-2.1361787,13.250171,-1.0482007,5.703752,0.9070251,-4.4500003,-1.0247676,-2.1858788,0.3617697,-3.5788407,-4.515146,-0.25257373,1.3788632,0.26193017,0.2744714,-1.9351078,-3.0055108,1
4.0,4,0.13444895,-2.3178577,-2.7708871,-2.132798,13.258145,-1.0430983,5.694355,0.9021033,-4.451472,-1.0306625,-2.1816916,0.368029,-3.5872602,-4.5082064,-0.24476175,1.4029839,0.2310133,0.28124273,-1.9362751,-3.0089655,1
4.0,4,0.15607232,-2.3284569,-2.7764068,-2.1307878,13.286036,-1.0790483,5.611809,0.86062074,-4.4456773,-1.0171542,-2.1572912,0.36755496,-3.581019,-4.49707,-0.20233303,1.4031452,0.23285449,0.3230873,-1.9411925,-3.0175445,1
4.0,4,0.13673732,-2.3159711,-2.767956,-2.1348279,13.258391,-1.0562916,5.6827374,0.8986199,-4.4485564,-1.0217593,-2.179534,0.36054146,-3.578062,-4.5120277,-0.24171796,1.3818344,0.2572913,0.28465924,-1.937442,-3.0074074,1
4.0,4,0.12907079,-2.3098865,-2.7659132,-2.137051,13.246619,-1.0455152,5.7115984,0.90991235,-4.450667,-1.0257702,-2.1884682,0.3622881,-3.578871,-4.516727,-0.25683582,1.3769181,0.2658167,0.2705021,-1.933865,-3.0049183,1
5.0,15,-3.808686,-2.8963118,-3.8366704,-1.8917234,0.84192204,-0.29696134,1.5847187,6.1169386,-2.034377,-5.0072117,-1.3253856,0.85223395,-1.4767781,0.42605636,3.131539,9.956028,-3.823659,-1.788233,-2.839924,-3.5473304,0
5.0,15,-3.6840928,-2.9620032,-3.8083084,-1.8833473,0.98286307,-0.3885192,1.4602112,5.9707794,-2.0386698,-5.0091867,-1.2832724,0.8867054,-1.5592567,0.3962861,3.268727,10.057882,-3.8511188,-1.765176,-2.8853488,-3.5753307,0
5.0,15,-3.5941236,-3.0658033,-3.7803779,-1.8248017,1.1810329,-0.4910139,1.3619426,5.8382163,-2.0801563,-4.9465504,-1.2620217,0.8380894,-1.6271621,0.29333153,3.4135008,10.186811,-3.8587658,-1.6929024,-2.9370263,-3.5271556,0
5.0,15,-3.434203,-3.2000155,-3.755425,-1.8200054,1.4771798,-0.6683042,1.2200779,5.570079,-2.1266289,-4.921855,-1.1924933,0.94767416,-1.7912581,0.2328031,3.6224425,10.348579,-3.8741457,-1.6565204,-2.9517395,-3.5460486,0
5.0,15,-3.6091964,-3.0055609,-3.7915287,-1.8795046,1.0760123,-0.4494954,1.3877457,5.877325,-2.0439286,-5.008027,-1.2542415,0.9117978,-1.6120052,0.37741834,3.350497,10.119344,-3.8670435,-1.7500861,-2.90955,-3.5900624,0
5.0,15,-3.7109017,-2.9521708,-3.8163164,-1.887013,0.96562904,-0.37479848,1.4882951,5.9914804,-2.0433369,-5.0053644,-1.291497,0.8906208,-1.55391,0.4035257,3.243017,10.044339,-3.8430283,-1.7717413,-2.8704882,-3.5699518,0
3.0,3,-0.48045802,1.790652,1.3168179,11.696626,-0.94613665,-0.2505095,-0.43177757,-0.372157,-2.8761687,-2.5558686,-1.7179327,0.09359913,-0.16406974,-3.0239916,-0.38631034,-0.11046374,1.2383198,1.1134,-3.6641362,-2.436673,1
3.0,3,-0.48077345,1.7908957,1.3222005,11.698609,-0.94141287,-0.2569168,-0.4330466,-0.372349,-2.8773944,-2.5455563,-1.7165427,0.09888903,-0.16442412,-3.02703,-0.40491223,-0.12337281,1.2463304,1.132045,-3.65972,-2.4355547,1
3.0,3,-0.47462445,1.7906818,1.2983404,11.705944,-0.939465,-0.26536646,-0.4340081,-0.3807366,-2.8612683,-2.534348,-1.7083355,0.101446345,-0.16459963,-3.042086,-0.4265657,-0.13294856,1.2596573,1.1407825,-3.6510663,-2.4276032,1
3.0,3,-0.42948282,1.7197087,1.204297,11.705444,-1.0009135,-0.276261,-0.512962,-0.40960345,-2.7438598,-2.5813446,-1.6179844,0.039660476,-0.13948062,-3.1282887,-0.32314563,-0.08825317,1.3157423,1.0595982,-3.6416223,-2.3906207,1
3.0,3,-0.46419194,1.7582815,1.2950429,11.697423,-0.9690692,-0.2613229,-0.470606,-0.37958544,-2.832662,-2.5667443,-1.6785009,0.07570687,-0.15380456,-3.0596814,-0.35782677,-0.105848014,1.2703902,1.1003406,-3.658632,-2.420574,1
3.0,3,-0.477194,1.7830889,1.3130479,11.696627,-0.95127434,-0.25362018,-0.4414567,-0.37371004,-2.866595,-2.5572307,-1.7088528,0.08990722,-0.1615932,-3.0321355,-0.38098228,-0.11042912,1.2463086,1.1133212,-3.6627865,-2.433145,1
10.0,10,-0.85104924,-4.408688,-2.525894,-1.5421168,-1.558291,-0.5149145,-0.7366026,1.0799265,3.5076604,-5.2752175,5.760168,-2.2066994,-2.5557754,-0.43647787,4.8368225,5.191822,-2.835277,-2.1092982,-4.129222,-0.6373139,1
10.0,10,-0.80898494,-4.4198217,-2.5041633,-1.5502936,-1.4912956,-0.5363066,-0.8135926,1.0043689,3.5445354,-5.321818,5.796604,-2.1278214,-2.6025734,-0.44558403,4.7439117,5.326311,-2.8780673,-2.0280108,-4.1472273,-0.7069609,1
10.0,15,-0.92662436,-4.0793843,-2.439847,-1.4481771,-1.7588494,-0.6432508,-0.8246666,0.5976981,4.2083063,-5.4807324,5.587251,-2.195536,-2.4452825,-0.26113316,3.9208949,5.639104,-3.103302,-1.8694881,-3.9714608,-0.6150118,0
10.0,15,-0.8085305,-4.0950437,-2.4106147,-1.4417126,-1.5893658,-0.6740695,-1.0393244,0.41821197,4.16862,-5.57154,5.7185717,-1.9687365,-2.5515141,-0.32562003,3.8148084,5.90855,-3.141926,-1.6368124,-4.019877,-0.8254429,0
10.0,10,-0.77837324,-4.4357696,-2.493048,-1.5554389,-1.444824,-0.54501104,-0.8568895,0.9758891,3.5507116,-5.3409324,5.825369,-2.0818615,-2.630389,-0.4590146,4.7062187,5.3851447,-2.8976455,-1.9840996,-4.1612797,-0.75073665,1
10.0,10,-0.8078499,-4.4225345,-2.5049078,-1.5494784,-1.4899657,-0.5354936,-0.81170714,1.0109019,3.535433,-5.319567,5.7977905,-2.128544,-2.602771,-0.44941807,4.7540627,5.3204,-2.8745694,-2.0299969,-4.1487145,-0.70731175,1
2.0,9,0.7956148,0.10342573,2.0182269,-2.8092043,1.8661844,-3.779351,-2.1421933,-1.615587,-0.50407696,11.252248,-2.1653032,-1.0184958,3.0301461,-1.0598872,-0.90553105,-3.6970267,0.0009830929,0.00813932,-0.5498231,3.1501749,0
2.0,9,0.79345936,0.102182604,2.0056567,-2.8122487,1.8659129,-3.7779891,-2.1389992,-1.6156671,-0.50907904,11.254996,-2.1663578,-1.0179784,3.0272152,-1.0584329,-0.8994441,-3.6930783,0.0025972016,0.0031931847,-0.5432166,3.1554728,0
2.0,9,0.7946899,0.10321209,2.00682,-2.8072152,1.8675423,-3.7763042,-2.1383069,-1.6171962,-0.5018446,11.249785,-2.1632385,-1.0175297,3.032526,-1.0593278,-0.9142949,-3.6957233,-0.0009979047,0.00024912506,-0.5471157,3.1673412,0
2.0,9,0.8095356,0.10476766,2.0479794,-2.8022115,1.8611153,-3.7675092,-2.1533737,-1.607167,-0.46428373,11.251514,-2.1585124,-1.0312928,3.0400069,-1.0662766,-0.9441469,-3.711038,-0.015315443,0.01653076,-0.5829414,3.144039,0
2.0,9,0.79436904,0.10160577,2.0036547,-2.8132112,1.8645047,-3.7756913,-2.1392274,-1.614493,-0.5059137,11.25722,-2.1659966,-1.0196908,3.026713,-1.0585318,-0.9008863,-3.6929507,0.0011418462,0.0021830797,-0.5443413,3.1559615,0
2.0,9,0.794464,0.10229112,2.0086389,-2.8118153,1.8657379,-3.777612,-2.1401112,-1.6150868,-0.5064325,11.254715,-2.1659172,-1.018748,3.028073,-1.0590763,-0.90153795,-3.6943004,0.0015953295,0.0045081303,-0.5457625,3.1539063,0
7.0,6,-4.01968,1.1698763,-2.4255104,-1.1274395,-0.26442978,2.1805117,10.747408,8.779659,-4.000231,-0.55058503,-2.8911939,-1.3867991,-2.5199604,-1.4549682,-4.7557573,-0.6516421,0.7178524,-1.163121,-2.2826805,-1.3474677,0
7.0,6,-4.0129957,1.1684227,-2.4250944,-1.1226827,-0.24925429,2.187767,10.755775,8.783896,-3.9936614,-0.55291766,-2.8905818,-1.3876443,-2.5304546,-1.469109,-4.7520614,-0.64242166,0.69749784,-1.1581678,-2.3047202,-1.3473014,0
7.0,6,-4.0014973,1.1827838,-2.4222584,-1.1054164,-0.22187072,2.3932061,10.841056,8.774109,-3.8771298,-0.64298964,-2.8946378,-1.4469452,-2.5395625,-1.4322073,-4.7176037,-0.5897839,0.3862361,-1.1403255,-2.4646857,-1.3880268,0
7.0,6,-3.9925385,1.1516652,-2.4201126,-1.1151218,-0.19350767,2.4043143,10.848667,8.801775,-3.8579488,-0.6628094,-2.888823,-1.4394569,-2.559127,-1.4454315,-4.7071314,-0.5620769,0.34564373,-1.1312855,-2.5058162,-1.3886334,0
7.0,6,-4.0060024,1.1721406,-2.4254313,-1.1130594,-0.2343601,2.2006469,10.769166,8.7827635,-3.9851441,-0.55604404,-2.8905768,-1.3914267,-2.5399663,-1.4828472,-4.748434,-0.6341556,0.6668438,-1.1527703,-2.3286061,-1.3486587,0
7.0,6,-4.014516,1.1664314,-2.425168,-1.1254038,-0.251801,2.1803753,10.751378,8.784568,-3.9975362,-0.5508498,-2.8904355,-1.3853894,-2.5292125,-1.4666314,-4.7534223,-0.64351153,0.7094059,-1.1595182,-2.2973614,-1.3464721,0
7.0,7,-0.9404563,-2.4089828,-1.774361,-1.2437959,-0.6985731,2.155437,4.823275,13.058945,-3.0385082,-2.7832034,-0.70655,-2.016009,-1.4653193,-3.4358735,-1.2575212,-0.6827053,-1.2274592,0.28328896,-3.593127,0.6908318,1
7.0,7,-0.92414784,-2.4343624,-1.7687099,-1.2467536,-0.6797431,2.1602614,4.7258453,13.06155,-3.0179443,-2.7560518,-0.6737818,-2.01432,-1.4898946,-3.420575,-1.2442087,-0.6904147,-1.2308024,0.32320276,-3.620356,0.7020187,1
7.0,7,-0.91529036,-2.5252151,-1.7514055,-1.2218095,-0.7519061,2.2191339,4.5285234,12.994967,-2.953238,-2.7341096,-0.45530987,-1.9330595,-1.4934384,-3.3379774,-1.2137631,-0.6807274,-1.2948214,0.069149174,-3.6261234,0.95183676,1
7.0,7,-0.9613252,-2.4469297,-1.7577708,-1.2058171,-0.8229829,2.1968477,4.836839,12.989405,-3.0391347,-2.8092005,-0.55360335,-1.9130657,-1.4418422,-3.3671246,-1.251921,-0.65184003,-1.2797486,-0.115567334,-3.5235045,0.9748845,1
7.0,7,-0.9087123,-2.4641383,-1.7644544,-1.2495824,-0.6586635,2.1705143,4.6054683,13.063377,-2.9870095,-2.7274442,-0.6332495,-2.0149958,-1.5090175,-3.4057262,-1.2294931,-0.6972638,-1.2408266,0.3760072,-3.6554158,0.7106626,1
7.0,7,-0.9317549,-2.4267623,-1.7706298,-1.2458557,-0.6852452,2.160781,4.749998,13.060678,-3.0207443,-2.7649775,-0.6826748,-2.0159726,-1.4785876,-3.4269798,-1.2476,-0.6862596,-1.2334023,0.3155259,-3.6145055,0.6968691,1
13.0,13,-1.1771021,-1.4973564,-1.195853,-4.57557,2.048749,-0.9534365,-2.8167832,-2.3949077,-3.8866,0.5274342,-3.165011,-0.6170629,1.5556613,10.148782,4.6232367,0.34478337,-0.8022208,0.4859795,1.2726411,-1.9999807,1
13.0,13,-1.0929434,-1.5625594,-1.1595733,-4.6071076,2.2845135,-0.91011155,-3.117309,-2.3690908,-3.858323,0.7659259,-3.1921885,-0.8222772,1.5205544,9.955372,5.0254893,0.45632988,-0.9752307,0.7902923,0.70382506,-2.025308,1
13.0,13,-1.1660516,-1.8916612,-1.1260631,-4.515387,2.6644535,-1.4939053,-3.280172,-2.6687913,-3.769993,1.5506122,-2.9814477,-0.8432742,1.7108836,9.231408,5.242349,0.34863818,-1.1656914,1.0334495,0.96277654,-1.4453138,1
13.0,13,-0.9744425,-2.1406004,-1.2636318,-4.6281486,3.282929,-1.6721927,-3.9950085,-2.7396367,-3.1093287,2.190774,-2.674096,-1.7728515,1.6037894,7.458278,6.7307777,0.9498673,-1.691079,1.5954674,-0.44770002,-1.0733019,1
13.0,13,-1.026813,-1.6073425,-1.1446928,-4.610955,2.4573073,-0.85520923,-3.3793619,-2.3431287,-3.8261893,0.965927,-3.207502,-1.0383574,1.4696296,9.702734,5.436756,0.5719745,-1.1310565,1.0735313,0.21066119,-1.9943424,1
13.0,13,-1.10644,-1.5428371,-1.1616077,-4.591643,2.240489,-0.89935386,-3.0840178,-2.3741043,-3.8662438,0.71925354,-3.1936805,-0.8073987,1.5099504,9.9826355,4.990737,0.45456696,-0.95733833,0.7780099,0.74238306,-2.0095809,1
4.0,4,-1.0338576,-2.8239484,-3.0099359,-1.8192434,11.833368,0.755903,5.4536676,2.6538186,-4.42477,-1.7642367,-3.0849013,-0.304774,-5.2278714,-4.2637196,-0.16570848,5.802529,-1.4237257,-0.34271178,-2.9180167,-3.0010343,1
4.0,4,-1.020875,-2.8501163,-2.9956138,-1.8051193,11.834561,0.710237,5.3764296,2.6182177,-4.430721,-1.7460835,-3.0757804,-0.2820228,-5.2356553,-4.2719054,-0.0966123,5.8794537,-1.4626232,-0.31946462,-2.9103484,-3.0034096,1
4.0,4,-1.0152972,-2.838872,-3.0114772,-1.7818047,11.79717,0.78454554,5.3269057,2.6006927,-4.4182415,-1.7570894,-3.1037006,-0.3114313,-5.2690372,-4.221561,-0.061478883,5.976344,-1.5146215,-0.32596025,-2.9413486,-3.0276487,1
4.0,4,-0.95334727,-2.8849657,-2.9943085,-1.7633301,11.851473,0.64309216,5.106427,2.4477155,-4.410323,-1.6977869,-3.048767,-0.26788017,-5.285998,-4.2664623,0.1271701,6.0881014,-1.5386952,-0.24836868,-2.9116313,-3.0419824,1
4.0,4,-1.0121735,-2.86373,-2.9881527,-1.7983592,11.83898,0.682112,5.3325386,2.5968413,-4.43258,-1.7345984,-3.0684192,-0.2691297,-5.239075,-4.279091,-0.0597089,5.915082,-1.479506,-0.30471268,-2.905114,-3.004875,1
4.0,4,-1.0234008,-2.8442876,-2.998584,-1.8082085,11.834767,0.7198374,5.39235,2.6253781,-4.429448,-1.7498932,-3.0776792,-0.28689104,-5.233685,-4.270395,-0.11139476,5.8628416,-1.4541143,-0.32425886,-2.9121013,-3.0030506,1
1.0,0,9.434339,5.425508,0.3811964,-1.8302351,-1.4465929,1.0324969,-2.6122644,-3.3081257,6.769208,1.7843157,-0.84075457,-5.5867977,-2.7338064,-2.82108,-2.3410668,-0.369542,-2.0319815,-1.5525204,-3.0891776,-3.9429567,0
1.0,0,9.439333,5.423596,0.38232693,-1.8298016,-1.4445853,1.0324866,-2.612288,-3.305327,6.7648816,1.7807872,-0.8399085,-5.586169,-2.7349193,-2.8212867,-2.3395083,-0.3683886,-2.0325904,-1.5537504,-3.0900898,-3.9429362,0
1.0,0,9.421737,5.4340124,0.37980425,-1.8254079,-1.4539589,1.0351143,-2.6109974,-3.3157427,6.774671,1.7783597,-0.8358132,-5.5865817,-2.7376642,-2.8190947,-2.337305,-0.36881328,-2.0301821,-1.5551052,-3.0883648,-3.943103,0
1.0,0,9.458711,5.418369,0.38940766,-1.8322783,-1.4343349,1.033259,-2.6137054,-3.2966573,6.740315,1.7539383,-0.8291705,-5.5822186,-2.7482605,-2.8218164,-2.322244,-0.35514915,-2.0297425,-1.565837,-3.0968924,-3.9481647,0
1.0,0,9.442341,5.4226704,0.3830715,-1.8297395,-1.4433721,1.0324314,-2.6123316,-3.3036938,6.762114,1.7786932,-0.8395456,-5.585796,-2.7354488,-2.8214605,-2.3385806,-0.36759275,-2.0328429,-1.5544813,-3.0906968,-3.943037,0
1.0,0,9.437049,5.4249053,0.38185558,-1.8298409,-1.4457482,1.032477,-2.6122036,-3.3066175,6.766762,1.7824328,-0.8406158,-5.58646,-2.7339566,-2.8212254,-2.3404808,-0.36906087,-2.0323815,-1.5530393,-3.0896437,-3.9428601,0
1.0,1,0.17146885,12.318186,-0.5119958,3.1081583,-3.6241176,2.2695925,1.6645703,-2.9552426,-3.9123235,2.4789004,-3.2145073,-2.0582805,-1.2516088,0.32833207,-1.8352125,0.043410596,-1.5713506,0.35964066,-2.1365883,-2.5273066,1
1.0,1,0.1770786,12.319288,-0.5120511,3.1092823,-3.6238058,2.27062,1.6617153,-2.9571807,-3.910494,2.4778306,-3.2151332,-2.0599577,-1.2551117,0.32244617,-1.8286916,0.045256805,-1.5710492,0.36027193,-2.138308,-2.5294125,1
1.0,1,0.19024062,12.321828,-0.5129518,3.1124587,-3.6254628,2.2692618,1.649427,-2.9662333,-3.898031,2.487404,-3.2146952,-2.0632691,-1.2596375,0.31134245,-1.8214576,0.043641984,-1.5704691,0.3640788,-2.139523,-2.5350869,1
1.0,1,0.25551715,12.334112,-0.51003593,3.1174495,-3.6308722,2.296628,1.6344634,-2.9678068,-3.8846707,2.4626036,-3.2213492,-2.0889175,-1.2810485,0.26041445,-1.7733885,0.06795974,-1.5773343,0.3269347,-2.1562264,-2.547964,1
1.0,1,0.18147144,12.320142,-0.5119872,3.1100895,-3.6237931,2.2716777,1.6600113,-2.9581277,-3.9093103,2.476617,-3.2155383,-2.061301,-1.2574003,0.318097,-1.8243464,0.04681714,-1.5710441,0.35958925,-2.1395056,-2.5307102,1
1.0,1,0.17435598,12.318744,-0.5120478,3.1088169,-3.6237829,2.2698128,1.6631916,-2.9562678,-3.9114993,2.4783735,-3.2147577,-2.0590277,-1.2535752,0.32506132,-1.8318317,0.04432773,-1.5710379,0.3601804,-2.1374197,-2.528303,1
12.0,8,-1.9765077,-2.3965225,-1.2914443,-3.4911797,-1.7679188,1.1493908,-2.64979,-5.9390507,11.092008,3.7445788,-0.012238774,-3.2324374,4.7156854,4.3000298,-3.1412916,-2.47639,-2.0975049,-1.7103426,1.994376,-1.7658333,0
12.0,8,-1.9512627,-2.3760228,-1.2924116,-3.482292,-1.7934519,1.1073874,-2.636532,-5.957573,11.117273,3.8493898,-0.014949832,-3.227579,4.705805,4.191226,-3.1821275,-2.4802768,-2.0761917,-1.7194132,2.0482104,-1.726338,0
12.0,8,-1.9688554,-2.3545647,-1.2225692,-3.456233,-1.8310493,0.905262,-2.7507677,-6.1001077,11.120193,4.1200213,0.023154777,-3.1095815,4.6926455,4.177882,-3.1726437,-2.5769036,-2.0147872,-1.6388166,2.2331548,-1.673088,0
12.0,8,-1.7857335,-2.1590133,-1.3293022,-3.4499834,-1.970467,0.91065705,-2.5349047,-6.024006,10.985981,4.5761566,-0.19545104,-3.2167518,4.9232807,3.753217,-3.4569702,-2.552917,-1.9697592,-1.9323573,2.3628583,-1.5330775,0
12.0,8,-1.9265772,-2.3561888,-1.3041214,-3.4758193,-1.8155614,1.08451,-2.6135404,-5.961388,11.123601,3.9365532,-0.029907804,-3.2303262,4.7177925,4.0985975,-3.2234488,-2.47929,-2.0618675,-1.7435412,2.0882664,-1.6943454,0
12.0,8,-1.9561211,-2.3797076,-1.2916974,-3.4836497,-1.788681,1.1145786,-2.6389143,-5.9553156,11.114875,3.8276875,-0.012591813,-3.2287474,4.703564,4.211684,-3.1742778,-2.4786057,-2.0795538,-1.715625,2.0366757,-1.7334431,0
18.0,18,-1.2481234,-2.1444473,-1.1281229,-2.883025,-0.7037404,-2.3604927,0.15576056,-2.729134,1.1717297,-1.543314,-0.28752172,0.16509552,1.0403792,0.34570584,0.62253666,-2.1709464,3.991795,-3.1551855,12.111668,2.8022432,1
18.0,18,-1.2624687,-2.1488822,-1.0779608,-2.8494353,-0.737271,-2.3651853,0.19504341,-2.73258,1.2269024,-1.6348158,-0.21629031,0.14144203,1.0232798,0.24574086,0.5595438,-2.2090673,4.0142164,-3.1110122,12.104394,3.0432513,1
18.0,18,-1.2535732,-2.2232375,-1.0989377,-2.8042843,-0.6908566,-2.538622,0.093105026,-2.7777076,1.2962499,-1.3055614,-0.18688306,0.13505796,1.1224548,0.21350488,0.5339387,-2.1700096,3.7477963,-3.214795,12.296186,3.2543929,1
18.0,18,-1.4596139,-2.0987332,-1.1811718,-2.4934375,-0.7715082,-2.4771802,0.8893197,-2.7294292,1.3609991,-1.5120169,0.1468626,-0.11382977,0.68647206,-0.57654387,0.18689857,-2.1745872,3.7793741,-3.146748,12.289157,4.330174,1
18.0,18,-1.2868339,-2.1499207,-1.0490557,-2.7842171,-0.77217096,-2.374092,0.278183,-2.7352998,1.2990204,-1.7294816,-0.111205325,0.08973433,0.97955865,0.07375659,0.46232176,-2.243781,4.0266743,-3.0667443,12.105192,3.4183896,1
18.0,18,-1.2656488,-2.1504607,-1.0786186,-2.8427696,-0.74134225,-2.3683734,0.20842373,-2.7323563,1.2323277,-1.6434265,-0.20445164,0.13176934,1.0173812,0.22781378,0.55261344,-2.2102642,4.015061,-3.1112876,12.107676,3.0903597,1
18.0,18,-1.8503956,-1.862195,-1.9529425,-3.5693023,-2.1533985,-0.84842,-1.0519404,-1.9745559,3.177789,-0.7111383,-0.46816352,-0.65497667,-1.0504051,2.5533097,0.66464156,-1.7709458,3.4455204,-3.075357,10.809791,2.113138,1
18.0,18,-1.8531276,-1.862545,-1.9556786,-3.5692544,-2.154181,-0.84718585,-1.0463734,-1.9748527,3.1798785,-0.7068692,-0.46575812,-0.6536425,-1.0532359,2.5496073,0.65659964,-1.7727458,3.4465342,-3.0744228,10.810535,2.1167111,1
18.0,18,-1.8626422,-1.893897,-1.9690125,-3.5528228,-2.1315663,-0.88596606,-1.1288139,-2.0585444,3.2902956,-0.6466409,-0.42504323,-0.6050206,-1.0314714,2.4860284,0.6038232,-1.8031951,3.4983864,-3.0284975,10.820652,2.1159868,1
18.0,18,-1.8737679,-1.9243109,-1.9564122,-3.5256476,-2.1835752,-0.82320666,-1.1165454,-1.9692335,3.4437623,-0.6211779,-0.37432352,-0.72521496,-1.1484913,2.3101926,0.60073227,-1.8180243,3.4743464,-3.0145566,10.799449,2.3101046,1
18.0,18,-1.865199,-1.8797181,-1.9609236,-3.5604193,-2.167113,-0.83456147,-1.0464561,-1.9675153,3.2477818,-0.6784102,-0.4381165,-0.674107,-1.0862553,2.488965,0.6266459,-1.7871786,3.447065,-3.0597196,10.809806,2.1821866,1
18.0,18,-1.8593483,-1.8725457,-1.9565337,-3.5639112,-2.163029,-0.8395394,-1.0471485,-1.9682801,3.2192385,-0.6938456,-0.44997686,-0.667387,-1.0730702,2.514465,0.6424491,-1.7802055,3.4460492,-3.0666559,10.809552,2.1568282,1
2.0,2,-1.170855,-0.937239,12.0891695,1.3742971,-0.8437581,-0.843483,-1.2595031,-0.6073834,2.1028361,-2.3652163,-1.9431465,-1.1167281,1.2885567,1.3141339,-0.24574189,-1.8714913,-1.433919,0.70034117,-1.7967447,-3.2106392,1
2.0,2,-1.1710725,-0.9360925,12.091013,1.3732433,-0.84823495,-0.8425801,-1.2625804,-0.6087527,2.1076114,-2.3593729,-1.9422277,-1.1153886,1.2869225,1.3151202,-0.24768674,-1.8735952,-1.4350778,0.6982544,-1.7926176,-3.209745,1
2.0,2,-1.1711855,-0.93732023,12.094882,1.3629173,-0.84624106,-0.8398396,-1.2601061,-0.61449826,2.114361,-2.354884,-1.9397668,-1.1175601,1.2857499,1.3213158,-0.24597527,-1.8739154,-1.4464972,0.6938613,-1.7892493,-3.2067053,1
2.0,2,-1.171451,-0.9520635,12.072032,1.3453104,-0.796492,-0.84344566,-1.2289637,-0.59868634,2.0788805,-2.404636,-1.9467301,-1.134456,1.2932937,1.3193619,-0.22994691,-1.8662264,-1.4292743,0.7151184,-1.8171338,-3.2264514,1
2.0,2,-1.1711563,-0.9377399,12.089101,1.3688908,-0.84130913,-0.84182036,-1.2582521,-0.60750973,2.1046507,-2.3636854,-1.9424471,-1.1170721,1.2865595,1.3157983,-0.2456787,-1.8734813,-1.4358518,0.6999656,-1.7953994,-3.2119796,1
2.0,2,-1.1709538,-0.9367841,12.09007,1.3732743,-0.84539044,-0.8428397,-1.2607503,-0.60798657,2.1051211,-2.3623016,-1.942582,-1.1160464,1.2874274,1.3147361,-0.24663673,-1.8727,-1.4348093,0.6992569,-1.7947341,-3.2102947,1
18.0,18,-1.6385247,-1.808578,-1.06933,-3.0680826,-0.2950141,-2.2076964,1.0925467,-2.6241267,0.15729168,0.7541128,-0.94297826,-0.5916169,0.98097974,1.0834544,-0.1427781,-2.2703497,3.1069357,-3.026314,11.706125,1.055358,1
18.0,18,-1.6315621,-1.8035018,-1.0707269,-3.059267,-0.30323598,-2.213518,1.0838876,-2.6319568,0.13625425,0.72188103,-0.9496716,-0.57228833,0.9874354,1.0971382,-0.1301045,-2.2611449,3.1227856,-3.026731,11.712616,1.0748506,1
18.0,18,-1.6802086,-1.8786287,-1.0320117,-2.9823318,-0.4172693,-2.4137065,1.0979297,-2.7488654,0.3148573,0.9802025,-0.80489427,-0.496155,1.0575664,0.9055828,-0.24611917,-2.3077004,3.0490928,-3.0727842,11.918054,1.401069,1
18.0,18,-1.662158,-1.9132612,-0.9549997,-2.7872565,-0.49474543,-2.4384596,1.4810575,-2.1730068,0.06526522,0.990994,-0.7135495,-0.7457682,0.9132617,0.10790336,-0.3332855,-2.4083636,3.177515,-3.0559518,12.006604,1.8843977,1
18.0,18,-1.622332,-1.8019652,-1.0723774,-3.0133135,-0.32938987,-2.2343516,1.1326914,-2.5722232,0.08021889,0.69458663,-0.9383125,-0.57679915,0.991195,0.9817224,-0.13446915,-2.2678368,3.1621935,-3.0300314,11.753948,1.1819791,1
18.0,18,-1.6310289,-1.8038862,-1.0732635,-3.0509107,-0.3058831,-2.215267,1.1004353,-2.6111953,0.12277031,0.721628,-0.9466912,-0.5807034,0.985521,1.0642915,-0.13392933,-2.2649267,3.131043,-3.0244508,11.718491,1.0943137,1
19.0,18,-2.2219396,-1.6992314,-0.68983555,-1.3452866,-1.8553451,-3.4450972,4.3403926,-2.1141481,0.24856648,-0.72110355,1.1260808,-0.74386656,1.300619,-1.7586138,-1.6034218,-2.3253636,2.4084606,-3.1892235,11.343093,8.997591,0
19.0,18,-2.2126927,-1.6665258,-0.6379098,-1.295129,-1.8325304,-3.4178731,4.455065,-2.0539322,0.22706282,-0.77070516,1.1622392,-0.76144314,1.1801693,-1.8432307,-1.6952356,-2.3138254,2.3765886,-3.1188111,11.176574,9.139036,0
19.0,18,-2.1750853,-1.7078617,-0.5536125,-1.2310088,-1.8832562,-3.677843,3.981578,-2.236747,0.51571304,-0.2530629,1.2340254,-0.7509078,1.2377638,-1.8885772,-1.7999606,-2.338908,2.292783,-2.9447174,11.218465,9.588839,0
19.0,18,-2.3058307,-1.4786868,-0.37971532,-0.9275154,-1.9143153,-3.5085046,4.9785457,-1.8160086,0.19505358,-0.2440182,1.457723,-0.7988164,0.49917996,-2.3168752,-2.327032,-2.25174,2.0953052,-2.6704102,10.263738,9.9356575,0
19.0,18,-2.2233956,-1.6213555,-0.57396156,-1.220019,-1.8308893,-3.3888104,4.6225204,-1.9754444,0.19935563,-0.7940804,1.2217973,-0.7818306,1.0293754,-1.9432569,-1.8272002,-2.2978563,2.3152115,-3.0248656,10.941105,9.336879,0
19.0,18,-2.2144668,-1.6673009,-0.63581616,-1.2929701,-1.838713,-3.4191613,4.4579477,-2.0484197,0.2262541,-0.7739546,1.1667982,-0.7654204,1.1821371,-1.8393083,-1.6987513,-2.3135908,2.373461,-3.1152608,11.164408,9.156853,0
1.0,1,8.016717,8.607917,-1.5555658,0.6021421,0.8776145,3.510537,1.3680544,-2.074265,-0.08252608,-1.6357902,-3.7038422,-4.8832674,-1.4871242,-2.9484339,-2.907588,1.6218681,-1.9841313,-2.6833394,-3.9757729,-5.0567183,1
1.0,1,8.039369,8.607809,-1.5480064,0.60574365,0.86453545,3.5033035,1.3534905,-2.0744019,-0.087441646,-1.6295326,-3.701185,-4.8803873,-1.4976604,-2.949162,-2.8993282,1.6249163,-1.9784822,-2.6848443,-3.9725683,-5.0526276,1
1.0,1,8.050056,8.614032,-1.5413561,0.6101157,0.82719445,3.501206,1.3338194,-2.0824153,-0.067811124,-1.6249602,-3.69313,-4.8838587,-1.4927522,-2.9439988,-2.9007142,1.6198877,-1.9718064,-2.6779113,-3.9670928,-5.0478497,1
1.0,1,8.1201725,8.584729,-1.5308279,0.5962487,0.8483362,3.4764438,1.2942692,-2.068353,-0.09900818,-1.6189628,-3.6854937,-4.8779783,-1.5479969,-2.9678562,-2.8612475,1.6601232,-1.9469012,-2.687142,-3.9736574,-5.0496945,1
1.0,1,8.049785,8.606922,-1.544688,0.6064814,0.86068475,3.499664,1.3470242,-2.0740023,-0.0904325,-1.6270192,-3.7000232,-4.8791237,-1.5029131,-2.950284,-2.8951538,1.6272143,-1.9757209,-2.6856391,-3.9715538,-5.051151,1
1.0,1,8.028847,8.60822,-1.5510933,0.60398597,0.8703392,3.506414,1.3601824,-2.0744503,-0.08530817,-1.6322913,-3.7024813,-4.8817,-1.4920678,-2.9487114,-2.9032993,1.6231434,-1.9812634,-2.6840334,-3.9738514,-5.0543346,1
3.0,3,-0.6651437,1.7212155,1.425742,11.771354,-0.87879395,-0.12995893,-0.34763372,-0.57562816,-2.8944278,-2.4492373,-1.8652894,0.762337,-0.43308395,-2.6478426,-0.1561563,0.20330639,0.6859365,0.31489828,-3.5284557,-2.4379458,1
3.0,3,-0.6684908,1.7275796,1.4350387,11.774497,-0.87164253,-0.13628468,-0.34174162,-0.57827115,-2.9023142,-2.436915,-1.869652,0.7776965,-0.43686834,-2.643187,-0.18166026,0.1930845,0.6857995,0.33148214,-3.5235238,-2.439143,1
3.0,3,-0.6655855,1.7283883,1.4248755,11.779754,-0.87067205,-0.14216614,-0.34414035,-0.5853895,-2.894833,-2.428095,-1.8653272,0.7843626,-0.44018477,-2.6472166,-0.19536617,0.19104391,0.6886223,0.33683774,-3.5193594,-2.4348412,1
3.0,3,-0.62214226,1.6837759,1.3727669,11.788013,-0.923816,-0.12753801,-0.42049447,-0.59511113,-2.8075078,-2.4508326,-1.8140433,0.73344594,-0.4216191,-2.6939085,-0.12231299,0.23447032,0.7027291,0.2507496,-3.524388,-2.4017012,1
3.0,3,-0.6481408,1.706867,1.4178729,11.780579,-0.8945507,-0.12994246,-0.37823254,-0.579867,-2.8642857,-2.445077,-1.8467529,0.7604388,-0.42717877,-2.6636162,-0.1563991,0.2080708,0.6925411,0.29273346,-3.5239177,-2.4230607,1
3.0,3,-0.6638297,1.7201562,1.4271746,11.772641,-0.8799168,-0.13106117,-0.35144007,-0.57672906,-2.8921895,-2.446694,-1.8636607,0.7644248,-0.4329219,-2.6487007,-0.1592923,0.2026524,0.68657786,0.31575215,-3.527285,-2.4364808,1
5.0,5,-1.9200287,2.0313747,-2.1381936,-0.86230975,-2.241164,11.644159,-1.4061396,1.0350562,-1.7942042,-0.7341606,-4.273435,-2.0995119,0.3842552,1.1924818,5.4847884,2.1282158,-0.16886112,-4.2443366,-3.1111476,-4.0349817,1
5.0,5,-1.8507003,1.9502165,-2.1097739,-0.89482397,-2.070097,11.644692,-1.466173,0.9606954,-1.7977225,-0.8371515,-4.2530546,-2.0962074,0.27478063,1.2088165,5.6474557,2.2649648,-0.26540747,-4.229314,-3.2300217,-4.124044,1
5.0,5,-1.7601411,1.7737794,-2.1365488,-0.91612685,-1.7519814,11.726258,-1.4803572,0.88456666,-1.714336,-0.7478026,-4.321981,-2.1539757,0.32235178,1.1882372,5.535398,2.3240173,-0.44075948,-4.267393,-3.2290945,-4.136364,1
5.0,5,-1.4378848,1.4467318,-2.0830455,-1.0394038,-0.87469447,11.697947,-1.5881865,0.57841635,-1.869559,-1.0505594,-4.2820587,-2.1394718,0.04530131,1.1184051,5.9998116,2.8031483,-0.82215774,-4.177012,-3.647593,-4.4430056,1
5.0,5,-1.794585,1.8937938,-2.0921838,-0.9157007,-1.9292544,11.649538,-1.4975015,0.909322,-1.8138354,-0.9176787,-4.239436,-2.090146,0.19801226,1.2151039,5.7518163,2.362061,-0.33860275,-4.215602,-3.322582,-4.191411,1
5.0,5,-1.8593452,1.9661984,-2.1156042,-0.8883793,-2.0870779,11.643916,-1.4509608,0.9671985,-1.8091615,-0.8167374,-4.257297,-2.0951302,0.29634953,1.1990833,5.6259027,2.2425277,-0.2502674,-4.229757,-3.213573,-4.112084,1
18.0,18,-1.7864221,-1.4172015,-1.6439852,-2.6413026,-2.092671,-1.5518792,1.0786712,-2.437837,2.8422158,-1.2791293,-0.2055769,-0.46215332,0.6787542,-0.6440551,0.20662664,-1.750475,3.5659845,-3.5993092,12.009221,0.8273016,1
18.0,18,-1.781756,-1.4146407,-1.6401743,-2.6463826,-2.0863745,-1.5593265,1.0777953,-2.437728,2.8094573,-1.2807025,-0.21450034,-0.45606235,0.6847789,-0.62014735,0.21245797,-1.75197,3.5745463,-3.5991137,12.008569,0.82093173,1
18.0,18,-1.7982991,-1.4270849,-1.6660454,-2.631925,-2.1194088,-1.5585811,1.0710136,-2.4424634,2.8549035,-1.2586452,-0.19301665,-0.42637694,0.69176364,-0.64463997,0.20039822,-1.7415485,3.5418007,-3.6170413,12.039722,0.879775,1
18.0,18,-1.8092625,-1.4354341,-1.6905609,-2.6166956,-2.1416023,-1.5135043,1.0500047,-2.430721,3.0151324,-1.2525655,-0.15746334,-0.47309217,0.64205176,-0.75735134,0.18063758,-1.7311616,3.5230677,-3.6078556,12.02198,0.884334,1
18.0,18,-1.7823406,-1.4162717,-1.6497467,-2.6461248,-2.0922716,-1.5588299,1.0814502,-2.4312465,2.8058949,-1.2783455,-0.21323583,-0.45157424,0.6892317,-0.6229344,0.21241106,-1.7503016,3.5694685,-3.605658,12.01552,0.83415025,1
18.0,18,-1.7833449,-1.4159474,-1.6419804,-2.6446898,-2.0890198,-1.5560843,1.0778462,-2.437131,2.8224435,-1.280662,-0.21094736,-0.45829132,0.6816791,-0.62954485,0.21036692,-1.7513486,3.5717561,-3.599237,12.008718,0.82429117,1
16.0,16,-1.685803,0.8747526,-2.868944,-0.8497468,-1.8252116,-2.5753942,-2.089268,-1.8218719,-1.355787,-1.0094131,1.640002,2.7843819,-1.8185451,-1.6841664,-0.60028666,-1.8089108,13.290244,2.2161674,0.5401671,-1.5772637,1
16.0,16,-1.694823,0.87362754,-2.8735778,-0.84320337,-1.8579168,-2.5657086,-2.1217093,-1.8560395,-1.310751,-1.0059291,1.7064253,2.7671683,-1.8150522,-1.6854727,-0.61557156,-1.8288984,13.294829,2.2404075,0.5452949,-1.5589585,1
16.0,16,-1.7099549,0.87395245,-2.8873258,-0.83373415,-1.8913535,-2.5763006,-2.1236458,-1.9181553,-1.2702718,-1.0060335,1.7599872,2.8004897,-1.8072671,-1.6740687,-0.63379955,-1.8370581,13.299016,2.2151225,0.59046084,-1.5327269,1
16.0,16,-1.7172556,0.8686035,-2.894397,-0.82999253,-1.9211463,-2.5641704,-2.160849,-1.9522228,-1.2189575,-1.0006225,1.8359392,2.7722378,-1.8053714,-1.6802521,-0.644348,-1.8622631,13.303147,2.2461615,0.5925455,-1.5133749,1
16.0,16,-1.7003155,0.87182635,-2.8765128,-0.8395465,-1.8781681,-2.560117,-2.1424057,-1.8768203,-1.2813759,-1.0035565,1.7492337,2.754973,-1.8127174,-1.6870353,-0.625102,-1.8422639,13.297605,2.2566361,0.54870903,-1.547122,1
16.0,16,-1.6949723,0.8738497,-2.8735137,-0.8431391,-1.8571455,-2.5658255,-2.1214278,-1.85556,-1.3123935,-1.0059656,1.7049115,2.7688868,-1.8157179,-1.6850467,-0.6145167,-1.8278685,13.294617,2.239962,0.5446474,-1.559766,1
7.0,7,-1.5270633,-2.6521654,-1.4136142,-1.4572178,-0.34359115,0.7641252,5.336292,12.654441,-3.7167337,-2.3581738,-0.44712323,-1.748543,-2.480304,-3.8651817,-1.9275984,-0.24401818,0.5473898,0.24457136,-2.821867,1.146206,1
7.0,7,-1.4731925,-2.6724534,-1.3714457,-1.4505155,-0.29011184,0.8512726,5.067486,12.716762,-3.6522086,-2.3393216,-0.44371128,-1.7865559,-2.4864986,-3.8172388,-1.8503438,-0.2591886,0.49200723,0.3733353,-2.998215,1.050536,1
7.0,7,-1.4606723,-2.641528,-1.3510611,-1.3400774,-0.29143876,0.93138635,5.0325265,12.684405,-3.698616,-2.375295,-0.4352207,-1.7817825,-2.599624,-3.8572733,-1.8843929,-0.20145647,0.5279908,0.21740729,-2.9227452,1.4137597,1
7.0,7,-1.5093137,-2.6417208,-1.3678637,-1.3197386,-0.3894603,0.7096095,5.3550463,12.52498,-3.8124428,-2.3353758,-0.35579878,-1.7089293,-2.6273737,-3.9489002,-2.037688,-0.18983838,0.6729726,-0.040145956,-2.5739756,1.8499786,1
7.0,7,-1.4318956,-2.6839142,-1.3477302,-1.4437121,-0.24173093,0.9281974,4.8688507,12.768936,-3.605288,-2.3340387,-0.45229188,-1.816879,-2.4944038,-3.7797203,-1.7885565,-0.25853002,0.44582063,0.47531843,-3.1472304,0.9519449,1
7.0,7,-1.4848073,-2.6667123,-1.3901517,-1.4519528,-0.3004029,0.82343817,5.151597,12.70199,-3.6765223,-2.3473556,-0.4516164,-1.7753482,-2.492826,-3.832641,-1.879776,-0.24212171,0.51515794,0.33540595,-2.9486074,1.0667759,1
17.0,17,-2.306221,0.5685018,-0.5114241,-1.1934295,2.341548,1.0382023,-1.4328659,0.2712029,-0.9329056,-0.9324177,2.1017418,-0.6587665,-1.8703654,-1.2221596,-1.0255654,-0.6510771,-0.10778518,13.507646,-5.620035,-3.9488106,1
17.0,17,-2.3128777,0.563793,-0.5081564,-1.1941214,2.3312383,1.0340022,-1.4320478,0.26153728,-0.9318005,-0.93690306,2.1215866,-0.6537001,-1.8772621,-1.220818,-1.0248183,-0.63006824,-0.120820716,13.502622,-5.620762,-3.94404,1
17.0,17,-2.338598,0.5494352,-0.50206923,-1.1972117,2.2877524,1.0115683,-1.430205,0.23070523,-0.92232454,-0.94783837,2.1907208,-0.6410494,-1.8926038,-1.2191358,-1.0234174,-0.5774515,-0.14517403,13.489415,-5.615621,-3.9223263,1
17.0,17,-2.369023,0.534624,-0.4929866,-1.2006061,2.2283666,0.9869915,-1.422013,0.20335056,-0.9133168,-0.9679881,2.2613106,-0.633055,-1.9005028,-1.2195163,-1.0216562,-0.5089322,-0.17725801,13.469794,-5.609373,-3.8970196,1
17.0,17,-2.3298647,0.55093473,-0.50469977,-1.1964998,2.3091602,1.0182059,-1.4345776,0.23325723,-0.9242559,-0.93954355,2.1770687,-0.6396875,-1.896654,-1.2180226,-1.0227449,-0.5941794,-0.14021748,13.494694,-5.61811,-3.9291265,1
17.0,17,-2.3187685,0.55906856,-0.5078654,-1.1951332,2.3251667,1.0268942,-1.4340444,0.25062174,-0.92785954,-0.9350265,2.1422293,-0.6484263,-1.8850079,-1.2198606,-1.024381,-0.62219554,-0.124384716,13.501267,-5.618743,-3.938018,1
9.0,9,-0.0066179186,0.28785995,1.6887393,-2.5659833,1.6277314,-1.125227,-0.7696662,-0.059743904,-1.9405701,11.7172365,-2.9301517,-3.3328018,0.7496857,-1.8305798,-0.53174216,-1.431904,-1.0353969,2.4063292,-1.9854491,0.124943815,1
9.0,9,-0.008077726,0.28926143,1.6964992,-2.5614936,1.6158273,-1.138027,-0.76728356,-0.066214874,-1.9333155,11.723473,-2.9252982,-3.327827,0.74089277,-1.8269217,-0.5473929,-1.4242086,-1.03304,2.4049864,-1.985635,0.13540664,1
9.0,9,-0.0046017766,0.28814363,1.6609464,-2.5598638,1.649738,-1.1611495,-0.7680198,-0.091633245,-1.9480407,11.723431,-2.9439204,-3.3029385,0.7821969,-1.8024871,-0.555702,-1.4263753,-1.0380064,2.3992968,-1.9532944,0.1015317,1
9.0,9,0.0056930333,0.40152672,1.6396995,-2.4821904,1.4544984,-1.1460943,-0.66115254,-0.09632554,-1.776499,11.793286,-2.8745408,-3.3893607,0.6724861,-1.9683728,-0.7870037,-1.3585631,-1.027623,2.301373,-2.003001,0.37704316,1
9.0,9,-0.008396752,0.30026934,1.7014787,-2.5495434,1.5876217,-1.1468245,-0.75477886,-0.070955835,-1.9134967,11.735827,-2.91573,-3.3303003,0.72588223,-1.8403745,-0.58027285,-1.4135417,-1.0300566,2.3937519,-1.9875782,0.1681261,1
9.0,9,-0.007769428,0.29337645,1.6952472,-2.5585022,1.608903,-1.1354747,-0.7634098,-0.064962104,-1.9284037,11.725802,-2.9230447,-3.33137,0.7384445,-1.834688,-0.5534088,-1.4238086,-1.0324333,2.4011846,-1.9864819,0.14478967,1
14.0,5,-1.083863,7.153855,-1.9391934,2.2525322,1.655918,8.575855,2.6152945,-1.2921824,-4.327768,-3.5159857,-5.246753,-1.9554284,-3.1543646,0.5493557,2.1862173,5.085304,-3.8581426,-2.410682,-4.686182,-5.1364126,0
14.0,5,-1.0703661,7.12618,-1.9372016,2.2533162,1.6333122,8.562844,2.5894504,-1.2931306,-4.340426,-3.52827,-5.2430243,-1.9470668,-3.1708677,0.52972883,2.2521763,5.147546,-3.864237,-2.4285998,-4.6834135,-5.132646,0
14.0,5,-1.0408311,7.1499085,-1.9074993,2.2704031,1.3225265,8.561613,2.4396672,-1.327986,-4.299719,-3.5343413,-5.2226133,-1.9612827,-3.1517456,0.58943653,2.3990066,5.2798176,-3.86319,-2.4794304,-4.6517587,-5.090206,0
14.0,5,-1.0049562,7.1337786,-1.8893098,2.2829328,1.1603864,8.479405,2.3390207,-1.3658361,-4.325525,-3.5597284,-5.1861696,-1.9390913,-3.1877382,0.56008214,2.5756867,5.463602,-3.849768,-2.5401642,-4.624958,-5.0647006,0
14.0,5,-1.0625727,7.1138086,-1.9359306,2.2541516,1.6204411,8.551982,2.5754867,-1.2956123,-4.348691,-3.5344644,-5.239887,-1.941826,-3.1804967,0.51786524,2.2879357,5.182369,-3.8658652,-2.4386466,-4.6812863,-5.130542,0
14.0,5,-1.0757104,7.136803,-1.9383029,2.2531843,1.6441253,8.568352,2.6007423,-1.2922276,-4.335599,-3.5233164,-5.2448525,-1.9503081,-3.1642363,0.5373526,2.2248008,5.121949,-3.862317,-2.4211903,-4.684745,-5.1342506,0
16.0,16,0.4085418,-0.27953961,-2.7050738,-2.3090882,-0.5259787,-1.248038,-2.0795517,0.82357633,-0.83738697,-0.36544278,0.0280714,-1.8816595,1.4389786,-2.9983442,-0.9720643,-2.0825922,11.5457325,0.08824281,0.19034839,-1.5409647,1
16.0,16,0.4091379,-0.27906305,-2.7052844,-2.3001282,-0.53156465,-1.2546142,-2.0871644,0.81102157,-0.8308981,-0.3665151,0.04385874,-1.8777053,1.4373696,-3.0026321,-0.98419315,-2.07773,11.547066,0.09586255,0.18885253,-1.5463663,1
16.0,16,0.41850245,-0.2790565,-2.705071,-2.3062778,-0.5375355,-1.251869,-2.090509,0.81382966,-0.8284532,-0.368243,0.03491838,-1.8909963,1.4499689,-2.9945555,-0.9830998,-2.0708601,11.537018,0.08681811,0.18986662,-1.5445356,1
16.0,16,0.41456282,-0.27825677,-2.704216,-2.2940598,-0.5523455,-1.2612798,-2.1051233,0.79368997,-0.8169021,-0.3687888,0.059841696,-1.8805991,1.447584,-2.9966981,-0.99883133,-2.0670679,11.543039,0.10220432,0.19142912,-1.5498315,1
16.0,16,0.41045988,-0.2787175,-2.705501,-2.294188,-0.53508765,-1.2590001,-2.0921497,0.80275965,-0.8265122,-0.36742255,0.054107834,-1.8760874,1.4369094,-3.0055912,-0.99268025,-2.0738358,11.547085,0.100180134,0.187535,-1.550159,1
16.0,16,0.40940124,-0.27907473,-2.705141,-2.3020387,-0.53071797,-1.2532058,-2.0856838,0.8135803,-0.832041,-0.36644557,0.04051428,-1.8790679,1.438277,-3.0015435,-0.9818505,-2.0785518,11.5463705,0.093854144,0.18908055,-1.545192,1
0.0,0,12.535941,4.0603127,2.4563541,-1.053617,0.036953133,0.7113761,-1.076539,0.3953793,-0.3365854,0.25474605,-2.5423987,-4.3454585,-1.6879289,-2.6399536,-2.403432,1.1110799,-2.0079322,-3.120474,-2.967415,-2.8123424,1
0.0,0,12.541488,4.0427604,2.4507575,-1.0575103,0.04246803,0.70963836,-1.0835888,0.39469305,-0.3284437,0.24090439,-2.5346072,-4.345037,-1.6852521,-2.640737,-2.3913236,1.1119475,-2.005559,-3.1218686,-2.9657664,-2.8140354,1
0.0,0,12.553732,4.027069,2.4391818,-1.0541644,0.05456748,0.7088995,-1.0991148,0.37073913,-0.3099475,0.22300592,-2.5269482,-4.3459663,-1.6890584,-2.644001,-2.366175,1.116652,-1.9996074,-3.117932,-2.9652584,-2.8251216,1
0.0,0,12.565218,3.972128,2.4397485,-1.0649706,0.07057162,0.70190287,-1.1193615,0.37127203,-0.29578504,0.17026748,-2.4925826,-4.342921,-1.6897902,-2.6459405,-2.3293498,1.1267728,-1.9874828,-3.1301723,-2.9618945,-2.8264802,1
0.0,0,12.543067,4.0375223,2.4493494,-1.0586903,0.04394728,0.70908034,-1.0856624,0.39463314,-0.3260769,0.23670685,-2.532204,-4.3448796,-1.6842784,-2.6409543,-2.387844,1.1120677,-2.004844,-3.122332,-2.965209,-2.8143532,1
0.0,0,12.538136,4.0541534,2.4537618,-1.0550542,0.0386608,0.710703,-1.0792093,0.39499784,-0.3331279,0.2503579,-2.5401154,-4.3452415,-1.6860632,-2.640256,-2.3992763,1.1107508,-2.0073187,-3.1205497,-2.9665217,-2.8128278,1
9.0,9,0.5653211,1.2083328,1.2011436,-3.1389794,0.47472945,-2.9878068,-2.158206,-2.6214166,0.3956631,12.936973,-1.9909574,-1.3562969,1.1090517,-0.5597398,-0.60972553,-2.9896278,-0.0508096,0.001923643,-0.5436902,1.8733873,1
9.0,9,0.56090134,1.2063696,1.1873608,-3.1417658,0.47577128,-2.9860547,-2.1557932,-2.617726,0.3898882,12.93588,-1.9909338,-1.3538934,1.1095822,-0.558856,-0.60482645,-2.9883873,-0.05022256,-0.00054692477,-0.53797394,1.8814024,1
9.0,9,0.55940926,1.2059066,1.1823355,-3.134508,0.47403562,-2.9846175,-2.1580224,-2.6240416,0.4025139,12.936823,-1.9898189,-1.3544749,1.1092222,-0.560655,-0.6198013,-2.9870608,-0.050588936,-0.0018656254,-0.53516394,1.9005265,1
9.0,9,0.5891513,1.2073503,1.2692704,-3.123759,0.44040322,-2.9830382,-2.175326,-2.642584,0.46732575,12.959776,-1.9809276,-1.3877552,1.1006222,-0.54836,-0.6632169,-2.9987788,-0.057032503,0.005108066,-0.5734481,1.8474494,1
9.0,9,0.561786,1.2051349,1.1891971,-3.141951,0.47129574,-2.9843895,-2.1564124,-2.618133,0.3963253,12.93896,-1.9893856,-1.357115,1.1082296,-0.5567676,-0.609011,-2.988953,-0.05079309,-0.0013704449,-0.5386032,1.8808987,1
9.0,9,0.5630218,1.2065864,1.1929947,-3.1410313,0.4738984,-2.9860969,-2.1568756,-2.6190865,0.3942645,12.937379,-1.990252,-1.35621,1.1089723,-0.5584566,-0.60800546,-2.9891841,-0.050492957,0.00023994595,-0.54050255,1.8780167,1
12.0,12,-1.7072915,-0.53653955,-2.6315572,-1.8517827,-1.9778274,-0.2737767,3.772376,0.6106219,-2.2238543,0.14811593,-2.0129492,-0.816756,9.99048,-1.121594,-0.9545072,-2.8265383,0.5624562,-4.446994,6.6477823,0.056360215,1
12.0,12,-1.7443924,-0.46228945,-2.645812,-1.8344473,-2.0481482,-0.19401726,3.9168215,0.5634918,-2.198153,0.14596812,-2.002308,-0.85814655,9.9380665,-1.192019,-0.964548,-2.8050659,0.54097265,-4.4361787,6.6011796,0.050065085,1
12.0,12,-1.753592,-0.49208355,-2.6274083,-1.8608354,-1.9096028,-0.32948196,4.069022,0.35061353,-2.2194324,0.304742,-2.0154493,-0.8699259,9.834435,-1.0913329,-0.92396575,-2.757581,0.3948324,-4.508487,6.724516,0.12143297,1
12.0,12,-1.7597132,-0.29408664,-2.6499884,-1.7804339,-2.1512773,0.05318867,3.9768333,0.32509413,-1.9619989,0.41045192,-2.0724895,-1.0897422,10.171571,-1.231854,-0.8681536,-2.724396,0.07182822,-4.2291136,6.109297,0.041030608,1
12.0,12,-1.7759672,-0.4068247,-2.6566792,-1.8225111,-2.0961988,-0.14383528,4.0508504,0.52687716,-2.1886978,0.13766584,-1.9904305,-0.88340294,9.869961,-1.2505922,-0.97964895,-2.7891593,0.54405487,-4.4376802,6.5879025,0.047612518,1
12.0,12,-1.7415559,-0.47737914,-2.6437457,-1.8389044,-2.0292253,-0.21725395,3.915987,0.5712806,-2.212663,0.13762732,-2.0008044,-0.84522855,9.923473,-1.1832948,-0.97002935,-2.8085728,0.5601077,-4.4489956,6.630017,0.0532159,1
2.0,2,-0.7767613,0.6618948,13.102702,-1.1887947,-2.1950767,-0.35449657,-1.7954023,-1.87186,3.8848076,0.83159953,-1.4237154,-2.3602712,0.839701,1.761069,-1.0235949,-1.9274102,-2.8871922,0.2936909,-1.6371908,-2.048303,1
2.0,2,-0.7770039,0.6623451,13.102239,-1.1891024,-2.1956325,-0.3540137,-1.7954196,-1.8723071,3.8856866,0.8323164,-1.4240421,-2.3604133,0.8393021,1.7613146,-1.0236732,-1.9272014,-2.8874965,0.2934026,-1.6372643,-2.0481882,1
2.0,2,-0.7784766,0.65754896,13.09953,-1.1929281,-2.2007673,-0.3563465,-1.8006446,-1.8755687,3.896105,0.8469032,-1.4235268,-2.3604083,0.83891815,1.7637208,-1.0259718,-1.9294304,-2.886817,0.2942206,-1.6332357,-2.0472188,1
2.0,2,-0.7733429,0.655949,13.100907,-1.1920891,-2.1978638,-0.3557155,-1.801933,-1.87858,3.8915896,0.8421096,-1.4286617,-2.3637865,0.843751,1.7695181,-1.0214356,-1.9189532,-2.8908815,0.29074016,-1.6430084,-2.0499585,1
2.0,2,-0.77653867,0.6623814,13.101985,-1.1893799,-2.1959887,-0.3536602,-1.7958131,-1.8732165,3.8862162,0.8330382,-1.4249915,-2.3610094,0.839629,1.7622426,-1.0232749,-1.9257544,-2.888269,0.29270488,-1.6384493,-2.0482225,1
2.0,2,-0.77698916,0.6625129,13.102453,-1.1888993,-2.1954424,-0.35411143,-1.7951877,-1.8719494,3.885182,0.8318708,-1.4238605,-2.3602948,0.83931154,1.760858,-1.0237415,-1.927479,-2.887339,0.29351518,-1.6371624,-2.0479732,1
3.0,3,-1.4737852,2.102936,1.032775,11.442875,-0.2885496,0.11435664,1.5515354,0.07713786,-4.0168066,-2.8694148,-2.6413188,1.5054841,-0.42934042,-2.3637109,-0.0907529,0.23020314,0.26311818,-0.15052274,-3.704598,-2.7717385,1
3.0,3,-1.4727471,2.1008685,1.0328494,11.444167,-0.28883442,0.1145589,1.5480927,0.07748397,-4.0152254,-2.8695824,-2.6404455,1.5066789,-0.4281115,-2.3643727,-0.09119058,0.23058997,0.26329052,-0.15095249,-3.704573,-2.7707908,1
3.0,3,-1.4742407,2.1023157,1.0321476,11.442784,-0.28888848,0.114060745,1.5508485,0.07684488,-4.01681,-2.8692892,-2.6409814,1.5068429,-0.42944056,-2.3630097,-0.08978908,0.2300365,0.26313284,-0.150311,-3.7041862,-2.771945,1
3.0,3,-1.4722625,2.1005168,1.0319582,11.444615,-0.28993422,0.11505948,1.5456318,0.07720652,-4.0140624,-2.8697164,-2.6395426,1.5062124,-0.4274184,-2.3643398,-0.088946916,0.23089404,0.26274005,-0.15224168,-3.7046566,-2.7702334,1
3.0,3,-1.4712213,2.0988314,1.0328649,11.44578,-0.2892576,0.11515901,1.5440297,0.078083396,-4.0131836,-2.8698723,-2.6394007,1.5069903,-0.42648548,-2.3655763,-0.0914315,0.23119172,0.26329306,-0.15204218,-3.7048273,-2.7694054,1
3.0,3,-1.4728938,2.10144,1.0328093,11.44391,-0.2888421,0.114619195,1.5487747,0.07741625,-4.0154953,-2.8695772,-2.6406143,1.5061147,-0.42832017,-2.3643053,-0.09094921,0.23055676,0.26318252,-0.15102258,-3.7046552,-2.7709374,1
15.0,15,-0.004105851,-1.9700894,-2.1602013,-1.4331495,3.1001513,-1.4493331,0.35672218,-0.27425134,-4.146129,-0.15130489,-2.4321356,0.20820203,-4.1994486,-1.2825289,4.1777263,12.144623,-3.139201,-3.1119008,-2.008468,-1.9178542,1
15.0,15,-0.014840148,-1.9710851,-2.1635644,-1.4169801,3.056682,-1.4550096,0.3486269,-0.2934908,-4.1378803,-0.23069152,-2.4112198,0.22645958,-4.170682,-1.2052462,4.182922,12.172247,-3.1520839,-3.117704,-2.0195496,-1.9153674,1
15.0,15,0.0058941618,-1.9656935,-2.17723,-1.4159037,3.0555656,-1.456188,0.3439069,-0.29370734,-4.1407595,-0.23420899,-2.4036748,0.22108763,-4.163585,-1.1894398,4.171283,12.172616,-3.155226,-3.134152,-2.0141375,-1.9051558,1
15.0,15,-0.003054306,-1.9749103,-2.193994,-1.3989494,3.0266006,-1.4755739,0.32522774,-0.3304677,-4.129893,-0.33963418,-2.3577042,0.2591883,-4.1347046,-1.0976412,4.183389,12.2006645,-3.1681488,-3.1378267,-2.0195534,-1.9066215,1
15.0,15,-0.020397484,-1.9721534,-2.166544,-1.4096961,3.0393455,-1.4583871,0.34425429,-0.30435824,-4.134173,-0.26841846,-2.3997967,0.23717125,-4.158365,-1.1693854,4.18656,12.184292,-3.1574118,-3.1198988,-2.0240724,-1.915548,1
15.0,15,-0.012211829,-1.9713926,-2.1631,-1.4207404,3.0675132,-1.4546791,0.35000038,-0.28972661,-4.139543,-0.2131509,-2.4147916,0.22321716,-4.1775208,-1.2232049,4.1819777,12.165968,-3.149197,-3.1162195,-2.0166724,-1.9160805,1
10.0,10,0.41753715,-0.11148587,-0.72682613,-0.86947995,2.1142895,-3.9072316,-2.3771746,-6.117073,0.657071,-0.6797153,10.939729,2.0980165,-2.7614102,-3.3402627,-0.09791979,-1.6408672,3.6842809,0.5829231,-1.0149058,0.063379094,1
10.0,10,0.48093498,-0.1589212,-0.6830772,-0.84388334,1.7651387,-3.8188946,-2.4173172,-6.082337,0.86147404,-0.7155585,11.061322,1.8798463,-2.7952304,-3.2931147,-0.122850895,-1.595895,3.6389592,0.55455685,-1.0161033,0.11784937,1
10.0,10,0.72294915,-0.35559866,-0.6430839,-0.8207198,1.0708176,-3.5519447,-2.4657745,-5.911419,1.4795719,-0.9667127,11.211252,1.3069955,-2.8086145,-3.2350268,-0.08386479,-1.2298249,3.1994574,0.25567386,-1.1291081,0.19239235,1
10.0,10,0.7667468,-0.4496109,-0.62955076,-0.7848015,0.6999117,-3.448192,-2.4961042,-5.810302,1.7230579,-1.0768623,11.28288,1.1094912,-2.8132327,-3.1708803,-0.068776205,-1.0647663,3.0396743,0.14150313,-1.158791,0.22889403,1
10.0,10,0.5501467,-0.22245887,-0.6436636,-0.8236692,1.4340852,-3.7273898,-2.4484763,-6.029773,1.070048,-0.7585127,11.175884,1.6591014,-2.8231196,-3.2466304,-0.14693424,-1.5371168,3.556094,0.5190414,-1.0250607,0.16942826,1
10.0,10,0.5136177,-0.17939606,-0.67544734,-0.84261954,1.7178864,-3.7966723,-2.4218788,-6.0695214,0.91583693,-0.7276863,11.080889,1.8184055,-2.7991831,-3.2909036,-0.12607259,-1.5744444,3.5911403,0.54190755,-1.0308485,0.124271,1
14.0,14,-1.5603492,-1.3012707,-2.1070724,-3.4783354,-0.33587503,0.3653389,-1.0910347,1.1693559,-4.7028165,0.82770914,-1.5891633,-1.6688329,-1.5442517,1.5135598,11.756271,3.365895,-0.073568255,-2.4608452,-1.7195818,-1.7049754,1
14.0,14,-1.505927,-1.3246017,-2.0878398,-3.4964254,-0.30611697,0.33787885,-1.1922103,1.1643801,-4.6331663,0.8856736,-1.5743428,-1.6857203,-1.5168738,1.3982341,11.783906,3.3830671,-0.071279824,-2.436693,-1.7451725,-1.7175797,1
14.0,14,-1.5103551,-1.3749704,-2.1960037,-3.552996,-0.26772416,0.25419804,-1.1961998,1.0915012,-4.4723415,0.88219494,-1.5178719,-1.84846,-1.4900917,1.2129235,11.743568,3.5587742,-0.112657815,-2.4163582,-1.7405461,-1.629746,1
14.0,14,-1.3845345,-1.4050887,-2.2119098,-3.6265054,-0.19137985,0.17469741,-1.4344598,1.0415292,-4.182318,0.96749157,-1.464918,-2.0173497,-1.4495689,0.7992022,11.785022,3.7742696,-0.14526854,-2.3097224,-1.8761574,-1.642906,1
14.0,14,-1.460315,-1.3373673,-2.0942104,-3.5175686,-0.2820554,0.3025686,-1.2808353,1.1544461,-4.522652,0.8898885,-1.5482357,-1.7582916,-1.508112,1.2153623,11.811957,3.4970767,-0.08040354,-2.3954558,-1.8099549,-1.7110014,1
14.0,14,-1.5046177,-1.322494,-2.0978343,-3.4995248,-0.30612603,0.33084163,-1.1978021,1.1621969,-4.603274,0.86469376,-1.5669734,-1.7149142,-1.5232999,1.3492234,11.788914,3.4325318,-0.075241774,-2.426427,-1.7678814,-1.70889,1
13.0,13,-3.1459196,3.2646031,-1.1807253,-2.7090485,1.1658226,-0.34190038,-3.550786,-4.3097057,-1.3632162,-0.18061943,-1.645626,0.19871128,0.17719355,10.773649,1.6420115,-0.36949688,-1.3091667,5.5273414,-3.6388717,-4.539475,1
13.0,13,-3.1487525,3.2658494,-1.1801326,-2.7069275,1.1665413,-0.34254366,-3.553756,-4.310852,-1.359997,-0.17663239,-1.639609,0.19946855,0.16944587,10.765247,1.6422561,-0.37192327,-1.3083951,5.541678,-3.6422877,-4.540326,1
13.0,13,-3.1435497,3.219263,-1.1817064,-2.7172887,1.1683799,-0.34454247,-3.5646057,-4.3049245,-1.3366901,-0.18579751,-1.6321574,0.21536292,0.1619741,10.792375,1.6391207,-0.36866778,-1.3063633,5.52903,-3.6299515,-4.534572,1
13.0,13,-3.1657436,3.2593536,-1.1784393,-2.7000372,1.1668668,-0.34687766,-3.6133082,-4.295399,-1.3445523,-0.15142253,-1.6080812,0.22313054,0.14343828,10.715875,1.6724029,-0.3715335,-1.3113079,5.627547,-3.6807811,-4.554554,1
13.0,13,-3.151464,3.268284,-1.1798079,-2.7049472,1.1670959,-0.34308225,-3.5572472,-4.3114,-1.3583139,-0.17252417,-1.6346347,0.19993582,0.16324356,10.756727,1.6437013,-0.37361366,-1.307925,5.5550404,-3.6464684,-4.541334,1
13.0,13,-3.1479547,3.2669253,-1.180306,-2.706924,1.166148,-0.3423809,-3.551968,-4.3108163,-1.3617432,-0.17768487,-1.6417947,0.19903328,0.17176816,10.767286,1.6415027,-0.37123466,-1.3085744,5.537479,-3.6412683,-4.5399547,1
14.0,5,-1.4597412,-1.6423235,-1.9990951,-2.6918614,4.4971676,9.632122,-3.4463177,2.038937,-1.3695439,-2.191449,-3.8934476,-1.6994673,-1.3662573,4.5103393,5.3691034,0.30973798,-1.882583,2.068491,-5.9230843,-5.949318,0
14.0,5,-1.4359833,-1.7022462,-1.9721278,-2.6680458,4.508075,9.681982,-3.4693065,2.1151812,-1.3634807,-2.1145098,-3.912977,-1.7826294,-1.3956575,4.3065004,5.4741597,0.4307819,-1.9331871,2.0383818,-5.9916015,-5.911207,0
14.0,5,-1.4268934,-1.9569459,-1.9719199,-2.790156,4.59211,9.401245,-3.5878313,2.0758169,-1.2467756,-2.066348,-3.8120387,-1.7201396,-1.2891222,4.475989,5.483204,0.3646767,-1.9487132,2.135932,-5.896569,-5.9182057,0
14.0,5,-1.305555,-2.0420074,-1.8923658,-2.627864,4.6423984,9.699803,-3.5437453,2.50397,-1.401762,-1.7045903,-4.0335674,-2.1005468,-1.3972517,3.5247262,5.7330003,0.92531437,-2.1384304,1.9555044,-6.210381,-5.81315,0
14.0,5,-1.4142969,-1.7402537,-1.9521873,-2.6435258,4.5131073,9.732301,-3.4789054,2.1803288,-1.3705156,-2.0497503,-3.935388,-1.8531885,-1.4210191,4.1312056,5.554671,0.5420167,-1.9767148,2.002934,-6.052111,-5.8834825,0
14.0,5,-1.4397622,-1.6932609,-1.976212,-2.671427,4.50693,9.673812,-3.4675894,2.1012256,-1.3633202,-2.125765,-3.9089713,-1.7706296,-1.3933655,4.337197,5.461149,0.4134857,-1.9252429,2.044648,-5.98224,-5.9162626,0
5.0,5,-1.5980299,1.3169718,-1.7005222,0.032478016,0.43511203,12.884128,-0.32975423,3.8028846,-1.2402786,-1.5739791,-4.776072,-2.0160697,-0.5884481,0.8492673,0.19815104,0.59532624,-0.9060496,-1.9821594,-5.0943694,-4.0030775,1
5.0,5,-1.6094174,1.3376989,-1.6641947,0.037330683,0.41347718,12.901454,-0.36081216,3.6941447,-1.2249229,-1.5789285,-4.766837,-2.02947,-0.61329144,0.87946814,0.25136888,0.6698047,-0.93288463,-1.9934127,-5.0940933,-4.021588,1
5.0,5,-1.6212542,1.2212546,-1.8114015,-0.0064121876,0.34862366,12.835211,-0.27940646,3.9485884,-1.1256887,-1.4210975,-4.7809014,-2.077168,-0.41323876,0.80914026,0.08676191,0.42552722,-0.891835,-1.9981561,-5.038154,-3.8990407,1
5.0,5,-1.6593207,1.262944,-1.7162937,-0.0063217003,0.26361558,12.889836,-0.38653412,3.61029,-1.0451132,-1.4123884,-4.755305,-2.129286,-0.47236082,0.90940434,0.27250051,0.65103084,-0.9699001,-2.052368,-5.031125,-3.9643905,1
5.0,5,-1.6259134,1.3594103,-1.6201048,0.04078007,0.3837132,12.920999,-0.39725596,3.5617816,-1.2051413,-1.5826647,-4.7565107,-2.046789,-0.6428522,0.9180901,0.32062536,0.7677793,-0.96979356,-2.0125535,-5.0926223,-4.04439,1
5.0,5,-1.6127752,1.3417323,-1.6562974,0.036285214,0.39853302,12.90582,-0.3685789,3.667422,-1.2161809,-1.5746572,-4.7663455,-2.0368035,-0.61472917,0.8887529,0.27009124,0.6883992,-0.9439087,-2.0012662,-5.0914207,-4.024863,1
2.0,2,-0.9738991,1.1217024,10.627154,-1.706048,-1.8569402,-1.594539,4.781046,-0.9178709,-0.06382289,-3.855719,-1.7318032,-2.0306756,1.9626249,0.8866858,-2.6505606,-1.3878847,-0.91571194,-2.327224,1.2938895,2.4390068,1
2.0,2,-0.98221564,1.1229901,10.612297,-1.7113148,-1.8649834,-1.5919671,4.7870092,-0.9231485,-0.06785553,-3.860814,-1.7382544,-2.0273705,1.9689804,0.9114876,-2.645648,-1.3874263,-0.91334194,-2.3330634,1.2997994,2.4304938,1
2.0,2,-0.9784827,1.1124792,10.610184,-1.7074586,-1.8658108,-1.6019256,4.79934,-0.9100411,-0.05832442,-3.8600576,-1.71778,-2.0289404,1.9558717,0.8705692,-2.6625798,-1.3910962,-0.9148777,-2.3296256,1.3242835,2.4867463,1
2.0,2,-0.9539906,1.117178,10.667573,-1.6961219,-1.8309144,-1.6009628,4.764733,-0.90729296,-0.044245534,-3.8428438,-1.7114531,-2.039964,1.9352885,0.8175894,-2.6623147,-1.39118,-0.92187524,-2.307591,1.2861692,2.4578495,1
2.0,2,-0.97985995,1.1224816,10.616692,-1.7102163,-1.8615736,-1.5931196,4.786702,-0.9216713,-0.064794384,-3.858999,-1.7349559,-2.0288122,1.9635693,0.9006202,-2.6480703,-1.3879095,-0.9140911,-2.3301258,1.3011835,2.4345179,1
2.0,2,-0.97842056,1.1224442,10.619063,-1.7088923,-1.8613434,-1.5932069,4.7845035,-0.92071724,-0.06573155,-3.8584237,-1.7350062,-2.0289667,1.9654428,0.8996958,-2.6482189,-1.3875988,-0.9145362,-2.330188,1.2975485,2.4350638,1
7.0,7,-2.8847785,-3.2835476,0.15098795,-2.1588795,-0.91566056,1.6117105,6.498918,12.009379,-1.4642899,-2.4089365,-2.857909,-1.6889529,4.045003,-2.1349256,-2.5286756,-1.8815719,-2.5370326,-2.0937104,-1.1102924,0.57392335,1
7.0,7,-2.8839667,-3.2813451,0.14579098,-2.1590447,-0.916457,1.6100539,6.5065384,12.0067,-1.4655795,-2.4119644,-2.856831,-1.6875075,4.0456896,-2.1373255,-2.527551,-1.8799386,-2.5380464,-2.0967922,-1.1076516,0.5696001,1
7.0,7,-2.8621154,-3.2818239,0.14828718,-2.161669,-0.897495,1.5981513,6.5296273,12.012839,-1.4819708,-2.409418,-2.8557901,-1.6856585,4.0165386,-2.1561043,-2.5287054,-1.8658968,-2.54561,-2.1008768,-1.1155264,0.5584009,1
7.0,7,-2.8635445,-3.2792878,0.1480793,-2.161693,-0.894172,1.5967331,6.5399723,12.012485,-1.4880509,-2.4110956,-2.8554718,-1.6843733,4.0102177,-2.1589224,-2.5283113,-1.8637666,-2.5454695,-2.1010249,-1.11671,0.5552356,1
7.0,7,-2.8945422,-3.2717562,0.13809457,-2.1578808,-0.9158378,1.6105132,6.532797,11.999613,-1.4743047,-2.4198372,-2.8558652,-1.6846038,4.04302,-2.1406577,-2.5254552,-1.8800502,-2.5355518,-2.0994017,-1.1052673,0.5603796,1
7.0,7,-2.882781,-3.2832592,0.14884838,-2.159128,-0.9158539,1.6102539,6.5012054,12.008611,-1.464745,-2.4101713,-2.8571527,-1.6881843,4.0451994,-2.1364179,-2.5281067,-1.8803105,-2.5379093,-2.0953681,-1.109017,0.5723177,1
14.0,14,1.6184918,-1.3097084,-1.2419097,-4.3812675,-0.32164913,0.16279823,-3.1119602,-1.7510685,1.4808127,0.6447498,1.1093675,-3.2969904,-1.83771,-0.28193983,11.430611,2.2338917,-0.14813085,-3.1552403,-2.722848,-3.3038363,1
14.0,14,1.6109213,-1.3314927,-1.2676702,-4.3419933,-0.29768336,0.21861531,-3.0823317,-1.6912667,1.3975378,0.4452196,1.1102455,-3.2615094,-1.8565493,-0.30957526,11.490092,2.341282,-0.16643958,-3.172532,-2.7515938,-3.3177207,1
14.0,14,1.6404879,-1.2301812,-1.2858866,-4.2370367,-0.46675164,0.3181979,-3.065651,-1.6917853,1.3837845,0.20269091,1.0158323,-3.2789435,-1.8560288,-0.42497554,11.516954,2.510834,-0.13833699,-3.2892332,-2.6428328,-3.262201,1
14.0,14,1.6670806,-1.3768187,-1.4166505,-4.091093,-0.3885214,0.68166304,-2.9934115,-1.4507679,1.1492139,-0.7088256,1.1367455,-3.1967082,-1.9821001,-0.5108683,11.669631,2.9520845,-0.31115207,-3.339857,-2.7813215,-3.2608604,1
14.0,14,1.6094848,-1.3500407,-1.2907057,-4.30988,-0.2725739,0.27141818,-3.0568194,-1.641471,1.3259991,0.27395234,1.1131487,-3.2331398,-1.8742715,-0.33498418,11.539629,2.43171,-0.18601772,-3.1859024,-2.7770202,-3.3292882,1
14.0,14,1.6183846,-1.3274572,-1.2617028,-4.3520308,-0.29564816,0.21493018,-3.0874927,-1.7021866,1.4128684,0.47951907,1.1118808,-3.2699294,-1.8548359,-0.30711472,11.480245,2.3183198,-0.1676049,-3.1670554,-2.7482774,-3.319506,1
18.0,18,-1.7075818,-1.4224203,-0.2013569,-1.6940501,-2.0642385,-3.4101267,1.6989597,-2.918649,1.5130844,-0.06424403,0.4864818,0.32726553,0.8627754,-1.6305947,-0.47456867,-1.9656602,2.99861,-3.5375044,13.190649,3.6877885,1
18.0,18,-1.7070087,-1.4153109,-0.19382735,-1.6897495,-2.0617545,-3.4008267,1.729732,-2.9095714,1.4889016,-0.077005826,0.47859395,0.3304865,0.856427,-1.6315627,-0.479007,-1.9624987,2.9945872,-3.545522,13.182361,3.667563,1
18.0,18,-1.6968277,-1.4168117,-0.23820493,-1.7072678,-2.0333846,-3.3918273,1.6505891,-2.9635463,1.5754197,-0.017157236,0.4684108,0.32955658,0.84480643,-1.6303825,-0.46840632,-1.9558929,2.993996,-3.523236,13.182215,3.564977,1
18.0,18,-1.7025372,-1.3854463,-0.10208731,-1.6702862,-2.1442833,-3.3666952,1.8636589,-2.8468273,1.4204812,-0.19352941,0.4665128,0.35721838,0.8065793,-1.626399,-0.49695253,-1.9214709,2.9642978,-3.5817375,13.141154,3.621448,1
18.0,18,-1.7068207,-1.4080744,-0.1805102,-1.6837486,-2.0646431,-3.3928263,1.765293,-2.8971643,1.4626728,-0.09430997,0.47234657,0.33481553,0.84951675,-1.6337645,-0.48520225,-1.9585763,2.9888358,-3.5544338,13.17411,3.655616,1
18.0,18,-1.7077878,-1.4159226,-0.19239016,-1.6892561,-2.0636551,-3.40224,1.729342,-2.9091506,1.4902902,-0.077353835,0.48013443,0.33041152,0.85651594,-1.6322188,-0.47948223,-1.9628166,2.9943733,-3.5449889,13.183161,3.6731694,1
1.0,1,1.6564344,12.215303,0.29621422,2.5521002,-3.651226,2.4998991,1.7184008,-2.7058187,-3.152515,3.0116456,-3.1700873,-3.066226,-1.0514289,0.5268687,-3.6292484,-0.3729881,-1.8270271,-0.58651,-2.299556,-2.2829204,1
1.0,1,1.6766711,12.218105,0.2990897,2.5570817,-3.6506987,2.5033398,1.7127926,-2.7086318,-3.1472359,3.006776,-3.1696281,-3.071381,-1.0598136,0.51166856,-3.6226354,-0.36936122,-1.8281728,-0.5895581,-2.3023648,-2.286103,1
1.0,1,1.7021723,12.223809,0.3043012,2.5668483,-3.655469,2.5031946,1.6995007,-2.7164772,-3.131582,3.009521,-3.1727324,-3.0747974,-1.064025,0.49228,-3.6133249,-0.37144637,-1.8278055,-0.5929987,-2.300939,-2.292409,1
1.0,1,1.8212221,12.238548,0.32301852,2.5890763,-3.6547272,2.5324802,1.6630476,-2.7270288,-3.104074,2.9743466,-3.1633637,-3.1075006,-1.1168678,0.41494,-3.570275,-0.34348083,-1.8410777,-0.62518656,-2.3231044,-2.3099024,1
1.0,1,1.6845437,12.219169,0.30005416,2.559258,-3.6502047,2.504104,1.7109388,-2.709845,-3.1452608,3.0050287,-3.1695402,-3.0731578,-1.0631312,0.50522953,-3.6203394,-0.36810356,-1.8283626,-0.59016544,-2.3031852,-2.2871203,1
1.0,1,1.6667728,12.2167,0.29756847,2.5548995,-3.6506991,2.5010152,1.7159084,-2.7073302,-3.1499863,3.009332,-3.1698856,-3.0686154,-1.055773,0.51855445,-3.6261868,-0.37131912,-1.8273076,-0.5875077,-2.3007107,-2.284267,1
16.0,16,-1.9294801,0.33420888,-1.6827688,-1.1469407,-2.0032203,-2.3516219,1.6224105,0.39507195,-2.529711,-1.5234219,-0.90277976,1.7658433,-1.009898,-2.085672,-0.9033764,-1.6146272,12.448526,-0.57530767,1.7487506,-1.3089125,1
16.0,16,-1.9311525,0.33960515,-1.6823399,-1.1190745,-2.024884,-2.3488517,1.5873609,0.38140565,-2.5162919,-1.5178237,-0.87774384,1.768335,-1.0009623,-2.0998795,-0.9161488,-1.621461,12.469953,-0.5580254,1.7509822,-1.3015608,1
16.0,16,-1.9521638,0.3646028,-1.6912061,-1.0352807,-2.0890362,-2.343455,1.531923,0.29752913,-2.4756048,-1.5055639,-0.81386167,1.8320203,-0.99070054,-2.132779,-0.95149404,-1.6251208,12.520396,-0.53450555,1.7766489,-1.2961617,1
16.0,16,-1.9542074,0.36651313,-1.6968685,-1.0452499,-2.0756347,-2.3383749,1.5736169,0.2981209,-2.4787974,-1.5068426,-0.8370434,1.8292247,-0.989024,-2.1370268,-0.9514145,-1.6222765,12.506536,-0.54971516,1.7814424,-1.3075591,1
16.0,16,-1.9349288,0.34563693,-1.6815218,-1.0895574,-2.0487857,-2.3463538,1.5528469,0.36357537,-2.5028589,-1.5132573,-0.8515931,1.7778164,-0.99396396,-2.1123052,-0.92818093,-1.6265174,12.49135,-0.5425021,1.7546513,-1.2944925,1
16.0,16,-1.9342107,0.3414316,-1.682251,-1.1129982,-2.0307155,-2.3497527,1.5832745,0.37442014,-2.5155377,-1.5169604,-0.8730322,1.779506,-1.0033454,-2.0989196,-0.91775215,-1.6192385,12.473052,-0.5577177,1.7522919,-1.3008181,1
1.0,1,0.15603825,11.4795685,-0.0030148681,4.242651,-1.4470828,1.5364199,4.028115,-2.9488988,-4.6086197,-0.39250988,-3.6507628,-1.0998237,-1.7885778,-0.114630826,-2.8696349,0.3743127,-1.2315341,0.29675296,-2.5823407,-3.0075397,1
1.0,1,0.16033322,11.482126,-0.0020492096,4.245046,-1.4513494,1.5387051,4.02352,-2.9486043,-4.6075816,-0.3917097,-3.650419,-1.1007859,-1.7879881,-0.11680846,-2.868624,0.37525433,-1.2327597,0.2931919,-2.5815907,-3.0061467,1
1.0,1,0.16200972,11.488028,-0.0042017195,4.240132,-1.4624654,1.543064,4.0117507,-2.954329,-4.602241,-0.38827512,-3.6470387,-1.1039665,-1.792717,-0.105021626,-2.8667269,0.37803233,-1.23452,0.30216548,-2.5832286,-3.0063167,1
1.0,1,0.17954934,11.497381,-0.0052035693,4.255467,-1.4758593,1.551704,3.9907014,-2.9504428,-4.604278,-0.38741675,-3.64653,-1.1004006,-1.7894756,-0.11896239,-2.8619192,0.38491744,-1.2360184,0.28545105,-2.580867,-3.0008764,1
1.0,1,0.16315699,11.483789,-0.001671819,4.2468877,-1.4540039,1.5401193,4.0202603,-2.9482872,-4.6072598,-0.39127034,-3.6502075,-1.100953,-1.7875801,-0.11848134,-2.8679168,0.37608224,-1.2333426,0.29082015,-2.581143,-3.0052326,1
1.0,1,0.15873075,11.481216,-0.0024724826,4.244214,-1.449763,1.5377619,4.0250177,-2.9486737,-4.6081514,-0.39200315,-3.6505103,-1.1001688,-1.7882056,-0.11608804,-2.8689706,0.37503767,-1.2321899,0.29455635,-2.5818841,-3.006648,1
11.0,11,-2.9106705,-3.0152252,-2.0558918,1.8341352,0.8367594,-4.0824194,-0.061187305,-1.0800285,-1.4914896,-1.5722488,6.446791,11.762844,-2.0765898,-0.44427973,-1.2994299,-1.033448,2.8017328,-0.64180994,-0.50641274,-2.2616484,1
11.0,11,-2.897676,-3.1108787,-2.0610034,1.9257503,0.67626077,-4.055201,-0.15443847,-1.1656253,-1.2778817,-1.6142973,7.002342,11.501404,-2.1551976,-0.62491554,-1.2760923,-1.0556333,2.687265,-0.5891587,-0.57847536,-2.1707995,1
11.0,11,-2.6913846,-3.5249836,-2.0862608,2.0824056,0.4629369,-4.0426497,-0.24275705,-1.1479466,-0.63015985,-1.8753103,8.225465,10.44934,-2.2099912,-1.3782723,-1.1815029,-1.0392045,2.387678,-0.58093417,-0.7573476,-1.9043846,1
11.0,11,-2.6947958,-3.5862973,-2.1126118,2.119236,0.43718016,-4.0684085,-0.20869413,-1.1326625,-0.5710701,-1.886624,8.4298115,10.393569,-2.2413828,-1.5081317,-1.2317652,-1.10846,2.428216,-0.546396,-0.7547378,-1.8741938,1
11.0,11,-2.8891542,-3.1668625,-2.0648077,1.9779052,0.5724483,-4.0346084,-0.20896772,-1.2196378,-1.1441185,-1.6385816,7.346741,11.323004,-2.2055626,-0.7346114,-1.2581373,-1.0676383,2.6168509,-0.56019235,-0.6230534,-2.1109812,1
11.0,11,-2.899202,-3.1003108,-2.0602496,1.9187168,0.6898132,-4.0568123,-0.14761388,-1.1609161,-1.2974014,-1.6106368,6.9504952,11.52615,-2.1482654,-0.6056251,-1.2753482,-1.0512451,2.6959743,-0.596015,-0.5733601,-2.1804533,1
16.0,16,-1.7540383,0.38929504,-2.6566622,-1.8081427,-1.087959,-1.4206951,3.1548026,2.0202367,-2.5746512,-1.5939097,-1.719556,-0.034421213,-0.10291024,-3.304143,-1.3084306,-2.5374484,11.5783825,0.8307128,1.1782749,-2.4684005,1
16.0,16,-1.7586219,0.39167693,-2.6655016,-1.7921914,-1.1069541,-1.424708,3.1102188,2.0091667,-2.5639668,-1.5881724,-1.6996362,-0.017937656,-0.08869743,-3.3076184,-1.3190805,-2.551709,11.598246,0.8800308,1.1793045,-2.4722805,1
16.0,16,-1.7705278,0.39952087,-2.6933267,-1.760447,-1.1442163,-1.4324601,3.029233,1.9660238,-2.5359182,-1.5757174,-1.6608641,0.025065305,-0.063327454,-3.3087182,-1.3396693,-2.5748627,11.640292,0.9658351,1.1895193,-2.4797084,1
16.0,16,-1.7729235,0.39939326,-2.6980836,-1.7539738,-1.1514951,-1.4355744,3.0100422,1.9552406,-2.5306017,-1.5721474,-1.6540866,0.037842542,-0.058240198,-3.3061087,-1.340282,-2.5782032,11.650242,0.97763395,1.1931447,-2.4794118,1
16.0,16,-1.7614082,0.39247018,-2.6713126,-1.7799298,-1.1209394,-1.428043,3.0727022,2.0018208,-2.5554464,-1.5838541,-1.6834202,-0.0059325118,-0.07855254,-3.3101687,-1.3264183,-2.562807,11.614389,0.9180772,1.1794486,-2.474799,1
16.0,16,-1.7582247,0.39119744,-2.6642406,-1.7935302,-1.1054897,-1.424522,3.11343,2.0105581,-2.5652244,-1.5885414,-1.7015489,-0.01905847,-0.08981624,-3.3071685,-1.3176293,-2.5504436,11.596735,0.8756529,1.179063,-2.4717703,1
6.0,6,-3.2175252,0.8672421,-1.8872849,-1.7826562,-0.07632131,0.60950637,12.724114,3.2001326,-2.1810884,-1.8985264,-1.5023533,-0.46600002,-1.983605,-2.8344214,-3.1537611,-0.4091069,1.0086768,-2.2320948,-0.6730145,-1.173377,1
6.0,6,-3.217645,0.87413263,-1.8863266,-1.7713563,-0.08738155,0.599367,12.726382,3.2062554,-2.188835,-1.8900137,-1.5028756,-0.4500157,-1.9787817,-2.8473861,-3.1562142,-0.40211558,0.9998016,-2.2269895,-0.675665,-1.1713041,1
6.0,6,-3.2079322,0.8770829,-1.8992703,-1.7348521,-0.076254345,0.6306616,12.731222,3.159592,-2.1482966,-1.8987747,-1.4773118,-0.451151,-2.006591,-2.854536,-3.151528,-0.37087387,0.9267177,-2.222505,-0.7011721,-1.1810559,1
6.0,6,-3.2040353,0.8771942,-1.9037263,-1.7229404,-0.0689288,0.64124775,12.733614,3.1429558,-2.1384287,-1.9028661,-1.471317,-0.4510612,-2.0167959,-2.8548052,-3.1488965,-0.3565637,0.9021078,-2.222185,-0.71018803,-1.1846071,1
6.0,6,-3.2165356,0.87934464,-1.8862664,-1.7610122,-0.09238542,0.59463406,12.7283325,3.207457,-2.1914458,-1.8843135,-1.5015955,-0.44156346,-1.9775025,-2.858533,-3.1570606,-0.3962298,0.9890787,-2.223221,-0.6797792,-1.1714753,1
6.0,6,-3.2178452,0.87229764,-1.886536,-1.7744002,-0.08340789,0.6027199,12.725963,3.2041073,-2.186675,-1.8927637,-1.5031707,-0.45547724,-1.9797819,-2.843696,-3.1553438,-0.40386492,1.0018992,-2.2277806,-0.67550945,-1.1723193,1
8.0,8,-1.7860956,-0.03340563,1.3399308,-2.498012,-2.2013695,0.16425897,-2.0557458,-4.7086635,13.134482,1.3444214,0.22099574,-3.434383,1.7113856,-0.99359924,-1.5899845,-3.1078293,-1.5854391,-0.5168042,2.094436,-0.6549587,1
8.0,8,-1.7894821,-0.03565012,1.3456405,-2.4954875,-2.214869,0.17093952,-2.0429635,-4.6905055,13.133454,1.3319237,0.21689005,-3.4372613,1.7185644,-0.99810755,-1.5944378,-3.110542,-1.588131,-0.5176004,2.097163,-0.66318256,1
8.0,8,-1.8008921,-0.02514346,1.346124,-2.4785624,-2.225693,0.20245858,-1.9897904,-4.6670322,13.115769,1.2397264,0.2207719,-3.430828,1.705705,-1.020076,-1.5965059,-3.1012633,-1.5717373,-0.5301637,2.1176193,-0.70517945,1
8.0,8,-1.8243828,-0.034187555,1.4461386,-2.4881897,-2.2743986,0.24730752,-1.9195099,-4.542498,13.090236,1.2169132,0.14509834,-3.467423,1.8519229,-1.0293918,-1.6089934,-3.1909628,-1.6172458,-0.55253637,2.0815587,-0.74802595,1
8.0,8,-1.7910793,-0.038049445,1.3477386,-2.4932218,-2.22612,0.1759032,-2.0337064,-4.6756406,13.133563,1.3211762,0.21502803,-3.4404783,1.7232665,-1.0019534,-1.5982003,-3.1109095,-1.5906789,-0.51725566,2.0977392,-0.66846806,1
8.0,8,-1.7870834,-0.03624153,1.3399154,-2.495738,-2.2120283,0.16805378,-2.048398,-4.6956687,13.135409,1.3352983,0.22042459,-3.437414,1.7143086,-0.997107,-1.5936184,-3.106911,-1.5876915,-0.51587486,2.095567,-0.6585113,1
4.0,4,0.23441365,-1.4348128,-2.7701974,-2.9672542,12.7841425,1.128411,3.7913744,-0.68371904,-4.2683816,-2.2546823,-2.513888,-1.2511971,-2.509929,-2.2979562,2.8516152,2.093316,-0.65555906,-1.2418453,-3.6923757,-4.426628,1
4.0,4,0.21779975,-1.426986,-2.7861476,-2.9543462,12.768115,1.1096227,3.8074949,-0.6977732,-4.2977366,-2.2552595,-2.5154521,-1.216674,-2.553512,-2.3073153,2.8553493,2.174292,-0.6669902,-1.2516001,-3.6844306,-4.427736,1
4.0,4,0.18960541,-1.4347684,-2.8010159,-2.9877007,12.717719,1.1165695,3.7468357,-0.75253904,-4.3025727,-2.290822,-2.529886,-1.2069651,-2.5277262,-2.2035296,2.971365,2.2768962,-0.7263986,-1.260455,-3.7169013,-4.464109,1
4.0,4,0.13403974,-1.394737,-2.8590105,-2.9541728,12.649722,1.0079081,3.77772,-0.8148987,-4.4142137,-2.2738419,-2.5131588,-1.0981753,-2.6781502,-2.245402,2.9852667,2.5535004,-0.730121,-1.2721539,-3.6757846,-4.46448,1
4.0,4,0.20817512,-1.4219012,-2.795681,-2.9468496,12.758552,1.0969409,3.815585,-0.706558,-4.315642,-2.2547214,-2.5155904,-1.1957985,-2.5805144,-2.3137147,2.858425,2.223292,-0.6732863,-1.2566296,-3.6793377,-4.4286995,1
4.0,4,0.22126648,-1.4285834,-2.7829978,-2.9569387,12.771168,1.1134957,3.8040426,-0.695089,-4.29182,-2.255304,-2.5152617,-1.2237527,-2.54441,-2.3052082,2.8548293,2.1583006,-0.6648495,-1.2499986,-3.6862354,-4.427462,1
9.0,9,0.39867264,-0.5753603,0.7152351,-4.0974684,-0.519593,-2.2018356,-2.1343849,-3.051572,2.3041265,12.907878,-1.9927121,-2.9001777,1.6223156,2.5503507,-0.22065437,-2.5029871,-0.6955043,-1.5047972,-0.81641555,0.08104479,1
9.0,9,0.39866048,-0.5753316,0.7154056,-4.097439,-0.5196087,-2.2018178,-2.1342814,-3.0515358,2.3039508,12.907892,-1.9927645,-2.9001548,1.6222645,2.550398,-0.22071631,-2.5028508,-0.6956346,-1.5047892,-0.8164893,0.08105564,1
9.0,9,0.39854953,-0.5752126,0.7149281,-4.0974584,-0.5197567,-2.2018166,-2.1344116,-3.0516818,2.3041508,12.90789,-1.9928728,-2.9001637,1.6221457,2.5505517,-0.22071467,-2.502608,-0.69552886,-1.5049417,-0.81633544,0.081211604,1
9.0,9,0.39839673,-0.5756926,0.7152395,-4.0975943,-0.5198168,-2.2010906,-2.134391,-3.0519428,2.3056302,12.907283,-1.992371,-2.90087,1.6225445,2.5520437,-0.22136465,-2.5029993,-0.6960751,-1.504752,-0.8180103,0.080239825,1
9.0,9,0.39864033,-0.57533616,0.71549344,-4.0974317,-0.5196289,-2.201764,-2.13423,-3.0515351,2.3039505,12.907863,-1.9927707,-2.9001844,1.6222531,2.550519,-0.22078545,-2.502786,-0.6957319,-1.504781,-0.8166238,0.08100914,1
9.0,9,0.39867124,-0.5753285,0.7153591,-4.097447,-0.5196019,-2.2018256,-2.1343093,-3.051528,2.3039606,12.907896,-1.9927633,-2.90015,1.6222701,2.5503607,-0.22067188,-2.5028868,-0.6955848,-1.5047932,-0.8164548,0.08105535,1
11.0,11,-2.5621927,0.061929986,-0.47992688,1.8686702,0.9534721,-2.4582698,-0.7464876,-1.3388813,-3.4826984,-1.0279129,-0.7173895,12.225349,-0.7137578,1.337856,-0.34412867,-0.012927089,2.9258342,-1.2747451,0.017209036,-2.179937,1
11.0,11,-2.588938,0.117356695,-0.451385,2.0072203,0.850088,-2.4432378,-0.7121873,-1.3514384,-3.4729412,-1.0306185,-0.6336914,12.249721,-0.7126079,1.2379434,-0.44888055,-0.03248166,2.9504445,-1.3204159,0.03125161,-2.1289773,1
11.0,11,-2.6178546,0.17359075,-0.39217582,2.2779202,0.69760233,-2.4238563,-0.6254748,-1.3549812,-3.4302022,-1.0343891,-0.44531977,12.297763,-0.7101008,1.0033648,-0.66926056,-0.075127244,2.9495318,-1.4115924,0.062111937,-2.0237029,1
11.0,11,-2.575905,0.10100969,-0.4273387,2.0745752,0.85361445,-2.43051,-0.6524379,-1.3169487,-3.448545,-1.0416023,-0.6230639,12.255248,-0.6887305,1.1556411,-0.5174485,-0.035738554,2.8995461,-1.3685306,0.034603827,-2.106907,1
11.0,11,-2.6076643,0.15851092,-0.42837223,2.1173062,0.77095044,-2.4325266,-0.6871548,-1.3619461,-3.4644167,-1.0304424,-0.5640233,12.268505,-0.7140783,1.1570857,-0.53113025,-0.04874307,2.9676797,-1.3533628,0.041916005,-2.089046,1
11.0,11,-2.5886676,0.11624352,-0.4504007,2.0121071,0.85116017,-2.4425423,-0.7130208,-1.3505323,-3.4722521,-1.0299253,-0.6286271,12.252254,-0.71459794,1.2380261,-0.45102638,-0.032142863,2.9398386,-1.318248,0.029645374,-2.1285567,1
11.0,11,-4.0454044,-1.2943871,-1.3183233,4.538736,-1.7675493,-2.7936804,-0.7492914,-0.74343216,-2.9481823,-0.99828887,2.4536529,13.0117,-1.4501432,-1.1334224,-0.11484655,0.36895406,3.212038,0.768378,0.21304506,-1.6495317,1
11.0,11,-4.0492353,-1.298945,-1.3191397,4.5493174,-1.7716867,-2.7976773,-0.7471641,-0.7499962,-2.939522,-0.99663645,2.4765172,13.010391,-1.4522412,-1.1451976,-0.13531616,0.36086816,3.2236109,0.7751991,0.2151147,-1.6432401,1
11.0,11,-4.0518026,-1.3008289,-1.3243537,4.535667,-1.7740443,-2.803071,-0.74588245,-0.75380576,-2.9339643,-0.99167943,2.4862022,13.014056,-1.452287,-1.1430635,-0.14697038,0.34990513,3.2426026,0.7813449,0.22228704,-1.6413252,1
11.0,11,-4.0570974,-1.3074121,-1.324845,4.549825,-1.7790978,-2.8090482,-0.7437735,-0.76372707,-2.9216654,-0.9895802,2.5187492,13.011986,-1.4556115,-1.160047,-0.1749968,0.33769774,3.2606874,0.79228854,0.2245096,-1.6332061,1
11.0,11,-4.051996,-1.3022966,-1.3196125,4.5565376,-1.7743746,-2.8006518,-0.7458812,-0.7549262,-2.9331458,-0.99555844,2.49298,13.009462,-1.4538343,-1.1536887,-0.14977846,0.35482138,3.2324193,0.7805433,0.2164309,-1.6389664,1
11.0,11,-4.048724,-1.2983522,-1.3189793,4.5479374,-1.7710284,-2.797179,-0.7474889,-0.74919295,-2.9406214,-0.9968379,2.4734983,13.010568,-1.451981,-1.1436872,-0.13269998,0.3618269,3.222201,0.7744806,0.21478094,-1.6441222,1
14.0,14,1.5975912,-3.2365725,-2.117397,-3.8920145,6.099522,2.9192026,-2.0992181,-2.7889562,-0.568413,-1.6531612,3.2772665,-1.1645111,-2.21842,-1.3311133,10.1071005,-1.3838766,-0.37220457,0.9732117,-2.907365,-3.350953,1
14.0,14,1.5443039,-3.2451572,-2.126835,-3.9015799,6.019656,2.8931863,-2.1262615,-2.7927587,-0.5730361,-1.6804036,3.298953,-1.1538647,-2.2209349,-1.3124712,10.164307,-1.3269924,-0.3655376,1.006754,-2.9130063,-3.3478363,1
14.0,14,1.3660889,-3.2123044,-2.1077788,-3.9265058,5.41096,2.740215,-2.1885133,-2.6921384,-0.5908917,-1.6775404,3.3147693,-1.183291,-2.0801039,-1.2463088,10.467139,-1.2551308,-0.1450857,0.8521272,-2.8182473,-3.238483,1
14.0,14,1.2380958,-3.2020328,-2.1324553,-3.9577265,5.1825523,2.657506,-2.2532089,-2.7015078,-0.59000057,-1.6947997,3.4233253,-1.1396898,-2.0867684,-1.2092032,10.554879,-1.2035987,-0.07697207,0.9530428,-2.8103614,-3.2166126,1
14.0,14,1.5143752,-3.2480228,-2.1338456,-3.9078958,5.984046,2.8765311,-2.1401641,-2.7982008,-0.57479954,-1.6934586,3.3182433,-1.145109,-2.225745,-1.3030088,10.18572,-1.3050904,-0.359251,1.0378627,-2.917716,-3.3478742,1
14.0,14,1.564604,-3.2428513,-2.1244602,-3.8994431,6.0545645,2.8972783,-2.116815,-2.794504,-0.57075936,-1.6702669,3.2970176,-1.1554829,-2.223197,-1.3202655,10.138531,-1.3502069,-0.36736995,1.0030705,-2.9120138,-3.349476,1
4.0,5,2.9826431,5.230323,-3.305199,0.047395486,5.004653,9.410211,2.958305,0.017493322,-4.211738,-2.504266,-2.3289678,-3.0269933,-4.1012926,-0.3644207,2.0015929,-0.10153927,-2.5827055,-2.313087,-5.3927755,-4.6903114,0
4.0,5,3.1333973,5.1317368,-3.3097105,0.010751804,5.1250687,9.348645,2.8484507,-0.05685951,-4.1747084,-2.5114255,-2.2478015,-3.0107634,-4.155449,-0.39829695,2.0969665,-0.0993402,-2.5982418,-2.2891757,-5.4042077,-4.710216,0
4.0,5,3.463861,4.876613,-3.3399942,-0.09188499,5.3741794,9.254058,2.6969953,-0.13063128,-4.0722017,-2.5380962,-2.1255023,-3.0200832,-4.2336926,-0.47414485,2.2040665,-0.09774362,-2.645097,-2.2392168,-5.4084353,-4.7350707,0
4.0,5,4.0006695,4.4638405,-3.3675652,-0.23592038,5.8753524,8.867549,2.2869725,-0.49610445,-3.9145505,-2.5582032,-1.6971962,-2.8842704,-4.4633718,-0.6041961,2.5344265,-0.11811872,-2.6603792,-2.0948505,-5.4001393,-4.7848063,0
4.0,5,3.208889,5.0823655,-3.3121314,-0.0077924673,5.1885524,9.310875,2.7916746,-0.10028006,-4.1565175,-2.5152469,-2.2008078,-2.9987562,-4.185283,-0.41436976,2.146055,-0.09914866,-2.6039228,-2.2757561,-5.409225,-4.720409,0
4.0,5,3.0743062,5.171855,-3.3091218,0.02500449,5.0796475,9.36855,2.8943057,-0.030101538,-4.190523,-2.5088634,-2.276892,-3.0161655,-4.136582,-0.38558948,2.0581856,-0.10001705,-2.5903382,-2.2982435,-5.3999343,-4.7024455,0
11.0,11,-2.551545,0.14208712,-0.49487415,2.2260056,1.041123,-2.397786,-0.4971589,-1.2184315,-3.6318798,-1.1590685,-1.0378313,12.143702,-0.6991009,0.9919136,-0.44326854,0.10272111,3.1818416,-1.301884,-0.07499337,-2.345868,1
11.0,11,-2.5753858,0.19232754,-0.4636989,2.3576453,0.9422335,-2.3854172,-0.4640003,-1.2323803,-3.6232357,-1.1630354,-0.9600834,12.16249,-0.6918417,0.88416636,-0.540295,0.08300225,3.219189,-1.3461087,-0.05607692,-2.2959828,1
11.0,11,-2.6028244,0.2498594,-0.40073904,2.6200454,0.8030397,-2.3706207,-0.38151023,-1.250641,-3.5934887,-1.1692102,-0.7819809,12.200363,-0.68690795,0.6526643,-0.73446864,0.046327256,3.2252607,-1.4306431,-0.023904072,-2.1983056,1
11.0,11,-2.5669599,0.1763719,-0.44570518,2.4247448,0.9496965,-2.3816466,-0.40475586,-1.213903,-3.6064594,-1.1627985,-0.9348229,12.170252,-0.67443216,0.7954634,-0.60218865,0.07368313,3.1788478,-1.3817815,-0.048792407,-2.2691293,1
11.0,11,-2.5922472,0.22841896,-0.4397589,2.4579391,0.8714016,-2.3777373,-0.43969026,-1.2452698,-3.6165755,-1.1649089,-0.89654994,12.176873,-0.6899951,0.80221456,-0.61212826,0.068481565,3.242111,-1.3763937,-0.042611897,-2.2591808,1
11.0,11,-2.5754735,0.1922237,-0.4612641,2.3650773,0.9419138,-2.3838856,-0.46542558,-1.2318035,-3.6225176,-1.1628281,-0.9547043,12.165469,-0.69384366,0.8860111,-0.54266053,0.0842427,3.2046897,-1.3448423,-0.05839704,-2.2955978,1
11.0,11,-2.5975492,-3.2196198,-2.2065208,1.1182868,0.36752534,-1.8756984,-1.2278103,1.0574795,-3.410363,-0.77436745,-0.8065204,10.233683,0.5844185,0.12602636,6.196852,-0.5236649,1.4798553,-2.268184,0.6165137,-1.8495162,1
11.0,11,-2.5971193,-3.2254224,-2.2088795,1.1033589,0.36432594,-1.8818529,-1.2303393,1.0563364,-3.401599,-0.77143127,-0.7921116,10.239875,0.5898534,0.11755343,6.1930385,-0.5298137,1.4896839,-2.2682087,0.62565005,-1.8424853,1
11.0,11,-2.5956426,-3.2324336,-2.2131171,1.0741568,0.36196873,-1.8869821,-1.2353525,1.0537592,-3.389438,-0.76744324,-0.7775847,10.241736,0.59537524,0.115389824,6.19776,-0.5355362,1.4976789,-2.269552,0.6362828,-1.8363953,1
11.0,11,-2.594778,-3.2301178,-2.213208,1.0714642,0.36477238,-1.8777711,-1.2386031,1.0541847,-3.392097,-0.76978797,-0.7914154,10.22435,0.5921305,0.13067189,6.2193046,-0.52854663,1.4832785,-2.2736142,0.62879014,-1.8437804,1
11.0,11,-2.5970843,-3.231202,-2.211781,1.0915309,0.36011645,-1.8860313,-1.2323868,1.0564325,-3.3938787,-0.7687973,-0.77926457,10.2426195,0.59543365,0.10854259,6.1923695,-0.5354016,1.4983852,-2.269996,0.63351357,-1.8355564,1
11.0,11,-2.5972638,-3.2244053,-2.208549,1.1067224,0.3646721,-1.8802088,-1.2299007,1.0568534,-3.4033816,-0.7720791,-0.79515076,10.237736,0.5889532,0.119042695,6.1947627,-0.52848995,1.4874648,-2.2686934,0.6236561,-1.8437994,1
16.0,7,3.4477131,-4.8087416,-1.7950183,-2.7155054,0.61792696,-1.3772761,-0.13263533,7.308854,0.7930253,-4.315465,3.4255426,-0.7365597,-0.5494555,-1.3035302,-1.1443797,3.395791,-2.6827252,-2.5196383,-3.3422709,-2.4474192,0
16.0,7,3.4521747,-4.825326,-1.8026966,-2.701548,0.6162274,-1.3960507,-0.16160297,7.2366886,0.81166565,-4.34945,3.488063,-0.7009728,-0.52764803,-1.3015707,-1.1046361,3.4062185,-2.6953754,-2.5269897,-3.3326523,-2.4439166,0
16.0,7,3.459919,-4.94009,-1.8538043,-2.6277652,0.7029104,-1.5025531,-0.28253195,6.9281893,0.81083184,-4.537993,3.7330048,-0.47171962,-0.46182513,-1.3560593,-0.8102908,3.5715284,-2.7838383,-2.537593,-3.3131425,-2.405639,0
16.0,7,3.6159108,-4.8642054,-1.8101428,-2.6417668,0.7098026,-1.4483812,-0.2729797,6.9938035,0.7952671,-4.514183,3.5415592,-0.59806365,-0.46088347,-1.3686152,-0.83389163,3.6148942,-2.8308883,-2.580151,-3.3568215,-2.4390495,0
16.0,7,3.398224,-4.892226,-1.8328434,-2.6820126,0.63099754,-1.4429481,-0.19846925,7.138325,0.8224778,-4.4076805,3.633812,-0.59887075,-0.50564295,-1.3008931,-1.0357217,3.4132042,-2.6873305,-2.5197923,-3.3054621,-2.4244664,0
16.0,7,3.4472477,-4.8179393,-1.7986608,-2.7069747,0.61399925,-1.3887597,-0.14935586,7.263872,0.805651,-4.3353505,3.4671757,-0.7137904,-0.5367112,-1.3009524,-1.122715,3.4012735,-2.6911302,-2.5242984,-3.3368714,-2.4436219,0
15.0,15,-0.76098746,0.9403601,-2.3025398,-0.7479983,-2.406966,2.1669297,-1.7522619,-2.9279897,-0.93887687,-1.5022949,0.87882656,-2.102351,-2.5208764,-0.8678466,1.8375769,10.63796,-0.28324345,-4.171854,-2.690038,-1.8152405,1
15.0,15,-0.7803033,0.915928,-2.2766733,-0.7455017,-2.4230201,2.1703665,-1.7420969,-2.9121182,-0.9502566,-1.5024858,0.89536625,-2.0883534,-2.5245717,-0.85390824,1.8447212,10.648977,-0.31939942,-4.171877,-2.687483,-1.8034794,1
15.0,15,-0.8041489,1.0182226,-2.2634013,-0.7514562,-2.5767024,2.2035522,-1.7871622,-3.0085604,-0.8196549,-1.4433218,0.8919187,-2.159989,-2.399862,-0.83344364,1.756679,10.516416,-0.217216,-4.174693,-2.6426775,-1.760675,1
15.0,15,-0.8652324,0.8991588,-2.1669934,-0.7220304,-2.6088817,2.2626083,-1.7457701,-2.914636,-0.89699197,-1.4158145,0.9147241,-2.1011229,-2.4575894,-0.7480501,1.8129668,10.615292,-0.45137274,-4.1868916,-2.6393943,-1.7323043,1
15.0,15,-0.80254793,0.88393825,-2.244011,-0.7391841,-2.4402535,2.180342,-1.7301263,-2.8899312,-0.96751,-1.4979132,0.9103036,-2.0712168,-2.5339093,-0.83199704,1.8564024,10.668515,-0.3756606,-4.172629,-2.6846375,-1.7913399,1
15.0,15,-0.7969092,0.88496614,-2.2471807,-0.73438984,-2.4354737,2.1890998,-1.7325108,-2.8882658,-0.9706781,-1.4906982,0.9003159,-2.073041,-2.5405622,-0.8267355,1.8592334,10.67635,-0.38754103,-4.1756954,-2.6854622,-1.7966013,1
1.0,1,-0.2811426,12.21734,-0.17830664,3.4924245,-4.9905567,1.814118,2.0719898,-2.9616416,-2.866857,0.5918581,-1.7952948,-1.6458884,-0.46991494,-0.17834318,-2.405333,0.21191749,-1.3352505,-1.4447331,-1.5276364,-1.9821081,1
1.0,1,-0.28024065,12.217388,-0.17824584,3.4924328,-4.9906883,1.8140107,2.071741,-2.9616387,-2.8669596,0.59203404,-1.7947278,-1.6459665,-0.47057152,-0.17882818,-2.4050741,0.21194366,-1.3351604,-1.4451208,-1.5276891,-1.9820096,1
1.0,1,-0.28087568,12.2175455,-0.17872281,3.4922829,-4.9917016,1.8141674,2.0709782,-2.96222,-2.8658514,0.5909483,-1.7942699,-1.6457103,-0.4703656,-0.17911279,-2.403403,0.21224864,-1.3345917,-1.4454777,-1.5273885,-1.9821523,1
1.0,1,-0.27912948,12.217334,-0.17907982,3.492231,-4.994227,1.8135127,2.0690079,-2.9626296,-2.866314,0.58912015,-1.7897487,-1.6439096,-0.47443846,-0.18070908,-2.3989224,0.21524741,-1.3330829,-1.4501427,-1.5273651,-1.9819556,1
1.0,1,-0.27980942,12.217406,-0.17821732,3.4924319,-4.9907646,1.8139313,2.071614,-2.9616303,-2.8670392,0.59211785,-1.7944064,-1.6459649,-0.47093338,-0.17906752,-2.4049094,0.21199441,-1.3350985,-1.445367,-1.5277063,-1.9819528,1
1.0,1,-0.2806732,12.217374,-0.17825101,3.4924154,-4.9905214,1.8140371,2.0719268,-2.9616036,-2.8669431,0.5920843,-1.7951127,-1.6459801,-0.4701712,-0.17857607,-2.4053516,0.21181323,-1.3352487,-1.4448053,-1.5276538,-1.9820385,1
14.0,14,-0.27250832,-2.2619686,-1.7981867,-3.8402307,6.643057,2.2557125,-5.041434,-2.1258733,-1.3697264,-1.5808107,-1.4535345,-0.8183581,-1.8196656,3.6462502,9.814805,0.86826545,-0.65064025,4.1671696,-5.1010876,-4.852983,1
14.0,14,-0.30954906,-2.2451668,-1.7856185,-3.8004074,6.5062327,2.288235,-5.110006,-2.108954,-1.3777304,-1.5270222,-1.4408568,-0.826279,-1.8413012,3.5603583,9.922147,0.9660615,-0.6687408,4.1893744,-5.1289454,-4.81969,1
14.0,14,-0.28475982,-2.368999,-1.7964369,-3.83434,6.5198545,2.1076415,-5.136945,-2.1353543,-1.322429,-1.5443738,-1.3836327,-0.7571419,-1.8367323,3.6508021,9.911711,1.0095946,-0.66366035,4.1384206,-5.0507207,-4.7505713,1
14.0,14,-0.35858127,-2.3236563,-1.764553,-3.7495663,6.178422,2.1494706,-5.2938895,-2.050946,-1.4055963,-1.3763881,-1.363117,-0.77171624,-1.850547,3.3701806,10.218558,1.2505233,-0.6700434,4.1273375,-5.1079264,-4.638575,1
14.0,14,-0.33772814,-2.2329407,-1.7740607,-3.7702518,6.399955,2.3104239,-5.160525,-2.0928693,-1.3876889,-1.4846277,-1.4322735,-0.8326855,-1.8560107,3.4915798,10.004585,1.0436054,-0.6815149,4.2040315,-5.151028,-4.7914796,1
14.0,14,-0.3058793,-2.2472749,-1.787132,-3.8052602,6.5233583,2.284233,-5.1012645,-2.1129658,-1.3755087,-1.534085,-1.44149,-0.82478374,-1.8406156,3.5729406,9.9077015,0.9544457,-0.66730493,4.188465,-5.1255407,-4.823695,1
0.0,0,12.84387,2.4292998,1.3139591,-2.4095376,0.17068928,0.9895812,-2.430561,0.28880382,1.3797189,-0.06552584,-1.9575796,-4.299563,-1.2852708,-1.7222261,-1.7285144,0.5013447,-2.1831865,-2.2892814,-2.7621267,-2.4978385,1
0.0,0,12.8439045,2.4301414,1.3141508,-2.4085462,0.1709418,0.98950016,-2.4302847,0.28780207,1.3795518,-0.0665835,-1.9571197,-4.2994547,-1.2856729,-1.7222798,-1.7282941,0.5016572,-2.18328,-2.289756,-2.7623587,-2.498533,1
0.0,0,12.844399,2.430748,1.3146843,-2.4077067,0.17068765,0.9884144,-2.430425,0.2872528,1.3817494,-0.065300874,-1.9571186,-4.3005643,-1.2853864,-1.7247248,-1.728771,0.49964404,-2.1824877,-2.288522,-2.7618372,-2.4987001,1
0.0,0,12.844774,2.4126582,1.3136995,-2.410869,0.17803873,0.9839362,-2.4336,0.2893643,1.382031,-0.07731962,-1.94543,-4.29449,-1.2854027,-1.7220275,-1.7203854,0.5048798,-2.1837966,-2.295234,-2.7595887,-2.4977448,1
0.0,0,12.843942,2.4297526,1.3142724,-2.4083056,0.17133376,0.9892243,-2.4302826,0.28750807,1.3794286,-0.067514144,-1.9564854,-4.299136,-1.2858062,-1.7221954,-1.7278618,0.5019631,-2.1833508,-2.2901945,-2.762305,-2.498681,1
0.0,0,12.8439045,2.4298413,1.3143616,-2.4089382,0.17087942,0.989382,-2.4303706,0.2881505,1.3793814,-0.06637053,-1.9573013,-4.2994065,-1.285457,-1.7222078,-1.728325,0.5015949,-2.183238,-2.2896278,-2.7621763,-2.4980953,1
3.0,3,-2.279016,6.514238,1.0494765,9.077625,-2.742993,1.1083553,1.0105499,-1.223383,-5.1743746,-0.13339457,-3.7154672,4.200503,-0.8387278,0.45926327,-0.81255674,0.3759712,-1.0513159,-1.5062199,-2.3796427,-3.0137014,1
3.0,3,-2.279071,6.514323,1.0494965,9.07745,-2.742999,1.1083623,1.0106174,-1.2234366,-5.174357,-0.1333149,-3.7155645,4.2004433,-0.83876914,0.45943624,-0.81256676,0.3759545,-1.0513828,-1.5061858,-2.3795996,-3.0137675,1
3.0,3,-2.2791042,6.514504,1.0492314,9.077218,-2.7433012,1.1085849,1.0101415,-1.223616,-5.1743255,-0.13288577,-3.715503,4.2005816,-0.8386976,0.45965475,-0.8122428,0.3760336,-1.0515306,-1.5063226,-2.379493,-3.0137236,1
3.0,3,-2.278894,6.514256,1.0489597,9.07763,-2.7437537,1.1089923,1.0091387,-1.2235236,-5.1743093,-0.1325473,-3.715133,4.2008476,-0.83828187,0.45914447,-0.81160104,0.37622994,-1.0515388,-1.5068401,-2.3795218,-3.0133424,1
3.0,3,-2.2790706,6.5143228,1.0495375,9.077445,-2.7429297,1.1083206,1.0107315,-1.2234374,-5.1743555,-0.13333672,-3.7156107,4.2003794,-0.8388062,0.4594518,-0.8126522,0.37592912,-1.0513805,-1.5061413,-2.379606,-3.0137937,1
3.0,3,-2.27906,6.5143123,1.0495629,9.077493,-2.7428505,1.1082548,1.0108393,-1.2234335,-5.1743603,-0.13340746,-3.7156086,4.2003617,-0.83885056,0.45942694,-0.8127599,0.3759055,-1.0513467,-1.5060797,-2.379627,-3.013806,1
5.0,4,1.0569013,0.84419996,-1.8612337,-0.93344146,11.3002615,7.39967,2.0264578,0.098409146,-2.937718,-1.4930917,-3.5894227,-2.6851597,-1.781116,-2.1146014,1.6649063,-1.1986226,-2.1258495,-0.8935825,-4.657779,-4.8590612,0
5.0,4,1.055362,0.8544457,-1.8659804,-0.9250668,11.27906,7.4557667,1.9207104,0.07183214,-2.913784,-1.4848756,-3.5962615,-2.6743805,-1.8032031,-2.0911515,1.6858912,-1.1590183,-2.1177714,-0.8366473,-4.70298,-4.891756,0
5.0,4,0.9774766,0.9116564,-1.8731263,-0.92713636,11.079183,7.6093597,2.2647853,0.20755887,-2.9454556,-1.5181118,-3.6533237,-2.7701054,-1.6744573,-2.033186,1.5525638,-1.3090885,-2.1484606,-1.077033,-4.595137,-4.800907,0
5.0,4,0.9756758,0.9353155,-1.881869,-0.9022242,11.028545,7.741763,2.0208743,0.14119479,-2.890634,-1.496784,-3.6716669,-2.740982,-1.7209615,-1.9729052,1.600698,-1.2131324,-2.1429253,-0.9517163,-4.699475,-4.8730936,0
5.0,4,1.0523318,0.8644579,-1.869643,-0.9169911,11.258571,7.506132,1.8305086,0.047863133,-2.8933346,-1.4775764,-3.603621,-2.6632528,-1.8230603,-2.0695074,1.703463,-1.1230003,-2.1119297,-0.78699136,-4.7427864,-4.9207034,0
5.0,4,1.0526967,0.8576196,-1.8674623,-0.920379,11.270256,7.4766455,1.8938186,0.06332292,-2.9077175,-1.4834204,-3.6009538,-2.6679442,-1.8090329,-2.0795646,1.690578,-1.1417093,-2.1238005,-0.8249982,-4.715445,-4.899931,0
5.0,5,2.563644,4.6811404,-1.8871444,0.8357652,4.0272126,11.252363,-0.4278727,-0.4392136,-1.8998796,-0.46752018,-5.4741817,-4.867386,-2.1131184,-0.5965668,0.46606147,2.0096948,-3.6861956,-0.50407267,-5.533245,-5.357065,1
5.0,5,2.6178963,4.6584244,-1.8822161,0.83256394,4.033061,11.239292,-0.46749863,-0.45089373,-1.8973734,-0.4877878,-5.472156,-4.8811016,-2.1434915,-0.6154438,0.52260226,2.0659804,-3.7016683,-0.5094168,-5.5421615,-5.3604975,1
5.0,5,2.7675605,4.6609783,-1.8648922,0.8330802,3.9285452,11.221203,-0.5806097,-0.49743274,-1.8173712,-0.44885415,-5.4624767,-4.947272,-2.156197,-0.6236765,0.5304154,2.110537,-3.6974266,-0.4870262,-5.5446568,-5.3545303,1
5.0,5,3.0093036,4.596767,-1.8446051,0.8165488,3.965271,11.111842,-0.7697494,-0.60940635,-1.8069931,-0.51192075,-5.4311376,-5.012831,-2.296874,-0.6938876,0.77036494,2.3740416,-3.7607133,-0.48834354,-5.5855594,-5.3883853,1
5.0,5,2.6514213,4.646618,-1.8792408,0.8310914,4.0372086,11.229125,-0.49255356,-0.4599401,-1.8967863,-0.50020874,-5.4703097,-4.889459,-2.1635172,-0.6269454,0.5575797,2.1024196,-3.7115192,-0.51170367,-5.548341,-5.363513,1
5.0,5,2.5965586,4.668187,-1.8839685,0.83421487,4.030569,11.244257,-0.45100597,-0.4461787,-1.8989795,-0.48004243,-5.4731245,-4.8756547,-2.131742,-0.6078578,0.49964607,2.0440092,-3.6959066,-0.50761855,-5.538771,-5.359041,1
2.0,9,0.4122737,-0.046082497,3.4811335,-2.0596151,-0.3351191,-3.2530003,-2.1948311,-0.32486287,-0.8576908,11.864643,-2.15562,-2.0741646,1.5848339,-0.9305176,-0.8365628,-3.5615246,0.42758256,0.65477526,-0.35740516,3.2979646,0
2.0,9,0.40975213,-0.048546202,3.4595628,-2.0671713,-0.33367595,-3.2496142,-2.1906075,-0.32959896,-0.8574004,11.871646,-2.1553829,-2.0712392,1.5828942,-0.92689264,-0.8344433,-3.5578415,0.42792827,0.64469606,-0.3463172,3.3097425,0
2.0,9,0.4115715,-0.0461177,3.467045,-2.0541441,-0.34377712,-3.2497294,-2.1952467,-0.32668573,-0.8485363,11.864412,-2.1507566,-2.0767753,1.5859023,-0.9268113,-0.8559952,-3.5608044,0.43060428,0.6416716,-0.35060367,3.337598,0
2.0,9,0.43394578,-0.041239716,3.5730736,-2.0364966,-0.36886775,-3.2141871,-2.2194424,-0.27313924,-0.8290025,11.853081,-2.163184,-2.1179345,1.5836977,-0.91380864,-0.87651515,-3.5786335,0.40846378,0.6742707,-0.43365604,3.244056,0
2.0,9,0.41227037,-0.04950449,3.4652321,-2.0680153,-0.33773732,-3.2408566,-2.1927326,-0.32221985,-0.85329896,11.873508,-2.1572258,-2.0771334,1.5810113,-0.92265016,-0.83792305,-3.5587893,0.42450234,0.6440746,-0.3542805,3.3026462,0
2.0,9,0.4113751,-0.048331648,3.4660366,-2.06586,-0.3348545,-3.2477417,-2.1923661,-0.3255336,-0.8563082,11.870225,-2.1561217,-2.0739758,1.5830965,-0.92701507,-0.83539885,-3.5590465,0.42671183,0.6474243,-0.35211816,3.3042452,0
17.0,16,-4.6764107,2.0767696,-3.494646,-2.908162,-4.0381756,-0.7003248,6.276984,0.690657,-2.3344288,1.2157642,1.6082348,-0.61520237,-1.2814068,-0.19056898,0.90477496,-3.2051182,6.43249,1.0786833,-0.25135177,-1.6077639,0
17.0,16,-4.5759497,1.9519932,-3.4072845,-2.9644115,-3.8983612,-0.7744359,5.816384,0.57398343,-2.154909,1.4145328,2.029462,-0.5656893,-1.5325218,-0.47793257,1.3786663,-3.2728806,6.3446865,1.5247748,-0.56277084,-1.7212253,0
17.0,14,-2.054686,0.34940535,-2.4660287,-3.6563008,-1.6941003,-1.1578277,1.7664367,-1.0117913,-1.4986964,2.5943189,2.362341,-1.1509414,-1.9982508,0.4163863,7.8315763,-1.2480447,2.5195801,-1.4233972,-2.1540349,-2.1244924,0
17.0,14,-2.0095477,0.44766283,-2.493215,-3.7140608,-1.4695158,-1.2183999,1.7306085,-1.083913,-1.5287151,2.7903364,2.431514,-1.2579817,-2.2301822,0.36486384,7.735398,-1.3995346,2.6672852,-1.042449,-2.240499,-2.129299,0
17.0,16,-4.4363346,1.7882762,-3.2974813,-3.0532389,-3.6981392,-0.91263616,5.2768826,0.3615428,-1.964052,1.6714896,2.4786823,-0.4509312,-1.7621118,-0.7424911,2.0047286,-3.3133457,6.1758504,1.9088955,-0.89855206,-1.8563372,0
17.0,16,-4.6060877,1.9878931,-3.4353209,-2.9411132,-3.9126663,-0.7236661,5.939759,0.65354276,-2.2130678,1.3219409,1.9250934,-0.60384005,-1.5373456,-0.4363194,1.205939,-3.2622097,6.4121423,1.5324831,-0.5154208,-1.7117089,0
18.0,18,-1.7279841,-2.5580528,-1.4856223,-3.3935742,-0.65677994,-3.327836,-0.39456978,-3.7515824,1.0147026,1.7748666,-0.5857637,0.07399538,2.7085698,2.1918054,0.58238965,-2.1926606,2.2894657,-3.6623874,12.452193,2.3532631,1
18.0,18,-1.7717493,-2.5423837,-1.4369426,-3.359086,-0.7129251,-3.3427737,-0.25327373,-3.7457314,1.0074487,1.7430363,-0.54442877,0.065092474,2.6319942,2.111691,0.53370154,-2.1976876,2.296153,-3.652201,12.499342,2.451523,1
18.0,18,-1.7202165,-2.6196237,-1.3295016,-3.270814,-0.50277525,-3.6222029,-0.47295794,-3.8567884,1.1433161,2.373686,-0.462843,0.20659606,2.5929399,1.6617665,0.4181881,-2.214197,2.178564,-3.4430091,12.567513,2.4648933,1
18.0,18,-2.0257978,-2.692561,-0.9891135,-3.280962,-0.5062139,-3.965871,-0.15654922,-4.182833,1.2069067,3.5248091,-0.22960779,0.14964241,2.3303554,1.4007459,0.19359569,-2.289658,1.8170546,-3.1519349,12.501222,3.02406,1
18.0,18,-1.8268336,-2.5382848,-1.3738538,-3.3321884,-0.7574058,-3.3763611,-0.11003498,-3.7633927,1.0054958,1.7808279,-0.49777934,0.05100292,2.5598145,2.033998,0.47657692,-2.2074134,2.2733035,-3.6309505,12.542358,2.5731134,1
18.0,18,-1.7747145,-2.5463476,-1.4371443,-3.3651574,-0.7100225,-3.345733,-0.2578231,-3.7523572,1.0068176,1.7600417,-0.5460292,0.063146606,2.6383915,2.1257524,0.5341558,-2.1982117,2.2876508,-3.6517053,12.495016,2.4556856,1
10.0,10,-0.964096,-4.158397,-2.1971686,-0.16742574,-1.8639432,-0.27758527,-2.8986907,-1.2483007,1.5640639,-2.465764,10.797472,2.0969691,-2.5470457,-0.8493379,3.8419523,0.8398414,-0.8169294,-0.76236284,-2.6038885,-0.27466488,1
10.0,10,-0.9717927,-4.1544576,-2.2007723,-0.17411716,-1.8594383,-0.30585164,-2.895061,-1.2701195,1.57739,-2.4568684,10.815538,2.0827029,-2.552795,-0.85284805,3.8269372,0.84842604,-0.81299865,-0.7400992,-2.6046672,-0.26666325,1
10.0,10,-1.0018564,-4.1428137,-2.2047803,-0.16743901,-1.8891999,-0.38913167,-2.876018,-1.2980574,1.5975472,-2.4312425,10.858999,2.0800893,-2.5446386,-0.8697801,3.7917829,0.82909256,-0.76219875,-0.7294295,-2.5715158,-0.23276651,1
10.0,10,-1.0250452,-4.1341453,-2.2145743,-0.17537934,-1.8822026,-0.45104602,-2.8666832,-1.3429307,1.6203562,-2.4120429,10.90601,2.0777094,-2.5570145,-0.87863076,3.7517338,0.8167517,-0.7256592,-0.67700446,-2.5611029,-0.21914002,1
10.0,10,-0.97610664,-4.1519585,-2.2027779,-0.17785679,-1.8567978,-0.3217921,-2.8932135,-1.2828655,1.5848625,-2.4519734,10.826088,2.0752616,-2.5564752,-0.85468554,3.818246,0.8524904,-0.8099048,-0.72650725,-2.6052008,-0.26263234,1
10.0,10,-0.96984696,-4.1552205,-2.20002,-0.1723692,-1.8602598,-0.29914072,-2.8961165,-1.2654061,1.574078,-2.459045,10.811756,2.0872583,-2.5517638,-0.8518455,3.8302298,0.8450062,-0.8127171,-0.74490786,-2.6041129,-0.26900923,1
4.0,4,0.9141332,-1.2338045,-2.2436295,-2.8166056,10.942921,5.326596,-0.5655398,1.8367703,-5.1156683,0.41756052,-5.027986,-0.1266758,-1.407675,0.45492363,3.2435887,1.5814787,-3.41463,2.3325,-5.1326804,-6.669039,1
4.0,4,0.8839435,-1.161619,-2.2353332,-2.7891548,10.922681,5.350946,-0.6134076,1.6960808,-5.0685306,0.47892484,-4.965728,-0.17422965,-1.5171869,0.43116152,3.1895428,1.6052035,-3.3747933,2.5812933,-5.222549,-6.6929965,1
4.0,4,1.0201316,-1.3620524,-2.2784824,-2.96121,10.921043,4.949487,-0.54623234,1.9356568,-5.291734,0.514271,-5.1139426,-0.16981503,-1.0633858,0.56689954,3.3157682,1.4596124,-3.3036447,2.0590277,-4.7554793,-6.581397,1
4.0,4,0.8894445,-1.0888186,-2.204148,-2.8519988,10.850102,4.9886246,-0.75332016,1.3758317,-5.061322,0.82577956,-4.806767,-0.43294555,-1.5687947,0.3775916,3.0644705,1.5899694,-3.1656537,3.2768388,-5.205492,-6.668754,1
4.0,4,0.86374974,-1.1111186,-2.2244647,-2.7699485,10.907991,5.362314,-0.6481032,1.5925778,-5.0320935,0.5325835,-4.919634,-0.2207186,-1.5967299,0.4071245,3.1507034,1.6274071,-3.348069,2.7668197,-5.2904553,-6.7072954,1
4.0,4,0.88627076,-1.1670275,-2.2336886,-2.7914267,10.924466,5.34688,-0.61079127,1.703325,-5.0704694,0.47848544,-4.9695106,-0.17622589,-1.511663,0.4305345,3.196316,1.6074953,-3.3801064,2.5686562,-5.21975,-6.6912236,1
7.0,15,-2.3915393,-1.3422978,-2.273779,-1.2785859,1.600804,7.108367,-1.835388,0.6578896,-1.2835109,-6.398568,0.40805075,0.96556777,-2.9714522,2.2290034,3.3167279,8.033301,-2.5012248,-0.8413015,-6.684724,-6.335268,0
7.0,15,-2.42863,-1.3252618,-2.2480452,-1.2764307,1.5997034,7.103663,-1.7599336,0.7441623,-1.3460476,-6.4192357,0.35304773,0.94142145,-2.9940338,2.180809,3.3294003,8.11156,-2.5690265,-0.7398727,-6.726944,-6.333968,0
7.0,15,-2.6810064,-0.5410192,-2.384717,-1.0776521,1.2097329,8.148465,-0.21698105,2.0807323,-2.2693806,-6.2466455,-1.614116,0.09849776,-3.1458101,1.8431401,3.0485294,8.765641,-2.7196853,-1.5411478,-6.5945845,-5.7930517,0
7.0,15,-2.537486,-0.56445384,-2.4417114,-1.0750965,1.3022434,8.190037,-0.43137178,1.789544,-2.1555,-6.1894417,-1.5685171,0.18395391,-3.0639594,2.0227783,3.0619037,8.618672,-2.5678866,-1.9608703,-6.516361,-5.763404,0
7.0,15,-2.485493,-1.2969232,-2.2034173,-1.2715027,1.6051371,7.1010437,-1.6316967,0.89853585,-1.4548286,-6.456673,0.24702406,0.8972289,-3.0289779,2.098139,3.3563423,8.239917,-2.6858017,-0.57569903,-6.7964926,-6.3341246,0
7.0,15,-2.4147165,-1.3346808,-2.259058,-1.2792718,1.5932038,7.09796,-1.7940431,0.7042233,-1.3150991,-6.4084883,0.39071792,0.95088893,-2.9892714,2.199995,3.3224099,8.083482,-2.5415287,-0.7755083,-6.7123995,-6.3297687,0
13.0,13,-2.3401177,1.2951355,-0.6940732,-3.4642284,-0.29095617,-0.18521848,-2.7117636,-1.7688974,-2.968198,1.3122232,-3.0504797,0.18478926,0.5695433,12.489336,0.48511058,0.55074656,-1.5222743,0.487885,-2.8243225,1.1365473,1
13.0,13,-2.3403974,1.2951248,-0.6941157,-3.4650803,-0.29164857,-0.18459147,-2.7125175,-1.7691424,-2.9665241,1.3122563,-3.049971,0.18563159,0.5688859,12.49047,0.48537797,0.5505385,-1.5223457,0.48661238,-2.82432,1.13453,1
13.0,13,-2.3385322,1.292706,-0.6934245,-3.4608269,-0.29323596,-0.18757418,-2.710986,-1.7673334,-2.9604158,1.309633,-3.0427752,0.18132532,0.57196575,12.484925,0.4741634,0.5488646,-1.5266201,0.4866001,-2.8294053,1.1586627,1
13.0,13,-2.3446124,1.2938619,-0.69796616,-3.4700313,-0.2912262,-0.1925276,-2.7113197,-1.7638135,-2.9591866,1.3402697,-3.0361814,0.18087243,0.570474,12.476944,0.4743392,0.5400581,-1.5311043,0.47853047,-2.8327997,1.1719555,1
13.0,13,-2.3410313,1.2951448,-0.6944708,-3.4661973,-0.29191232,-0.18465193,-2.7129724,-1.7690355,-2.9652786,1.3145361,-3.0489843,0.18606237,0.5682691,12.490422,0.485377,0.5497714,-1.5228161,0.48527455,-2.8246555,1.1348648,1
13.0,13,-2.3401322,1.2951927,-0.6937155,-3.4645424,-0.29193535,-0.18444031,-2.712441,-1.7692399,-2.966758,1.3109905,-3.0503788,0.1854095,0.5689371,12.490707,0.48528332,0.5510686,-1.5220797,0.48724484,-2.8242557,1.1340615,1
3.0,3,-0.35847425,1.3837519,0.68790233,11.94764,-0.53669286,0.027117964,-0.5640848,-0.1769189,-2.7405381,-1.6524067,-2.0803943,3.0893695,-0.014495179,-2.5919921,-2.0640714,0.37144977,0.12830809,-0.61098874,-3.193679,-2.059075,1
3.0,3,-0.36078346,1.3822644,0.6875394,11.943897,-0.5304798,0.023774765,-0.5623985,-0.17628749,-2.7463758,-1.6472243,-2.0806015,3.1135602,-0.015333988,-2.590576,-2.067958,0.36717856,0.12766285,-0.6150432,-3.1884696,-2.0589797,1
3.0,3,-0.3648487,1.3824759,0.68556124,11.937171,-0.5199532,0.018779408,-0.5615431,-0.18034402,-2.7517285,-1.6362169,-2.085695,3.1466093,-0.01626572,-2.5832508,-2.0735404,0.36019087,0.123157725,-0.61458564,-3.1811068,-2.0600517,1
3.0,3,-0.3281114,1.3872137,0.65971684,11.959396,-0.56915855,0.042064432,-0.5686526,-0.19088638,-2.700153,-1.6513219,-2.0459607,3.0338109,-0.020044334,-2.6344357,-2.066646,0.4069361,0.1274649,-0.6640801,-3.1995444,-2.045894,1
3.0,3,-0.3427435,1.3789406,0.67161083,11.953279,-0.5524932,0.033118993,-0.5643486,-0.17604068,-2.7263439,-1.6536694,-2.053774,3.0817225,-0.019704454,-2.622653,-2.0654743,0.39080215,0.1324361,-0.6534132,-3.1927028,-2.0498338,1
3.0,3,-0.3545344,1.3830016,0.6845289,11.948936,-0.5404818,0.028513283,-0.56430495,-0.17699176,-2.7370768,-1.6523209,-2.0741029,3.087294,-0.015571862,-2.5992134,-2.0648758,0.37581152,0.129056,-0.6210138,-3.1933985,-2.0568407,1
4.0,4,0.76419574,-1.6794245,-2.5236554,-2.065912,13.920872,1.861828,4.2901187,0.83590746,-4.1240644,-1.840915,-2.2260544,-0.91485363,-3.1213691,-3.9352796,1.4063836,-0.38183463,-0.95804346,0.8776024,-3.4949021,-3.9700243,1
4.0,4,0.7882695,-1.7307756,-2.5307207,-2.0803485,13.97046,1.7305299,4.14374,0.74845743,-4.091694,-1.8312808,-2.1530952,-0.87119365,-3.103478,-3.9243488,1.4389724,-0.3580225,-0.9387239,0.9970164,-3.4702938,-3.963161,1
4.0,4,0.80469155,-1.6535101,-2.5390077,-2.0608315,13.913544,1.9461532,4.176771,0.7273679,-4.068662,-1.859361,-2.199212,-0.9355341,-3.0637298,-3.8718476,1.4290568,-0.44612306,-0.9365716,0.8808337,-3.4889507,-3.9822176,1
4.0,4,0.842595,-1.7462401,-2.5481198,-2.0995772,13.991165,1.6510484,3.9416215,0.5682138,-4.0090866,-1.8362194,-2.0503628,-0.85584587,-3.0242102,-3.876944,1.4768212,-0.42678624,-0.8594325,1.1178101,-3.4365063,-3.966437,1
4.0,4,0.8051779,-1.7670712,-2.5373974,-2.092135,14.004082,1.6261268,4.040805,0.68111706,-4.066764,-1.8232052,-2.095852,-0.83823586,-3.0876846,-3.918441,1.4595913,-0.3467819,-0.91708446,1.0887055,-3.4497495,-3.957497,1
4.0,4,0.7891319,-1.7327504,-2.530642,-2.080799,13.972512,1.7249587,4.1379433,0.74450743,-4.090286,-1.830849,-2.149947,-0.86934114,-3.1026735,-3.9236262,1.440319,-0.3575567,-0.93801683,1.0020604,-3.4691973,-3.962735,1
13.0,13,-2.0349274,2.574832,-1.7435273,-3.1129622,-1.2210557,5.3276806,-2.5497384,-1.4096594,-0.10777531,0.05202058,-4.207713,-4.375532,4.329631,11.015553,0.9279992,-0.19103503,-3.4680772,-0.8583227,-4.1266637,-3.5749896,1
13.0,13,-2.0292468,2.5740607,-1.7376937,-3.1155896,-1.2195675,5.329665,-2.5574467,-1.4141344,-0.11513189,0.052826867,-4.206138,-4.3628564,4.292072,11.03335,0.9349205,-0.17839406,-3.4715173,-0.85350037,-4.1240277,-3.5786247,1
13.0,13,-2.0291944,2.5419333,-1.737029,-3.1520972,-1.2338765,5.197106,-2.6632288,-1.6606156,0.12626866,0.24847913,-4.1287155,-4.387967,4.4652934,11.065675,0.8041844,-0.26453614,-3.47451,-0.8353655,-3.987473,-3.5680752,1
13.0,13,-2.133647,2.5853784,-1.8971676,-2.8420393,-1.4947258,5.5502896,-2.2417502,-1.1662687,0.34000415,0.18679523,-4.288092,-4.8924146,5.717569,9.835633,0.57933325,-0.5087198,-3.5934675,-1.0354083,-4.287302,-3.2922904,1
13.0,13,-2.0449734,2.5855985,-1.7669464,-3.0791667,-1.253964,5.396131,-2.49829,-1.3440794,-0.09273172,0.06938474,-4.230443,-4.455363,4.464803,10.874946,0.89896303,-0.2094097,-3.507858,-0.8842903,-4.1717415,-3.5336018,1
13.0,13,-2.034495,2.5784032,-1.7466494,-3.1070042,-1.2267233,5.346708,-2.540465,-1.3952221,-0.11283744,0.054340467,-4.212789,-4.3859386,4.332932,10.995423,0.9276995,-0.18562357,-3.4785867,-0.86135215,-4.1374145,-3.5681102,1
3.0,3,-0.47368878,2.9071481,0.18357319,11.955739,-0.40614998,0.4004887,0.23459795,-0.2919868,-3.7864523,-2.5658085,-1.5592748,0.59621376,-0.7109263,-3.2805743,-0.18648899,0.08919434,0.9822069,-0.06634728,-3.9651568,-2.5388052,1
3.0,3,-0.4730469,2.903054,0.18288551,11.957028,-0.4062226,0.4001645,0.23143363,-0.291814,-3.7845297,-2.5663335,-1.5549628,0.59796584,-0.7108383,-3.2819743,-0.1869236,0.089885205,0.9827569,-0.067669444,-3.9651647,-2.5374014,1
3.0,3,-0.47282958,2.9014075,0.18156904,11.958046,-0.40683848,0.40004835,0.22967532,-0.29187784,-3.7834957,-2.565878,-1.5521785,0.59955263,-0.71104735,-3.2827723,-0.18764219,0.08985172,0.9832532,-0.06835971,-3.9649045,-2.5364444,1
3.0,3,-0.47167256,2.8938007,0.17931174,11.960796,-0.40759087,0.3996069,0.2233308,-0.29170027,-3.7796729,-2.5663593,-1.5432514,0.60354155,-0.711159,-3.2854383,-0.18870008,0.0911013,0.9843901,-0.07113657,-3.9648173,-2.5335634,1
3.0,3,-0.47250226,2.899687,0.18233734,11.958098,-0.40628964,0.3999065,0.22882655,-0.29169878,-3.7829247,-2.566784,-1.5513946,0.5994248,-0.7107749,-3.2831116,-0.18732135,0.09050559,0.9831795,-0.06879441,-3.965194,-2.5362527,1
3.0,3,-0.47307438,2.9033585,0.18297543,11.956933,-0.4061895,0.400179,0.23168275,-0.29182485,-3.7846498,-2.5663054,-1.5552982,0.5978053,-0.7108395,-3.2818594,-0.18695948,0.08984045,0.98268646,-0.067556195,-3.9651859,-2.5375066,1
4.0,7,3.2031286,-0.30678236,-2.5715191,0.18479806,-0.060784988,5.343715,2.6008196,11.1045475,-3.8849208,-2.4325726,-2.169126,-3.5665095,-1.4310907,-3.0001578,-1.3853654,0.21834816,-0.49095917,-2.4896286,-5.714425,-1.2281033,0
4.0,7,3.2739675,-0.33690172,-2.5576453,0.1787428,-0.047999047,5.3246284,2.5440645,11.084566,-3.8366861,-2.4707716,-2.1431205,-3.6030376,-1.4247024,-3.0059822,-1.3334594,0.26326102,-0.5599726,-2.4917686,-5.74733,-1.2393425,0
4.0,7,3.418421,-0.26679036,-2.4733121,0.12129674,-0.14000994,5.262735,2.4754097,11.083005,-3.659506,-2.4554946,-2.174489,-3.765234,-1.391779,-2.9922795,-1.3432187,0.3766799,-0.84018695,-2.4026978,-5.812773,-1.1859645,0
4.0,7,3.5094316,-0.35396916,-2.4625857,0.107645296,-0.09017717,5.1853843,2.4020958,11.06503,-3.5751946,-2.5108836,-2.0816488,-3.7936118,-1.4111888,-3.0204258,-1.2871519,0.45771098,-0.9444254,-2.4000049,-5.8595986,-1.1973848,0
4.0,7,3.345143,-0.36084396,-2.5412843,0.17312622,-0.040042393,5.310235,2.4820542,11.059162,-3.7873816,-2.504777,-2.1139352,-3.6399696,-1.4204117,-3.0128958,-1.2808572,0.3064552,-0.6266549,-2.4945147,-5.780099,-1.2515514,0
4.0,7,3.2562683,-0.3426593,-2.5642574,0.17967121,-0.04063622,5.3177333,2.5607915,11.094213,-3.8470387,-2.4672086,-2.1391497,-3.589449,-1.4298656,-3.00797,-1.3474126,0.25632173,-0.54556435,-2.4897714,-5.741495,-1.2362093,0
5.0,5,-0.24919817,0.2095254,-1.7949959,-1.0795342,5.7915335,11.3383465,0.18979807,2.4368432,-3.2871573,-0.3105146,-5.133139,-1.0154046,-0.0005270317,0.18745482,1.5677476,1.3418988,-3.544492,-2.449217,-4.714711,-4.8871336,1
5.0,5,-0.24417344,0.25474864,-1.7888209,-1.0760418,5.837462,11.337517,0.1733143,2.3077228,-3.2710369,-0.26850012,-5.119029,-1.0544682,-0.08878203,0.19453439,1.5665711,1.39849,-3.5355291,-2.3803146,-4.762376,-4.9270234,1
5.0,5,-0.14721355,0.112057164,-1.7861537,-1.1908443,6.0780916,11.088293,0.19443597,2.3687477,-3.3345952,-0.08211989,-5.2289658,-1.0676546,0.11894088,0.13015717,1.5941145,1.3282367,-3.5840538,-2.4918158,-4.631793,-4.9467897,1
5.0,5,-0.1305394,0.2715009,-1.774096,-1.1905597,6.3262477,11.051009,0.15210114,1.8850185,-3.2936537,0.06222351,-5.162812,-1.239662,-0.28548858,0.1388485,1.5772166,1.6068833,-3.5739539,-2.145424,-4.856524,-5.1202545,1
5.0,5,-0.24118097,0.2862313,-1.7852234,-1.0727159,5.8681455,11.338421,0.16314028,2.2204618,-3.2596695,-0.24263681,-5.107437,-1.0806503,-0.15122,0.19900692,1.5632641,1.4369199,-3.529098,-2.3300946,-4.796334,-4.95334,1
5.0,5,-0.24479954,0.24800971,-1.7895268,-1.0767931,5.830529,11.337403,0.17525975,2.3255134,-3.273104,-0.27380317,-5.121717,-1.0493883,-0.07520416,0.19381508,1.5680424,1.3908983,-3.536622,-2.392844,-4.754712,-4.921018,1
15.0,4,-1.9054751,0.62416464,-2.7422726,-1.3591574,7.2702312,6.0126424,4.8116417,0.3681725,-6.0376444,-3.8034594,-3.8418446,0.67351943,-3.9509375,2.5444257,1.8499882,5.734206,-3.56189,-2.833886,-4.309505,-5.7451315,0
15.0,4,-1.8774749,0.64701957,-2.7287972,-1.3419158,7.1921043,6.0660143,4.667285,0.34261313,-5.9822807,-3.8151922,-3.8607912,0.6745842,-3.9493413,2.5573869,1.8121701,5.871024,-3.5782495,-2.7790008,-4.3720512,-5.808234,0
15.0,15,-1.9123559,0.65821874,-2.7241936,-1.3301125,6.456394,5.638706,4.6049814,0.27740493,-5.9277062,-3.9424307,-3.888493,0.69101626,-3.923878,2.7986848,1.666144,6.706931,-3.6153274,-3.011563,-4.2402616,-5.426545,1
15.0,15,-1.888859,0.5345715,-2.608475,-1.3551722,6.0180817,5.418612,4.058166,0.330901,-5.746561,-4.1588416,-3.8797057,0.6797614,-3.957224,2.955309,1.8178575,7.585799,-3.7927427,-2.7884622,-4.6086807,-5.5076838,1
15.0,4,-1.8528308,0.6224203,-2.7005076,-1.3399403,7.1184015,6.047103,4.5093465,0.3489471,-5.932216,-3.8699212,-3.8789797,0.6703299,-3.9672778,2.5797474,1.8341055,6.108096,-3.6319292,-2.709542,-4.485969,-5.8622737,0
15.0,4,-1.877974,0.61830634,-2.7210603,-1.3499658,7.1935396,6.0268583,4.6531477,0.36232972,-5.9846916,-3.8425424,-3.862215,0.6702751,-3.9632232,2.5600688,1.8512189,5.9411325,-3.6014965,-2.7702982,-4.4077444,-5.8062534,0
1.0,1,1.6527323,12.042777,0.099051274,2.3150828,-3.564026,2.8543043,1.5113934,-2.6461434,-3.274385,3.2257671,-2.984511,-3.2859669,-1.3953487,1.0067861,-3.715394,-0.36367172,-1.8734577,-0.26254994,-2.6062133,-2.2510793,1
1.0,1,1.6863589,12.046093,0.10388733,2.3219595,-3.5631084,2.860708,1.5024348,-2.6494067,-3.2667115,3.2201607,-2.983554,-3.2958775,-1.4083511,0.9851379,-3.707862,-0.35862064,-1.876477,-0.2680659,-2.611426,-2.2552485,1
1.0,1,1.7376201,12.049722,0.11027943,2.3335102,-3.562255,2.8671758,1.4836646,-2.6551442,-3.245211,3.226626,-2.9885314,-3.3124979,-1.4166594,0.9554035,-3.7083774,-0.36451536,-1.8768635,-0.26403952,-2.6166897,-2.261392,1
1.0,1,1.924653,12.061993,0.14019024,2.3582487,-3.5598261,2.9115586,1.4235209,-2.6715205,-3.2011616,3.1986282,-2.970913,-3.3754168,-1.4946538,0.85311115,-3.6599271,-0.33268815,-1.902009,-0.30764842,-2.651982,-2.2825785,1
1.0,1,1.7029812,12.047734,0.10619498,2.325499,-3.5624435,2.863369,1.4983193,-2.6510074,-3.2631662,3.2172945,-2.9830317,-3.3005404,-1.4148856,0.9741077,-3.7042606,-0.35612404,-1.8778374,-0.27048573,-2.6138396,-2.256986,1
1.0,1,1.6735144,12.044948,0.10191638,2.3195896,-3.5633073,2.857644,1.5062648,-2.648184,-3.2699234,3.222097,-2.9838789,-3.291743,-1.4034802,0.9928903,-3.7107656,-0.36050248,-1.8751078,-0.26581135,-2.6091924,-2.2534065,1
15.0,15,-1.7496663,-1.3212326,-1.9777112,-1.1774544,-0.57729024,-0.03464152,-0.20970681,-1.5868614,-0.90243155,-3.8953087,-0.8703663,-2.135806,-2.7969234,0.5351903,4.7522635,12.139961,-2.2138464,-2.9776027,-3.0835168,-0.4900323,1
15.0,15,-1.7408977,-1.3386714,-1.9733918,-1.1675743,-0.56066465,-0.049911037,-0.21880123,-1.5884446,-0.8901094,-3.9020047,-0.84930277,-2.1321087,-2.7937927,0.52402735,4.727812,12.142885,-2.2266316,-2.9639387,-3.0880702,-0.4827146,1
15.0,15,-1.7511171,-1.3097014,-1.9814678,-1.1566,-0.5719522,-0.073540434,-0.18706068,-1.6045617,-0.85162693,-3.8748736,-0.8446342,-2.1343613,-2.7947094,0.5353285,4.574592,12.1447315,-2.2241974,-2.9398124,-3.090472,-0.4236471,1
15.0,15,-1.7314097,-1.3639426,-1.9763964,-1.1244837,-0.5145041,-0.12881644,-0.21003488,-1.6107529,-0.8016669,-3.8869224,-0.7771081,-2.1112683,-2.7859893,0.5176222,4.464293,12.155482,-2.2737243,-2.8900073,-3.110347,-0.40056196,1
15.0,15,-1.73365,-1.355402,-1.97061,-1.158244,-0.5435392,-0.064715795,-0.22697178,-1.5893581,-0.8790425,-3.9069905,-0.8301797,-2.1264002,-2.7911978,0.5157637,4.703107,12.146535,-2.2399004,-2.9508843,-3.0931377,-0.47726172,1
15.0,15,-1.7392541,-1.3457654,-1.9736485,-1.1630551,-0.5515084,-0.058352523,-0.22087398,-1.5876664,-0.8866608,-3.9011369,-0.84210247,-2.1262562,-2.7931352,0.5235471,4.711872,12.146154,-2.2340138,-2.9576726,-3.0916102,-0.48095867,1
18.0,18,-1.7608346,-1.6291575,-1.4610391,-2.7281017,-1.8697317,-2.1620994,-0.9072852,-3.8299172,5.331148,0.18334444,0.14184012,-1.083732,1.5131003,-0.6253999,-0.42709345,-2.10373,3.5044966,-2.6889265,11.34329,-0.36557156,1
18.0,18,-1.7608172,-1.633529,-1.4652414,-2.7306716,-1.8632215,-2.1626334,-0.90213144,-3.8291667,5.3157487,0.18184502,0.14028819,-1.07866,1.5138981,-0.615912,-0.42333114,-2.101024,3.5003269,-2.6933565,11.349244,-0.36310372,1
18.0,18,-1.771962,-1.6435881,-1.4918128,-2.7352686,-1.868037,-2.16374,-0.9138204,-3.875085,5.3628488,0.2301933,0.1480704,-1.0659522,1.5648509,-0.5901474,-0.43200904,-2.102524,3.4281945,-2.6948066,11.365885,-0.360067,1
18.0,18,-1.7575411,-1.5974646,-1.4907871,-2.7157602,-1.922486,-2.1681015,-0.9299519,-3.8466558,5.3928046,0.24476257,0.13860144,-1.1046513,1.6101708,-0.67814445,-0.45137155,-2.1330965,3.4843304,-2.672064,11.352667,-0.3746658,1
18.0,18,-1.7587591,-1.6349311,-1.4733387,-2.731849,-1.8634194,-2.1671922,-0.90574914,-3.832142,5.308659,0.19172746,0.13881074,-1.0749594,1.5316963,-0.6115669,-0.4207887,-2.1026134,3.4906504,-2.695266,11.359459,-0.3594393,1
18.0,18,-1.7600316,-1.6322508,-1.4643228,-2.7297187,-1.8653383,-2.1633415,-0.90449333,-3.8285918,5.318188,0.18223685,0.14059773,-1.0795089,1.5144845,-0.6191981,-0.42380923,-2.1020515,3.502831,-2.6921685,11.348682,-0.36263654,1
18.0,18,-2.1873097,-1.1834879,-1.9341935,-2.1872265,-2.212632,-1.706453,2.1227446,-2.436506,2.7243493,-0.82831454,-0.0672357,-0.26432872,1.3839072,-1.7944455,-0.24975,-1.677499,3.001587,-3.7096353,12.256723,0.7999061,1
18.0,18,-2.1858957,-1.1847878,-1.9317061,-2.1857207,-2.2123542,-1.7115678,2.124059,-2.4327176,2.7113953,-0.8309205,-0.0674739,-0.26152182,1.3822997,-1.7934608,-0.24668323,-1.676928,3.0073726,-3.711555,12.260178,0.80919474,1
18.0,18,-2.1952803,-1.1841311,-1.9389011,-2.1861174,-2.238018,-1.731807,2.1224315,-2.4531841,2.706355,-0.80247134,-0.058023967,-0.24341755,1.4210402,-1.7745972,-0.24394354,-1.6786164,2.9818885,-3.7279253,12.2848015,0.8507797,1
18.0,18,-2.1893654,-1.1767128,-1.9550962,-2.1966674,-2.2198665,-1.6950107,2.1000137,-2.4595983,2.7636502,-0.7973438,-0.067873284,-0.26732197,1.4152488,-1.78597,-0.2550977,-1.6799197,2.9729798,-3.707879,12.253863,0.76673555,1
18.0,18,-2.1847215,-1.1845822,-1.9351037,-2.1860566,-2.2148674,-1.7150009,2.1225715,-2.4325292,2.702958,-0.8261633,-0.067955956,-0.25808465,1.3907658,-1.790293,-0.24443687,-1.6772397,3.0053384,-3.7148829,12.265007,0.8145329,1
18.0,18,-2.1861267,-1.1845529,-1.9326878,-2.1863635,-2.2122025,-1.7095382,2.1222527,-2.4345202,2.7175984,-0.82982475,-0.067174196,-0.26257297,1.3820243,-1.793921,-0.24800272,-1.677005,3.005585,-3.7103276,12.25872,0.8052273,1
6.0,6,-2.8718011,0.7849624,-1.3030758,-0.7200917,1.7371945,1.4012325,12.975428,3.877265,-3.953473,-3.1477141,-1.5473907,-1.6438463,-1.8413284,-3.838617,-1.7770745,-0.08927456,-0.11593847,-1.9750185,-1.7469397,-0.88501585,1
6.0,6,-2.881285,0.7880526,-1.303464,-0.7107532,1.6893405,1.4142901,12.961985,3.9463446,-3.9532022,-3.1643398,-1.5456789,-1.654673,-1.836914,-3.8459373,-1.7438825,-0.10533093,-0.11719218,-1.9519682,-1.8023294,-0.8809486,1
6.0,6,-2.833985,0.9007965,-1.1904508,-0.61799216,1.5030335,1.4753698,12.9752865,3.897322,-3.8438046,-3.0978093,-1.5371915,-1.588825,-1.8350519,-3.803476,-1.943295,-0.10601696,-0.256482,-2.0267594,-1.8293445,-0.7250276,1
6.0,6,-2.8108292,0.9317259,-1.14349,-0.59449637,1.4668005,1.4884982,12.980215,3.8869963,-3.848585,-3.0838544,-1.5426022,-1.5786835,-1.847587,-3.7725973,-1.993574,-0.084256634,-0.29787034,-2.0850935,-1.8165102,-0.65520674,1
6.0,6,-2.8792343,0.8201822,-1.2897806,-0.6843898,1.6221337,1.4428185,12.965568,3.9183981,-3.8781042,-3.1393425,-1.5415282,-1.6278985,-1.8241796,-3.8540514,-1.8133352,-0.11174925,-0.15747719,-1.9283869,-1.8442327,-0.86491764,1
6.0,6,-2.8772511,0.79641765,-1.3001308,-0.70616114,1.6905943,1.4178419,12.969396,3.9127307,-3.9329631,-3.1506,-1.5468329,-1.6427996,-1.8375477,-3.8459773,-1.7802521,-0.0960069,-0.1293099,-1.9534712,-1.7947767,-0.8762014,1
12.0,12,-0.29878563,-1.1695695,-1.4297472,-2.1260643,-1.8411379,0.13043326,-0.8069573,0.47650078,1.2659113,-1.1077769,-2.623167,-2.8152063,13.101664,2.6539748,0.00857164,-4.0952573,-1.6718693,-2.4937067,2.0690093,0.24589914,1
12.0,12,-0.29685646,-1.1678903,-1.431316,-2.12592,-1.8460553,0.13061126,-0.8059889,0.47484526,1.2647977,-1.1061659,-2.6231868,-2.8141084,13.101955,2.6546168,0.0073057786,-4.093354,-1.672585,-2.4939504,2.070925,0.2449908,1
12.0,12,-0.30205184,-1.1690874,-1.4357976,-2.126571,-1.8462325,0.1252851,-0.7954141,0.457935,1.2687614,-1.1020479,-2.6211264,-2.810168,13.103916,2.656213,0.0057224855,-4.09104,-1.6749569,-2.4994237,2.0885987,0.24112505,1
12.0,12,-0.2898628,-1.1565773,-1.4251847,-2.1283383,-1.8832138,0.13112156,-0.7937239,0.48591515,1.2476149,-1.1030489,-2.6181674,-2.8094661,13.102632,2.650633,-0.005231075,-4.096504,-1.6657609,-2.4838507,2.0809195,0.2496326,1
12.0,12,-0.29430568,-1.1657071,-1.4318429,-2.125666,-1.852786,0.13080008,-0.8054179,0.47440663,1.2630359,-1.1044331,-2.6229715,-2.812642,13.102359,2.6550741,0.0053645372,-4.0918536,-1.6731199,-2.493518,2.072482,0.24505061,1
12.0,12,-0.2966931,-1.1679945,-1.4307923,-2.1257033,-1.8458813,0.13054922,-0.8067922,0.47520193,1.2650418,-1.1061491,-2.623216,-2.8139546,13.102031,2.6546926,0.007323578,-4.093491,-1.6728301,-2.493937,2.0703368,0.24560153,1
9.0,9,-0.30307132,0.89076847,-0.0015379414,-4.3267374,-0.1257188,-1.8722651,-2.3687842,-2.3382063,0.7803694,12.904831,-1.5807726,-2.0131316,0.71759015,1.7909067,-0.1806296,-3.0103724,-0.68936133,-0.5303999,-0.59911096,2.3579319,1
9.0,9,-0.30483946,0.89058703,-0.0016660076,-4.3280196,-0.12578368,-1.8714399,-2.3697922,-2.3386383,0.77853304,12.903508,-1.5826098,-2.0125146,0.718915,1.7951808,-0.17769843,-3.0100167,-0.6894954,-0.53128314,-0.59879696,2.3567855,1
9.0,9,-0.3034214,0.8874689,-0.010794992,-4.3274107,-0.12298339,-1.8704735,-2.3716776,-2.3401113,0.78312826,12.902091,-1.5819618,-2.011744,0.72073275,1.7914891,-0.17786148,-3.0116053,-0.6865615,-0.53325266,-0.59522396,2.3643177,1
9.0,9,-0.3007688,0.88756764,0.014468705,-4.3233294,-0.14257696,-1.86638,-2.367568,-2.3355584,0.80189776,12.913219,-1.5744511,-2.027209,0.7147375,1.784697,-0.19768967,-3.01232,-0.6923329,-0.52943945,-0.6032976,2.3576798,1
9.0,9,-0.3055147,0.890292,0.00040674396,-4.3283005,-0.12778008,-1.8703312,-2.3700652,-2.338441,0.7797478,12.903814,-1.5829203,-2.0138025,0.7191674,1.7968204,-0.17812827,-3.0099843,-0.6900403,-0.5315835,-0.59925824,2.3559134,1
9.0,9,-0.30446315,0.8905598,-0.0010986663,-4.3276606,-0.12620816,-1.8714274,-2.3694968,-2.3383546,0.7792394,12.903983,-1.5821322,-2.013026,0.7185137,1.7942841,-0.17875716,-3.0100632,-0.6896181,-0.5310151,-0.5990563,2.3569958,1
17.0,4,1.6496524,-0.65763074,-3.1989105,-1.9014465,10.233165,5.07272,-1.8083068,-1.8301227,-2.5252988,-2.2023885,1.9292635,1.7226185,-4.122659,-1.1299651,-0.38080007,-0.7909623,0.6850384,5.4074125,-5.1230063,-5.6141524,0
17.0,4,1.6592944,-0.63805574,-3.16839,-1.8956889,10.11772,5.0670853,-1.8963978,-1.9143544,-2.481703,-2.15932,1.9772016,1.7729704,-4.1148386,-1.1033936,-0.37696582,-0.8444856,0.7160853,5.5110273,-5.1087265,-5.617086,0
17.0,4,1.8170674,-0.61472,-3.1363099,-1.8900888,9.903324,5.036922,-2.0036945,-2.2527053,-2.3887131,-2.065762,2.08106,1.9406114,-3.953959,-1.0260152,-0.24907103,-0.9798008,0.60110444,5.5395713,-4.9539685,-5.547595,0
17.0,4,1.9362285,-0.590417,-3.0695481,-1.8832762,9.4993305,4.9652863,-2.2236526,-2.6081393,-2.2329981,-1.9505343,2.2867398,2.1554365,-3.8218398,-0.9106249,-0.1556124,-1.1601003,0.5595599,5.7644463,-4.8149014,-5.489868,0
17.0,4,1.6769042,-0.6162676,-3.1222658,-1.8838917,9.961139,5.071297,-2.007741,-2.0411355,-2.4136794,-2.106865,2.0490742,1.8414768,-4.1026244,-1.061425,-0.35657388,-0.89541256,0.7107076,5.635798,-5.097682,-5.6149135,0
17.0,4,1.6641097,-0.638043,-3.161274,-1.8931599,10.108533,5.0696135,-1.904418,-1.9333198,-2.4709415,-2.155499,1.9846965,1.7775216,-4.111889,-1.0977662,-0.36796373,-0.8434591,0.69652903,5.5183277,-5.1104035,-5.613999,0
2.0,2,0.024491996,1.4479101,13.052221,-0.57575995,-2.078812,-0.9833249,-0.77423275,-2.2988422,3.7015436,-2.1154363,-1.3635389,-2.1873674,1.3072702,0.46333772,-1.3437245,-0.23671459,-2.28729,-2.1021023,-1.5043842,-1.1045421,1
2.0,2,0.027329937,1.4484229,13.052975,-0.5762926,-2.0806687,-0.981732,-0.772949,-2.2968886,3.7002356,-2.1140757,-1.3670607,-2.1890025,1.3082795,0.46795273,-1.3493315,-0.2367031,-2.2872922,-2.1028864,-1.5057852,-1.1055198,1
2.0,2,0.023674801,1.443475,13.050548,-0.58038425,-2.0773494,-0.9824325,-0.77420986,-2.299218,3.7095103,-2.1168528,-1.361806,-2.1882472,1.3077189,0.46368486,-1.3452319,-0.23803352,-2.288486,-2.1003778,-1.5020378,-1.1053133,1
2.0,2,0.022336781,1.44747,13.051386,-0.576074,-2.077013,-0.98388755,-0.77520525,-2.300492,3.7031121,-2.1163378,-1.3612036,-2.18653,1.3061508,0.46112257,-1.3398584,-0.23683996,-2.2877414,-2.1010826,-1.5035427,-1.1049004,1
2.0,2,0.02810973,1.448571,13.053195,-0.5763986,-2.0809464,-0.9814532,-0.7726755,-2.2966077,3.699962,-2.1138227,-1.3676453,-2.1893847,1.3082416,0.46853417,-1.3504552,-0.23664562,-2.287301,-2.1029906,-1.5058672,-1.1054772,1
2.0,2,0.026583016,1.4484882,13.052904,-0.5759701,-2.0803707,-0.98227763,-0.7734314,-2.2974613,3.7004185,-2.1143613,-1.3659074,-2.1884205,1.3078192,0.46632934,-1.3476379,-0.23657338,-2.2872589,-2.1027684,-1.5052917,-1.1048695,1
3.0,3,-1.739964,1.4678476,1.1431415,11.2148285,-0.20369741,-0.18058214,1.5105295,0.49632642,-4.331862,-2.747373,-2.4893708,2.037531,-0.34792185,-2.3480065,0.19342561,-0.26913798,0.52533734,-0.06230984,-3.2442694,-2.7770905,1
3.0,3,-1.7386028,1.4643531,1.142911,11.216626,-0.2039125,-0.18046664,1.505453,0.49707797,-4.3295903,-2.7472475,-2.4878125,2.0400395,-0.34609494,-2.349103,0.19318376,-0.26920158,0.5259074,-0.06297373,-3.2442727,-2.7758522,1
3.0,3,-1.7397065,1.464205,1.1420392,11.215728,-0.2042309,-0.1809756,1.5058389,0.49675986,-4.3305225,-2.7468953,-2.48789,2.0417178,-0.34658936,-2.3479927,0.19486614,-0.26946896,0.5260255,-0.06286753,-3.2434402,-2.7762635,1
3.0,3,-1.7371042,1.4584684,1.1401128,11.218882,-0.20546097,-0.1796825,1.4960747,0.49845937,-4.326326,-2.7463388,-2.4852884,2.0453274,-0.34317338,-2.3503585,0.19718836,-0.26921612,0.5268024,-0.06597967,-3.2438264,-2.7737384,1
3.0,3,-1.736469,1.460448,1.142091,11.219075,-0.20438057,-0.17955378,1.4991355,0.49850252,-4.3265514,-2.747116,-2.486052,2.041802,-0.34364343,-2.3512535,0.19364019,-0.2689842,0.52650845,-0.06486968,-3.2448251,-2.7740045,1
3.0,3,-1.7387303,1.4649923,1.1428227,11.216373,-0.20396227,-0.18029208,1.5061842,0.49705145,-4.3298798,-2.7472773,-2.488088,2.0393445,-0.34632945,-2.3490841,0.19350867,-0.26911038,0.5257729,-0.06314171,-3.2443953,-2.7759855,1
14.0,6,-3.1151545,-1.1672013,1.1203678,0.30909905,4.5948086,0.4699109,8.513979,6.9817753,-6.523759,-2.776019,-3.3853388,-2.0101209,-0.8407165,-2.5065625,2.1912925,-2.4035456,0.038297813,-0.13906008,-2.8442488,-3.247518,0
14.0,6,-3.0581388,-1.2304478,1.216307,0.2972565,4.7193604,0.43631655,8.287631,6.9832954,-6.4787817,-2.778558,-3.3908322,-2.0929203,-0.7680132,-2.5117881,2.2639654,-2.4275181,0.007376481,0.035494514,-2.9334438,-3.3540156,0
14.0,6,-2.942654,-1.2323022,1.1481453,0.03188144,4.9818645,0.31770542,8.4255495,6.756169,-6.5854897,-2.6080322,-3.2494776,-2.1782987,-0.6609268,-2.4350305,2.3058043,-2.451173,-0.24476308,-0.28286818,-2.5935998,-3.1649013,0
14.0,6,-2.819951,-1.3472898,1.4087371,0.012137016,5.309318,0.22765419,8.037092,6.657965,-6.520875,-2.638788,-3.262085,-2.2801409,-0.5768849,-2.4265127,2.4530728,-2.417117,-0.3667446,-0.037345506,-2.7878103,-3.3697817,0
14.0,6,-3.0007608,-1.2841208,1.3346641,0.28668293,4.855665,0.3976628,8.10511,6.9539776,-6.439585,-2.7807748,-3.3888452,-2.1556983,-0.7228089,-2.522342,2.3188665,-2.4301016,-0.040715773,0.16680568,-3.0159235,-3.4359913,0
14.0,6,-3.042877,-1.2388308,1.2682979,0.2910021,4.7671766,0.42397207,8.278067,6.9509068,-6.473016,-2.7800007,-3.3866045,-2.0944233,-0.7798434,-2.5194633,2.2717388,-2.4120772,-0.020896737,0.03295607,-2.9499083,-3.3561442,0
2.0,18,-1.6001163,-0.25628734,2.1842496,-3.832607,-2.6192489,-1.8429708,4.4321966,-1.0677962,-2.213537,-3.40324,-1.8744032,-1.6938757,2.0567522,4.7668033,-0.7783941,-1.0055104,0.98107713,-3.722509,7.7329116,5.944088,0
2.0,18,-1.6026211,-0.2551672,2.1774938,-3.8336067,-2.618777,-1.8429345,4.4298525,-1.0750004,-2.2040567,-3.3994322,-1.8684007,-1.6887852,2.0433607,4.7606096,-0.7817539,-1.007612,0.98752314,-3.7220862,7.7514515,5.935652,0
2.0,18,-1.651783,-0.26435378,2.1321511,-3.7907526,-2.6620462,-1.8586236,4.478693,-1.0388376,-2.1601038,-3.3903944,-1.8028847,-1.6685737,1.9620687,4.6682196,-0.8392751,-0.99311435,0.98340744,-3.6959639,7.789311,6.086662,0
2.0,18,-1.5461957,-0.26790118,2.3829703,-3.7663076,-2.598477,-1.8566072,4.5403037,-0.9294841,-2.2166204,-3.4160554,-1.8413893,-1.7531936,1.9866377,4.5240293,-0.95011246,-0.93772995,0.8627984,-3.6710162,7.55325,6.3733497,0
2.0,18,-1.5938427,-0.25355437,2.2147522,-3.8241832,-2.6166492,-1.8478118,4.4538975,-1.0573395,-2.1953824,-3.3978653,-1.8582455,-1.6961151,2.0225873,4.7087326,-0.8212143,-0.9985318,0.9694132,-3.7138422,7.7367992,6.0040426,0
2.0,18,-1.5949966,-0.25533018,2.2057858,-3.8279974,-2.6165452,-1.8461133,4.443871,-1.061034,-2.2040465,-3.401687,-1.8662525,-1.6963533,2.0401294,4.7344313,-0.8019987,-1.0021628,0.9732196,-3.7178168,7.7315207,5.979438,0
7.0,7,-0.4733917,-2.5730352,-2.757138,-1.6128093,-0.47463137,3.676913,3.3031144,13.041811,-3.1255589,-3.3158455,-2.100397,-2.611181,0.06336621,-3.1276362,-0.18739083,-0.8156668,-0.12794946,0.104567744,-3.0479867,-0.61814153,1
7.0,7,-0.47572824,-2.5704737,-2.7566216,-1.6109474,-0.47845525,3.676457,3.305577,13.042818,-3.1223838,-3.3152878,-2.0936708,-2.6123507,0.04989002,-3.129861,-0.18264697,-0.8110134,-0.13219994,0.10673279,-3.0552678,-0.6145209,1
7.0,7,-0.5285342,-2.560609,-2.76754,-1.5627222,-0.565994,3.6318676,3.4480047,13.049613,-3.1260223,-3.3555675,-2.007642,-2.581035,0.004960336,-3.140602,-0.15016675,-0.77754414,-0.19150038,-0.050202228,-3.038557,-0.48686936,1
7.0,7,-0.4982866,-2.5936477,-2.774854,-1.5902543,-0.5138062,3.6294084,3.4447715,13.038986,-3.1844537,-3.372792,-2.1099696,-2.5699413,0.19879764,-3.1067739,-0.21652956,-0.8378128,-0.13859336,-0.111345224,-2.9157362,-0.51219904,1
7.0,7,-0.4803381,-2.5665498,-2.7542408,-1.6075771,-0.4851603,3.6745136,3.3095093,13.045476,-3.1157823,-3.3149815,-2.0809672,-2.6125462,0.025417753,-3.1319761,-0.17465629,-0.80252475,-0.14210007,0.11267782,-3.070915,-0.60942453,1
7.0,7,-0.4747222,-2.5716746,-2.7568378,-1.6117876,-0.4766845,3.6765919,3.3047028,13.042449,-3.1237714,-3.3155522,-2.0966203,-2.611755,0.055706196,-3.1285393,-0.18510918,-0.8131601,-0.1304514,0.10574152,-3.0521762,-0.6158598,1
3.0,3,0.22400483,0.8246708,0.98000747,11.805823,-1.2461503,0.31439275,-1.0424438,-0.34137607,-1.6656544,-2.588992,0.3046037,0.578037,-0.37626645,-2.9453857,-1.6937664,0.3871613,0.64663935,-1.4135379,-3.964312,-2.098691,1
3.0,3,0.22351602,0.8214883,0.97859925,11.805564,-1.2476705,0.31296173,-1.0435104,-0.34207726,-1.6641151,-2.5889714,0.3105926,0.58111775,-0.37742507,-2.94647,-1.6946459,0.3866887,0.6490306,-1.4149935,-3.9631057,-2.0975125,1
3.0,3,0.22300935,0.81965464,0.976693,11.8061285,-1.2494209,0.31154975,-1.044295,-0.34292886,-1.662539,-2.5873563,0.3151438,0.5856321,-0.37917382,-2.9478207,-1.6969662,0.38531286,0.6518923,-1.4160153,-3.9610658,-2.0963814,1
3.0,3,0.22879758,0.79751205,0.9675018,11.795183,-1.2572459,0.30927658,-1.0561649,-0.34481308,-1.647277,-2.5935051,0.35655674,0.57720745,-0.3857782,-2.95074,-1.6862423,0.3917719,0.65240306,-1.4316792,-3.9648817,-2.092271,1
3.0,3,0.22687924,0.80122596,0.97010756,11.797296,-1.2543529,0.30942258,-1.0528086,-0.3437855,-1.6524166,-2.5945618,0.34771615,0.5783314,-0.38298446,-2.949659,-1.6874368,0.39103097,0.6526742,-1.4278971,-3.9649754,-2.0929158,1
3.0,3,0.22448021,0.81892973,0.9777065,11.803943,-1.2483246,0.31300285,-1.0449524,-0.3421127,-1.6623862,-2.5901635,0.31520298,0.57884043,-0.37795398,-2.9465578,-1.692627,0.38787884,0.6484205,-1.4169288,-3.9641376,-2.0972128,1
9.0,9,0.31980062,0.41932386,2.2373648,-4.0757174,-0.38097525,-1.1094971,-1.8298341,-0.11970696,0.33251885,12.669859,-2.6886384,-3.4910932,-0.6514222,1.0991418,-0.08726861,-1.8273731,-1.422032,-0.42370087,-1.6712043,0.9451189,1
9.0,9,0.319163,0.4190616,2.237686,-4.076286,-0.38062194,-1.1093476,-1.8299606,-0.11991376,0.3318957,12.669391,-2.6888726,-3.490653,-0.6520339,1.1014214,-0.08741982,-1.8274233,-1.4222326,-0.42372656,-1.6709586,0.9457285,1
9.0,9,0.32009295,0.41795054,2.2227886,-4.074727,-0.3781438,-1.1110642,-1.8291633,-0.12178637,0.33086568,12.6722765,-2.6877282,-3.489668,-0.65179926,1.0981164,-0.08834308,-1.8275104,-1.417985,-0.42420036,-1.666598,0.9557403,1
9.0,9,0.32352284,0.41849005,2.2294946,-4.0720515,-0.3833006,-1.1094453,-1.8288023,-0.119734675,0.33935457,12.67317,-2.686958,-3.49502,-0.6491365,1.0859785,-0.09052811,-1.8254802,-1.4196912,-0.4251082,-1.6705713,0.95088726,1
9.0,9,0.3196632,0.41879973,2.2368329,-4.0758,-0.38111806,-1.1091665,-1.8298274,-0.119921945,0.33322522,12.669779,-2.6886656,-3.4914002,-0.6518128,1.0996649,-0.08819498,-1.8270075,-1.4220153,-0.42404652,-1.6709261,0.9468359,1
9.0,9,0.3196894,0.41904363,2.2371905,-4.0757775,-0.38108236,-1.1092931,-1.8298342,-0.11983847,0.33290103,12.669781,-2.6886668,-3.4912684,-0.65167147,1.099519,-0.08780568,-1.8271414,-1.4220544,-0.42389727,-1.6710744,0.9460758,1
14.0,14,0.204229,-0.4483639,-1.6504538,-4.865306,1.1095078,1.7644237,-1.9441483,2.3915453,-2.6779723,1.9671112,-2.2770386,-2.1749997,0.21435827,-0.38627028,11.23768,-0.8814449,0.42041788,-1.6336018,-2.171132,-3.0698004,1
14.0,14,0.17522222,-0.4403869,-1.691294,-4.855599,1.0472587,1.8438214,-1.9654455,2.2983027,-2.634987,1.8232046,-2.2342403,-2.0994306,0.1657997,-0.34636572,11.348667,-0.7790617,0.41361383,-1.7404712,-2.160315,-3.0467913,1
14.0,14,0.07365541,-0.33719203,-1.8010939,-4.9195347,0.80390954,2.092582,-2.1428118,1.4747893,-2.3343208,1.9841998,-2.2253942,-1.9643891,0.28347275,0.0512693,11.531324,-0.6331136,0.3999778,-2.3409772,-1.8765028,-2.9017959,1
14.0,14,-0.0105421245,-0.30638278,-1.9229789,-4.8930326,0.66541576,2.4558992,-2.2137306,1.194465,-2.1798592,1.6261604,-2.1859891,-1.8412645,0.14112985,0.21034452,11.768721,-0.301915,0.32218227,-2.6591241,-1.8891606,-2.8741932,1
14.0,14,0.14853425,-0.43035188,-1.7251819,-4.8478756,0.9903537,1.9197649,-1.9863858,2.2094862,-2.5960312,1.7120484,-2.2024581,-2.0380044,0.12824348,-0.30394906,11.437653,-0.69546384,0.40768397,-1.8332639,-2.1475768,-3.0274496,1
14.0,14,0.18045881,-0.44041395,-1.6899241,-4.860291,1.058921,1.8333324,-1.965759,2.295007,-2.6347642,1.8436366,-2.2392216,-2.1080031,0.17363882,-0.347476,11.339449,-0.7890743,0.41287863,-1.734495,-2.159715,-3.0490136,1
3.0,3,-0.77833533,0.4216557,2.135389,11.846007,-0.97611326,-0.046318687,-0.6718282,-0.35539797,-1.9552255,-2.3274932,0.1971218,2.3231454,0.0936457,-2.553677,-2.5226707,-0.52961767,0.79356956,-0.9458164,-3.680804,-1.6470348,1
3.0,3,-0.7780357,0.41730765,2.1330898,11.845554,-0.97846895,-0.047877483,-0.67426926,-0.35689637,-1.9511371,-2.3282456,0.20823728,2.3221521,0.09341522,-2.555545,-2.5212061,-0.53110343,0.7949267,-0.9485656,-3.6809297,-1.6448014,1
3.0,3,-0.7775883,0.41441825,2.1311615,11.845336,-0.9800672,-0.049188614,-0.6760874,-0.35824063,-1.9482524,-2.328441,0.21676952,2.321847,0.09286193,-2.5572052,-2.5203068,-0.53245544,0.79596925,-0.9505607,-3.680918,-1.6429597,1
3.0,3,-0.77645993,0.40833458,2.127236,11.844736,-0.9842573,-0.051824093,-0.6801294,-0.36144587,-1.9415267,-2.3289456,0.23587203,2.3202767,0.09171469,-2.5605073,-2.5182822,-0.53515196,0.7979142,-0.9555495,-3.6810875,-1.6389863,1
3.0,3,-0.7775677,0.41233003,2.1304429,11.844997,-0.98122126,-0.049569115,-0.67702365,-0.3586093,-1.9463255,-2.3291676,0.22097504,2.3205714,0.09321431,-2.5576236,-2.519547,-0.5327569,0.79635257,-0.9517821,-3.6811597,-1.6422741,1
3.0,3,-0.77814645,0.41849902,2.133711,11.84569,-0.977984,-0.04750584,-0.6736456,-0.3566072,-1.9521811,-2.327995,0.20550804,2.3224974,0.093411885,-2.5550709,-2.5216002,-0.530713,0.7946361,-0.9479673,-3.6808617,-1.6453395,1
18.0,18,-1.7778738,-1.3711979,-1.19422,-2.920039,-1.9339515,-1.0099592,0.14826123,-3.0208008,4.5245533,-1.3119954,-0.2047646,-1.1893238,0.46101725,-0.07871712,0.2298555,-1.7491461,2.9691877,-3.101388,11.200785,-0.40485916,1
18.0,18,-1.7728508,-1.369077,-1.1947281,-2.924101,-1.9254321,-1.025494,0.16679451,-3.012945,4.456369,-1.3176502,-0.21920736,-1.1747531,0.46901047,-0.05516485,0.2380055,-1.7513748,2.9913447,-3.1104214,11.214539,-0.39705998,1
18.0,18,-1.7888402,-1.3763049,-1.2163945,-2.9015963,-1.9630431,-1.0306612,0.182982,-3.01329,4.4913144,-1.3067263,-0.19476691,-1.1509023,0.48254597,-0.10919747,0.22285701,-1.750229,2.9769223,-3.1294043,11.253067,-0.32681984,1
18.0,18,-1.7916815,-1.3802655,-1.2136778,-2.9059072,-1.9723719,-0.9451629,0.052416593,-3.0492604,4.790685,-1.2738469,-0.14932138,-1.2356045,0.4228636,-0.16892046,0.20371975,-1.7327589,2.8886154,-3.0669549,11.146389,-0.4318544,1
18.0,18,-1.7728747,-1.3696923,-1.203088,-2.9245315,-1.9291812,-1.020993,0.16305906,-3.0124261,4.468083,-1.3131278,-0.21621025,-1.1760486,0.47056955,-0.061203487,0.23679467,-1.750974,2.9865003,-3.1111085,11.215414,-0.39623627,1
18.0,18,-1.7746779,-1.3702521,-1.1950221,-2.922891,-1.9287232,-1.0181252,0.15791103,-3.0167556,4.486801,-1.3151741,-0.21290113,-1.1811337,0.46512938,-0.064579554,0.23461635,-1.7503442,2.9816139,-3.1063867,11.207969,-0.40117225,1
9.0,9,-0.18156901,-1.7547772,-0.37947792,-4.017053,1.4461395,-3.144756,-2.1386597,-1.3371683,-1.654544,10.228054,-2.725455,-2.0331414,3.0300665,3.092927,1.026267,-2.5881598,-0.21202779,-2.3148968,1.8797157,5.0078154,1
9.0,9,-0.18232438,-1.7526283,-0.38001692,-4.0161176,1.4386162,-3.1436603,-2.13841,-1.3397094,-1.6500818,10.238802,-2.724944,-2.037235,3.0229046,3.0909562,1.0236336,-2.586881,-0.20850869,-2.3123193,1.8800883,5.002239,1
9.0,9,-0.18947789,-1.7732103,-0.38272634,-4.0165815,1.4374655,-3.1558352,-2.1442702,-1.3516386,-1.6265342,10.212017,-2.72185,-2.033645,3.0597687,3.113512,1.0056967,-2.596031,-0.21005262,-2.3307073,1.9129972,5.0317264,1
9.0,9,-0.17359495,-1.7726951,-0.3631805,-4.0084195,1.4248786,-3.1609225,-2.138205,-1.3305665,-1.6205821,10.197631,-2.7365568,-2.0828137,3.1282322,3.0980506,1.0088052,-2.6128376,-0.20634288,-2.369809,1.9105995,5.0356154,1
9.0,9,-0.18181884,-1.7523587,-0.378616,-4.0144825,1.4325392,-3.144295,-2.1378963,-1.3399321,-1.6451988,10.242844,-2.725681,-2.043833,3.026891,3.0890458,1.0208473,-2.588148,-0.20622288,-2.31527,1.8818593,5.001506,1
9.0,9,-0.18178532,-1.7524672,-0.37947533,-4.015831,1.4397986,-3.14393,-2.138103,-1.3388519,-1.650823,10.23762,-2.7250829,-2.0370018,3.024325,3.0894928,1.0240433,-2.5872457,-0.20901659,-2.3127193,1.879294,5.003219,1
13.0,13,-1.2894849,0.6832351,-0.7906622,-3.870818,-0.29873854,1.5148838,-3.4239614,-2.310836,-1.5228897,-0.7717012,-3.251191,-0.18625176,0.252846,12.875031,1.5254368,0.7821042,-1.2816933,0.18755773,-1.0868967,-3.5753179,1
13.0,13,-1.2914994,0.6780979,-0.789274,-3.8767145,-0.2945445,1.5114374,-3.4232907,-2.3145022,-1.5172043,-0.7673584,-3.2446568,-0.18740295,0.24507138,12.872076,1.5237838,0.78007036,-1.2821357,0.19533467,-1.0798362,-3.5767727,1
13.0,13,-1.2874253,0.65966177,-0.80061775,-3.8771548,-0.28236815,1.5186385,-3.4433575,-2.3173308,-1.5147891,-0.7505546,-3.2436082,-0.17941818,0.27510855,12.870711,1.5165603,0.77008617,-1.2930925,0.19853309,-1.0623989,-3.579353,1
13.0,13,-1.2533401,0.63606584,-0.8100689,-3.8925378,-0.19001368,1.5451925,-3.5802283,-2.3222249,-1.4883599,-0.6739991,-3.2345264,-0.1888465,0.23799136,12.860988,1.5651963,0.7827211,-1.3242853,0.31456196,-1.1874583,-3.605811,1
13.0,13,-1.2886893,0.6713295,-0.7897982,-3.882765,-0.28061533,1.5122918,-3.4406893,-2.3172846,-1.5094813,-0.75490946,-3.2386382,-0.18930374,0.23535949,12.86946,1.5287119,0.7804247,-1.2866199,0.21569964,-1.0911679,-3.5807912,1
13.0,13,-1.2936362,0.6800001,-0.7881565,-3.8757992,-0.29821187,1.5097724,-3.4170737,-2.31563,-1.5177318,-0.77050555,-3.244156,-0.18705189,0.24385703,12.872485,1.5218608,0.78031456,-1.2808261,0.19278362,-1.0767655,-3.575639,1
17.0,6,-4.1953316,1.5323312,-3.042603,-1.3463869,-0.76048154,1.0232719,9.339586,1.2063376,-2.1684089,-2.041553,-0.42061883,1.3546042,-1.6551679,-4.0137424,-2.3694232,-2.6541877,6.1932673,3.6257854,-1.3297155,-2.659207,0
17.0,6,-4.254266,1.5554345,-3.0157082,-1.3106029,-0.77074087,1.0081925,9.317573,1.0316097,-2.1086957,-2.0437613,-0.29584014,1.5165445,-1.633677,-3.9641695,-2.332488,-2.657515,5.9944572,3.765667,-1.383852,-2.6902544,0
17.0,6,-4.2240276,1.4453268,-2.9156468,-1.2502382,-0.26753464,1.1600109,10.195735,0.592311,-1.9113882,-2.4255877,-0.19805929,1.5970879,-1.2562509,-3.6463542,-2.0033712,-2.20148,4.089852,2.8742576,-1.674783,-2.5977898,0
17.0,6,-4.194662,1.4120772,-2.9138584,-1.2623446,-0.17138383,1.1685315,10.325011,0.6190587,-1.9407642,-2.490731,-0.17995381,1.5566568,-1.2520951,-3.6042686,-1.9501513,-2.1504357,3.9162958,2.631349,-1.6822411,-2.509866,0
17.0,6,-4.305361,1.5712616,-2.9776564,-1.2731575,-0.74700475,0.9856359,9.318835,0.835528,-2.0357177,-2.0508974,-0.16255355,1.6730542,-1.5988121,-3.9250095,-2.294278,-2.644806,5.727177,3.8977864,-1.4507016,-2.732325,0
17.0,6,-4.2545595,1.554913,-3.0185049,-1.3106884,-0.77224326,1.0059487,9.326393,1.0326887,-2.1122818,-2.0424886,-0.29982594,1.5182838,-1.63662,-3.9670615,-2.326796,-2.6549127,6.001062,3.7470474,-1.3755538,-2.684578,0
1.0,1,1.6038878,10.693152,0.0063334648,0.11264582,-2.3083148,-1.391148,1.5972288,-6.6034174,1.2868834,4.8491387,-2.6199925,-3.608505,-2.3758032,-0.8979817,-0.39686126,0.3196059,-1.0291457,-0.3952543,-0.850213,-3.2358735,1
1.0,1,1.7133486,10.705926,-0.00041109137,0.14130358,-2.3065763,-1.3301446,1.5908669,-6.6194944,1.3342509,4.705041,-2.6204202,-3.6528027,-2.3990026,-0.94537324,-0.3375588,0.37067413,-1.0494131,-0.4549904,-0.90491265,-3.2859702,1
1.0,1,2.3564818,10.752963,-0.06531694,0.34796014,-2.4061565,-1.0141022,1.1532216,-6.684243,1.8025221,4.2851205,-2.6469347,-4.026173,-2.536203,-0.9868344,-0.20692633,0.54258895,-1.1324543,-0.56433207,-1.3864526,-3.4269612,1
1.0,1,2.9018202,10.850489,-0.068477824,0.53641427,-2.4407349,-0.7547852,1.1085645,-6.381732,1.5644306,3.6333635,-2.6978703,-4.262227,-2.6197512,-1.138442,0.124907,0.8242099,-1.1748736,-0.8083673,-1.868015,-3.6263118,1
1.0,1,1.8550332,10.74109,-0.0067964103,0.18487073,-2.302081,-1.2513399,1.5844773,-6.5956707,1.3238945,4.5361314,-2.6327055,-3.707305,-2.4373705,-0.98852503,-0.25925577,0.4358214,-1.0689015,-0.52023417,-1.0080695,-3.3463173,1
1.0,1,1.6610792,10.703145,0.0027640928,0.12985192,-2.30418,-1.3575454,1.6048815,-6.6072354,1.2989109,4.764921,-2.6218746,-3.629464,-2.3888004,-0.9242551,-0.36612022,0.3490681,-1.0398381,-0.4288817,-0.8812484,-3.2622929,1
2.0,2,1.2944641,2.0016773,12.419247,-0.26180503,-3.588894,-1.0045574,-1.5263957,-2.0984356,2.3477292,-0.47765875,-1.0212165,-3.3166943,-0.27017134,0.2623618,-1.2813041,2.7200708,-2.6629207,-3.647943,-2.3305457,-0.044223614,1
2.0,2,1.2951635,2.0032628,12.419765,-0.26131454,-3.5886223,-1.004712,-1.5246158,-2.0982122,2.350829,-0.47785315,-1.0231392,-3.3175936,-0.2675103,0.26235077,-1.2857108,2.716185,-2.6624138,-3.646858,-2.331773,-0.045670755,1
2.0,2,1.2933995,1.9999344,12.418158,-0.26364508,-3.5893676,-1.0035285,-1.5269053,-2.0986948,2.3499665,-0.47745076,-1.0206523,-3.3174584,-0.27142286,0.26314482,-1.2799867,2.722529,-2.66444,-3.6481957,-2.3301048,-0.044566847,1
2.0,2,1.2942044,2.002032,12.419719,-0.2612082,-3.5887196,-1.0041288,-1.5271899,-2.0991678,2.3468084,-0.47806868,-1.0216231,-3.3159115,-0.27085766,0.26276594,-1.2789541,2.7205853,-2.6631932,-3.6480863,-2.330161,-0.04530195,1
2.0,2,1.2953879,2.0037503,12.419869,-0.2612669,-3.588625,-1.0045328,-1.5240583,-2.098189,2.3521087,-0.47795478,-1.0238178,-3.3180037,-0.26677427,0.26249632,-1.2871369,2.7150974,-2.6624687,-3.646497,-2.3321166,-0.046296872,1
2.0,2,1.294816,2.0026653,12.419639,-0.2615142,-3.5887208,-1.0045763,-1.525316,-2.0983458,2.3497422,-0.4778056,-1.0224835,-3.317213,-0.26853222,0.262463,-1.283964,2.7176356,-2.6626837,-3.6472096,-2.331274,-0.04525756,1
10.0,14,-1.3998805,-3.6071775,-3.7275078,-3.5268507,-1.0873797,-0.19613439,-1.9620719,0.5980426,-0.2501527,-1.5722429,3.9381926,-1.7211592,-1.0660517,-1.4859622,10.5791,2.596485,0.6415383,-2.601412,-1.4257768,-1.1163911,0
10.0,14,-1.4499557,-3.6566043,-3.7513905,-3.5229185,-1.1167525,-0.24262959,-2.0024405,0.5218444,-0.1523892,-1.6598793,4.1257315,-1.6949558,-1.1446391,-1.494838,10.483988,2.706174,0.64133096,-2.4814062,-1.480274,-1.13733,0
10.0,14,-1.591123,-3.7130945,-3.8842566,-3.53616,-1.3036994,-0.32745552,-1.9348662,0.37297526,0.20654678,-2.0220788,4.4007654,-1.8605143,-1.347993,-1.2984633,10.069713,3.334929,0.37257412,-2.3982224,-1.693789,-1.1781898,0
10.0,14,-1.7615633,-3.813199,-3.9453926,-3.462194,-1.4012527,-0.4608765,-2.0298333,0.12352906,0.50775486,-2.3420305,5.004925,-1.7557197,-1.6194385,-1.3017519,9.645784,3.706442,0.3286486,-1.9222438,-1.9190958,-1.2666758,0
10.0,14,-1.468466,-3.676547,-3.7591171,-3.521934,-1.1244551,-0.2620217,-2.0215008,0.49335352,-0.11762739,-1.6860049,4.200908,-1.6816537,-1.1742625,-1.5022106,10.447833,2.7377596,0.6467621,-2.4270897,-1.500061,-1.1465837,0
10.0,14,-1.4495893,-3.6549814,-3.7503865,-3.5221214,-1.1176443,-0.24205494,-2.002009,0.52238894,-0.15342966,-1.6618308,4.1215067,-1.6963484,-1.1457921,-1.4938815,10.485278,2.7127697,0.63818187,-2.4818978,-1.4823637,-1.1385877,0
5.0,5,-0.46112734,0.4920769,-1.6832081,-1.0534881,3.808975,12.021478,-1.0299013,-0.13966665,-2.0871618,-1.1484407,-3.4940453,-1.8283923,-0.80384225,0.88636756,3.3192763,2.765339,-3.2146256,-2.2732751,-5.456573,-4.9486203,1
5.0,5,-0.45878732,0.50754786,-1.6755079,-1.046782,3.8654478,11.986895,-1.0396783,-0.18022142,-2.1137552,-1.1884255,-3.4955175,-1.8187915,-0.9044362,0.8748023,3.2834303,2.9059799,-3.2335868,-2.1593554,-5.538019,-4.9943504,1
5.0,5,-0.43841386,0.539895,-1.6381348,-1.0917442,4.0227895,11.859772,-0.9954432,-0.34265423,-2.1630511,-0.8382231,-3.740226,-1.9172826,-0.73361266,0.8151427,3.251109,2.8077092,-3.1733255,-2.1386163,-5.39603,-5.003092,1
5.0,5,-0.44150537,0.60782266,-1.6065038,-1.046134,4.315488,11.714072,-0.9676738,-0.49650043,-2.222787,-0.9406154,-3.7423093,-1.9232639,-1.1423244,0.74129105,3.0218012,3.2880347,-3.3021076,-1.5942618,-5.745611,-5.1834717,1
5.0,5,-0.45720446,0.5179746,-1.6714424,-1.0412366,3.9083107,11.965099,-1.041795,-0.20571847,-2.1294029,-1.2148502,-3.4930112,-1.8116903,-0.9715763,0.86673856,3.2510118,2.992567,-3.2500427,-2.0776618,-5.5935793,-5.0244665,1
5.0,5,-0.45873722,0.50341284,-1.677279,-1.048661,3.8535926,11.993819,-1.0400076,-0.17311221,-2.1081245,-1.1830585,-3.4935124,-1.8202813,-0.8861972,0.87714505,3.2948616,2.8804462,-3.2293308,-2.183444,-5.5223665,-4.9855366,1
0.0,0,12.419942,1.4259887,0.18385799,-3.0651343,-0.082660235,0.96275806,-2.173256,0.9931184,1.9199866,-0.111295395,-2.338259,-4.5037875,0.96875554,-1.7347615,-1.4741391,-0.08913529,-2.4673915,-2.6007633,-2.3754168,-2.3936417,1
0.0,0,12.422693,1.4301913,0.18651609,-3.0617175,-0.083897166,0.9654317,-2.172737,0.9902098,1.9141854,-0.11259916,-2.3347886,-4.5019674,0.95959085,-1.7311425,-1.4736497,-0.08627254,-2.468,-2.6000023,-2.3784442,-2.3934824,1
0.0,0,12.42303,1.4382012,0.18764512,-3.05477,-0.09146594,0.9688194,-2.1673462,0.98701775,1.9168124,-0.11169425,-2.3378701,-4.50535,0.95839113,-1.73073,-1.480158,-0.08697148,-2.4709272,-2.596662,-2.3788695,-2.3915014,1
0.0,0,12.427735,1.4348516,0.19740103,-3.0561595,-0.092008956,0.9626703,-2.1625292,0.9881636,1.8862422,-0.11920955,-2.3254938,-4.497486,0.94978887,-1.7201118,-1.4740647,-0.07802743,-2.4677482,-2.6088471,-2.3739867,-2.3787134,1
0.0,0,12.424075,1.4317887,0.18815084,-3.0603864,-0.08444277,0.96626127,-2.1723084,0.98909926,1.9103935,-0.11344068,-2.3328044,-4.500825,0.9553067,-1.7291682,-1.4731876,-0.08473117,-2.468108,-2.600173,-2.3794696,-2.392775,1
0.0,0,12.421655,1.4288893,0.18598072,-3.0628264,-0.08392822,0.96439445,-2.1728082,0.99127865,1.916092,-0.11225176,-2.336087,-4.50259,0.96316963,-1.7322595,-1.4739677,-0.08736275,-2.4678597,-2.6003625,-2.377213,-2.393194,1
12.0,18,-3.8020122,-0.6822413,-1.008003,-2.718923,-2.6976147,-1.5239558,4.7251406,-3.8436487,6.8007016,-0.37960318,0.031523686,-1.9865962,4.239286,-1.2799604,-2.1457093,-2.8064034,-0.19356611,-3.0909643,8.442473,-0.28193054,0
12.0,18,-3.9394057,-0.54089504,-1.0317218,-2.6936698,-2.7939408,-1.2558783,4.8917785,-3.718784,7.203448,-0.38924247,0.0053297803,-2.144936,4.246675,-1.3319995,-2.2980058,-2.8294826,-0.4711528,-2.9388733,7.8280287,-0.4240119,0
12.0,8,-4.137475,-0.42142743,-0.9074771,-2.5234027,-2.8965247,-0.647272,3.343679,-4.5795608,9.865127,0.8640572,0.47076476,-2.4658587,2.6042516,-0.53220606,-2.6645162,-2.4719253,-1.4915215,-1.8806119,5.715346,-0.7160287,0
12.0,8,-4.304455,-0.16160288,-0.87829566,-2.5038803,-2.9732854,-0.16696227,3.4479027,-4.224385,10.116442,0.7388761,0.2849142,-2.719728,2.2956285,-0.29538056,-2.5490425,-2.323128,-1.854748,-1.6270959,4.517889,-1.0636353,0
12.0,8,-4.0679483,-0.40615076,-1.0613711,-2.6597664,-2.8486657,-1.0089493,5.103019,-3.5721135,7.4931993,-0.40190402,-0.028303176,-2.28057,4.235978,-1.3766165,-2.4378777,-2.8347733,-0.735887,-2.7935276,7.2111635,-0.5634691,0
12.0,18,-3.8859375,-0.5854989,-1.0124236,-2.6988306,-2.7712033,-1.3518096,4.837416,-3.7536926,7.050166,-0.41414946,0.0074714273,-2.0843225,4.266646,-1.3375349,-2.2321339,-2.8277085,-0.36006984,-2.997938,8.067442,-0.36460206,0
18.0,8,-1.6912082,0.9933684,0.5227769,-2.9900918,-2.985665,0.91719294,-3.3010397,-6.509327,12.245004,5.185133,-0.02522811,-2.7443614,-0.4856242,0.52519447,-2.4278433,-0.8007873,-0.8838907,-0.70021987,0.7049112,-0.9775454,0
18.0,8,-1.6963577,0.97083026,0.4750097,-2.9854767,-2.9402063,0.9074217,-3.2840085,-6.5088534,12.257203,5.1572776,-0.01936936,-2.714483,-0.4844058,0.5120744,-2.4422455,-0.8246826,-0.8766838,-0.6961685,0.74910545,-0.96684784,0
18.0,8,-1.6966807,0.9504509,0.43807733,-2.9680412,-2.9481726,0.92867553,-3.2944305,-6.5064,12.274823,5.097034,-0.008120637,-2.7070208,-0.507822,0.4949296,-2.4236662,-0.8041897,-0.8538416,-0.6956718,0.7796423,-0.9471543,0
18.0,8,-1.6850902,1.015132,0.60585016,-3.0031116,-3.0620604,0.9359162,-3.3318908,-6.499139,12.226918,5.2334666,-0.03254136,-2.7923872,-0.48711616,0.55367374,-2.397712,-0.7670811,-0.8998626,-0.7061816,0.6382087,-1.0052983,0
18.0,8,-1.6964009,0.96740204,0.5004609,-2.9886136,-2.9572039,0.9138632,-3.290712,-6.502642,12.256368,5.16196,-0.020442825,-2.7271671,-0.48778296,0.52127403,-2.4340608,-0.8151697,-0.883869,-0.6958566,0.7359499,-0.97649646,0
18.0,8,-1.6934874,0.98223,0.5158338,-2.9903238,-2.9749143,0.9158987,-3.2973,-6.5058727,12.249332,5.177368,-0.023416635,-2.7379308,-0.48654932,0.52474135,-2.429882,-0.8068052,-0.88484466,-0.6985034,0.71710396,-0.97807604,0
0.0,0,12.721272,0.9798614,1.4533626,-2.8652985,0.9324554,0.1489168,-2.8226116,-0.32571408,1.0845553,-0.70596254,-1.3597214,-3.5188577,-1.7723297,-1.7684307,-0.5849631,2.3143897,-2.017663,-2.7464974,-2.036732,-2.7989657,1
0.0,0,12.721093,0.97068113,1.4535096,-2.8676095,0.93272394,0.14552224,-2.8263454,-0.3254409,1.0917851,-0.7111505,-1.3543072,-3.5169659,-1.7649943,-1.7679985,-0.5782155,2.3044052,-2.017689,-2.7452736,-2.0338516,-2.796474,1
0.0,0,12.724692,0.9737141,1.4586935,-2.8595252,0.9207587,0.135265,-2.8342578,-0.34201792,1.1129161,-0.7027776,-1.3533332,-3.520809,-1.7530153,-1.7759361,-0.57705164,2.2794259,-2.004058,-2.736483,-2.0237553,-2.7922952,1
0.0,0,12.720642,0.9076088,1.481216,-2.8755298,0.92242324,0.11605027,-2.8495286,-0.33007598,1.1407373,-0.76780677,-1.2979233,-3.5103302,-1.7131078,-1.7652354,-0.52394867,2.214065,-2.007546,-2.741018,-2.0038567,-2.7618222,1
0.0,0,12.72112,0.9668596,1.4536469,-2.868413,0.9323438,0.14392754,-2.828103,-0.32540283,1.0954719,-0.71283257,-1.3521506,-3.5161753,-1.7612098,-1.7678585,-0.57563573,2.29932,-2.017711,-2.744633,-2.0324914,-2.7952433,1
0.0,0,12.7214365,0.9766775,1.4528761,-2.8659742,0.93168086,0.14740092,-2.8245661,-0.3261005,1.0889437,-0.7061994,-1.3584708,-3.51811,-1.7680243,-1.7684405,-0.5831374,2.3091125,-2.0176668,-2.7455742,-2.0353549,-2.7981036,1
6.0,6,-3.062727,0.030313432,-2.8764026,-1.680568,3.5038848,0.508844,12.415663,1.4886074,-3.613411,-3.2451222,-0.9880977,-0.6598763,-0.83688265,-2.7938566,-0.40588367,-0.199309,-0.7704636,-2.2125342,0.51960504,-1.945364,1
6.0,6,-3.0665174,0.033405527,-2.8768167,-1.6800227,3.4944906,0.50541854,12.415147,1.4912328,-3.619805,-3.245229,-0.99022466,-0.65676385,-0.8314644,-2.793907,-0.4006992,-0.19614036,-0.76817924,-2.2083204,0.5199778,-1.9476513,1
6.0,6,-3.0939157,0.028148599,-2.8733664,-1.692946,3.4503071,0.49709547,12.397669,1.4568157,-3.592234,-3.2640054,-0.98576945,-0.65982693,-0.77628696,-2.7377605,-0.36565328,-0.1867825,-0.78392917,-2.21051,0.5043616,-1.9534577,1
6.0,6,-3.0800388,0.018020272,-2.8724365,-1.693768,3.484002,0.5082209,12.40134,1.4442363,-3.5667627,-3.2643564,-0.97768223,-0.66882944,-0.79648286,-2.7366354,-0.39249003,-0.19323418,-0.7949222,-2.2276685,0.505178,-1.9402459,1
6.0,6,-3.0752017,0.03965112,-2.8785138,-1.6775115,3.4711123,0.4995864,12.415263,1.4938421,-3.6280737,-3.2469225,-0.9922915,-0.6502348,-0.8161501,-2.7899559,-0.39620692,-0.18932797,-0.76701933,-2.2046602,0.5225027,-1.9474665,1
6.0,6,-3.0686514,0.035380192,-2.8773358,-1.6797525,3.4894612,0.5031983,12.414476,1.4932406,-3.6250045,-3.2449367,-0.9917155,-0.65488046,-0.8293094,-2.7944531,-0.3955701,-0.19437803,-0.76589847,-2.205157,0.5198235,-1.9502162,1
10.0,10,-2.659577,-3.3669612,-0.868083,0.116187744,-2.1921287,-2.82243,-2.4106963,-3.0070026,2.2639215,-0.22000332,12.516591,2.5993106,-2.5687985,-1.0680997,-0.4111153,-0.46091598,0.49582252,2.1561632,-1.4539387,1.098172,1
10.0,10,-2.6601725,-3.3672636,-0.8684064,0.11457961,-2.1929262,-2.8214202,-2.4104862,-3.0061126,2.264178,-0.22084866,12.515608,2.5982358,-2.5693662,-1.0675042,-0.40996403,-0.4570974,0.493553,2.1559145,-1.4553437,1.0974158,1
10.0,10,-2.660812,-3.3681207,-0.8691086,0.1123608,-2.1945274,-2.8197145,-2.4100392,-3.0040312,2.264567,-0.22262062,12.513931,2.5965366,-2.5703504,-1.0666707,-0.40767682,-0.4502638,0.48960987,2.15355,-1.4574176,1.0963556,1
10.0,10,-2.664496,-3.3669164,-0.86988634,0.109070376,-2.1977992,-2.8196824,-2.409097,-3.0037868,2.26502,-0.22166197,12.512814,2.5958102,-2.5705712,-1.0659742,-0.40879434,-0.44531828,0.48875728,2.1559331,-1.4571995,1.096411,1
10.0,10,-2.660303,-3.368403,-0.8688422,0.112802416,-2.1941922,-2.8196456,-2.4101403,-3.0039015,2.2645006,-0.22252005,12.513976,2.5964918,-2.5703006,-1.0666625,-0.40759665,-0.45057654,0.48928264,2.1527257,-1.4573956,1.0964314,1
10.0,10,-2.6599777,-3.3675585,-0.86843383,0.11457708,-2.193081,-2.8211818,-2.4104366,-3.0056498,2.2641962,-0.2211321,12.515401,2.5980146,-2.5694778,-1.0674438,-0.40954465,-0.45622718,0.49288914,2.1548278,-1.4555391,1.097365,1
14.0,4,0.50743467,-2.5367968,-1.9031185,-4.2093396,9.630535,3.1523628,-2.3115573,-1.7511255,-1.5371931,-2.3599398,-2.295144,-0.96272695,-0.6942968,2.0198777,8.524098,-0.30612397,-0.9237098,1.2050711,-5.013947,-5.5032864,0
14.0,4,0.50063425,-2.5069327,-1.9026186,-4.1928124,9.555054,3.172,-2.396955,-1.7418154,-1.5753721,-2.3399715,-2.310015,-0.93024594,-0.69600517,2.0310311,8.610366,-0.2580549,-0.9338657,1.2324516,-5.0454435,-5.5061054,0
14.0,4,0.52952385,-2.5980482,-1.9040669,-4.244913,9.449808,2.9952426,-2.5457706,-1.7950786,-1.501512,-2.338249,-2.2670143,-0.89247304,-0.6242876,2.2096457,8.682442,-0.18894759,-0.93697417,1.1855159,-4.9750395,-5.4507957,0
14.0,4,0.52216643,-2.5043476,-1.8933724,-4.195015,9.271377,3.051735,-2.746047,-1.7568542,-1.6080018,-2.2736423,-2.3043306,-0.8626588,-0.614702,2.1648748,8.879593,-0.10122861,-0.91612947,1.2718148,-5.0592837,-5.465011,0
14.0,4,0.49567038,-2.4797575,-1.9005635,-4.1789994,9.491737,3.1911545,-2.4660835,-1.7343631,-1.6048311,-2.323301,-2.3213875,-0.9127881,-0.69703525,2.0345564,8.679348,-0.22219174,-0.9373241,1.2575904,-5.0715556,-5.509939,0
14.0,4,0.5010119,-2.5112207,-1.9028654,-4.194952,9.564326,3.1689796,-2.3864155,-1.7435812,-1.5703661,-2.3427079,-2.3078773,-0.9323168,-0.69678813,2.031378,8.60003,-0.2630772,-0.9339636,1.2291833,-5.0415497,-5.505589,0
13.0,5,0.357176,-0.62175137,-4.485296,-1.5426042,1.5336514,7.1313944,-0.22408637,0.8685187,-0.02252753,-4.6483784,-4.742839,-3.933583,3.178536,2.524672,3.6307878,3.0846543,-2.3625133,-2.5162866,-6.323471,-5.661467,0
13.0,5,0.39196715,-0.59465325,-4.467518,-1.5072739,1.466157,7.1702476,-0.26324755,0.9082831,-0.052670233,-4.636599,-4.7464843,-3.9396365,3.1832721,2.4926162,3.6295977,3.099689,-2.3772335,-2.5268111,-6.3162885,-5.6579905,0
13.0,5,0.3536417,-0.6779291,-4.462473,-1.5134537,1.3295497,6.995352,-0.3401973,0.8744645,0.05059241,-4.637685,-4.7181807,-3.8892145,3.3639476,2.638619,3.6244845,3.1470282,-2.4055245,-2.5570455,-6.2718644,-5.6347737,0
13.0,5,0.45881557,-0.6007197,-4.4336157,-1.4484609,1.2983347,7.136031,-0.3994004,0.9284266,-0.096852474,-4.6134377,-4.751601,-3.8870046,3.2397392,2.4859173,3.6306436,3.2823727,-2.4328318,-2.5448859,-6.278328,-5.694765,0
13.0,5,0.42237622,-0.571571,-4.453202,-1.4782732,1.4159106,7.2030377,-0.295084,0.9372065,-0.08138039,-4.626182,-4.7503843,-3.9433987,3.180278,2.4622436,3.6279755,3.1204336,-2.3894386,-2.533945,-6.3107157,-5.65902,0
13.0,5,0.38772574,-0.5989152,-4.4710712,-1.5143651,1.482935,7.1631517,-0.2557238,0.89850724,-0.049385436,-4.6384573,-4.7470984,-3.938397,3.1774683,2.495886,3.6288896,3.102478,-2.3743293,-2.5232985,-6.318828,-5.66158,0
14.0,14,-0.86762166,-0.6128704,-1.9605778,-4.53667,-0.8820231,1.9355682,-0.4981487,2.3817093,-2.418449,1.644616,-1.7620021,-2.3159997,0.42142117,0.27557057,10.949329,-1.3772589,0.65599614,-2.0158212,-1.3406483,-2.148376,1
14.0,14,-0.8331733,-0.63702655,-1.9413646,-4.5441484,-0.7439299,2.0428116,-0.6534953,2.331713,-2.369399,1.514721,-1.7380881,-2.313013,0.32619482,0.21491379,11.086944,-1.2703638,0.5818801,-1.8648386,-1.466526,-2.2653532,1
14.0,14,-0.710176,-0.6206302,-1.8877074,-4.752272,-0.51596284,2.0414605,-1.3185872,1.2861274,-2.0873718,2.2087867,-1.9220388,-2.239503,0.3598589,0.5441063,11.29573,-1.0548586,0.6085413,-2.3141139,-1.0564344,-2.2414434,1
14.0,14,-0.6496456,-0.6512456,-1.9129844,-4.720265,-0.06437508,2.8287015,-1.946125,0.80458903,-1.7534772,1.454092,-1.8612092,-2.3345776,-0.056360073,0.5437654,11.889163,-0.3402686,0.1617072,-2.0416703,-1.6375816,-2.6991951,1
14.0,14,-0.8053514,-0.6673121,-1.9263477,-4.540283,-0.6371655,2.1497588,-0.7984732,2.2870467,-2.3289444,1.3642465,-1.6969064,-2.2776716,0.22504109,0.17018713,11.22517,-1.1510204,0.5169045,-1.7726558,-1.5743754,-2.3607614,1
14.0,14,-0.82901335,-0.63911813,-1.9425285,-4.5435257,-0.7399895,2.041259,-0.6686044,2.3223133,-2.3686578,1.5106174,-1.7340432,-2.3014767,0.318197,0.21517557,11.09972,-1.2614344,0.5878094,-1.8746728,-1.4616278,-2.2634428,1
8.0,8,-0.90940356,-0.8633434,4.1303473,-1.698056,-2.1881065,0.28186917,-1.7913586,-3.8230112,8.848396,-1.7711204,-0.7954018,-4.4974666,7.5655503,0.13002242,-0.6722991,-0.2812795,-4.153603,-1.6110919,-0.2788304,-3.4256637,1
8.0,8,-0.9160154,-0.8668869,4.108434,-1.7029369,-2.1888618,0.28220332,-1.7876532,-3.8221061,8.859986,-1.7677453,-0.7987106,-4.4925017,7.5819697,0.13684039,-0.6821673,-0.29966688,-4.145925,-1.6120957,-0.26227716,-3.424491,1
8.0,8,-0.92037594,-0.8674728,4.099233,-1.7091067,-2.1878757,0.284894,-1.7918141,-3.8272827,8.862489,-1.7712358,-0.7914752,-4.486037,7.577969,0.13065614,-0.66915065,-0.29605573,-4.1485896,-1.6082115,-0.24525876,-3.4245565,1
8.0,8,-0.90196,-0.86204785,4.1594505,-1.6954199,-2.1796324,0.28277904,-1.7979058,-3.8274722,8.838604,-1.7770566,-0.78909874,-4.503171,7.536027,0.11875427,-0.6547118,-0.25764173,-4.164177,-1.6027563,-0.29799455,-3.4301364,1
8.0,8,-0.917274,-0.8675024,4.1036787,-1.7034655,-2.1897473,0.28195333,-1.7878646,-3.8230846,8.862693,-1.7661487,-0.7988313,-4.491479,7.5836296,0.13782664,-0.6826059,-0.30174524,-4.1451664,-1.6130741,-0.25741053,-3.424632,1
8.0,8,-0.9128058,-0.8648734,4.1183763,-1.7002965,-2.189586,0.2819999,-1.7895467,-3.8227327,8.855123,-1.7685277,-0.79721063,-4.4948826,7.5743246,0.13418192,-0.6781867,-0.2910375,-4.149586,-1.6127626,-0.26972082,-3.4247394,1
3.0,3,-0.7389477,0.47172195,1.4337807,11.893751,-0.7570093,0.17551401,-0.56955516,0.064455375,-2.2380886,-2.4932055,-0.71204704,2.1494792,0.12651277,-2.516416,-2.6299648,0.05265397,0.9440331,-0.5365999,-3.8616054,-1.9717871,1
3.0,3,-0.73732734,0.4684782,1.4324735,11.89331,-0.75813186,0.1749638,-0.5719479,0.063630134,-2.234684,-2.4945903,-0.7061042,2.1462789,0.12726384,-2.5173538,-2.6283305,0.05267118,0.94422454,-0.5392831,-3.8622832,-1.9707893,1
3.0,3,-0.7358598,0.46610123,1.4308479,11.893164,-0.7589368,0.1745151,-0.57381684,0.06301477,-2.232259,-2.4952707,-0.7013546,2.144242,0.12752503,-2.5184479,-2.6274526,0.05252763,0.94487107,-0.5412713,-3.862597,-1.9698212,1
3.0,3,-0.7329836,0.4615591,1.4285619,11.892649,-0.7611566,0.17376329,-0.5775608,0.06145566,-2.2268949,-2.4970703,-0.6917177,2.1391704,0.12839726,-2.51999,-2.6252582,0.05259414,0.94523543,-0.5459556,-3.863575,-1.9680315,1
3.0,3,-0.7354167,0.46505076,1.4311225,11.892784,-0.7593142,0.1744138,-0.5744886,0.062767915,-2.2309418,-2.4961312,-0.6997891,2.142443,0.12815183,-2.518339,-2.6265352,0.05269797,0.9442869,-0.54228,-3.8630908,-1.9697317,1
3.0,3,-0.7377691,0.4691843,1.432755,11.893444,-0.75807834,0.17507403,-0.5714991,0.06369963,-2.2353961,-2.4942248,-0.7071785,2.147201,0.12702155,-2.5171154,-2.6287353,0.052689448,0.9442789,-0.5388021,-3.8620796,-1.9709425,1
3.0,3,0.5150231,8.942752,-0.37856236,9.237283,-2.1189325,1.9662731,1.6832535,-2.0110817,-4.6062613,-0.32590178,-4.28052,-0.7639647,-1.3401532,-1.6167905,-0.89892095,0.5634066,-0.32130477,-1.1186242,-3.087838,-2.8808954,1
3.0,3,0.51532096,8.942734,-0.3786016,9.237283,-2.1192932,1.9667685,1.6825684,-2.0110857,-4.6063457,-0.32593533,-4.2805667,-0.76388836,-1.3400776,-1.6167634,-0.8981076,0.56379247,-0.32144767,-1.1191534,-3.0878947,-2.880933,1
3.0,3,0.517522,8.945328,-0.37931392,9.235639,-2.1209357,1.9680966,1.6804318,-2.0126035,-4.605806,-0.32475862,-4.2801523,-0.76494646,-1.3404074,-1.61639,-0.8970345,0.5646424,-0.32203674,-1.1201221,-3.0876875,-2.8810282,1
3.0,3,0.51957524,8.942961,-0.37913844,9.238306,-2.1205528,1.9687188,1.6784731,-2.0113423,-4.606333,-0.3264432,-4.279356,-0.76399875,-1.3400036,-1.6186168,-0.8960902,0.5656145,-0.3213977,-1.1218139,-3.088284,-2.8803256,1
3.0,3,0.5154039,8.9426565,-0.37856442,9.237374,-2.1192918,1.9668155,1.682457,-2.0110435,-4.6063676,-0.32599086,-4.280535,-0.7638197,-1.3400743,-1.6168337,-0.8980624,0.5638548,-0.32145303,-1.1192364,-3.0879273,-2.8809152,1
3.0,3,0.5149396,8.942925,-0.37852404,9.237101,-2.1190462,1.9663639,1.6832025,-2.0111687,-4.60625,-0.32579252,-4.2805867,-0.7639575,-1.3401788,-1.616615,-0.89881265,0.5634547,-0.32142028,-1.118642,-3.0878255,-2.8809648,1
18.0,18,-1.7380856,-1.2935545,-1.754773,-1.928848,-2.6464574,-2.3966365,0.020447828,-1.275466,0.41062614,-0.9036165,-0.7253726,-0.2911149,5.562467,-0.5925377,0.48825526,-2.4943876,3.0288377,-3.9574783,11.875849,1.6541928,1
18.0,18,-1.7307615,-1.3002098,-1.7476661,-1.9229581,-2.637995,-2.405399,0.010360308,-1.2834222,0.39804673,-0.89516205,-0.72196823,-0.2878456,5.580358,-0.5864184,0.49006766,-2.500681,3.0170226,-3.9560406,11.879468,1.6742077,1
18.0,18,-1.7502087,-1.2960181,-1.7645074,-1.8797252,-2.7345858,-2.4408753,-0.1830711,-1.4716934,0.6865441,-0.73904306,-0.69560236,-0.30747038,5.970245,-0.592274,0.4903239,-2.570965,2.7865,-3.962034,11.851386,1.7597603,1
18.0,18,-1.810504,-1.2055733,-1.9167949,-1.8424624,-2.896272,-2.369307,-0.29476288,-1.3291801,0.8444274,-0.81179696,-0.7689346,-0.38527745,6.3214,-0.7357311,0.49402303,-2.5518887,2.827634,-3.9214308,11.557791,1.5498459,1
18.0,18,-1.7332566,-1.2945566,-1.7579218,-1.9063381,-2.6592064,-2.4093263,-0.019567251,-1.2911917,0.4244104,-0.88418156,-0.7224651,-0.29441366,5.6643405,-0.60449433,0.49262297,-2.5101185,2.9939437,-3.9551842,11.854511,1.6827364,1
18.0,18,-1.732315,-1.2989702,-1.7487093,-1.924349,-2.639424,-2.4037485,0.016214572,-1.2814565,0.39785305,-0.8988497,-0.722085,-0.287335,5.5700607,-0.5871494,0.48964465,-2.4977336,3.0213184,-3.9569352,11.88098,1.671581,1
17.0,17,-1.7300563,1.0106372,-0.5342004,-1.0368478,3.5384347,3.0233665,-1.1202698,0.7922951,-1.7076064,-1.5470427,-0.5414374,-1.2708184,-2.088573,-0.9437541,-1.4638828,1.6011208,-1.320935,12.2305975,-6.3930492,-5.1589694,1
17.0,17,-1.7224376,1.014738,-0.5341239,-1.0350754,3.537076,3.0259397,-1.111999,0.8132087,-1.7119368,-1.5453699,-0.5595827,-1.2759662,-2.0697973,-0.94901466,-1.4695169,1.5764128,-1.3161604,12.233376,-6.388458,-5.1618166,1
17.0,17,-1.7720951,1.016461,-0.5408717,-1.0358651,3.436618,3.0401773,-1.0960017,0.7639264,-1.7001644,-1.6019539,-0.5039078,-1.2435858,-2.098125,-0.90164584,-1.4531461,1.7259151,-1.3943686,12.190148,-6.409727,-5.1322455,1
17.0,17,-1.8153912,1.0113316,-0.548017,-1.0438349,3.361633,3.03913,-1.0909219,0.6953486,-1.6884662,-1.6475753,-0.43635148,-1.2220001,-2.1372228,-0.85914093,-1.4342303,1.8775712,-1.4607861,12.14772,-6.427447,-5.101205,1
17.0,17,-1.7521092,1.0056893,-0.5298369,-1.0353373,3.5009284,3.033938,-1.1051005,0.7863052,-1.7092259,-1.5679921,-0.5201612,-1.247649,-2.108396,-0.9226988,-1.4544742,1.6682677,-1.3738247,12.210822,-6.4070477,-5.1487885,1
17.0,17,-1.7396985,1.0081203,-0.53216404,-1.036552,3.5227818,3.0276246,-1.114114,0.7883916,-1.7081558,-1.5561787,-0.53159624,-1.2610743,-2.0979226,-0.93435615,-1.4596612,1.6322019,-1.3444111,12.22145,-6.399414,-5.154523,1
13.0,13,-1.1397549,1.8138292,-1.1510694,-3.2104957,-1.1551963,2.3253045,-3.0863228,-1.8662213,-2.0928087,-1.3783046,-3.6720738,-0.5240312,0.17996377,13.088926,1.9785653,1.0823965,-1.3560011,-0.8056504,-1.8997127,-3.1228411,1
13.0,13,-1.1371175,1.8168831,-1.1520194,-3.2108448,-1.15567,2.3295612,-3.0851874,-1.8669847,-2.0925872,-1.3782103,-3.6725652,-0.5267285,0.18147895,13.089016,1.9766442,1.0807062,-1.3582641,-0.8089681,-1.899717,-3.121839,1
13.0,13,-1.1398143,1.8181796,-1.1568917,-3.2036223,-1.1516292,2.3336258,-3.0893383,-1.8747557,-2.0948668,-1.3742045,-3.6703546,-0.51062423,0.16855255,13.088086,1.9764596,1.0877944,-1.35882,-0.8048186,-1.8992583,-3.1259298,1
13.0,13,-1.1108627,1.8503723,-1.155678,-3.2130632,-1.1758603,2.3753276,-3.076905,-1.8673924,-2.1030858,-1.3798599,-3.6876745,-0.57669646,0.23174733,13.090519,1.9762386,1.0560688,-1.3724209,-0.8511749,-1.9094468,-3.0980952,1
13.0,13,-1.1333579,1.8211455,-1.152493,-3.2116063,-1.157215,2.3350902,-3.0841577,-1.8675358,-2.0931652,-1.3780023,-3.673657,-0.5323529,0.18469554,13.089063,1.9757646,1.078277,-1.3606621,-0.81325984,-1.9005061,-3.1191149,1
13.0,13,-1.1380192,1.8155191,-1.151725,-3.2106342,-1.1548135,2.3278227,-3.086024,-1.8671474,-2.0926206,-1.377715,-3.67191,-0.5247702,0.17879298,13.088868,1.9772936,1.082106,-1.3576598,-0.806686,-1.8997054,-3.1222525,1
4.0,15,-3.3362246,-2.3839731,-4.1562786,-1.5385035,5.3150625,0.8180549,6.975336,6.410857,-5.3667755,-4.918857,-3.8918483,-1.1484323,-1.759619,-3.7240014,1.9645478,7.113791,-0.35897657,-1.1361814,-3.9577694,-2.7427125,0
4.0,15,-3.2924771,-2.4821596,-4.1594887,-1.5596498,5.4985385,0.73301685,6.7617335,6.2485194,-5.314909,-4.8820553,-3.8538213,-1.1398509,-1.7361833,-3.7214963,2.1003954,7.234103,-0.47110033,-1.0391668,-3.9924712,-2.7763577,0
4.0,15,-3.140984,-2.7125165,-4.275294,-1.685815,5.8990936,0.62326634,5.996128,5.7243385,-5.0619287,-4.838125,-3.768759,-1.2214227,-1.3501613,-3.5450037,2.6406667,7.281267,-0.5997261,-0.8362176,-4.184152,-2.9170527,0
4.0,15,-3.122023,-2.7436552,-4.284168,-1.7215414,6.008823,0.5636128,5.915706,5.6061773,-5.048896,-4.819608,-3.743211,-1.2012489,-1.3149333,-3.5783465,2.716353,7.262944,-0.57330096,-0.77314055,-4.1728473,-2.9437206,0
4.0,15,-3.28602,-2.4926043,-4.161018,-1.5638223,5.526242,0.72231674,6.733883,6.2215543,-5.308793,-4.877464,-3.8497403,-1.1391666,-1.7304782,-3.7235527,2.121082,7.2445645,-0.47997954,-1.025769,-3.996358,-2.7827644,0
4.0,15,-3.3035355,-2.4550917,-4.159589,-1.5552667,5.45309,0.75575435,6.8188496,6.2893214,-5.3297358,-4.891544,-3.8650422,-1.1425234,-1.7424783,-3.72301,2.0665028,7.200491,-0.43867782,-1.0655658,-3.9834461,-2.7691498,0
7.0,7,-2.557538,-2.7707796,-2.4013157,-1.6597614,0.92029893,0.3634645,6.9880815,12.039872,-3.394841,-3.602824,-1.8702779,-0.4968541,-1.2518265,-1.7819879,-1.7015672,3.4651375,-3.0232768,-1.4593543,-4.1918387,-1.2465049,1
7.0,7,-2.5139549,-2.8215122,-2.420132,-1.6628859,0.9946621,0.32618496,6.9257674,12.017018,-3.4006748,-3.6206656,-1.85114,-0.48679096,-1.2962147,-1.7793696,-1.6388069,3.555374,-3.0648406,-1.4562074,-4.2228937,-1.2737944,1
7.0,7,-2.264454,-3.0126057,-2.3878202,-1.5789728,1.0755587,0.44719455,6.482946,12.147384,-3.223612,-3.580844,-1.7792922,-0.7685517,-1.2361089,-1.8348117,-1.5117911,3.5404363,-3.2457259,-1.3563342,-4.3806086,-1.2356777,1
7.0,7,-2.220084,-3.013437,-2.3605368,-1.5556616,1.0181206,0.5107318,6.3806925,12.213355,-3.1641955,-3.5482018,-1.7842091,-0.8715266,-1.177317,-1.8383484,-1.5292878,3.4668293,-3.26305,-1.3215078,-4.410685,-1.2017694,1
7.0,7,-2.443581,-2.8906198,-2.4377525,-1.6637642,1.0665841,0.30251852,6.8103786,12.016289,-3.3941646,-3.640846,-1.8183606,-0.5003573,-1.3305188,-1.7832656,-1.5516002,3.6350954,-3.1147463,-1.4428424,-4.268799,-1.2974039,1
7.0,7,-2.5145936,-2.8228216,-2.4219067,-1.6637126,1.0006037,0.3199362,6.9295483,12.011203,-3.4028697,-3.6215608,-1.8511667,-0.48204288,-1.3017709,-1.7783041,-1.6374812,3.5646358,-3.0666332,-1.4573895,-4.223058,-1.2765425,1
16.0,16,-0.80123204,0.07632196,-2.3029509,-1.9222441,1.4510038,-1.9858323,-2.607209,1.4748534,-1.9418635,-1.323518,0.6891344,-0.09208433,-2.4211068,-2.918887,0.327003,-2.0763874,11.761364,4.524747,-2.1844969,-2.8436854,1
16.0,16,-0.82047963,0.08420165,-2.3069584,-1.9159098,1.4122189,-1.9927329,-2.661856,1.4086434,-1.8890699,-1.3215266,0.74482894,-0.088095516,-2.3942711,-2.8889384,0.29582655,-2.1122196,11.762271,4.6365714,-2.1826189,-2.847457,1
16.0,16,-0.82927805,0.12536563,-2.3546782,-1.8879615,1.2891158,-2.0123081,-2.6978376,1.257434,-1.8234428,-1.3330151,0.79867744,-0.0556726,-2.3378508,-2.8508768,0.2797528,-2.1113591,11.846692,4.5519347,-2.0822299,-2.7886374,1
16.0,16,-0.8451686,0.13098039,-2.3544192,-1.8848262,1.2662458,-2.0115588,-2.732273,1.2194842,-1.7858328,-1.3300134,0.8327423,-0.059656233,-2.3213532,-2.8342555,0.2571239,-2.1372926,11.837632,4.6451273,-2.0876224,-2.798297,1
16.0,16,-0.8348108,0.0900227,-2.3102062,-1.9119669,1.3852854,-1.9967102,-2.7000918,1.3618457,-1.8512691,-1.3195922,0.7838619,-0.08635114,-2.3749614,-2.8684459,0.2736538,-2.1371899,11.761351,4.7182117,-2.1823072,-2.8510706,1
16.0,16,-0.8199969,0.08375138,-2.3066597,-1.9166024,1.4141804,-1.9921027,-2.664717,1.4095371,-1.8891095,-1.3212769,0.7463797,-0.08873816,-2.3961532,-2.8894536,0.29770845,-2.1115437,11.760298,4.639412,-2.1852539,-2.8481789,1
14.0,14,-0.6185031,-1.4982221,-0.2820229,-1.3182411,0.22533879,4.4852242,-3.5234818,-0.5986768,0.0009081587,-5.44224,-2.281092,-2.8007255,-0.97909963,-0.42226794,11.110503,6.004003,-1.3973861,-0.877521,-3.779325,-4.582967,1
14.0,14,-0.56344354,-1.4864585,-0.35421762,-1.3792928,0.14299123,4.613569,-3.5751762,-0.73249733,0.04779402,-5.374238,-2.2522388,-2.7854242,-0.98489684,-0.33850434,11.077692,6.132017,-1.4396944,-1.1155319,-3.7471943,-4.561767,1
14.0,14,-0.6315408,-1.3366122,-0.53189164,-1.3796368,-0.13899812,5.3366427,-3.597667,-0.4491571,0.20159999,-5.27413,-2.4538217,-2.9607081,-0.9989204,-0.3468346,10.788616,5.933098,-1.2745444,-1.044711,-3.9280374,-4.6412506,1
14.0,14,-0.52482134,-1.2071495,-0.79359925,-1.5621259,-0.47414827,5.831793,-3.712992,-0.98979497,0.36556897,-4.943462,-2.3824768,-2.9083803,-1.0597578,-0.0005135387,10.574998,6.438501,-1.474529,-1.8496493,-3.801163,-4.5624666,1
14.0,14,-0.52746123,-1.4747624,-0.4033571,-1.4215332,0.079468854,4.7043247,-3.6117926,-0.8412758,0.0827663,-5.318849,-2.2293246,-2.7728927,-0.9890668,-0.2701581,11.050846,6.2343273,-1.4786907,-1.2942464,-3.7212906,-4.5436726,1
14.0,14,-0.5577556,-1.4694796,-0.39152637,-1.400607,0.091391645,4.7162256,-3.5889766,-0.7840024,0.06940975,-5.342619,-2.2604666,-2.783752,-0.99215287,-0.276937,11.0518465,6.1945643,-1.4698765,-1.2315853,-3.736215,-4.553656,1
7.0,7,-2.0629032,-1.8933694,-2.829387,-1.3473583,2.322883,3.0527122,9.617085,11.510246,-3.927308,-3.1493146,-2.5759737,-0.7482405,-2.294013,-2.9689581,-3.527223,1.5930284,-2.213296,-1.8817625,-3.9919925,-1.2190232,1
7.0,7,-1.9910913,-1.9700274,-2.8505743,-1.3463562,2.423551,3.0141013,9.552158,11.533918,-3.931849,-3.1619186,-2.5589945,-0.7340815,-2.3224752,-3.0079787,-3.477456,1.6582469,-2.272052,-1.8685455,-4.023441,-1.2432965,1
7.0,7,-1.6539314,-2.219811,-2.8379006,-1.3006518,2.6166003,2.9454749,9.058216,11.777387,-3.8239136,-3.1362684,-2.514014,-0.94582653,-2.2613761,-3.034557,-3.3686275,1.7811315,-2.598655,-1.7393432,-4.191473,-1.2327801,1
7.0,7,-1.6648104,-2.1869712,-2.8030722,-1.2871912,2.5403895,2.9766245,9.020567,11.816729,-3.787914,-3.1103265,-2.531828,-1.0277007,-2.207267,-2.9888284,-3.4178808,1.739343,-2.620322,-1.7173691,-4.1999145,-1.1941444,1
7.0,7,-1.8762695,-2.0674465,-2.870924,-1.3478739,2.5204742,2.9871519,9.413748,11.608838,-3.925134,-3.1719348,-2.5370748,-0.7495902,-2.3350968,-3.048367,-3.406287,1.7137452,-2.352337,-1.8404925,-4.07645,-1.2656821,1
7.0,7,-1.9918494,-1.9690015,-2.8504262,-1.3465431,2.4229572,3.0141485,9.553285,11.533505,-3.932393,-3.1616938,-2.5597088,-0.73380286,-2.3229196,-3.0072649,-3.4777184,1.6587144,-2.2718892,-1.868799,-4.023372,-1.2435095,1
10.0,10,-1.0520705,-3.403876,-2.3523583,0.34990266,-1.423036,-2.1769533,-2.8187797,-2.0544338,1.8332678,-0.1871386,12.29396,2.720475,-2.7357106,-1.267663,-0.34080243,-1.0858622,0.9834612,0.2864533,-1.808038,1.2807813,1
10.0,10,-1.0441175,-3.4248424,-2.3532805,0.33683977,-1.4170628,-2.1763422,-2.8246293,-2.042056,1.8523183,-0.2123205,12.285827,2.6883495,-2.7316165,-1.2688224,-0.31688255,-1.0502602,0.9587198,0.27444893,-1.8243971,1.2825482,1
10.0,10,-1.0480361,-3.4280205,-2.3511443,0.34156507,-1.4394441,-2.178171,-2.8232996,-2.0232315,1.8614149,-0.22956292,12.2811,2.683703,-2.7213197,-1.2709353,-0.3198204,-1.0426322,0.96979123,0.24799821,-1.8215668,1.292948,1
10.0,10,-1.0400798,-3.4760494,-2.352785,0.3119273,-1.4404143,-2.1786165,-2.8365602,-1.9913249,1.9053385,-0.30137238,12.261865,2.625185,-2.7104602,-1.2677529,-0.26400208,-0.9558613,0.9276762,0.21307339,-1.8551983,1.293049,1
10.0,10,-1.0395638,-3.4388566,-2.354216,0.32781506,-1.413648,-2.1765897,-2.8287492,-2.0338893,1.864589,-0.22989988,12.280658,2.668603,-2.7289517,-1.2692378,-0.3007785,-1.0269718,0.9446575,0.26663148,-1.8346282,1.2832837,1
10.0,10,-1.0451694,-3.4214902,-2.3531399,0.3389252,-1.4185045,-2.1767309,-2.8241587,-2.0442576,1.8495094,-0.2091603,12.287193,2.6932738,-2.732346,-1.2685494,-0.3201415,-1.056096,0.9642015,0.27612957,-1.8217009,1.2821157,1
18.0,18,-1.576855,-1.4765425,0.8439477,-1.6740105,-2.9366107,-3.6175678,1.4596063,-2.9567127,2.205319,-0.5929836,0.4068203,-0.03518995,1.7114153,-1.2707076,-0.8247378,-2.150397,2.9718008,-3.542384,12.948263,3.3532202,1
18.0,18,-1.5738782,-1.474153,0.8360022,-1.6746227,-2.9304035,-3.6128883,1.4743221,-2.946236,2.188085,-0.6005995,0.40062097,-0.034017976,1.7055515,-1.2716105,-0.82143784,-2.1465333,2.9737551,-3.5467293,12.942926,3.3355732,1
18.0,18,-1.5710617,-1.4698555,0.7880084,-1.6877196,-2.9100187,-3.600857,1.4453747,-2.976127,2.2320445,-0.5717789,0.3937014,-0.03160859,1.6855212,-1.2752545,-0.8139448,-2.1380274,2.9865553,-3.5398068,12.941854,3.2697217,1
18.0,18,-1.5412134,-1.4574614,0.79029465,-1.6940848,-2.914828,-3.5797815,1.5928191,-2.834628,2.0698726,-0.6964887,0.35370633,-0.03900209,1.6776559,-1.2915978,-0.79565775,-2.1212366,3.0101562,-3.5771215,12.882615,3.201237,1
18.0,18,-1.5709783,-1.4718242,0.83144784,-1.674837,-2.9262004,-3.608502,1.4921002,-2.9326477,2.1689875,-0.6114147,0.394638,-0.033279262,1.6998764,-1.2733257,-0.81850314,-2.1429315,2.9752522,-3.5513577,12.936577,3.3205655,1
18.0,18,-1.5749816,-1.4747243,0.8397206,-1.6737313,-2.9321969,-3.6141686,1.473021,-2.947314,2.190393,-0.5999319,0.40223005,-0.034162655,1.7062801,-1.2717161,-0.82258207,-2.147459,2.9724104,-3.5458922,12.943911,3.341375,1
10.0,10,-1.2597888,-3.9313817,-1.9576432,0.605401,-1.7989554,-0.8499011,-2.0425313,-0.5223515,1.4693828,-2.2687004,10.172012,3.0564716,-2.1804538,0.3614437,1.0043186,2.1543174,-3.0041049,-2.097719,-2.988707,-0.3235112,1
10.0,10,-1.2211025,-3.960599,-1.9458691,0.5560977,-1.7561612,-0.8776834,-2.0579302,-0.5673461,1.5507424,-2.2904742,10.262028,2.9020097,-2.2308033,0.20811704,1.0012226,2.2100058,-2.9815538,-1.940815,-2.999293,-0.27808595,1
10.0,10,-1.1313844,-4.067019,-1.952426,0.5213957,-1.7787344,-0.99457705,-2.0833955,-0.5882579,1.8319948,-2.3735993,10.372463,2.5081403,-2.123041,-0.18202753,0.9810994,2.2632532,-2.8957467,-1.7609105,-2.9105659,-0.18332276,1
10.0,10,-1.0853176,-4.0739245,-1.9228224,0.45934072,-1.6931784,-1.0167834,-2.1428971,-0.7078936,1.966001,-2.4339468,10.462458,2.3331788,-2.2756326,-0.35428125,0.97745615,2.4013577,-2.8657544,-1.4616015,-2.9860244,-0.17283085,1
10.0,10,-1.203938,-3.97148,-1.9404134,0.53495115,-1.7369931,-0.8873855,-2.0662007,-0.58842504,1.5867462,-2.2998862,10.300128,2.8351774,-2.2541907,0.14187591,0.99898523,2.2348294,-2.9724188,-1.8682162,-3.0064645,-0.26037925,1
10.0,10,-1.2285413,-3.954185,-1.9487356,0.56585896,-1.7619361,-0.87200963,-2.0546162,-0.56049335,1.5339789,-2.2850997,10.246133,2.9353824,-2.2239952,0.23869318,1.0001234,2.1972594,-2.9848151,-1.9695418,-2.997473,-0.2885499,1
3.0,3,-0.32960978,1.7880502,0.5700793,11.724997,-0.5059296,-0.7011889,0.38814571,-0.75799096,-2.5595903,-1.9254172,-1.7974546,1.4375901,0.2789526,-3.4554527,-2.7109709,-1.1561339,2.29801,0.6743807,-2.208329,-2.5787559,1
3.0,3,-0.31398678,1.7776763,0.56371546,11.730929,-0.5174535,-0.6991447,0.36777335,-0.7546252,-2.5258217,-1.9212435,-1.767722,1.4315333,0.28536108,-3.486446,-2.7252774,-1.162852,2.3115337,0.6617515,-2.217472,-2.5700698,1
3.0,3,-0.30305716,1.7655041,0.55193615,11.736169,-0.5287218,-0.70023906,0.35055736,-0.75468063,-2.489024,-1.9148142,-1.7387009,1.4301012,0.29088944,-3.515995,-2.7390478,-1.1699493,2.322338,0.6513113,-2.219422,-2.562449,1
3.0,3,-0.28172982,1.7513919,0.5405069,11.744827,-0.5462637,-0.6984161,0.32019627,-0.75410926,-2.4371035,-1.9082099,-1.6916305,1.417479,0.29691625,-3.5584524,-2.7568889,-1.1794411,2.3379161,0.63587934,-2.2313378,-2.5502725,1
3.0,3,-0.29873776,1.7689519,0.558139,11.736804,-0.5286068,-0.6966547,0.34776372,-0.7529311,-2.4933817,-1.9178902,-1.7382913,1.4217637,0.29043335,-3.5141666,-2.7369604,-1.1688201,2.3219442,0.6510817,-2.227491,-2.561802,1
3.0,3,-0.31407905,1.7785056,0.56393564,11.731023,-0.51710266,-0.69890285,0.3681421,-0.7552023,-2.5265408,-1.9214367,-1.7679678,1.4291428,0.28483135,-3.4849732,-2.7242239,-1.1626221,2.3096926,0.66289103,-2.2177029,-2.5700624,1
3.0,3,-0.75553083,1.8758106,0.66952497,11.983342,-0.3855361,-0.7177942,0.44582984,-0.65510774,-3.01603,-1.9682151,-1.3530573,1.3414396,-0.4454252,-3.0776353,-1.8396071,-0.8691579,1.3030905,0.866035,-2.6865811,-2.3489847,1
3.0,3,-0.7471577,1.867944,0.6687662,11.990978,-0.3916612,-0.7165612,0.42488548,-0.6590284,-2.995535,-1.9633572,-1.3372443,1.3469932,-0.4439178,-3.0888436,-1.8468482,-0.8688009,1.3052965,0.85878944,-2.689717,-2.3422694,1
3.0,3,-0.742247,1.8607187,0.66394615,11.996618,-0.39659822,-0.7167692,0.41133478,-0.66339326,-2.9769938,-1.9584237,-1.324559,1.3521931,-0.44347262,-3.099497,-1.8518516,-0.8688177,1.3076171,0.8523947,-2.6893606,-2.3373754,1
3.0,3,-0.7333962,1.850687,0.6612672,12.0044155,-0.4034156,-0.7155206,0.3898156,-0.66697764,-2.9527895,-1.9529527,-1.3056723,1.3545563,-0.4418676,-3.1141305,-1.8586293,-0.8690195,1.3106304,0.84442747,-2.6925883,-2.3299882,1
3.0,3,-0.73985195,1.8603601,0.66769487,11.997456,-0.39691877,-0.7154716,0.40704343,-0.6620078,-2.9771526,-1.959339,-1.3224858,1.3495755,-0.44249603,-3.0999098,-1.8522379,-0.868768,1.3075836,0.8524772,-2.6925664,-2.336215,1
3.0,3,-0.7480362,1.868557,0.66874677,11.990107,-0.39101565,-0.71669173,0.4272438,-0.6584853,-2.9975076,-1.9640001,-1.3386463,1.3453838,-0.4439515,-3.0880866,-1.845713,-0.86896276,1.305215,0.8596341,-2.6893706,-2.342841,1
2.0,2,-0.5468505,1.4397914,10.118323,-2.327407,-2.206412,-0.57101154,-2.3552444,-0.2849807,0.81840014,8.143154,-2.6052926,-2.4428992,0.63903683,1.2037821,0.19755952,-2.5508542,-2.5345716,0.8912519,-2.997926,-2.3306048,1
2.0,2,-0.5466229,1.4412646,10.107375,-2.3323858,-2.2042906,-0.5723382,-2.3547208,-0.28443033,0.8147398,8.156089,-2.60633,-2.4417448,0.63767964,1.2025108,0.19949545,-2.5524669,-2.5334697,0.8891134,-2.9946458,-2.326901,1
2.0,2,-0.5450391,1.4420388,10.0981045,-2.3379784,-2.2027001,-0.5743494,-2.35498,-0.2872752,0.81580466,8.170571,-2.6058712,-2.44314,0.63719743,1.201093,0.19856213,-2.5555494,-2.530654,0.8863219,-2.9909985,-2.321332,1
2.0,2,-0.5486506,1.434885,10.16373,-2.311872,-2.2161336,-0.55709887,-2.3578455,-0.28793857,0.8410705,8.087546,-2.6018345,-2.45328,0.64471126,1.2104888,0.18832825,-2.5438292,-2.5418313,0.8983737,-3.0137393,-2.346395,1
2.0,2,-0.547112,1.4412029,10.111205,-2.3313503,-2.2050805,-0.5702927,-2.3547637,-0.2844901,0.8165849,8.151038,-2.606357,-2.4427626,0.6380287,1.2032921,0.19884874,-2.5516045,-2.534594,0.88949525,-2.996126,-2.328421,1
2.0,2,-0.5467649,1.4408965,10.110701,-2.3308918,-2.2049906,-0.5717385,-2.3548453,-0.2846751,0.8158531,8.152213,-2.6060991,-2.4421756,0.63807356,1.2029533,0.19888301,-2.551819,-2.5338976,0.8896718,-2.9956753,-2.3279524,1
7.0,6,-2.899757,0.03804195,-2.1852837,-1.0757605,-0.434954,3.8161697,10.995196,7.9800196,-3.7046018,-3.8208332,-2.7621992,-1.8760731,0.84383863,-4.17589,-2.642752,-0.4713856,-1.0222468,0.5963932,-1.7316062,-2.3675864,0
7.0,6,-2.8634775,-0.024356931,-2.1495342,-1.0875618,-0.43549067,3.802258,10.793636,8.264737,-3.6913292,-3.8588302,-2.7847915,-1.8919388,0.7777986,-4.188631,-2.599916,-0.41500908,-1.1334527,0.89121985,-1.8963503,-2.424625,0
7.0,6,-2.7836945,-0.021432996,-2.2824676,-1.0925038,-0.3769346,3.1466737,10.983231,7.941858,-3.9139264,-3.716794,-2.5214446,-1.7676352,0.77272457,-4.177376,-2.3469923,-0.42407256,-1.1337973,0.42424095,-1.3482683,-2.0515218,0
7.0,6,-2.8879862,0.20533136,-2.3421612,-1.0360519,-0.31962925,3.1042798,11.561306,6.971843,-3.9286335,-3.591157,-2.4931474,-1.7059277,0.9997131,-4.1164436,-2.481505,-0.53116965,-0.88222617,-0.32431942,-0.8871357,-1.9078104,0
7.0,6,-2.8018816,-0.12433484,-2.0953484,-1.1151423,-0.42594498,3.7518663,10.482591,8.692749,-3.6821775,-3.9194236,-2.8027568,-1.9158303,0.6673042,-4.2112107,-2.5233505,-0.3315755,-1.2967082,1.3471477,-2.1176667,-2.5006397,0
7.0,6,-2.873244,-0.008108333,-2.1559718,-1.0878116,-0.43439412,3.768042,10.869019,8.184046,-3.700782,-3.8473964,-2.765646,-1.882229,0.77035254,-4.1943326,-2.612841,-0.42339742,-1.0961034,0.813315,-1.8312846,-2.401159,0
15.0,15,-1.4009808,-2.204954,-2.6918352,-1.2660915,0.6453259,0.8459879,1.2423321,0.88014877,-1.8566518,-6.071206,1.3081183,0.2223082,-3.8501391,0.9494249,2.312938,11.3244505,-3.8889406,-2.4897447,-4.3754196,-1.0800251,1
15.0,15,-1.3894213,-2.2080534,-2.694523,-1.2719148,0.6662612,0.87186015,1.2210354,0.87562823,-1.852306,-6.068169,1.311973,0.22972502,-3.8551633,0.95183676,2.3141987,11.3252325,-3.9025466,-2.4748685,-4.3958006,-1.1181104,1
15.0,15,-1.4268086,-2.2441018,-2.718828,-1.2709566,0.43025863,0.6999419,1.2749894,0.9232156,-1.6713607,-6.1189723,1.4371355,0.148375,-3.741658,0.93300426,2.2386844,11.1992235,-3.8755038,-2.5300717,-4.2346663,-0.87074137,1
15.0,15,-1.4053689,-2.3156552,-2.7013435,-1.2717896,0.35778165,0.6383599,1.1369045,0.9248527,-1.4845741,-6.141398,1.5701425,0.059940815,-3.7329283,0.88262147,2.3230124,11.155758,-3.8946645,-2.4413629,-4.3004704,-0.82234824,1
15.0,15,-1.3791734,-2.2238057,-2.6866035,-1.2735307,0.6634885,0.87018895,1.1769655,0.87077165,-1.8135556,-6.0681725,1.3367585,0.21117322,-3.8604612,0.93932754,2.344395,11.324408,-3.9131227,-2.4418952,-4.4276977,-1.1320083,1
15.0,15,-1.387731,-2.2158945,-2.6881008,-1.2704855,0.65879375,0.8619455,1.2030265,0.87437594,-1.8331134,-6.0687838,1.3235958,0.21595243,-3.8575797,0.94269043,2.3330884,11.325884,-3.903474,-2.4601486,-4.408495,-1.1130265,1
17.0,17,-1.7824718,0.9668543,-0.43867043,-0.8565123,2.8841105,2.9069772,-0.70547426,1.9536946,-1.8261007,-1.4479247,-0.7207293,-1.277772,-1.6202762,-1.1018534,-1.2860115,0.58755606,-1.4686779,12.56741,-6.127933,-4.823802,1
17.0,17,-1.7822771,0.9697568,-0.4362246,-0.8562778,2.879893,2.914443,-0.7031315,1.9503493,-1.8267282,-1.458422,-0.72654074,-1.2766776,-1.6150032,-1.0989046,-1.286714,0.6035204,-1.4793084,12.558583,-6.131914,-4.827176,1
17.0,17,-1.806152,0.97176117,-0.43857464,-0.860265,2.8428483,2.896109,-0.71839404,1.8646594,-1.7873203,-1.4917128,-0.6602947,-1.2605749,-1.6268351,-1.0836082,-1.2730097,0.67519355,-1.5158675,12.559998,-6.1369724,-4.8091893,1
17.0,17,-1.8191308,0.974595,-0.44321683,-0.86189413,2.8126466,2.871252,-0.72363955,1.8194087,-1.7610972,-1.5038567,-0.6250448,-1.2590578,-1.6168675,-1.0816283,-1.2700174,0.6964079,-1.5237404,12.568422,-6.126801,-4.7888355,1
17.0,17,-1.7923586,0.96951836,-0.4365243,-0.85793495,2.8709927,2.9106786,-0.7109991,1.9121133,-1.8110414,-1.471366,-0.69819397,-1.2678313,-1.6279055,-1.0903854,-1.2787107,0.64002776,-1.5012916,12.558037,-6.1380424,-4.8220735,1
17.0,17,-1.7892649,0.96768963,-0.43808433,-0.85752,2.877035,2.9073381,-0.70999706,1.9259233,-1.815314,-1.4604626,-0.7037257,-1.2714232,-1.6271932,-1.0948362,-1.280826,0.61855704,-1.4881611,12.563705,-6.1335955,-4.8214607,1
0.0,0,12.5827465,3.9190218,1.4230444,-2.5169477,0.42153773,1.1277175,-2.5514646,-1.5547329,1.097819,-0.21943158,-1.9366748,-4.2768645,-2.1092753,-2.4849007,-1.4391191,1.5672219,-1.4082896,-2.4151073,-2.3434982,-3.2715635,1
0.0,0,12.586056,3.9131281,1.4211347,-2.5156963,0.42442968,1.1266488,-2.551981,-1.5520502,1.0944613,-0.21779901,-1.9341879,-4.275,-2.1127307,-2.4827616,-1.4363381,1.5658402,-1.4090453,-2.415213,-2.3436573,-3.2703686,1
0.0,0,12.583932,3.9194956,1.4228961,-2.5097098,0.41429907,1.1241784,-2.5511003,-1.5548861,1.1020427,-0.22021234,-1.9334903,-4.277257,-2.1072946,-2.4869235,-1.4414818,1.5604331,-1.4034599,-2.4123256,-2.3414702,-3.2706323,1
0.0,0,12.604171,3.8748665,1.4204942,-2.506768,0.44077227,1.1074532,-2.5545564,-1.5378978,1.0550101,-0.22318363,-1.9050608,-4.2579684,-2.1504858,-2.4702373,-1.4089001,1.574956,-1.402184,-2.427184,-2.336916,-3.2529473,1
0.0,0,12.587943,3.9096582,1.4204664,-2.5150292,0.42623276,1.1257735,-2.552266,-1.550559,1.0917886,-0.21725918,-1.9324245,-4.273717,-2.1152291,-2.4814208,-1.4343798,1.5656017,-1.4093163,-2.4156873,-2.3435717,-3.2693338,1
0.0,0,12.584451,3.9164212,1.4222784,-2.5161157,0.42261097,1.1274081,-2.551661,-1.5533675,1.0964408,-0.21834706,-1.9356854,-4.276054,-2.11044,-2.4837692,-1.4381176,1.5657911,-1.4088308,-2.4149456,-2.3435836,-3.270865,1
7.0,7,-1.4070102,-2.8878276,-0.015573701,-1.3838782,-0.62613326,0.27477735,4.540419,12.439163,-3.9063787,-2.3044796,-0.08938418,-1.7557204,-2.4427922,-3.6482158,-1.5914382,-0.52292055,0.60767275,0.14439306,-2.2477336,2.2513938,1
7.0,7,-1.3729459,-2.9055877,-0.008101603,-1.38592,-0.6041709,0.30347756,4.3969603,12.457656,-3.86923,-2.2897804,-0.0737741,-1.7767752,-2.439569,-3.6267638,-1.56075,-0.54712546,0.61333704,0.20585248,-2.3164053,2.2033198,1
7.0,7,-1.2150306,-2.9433012,-0.009910783,-1.352173,-0.536946,0.28649879,4.0048947,12.418194,-3.8171773,-2.2408204,0.02749518,-1.8309449,-2.5215003,-3.6215248,-1.538299,-0.55211294,0.709655,0.3121792,-2.3900113,2.3588414,1
7.0,7,-1.2752366,-2.9059289,-0.002366772,-1.3347996,-0.60977566,0.18129355,4.366496,12.327972,-3.9304733,-2.2345936,0.025742222,-1.7698044,-2.5521998,-3.689603,-1.640886,-0.5023525,0.7020498,0.090528615,-2.128445,2.682202,1
7.0,7,-1.3185546,-2.9341567,-0.0053960886,-1.3924173,-0.56583524,0.3224776,4.2030506,12.480145,-3.8231816,-2.27161,-0.052021157,-1.8035876,-2.4397962,-3.5999436,-1.5238878,-0.56673443,0.63151336,0.29096785,-2.4100184,2.1285272,1
7.0,7,-1.3702579,-2.9068758,-0.013810327,-1.3877879,-0.59951836,0.28665257,4.414328,12.455412,-3.8774328,-2.2923317,-0.07585235,-1.7735926,-2.445373,-3.6320214,-1.5694572,-0.53436065,0.620138,0.20019037,-2.3082013,2.2049139,1
18.0,18,-2.5281146,-0.090449825,-1.4155371,-3.8660626,-1.2377653,-1.4067328,4.125455,-2.6442947,-1.3067738,-2.17,-2.0053096,-0.37297076,1.171498,4.765878,0.07150121,-1.619509,3.455846,-3.1797488,7.6024895,-1.9998323,1
18.0,18,-2.5231931,-0.10610345,-1.4223422,-3.878011,-1.2303103,-1.4114915,4.1246867,-2.6828911,-1.2323883,-2.195993,-1.9747798,-0.37053028,1.1714882,4.7083073,0.06924243,-1.6352823,3.4898767,-3.169113,7.6125417,-2.0098417,1
18.0,18,-2.8007894,-0.05722852,-1.2864656,-3.78298,-1.3165839,-1.3565933,4.606703,-2.7011116,-1.1217232,-2.3100774,-1.7975378,-0.32146463,0.98653835,4.8496614,-0.09446478,-1.5476233,2.8573878,-3.273553,7.6494684,-1.6874586,1
18.0,18,-2.4366016,-0.33472747,-1.6559496,-4.0661817,-0.9947397,-1.3573177,3.733214,-2.9136965,-0.93422276,-2.2154918,-1.8941158,-0.2093064,1.1420165,5.0193424,0.27163243,-1.5868948,3.3308291,-3.152856,7.509525,-2.181729,1
18.0,18,-2.4882238,-0.1522215,-1.4809804,-3.9162605,-1.1899475,-1.4146879,4.0625577,-2.7413046,-1.1263788,-2.2184248,-1.9393979,-0.3550826,1.1803827,4.64352,0.097702354,-1.6549994,3.5584815,-3.151393,7.621085,-2.0596135,1
18.0,18,-2.517287,-0.11184333,-1.4302084,-3.8855324,-1.2238756,-1.4117973,4.1107326,-2.692821,-1.22116,-2.1967046,-1.9723831,-0.37016878,1.1746582,4.7089744,0.075693294,-1.6370078,3.4986742,-3.1645806,7.6088157,-2.0191686,1
13.0,13,-2.4254446,2.436601,-1.3569095,-4.00191,1.1905901,-0.66224813,-1.7719872,-2.7965252,-3.2182636,-0.94103473,-3.6070173,0.05335117,2.2843466,11.54749,1.911792,0.11458258,0.0014448874,0.6386136,-2.3443022,-3.4881163,1
13.0,13,-2.4243348,2.4501076,-1.3550602,-3.9991984,1.1984583,-0.6636083,-1.7919325,-2.7914944,-3.228391,-0.93804544,-3.6078446,0.0681848,2.2986236,11.542467,1.9242734,0.11938064,-0.017988596,0.6356205,-2.3601081,-3.4838147,1
13.0,13,-2.4210474,2.4309793,-1.3450638,-3.987842,1.2020981,-0.6651449,-1.8206993,-2.8067853,-3.2121403,-0.93939066,-3.5989134,0.090321355,2.2850678,11.5628195,1.9214238,0.13298054,-0.0392215,0.66179293,-2.3660824,-3.4800818,1
13.0,13,-2.4299264,2.491872,-1.3314362,-3.9639478,1.1789106,-0.67619014,-1.8993754,-2.7701187,-3.262839,-0.9088749,-3.6080644,0.17365034,2.3436093,11.560171,1.9379085,0.15301207,-0.09962453,0.64089173,-2.4101198,-3.4392407,1
13.0,13,-2.423396,2.460251,-1.3532369,-3.9972026,1.204832,-0.6644602,-1.8053833,-2.788202,-3.2357607,-0.9360142,-3.6085563,0.07879948,2.3084905,11.538612,1.9332265,0.123441145,-0.03324317,0.6336783,-2.3729508,-3.481033,1
13.0,13,-2.424781,2.4485226,-1.355349,-3.999167,1.1978257,-0.6632335,-1.7876252,-2.793749,-3.2265725,-0.93850917,-3.6074722,0.06527912,2.2935634,11.543043,1.9221216,0.11906549,-0.014748517,0.6383072,-2.3579059,-3.485266,1
17.0,17,-1.5846992,0.350925,-0.55377203,-1.2581197,3.3203852,2.4598792,-2.7305708,2.2153342,-0.99242795,0.108906925,0.52147967,-1.5602937,-3.222518,-1.3433583,-1.6293668,-1.0260184,1.7960703,12.652462,-6.76525,-4.8727164,1
17.0,17,-1.6006298,0.29731056,-0.549176,-1.285671,3.2998955,2.3831608,-2.701275,2.1660624,-0.936898,0.16498369,0.61413723,-1.5828058,-3.1923482,-1.3230262,-1.6403981,-1.0158423,1.6731682,12.704227,-6.7365127,-4.811781,1
17.0,17,-1.5980331,0.2713356,-0.64209527,-1.3158478,3.3651898,2.2952664,-2.6859505,2.0536501,-0.9109707,0.22926868,0.71803045,-1.5978631,-3.2167437,-1.3591442,-1.6317306,-1.008101,1.6821196,12.751653,-6.7108727,-4.726992,1
17.0,17,-1.6180954,0.19528851,-0.6326493,-1.3568168,3.3007727,2.1785989,-2.662439,2.0198472,-0.8297339,0.3068076,0.8479525,-1.6307596,-3.1850245,-1.3454292,-1.6376694,-1.0182624,1.5715413,12.805172,-6.6638303,-4.6403503,1
17.0,17,-1.6102879,0.25829554,-0.54745203,-1.3055383,3.282654,2.3271155,-2.6831908,2.142509,-0.89902985,0.20522961,0.67761546,-1.6006525,-3.1753228,-1.3146915,-1.645237,-1.0133145,1.5999423,12.735891,-6.716321,-4.7666054,1
17.0,17,-1.5985485,0.30590892,-0.5502246,-1.2815447,3.3027017,2.3935072,-2.705832,2.1706643,-0.944895,0.15657666,0.60106385,-1.5782614,-3.1961544,-1.3253131,-1.638903,-1.0175419,1.6918219,12.697747,-6.7398577,-4.8212576,1
3.0,3,-0.2531265,0.7148157,2.4944866,11.567564,-1.5957936,0.071841106,-0.8976927,-0.63594437,-1.3615822,-2.228834,0.9117406,1.2317282,0.051243767,-2.3915405,-2.6179647,-0.32283366,0.24289504,-1.5807482,-3.979992,-1.6549859,1
3.0,3,-0.2517498,0.7075171,2.492433,11.564319,-1.5982511,0.069230124,-0.9008659,-0.63749516,-1.355186,-2.2304423,0.9274397,1.2283037,0.05080069,-2.3939338,-2.6157014,-0.32405126,0.24376568,-1.5838482,-3.9806676,-1.6521093,1
3.0,3,-0.24979302,0.70341516,2.491391,11.561656,-1.6005381,0.06724098,-0.90368253,-0.63956594,-1.3501272,-2.2307289,0.94005436,1.225115,0.049707547,-2.3956227,-2.614279,-0.3253137,0.2437394,-1.5864278,-3.981495,-1.6498256,1
3.0,3,-0.2435016,0.6875897,2.487806,11.55197,-1.6083488,0.06097591,-0.91336954,-0.6454525,-1.332311,-2.2332723,0.98248154,1.2123911,0.04732115,-2.400892,-2.6084836,-0.32875478,0.2435019,-1.5950329,-3.984703,-1.6424539,1
3.0,3,-0.24916634,0.6950496,2.4889448,11.558739,-1.6020299,0.06521839,-0.906337,-0.6397177,-1.3443516,-2.2336252,0.952924,1.2215184,0.050515227,-2.3976836,-2.6115298,-0.3259945,0.24504644,-1.5885748,-3.9821491,-1.6476347,1
3.0,3,-0.25210556,0.7093934,2.492933,11.565077,-1.5979044,0.069736496,-0.90012795,-0.6373129,-1.3566993,-2.2298565,0.9241336,1.2293348,0.05070418,-2.3933825,-2.6163418,-0.3237505,0.24357402,-1.5833476,-3.9804525,-1.6526672,1
2.0,2,-0.8661287,2.3365788,12.702522,-0.6253032,-3.1214352,-0.6829835,-1.6884489,-2.350087,3.499769,-1.1648775,-1.3695166,-2.3553002,1.1001555,1.6401412,-0.27139473,0.37538093,-2.825346,-1.9141066,-2.4650772,-2.0138037,1
2.0,2,-0.8660986,2.3378873,12.702707,-0.62505555,-3.1226604,-0.6825936,-1.6879628,-2.348875,3.497686,-1.163513,-1.3719587,-2.3528805,1.0998946,1.6451745,-0.27348745,0.3749289,-2.8255687,-1.9160507,-2.4659107,-2.0149424,1
2.0,2,-0.86635053,2.3354461,12.701494,-0.6285187,-3.1221752,-0.6824142,-1.6891961,-2.3506205,3.5062358,-1.1632435,-1.3694432,-2.3555954,1.1007524,1.6428442,-0.27430838,0.37366426,-2.8265753,-1.913897,-2.4644623,-2.015138,1
2.0,2,-0.8662642,2.3354077,12.702158,-0.6257616,-3.1198573,-0.68271005,-1.6889961,-2.3517113,3.502661,-1.1661394,-1.3669724,-2.3581982,1.09987,1.6354396,-0.2695908,0.37566948,-2.8256586,-1.9114687,-2.4643304,-2.0131292,1
2.0,2,-0.86586994,2.3379726,12.702868,-0.6250514,-3.1226463,-0.6825093,-1.6879088,-2.3488085,3.4974444,-1.1633368,-1.37226,-2.352634,1.0997485,1.6457286,-0.27385157,0.37485337,-2.8256445,-1.9162488,-2.465918,-2.014999,1
2.0,2,-0.8659776,2.3376873,12.7027855,-0.62497437,-3.1226537,-0.6827582,-1.6881609,-2.3492026,3.4979703,-1.1637186,-1.3712838,-2.3534436,1.0999134,1.643759,-0.27294862,0.37521482,-2.82545,-1.9157798,-2.4655893,-2.0143344,1
2.0,2,-0.9224894,-0.6361795,12.344987,-1.0781784,-0.32569855,0.42846045,-1.373341,-0.6123955,1.5711218,-0.12383979,-2.3894322,-2.5750399,0.9855502,3.1743267,-0.39828032,-0.9267808,-3.272613,0.89868075,-3.3812103,-3.2512345,1
2.0,2,-0.92247504,-0.6360996,12.345092,-1.0788478,-0.3258696,0.42860708,-1.3733046,-0.6121348,1.5717689,-0.12310855,-2.3894343,-2.5752177,0.985089,3.174024,-0.39830315,-0.9270676,-3.2725987,0.89848363,-3.3813262,-3.250962,1
2.0,2,-0.9236858,-0.6366257,12.343067,-1.0809425,-0.32708722,0.42867947,-1.3725328,-0.6115279,1.5716509,-0.11865011,-2.3917315,-2.5768101,0.98446494,3.1756163,-0.39891756,-0.92624515,-3.2724895,0.8981338,-3.3795667,-3.2517974,1
2.0,2,-0.9245975,-0.63588744,12.339815,-1.0806427,-0.33008197,0.43137303,-1.3740745,-0.6202545,1.5756171,-0.123061344,-2.3942583,-2.5800664,0.9891897,3.186817,-0.39843786,-0.91197014,-3.2777398,0.89148027,-3.3895266,-3.2526152,1
2.0,2,-0.92267406,-0.63602954,12.3445835,-1.0793602,-0.326388,0.42901492,-1.3733935,-0.61294675,1.5725951,-0.12287405,-2.3899257,-2.575837,0.9853249,3.1752665,-0.39829862,-0.9254781,-3.273202,0.89758253,-3.382417,-3.2510104,1
2.0,2,-0.92249334,-0.636104,12.344978,-1.0787343,-0.3259061,0.42865255,-1.3733633,-0.61238897,1.5717543,-0.12330437,-2.3895154,-2.5752974,0.98527986,3.1743484,-0.39829117,-0.9266376,-3.2727363,0.89836025,-3.3815777,-3.2510245,1
14.0,14,-0.62670535,-1.9526565,-1.7166992,-5.203256,1.005404,0.62262547,-2.8203492,0.87461376,-2.9289343,0.99714756,-0.90723145,-0.13849817,-0.8176005,0.42182106,12.41067,2.0177224,-0.22359388,-1.8727767,-1.4363223,-2.413381,1
14.0,14,-0.627219,-1.9500215,-1.7201242,-5.202126,0.9956044,0.6203165,-2.8170538,0.87361956,-2.9292989,1.00773,-0.9067944,-0.15437879,-0.8187371,0.407239,12.408444,2.0376406,-0.22167867,-1.8749378,-1.4427345,-2.4137638,1
14.0,14,-0.63571006,-1.939585,-1.7405354,-5.203816,0.98392045,0.6182183,-2.8165047,0.8358189,-2.9192474,1.017291,-0.90029544,-0.19262683,-0.83214927,0.40233788,12.414211,2.0877094,-0.2104453,-1.8849424,-1.4516296,-2.4127955,1
14.0,14,-0.64292574,-1.9193039,-1.7618183,-5.181259,0.9294055,0.59576917,-2.8056257,0.8134029,-2.9184937,1.0466756,-0.88059044,-0.24699275,-0.83589596,0.31369016,12.41224,2.1958795,-0.19789194,-1.8997216,-1.4753616,-2.4087968,1
14.0,14,-0.6276572,-1.9474995,-1.7235469,-5.19979,0.98733443,0.6173012,-2.8144178,0.8727499,-2.9298654,1.014932,-0.90539515,-0.16529952,-0.81878537,0.39294064,12.407095,2.0540166,-0.21995671,-1.876691,-1.447307,-2.413542,1
14.0,14,-0.6272123,-1.950295,-1.7196596,-5.201908,0.9967418,0.62030303,-2.8176394,0.87377024,-2.92918,1.0059282,-0.90652484,-0.15155447,-0.8183064,0.40872008,12.408882,2.0346372,-0.22190775,-1.8745437,-1.4415051,-2.4134648,1
8.0,8,-2.3035412,-0.6067187,-1.8080208,-2.6353474,-3.5165374,-0.0018187016,-2.407597,-4.759852,11.180754,2.148431,0.43982208,-2.0027544,-1.6159822,1.4206808,-1.2981486,-1.0097069,0.46050397,-1.4459587,5.183501,-1.7909153,1
8.0,8,-2.3033812,-0.60716397,-1.808883,-2.6361017,-3.5168376,-0.0009746626,-2.4084034,-4.7586226,11.1801605,2.143972,0.43887636,-2.0018733,-1.6162546,1.4254901,-1.29683,-1.005919,0.45865873,-1.4468327,5.1801744,-1.7941388,1
8.0,8,-2.3052175,-0.6056718,-1.8128381,-2.6360776,-3.5148451,0.0032280013,-2.405733,-4.7580214,11.178791,2.1391919,0.43970576,-2.0013587,-1.6170853,1.4181242,-1.296199,-1.0087117,0.46549603,-1.4448521,5.184641,-1.7931924,1
8.0,8,-2.3059216,-0.60651004,-1.8186466,-2.6426802,-3.5213137,0.0036665164,-2.4036074,-4.740651,11.1692295,2.103742,0.43211183,-1.9938182,-1.6140887,1.4416156,-1.2858838,-1.0015674,0.47152135,-1.4492698,5.1822815,-1.8140956,1
8.0,8,-2.3033566,-0.60742396,-1.8096968,-2.6368413,-3.5173225,-0.00027214736,-2.4087892,-4.7571197,11.179443,2.1396627,0.43790853,-2.0010462,-1.6164052,1.4296391,-1.2956084,-1.0030516,0.4575766,-1.4475836,5.177695,-1.7970346,1
8.0,8,-2.3034616,-0.60705197,-1.8087049,-2.636027,-3.5169747,-0.0010761768,-2.4082232,-4.758675,11.180147,2.1445084,0.4388476,-2.001991,-1.6162809,1.4252691,-1.2970103,-1.0062823,0.45878115,-1.4468429,5.180461,-1.7937788,1
14.0,14,-0.42828888,-1.2606964,-1.9540932,-3.3972948,0.37187308,1.0301498,-0.83762497,5.486878,-4.601841,0.9832921,-2.904679,-1.6295764,0.0824999,-0.6670734,10.292078,0.34756905,0.13192376,-1.586786,-2.6467555,-2.3458197,1
14.0,14,-0.41030234,-1.3008678,-1.8772103,-3.452228,0.3822487,1.0054793,-0.89976233,5.436829,-4.4957347,0.94474256,-2.847269,-1.655373,0.13203838,-0.66651815,10.343733,0.33637398,0.08585514,-1.5490254,-2.6525164,-2.4290855,1
14.0,14,-0.19877364,-1.3091435,-1.9806492,-3.7375636,0.50684243,0.9060782,-1.1495056,4.8992596,-4.1302476,1.0662054,-2.6490505,-1.6108688,0.17184415,-0.6533851,10.635606,0.39840972,0.029707845,-1.9606702,-2.483908,-2.3167293,1
14.0,14,-0.20502095,-1.3166645,-1.9512831,-3.7780194,0.44399428,0.92328715,-1.2705411,4.5721054,-3.945794,0.8399803,-2.5153608,-1.5061045,0.16239694,-0.578737,10.920609,0.71593064,-0.0957669,-2.2333417,-2.4788156,-2.4323192,1
14.0,14,-0.39744607,-1.3305247,-1.8261592,-3.4807668,0.37923458,0.9911784,-0.9412981,5.3958673,-4.4179077,0.8912747,-2.8018372,-1.6605572,0.16058224,-0.6731702,10.395764,0.3564949,0.05195911,-1.5571982,-2.6525354,-2.4790554,1
14.0,14,-0.4101072,-1.3006048,-1.8857864,-3.4384272,0.37616926,1.0093756,-0.89105487,5.4436693,-4.5105834,0.93284065,-2.8494344,-1.6391617,0.115870856,-0.67525864,10.3477125,0.3598395,0.09147361,-1.580412,-2.6485355,-2.4107668,1
11.0,3,-1.3663605,0.74409366,0.9614012,10.485601,-0.23121858,-0.8259374,-0.78266686,-0.20987357,-3.3845336,-0.9873187,-1.4874783,7.0357776,-0.5020341,-1.4553971,-2.1750486,-0.10213683,0.16432409,-0.530421,-2.363029,-2.3125124,0
11.0,3,-1.3643045,0.74202746,0.9537497,10.487426,-0.23786926,-0.8279463,-0.7800312,-0.20881842,-3.3821588,-0.9854363,-1.475788,7.045419,-0.50257343,-1.4683747,-2.1770935,-0.10235734,0.17431174,-0.5502405,-2.3551457,-2.3051229,0
11.0,3,-1.3615386,0.7345749,0.9379768,10.48924,-0.24861884,-0.83209896,-0.7772836,-0.2069081,-3.3750944,-0.98350346,-1.4538342,7.064037,-0.50425184,-1.4912989,-2.178397,-0.10198592,0.19147603,-0.5831825,-2.3405387,-2.2928746,0
11.0,3,-1.3594768,0.73155147,0.92538756,10.487191,-0.2523028,-0.83674264,-0.776819,-0.20802736,-3.3682296,-0.9783098,-1.4421964,7.0770636,-0.5049962,-1.5033941,-2.18152,-0.10337174,0.19845885,-0.60010225,-2.328982,-2.2859166,0
11.0,3,-1.3541111,0.73411906,0.9400264,10.509907,-0.2563639,-0.8251455,-0.77889764,-0.20577814,-3.3647916,-0.99187136,-1.4445544,7.0366626,-0.5030807,-1.5067468,-2.1795063,-0.0993319,0.19045648,-0.5913581,-2.3476896,-2.2904952,0
11.0,3,-1.3610158,0.7400802,0.9525069,10.496352,-0.24183276,-0.82538736,-0.7810639,-0.20809801,-3.3760605,-0.9893931,-1.4692519,7.035415,-0.50231826,-1.477175,-2.1770954,-0.10102847,0.17481488,-0.5560914,-2.3568175,-2.3031974,0
16.0,16,-0.83316666,0.60380304,-2.4785688,-0.37308463,-1.7945576,-2.5625138,-3.7647552,-2.1507263,-0.75630325,-1.5764412,2.5793147,0.4751318,-1.5852156,-1.9575138,0.7674336,-1.21327,12.694259,1.554272,0.036224294,-1.0705972,1
16.0,16,-0.82847476,0.6329319,-2.4903388,-0.4090455,-1.8558537,-2.5583177,-3.7990844,-2.2801702,-0.6731517,-1.5921651,2.6684692,0.4770714,-1.5940641,-1.9158716,0.81098145,-1.2005358,12.667558,1.5202425,0.061992966,-1.0660361,1
16.0,16,-0.79218435,0.686626,-2.5162628,-0.47014326,-1.973333,-2.5224252,-3.8537617,-2.4940164,-0.53001136,-1.6245056,2.7747796,0.46205992,-1.6184546,-1.8470314,0.90086776,-1.121631,12.607849,1.4089583,0.10162648,-1.0507265,1
16.0,16,-0.7986188,0.66892105,-2.5093408,-0.44439235,-1.9338931,-2.5273976,-3.8353357,-2.4190238,-0.5763174,-1.6180304,2.728276,0.45978394,-1.6100227,-1.8797097,0.87270266,-1.1312366,12.623434,1.4404792,0.084293745,-1.0509986,1
16.0,16,-0.81528383,0.65426546,-2.5049765,-0.44942296,-1.9121314,-2.5579298,-3.8385823,-2.419076,-0.58530056,-1.609584,2.769288,0.4762078,-1.6040205,-1.8716972,0.8635991,-1.1864661,12.634576,1.4869121,0.08494667,-1.0631068,1
16.0,16,-0.8142695,0.63265485,-2.496871,-0.42239064,-1.8670586,-2.5588083,-3.8184915,-2.3170707,-0.6513687,-1.5943292,2.7005296,0.47155616,-1.6015297,-1.9040043,0.832282,-1.1900257,12.654416,1.5110606,0.061994247,-1.0660849,1
3.0,3,-0.6997615,2.83811,2.0968983,11.589627,-1.0786098,0.38157395,0.06601758,-0.83784235,-2.9651284,-2.5256596,-2.1330776,1.0505852,-0.66990733,-1.6710427,-1.303421,0.8512004,-0.5045068,-0.17491764,-4.247847,-2.776769,1
3.0,3,-0.69871294,2.8343253,2.096373,11.5907955,-1.0794382,0.38172817,0.06185488,-0.836753,-2.9623094,-2.5257065,-2.1297545,1.0503896,-0.6686616,-1.6725383,-1.3035139,0.8520928,-0.5049161,-0.17642784,-4.248296,-2.7757237,1
3.0,3,-0.70024073,2.8384242,2.0969334,11.589554,-1.0796131,0.38117573,0.06269826,-0.83961284,-2.96435,-2.524799,-2.1313627,1.0525842,-0.6713966,-1.6685672,-1.3031253,0.8519703,-0.5058707,-0.17243704,-4.248665,-2.7774575,1
3.0,3,-0.6942934,2.8257875,2.0929847,11.594328,-1.0831985,0.38211048,0.048660144,-0.8349011,-2.9523742,-2.5254238,-2.1178083,1.045479,-0.66579837,-1.6787341,-1.2997897,0.8547817,-0.5077028,-0.18309653,-4.2499757,-2.7724237,1
3.0,3,-0.6965961,2.8286617,2.095045,11.592714,-1.0805174,0.3821059,0.056602463,-0.83445513,-2.9579065,-2.5260801,-2.1248422,1.0484309,-0.66614604,-1.6763716,-1.3030393,0.85314715,-0.50526136,-0.1803573,-4.2486978,-2.7736957,1
3.0,3,-0.69872785,2.8348737,2.0963852,11.590663,-1.079374,0.38174525,0.062473726,-0.8368453,-2.9625807,-2.525748,-2.130138,1.0500265,-0.6687243,-1.6725943,-1.3033136,0.8519546,-0.5048612,-0.17655286,-4.2482185,-2.7757993,1
0.0,0,12.635797,1.9581833,-0.17236382,-0.2001883,1.987891,1.3142035,-1.797287,0.7445333,-0.13089976,-1.0551909,-2.8012846,-4.987216,-1.2099478,-3.004952,-0.48955917,1.3789169,-1.9899015,-2.571421,-3.5803912,-3.6091335,1
0.0,0,12.63544,1.9583957,-0.17160642,-0.19839111,1.9875813,1.314304,-1.7973757,0.74454975,-0.13074794,-1.0559839,-2.8004277,-4.987705,-1.2109001,-3.0051827,-0.48958927,1.3788857,-1.9898405,-2.5712755,-3.5812125,-3.6090343,1
0.0,0,12.636827,1.9563959,-0.17263089,-0.20456237,1.985229,1.3150262,-1.7983675,0.7458025,-0.12801397,-1.0543804,-2.79625,-4.9859815,-1.2124752,-3.0038328,-0.49112982,1.3794625,-1.9914752,-2.5716596,-3.579881,-3.607596,1
0.0,0,12.637021,1.9437728,-0.1723783,-0.20790094,1.9930055,1.3095981,-1.8032526,0.74771345,-0.12901843,-1.0590764,-2.7897081,-4.9814167,-1.2148874,-3.0028145,-0.48353028,1.3827821,-1.9918147,-2.5722902,-3.5799267,-3.606294,1
0.0,0,12.635439,1.957727,-0.17134048,-0.19839816,1.9878714,1.313982,-1.7977374,0.7446102,-0.13072306,-1.056415,-2.7997963,-4.9874644,-1.2112892,-3.0050862,-0.48914504,1.3791075,-1.9898658,-2.571294,-3.5813248,-3.6088896,1
0.0,0,12.635728,1.958499,-0.1718625,-0.19963837,1.9875641,1.314245,-1.797352,0.7443923,-0.13078663,-1.0554724,-2.8009648,-4.98737,-1.2103657,-3.0049314,-0.48961616,1.3789138,-1.989887,-2.5713754,-3.5806487,-3.6090484,1
3.0,3,-1.6922176,1.971874,0.6563819,11.430721,-0.34353364,0.001094237,1.2153778,-0.003071569,-4.2046714,-2.793119,-2.5937529,2.8814645,-0.6829372,-2.1550775,0.2853617,0.567114,0.13142425,-0.14858758,-3.6883798,-2.8174827,1
3.0,3,-1.6907715,1.9678686,0.6560494,11.432716,-0.34386435,0.000770092,1.2102014,-0.0020161867,-4.202327,-2.792962,-2.5916877,2.8847313,-0.68088186,-2.1568835,0.284105,0.5675764,0.13182488,-0.14966384,-3.6875966,-2.8155813,1
3.0,3,-1.6926966,1.9680228,0.65478975,11.430877,-0.34389323,0.00031668693,1.2112547,-0.0027318187,-4.203841,-2.7927945,-2.5920043,2.888012,-0.6823064,-2.1543603,0.28698057,0.56712425,0.13151129,-0.14886782,-3.6872747,-2.8168788,1
3.0,3,-1.6900333,1.9632282,0.65210944,11.434128,-0.3449627,0.0004115142,1.2040093,-0.0007114932,-4.200289,-2.792848,-2.5883675,2.8901181,-0.67893827,-2.1584153,0.28756666,0.5678461,0.13154949,-0.1524202,-3.6861093,-2.8132434,1
3.0,3,-1.6889096,1.9642212,0.65531415,11.435079,-0.34429827,0.00074178353,1.2051765,-0.00062883645,-4.1998167,-2.7929158,-2.5894966,2.8865416,-0.6785079,-2.1595266,0.2829908,0.5680858,0.13216159,-0.15139371,-3.6868813,-2.813248,1
3.0,3,-1.6909244,1.9686694,0.655999,11.4324465,-0.34385252,0.0008841641,1.2111216,-0.0021538548,-4.2026844,-2.7930236,-2.5919986,2.88382,-0.6811755,-2.1567502,0.28441823,0.56751794,0.13171989,-0.14964637,-3.6877477,-2.815817,1
15.0,4,1.9890776,-3.9721618,-3.6553738,-2.1701572,13.180917,-2.2190154,1.9413837,1.797163,-4.367816,-0.8431439,-1.3873905,-0.2686101,-3.465129,-3.9824064,1.999899,3.8861737,-1.420141,-0.0055427626,-2.6915886,-3.1596353,0
15.0,4,2.021571,-3.9753828,-3.647966,-2.1720183,13.180364,-2.233633,1.8897799,1.7557795,-4.3515787,-0.8448818,-1.3678317,-0.26779664,-3.453657,-3.9696927,2.0312288,3.8838074,-1.4293689,0.0012324825,-2.6944375,-3.1663845,0
15.0,4,2.0599332,-3.9866905,-3.652824,-2.1879523,13.149341,-2.2390795,1.8332275,1.7526397,-4.349249,-0.8402435,-1.364072,-0.26457772,-3.4706173,-3.9532628,2.0616045,3.9615777,-1.466985,-0.0037800744,-2.6973479,-3.1700377,0
15.0,4,2.11026,-3.9822736,-3.6360621,-2.1836085,13.16035,-2.2897227,1.7088833,1.5963813,-4.301498,-0.83925146,-1.2950076,-0.24219435,-3.4435515,-3.9264817,2.143835,3.930555,-1.4594966,0.031023316,-2.6845844,-3.1840422,0
15.0,4,2.0381117,-3.9765387,-3.6437516,-2.1725147,13.180865,-2.2421715,1.861899,1.730778,-4.34231,-0.84564835,-1.3563652,-0.26640737,-3.447189,-3.962749,2.0486083,3.880935,-1.433384,0.0054881647,-2.6952703,-3.1699293,0
15.0,4,2.0133598,-3.9739113,-3.650495,-2.1712592,13.180876,-2.230869,1.9016081,1.7629945,-4.355366,-0.8440132,-1.3717321,-0.26691,-3.4566362,-3.9727423,2.024275,3.8838124,-1.4256227,-3.091991e-05,-2.6928284,-3.164875,0
15.0,15,-0.31659898,0.70100975,-2.2772162,-0.43134412,0.46250147,4.912017,-1.6583967,-1.6082138,-0.47347793,-3.5053296,-2.1971982,-3.3205068,-3.3802288,-0.8059391,3.7739244,11.15062,-2.736065,-3.042608,-4.0197406,-4.251788,1
15.0,15,-0.30475277,0.7475462,-2.2821386,-0.45497623,0.36324993,4.952356,-1.6820173,-1.7124254,-0.43725523,-3.4324946,-2.1630497,-3.2971206,-3.363416,-0.79604656,3.7379029,11.14281,-2.6870897,-3.1229823,-3.9653296,-4.2067823,1
15.0,15,-0.36748487,0.8272067,-2.4607794,-0.42362705,0.3073064,5.288619,-1.7033786,-1.6305829,-0.25447458,-3.5205739,-2.2462292,-3.3838236,-3.253474,-0.78452945,3.5226479,10.933189,-2.508221,-3.0140233,-4.0037823,-4.268146,1
15.0,15,-0.3170869,1.145081,-2.4127216,-0.54205716,-0.4882186,5.925348,-1.8611413,-2.1146808,0.09406924,-3.015093,-2.2358174,-3.4591193,-3.1805923,-0.5433417,3.4222307,10.763354,-2.4306235,-3.3803067,-3.7723253,-4.077557,1
15.0,15,-0.29279277,0.80757964,-2.2787046,-0.47848567,0.2150982,5.0588694,-1.7132744,-1.8116808,-0.3770778,-3.3393521,-2.1497788,-3.3005826,-3.3495774,-0.7665392,3.7122853,11.122916,-2.6556783,-3.2077744,-3.9126754,-4.1638713,1
15.0,15,-0.29838282,0.81059617,-2.2917585,-0.47398233,0.19088733,5.1104527,-1.7183006,-1.7851381,-0.3613616,-3.3377142,-2.1877816,-3.3211079,-3.348115,-0.7243534,3.7367713,11.113739,-2.6915486,-3.198787,-3.9211557,-4.180689,1
12.0,12,-0.19594678,-1.258771,-1.198342,-2.1772587,-2.1706183,0.2863523,-1.0948226,0.28150335,2.2120652,-1.2873256,-2.448936,-2.9664898,13.140253,2.8600838,-0.25663674,-4.007999,-2.070414,-2.4776218,1.633557,0.40269879,1
12.0,12,-0.19425158,-1.2567303,-1.1991384,-2.1768878,-2.1750038,0.2864628,-1.0927644,0.28089777,2.2094772,-1.2863526,-2.4491794,-2.9651372,13.140459,2.861236,-0.25774518,-4.007043,-2.0713382,-2.4779081,1.6346552,0.4019859,1
12.0,12,-0.19967511,-1.2590156,-1.1990411,-2.1772792,-2.176306,0.28410006,-1.088289,0.26786324,2.222386,-1.2843698,-2.4461696,-2.965977,13.142181,2.862237,-0.259906,-4.007739,-2.0744267,-2.4819698,1.6442254,0.4017834,1
12.0,12,-0.1938165,-1.2487395,-1.195405,-2.1773365,-2.1966565,0.2877162,-1.0725954,0.2896824,2.183756,-1.2904357,-2.4460053,-2.9565237,13.140815,2.8654041,-0.26039344,-4.010479,-2.0697503,-2.4790974,1.6433599,0.40753803,1
12.0,12,-0.19233161,-1.2546048,-1.199476,-2.1764476,-2.1798594,0.28654352,-1.0908093,0.28101242,2.2061892,-1.2854565,-2.449327,-2.9636223,13.14062,2.862387,-0.25880682,-4.0063376,-2.0721056,-2.4782264,1.6356496,0.40209404,1
12.0,12,-0.194116,-1.2570689,-1.1988579,-2.1767967,-2.1744187,0.28631812,-1.0938445,0.280971,2.210229,-1.2861651,-2.4492116,-2.965402,13.14042,2.8610716,-0.25757724,-4.0071106,-2.0713334,-2.477928,1.6342404,0.40254146,1
2.0,2,0.45199108,1.667717,12.228381,0.5404351,-3.0594475,0.006937042,-1.8809122,-2.046982,1.5244387,0.47018194,-0.1419407,-4.2518845,-0.06814853,0.9490847,-0.24662147,1.9511625,-3.6375885,-2.7729928,-3.4123843,-1.0936369,1
2.0,2,0.4518621,1.6685524,12.228325,0.54096913,-3.0600479,0.007168494,-1.8804927,-2.0467694,1.5242406,0.47017038,-0.14223358,-4.251739,-0.06825005,0.94908017,-0.2474079,1.9511045,-3.637319,-2.773355,-3.4124477,-1.09355,1
2.0,2,0.45160723,1.6677341,12.228352,0.5403575,-3.0596132,0.00739567,-1.8807087,-2.0467887,1.5247914,0.4702179,-0.14218092,-4.252006,-0.06808733,0.94910914,-0.24691385,1.951154,-3.6375768,-2.7729316,-3.4125204,-1.0936732,1
2.0,2,0.45203906,1.6674244,12.228403,0.5402099,-3.0592182,0.006953925,-1.8810704,-2.047057,1.5245557,0.47028866,-0.1419698,-4.251983,-0.06813838,0.9491226,-0.24634722,1.9512162,-3.6377163,-2.7728856,-3.4123724,-1.093707,1
2.0,2,0.45185524,1.6687157,12.228312,0.5410613,-3.0601683,0.007239029,-1.8804113,-2.0467231,1.5242199,0.47020838,-0.14231896,-4.251724,-0.06829118,0.9490835,-0.24758184,1.9511087,-3.6372726,-2.773449,-3.41246,-1.0935354,1
2.0,2,0.4519227,1.6683822,12.228328,0.5408544,-3.059945,0.0071134344,-1.8805753,-2.0468087,1.5242791,0.47021067,-0.14215103,-4.2517676,-0.06826789,0.949074,-0.24728413,1.9511352,-3.6373682,-2.773315,-3.4124238,-1.093546,1
16.0,11,-0.8558029,-2.112486,-1.7683201,-2.6772797,5.696421,-2.5236053,-2.789594,-0.12745234,-2.8444293,-1.8645195,-1.6367341,8.7516985,-1.1539676,4.3663507,3.8269215,0.26256615,-0.19834106,1.5046538,-1.644553,-4.6601057,0
16.0,11,-0.8527057,-2.140589,-1.7571018,-2.6345932,5.7563486,-2.5926259,-2.7546744,-0.11715317,-2.8493252,-1.8450831,-1.5531448,8.867884,-1.1476127,4.1889095,3.7606764,0.22581515,-0.17048192,1.5257636,-1.6293314,-4.599929,0
16.0,11,-0.8234157,-2.24038,-1.7546638,-2.5840802,5.9194164,-2.6907134,-2.6696284,-0.15074176,-2.783048,-1.7925041,-1.3972064,9.0244665,-1.071678,3.9291947,3.5929272,0.14580192,-0.2109606,1.4888631,-1.5800711,-4.4716144,0
16.0,11,-0.82709044,-2.252705,-1.7317816,-2.52909,5.964047,-2.764169,-2.641666,-0.14106873,-2.7971919,-1.7694453,-1.3131896,9.137738,-1.0792562,3.7489645,3.520961,0.11455645,-0.16995035,1.5293658,-1.5687484,-4.4156947,0
16.0,11,-0.847629,-2.163343,-1.7507159,-2.6050901,5.805872,-2.643121,-2.7329147,-0.114404574,-2.8490736,-1.829511,-1.4893312,8.946465,-1.144114,4.058857,3.7180645,0.19997011,-0.1540347,1.5407593,-1.6190755,-4.5556846,0
16.0,11,-0.85071236,-2.1438406,-1.7573789,-2.6366878,5.762332,-2.5917401,-2.7592056,-0.11807573,-2.846341,-1.8443748,-1.5492134,8.863868,-1.1490035,4.186787,3.765269,0.2248645,-0.17462562,1.530626,-1.6320004,-4.6000514,0
14.0,14,-1.2745469,-0.9076179,-1.8557376,-4.06022,-1.1004347,0.9952313,-2.2575831,-0.437283,-2.1567633,0.19695112,-1.2257847,-1.5124977,-1.0723718,-0.30869296,11.967014,6.041474,-0.54981464,-3.2405398,-2.1398227,-2.941206,1
14.0,14,-1.2731833,-0.91042465,-1.8682221,-4.049898,-1.0937268,0.9763409,-2.2483804,-0.45969906,-2.1560402,0.2184438,-1.2212155,-1.5367062,-1.0915428,-0.31772667,11.936606,6.107849,-0.5646318,-3.2462153,-2.1661158,-2.9430377,1
14.0,14,-1.3047177,-0.8998005,-1.9543797,-3.9929647,-1.0969265,0.95203686,-2.2439952,-0.6038871,-2.0687816,0.17245643,-1.1804184,-1.5980009,-1.1627396,-0.32939178,11.845957,6.3859634,-0.62744415,-3.2911177,-2.219861,-2.9335446,1
14.0,14,-1.3264773,-0.8935974,-2.0177429,-3.90683,-1.0933759,0.8950939,-2.2049692,-0.7080549,-2.0247898,0.12080559,-1.1414781,-1.6923379,-1.2688798,-0.3872601,11.709795,6.7350965,-0.69797355,-3.3027785,-2.3218007,-2.9216094,1
14.0,14,-1.274222,-0.91006243,-1.8776145,-4.0402,-1.0929022,0.96721864,-2.2440174,-0.47501722,-2.151864,0.22242591,-1.2161546,-1.5505164,-1.1043363,-0.32486495,11.919553,6.151422,-0.57352275,-3.2494242,-2.18115,-2.9431217,1
14.0,14,-1.2736524,-0.9093892,-1.8653373,-4.0519423,-1.0957483,0.98097,-2.2505946,-0.4544931,-2.1558728,0.2123753,-1.222114,-1.5308981,-1.0869968,-0.31603175,11.944135,6.0922966,-0.5611006,-3.2447615,-2.1597025,-2.9426055,1
10.0,10,-2.6846576,-4.0391135,-0.82631344,0.19243382,-1.8064713,-3.168059,-2.4527178,-2.327385,1.6363635,1.1659814,12.099913,4.1620107,-2.5647154,-1.0747147,-1.3268006,0.112750605,0.22385511,0.889962,-0.7423314,0.8204812,1
10.0,10,-2.6820457,-4.0413413,-0.8267626,0.19040658,-1.8045661,-3.166358,-2.4527948,-2.3265407,1.6387371,1.162078,12.099815,4.1596417,-2.5647619,-1.0718026,-1.3226364,0.11342855,0.21966761,0.8865366,-0.7452117,0.8197377,1
10.0,10,-2.6790986,-4.043288,-0.8288084,0.1875291,-1.8042439,-3.163665,-2.4527638,-2.324854,1.6420978,1.1558131,12.100043,4.156702,-2.5648992,-1.0686567,-1.3166863,0.11465445,0.215796,0.8816104,-0.74842376,0.81883204,1
10.0,10,-2.6769257,-4.044946,-0.8303293,0.18534666,-1.8043144,-3.1618693,-2.452833,-2.323544,1.6446414,1.1498817,12.100181,4.1550493,-2.5648835,-1.0660777,-1.3113211,0.11613323,0.21284458,0.87720567,-0.7507816,0.81786877,1
10.0,10,-2.6814017,-4.041898,-0.8268775,0.18988001,-1.8041164,-3.1659522,-2.452825,-2.3263433,1.6393349,1.1610482,12.09979,4.1590724,-2.5647652,-1.0710714,-1.3215435,0.11362758,0.21863478,0.8856592,-0.74591756,0.8195404,1
10.0,10,-2.6831243,-4.040373,-0.82658845,0.19123529,-1.8054609,-3.1670444,-2.452746,-2.3268747,1.6377765,1.1636575,12.099854,4.160602,-2.5647337,-1.0730228,-1.3243251,0.11318569,0.22139746,0.88786435,-0.74399924,0.8200509,1
19.0,19,-1.0720992,-1.926847,3.4175928,-0.6593156,-2.23734,-1.7293901,0.63749903,2.828513,-1.9635124,-2.2895558,1.2726724,-1.5990511,1.517745,0.78081995,-1.1726096,-1.583704,-0.22581816,-2.2240605,3.7625628,11.971977,1
19.0,19,-1.0718774,-1.927211,3.4168537,-0.6519391,-2.2426653,-1.7274489,0.659477,2.8408983,-1.9648566,-2.2796001,1.280138,-1.5923365,1.4871725,0.7532722,-1.1841099,-1.5808588,-0.22564934,-2.2191525,3.769646,11.982043,1
19.0,19,-1.0899665,-1.9337289,3.4176795,-0.6452975,-2.2283409,-1.7558208,0.65543926,2.8127785,-1.9534981,-2.3051646,1.2768205,-1.5801926,1.5268431,0.747476,-1.1728685,-1.5863174,-0.20721737,-2.2089746,3.788907,11.981262,1
19.0,19,-1.0993286,-1.8734128,3.449319,-0.5781971,-2.3233533,-1.628607,0.8335465,2.946455,-1.9713237,-2.2779946,1.3632092,-1.5270154,1.1643778,0.6172516,-1.2847058,-1.5232219,-0.26143968,-2.2050235,3.7460997,12.0172615,1
19.0,19,-1.07351,-1.9225421,3.4189806,-0.6412093,-2.2533066,-1.7158158,0.6905156,2.860992,-1.9682271,-2.2722778,1.2914262,-1.5827636,1.4369979,0.7231807,-1.2002044,-1.573385,-0.22994114,-2.2158518,3.7717292,11.991752,1
19.0,19,-1.0725807,-1.9254351,3.4177403,-0.64982855,-2.2452226,-1.7234044,0.6656096,2.8456044,-1.9660215,-2.279347,1.282457,-1.5905328,1.4762157,0.74965763,-1.1874801,-1.5788075,-0.227626,-2.2190022,3.767857,11.98311,1
0.0,0,12.514049,1.9550953,1.3229074,-2.4611974,1.33279,0.51759493,-1.0521154,1.9904422,0.54741555,1.0984876,-3.1226203,-4.181498,-1.47498,-2.8996372,-2.0878348,1.1780733,-3.023896,-2.5876594,-3.3595374,-3.1072845,1
0.0,0,12.520621,1.9410129,1.3189441,-2.465167,1.3329108,0.51647973,-1.0681888,1.9788746,0.5590374,1.0764595,-3.11319,-4.1769824,-1.4684476,-2.895316,-2.0729313,1.1805071,-3.015617,-2.5879118,-3.3507254,-3.1097436,1
0.0,0,12.535437,1.9217992,1.3126717,-2.4635732,1.3399969,0.5180161,-1.1039762,1.9467816,0.58031744,1.0578214,-3.1014843,-4.1732235,-1.4787344,-2.8889425,-2.0449414,1.1882912,-2.9990246,-2.5773265,-3.3444788,-3.1176224,1
0.0,0,12.552607,1.8516638,1.31355,-2.4907646,1.3623929,0.49662313,-1.1507597,1.9422575,0.57409376,0.9978856,-3.068193,-4.153228,-1.4798824,-2.8736162,-1.9905689,1.2099668,-2.9614823,-2.5816877,-3.31639,-3.1083739,1
0.0,0,12.522652,1.9369121,1.3178455,-2.4663105,1.3327142,0.5160359,-1.0731332,1.9751457,0.5627114,1.0695665,-3.1102614,-4.1755266,-1.4660772,-2.8940175,-2.0684373,1.1810768,-3.0131083,-2.5880241,-3.3478506,-3.110434,1
0.0,0,12.516661,1.9528437,1.3211197,-2.4610384,1.3313582,0.51762784,-1.0574999,1.9836773,0.5538148,1.0904917,-3.119761,-4.180405,-1.4702162,-2.8986309,-2.0834394,1.1770238,-3.021777,-2.5876355,-3.3560672,-3.1088219,1
16.0,16,-1.1016518,-0.54509944,-2.5793185,-1.7922473,-0.68465245,-0.9332055,-1.4455925,0.653177,-1.6859946,-0.028979175,-1.7359351,1.7606243,0.18929696,-2.8641818,0.010188945,-1.4356747,12.487096,0.50660926,0.5890688,-1.7514905,1
16.0,16,-1.1118617,-0.5429954,-2.5828598,-1.7749112,-0.6975641,-0.94185674,-1.4453076,0.6385163,-1.68006,-0.025103709,-1.7174788,1.7895184,0.1795739,-2.8701727,-0.009149395,-1.4368185,12.497363,0.5165539,0.59592813,-1.7524474,1
16.0,16,-1.10836,-0.5414122,-2.5826743,-1.7837293,-0.70078784,-0.93949604,-1.4508666,0.63590515,-1.6768506,-0.02864603,-1.7220557,1.7810199,0.18414965,-2.8609035,-0.004190229,-1.4306102,12.494322,0.51438665,0.59554017,-1.7529253,1
16.0,16,-1.1223028,-0.5386791,-2.587771,-1.7631937,-0.71832407,-0.95092034,-1.4531782,0.6152638,-1.6689558,-0.023418073,-1.6985449,1.8228543,0.17068812,-2.864809,-0.027771961,-1.4304736,12.507248,0.52840847,0.6042212,-1.7546297,1
16.0,16,-1.1186844,-0.54077804,-2.585856,-1.7622213,-0.70734596,-0.94767845,-1.4452858,0.62772274,-1.6755147,-0.022874583,-1.7044164,1.8072132,0.17316139,-2.8746605,-0.022730704,-1.436277,12.504506,0.52286553,0.60028625,-1.753582,1
16.0,16,-1.1096137,-0.5430501,-2.5821636,-1.7781233,-0.6959086,-0.94002414,-1.4457302,0.64100826,-1.6807507,-0.026240066,-1.7209184,1.7823648,0.18214914,-2.868807,-0.0055332333,-1.436066,12.49534,0.51417816,0.59450144,-1.7523507,1
2.0,2,-1.2037275,3.655349,9.952622,0.2083977,-4.166863,0.9272438,-2.1748042,-3.0414226,2.4822633,-0.3907351,-2.4232855,-2.8430593,-0.88454485,5.3185883,-0.67979777,2.4249115,-3.6268528,-1.0454996,-4.395901,-3.6815474,1
2.0,2,-1.2105069,3.6558661,9.940866,0.20284878,-4.1600204,0.92997193,-2.1750684,-3.042902,2.4799032,-0.39304787,-2.430217,-2.8364186,-0.8844702,5.3409066,-0.6821648,2.421379,-3.6252117,-1.0393932,-4.3987145,-3.688338,1
2.0,2,-1.193332,3.64836,9.959985,0.20345567,-4.1673837,0.92456925,-2.1783037,-3.0467315,2.500556,-0.382398,-2.4151087,-2.856554,-0.8855592,5.3005037,-0.68078,2.423974,-3.628744,-1.0432019,-4.395442,-3.6796286,1
2.0,2,-1.197488,3.6490765,9.969873,0.21310599,-4.17474,0.9222355,-2.1750283,-3.0403755,2.4909794,-0.39009538,-2.4107442,-2.8520372,-0.88257086,5.288053,-0.6739142,2.428046,-3.6305537,-1.0511327,-4.3906107,-3.671933,1
2.0,2,-1.2094955,3.6562948,9.940189,0.20268832,-4.1593804,0.930382,-2.175342,-3.0433893,2.4801779,-0.39216214,-2.430984,-2.837061,-0.88492876,5.341727,-0.6833866,2.4210994,-3.6249397,-1.0386975,-4.3992653,-3.68888,1
2.0,2,-1.2076787,3.6561735,9.94552,0.20508833,-4.162809,0.9289315,-2.1749234,-3.0421805,2.4802077,-0.3914663,-2.4276915,-2.8389983,-0.8849009,5.332219,-0.68162376,2.4228923,-3.6257615,-1.0418534,-4.3977246,-3.6854398,1
3.0,3,-0.8777406,1.8972001,0.43878558,11.812945,-0.4859969,-0.96337557,0.29011497,-1.2045496,-2.281644,-1.9470538,-1.0878152,3.1978035,-0.7140719,-2.9614651,-2.41065,-0.75040996,1.0766232,0.6007479,-2.4242127,-2.7202418,1
3.0,3,-0.87028146,1.8780897,0.43368968,11.824001,-0.4965508,-0.9640442,0.27080408,-1.1965648,-2.2484627,-1.9475393,-1.0523707,3.2048817,-0.70964396,-3.0002117,-2.4190853,-0.75507754,1.089801,0.5844692,-2.4282463,-2.707041,1
3.0,3,-0.8690266,1.8581004,0.42217842,11.830311,-0.5040918,-0.9675268,0.25691706,-1.1931654,-2.2154613,-1.9473541,-1.0230033,3.2172863,-0.70706683,-3.0313003,-2.424152,-0.761153,1.1024501,0.5720101,-2.4236798,-2.6982229,1
3.0,3,-0.86458844,1.8365188,0.41254148,11.839445,-0.51416695,-0.97030306,0.23865986,-1.1870097,-2.1789942,-1.9473375,-0.98596805,3.2280455,-0.7036322,-3.0708919,-2.4323318,-0.7672105,1.1187994,0.556637,-2.423438,-2.686159,1
3.0,3,-0.8639974,1.8611617,0.42834803,11.834053,-0.50652844,-0.964345,0.25311428,-1.1899157,-2.217766,-1.948456,-1.0195101,3.2082229,-0.70589304,-3.0347948,-2.4258058,-0.7595511,1.1014434,0.57131565,-2.4318926,-2.695171,1
3.0,3,-0.8708311,1.8798053,0.4339512,11.823233,-0.49577212,-0.9638324,0.27232248,-1.1975954,-2.250808,-1.9476167,-1.0551262,3.202258,-0.7100407,-2.996731,-2.4178748,-0.75485086,1.0882587,0.5864325,-2.4278874,-2.708032,1
7.0,7,1.1270499,-3.6806285,-0.73338157,-1.9612086,2.8155663,-0.29706714,0.9165331,12.120632,-3.747516,-0.8382675,-0.29284412,-1.6842275,-3.3714912,-3.5223885,-1.955113,-0.033921607,0.904574,2.633367,-3.7010074,-0.8420756,1
7.0,7,1.0749542,-3.626905,-0.7269476,-1.917219,2.6547616,-0.26325786,0.8107374,12.106153,-3.6704044,-0.8086978,-0.28262252,-1.7492182,-3.3390465,-3.5198333,-1.9255786,-0.104318574,1.0126244,2.7253768,-3.7100306,-0.8017351,1
7.0,7,1.0667078,-3.521748,-0.7491458,-1.8001528,2.2762446,-0.042487025,0.6271521,12.159111,-3.7038908,-0.72714216,-0.38719493,-1.8190314,-3.2876484,-3.4625578,-1.8104156,-0.07773316,1.2381771,2.2523086,-3.6825018,-0.36365247,1
7.0,7,1.1580392,-3.5832036,-0.7708475,-1.8364772,2.4414675,-0.11245963,0.7462611,12.17009,-3.8346887,-0.6684739,-0.39806387,-1.7601281,-3.3287342,-3.5273244,-1.8494105,-0.035183325,1.1853205,2.0527527,-3.5559695,-0.24238929,1
7.0,7,1.0561628,-3.606909,-0.73394144,-1.9015398,2.5647707,-0.25139722,0.71137893,12.081797,-3.6130443,-0.80081815,-0.26227283,-1.7816349,-3.3244843,-3.4991508,-1.8929248,-0.13402149,1.0918145,2.7759852,-3.7322505,-0.7925531,1
7.0,7,1.1062165,-3.654699,-0.7297897,-1.9417791,2.7177448,-0.2841811,0.8348212,12.105602,-3.698766,-0.8204662,-0.2822194,-1.7225958,-3.3519573,-3.5102358,-1.9292552,-0.071773514,0.98028,2.6697936,-3.7069817,-0.8141083,1
13.0,13,-1.6680859,1.0989816,-0.9851285,-3.6047165,-1.2416351,1.1759506,-3.2419968,-1.5104403,-2.001433,-0.011891859,-3.2907822,0.035399437,0.17221019,13.413679,0.6463934,0.6036089,-0.8107968,-0.70239156,-1.3622172,-1.4783243,1
13.0,13,-1.6676934,1.0980537,-0.9847221,-3.6054318,-1.2415346,1.1764647,-3.2421637,-1.510259,-2.0008187,-0.011356661,-3.290446,0.0344126,0.17199075,13.413926,0.64702207,0.6032869,-0.8115818,-0.7032118,-1.3620722,-1.4777033,1
13.0,13,-1.6684452,1.0990899,-0.98530376,-3.6041143,-1.2412285,1.1761361,-3.2418585,-1.5113803,-2.0010228,-0.011595577,-3.290723,0.036602005,0.17192787,13.41403,0.6458692,0.6040876,-0.81212455,-0.7016302,-1.3623226,-1.4789379,1
13.0,13,-1.6654116,1.0937905,-0.9822823,-3.6075354,-1.2439824,1.1798192,-3.2426856,-1.5078056,-1.9978356,-0.008752534,-3.2875323,0.0307084,0.17139676,13.415803,0.6463188,0.601794,-0.81583756,-0.71021664,-1.3616658,-1.4702432,1
13.0,13,-1.6672338,1.0970597,-0.98415166,-3.6061513,-1.2417595,1.1770409,-3.2423077,-1.5098516,-2.000213,-0.010654764,-3.2899559,0.03329858,0.1718021,13.414245,0.6473277,0.602909,-0.8124022,-0.7043982,-1.3619525,-1.4763825,1
13.0,13,-1.667826,1.0982752,-0.9847499,-3.6053233,-1.2416013,1.1763335,-3.2421114,-1.510274,-2.000988,-0.011327904,-3.2904823,0.034522295,0.17199892,13.4138775,0.6468184,0.60334325,-0.8113918,-0.70299387,-1.3621707,-1.4776301,1
16.0,16,-1.9123126,0.27962238,-2.6483474,-1.3296921,-1.6671836,-1.5850085,0.62241447,1.1143174,-1.9247907,-1.0910097,-0.9399488,1.0518522,0.05570495,-2.7338505,-1.0229402,-2.89653,12.652179,1.8914714,0.94356406,-2.2590868,1
16.0,16,-1.923401,0.2761841,-2.6504812,-1.3109361,-1.6817144,-1.5927329,0.57846016,1.1004254,-1.9097924,-1.0882607,-0.9043908,1.0775605,0.06066148,-2.7335992,-1.037234,-2.9123766,12.665631,1.9456397,0.9379895,-2.2576623,1
16.0,16,-1.9522157,0.2701773,-2.656814,-1.2660854,-1.7260684,-1.6111914,0.46745032,1.0569158,-1.8660089,-1.0821025,-0.8128885,1.1399051,0.075479686,-2.7286968,-1.0722325,-2.949062,12.69879,2.07109,0.9341121,-2.2489488,1
16.0,16,-1.9372422,0.27658668,-2.657208,-1.2890725,-1.7137574,-1.6013039,0.52174705,1.0696709,-1.8818656,-1.0847243,-0.85730433,1.1083636,0.072258115,-2.7257893,-1.0536293,-2.9277747,12.683621,1.9931763,0.9450729,-2.2479618,1
16.0,16,-1.9331374,0.27266195,-2.65096,-1.2947824,-1.6941367,-1.5994524,0.5398117,1.089767,-1.8970886,-1.0858816,-0.87342805,1.0989842,0.0648834,-2.7336907,-1.0492736,-2.9262915,12.676902,1.9928126,0.93276376,-2.2560885,1
16.0,16,-1.9220334,0.2764283,-2.6500082,-1.3130956,-1.6800065,-1.5918028,0.5835256,1.1022828,-1.9118332,-1.0885208,-0.9089768,1.0748644,0.06010195,-2.73362,-1.035112,-2.9103668,12.664104,1.9387888,0.9387306,-2.257765,1
13.0,13,-2.132265,0.25833577,-1.1484231,-4.862878,1.3384199,-1.031887,-3.3604598,-1.4667953,-3.468485,2.3220775,-3.453254,-0.72957945,2.5505147,11.519169,1.8259126,-0.8221785,-0.5180278,0.688107,-1.0445464,0.28141868,1
13.0,13,-2.1271026,0.24521963,-1.1615578,-4.8988104,1.3650564,-1.03545,-3.3814292,-1.4474298,-3.4815512,2.3767548,-3.4514878,-0.7716647,2.5491025,11.471908,1.900777,-0.82800144,-0.52235365,0.6927103,-1.0518823,0.28258008,1
13.0,13,-2.183969,0.22008705,-1.16198,-4.906505,1.4267892,-1.180348,-3.3574016,-1.5056292,-3.4763093,2.633604,-3.4198732,-0.71049243,2.6438503,11.353435,1.7914325,-0.91033936,-0.5536378,0.718783,-0.95472544,0.43681127,1
13.0,13,-2.166368,0.25312775,-1.2079453,-4.982474,1.5118665,-1.1671541,-3.371954,-1.4474111,-3.5534623,2.7686636,-3.4237576,-0.8142351,2.6405308,11.218776,1.9586192,-0.91340744,-0.59828085,0.71712625,-1.0339371,0.44178894,1
13.0,13,-2.123058,0.23576081,-1.1674306,-4.9186153,1.3787376,-1.0370245,-3.394323,-1.4361446,-3.4884896,2.4047616,-3.4497948,-0.79747295,2.5444682,11.445722,1.9458693,-0.8294055,-0.52361596,0.698075,-1.0569869,0.28520393,1
13.0,13,-2.1271803,0.24731794,-1.1562917,-4.88833,1.3557708,-1.0321149,-3.3771143,-1.4524434,-3.4764292,2.3557477,-3.4520566,-0.76074916,2.5446627,11.488266,1.8823048,-0.82415295,-0.51989406,0.69331086,-1.0512054,0.28067583,1
11.0,6,-4.5243645,-4.398796,-3.5072362,-0.96881914,1.714967,-1.3709079,8.417294,8.15434,-1.5989257,-5.037714,0.9412435,0.17024635,-0.5632695,-2.8608081,-2.2550864,2.1881354,-1.1769451,-2.7343206,1.6258441,-0.7552438,0
11.0,6,-4.5785522,-4.378128,-3.486787,-0.91113055,1.8174903,-1.4061018,8.482811,8.081062,-1.6984317,-5.0662336,0.9572533,0.22377333,-0.46465605,-2.8489306,-2.2194328,2.2617757,-1.3068229,-2.6999013,1.497888,-0.8078803,0
11.0,6,-4.833043,-4.126225,-3.444216,-0.77981555,1.9739895,-1.4317186,8.787755,7.939114,-2.2450345,-5.0312653,0.7508612,0.36487228,-0.13997981,-2.7047641,-2.0411394,2.7127197,-1.8122753,-2.6116955,1.0861853,-0.8413378,0
11.0,6,-4.6908693,-4.149383,-3.4278305,-0.87629735,1.8332728,-1.3969646,8.713766,8.14141,-2.1536899,-4.976572,0.73598725,0.2434213,-0.23438811,-2.680556,-2.1423464,2.6723602,-1.80393,-2.6812048,1.1364441,-0.73476696,0
11.0,6,-4.7410307,-4.3293905,-3.4763281,-0.82451373,1.9327248,-1.4307319,8.617637,7.978757,-1.8662689,-5.085697,0.93518806,0.34994414,-0.349492,-2.847009,-2.1778045,2.3264587,-1.3846264,-2.621702,1.3944712,-0.8549477,0
11.0,6,-4.5867414,-4.3811994,-3.4941704,-0.9266302,1.7821797,-1.389491,8.474682,8.102498,-1.6733204,-5.05951,0.9474088,0.22462642,-0.4874075,-2.8477929,-2.2329195,2.2323458,-1.2586981,-2.7033694,1.5398113,-0.7937659,0
16.0,16,-2.0887866,0.47981268,-1.82332,0.037609745,-1.5510297,-3.007981,-1.7220123,-2.0576408,-1.8564175,-1.2172586,1.5781357,3.6387842,-0.765521,-2.2155032,-0.9714962,-2.400955,13.366394,1.9833494,1.3478423,-1.4106487,1
16.0,16,-2.0731728,0.47727022,-1.82706,0.034903284,-1.5887527,-3.002301,-1.7553368,-2.0800903,-1.8114163,-1.2138647,1.6783423,3.5822725,-0.77824295,-2.2384644,-0.98369277,-2.4349444,13.378601,2.0045204,1.3572321,-1.381262,1
16.0,16,-2.0893278,0.48154804,-1.8274276,0.06746469,-1.6753514,-3.0045834,-1.7648867,-2.1372244,-1.7599671,-1.2271408,1.8027982,3.6120777,-0.77918124,-2.2551284,-1.0067073,-2.4442585,13.384872,1.9573249,1.3920033,-1.3362218,1
16.0,16,-2.0912404,0.48069242,-1.8249183,0.076866195,-1.694319,-3.0044854,-1.7610717,-2.1450205,-1.7513905,-1.2329609,1.8230095,3.6199439,-0.774373,-2.2604735,-1.0124521,-2.4420805,13.384448,1.9329463,1.4017009,-1.3233467,1
16.0,16,-2.062035,0.47555605,-1.8306766,0.03431871,-1.6156722,-2.9982848,-1.780309,-2.098628,-1.7794559,-1.2118661,1.7542086,3.544567,-0.79008913,-2.2548182,-0.9906685,-2.4586751,13.386637,2.020024,1.3623836,-1.3612536,1
16.0,16,-2.076069,0.4784475,-1.8274193,0.037983626,-1.5952518,-3.0031762,-1.7598747,-2.08829,-1.8078246,-1.2140305,1.6927781,3.5889237,-0.7816624,-2.2379105,-0.9844791,-2.4363632,13.378863,2.0076375,1.3575414,-1.3792045,1
9.0,9,-1.9932666,-0.18749101,1.0769849,-3.9872355,-1.5100669,-3.7513192,-0.65441966,-2.29971,-0.8830366,11.826962,-2.0993614,-0.24996682,0.54899365,2.4499187,0.8083648,-2.3016477,0.09803286,-1.150871,3.0429535,0.74306357,1
9.0,9,-1.9218593,-0.1381524,1.0435864,-4.008744,-1.4926392,-3.654395,-0.7286723,-2.1115687,-1.1090047,11.781375,-2.178571,-0.22288877,0.53504944,2.4762402,1.104391,-2.2693245,0.098787636,-1.2107092,2.7832248,0.69630724,1
9.0,9,-1.8348904,-0.029610917,0.90048516,-4.0512304,-1.4226592,-3.6426933,-1.0923651,-2.5640085,-0.6854294,11.951197,-2.1078937,-0.12251041,0.38493448,2.3808353,1.280056,-2.2066324,0.14228341,-1.0800657,2.7664895,0.6061804,1
9.0,9,-1.4000993,0.18714285,0.5898108,-4.359576,-1.3578943,-3.0793848,-1.5505663,-2.0276217,-1.306045,11.428909,-2.4478257,-0.101861514,0.31079647,2.341516,3.1565623,-1.9268619,0.25595906,-1.5544152,1.8034163,0.06585673,1
9.0,9,-1.7994013,-0.08082673,0.98161644,-4.0557823,-1.447744,-3.5009916,-0.85839254,-1.8602022,-1.4078269,11.688781,-2.287241,-0.16901074,0.50685567,2.508702,1.57259,-2.216911,0.10058388,-1.3148907,2.4153936,0.6076902,1
9.0,9,-1.9136524,-0.121727616,1.0331053,-4.021825,-1.4898769,-3.6386554,-0.74063927,-2.1102386,-1.1170237,11.777652,-2.1876607,-0.23122123,0.52717143,2.4744952,1.1556802,-2.2604887,0.10460298,-1.2108767,2.7503457,0.67067885,1
5.0,5,-1.7599975,1.7459209,-1.9556577,-0.14977509,-1.5944352,12.539856,0.47695574,4.637973,-1.6045258,-0.8445801,-4.6569047,-2.316801,1.2931514,0.60654575,0.91144973,-1.1128621,-0.9829054,-3.3927531,-2.9317296,-2.9149873,1
5.0,5,-1.7330132,1.7364874,-1.946664,-0.15384535,-1.6009814,12.535755,0.45082828,4.641163,-1.6315777,-0.82731134,-4.659504,-2.3198793,1.2836609,0.5887351,0.9675732,-1.0957087,-0.9803017,-3.4014044,-2.9304235,-2.8982852,1
5.0,5,-1.7263334,1.6376009,-1.982438,-0.17962961,-1.5638537,12.551459,0.48280814,4.6606045,-1.5250138,-0.8650588,-4.6370416,-2.3595498,1.3304852,0.6005001,0.9371688,-1.1153523,-1.0572417,-3.4207363,-2.90749,-2.8814006,1
5.0,5,-1.6175244,1.6783419,-1.9417368,-0.16401477,-1.4615766,12.572245,0.4334974,4.624473,-1.678629,-0.8135108,-4.674552,-2.379351,1.243539,0.51484936,1.1070124,-1.0237772,-1.0798992,-3.429319,-2.978283,-2.8841982,1
5.0,5,-1.7130872,1.7360761,-1.9397098,-0.15381913,-1.5966823,12.535561,0.43629166,4.640419,-1.6560158,-0.8164141,-4.663497,-2.3223877,1.2709879,0.5739593,1.0049783,-1.0808716,-0.9794677,-3.4054232,-2.9357395,-2.8913238,1
5.0,5,-1.7391751,1.741981,-1.9487152,-0.15190026,-1.5987703,12.5376835,0.45844868,4.6383395,-1.6267353,-0.83115715,-4.659137,-2.3197029,1.2835217,0.5922385,0.95389575,-1.0987505,-0.9802946,-3.3990374,-2.9322188,-2.903367,1
1.0,1,-0.07979377,12.213927,-0.6501712,3.5586858,-3.4684362,2.3619192,2.1642756,-2.7398384,-4.066088,1.6544842,-3.126898,-1.7160234,-0.98107785,0.29599243,-2.6549332,0.100242816,-1.5250376,0.28357637,-2.0618222,-2.2882302,1
1.0,1,-0.07502829,12.214858,-0.6500362,3.5610774,-3.4684975,2.364079,2.1619227,-2.740787,-4.0646906,1.6533902,-3.1270804,-1.7170274,-0.9843908,0.29210046,-2.6524613,0.10130906,-1.5252229,0.28400856,-2.0632436,-2.2894459,1
1.0,1,-0.06429471,12.217291,-0.65061677,3.5642,-3.4683294,2.366031,2.152837,-2.7457376,-4.056489,1.6598895,-3.1257684,-1.7217613,-0.9892434,0.2855383,-2.6535845,0.09606066,-1.5233611,0.2951638,-2.0664804,-2.2927725,1
1.0,1,-0.02393137,12.224838,-0.6444512,3.5751693,-3.4848263,2.3831062,2.1355753,-2.7422686,-4.0460587,1.6560893,-3.1252253,-1.7323105,-1.0043044,0.2550891,-2.6373234,0.11122629,-1.5291654,0.26825556,-2.0714843,-2.297051,1
1.0,1,-0.07155667,12.215524,-0.6497791,3.5625331,-3.4690044,2.3654625,2.1603522,-2.741117,-4.0637546,1.6528239,-3.1270733,-1.717766,-0.9864351,0.28925082,-2.6508682,0.10225424,-1.525444,0.28334737,-2.0639992,-2.2900681,1
1.0,1,-0.07729774,12.214404,-0.6500903,3.5599177,-3.468385,2.362718,2.1631224,-2.7403207,-4.0654616,1.6540794,-3.126884,-1.7164489,-0.98285097,0.29376537,-2.653684,0.10074819,-1.5250324,0.28385398,-2.062472,-2.288745,1
13.0,13,-1.7802235,1.1837611,-0.9132907,-3.4895017,-1.5648304,1.3246381,-3.0569901,-1.5866803,-1.9874423,0.09734274,-3.212724,-0.11815305,0.17891496,13.49161,0.64794415,0.662179,-1.2036605,-0.9504713,-1.3647573,-1.1551292,1
13.0,13,-1.780231,1.18366,-0.91307384,-3.4896371,-1.564899,1.3248712,-3.05698,-1.58682,-1.9870594,0.09762935,-3.2125587,-0.11835939,0.1788975,13.491739,0.6477483,0.66209805,-1.2040563,-0.9505484,-1.3648956,-1.1552556,1
13.0,13,-1.7801958,1.1836123,-0.91332257,-3.4894443,-1.5648297,1.324682,-3.057027,-1.5868845,-1.9871674,0.09716856,-3.2126935,-0.117893904,0.17902946,13.491688,0.64789194,0.66222495,-1.2038,-0.95057094,-1.3645525,-1.1552486,1
13.0,13,-1.7784429,1.1810098,-0.91255206,-3.4907558,-1.5664135,1.3269953,-3.0578241,-1.586315,-1.9831727,0.09788093,-3.2088523,-0.12051185,0.17935592,13.493127,0.6456589,0.66068214,-1.2071619,-0.953133,-1.3660425,-1.1520869,1
13.0,13,-1.7800788,1.1834064,-0.91283673,-3.48982,-1.5651009,1.3252206,-3.0570276,-1.5868502,-1.9864826,0.09789376,-3.2121127,-0.11873987,0.17889774,13.491951,0.6473688,0.6619226,-1.2046214,-0.95080817,-1.3651459,-1.154973,1
13.0,13,-1.780233,1.1837137,-0.9130706,-3.4896207,-1.5649055,1.3248472,-3.0569627,-1.5867739,-1.9871323,0.09764336,-3.2125604,-0.11839009,0.17887369,13.491722,0.6477063,0.6621034,-1.2040337,-0.9505224,-1.3649421,-1.1551027,1
