true_label,predicted_label,prob_class_0,prob_class_1,prob_class_2,prob_class_3,prob_class_4,prob_class_5,correct
0.0,0,12.580319,-1.2687632,-4.8459654,-2.293917,-0.5340251,-10.309429,1
0.0,0,12.580338,-1.2687908,-4.846016,-2.2939146,-0.53395236,-10.309482,1
0.0,0,12.580348,-1.2688061,-4.8460407,-2.2939074,-0.53392875,-10.309486,1
0.0,0,12.580352,-1.2687949,-4.84604,-2.2939034,-0.5339298,-10.309514,1
0.0,0,12.580326,-1.2687627,-4.8459873,-2.293918,-0.53401923,-10.309424,1
0.0,0,12.580375,-1.2688206,-4.846077,-2.2938836,-0.53391695,-10.309505,1
2.0,2,-2.1525106,-2.8052082,14.83688,-1.0971153,-2.8635707,-8.358842,1
2.0,2,-2.1525106,-2.8052082,14.83688,-1.0971153,-2.8635707,-8.358842,1
2.0,2,-2.1525106,-2.8052082,14.83688,-1.0971153,-2.8635707,-8.358842,1
2.0,2,-2.1525106,-2.8052082,14.83688,-1.0971153,-2.8635707,-8.358842,1
2.0,2,-2.1525106,-2.8052082,14.83688,-1.0971153,-2.8635707,-8.358842,1
2.0,2,-2.1525106,-2.8052082,14.83688,-1.0971153,-2.8635707,-8.358842,1
3.0,3,-0.7192299,-1.2212285,-2.3199213,13.4192505,-5.14413,-2.4011831,1
3.0,3,-0.7192299,-1.2212285,-2.3199213,13.4192505,-5.14413,-2.4011831,1
3.0,3,-0.7192299,-1.2212285,-2.3199213,13.4192505,-5.14413,-2.4011831,1
3.0,3,-0.7192299,-1.2212285,-2.3199213,13.4192505,-5.14413,-2.4011831,1
3.0,3,-0.7192299,-1.2212285,-2.3199213,13.4192505,-5.14413,-2.4011831,1
3.0,3,-0.7192299,-1.2212285,-2.3199213,13.4192505,-5.14413,-2.4011831,1
2.0,2,-2.1504803,-2.7996535,14.847508,-1.1051145,-2.8678825,-8.370408,1
2.0,2,-2.1504803,-2.7996535,14.847508,-1.1051145,-2.8678825,-8.370408,1
2.0,2,-2.1504803,-2.7996535,14.847508,-1.1051145,-2.8678825,-8.370408,1
2.0,2,-2.1504803,-2.7996535,14.847508,-1.1051145,-2.8678825,-8.370408,1
2.0,2,-2.1504803,-2.7996535,14.847508,-1.1051145,-2.8678825,-8.370408,1
2.0,2,-2.1504803,-2.7996535,14.847508,-1.1051145,-2.8678825,-8.370408,1
3.0,3,-0.6998194,-1.2249972,-2.2757702,13.431766,-5.1279263,-2.499035,1
3.0,3,-0.6998194,-1.2249972,-2.2757702,13.431766,-5.1279263,-2.499035,1
3.0,3,-0.6998195,-1.2249974,-2.2757702,13.431766,-5.1279263,-2.499035,1
3.0,3,-0.6998189,-1.2249972,-2.2757707,13.431766,-5.1279273,-2.499035,1
3.0,3,-0.699819,-1.2249969,-2.2757711,13.431766,-5.127927,-2.4990344,1
3.0,3,-0.6998189,-1.2249972,-2.2757707,13.431766,-5.1279273,-2.499035,1
2.0,2,-2.1509893,-2.7976189,14.913495,-1.1240091,-2.8804536,-8.416736,1
2.0,2,-2.1509893,-2.7976189,14.913495,-1.1240091,-2.8804536,-8.416736,1
2.0,2,-2.1509893,-2.7976189,14.913495,-1.1240091,-2.8804536,-8.416736,1
2.0,2,-2.1509893,-2.7976189,14.913495,-1.1240091,-2.8804536,-8.416736,1
2.0,2,-2.1509893,-2.7976189,14.913495,-1.1240091,-2.8804536,-8.416736,1
2.0,2,-2.1509893,-2.7976189,14.913495,-1.1240091,-2.8804536,-8.416736,1
2.0,2,-2.1450722,-2.7798457,14.900314,-1.1498171,-2.8757827,-8.425914,1
2.0,2,-2.1450722,-2.7798457,14.900314,-1.1498171,-2.8757827,-8.425914,1
2.0,2,-2.1450722,-2.7798457,14.900314,-1.1498171,-2.8757827,-8.425914,1
2.0,2,-2.1450722,-2.7798457,14.900314,-1.1498171,-2.8757827,-8.425914,1
2.0,2,-2.1450722,-2.7798457,14.900314,-1.1498171,-2.8757827,-8.425914,1
2.0,2,-2.1450722,-2.7798457,14.900314,-1.1498171,-2.8757827,-8.425914,1
2.0,2,-2.13614,-2.799437,14.915709,-1.1471115,-2.8696322,-8.441263,1
2.0,2,-2.1361356,-2.7994437,14.915712,-1.1471195,-2.8696184,-8.441279,1
2.0,2,-2.1361475,-2.7994375,14.9157095,-1.1471106,-2.8696284,-8.441257,1
2.0,2,-2.136149,-2.7994366,14.915711,-1.147111,-2.869629,-8.441258,1
2.0,2,-2.1361458,-2.7994356,14.915712,-1.1471142,-2.8696294,-8.441261,1
2.0,2,-2.1361408,-2.7994418,14.915709,-1.1471096,-2.8696268,-8.441264,1
1.0,1,-2.1556652,9.750333,-4.5394597,-2.703951,0.21602878,-2.2134433,1
1.0,1,-2.1556625,9.75036,-4.5395417,-2.7039537,0.21603021,-2.2133656,1
1.0,1,-2.1557245,9.750336,-4.5394783,-2.7039149,0.21602967,-2.2133613,1
1.0,1,-2.1556926,9.750318,-4.5395017,-2.7038748,0.21599987,-2.2133489,1
1.0,1,-2.1557205,9.75029,-4.5394535,-2.7038853,0.21602914,-2.2133722,1
1.0,1,-2.1557043,9.750314,-4.5394387,-2.7039106,0.21602437,-2.2134151,1
3.0,3,-0.42598814,-1.0308269,-2.3428516,13.322411,-5.216543,-2.7025175,1
3.0,3,-0.42598814,-1.0308269,-2.3428516,13.322411,-5.216543,-2.7025175,1
3.0,3,-0.42598814,-1.0308269,-2.3428516,13.322411,-5.216543,-2.7025175,1
3.0,3,-0.42598814,-1.0308269,-2.3428516,13.322411,-5.216543,-2.7025175,1
3.0,3,-0.42598814,-1.0308269,-2.3428516,13.322411,-5.216543,-2.7025175,1
3.0,3,-0.42598814,-1.0308269,-2.3428516,13.322411,-5.216543,-2.7025175,1
2.0,2,-2.1406255,-2.8003936,14.922085,-1.1626736,-2.8509343,-8.453811,1
2.0,2,-2.1406255,-2.8003936,14.922085,-1.1626736,-2.8509343,-8.453811,1
2.0,2,-2.1406255,-2.8003936,14.922085,-1.1626736,-2.8509343,-8.453811,1
2.0,2,-2.1406255,-2.8003936,14.922085,-1.1626736,-2.8509343,-8.453811,1
2.0,2,-2.1406255,-2.8003936,14.922085,-1.1626736,-2.8509343,-8.453811,1
2.0,2,-2.1406255,-2.8003936,14.922085,-1.1626736,-2.8509343,-8.453811,1
4.0,4,0.70971954,0.924013,-6.1360316,-7.7872553,9.648745,-4.130567,1
4.0,4,0.71182543,0.92438775,-6.136401,-7.7869625,9.647345,-4.131578,1
4.0,4,0.7091951,0.92360216,-6.135432,-7.7874684,9.649139,-4.1305537,1
4.0,4,0.7072711,0.92299616,-6.134909,-7.7876973,9.650403,-4.129606,1
4.0,4,0.7076462,0.92270494,-6.1349416,-7.787735,9.650466,-4.1298027,1
4.0,4,0.7091434,0.9239435,-6.1359906,-7.7879467,9.64962,-4.1303616,1
3.0,3,-0.6340831,-0.74929726,-2.8176074,13.097437,-5.0727754,-2.2233343,1
3.0,3,-0.6340831,-0.74929726,-2.8176074,13.097437,-5.0727754,-2.2233343,1
3.0,3,-0.6340831,-0.74929726,-2.8176074,13.097437,-5.0727754,-2.2233343,1
3.0,3,-0.6340831,-0.74929726,-2.8176074,13.097437,-5.0727754,-2.2233343,1
3.0,3,-0.6340831,-0.74929726,-2.8176074,13.097437,-5.0727754,-2.2233343,1
3.0,3,-0.6340831,-0.74929726,-2.8176074,13.097437,-5.0727754,-2.2233343,1
1.0,1,-1.0297437,9.6472435,-5.4300117,-3.7208457,0.5481683,-2.2892318,1
1.0,1,-1.0299053,9.647386,-5.430017,-3.7207391,0.5480058,-2.2889628,1
1.0,1,-1.0298454,9.647196,-5.429832,-3.7210915,0.54839694,-2.289391,1
1.0,1,-1.0296353,9.647241,-5.4299755,-3.7209165,0.54820657,-2.2894363,1
1.0,1,-1.0299228,9.647371,-5.4299636,-3.7209709,0.5482265,-2.2891088,1
1.0,1,-1.0298746,9.647271,-5.430034,-3.7207835,0.5481641,-2.289103,1
3.0,3,-0.75110334,-1.1145924,-2.4431095,13.331566,-5.102939,-2.3120427,1
3.0,3,-0.75110334,-1.1145924,-2.4431095,13.331566,-5.102939,-2.3120427,1
3.0,3,-0.75110334,-1.1145924,-2.4431095,13.331566,-5.102939,-2.3120427,1
3.0,3,-0.75110334,-1.1145924,-2.4431095,13.331566,-5.102939,-2.3120427,1
3.0,3,-0.75110334,-1.1145924,-2.4431095,13.331566,-5.102939,-2.3120427,1
3.0,3,-0.75110334,-1.1145924,-2.4431095,13.331566,-5.102939,-2.3120427,1
3.0,3,-0.67575246,-0.92539704,-2.5823107,13.235642,-5.0973377,-2.3487215,1
3.0,3,-0.67575246,-0.92539704,-2.5823107,13.235642,-5.0973377,-2.3487215,1
3.0,3,-0.67575246,-0.92539704,-2.5823107,13.235642,-5.0973377,-2.3487215,1
3.0,3,-0.67575246,-0.92539704,-2.5823107,13.235642,-5.0973377,-2.3487215,1
3.0,3,-0.67575246,-0.92539704,-2.5823107,13.235642,-5.0973377,-2.3487215,1
3.0,3,-0.67575246,-0.92539704,-2.5823107,13.235642,-5.0973377,-2.3487215,1
1.0,1,-1.8670206,9.523701,-4.2243824,-3.1501977,0.4927626,-2.890543,1
1.0,1,-1.8671747,9.523748,-4.224269,-3.1501806,0.49277022,-2.8905349,1
1.0,1,-1.867172,9.523737,-4.2242627,-3.1501696,0.4927661,-2.8905377,1
1.0,1,-1.8671104,9.52373,-4.2243223,-3.1501827,0.4927608,-2.8905272,1
1.0,1,-1.8671151,9.523725,-4.224313,-3.1501725,0.49275795,-2.890531,1
1.0,1,-1.8670877,9.523751,-4.2243533,-3.150172,0.49272916,-2.890501,1
2.0,2,-2.1369278,-2.8128653,14.913732,-1.1496558,-2.8444488,-8.451669,1
2.0,2,-2.1369278,-2.8128653,14.913732,-1.1496558,-2.8444488,-8.451669,1
2.0,2,-2.1369278,-2.8128653,14.913732,-1.1496558,-2.8444488,-8.451669,1
2.0,2,-2.1369278,-2.8128653,14.913732,-1.1496558,-2.8444488,-8.451669,1
2.0,2,-2.1369278,-2.8128653,14.913732,-1.1496558,-2.8444488,-8.451669,1
2.0,2,-2.1369278,-2.8128653,14.913732,-1.1496558,-2.8444488,-8.451669,1
3.0,3,-0.7522662,-0.745572,-2.7611232,13.079425,-5.0311704,-2.1918855,1
3.0,3,-0.7522662,-0.745572,-2.7611232,13.079425,-5.0311704,-2.1918855,1
3.0,3,-0.7522662,-0.745572,-2.7611232,13.079425,-5.0311704,-2.1918855,1
3.0,3,-0.7522662,-0.745572,-2.7611232,13.079425,-5.0311704,-2.1918855,1
3.0,3,-0.7522662,-0.745572,-2.7611232,13.079425,-5.0311704,-2.1918855,1
3.0,3,-0.7522662,-0.745572,-2.7611232,13.079425,-5.0311704,-2.1918855,1
1.0,1,0.12218265,8.722864,-5.580581,-3.5081034,0.64331067,-3.0509033,1
1.0,1,0.122461244,8.722638,-5.5807137,-3.508097,0.6433512,-3.0509238,1
1.0,1,0.1224529,8.722649,-5.580694,-3.5080721,0.6433222,-3.0509276,1
1.0,1,0.12210302,8.722904,-5.5806937,-3.5080607,0.6433252,-3.0507574,1
1.0,1,0.12203281,8.722922,-5.5807314,-3.508029,0.6433606,-3.0507445,1
1.0,1,0.12217657,8.722881,-5.580677,-3.5080473,0.64329684,-3.0508318,1
5.0,5,-6.070969,1.0024256,-6.9983144,-1.3584181,1.6090796,16.109436,1
5.0,5,-6.0709767,1.0024301,-6.998303,-1.3584282,1.6090863,16.109426,1
5.0,5,-6.07097,1.0024298,-6.9983325,-1.3584187,1.6090822,16.109451,1
5.0,5,-6.070975,1.0024296,-6.9983106,-1.3584185,1.6090791,16.109438,1
5.0,5,-6.070968,1.0024248,-6.998323,-1.3584176,1.6090822,16.109446,1
5.0,5,-6.0709734,1.0024287,-6.998308,-1.3584228,1.6090828,16.109434,1
4.0,4,-1.0130544,0.46168327,-6.1029773,-7.1705856,10.244261,-2.8267221,1
4.0,4,-1.0130417,0.4617362,-6.102981,-7.1706214,10.244248,-2.8267407,1
4.0,4,-1.0130796,0.46183956,-6.103081,-7.1705713,10.244215,-2.8266602,1
4.0,4,-1.013075,0.46180308,-6.1030483,-7.1705174,10.244185,-2.8266563,1
4.0,4,-1.0131491,0.4618361,-6.1031413,-7.170654,10.24433,-2.8265905,1
4.0,4,-1.0130643,0.46175587,-6.102965,-7.17055,10.244201,-2.8267298,1
0.0,0,12.404675,-1.2960607,-4.8222246,-2.279615,-0.36039093,-10.331764,1
0.0,0,12.404606,-1.2960202,-4.8222322,-2.2796628,-0.36032936,-10.331746,1
0.0,0,12.404666,-1.2960471,-4.822195,-2.279626,-0.36037984,-10.331816,1
0.0,0,12.404693,-1.2960883,-4.8221745,-2.2795775,-0.36041906,-10.331825,1
0.0,0,12.40463,-1.2960707,-4.8221884,-2.2796278,-0.36035642,-10.3317795,1
0.0,0,12.404801,-1.2960697,-4.8222857,-2.2795537,-0.36049476,-10.331762,1
2.0,2,-2.1441317,-2.8023305,14.912796,-1.1321311,-2.873953,-8.425552,1
2.0,2,-2.1441317,-2.8023305,14.912796,-1.1321311,-2.873953,-8.425552,1
2.0,2,-2.1441317,-2.8023305,14.912796,-1.1321311,-2.873953,-8.425552,1
2.0,2,-2.1441317,-2.8023305,14.912796,-1.1321311,-2.873953,-8.425552,1
2.0,2,-2.1441317,-2.8023305,14.912796,-1.1321311,-2.873953,-8.425552,1
2.0,2,-2.1441317,-2.8023305,14.912796,-1.1321311,-2.873953,-8.425552,1
0.0,0,12.388974,-1.1137491,-4.7050734,-2.387653,-0.6599145,-10.102913,1
0.0,0,12.388977,-1.1137506,-4.7050743,-2.3876522,-0.65991426,-10.102916,1
0.0,0,12.388974,-1.1137491,-4.705074,-2.3876536,-0.65991414,-10.102914,1
0.0,0,12.388974,-1.1137491,-4.705074,-2.3876536,-0.65991414,-10.102914,1
0.0,0,12.388973,-1.1137487,-4.7050753,-2.3876503,-0.65991414,-10.102912,1
0.0,0,12.388974,-1.1137491,-4.705074,-2.3876536,-0.65991414,-10.102914,1
4.0,4,2.4881237,0.3012305,-5.8223376,-6.7340274,8.017413,-5.093767,1
4.0,4,2.488795,0.30060256,-5.8210406,-6.733958,8.017048,-5.095087,1
4.0,4,2.4874523,0.30043197,-5.820297,-6.7344923,8.018179,-5.0950174,1
4.0,4,2.4866767,0.30047137,-5.8201766,-6.7350373,8.019042,-5.0947514,1
4.0,4,2.4876926,0.30088687,-5.820762,-6.7347627,8.0181465,-5.094973,1
4.0,4,2.49212,0.30045593,-5.8207026,-6.7332425,8.014587,-5.0972567,1
2.0,2,-2.1389804,-2.809857,14.91602,-1.1498743,-2.8489285,-8.448635,1
2.0,2,-2.1389804,-2.809857,14.91602,-1.1498743,-2.8489285,-8.448635,1
2.0,2,-2.1389804,-2.809857,14.91602,-1.1498743,-2.8489285,-8.448635,1
2.0,2,-2.1389804,-2.809857,14.91602,-1.1498743,-2.8489285,-8.448635,1
2.0,2,-2.1389804,-2.809857,14.91602,-1.1498743,-2.8489285,-8.448635,1
2.0,2,-2.1389804,-2.809857,14.91602,-1.1498743,-2.8489285,-8.448635,1
4.0,4,-0.7064174,0.5503386,-6.3723726,-7.3139396,10.229319,-2.8830218,1
4.0,4,-0.7064174,0.5503386,-6.3723726,-7.3139396,10.229319,-2.8830218,1
4.0,4,-0.7064174,0.5503386,-6.3723726,-7.3139396,10.229319,-2.8830218,1
4.0,4,-0.7064174,0.5503386,-6.3723726,-7.3139396,10.229319,-2.8830218,1
4.0,4,-0.7064174,0.5503386,-6.3723726,-7.3139396,10.229319,-2.8830218,1
4.0,4,-0.7064174,0.5503386,-6.3723726,-7.3139396,10.229319,-2.8830218,1
2.0,2,-2.1665876,-2.7888036,14.911305,-1.1468936,-2.8602543,-8.412086,1
2.0,2,-2.1665876,-2.7888036,14.911305,-1.1468936,-2.8602543,-8.412086,1
2.0,2,-2.1665876,-2.7888036,14.911305,-1.1468936,-2.8602543,-8.412086,1
2.0,2,-2.1665876,-2.7888036,14.911305,-1.1468936,-2.8602543,-8.412086,1
2.0,2,-2.1665876,-2.7888036,14.911305,-1.1468936,-2.8602543,-8.412086,1
2.0,2,-2.1665876,-2.7888036,14.911305,-1.1468936,-2.8602543,-8.412086,1
3.0,3,-0.6651576,-0.8543645,-2.7199898,13.16781,-5.0825953,-2.2425792,1
3.0,3,-0.6651576,-0.8543645,-2.7199898,13.16781,-5.0825953,-2.2425792,1
3.0,3,-0.6651576,-0.8543645,-2.7199898,13.16781,-5.0825953,-2.2425792,1
3.0,3,-0.6651576,-0.8543645,-2.7199898,13.16781,-5.0825953,-2.2425792,1
3.0,3,-0.6651576,-0.8543645,-2.7199898,13.16781,-5.0825953,-2.2425792,1
3.0,3,-0.6651576,-0.8543645,-2.7199898,13.16781,-5.0825953,-2.2425792,1
0.0,0,12.535576,-1.2286216,-4.8006473,-2.2834804,-0.5780895,-10.30119,1
0.0,0,12.535576,-1.2286216,-4.8006473,-2.2834804,-0.5780895,-10.30119,1
0.0,0,12.535576,-1.2286216,-4.8006473,-2.2834804,-0.5780895,-10.30119,1
0.0,0,12.535575,-1.2286221,-4.8006473,-2.2834804,-0.5780896,-10.30119,1
0.0,0,12.535576,-1.2286216,-4.8006473,-2.2834804,-0.5780895,-10.30119,1
0.0,0,12.535576,-1.2286216,-4.8006473,-2.2834804,-0.5780895,-10.30119,1
2.0,2,-2.1404998,-2.80058,14.921801,-1.1610619,-2.8524413,-8.452645,1
2.0,2,-2.1404998,-2.80058,14.921801,-1.1610619,-2.8524413,-8.452645,1
2.0,2,-2.1404998,-2.80058,14.921801,-1.1610619,-2.8524413,-8.452645,1
2.0,2,-2.1404998,-2.80058,14.921801,-1.1610619,-2.8524413,-8.452645,1
2.0,2,-2.1404998,-2.80058,14.921801,-1.1610619,-2.8524413,-8.452645,1
2.0,2,-2.1404998,-2.80058,14.921801,-1.1610619,-2.8524413,-8.452645,1
2.0,2,-2.1512725,-2.7987924,14.912949,-1.1229556,-2.8797984,-8.4159,1
2.0,2,-2.1512725,-2.7987924,14.912949,-1.1229556,-2.8797984,-8.4159,1
2.0,2,-2.1512725,-2.7987924,14.912949,-1.1229556,-2.8797984,-8.4159,1
2.0,2,-2.1512725,-2.7987924,14.912949,-1.1229556,-2.8797984,-8.4159,1
2.0,2,-2.1512725,-2.7987924,14.912949,-1.1229556,-2.8797984,-8.4159,1
2.0,2,-2.1512725,-2.7987924,14.912949,-1.1229556,-2.8797984,-8.4159,1
1.0,4,1.6638372,2.16537,-5.8664565,-5.422005,5.8426237,-3.9301376,0
1.0,4,1.6634761,2.1658115,-5.866489,-5.42193,5.842466,-3.9298844,0
1.0,4,1.663105,2.1665802,-5.8665047,-5.4216495,5.8419094,-3.929595,0
1.0,4,1.6626981,2.1668959,-5.8665867,-5.4217796,5.8420596,-3.929346,0
1.0,4,1.6622063,2.167181,-5.8666916,-5.421988,5.842341,-3.9290385,0
1.0,4,1.6621104,2.1670995,-5.8666487,-5.4219913,5.8424335,-3.9290185,0
1.0,1,-1.5927857,9.676242,-4.785646,-4.2357926,1.008101,-2.5576823,1
1.0,1,-1.5924562,9.676099,-4.7857127,-4.2360525,1.008313,-2.5580554,1
1.0,1,-1.5924414,9.67607,-4.785768,-4.2359924,1.0082964,-2.558012,1
1.0,1,-1.5923775,9.676096,-4.785872,-4.2359233,1.0082424,-2.5579658,1
1.0,1,-1.5923563,9.676127,-4.785818,-4.23586,1.0081238,-2.5579615,1
1.0,1,-1.592484,9.676242,-4.785979,-4.2355533,1.0079045,-2.5576134,1
2.0,2,-2.1599815,-2.7951355,14.911865,-1.1271175,-2.8750167,-8.409243,1
2.0,2,-2.1599815,-2.7951355,14.911865,-1.1271175,-2.8750167,-8.409243,1
2.0,2,-2.1599815,-2.7951355,14.911865,-1.1271175,-2.8750167,-8.409243,1
2.0,2,-2.1599815,-2.7951355,14.911865,-1.1271175,-2.8750167,-8.409243,1
2.0,2,-2.1599815,-2.7951355,14.911865,-1.1271175,-2.8750167,-8.409243,1
2.0,2,-2.1599815,-2.7951355,14.911865,-1.1271175,-2.8750167,-8.409243,1
3.0,3,-0.5412473,-0.6985699,-2.8776288,13.064324,-5.092403,-2.25566,1
3.0,3,-0.5412473,-0.6985699,-2.8776288,13.064324,-5.092403,-2.25566,1
3.0,3,-0.5412473,-0.6985699,-2.8776288,13.064324,-5.092403,-2.25566,1
3.0,3,-0.5412473,-0.6985699,-2.8776288,13.064324,-5.092403,-2.25566,1
3.0,3,-0.5412473,-0.6985699,-2.8776288,13.064324,-5.092403,-2.25566,1
3.0,3,-0.5412473,-0.6985699,-2.8776288,13.064324,-5.092403,-2.25566,1
3.0,3,-0.5797085,-0.8947331,-2.6792688,13.187742,-5.1198707,-2.3106751,1
3.0,3,-0.5797085,-0.8947331,-2.6792688,13.187742,-5.1198707,-2.3106751,1
3.0,3,-0.5797085,-0.8947331,-2.6792688,13.187742,-5.1198707,-2.3106751,1
3.0,3,-0.5797085,-0.8947331,-2.6792688,13.187742,-5.1198707,-2.3106751,1
3.0,3,-0.5797085,-0.8947331,-2.6792688,13.187742,-5.1198707,-2.3106751,1
3.0,3,-0.5797085,-0.8947331,-2.6792688,13.187742,-5.1198707,-2.3106751,1
0.0,0,12.611149,-1.2828664,-4.8969946,-2.2576253,-0.49729088,-10.370908,1
0.0,0,12.611149,-1.2828664,-4.8969946,-2.2576253,-0.49729088,-10.370908,1
0.0,0,12.611149,-1.2828664,-4.8969946,-2.2576253,-0.49729088,-10.370908,1
0.0,0,12.611149,-1.2828664,-4.8969946,-2.2576253,-0.49729088,-10.370908,1
0.0,0,12.611149,-1.2828664,-4.8969946,-2.2576253,-0.49729088,-10.370908,1
0.0,0,12.611149,-1.2828664,-4.8969946,-2.2576253,-0.49729088,-10.370908,1
3.0,3,-0.56605464,-0.7324908,-2.6597118,13.026168,-5.0307403,-2.458818,1
3.0,3,-0.56605464,-0.7324908,-2.6597118,13.026168,-5.0307403,-2.458818,1
3.0,3,-0.56605464,-0.7324908,-2.6597118,13.026168,-5.0307403,-2.458818,1
3.0,3,-0.56605464,-0.7324908,-2.6597118,13.026168,-5.0307403,-2.458818,1
3.0,3,-0.56605464,-0.7324908,-2.6597118,13.026168,-5.0307403,-2.458818,1
3.0,3,-0.56605464,-0.7324908,-2.6597118,13.026168,-5.0307403,-2.458818,1
3.0,3,-0.6415071,-0.85561454,-2.6744142,13.192274,-5.098814,-2.3158088,1
3.0,3,-0.641524,-0.8555969,-2.6744337,13.192264,-5.098802,-2.3157916,1
3.0,3,-0.6415021,-0.85562265,-2.674405,13.192279,-5.098818,-2.315815,1
3.0,3,-0.64146954,-0.85558486,-2.6744418,13.192253,-5.0988226,-2.3158193,1
3.0,3,-0.64152807,-0.8555902,-2.674438,13.192257,-5.0987983,-2.3157883,1
3.0,3,-0.64150935,-0.85561645,-2.6744123,13.192275,-5.0988135,-2.3158078,1
1.0,4,1.3413879,0.7087613,-6.0155473,-7.395951,9.119747,-4.470919,0
1.0,4,1.3396868,0.7081415,-6.014595,-7.396678,9.121394,-4.4705505,0
1.0,4,1.339197,0.708057,-6.015422,-7.3961163,9.121317,-4.469472,0
1.0,4,1.3415194,0.709025,-6.01638,-7.3958516,9.119599,-4.470409,0
1.0,4,1.339642,0.70796835,-6.0147514,-7.395908,9.120854,-4.470298,0
1.0,4,1.341269,0.7088063,-6.0153303,-7.3954844,9.119394,-4.470995,0
3.0,3,-0.7234735,-0.8472184,-2.70477,13.168396,-5.059729,-2.230945,1
3.0,3,-0.7234735,-0.8472184,-2.70477,13.168396,-5.059729,-2.230945,1
3.0,3,-0.7234642,-0.8472096,-2.7047758,13.168392,-5.0597305,-2.2309504,1
3.0,3,-0.7234642,-0.8472096,-2.7047758,13.168392,-5.0597305,-2.2309504,1
3.0,3,-0.7234735,-0.8472184,-2.70477,13.168396,-5.059729,-2.230945,1
3.0,3,-0.7234735,-0.8472184,-2.70477,13.168396,-5.059729,-2.230945,1
3.0,3,-0.6302425,-1.1682659,-2.320285,13.386096,-5.1599913,-2.4987447,1
3.0,3,-0.6302425,-1.1682659,-2.320285,13.386096,-5.1599913,-2.4987447,1
3.0,3,-0.6302425,-1.1682659,-2.320285,13.386096,-5.1599913,-2.4987447,1
3.0,3,-0.6302425,-1.1682659,-2.320285,13.386096,-5.1599913,-2.4987447,1
3.0,3,-0.6302425,-1.1682659,-2.320285,13.386096,-5.1599913,-2.4987447,1
3.0,3,-0.6302425,-1.1682659,-2.320285,13.386096,-5.1599913,-2.4987447,1
4.0,4,-0.2514624,0.030068815,-5.4152813,-7.565662,10.129606,-3.7425456,1
4.0,4,-0.25147086,0.030341148,-5.4154468,-7.565726,10.129548,-3.7424736,1
4.0,4,-0.2512521,0.030436754,-5.4154463,-7.56576,10.129417,-3.7426,1
4.0,4,-0.2512837,0.030349076,-5.4155054,-7.565734,10.129503,-3.742566,1
4.0,4,-0.2513941,0.030006945,-5.415289,-7.565635,10.129617,-3.7425885,1
4.0,4,-0.25145143,0.030098557,-5.415307,-7.5656962,10.129617,-3.7425313,1
2.0,2,-2.1485572,-2.7951498,14.923081,-1.1602199,-2.856107,-8.443435,1
2.0,2,-2.1485572,-2.7951498,14.923081,-1.1602199,-2.856107,-8.443435,1
2.0,2,-2.1485572,-2.7951498,14.923081,-1.1602199,-2.856107,-8.443435,1
2.0,2,-2.1485572,-2.7951498,14.923081,-1.1602199,-2.856107,-8.443435,1
2.0,2,-2.1485574,-2.7951498,14.92308,-1.1602199,-2.8561072,-8.443435,1
2.0,2,-2.1485572,-2.7951498,14.923081,-1.1602199,-2.856107,-8.443435,1
2.0,2,-2.1540642,-2.7951884,14.921321,-1.17999,-2.831001,-8.450305,1
2.0,2,-2.1540642,-2.7951884,14.921321,-1.17999,-2.831001,-8.450305,1
2.0,2,-2.1540642,-2.7951884,14.921321,-1.17999,-2.831001,-8.450305,1
2.0,2,-2.1540642,-2.7951884,14.921321,-1.17999,-2.831001,-8.450305,1
2.0,2,-2.1540642,-2.7951884,14.921321,-1.17999,-2.831001,-8.450305,1
2.0,2,-2.1540642,-2.7951884,14.921321,-1.17999,-2.831001,-8.450305,1
2.0,2,-2.1619427,-2.7947235,14.910954,-1.1248703,-2.875656,-8.406042,1
2.0,2,-2.1619427,-2.7947235,14.910954,-1.1248703,-2.875656,-8.406042,1
2.0,2,-2.1619427,-2.7947235,14.910954,-1.1248703,-2.875656,-8.406042,1
2.0,2,-2.1619427,-2.7947235,14.910954,-1.1248703,-2.875656,-8.406042,1
2.0,2,-2.1619427,-2.7947235,14.910954,-1.1248703,-2.875656,-8.406042,1
2.0,2,-2.1619427,-2.7947235,14.910954,-1.1248703,-2.875656,-8.406042,1
2.0,2,-2.1418345,-2.78965,14.915647,-1.1499424,-2.8733225,-8.438388,1
2.0,2,-2.1418345,-2.78965,14.915647,-1.149942,-2.8733225,-8.438388,1
2.0,2,-2.1418345,-2.78965,14.915647,-1.1499424,-2.8733225,-8.438388,1
2.0,2,-2.1418345,-2.78965,14.915647,-1.149942,-2.8733225,-8.438388,1
2.0,2,-2.1418345,-2.78965,14.915647,-1.1499424,-2.8733225,-8.438388,1
2.0,2,-2.1418345,-2.78965,14.915647,-1.1499424,-2.8733225,-8.438388,1
3.0,3,-0.49676687,-0.8205191,-2.758635,13.156111,-5.146117,-2.3275445,1
3.0,3,-0.49676687,-0.8205191,-2.758635,13.156111,-5.146117,-2.3275445,1
3.0,3,-0.49676687,-0.8205191,-2.758635,13.156111,-5.146117,-2.3275445,1
3.0,3,-0.49676687,-0.8205191,-2.758635,13.156111,-5.146117,-2.3275445,1
3.0,3,-0.49676687,-0.8205191,-2.758635,13.156111,-5.146117,-2.3275445,1
3.0,3,-0.49676687,-0.8205191,-2.758635,13.156111,-5.146117,-2.3275445,1
2.0,2,-2.1408832,-2.806322,14.880895,-1.1149768,-2.8675737,-8.408098,1
2.0,2,-2.1408832,-2.806322,14.880896,-1.1149768,-2.8675737,-8.408098,1
2.0,2,-2.1408832,-2.806322,14.880895,-1.1149768,-2.8675737,-8.408098,1
2.0,2,-2.1408832,-2.806322,14.880895,-1.1149768,-2.8675737,-8.408098,1
2.0,2,-2.1408832,-2.806322,14.880895,-1.1149766,-2.8675737,-8.408098,1
2.0,2,-2.1408834,-2.8063226,14.880895,-1.1149768,-2.8675737,-8.408098,1
3.0,3,-0.36906713,-1.0391365,-2.3489947,13.339206,-5.259117,-2.7102513,1
3.0,3,-0.36906713,-1.0391365,-2.3489947,13.339206,-5.259117,-2.7102513,1
3.0,3,-0.36906713,-1.0391365,-2.3489947,13.339206,-5.259117,-2.7102513,1
3.0,3,-0.36906713,-1.0391365,-2.3489947,13.339206,-5.259117,-2.7102513,1
3.0,3,-0.36906713,-1.0391365,-2.3489947,13.339206,-5.259117,-2.7102513,1
3.0,3,-0.36906713,-1.0391365,-2.3489947,13.339206,-5.259117,-2.7102513,1
0.0,0,12.40045,-1.2240466,-4.921142,-2.4235744,-0.2736173,-10.269215,1
0.0,0,12.400447,-1.224048,-4.9211416,-2.4235773,-0.27361223,-10.269216,1
0.0,0,12.400453,-1.2240466,-4.921142,-2.4235747,-0.27361837,-10.269216,1
0.0,0,12.400451,-1.2240492,-4.921142,-2.4235752,-0.27361616,-10.269216,1
0.0,0,12.400448,-1.2240492,-4.921142,-2.4235778,-0.2736117,-10.269215,1
0.0,0,12.400451,-1.2240492,-4.921142,-2.423575,-0.27361545,-10.269216,1
1.0,1,-1.3382756,10.171034,-5.290569,-3.9914079,0.5783931,-2.3791728,1
1.0,1,-1.339243,10.171277,-5.291058,-3.9892862,0.5772593,-2.3774915,1
1.0,1,-1.3382298,10.171205,-5.291739,-3.9900348,0.5774281,-2.3777452,1
1.0,1,-1.3377653,10.170985,-5.2908797,-3.9918091,0.57843137,-2.3792174,1
1.0,1,-1.3383473,10.170926,-5.290358,-3.9913673,0.5784135,-2.3792846,1
1.0,1,-1.338972,10.171135,-5.290739,-3.9899986,0.57767034,-2.3781419,1
4.0,4,-0.2770185,2.542048,-8.3609495,-6.43281,8.973845,-1.7811608,1
4.0,4,-0.2770185,2.542048,-8.3609495,-6.43281,8.973845,-1.7811608,1
4.0,4,-0.2770185,2.542048,-8.3609495,-6.43281,8.973845,-1.7811608,1
4.0,4,-0.2770185,2.542048,-8.3609495,-6.43281,8.973845,-1.7811608,1
4.0,4,-0.2770185,2.542048,-8.3609495,-6.43281,8.973845,-1.7811608,1
4.0,4,-0.2770185,2.542048,-8.3609495,-6.43281,8.973845,-1.7811608,1
3.0,3,-0.674949,-0.77447045,-2.779028,13.122767,-5.0651155,-2.2276773,1
3.0,3,-0.674949,-0.77447045,-2.779028,13.122767,-5.0651155,-2.2276773,1
3.0,3,-0.674949,-0.77447045,-2.779028,13.122767,-5.0651155,-2.2276773,1
3.0,3,-0.674949,-0.77447045,-2.779028,13.122767,-5.0651155,-2.2276773,1
3.0,3,-0.674949,-0.77447045,-2.779028,13.122767,-5.0651155,-2.2276773,1
3.0,3,-0.674949,-0.77447045,-2.779028,13.122767,-5.0651155,-2.2276773,1
3.0,3,-0.71171504,-1.2047037,-2.3385038,13.408717,-5.143945,-2.3963854,1
3.0,3,-0.71171504,-1.2047037,-2.3385038,13.408717,-5.143945,-2.3963854,1
3.0,3,-0.71171504,-1.2047037,-2.3385038,13.408717,-5.143945,-2.3963854,1
3.0,3,-0.71171504,-1.2047037,-2.3385038,13.408717,-5.143945,-2.3963854,1
3.0,3,-0.71171504,-1.2047037,-2.3385038,13.408717,-5.143945,-2.3963854,1
3.0,3,-0.71171504,-1.2047037,-2.3385038,13.408717,-5.143945,-2.3963854,1
5.0,5,-6.0563025,1.1040343,-6.9718165,-1.3221041,1.5491183,15.980258,1
5.0,5,-6.056912,1.1040388,-6.972163,-1.3226455,1.5499336,15.98105,1
5.0,5,-6.0574536,1.1039699,-6.972677,-1.3230728,1.5506251,15.982123,1
5.0,5,-6.057609,1.1041218,-6.9728756,-1.3233783,1.55099,15.982211,1
5.0,5,-6.0568404,1.1039795,-6.97226,-1.3224723,1.5497646,15.981225,1
5.0,5,-6.056558,1.103944,-6.972061,-1.3221915,1.5493509,15.980874,1
2.0,2,-2.1396832,-2.8031116,14.9202,-1.1551212,-2.855255,-8.449324,1
2.0,2,-2.1396832,-2.8031116,14.9202,-1.1551212,-2.855255,-8.449324,1
2.0,2,-2.1396832,-2.8031116,14.9202,-1.1551212,-2.855255,-8.449324,1
2.0,2,-2.1396832,-2.8031116,14.9202,-1.1551212,-2.855255,-8.449324,1
2.0,2,-2.1396832,-2.8031116,14.9202,-1.1551212,-2.855255,-8.449324,1
2.0,2,-2.1396832,-2.8031116,14.9202,-1.1551212,-2.855255,-8.449324,1
4.0,4,-0.17475064,0.29264325,-5.856682,-7.5434327,10.132064,-3.59757,1
4.0,4,-0.17443211,0.29289,-5.8568225,-7.5434995,10.1318865,-3.597731,1
4.0,4,-0.17420073,0.29315466,-5.8569655,-7.54354,10.131727,-3.5978403,1
4.0,4,-0.17421754,0.29304224,-5.8568435,-7.5435886,10.131794,-3.5979133,1
4.0,4,-0.1743383,0.29296118,-5.8568273,-7.5435076,10.131823,-3.5978093,1
4.0,4,-0.1743433,0.292879,-5.8567734,-7.5433955,10.131772,-3.5978003,1
2.0,2,-2.1543763,-2.795289,14.920916,-1.180656,-2.8298044,-8.4502325,1
2.0,2,-2.1543763,-2.795289,14.920916,-1.180656,-2.8298044,-8.4502325,1
2.0,2,-2.1543763,-2.795289,14.920916,-1.180656,-2.8298044,-8.4502325,1
2.0,2,-2.1543763,-2.795289,14.920916,-1.180656,-2.8298044,-8.4502325,1
2.0,2,-2.1543763,-2.795289,14.920916,-1.180656,-2.8298044,-8.4502325,1
2.0,2,-2.1543763,-2.795289,14.920916,-1.180656,-2.8298044,-8.4502325,1
2.0,2,-2.150914,-2.7978816,14.913502,-1.1240169,-2.8802567,-8.416838,1
2.0,2,-2.150914,-2.7978816,14.913502,-1.1240169,-2.8802567,-8.416838,1
2.0,2,-2.150914,-2.7978816,14.913502,-1.1240169,-2.8802567,-8.416838,1
2.0,2,-2.150914,-2.7978816,14.913502,-1.1240169,-2.8802567,-8.416838,1
2.0,2,-2.150914,-2.7978816,14.913502,-1.1240169,-2.8802567,-8.416838,1
2.0,2,-2.150914,-2.7978816,14.913502,-1.1240169,-2.8802567,-8.416838,1
2.0,2,-2.1537762,-2.7982488,14.849329,-1.1059945,-2.868969,-8.366493,1
2.0,2,-2.1537762,-2.7982488,14.849329,-1.1059945,-2.868969,-8.366493,1
2.0,2,-2.1537762,-2.7982488,14.849329,-1.1059945,-2.868969,-8.366493,1
2.0,2,-2.1537762,-2.7982488,14.849329,-1.1059945,-2.868969,-8.366493,1
2.0,2,-2.1537762,-2.7982488,14.849329,-1.1059945,-2.868969,-8.366493,1
2.0,2,-2.1537762,-2.7982488,14.849329,-1.1059945,-2.868969,-8.366493,1
4.0,1,-2.1029725,10.288201,-4.8734784,-4.7836432,1.4645159,-2.166791,0
4.0,1,-2.1065173,10.288958,-4.871109,-4.7869096,1.4680915,-2.1664023,0
4.0,1,-2.108148,10.290714,-4.8735223,-4.789443,1.4714109,-2.1643734,0
4.0,1,-2.1087537,10.294447,-4.875259,-4.789884,1.47131,-2.165161,0
4.0,1,-2.107095,10.294381,-4.8752217,-4.7873178,1.4678398,-2.1655135,0
4.0,1,-2.108876,10.300094,-4.8770156,-4.787649,1.4670835,-2.1655045,0
2.0,2,-2.1320517,-2.8186002,14.891296,-1.1089607,-2.8641596,-8.430536,1
2.0,2,-2.1320517,-2.8186002,14.891296,-1.1089607,-2.8641596,-8.430536,1
2.0,2,-2.1320517,-2.8186002,14.891296,-1.1089607,-2.8641596,-8.430536,1
2.0,2,-2.1320517,-2.8186002,14.891296,-1.1089607,-2.8641596,-8.430536,1
2.0,2,-2.1320517,-2.8186002,14.891296,-1.1089607,-2.8641596,-8.430536,1
2.0,2,-2.1320517,-2.8186002,14.891296,-1.1089607,-2.8641596,-8.430536,1
2.0,2,-2.1480005,-2.7974267,14.896755,-1.1320174,-2.873107,-8.41,1
2.0,2,-2.1480005,-2.7974267,14.896755,-1.1320174,-2.873107,-8.41,1
2.0,2,-2.1480005,-2.7974267,14.896755,-1.1320174,-2.873107,-8.41,1
2.0,2,-2.1480005,-2.7974267,14.896755,-1.1320174,-2.873107,-8.41,1
2.0,2,-2.1480005,-2.7974267,14.896755,-1.1320174,-2.873107,-8.41,1
2.0,2,-2.1480005,-2.7974267,14.896755,-1.1320174,-2.873107,-8.41,1
3.0,3,-0.48105484,-1.1171714,-2.3360229,13.31676,-5.2755723,-2.4825964,1
3.0,3,-0.48105484,-1.1171714,-2.3360229,13.31676,-5.2755723,-2.4825964,1
3.0,3,-0.48105484,-1.1171714,-2.3360229,13.31676,-5.2755723,-2.4825964,1
3.0,3,-0.48105484,-1.1171714,-2.3360229,13.31676,-5.2755723,-2.4825964,1
3.0,3,-0.48105484,-1.1171714,-2.3360229,13.31676,-5.2755723,-2.4825964,1
3.0,3,-0.48105484,-1.1171714,-2.3360229,13.31676,-5.2755723,-2.4825964,1
5.0,5,-6.0755577,1.0182854,-7.054356,-1.3256118,1.5870321,16.171524,1
5.0,5,-6.0755587,1.0182854,-7.054356,-1.3256088,1.5870297,16.171526,1
5.0,5,-6.0755553,1.0182804,-7.054351,-1.3256071,1.5870237,16.171526,1
5.0,5,-6.0755563,1.0182854,-7.0543528,-1.3256149,1.5870304,16.171524,1
5.0,5,-6.0755544,1.0182844,-7.054358,-1.3256061,1.5870225,16.171532,1
5.0,5,-6.075553,1.0182863,-7.0543613,-1.325619,1.5870366,16.17152,1
2.0,2,-2.1431966,-2.7979279,14.917011,-1.1367521,-2.8768373,-8.431008,1
2.0,2,-2.1431966,-2.7979279,14.917011,-1.1367521,-2.8768373,-8.431008,1
2.0,2,-2.1431966,-2.7979279,14.917011,-1.1367521,-2.8768373,-8.431008,1
2.0,2,-2.1431966,-2.7979279,14.917011,-1.1367521,-2.8768373,-8.431008,1
2.0,2,-2.1431966,-2.7979279,14.917011,-1.1367521,-2.8768373,-8.431008,1
2.0,2,-2.1431966,-2.7979279,14.917011,-1.1367521,-2.8768373,-8.431008,1
1.0,4,-1.1472353,2.0742536,-5.8701906,-7.1664343,8.948351,-2.822217,0
1.0,4,-1.1514149,2.082281,-5.8696237,-7.16408,8.942556,-2.819335,0
1.0,4,-1.1467934,2.0788913,-5.8683934,-7.164647,8.942769,-2.8237705,0
1.0,4,-1.1505803,2.087305,-5.8686895,-7.162483,8.936982,-2.8202624,0
1.0,4,-1.1482971,2.0693083,-5.8682694,-7.1681037,8.9522705,-2.8227773,0
1.0,4,-1.1455644,2.06777,-5.869968,-7.1688085,8.953498,-2.8235373,0
2.0,2,-2.1520877,-2.7932324,14.923254,-1.1628131,-2.8536084,-8.441528,1
2.0,2,-2.1520867,-2.7932348,14.923252,-1.1628121,-2.8536067,-8.44153,1
2.0,2,-2.1520865,-2.7932343,14.923252,-1.1628119,-2.8536072,-8.44153,1
2.0,2,-2.1520877,-2.793233,14.923254,-1.1628133,-2.853607,-8.44153,1
2.0,2,-2.1520884,-2.7932324,14.923252,-1.1628133,-2.8536072,-8.441528,1
2.0,2,-2.1520872,-2.7932334,14.923254,-1.1628134,-2.853607,-8.441531,1
3.0,3,-0.8499629,-1.2112688,-2.3493629,13.395418,-5.091203,-2.2819314,1
3.0,3,-0.8499629,-1.2112688,-2.3493629,13.395418,-5.091203,-2.2819314,1
3.0,3,-0.8499629,-1.2112688,-2.3493629,13.395418,-5.091203,-2.2819314,1
3.0,3,-0.8499629,-1.2112688,-2.3493629,13.395418,-5.091203,-2.2819314,1
3.0,3,-0.8499629,-1.2112688,-2.3493629,13.395418,-5.091203,-2.2819314,1
3.0,3,-0.8499629,-1.2112688,-2.3493629,13.395418,-5.091203,-2.2819314,1
2.0,2,-2.1775548,-2.790751,14.90402,-1.1929455,-2.8037484,-8.4214,1
2.0,2,-2.1775548,-2.790751,14.90402,-1.1929455,-2.8037484,-8.4214,1
2.0,2,-2.1775548,-2.790751,14.90402,-1.1929455,-2.8037484,-8.4214,1
2.0,2,-2.1775548,-2.790751,14.90402,-1.1929455,-2.8037484,-8.4214,1
2.0,2,-2.1775548,-2.790751,14.90402,-1.1929455,-2.8037484,-8.4214,1
2.0,2,-2.1775548,-2.790751,14.90402,-1.1929455,-2.8037484,-8.4214,1
1.0,1,3.6740248,5.045759,-5.756533,-3.0376,1.0377709,-4.7944393,1
1.0,1,3.6746314,5.0446725,-5.756342,-3.037758,1.0382502,-4.7949653,1
1.0,1,3.6711094,5.0483823,-5.756134,-3.0378282,1.0375736,-4.7932997,1
1.0,1,3.6741319,5.0457993,-5.7571774,-3.038102,1.0383177,-4.794097,1
1.0,1,3.6702437,5.049789,-5.757111,-3.0384765,1.0379332,-4.792205,1
1.0,1,3.669991,5.049912,-5.7568855,-3.0382535,1.0377667,-4.7922554,1
5.0,5,-5.722381,1.143996,-6.2950788,-2.2864273,2.0185454,14.700726,1
5.0,5,-5.7223783,1.144,-6.2951045,-2.2864046,2.018528,14.700754,1
5.0,5,-5.722404,1.1439906,-6.295108,-2.2863834,2.0185242,14.700802,1
5.0,5,-5.7223716,1.1440035,-6.2950983,-2.2864144,2.0185292,14.700739,1
5.0,5,-5.7223725,1.1440027,-6.295103,-2.286399,2.0185187,14.700748,1
5.0,5,-5.7223854,1.1439897,-6.2950926,-2.2863965,2.0185275,14.700759,1
3.0,3,-0.70948225,-0.80588996,-2.7180414,13.090944,-5.051911,-2.2096293,1
3.0,3,-0.70948225,-0.80588996,-2.7180414,13.090944,-5.051911,-2.2096293,1
3.0,3,-0.70948225,-0.80588996,-2.7180414,13.090944,-5.051911,-2.2096293,1
3.0,3,-0.70948225,-0.80588996,-2.7180414,13.090944,-5.051911,-2.2096293,1
3.0,3,-0.70948225,-0.80588996,-2.7180414,13.090944,-5.051911,-2.2096293,1
3.0,3,-0.70948225,-0.80588996,-2.7180414,13.090944,-5.051911,-2.2096293,1
0.0,0,12.550891,-1.2412382,-4.915053,-2.315979,-0.44645873,-10.328457,1
0.0,0,12.550891,-1.2412387,-4.915053,-2.315979,-0.44645867,-10.328458,1
0.0,0,12.550891,-1.2412382,-4.915053,-2.315979,-0.44645873,-10.328457,1
0.0,0,12.550891,-1.2412382,-4.915053,-2.315979,-0.44645873,-10.328457,1
0.0,0,12.550891,-1.2412382,-4.915053,-2.315979,-0.44645873,-10.328457,1
0.0,0,12.550891,-1.2412382,-4.915053,-2.315979,-0.44645873,-10.328457,1
4.0,4,-0.52000386,0.305116,-6.15685,-7.843783,10.542456,-3.1389027,1
4.0,4,-0.52000684,0.30511922,-6.156853,-7.843778,10.542454,-3.138898,1
4.0,4,-0.5200098,0.30511755,-6.1568375,-7.8437963,10.542463,-3.138914,1
4.0,4,-0.5200185,0.30511492,-6.1568456,-7.8437915,10.542469,-3.1389017,1
4.0,4,-0.5200079,0.30510795,-6.1568394,-7.8437915,10.542468,-3.1389117,1
4.0,4,-0.51999325,0.30510473,-6.1568475,-7.8437686,10.542445,-3.1389027,1
5.0,5,-6.077038,1.051869,-7.0280952,-1.3925787,1.6363107,16.088331,1
5.0,5,-6.07704,1.0518688,-7.0281014,-1.392572,1.6363064,16.08834,1
5.0,5,-6.07704,1.0518681,-7.0281,-1.392573,1.6363088,16.088337,1
5.0,5,-6.07704,1.0518676,-7.028093,-1.3925761,1.63631,16.088331,1
5.0,5,-6.077046,1.0518671,-7.0280914,-1.3925698,1.636305,16.08834,1
5.0,5,-6.0770426,1.0518683,-7.028102,-1.3925694,1.636307,16.088345,1
4.0,4,2.0493512,1.6809778,-6.615293,-6.0500097,7.425888,-4.5903397,1
4.0,4,2.0492818,1.6813633,-6.615666,-6.049694,7.4256206,-4.590013,1
4.0,4,2.0520585,1.6824347,-6.615857,-6.048316,7.4226637,-4.5917993,1
4.0,4,2.0505123,1.6818883,-6.615854,-6.049122,7.4243393,-4.5907264,1
4.0,4,2.053622,1.6824263,-6.6154084,-6.048097,7.4215207,-4.59324,1
4.0,4,2.0511973,1.6813939,-6.6150737,-6.049113,7.4239883,-4.591754,1
1.0,1,-1.5130893,9.641783,-5.0880165,-3.3244362,-0.05396059,-1.196567,1
1.0,1,-1.5127624,9.642809,-5.0877213,-3.326073,-0.052580386,-1.1996543,1
1.0,1,-1.5125824,9.641988,-5.0885453,-3.3244145,-0.05395904,-1.1970806,1
1.0,1,-1.5132757,9.641499,-5.087731,-3.3246627,-0.05378118,-1.1962768,1
1.0,1,-1.5131632,9.642028,-5.0879235,-3.3248434,-0.05358264,-1.1971356,1
1.0,1,-1.5127944,9.641925,-5.0882263,-3.3246613,-0.05374679,-1.1971753,1
3.0,3,-0.6448044,-1.1860462,-2.3545706,13.356894,-5.1800075,-2.3767378,1
3.0,3,-0.6448044,-1.1860462,-2.3545706,13.356894,-5.1800075,-2.3767378,1
3.0,3,-0.6448044,-1.1860462,-2.3545706,13.356894,-5.1800075,-2.3767378,1
3.0,3,-0.6448044,-1.1860462,-2.3545706,13.356894,-5.1800075,-2.3767378,1
3.0,3,-0.6448044,-1.1860462,-2.3545706,13.356894,-5.1800075,-2.3767378,1
3.0,3,-0.6448044,-1.1860462,-2.3545706,13.356894,-5.1800075,-2.3767378,1
4.0,4,-3.530999,4.3482747,-6.103897,-6.338968,7.682057,-0.15675056,1
4.0,4,-3.5350974,4.3558445,-6.1027136,-6.338116,7.6772423,-0.15365481,1
4.0,4,-3.5355766,4.3471413,-6.1004653,-6.3385563,7.6823516,-0.15509439,1
4.0,4,-3.5374844,4.3596954,-6.1020026,-6.336974,7.6742635,-0.15157741,1
4.0,4,-3.535501,4.3491197,-6.101687,-6.3381834,7.6814413,-0.15429199,1
4.0,4,-3.532315,4.3395543,-6.1012383,-6.3400536,7.687592,-0.15769136,1
5.0,0,9.082874,-1.0120212,-4.3419785,-2.2540727,-0.18236831,-6.081007,0
5.0,0,9.081338,-1.0116409,-4.3419814,-2.2543025,-0.18215343,-6.079186,0
5.0,0,9.083727,-1.0115098,-4.3420277,-2.2546806,-0.18204299,-6.083275,0
5.0,0,9.082137,-1.011561,-4.3422275,-2.254597,-0.18191269,-6.0804462,0
5.0,0,9.0822115,-1.0115293,-4.342119,-2.2544525,-0.18206277,-6.080641,0
5.0,0,9.082606,-1.0115663,-4.342072,-2.254272,-0.18220595,-6.0812387,0
3.0,3,-0.5432412,-0.6917194,-2.8842878,13.059731,-5.0890994,-2.253326,1
3.0,3,-0.5432412,-0.6917194,-2.8842878,13.059731,-5.0890994,-2.253326,1
3.0,3,-0.5432412,-0.6917194,-2.8842878,13.059731,-5.0890994,-2.253326,1
3.0,3,-0.5432412,-0.6917194,-2.8842878,13.059731,-5.0890994,-2.253326,1
3.0,3,-0.5432412,-0.6917194,-2.8842878,13.059731,-5.0890994,-2.253326,1
3.0,3,-0.54323405,-0.69172025,-2.8842902,13.0597315,-5.0891037,-2.2533278,1
5.0,5,-6.088015,1.0399095,-7.026822,-1.3540744,1.6128331,16.119497,1
5.0,5,-6.0879917,1.0399498,-7.026783,-1.3543575,1.6130743,16.119268,1
5.0,5,-6.0880103,1.039935,-7.0267205,-1.3543204,1.613031,16.119267,1
5.0,5,-6.087999,1.0399433,-7.026772,-1.3542991,1.6130195,16.119299,1
5.0,5,-6.0880075,1.0399514,-7.026787,-1.3543043,1.6130178,16.119333,1
5.0,5,-6.0880065,1.0399405,-7.0267506,-1.3542733,1.6129984,16.119295,1
2.0,2,-2.167042,-2.787909,14.917552,-1.1738561,-2.837476,-8.429693,1
2.0,2,-2.1670425,-2.787909,14.917553,-1.1738553,-2.837477,-8.429692,1
2.0,2,-2.167042,-2.787909,14.917553,-1.1738559,-2.8374772,-8.429693,1
2.0,2,-2.167042,-2.787909,14.917552,-1.1738563,-2.8374763,-8.429693,1
2.0,2,-2.167044,-2.7879086,14.917551,-1.1738551,-2.8374772,-8.42969,1
2.0,2,-2.167042,-2.787909,14.917552,-1.1738563,-2.8374763,-8.429693,1
3.0,3,-0.47017163,-0.7461294,-2.7933288,13.112509,-5.153938,-2.342094,1
3.0,3,-0.4701758,-0.7461251,-2.7933323,13.112507,-5.153936,-2.3420901,1
3.0,3,-0.47014707,-0.746142,-2.7933078,13.112517,-5.153954,-2.3421183,1
3.0,3,-0.47014707,-0.7461424,-2.7933073,13.112518,-5.153954,-2.3421187,1
3.0,3,-0.47015458,-0.7461382,-2.7933118,13.112516,-5.1539516,-2.3421125,1
3.0,3,-0.47014624,-0.74614406,-2.7933054,13.112519,-5.1539555,-2.3421197,1
0.0,0,10.517041,-1.8225218,-4.602806,-2.8965724,1.2435845,-9.216355,1
0.0,0,10.517041,-1.8225218,-4.602806,-2.8965724,1.2435845,-9.216355,1
0.0,0,10.517041,-1.8225218,-4.602806,-2.8965724,1.2435845,-9.216355,1
0.0,0,10.517041,-1.8225218,-4.602806,-2.8965724,1.2435845,-9.216355,1
0.0,0,10.517041,-1.8225218,-4.602806,-2.8965724,1.2435845,-9.216355,1
0.0,0,10.517041,-1.8225218,-4.602806,-2.8965724,1.2435845,-9.216355,1
4.0,4,-0.7721532,0.784454,-6.317124,-7.254367,10.050251,-2.906385,1
4.0,4,-0.7722092,0.7843324,-6.316998,-7.254384,10.050316,-2.9064002,1
4.0,4,-0.77227384,0.78423405,-6.317,-7.2545047,10.0504875,-2.9063835,1
4.0,4,-0.77221566,0.7843213,-6.3170695,-7.254476,10.050418,-2.9063892,1
4.0,4,-0.77227193,0.7843425,-6.3171186,-7.25446,10.050448,-2.9063249,1
4.0,4,-0.77220184,0.7844398,-6.3171244,-7.254392,10.0503,-2.9063544,1
3.0,3,-0.5855153,-0.80987227,-2.7687035,13.1300745,-5.101908,-2.2630029,1
3.0,3,-0.5855153,-0.80987227,-2.7687035,13.1300745,-5.101908,-2.2630029,1
3.0,3,-0.5855153,-0.80987227,-2.7687035,13.1300745,-5.101908,-2.2630029,1
3.0,3,-0.5855153,-0.80987227,-2.7687035,13.1300745,-5.101908,-2.2630029,1
3.0,3,-0.5855153,-0.80987227,-2.7687035,13.1300745,-5.101908,-2.2630029,1
3.0,3,-0.5855153,-0.80987227,-2.7687035,13.1300745,-5.101908,-2.2630029,1
3.0,3,-0.74187344,-0.8583889,-2.720531,13.132447,-5.050199,-2.1647754,1
3.0,3,-0.74187344,-0.8583889,-2.7205315,13.132446,-5.050199,-2.1647758,1
3.0,3,-0.74187344,-0.8583889,-2.7205315,13.132446,-5.050199,-2.1647758,1
3.0,3,-0.74187344,-0.8583889,-2.7205315,13.132446,-5.050199,-2.1647758,1
3.0,3,-0.7418719,-0.85838807,-2.7205338,13.132444,-5.0501976,-2.1647754,1
3.0,3,-0.74187344,-0.8583889,-2.7205315,13.132446,-5.050199,-2.1647758,1
3.0,3,-0.6357375,-1.1844276,-2.2917907,13.41241,-5.1535516,-2.540945,1
3.0,3,-0.6357375,-1.1844276,-2.2917907,13.41241,-5.1535516,-2.540945,1
3.0,3,-0.6357375,-1.1844276,-2.2917907,13.41241,-5.1535516,-2.540945,1
3.0,3,-0.6357375,-1.1844276,-2.2917907,13.41241,-5.1535516,-2.540945,1
3.0,3,-0.6357375,-1.1844276,-2.2917907,13.41241,-5.1535516,-2.540945,1
3.0,3,-0.6357375,-1.1844276,-2.2917907,13.41241,-5.1535516,-2.540945,1
2.0,2,-2.1415353,-2.804986,14.9183,-1.1490202,-2.8567939,-8.443733,1
2.0,2,-2.1415353,-2.804986,14.9183,-1.1490202,-2.8567939,-8.443733,1
2.0,2,-2.1415353,-2.804986,14.9183,-1.1490202,-2.8567939,-8.443733,1
2.0,2,-2.1415353,-2.804986,14.9183,-1.1490202,-2.8567939,-8.443733,1
2.0,2,-2.1415353,-2.804986,14.9183,-1.1490202,-2.8567939,-8.443733,1
2.0,2,-2.1415353,-2.804986,14.9183,-1.1490202,-2.8567939,-8.443733,1
3.0,3,-0.57001776,-1.3230213,-2.0861385,13.420903,-5.2994366,-2.5117111,1
3.0,3,-0.57001776,-1.3230213,-2.0861385,13.420903,-5.2994366,-2.5117111,1
3.0,3,-0.57001776,-1.3230213,-2.0861385,13.420903,-5.2994366,-2.5117111,1
3.0,3,-0.57001776,-1.3230213,-2.0861385,13.420903,-5.2994366,-2.5117111,1
3.0,3,-0.57001776,-1.3230213,-2.0861385,13.420903,-5.2994366,-2.5117111,1
3.0,3,-0.57001776,-1.3230213,-2.0861385,13.420903,-5.2994366,-2.5117111,1
3.0,3,-0.5131603,-1.0691859,-2.3865943,13.342272,-5.199015,-2.5621028,1
3.0,3,-0.5131603,-1.0691859,-2.3865943,13.342272,-5.199015,-2.5621028,1
3.0,3,-0.5131603,-1.0691859,-2.3865943,13.342272,-5.199015,-2.5621028,1
3.0,3,-0.5131603,-1.0691859,-2.3865943,13.342272,-5.199015,-2.5621028,1
3.0,3,-0.5131603,-1.0691859,-2.3865943,13.342272,-5.199015,-2.5621028,1
3.0,3,-0.5131603,-1.0691859,-2.3865943,13.342272,-5.199015,-2.5621028,1
4.0,4,0.306076,0.48933166,-5.3794427,-6.9396014,8.834594,-3.7643862,1
4.0,4,0.306076,0.48933166,-5.3794427,-6.9396014,8.834594,-3.7643862,1
4.0,4,0.306076,0.48933166,-5.3794427,-6.9396014,8.834594,-3.7643862,1
4.0,4,0.306076,0.48933166,-5.3794427,-6.9396014,8.834594,-3.7643862,1
4.0,4,0.306076,0.48933166,-5.3794427,-6.9396014,8.834594,-3.7643862,1
4.0,4,0.306076,0.48933166,-5.3794427,-6.9396014,8.834594,-3.7643862,1
1.0,1,-1.0593188,9.713712,-5.1302514,-4.07832,0.8005513,-2.758511,1
1.0,1,-1.0593188,9.713712,-5.1302514,-4.07832,0.8005513,-2.758511,1
1.0,1,-1.0593188,9.713712,-5.1302514,-4.07832,0.8005513,-2.758511,1
1.0,1,-1.0593188,9.713712,-5.1302514,-4.07832,0.8005513,-2.758511,1
1.0,1,-1.0593188,9.713712,-5.1302514,-4.07832,0.8005513,-2.758511,1
1.0,1,-1.0593188,9.713712,-5.1302514,-4.07832,0.8005513,-2.758511,1
4.0,4,-0.10774584,0.0739637,-5.6869245,-7.4604487,10.10886,-3.7123094,1
4.0,4,-0.10766204,0.07393181,-5.686833,-7.460639,10.108958,-3.7124596,1
4.0,4,-0.10771485,0.07401967,-5.686958,-7.4605184,10.108858,-3.7123275,1
4.0,4,-0.10790236,0.074031055,-5.6870027,-7.460628,10.109026,-3.7122202,1
4.0,4,-0.10778125,0.07432026,-5.687217,-7.460588,10.108848,-3.7122116,1
4.0,4,-0.10775013,0.07389778,-5.6867547,-7.460628,10.108957,-3.7124872,1
2.0,2,-2.1446772,-2.7937846,14.916936,-1.1434256,-2.8736825,-8.433028,1
2.0,2,-2.1446772,-2.7937846,14.916936,-1.1434256,-2.8736825,-8.433028,1
2.0,2,-2.1446772,-2.7937846,14.916936,-1.1434256,-2.8736825,-8.433028,1
2.0,2,-2.1446772,-2.7937846,14.916936,-1.1434256,-2.8736825,-8.433028,1
2.0,2,-2.1446772,-2.7937846,14.916936,-1.1434256,-2.8736825,-8.433028,1
2.0,2,-2.1446772,-2.7937846,14.916936,-1.1434256,-2.8736825,-8.433028,1
4.0,5,-6.0003715,1.0122598,-6.6189823,-1.8479733,1.9388535,15.444034,0
4.0,5,-6.000578,1.0126173,-6.6190305,-1.8480803,1.9387327,15.444224,0
4.0,5,-6.000731,1.0125843,-6.6194806,-1.847373,1.9382899,15.445123,0
4.0,5,-6.001085,1.0125695,-6.6195216,-1.8470984,1.9381961,15.445687,0
4.0,5,-6.001138,1.0124971,-6.619344,-1.8471141,1.9383087,15.445529,0
4.0,5,-6.0009246,1.0125412,-6.6189713,-1.847801,1.9387472,15.444591,0
4.0,3,-1.0879147,-0.37513852,-2.9904623,12.185313,-4.3454676,-1.8897301,0
4.0,3,-1.0879147,-0.37513852,-2.9904623,12.185313,-4.3454676,-1.8897301,0
4.0,3,-1.0879147,-0.37513852,-2.9904623,12.185313,-4.3454676,-1.8897301,0
4.0,3,-1.0879147,-0.37513852,-2.9904623,12.185313,-4.3454676,-1.8897301,0
4.0,3,-1.0879147,-0.37513852,-2.9904623,12.185313,-4.3454676,-1.8897301,0
4.0,3,-1.0879147,-0.37513852,-2.9904623,12.185313,-4.3454676,-1.8897301,0
0.0,0,12.541073,-1.2715694,-4.854612,-2.2993271,-0.50045323,-10.297819,1
0.0,0,12.541073,-1.2715694,-4.854612,-2.2993271,-0.50045323,-10.297819,1
0.0,0,12.541073,-1.2715694,-4.854612,-2.2993271,-0.50045323,-10.297819,1
0.0,0,12.541073,-1.2715694,-4.854612,-2.2993271,-0.50045323,-10.297819,1
0.0,0,12.541073,-1.2715694,-4.854612,-2.2993271,-0.50045323,-10.297819,1
0.0,0,12.541073,-1.2715694,-4.854612,-2.2993271,-0.50045323,-10.297819,1
2.0,2,-2.1610458,-2.797194,14.913838,-1.1286364,-2.8699076,-8.412003,1
2.0,2,-2.1610458,-2.797194,14.913838,-1.1286364,-2.8699076,-8.412003,1
2.0,2,-2.1610458,-2.797194,14.913838,-1.1286364,-2.8699076,-8.412003,1
2.0,2,-2.1610458,-2.797194,14.913838,-1.1286364,-2.8699076,-8.412003,1
2.0,2,-2.1610458,-2.797194,14.913838,-1.1286364,-2.8699076,-8.412003,1
2.0,2,-2.1610458,-2.797194,14.913838,-1.1286364,-2.8699076,-8.412003,1
3.0,3,-0.69006747,-0.8485235,-2.7374866,13.141704,-5.064534,-2.202445,1
3.0,3,-0.69006747,-0.8485235,-2.7374866,13.141704,-5.064534,-2.202445,1
3.0,3,-0.69006747,-0.8485235,-2.7374866,13.141704,-5.064534,-2.202445,1
3.0,3,-0.69006747,-0.8485235,-2.7374866,13.141704,-5.064534,-2.202445,1
3.0,3,-0.69006747,-0.8485235,-2.7374866,13.141704,-5.064534,-2.202445,1
3.0,3,-0.69006747,-0.8485235,-2.7374866,13.141704,-5.064534,-2.202445,1
3.0,3,-0.354474,-0.95312834,-2.424126,13.278706,-5.2497096,-2.684781,1
3.0,3,-0.354474,-0.95312834,-2.424126,13.278706,-5.2497096,-2.684781,1
3.0,3,-0.354474,-0.95312834,-2.424126,13.278706,-5.2497096,-2.684781,1
3.0,3,-0.354474,-0.95312834,-2.424126,13.278706,-5.2497096,-2.684781,1
3.0,3,-0.354474,-0.95312834,-2.424126,13.278706,-5.2497096,-2.684781,1
3.0,3,-0.354474,-0.95312834,-2.424126,13.278706,-5.2497096,-2.684781,1
1.0,1,4.038319,5.499128,-10.555975,-3.3742855,3.6061134,-2.9114265,1
1.0,1,4.038316,5.499138,-10.555983,-3.3742743,3.6061034,-2.9114213,1
1.0,1,4.0382466,5.4991407,-10.5559845,-3.3743315,3.6061888,-2.911385,1
1.0,1,4.038303,5.499128,-10.555969,-3.3742912,3.6061268,-2.9114223,1
1.0,1,4.038298,5.499136,-10.555982,-3.3742921,3.6061296,-2.9114099,1
1.0,1,4.038345,5.499124,-10.555965,-3.374265,3.6060836,-2.9114456,1
4.0,4,0.92004937,0.59437037,-5.9179454,-7.1824703,9.200749,-4.296047,1
4.0,4,0.91966504,0.5942932,-5.9179473,-7.182547,9.201043,-4.295797,1
4.0,4,0.9202183,0.59438676,-5.917898,-7.1824827,9.200653,-4.296204,1
4.0,4,0.919864,0.5943508,-5.9179945,-7.182534,9.20091,-4.295889,1
4.0,4,0.9201879,0.5944528,-5.9179773,-7.182442,9.2006235,-4.2961364,1
4.0,4,0.92028266,0.59443116,-5.9179015,-7.182433,9.200561,-4.2962584,1
4.0,4,-0.43345827,0.013804376,-5.7377887,-7.467394,10.297905,-3.450851,1
4.0,4,-0.43352705,0.013761759,-5.737769,-7.4673977,10.297955,-3.4508152,1
4.0,4,-0.4334529,0.013784885,-5.737777,-7.4674587,10.297953,-3.4508681,1
4.0,4,-0.4334622,0.013780355,-5.7377815,-7.467465,10.297964,-3.4508586,1
4.0,4,-0.4334218,0.013733327,-5.7377386,-7.4674616,10.297959,-3.4508986,1
4.0,4,-0.43340892,0.013734698,-5.7377467,-7.4674635,10.297953,-3.4508996,1
2.0,2,-2.1389315,-2.8042297,14.919441,-1.1544822,-2.854415,-8.449814,1
2.0,2,-2.1389315,-2.8042297,14.919441,-1.1544822,-2.854415,-8.449814,1
2.0,2,-2.1389315,-2.8042297,14.919441,-1.1544822,-2.854415,-8.449814,1
2.0,2,-2.1389315,-2.8042297,14.919441,-1.1544822,-2.854415,-8.449814,1
2.0,2,-2.1389315,-2.8042297,14.919441,-1.1544822,-2.854415,-8.449814,1
2.0,2,-2.1389315,-2.8042297,14.919441,-1.1544822,-2.854415,-8.449814,1
2.0,2,-2.1349742,-2.8069148,14.884666,-1.1190101,-2.86842,-8.421293,1
2.0,2,-2.1349742,-2.8069148,14.884666,-1.1190101,-2.86842,-8.421293,1
2.0,2,-2.1349742,-2.8069148,14.884666,-1.1190101,-2.86842,-8.421293,1
2.0,2,-2.1349742,-2.8069148,14.884666,-1.1190101,-2.86842,-8.421293,1
2.0,2,-2.1349742,-2.8069148,14.884666,-1.1190101,-2.86842,-8.421293,1
2.0,2,-2.1349742,-2.8069148,14.884666,-1.1190101,-2.86842,-8.421293,1
2.0,2,-2.1387799,-2.804821,14.919099,-1.1538752,-2.8541462,-8.449666,1
2.0,2,-2.1387799,-2.804821,14.919099,-1.1538752,-2.8541462,-8.449666,1
2.0,2,-2.1387799,-2.804821,14.919099,-1.1538752,-2.8541462,-8.449666,1
2.0,2,-2.1387799,-2.804821,14.919099,-1.1538752,-2.8541462,-8.449666,1
2.0,2,-2.1387799,-2.804821,14.919099,-1.1538752,-2.8541462,-8.449666,1
2.0,2,-2.1387799,-2.804821,14.919099,-1.1538752,-2.8541462,-8.449666,1
2.0,2,-2.1315186,-2.8109164,14.8955,-1.128616,-2.860334,-8.437927,1
2.0,2,-2.1315186,-2.8109164,14.8955,-1.128616,-2.860334,-8.437927,1
2.0,2,-2.1315186,-2.8109164,14.8955,-1.128616,-2.860334,-8.437927,1
2.0,2,-2.1315186,-2.8109164,14.8955,-1.128616,-2.860334,-8.437927,1
2.0,2,-2.1315186,-2.8109164,14.8955,-1.128616,-2.860334,-8.437927,1
2.0,2,-2.1315186,-2.8109164,14.8955,-1.128616,-2.860334,-8.437927,1
2.0,2,-2.139964,-2.8010497,14.92163,-1.1627289,-2.8500996,-8.454584,1
2.0,2,-2.139964,-2.8010497,14.92163,-1.1627289,-2.8500996,-8.454584,1
2.0,2,-2.139964,-2.8010497,14.92163,-1.1627289,-2.8500996,-8.454584,1
2.0,2,-2.139964,-2.8010497,14.92163,-1.1627289,-2.8500996,-8.454584,1
2.0,2,-2.139964,-2.8010497,14.92163,-1.1627289,-2.8500996,-8.454584,1
2.0,2,-2.139964,-2.8010497,14.92163,-1.1627289,-2.8500996,-8.454584,1
3.0,3,-0.46029228,-0.80464745,-2.548821,13.147249,-5.14524,-2.5904965,1
3.0,3,-0.46029228,-0.80464745,-2.548821,13.147249,-5.14524,-2.5904965,1
3.0,3,-0.46029228,-0.80464745,-2.548821,13.147249,-5.14524,-2.5904965,1
3.0,3,-0.46029228,-0.80464745,-2.548821,13.147249,-5.14524,-2.5904965,1
3.0,3,-0.46029228,-0.80464745,-2.548821,13.147249,-5.14524,-2.5904965,1
3.0,3,-0.46029228,-0.80464745,-2.548821,13.147249,-5.14524,-2.5904965,1
3.0,3,-0.6606372,-0.81382644,-2.7156358,13.155068,-5.0789394,-2.282607,1
3.0,3,-0.6606564,-0.81383765,-2.715623,13.155076,-5.078935,-2.2826009,1
3.0,3,-0.66064745,-0.8138467,-2.7156134,13.15508,-5.078941,-2.282609,1
3.0,3,-0.6606527,-0.8138406,-2.715621,13.155076,-5.0789366,-2.2826028,1
3.0,3,-0.6606533,-0.8138329,-2.7156296,13.155071,-5.078934,-2.282599,1
3.0,3,-0.66064876,-0.81383693,-2.7156253,13.155074,-5.0789375,-2.2826037,1
4.0,4,0.80619115,1.1428349,-5.2169576,-6.232553,7.4162097,-3.9027257,1
4.0,4,0.80561763,1.1425102,-5.2170696,-6.2328176,7.4170976,-3.902515,1
4.0,4,0.8059854,1.1428846,-5.216925,-6.23252,7.4162197,-3.9025888,1
4.0,4,0.80573756,1.1429371,-5.2168794,-6.232567,7.416314,-3.9024534,1
4.0,4,0.8059854,1.1428846,-5.216925,-6.23252,7.4162197,-3.9025888,1
4.0,4,0.80627936,1.1429476,-5.2168813,-6.232449,7.4159164,-3.902742,1
1.0,1,-2.5624459,9.1337595,-3.8201957,-3.7427955,0.36373064,-0.6267569,1
1.0,1,-2.5625985,9.134058,-3.819573,-3.7437353,0.36452892,-0.62816757,1
1.0,1,-2.5615814,9.134751,-3.8205428,-3.744025,0.3647549,-0.62982804,1
1.0,1,-2.5606234,9.135325,-3.8215199,-3.743846,0.36431143,-0.63027877,1
1.0,1,-2.5620475,9.134324,-3.8199368,-3.7443666,0.36491844,-0.6289073,1
1.0,1,-2.5619752,9.134065,-3.8202066,-3.7433286,0.36401412,-0.6278954,1
2.0,2,-2.1469455,-2.801484,14.895685,-1.1162441,-2.8773408,-8.406624,1
2.0,2,-2.1469455,-2.801484,14.895685,-1.1162441,-2.8773408,-8.406624,1
2.0,2,-2.1469455,-2.801484,14.895685,-1.1162441,-2.8773408,-8.406624,1
2.0,2,-2.1469455,-2.801484,14.895685,-1.1162441,-2.8773408,-8.406624,1
2.0,2,-2.1469455,-2.801484,14.895685,-1.1162441,-2.8773408,-8.406624,1
2.0,2,-2.1469455,-2.801484,14.895685,-1.1162441,-2.8773408,-8.406624,1
3.0,3,-1.0470114,-1.2059013,-2.1317658,13.309128,-5.007444,-2.3272038,1
3.0,3,-1.046995,-1.2059041,-2.1317883,13.30914,-5.007452,-2.3271956,1
3.0,3,-1.0470114,-1.2059013,-2.1317658,13.309128,-5.007444,-2.3272038,1
3.0,3,-1.0470146,-1.2058946,-2.1317725,13.309125,-5.00744,-2.327201,1
3.0,3,-1.0470114,-1.2059013,-2.1317658,13.309128,-5.007444,-2.3272038,1
3.0,3,-1.0470114,-1.2059013,-2.1317658,13.309128,-5.007444,-2.3272038,1
4.0,4,-0.6088403,0.052001715,-5.546305,-7.2473464,9.862363,-3.0680938,1
4.0,4,-0.6096328,0.05291426,-5.546746,-7.2462864,9.861293,-3.0665421,1
4.0,4,-0.60984546,0.053386986,-5.54681,-7.2462416,9.861039,-3.0663657,1
4.0,4,-0.61035615,0.05453843,-5.54739,-7.2453628,9.859922,-3.0651355,1
4.0,4,-0.6094139,0.054005146,-5.5472484,-7.2457733,9.860254,-3.0662603,1
4.0,4,-0.6085525,0.052773654,-5.5466104,-7.246631,9.861204,-3.0677218,1
2.0,2,-2.1540647,-2.795353,14.921201,-1.1802952,-2.8304002,-8.450484,1
2.0,2,-2.1540647,-2.795353,14.921201,-1.1802952,-2.8304002,-8.450484,1
2.0,2,-2.1540647,-2.795353,14.921201,-1.1802952,-2.8304002,-8.450484,1
2.0,2,-2.1540647,-2.795353,14.921201,-1.1802952,-2.8304002,-8.450484,1
2.0,2,-2.1540647,-2.795353,14.921201,-1.1802952,-2.8304002,-8.450484,1
2.0,2,-2.1540647,-2.795353,14.921201,-1.1802952,-2.8304002,-8.450484,1
4.0,4,0.58382016,-0.03476417,-5.3803186,-7.409913,9.64277,-4.276348,1
4.0,4,0.58635706,-0.032167554,-5.3823886,-7.409968,9.640813,-4.2770457,1
4.0,4,0.58830017,-0.03248799,-5.3818727,-7.409326,9.639345,-4.2783403,1
4.0,4,0.5874823,-0.032952905,-5.381599,-7.4094872,9.640012,-4.277866,1
4.0,4,0.587864,-0.03275144,-5.381712,-7.409372,9.639684,-4.2782197,1
4.0,4,0.58516175,-0.03439057,-5.380427,-7.409578,9.641646,-4.277133,1
1.0,1,-1.1792136,6.8072195,-6.0623426,-5.0306683,4.2772927,-2.3954191,1
1.0,1,-1.1788865,6.808401,-6.062515,-5.030647,4.2764583,-2.3955965,1
1.0,1,-1.1787379,6.8080063,-6.0627356,-5.031033,4.277089,-2.3956351,1
1.0,1,-1.178682,6.8100877,-6.063324,-5.0313272,4.2762556,-2.3953753,1
1.0,1,-1.179398,6.808525,-6.0627027,-5.0313,4.2772503,-2.3952155,1
1.0,1,-1.1796901,6.8079576,-6.062702,-5.031238,4.2777734,-2.3950891,1
2.0,2,-2.1414614,-2.790114,14.916059,-1.1501836,-2.8730402,-8.439031,1
2.0,2,-2.1414614,-2.790114,14.916059,-1.1501836,-2.8730402,-8.439031,1
2.0,2,-2.1414614,-2.790114,14.916059,-1.1501836,-2.8730402,-8.439031,1
2.0,2,-2.1414614,-2.790114,14.916059,-1.1501836,-2.8730402,-8.439031,1
2.0,2,-2.1414614,-2.790114,14.916059,-1.1501836,-2.8730402,-8.439031,1
2.0,2,-2.1414614,-2.790114,14.916059,-1.1501836,-2.8730402,-8.439031,1
2.0,2,-2.1380398,-2.8035588,14.920109,-1.1594319,-2.8505821,-8.45447,1
2.0,2,-2.1380398,-2.8035588,14.920109,-1.1594319,-2.8505821,-8.45447,1
2.0,2,-2.1380398,-2.8035588,14.920109,-1.1594319,-2.8505821,-8.45447,1
2.0,2,-2.1380398,-2.8035588,14.920109,-1.1594319,-2.8505821,-8.45447,1
2.0,2,-2.1380398,-2.8035588,14.920109,-1.1594319,-2.8505821,-8.45447,1
2.0,2,-2.1380398,-2.8035588,14.920109,-1.1594319,-2.8505821,-8.45447,1
2.0,2,-2.1546664,-2.7919822,14.922535,-1.1621039,-2.8538795,-8.438177,1
2.0,2,-2.1546664,-2.7919822,14.922535,-1.1621039,-2.8538795,-8.438177,1
2.0,2,-2.1546664,-2.7919822,14.922535,-1.1621039,-2.8538795,-8.438177,1
2.0,2,-2.1546664,-2.7919822,14.922535,-1.1621039,-2.8538795,-8.438177,1
2.0,2,-2.1546664,-2.7919822,14.922535,-1.1621039,-2.8538795,-8.438177,1
2.0,2,-2.1546664,-2.7919822,14.922535,-1.1621039,-2.8538795,-8.438177,1
2.0,2,-2.141349,-2.7888026,14.914695,-1.1516939,-2.8725824,-8.438995,1
2.0,2,-2.141349,-2.7888026,14.914695,-1.1516939,-2.8725824,-8.438995,1
2.0,2,-2.141349,-2.7888026,14.914695,-1.1516939,-2.8725824,-8.438995,1
2.0,2,-2.141349,-2.7888026,14.914695,-1.1516939,-2.8725824,-8.438995,1
2.0,2,-2.141349,-2.7888026,14.914695,-1.1516939,-2.8725824,-8.438995,1
2.0,2,-2.141349,-2.7888026,14.914695,-1.1516939,-2.8725824,-8.438995,1
0.0,0,12.406392,-1.3946387,-4.849702,-2.2328968,-0.3876749,-10.233848,1
0.0,0,12.406392,-1.3946387,-4.849702,-2.2328968,-0.3876749,-10.233848,1
0.0,0,12.406392,-1.3946387,-4.849702,-2.2328968,-0.3876749,-10.233848,1
0.0,0,12.406392,-1.3946387,-4.849702,-2.2328968,-0.3876749,-10.233848,1
0.0,0,12.406392,-1.3946387,-4.849702,-2.2328968,-0.3876749,-10.233848,1
0.0,0,12.406392,-1.3946387,-4.849702,-2.2328968,-0.3876749,-10.233848,1
0.0,0,12.56136,-1.2413594,-4.908695,-2.293662,-0.47887918,-10.324028,1
0.0,0,12.56136,-1.2413594,-4.908695,-2.293662,-0.47887918,-10.324028,1
0.0,0,12.56136,-1.2413594,-4.908695,-2.293662,-0.47887918,-10.324028,1
0.0,0,12.56136,-1.2413594,-4.908695,-2.293662,-0.47887918,-10.324028,1
0.0,0,12.56136,-1.2413594,-4.908695,-2.293662,-0.47887918,-10.324028,1
0.0,0,12.56136,-1.2413594,-4.908695,-2.293662,-0.47887918,-10.324028,1
2.0,2,-2.144298,-2.7985358,14.9224415,-1.1732599,-2.8396006,-8.45754,1
2.0,2,-2.144298,-2.7985353,14.9224415,-1.17326,-2.8396006,-8.45754,1
2.0,2,-2.144298,-2.7985353,14.9224415,-1.17326,-2.8396006,-8.45754,1
2.0,2,-2.144298,-2.7985353,14.9224415,-1.17326,-2.8396006,-8.45754,1
2.0,2,-2.144298,-2.7985353,14.9224415,-1.17326,-2.8396006,-8.45754,1
2.0,2,-2.144298,-2.7985353,14.9224415,-1.17326,-2.8396006,-8.45754,1
5.0,5,-6.034391,1.0524215,-7.000248,-1.383491,1.5895827,16.048294,1
5.0,5,-6.034399,1.052431,-7.0002894,-1.3834734,1.5895767,16.048351,1
5.0,5,-6.0343804,1.052456,-7.00022,-1.3835316,1.5895908,16.048237,1
5.0,5,-6.0344234,1.05242,-7.0002027,-1.3835372,1.5896292,16.04827,1
5.0,5,-6.034412,1.0524231,-7.000283,-1.3834913,1.5896008,16.048351,1
5.0,5,-6.034347,1.0524999,-7.000252,-1.3835775,1.5896132,16.048185,1
4.0,4,-0.46628922,0.17505932,-5.8122263,-7.330458,10.1649685,-3.4117117,1
4.0,4,-0.4667098,0.17474866,-5.8119955,-7.3301888,10.165122,-3.4114518,1
4.0,4,-0.46665555,0.17407835,-5.811354,-7.3304124,10.165404,-3.4118629,1
4.0,4,-0.46581143,0.17447901,-5.811312,-7.3301134,10.164559,-3.4125185,1
4.0,4,-0.46667272,0.17399538,-5.8113246,-7.330647,10.165606,-3.411902,1
4.0,4,-0.46709806,0.17386138,-5.8113847,-7.330682,10.165946,-3.4115233,1
2.0,2,-2.1447604,-2.793727,14.916836,-1.1433241,-2.873779,-8.432815,1
2.0,2,-2.1447604,-2.793727,14.916836,-1.1433241,-2.873779,-8.432815,1
2.0,2,-2.1447604,-2.793727,14.916836,-1.1433241,-2.873779,-8.432815,1
2.0,2,-2.1447604,-2.793727,14.916836,-1.1433241,-2.873779,-8.432815,1
2.0,2,-2.1447604,-2.793727,14.916836,-1.1433241,-2.873779,-8.432815,1
2.0,2,-2.1447604,-2.793727,14.916836,-1.1433241,-2.873779,-8.432815,1
3.0,3,-0.7922531,-1.2569155,-2.304573,13.407977,-5.1342726,-2.3040519,1
3.0,3,-0.7922531,-1.2569155,-2.304573,13.407977,-5.1342726,-2.3040519,1
3.0,3,-0.7922531,-1.2569155,-2.304573,13.407977,-5.1342726,-2.3040519,1
3.0,3,-0.7922531,-1.2569155,-2.304573,13.407977,-5.1342726,-2.3040519,1
3.0,3,-0.7922531,-1.2569155,-2.304573,13.407977,-5.1342726,-2.3040519,1
3.0,3,-0.7922531,-1.2569155,-2.304573,13.407977,-5.1342726,-2.3040519,1
2.0,2,-2.1601934,-2.7950954,14.911955,-1.1270423,-2.8749342,-8.409147,1
2.0,2,-2.1601934,-2.7950954,14.911955,-1.1270423,-2.8749342,-8.409147,1
2.0,2,-2.1601934,-2.7950954,14.911955,-1.1270423,-2.8749342,-8.409147,1
2.0,2,-2.1601934,-2.7950954,14.911955,-1.1270423,-2.8749342,-8.409147,1
2.0,2,-2.1601934,-2.7950954,14.911955,-1.1270423,-2.8749342,-8.409147,1
2.0,2,-2.1601934,-2.7950954,14.911955,-1.1270423,-2.8749342,-8.409147,1
2.0,2,-2.1292953,-2.8227682,14.903841,-1.1314267,-2.84231,-8.457129,1
2.0,2,-2.1292953,-2.8227682,14.903841,-1.1314267,-2.84231,-8.457129,1
2.0,2,-2.1292953,-2.8227682,14.903841,-1.1314267,-2.84231,-8.457129,1
2.0,2,-2.1292953,-2.8227682,14.903841,-1.1314267,-2.84231,-8.457129,1
2.0,2,-2.1292953,-2.8227682,14.903841,-1.1314267,-2.84231,-8.457129,1
2.0,2,-2.1292953,-2.8227682,14.903841,-1.1314267,-2.84231,-8.457129,1
2.0,2,-2.1981008,-2.787632,14.883504,-1.2021443,-2.7802906,-8.390093,1
2.0,2,-2.1981008,-2.787632,14.883504,-1.2021443,-2.7802906,-8.390093,1
2.0,2,-2.1981008,-2.787632,14.883504,-1.2021443,-2.7802906,-8.390093,1
2.0,2,-2.1981008,-2.787632,14.883504,-1.2021443,-2.7802906,-8.390093,1
2.0,2,-2.1981008,-2.787632,14.883504,-1.2021443,-2.7802906,-8.390093,1
2.0,2,-2.1981008,-2.787632,14.883504,-1.2021443,-2.7802906,-8.390093,1
2.0,2,-2.1308067,-2.811798,14.89756,-1.1302582,-2.858842,-8.441082,1
2.0,2,-2.1308067,-2.811798,14.89756,-1.1302582,-2.858842,-8.441082,1
2.0,2,-2.1308067,-2.811798,14.89756,-1.1302582,-2.858842,-8.441082,1
2.0,2,-2.1308067,-2.811798,14.89756,-1.1302582,-2.858842,-8.441082,1
2.0,2,-2.1308067,-2.811798,14.89756,-1.1302582,-2.858842,-8.441082,1
2.0,2,-2.1308067,-2.811798,14.89756,-1.1302582,-2.858842,-8.441082,1
2.0,2,-2.138268,-2.8100963,14.915822,-1.1501889,-2.8485975,-8.449582,1
2.0,2,-2.138268,-2.8100963,14.915822,-1.1501889,-2.8485975,-8.449582,1
2.0,2,-2.138268,-2.8100963,14.915822,-1.1501889,-2.8485975,-8.449582,1
2.0,2,-2.138268,-2.8100963,14.915822,-1.1501889,-2.8485975,-8.449582,1
2.0,2,-2.138268,-2.8100963,14.915822,-1.1501889,-2.8485975,-8.449582,1
2.0,2,-2.138268,-2.8100963,14.915822,-1.1501889,-2.8485975,-8.449582,1
1.0,4,0.19918208,0.43252116,-5.9561114,-7.5972667,9.908856,-3.7511387,0
1.0,4,0.19918208,0.43252116,-5.9561114,-7.5972667,9.908856,-3.7511387,0
1.0,4,0.19918208,0.43252116,-5.9561114,-7.5972667,9.908856,-3.7511387,0
1.0,4,0.19918208,0.43252116,-5.9561114,-7.5972667,9.908856,-3.7511387,0
1.0,4,0.19918208,0.43252116,-5.9561114,-7.5972667,9.908856,-3.7511387,0
1.0,4,0.19918208,0.43252116,-5.9561114,-7.5972667,9.908856,-3.7511387,0
4.0,4,0.13800757,0.09948027,-5.7282457,-7.2513013,9.813228,-3.7702036,1
4.0,4,0.1380562,0.099176526,-5.728112,-7.2514606,9.813391,-3.7702618,1
4.0,4,0.13772182,0.09915668,-5.728183,-7.251603,9.813686,-3.7700276,1
4.0,4,0.13745026,0.09903532,-5.7281065,-7.251612,9.813879,-3.7698846,1
4.0,4,0.13786022,0.0992834,-5.728309,-7.2514486,9.813469,-3.7700143,1
4.0,4,0.1373183,0.09951842,-5.7285914,-7.251701,9.813913,-3.7696104,1
2.0,2,-2.132902,-2.8186126,14.88328,-1.0984228,-2.8703394,-8.419021,1
2.0,2,-2.132902,-2.8186126,14.88328,-1.0984228,-2.8703394,-8.419021,1
2.0,2,-2.132902,-2.8186126,14.88328,-1.0984228,-2.8703394,-8.419021,1
2.0,2,-2.132902,-2.8186126,14.88328,-1.0984228,-2.8703394,-8.419021,1
2.0,2,-2.132902,-2.8186126,14.88328,-1.0984228,-2.8703394,-8.419021,1
2.0,2,-2.132902,-2.8186126,14.88328,-1.0984228,-2.8703394,-8.419021,1
3.0,3,-0.7298576,-1.2223734,-2.3222344,13.418488,-5.140258,-2.390222,1
3.0,3,-0.7298576,-1.2223734,-2.3222344,13.418488,-5.140258,-2.390222,1
3.0,3,-0.7298576,-1.2223734,-2.3222344,13.418488,-5.140258,-2.390222,1
3.0,3,-0.7298576,-1.2223734,-2.3222344,13.418488,-5.140258,-2.390222,1
3.0,3,-0.7298576,-1.2223734,-2.3222344,13.418488,-5.140258,-2.390222,1
3.0,3,-0.7298576,-1.2223734,-2.3222344,13.418488,-5.140258,-2.390222,1
3.0,3,-0.4557404,-0.39090312,-3.047831,12.756017,-4.9808183,-2.3154197,1
3.0,3,-0.4557404,-0.39090312,-3.047831,12.756017,-4.9808183,-2.3154197,1
3.0,3,-0.4557404,-0.39090312,-3.047831,12.756017,-4.9808183,-2.3154197,1
3.0,3,-0.4557404,-0.39090312,-3.047831,12.756017,-4.9808183,-2.3154197,1
3.0,3,-0.4557404,-0.39090312,-3.047831,12.756017,-4.9808183,-2.3154197,1
3.0,3,-0.4557404,-0.39090312,-3.047831,12.756017,-4.9808183,-2.3154197,1
0.0,4,4.07886,1.3972998,-6.541409,-5.178159,5.5386643,-5.4456625,0
0.0,4,4.07832,1.3974502,-6.5415063,-5.178403,5.5391064,-5.445386,0
0.0,4,4.0784726,1.397377,-6.5414753,-5.1783566,5.5390177,-5.4454713,0
0.0,4,4.0780816,1.3974758,-6.541503,-5.1784534,5.539273,-5.445272,0
0.0,4,4.0783563,1.397438,-6.541498,-5.1783905,5.53908,-5.445407,0
0.0,4,4.078957,1.3972299,-6.5413694,-5.1780977,5.53858,-5.4456954,0
2.0,2,-2.1412427,-2.7914724,14.919058,-1.1459314,-2.8764446,-8.439722,1
2.0,2,-2.1412427,-2.7914724,14.919058,-1.1459314,-2.8764446,-8.439722,1
2.0,2,-2.1412427,-2.7914724,14.919058,-1.1459314,-2.8764446,-8.439722,1
2.0,2,-2.1412427,-2.7914724,14.919058,-1.1459314,-2.8764446,-8.439722,1
2.0,2,-2.1412427,-2.7914724,14.919058,-1.1459314,-2.8764446,-8.439722,1
2.0,2,-2.1412427,-2.7914724,14.919058,-1.1459314,-2.8764446,-8.439722,1
2.0,2,-2.1421938,-2.8102403,14.881258,-1.1362584,-2.849471,-8.410138,1
2.0,2,-2.1417677,-2.8103175,14.881462,-1.1365851,-2.8493996,-8.410893,1
2.0,2,-2.1420324,-2.8101602,14.881109,-1.1362532,-2.849632,-8.410142,1
2.0,2,-2.1422086,-2.8101373,14.881049,-1.1359472,-2.849884,-8.409677,1
2.0,2,-2.1421776,-2.8101153,14.881111,-1.1360439,-2.8498547,-8.4098015,1
2.0,2,-2.1421874,-2.810143,14.881048,-1.136065,-2.849728,-8.409828,1
5.0,5,-6.05485,1.044689,-6.9921684,-1.3743758,1.5973768,16.065477,1
5.0,5,-6.054853,1.0446881,-6.992162,-1.374387,1.597388,16.065472,1
5.0,5,-6.054856,1.0446872,-6.9921575,-1.3743944,1.5973942,16.06547,1
5.0,5,-6.054853,1.0446876,-6.9921603,-1.3743925,1.5973909,16.065468,1
5.0,5,-6.054857,1.0446869,-6.9921546,-1.374397,1.597397,16.065466,1
5.0,5,-6.054856,1.0446869,-6.9921546,-1.3743973,1.5973966,16.065464,1
1.0,1,-1.9484057,8.930261,-4.1836205,-3.2008777,-0.037210494,-0.9924983,1
1.0,1,-1.9481099,8.930614,-4.1835957,-3.2013912,-0.036863834,-0.9935756,1
1.0,1,-1.9484929,8.930057,-4.183661,-3.2004204,-0.037635952,-0.99169177,1
1.0,1,-1.9483969,8.930074,-4.1837435,-3.2004888,-0.03750643,-0.99199986,1
1.0,1,-1.9485605,8.930307,-4.183664,-3.2009501,-0.037112862,-0.9922755,1
1.0,1,-1.9485042,8.930007,-4.1837397,-3.2004492,-0.037575096,-0.99158895,1
2.0,2,-2.1384666,-2.8100748,14.91585,-1.1499846,-2.8487315,-8.449256,1
2.0,2,-2.1384666,-2.8100748,14.91585,-1.1499846,-2.8487315,-8.449256,1
2.0,2,-2.1384666,-2.8100748,14.91585,-1.1499846,-2.8487315,-8.449256,1
2.0,2,-2.1384666,-2.8100748,14.91585,-1.1499846,-2.8487315,-8.449256,1
2.0,2,-2.1384666,-2.8100748,14.91585,-1.1499846,-2.8487315,-8.449256,1
2.0,2,-2.1384666,-2.8100748,14.91585,-1.1499846,-2.8487315,-8.449256,1
2.0,2,-2.2749002,-2.7733302,14.792986,-1.2049547,-2.7197175,-8.251163,1
2.0,2,-2.2749002,-2.7733302,14.792986,-1.2049547,-2.7197175,-8.251163,1
2.0,2,-2.2749002,-2.7733302,14.792986,-1.2049547,-2.7197175,-8.251163,1
2.0,2,-2.2749002,-2.7733302,14.792986,-1.2049547,-2.7197175,-8.251163,1
2.0,2,-2.2749002,-2.7733302,14.792986,-1.2049547,-2.7197175,-8.251163,1
2.0,2,-2.2749002,-2.7733302,14.792986,-1.2049547,-2.7197175,-8.251163,1
2.0,2,-2.1387153,-2.8049417,14.919003,-1.1537701,-2.8540804,-8.44967,1
2.0,2,-2.1387153,-2.8049417,14.919003,-1.1537701,-2.8540804,-8.44967,1
2.0,2,-2.1387153,-2.8049417,14.919003,-1.1537701,-2.8540804,-8.44967,1
2.0,2,-2.1387153,-2.8049417,14.919003,-1.1537701,-2.8540804,-8.44967,1
2.0,2,-2.1387153,-2.8049417,14.919003,-1.1537701,-2.8540804,-8.44967,1
2.0,2,-2.1387153,-2.8049417,14.919003,-1.1537701,-2.8540804,-8.44967,1
3.0,3,1.8129008,-1.2792946,-1.7293162,11.830618,-5.4035063,-4.5347953,1
3.0,3,1.8129004,-1.2792896,-1.7293196,11.830614,-5.403505,-4.5347943,1
3.0,3,1.8128974,-1.2793089,-1.7293003,11.830631,-5.403511,-4.534801,1
3.0,3,1.8129008,-1.2792946,-1.7293162,11.830618,-5.4035063,-4.5347953,1
3.0,3,1.8129007,-1.2792896,-1.7293196,11.830614,-5.4035044,-4.5347953,1
3.0,3,1.8129008,-1.2792946,-1.7293162,11.830618,-5.4035063,-4.5347953,1
2.0,2,-2.1548283,-2.7921886,14.923183,-1.1695954,-2.8462229,-8.442981,1
2.0,2,-2.1548283,-2.7921886,14.923183,-1.1695954,-2.8462229,-8.442981,1
2.0,2,-2.1548283,-2.7921886,14.923183,-1.1695954,-2.8462229,-8.442981,1
2.0,2,-2.1548283,-2.7921886,14.923183,-1.1695954,-2.8462229,-8.442981,1
2.0,2,-2.1548283,-2.7921886,14.923183,-1.1695954,-2.8462229,-8.442981,1
2.0,2,-2.1548283,-2.7921886,14.923183,-1.1695954,-2.8462229,-8.442981,1
4.0,4,0.6330132,-0.3216561,-5.0320683,-7.1782804,9.435235,-4.5232787,1
4.0,4,0.6334025,-0.32173324,-5.03172,-7.1779594,9.434674,-4.5236793,1
4.0,4,0.6321203,-0.3214873,-5.032303,-7.1786494,9.436043,-4.522646,1
4.0,4,0.6328041,-0.3217305,-5.0318227,-7.17808,9.43513,-4.52326,1
4.0,4,0.63413304,-0.32215297,-5.030974,-7.1773167,9.433717,-4.5244365,1
4.0,4,0.6325136,-0.32160807,-5.0317783,-7.177956,9.435108,-4.5231037,1
0.0,0,12.492011,-1.3626057,-4.783018,-2.250752,-0.44937685,-10.301034,1
0.0,0,12.492013,-1.3626119,-4.783007,-2.25075,-0.44938478,-10.301025,1
0.0,0,12.492005,-1.3626105,-4.7830057,-2.2507527,-0.44937906,-10.301027,1
0.0,0,12.492015,-1.3626097,-4.7830067,-2.250751,-0.44938537,-10.301029,1
0.0,0,12.492009,-1.3626076,-4.783011,-2.250751,-0.4493812,-10.301024,1
0.0,0,12.492011,-1.3626114,-4.7830095,-2.2507498,-0.44938233,-10.301024,1
2.0,2,-2.1661956,-2.7888532,14.911783,-1.1471117,-2.860417,-8.412839,1
2.0,2,-2.1661956,-2.7888532,14.911783,-1.1471117,-2.860417,-8.412839,1
2.0,2,-2.1661956,-2.7888532,14.911783,-1.1471117,-2.860417,-8.412839,1
2.0,2,-2.1661956,-2.7888532,14.911783,-1.1471117,-2.860417,-8.412839,1
2.0,2,-2.1661956,-2.7888532,14.911783,-1.1471117,-2.860417,-8.412839,1
2.0,2,-2.1661956,-2.7888532,14.911783,-1.1471117,-2.860417,-8.412839,1
2.0,2,-2.1463928,-2.79711,14.923071,-1.1737902,-2.8401477,-8.455531,1
2.0,2,-2.1463928,-2.79711,14.923071,-1.1737902,-2.8401477,-8.455531,1
2.0,2,-2.1463928,-2.79711,14.923071,-1.1737902,-2.8401477,-8.455531,1
2.0,2,-2.1463928,-2.79711,14.923071,-1.1737902,-2.8401477,-8.455531,1
2.0,2,-2.1463928,-2.79711,14.923071,-1.1737902,-2.8401477,-8.455531,1
2.0,2,-2.1463928,-2.79711,14.923071,-1.1737902,-2.8401477,-8.455531,1
4.0,4,0.9079475,0.6997248,-6.0435495,-7.545197,9.491672,-4.2370634,1
4.0,4,0.9079619,0.6996421,-6.0434237,-7.545061,9.49158,-4.237124,1
4.0,4,0.9083496,0.699841,-6.043576,-7.545165,9.4914,-4.237314,1
4.0,4,0.9076621,0.69949996,-6.0433726,-7.5448327,9.491584,-4.236919,1
4.0,4,0.9081103,0.69975525,-6.043574,-7.545102,9.491519,-4.2371173,1
4.0,4,0.90756553,0.69933975,-6.0431876,-7.5449266,9.491764,-4.2369633,1
1.0,1,-1.2070701,9.209542,-4.692968,-4.187326,1.3196774,-3.2505407,1
1.0,1,-1.2070905,9.209672,-4.6929994,-4.187329,1.3196216,-3.2505078,1
1.0,1,-1.207123,9.209616,-4.6929617,-4.187331,1.3196466,-3.2504945,1
1.0,1,-1.207066,9.209533,-4.6929617,-4.187321,1.3196716,-3.2505407,1
1.0,1,-1.2070792,9.209646,-4.6929827,-4.1873126,1.3195999,-3.2505007,1
1.0,1,-1.2071091,9.209645,-4.693015,-4.1873946,1.3197262,-3.2505326,1
1.0,1,-1.5841309,9.130673,-4.878108,-3.6041002,0.65557456,-1.8813072,1
1.0,1,-1.5841509,9.130678,-4.8780756,-3.6041229,0.65560496,-1.8813595,1
1.0,1,-1.584161,9.130665,-4.8780613,-3.6041496,0.65561557,-1.8813301,1
1.0,1,-1.5843576,9.130588,-4.8779087,-3.6043334,0.6558292,-1.8813037,1
1.0,1,-1.5841309,9.130673,-4.878108,-3.6041002,0.65557456,-1.8813072,1
1.0,1,-1.5841309,9.130673,-4.878108,-3.6041002,0.65557456,-1.8813072,1
2.0,2,-2.1394327,-2.8079271,14.917151,-1.1501669,-2.8519764,-8.447566,1
2.0,2,-2.1394327,-2.8079271,14.917151,-1.1501669,-2.8519764,-8.447566,1
2.0,2,-2.1394327,-2.8079271,14.917151,-1.1501669,-2.8519764,-8.447566,1
2.0,2,-2.1394327,-2.8079271,14.917151,-1.1501669,-2.8519764,-8.447566,1
2.0,2,-2.1394327,-2.8079271,14.917151,-1.1501669,-2.8519764,-8.447566,1
2.0,2,-2.1394327,-2.8079271,14.917151,-1.1501669,-2.8519764,-8.447566,1
2.0,2,-2.1672177,-2.7886548,14.910802,-1.146847,-2.8598228,-8.411206,1
2.0,2,-2.1672177,-2.7886548,14.910802,-1.146847,-2.8598228,-8.411206,1
2.0,2,-2.1672177,-2.7886548,14.910802,-1.146847,-2.8598228,-8.411206,1
2.0,2,-2.1672177,-2.7886548,14.910802,-1.146847,-2.8598228,-8.411206,1
2.0,2,-2.1672177,-2.7886548,14.910802,-1.146847,-2.8598228,-8.411206,1
2.0,2,-2.1672177,-2.7886548,14.910802,-1.146847,-2.8598228,-8.411206,1
5.0,5,-6.0900636,1.0314239,-6.998879,-1.3088293,1.5657101,16.127861,1
5.0,5,-6.090058,1.0314158,-6.998904,-1.3088208,1.5657052,16.127893,1
5.0,5,-6.0900607,1.0314192,-6.9988766,-1.3088279,1.565707,16.127865,1
5.0,5,-6.0900593,1.0314132,-6.9988627,-1.3088257,1.5657036,16.127853,1
5.0,5,-6.0900645,1.0314201,-6.998859,-1.3088353,1.5657129,16.127844,1
5.0,5,-6.0900564,1.0314087,-6.9988823,-1.3088133,1.5656977,16.127872,1
1.0,1,-0.5602291,4.2099223,-4.6481614,-4.063937,4.0487227,-3.4067822,1
1.0,1,-0.561281,4.211393,-4.6480837,-4.064254,4.0484653,-3.4062548,1
1.0,1,-0.56086695,4.2111373,-4.6483736,-4.0641923,4.0485563,-3.406363,1
1.0,1,-0.56063575,4.2109046,-4.648374,-4.0640745,4.0485234,-3.406505,1
1.0,1,-0.56063575,4.2109046,-4.648374,-4.0640745,4.0485234,-3.406505,1
1.0,1,-0.55989,4.2096114,-4.648492,-4.063998,4.049009,-3.406848,1
1.0,1,-2.1809435,8.951742,-3.6445875,-3.6475604,0.6696948,-2.3701406,1
1.0,1,-2.1809413,8.951742,-3.6445866,-3.6475525,0.6696876,-2.370142,1
1.0,1,-2.1809413,8.951742,-3.6445866,-3.6475525,0.6696876,-2.370142,1
1.0,1,-2.1809409,8.951743,-3.644587,-3.647553,0.6696881,-2.3701425,1
1.0,1,-2.1809638,8.951737,-3.6445737,-3.6475532,0.6696981,-2.3701315,1
1.0,1,-2.1809409,8.951743,-3.644587,-3.647553,0.6696881,-2.3701425,1
4.0,4,-0.18705852,-0.029569983,-5.5485873,-7.4019566,10.113293,-3.734805,1
4.0,4,-0.18705745,-0.029425502,-5.5486827,-7.4019,10.113206,-3.7347698,1
4.0,4,-0.18703933,-0.029530644,-5.5486307,-7.401912,10.113246,-3.7347798,1
4.0,4,-0.18699844,-0.029438138,-5.548689,-7.401799,10.1131115,-3.7347722,1
4.0,4,-0.18700762,-0.029387832,-5.5486994,-7.401815,10.113104,-3.7347784,1
4.0,4,-0.18698068,-0.029517055,-5.548578,-7.401915,10.113198,-3.734868,1
3.0,3,-0.41572374,-1.0679084,-2.4541159,13.322131,-5.2690034,-2.4927683,1
3.0,3,-0.41570634,-1.0679246,-2.454095,13.322143,-5.2690167,-2.4927878,1
3.0,3,-0.4157402,-1.0679089,-2.454111,13.322132,-5.268999,-2.4927602,1
3.0,3,-0.41574234,-1.0678889,-2.4541306,13.322119,-5.268994,-2.4927516,1
3.0,3,-0.41572374,-1.0679084,-2.4541159,13.322131,-5.2690034,-2.4927683,1
3.0,3,-0.41567212,-1.067911,-2.4540825,13.322138,-5.269039,-2.492817,1
0.0,0,11.496286,-0.67179763,-5.1493545,-2.903456,0.4364563,-9.917339,1
0.0,0,11.495865,-0.6715058,-5.1495037,-2.9036613,0.4367647,-9.917122,1
0.0,0,11.495382,-0.67118394,-5.14967,-2.903899,0.4371235,-9.916874,1
0.0,0,11.495387,-0.6711806,-5.149677,-2.9038908,0.4371133,-9.916871,1
0.0,0,11.495291,-0.67111933,-5.1497054,-2.9039404,0.43718663,-9.916826,1
0.0,0,11.496139,-0.67168486,-5.1494355,-2.9035254,0.43656167,-9.917238,1
2.0,2,-2.1409764,-2.8039966,14.919075,-1.1509719,-2.857031,-8.445223,1
2.0,2,-2.1409764,-2.8039966,14.919075,-1.1509719,-2.857031,-8.445223,1
2.0,2,-2.1409764,-2.8039966,14.919075,-1.1509719,-2.857031,-8.445223,1
2.0,2,-2.1409764,-2.8039966,14.919075,-1.1509719,-2.857031,-8.445223,1
2.0,2,-2.1409764,-2.8039966,14.919075,-1.1509719,-2.857031,-8.445223,1
2.0,2,-2.1409764,-2.8039966,14.919075,-1.1509719,-2.857031,-8.445223,1
3.0,3,-0.68144244,-0.9249129,-2.6493273,13.215672,-5.092783,-2.261712,1
3.0,3,-0.68144053,-0.9249066,-2.6493368,13.215664,-5.0927787,-2.2617092,1
3.0,3,-0.6814253,-0.92491853,-2.649323,13.215669,-5.09279,-2.2617195,1
3.0,3,-0.68146044,-0.9249059,-2.6493402,13.215668,-5.092771,-2.2616987,1
3.0,3,-0.6814787,-0.9248866,-2.6493607,13.215652,-5.092762,-2.2616725,1
3.0,3,-0.68144435,-0.9249128,-2.649325,13.215672,-5.092783,-2.261712,1
5.0,5,-6.08458,1.0289961,-7.0385084,-1.3227992,1.5860624,16.156288,1
5.0,5,-6.084578,1.0289856,-7.038524,-1.322747,1.5860178,16.15633,1
5.0,5,-6.0845804,1.0289968,-7.0385447,-1.322762,1.5860338,16.156342,1
5.0,5,-6.0845757,1.028979,-7.0384808,-1.3227816,1.5860434,16.156277,1
5.0,5,-6.0845733,1.0289794,-7.038473,-1.3227789,1.5860417,16.156265,1
5.0,5,-6.0845666,1.0289792,-7.0384927,-1.3228022,1.5860612,16.156271,1
4.0,4,1.4014488,1.0852004,-6.381048,-7.694409,9.200121,-4.3769684,1
4.0,4,1.4016114,1.0848546,-6.3804564,-7.6943455,9.200062,-4.3774433,1
4.0,4,1.4010619,1.0848463,-6.380376,-7.6946793,9.200638,-4.377208,1
4.0,4,1.4016753,1.084865,-6.3804617,-7.69448,9.20016,-4.377518,1
4.0,4,1.401275,1.084891,-6.380162,-7.6949253,9.200691,-4.377587,1
4.0,4,1.4017595,1.0848975,-6.3802485,-7.694524,9.200093,-4.3777447,1
4.0,4,-0.20151432,-0.4053191,-5.2326775,-7.9127517,10.50025,-4.015895,1
4.0,4,-0.20141704,-0.4054581,-5.232518,-7.9127803,10.500249,-4.016012,1
4.0,4,-0.2011493,-0.4057361,-5.232102,-7.9127274,10.500073,-4.0164084,1
4.0,4,-0.2011065,-0.4057125,-5.2320623,-7.9127207,10.500036,-4.016499,1
4.0,4,-0.20104106,-0.4057964,-5.2319837,-7.9127526,10.500078,-4.016582,1
4.0,4,-0.20101376,-0.4057995,-5.2320123,-7.9128213,10.500074,-4.016545,1
4.0,4,-0.8902616,0.28094435,-6.0458417,-7.751194,10.571431,-2.874445,1
4.0,4,-0.8902616,0.28094435,-6.0458417,-7.751194,10.571431,-2.874445,1
4.0,4,-0.8902616,0.28094435,-6.0458417,-7.751194,10.571431,-2.874445,1
4.0,4,-0.8902616,0.28094435,-6.0458417,-7.751194,10.571431,-2.874445,1
4.0,4,-0.8902616,0.28094435,-6.0458417,-7.751194,10.571431,-2.874445,1
4.0,4,-0.8902616,0.28094435,-6.0458417,-7.751194,10.571431,-2.874445,1
4.0,4,0.45827502,0.34336543,-5.699161,-7.6225677,9.824274,-4.157847,1
4.0,4,0.46126765,0.34613353,-5.7010307,-7.622876,9.822141,-4.1591115,1
4.0,4,0.46451408,0.3482535,-5.7023005,-7.6229987,9.819956,-4.1607227,1
4.0,4,0.46250552,0.34655893,-5.70126,-7.6228185,9.821384,-4.1597757,1
4.0,4,0.46299058,0.34744513,-5.7020283,-7.6228495,9.820912,-4.1597514,1
4.0,4,0.46332473,0.3477913,-5.7022734,-7.623106,9.820837,-4.159899,1
4.0,4,-0.7185764,0.6368263,-5.12219,-7.1130905,9.3665085,-3.4143043,1
4.0,4,-0.7187162,0.6363758,-5.121474,-7.113003,9.366442,-3.4146147,1
4.0,4,-0.7186993,0.6358392,-5.121716,-7.113064,9.36695,-3.4144201,1
4.0,4,-0.7196972,0.6361891,-5.1215086,-7.112452,9.366595,-3.4137526,1
4.0,4,-0.7185622,0.6360359,-5.1214094,-7.112666,9.366292,-3.414722,1
4.0,4,-0.7195192,0.6355499,-5.1206117,-7.1123757,9.36645,-3.4144692,1
1.0,1,-1.4298347,9.617841,-4.898164,-4.123504,0.9512124,-2.6394882,1
1.0,1,-1.4298272,9.617839,-4.898168,-4.123503,0.9512098,-2.6394892,1
1.0,1,-1.4298347,9.617841,-4.898164,-4.123504,0.9512124,-2.6394882,1
1.0,1,-1.4298328,9.617841,-4.898166,-4.1235003,0.95120835,-2.6394868,1
1.0,1,-1.4298347,9.617841,-4.898164,-4.123504,0.9512124,-2.6394882,1
1.0,1,-1.4298236,9.617839,-4.898171,-4.123503,0.95120907,-2.6394882,1
4.0,4,0.13106303,0.42026424,-5.466848,-6.625173,8.859849,-3.6152754,1
4.0,4,0.13100879,0.42025983,-5.4668813,-6.6252365,8.85996,-3.6152472,1
4.0,4,0.13104384,0.42024267,-5.466854,-6.6251993,8.859902,-3.6152706,1
4.0,4,0.13106136,0.42021966,-5.4668727,-6.6252565,8.859978,-3.6153026,1
4.0,4,0.13100879,0.42025983,-5.4668813,-6.6252365,8.85996,-3.6152472,1
4.0,4,0.13104753,0.42020667,-5.466865,-6.6252775,8.860009,-3.6153064,1
0.0,1,-1.0253265,9.8517475,-5.2662797,-4.1490426,0.76486623,-2.6262493,0
0.0,1,-1.0253224,9.85173,-5.2662697,-4.149051,0.7648729,-2.6262536,0
0.0,1,-1.025324,9.851733,-5.266271,-4.149048,0.7648684,-2.6262512,0
0.0,1,-1.025283,9.851703,-5.2662964,-4.14905,0.7648821,-2.626267,0
0.0,1,-1.025319,9.851726,-5.2662706,-4.149046,0.76486754,-2.6262512,0
0.0,1,-1.0253266,9.85173,-5.2662673,-4.1490474,0.7648679,-2.6262484,0
3.0,3,-0.7952644,-1.2075273,-2.3655882,13.384047,-5.112157,-2.2912111,1
3.0,3,-0.7952644,-1.2075273,-2.3655882,13.384047,-5.112157,-2.2912111,1
3.0,3,-0.79525656,-1.2075282,-2.3655872,13.384047,-5.1121616,-2.2912154,1
3.0,3,-0.7952644,-1.2075273,-2.3655882,13.384047,-5.112157,-2.2912111,1
3.0,3,-0.79526716,-1.2075301,-2.3655863,13.384047,-5.1121573,-2.2912073,1
3.0,3,-0.7952644,-1.2075273,-2.3655882,13.384047,-5.112157,-2.2912111,1
0.0,0,12.398056,-1.104865,-4.7297025,-2.2641084,-0.6490587,-10.241455,1
0.0,0,12.398056,-1.104865,-4.7297025,-2.2641084,-0.6490587,-10.241455,1
0.0,0,12.398056,-1.104865,-4.7297025,-2.2641084,-0.6490587,-10.241455,1
0.0,0,12.398056,-1.104865,-4.7297025,-2.2641084,-0.6490587,-10.241455,1
0.0,0,12.398056,-1.104865,-4.7297025,-2.2641084,-0.6490587,-10.241455,1
0.0,0,12.398056,-1.104865,-4.7297025,-2.2641084,-0.6490587,-10.241455,1
4.0,4,0.41296035,-0.197348,-5.271667,-7.823617,10.060227,-4.3681545,1
4.0,4,0.41330355,-0.1973716,-5.271748,-7.823634,10.060137,-4.3683224,1
4.0,4,0.41344243,-0.19746459,-5.271813,-7.8240547,10.060543,-4.3684154,1
4.0,4,0.41134912,-0.19789422,-5.271913,-7.8246756,10.062223,-4.3670216,1
4.0,4,0.41159755,-0.19766915,-5.2718515,-7.8249283,10.062178,-4.3674617,1
4.0,4,0.41308993,-0.19736624,-5.271993,-7.8251324,10.061645,-4.368464,1
2.0,2,-2.140935,-2.803965,14.919109,-1.1510686,-2.8570356,-8.445301,1
2.0,2,-2.140935,-2.803965,14.919109,-1.1510686,-2.8570356,-8.445301,1
2.0,2,-2.140935,-2.803965,14.919109,-1.1510686,-2.8570356,-8.445301,1
2.0,2,-2.140935,-2.803965,14.919109,-1.1510686,-2.8570356,-8.445301,1
2.0,2,-2.140935,-2.803965,14.919109,-1.1510686,-2.8570356,-8.445301,1
2.0,2,-2.140935,-2.803965,14.919109,-1.1510686,-2.8570356,-8.445301,1
4.0,4,-0.84482515,1.339544,-5.8721523,-7.073783,9.255396,-3.0832639,1
4.0,4,-0.84471935,1.3394173,-5.872144,-7.073821,9.255453,-3.0833435,1
4.0,4,-0.8446728,1.3394151,-5.8720765,-7.0737886,9.255379,-3.0833936,1
4.0,4,-0.8447146,1.3394208,-5.8721676,-7.0738163,9.2554455,-3.083315,1
4.0,4,-0.8446992,1.3393834,-5.8721733,-7.073849,9.255502,-3.0833426,1
4.0,4,-0.8448449,1.3395841,-5.8720675,-7.0737295,9.255312,-3.0833163,1
5.0,5,-5.778747,1.0828,-6.5766377,-1.0892344,1.1222577,15.486646,1
5.0,5,-5.7787127,1.0828006,-6.5766006,-1.0892068,1.1222099,15.4865885,1
5.0,5,-5.7787375,1.0828011,-6.5766597,-1.0892297,1.1222514,15.486665,1
5.0,5,-5.778728,1.0827963,-6.576643,-1.0892185,1.1222359,15.486646,1
5.0,5,-5.7787447,1.0828019,-6.5766387,-1.0892314,1.1222535,15.486646,1
5.0,5,-5.778747,1.0828072,-6.576674,-1.0892407,1.1222658,15.486682,1
1.0,1,-1.4459499,9.521104,-4.72845,-4.3352065,1.126941,-2.8110342,1
1.0,1,-1.4459531,9.521105,-4.7284484,-4.3352017,1.1269382,-2.8110323,1
1.0,1,-1.4459531,9.521105,-4.7284484,-4.3352017,1.1269382,-2.8110323,1
1.0,1,-1.4459531,9.521105,-4.7284484,-4.3352017,1.1269382,-2.8110323,1
1.0,1,-1.4459531,9.521105,-4.7284484,-4.3352017,1.1269382,-2.8110323,1
1.0,1,-1.4459531,9.521105,-4.7284484,-4.3352017,1.1269382,-2.8110323,1
3.0,3,-0.45360428,-0.5253545,-3.00615,12.966246,-5.0972605,-2.2861133,1
3.0,3,-0.45360428,-0.5253545,-3.00615,12.966246,-5.0972605,-2.2861133,1
3.0,3,-0.45360428,-0.5253545,-3.00615,12.966246,-5.0972605,-2.2861133,1
3.0,3,-0.45360428,-0.5253545,-3.00615,12.966246,-5.0972605,-2.2861133,1
3.0,3,-0.45360428,-0.5253545,-3.00615,12.966246,-5.0972605,-2.2861133,1
3.0,3,-0.45360428,-0.5253545,-3.00615,12.966246,-5.0972605,-2.2861133,1
2.0,2,-2.1454532,-2.7968702,14.923544,-1.1639462,-2.8520977,-8.449531,1
2.0,2,-2.1454532,-2.7968702,14.923544,-1.1639462,-2.8520977,-8.449531,1
2.0,2,-2.1454532,-2.7968702,14.923544,-1.1639462,-2.8520977,-8.449531,1
2.0,2,-2.1454532,-2.7968702,14.923544,-1.1639462,-2.8520977,-8.449531,1
2.0,2,-2.1454532,-2.7968702,14.923544,-1.1639462,-2.8520977,-8.449531,1
2.0,2,-2.1454532,-2.7968702,14.923544,-1.1639462,-2.8520977,-8.449531,1
4.0,4,-0.31544715,0.3523116,-5.9922094,-7.108374,9.899048,-3.3451629,1
4.0,4,-0.31544715,0.3523116,-5.9922094,-7.108374,9.899048,-3.3451629,1
4.0,4,-0.31544715,0.3523116,-5.9922094,-7.108374,9.899048,-3.3451629,1
4.0,4,-0.31544715,0.3523116,-5.9922094,-7.108374,9.899048,-3.3451629,1
4.0,4,-0.31544715,0.3523116,-5.9922094,-7.108374,9.899048,-3.3451629,1
4.0,4,-0.31544715,0.3523116,-5.9922094,-7.108374,9.899048,-3.3451629,1
3.0,3,-0.48533958,-0.7914163,-2.564165,13.136689,-5.1263633,-2.574668,1
3.0,3,-0.48533958,-0.7914163,-2.564165,13.136689,-5.1263633,-2.574668,1
3.0,3,-0.48533958,-0.7914163,-2.564165,13.136689,-5.1263633,-2.574668,1
3.0,3,-0.48533958,-0.7914163,-2.564165,13.136689,-5.1263633,-2.574668,1
3.0,3,-0.48533958,-0.7914163,-2.564165,13.136689,-5.1263633,-2.574668,1
3.0,3,-0.48533958,-0.7914163,-2.564165,13.136689,-5.1263633,-2.574668,1
4.0,4,0.04405181,0.31740075,-6.069758,-7.3102984,9.888843,-3.4745264,1
4.0,4,0.04440467,0.31768578,-6.0700293,-7.310119,9.888464,-3.4745402,1
4.0,4,0.043885395,0.3178596,-6.0701895,-7.309936,9.888604,-3.4741168,1
4.0,4,0.043998048,0.31734085,-6.069674,-7.3100796,9.888766,-3.4744468,1
4.0,4,0.04380314,0.31740326,-6.0697336,-7.309796,9.888642,-3.4742608,1
4.0,4,0.044776365,0.31729364,-6.069334,-7.3100533,9.888317,-3.4751863,1
3.0,3,-0.7214337,-1.144149,-2.4070392,13.369308,-5.1273,-2.3573284,1
3.0,3,-0.7214337,-1.144149,-2.4070392,13.369308,-5.1273,-2.3573284,1
3.0,3,-0.7214337,-1.144149,-2.4070392,13.369308,-5.1273,-2.3573284,1
3.0,3,-0.7214337,-1.144149,-2.4070392,13.369308,-5.1273,-2.3573284,1
3.0,3,-0.7214337,-1.144149,-2.4070392,13.369308,-5.1273,-2.3573284,1
3.0,3,-0.7214337,-1.144149,-2.4070392,13.369308,-5.1273,-2.3573284,1
4.0,4,-0.6489616,-0.07573736,-5.777086,-6.851745,9.917595,-2.9274602,1
4.0,4,-0.64885706,-0.07587302,-5.7769885,-6.851662,9.917515,-2.9275107,1
4.0,4,-0.6487817,-0.07575548,-5.776921,-6.851779,9.917515,-2.9277792,1
4.0,4,-0.6488926,-0.0758456,-5.776993,-6.851657,9.917528,-2.9274945,1
4.0,4,-0.64883536,-0.07591343,-5.7769313,-6.85171,9.917553,-2.9275837,1
4.0,4,-0.64876837,-0.075865865,-5.776992,-6.851642,9.91744,-2.9275746,1
5.0,5,-6.0864553,1.0164112,-6.7822757,-1.3327539,1.5567706,15.900952,1
5.0,5,-6.0864606,1.0164217,-6.7822437,-1.3327565,1.5567654,15.900918,1
5.0,5,-6.0864587,1.0164155,-6.7822676,-1.3327588,1.5567766,15.900941,1
5.0,5,-6.0864663,1.0164195,-6.782292,-1.3327572,1.5567799,15.900968,1
5.0,5,-6.086453,1.016416,-6.7822547,-1.3327545,1.5567646,15.900929,1
5.0,5,-6.086458,1.0164198,-6.782262,-1.3327601,1.5567727,15.900935,1
3.0,3,-0.5527876,-0.7764498,-2.7651405,13.112174,-5.1228433,-2.2921858,1
3.0,3,-0.5527876,-0.7764498,-2.7651405,13.112174,-5.1228433,-2.2921858,1
3.0,3,-0.5527876,-0.7764498,-2.7651405,13.112174,-5.1228433,-2.2921858,1
3.0,3,-0.5527815,-0.776446,-2.7651458,13.112172,-5.122844,-2.2921894,1
3.0,3,-0.5527876,-0.7764498,-2.7651405,13.112174,-5.1228433,-2.2921858,1
3.0,3,-0.5527876,-0.7764498,-2.7651405,13.112174,-5.1228433,-2.2921858,1
1.0,1,-1.2461855,9.67602,-4.978281,-4.198258,0.9291904,-2.7467546,1
1.0,1,-1.246257,9.675964,-4.978182,-4.198266,0.92921543,-2.7467608,1
1.0,1,-1.2462184,9.675956,-4.978197,-4.198379,0.92930126,-2.7468133,1
1.0,1,-1.2462225,9.675957,-4.9781866,-4.19838,0.9293027,-2.746821,1
1.0,1,-1.2462431,9.6759615,-4.9781737,-4.1983647,0.92929506,-2.7468128,1
1.0,1,-1.2462423,9.675963,-4.9781857,-4.198359,0.9292934,-2.7468052,1
2.0,2,-2.1393754,-2.8080654,14.917094,-1.1501639,-2.851757,-8.4477,1
2.0,2,-2.1393754,-2.8080654,14.917094,-1.1501639,-2.851757,-8.4477,1
2.0,2,-2.1393754,-2.8080654,14.917094,-1.1501639,-2.851757,-8.4477,1
2.0,2,-2.1393754,-2.8080654,14.917094,-1.1501639,-2.851757,-8.4477,1
2.0,2,-2.1393754,-2.8080654,14.917094,-1.1501639,-2.851757,-8.4477,1
2.0,2,-2.1393754,-2.8080654,14.917094,-1.1501639,-2.851757,-8.4477,1
3.0,3,-0.5127695,-0.7804247,-2.5868244,13.129701,-5.113962,-2.5403755,1
3.0,3,-0.5127695,-0.7804247,-2.5868244,13.129701,-5.113962,-2.5403755,1
3.0,3,-0.5127695,-0.7804247,-2.5868244,13.129701,-5.113962,-2.5403755,1
3.0,3,-0.5127695,-0.7804247,-2.5868244,13.129701,-5.113962,-2.5403755,1
3.0,3,-0.5127695,-0.7804247,-2.5868244,13.129701,-5.113962,-2.5403755,1
3.0,3,-0.5127695,-0.7804247,-2.5868244,13.129701,-5.113962,-2.5403755,1
2.0,2,-2.138513,-2.8055959,14.918623,-1.1532872,-2.8535695,-8.449716,1
2.0,2,-2.1385124,-2.8055964,14.918623,-1.1532866,-2.8535705,-8.449717,1
2.0,2,-2.1385136,-2.8055954,14.918623,-1.1532863,-2.853571,-8.449715,1
2.0,2,-2.138513,-2.8055959,14.918623,-1.153287,-2.8535705,-8.449717,1
2.0,2,-2.138513,-2.8055959,14.918624,-1.1532878,-2.8535695,-8.4497175,1
2.0,2,-2.138513,-2.8055959,14.918623,-1.1532873,-2.8535695,-8.449716,1
3.0,3,-0.84761494,-1.0977272,-2.2956066,13.272229,-5.1204143,-2.2962499,1
3.0,3,-0.84761494,-1.0977272,-2.2956066,13.272229,-5.1204143,-2.2962499,1
3.0,3,-0.84761494,-1.0977272,-2.2956066,13.272229,-5.1204143,-2.2962499,1
3.0,3,-0.84761494,-1.0977272,-2.2956066,13.272229,-5.1204143,-2.2962499,1
3.0,3,-0.84761494,-1.0977272,-2.2956066,13.272229,-5.1204143,-2.2962499,1
3.0,3,-0.84761494,-1.0977272,-2.2956066,13.272229,-5.1204143,-2.2962499,1
3.0,3,-0.6173078,-0.3493663,-3.0262685,12.834771,-4.9681787,-2.2939873,1
3.0,3,-0.6173078,-0.3493663,-3.0262685,12.834771,-4.9681787,-2.2939873,1
3.0,3,-0.6173078,-0.3493663,-3.0262685,12.834771,-4.9681787,-2.2939873,1
3.0,3,-0.6173078,-0.3493663,-3.0262685,12.834771,-4.9681787,-2.2939873,1
3.0,3,-0.6173078,-0.3493663,-3.0262685,12.834771,-4.9681787,-2.2939873,1
3.0,3,-0.6173078,-0.3493663,-3.0262685,12.834771,-4.9681787,-2.2939873,1
4.0,4,-0.23190446,-0.32351387,-5.570993,-7.589585,10.306003,-3.4863024,1
4.0,4,-0.23190911,-0.32351768,-5.570989,-7.5895844,10.306008,-3.4863024,1
4.0,4,-0.23190911,-0.32351768,-5.570989,-7.5895844,10.306008,-3.4863024,1
4.0,4,-0.23190911,-0.32351768,-5.570989,-7.5895844,10.306008,-3.4863024,1
4.0,4,-0.23190899,-0.32351947,-5.570987,-7.589586,10.306008,-3.4863033,1
4.0,4,-0.23190899,-0.32351947,-5.570987,-7.589586,10.306008,-3.4863033,1
2.0,2,-2.141165,-2.7897305,14.915863,-1.1473182,-2.8759055,-8.438292,1
2.0,2,-2.141165,-2.7897305,14.915863,-1.1473182,-2.8759055,-8.438292,1
2.0,2,-2.141165,-2.7897305,14.915863,-1.1473182,-2.8759055,-8.438292,1
2.0,2,-2.141165,-2.7897305,14.915863,-1.1473182,-2.8759055,-8.438292,1
2.0,2,-2.141165,-2.7897305,14.915863,-1.1473182,-2.8759055,-8.438292,1
2.0,2,-2.141165,-2.7897305,14.915863,-1.1473182,-2.8759055,-8.438292,1
1.0,1,-1.3500319,9.412318,-4.9237046,-4.31719,1.1756246,-2.6267004,1
1.0,1,-1.3499954,9.412201,-4.9236994,-4.3171897,1.1756642,-2.6267161,1
1.0,1,-1.3501862,9.412289,-4.923774,-4.31702,1.175569,-2.6264486,1
1.0,1,-1.3499932,9.41208,-4.9239073,-4.317043,1.1757002,-2.626524,1
1.0,1,-1.3501545,9.4123535,-4.923811,-4.316886,1.1754376,-2.6264253,1
1.0,1,-1.3500646,9.412281,-4.9238257,-4.31707,1.1755841,-2.6265192,1
2.0,2,-2.1670377,-2.7888494,14.91055,-1.1460131,-2.86047,-8.41078,1
2.0,2,-2.1670377,-2.7888494,14.91055,-1.1460131,-2.86047,-8.41078,1
2.0,2,-2.1670377,-2.7888494,14.91055,-1.1460131,-2.86047,-8.41078,1
2.0,2,-2.1670377,-2.7888494,14.91055,-1.1460131,-2.86047,-8.41078,1
2.0,2,-2.1670377,-2.7888494,14.91055,-1.1460131,-2.86047,-8.41078,1
2.0,2,-2.1670377,-2.7888494,14.91055,-1.1460131,-2.86047,-8.41078,1
1.0,0,7.4990506,1.3546342,-5.2235956,-3.6994584,1.4721248,-6.8277354,0
1.0,0,7.4982533,1.355782,-5.2243967,-3.6989226,1.4718659,-6.8268495,0
1.0,0,7.495681,1.3587139,-5.2242184,-3.6979914,1.4706302,-6.825556,0
1.0,0,7.496566,1.3579066,-5.2245016,-3.6985252,1.4711151,-6.825805,0
1.0,0,7.4968586,1.3578155,-5.224909,-3.6990886,1.4716117,-6.825769,0
1.0,0,7.4966073,1.3577288,-5.224549,-3.6988738,1.4714975,-6.825837,0
0.0,0,12.407897,-1.2729546,-4.901481,-2.2713397,-0.3765014,-10.2370615,1
0.0,0,12.407918,-1.2729634,-4.901488,-2.2713265,-0.37651852,-10.23706,1
0.0,0,12.407876,-1.2729374,-4.9014907,-2.271352,-0.37648478,-10.237054,1
0.0,0,12.407804,-1.2728657,-4.9015718,-2.271383,-0.37643686,-10.236982,1
0.0,0,12.407761,-1.2728463,-4.901548,-2.2714212,-0.3763927,-10.237002,1
0.0,0,12.4078245,-1.272915,-4.901478,-2.2713892,-0.37643722,-10.237058,1
5.0,5,-6.064797,1.0043074,-6.847435,-1.3137317,1.5437601,15.973132,1
5.0,5,-6.0648093,1.0043248,-6.8475304,-1.3137008,1.543752,15.973229,1
5.0,5,-6.0648193,1.0043248,-6.8475857,-1.3137572,1.5438095,15.973283,1
5.0,5,-6.064816,1.0043305,-6.8475413,-1.3137633,1.5438043,15.973224,1
5.0,5,-6.064804,1.0043324,-6.847504,-1.3138136,1.5438297,15.973168,1
5.0,5,-6.064815,1.0043191,-6.8473816,-1.3137546,1.5437765,15.973075,1
2.0,2,-2.1320682,-2.8018842,14.89517,-1.1427873,-2.865002,-8.433852,1
2.0,2,-2.1320682,-2.8018842,14.89517,-1.1427873,-2.865002,-8.433852,1
2.0,2,-2.1320682,-2.8018842,14.89517,-1.1427873,-2.865002,-8.433852,1
2.0,2,-2.1320682,-2.8018842,14.89517,-1.1427873,-2.865002,-8.433852,1
2.0,2,-2.1320682,-2.8018842,14.89517,-1.1427873,-2.865002,-8.433852,1
2.0,2,-2.1320682,-2.8018842,14.89517,-1.1427873,-2.865002,-8.433852,1
4.0,4,0.26667207,0.06373274,-5.6149325,-7.509067,9.929935,-3.9961467,1
4.0,4,0.26740307,0.06382698,-5.6149836,-7.508777,9.929302,-3.9964933,1
4.0,4,0.2677006,0.06401366,-5.6150427,-7.508861,9.92914,-3.9967122,1
4.0,4,0.26793057,0.06410879,-5.615091,-7.508766,9.9289465,-3.9968271,1
4.0,4,0.2673729,0.06381738,-5.6149316,-7.50896,9.929447,-3.996553,1
4.0,4,0.2678309,0.06404352,-5.6149774,-7.5088124,9.929013,-3.9968371,1
3.0,3,-0.64801043,-1.2094275,-2.2992103,13.361373,-5.201176,-2.3846645,1
3.0,3,-0.6480221,-1.2094165,-2.299222,13.361367,-5.201168,-2.3846517,1
3.0,3,-0.64801043,-1.2094275,-2.2992103,13.361373,-5.201176,-2.3846645,1
3.0,3,-0.6480126,-1.2094282,-2.2992077,13.361375,-5.201176,-2.384664,1
3.0,3,-0.6480226,-1.2094165,-2.299222,13.361366,-5.2011676,-2.3846517,1
3.0,3,-0.64801186,-1.2094282,-2.2992089,13.361373,-5.201175,-2.384663,1
1.0,1,-1.6989955,9.640037,-4.491989,-3.570547,0.43894902,-2.4165106,1
1.0,1,-1.699,9.64005,-4.491997,-3.5705528,0.43895438,-2.4165077,1
1.0,1,-1.6990634,9.63999,-4.491915,-3.570621,0.4390233,-2.4165013,1
1.0,1,-1.699015,9.640041,-4.491975,-3.5705445,0.43894073,-2.4164891,1
1.0,1,-1.6990376,9.640033,-4.4919515,-3.5705729,0.43896595,-2.4164867,1
1.0,1,-1.6990268,9.640035,-4.4919696,-3.570575,0.43897697,-2.4164996,1
5.0,5,-6.061991,1.004857,-7.039232,-1.3530624,1.61131,16.134241,1
5.0,5,-6.0619907,1.0048555,-7.039222,-1.3530773,1.6113194,16.134226,1
5.0,5,-6.061994,1.0048629,-7.039236,-1.3530664,1.6113122,16.134245,1
5.0,5,-6.0619936,1.0048593,-7.0392327,-1.3530657,1.6113117,16.134241,1
5.0,5,-6.061993,1.0048591,-7.0392265,-1.353071,1.6113148,16.134235,1
5.0,5,-6.0619893,1.0048553,-7.0392423,-1.3530581,1.611306,16.134253,1
2.0,2,-2.1385374,-2.8089442,14.916583,-1.1505305,-2.8503122,-8.449037,1
2.0,2,-2.1385374,-2.8089442,14.916583,-1.1505305,-2.8503122,-8.449037,1
2.0,2,-2.1385374,-2.8089442,14.916583,-1.1505305,-2.8503122,-8.449037,1
2.0,2,-2.1385374,-2.8089442,14.916583,-1.1505305,-2.8503122,-8.449037,1
2.0,2,-2.138538,-2.8089442,14.916584,-1.1505306,-2.850312,-8.449037,1
2.0,2,-2.1385374,-2.8089442,14.916583,-1.1505305,-2.8503122,-8.449037,1
3.0,3,-0.49256164,-1.2331127,-2.211916,13.372363,-5.2996397,-2.5073996,1
3.0,3,-0.49256164,-1.2331127,-2.211916,13.372363,-5.2996397,-2.5073996,1
3.0,3,-0.49256164,-1.2331127,-2.211916,13.372363,-5.2996397,-2.5073996,1
3.0,3,-0.49256164,-1.2331127,-2.211916,13.372363,-5.2996397,-2.5073996,1
3.0,3,-0.49256164,-1.2331127,-2.211916,13.372363,-5.2996397,-2.5073996,1
3.0,3,-0.49256164,-1.2331127,-2.211916,13.372363,-5.2996397,-2.5073996,1
1.0,1,-1.1620035,9.79451,-5.3058915,-3.6683748,0.44431493,-2.3361564,1
1.0,1,-1.1620035,9.79451,-5.3058915,-3.6683748,0.44431493,-2.3361564,1
1.0,1,-1.1620035,9.79451,-5.3058915,-3.6683748,0.44431493,-2.3361564,1
1.0,1,-1.1620035,9.79451,-5.3058915,-3.6683748,0.44431493,-2.3361564,1
1.0,1,-1.1620035,9.79451,-5.3058915,-3.6683748,0.44431493,-2.3361564,1
1.0,1,-1.1620035,9.79451,-5.3058915,-3.6683748,0.44431493,-2.3361564,1
2.0,2,-2.275812,-2.7731013,14.79176,-1.2043353,-2.7195516,-8.249198,1
2.0,2,-2.275812,-2.7731013,14.79176,-1.2043353,-2.7195516,-8.249198,1
2.0,2,-2.2758124,-2.7731013,14.79176,-1.2043358,-2.7195504,-8.249196,1
2.0,2,-2.275812,-2.7731013,14.79176,-1.2043353,-2.7195516,-8.249198,1
2.0,2,-2.275812,-2.7731013,14.79176,-1.2043353,-2.7195516,-8.249198,1
2.0,2,-2.275812,-2.7731013,14.79176,-1.2043353,-2.7195516,-8.249198,1
2.0,2,-2.1409357,-2.8040671,14.919039,-1.1509718,-2.8569582,-8.445247,1
2.0,2,-2.1409366,-2.8040671,14.919039,-1.1509701,-2.85696,-8.445244,1
2.0,2,-2.1409361,-2.8040686,14.919038,-1.1509701,-2.8569589,-8.445245,1
2.0,2,-2.1409352,-2.804068,14.919038,-1.1509701,-2.8569596,-8.445246,1
2.0,2,-2.1409361,-2.8040676,14.919039,-1.1509682,-2.8569617,-8.445244,1
2.0,2,-2.1409366,-2.8040676,14.919039,-1.1509684,-2.8569608,-8.445243,1
4.0,4,0.96845573,-0.17999673,-5.7667527,-6.820225,9.069823,-3.8388205,1
4.0,4,0.96817786,-0.17992151,-5.7667747,-6.8203344,9.07004,-3.8387127,1
4.0,4,0.9682179,-0.18003738,-5.7665977,-6.8201966,9.069912,-3.8388276,1
4.0,4,0.9688981,-0.1798116,-5.7668214,-6.8201036,9.069448,-3.8391404,1
4.0,4,0.96803886,-0.17991126,-5.7665854,-6.820481,9.070198,-3.8389487,1
4.0,4,0.9694858,-0.17977679,-5.7665133,-6.8202257,9.0691395,-3.8399239,1
4.0,4,-0.33315343,-0.26585698,-5.5621223,-7.2501473,10.102358,-3.3777485,1
4.0,4,-0.33317667,-0.26585257,-5.5621414,-7.2501626,10.102387,-3.3777347,1
4.0,4,-0.33326572,-0.26579058,-5.5622067,-7.250169,10.10243,-3.3776374,1
4.0,4,-0.3331583,-0.26586676,-5.562118,-7.2500844,10.102329,-3.377728,1
4.0,4,-0.33324546,-0.26585042,-5.5620737,-7.250164,10.102415,-3.3777485,1
4.0,4,-0.3331917,-0.26585305,-5.562119,-7.2501287,10.10237,-3.377727,1
5.0,5,-6.1077943,1.0633737,-6.9896092,-1.3453436,1.5988812,16.095413,1
5.0,5,-6.10778,1.0633544,-6.989651,-1.34532,1.5988626,16.095463,1
5.0,5,-6.1077743,1.0633408,-6.9896507,-1.3453164,1.5988632,16.095467,1
5.0,5,-6.107788,1.0634016,-6.9896307,-1.3453704,1.5988984,16.0954,1
5.0,5,-6.1077785,1.0633694,-6.9896374,-1.345333,1.5988647,16.095444,1
5.0,5,-6.1077847,1.0633856,-6.989629,-1.3453498,1.5988839,16.095415,1
4.0,4,-0.02338989,0.51247364,-6.247836,-7.834539,10.237759,-3.4673934,1
4.0,4,-0.023358658,0.5124799,-6.2478337,-7.8345222,10.23773,-3.4674115,1
4.0,4,-0.023384884,0.51246727,-6.2478256,-7.8345346,10.237757,-3.467403,1
4.0,4,-0.023357943,0.5125009,-6.24785,-7.834534,10.237733,-3.4674087,1
4.0,4,-0.023398712,0.5124721,-6.2478395,-7.834534,10.2377615,-3.467382,1
4.0,4,-0.023339942,0.5125115,-6.2478557,-7.834526,10.237713,-3.4674153,1
1.0,1,-0.5243713,3.5358634,-7.342629,-1.9831595,2.121919,3.0217443,1
1.0,1,-0.5250743,3.5350814,-7.3422413,-1.9825735,2.1208758,3.0247726,1
1.0,1,-0.52646786,3.536158,-7.341814,-1.9829278,2.1205902,3.0262427,1
1.0,1,-0.5263009,3.5368862,-7.3413806,-1.9831609,2.120676,3.0242677,1
1.0,1,-0.52470124,3.5386825,-7.3417015,-1.9841541,2.121299,3.0189624,1
1.0,1,-0.5220743,3.5346527,-7.3440027,-1.982693,2.1225524,3.0196972,1
1.0,1,-5.045134,5.494195,-3.4115462,-4.5282283,3.0744748,3.8392353,1
1.0,1,-5.04658,5.4991746,-3.4092574,-4.5304217,3.0759404,3.8310404,1
1.0,1,-5.0485363,5.493009,-3.413796,-4.533082,3.0809388,3.8442316,1
1.0,1,-5.047446,5.4915934,-3.4129586,-4.5329347,3.0807614,3.8425574,1
1.0,1,-5.044411,5.4909163,-3.4146285,-4.532909,3.081,3.8389978,1
1.0,1,-5.0436563,5.4854484,-3.4152465,-4.532155,3.0804784,3.8464017,1
4.0,4,-0.039798573,-0.12151253,-5.3334317,-8.020639,10.42266,-4.0197935,1
4.0,4,-0.039798573,-0.12151253,-5.3334317,-8.020639,10.42266,-4.0197935,1
4.0,4,-0.039798573,-0.12151253,-5.3334317,-8.020639,10.42266,-4.0197935,1
4.0,4,-0.039798573,-0.12151253,-5.3334317,-8.020639,10.42266,-4.0197935,1
4.0,4,-0.039798573,-0.12151253,-5.3334317,-8.020639,10.42266,-4.0197935,1
4.0,4,-0.039798573,-0.12151253,-5.3334317,-8.020639,10.42266,-4.0197935,1
3.0,3,-0.66390175,-0.8979068,-2.6747494,13.191039,-5.089106,-2.2624955,1
3.0,3,-0.66390175,-0.8979068,-2.6747494,13.191039,-5.089106,-2.2624955,1
3.0,3,-0.66390175,-0.8979068,-2.6747494,13.191039,-5.089106,-2.2624955,1
3.0,3,-0.66390175,-0.8979068,-2.6747494,13.191039,-5.089106,-2.2624955,1
3.0,3,-0.66390175,-0.8979068,-2.6747494,13.191039,-5.089106,-2.2624955,1
3.0,3,-0.66390175,-0.8979068,-2.6747494,13.191039,-5.089106,-2.2624955,1
4.0,4,-0.38083965,0.63604915,-6.4328156,-7.448343,10.090223,-3.0661302,1
4.0,4,-0.38083965,0.63604915,-6.4328156,-7.448343,10.090223,-3.0661302,1
4.0,4,-0.38083965,0.63604915,-6.4328156,-7.448343,10.090223,-3.0661302,1
4.0,4,-0.38083965,0.63604915,-6.4328156,-7.448343,10.090223,-3.0661302,1
4.0,4,-0.38083965,0.63604915,-6.4328156,-7.448343,10.090223,-3.0661302,1
4.0,4,-0.38083965,0.63604915,-6.4328156,-7.448343,10.090223,-3.0661302,1
2.0,2,-2.1433995,-2.8007898,14.920044,-1.1508411,-2.8605516,-8.441999,1
2.0,2,-2.1433995,-2.8007898,14.920044,-1.1508411,-2.8605516,-8.441999,1
2.0,2,-2.1433995,-2.8007898,14.920044,-1.1508411,-2.8605516,-8.441999,1
2.0,2,-2.1433995,-2.8007898,14.920044,-1.1508411,-2.8605516,-8.441999,1
2.0,2,-2.1433995,-2.8007898,14.920044,-1.1508411,-2.8605516,-8.441999,1
2.0,2,-2.1433995,-2.8007898,14.920044,-1.1508411,-2.8605516,-8.441999,1
1.0,0,5.8575625,1.2367973,-4.1472073,-4.162836,2.551826,-7.2238545,0
1.0,0,5.8593063,1.2164416,-4.134558,-4.160011,2.5562787,-7.2318206,0
1.0,0,5.873112,1.2078149,-4.1423535,-4.162274,2.5597587,-7.2337513,0
1.0,0,5.8719463,1.2246864,-4.145665,-4.1608157,2.5501394,-7.2317576,0
1.0,0,5.8545675,1.220613,-4.1347322,-4.159472,2.5555556,-7.2292256,0
1.0,0,5.882154,1.1944318,-4.1398907,-4.1631923,2.5635023,-7.2400403,0
2.0,2,-2.1488776,-2.794949,14.923103,-1.1604315,-2.8559384,-8.443252,1
2.0,2,-2.1488776,-2.794949,14.923103,-1.1604315,-2.8559384,-8.443252,1
2.0,2,-2.1488776,-2.794949,14.923103,-1.1604315,-2.8559384,-8.443252,1
2.0,2,-2.1488776,-2.794949,14.923103,-1.1604315,-2.8559384,-8.443252,1
2.0,2,-2.1488776,-2.794949,14.923103,-1.1604315,-2.8559384,-8.443252,1
2.0,2,-2.1488776,-2.794949,14.923103,-1.1604315,-2.8559384,-8.443252,1
3.0,3,-0.46499497,-0.48068297,-3.0584664,12.923582,-5.077362,-2.2485313,1
3.0,3,-0.46499497,-0.48068297,-3.0584664,12.923582,-5.077362,-2.2485313,1
3.0,3,-0.46499497,-0.48068297,-3.0584664,12.923582,-5.077362,-2.2485313,1
3.0,3,-0.46499497,-0.48068297,-3.0584664,12.923582,-5.077362,-2.2485313,1
3.0,3,-0.46499497,-0.48068297,-3.0584664,12.923582,-5.077362,-2.2485313,1
3.0,3,-0.46499497,-0.48068297,-3.0584664,12.923582,-5.077362,-2.2485313,1
4.0,1,0.27461916,8.762556,-5.763184,-4.1161385,0.8685559,-2.8604403,0
4.0,1,0.27461916,8.762556,-5.763184,-4.1161385,0.8685559,-2.8604403,0
4.0,1,0.27461916,8.762556,-5.763184,-4.1161385,0.8685559,-2.8604403,0
4.0,1,0.27461916,8.762556,-5.763184,-4.1161385,0.8685559,-2.8604403,0
4.0,1,0.27461916,8.762556,-5.763184,-4.1161385,0.8685559,-2.8604403,0
4.0,1,0.27461916,8.762556,-5.763184,-4.1161385,0.8685559,-2.8604403,0
1.0,1,-1.3314508,9.383863,-4.881413,-4.120091,1.1071445,-2.8110757,1
1.0,1,-1.3314508,9.383863,-4.881413,-4.120091,1.1071445,-2.8110757,1
1.0,1,-1.3314508,9.383863,-4.881413,-4.120091,1.1071445,-2.8110757,1
1.0,1,-1.3314508,9.383863,-4.881413,-4.120091,1.1071445,-2.8110757,1
1.0,1,-1.3314508,9.383863,-4.881413,-4.120091,1.1071445,-2.8110757,1
1.0,1,-1.3314508,9.383863,-4.881413,-4.120091,1.1071445,-2.8110757,1
3.0,3,-0.7520383,-1.2526349,-2.298643,13.43477,-5.1365743,-2.3810883,1
3.0,3,-0.7520383,-1.2526349,-2.298643,13.43477,-5.1365743,-2.3810883,1
3.0,3,-0.7520383,-1.2526349,-2.298643,13.43477,-5.1365743,-2.3810883,1
3.0,3,-0.7520359,-1.2526366,-2.2986417,13.434771,-5.136576,-2.3810902,1
3.0,3,-0.7520359,-1.2526366,-2.2986417,13.434771,-5.136576,-2.3810902,1
3.0,3,-0.7520359,-1.2526366,-2.2986417,13.434771,-5.136576,-2.3810902,1
3.0,3,-0.5898598,-0.89629686,-2.702044,13.188597,-5.102416,-2.2988086,1
3.0,3,-0.5898598,-0.89629686,-2.702044,13.188597,-5.102416,-2.2988086,1
3.0,3,-0.5898598,-0.89629686,-2.702044,13.188597,-5.102416,-2.2988086,1
3.0,3,-0.5898598,-0.89629686,-2.702044,13.188597,-5.102416,-2.2988086,1
3.0,3,-0.5898598,-0.89629686,-2.702044,13.188597,-5.102416,-2.2988086,1
3.0,3,-0.5898598,-0.89629686,-2.702044,13.188597,-5.102416,-2.2988086,1
3.0,3,-0.6432442,-1.1780127,-2.2972717,13.40705,-5.1463394,-2.5375738,1
3.0,3,-0.6432442,-1.1780127,-2.2972717,13.40705,-5.1463394,-2.5375738,1
3.0,3,-0.6432442,-1.1780127,-2.2972717,13.40705,-5.1463394,-2.5375738,1
3.0,3,-0.6432442,-1.1780127,-2.2972717,13.40705,-5.1463394,-2.5375738,1
3.0,3,-0.6432442,-1.1780127,-2.2972717,13.40705,-5.1463394,-2.5375738,1
3.0,3,-0.6432442,-1.1780127,-2.2972717,13.40705,-5.1463394,-2.5375738,1
0.0,0,12.044626,-1.1289412,-4.8090725,-2.4953287,-0.055590898,-10.266714,1
0.0,0,12.044577,-1.1289164,-4.8090725,-2.4953578,-0.055550665,-10.2667055,1
0.0,0,12.044601,-1.1289364,-4.8090634,-2.4953392,-0.05557266,-10.266713,1
0.0,0,12.044623,-1.1289397,-4.8090734,-2.4953287,-0.055589825,-10.266712,1
0.0,0,12.04462,-1.1289455,-4.8090687,-2.4953268,-0.05558923,-10.266711,1
0.0,0,12.044619,-1.1289455,-4.8090672,-2.4953272,-0.055588752,-10.266713,1
4.0,4,-0.20057078,0.42139173,-6.0602813,-7.0335355,9.709079,-3.3006144,1
4.0,4,-0.20060201,0.42134297,-6.0602417,-7.0335765,9.709135,-3.30062,1
4.0,4,-0.2006305,0.42139924,-6.060297,-7.0335608,9.709125,-3.3005714,1
4.0,4,-0.20060726,0.42136955,-6.0602517,-7.033568,9.709121,-3.3006196,1
4.0,4,-0.20057459,0.4213978,-6.060296,-7.0335283,9.709078,-3.3005986,1
4.0,4,-0.2005548,0.42142403,-6.060335,-7.033502,9.709044,-3.300578,1
4.0,4,-1.0903296,0.1755302,-6.016895,-7.5199842,10.507815,-2.5912566,1
4.0,4,-1.0901406,0.175434,-6.0168614,-7.5200415,10.507918,-2.5915408,1
4.0,4,-1.0922827,0.17698133,-6.0188985,-7.5192814,10.50815,-2.5885534,1
4.0,4,-1.0907466,0.17671585,-6.0179133,-7.520602,10.508486,-2.591402,1
4.0,4,-1.0898837,0.17650032,-6.0163245,-7.5216002,10.508214,-2.593191,1
4.0,4,-1.0904597,0.17612898,-6.016274,-7.520913,10.507863,-2.5918622,1
1.0,1,-2.0521126,9.07525,-3.96528,-4.1218715,1.1406904,-2.6212115,1
1.0,1,-2.0520203,9.075247,-3.9652414,-4.1217566,1.1405437,-2.6212983,1
1.0,1,-2.0520966,9.075154,-3.9652586,-4.121731,1.1406081,-2.621192,1
1.0,1,-2.0520194,9.075173,-3.9652977,-4.12172,1.1405623,-2.6212187,1
1.0,1,-2.0520964,9.075141,-3.9652267,-4.1217246,1.1406004,-2.6212168,1
1.0,1,-2.0521944,9.075204,-3.9652853,-4.1218333,1.1407223,-2.6211228,1
2.0,2,-2.318205,-2.7752433,14.739904,-1.257921,-2.6308017,-8.185511,1
2.0,2,-2.318205,-2.7752433,14.739904,-1.257921,-2.6308017,-8.185511,1
2.0,2,-2.318205,-2.7752433,14.739904,-1.257921,-2.6308017,-8.185511,1
2.0,2,-2.318205,-2.7752433,14.739904,-1.257921,-2.6308017,-8.185511,1
2.0,2,-2.318205,-2.7752433,14.739904,-1.257921,-2.6308017,-8.185511,1
2.0,2,-2.318205,-2.7752433,14.739904,-1.257921,-2.6308017,-8.185511,1
2.0,2,-3.5607033,-2.4508257,13.27071,-2.341855,-0.9219861,-6.2075367,1
2.0,2,-3.5607033,-2.4508257,13.27071,-2.341855,-0.9219861,-6.2075367,1
2.0,2,-3.5607033,-2.4508257,13.27071,-2.341855,-0.9219861,-6.2075367,1
2.0,2,-3.5607033,-2.4508257,13.27071,-2.341855,-0.9219861,-6.2075367,1
2.0,2,-3.5607033,-2.4508257,13.27071,-2.341855,-0.9219861,-6.2075367,1
2.0,2,-3.5607033,-2.4508257,13.27071,-2.341855,-0.9219861,-6.2075367,1
4.0,4,2.0482924,0.08612412,-5.4147496,-6.764739,8.258653,-5.070318,1
4.0,4,2.0542922,0.08589184,-5.4146256,-6.7633076,8.25437,-5.073653,1
4.0,4,2.0607715,0.08562648,-5.414063,-6.7620482,8.24982,-5.0777946,1
4.0,4,2.0604978,0.08522779,-5.4136257,-6.7623696,8.250293,-5.0779405,1
4.0,4,2.0587146,0.08533931,-5.4136252,-6.7627773,8.251543,-5.0770245,1
4.0,4,2.057686,0.08557528,-5.414065,-6.763247,8.252529,-5.076307,1
2.0,2,-2.1539044,-2.7950854,14.921386,-1.1799273,-2.831345,-8.450406,1
2.0,2,-2.1539044,-2.7950854,14.921386,-1.1799273,-2.831345,-8.450406,1
2.0,2,-2.1539044,-2.7950854,14.921386,-1.1799273,-2.831345,-8.450406,1
2.0,2,-2.1539044,-2.7950854,14.921386,-1.1799273,-2.831345,-8.450406,1
2.0,2,-2.1539044,-2.7950854,14.921386,-1.1799273,-2.831345,-8.450406,1
2.0,2,-2.1539044,-2.7950854,14.921386,-1.1799273,-2.831345,-8.450406,1
3.0,3,-0.69798857,-1.2350196,-2.2802494,13.439145,-5.145979,-2.4695437,1
3.0,3,-0.69798857,-1.2350196,-2.2802494,13.439145,-5.145979,-2.4695437,1
3.0,3,-0.69798857,-1.2350196,-2.2802494,13.439145,-5.145979,-2.4695437,1
3.0,3,-0.69798857,-1.2350196,-2.2802494,13.439145,-5.145979,-2.4695437,1
3.0,3,-0.69798857,-1.2350196,-2.2802494,13.439145,-5.145979,-2.4695437,1
3.0,3,-0.69798857,-1.2350196,-2.2802494,13.439145,-5.145979,-2.4695437,1
3.0,3,-0.6925357,-0.86839354,-2.7053328,13.145341,-5.072776,-2.2071762,1
3.0,3,-0.6925357,-0.86839354,-2.7053328,13.145341,-5.072776,-2.2071762,1
3.0,3,-0.6925357,-0.86839354,-2.7053328,13.145341,-5.072776,-2.2071762,1
3.0,3,-0.6925357,-0.86839354,-2.7053328,13.145341,-5.072776,-2.2071762,1
3.0,3,-0.6925357,-0.86839354,-2.7053328,13.145341,-5.072776,-2.2071762,1
3.0,3,-0.6925357,-0.86839354,-2.7053328,13.145341,-5.072776,-2.2071762,1
3.0,3,-0.4237234,-0.9773294,-2.4976501,13.259819,-5.260978,-2.4782228,1
3.0,3,-0.4237234,-0.9773294,-2.4976501,13.259819,-5.260978,-2.4782228,1
3.0,3,-0.4237234,-0.9773294,-2.4976501,13.259819,-5.260978,-2.4782228,1
3.0,3,-0.4237234,-0.9773294,-2.4976501,13.259819,-5.260978,-2.4782228,1
3.0,3,-0.4237234,-0.9773294,-2.4976501,13.259819,-5.260978,-2.4782228,1
3.0,3,-0.4237234,-0.9773294,-2.4976501,13.259819,-5.260978,-2.4782228,1
4.0,4,0.103846714,-0.058477998,-5.8526244,-6.856999,9.481911,-3.2369328,1
4.0,4,0.10408728,-0.058489323,-5.852636,-6.8569827,9.481774,-3.2370367,1
4.0,4,0.10432057,-0.05841267,-5.8526187,-6.8569317,9.481573,-3.2372313,1
4.0,4,0.10425489,-0.058468938,-5.8525934,-6.8569217,9.481619,-3.237187,1
4.0,4,0.10426752,-0.05845332,-5.852607,-6.8569365,9.481619,-3.2371836,1
4.0,4,0.104497954,-0.05842483,-5.8527246,-6.856815,9.4814205,-3.237183,1
0.0,0,12.027507,-0.79851043,-5.0113435,-1.7378385,-0.76830554,-9.924907,1
0.0,0,12.027507,-0.79851043,-5.0113435,-1.7378385,-0.76830554,-9.924907,1
0.0,0,12.027507,-0.79851043,-5.0113435,-1.7378385,-0.76830554,-9.924907,1
0.0,0,12.027507,-0.79851043,-5.0113435,-1.7378385,-0.76830554,-9.924907,1
0.0,0,12.027502,-0.79850495,-5.011345,-1.7378325,-0.76830983,-9.924904,1
0.0,0,12.027507,-0.79851043,-5.0113435,-1.7378385,-0.76830554,-9.924907,1
3.0,3,-0.59693927,-0.75361,-2.8194175,13.101061,-5.0857863,-2.244701,1
3.0,3,-0.59693927,-0.75361,-2.8194175,13.101061,-5.0857863,-2.244701,1
3.0,3,-0.59693927,-0.75361,-2.8194175,13.101061,-5.0857863,-2.244701,1
3.0,3,-0.59693927,-0.75361,-2.8194175,13.101061,-5.0857863,-2.244701,1
3.0,3,-0.59693927,-0.75361,-2.8194175,13.101061,-5.0857863,-2.244701,1
3.0,3,-0.59693927,-0.75361,-2.8194175,13.101061,-5.0857863,-2.244701,1
2.0,2,-2.1444025,-2.8019762,14.912865,-1.1321994,-2.8740885,-8.425332,1
2.0,2,-2.1444025,-2.8019762,14.912865,-1.1321994,-2.8740885,-8.425332,1
2.0,2,-2.1444025,-2.8019762,14.912865,-1.1321994,-2.8740885,-8.425332,1
2.0,2,-2.1444025,-2.8019762,14.912865,-1.1321994,-2.8740885,-8.425332,1
2.0,2,-2.1444025,-2.8019762,14.912865,-1.1321994,-2.8740885,-8.425332,1
2.0,2,-2.1444025,-2.8019762,14.912865,-1.1321994,-2.8740885,-8.425332,1
4.0,4,-0.19792421,0.1443904,-5.9640408,-7.4362683,10.133774,-3.3585072,1
4.0,4,-0.19777687,0.14444464,-5.964105,-7.4363294,10.133729,-3.3585653,1
4.0,4,-0.1977237,0.14445877,-5.964147,-7.4363074,10.133686,-3.3585591,1
4.0,4,-0.19776697,0.14447415,-5.96417,-7.436285,10.133691,-3.3585162,1
4.0,4,-0.19770916,0.14447945,-5.964155,-7.4362893,10.133662,-3.3585625,1
4.0,4,-0.1979279,0.1443221,-5.9639807,-7.4363623,10.133863,-3.3585572,1
5.0,5,-6.0612473,1.0173851,-7.052179,-1.3515817,1.6002349,16.147055,1
5.0,5,-6.061239,1.0173866,-7.0521636,-1.3516092,1.600253,16.147018,1
5.0,5,-6.061231,1.0173911,-7.052171,-1.3516247,1.600263,16.14701,1
5.0,5,-6.061253,1.0173897,-7.0521774,-1.3515806,1.6002362,16.147053,1
5.0,5,-6.0612335,1.0173746,-7.0521693,-1.3516126,1.6002591,16.147024,1
5.0,5,-6.061239,1.0173832,-7.0521755,-1.3515978,1.600246,16.147038,1
4.0,1,-1.2353042,4.933762,-4.3064,-5.5856185,4.1377645,-2.1057587,0
4.0,1,-1.2346182,4.9340844,-4.307227,-5.586387,4.138262,-2.1058578,0
4.0,1,-1.2359829,4.933382,-4.306267,-5.586155,4.1386566,-2.1052327,0
4.0,1,-1.2345976,4.9347005,-4.3071923,-5.586016,4.1376953,-2.1060784,0
4.0,1,-1.2351605,4.9346046,-4.3064833,-5.5860605,4.1375265,-2.1059563,0
4.0,1,-1.2359337,4.9368644,-4.3065276,-5.586013,4.13674,-2.10588,0
2.0,2,-2.1511164,-2.7978783,14.913128,-1.1233661,-2.8805664,-8.4161,1
2.0,2,-2.1511161,-2.7978783,14.913128,-1.1233662,-2.8805664,-8.4161,1
2.0,2,-2.1511164,-2.7978783,14.913128,-1.1233661,-2.8805664,-8.4161,1
2.0,2,-2.1511164,-2.7978783,14.913128,-1.1233661,-2.8805664,-8.4161,1
2.0,2,-2.1511164,-2.7978783,14.913128,-1.1233661,-2.8805664,-8.4161,1
2.0,2,-2.1511164,-2.7978783,14.913128,-1.1233661,-2.8805664,-8.4161,1
2.0,2,-2.143248,-2.7979693,14.91695,-1.1367245,-2.876749,-8.430901,1
2.0,2,-2.143248,-2.7979693,14.91695,-1.1367245,-2.876749,-8.430901,1
2.0,2,-2.143248,-2.7979693,14.91695,-1.1367245,-2.876749,-8.430901,1
2.0,2,-2.143248,-2.7979693,14.91695,-1.1367245,-2.876749,-8.430901,1
2.0,2,-2.143248,-2.7979693,14.91695,-1.1367245,-2.876749,-8.430901,1
2.0,2,-2.143248,-2.7979693,14.91695,-1.1367245,-2.876749,-8.430901,1
2.0,2,-2.1487234,-2.7977471,14.904412,-1.1202787,-2.8806736,-8.411024,1
2.0,2,-2.1487234,-2.7977471,14.904412,-1.1202787,-2.8806736,-8.411024,1
2.0,2,-2.1487234,-2.7977471,14.904412,-1.1202787,-2.8806736,-8.411024,1
2.0,2,-2.1487234,-2.7977471,14.904412,-1.1202787,-2.8806736,-8.411024,1
2.0,2,-2.1487234,-2.7977471,14.904412,-1.1202787,-2.8806736,-8.411024,1
2.0,2,-2.1487234,-2.7977471,14.904412,-1.1202787,-2.8806736,-8.411024,1
3.0,3,-0.55668443,-0.72969496,-2.852592,13.082928,-5.092497,-2.2520132,1
3.0,3,-0.55668443,-0.72969496,-2.852592,13.082928,-5.092497,-2.2520132,1
3.0,3,-0.55668443,-0.72969496,-2.852592,13.082928,-5.092497,-2.2520132,1
3.0,3,-0.55668443,-0.72969496,-2.852592,13.082928,-5.092497,-2.2520132,1
3.0,3,-0.55668443,-0.72969496,-2.852592,13.082928,-5.092497,-2.2520132,1
3.0,3,-0.55668443,-0.72969496,-2.852592,13.082928,-5.092497,-2.2520132,1
4.0,4,0.91082567,0.5745563,-6.0623927,-7.505379,9.39298,-4.1454263,1
4.0,4,0.9107118,0.57453215,-6.0623364,-7.505371,9.393028,-4.145391,1
4.0,4,0.9109219,0.57459855,-6.0623603,-7.5053253,9.392854,-4.145506,1
4.0,4,0.91045135,0.57438236,-6.062187,-7.5053887,9.393214,-4.14532,1
4.0,4,0.9105174,0.57445914,-6.0622706,-7.505449,9.393221,-4.1453214,1
4.0,4,0.91036624,0.5743265,-6.062198,-7.5053244,9.393209,-4.145224,1
1.0,1,-1.4083133,9.319923,-4.761767,-4.382037,1.2862298,-2.7975116,1
1.0,1,-1.4083133,9.319923,-4.761767,-4.382037,1.2862298,-2.7975116,1
1.0,1,-1.4083133,9.319923,-4.761767,-4.382037,1.2862298,-2.7975116,1
1.0,1,-1.4083133,9.319923,-4.761767,-4.382037,1.2862298,-2.7975116,1
1.0,1,-1.4083133,9.319923,-4.761767,-4.382037,1.2862298,-2.7975116,1
1.0,1,-1.4083133,9.319923,-4.761767,-4.382037,1.2862298,-2.7975116,1
0.0,0,12.492333,-1.2874125,-4.911335,-2.273517,-0.4031802,-10.299312,1
0.0,0,12.492324,-1.2874061,-4.9113307,-2.2735238,-0.40317222,-10.299316,1
0.0,0,12.492317,-1.2874066,-4.9113297,-2.273525,-0.403168,-10.299314,1
0.0,0,12.492322,-1.2874063,-4.9113307,-2.2735248,-0.40317032,-10.299315,1
0.0,0,12.492329,-1.287413,-4.911334,-2.2735193,-0.40317586,-10.299311,1
0.0,0,12.492324,-1.2874063,-4.91133,-2.2735229,-0.40317252,-10.299316,1
1.0,1,-1.4186475,9.619782,-4.8922515,-3.9255788,0.5105547,-1.8876957,1
1.0,1,-1.4179224,9.619594,-4.892643,-3.9257007,0.51081336,-1.8885096,1
1.0,1,-1.4188358,9.619361,-4.892001,-3.9258013,0.510774,-1.8871626,1
1.0,1,-1.4185787,9.61979,-4.893031,-3.9244277,0.5093473,-1.8858021,1
1.0,1,-1.4179753,9.619684,-4.8931737,-3.924932,0.5098952,-1.8869218,1
1.0,1,-1.4174087,9.620633,-4.8930416,-3.9259002,0.51058483,-1.8896309,1
1.0,1,-1.549545,9.728863,-4.9344225,-3.79295,0.69588816,-2.4495153,1
1.0,1,-1.549545,9.728863,-4.9344225,-3.79295,0.69588816,-2.4495153,1
1.0,1,-1.549545,9.728863,-4.9344225,-3.79295,0.69588816,-2.4495153,1
1.0,1,-1.549545,9.728863,-4.9344225,-3.79295,0.69588816,-2.4495153,1
1.0,1,-1.549545,9.728863,-4.9344225,-3.79295,0.69588816,-2.4495153,1
1.0,1,-1.549545,9.728863,-4.9344225,-3.79295,0.69588816,-2.4495153,1
3.0,3,-0.6285655,-1.1894978,-2.3015373,13.412685,-5.1724753,-2.5086184,1
3.0,3,-0.6285655,-1.1894978,-2.3015373,13.412685,-5.1724753,-2.5086184,1
3.0,3,-0.6285655,-1.1894978,-2.3015373,13.412685,-5.1724753,-2.5086184,1
3.0,3,-0.6285655,-1.1894978,-2.3015373,13.412685,-5.1724753,-2.5086184,1
3.0,3,-0.6285655,-1.1894978,-2.3015373,13.412685,-5.1724753,-2.5086184,1
3.0,3,-0.6285655,-1.1894978,-2.3015373,13.412685,-5.1724753,-2.5086184,1
2.0,2,-2.1378365,-2.8054152,14.918755,-1.1548082,-2.8529172,-8.451068,1
2.0,2,-2.1378365,-2.8054152,14.918755,-1.1548082,-2.8529172,-8.451068,1
2.0,2,-2.1378365,-2.8054152,14.918755,-1.1548082,-2.8529172,-8.451068,1
2.0,2,-2.1378365,-2.8054152,14.918755,-1.1548082,-2.8529172,-8.451068,1
2.0,2,-2.1378365,-2.8054152,14.918755,-1.1548082,-2.8529172,-8.451068,1
2.0,2,-2.1378365,-2.8054152,14.918755,-1.1548082,-2.8529172,-8.451068,1
2.0,2,-2.1560354,-2.8076806,14.840043,-1.1053221,-2.8538115,-8.360621,1
2.0,2,-2.1560354,-2.8076806,14.840043,-1.1053221,-2.8538115,-8.360621,1
2.0,2,-2.1560354,-2.8076806,14.840043,-1.1053221,-2.8538115,-8.360621,1
2.0,2,-2.1560354,-2.8076806,14.840043,-1.1053221,-2.8538115,-8.360621,1
2.0,2,-2.1560354,-2.8076806,14.840043,-1.1053221,-2.8538115,-8.360621,1
2.0,2,-2.1560354,-2.8076806,14.840043,-1.1053221,-2.8538115,-8.360621,1
1.0,0,9.097977,-1.1437851,-5.12797,-3.552653,2.2267895,-7.9608793,0
1.0,0,9.098118,-1.1438202,-5.1279497,-3.5526063,2.226699,-7.9609766,0
1.0,0,9.098287,-1.143716,-5.1280456,-3.5525951,2.2265685,-7.9609947,0
1.0,0,9.096667,-1.1440462,-5.127773,-3.5529282,2.2278159,-7.960395,0
1.0,0,9.097433,-1.1439549,-5.127872,-3.5527647,2.227254,-7.960701,0
1.0,0,9.097461,-1.1438917,-5.127902,-3.552758,2.2271938,-7.9606743,0
0.0,0,5.296397,1.843051,-6.4754825,-4.722449,4.5193043,-6.5136003,1
0.0,0,5.294119,1.8439745,-6.476342,-4.723304,4.521021,-6.5119615,1
0.0,0,5.292911,1.8456112,-6.4777436,-4.722851,4.5210505,-6.510429,1
0.0,0,5.296693,1.8427659,-6.4754205,-4.722552,4.519304,-6.5137167,1
0.0,0,5.2995095,1.8416715,-6.474424,-4.72102,4.51687,-6.5155196,1
0.0,0,5.2969904,1.8425741,-6.4751525,-4.7222548,4.5189643,-6.5139923,1
3.0,3,-0.26672703,-0.92264056,-2.5761156,13.249391,-5.3003716,-2.560566,1
3.0,3,-0.26672703,-0.92264056,-2.5761156,13.249391,-5.3003716,-2.560566,1
3.0,3,-0.26672703,-0.92264056,-2.5761156,13.249391,-5.3003716,-2.560566,1
3.0,3,-0.26672703,-0.92264056,-2.5761156,13.249391,-5.3003716,-2.560566,1
3.0,3,-0.26672703,-0.92264056,-2.5761156,13.249391,-5.3003716,-2.560566,1
3.0,3,-0.26672703,-0.92264056,-2.5761156,13.249391,-5.3003716,-2.560566,1
2.0,2,-2.2329457,-2.7843628,14.843987,-1.2178496,-2.7370481,-8.333158,1
2.0,2,-2.2329457,-2.7843628,14.843987,-1.2178496,-2.7370481,-8.333158,1
2.0,2,-2.2329457,-2.7843628,14.843987,-1.2178496,-2.7370481,-8.333158,1
2.0,2,-2.2329457,-2.7843628,14.843987,-1.2178496,-2.7370481,-8.333158,1
2.0,2,-2.2329457,-2.7843628,14.843987,-1.2178496,-2.7370481,-8.333158,1
2.0,2,-2.2329457,-2.7843628,14.843987,-1.2178496,-2.7370481,-8.333158,1
4.0,4,-0.0860873,-0.5787257,-5.1546273,-7.670507,10.306338,-3.9419088,1
4.0,4,-0.085488155,-0.5782095,-5.1552343,-7.669794,10.305407,-3.941619,1
4.0,4,-0.08540733,-0.5772674,-5.1561747,-7.6695614,10.304815,-3.940864,1
4.0,4,-0.08450599,-0.5765275,-5.1560264,-7.6704807,10.304761,-3.942378,1
4.0,4,-0.08494957,-0.5757791,-5.1568627,-7.6708083,10.305079,-3.9417443,1
4.0,4,-0.084157065,-0.5764171,-5.1556716,-7.6710134,10.304896,-3.9433212,1
4.0,4,0.19388466,0.86967003,-6.2222157,-6.8867974,9.279114,-3.5963712,1
4.0,4,0.19390504,0.8696724,-6.2221975,-6.8867807,9.279085,-3.5963922,1
4.0,4,0.19389991,0.8696687,-6.222196,-6.886784,9.279091,-3.5963893,1
4.0,4,0.19388466,0.86967003,-6.2222157,-6.8867974,9.279114,-3.5963712,1
4.0,4,0.19389944,0.86967146,-6.222199,-6.8867955,9.2790985,-3.5963902,1
4.0,4,0.19388466,0.86967003,-6.2222157,-6.8867974,9.279114,-3.5963712,1
2.0,2,-2.1384761,-2.8057375,14.918563,-1.1532158,-2.853433,-8.449746,1
2.0,2,-2.1384764,-2.8057356,14.918564,-1.1532155,-2.8534374,-8.449742,1
2.0,2,-2.1384766,-2.8057375,14.918562,-1.1532148,-2.853434,-8.449742,1
2.0,2,-2.1384764,-2.805738,14.918563,-1.1532152,-2.8534336,-8.449745,1
2.0,2,-2.1384754,-2.805737,14.918563,-1.153215,-2.853436,-8.449745,1
2.0,2,-2.1384757,-2.805738,14.918562,-1.1532158,-2.8534331,-8.449746,1
2.0,2,-2.2117198,-2.7862306,14.867642,-1.2093335,-2.762382,-8.367722,1
2.0,2,-2.2117198,-2.7862306,14.867642,-1.2093335,-2.762382,-8.367722,1
2.0,2,-2.2117198,-2.7862306,14.867642,-1.2093335,-2.762382,-8.367722,1
2.0,2,-2.2117198,-2.7862306,14.867642,-1.2093335,-2.762382,-8.367722,1
2.0,2,-2.2117198,-2.7862306,14.867642,-1.2093335,-2.762382,-8.367722,1
2.0,2,-2.2117198,-2.7862306,14.867642,-1.2093335,-2.762382,-8.367722,1
4.0,4,1.0048311,0.6287951,-6.362154,-7.4903893,9.388944,-3.943303,1
4.0,4,1.0045044,0.62887824,-6.3622804,-7.4904537,9.3891535,-3.943026,1
4.0,4,1.0042636,0.62884045,-6.3623233,-7.4903817,9.389236,-3.9428244,1
4.0,4,1.0049218,0.6289288,-6.3622913,-7.490375,9.388857,-3.9432626,1
4.0,4,1.0048225,0.6287966,-6.362203,-7.490377,9.388953,-3.943242,1
4.0,4,1.0046248,0.6288436,-6.3622303,-7.490351,9.3890085,-3.9431214,1
2.0,2,-2.1291924,-2.8135748,14.900835,-1.1342095,-2.8547306,-8.447692,1
2.0,2,-2.1291924,-2.8135748,14.900835,-1.1342095,-2.8547306,-8.447692,1
2.0,2,-2.1291924,-2.8135748,14.900835,-1.1342095,-2.8547306,-8.447692,1
2.0,2,-2.1291924,-2.8135748,14.900835,-1.1342095,-2.8547306,-8.447692,1
2.0,2,-2.1291924,-2.8135748,14.900835,-1.1342095,-2.8547306,-8.447692,1
2.0,2,-2.1291924,-2.8135748,14.900835,-1.1342095,-2.8547306,-8.447692,1
4.0,4,-1.7733446,1.0445234,-6.2394943,-7.266674,10.237318,-2.2109027,1
4.0,4,-1.7735716,1.0446818,-6.239463,-7.266533,10.2372,-2.210753,1
4.0,4,-1.7738194,1.0451154,-6.2395062,-7.2664194,10.236969,-2.21059,1
4.0,4,-1.7738038,1.0450422,-6.2394695,-7.2664247,10.237,-2.2106204,1
4.0,4,-1.7736676,1.0448164,-6.2394133,-7.2665143,10.2371235,-2.210742,1
4.0,4,-1.773583,1.04484,-6.239552,-7.26647,10.237094,-2.2106705,1
3.0,3,-0.7219375,-1.2159606,-2.3141365,13.418099,-5.14128,-2.4121284,1
3.0,3,-0.72193795,-1.2159609,-2.314136,13.418098,-5.14128,-2.412128,1
3.0,3,-0.7219375,-1.2159606,-2.3141365,13.418099,-5.14128,-2.4121284,1
3.0,3,-0.72193795,-1.2159609,-2.314136,13.418098,-5.14128,-2.412128,1
3.0,3,-0.7219375,-1.2159606,-2.3141365,13.418099,-5.14128,-2.4121284,1
3.0,3,-0.72193795,-1.2159609,-2.314136,13.418098,-5.14128,-2.412128,1
2.0,2,-2.1894386,-2.7886624,14.892689,-1.1981231,-2.7908134,-8.403606,1
2.0,2,-2.189439,-2.7886624,14.892689,-1.1981231,-2.7908134,-8.403606,1
2.0,2,-2.1894386,-2.7886624,14.892689,-1.1981231,-2.7908134,-8.403606,1
2.0,2,-2.1894386,-2.7886624,14.892689,-1.1981231,-2.7908134,-8.403606,1
2.0,2,-2.1894386,-2.7886624,14.892689,-1.1981231,-2.7908134,-8.403606,1
2.0,2,-2.1894386,-2.7886624,14.892689,-1.1981231,-2.7908134,-8.403606,1
4.0,4,-0.64129,0.19839323,-5.6830497,-7.758478,10.455331,-3.440009,1
4.0,4,-0.6413142,0.19857109,-5.6831355,-7.758211,10.455101,-3.4399333,1
4.0,4,-0.64110166,0.19872415,-5.683292,-7.7581263,10.454947,-3.4399915,1
4.0,4,-0.64135236,0.19879186,-5.6834054,-7.758221,10.455115,-3.4397836,1
4.0,4,-0.64118844,0.19900167,-5.683592,-7.7582326,10.455019,-3.439804,1
4.0,4,-0.641143,0.19864595,-5.68331,-7.7581844,10.455061,-3.439962,1
1.0,1,-1.4803852,9.555971,-4.5767727,-4.4119606,1.144177,-2.9021058,1
1.0,1,-1.4803426,9.556006,-4.576813,-4.411918,1.1441221,-2.9021068,1
1.0,1,-1.480348,9.556014,-4.5768147,-4.4119153,1.1441216,-2.9021077,1
1.0,1,-1.4803816,9.555981,-4.576781,-4.411958,1.1441684,-2.9021006,1
1.0,1,-1.4803265,9.556012,-4.5768337,-4.4119253,1.1441215,-2.9021044,1
1.0,1,-1.4803456,9.556007,-4.576813,-4.411922,1.144125,-2.9021063,1
1.0,1,-1.1619745,9.41584,-4.9157047,-4.4502883,1.2037065,-2.8631597,1
1.0,1,-1.1619745,9.41584,-4.9157047,-4.4502883,1.2037065,-2.8631597,1
1.0,1,-1.1619745,9.41584,-4.9157047,-4.4502883,1.2037065,-2.8631597,1
1.0,1,-1.1619745,9.41584,-4.9157047,-4.4502883,1.2037065,-2.8631597,1
1.0,1,-1.1619745,9.41584,-4.9157047,-4.4502883,1.2037065,-2.8631597,1
1.0,1,-1.1619745,9.41584,-4.9157047,-4.4502883,1.2037065,-2.8631597,1
1.0,1,-1.25016,9.597955,-5.0744705,-3.9808912,0.84865487,-2.6350923,1
1.0,1,-1.25016,9.597955,-5.0744705,-3.9808912,0.84865487,-2.6350923,1
1.0,1,-1.25016,9.597955,-5.0744705,-3.9808912,0.84865487,-2.6350923,1
1.0,1,-1.25016,9.597955,-5.0744705,-3.9808912,0.84865487,-2.6350923,1
1.0,1,-1.25016,9.597955,-5.0744705,-3.9808912,0.84865487,-2.6350923,1
1.0,1,-1.25016,9.597955,-5.0744705,-3.9808912,0.84865487,-2.6350923,1
0.0,0,12.22946,-1.3949696,-4.9772754,-2.3325088,-0.17739913,-9.978435,1
0.0,0,12.22947,-1.3949686,-4.9772773,-2.3325057,-0.17740604,-9.978437,1
0.0,0,12.22947,-1.3949686,-4.9772773,-2.3325057,-0.17740604,-9.978437,1
0.0,0,12.229435,-1.39497,-4.977273,-2.3325183,-0.17737707,-9.978422,1
0.0,0,12.229473,-1.3949677,-4.9772854,-2.3325043,-0.17740849,-9.978432,1
0.0,0,12.229468,-1.3949677,-4.977285,-2.332506,-0.17740539,-9.978429,1
4.0,4,1.3554978,2.7602606,-5.2830987,-4.7492323,5.00848,-4.369327,1
4.0,4,1.3559326,2.7589726,-5.2831864,-4.749789,5.0095015,-4.3694525,1
4.0,4,1.3562152,2.759241,-5.2830014,-4.7491,5.0085998,-4.3696938,1
4.0,4,1.3554014,2.759246,-5.28287,-4.749352,5.0091305,-4.3693132,1
4.0,4,1.3558756,2.7596884,-5.283022,-4.7491813,5.008584,-4.3695683,1
4.0,4,1.3560975,2.7592046,-5.2831264,-4.7494664,5.009014,-4.369606,1
3.0,3,-0.67527086,-0.8993212,-2.6863585,13.18911,-5.085258,-2.2397938,1
3.0,3,-0.67527086,-0.8993212,-2.6863585,13.18911,-5.085258,-2.2397938,1
3.0,3,-0.67527086,-0.8993212,-2.6863585,13.18911,-5.085258,-2.2397938,1
3.0,3,-0.67527086,-0.8993212,-2.6863585,13.18911,-5.085258,-2.2397938,1
3.0,3,-0.67527086,-0.8993212,-2.6863585,13.18911,-5.085258,-2.2397938,1
3.0,3,-0.67527086,-0.8993212,-2.6863585,13.18911,-5.085258,-2.2397938,1
5.0,5,-6.073199,1.016445,-7.0248914,-1.3495452,1.6102424,16.117556,1
5.0,5,-6.073199,1.0164458,-7.0248914,-1.3495505,1.6102469,16.117554,1
5.0,5,-6.073198,1.0164429,-7.0248933,-1.3495474,1.6102445,16.11756,1
5.0,5,-6.0731983,1.0164458,-7.02489,-1.3495545,1.6102493,16.117552,1
5.0,5,-6.0731997,1.0164443,-7.0248885,-1.3495499,1.6102465,16.117554,1
5.0,5,-6.0731993,1.0164453,-7.0248904,-1.3495495,1.6102457,16.117556,1
3.0,3,-0.39994365,-0.31744063,-3.1796308,12.820566,-5.0721664,-2.2610726,1
3.0,3,-0.39984697,-0.3174566,-3.179615,12.820582,-5.0722127,-2.2611346,1
3.0,3,-0.39980763,-0.3174895,-3.1795783,12.820605,-5.07224,-2.2611704,1
3.0,3,-0.3998732,-0.31745756,-3.1796126,12.82058,-5.0722017,-2.2611203,1
3.0,3,-0.39985746,-0.31747484,-3.179594,12.820596,-5.0722156,-2.2611375,1
3.0,3,-0.39982277,-0.31750262,-3.1795626,12.820618,-5.0722394,-2.2611694,1
2.0,2,-2.1404033,-2.8007464,14.921627,-1.1610966,-2.852058,-8.452863,1
2.0,2,-2.1404033,-2.8007464,14.921627,-1.1610966,-2.852058,-8.452863,1
2.0,2,-2.1404033,-2.8007464,14.921627,-1.1610967,-2.8520575,-8.452863,1
2.0,2,-2.1404033,-2.8007464,14.921627,-1.1610966,-2.852058,-8.452863,1
2.0,2,-2.1404033,-2.8007464,14.921627,-1.1610967,-2.8520575,-8.452863,1
2.0,2,-2.1404033,-2.800747,14.921628,-1.1610968,-2.8520577,-8.452864,1
1.0,1,-0.49131233,9.6381235,-5.483925,-4.0001326,0.6821811,-2.8800073,1
1.0,1,-0.49136811,9.638057,-5.483772,-4.0002546,0.68231285,-2.880149,1
1.0,1,-0.49131137,9.637954,-5.4836926,-4.0002713,0.68233204,-2.8802319,1
1.0,1,-0.49127728,9.637972,-5.483728,-4.0001493,0.6822269,-2.8801904,1
1.0,1,-0.4912091,9.6379385,-5.483726,-4.000131,0.68219495,-2.8802128,1
1.0,1,-0.49125344,9.637944,-5.483708,-4.0002384,0.6822964,-2.880248,1
5.0,5,-6.0636744,1.0064234,-6.998825,-1.3309679,1.5824955,16.093538,1
5.0,5,-6.063457,1.0064563,-6.9989147,-1.3310602,1.5823824,16.09352,1
5.0,5,-6.063605,1.0062646,-6.998859,-1.330966,1.5824597,16.093737,1
5.0,5,-6.0635533,1.0064508,-6.998933,-1.3313522,1.5827544,16.09342,1
5.0,5,-6.063516,1.0064813,-6.9988737,-1.3313923,1.5826752,16.093428,1
5.0,5,-6.063639,1.0062324,-6.9987245,-1.3309963,1.5824962,16.093628,1
2.0,2,-2.1514633,-2.79952,14.843942,-1.1014649,-2.869302,-8.365474,1
2.0,2,-2.1514633,-2.79952,14.843942,-1.1014649,-2.869302,-8.365474,1
2.0,2,-2.1514633,-2.79952,14.843942,-1.1014649,-2.869302,-8.365474,1
2.0,2,-2.1514633,-2.79952,14.843942,-1.1014649,-2.869302,-8.365474,1
2.0,2,-2.1514633,-2.79952,14.843942,-1.1014649,-2.869302,-8.365474,1
2.0,2,-2.1514633,-2.79952,14.843942,-1.1014649,-2.869302,-8.365474,1
4.0,4,0.73093003,-0.10749972,-5.639413,-7.121094,9.381483,-3.9890723,1
4.0,4,0.7308962,-0.107500434,-5.639416,-7.121098,9.381505,-3.9890466,1
4.0,4,0.73094136,-0.1075052,-5.639411,-7.121086,9.381472,-3.9890742,1
4.0,4,0.73094136,-0.1075052,-5.639411,-7.121086,9.381472,-3.9890742,1
4.0,4,0.73094136,-0.1075052,-5.639411,-7.121086,9.381472,-3.9890742,1
4.0,4,0.7309428,-0.10749614,-5.63942,-7.1210904,9.381472,-3.989071,1
4.0,0,8.425183,-1.290115,-4.205426,-4.2336197,3.191163,-8.877641,0
4.0,0,8.4183655,-1.2886599,-4.2059784,-4.2370367,3.1969697,-8.874491,0
4.0,0,8.425468,-1.2899944,-4.206183,-4.233484,3.1910331,-8.877217,0
4.0,0,8.425271,-1.2903558,-4.206154,-4.233326,3.1911938,-8.8770075,0
4.0,0,8.463007,-1.2993981,-4.2041903,-4.2130094,3.1582897,-8.892658,0
4.0,0,8.465688,-1.2999245,-4.2035623,-4.21172,3.1559927,-8.89438,0
1.0,4,2.366192,0.23743623,-5.5218735,-6.9504685,8.215176,-5.3141546,0
1.0,4,2.3667982,0.23719817,-5.521272,-6.9501925,8.214564,-5.3150015,0
1.0,4,2.354939,0.23647892,-5.5214176,-6.9544535,8.22459,-5.3078914,0
1.0,4,2.3548768,0.23819858,-5.5229726,-6.95573,8.225392,-5.3076506,0
1.0,4,2.3575983,0.23803675,-5.5232296,-6.9542856,8.22282,-5.3086996,0
1.0,4,2.3561532,0.23661244,-5.5211296,-6.9536195,8.223223,-5.308943,0
2.0,2,-2.1478307,-2.7977252,14.89637,-1.1317742,-2.8730454,-8.409715,1
2.0,2,-2.1478307,-2.7977252,14.89637,-1.1317742,-2.8730454,-8.409715,1
2.0,2,-2.1478307,-2.7977252,14.89637,-1.1317742,-2.8730454,-8.409715,1
2.0,2,-2.1478307,-2.7977252,14.89637,-1.1317742,-2.8730454,-8.409715,1
2.0,2,-2.1478307,-2.7977252,14.89637,-1.1317742,-2.8730454,-8.409715,1
2.0,2,-2.1478307,-2.7977252,14.89637,-1.1317742,-2.8730454,-8.409715,1
5.0,5,-5.9523644,1.0769795,-6.922338,-1.2956834,1.4589319,15.895579,1
5.0,5,-5.95237,1.0769799,-6.9223514,-1.2956712,1.4589272,15.8956,1
5.0,5,-5.9523377,1.0769846,-6.9223166,-1.2956779,1.4589087,15.895532,1
5.0,5,-5.9522967,1.0769941,-6.922281,-1.2956612,1.4588641,15.895459,1
5.0,5,-5.95235,1.0769795,-6.9223084,-1.2956733,1.458911,15.895537,1
5.0,5,-5.9523478,1.0769788,-6.922301,-1.2956761,1.4589103,15.895528,1
2.0,2,-2.1558416,-2.8072166,14.84453,-1.1075715,-2.8546987,-8.363827,1
2.0,2,-2.1558416,-2.8072162,14.84453,-1.1075715,-2.8546987,-8.363827,1
2.0,2,-2.1558414,-2.8072162,14.844532,-1.107572,-2.8546987,-8.363826,1
2.0,2,-2.155842,-2.8072166,14.84453,-1.1075717,-2.8546987,-8.363827,1
2.0,2,-2.1558418,-2.8072166,14.84453,-1.1075712,-2.8546987,-8.363825,1
2.0,2,-2.1558416,-2.8072166,14.844532,-1.1075717,-2.8546987,-8.363827,1
5.0,5,-6.057343,1.016157,-7.0649323,-1.3367995,1.585944,16.16549,1
5.0,5,-6.057345,1.0161861,-7.064965,-1.3368051,1.5859494,16.165504,1
5.0,5,-6.0573583,1.016193,-7.06492,-1.336868,1.5860004,16.16544,1
5.0,5,-6.0573483,1.016142,-7.064931,-1.336742,1.5859047,16.165514,1
5.0,5,-6.0573707,1.0162123,-7.0649676,-1.336833,1.5859839,16.165491,1
5.0,5,-6.0573835,1.0161728,-7.0649614,-1.3367674,1.5859419,16.165552,1
1.0,1,-1.1954749,9.840691,-5.1875033,-4.0839796,0.81284,-2.6357908,1
1.0,1,-1.1954749,9.840691,-5.1875033,-4.0839796,0.81284,-2.6357908,1
1.0,1,-1.1954749,9.840691,-5.1875033,-4.0839796,0.81284,-2.6357908,1
1.0,1,-1.1954749,9.840691,-5.1875033,-4.0839796,0.81284,-2.6357908,1
1.0,1,-1.1954749,9.840691,-5.1875033,-4.0839796,0.81284,-2.6357908,1
1.0,1,-1.1954749,9.840691,-5.1875033,-4.0839796,0.81284,-2.6357908,1
1.0,1,-1.396696,8.511935,-3.3069892,-3.7852788,-0.0387716,-1.9484644,1
1.0,1,-1.3966962,8.511934,-3.3069873,-3.785277,-0.038772374,-1.948466,1
1.0,1,-1.396696,8.511935,-3.3069892,-3.7852788,-0.0387716,-1.9484644,1
1.0,1,-1.3966963,8.511934,-3.3069882,-3.7852786,-0.03877142,-1.9484645,1
1.0,1,-1.396696,8.511935,-3.3069892,-3.7852788,-0.0387716,-1.9484649,1
1.0,1,-1.3966963,8.511935,-3.3069882,-3.785278,-0.038771838,-1.948464,1
2.0,2,-2.151606,-2.793491,14.923658,-1.1658107,-2.8506725,-8.444205,1
2.0,2,-2.151606,-2.793491,14.923658,-1.1658107,-2.8506725,-8.444205,1
2.0,2,-2.151606,-2.793491,14.923658,-1.1658107,-2.8506725,-8.444205,1
2.0,2,-2.151606,-2.793491,14.923658,-1.1658107,-2.8506725,-8.444205,1
2.0,2,-2.151606,-2.793491,14.923658,-1.1658107,-2.8506725,-8.444205,1
2.0,2,-2.151606,-2.793491,14.923658,-1.1658107,-2.8506725,-8.444205,1
3.0,3,-0.8444311,-1.2799627,-2.1085937,13.382775,-5.161405,-2.3702111,1
3.0,3,-0.8444311,-1.2799627,-2.1085937,13.382775,-5.161405,-2.3702111,1
3.0,3,-0.8444311,-1.2799627,-2.1085937,13.382775,-5.161405,-2.3702111,1
3.0,3,-0.8444311,-1.2799627,-2.1085937,13.382775,-5.161405,-2.3702111,1
3.0,3,-0.8444311,-1.2799627,-2.1085937,13.382775,-5.161405,-2.3702111,1
3.0,3,-0.8444311,-1.2799627,-2.1085937,13.382775,-5.161405,-2.3702111,1
4.0,4,-1.0158331,1.0094129,-6.687585,-6.995762,10.035586,-2.4600267,1
4.0,4,-1.0158144,1.0094837,-6.6876564,-6.9957395,10.035544,-2.4599967,1
4.0,4,-1.015843,1.0096446,-6.6877856,-6.9956164,10.035438,-2.4598868,1
4.0,4,-1.0157471,1.0095874,-6.6877446,-6.995694,10.03546,-2.45999,1
4.0,4,-1.0157132,1.0095137,-6.6876445,-6.995781,10.035506,-2.4600933,1
4.0,4,-1.0157081,1.009417,-6.687569,-6.995776,10.035533,-2.460132,1
1.0,1,-1.0692252,9.31135,-5.1569214,-3.8876083,0.91655266,-2.687245,1
1.0,1,-1.0692258,9.311347,-5.156919,-3.8876092,0.91655505,-2.6872468,1
1.0,1,-1.0692258,9.311347,-5.156919,-3.8876092,0.91655505,-2.6872468,1
1.0,1,-1.0692258,9.311347,-5.156919,-3.8876092,0.91655505,-2.6872468,1
1.0,1,-1.0692258,9.311347,-5.156919,-3.8876092,0.91655505,-2.6872468,1
1.0,1,-1.0692258,9.311347,-5.156919,-3.8876092,0.91655505,-2.6872468,1
2.0,2,-2.1400852,-2.8011465,14.92143,-1.1601223,-2.852757,-8.452438,1
2.0,2,-2.1400852,-2.8011465,14.92143,-1.1601223,-2.852757,-8.452438,1
2.0,2,-2.1400852,-2.8011465,14.92143,-1.1601223,-2.852757,-8.452438,1
2.0,2,-2.1400852,-2.8011465,14.92143,-1.1601223,-2.852757,-8.452438,1
2.0,2,-2.1400852,-2.8011465,14.92143,-1.1601223,-2.852757,-8.452438,1
2.0,2,-2.1400852,-2.8011465,14.92143,-1.1601223,-2.852757,-8.452438,1
4.0,4,-0.61215776,-0.029590964,-6.0104256,-7.195158,10.178016,-2.794857,1
4.0,4,-0.61215776,-0.029590964,-6.0104256,-7.195158,10.178016,-2.794857,1
4.0,4,-0.61215776,-0.029590964,-6.0104256,-7.195158,10.178016,-2.794857,1
4.0,4,-0.61215776,-0.029590964,-6.0104256,-7.195158,10.178016,-2.794857,1
4.0,4,-0.61215776,-0.029590964,-6.0104256,-7.195158,10.178016,-2.794857,1
4.0,4,-0.61215776,-0.029590964,-6.0104256,-7.195158,10.178016,-2.794857,1
4.0,4,-0.7332824,-0.52155316,-5.255801,-6.8735957,9.836012,-2.6160994,1
4.0,4,-0.73348874,-0.5214366,-5.255876,-6.8735313,9.835963,-2.615748,1
4.0,4,-0.73306686,-0.52155244,-5.255466,-6.8740344,9.83618,-2.6168587,1
4.0,4,-0.73320895,-0.52139914,-5.255428,-6.873792,9.835892,-2.6165457,1
4.0,4,-0.733033,-0.52126086,-5.255321,-6.873903,9.835839,-2.6169872,1
4.0,4,-0.73309284,-0.52143013,-5.2554345,-6.873847,9.835935,-2.6167212,1
5.0,5,-6.056269,0.9884838,-7.0282264,-1.338337,1.5862849,16.148994,1
5.0,5,-6.0562634,0.98850024,-7.0282984,-1.3382978,1.5862559,16.149067,1
5.0,5,-6.056255,0.9884888,-7.028293,-1.3383164,1.5862703,16.149055,1
5.0,5,-6.0562654,0.9884931,-7.0282693,-1.3383287,1.5862823,16.149029,1
5.0,5,-6.056257,0.9884831,-7.0282693,-1.3383214,1.5862727,16.149035,1
5.0,5,-6.056249,0.9884802,-7.0282726,-1.3383231,1.586271,16.149036,1
1.0,1,-1.3055356,10.097762,-5.2680182,-3.9909706,0.62324095,-2.4430704,1
1.0,1,-1.3055356,10.097762,-5.2680182,-3.9909706,0.62324095,-2.4430704,1
1.0,1,-1.3055356,10.097762,-5.2680182,-3.9909706,0.62324095,-2.4430704,1
1.0,1,-1.3055356,10.097762,-5.2680182,-3.9909706,0.62324095,-2.4430704,1
1.0,1,-1.3055356,10.097762,-5.2680182,-3.9909706,0.62324095,-2.4430704,1
1.0,1,-1.3055356,10.097762,-5.2680182,-3.9909706,0.62324095,-2.4430704,1
2.0,2,-2.1670885,-2.7888002,14.91023,-1.1454368,-2.8609505,-8.410188,1
2.0,2,-2.1670885,-2.7888002,14.91023,-1.1454368,-2.8609505,-8.410188,1
2.0,2,-2.1670885,-2.7888002,14.91023,-1.1454368,-2.8609505,-8.410188,1
2.0,2,-2.1670885,-2.7888002,14.91023,-1.1454368,-2.8609505,-8.410188,1
2.0,2,-2.1670885,-2.7888002,14.91023,-1.1454368,-2.8609505,-8.410188,1
2.0,2,-2.1670885,-2.7888002,14.91023,-1.1454368,-2.8609505,-8.410188,1
4.0,4,0.19869666,0.013318956,-5.71232,-8.06298,10.401457,-3.960247,1
4.0,4,0.19907193,0.014198422,-5.7129016,-8.062914,10.400944,-3.9601526,1
4.0,4,0.19863264,0.014397085,-5.7134566,-8.062807,10.401077,-3.959396,1
4.0,4,0.19955663,0.014203727,-5.713385,-8.062809,10.400749,-3.960011,1
4.0,4,0.19957082,0.0138555765,-5.712778,-8.06271,10.400641,-3.96039,1
4.0,4,0.2008764,0.014593184,-5.713033,-8.063104,10.399944,-3.961269,1
3.0,3,-0.48267466,-0.9993733,-2.483584,13.249886,-5.2333665,-2.4328141,1
3.0,3,-0.48267466,-0.9993733,-2.483584,13.249886,-5.2333665,-2.4328141,1
3.0,3,-0.48267466,-0.9993733,-2.483584,13.249886,-5.2333665,-2.4328141,1
3.0,3,-0.48267466,-0.9993733,-2.483584,13.249886,-5.2333665,-2.4328141,1
3.0,3,-0.48267466,-0.9993733,-2.483584,13.249886,-5.2333665,-2.4328141,1
3.0,3,-0.48267466,-0.9993733,-2.483584,13.249886,-5.2333665,-2.4328141,1
4.0,4,0.814017,0.59038943,-5.9669895,-7.7804275,9.676683,-4.1785226,1
4.0,4,0.814017,0.59038943,-5.9669895,-7.7804275,9.676683,-4.1785226,1
4.0,4,0.814017,0.59038943,-5.9669895,-7.7804275,9.676683,-4.1785226,1
4.0,4,0.814017,0.59038943,-5.9669895,-7.7804275,9.676683,-4.1785226,1
4.0,4,0.814017,0.59038943,-5.9669895,-7.7804275,9.676683,-4.1785226,1
4.0,4,0.814017,0.59038943,-5.9669895,-7.7804275,9.676683,-4.1785226,1
5.0,5,-6.067368,1.0125386,-7.038078,-1.3549488,1.6106904,16.133768,1
5.0,5,-6.067366,1.0125424,-7.0380836,-1.3549535,1.6106923,16.13377,1
5.0,5,-6.067365,1.0125395,-7.0380836,-1.3549492,1.6106884,16.133774,1
5.0,5,-6.067367,1.0125438,-7.0380836,-1.3549559,1.6106932,16.133772,1
5.0,5,-6.067369,1.0125405,-7.038082,-1.3549485,1.6106894,16.133772,1
5.0,5,-6.067368,1.0125426,-7.0380793,-1.354954,1.6106927,16.133766,1
0.0,0,12.448167,-1.3160514,-4.8421597,-2.2006347,-0.45853904,-10.245897,1
0.0,0,12.448167,-1.3160514,-4.8421597,-2.2006347,-0.45853904,-10.245897,1
0.0,0,12.448167,-1.3160514,-4.8421597,-2.2006347,-0.45853904,-10.245897,1
0.0,0,12.448167,-1.3160514,-4.8421597,-2.2006347,-0.45853904,-10.245897,1
0.0,0,12.448167,-1.3160514,-4.8421597,-2.2006347,-0.45853904,-10.245897,1
0.0,0,12.448167,-1.3160514,-4.8421597,-2.2006347,-0.45853904,-10.245897,1
4.0,4,0.18187396,0.24803299,-5.550681,-7.163631,9.617436,-3.9733057,1
4.0,4,0.18194275,0.24805313,-5.550758,-7.1637554,9.617504,-3.9733338,1
4.0,4,0.18170135,0.24777168,-5.5505486,-7.1634955,9.617506,-3.9732337,1
4.0,4,0.18182783,0.24795574,-5.5505953,-7.163444,9.617323,-3.973297,1
4.0,4,0.18177895,0.2479806,-5.5506225,-7.163481,9.617359,-3.9732723,1
4.0,4,0.18149726,0.24776947,-5.5504436,-7.163356,9.617452,-3.9731688,1
4.0,0,11.831491,-1.1697766,-4.8880124,-2.1498888,-0.20735201,-9.912305,0
4.0,0,11.831577,-1.1696402,-4.887988,-2.149732,-0.2075719,-9.912423,0
4.0,0,11.831524,-1.1698443,-4.887964,-2.1498916,-0.20734951,-9.91236,0
4.0,0,11.831851,-1.1697687,-4.8879595,-2.1497607,-0.20765188,-9.912572,0
4.0,0,11.831583,-1.1695138,-4.887983,-2.1496563,-0.20768157,-9.91248,0
4.0,0,11.83138,-1.1696275,-4.887997,-2.1497836,-0.207436,-9.912298,0
2.0,2,-2.145446,-2.781083,14.900505,-1.1477677,-2.87639,-8.424583,1
2.0,2,-2.145446,-2.781083,14.900505,-1.1477677,-2.87639,-8.424583,1
2.0,2,-2.145446,-2.781083,14.900505,-1.1477677,-2.87639,-8.424583,1
2.0,2,-2.145446,-2.781083,14.900505,-1.1477677,-2.87639,-8.424583,1
2.0,2,-2.145446,-2.781083,14.900505,-1.1477677,-2.87639,-8.424583,1
2.0,2,-2.145446,-2.781083,14.900505,-1.1477677,-2.87639,-8.424583,1
2.0,2,-2.1361792,-2.8139873,14.9128275,-1.1493264,-2.842924,-8.452707,1
2.0,2,-2.1361792,-2.8139873,14.9128275,-1.1493264,-2.842924,-8.452707,1
2.0,2,-2.1361792,-2.8139873,14.9128275,-1.1493264,-2.842924,-8.452707,1
2.0,2,-2.1361792,-2.8139873,14.9128275,-1.1493264,-2.842924,-8.452707,1
2.0,2,-2.1361792,-2.8139873,14.9128275,-1.1493264,-2.842924,-8.452707,1
2.0,2,-2.1361792,-2.8139873,14.9128275,-1.1493264,-2.842924,-8.452707,1
5.0,5,-6.0798616,1.0044247,-7.0292296,-1.2999167,1.5739994,16.155502,1
5.0,5,-6.0798597,1.0044254,-7.0292344,-1.2999197,1.5740048,16.155499,1
5.0,5,-6.079859,1.004424,-7.0292306,-1.2999194,1.5740051,16.155493,1
5.0,5,-6.079856,1.0044223,-7.0292296,-1.2999184,1.5740001,16.155497,1
5.0,5,-6.079857,1.0044192,-7.0292172,-1.2999237,1.5740092,16.155478,1
5.0,5,-6.0798593,1.0044223,-7.0292296,-1.2999167,1.5739999,16.155499,1
4.0,4,0.61829835,-0.31110036,-5.1671786,-6.9743714,9.389541,-4.3970194,1
4.0,4,0.61849016,-0.31093013,-5.1673765,-6.974119,9.389206,-4.3969727,1
4.0,4,0.61849135,-0.31102693,-5.16725,-6.974088,9.389209,-4.397033,1
4.0,4,0.6188193,-0.31098878,-5.1671433,-6.9737577,9.3887205,-4.3973365,1
4.0,4,0.61887103,-0.3108498,-5.1672463,-6.973688,9.388599,-4.3973246,1
4.0,4,0.618478,-0.31096852,-5.167196,-6.9740534,9.38914,-4.3971357,1
5.0,5,-6.0708547,0.9888371,-7.009909,-1.3301339,1.5899572,16.132786,1
5.0,5,-6.0707664,0.988768,-7.009985,-1.3300133,1.5898379,16.132877,1
5.0,5,-6.0708632,0.9888395,-7.00995,-1.3302546,1.5900813,16.132774,1
5.0,5,-6.0707555,0.9887692,-7.0099125,-1.3302528,1.5900391,16.132704,1
5.0,5,-6.070762,0.9887692,-7.0100107,-1.3301022,1.5899427,16.132833,1
5.0,5,-6.0707793,0.98879516,-7.010105,-1.3299383,1.5897808,16.133036,1
4.0,4,-0.13590129,-0.92684805,-4.9348407,-7.101556,9.943019,-3.482335,1
4.0,4,-0.13580664,-0.92690694,-4.9347224,-7.101457,9.942898,-3.482441,1
4.0,4,-0.13588674,-0.92681384,-4.9348054,-7.1015434,9.942995,-3.482432,1
4.0,4,-0.13573487,-0.92694473,-4.934633,-7.1016493,9.943042,-3.4827337,1
4.0,4,-0.13571747,-0.9269184,-4.934557,-7.101882,9.943209,-3.4829755,1
4.0,4,-0.13586886,-0.9267311,-4.934829,-7.1019497,9.943294,-3.48273,1
4.0,4,-0.35987383,0.39797997,-6.053669,-7.1758876,9.871666,-3.1388383,1
4.0,4,-0.3591004,0.3980235,-6.053869,-7.176063,9.871484,-3.139237,1
4.0,4,-0.35946625,0.39841425,-6.0540166,-7.1756215,9.871079,-3.1387649,1
4.0,4,-0.3595912,0.39849305,-6.053992,-7.1758494,9.871322,-3.1388755,1
4.0,4,-0.35948223,0.39862,-6.0542765,-7.1759405,9.871343,-3.1387396,1
4.0,4,-0.36070436,0.39745736,-6.053263,-7.1758375,9.872108,-3.138474,1
2.0,2,-2.1430063,-2.7997546,14.92107,-1.1549119,-2.8584547,-8.445167,1
2.0,2,-2.1430063,-2.7997546,14.92107,-1.1549119,-2.8584547,-8.445167,1
2.0,2,-2.1430063,-2.7997546,14.92107,-1.1549119,-2.8584547,-8.445167,1
2.0,2,-2.1430063,-2.7997546,14.92107,-1.1549119,-2.8584547,-8.445167,1
2.0,2,-2.1430063,-2.7997546,14.92107,-1.1549119,-2.8584547,-8.445167,1
2.0,2,-2.1430063,-2.7997546,14.92107,-1.1549119,-2.8584547,-8.445167,1
4.0,4,-0.42873484,0.7061306,-6.360009,-6.799619,9.66825,-3.0163202,1
4.0,4,-0.42874032,0.706126,-6.3600082,-6.7996264,9.668259,-3.0163164,1
4.0,4,-0.42874223,0.70612395,-6.360008,-6.7996283,9.6682625,-3.016316,1
4.0,4,-0.42874223,0.70612395,-6.360008,-6.7996283,9.6682625,-3.016316,1
4.0,4,-0.42874068,0.706123,-6.3600035,-6.799626,9.66826,-3.0163202,1
4.0,4,-0.42874223,0.70612395,-6.360008,-6.7996283,9.6682625,-3.016316,1
3.0,3,-0.6440138,-0.804397,-2.7516003,13.145079,-5.084862,-2.256535,1
3.0,3,-0.6440138,-0.804397,-2.7516003,13.145079,-5.084862,-2.256535,1
3.0,3,-0.6440138,-0.804397,-2.7516003,13.145079,-5.084862,-2.256535,1
3.0,3,-0.6440138,-0.804397,-2.7516003,13.145079,-5.084862,-2.256535,1
3.0,3,-0.6440138,-0.804397,-2.7516003,13.145079,-5.084862,-2.256535,1
3.0,3,-0.6440138,-0.804397,-2.7516003,13.145079,-5.084862,-2.256535,1
3.0,3,-0.62257785,-0.74392855,-2.7657955,13.115225,-5.081263,-2.2990513,1
3.0,3,-0.62257785,-0.74392855,-2.7657955,13.115225,-5.081263,-2.2990513,1
3.0,3,-0.62257785,-0.74392855,-2.7657955,13.115225,-5.081263,-2.2990513,1
3.0,3,-0.62257785,-0.74392855,-2.7657955,13.115225,-5.081263,-2.2990513,1
3.0,3,-0.62257785,-0.74392855,-2.7657955,13.115225,-5.081263,-2.2990513,1
3.0,3,-0.62257785,-0.74392855,-2.7657955,13.115225,-5.081263,-2.2990513,1
3.0,3,-0.7217937,-0.7102642,-2.5685601,12.865972,-4.845472,-2.4863706,1
3.0,3,-0.7217937,-0.7102642,-2.5685601,12.865972,-4.845472,-2.4863706,1
3.0,3,-0.7217937,-0.7102642,-2.5685601,12.865972,-4.845472,-2.4863706,1
3.0,3,-0.7217937,-0.7102642,-2.5685601,12.865972,-4.845472,-2.4863706,1
3.0,3,-0.7217937,-0.7102642,-2.5685601,12.865972,-4.845472,-2.4863706,1
3.0,3,-0.7217937,-0.7102642,-2.5685601,12.865972,-4.845472,-2.4863706,1
2.0,2,-2.1544607,-2.8048263,14.827812,-1.0865368,-2.869062,-8.345758,1
2.0,2,-2.1544607,-2.8048263,14.827812,-1.0865368,-2.869062,-8.345758,1
2.0,2,-2.1544607,-2.8048263,14.827812,-1.0865368,-2.869062,-8.345758,1
2.0,2,-2.1544607,-2.8048263,14.827812,-1.0865368,-2.869062,-8.345758,1
2.0,2,-2.1544607,-2.8048263,14.827812,-1.0865368,-2.869062,-8.345758,1
2.0,2,-2.1544607,-2.8048263,14.827812,-1.0865368,-2.869062,-8.345758,1
4.0,4,-0.05974312,-0.23053086,-5.2470627,-7.8481216,10.337061,-4.0121775,1
4.0,4,-0.05974622,-0.23052323,-5.2470703,-7.8481236,10.337061,-4.0121727,1
4.0,4,-0.059727743,-0.2305398,-5.2470317,-7.8481045,10.337038,-4.012206,1
4.0,4,-0.059739783,-0.23053205,-5.2470627,-7.848125,10.337062,-4.0121803,1
4.0,4,-0.05975409,-0.23051655,-5.2470717,-7.848127,10.337063,-4.012166,1
4.0,4,-0.059748724,-0.23052347,-5.2470717,-7.848125,10.337065,-4.0121703,1
4.0,4,-0.111779645,0.11801034,-5.6315455,-7.632938,10.169353,-3.770152,1
4.0,4,-0.11184819,0.11798608,-5.6315365,-7.632967,10.169397,-3.7701035,1
4.0,4,-0.111808494,0.11786437,-5.63139,-7.6328454,10.169325,-3.7701726,1
4.0,4,-0.11168976,0.11795658,-5.631516,-7.632985,10.169372,-3.7702327,1
4.0,4,-0.11197932,0.11787027,-5.631421,-7.632866,10.169435,-3.7700515,1
4.0,4,-0.1117806,0.11791241,-5.6314445,-7.6328797,10.169339,-3.7701669,1
5.0,5,-5.879111,1.3416913,-6.7848306,-1.8512173,1.8808959,15.168124,1
5.0,5,-5.8786063,1.342281,-6.784557,-1.8522885,1.8815488,15.166227,1
5.0,5,-5.878695,1.342515,-6.784312,-1.8528934,1.8820573,15.165532,1
5.0,5,-5.878833,1.3421407,-6.784581,-1.8520169,1.8814015,15.166775,1
5.0,5,-5.878659,1.3422347,-6.7845974,-1.8520947,1.8814061,15.166453,1
5.0,5,-5.8784165,1.3427869,-6.784172,-1.8533885,1.8823667,15.164539,1
4.0,4,0.6119612,0.14179862,-5.838666,-7.4525285,9.688225,-3.9916596,1
4.0,4,0.62229913,0.1440643,-5.8393736,-7.4526854,9.682103,-3.9980478,1
4.0,4,0.6372214,0.149275,-5.843845,-7.4527855,9.672942,-4.004454,1
4.0,4,0.63901407,0.14850527,-5.842397,-7.4530215,9.672204,-4.0067387,1
4.0,4,0.64678067,0.15398479,-5.8463864,-7.454544,9.667894,-4.0102625,1
4.0,4,0.6360088,0.14611727,-5.840009,-7.4540353,9.675011,-4.006623,1
3.0,3,-0.5412943,-1.1438845,-2.2937212,13.296252,-5.261516,-2.4314547,1
3.0,3,-0.5412943,-1.1438845,-2.2937212,13.296252,-5.261516,-2.4314547,1
3.0,3,-0.5412943,-1.1438845,-2.2937212,13.296252,-5.261516,-2.4314547,1
3.0,3,-0.5412943,-1.1438845,-2.2937212,13.296252,-5.261516,-2.4314547,1
3.0,3,-0.5412943,-1.1438845,-2.2937212,13.296252,-5.261516,-2.4314547,1
3.0,3,-0.5412943,-1.1438845,-2.2937212,13.296252,-5.261516,-2.4314547,1
3.0,3,-0.733309,-1.0320498,-2.5149584,13.264997,-5.099275,-2.2787166,1
3.0,3,-0.733309,-1.0320498,-2.5149584,13.264997,-5.099275,-2.2787166,1
3.0,3,-0.733309,-1.0320498,-2.5149584,13.264997,-5.099275,-2.2787166,1
3.0,3,-0.733309,-1.0320498,-2.5149584,13.264997,-5.099275,-2.2787166,1
3.0,3,-0.733309,-1.0320498,-2.5149584,13.264997,-5.099275,-2.2787166,1
3.0,3,-0.733309,-1.0320498,-2.5149584,13.264997,-5.099275,-2.2787166,1
2.0,2,-2.1455688,-2.7959232,14.914897,-1.1403911,-2.872665,-8.429458,1
2.0,2,-2.1455688,-2.7959232,14.914897,-1.1403911,-2.872665,-8.429458,1
2.0,2,-2.1455688,-2.7959232,14.914897,-1.1403911,-2.872665,-8.429458,1
2.0,2,-2.1455688,-2.7959232,14.914897,-1.1403911,-2.872665,-8.429458,1
2.0,2,-2.1455688,-2.7959232,14.914897,-1.1403911,-2.872665,-8.429458,1
2.0,2,-2.1455688,-2.7959232,14.914897,-1.1403911,-2.872665,-8.429458,1
2.0,2,-2.1409843,-2.800212,14.922311,-1.1639965,-2.8496227,-8.45443,1
2.0,2,-2.1409845,-2.8002129,14.922309,-1.1639961,-2.849622,-8.454428,1
2.0,2,-2.1409843,-2.800212,14.922311,-1.1639965,-2.8496227,-8.45443,1
2.0,2,-2.1409843,-2.800212,14.922311,-1.1639965,-2.8496227,-8.45443,1
2.0,2,-2.1409843,-2.800212,14.922311,-1.1639965,-2.8496227,-8.45443,1
2.0,2,-2.1409843,-2.800212,14.922311,-1.1639967,-2.8496227,-8.45443,1
3.0,3,-0.76293963,-1.2120172,-2.349594,13.404146,-5.1246495,-2.3419232,1
3.0,3,-0.7629326,-1.2120115,-2.3495998,13.404142,-5.1246505,-2.3419256,1
3.0,3,-0.7629326,-1.2120115,-2.3495998,13.404142,-5.1246505,-2.3419256,1
3.0,3,-0.76293963,-1.2120172,-2.349594,13.404146,-5.1246495,-2.3419232,1
3.0,3,-0.7629394,-1.2120162,-2.3495953,13.404145,-5.124649,-2.3419228,1
3.0,3,-0.7629326,-1.2120115,-2.3495998,13.404142,-5.1246505,-2.3419256,1
4.0,4,-1.0937746,0.46124506,-6.070744,-7.661306,10.578541,-2.9065871,1
4.0,4,-1.0938123,0.46128714,-6.070785,-7.6612916,10.57854,-2.906538,1
4.0,4,-1.0938063,0.46130478,-6.0707717,-7.661266,10.578508,-2.90655,1
4.0,4,-1.093781,0.4612739,-6.0707507,-7.661278,10.578514,-2.9065776,1
4.0,4,-1.0937868,0.4612255,-6.0707,-7.6612864,10.578529,-2.9065995,1
4.0,4,-1.0937717,0.46124923,-6.070737,-7.661293,10.578528,-2.9065924,1
3.0,3,-0.57149297,-1.0329703,-2.4804423,13.246554,-5.1877294,-2.361145,1
3.0,3,-0.57149297,-1.0329703,-2.4804423,13.246554,-5.1877294,-2.361145,1
3.0,3,-0.57149297,-1.0329703,-2.4804423,13.246554,-5.1877294,-2.361145,1
3.0,3,-0.57149297,-1.0329703,-2.4804423,13.246554,-5.1877294,-2.361145,1
3.0,3,-0.57149297,-1.0329703,-2.4804423,13.246554,-5.1877294,-2.361145,1
3.0,3,-0.57149297,-1.0329703,-2.4804423,13.246554,-5.1877294,-2.361145,1
1.0,1,-1.677894,9.586663,-4.551968,-3.5623472,0.40413788,-2.2199774,1
1.0,1,-1.6779789,9.586627,-4.5519543,-3.5623963,0.40422127,-2.2199087,1
1.0,1,-1.6779221,9.586564,-4.552071,-3.5623848,0.4042963,-2.2199235,1
1.0,1,-1.6777827,9.586537,-4.5522013,-3.5623345,0.4042137,-2.219841,1
1.0,1,-1.6779613,9.586556,-4.55187,-3.562299,0.4041144,-2.2198963,1
1.0,1,-1.6779102,9.586615,-4.551951,-3.5623515,0.40414986,-2.2199345,1
2.0,2,-2.1539938,-2.7966166,14.9064865,-1.1124879,-2.8872228,-8.403607,1
2.0,2,-2.1539938,-2.7966166,14.9064865,-1.1124879,-2.8872228,-8.403607,1
2.0,2,-2.1539938,-2.7966166,14.9064865,-1.1124879,-2.8872228,-8.403607,1
2.0,2,-2.1539938,-2.7966166,14.9064865,-1.1124879,-2.8872228,-8.403607,1
2.0,2,-2.1539938,-2.7966166,14.9064865,-1.1124879,-2.8872228,-8.403607,1
2.0,2,-2.1539938,-2.7966166,14.9064865,-1.1124879,-2.8872228,-8.403607,1
4.0,4,-0.6754052,0.86826205,-5.130809,-6.224583,7.9386015,-2.3947453,1
4.0,4,-0.6769442,0.8691329,-5.1305428,-6.2250843,7.939474,-2.3949156,1
4.0,4,-0.6766867,0.8687109,-5.130497,-6.225306,7.9397874,-2.3951206,1
4.0,4,-0.6773531,0.86974204,-5.13038,-6.225272,7.9390745,-2.3944921,1
4.0,4,-0.6762883,0.86867595,-5.130253,-6.2252707,7.939213,-2.3951993,1
4.0,4,-0.67682844,0.8695406,-5.130276,-6.225215,7.9384317,-2.3940501,1
3.0,3,-0.6092363,-0.745309,-2.7737622,13.119832,-5.0890455,-2.2987804,1
3.0,3,-0.6092363,-0.745309,-2.7737622,13.119832,-5.0890455,-2.2987804,1
3.0,3,-0.6092363,-0.745309,-2.7737622,13.119832,-5.0890455,-2.2987804,1
3.0,3,-0.6092363,-0.745309,-2.7737622,13.119832,-5.0890455,-2.2987804,1
3.0,3,-0.6092363,-0.745309,-2.7737622,13.119832,-5.0890455,-2.2987804,1
3.0,3,-0.6092363,-0.745309,-2.7737622,13.119832,-5.0890455,-2.2987804,1
2.0,2,-2.155898,-2.8070521,14.84515,-1.1073048,-2.8554862,-8.363767,1
2.0,2,-2.155898,-2.8070521,14.84515,-1.1073048,-2.8554862,-8.363767,1
2.0,2,-2.155898,-2.8070521,14.84515,-1.1073048,-2.8554862,-8.363767,1
2.0,2,-2.155898,-2.8070521,14.84515,-1.1073048,-2.8554862,-8.363767,1
2.0,2,-2.155898,-2.8070521,14.84515,-1.1073048,-2.8554862,-8.363767,1
2.0,2,-2.155898,-2.8070521,14.84515,-1.1073048,-2.8554862,-8.363767,1
2.0,2,-2.1452491,-2.7801695,14.900357,-1.149169,-2.8759906,-8.425442,1
2.0,2,-2.1452491,-2.7801695,14.900357,-1.149169,-2.8759906,-8.425442,1
2.0,2,-2.1452491,-2.7801695,14.900357,-1.149169,-2.8759906,-8.425442,1
2.0,2,-2.1452491,-2.7801695,14.900357,-1.149169,-2.8759906,-8.425442,1
2.0,2,-2.1452491,-2.7801695,14.900357,-1.149169,-2.8759906,-8.425442,1
2.0,2,-2.1452491,-2.7801695,14.900357,-1.149169,-2.8759906,-8.425442,1
2.0,2,-2.1449375,-2.799612,14.919924,-1.1497091,-2.8622656,-8.439374,1
2.0,2,-2.1449375,-2.799612,14.919924,-1.1497091,-2.8622656,-8.439374,1
2.0,2,-2.1449375,-2.799612,14.919924,-1.1497091,-2.8622656,-8.439374,1
2.0,2,-2.1449375,-2.799612,14.919924,-1.1497091,-2.8622656,-8.439374,1
2.0,2,-2.1449375,-2.799612,14.919924,-1.1497091,-2.8622656,-8.439374,1
2.0,2,-2.1449375,-2.799612,14.919924,-1.1497091,-2.8622656,-8.439374,1
3.0,3,-0.6222972,-0.6765803,-2.831161,13.076929,-5.0677624,-2.27838,1
3.0,3,-0.6222972,-0.6765803,-2.831161,13.076929,-5.0677624,-2.27838,1
3.0,3,-0.6222972,-0.6765803,-2.831161,13.076929,-5.0677624,-2.27838,1
3.0,3,-0.6222972,-0.6765803,-2.831161,13.076929,-5.0677624,-2.27838,1
3.0,3,-0.6222972,-0.6765803,-2.831161,13.076929,-5.0677624,-2.27838,1
3.0,3,-0.6222972,-0.6765803,-2.831161,13.076929,-5.0677624,-2.27838,1
3.0,3,-0.5456653,-0.5919324,-2.9202638,13.020295,-5.084293,-2.2772822,1
3.0,3,-0.5457639,-0.59187675,-2.9203172,13.02025,-5.0842357,-2.2772064,1
3.0,3,-0.54574305,-0.59186625,-2.920321,13.020244,-5.0842404,-2.2772207,1
3.0,3,-0.5456775,-0.5919498,-2.9202533,13.020305,-5.084287,-2.2772782,1
3.0,3,-0.54573935,-0.5919329,-2.9202552,13.020288,-5.0842576,-2.2772484,1
3.0,3,-0.5457435,-0.59190524,-2.9202814,13.020263,-5.084242,-2.2772398,1
1.0,1,-1.0791655,9.690075,-5.3751173,-4.154724,1.0376078,-2.6752431,1
1.0,1,-1.0791655,9.690075,-5.3751173,-4.154724,1.0376078,-2.6752431,1
1.0,1,-1.0791655,9.690075,-5.3751173,-4.154724,1.0376078,-2.6752431,1
1.0,1,-1.0791655,9.690075,-5.3751173,-4.154724,1.0376078,-2.6752431,1
1.0,1,-1.0791655,9.690075,-5.3751173,-4.154724,1.0376078,-2.6752431,1
1.0,1,-1.0791655,9.690075,-5.3751173,-4.154724,1.0376078,-2.6752431,1
4.0,4,0.35958594,-0.19454932,-5.7494607,-7.4034233,9.898126,-3.6917048,1
4.0,4,0.36069983,-0.19400907,-5.749885,-7.403196,9.897248,-3.692109,1
4.0,4,0.3604043,-0.19361866,-5.750169,-7.403616,9.897638,-3.69203,1
4.0,4,0.36062092,-0.19362509,-5.7502112,-7.403356,9.897338,-3.6920223,1
4.0,4,0.36098236,-0.1933235,-5.7504463,-7.4032254,9.896979,-3.6921134,1
4.0,4,0.35962003,-0.19434655,-5.7496104,-7.403475,9.8981,-3.691699,1
4.0,4,-0.8870668,-0.013100028,-5.93804,-7.3589635,10.395811,-2.7399106,1
4.0,4,-0.88721246,-0.012701631,-5.938457,-7.358854,10.395674,-2.7394047,1
4.0,4,-0.8866289,-0.013190985,-5.9376597,-7.359499,10.395912,-2.7406218,1
4.0,4,-0.88793486,-0.012590528,-5.938535,-7.358787,10.395839,-2.7388003,1
4.0,4,-0.8872524,-0.012636542,-5.9383235,-7.3591976,10.395858,-2.7397304,1
4.0,4,-0.88662463,-0.012900829,-5.9380507,-7.3592453,10.395683,-2.740354,1
3.0,3,-0.7494466,-1.224507,-2.3299823,13.415818,-5.132148,-2.3664327,1
3.0,3,-0.74946016,-1.2244993,-2.3299866,13.415813,-5.1321397,-2.3664262,1
3.0,3,-0.74942523,-1.224497,-2.3299828,13.4158125,-5.132156,-2.3664517,1
3.0,3,-0.74949473,-1.2245446,-2.329956,13.415837,-5.1321316,-2.3664098,1
3.0,3,-0.7494368,-1.2244838,-2.3299966,13.415804,-5.132146,-2.3664405,1
3.0,3,-0.74945194,-1.2245046,-2.3299828,13.415816,-5.1321435,-2.3664322,1
0.0,0,8.319356,0.009278536,-5.3666215,-3.8557203,2.6270983,-8.4387865,1
0.0,0,8.328956,0.0051318407,-5.3644147,-3.8524854,2.6206021,-8.443887,1
0.0,0,8.325334,0.0069664717,-5.36545,-3.8537002,2.6229677,-8.441912,1
0.0,0,8.318713,0.010779977,-5.3676763,-3.8558316,2.6271217,-8.438158,1
0.0,0,8.321012,0.00966692,-5.367071,-3.855149,2.625661,-8.439418,1
0.0,0,8.310288,0.014119506,-5.3693647,-3.8586059,2.6328564,-8.433769,1
4.0,4,0.18859105,0.6244812,-5.944209,-7.9510193,10.037072,-3.9264827,1
4.0,4,0.18833606,0.6245069,-5.944215,-7.9512486,10.037343,-3.9263597,1
4.0,4,0.18879859,0.62485206,-5.9445624,-7.9513144,10.037102,-3.9265618,1
4.0,4,0.18793695,0.6244305,-5.9442906,-7.9515452,10.037857,-3.9260392,1
4.0,4,0.18729012,0.6240268,-5.943929,-7.951433,10.038143,-3.9257264,1
4.0,4,0.1878094,0.6246519,-5.944586,-7.9518414,10.038171,-3.9258657,1
2.0,2,-2.2505805,-2.7820063,14.8232565,-1.2239051,-2.7176046,-8.302746,1
2.0,2,-2.2505805,-2.7820063,14.8232565,-1.2239051,-2.7176046,-8.302746,1
2.0,2,-2.2505805,-2.7820063,14.8232565,-1.2239051,-2.7176046,-8.302746,1
2.0,2,-2.2505805,-2.7820063,14.8232565,-1.2239051,-2.7176046,-8.302746,1
2.0,2,-2.2505805,-2.7820063,14.8232565,-1.2239051,-2.7176046,-8.302746,1
2.0,2,-2.2505805,-2.7820063,14.8232565,-1.2239051,-2.7176046,-8.302746,1
4.0,4,0.6474591,0.5664886,-6.057224,-7.6156125,9.665397,-4.0104146,1
4.0,4,0.6476361,0.56662554,-6.0572796,-7.6156454,9.665282,-4.010525,1
4.0,4,0.64713293,0.566386,-6.0570188,-7.6156936,9.665642,-4.0103526,1
4.0,4,0.6475422,0.56646544,-6.0570707,-7.6155624,9.665295,-4.010558,1
4.0,4,0.64743537,0.5664515,-6.057043,-7.615604,9.665383,-4.0105214,1
4.0,4,0.64746183,0.566502,-6.057142,-7.6156507,9.665407,-4.0104833,1
0.0,4,1.0489293,1.7549529,-7.269506,-6.139036,7.8384814,-2.9902716,0
0.0,4,1.0489293,1.7549529,-7.269506,-6.139036,7.8384814,-2.9902716,0
0.0,4,1.0489293,1.7549529,-7.269506,-6.139036,7.8384814,-2.9902716,0
0.0,4,1.0489293,1.7549529,-7.269506,-6.139036,7.8384814,-2.9902716,0
0.0,4,1.0489293,1.7549529,-7.269506,-6.139036,7.8384814,-2.9902716,0
0.0,4,1.0489293,1.7549529,-7.269506,-6.139036,7.8384814,-2.9902716,0
0.0,0,12.547324,-1.3239385,-4.9283814,-2.261097,-0.4404157,-10.280293,1
0.0,0,12.547324,-1.3239385,-4.9283814,-2.261097,-0.4404157,-10.280293,1
0.0,0,12.547323,-1.3239387,-4.9283814,-2.2610972,-0.44041535,-10.280293,1
0.0,0,12.547324,-1.3239385,-4.9283814,-2.261097,-0.4404157,-10.280293,1
0.0,0,12.547324,-1.3239385,-4.9283814,-2.261097,-0.4404157,-10.280293,1
0.0,0,12.547324,-1.3239385,-4.9283814,-2.261097,-0.4404157,-10.280293,1
1.0,1,-1.4540876,9.822888,-5.1744914,-2.8612604,0.09035984,-2.2073736,1
1.0,1,-1.4540812,9.822892,-5.1744976,-2.861263,0.090358645,-2.2073736,1
1.0,1,-1.4540949,9.822887,-5.174483,-2.8612568,0.09036121,-2.207376,1
1.0,1,-1.4540974,9.822886,-5.174482,-2.8612556,0.09036115,-2.2073755,1
1.0,1,-1.4540875,9.822887,-5.174485,-2.8612604,0.090361625,-2.2073808,1
1.0,1,-1.4540942,9.822891,-5.1744995,-2.8612535,0.09035608,-2.207354,1
1.0,1,-1.4352282,9.631332,-4.751983,-4.14487,0.99335325,-2.8276348,1
1.0,1,-1.4349444,9.631151,-4.752158,-4.1447673,0.9933306,-2.827702,1
1.0,1,-1.4353147,9.631424,-4.751917,-4.1447344,0.9932052,-2.8275657,1
1.0,1,-1.435156,9.631411,-4.752109,-4.1445775,0.9930861,-2.8275132,1
1.0,1,-1.435017,9.63115,-4.7520895,-4.144744,0.99330235,-2.827674,1
1.0,1,-1.4350401,9.631341,-4.7521763,-4.144716,0.99320877,-2.8275843,1
3.0,3,-0.4793957,-0.8078846,-2.5743737,13.158296,-5.1426764,-2.5539656,1
3.0,3,-0.4793957,-0.8078846,-2.5743742,13.158296,-5.1426764,-2.5539656,1
3.0,3,-0.4793957,-0.8078846,-2.5743742,13.158296,-5.1426764,-2.5539656,1
3.0,3,-0.47939402,-0.80788314,-2.5743756,13.158294,-5.1426764,-2.5539665,1
3.0,3,-0.47939378,-0.80788314,-2.5743756,13.158294,-5.1426764,-2.5539665,1
3.0,3,-0.4793957,-0.8078846,-2.5743737,13.158296,-5.1426764,-2.5539656,1
3.0,3,-0.47414213,-0.8700286,-2.4511957,13.150807,-5.119061,-2.6511822,1
3.0,3,-0.47414213,-0.8700286,-2.4511957,13.150807,-5.119061,-2.6511822,1
3.0,3,-0.47414213,-0.8700286,-2.4511957,13.150807,-5.119061,-2.6511822,1
3.0,3,-0.47414213,-0.8700286,-2.4511957,13.150807,-5.119061,-2.6511822,1
3.0,3,-0.47414213,-0.8700286,-2.4511957,13.150807,-5.119061,-2.6511822,1
3.0,3,-0.47414213,-0.8700286,-2.4511957,13.150807,-5.119061,-2.6511822,1
5.0,5,-5.9843445,1.0851988,-6.8157163,-1.2848892,1.4343345,15.835422,1
5.0,5,-5.984363,1.0851935,-6.8157406,-1.2849033,1.4343624,15.83546,1
5.0,5,-5.984362,1.0851847,-6.815735,-1.284879,1.434344,15.835464,1
5.0,5,-5.984347,1.0851942,-6.815731,-1.2848892,1.4343395,15.835441,1
5.0,5,-5.98434,1.0852002,-6.8157115,-1.2848871,1.4343293,15.835414,1
5.0,5,-5.9843707,1.0851923,-6.8157353,-1.2848971,1.4343616,15.835464,1
0.0,4,5.1394916,-0.5878502,-5.1655374,-5.0173063,5.310993,-6.32097,0
0.0,4,5.138277,-0.5873469,-5.165923,-5.0177913,5.312,-6.320357,0
0.0,4,5.140565,-0.58829415,-5.1652966,-5.016986,5.310361,-6.3216825,0
0.0,4,5.137572,-0.5871147,-5.1661124,-5.0181546,5.3126345,-6.3199716,0
0.0,4,5.1372414,-0.5869502,-5.1661987,-5.0182395,5.312826,-6.31978,0
0.0,4,5.1356826,-0.5862887,-5.1666813,-5.018848,5.3139997,-6.3188467,0
4.0,4,0.97154623,0.60820544,-6.0987415,-7.459269,9.329033,-4.1030455,1
4.0,4,0.97138876,0.6081886,-6.0986686,-7.4593525,9.329175,-4.103023,1
4.0,4,0.9715952,0.60797995,-6.098573,-7.459288,9.329077,-4.103159,1
4.0,4,0.9715751,0.60804516,-6.0985885,-7.4592733,9.329049,-4.1031504,1
4.0,4,0.9712511,0.60806286,-6.098529,-7.4594355,9.329343,-4.1030436,1
4.0,4,0.97121567,0.6081191,-6.098576,-7.4593635,9.329292,-4.102975,1
4.0,4,0.39997596,0.6992003,-6.184707,-7.578962,9.70891,-3.720892,1
4.0,4,0.40018195,0.699162,-6.184614,-7.5790715,9.7088995,-3.7211204,1
4.0,4,0.4002306,0.6991166,-6.1846347,-7.5791297,9.708957,-3.7211637,1
4.0,4,0.40006322,0.69918513,-6.184624,-7.57912,9.708986,-3.7210708,1
4.0,4,0.40016896,0.69912535,-6.1845937,-7.5791097,9.708931,-3.7211547,1
4.0,4,0.40016645,0.6991421,-6.1846414,-7.579084,9.708922,-3.721107,1
2.0,2,-2.1409843,-2.800212,14.922311,-1.1639965,-2.8496227,-8.45443,1
2.0,2,-2.1409845,-2.8002129,14.922309,-1.1639961,-2.849622,-8.454428,1
2.0,2,-2.1409843,-2.800212,14.922311,-1.1639965,-2.8496227,-8.45443,1
2.0,2,-2.1409843,-2.800212,14.922311,-1.1639965,-2.8496227,-8.45443,1
2.0,2,-2.1409843,-2.800212,14.922311,-1.1639965,-2.8496227,-8.45443,1
2.0,2,-2.1409843,-2.800212,14.922311,-1.1639967,-2.8496227,-8.45443,1
0.0,0,12.55653,-1.2612568,-4.9225583,-2.3023815,-0.4330077,-10.336456,1
0.0,0,12.55654,-1.2612518,-4.922556,-2.302375,-0.43302092,-10.336462,1
0.0,0,12.556538,-1.2612551,-4.922563,-2.3023794,-0.43301186,-10.336457,1
0.0,0,12.556542,-1.2612578,-4.922555,-2.302378,-0.4330171,-10.336464,1
0.0,0,12.556546,-1.2612582,-4.9225545,-2.302376,-0.4330202,-10.336468,1
0.0,0,12.556546,-1.2612578,-4.922557,-2.3023705,-0.4330258,-10.336465,1
4.0,4,-0.5208319,-0.105933905,-4.94745,-7.157795,9.6354885,-3.4483867,1
4.0,4,-0.5196057,-0.106871486,-4.946918,-7.1574445,9.635006,-3.44936,1
4.0,4,-0.52075964,-0.1062392,-4.947843,-7.157752,9.635933,-3.4482384,1
4.0,4,-0.52073044,-0.10602629,-4.947736,-7.15763,9.635492,-3.448154,1
4.0,4,-0.52013785,-0.10676253,-4.9476233,-7.157754,9.635871,-3.4487047,1
4.0,4,-0.5202666,-0.10639191,-4.9475307,-7.1575723,9.635394,-3.4485793,1
3.0,3,-0.4587174,-0.32238877,-3.1369715,12.837965,-5.0588493,-2.2690082,1
3.0,3,-0.4587174,-0.32238877,-3.1369715,12.837965,-5.0588493,-2.2690082,1
3.0,3,-0.4587174,-0.32238877,-3.1369715,12.837965,-5.0588493,-2.2690082,1
3.0,3,-0.4587174,-0.32238877,-3.1369715,12.837965,-5.0588493,-2.2690082,1
3.0,3,-0.4587174,-0.32238877,-3.1369715,12.837965,-5.0588493,-2.2690082,1
3.0,3,-0.4587174,-0.32238877,-3.1369715,12.837965,-5.0588493,-2.2690082,1
4.0,4,0.28168446,0.77879924,-6.0203156,-7.5824637,9.729316,-3.8483448,1
4.0,4,0.28150135,0.77865183,-6.0201836,-7.5823884,9.729372,-3.8482795,1
4.0,4,0.28160518,0.7786335,-6.0202103,-7.5824504,9.729397,-3.8483481,1
4.0,4,0.28149945,0.77855444,-6.0201287,-7.5823646,9.729398,-3.8482957,1
4.0,4,0.28143877,0.7786556,-6.020202,-7.5824356,9.72944,-3.8482413,1
4.0,4,0.2816531,0.7787765,-6.020331,-7.582519,9.729395,-3.848321,1
4.0,4,-0.3909027,0.07865018,-5.7667174,-7.638066,10.3237505,-3.3915458,1
4.0,4,-0.3909027,0.07865018,-5.7667174,-7.638066,10.3237505,-3.3915458,1
4.0,4,-0.3909027,0.07865018,-5.7667174,-7.638066,10.3237505,-3.3915458,1
4.0,4,-0.3909027,0.07865018,-5.7667174,-7.638066,10.3237505,-3.3915458,1
4.0,4,-0.3909027,0.07865018,-5.7667174,-7.638066,10.3237505,-3.3915458,1
4.0,4,-0.3909027,0.07865018,-5.7667174,-7.638066,10.3237505,-3.3915458,1
0.0,0,12.453881,-1.1702179,-4.7826967,-2.3536508,-0.5507152,-10.242717,1
0.0,0,12.45388,-1.1702183,-4.782701,-2.3536568,-0.55070734,-10.242713,1
0.0,0,12.453877,-1.1702172,-4.7827005,-2.3536572,-0.55070686,-10.242711,1
0.0,0,12.453882,-1.1702191,-4.7826977,-2.3536518,-0.55071306,-10.242716,1
0.0,0,12.453881,-1.1702174,-4.7826967,-2.3536503,-0.5507159,-10.242716,1
0.0,0,12.453881,-1.1702179,-4.7826967,-2.3536508,-0.5507152,-10.242717,1
3.0,3,-0.3840571,-0.20175207,-3.2411342,12.770268,-5.0715823,-2.2797813,1
3.0,3,-0.3840571,-0.20175207,-3.2411342,12.770268,-5.0715823,-2.2797813,1
3.0,3,-0.3840571,-0.20175207,-3.2411342,12.770268,-5.0715823,-2.2797813,1
3.0,3,-0.3840571,-0.20175207,-3.2411342,12.770268,-5.0715823,-2.2797813,1
3.0,3,-0.3840571,-0.20175207,-3.2411342,12.770268,-5.0715823,-2.2797813,1
3.0,3,-0.3840571,-0.20175207,-3.2411342,12.770268,-5.0715823,-2.2797813,1
4.0,4,-0.22692616,-0.02003491,-5.608168,-7.691401,10.32692,-3.7457027,1
4.0,4,-0.22690316,-0.020097852,-5.6081047,-7.691457,10.32697,-3.7457514,1
4.0,4,-0.22706254,-0.02013588,-5.608137,-7.6915894,10.327166,-3.7456331,1
4.0,4,-0.22722776,-0.019970655,-5.6083074,-7.6916766,10.327288,-3.7454834,1
4.0,4,-0.2274359,-0.020026565,-5.6083264,-7.69177,10.3275,-3.7453356,1
4.0,4,-0.22734316,-0.019867063,-5.608517,-7.6916547,10.32733,-3.7452435,1
5.0,5,-6.07657,1.0059694,-7.031621,-1.327383,1.5951091,16.142117,1
5.0,5,-6.076571,1.005968,-7.031628,-1.327378,1.5951054,16.142128,1
5.0,5,-6.07657,1.0059668,-7.0316167,-1.3273851,1.5951124,16.14211,1
5.0,5,-6.0765758,1.005973,-7.031621,-1.3273811,1.5951064,16.142122,1
5.0,5,-6.07657,1.0059685,-7.0316215,-1.3273798,1.5951078,16.142118,1
5.0,5,-6.076573,1.0059696,-7.0316157,-1.3273826,1.5951092,16.142115,1
4.0,4,-0.21038444,0.24882913,-5.83275,-7.2272577,9.953555,-3.5396285,1
4.0,4,-0.21035023,0.24880022,-5.832734,-7.227238,9.953537,-3.539647,1
4.0,4,-0.21034272,0.24878848,-5.832708,-7.2272487,9.953538,-3.539672,1
4.0,4,-0.2102166,0.24886394,-5.8327518,-7.2273245,9.953512,-3.53974,1
4.0,4,-0.21036167,0.24884158,-5.832746,-7.2272778,9.953552,-3.5396543,1
4.0,4,-0.21035238,0.24881291,-5.8327193,-7.227249,9.953531,-3.5396671,1
1.0,1,-1.2571756,9.864313,-4.9200377,-4.1231327,0.9988475,-3.1145935,1
1.0,1,-1.2574087,9.864344,-4.9198785,-4.123128,0.9988549,-3.1144977,1
1.0,1,-1.2575259,9.865022,-4.920695,-4.1227183,0.99830914,-3.1135702,1
1.0,1,-1.2576256,9.865117,-4.9205794,-4.1227827,0.9983473,-3.1136584,1
1.0,1,-1.2581434,9.866515,-4.9212775,-4.1233106,0.9981209,-3.1125803,1
1.0,1,-1.2583351,9.865822,-4.9205155,-4.122834,0.9981837,-3.1131434,1
2.0,2,-2.1538093,-2.8090997,14.83562,-1.1078225,-2.8470135,-8.3651705,1
2.0,2,-2.1538093,-2.8090997,14.83562,-1.1078225,-2.8470135,-8.3651705,1
2.0,2,-2.1538093,-2.8090997,14.83562,-1.1078225,-2.8470135,-8.3651705,1
2.0,2,-2.1538093,-2.8090997,14.83562,-1.1078225,-2.8470135,-8.3651705,1
2.0,2,-2.1538093,-2.8090997,14.83562,-1.1078225,-2.8470135,-8.3651705,1
2.0,2,-2.1538093,-2.8090997,14.83562,-1.1078225,-2.8470135,-8.3651705,1
5.0,5,-6.0843873,1.0006486,-7.0225196,-1.3189285,1.5855863,16.156675,1
5.0,5,-6.084387,1.0006489,-7.0225143,-1.3189336,1.5855889,16.15667,1
5.0,5,-6.0843825,1.0006491,-7.02252,-1.3189377,1.5855898,16.15667,1
5.0,5,-6.0843873,1.0006479,-7.022514,-1.3189297,1.5855858,16.156672,1
5.0,5,-6.0843844,1.0006512,-7.0225267,-1.318924,1.5855802,16.156683,1
5.0,5,-6.0843854,1.0006496,-7.0225244,-1.3189319,1.5855867,16.15668,1
2.0,2,-4.783425,-1.8582257,11.8380785,-3.1069956,0.3122656,-4.3811917,1
2.0,2,-4.783482,-1.8581947,11.838027,-3.1069694,0.31226978,-4.3811035,1
2.0,2,-4.783428,-1.8582085,11.838101,-3.106945,0.31220886,-4.381206,1
2.0,2,-4.783428,-1.8582085,11.838101,-3.106945,0.31220886,-4.381206,1
2.0,2,-4.783425,-1.8582257,11.8380785,-3.1069956,0.3122656,-4.3811917,1
2.0,2,-4.783425,-1.8582257,11.8380785,-3.1069956,0.3122656,-4.3811917,1
3.0,3,-0.56310123,-0.82731616,-2.6752367,13.186244,-5.127069,-2.386344,1
3.0,3,-0.56310123,-0.82731616,-2.6752367,13.186244,-5.127069,-2.386344,1
3.0,3,-0.56310123,-0.82731616,-2.6752367,13.186244,-5.127069,-2.386344,1
3.0,3,-0.56310123,-0.82731616,-2.6752367,13.186244,-5.127069,-2.386344,1
3.0,3,-0.56310123,-0.82731616,-2.6752367,13.186244,-5.127069,-2.386344,1
3.0,3,-0.56310123,-0.82731616,-2.6752367,13.186244,-5.127069,-2.386344,1
4.0,4,0.19153158,0.8265523,-6.0580497,-7.0722857,9.229746,-3.5962667,1
4.0,4,0.19191043,0.82656753,-6.0581274,-7.072301,9.229594,-3.5964694,1
4.0,4,0.19176404,0.8265946,-6.0581326,-7.0723243,9.229665,-3.5963774,1
4.0,4,0.19177453,0.82655144,-6.0580983,-7.0722985,9.229671,-3.5964026,1
4.0,4,0.19170336,0.82655346,-6.0581117,-7.0723433,9.229743,-3.5963616,1
4.0,4,0.19185035,0.8265848,-6.058128,-7.0722823,9.229595,-3.5964217,1
4.0,4,0.27249628,-0.1794647,-5.3545327,-7.774059,10.186641,-4.1605024,1
4.0,4,0.2720551,-0.17981112,-5.354301,-7.773882,10.186808,-4.1602945,1
4.0,4,0.27334994,-0.17874849,-5.3550816,-7.774384,10.186315,-4.160837,1
4.0,4,0.2732491,-0.17871559,-5.3551984,-7.774486,10.186449,-4.1607237,1
4.0,4,0.2732405,-0.17875564,-5.35517,-7.774499,10.186473,-4.160732,1
4.0,4,0.272278,-0.17948234,-5.3546596,-7.774074,10.186792,-4.1602902,1
2.0,2,-2.1375678,-2.8107953,14.915282,-1.1504042,-2.847493,-8.450551,1
2.0,2,-2.1375678,-2.8107953,14.915282,-1.1504042,-2.847493,-8.450551,1
2.0,2,-2.1375678,-2.8107953,14.915282,-1.1504042,-2.847493,-8.450551,1
2.0,2,-2.1375678,-2.8107953,14.915282,-1.1504042,-2.847493,-8.450551,1
2.0,2,-2.1375678,-2.8107953,14.915282,-1.1504042,-2.847493,-8.450551,1
2.0,2,-2.1375678,-2.8107953,14.915282,-1.1504042,-2.847493,-8.450551,1
4.0,4,-0.30823332,-0.72648585,-5.0073957,-7.04703,9.907585,-3.3883786,1
4.0,4,-0.30807644,-0.7265984,-5.007224,-7.0471025,9.907575,-3.3886309,1
4.0,4,-0.30816895,-0.72652805,-5.0073285,-7.047028,9.907546,-3.3884492,1
4.0,4,-0.30817014,-0.7265154,-5.00732,-7.0470295,9.907545,-3.3884816,1
4.0,4,-0.30822307,-0.7264905,-5.0073924,-7.047039,9.907585,-3.388382,1
4.0,4,-0.30821115,-0.7264532,-5.0074277,-7.0470347,9.907594,-3.3884263,1
3.0,3,-0.48045713,-0.39122176,-3.0234194,12.673658,-4.909905,-2.3231158,1
3.0,3,-0.48045713,-0.39122176,-3.0234194,12.673658,-4.909905,-2.3231158,1
3.0,3,-0.48045713,-0.39122176,-3.0234194,12.673658,-4.909905,-2.3231158,1
3.0,3,-0.48045713,-0.39122176,-3.0234194,12.673658,-4.909905,-2.3231158,1
3.0,3,-0.48045713,-0.39122176,-3.0234194,12.673658,-4.909905,-2.3231158,1
3.0,3,-0.48045713,-0.39122176,-3.0234194,12.673658,-4.909905,-2.3231158,1
1.0,4,-1.0514994,0.7636838,-5.8458242,-7.445295,10.047226,-2.9540544,0
1.0,4,-1.0513767,0.7632961,-5.8456388,-7.4453826,10.047399,-2.954287,0
1.0,4,-1.053188,0.76454306,-5.845569,-7.444008,10.04623,-2.9527297,0
1.0,4,-1.0532116,0.76413,-5.845454,-7.444189,10.046577,-2.952734,0
1.0,4,-1.0529317,0.76428056,-5.8457294,-7.4444675,10.046732,-2.95287,0
1.0,4,-1.0533266,0.76460326,-5.845721,-7.4445257,10.046703,-2.9525933,0
0.0,3,0.80122834,3.9418554,-4.305289,5.791122,-2.2167323,-3.9767284,0
0.0,3,0.80122834,3.9418554,-4.305289,5.791122,-2.2167323,-3.9767284,0
0.0,3,0.80122834,3.9418554,-4.305289,5.791122,-2.2167323,-3.9767284,0
0.0,3,0.80122834,3.9418554,-4.305289,5.791122,-2.2167323,-3.9767284,0
0.0,3,0.80122834,3.9418554,-4.305289,5.791122,-2.2167323,-3.9767284,0
0.0,3,0.80122834,3.9418554,-4.305289,5.791122,-2.2167323,-3.9767284,0
3.0,3,-0.7369184,-1.1264883,-2.430215,13.354673,-5.1161656,-2.3337746,1
3.0,3,-0.7369184,-1.1264883,-2.430215,13.354673,-5.1161656,-2.3337746,1
3.0,3,-0.7369184,-1.1264883,-2.430215,13.354673,-5.1161656,-2.3337746,1
3.0,3,-0.7369184,-1.1264883,-2.430215,13.354673,-5.1161656,-2.3337746,1
3.0,3,-0.7369184,-1.1264883,-2.430215,13.354673,-5.1161656,-2.3337746,1
3.0,3,-0.7369184,-1.1264883,-2.430215,13.354673,-5.1161656,-2.3337746,1
3.0,3,-0.79946285,-1.2488643,-2.3115132,13.427057,-5.1168013,-2.3372846,1
3.0,3,-0.79945356,-1.2488705,-2.3115053,13.427062,-5.1168075,-2.3372939,1
3.0,3,-0.79945403,-1.24887,-2.3115063,13.427062,-5.1168065,-2.3372936,1
3.0,3,-0.79945415,-1.2488705,-2.3115053,13.427062,-5.1168065,-2.3372931,1
3.0,3,-0.79946405,-1.248865,-2.311513,13.427057,-5.1168017,-2.337283,1
3.0,3,-0.79945165,-1.2488724,-2.3115034,13.427062,-5.116809,-2.3372953,1
1.0,1,-1.0178022,9.213,-4.8655844,-4.386205,1.2471042,-3.0594625,1
1.0,1,-1.0179145,9.213115,-4.8655596,-4.386109,1.2469621,-3.0593452,1
1.0,1,-1.0178393,9.213128,-4.865646,-4.3860936,1.2469301,-3.0593228,1
1.0,1,-1.0178274,9.21309,-4.8656273,-4.3861117,1.2469562,-3.0593486,1
1.0,1,-1.0178096,9.213091,-4.8656697,-4.3860655,1.2469261,-3.0593224,1
1.0,1,-1.017838,9.213127,-4.8656397,-4.3860946,1.246927,-3.0593257,1
0.0,0,12.512431,-1.267676,-4.8395977,-2.3253582,-0.48510018,-10.255842,1
0.0,0,12.512431,-1.267676,-4.8395977,-2.3253582,-0.48510018,-10.255842,1
0.0,0,12.512432,-1.2676758,-4.8395977,-2.3253582,-0.48510078,-10.255842,1
0.0,0,12.512425,-1.2676772,-4.8395987,-2.3253596,-0.485096,-10.255837,1
0.0,0,12.512433,-1.267676,-4.8395987,-2.3253577,-0.48510006,-10.255841,1
0.0,0,12.512425,-1.2676772,-4.8395987,-2.3253596,-0.485096,-10.255837,1
2.0,2,-2.1919918,-2.7884536,14.8912525,-1.1984407,-2.7891526,-8.400116,1
2.0,2,-2.1919918,-2.7884536,14.8912525,-1.1984407,-2.7891526,-8.400116,1
2.0,2,-2.1919918,-2.7884536,14.8912525,-1.1984407,-2.7891526,-8.400116,1
2.0,2,-2.1919918,-2.7884536,14.8912525,-1.1984407,-2.7891526,-8.400116,1
2.0,2,-2.1919918,-2.7884536,14.8912525,-1.1984407,-2.7891526,-8.400116,1
2.0,2,-2.1919918,-2.7884536,14.8912525,-1.1984407,-2.7891526,-8.400116,1
0.0,1,-1.8353559,9.419728,-4.4699593,-4.508318,1.3630812,-2.6151862,0
0.0,1,-1.8355126,9.419732,-4.469856,-4.5083537,1.3631477,-2.6151495,0
0.0,1,-1.8354003,9.4197035,-4.469876,-4.5082808,1.363053,-2.6152043,0
0.0,1,-1.83513,9.419723,-4.4700403,-4.5080657,1.3627918,-2.6152296,0
0.0,1,-1.8351505,9.419729,-4.4700365,-4.5080733,1.3628085,-2.6152353,0
0.0,1,-1.8351501,9.419728,-4.4700365,-4.5080733,1.3628085,-2.6152358,0
3.0,3,-0.45715147,-0.7911948,-2.5705366,13.145669,-5.1474347,-2.5803556,1
3.0,3,-0.45715147,-0.7911948,-2.5705366,13.145669,-5.1474347,-2.5803556,1
3.0,3,-0.45715147,-0.7911948,-2.5705366,13.145669,-5.1474347,-2.5803556,1
3.0,3,-0.45715147,-0.7911948,-2.5705366,13.145669,-5.1474347,-2.5803556,1
3.0,3,-0.45715147,-0.7911948,-2.5705366,13.145669,-5.1474347,-2.5803556,1
3.0,3,-0.45715147,-0.7911948,-2.5705366,13.145669,-5.1474347,-2.5803556,1
3.0,3,-0.7546516,-1.2500378,-2.2821114,13.443998,-5.124195,-2.4232597,1
3.0,3,-0.7546516,-1.2500378,-2.2821114,13.443998,-5.124195,-2.4232597,1
3.0,3,-0.7546516,-1.2500378,-2.2821114,13.443998,-5.124195,-2.4232597,1
3.0,3,-0.7546516,-1.2500378,-2.2821114,13.443998,-5.124195,-2.4232597,1
3.0,3,-0.7546516,-1.2500378,-2.2821114,13.443998,-5.124195,-2.4232597,1
3.0,3,-0.7546516,-1.2500378,-2.2821114,13.443998,-5.124195,-2.4232597,1
5.0,5,-6.0679774,1.0208818,-7.0604124,-1.344261,1.597734,16.162737,1
5.0,5,-6.0679846,1.0208756,-7.060413,-1.344243,1.5977206,16.162756,1
5.0,5,-6.06798,1.0208842,-7.060413,-1.3442621,1.5977359,16.162735,1
5.0,5,-6.0679784,1.0208849,-7.0604167,-1.3442601,1.5977318,16.162739,1
5.0,5,-6.067979,1.0208822,-7.0604143,-1.344259,1.5977337,16.162739,1
5.0,5,-6.0679784,1.020878,-7.0604115,-1.3442583,1.5977309,16.16274,1
3.0,3,-0.57358426,-0.6825824,-2.8308415,13.07876,-5.0902615,-2.2989378,1
3.0,3,-0.57358426,-0.6825824,-2.8308415,13.07876,-5.0902615,-2.2989378,1
3.0,3,-0.57358426,-0.6825824,-2.8308415,13.07876,-5.0902615,-2.2989378,1
3.0,3,-0.57358426,-0.6825824,-2.8308415,13.07876,-5.0902615,-2.2989378,1
3.0,3,-0.57358426,-0.6825824,-2.8308415,13.07876,-5.0902615,-2.2989378,1
3.0,3,-0.57358426,-0.6825824,-2.8308415,13.07876,-5.0902615,-2.2989378,1
5.0,5,-6.074825,1.0146831,-7.05561,-1.3281991,1.5892278,16.174757,1
5.0,5,-6.074824,1.0146834,-7.0556087,-1.3282034,1.589232,16.174753,1
5.0,5,-6.074824,1.0146819,-7.0556054,-1.328201,1.5892301,16.17475,1
5.0,5,-6.0748234,1.0146836,-7.055612,-1.328202,1.5892308,16.174755,1
5.0,5,-6.074822,1.0146834,-7.055611,-1.3282037,1.589231,16.174753,1
5.0,5,-6.074826,1.0146829,-7.0556064,-1.3282018,1.5892305,16.174751,1
0.0,0,12.03593,-1.699824,-4.6511335,-2.1968925,-0.12888983,-10.088068,1
0.0,0,12.03593,-1.699824,-4.6511335,-2.1968925,-0.12888983,-10.088068,1
0.0,0,12.03593,-1.699824,-4.6511335,-2.1968925,-0.12888983,-10.088068,1
0.0,0,12.03593,-1.699824,-4.6511335,-2.1968925,-0.12888983,-10.088068,1
0.0,0,12.03593,-1.699824,-4.6511335,-2.1968925,-0.12888983,-10.088068,1
0.0,0,12.03593,-1.699824,-4.6511335,-2.1968925,-0.12888983,-10.088068,1
0.0,0,12.300048,-1.1742371,-5.0403366,-2.436086,-0.29338792,-9.9479885,1
0.0,0,12.300048,-1.1742371,-5.0403366,-2.436086,-0.29338792,-9.9479885,1
0.0,0,12.300048,-1.1742371,-5.0403366,-2.436086,-0.29338792,-9.9479885,1
0.0,0,12.300048,-1.1742371,-5.0403366,-2.436086,-0.29338792,-9.9479885,1
0.0,0,12.300048,-1.1742371,-5.0403366,-2.436086,-0.29338792,-9.9479885,1
0.0,0,12.300048,-1.1742371,-5.0403366,-2.436086,-0.29338792,-9.9479885,1
4.0,4,-0.17728312,-0.58890843,-5.1088343,-7.809443,10.485932,-3.9739442,1
4.0,4,-0.17728026,-0.58889234,-5.1088195,-7.809475,10.485926,-3.9739618,1
4.0,4,-0.17739113,-0.5887574,-5.108998,-7.8095417,10.486013,-3.9738245,1
4.0,4,-0.17726429,-0.58890545,-5.108786,-7.8094554,10.485911,-3.9740014,1
4.0,4,-0.17735894,-0.5888339,-5.1089215,-7.8094535,10.485952,-3.973837,1
4.0,4,-0.17716463,-0.5889975,-5.108764,-7.809413,10.485882,-3.974041,1
1.0,1,-1.6632336,9.554213,-5.090058,-3.319001,0.03882703,-0.99636686,1
1.0,1,-1.6637114,9.552992,-5.090511,-3.318478,0.03870079,-0.99341345,1
1.0,1,-1.6634533,9.55492,-5.0892196,-3.3231008,0.04245332,-0.9999233,1
1.0,1,-1.6632253,9.558589,-5.0874047,-3.32781,0.046211153,-1.0097818,1
1.0,1,-1.6630354,9.554547,-5.089984,-3.3197248,0.03954205,-0.9977739,1
1.0,1,-1.663861,9.555973,-5.088101,-3.3242695,0.043341905,-1.0027683,1
3.0,3,-0.5281228,-0.09900546,-3.2559977,12.294443,-4.7133713,-2.1876187,1
3.0,3,-0.5281228,-0.09900546,-3.2559977,12.294443,-4.7133713,-2.1876187,1
3.0,3,-0.5281228,-0.09900546,-3.2559977,12.294443,-4.7133713,-2.1876187,1
3.0,3,-0.5281062,-0.09900677,-3.2559967,12.294453,-4.713387,-2.187626,1
3.0,3,-0.5281228,-0.09900546,-3.2559977,12.294443,-4.7133713,-2.1876187,1
3.0,3,-0.5281228,-0.09900546,-3.2559977,12.294443,-4.7133713,-2.1876187,1
5.0,5,-6.076771,1.0210787,-7.0677543,-1.3104254,1.5757395,16.18902,1
5.0,5,-6.076772,1.0210775,-7.067754,-1.310421,1.5757364,16.18902,1
5.0,5,-6.0767717,1.0210787,-7.06776,-1.3104197,1.575737,16.189026,1
5.0,5,-6.076772,1.021082,-7.0677547,-1.3104303,1.5757443,16.189014,1
5.0,5,-6.076772,1.0210813,-7.067761,-1.3104217,1.5757391,16.189026,1
5.0,5,-6.076772,1.0210794,-7.0677576,-1.3104253,1.5757418,16.18902,1
3.0,3,-0.69708616,-0.99555886,-2.5627189,13.273948,-5.102746,-2.3079395,1
3.0,3,-0.69708616,-0.99555886,-2.5627189,13.273948,-5.102746,-2.3079395,1
3.0,3,-0.69708616,-0.99555886,-2.5627189,13.273948,-5.102746,-2.3079395,1
3.0,3,-0.6970963,-0.99554884,-2.5627315,13.273941,-5.1027384,-2.307928,1
3.0,3,-0.69708616,-0.99555886,-2.5627189,13.273948,-5.102746,-2.3079395,1
3.0,3,-0.69708616,-0.99555886,-2.5627189,13.273948,-5.102746,-2.3079395,1
3.0,3,-0.8288577,-1.1941007,-2.219567,13.3314705,-5.155178,-2.3136704,1
3.0,3,-0.8288757,-1.194091,-2.2195647,13.331466,-5.155177,-2.3136597,1
3.0,3,-0.82883173,-1.1940986,-2.219585,13.331483,-5.1551776,-2.3136954,1
3.0,3,-0.82885844,-1.1940917,-2.2195778,13.331466,-5.1551747,-2.3136673,1
3.0,3,-0.8288867,-1.1940843,-2.2195714,13.331457,-5.1551685,-2.3136506,1
3.0,3,-0.82885295,-1.1940976,-2.2195585,13.331469,-5.1551847,-2.3136797,1
2.0,2,-2.1294181,-2.8236046,14.904246,-1.1339879,-2.8384771,-8.459458,1
2.0,2,-2.1294186,-2.8236046,14.904246,-1.1339879,-2.8384767,-8.459457,1
2.0,2,-2.1294181,-2.8236046,14.904246,-1.1339879,-2.8384771,-8.459458,1
2.0,2,-2.1294181,-2.8236046,14.904246,-1.1339879,-2.8384771,-8.459458,1
2.0,2,-2.1294181,-2.8236046,14.904246,-1.1339879,-2.8384771,-8.459458,1
2.0,2,-2.1294181,-2.8236046,14.904246,-1.1339879,-2.8384771,-8.459458,1
3.0,3,-0.29435295,-1.0353857,-2.439581,13.323416,-5.292169,-2.6434002,1
3.0,3,-0.2943619,-1.0353817,-2.4395857,13.323412,-5.292165,-2.6433928,1
3.0,3,-0.29436117,-1.0353829,-2.4395843,13.323413,-5.2921653,-2.6433935,1
3.0,3,-0.29436105,-1.0353829,-2.4395843,13.323413,-5.2921653,-2.6433938,1
3.0,3,-0.29436105,-1.0353829,-2.4395843,13.323413,-5.2921653,-2.6433938,1
3.0,3,-0.29435307,-1.0353857,-2.439581,13.323416,-5.292169,-2.6434002,1
1.0,1,-1.3938239,9.921841,-5.174226,-3.6783316,0.5115839,-2.3751712,1
1.0,1,-1.3937987,9.921838,-5.174264,-3.678342,0.5115857,-2.3751545,1
1.0,1,-1.3938195,9.921834,-5.1742387,-3.678336,0.51158893,-2.3751616,1
1.0,1,-1.3937864,9.92183,-5.174265,-3.6783464,0.51158834,-2.3751652,1
1.0,1,-1.393786,9.921829,-5.174265,-3.6783464,0.5115882,-2.375165,1
1.0,1,-1.393831,9.921838,-5.1742296,-3.6783369,0.5115932,-2.3751643,1
2.0,2,-2.1421397,-2.799931,14.921582,-1.1572028,-2.8565254,-8.447878,1
2.0,2,-2.1421397,-2.799931,14.921582,-1.1572028,-2.8565254,-8.447878,1
2.0,2,-2.1421397,-2.799931,14.921582,-1.1572028,-2.8565254,-8.447878,1
2.0,2,-2.14214,-2.799931,14.921582,-1.157203,-2.8565254,-8.447878,1
2.0,2,-2.1421397,-2.799931,14.921582,-1.1572028,-2.8565254,-8.447878,1
2.0,2,-2.1421397,-2.799931,14.921582,-1.1572028,-2.8565254,-8.447878,1
2.0,2,-2.280719,-2.772325,14.785439,-1.2048944,-2.7150044,-8.240114,1
2.0,2,-2.280719,-2.772325,14.785439,-1.2048944,-2.7150044,-8.240114,1
2.0,2,-2.280719,-2.772325,14.785439,-1.2048944,-2.7150044,-8.240114,1
2.0,2,-2.280719,-2.772325,14.785439,-1.2048944,-2.7150044,-8.240114,1
2.0,2,-2.280719,-2.772325,14.785439,-1.2048944,-2.7150044,-8.240114,1
2.0,2,-2.280719,-2.772325,14.785439,-1.2048944,-2.7150044,-8.240114,1
5.0,5,-6.0292683,1.02395,-7.024021,-1.3638341,1.5894518,16.075006,1
5.0,5,-6.0292625,1.0239533,-7.024032,-1.3638291,1.5894458,16.075012,1
5.0,5,-6.029264,1.0239462,-7.0240498,-1.3637983,1.589422,16.075048,1
5.0,5,-6.0292764,1.0239536,-7.0240364,-1.3638148,1.5894399,16.075033,1
5.0,5,-6.029293,1.023935,-7.0240493,-1.3638041,1.5894465,16.07508,1
5.0,5,-6.029283,1.0239364,-7.024034,-1.3638276,1.589458,16.075047,1
4.0,4,-0.7543985,0.4779415,-5.958651,-7.441465,10.197491,-3.1590042,1
4.0,4,-0.75439554,0.477942,-5.958649,-7.4414625,10.197486,-3.159007,1
4.0,4,-0.7543958,0.47794104,-5.9586496,-7.441464,10.197487,-3.1590066,1
4.0,4,-0.754396,0.4779415,-5.9586496,-7.441463,10.197487,-3.159006,1
4.0,4,-0.7543984,0.4779415,-5.958651,-7.441465,10.197491,-3.1590042,1
4.0,4,-0.7543984,0.4779415,-5.958651,-7.441465,10.197491,-3.1590042,1
4.0,4,0.3086081,0.11463088,-5.5340977,-7.406696,9.820694,-4.096653,1
4.0,4,0.308129,0.11433476,-5.5339427,-7.406656,9.820984,-4.096401,1
4.0,4,0.3083896,0.11438924,-5.533924,-7.406611,9.820807,-4.0965686,1
4.0,4,0.30821413,0.11428118,-5.533812,-7.4064236,9.820772,-4.0964966,1
4.0,4,0.30844873,0.114254236,-5.5337768,-7.4065056,9.820735,-4.096658,1
4.0,4,0.30792946,0.11383617,-5.53343,-7.406219,9.820875,-4.0964594,1
3.0,3,-0.33073527,-0.9245647,-2.3139744,13.183575,-5.1921268,-2.840785,1
3.0,3,-0.33073527,-0.9245647,-2.3139744,13.183575,-5.1921268,-2.840785,1
3.0,3,-0.33073527,-0.9245647,-2.3139744,13.183575,-5.1921268,-2.840785,1
3.0,3,-0.33073527,-0.9245647,-2.3139744,13.183575,-5.1921268,-2.840785,1
3.0,3,-0.33073527,-0.9245647,-2.3139744,13.183575,-5.1921268,-2.840785,1
3.0,3,-0.33073527,-0.9245647,-2.3139744,13.183575,-5.1921268,-2.840785,1
5.0,5,-6.090903,1.033805,-6.9694495,-1.3447661,1.5938916,16.079933,1
5.0,5,-6.090919,1.0338126,-6.969363,-1.3447423,1.5938581,16.07987,1
5.0,5,-6.090903,1.0337843,-6.969358,-1.3446949,1.5938165,16.079893,1
5.0,5,-6.0909157,1.0338112,-6.969424,-1.3447309,1.5938603,16.079927,1
5.0,5,-6.0909166,1.033822,-6.9694066,-1.3447535,1.5938716,16.079903,1
5.0,5,-6.090901,1.0337824,-6.969354,-1.3447008,1.5938165,16.079895,1
4.0,4,0.38669735,-0.12063873,-5.6026144,-7.6910615,10.053655,-4.0202565,1
4.0,4,0.3851381,-0.121590376,-5.6024227,-7.690796,10.05457,-4.019028,1
4.0,4,0.38444132,-0.1215688,-5.6027274,-7.691452,10.055512,-4.0184646,1
4.0,4,0.38581198,-0.12118828,-5.6028304,-7.69109,10.054426,-4.019227,1
4.0,4,0.38657254,-0.12015748,-5.603513,-7.6910686,10.053815,-4.019584,1
4.0,4,0.38963658,-0.119208574,-5.60349,-7.690119,10.0510845,-4.0215263,1
4.0,4,0.3163697,0.5242132,-6.082166,-7.6556654,9.887884,-3.7331786,1
4.0,4,0.3163697,0.5242132,-6.082166,-7.6556654,9.887884,-3.7331786,1
4.0,4,0.3163697,0.5242132,-6.082166,-7.6556654,9.887884,-3.7331786,1
4.0,4,0.3163697,0.5242132,-6.082166,-7.6556654,9.887884,-3.7331786,1
4.0,4,0.3163697,0.5242132,-6.082166,-7.6556654,9.887884,-3.7331786,1
4.0,4,0.3163697,0.5242132,-6.082166,-7.6556654,9.887884,-3.7331786,1
4.0,4,-0.5790948,0.22938538,-6.088927,-7.5936236,10.435659,-3.1583467,1
4.0,4,-0.57911223,0.22943282,-6.0889764,-7.593634,10.435664,-3.1583166,1
4.0,4,-0.57904106,0.229339,-6.088908,-7.5936775,10.435684,-3.158391,1
4.0,4,-0.57903916,0.22937298,-6.0889087,-7.5935955,10.435611,-3.1583805,1
4.0,4,-0.5791082,0.22921574,-6.088746,-7.5936837,10.435743,-3.1584582,1
4.0,4,-0.57901436,0.22933757,-6.0888367,-7.5936065,10.435611,-3.1584477,1
3.0,3,-0.40938944,-0.5024203,-3.0253148,12.955066,-5.111292,-2.308337,1
3.0,3,-0.40938944,-0.5024203,-3.0253148,12.955066,-5.111292,-2.308337,1
3.0,3,-0.40938944,-0.5024203,-3.0253148,12.955066,-5.111292,-2.308337,1
3.0,3,-0.40938944,-0.5024203,-3.0253148,12.955066,-5.111292,-2.308337,1
3.0,3,-0.40938944,-0.5024203,-3.0253148,12.955066,-5.111292,-2.308337,1
3.0,3,-0.40938944,-0.5024203,-3.0253148,12.955066,-5.111292,-2.308337,1
2.0,2,-2.3107078,-2.7759814,14.749031,-1.2560173,-2.6387372,-8.199204,1
2.0,2,-2.3107078,-2.7759814,14.749031,-1.2560173,-2.6387372,-8.199204,1
2.0,2,-2.3107078,-2.7759814,14.749031,-1.2560173,-2.6387372,-8.199204,1
2.0,2,-2.3107078,-2.7759814,14.749031,-1.2560173,-2.6387372,-8.199204,1
2.0,2,-2.3107078,-2.7759814,14.749031,-1.2560173,-2.6387372,-8.199204,1
2.0,2,-2.3107078,-2.7759814,14.749031,-1.2560173,-2.6387372,-8.199204,1
2.0,2,-2.194369,-2.7880893,14.888934,-1.1986073,-2.7872047,-8.396185,1
2.0,2,-2.194369,-2.7880893,14.888934,-1.1986073,-2.7872047,-8.396185,1
2.0,2,-2.194369,-2.7880893,14.888934,-1.1986073,-2.7872047,-8.396185,1
2.0,2,-2.194369,-2.7880893,14.888934,-1.1986073,-2.7872047,-8.396185,1
2.0,2,-2.194369,-2.7880893,14.888934,-1.1986073,-2.7872047,-8.396185,1
2.0,2,-2.194369,-2.7880893,14.888934,-1.1986073,-2.7872047,-8.396185,1
3.0,3,-0.61598045,-0.8937274,-2.6670835,13.204188,-5.113756,-2.3071718,1
3.0,3,-0.61598045,-0.8937274,-2.6670835,13.204188,-5.113756,-2.3071718,1
3.0,3,-0.61598045,-0.8937274,-2.6670835,13.204188,-5.113756,-2.3071718,1
3.0,3,-0.61598045,-0.8937274,-2.6670835,13.204188,-5.113756,-2.3071718,1
3.0,3,-0.61598045,-0.8937274,-2.6670835,13.204188,-5.113756,-2.3071718,1
3.0,3,-0.61598045,-0.8937274,-2.6670835,13.204188,-5.113756,-2.3071718,1
2.0,2,-2.1539354,-2.7998405,14.863614,-1.1183685,-2.863559,-8.378951,1
2.0,2,-2.1539354,-2.7998405,14.863614,-1.1183685,-2.863559,-8.378951,1
2.0,2,-2.1539354,-2.7998405,14.863614,-1.1183685,-2.863559,-8.378951,1
2.0,2,-2.1539354,-2.7998405,14.863614,-1.1183685,-2.863559,-8.378951,1
2.0,2,-2.1539354,-2.7998405,14.863614,-1.1183685,-2.863559,-8.378951,1
2.0,2,-2.1539354,-2.7998405,14.863614,-1.1183685,-2.863559,-8.378951,1
5.0,0,12.340743,-1.2683502,-4.957282,-2.0053573,-0.58401334,-9.907263,0
5.0,0,12.34082,-1.2684041,-4.957236,-2.0054643,-0.5839536,-9.90739,0
5.0,0,12.34083,-1.268387,-4.9572535,-2.00552,-0.58390284,-9.907464,0
5.0,0,12.340957,-1.2684244,-4.957192,-2.0056465,-0.5838641,-9.90767,0
5.0,0,12.340842,-1.2684036,-4.9572325,-2.0055258,-0.5839083,-9.90747,0
5.0,0,12.340775,-1.2683579,-4.9572735,-2.005438,-0.5839584,-9.907348,0
0.0,0,12.501325,-1.2319049,-4.8793077,-2.339861,-0.38645598,-10.370092,1
0.0,0,12.501325,-1.2319049,-4.8793077,-2.339861,-0.38645598,-10.370092,1
0.0,0,12.501325,-1.2319049,-4.8793077,-2.339861,-0.38645598,-10.370092,1
0.0,0,12.501325,-1.2319049,-4.8793077,-2.339861,-0.38645598,-10.370092,1
0.0,0,12.501325,-1.2319049,-4.8793077,-2.339861,-0.38645598,-10.370092,1
0.0,0,12.501325,-1.2319049,-4.8793077,-2.339861,-0.38645598,-10.370092,1
4.0,4,-0.24784823,-0.18997848,-5.2494454,-7.482749,10.11392,-3.8214283,1
4.0,4,-0.24776597,-0.19033659,-5.249283,-7.4828553,10.114099,-3.8215256,1
4.0,4,-0.24756987,-0.190359,-5.249523,-7.4828963,10.114334,-3.8217082,1
4.0,4,-0.24840672,-0.19053733,-5.2490244,-7.4827237,10.114288,-3.8211985,1
4.0,4,-0.24828131,-0.1899358,-5.249495,-7.482706,10.114036,-3.8210902,1
4.0,4,-0.24906118,-0.19170678,-5.247867,-7.4832215,10.115057,-3.821437,1
2.0,2,-2.1597378,-2.7950768,14.91224,-1.1277226,-2.8748152,-8.40999,1
2.0,2,-2.1597378,-2.7950768,14.91224,-1.1277226,-2.8748152,-8.40999,1
2.0,2,-2.1597378,-2.7950768,14.91224,-1.1277226,-2.8748152,-8.40999,1
2.0,2,-2.1597378,-2.7950768,14.91224,-1.1277226,-2.8748152,-8.40999,1
2.0,2,-2.1597378,-2.7950768,14.91224,-1.1277226,-2.8748152,-8.40999,1
2.0,2,-2.1597378,-2.7950768,14.91224,-1.1277226,-2.8748152,-8.40999,1
2.0,2,-2.1429815,-2.798252,14.916991,-1.1369189,-2.876424,-8.431268,1
2.0,2,-2.1429813,-2.798252,14.916991,-1.136919,-2.8764243,-8.431268,1
2.0,2,-2.1429815,-2.798252,14.916991,-1.1369189,-2.876424,-8.431268,1
2.0,2,-2.1429815,-2.798252,14.916991,-1.1369189,-2.876424,-8.431268,1
2.0,2,-2.1429815,-2.798252,14.916991,-1.1369189,-2.876424,-8.431268,1
2.0,2,-2.1429815,-2.798252,14.916991,-1.1369189,-2.876424,-8.431268,1
5.0,5,-6.0691104,1.0169612,-7.066949,-1.319469,1.578438,16.183464,1
5.0,5,-6.0691133,1.0169679,-7.066937,-1.3194798,1.5784448,16.183449,1
5.0,5,-6.0691104,1.016961,-7.0669413,-1.3194833,1.5784489,16.183449,1
5.0,5,-6.0691137,1.0169584,-7.066936,-1.3194702,1.5784409,16.183453,1
5.0,5,-6.0691056,1.0169672,-7.0669427,-1.3194804,1.5784411,16.183447,1
5.0,5,-6.069114,1.0169655,-7.066956,-1.3194649,1.5784364,16.183472,1
3.0,3,-0.47739238,-0.9162005,-2.6014175,13.215152,-5.205279,-2.4000182,1
3.0,3,-0.47742504,-0.9162606,-2.6013777,13.21518,-5.2052717,-2.400004,1
3.0,3,-0.47736174,-0.91618145,-2.601422,13.215143,-5.205292,-2.4000401,1
3.0,3,-0.47733027,-0.91619873,-2.601409,13.215155,-5.205309,-2.400063,1
3.0,3,-0.47733504,-0.9161706,-2.6014326,13.21514,-5.205299,-2.4000597,1
3.0,3,-0.47729772,-0.91617084,-2.601427,13.215142,-5.205317,-2.4000814,1
4.0,4,-0.2099225,0.2783959,-5.761559,-7.287714,9.93832,-3.5592833,1
4.0,4,-0.21009047,0.27851403,-5.761723,-7.2876954,9.938368,-3.559085,1
4.0,4,-0.21006091,0.27858698,-5.761786,-7.287697,9.938335,-3.559074,1
4.0,4,-0.21005745,0.2785759,-5.7617774,-7.2876983,9.938338,-3.5590773,1
4.0,4,-0.20993562,0.2785192,-5.761688,-7.2877264,9.93831,-3.559208,1
4.0,4,-0.2099628,0.27843082,-5.7616124,-7.287759,9.938364,-3.5592356,1
3.0,3,-0.46464187,-0.8654493,-2.5354886,13.20654,-5.1718984,-2.5631971,1
3.0,3,-0.46464187,-0.8654493,-2.5354886,13.20654,-5.1718984,-2.5631971,1
3.0,3,-0.46464187,-0.8654493,-2.5354886,13.20654,-5.1718984,-2.5631971,1
3.0,3,-0.46464187,-0.8654493,-2.5354886,13.20654,-5.1718984,-2.5631971,1
3.0,3,-0.46464187,-0.8654493,-2.5354886,13.20654,-5.1718984,-2.5631971,1
3.0,3,-0.46464187,-0.8654493,-2.5354886,13.20654,-5.1718984,-2.5631971,1
4.0,4,-0.30710787,4.560937,-5.1894712,-4.873869,4.6353307,-3.3736067,1
4.0,4,-0.30710787,4.560937,-5.1894712,-4.873869,4.6353307,-3.3736067,1
4.0,4,-0.30710787,4.560937,-5.1894712,-4.873869,4.6353307,-3.3736067,1
4.0,4,-0.30710787,4.560937,-5.1894712,-4.873869,4.6353307,-3.3736067,1
4.0,4,-0.30710787,4.560937,-5.1894712,-4.873869,4.6353307,-3.3736067,1
4.0,4,-0.30710787,4.560937,-5.1894712,-4.873869,4.6353307,-3.3736067,1
0.0,0,12.260303,-1.0767733,-4.9740705,-2.4581697,-0.39046738,-9.928643,1
0.0,0,12.260303,-1.0767733,-4.9740705,-2.4581697,-0.39046738,-9.928643,1
0.0,0,12.260303,-1.0767733,-4.9740705,-2.4581697,-0.39046738,-9.928643,1
0.0,0,12.260303,-1.0767733,-4.9740705,-2.4581697,-0.39046738,-9.928643,1
0.0,0,12.260303,-1.0767733,-4.9740705,-2.4581697,-0.39046738,-9.928643,1
0.0,0,12.260309,-1.0767769,-4.9740663,-2.4581664,-0.39047197,-9.928649,1
3.0,3,-0.5601247,-0.7852706,-2.7962947,13.123708,-5.1076035,-2.2725706,1
3.0,3,-0.5601247,-0.7852706,-2.7962947,13.123708,-5.1076035,-2.2725706,1
3.0,3,-0.5601247,-0.7852706,-2.7962947,13.123708,-5.1076035,-2.2725706,1
3.0,3,-0.5601247,-0.7852706,-2.7962947,13.123708,-5.1076035,-2.2725706,1
3.0,3,-0.5601247,-0.7852706,-2.7962947,13.123708,-5.1076035,-2.2725706,1
3.0,3,-0.5601247,-0.7852706,-2.7962947,13.123708,-5.1076035,-2.2725706,1
3.0,3,-0.7166757,-0.971115,-2.6233158,13.213786,-5.086694,-2.212278,1
3.0,3,-0.7166757,-0.971115,-2.6233158,13.213786,-5.086694,-2.212278,1
3.0,3,-0.7166757,-0.971115,-2.6233158,13.213786,-5.086694,-2.212278,1
3.0,3,-0.7166757,-0.971115,-2.6233158,13.213786,-5.086694,-2.212278,1
3.0,3,-0.7166757,-0.971115,-2.6233158,13.213786,-5.086694,-2.212278,1
3.0,3,-0.7166757,-0.971115,-2.6233158,13.213786,-5.086694,-2.212278,1
2.0,2,-2.1399944,-2.8020296,14.920791,-1.1570557,-2.8547492,-8.450236,1
2.0,2,-2.1399944,-2.8020296,14.920791,-1.1570557,-2.8547492,-8.450236,1
2.0,2,-2.1399944,-2.8020296,14.920791,-1.1570557,-2.8547492,-8.450236,1
2.0,2,-2.1399944,-2.8020296,14.920791,-1.1570557,-2.8547492,-8.450236,1
2.0,2,-2.1399944,-2.8020296,14.920791,-1.1570557,-2.8547492,-8.450236,1
2.0,2,-2.1399944,-2.8020296,14.920791,-1.1570557,-2.8547492,-8.450236,1
3.0,3,-0.32237178,-0.97041786,-2.3987958,13.294741,-5.269638,-2.7198267,1
3.0,3,-0.32237178,-0.97041786,-2.3987958,13.294741,-5.269638,-2.7198267,1
3.0,3,-0.32237178,-0.97041786,-2.3987958,13.294741,-5.269638,-2.7198267,1
3.0,3,-0.32237178,-0.97041786,-2.3987958,13.294741,-5.269638,-2.7198267,1
3.0,3,-0.32237178,-0.97041786,-2.3987958,13.294741,-5.269638,-2.7198267,1
3.0,3,-0.32237178,-0.97041786,-2.3987958,13.294741,-5.269638,-2.7198267,1
1.0,4,-0.19759734,0.31442285,-5.87405,-7.5480475,10.048821,-3.4878182,0
1.0,4,-0.19759734,0.31442285,-5.87405,-7.5480475,10.048821,-3.4878182,0
1.0,4,-0.19759734,0.31442285,-5.87405,-7.5480475,10.048821,-3.4878182,0
1.0,4,-0.19759734,0.31442285,-5.87405,-7.5480475,10.048821,-3.4878182,0
1.0,4,-0.19759734,0.31442285,-5.87405,-7.5480475,10.048821,-3.4878182,0
1.0,4,-0.19759734,0.31442285,-5.87405,-7.5480475,10.048821,-3.4878182,0
4.0,1,4.059978,4.317193,-5.661161,-3.4175758,1.4867072,-4.9705086,0
4.0,0,4.173243,4.1409054,-5.626706,-3.4107687,1.5226495,-5.0487127,0
4.0,0,4.215355,4.109731,-5.635138,-3.4195254,1.5282352,-5.0622716,0
4.0,0,4.25531,4.0969825,-5.659134,-3.435593,1.5342612,-5.0633607,0
4.0,1,4.165516,4.2146626,-5.678142,-3.4390218,1.5185304,-5.0119805,0
4.0,1,4.088392,4.3109484,-5.6796775,-3.4396346,1.4970601,-4.972024,0
4.0,4,0.035142347,0.18343645,-5.7254543,-7.434903,9.979481,-3.834477,1
4.0,4,0.035061046,0.183281,-5.7252665,-7.4352975,9.979827,-3.8346367,1
4.0,4,0.034914777,0.18245012,-5.7244525,-7.4358106,9.980449,-3.8350673,1
4.0,4,0.034428164,0.1816358,-5.723773,-7.4364004,9.981344,-3.8351727,1
4.0,4,0.03390412,0.18055731,-5.7228312,-7.436826,9.982211,-3.8353481,1
4.0,4,0.035089776,0.18213832,-5.7242074,-7.4356284,9.980347,-3.8351517,1
2.0,2,-2.1507142,-2.8003259,14.850883,-1.1083091,-2.865882,-8.373404,1
2.0,2,-2.1507142,-2.8003259,14.850883,-1.1083091,-2.865882,-8.373404,1
2.0,2,-2.1507142,-2.8003259,14.850883,-1.1083091,-2.865882,-8.373404,1
2.0,2,-2.1507142,-2.8003259,14.850883,-1.1083091,-2.865882,-8.373404,1
2.0,2,-2.1507142,-2.8003259,14.850883,-1.1083091,-2.865882,-8.373404,1
2.0,2,-2.1507142,-2.8003259,14.850883,-1.1083091,-2.865882,-8.373404,1
0.0,0,12.567285,-1.2667118,-4.922083,-2.2891984,-0.44483384,-10.344516,1
0.0,0,12.567285,-1.2667118,-4.922083,-2.2891984,-0.44483384,-10.344516,1
0.0,0,12.567285,-1.2667118,-4.922083,-2.2891984,-0.44483384,-10.344516,1
0.0,0,12.567285,-1.2667118,-4.922083,-2.2891984,-0.44483384,-10.344516,1
0.0,0,12.567285,-1.2667118,-4.922083,-2.2891984,-0.44483384,-10.344516,1
0.0,0,12.567285,-1.2667118,-4.922083,-2.2891984,-0.44483384,-10.344516,1
3.0,3,-0.57770044,-0.6662649,-2.7504354,13.04269,-5.056633,-2.400216,1
3.0,3,-0.57770044,-0.6662649,-2.7504354,13.04269,-5.056633,-2.400216,1
3.0,3,-0.57770044,-0.6662649,-2.7504354,13.04269,-5.056633,-2.400216,1
3.0,3,-0.57770044,-0.6662649,-2.7504354,13.04269,-5.056633,-2.400216,1
3.0,3,-0.57770044,-0.6662649,-2.7504354,13.04269,-5.056633,-2.400216,1
3.0,3,-0.57770044,-0.6662649,-2.7504354,13.04269,-5.056633,-2.400216,1
0.0,0,4.837184,1.8150601,-6.234882,-4.6537232,4.662724,-6.534647,1
0.0,0,4.8386264,1.8150635,-6.2348537,-4.652905,4.6613307,-6.535345,1
0.0,0,4.8269444,1.816415,-6.2352853,-4.6573563,4.670853,-6.5294046,1
0.0,0,4.838549,1.8147123,-6.23462,-4.6532063,4.6616488,-6.535469,1
0.0,0,4.83005,1.8156592,-6.234623,-4.656256,4.668444,-6.5313845,1
0.0,0,4.836306,1.8152004,-6.2349,-4.653968,4.6633697,-6.5342026,1
2.0,2,-2.1455789,-2.7802396,14.899975,-1.1487433,-2.8760378,-8.424662,1
2.0,2,-2.1455789,-2.7802396,14.899975,-1.1487433,-2.8760378,-8.424662,1
2.0,2,-2.1455789,-2.7802396,14.899975,-1.1487433,-2.8760378,-8.424662,1
2.0,2,-2.1455789,-2.7802396,14.899975,-1.1487433,-2.8760378,-8.424662,1
2.0,2,-2.1455789,-2.7802396,14.899975,-1.1487433,-2.8760378,-8.424662,1
2.0,2,-2.1455789,-2.7802396,14.899975,-1.1487433,-2.8760378,-8.424662,1
