true_label,predicted_label,prob_class_0,prob_class_1,prob_class_2,prob_class_3,prob_class_4,prob_class_5,prob_class_6,prob_class_7,prob_class_8,prob_class_9,prob_class_10,prob_class_11,prob_class_12,prob_class_13,prob_class_14,prob_class_15,prob_class_16,prob_class_17,prob_class_18,prob_class_19,correct
18.0,18,-1.9131407,-1.7993828,-1.0147613,0.4589554,-2.0862586,-2.2615972,-1.2754192,-2.9621217,1.8256259,-1.860362,-0.33766693,1.829521,-0.019993264,-1.0537329,-0.53652567,-0.66177267,4.106256,-1.1132871,10.350064,6.2038693,1
18.0,18,-1.9168496,-1.7976124,-1.0062728,0.44983196,-2.0921383,-2.265808,-1.2581847,-2.958715,1.8269463,-1.8573642,-0.3169822,1.8132032,-0.033367023,-1.0661597,-0.53155327,-0.66057605,4.0769124,-1.1258825,10.335632,6.262958,1
18.0,18,-1.9426612,-1.8338451,-0.7313473,0.57520014,-2.34218,-2.4678056,-1.2886854,-3.145841,2.2520912,-1.2495707,-0.26317298,1.5697906,-0.24223645,-1.0024034,-0.64118814,-0.73325676,3.367655,-1.3458607,10.168991,7.188559,1
18.0,18,-2.0811102,-1.6685363,-0.65987635,0.3279589,-2.6123896,-2.4089527,-1.6119462,-3.1170926,3.2413208,-0.8604392,-0.61072993,1.3350178,0.07076858,-0.6881612,-0.7637501,-0.8525867,3.1225524,-1.478603,10.317319,6.5655336,1
18.0,18,-1.9379789,-1.775825,-0.99177307,0.41662422,-2.1209908,-2.273511,-1.267436,-2.9637156,1.9192531,-1.7899569,-0.32984078,1.7470378,-0.02120839,-1.0382574,-0.5342928,-0.66827464,3.9772606,-1.1575636,10.343007,6.328869,1
18.0,18,-1.9162145,-1.7987974,-1.0052037,0.4486693,-2.0917697,-2.2682512,-1.2540452,-2.959409,1.8219,-1.8609202,-0.31257918,1.8148673,-0.035849724,-1.0681766,-0.53215635,-0.6607356,4.0811973,-1.1254243,10.333365,6.2664814,1
0.0,0,10.784023,2.9819632,3.369003,-0.22298408,-0.5846745,-1.1235915,-1.2955364,-0.41843233,1.9167811,1.9900105,-1.0205959,-3.9618318,0.50693786,-0.9429978,-2.9351206,0.47438768,-3.4218,-3.2670434,-1.1220487,-1.0316038,1
0.0,0,10.787352,2.978856,3.367923,-0.22113541,-0.5811321,-1.1224396,-1.2946908,-0.41605994,1.9086643,1.9807162,-1.0180362,-3.958811,0.5023739,-0.94268894,-2.9298484,0.47892103,-3.4184499,-3.2702196,-1.1221882,-1.0351623,1
0.0,0,10.784782,2.9809458,3.3729568,-0.22272539,-0.5909192,-1.1235571,-1.3011346,-0.42018193,1.9338853,1.9891559,-1.0190375,-3.9587727,0.5069906,-0.9425517,-2.9415338,0.4636098,-3.415332,-3.26795,-1.1146404,-1.0309882,1
0.0,0,10.830105,2.9303315,3.335437,-0.21011189,-0.5245714,-1.1084641,-1.2805911,-0.38919884,1.8316625,1.8785812,-0.9879075,-3.9234097,0.45569187,-0.95275223,-2.8806362,0.5251274,-3.3723712,-3.3017414,-1.1192552,-1.0564066,1
0.0,0,10.789819,2.9764245,3.366749,-0.22008198,-0.5780942,-1.1216834,-1.293798,-0.41432172,1.9027967,1.9741745,-1.0162425,-3.956711,0.49919719,-0.9427167,-2.9262602,0.48211136,-3.4159667,-3.2723265,-1.1223335,-1.0371771,1
0.0,0,10.785258,2.9810102,3.369304,-0.22206625,-0.58357793,-1.1233044,-1.2951677,-0.4174651,1.9129096,1.9859291,-1.0195522,-3.9605548,0.5047345,-0.9423934,-2.9327745,0.4762031,-3.4203904,-3.2684891,-1.1220821,-1.0332783,1
2.0,2,-0.950944,-1.3481873,10.7327585,0.90599674,-4.221303,-2.6482384,-1.115491,-2.3620214,3.4165313,2.2048843,-0.6583193,-1.2230837,0.9214534,2.2777138,-2.3659687,-2.0705616,-0.92412794,-2.1253824,1.123255,1.879261,1
2.0,2,-0.9562427,-1.3512737,10.731185,0.9053652,-4.2285724,-2.6560051,-1.1189159,-2.370231,3.425715,2.2210371,-0.65757984,-1.2213209,0.9173636,2.2739098,-2.3729577,-2.0750878,-0.9235521,-2.124593,1.1377703,1.9011643,1
2.0,2,-0.9665659,-1.3577446,10.72369,0.90302545,-4.246985,-2.6600065,-1.1186101,-2.3795424,3.4473557,2.1950831,-0.65757376,-1.2051862,0.9246241,2.2730308,-2.3687735,-2.0689585,-0.9138766,-2.142979,1.1811053,1.9138863,1
2.0,2,-0.8780595,-1.3128676,10.758091,0.8848226,-4.143736,-2.558173,-1.0657701,-2.2545028,3.362406,1.9942454,-0.65800023,-1.2187934,0.9918823,2.315453,-2.299952,-2.0176501,-0.93780994,-2.158417,0.94148135,1.588782,1
2.0,2,-0.94733715,-1.3466713,10.735999,0.9016484,-4.2195454,-2.6463034,-1.11342,-2.3573356,3.4228373,2.1993687,-0.6575444,-1.2204845,0.92552733,2.2778146,-2.3675766,-2.070607,-0.92602754,-2.1283815,1.1145619,1.8666545,1
2.0,2,-0.95016736,-1.3478316,10.733924,0.9039792,-4.221234,-2.6483006,-1.115213,-2.3611317,3.4198914,2.2056885,-0.6578981,-1.2221055,0.92191297,2.2772973,-2.3675127,-2.0710378,-0.92496115,-2.1263592,1.1207021,1.8771882,1
9.0,9,-2.3143353,-1.4964645,2.8211548,-1.2478464,-2.4472344,-2.1069868,-1.46006,-2.8423474,1.7352815,9.294265,-1.080636,-2.8404794,-1.0564886,2.5907173,-1.8373623,-1.1885026,-2.7939787,0.30252966,-0.8083712,5.5567956,1
9.0,9,-2.3151467,-1.4972247,2.8204622,-1.2472138,-2.448273,-2.1076224,-1.4607781,-2.8442643,1.7355237,9.292662,-1.0799664,-2.8399844,-1.0569731,2.5940006,-1.8375113,-1.1896973,-2.7929945,0.30257937,-0.8047601,5.5599337,1
9.0,9,-2.3139777,-1.5045989,2.8107913,-1.2473196,-2.4481783,-2.114327,-1.4488326,-2.8479934,1.7329575,9.28106,-1.0726544,-2.8355076,-1.0606472,2.5809252,-1.8447825,-1.1906163,-2.787348,0.29582417,-0.78523934,5.604594,1
9.0,9,-2.3111746,-1.4999214,2.8185527,-1.2514443,-2.443818,-2.1099916,-1.4482603,-2.8380952,1.7331522,9.291036,-1.0774295,-2.8386154,-1.057819,2.5701761,-1.8422244,-1.1845452,-2.7932742,0.29673472,-0.8076358,5.5778947,1
9.0,9,-2.314523,-1.4979676,2.8201303,-1.2481108,-2.4475205,-2.1082249,-1.4582727,-2.84326,1.7351255,9.292063,-1.0793128,-2.839576,-1.0572653,2.5896254,-1.8384795,-1.1887649,-2.792895,0.30134597,-0.8049066,5.5640182,1
9.0,9,-2.3146284,-1.4972172,2.820602,-1.247794,-2.447612,-2.1076133,-1.4595983,-2.843211,1.7352651,9.293003,-1.0799667,-2.8400245,-1.0569054,2.5912933,-1.8377887,-1.1889231,-2.7933269,0.3021091,-0.80616474,5.5602546,1
8.0,8,-0.41459325,0.13802311,1.8827302,-1.1747873,-3.733302,1.0938826,-3.0514853,-0.82975435,9.857467,2.1002238,-1.6035337,-0.8595177,0.90693265,1.347243,-1.6285276,-0.4185284,-0.5858405,-3.132667,1.2891675,-2.004082,1
8.0,8,-0.41250175,0.13892214,1.881876,-1.1745228,-3.7335823,1.0955385,-3.0502439,-0.8272511,9.855743,2.0953996,-1.6025784,-0.85834265,0.9082488,1.3456025,-1.6263629,-0.4154087,-0.5878546,-3.1335988,1.2882634,-2.0095391,1
8.0,8,-0.3941897,0.15611583,1.8531781,-1.16702,-3.7256534,1.1426635,-3.0454712,-0.80617064,9.8062935,2.0254736,-1.5867906,-0.84021425,0.86547256,1.33675,-1.5717937,-0.34320092,-0.57155037,-3.165247,1.2659644,-2.073465,1
8.0,8,-0.35859963,0.18262266,1.8645182,-1.1685321,-3.7345138,1.178581,-3.0378697,-0.77004427,9.785418,2.0241578,-1.5576617,-0.85674465,0.86599684,1.3275365,-1.5411814,-0.28874403,-0.64715314,-3.1787934,1.1613749,-2.1584105,1
8.0,8,-0.4081036,0.14130032,1.882009,-1.1744837,-3.7343183,1.0991478,-3.0482333,-0.82228106,9.853153,2.090415,-1.6001595,-0.85812163,0.91031444,1.3429301,-1.6228082,-0.4095135,-0.59461695,-3.1349263,1.2811191,-2.0202801,1
8.0,8,-0.41304284,0.13807952,1.8828723,-1.1747649,-3.733818,1.093542,-3.0500553,-0.827711,9.857782,2.0975528,-1.6034245,-0.8588995,0.9103761,1.3455026,-1.6286628,-0.41848102,-0.5885013,-3.1322846,1.2895783,-2.0070279,1
9.0,9,-1.5081242,1.5799336,0.43865892,-1.6676638,-3.503472,-2.0639627,-3.5379128,-2.801212,4.843876,9.820211,-0.3300395,-2.9706209,3.1137524,1.5423769,0.13280866,-1.8584831,-4.8626575,0.35995248,-0.93229485,0.34699485,1
9.0,9,-1.5133631,1.5747379,0.43763134,-1.6726717,-3.5104542,-2.0752127,-3.5377436,-2.8049064,4.840227,9.797234,-0.3244137,-2.9665556,3.1383886,1.548097,0.15903386,-1.8604689,-4.880862,0.35856548,-0.9255754,0.3354626,1
9.0,9,-1.4145783,1.752737,0.54051304,-1.6859413,-3.7408707,-2.0062292,-3.709593,-2.8159058,5.436462,9.556002,-0.35848576,-2.849478,3.2233608,1.4893146,0.2338,-1.7649487,-4.907378,0.03973713,-0.91853046,0.07737471,1
9.0,9,-1.4419017,1.8795816,0.38965416,-1.8302052,-3.7248373,-1.9338615,-3.759666,-2.7534037,5.3314805,9.095119,-0.2859663,-2.7306821,3.405802,1.5269767,0.9332527,-1.5738571,-5.1236706,-0.08618209,-1.0476655,-0.35499924,1
9.0,9,-1.5172232,1.5875146,0.4294031,-1.6834683,-3.5165417,-2.0805008,-3.54431,-2.8060746,4.8318295,9.75613,-0.31478745,-2.9559884,3.160081,1.5530864,0.22733167,-1.8488526,-4.9100194,0.3477144,-0.9332992,0.2974616,1
9.0,9,-1.5145792,1.5662768,0.43903416,-1.670102,-3.5067477,-2.0763059,-3.53232,-2.8046508,4.8351893,9.809169,-0.3266384,-2.9712248,3.135174,1.548598,0.13878818,-1.8662989,-4.8740225,0.36583987,-0.9216778,0.35010895,1
7.0,7,-3.0675337,-0.41968644,-1.8118731,-0.5410506,-1.7696836,0.48386642,4.6147294,8.080638,2.1308315,-0.12961048,-0.7244106,-0.70204175,-0.094004184,-2.3130052,-0.69698715,-0.9756903,-1.5402792,-2.3884842,-2.172876,-1.5815973,1
7.0,7,-2.9929965,-0.35662988,-1.736652,-0.4709095,-1.7330872,0.5689608,4.428258,8.176905,2.1558435,-0.045946293,-0.8022749,-0.75777143,-0.15489072,-2.23809,-0.58770865,-0.92141163,-1.7439244,-2.3771448,-2.413901,-1.823523,1
7.0,7,-2.679357,-0.14217986,-1.4193856,-0.60819876,-1.8872426,1.2236041,3.4911807,7.7200136,3.2480457,1.0111552,-1.3084873,-1.3335328,-0.4035742,-1.909032,-0.11015005,-0.30259794,-2.911943,-3.2019515,-3.1238315,-1.722289,1
7.0,7,-2.501709,-0.02290381,-1.2933506,-0.5689345,-1.6720781,1.5942708,2.8957064,7.672826,3.3585217,1.2615669,-1.6144273,-1.5156523,-0.5959404,-1.6437724,0.4817971,0.09702721,-3.458036,-3.3466575,-3.666477,-2.2259007,1
7.0,7,-2.8576965,-0.2840239,-1.6583291,-0.37271664,-1.690283,0.66735005,4.172369,8.290197,2.132691,-0.03258546,-0.8513703,-0.7786418,-0.24050288,-2.1995506,-0.45342112,-0.80997103,-1.9575768,-2.3470385,-2.6735458,-2.1304343,1
7.0,7,-2.988511,-0.34678045,-1.721666,-0.465987,-1.7216855,0.5942329,4.396696,8.189001,2.1787634,-0.0013557822,-0.83611244,-0.78979635,-0.16686757,-2.20755,-0.5511401,-0.9104878,-1.7963749,-2.3915563,-2.4746447,-1.864419,1
9.0,9,-2.487969,-0.003046615,0.76696014,-1.450389,-4.2092805,-2.0384448,-3.6760094,-3.5793118,5.6998973,10.018518,-0.32912868,-2.3945637,2.1698077,1.3703417,-0.74480087,-1.670131,-3.492316,-0.16049716,1.1780431,2.653127,1
9.0,9,-2.5000691,-0.015953178,0.77625245,-1.4414878,-4.241729,-2.0599675,-3.6839821,-3.594665,5.743493,9.987885,-0.32771662,-2.3753862,2.1609466,1.351042,-0.7389065,-1.6717517,-3.484764,-0.1851086,1.2380434,2.6834416,1
9.0,9,-2.277991,0.10606733,0.9073942,-1.281186,-4.371095,-1.8978592,-3.9734027,-3.577261,6.5031924,9.809822,-0.4596374,-2.245591,1.9616861,1.1877265,-0.9015097,-1.6510878,-3.3156636,-0.37550226,1.2209948,2.4335241,1
9.0,9,-2.1260266,0.75807756,0.6905704,-1.3993001,-3.8396304,-1.5396223,-4.282465,-3.505052,5.5355444,9.656746,-0.22898558,-2.2806444,1.4477619,1.0680526,1.2059019,-1.0681819,-3.9526742,-0.42981264,-0.058883198,1.3351464,1
9.0,9,-2.4866889,0.07220812,0.77489704,-1.4461923,-4.2058215,-2.0377874,-3.732709,-3.6015491,5.658732,9.988254,-0.3048198,-2.3728,2.101967,1.3357391,-0.49997014,-1.6143454,-3.569517,-0.1861223,1.0738603,2.5400817,1
9.0,9,-2.4964716,-0.0018839855,0.7738616,-1.4464017,-4.2265677,-2.0540457,-3.6823893,-3.5907698,5.7124176,9.999176,-0.32343608,-2.3832011,2.155879,1.3565673,-0.7121333,-1.6649917,-3.5000334,-0.17559355,1.1982406,2.6608853,1
10.0,10,-2.634314,-0.831322,-0.65205884,4.6348214,-2.4546545,-3.6630614,-2.2219987,-1.9618979,-0.68912077,-0.5532444,8.673731,3.8892064,-3.061069,0.22634372,1.9245316,-0.31598544,3.462646,-0.32609597,-3.2073994,-0.36452332,1
10.0,10,-2.577544,-0.805055,-0.6302123,4.596728,-2.448943,-3.6293724,-2.2020113,-1.9460078,-0.7026486,-0.56238765,8.747572,3.820843,-3.0570793,0.22163162,1.9179944,-0.3110184,3.3968668,-0.3237433,-3.2212963,-0.36215225,1
10.0,10,-2.491977,-0.7686277,-0.5896426,4.4735217,-2.428873,-3.5822694,-2.1707437,-1.9308996,-0.7189545,-0.57125074,8.8842745,3.705972,-3.0447402,0.21194196,1.9177268,-0.28467327,3.2843218,-0.30716714,-3.2457151,-0.35008126,1
10.0,10,-2.431309,-0.74116343,-0.54322654,4.2706714,-2.395867,-3.5653167,-2.1490169,-1.9383193,-0.72275966,-0.5575761,9.031336,3.6098254,-3.0246153,0.20048168,1.9215891,-0.2521997,3.1935127,-0.25797984,-3.267543,-0.32752302,1
10.0,10,-2.5108564,-0.77577156,-0.60418814,4.550831,-2.440524,-3.590755,-2.1781569,-1.9277128,-0.7195664,-0.5728947,8.832355,3.7347069,-3.0503044,0.2165861,1.9123795,-0.30249318,3.3133152,-0.31915763,-3.236999,-0.35620078,1
10.0,10,-2.5767848,-0.8053161,-0.6301514,4.5993934,-2.4488134,-3.6301603,-2.2020712,-1.9459698,-0.70363015,-0.56226385,8.746559,3.8180459,-3.056175,0.22202139,1.9196775,-0.30924806,3.392781,-0.32503292,-3.221422,-0.36104843,1
1.0,1,2.0790436,11.186254,0.2968404,1.2009735,-2.5452056,0.17147343,-0.5029311,-1.0470148,0.18620008,1.9569272,-0.41263065,-1.7130752,-0.16765095,-0.7473907,0.8341526,-0.52024627,-3.7222075,0.23479563,-1.262299,-2.843105,1
1.0,1,2.0808797,11.186185,0.29746825,1.2016599,-2.5455158,0.17082742,-0.50336933,-1.0472142,0.18638736,1.9564208,-0.4116403,-1.7128335,-0.16832304,-0.74917436,0.8342195,-0.5198191,-3.7221797,0.23422575,-1.262359,-2.8430078,1
1.0,1,2.0838172,11.186856,0.29894605,1.2028174,-2.5466673,0.17109655,-0.50440097,-1.0474682,0.18984944,1.9559007,-0.4111573,-1.7124832,-0.16826282,-0.7518606,0.8320556,-0.5205946,-3.7213886,0.23289415,-1.2610439,-2.842709,1
1.0,1,2.0884376,11.188121,0.30032796,1.2071673,-2.5474286,0.16903394,-0.50663966,-1.0482794,0.18657504,1.9460034,-0.40414602,-1.7046094,-0.17605226,-0.761645,0.84184825,-0.5134342,-3.7185776,0.22551106,-1.2599156,-2.8433213,1
1.0,1,2.0815544,11.18618,0.29771295,1.201971,-2.5456254,0.17054677,-0.5035255,-1.0472897,0.18637311,1.9561304,-0.41120368,-1.7126472,-0.16868038,-0.749922,0.8343651,-0.5195905,-3.7221303,0.23393577,-1.2623714,-2.8429506,1
1.0,1,2.0797834,11.186184,0.29712045,1.201199,-2.5453296,0.17117447,-0.5030487,-1.0470845,0.18636572,1.9570167,-0.41236886,-1.713209,-0.1677645,-0.7479848,0.83385617,-0.52028954,-3.7222776,0.23475736,-1.2623575,-2.8429792,1
16.0,16,-2.636884,-2.2980886,-2.8746438,-1.1979959,2.0745273,1.183371,0.45857644,2.3127136,-0.88119674,-3.409216,-2.592163,1.7750546,-2.8777134,0.11750906,0.695105,1.3727167,9.133376,-1.8938497,-0.89539516,-2.6475134,1
16.0,16,-2.6130967,-2.2576249,-2.8358176,-1.165876,1.9718169,1.1413286,0.30610427,2.0875185,-0.8482251,-3.4075198,-2.4884171,1.864543,-2.9143608,0.15945691,0.7437123,1.4032418,9.200756,-1.8927124,-0.8644804,-2.6330202,1
16.0,16,-2.5074651,-2.1020539,-2.7747014,-1.2804018,1.7582843,1.280756,0.0012467885,1.7231032,-0.58907086,-3.347517,-2.4099548,1.9112837,-3.0019333,0.31653875,0.9687191,1.6402324,9.088712,-2.1786768,-0.9230077,-2.7100515,1
16.0,16,-2.5763898,-2.1786654,-2.8002918,-1.3098084,1.8774889,1.2607638,0.21155219,2.0123093,-0.64220196,-3.3379436,-2.5302064,1.8306385,-2.9285364,0.2418272,0.8117841,1.4969151,9.092581,-2.0695753,-0.91667104,-2.6807835,1
16.0,16,-2.580083,-2.2090466,-2.7950566,-1.1278197,1.8578804,1.1029152,0.13648508,1.8447657,-0.8123458,-3.4067254,-2.370893,1.958974,-2.960127,0.20683442,0.8069588,1.4485967,9.259297,-1.9042737,-0.8379415,-2.6228926,1
16.0,16,-2.5967162,-2.2349918,-2.8366551,-1.1503665,1.9378616,1.1505127,0.2413456,2.0103097,-0.8378027,-3.4123914,-2.4606137,1.8836894,-2.9349537,0.18472062,0.797835,1.45106,9.193774,-1.9266322,-0.8664757,-2.6477897,1
13.0,13,-1.793492,3.2546148,-0.28580427,-2.6585567,-1.8308971,1.9124482,0.7412499,-1.8336647,2.4817424,1.7416067,-2.4611044,-2.312367,5.4609127,8.088191,-0.6732196,-3.021345,-3.1864102,1.2643828,-0.33812952,-2.2994044,1
13.0,13,-1.7653711,3.2804866,-0.28713164,-2.6736705,-1.8256961,1.9290364,0.74804085,-1.8390125,2.4791734,1.7574049,-2.4529436,-2.319297,5.4633226,8.02213,-0.6639322,-2.9927073,-3.2263665,1.2730309,-0.34926423,-2.2892766,1
13.0,13,-1.7331427,3.202195,-0.2816661,-2.6737103,-1.885877,1.9295288,0.6699308,-1.9087168,2.6665168,1.8432972,-2.4943604,-2.3320923,5.638002,7.9680705,-0.79206043,-3.0269575,-3.2297103,1.25093,-0.2337525,-2.2148383,1
13.0,13,-1.573834,3.3623617,-0.33871686,-2.7761908,-1.7837263,2.0591717,0.7078502,-1.9005342,2.5667043,1.9199638,-2.422392,-2.3565905,5.5548086,7.641645,-0.6981916,-2.8299677,-3.3980718,1.3137163,-0.37062314,-2.2031898,1
13.0,13,-1.7451534,3.2992148,-0.28787285,-2.683963,-1.8220093,1.9398173,0.7535931,-1.842861,2.4767148,1.7684071,-2.4470801,-2.325034,5.4642854,7.974972,-0.6568486,-2.9725568,-3.254935,1.2788178,-0.357304,-2.2813885,1
13.0,13,-1.7732059,3.275537,-0.28640682,-2.6692188,-1.8270687,1.923691,0.74740887,-1.8372846,2.4777732,1.752294,-2.454647,-2.3174121,5.460089,8.041121,-0.66581434,-3.000576,-3.215285,1.2708862,-0.34754604,-2.2923107,1
3.0,3,-0.11233038,0.8258838,-0.55095655,11.584909,-1.6347824,-1.8938972,-1.0181217,-0.008857805,-0.8623925,-1.2393597,0.15640771,1.9540507,-0.37873885,-0.95834327,-0.7765888,-2.287836,-0.55135864,1.2245312,1.1669514,-0.7687847,1
3.0,3,-0.116999924,0.80876976,-0.5550412,11.58531,-1.637949,-1.8977269,-1.0221689,-0.0036238926,-0.85139287,-1.2655607,0.18614106,1.9955499,-0.3705143,-0.9900903,-0.7829752,-2.2899044,-0.5289555,1.2340966,1.1645023,-0.7832264,1
3.0,3,-0.12278895,0.78725815,-0.56246614,11.581939,-1.6406245,-1.8989763,-1.0282139,0.0012676418,-0.8359736,-1.294212,0.20197974,2.0305755,-0.356568,-1.0097933,-0.7880144,-2.2913713,-0.5056506,1.2383401,1.1751618,-0.79840213,1
3.0,3,-0.13142791,0.7615064,-0.5714192,11.581285,-1.6477426,-1.903709,-1.0367634,0.007094914,-0.81763923,-1.3324339,0.242327,2.0883467,-0.34494784,-1.048349,-0.7920016,-2.292323,-0.47219193,1.2475137,1.1748816,-0.82107115,1
3.0,3,-0.12067701,0.79500234,-0.55878365,11.585533,-1.6411885,-1.9006612,-1.0260838,-0.00013273954,-0.84225476,-1.2874827,0.2104375,2.029492,-0.3638624,-1.0155848,-0.7863334,-2.2906969,-0.51066893,1.2405127,1.163579,-0.7951836,1
3.0,3,-0.11634947,0.8103956,-0.5547445,11.58523,-1.6379124,-1.8971921,-1.0218463,-0.0043122675,-0.8521404,-1.2634975,0.1831049,1.9915403,-0.37071133,-0.98757017,-0.7819781,-2.2894258,-0.5312195,1.2324836,1.1659974,-0.781658,1
11.0,11,-2.2296114,-3.088545,-1.9059143,2.1264834,-0.8058698,-1.3004036,-0.04189664,0.2894031,-0.017952275,-2.7318866,-0.92988855,9.890157,-0.9591052,-2.744802,0.95507026,0.69906676,4.629577,-1.5740322,0.26996544,-1.28958,1
11.0,11,-2.231132,-3.0879338,-1.904802,2.1285017,-0.8090145,-1.3005241,-0.04364723,0.28803173,-0.016520325,-2.7332914,-0.9239456,9.892083,-0.9608867,-2.7440681,0.9520143,0.6987593,4.6330833,-1.5732661,0.26821688,-1.2904118,1
11.0,11,-2.2329845,-3.0880518,-1.9035221,2.120455,-0.81128967,-1.3008723,-0.04422219,0.28616652,-0.013700987,-2.7357543,-0.9150967,9.89484,-0.9621279,-2.7426226,0.94747037,0.69847786,4.640451,-1.5713003,0.2672694,-1.2918271,1
11.0,11,-2.2319646,-3.0872085,-1.9035786,2.1117048,-0.80950314,-1.3014404,-0.04222852,0.2867137,-0.012159581,-2.7357728,-0.91652834,9.89458,-0.9603162,-2.7419355,0.9469297,0.69688,4.6406784,-1.5708249,0.2698386,-1.2916043,1
11.0,11,-2.233118,-3.0874507,-1.9035299,2.1310868,-0.81296027,-1.3005403,-0.045917243,0.28629446,-0.014741409,-2.734987,-0.9164337,9.894492,-0.963055,-2.7431378,0.948271,0.6987483,4.637334,-1.5722501,0.26588157,-1.2916903,1
11.0,11,-2.2309213,-3.0879831,-1.9049264,2.1284697,-0.8086574,-1.30054,-0.043449976,0.2882223,-0.016679589,-2.7330282,-0.9247953,9.89183,-0.9605841,-2.7441506,0.9524224,0.6987928,4.632384,-1.5733654,0.26843643,-1.2903348,1
3.0,3,0.93638223,0.2574481,-0.40276244,10.439713,-1.9585681,-1.232312,-1.1839901,-0.0054037757,-1.1857651,-1.4604456,3.1471035,0.8728298,-2.4394312,0.09557693,0.7862267,-0.23636964,0.41754282,-2.8861911,-2.2797377,-0.9322845,1
3.0,3,0.93766457,0.2564004,-0.40423256,10.432186,-1.9580668,-1.233165,-1.1842257,-0.0071246605,-1.1874795,-1.4622005,3.1612487,0.8731376,-2.443001,0.09560267,0.78918034,-0.23360303,0.41990662,-2.8868978,-2.283533,-0.9319546,1
3.0,3,0.9382354,0.2541505,-0.40720168,10.4203005,-1.9573102,-1.2344526,-1.1848298,-0.0097322315,-1.1900213,-1.4650949,3.1828477,0.87421,-2.4486861,0.09607061,0.79400235,-0.22891374,0.4248404,-2.8880885,-2.2895834,-0.9318166,1
3.0,3,0.94243056,0.25130406,-0.4110164,10.399875,-1.9556046,-1.2368867,-1.185522,-0.014135869,-1.1945683,-1.4696437,3.21987,0.8738918,-2.457777,0.096571304,0.8015309,-0.2214309,0.43074274,-2.890071,-2.2996783,-0.9308834,1
3.0,3,0.9408577,0.25484976,-0.40648374,10.419392,-1.9570228,-1.2345446,-1.1845249,-0.009903092,-1.1903942,-1.4651189,3.184777,0.8729557,-2.4488652,0.09570418,0.79396206,-0.22892672,0.42319143,-2.8882809,-2.2898483,-0.9312414,1
3.0,3,0.9370713,0.25658196,-0.40396774,10.433425,-1.9582667,-1.2331357,-1.1842427,-0.0069736186,-1.187172,-1.461827,3.1592298,0.8732783,-2.4424741,0.09562445,0.78875476,-0.23411056,0.41962308,-2.8866363,-2.282994,-0.9319941,1
19.0,9,-2.5113173,-1.4311553,0.7559763,-1.209469,-3.6426055,-3.0192137,-2.5347424,-4.0059886,4.630257,9.014094,-0.3836157,-2.1471155,1.7117479,0.61941564,-2.29082,-2.2282867,-2.0739255,-0.07994778,3.1713424,7.246311,0
19.0,9,-2.5175066,-1.4483474,0.76171994,-1.2040434,-3.6546237,-3.039312,-2.5210943,-4.012858,4.621436,8.972579,-0.37248683,-2.1318197,1.6921494,0.6003605,-2.291076,-2.225152,-2.0590308,-0.092056416,3.2259815,7.306513,0
19.0,9,-2.49465,-1.3720644,0.83269286,-1.1957337,-3.7626095,-3.0143394,-2.5890427,-4.019936,4.907618,8.963727,-0.4075966,-2.1131582,1.6548983,0.6004141,-2.3040574,-2.2052045,-2.0815132,-0.23028708,3.1737325,7.260379,0
19.0,9,-2.4163308,-0.9705666,0.75400513,-1.3936869,-3.651558,-2.707967,-2.7810955,-3.6866448,4.966334,9.747988,-0.514649,-2.3788357,1.9241297,0.7572603,-2.0188487,-2.114433,-2.6671352,-0.018554797,1.8243225,5.6953893,0
19.0,9,-2.5160162,-1.4291198,0.76042724,-1.2172972,-3.6584945,-3.0287673,-2.5328627,-3.992951,4.6333866,9.023206,-0.37812915,-2.14812,1.7059939,0.6026106,-2.2769024,-2.221537,-2.0993617,-0.08218626,3.1516979,7.2211514,0
19.0,9,-2.5178246,-1.4553195,0.7615463,-1.201162,-3.651686,-3.043991,-2.514288,-4.017323,4.6101933,8.95715,-0.36851445,-2.1280274,1.6868979,0.5980205,-2.293606,-2.2257752,-2.0491738,-0.09274728,3.2452316,7.3339133,0
9.0,9,-1.6808296,0.68434787,0.79383177,-1.8637234,-2.6924682,-0.67555624,-3.3976796,-2.565055,3.979302,10.496966,-0.57580703,-2.9889705,1.4600906,0.4917705,-1.3921467,-0.83451164,-3.2502837,1.3083231,-0.5864756,1.3036361,1
9.0,9,-1.6808728,0.6827758,0.80169225,-1.8654475,-2.696415,-0.6774686,-3.3972874,-2.565062,3.9787817,10.496542,-0.57528406,-2.9898021,1.4516281,0.49106526,-1.3889488,-0.8286625,-3.2516105,1.3020169,-0.5892508,1.3053056,1
9.0,9,-1.720123,0.66557235,0.7603006,-1.8906586,-2.7711456,-0.6532775,-3.4409335,-2.6045084,4.2153716,10.459476,-0.62425154,-2.9605577,1.4558027,0.5454301,-1.446115,-0.8394019,-3.1745353,1.1956106,-0.49094984,1.3342191,1
9.0,9,-1.6097168,0.7766487,0.8169597,-1.9571806,-2.7362695,-0.6626302,-3.43519,-2.589081,4.0785046,10.44236,-0.50302404,-3.0040288,1.3049742,0.49552655,-1.2758195,-0.64998335,-3.2835348,1.1020236,-0.69045854,1.2537152,1
9.0,9,-1.6705754,0.6926723,0.80970436,-1.8727195,-2.6959336,-0.6790951,-3.396898,-2.5632913,3.969274,10.494666,-0.5640746,-2.9932897,1.4312199,0.48517463,-1.3722438,-0.8082451,-3.2605639,1.288129,-0.6091639,1.2990106,1
9.0,9,-1.6777467,0.68645066,0.8012822,-1.8661599,-2.694098,-0.6778829,-3.396724,-2.5644202,3.9739847,10.496752,-0.5720605,-2.9906564,1.4493871,0.48932737,-1.3853356,-0.8259253,-3.2542312,1.3019477,-0.5942693,1.3032209,1
5.0,15,-2.4495225,-1.3524764,-4.0851393,0.081563145,0.66520005,3.781744,-0.7097947,1.490485,-2.8848763,-1.4853526,-0.020873826,-0.36585763,-2.4655735,-1.1946068,6.6807947,8.690412,-1.6562775,-3.036562,-2.1174042,-2.8538666,0
5.0,15,-2.3131344,-1.3560737,-3.9868443,0.05173663,0.6437065,3.652485,-0.77774197,1.109439,-2.8671668,-1.4128852,0.120915465,-0.3435144,-2.5122302,-1.0983597,6.6281223,8.840934,-1.6122043,-3.1470125,-2.053215,-2.7060103,0
5.0,15,-2.1933615,-1.3126804,-3.9700952,0.0246734,0.5710487,3.8343039,-0.7500199,1.0992502,-2.7116127,-1.3225148,0.053445745,-0.40284756,-2.5543966,-0.9918791,6.2721825,8.9104185,-1.5414671,-3.4240508,-2.0377057,-2.6306627,0
5.0,15,-1.8717335,-1.3583363,-3.7296154,-0.05297473,0.5283944,3.492787,-0.86424685,0.33885336,-2.6622899,-1.2060171,0.42023426,-0.33068195,-2.644197,-0.80341107,6.0837297,9.16335,-1.4150461,-3.612495,-1.9198514,-2.2849116,0
5.0,15,-2.2250054,-1.3629675,-3.920776,0.030027067,0.6282689,3.5667405,-0.8148538,0.8816282,-2.8527768,-1.3700421,0.21477766,-0.32799155,-2.5415843,-1.0415436,6.5796356,8.92884,-1.5802201,-3.2119079,-2.0151796,-2.6100342,0
5.0,15,-2.3008232,-1.3486272,-3.9776492,0.054595403,0.6314782,3.6502674,-0.7837192,1.0776869,-2.859596,-1.4044168,0.12100383,-0.3441113,-2.5183969,-1.0839471,6.6196303,8.850907,-1.608123,-3.1712556,-2.043955,-2.6920207,0
7.0,7,-2.6462584,-1.8126438,-3.0777028,-0.19020618,3.0068994,3.0311217,2.1312525,9.717709,-1.2527838,-1.1807159,-2.109739,-1.6890094,-2.4515274,-2.2446146,1.8299888,0.8600818,0.43370873,-1.4372402,-3.7975035,-2.5494518,1
7.0,7,-2.6445727,-1.8239337,-3.0856323,-0.18895763,3.0348449,3.0303044,2.0974655,9.706846,-1.2520763,-1.2035413,-2.1246278,-1.6596545,-2.4610121,-2.2304473,1.8126428,0.8888747,0.48441023,-1.4304186,-3.8204625,-2.5969415,1
7.0,7,-2.6892564,-1.9148278,-3.0789475,-0.3050601,2.9268777,3.0066047,1.8492348,9.557459,-1.0501647,-1.1359583,-2.1035607,-1.5079952,-2.5443075,-2.1676452,1.6566399,0.84033173,0.935608,-1.507802,-3.8414745,-2.5930645,1
7.0,7,-2.6978006,-1.9318508,-3.085226,-0.32173175,2.9159856,3.016924,1.7779999,9.5158,-1.0072669,-1.1528296,-2.1202068,-1.4584608,-2.5680392,-2.1330292,1.6240786,0.8730633,1.0511743,-1.5324177,-3.868278,-2.6444316,1
7.0,7,-2.6537116,-1.827698,-3.09218,-0.17298032,3.0123987,3.0408082,2.0596192,9.694677,-1.2305931,-1.2218498,-2.138434,-1.6265874,-2.4648147,-2.2079945,1.7890633,0.92684263,0.5182776,-1.4488019,-3.839056,-2.6405516,1
7.0,7,-2.6517334,-1.8162494,-3.07951,-0.17326745,2.9916034,3.039148,2.0893052,9.707276,-1.2268162,-1.1966076,-2.1266446,-1.6558325,-2.4530265,-2.2200665,1.8021982,0.8964819,0.46131337,-1.4525652,-3.8222966,-2.599939,1
10.0,10,-0.48147017,-0.75866157,0.44789103,0.9264858,-1.7422451,-2.3425663,-0.95936686,-1.6936398,-0.8666099,-0.6586408,10.625758,1.9973967,-2.1944835,-0.6925972,0.2784872,1.525092,0.5492004,0.92737806,-2.8849423,0.23741086,1
10.0,10,-0.46157283,-0.74281824,0.42643973,0.9291455,-1.7412924,-2.295483,-0.9668025,-1.6943703,-0.8802971,-0.6677472,10.603934,1.9639109,-2.217756,-0.71074235,0.3439005,1.5953403,0.51953375,0.8783904,-2.890287,0.21706913,1
10.0,10,-0.38187397,-0.715565,0.31892806,0.9610657,-1.8130945,-2.0856748,-0.97959185,-1.6752511,-0.8292379,-0.7390964,10.441292,1.8700835,-2.2543979,-0.7098881,0.5207287,1.8997557,0.4526735,0.5153906,-2.928013,0.07951859,1
10.0,10,-0.37077656,-0.6890973,0.29208654,0.9544321,-1.8087728,-2.025316,-1.0006955,-1.6798615,-0.8491077,-0.7553383,10.418248,1.8450457,-2.2957008,-0.73405874,0.6103003,1.9824753,0.4383275,0.47723177,-2.9329386,0.044832923,1
10.0,10,-0.45343074,-0.735498,0.41661203,0.92969084,-1.7403685,-2.2743237,-0.97082937,-1.6950423,-0.8871494,-0.6720034,10.594445,1.9492822,-2.2288816,-0.718838,0.3742131,1.6267102,0.5071262,0.85820866,-2.892425,0.20777017,1
10.0,10,-0.46627128,-0.74603343,0.43117335,0.92815423,-1.7406754,-2.3061736,-0.9654352,-1.6943462,-0.8781264,-0.66545564,10.60955,1.9714068,-2.2133641,-0.7074524,0.33008915,1.579557,0.5263666,0.8908229,-2.8889744,0.22188543,1
14.0,14,-3.5070808,0.6440482,-2.150417,-1.2916265,-0.26295996,-0.14819749,-2.0484614,-0.7698873,-1.9461771,0.16064674,0.6354164,1.4590139,-1.0497763,-0.3380535,10.039077,2.5410428,-2.163123,-0.2505957,-0.7339668,-1.8334744,1
14.0,14,-3.508244,0.6421716,-2.149464,-1.2938994,-0.26612234,-0.14749116,-2.0499144,-0.77703553,-1.9457737,0.16307765,0.6427814,1.4561011,-1.0510179,-0.33977398,10.039258,2.5526233,-2.1630688,-0.2549511,-0.73457885,-1.8302739,1
14.0,14,-3.506856,0.6441026,-2.1536157,-1.3067849,-0.2713821,-0.1387647,-2.0525026,-0.7863925,-1.9362506,0.16800141,0.64900464,1.452565,-1.0474234,-0.34009188,10.0395775,2.5749388,-2.1662414,-0.27482957,-0.7336818,-1.8287328,1
14.0,14,-3.506226,0.63089925,-2.1515176,-1.3185046,-0.2846506,-0.13820295,-2.0599182,-0.8265104,-1.93565,0.16313377,0.70023406,1.4516143,-1.0603071,-0.35631713,10.042511,2.6516905,-2.156318,-0.3151972,-0.7318562,-1.808634,1
14.0,14,-3.5087068,0.6400996,-2.1487334,-1.2956457,-0.26849994,-0.14763945,-2.0509238,-0.783151,-1.9458008,0.16300198,0.65029204,1.455511,-1.0528005,-0.34200522,10.03957,2.563708,-2.1617575,-0.26026937,-0.7345053,-1.8270808,1
14.0,14,-3.5079718,0.6422511,-2.149593,-1.2936074,-0.26574898,-0.14781144,-2.0496879,-0.77637243,-1.9459196,0.16214034,0.6424919,1.4569862,-1.0511346,-0.33983666,10.039296,2.5518932,-2.1626647,-0.25507417,-0.7343235,-1.8304179,1
19.0,19,-1.0235565,-2.2630775,2.2015998,-1.1415873,-2.5700765,-2.7181277,1.6858944,-1.0147676,1.6390811,4.153181,0.42689455,-1.7835821,-0.8633676,-0.8402548,-1.9247699,-0.9996489,-2.6152685,-2.256915,1.1634257,10.82788,1
19.0,19,-1.0134492,-2.2723222,2.2087507,-1.1569724,-2.5716794,-2.6944404,1.6887063,-0.9699272,1.6487603,4.1578856,0.4096578,-1.7906809,-0.88704526,-0.8401963,-1.8968838,-0.9652344,-2.6498232,-2.298421,1.1139586,10.792071,1
19.0,19,-0.88840383,-2.2603257,2.2122886,-1.1545032,-2.5188997,-2.6123583,1.6577117,-0.96606123,1.6313559,4.0282016,0.4126233,-1.8181243,-0.9729322,-0.8121003,-1.874505,-0.8591596,-2.6883671,-2.3334823,1.0293503,10.795189,1
19.0,19,-0.86963516,-2.456393,2.1344244,-1.3852649,-2.520412,-2.0752194,1.7714502,-0.038474225,1.7432412,4.0114026,0.019912887,-1.8910437,-1.3301307,-0.8564678,-1.2424618,-0.16569035,-3.2626398,-3.1121795,0.30702177,10.02428,1
19.0,19,-0.98493475,-2.293908,2.2165434,-1.1919265,-2.56566,-2.625553,1.7086942,-0.85034287,1.6579881,4.147642,0.36807963,-1.8085833,-0.95093143,-0.8444896,-1.8257782,-0.8718725,-2.732816,-2.4014754,0.99068356,10.705404,1
19.0,19,-1.0035495,-2.2698197,2.2021344,-1.1508204,-2.5554888,-2.6964386,1.7095104,-0.9665408,1.6141045,4.1189165,0.4195295,-1.7850467,-0.89588225,-0.8475818,-1.9037861,-0.96388197,-2.6319234,-2.2894719,1.1255602,10.808993,1
2.0,2,0.8475273,-0.5094516,8.295107,0.89133507,-4.3628955,-1.9854953,-1.6031497,-1.1311107,8.163418,1.4569918,-0.583217,-0.65443027,1.1891586,0.8140734,-3.0853906,-1.3860396,-2.1702025,-3.6002667,-2.2177196,-1.1497542,1
2.0,2,0.8476109,-0.50949585,8.295366,0.8915801,-4.3628235,-1.9858294,-1.6028492,-1.1310627,8.163432,1.4565932,-0.58341676,-0.65437055,1.1895396,0.81431633,-3.0860054,-1.3867776,-2.1700401,-3.599877,-2.2172508,-1.1495384,1
2.0,2,0.8469613,-0.5094619,8.2928915,0.8909563,-4.3631363,-1.9845611,-1.6029813,-1.1305982,8.165225,1.4567394,-0.5838604,-0.653956,1.1890143,0.8135273,-3.0849671,-1.3856318,-2.170215,-3.6009653,-2.2168956,-1.149883,1
2.0,2,0.84737587,-0.5093875,8.294661,0.89134496,-4.3629775,-1.9852837,-1.6031109,-1.1309651,8.163841,1.4569236,-0.58342314,-0.6543161,1.1890974,0.8140096,-3.085319,-1.386076,-2.1702135,-3.600409,-2.2174182,-1.1497598,1
2.0,2,0.8475861,-0.509493,8.295277,0.89164215,-4.3628383,-1.9858382,-1.6027691,-1.1310145,8.163569,1.4564793,-0.58351934,-0.654321,1.1896054,0.81434774,-3.086117,-1.3869352,-2.1700122,-3.5998516,-2.217054,-1.1494832,1
2.0,2,0.84760416,-0.50949454,8.295325,0.89153504,-4.362847,-1.9857628,-1.602927,-1.1310966,8.163402,1.4567,-0.5833435,-0.6543927,1.1894388,0.81426144,-3.0858524,-1.3865694,-2.170091,-3.5999923,-2.2173853,-1.1495707,1
16.0,16,-2.0571432,-1.8415962,-1.2674228,-1.2974911,1.0655587,-0.10393363,-0.63122195,-0.4168811,-0.36789772,-2.7945862,-0.57761127,3.336457,-3.5275288,-0.18286641,-0.31645846,0.28964004,10.459498,-0.97786564,-0.60384905,-1.1711076,1
16.0,16,-2.0592694,-1.807695,-1.247374,-1.257271,1.0149256,-0.12642403,-0.6652346,-0.48525235,-0.3590169,-2.8156075,-0.4711334,3.4027824,-3.552926,-0.18766613,-0.29810673,0.29543322,10.469386,-0.9890427,-0.6195394,-1.1765633,1
16.0,16,-2.0365345,-1.7514267,-1.2001691,-1.3000207,0.9508592,-0.111326665,-0.7186486,-0.5535615,-0.2610796,-2.8049242,-0.34177944,3.3977742,-3.5822566,-0.15391989,-0.2664752,0.31909272,10.433942,-1.060135,-0.68391573,-1.2128879,1
16.0,16,-2.0317557,-1.7809789,-1.2147686,-1.3708248,1.0053632,-0.076815575,-0.6882249,-0.47418588,-0.24441156,-2.763358,-0.47166982,3.2975368,-3.5514688,-0.1331979,-0.28652883,0.3133346,10.408033,-1.0589992,-0.679507,-1.2133992,1
16.0,16,-2.0581172,-1.768348,-1.2267389,-1.2131027,0.9603684,-0.14823353,-0.7027755,-0.55856603,-0.35103533,-2.8410482,-0.33570212,3.4692304,-3.585563,-0.19019602,-0.2750402,0.3047387,10.479007,-1.0043563,-0.6457479,-1.1899645,1
16.0,16,-2.0553463,-1.7989066,-1.2437782,-1.2491084,1.00606,-0.12652147,-0.6743204,-0.4982635,-0.35705885,-2.8242242,-0.43990868,3.4084213,-3.5613894,-0.18476802,-0.2899204,0.30125648,10.469798,-0.9961773,-0.6280695,-1.1853778,1
15.0,15,-1.3690155,-0.42245883,-3.4377747,2.3657217,-0.5677316,1.9701676,-1.0681546,0.08612004,-2.4031603,-1.6941028,-0.7891432,0.26779175,-2.8055387,0.0928575,6.1091495,8.091395,-0.56190526,-5.0840693,-1.5040475,-2.5428872,1
15.0,15,-1.3645773,-0.43390328,-3.4299545,2.3544962,-0.56295204,1.9518889,-1.077638,0.05569296,-2.4137456,-1.6966528,-0.7453428,0.2799203,-2.8104465,0.08717581,6.1069636,8.10603,-0.54263306,-5.069437,-1.5090853,-2.53575,1
15.0,15,-1.314279,-0.4308794,-3.449375,2.1230218,-0.549122,2.0695071,-1.0769168,0.03488721,-2.3271492,-1.646056,-0.6703394,0.24252863,-2.8105295,0.11178847,6.0505924,8.203043,-0.58087,-5.1179185,-1.5386955,-2.524837,1
15.0,15,-1.1798236,-0.51389635,-3.3572862,1.9527441,-0.48958746,2.0177007,-1.1015918,-0.19261193,-2.3695314,-1.6231141,-0.41492552,0.2671365,-2.8534975,0.07776399,5.9660606,8.376715,-0.52142537,-5.097956,-1.5685055,-2.419535,1
15.0,15,-1.3444473,-0.44928885,-3.415787,2.32046,-0.5518469,1.9409329,-1.0860761,0.011804432,-2.4227033,-1.6930108,-0.6916869,0.28681284,-2.8182743,0.08085215,6.0963035,8.13951,-0.52875435,-5.061157,-1.5162275,-2.5193179,1
15.0,15,-1.3285199,-0.4496566,-3.4113286,2.301329,-0.54650366,1.9555881,-1.0808153,0.008534649,-2.4175017,-1.6847935,-0.699568,0.27565694,-2.8195019,0.081846826,6.08787,8.155346,-0.543092,-5.074399,-1.5162987,-2.5111473,1
6.0,6,-1.4379733,-0.8804535,-1.4511393,-2.9438744,1.2253399,0.82066834,9.021377,1.4796716,-1.0856786,-2.5227075,-1.8913376,-1.1314112,3.4975326,-0.15193534,0.93635744,0.19747974,-1.7932673,-1.4423862,0.595541,1.4108511,1
6.0,6,-1.4050574,-0.9271352,-1.4361502,-2.9770887,1.2465978,0.8048662,8.948963,1.4358816,-1.1029037,-2.5190723,-1.8380663,-1.0874046,3.5027676,-0.15544918,0.9436258,0.22725579,-1.8100849,-1.3686672,0.5557802,1.4309627,1
6.0,6,-1.2040235,-1.151644,-1.3688369,-3.1135998,1.3573085,0.77324414,8.626026,1.249121,-1.0997739,-2.486128,-1.720478,-0.9779774,3.600332,-0.16358243,0.93618417,0.41241056,-1.9609896,-1.1587737,0.41737148,1.5596287,1
6.0,6,-1.2282461,-1.1277062,-1.3924047,-3.1005216,1.3643534,0.8111366,8.703816,1.2829735,-1.0410788,-2.4758651,-1.8429145,-1.051299,3.647079,-0.112299904,0.90077955,0.397931,-1.966529,-1.2690421,0.46834692,1.5694983,1
6.0,6,-1.3641868,-0.97445786,-1.4174824,-3.0074024,1.2632788,0.7874205,8.872549,1.3920444,-1.1195582,-2.5180483,-1.7823988,-1.0446653,3.5086668,-0.17038335,0.9527284,0.2642079,-1.8361697,-1.2985975,0.51526535,1.4529362,1
6.0,6,-1.400684,-0.92810345,-1.4336107,-2.9765935,1.2440023,0.80307996,8.946803,1.4348028,-1.103403,-2.5203207,-1.8355424,-1.0874745,3.5022817,-0.16107108,0.9453425,0.23149857,-1.8155423,-1.3695648,0.554492,1.4335488,1
1.0,1,-0.45846117,9.852141,0.44128835,0.7094336,-1.9804404,-0.3930697,-0.03643342,-1.7447894,-1.1493821,0.86518204,-1.0977694,-1.2554137,-0.7966176,3.9233391,2.2623537,-0.1569709,-3.3494813,0.44524044,-2.1866345,-2.9055154,1
1.0,1,-0.4561466,9.854269,0.4418632,0.7108593,-1.9822907,-0.3935994,-0.03578716,-1.7446442,-1.1485006,0.865527,-1.0974444,-1.2550292,-0.79550886,3.9188068,2.2596262,-0.15692337,-3.350202,0.44477648,-2.185534,-2.9051464,1
1.0,1,-0.4535943,9.857544,0.4412907,0.71076006,-1.982749,-0.39265847,-0.03451962,-1.7442061,-1.146503,0.8663248,-1.0974241,-1.2565055,-0.7926514,3.9167306,2.2545853,-0.16025801,-3.3508332,0.44681877,-2.1838665,-2.9043639,1
1.0,1,-0.4463367,9.866929,0.44099498,0.71647775,-1.9882119,-0.39296198,-0.032032903,-1.7432235,-1.1441413,0.8645239,-1.0959024,-1.2506429,-0.78943264,3.8943613,2.2458732,-0.15548189,-3.351038,0.44317937,-2.1781046,-2.9032328,1
1.0,1,-0.45477495,9.855682,0.4421172,0.7118116,-1.9833963,-0.3938749,-0.035395287,-1.7445377,-1.1480308,0.86557484,-1.0972205,-1.2544984,-0.7949183,3.915555,2.2580528,-0.15655048,-3.3505135,0.44432002,-2.184754,-2.904919,1
1.0,1,-0.45700893,9.853584,0.44161314,0.71036047,-1.981585,-0.39337826,-0.036023185,-1.7446884,-1.1488496,0.8653676,-1.0975589,-1.2550662,-0.79595727,3.9202096,2.260633,-0.15682717,-3.3498793,0.44490072,-2.1858647,-2.9052365,1
16.0,16,-1.1670026,-3.1360033,-1.7243657,-2.5009725,3.606493,-1.8227355,1.8163524,0.46053147,-1.6004535,-4.2234044,1.0117627,4.1957774,0.066738635,-1.5020438,-3.2850292,-1.8752621,9.716435,3.863745,0.71713495,-1.7479247,1
16.0,16,-1.1664095,-3.1178205,-1.7004868,-2.4835482,3.6260905,-1.8535374,1.7770015,0.49253875,-1.5899254,-4.2140822,1.1125591,4.2181444,0.093256325,-1.501075,-3.3477683,-1.945855,9.633263,4.0613346,0.6463475,-1.8030508,1
16.0,16,-0.4836177,-2.9244099,-1.3061985,-3.1784608,4.198348,-1.5325222,1.2771397,0.92081386,-0.1873019,-3.7869737,1.2996763,3.617887,0.9414731,-1.3391256,-3.615993,-2.1776416,7.992833,4.050445,-0.21441302,-2.6329262,1
16.0,16,-0.61105096,-3.1176655,-1.6174178,-3.2950854,4.2944994,-1.4009742,1.750377,0.77118534,-0.4204168,-3.9025855,0.48694572,3.4228735,0.88606405,-1.2750041,-3.2675264,-1.8900561,8.599917,3.0092542,0.32867703,-2.1564775,1
16.0,16,-1.1716739,-3.0825436,-1.6608696,-2.4460428,3.6385052,-1.902043,1.70184,0.5237701,-1.5836738,-4.1969233,1.2846383,4.2607555,0.11813983,-1.5021822,-3.4383767,-2.051136,9.511064,4.3839016,0.54417324,-1.8775256,1
16.0,16,-1.1736298,-3.1162844,-1.6971021,-2.4726171,3.6141632,-1.8617498,1.7745316,0.48351496,-1.5970957,-4.216324,1.1264342,4.2280817,0.092017785,-1.5013428,-3.352569,-1.9524449,9.635617,4.085781,0.64852643,-1.7997712,1
11.0,17,-1.3052063,-1.5760111,-1.6392523,-0.46355623,3.9065692,-0.8433991,-1.185275,1.8187813,-2.5571918,-2.2097404,2.5753899,1.2539463,0.22104387,-1.909786,-2.2443073,-2.3743281,3.3112135,11.079422,-1.1926391,-2.4048774,0
11.0,17,-1.2920383,-1.5220639,-1.6079888,-0.4234076,3.8486667,-0.84858435,-1.2478757,1.7559458,-2.539444,-2.1405976,2.6535237,1.2276736,0.21300451,-1.9131448,-2.2177994,-2.3780515,3.2003677,11.126349,-1.196693,-2.3767605,0
11.0,17,-1.2063481,-1.47923,-1.7397739,-0.5389312,4.012168,-0.5866235,-1.3522385,2.0690901,-2.532468,-2.0423906,2.5522945,0.9739423,0.21314503,-1.99166,-2.157844,-2.2526317,3.0213184,11.020411,-1.355165,-2.5099735,0
11.0,17,-1.2384815,-1.5795299,-1.7842768,-0.6214269,4.129867,-0.59312785,-1.243972,2.1568675,-2.5636785,-2.1398754,2.4242296,1.0192484,0.21518555,-1.9792595,-2.2053385,-2.2436655,3.2145061,10.942908,-1.3521253,-2.5361743,0
11.0,17,-1.2804588,-1.4761887,-1.578089,-0.38891834,3.7972512,-0.85737425,-1.3050466,1.6941751,-2.525274,-2.0793808,2.7266724,1.2096313,0.1986861,-1.916809,-2.194434,-2.3807044,3.1140337,11.165207,-1.1987842,-2.3483236,0
11.0,17,-1.2920308,-1.5225542,-1.6083001,-0.42407015,3.8495555,-0.8481992,-1.2470455,1.756715,-2.5395808,-2.1413443,2.6524067,1.2274107,0.21343423,-1.9128447,-2.217962,-2.3779972,3.2008767,11.125969,-1.1968215,-2.3771558,0
5.0,5,-2.5109432,-0.57044965,-3.7408693,-0.5403353,-0.15000622,7.9007277,-0.3392804,5.047972,-0.58738816,-1.5731432,-2.471916,-0.86977017,-2.0287995,-0.32523018,2.2187192,4.501361,0.95183206,-2.9754112,-2.056563,-3.5002174,1
5.0,5,-2.46004,-0.54450303,-3.776074,-0.5487636,-0.11577255,7.9104595,-0.38733903,4.854595,-0.6403788,-1.5719271,-2.453163,-0.8467932,-2.1131968,-0.2839856,2.3277736,4.696197,0.9456835,-3.0590184,-2.0721955,-3.4975953,1
5.0,5,-2.5770373,-0.61547714,-3.746565,-0.58940935,-0.21267995,7.794962,-0.44539276,5.038929,-0.48916185,-1.5908525,-2.4306335,-0.755758,-2.0597816,-0.28173706,2.079809,4.336011,1.3171545,-2.9413152,-2.0162146,-3.5206723,1
5.0,5,-2.4172804,-0.54361147,-3.839093,-0.6194951,-0.08567137,7.8201833,-0.56603515,4.4783726,-0.6653692,-1.59565,-2.3762724,-0.6985905,-2.3139067,-0.16359182,2.4104815,4.9256134,1.2799402,-3.184233,-2.0737984,-3.5140324,1
5.0,5,-2.4162264,-0.52764916,-3.8023796,-0.55509233,-0.08387854,7.9127626,-0.42428133,4.6968074,-0.68801814,-1.5718107,-2.4352093,-0.82876563,-2.1820016,-0.2531828,2.415542,4.857429,0.94035065,-3.1246786,-2.0829778,-3.4918752,1
5.0,5,-2.454648,-0.54164684,-3.7787902,-0.5490045,-0.11345396,7.9113245,-0.39191929,4.834121,-0.6447974,-1.5708086,-2.4512844,-0.84504116,-2.1214726,-0.2793893,2.3388364,4.715878,0.94320375,-3.0685573,-2.0732958,-3.496136,1
6.0,6,-1.4049338,-1.7812059,-2.0386412,-2.2136955,2.3796308,0.9691418,10.3670845,4.6080165,-2.3263264,-3.26369,-1.8612498,-1.4852597,2.560556,-1.6999921,-1.2384276,-1.0574446,0.43373823,-1.7978075,1.479095,1.7374781,1
6.0,6,-1.4121358,-1.7656237,-2.0166578,-2.2105334,2.364265,0.99993545,10.379545,4.6739416,-2.3199131,-3.2435815,-1.8558198,-1.4896127,2.5156696,-1.7166259,-1.2487289,-1.0523992,0.40137655,-1.7967955,1.4066623,1.7064416,1
6.0,6,-1.548366,-1.7450949,-1.9788256,-1.9418764,2.0197833,1.0432328,10.3906145,5.024011,-2.416306,-3.146863,-1.6559168,-1.330553,1.5415597,-2.2424474,-1.298983,-0.68093395,0.6063739,-2.2481067,1.4567535,2.3718295,1
6.0,6,-1.5601984,-1.8066111,-2.0212443,-1.9661404,2.0677276,0.98603326,10.373774,4.8942466,-2.4154317,-3.1655266,-1.6872995,-1.329106,1.6304893,-2.1844575,-1.2843438,-0.6949003,0.6523208,-2.247732,1.5885432,2.4791772,1
6.0,6,-1.4271218,-1.7193636,-1.9803609,-2.1718857,2.296744,1.0451481,10.40779,4.804397,-2.3288715,-3.2111597,-1.8149693,-1.4763814,2.3376658,-1.8070531,-1.2712901,-1.0094712,0.3849411,-1.843342,1.3089579,1.719638,1
6.0,6,-1.4162138,-1.7471465,-2.010643,-2.1888072,2.3336546,1.0048338,10.389558,4.704066,-2.3307111,-3.239056,-1.835154,-1.4783908,2.439562,-1.758653,-1.2554919,-1.0305748,0.41526973,-1.8268183,1.4015538,1.7387071,1
9.0,9,-3.9737575,0.8181871,0.38517976,-0.9410769,-3.6801975,-1.4548029,-1.5924155,0.028053228,3.185556,9.316812,-1.495424,-3.0692446,1.5884751,2.4042494,0.5536213,-1.8689107,-4.2946734,0.09357537,-1.250857,0.17467399,1
9.0,9,-3.9967937,0.83400995,0.3566905,-0.9365775,-3.6663952,-1.4437511,-1.6005611,0.09830089,3.1399307,9.241147,-1.4911344,-3.0394819,1.5483984,2.361959,0.7307112,-1.8182878,-4.34197,0.056481615,-1.30852,0.08499521,1
9.0,9,-3.8749037,0.8194879,0.42039397,-0.9543108,-3.7927878,-1.4450364,-1.9693416,-0.4141506,3.63749,9.539851,-1.4680704,-3.0237017,1.6778259,2.4149299,0.4532408,-1.749001,-4.289681,-0.023540838,-1.1128827,0.28374237,1
9.0,9,-3.987094,0.84252506,0.18983185,-0.9691397,-3.629231,-1.3259083,-2.029483,0.00043647923,3.3847668,9.130881,-1.4044979,-2.8257473,1.406172,2.1433368,1.424899,-1.4021558,-4.4787703,-0.2416387,-1.4518216,-0.18446845,1
9.0,9,-4.028854,0.85258967,0.31817365,-0.92958814,-3.6559727,-1.4297249,-1.6217536,0.17200577,3.0981536,9.144172,-1.4829396,-2.9933705,1.5007976,2.3064322,0.9592249,-1.7480016,-4.3990107,0.0006880895,-1.3698882,-0.023586106,1
9.0,9,-3.9942398,0.83663064,0.35436633,-0.93705416,-3.6613028,-1.4429109,-1.597968,0.101073384,3.133759,9.240438,-1.490993,-3.0405526,1.5442332,2.3612947,0.73526365,-1.8155318,-4.3430934,0.055655804,-1.3155798,0.08277254,1
17.0,17,-2.9501684,-2.6071768,-1.3998291,-1.0383964,1.2107383,-2.6131346,1.0985633,1.699725,-1.8431698,-3.0142717,3.131833,4.759899,1.0682471,-0.73958135,-2.5606158,-3.630234,4.317959,9.328358,-0.110409826,-2.2781394,1
17.0,17,-2.922685,-2.4823632,-1.4144629,-1.0208701,1.2925487,-2.499278,0.9877766,1.7228707,-1.8655932,-2.9098272,3.19686,4.5839043,1.0483481,-0.79107285,-2.4651716,-3.6132271,4.0427995,9.55994,-0.20697497,-2.294073,1
17.0,17,-3.2280414,-1.782188,-2.1793487,-1.8205011,2.0955744,-1.081565,1.2192284,2.7294378,-1.9700799,-2.1297011,2.8363724,3.0871797,1.4316505,-0.42710733,-0.9358684,-3.2462707,1.4072441,9.626301,-1.1790317,-2.9557788,1
17.0,17,-3.4889932,-1.8481588,-2.4483986,-2.193153,2.1679318,-0.7911118,1.7541354,3.265239,-1.8907782,-2.0197031,2.4608579,2.9259942,1.6067,-0.15511337,-0.5235417,-3.1569674,0.96677536,8.840885,-1.4176003,-3.1479187,1
17.0,17,-2.8776162,-2.3229635,-1.4288892,-0.9986645,1.3899808,-2.3542714,0.8265832,1.7199274,-1.8990092,-2.7758057,3.2809806,4.3599544,1.0112666,-0.85409594,-2.349394,-3.5815928,3.7256439,9.841123,-0.3081073,-2.3008356,1
17.0,17,-2.9304528,-2.5064178,-1.4017344,-1.0197484,1.2695509,-2.5290318,1.0005392,1.7053951,-1.8603526,-2.9288979,3.1900468,4.6249895,1.0371951,-0.77737397,-2.489827,-3.6173518,4.1182594,9.520302,-0.1890694,-2.2844894,1
17.0,17,-1.455333,-0.66906387,-1.6498861,-0.000355402,2.1457648,-1.114578,-1.1568161,0.08590177,-2.2226813,-0.37814495,2.8222857,-0.39310622,1.7672105,-0.3843583,-1.2968955,-3.0867019,0.22567351,11.581883,-0.923188,-1.5687532,1
17.0,17,-1.4316051,-0.6728044,-1.6290779,-0.030723715,2.139508,-1.1217997,-1.1697935,0.069892794,-2.19698,-0.39142045,2.8753035,-0.36560878,1.7739729,-0.45647913,-1.3373747,-3.069517,0.25934333,11.594253,-0.90843415,-1.5635192,1
17.0,17,-1.3935438,-0.6846931,-1.5950469,-0.102290556,2.1287332,-1.1432587,-1.1906711,0.040973928,-2.143004,-0.40299168,2.9791474,-0.32486698,1.795608,-0.5692553,-1.4060789,-3.0373545,0.30676496,11.611128,-0.90032315,-1.554166,1
17.0,17,-1.3304284,-0.70296735,-1.5293978,-0.21128625,2.0969179,-1.1929259,-1.2396036,-0.02787267,-2.0690224,-0.4266072,3.1707802,-0.24863921,1.8191067,-0.71294725,-1.5005641,-2.9819229,0.38667417,11.629913,-0.89481974,-1.5373769,1
17.0,17,-1.4000684,-0.6787669,-1.5960171,-0.063031584,2.1219063,-1.1475009,-1.188739,0.04169595,-2.163194,-0.40953007,2.9678335,-0.32106522,1.7776568,-0.5485474,-1.3943646,-3.050979,0.3071832,11.607486,-0.8960252,-1.5506922,1
17.0,17,-1.4261848,-0.67374915,-1.6236162,-0.033297062,2.1358454,-1.1298463,-1.1726549,0.062211096,-2.1927733,-0.3932581,2.8948033,-0.35775885,1.7745163,-0.47087094,-1.3455893,-3.067813,0.26504534,11.595699,-0.90810764,-1.5591314,1
0.0,8,4.6178846,2.0514333,2.8990927,-1.2003764,-2.2435505,0.7774452,-2.8909378,0.16828273,7.045658,3.4040918,-0.82741064,-2.9370348,-1.5770422,1.538785,-1.8477528,0.7819447,-2.3437314,-4.3624625,-3.0291529,-3.296467,0
0.0,8,4.6180425,2.0516658,2.8979442,-1.2003946,-2.243023,0.77807343,-2.8906887,0.16880323,7.043271,3.4017951,-0.82676107,-2.936437,-1.5787224,1.5400273,-1.8459423,0.7842865,-2.3426738,-4.364122,-3.0299058,-3.2982545,0
0.0,8,4.609395,2.0511494,2.8961153,-1.2011232,-2.2458453,0.7802962,-2.890933,0.16814773,7.0473046,3.3994823,-0.8280845,-2.933686,-1.5790976,1.5436428,-1.8439025,0.783683,-2.339271,-4.364519,-3.026582,-3.2988794,0
0.0,8,4.613116,2.0517883,2.8923328,-1.201541,-2.2421086,0.7825438,-2.889219,0.17086107,7.035878,3.3891172,-0.823706,-2.9313755,-1.5861408,1.5467548,-1.8371131,0.79384124,-2.3347178,-4.371234,-3.0313337,-3.3066325,0
0.0,8,4.617973,2.0517712,2.8974316,-1.2004162,-2.2428598,0.77835643,-2.890604,0.16901608,7.042282,3.4008467,-0.8265822,-2.9361844,-1.5794517,1.5406789,-1.8451217,0.7852832,-2.342238,-4.3648634,-3.0301783,-3.298988,0
0.0,8,4.617712,2.0515857,2.8983896,-1.2004074,-2.2433662,0.7778376,-2.8908393,0.16856806,7.044329,3.402823,-0.8272365,-2.936699,-1.5780407,1.5397547,-1.8466035,0.78329355,-2.3431509,-4.363491,-3.0295002,-3.297459,0
2.0,2,-0.9586839,-0.99611455,9.681968,0.31519625,-2.9582913,-2.1708834,-1.742565,-1.7551739,1.7218541,5.494313,-0.7990641,-2.6687272,0.4674502,2.1437361,-2.1505702,-2.2791133,-1.9093454,-0.05998266,-1.1896228,1.1737554,1
2.0,2,-0.9602091,-0.9957844,9.676965,0.31417155,-2.95824,-2.17103,-1.7436519,-1.7563981,1.7219448,5.5039673,-0.7998515,-2.6706913,0.46729767,2.143266,-2.152303,-2.280287,-1.9112953,-0.0570173,-1.1898898,1.177192,1
2.0,2,-0.9640258,-0.9986441,9.67136,0.31294912,-2.9599242,-2.171547,-1.7432424,-1.7583891,1.7235389,5.5141335,-0.80169576,-2.6730773,0.46839386,2.1438923,-2.1560876,-2.2815735,-1.913029,-0.055346314,-1.1866314,1.1860822,1
2.0,2,-0.9482194,-0.9989133,9.715519,0.31326246,-2.9567971,-2.1720243,-1.7328005,-1.7481738,1.7226856,5.436202,-0.7907244,-2.6545463,0.46589547,2.1502557,-2.1414669,-2.2686439,-1.8989114,-0.08619089,-1.1931177,1.1555816,1
2.0,2,-0.9592599,-0.9956602,9.679492,0.31375328,-2.9579787,-2.1712658,-1.7429748,-1.7559044,1.7220674,5.500108,-0.7990673,-2.669595,0.4669634,2.143771,-2.1517563,-2.2796195,-1.9105854,-0.059008602,-1.1905206,1.1757035,1
2.0,2,-0.960185,-0.9957781,9.6769,0.3141595,-2.9581368,-2.170937,-1.7436517,-1.7562615,1.721509,5.5036836,-0.79980165,-2.6707215,0.4671148,2.1432018,-2.1517792,-2.2799366,-1.9113395,-0.057147983,-1.1901357,1.1770092,1
14.0,14,-3.5438972,0.6725101,-1.8764813,-1.7860882,-0.44887477,0.99903154,-2.3741589,-1.0146149,-1.1741921,0.8018199,-0.41651496,0.2952591,-0.16152917,1.1725914,9.619895,3.3645613,-3.297197,-0.27395394,-1.3025059,-2.7078059,1
14.0,14,-3.545419,0.6588204,-1.8751597,-1.7921306,-0.46232942,0.996546,-2.3732805,-1.031198,-1.1794193,0.8042006,-0.39604384,0.29999396,-0.17461286,1.142379,9.620814,3.410773,-3.289064,-0.29135844,-1.3012825,-2.6906028,1
14.0,14,-3.548525,0.65581673,-1.8848277,-1.8194463,-0.48150793,1.0172619,-2.3941817,-1.0552056,-1.1393405,0.84373343,-0.3831542,0.29500875,-0.14796893,1.1476934,9.592794,3.4487402,-3.3040073,-0.2987869,-1.3068054,-2.698942,1
14.0,14,-3.5441732,0.60566294,-1.8956511,-1.8336232,-0.49473152,0.9985102,-2.3764155,-1.083349,-1.1797396,0.8036771,-0.30500633,0.34276086,-0.20942496,1.0313724,9.613658,3.5927575,-3.251792,-0.36264196,-1.2970661,-2.6406515,1
14.0,14,-3.5456302,0.6517018,-1.8752201,-1.7948046,-0.46735504,0.9945266,-2.3722358,-1.0379553,-1.1836919,0.8034779,-0.3850587,0.30406144,-0.18264802,1.125718,9.622309,3.433608,-3.283543,-0.30025962,-1.3007087,-2.681795,1
14.0,14,-3.5448928,0.6628192,-1.8755889,-1.790379,-0.45855597,0.9969972,-2.37336,-1.0267072,-1.1784459,0.8030411,-0.40132034,0.29905254,-0.1716563,1.1501825,9.620996,3.3984742,-3.2908974,-0.2869585,-1.3014975,-2.694981,1
8.0,8,-1.3652788,-0.27305102,1.7131034,-0.36093727,-4.2815156,-0.35515943,-3.4846923,-2.176734,9.960047,3.5904214,-1.8760456,-0.6554532,0.8428936,1.2009554,-2.1931455,-1.4553092,-0.2969594,-2.3769608,4.445028,1.0292999,1
8.0,8,-1.3745339,-0.27978706,1.6994534,-0.35120136,-4.2815824,-0.3638241,-3.486486,-2.1859062,9.9434595,3.5665245,-1.8760735,-0.6411758,0.83625495,1.1948019,-2.186279,-1.4525388,-0.27370435,-2.3766885,4.495884,1.0529591,1
8.0,8,-1.1997827,-0.17424877,1.819574,-0.44582376,-4.250573,-0.20456609,-3.4597936,-2.0502117,10.072747,3.73223,-1.8387841,-0.7848443,0.7811327,1.2010615,-2.2099986,-1.4299735,-0.49700987,-2.4175968,3.8769605,0.7940776,1
8.0,8,-1.102716,-0.090811394,1.9014735,-0.50894535,-4.267712,-0.11135353,-3.4303708,-1.9464432,10.123417,3.770598,-1.847848,-0.86787015,0.7550056,1.2601485,-2.1647773,-1.3629682,-0.67233413,-2.4991872,3.550468,0.5867376,1
8.0,8,-1.3724319,-0.273946,1.7010183,-0.35145026,-4.2856455,-0.36045036,-3.4828353,-2.180254,9.941946,3.5546076,-1.8793224,-0.64114314,0.8323367,1.1969239,-2.1781175,-1.4448526,-0.2812841,-2.3847344,4.4987926,1.0464824,1
8.0,8,-1.3779795,-0.2817267,1.6993839,-0.35019425,-4.283221,-0.36857703,-3.4866347,-2.1887984,9.943163,3.568829,-1.8767245,-0.6406725,0.83981365,1.1957017,-2.1880395,-1.4547828,-0.27307373,-2.3749146,4.5036216,1.0583894,1
3.0,9,-1.3662896,1.2123634,3.5775912,-1.8242579,-2.8376782,-1.362708,-3.0474966,-1.7873785,1.7961695,9.692745,-0.21503204,-3.4432688,-0.059956226,1.6908325,0.18032084,-0.39152536,-3.846623,0.5629718,-3.1770506,-0.52666014,0
3.0,9,-1.3663166,1.2122777,3.5776823,-1.8241872,-2.8376834,-1.3627297,-3.047484,-1.7873864,1.7961979,9.692823,-0.21510135,-3.4432757,-0.059883323,1.6908336,0.18017052,-0.3916968,-3.8465889,0.5630801,-3.1769466,-0.5265831,0
3.0,9,-1.3663903,1.2124398,3.5773683,-1.8243852,-2.8379683,-1.3626454,-3.047662,-1.7875296,1.796883,9.692926,-0.21519932,-3.4432364,-0.06005126,1.6910384,0.1801463,-0.391478,-3.846517,0.5625744,-3.1768699,-0.5264919,0
3.0,9,-1.3661978,1.2124695,3.5779603,-1.8248893,-2.8381999,-1.3626077,-3.0476,-1.7873646,1.7965622,9.691886,-0.21443649,-3.4432871,-0.06050315,1.6915493,0.1810118,-0.39033574,-3.8467221,0.5616135,-3.1779075,-0.52729005,0
3.0,9,-1.3663267,1.2122439,3.5777419,-1.8241675,-2.8376908,-1.3627431,-3.0474772,-1.7873899,1.7962075,9.692829,-0.21511902,-3.443275,-0.059866387,1.6908504,0.18012674,-0.39174697,-3.846576,0.5630949,-3.1769242,-0.5265621,0
3.0,9,-1.3663392,1.2122989,3.5775886,-1.8241463,-2.8376446,-1.3627359,-3.0474863,-1.7874036,1.7962124,9.692919,-0.21517472,-3.4432595,-0.059862558,1.6907765,0.18012752,-0.39178023,-3.8465714,0.5631511,-3.1768591,-0.52650326,0
4.0,4,0.5154438,-1.8164512,-3.8535578,-2.6182644,9.575976,1.8579891,-0.25268677,1.8014225,-4.20233,-1.9000324,0.79037005,-0.5118396,-1.2854317,-0.5076805,5.5905056,2.8648393,-1.1000668,2.4968956,-3.786612,-3.3681092,1
4.0,4,0.4841296,-1.8443265,-3.8421211,-2.6871789,9.563001,1.8321924,-0.291365,1.7033333,-4.236291,-1.8729585,1.0258504,-0.51396716,-1.2883499,-0.5171367,5.4796305,2.97679,-1.0706031,2.6822414,-3.860107,-3.3559794,1
4.0,4,0.520866,-1.8454251,-3.8690467,-2.874215,9.522137,1.9861352,-0.40539202,1.349781,-3.9570215,-1.5684566,1.2581944,-0.68219745,-1.3959742,-0.46674058,5.210316,3.2820895,-0.9440868,2.3453808,-3.9134219,-3.1261418,1
4.0,4,0.2846738,-2.2490242,-3.6355143,-3.0472686,8.802471,1.525574,-0.6768696,0.71126854,-4.033289,-1.4528525,2.9337664,-0.33045584,-1.5589187,-0.6145393,4.737941,4.1676807,-0.7709086,2.8191724,-4.3277774,-2.893915,1
4.0,4,0.4373273,-1.876424,-3.8243575,-2.7611766,9.521581,1.8131069,-0.33656815,1.5707381,-4.2704406,-1.8353919,1.302292,-0.5197707,-1.3036723,-0.5111869,5.367198,3.1306949,-1.0418749,2.8525596,-3.951362,-3.333567,1
4.0,4,0.47731072,-1.8407973,-3.8402774,-2.69387,9.555103,1.8393896,-0.29553,1.6815256,-4.2380853,-1.8625578,1.0481153,-0.52447695,-1.2923789,-0.50793123,5.478947,3.0006778,-1.0777211,2.6811626,-3.8716047,-3.3493383,1
3.0,3,-0.15771614,1.6801412,-0.8768891,11.573877,-1.4427452,-1.8919638,-0.85023934,0.23136094,-1.1474929,-0.42005986,-0.21900405,1.5972489,-1.1049982,-1.6041415,-0.7429666,-2.3866277,-0.06901427,1.2963566,0.07058644,-0.75936025,1
3.0,3,-0.16284901,1.6715024,-0.89055717,11.572444,-1.4365495,-1.8997368,-0.851623,0.23558825,-1.1490369,-0.44800198,-0.1991592,1.6475849,-1.1048442,-1.6394236,-0.74626976,-2.3899977,-0.03681506,1.314992,0.06713538,-0.7748545,1
3.0,3,-0.16320331,1.6558117,-0.91316867,11.572915,-1.4318043,-1.9026281,-0.85188174,0.242286,-1.1302826,-0.48125252,-0.1949306,1.7113855,-1.0955851,-1.6792381,-0.7600565,-2.3891475,-0.0007640794,1.3099644,0.07102657,-0.7915531,1
3.0,3,-0.16719389,1.637742,-0.9375716,11.573316,-1.4274389,-1.9147536,-0.8583866,0.24648947,-1.1154702,-0.5411699,-0.15919217,1.8150674,-1.0896286,-1.7441136,-0.77131116,-2.3926003,0.05982092,1.3255794,0.069570564,-0.82163256,1
3.0,3,-0.1662291,1.6601373,-0.9059881,11.573338,-1.4318688,-1.9093391,-0.85402226,0.23865925,-1.1459105,-0.48730788,-0.1722641,1.7165664,-1.1022393,-1.6861472,-0.75011694,-2.3921084,0.0015350599,1.3306025,0.06389794,-0.79412717,1
3.0,3,-0.16061556,1.6713382,-0.89027804,11.574068,-1.4368445,-1.8994083,-0.851341,0.23532502,-1.1466801,-0.45064995,-0.19767441,1.6514639,-1.1026083,-1.6425843,-0.74550235,-2.3888521,-0.03972379,1.3116664,0.066503644,-0.7760506,1
17.0,17,-0.60082555,-1.3613908,-1.7423449,-1.1791579,4.9293513,-0.5188724,-1.8169365,0.41643995,-2.9332006,-1.5389966,4.2130938,0.7203968,-0.07007338,-1.8351402,-1.0661907,-1.2468172,1.945355,11.177534,-1.7997673,-2.009032,1
17.0,17,-0.59299093,-1.3302022,-1.6900662,-1.157332,4.8092055,-0.5611431,-1.8548387,0.33172828,-2.9253304,-1.5113653,4.414427,0.7460611,-0.12436454,-1.8484513,-1.0965558,-1.2389385,1.9713374,11.17585,-1.8136402,-1.9537117,1
17.0,17,-0.5354451,-1.4159181,-1.7355438,-1.2793815,4.9411674,-0.5641478,-1.8564273,0.3210519,-2.89692,-1.521668,4.434962,0.71600413,-0.10162453,-1.870412,-1.1538947,-1.1929268,2.1218626,11.079724,-1.8537911,-1.9592928,1
17.0,17,-0.5191177,-1.341065,-1.6274699,-1.1995053,4.6692395,-0.6729592,-1.9413753,0.13542639,-2.9088566,-1.482589,4.936146,0.8076999,-0.26970997,-1.9016284,-1.1735088,-1.1442548,2.1708746,11.040285,-1.9057661,-1.8495657,1
17.0,17,-0.5847401,-1.3111104,-1.6553228,-1.141458,4.7325187,-0.59233797,-1.8801733,0.2752645,-2.9226494,-1.4953666,4.5519156,0.7656872,-0.16406898,-1.8585798,-1.1125126,-1.2307101,1.9891559,11.169065,-1.8230287,-1.9174963,1
17.0,17,-0.5926456,-1.3321408,-1.6935028,-1.159192,4.816748,-0.5578109,-1.8528847,0.33654082,-2.9261022,-1.5126892,4.4029064,0.7431899,-0.12100518,-1.8474479,-1.0944687,-1.2383404,1.9687923,11.175673,-1.8136029,-1.9571023,1
6.0,6,-1.627006,-0.16299926,-2.1502016,-1.5499859,0.8399721,1.8796815,9.915289,6.3727794,-0.60348874,-2.076663,-2.6672375,-1.6605048,0.39738393,-1.9955353,0.0074031167,0.17159948,-0.30276686,-3.6127784,-0.80050886,-0.33387315,1
6.0,6,-1.6194928,-0.16786475,-2.151972,-1.552144,0.8451971,1.8835164,9.912202,6.381953,-0.60742944,-2.0808005,-2.668492,-1.6596956,0.39617485,-2.000562,0.010925874,0.18169236,-0.3082903,-3.6098378,-0.8106924,-0.3426761,1
6.0,6,-1.5906198,-0.1825364,-2.1653473,-1.5694345,0.86714303,1.9114332,9.892701,6.410261,-0.6069409,-2.0852726,-2.686179,-1.6648442,0.3963139,-2.0027452,0.04348263,0.23105805,-0.34753126,-3.6061263,-0.864905,-0.3853038,1
6.0,6,-1.5937369,-0.18348546,-2.1663156,-1.5740776,0.8708725,1.9111886,9.89379,6.404202,-0.60574216,-2.08318,-2.6878724,-1.6635888,0.39268988,-1.9996014,0.045945622,0.23290288,-0.34164166,-3.6068568,-0.86504245,-0.38095516,1
6.0,6,-1.6146573,-0.17063208,-2.1530013,-1.5532717,0.8482315,1.8860128,9.910263,6.387633,-0.6096099,-2.0832717,-2.6694517,-1.6595314,0.39586562,-2.0034873,0.012987148,0.18782382,-0.31236136,-3.6082213,-0.8168813,-0.34825194,1
6.0,6,-1.6215856,-0.16653773,-2.1512115,-1.5515816,0.8439263,1.8820014,9.913426,6.3788996,-0.6064399,-2.0797422,-2.6681678,-1.6598811,0.39649,-1.9991903,0.00939576,0.1786739,-0.30619806,-3.6106997,-0.80721116,-0.3395649,1
17.0,17,-1.3303196,-1.6871946,-1.8295406,-1.3536869,4.3558083,-1.2480401,-1.1978962,-0.52498794,-2.398228,-1.990838,3.140859,1.5139786,2.0628095,1.6554042,-1.4273059,-2.9290128,1.3550789,10.750959,-1.4412946,-2.0404992,1
17.0,17,-1.3372712,-1.5997446,-1.7168219,-1.2425784,4.1492753,-1.3196988,-1.253168,-0.55019975,-2.3613858,-1.8404653,3.400113,1.5485635,1.95024,1.3118409,-1.5657631,-2.955743,1.3289189,10.930679,-1.4049581,-1.8892288,1
17.0,17,-1.2929814,-1.6250046,-1.6347426,-1.2385204,4.085275,-1.4285382,-1.1956776,-0.6301185,-2.2530508,-1.5937214,3.76315,1.5557721,2.0252728,0.74351436,-1.7145168,-2.9423368,1.1651499,10.941622,-1.4178754,-1.5505159,1
17.0,17,-1.2852491,-1.5442659,-1.5079315,-1.1702902,3.9248648,-1.5417888,-1.2561582,-0.7174022,-2.2272348,-1.4230732,4.168499,1.6185026,1.8594993,0.45466408,-1.7986267,-2.950811,1.1684185,10.990678,-1.4393464,-1.3496047,1
17.0,17,-1.3385018,-1.5245875,-1.6225872,-1.1492504,3.9704294,-1.3798199,-1.2979892,-0.57556415,-2.3299055,-1.7192024,3.615455,1.5728749,1.8594583,1.0430112,-1.6673118,-2.976012,1.3011264,11.054172,-1.3731036,-1.7647488,1
17.0,17,-1.3365228,-1.6083621,-1.7280841,-1.2535388,4.1696835,-1.312278,-1.246792,-0.5475575,-2.36472,-1.8552336,3.3742242,1.5444885,1.9631238,1.3446513,-1.5525048,-2.953216,1.328575,10.914386,-1.4090538,-1.9035386,1
18.0,18,-1.6928083,-1.553207,-1.4353302,-0.15664345,-1.2933128,-1.980679,1.2148672,-1.7482497,-1.0318644,-3.344298,-0.058239993,1.9283326,1.4425486,-1.6405634,-0.1733068,-0.5486048,4.416862,-0.29905024,10.439923,3.8889875,1
18.0,18,-1.7023436,-1.5470537,-1.4159595,-0.17794883,-1.2978834,-1.9866613,1.2809824,-1.7280241,-1.0487337,-3.3430295,-0.03460375,1.9170891,1.422476,-1.6791654,-0.17719795,-0.5450952,4.4067006,-0.31357998,10.420506,3.9204638,1
18.0,18,-1.7323284,-1.721524,-1.1423972,0.10287593,-1.4490707,-2.2633312,0.85446715,-2.2601898,-0.79465646,-2.6920147,0.18562312,1.7541022,0.5357817,-1.8026068,-0.20048517,-0.39689487,3.7972217,-0.547316,10.439822,6.043003,1
18.0,18,-1.8716626,-1.655806,-1.0427831,-0.1602364,-1.4481255,-2.1992605,1.158288,-2.0767257,-0.69781154,-2.6683407,0.2453496,1.741154,0.5830519,-1.8922147,-0.26559275,-0.3537252,3.8339806,-0.7028952,10.425003,5.711482,1
18.0,18,-1.7240529,-1.5367134,-1.3650951,-0.2343604,-1.3020854,-1.9996809,1.4243642,-1.6764488,-1.0748562,-3.333413,0.018047512,1.8882875,1.391724,-1.7554934,-0.19538793,-0.54176056,4.3757644,-0.35551164,10.3764925,3.9769268,1
18.0,18,-1.7067366,-1.5460527,-1.4072537,-0.19485252,-1.2966659,-1.9889642,1.3131733,-1.7137207,-1.0543835,-3.3446844,-0.026510987,1.9113181,1.4280452,-1.6902652,-0.183116,-0.5482053,4.4052997,-0.32026425,10.4097395,3.9144447,1
16.0,16,-2.2978232,-2.6713543,-1.2567655,-1.4789227,-0.019135954,-1.0862586,0.94448817,-0.72523427,-0.6065051,-3.2888103,-0.37657863,5.491941,-2.3742173,-1.03579,-1.2727582,-0.1586446,10.74541,-0.6615714,1.3277506,-0.27095062,1
16.0,16,-2.305853,-2.6644258,-1.2496924,-1.4482349,-0.052578427,-1.0952514,0.904633,-0.7436987,-0.5855893,-3.2974157,-0.35224834,5.544807,-2.3804998,-1.0388167,-1.2646414,-0.15832677,10.740025,-0.66143346,1.3358091,-0.2826004,1
16.0,16,-2.3242533,-2.6367662,-1.2378756,-1.4029485,-0.117926784,-1.0829403,0.8337873,-0.7830079,-0.514297,-3.319234,-0.33645356,5.5718007,-2.3890774,-1.0122257,-1.2452972,-0.14937624,10.72937,-0.6785733,1.3761582,-0.3156106,1
16.0,16,-2.3206463,-2.6254754,-1.2396015,-1.4287274,-0.10547479,-1.058303,0.84358937,-0.78177464,-0.5026447,-3.315374,-0.36374673,5.4978213,-2.3896098,-0.9865962,-1.2439163,-0.14182088,10.733479,-0.68953234,1.3840786,-0.3176933,1
16.0,16,-2.312982,-2.658642,-1.2437824,-1.4205623,-0.081721425,-1.103446,0.87074125,-0.75957197,-0.5678597,-3.3049555,-0.33132496,5.591484,-2.3854077,-1.0419338,-1.2577224,-0.15831056,10.734808,-0.6611041,1.3430951,-0.2926543,1
16.0,16,-2.3059938,-2.6656945,-1.2501317,-1.4478683,-0.051786207,-1.0962594,0.9072769,-0.7429575,-0.58687013,-3.297466,-0.35272586,5.545903,-2.3795688,-1.039884,-1.2651676,-0.1587672,10.739738,-0.6613549,1.3354362,-0.2816414,1
7.0,7,-2.6843803,-1.4409932,-2.5656533,-0.2111857,-0.34770262,3.4692123,6.2742863,8.513101,-1.5429088,-2.216084,-1.9840308,-0.8529036,-1.5010252,-2.1399558,0.06721273,2.6047788,-0.98037654,-4.031662,-1.8253753,-0.6436251,1
7.0,7,-2.68731,-1.4414186,-2.5676003,-0.20884995,-0.3462708,3.473798,6.265356,8.511771,-1.5465436,-2.2161055,-1.9851948,-0.8504723,-1.5062468,-2.1371353,0.07745893,2.61672,-0.98316765,-4.032559,-1.8315251,-0.65339667,1
7.0,7,-2.6981723,-1.4464194,-2.600591,-0.22031099,-0.29627514,3.4851828,6.3220887,8.441781,-1.6086587,-2.225973,-2.0056925,-0.85501313,-1.5485065,-2.1321042,0.15465495,2.733599,-1.0016869,-4.078527,-1.8314487,-0.6124736,1
7.0,7,-2.673677,-1.4425662,-2.5823047,-0.24053685,-0.31137928,3.4396963,6.402987,8.453079,-1.5744241,-2.2217495,-1.9948934,-0.8773826,-1.5049338,-2.1581836,0.06301889,2.622956,-0.9744855,-4.071617,-1.7716194,-0.514995,1
7.0,7,-2.690622,-1.4425421,-2.5699496,-0.20736942,-0.34347105,3.4792259,6.2562613,8.510409,-1.5503899,-2.216401,-1.9869633,-0.8479029,-1.5114628,-2.1340022,0.08883437,2.6308177,-0.9865088,-4.0334005,-1.8390992,-0.6651218,1
7.0,7,-2.685344,-1.440916,-2.5664446,-0.20999907,-0.34675744,3.47119,6.2703896,8.512366,-1.5449425,-2.2160258,-1.984468,-0.85190713,-1.5041225,-2.1387901,0.07199312,2.6104867,-0.9819216,-4.032233,-1.8284315,-0.64741504,1
11.0,11,-1.8919901,-1.8171695,-1.9783816,6.2258787,-1.3656411,-2.126479,-0.5458722,0.5335244,-0.6191868,-2.4381692,-0.0067956178,9.683139,-0.9423006,-3.058092,0.5307251,-0.82042456,3.0525343,-0.38346782,0.33199438,-1.3177072,1
11.0,11,-1.8965328,-1.822643,-1.9805462,6.205274,-1.3661939,-2.125422,-0.5448929,0.5327706,-0.61539376,-2.4427958,0.012308908,9.694858,-0.9441681,-3.0614917,0.5287153,-0.81940454,3.0656867,-0.38136116,0.32480764,-1.3196504,1
11.0,11,-1.902125,-1.8300545,-1.9837923,6.170207,-1.3653425,-2.1234694,-0.54307485,0.53227735,-0.60990274,-2.4490268,0.032153647,9.711517,-0.9453952,-3.064885,0.52731925,-0.8162611,3.0827255,-0.3797794,0.31820914,-1.3226694,1
11.0,11,-1.8992732,-1.8274246,-1.9834155,6.1749926,-1.3634679,-2.1237817,-0.54334134,0.53362703,-0.6113294,-2.4463623,0.018796,9.706459,-0.94297767,-3.0623045,0.52926725,-0.81611127,3.0741625,-0.38064086,0.3239222,-1.3225186,1
11.0,11,-1.8996252,-1.8263851,-1.9819539,6.192235,-1.3667431,-2.1246367,-0.5441868,0.5321584,-0.6127747,-2.445981,0.025287133,9.702498,-0.9455545,-3.063754,0.52696466,-0.818742,3.0748842,-0.38002762,0.31982115,-1.3209263,1
11.0,11,-1.8954134,-1.8212984,-1.980025,6.2105794,-1.3660798,-2.125675,-0.5451308,0.5329621,-0.6163026,-2.4416618,0.0077018114,9.691927,-0.94372463,-3.0606718,0.5291176,-0.8197134,3.06245,-0.38183635,0.3265009,-1.319186,1
6.0,6,-2.2117782,-0.049535125,-0.68364215,-2.203305,-2.0532012,0.9240017,6.9805846,2.870111,5.0708675,0.8529717,-4.000284,-2.4179456,4.861064,0.85710114,-1.2539412,-1.8364608,-2.5568972,-4.10613,1.2885139,0.3482083,1
6.0,6,-2.1782687,-0.05634456,-0.67394423,-2.2147467,-2.045659,0.9373645,6.948835,2.868997,5.0883255,0.849688,-4.0084357,-2.4192326,4.87977,0.85235816,-1.2378795,-1.8150612,-2.5995219,-4.1063714,1.262782,0.32073095,1
6.0,6,-2.0746953,-0.13202852,-0.508081,-2.3083963,-2.1666138,1.0664881,6.312545,2.6052787,5.7196083,1.2305602,-4.112699,-2.4840453,5.0340066,1.0452505,-1.2827816,-1.7721214,-2.8943353,-4.0776663,1.1408702,0.23920654,1
6.0,6,-1.9072953,-0.15735692,-0.4945783,-2.4061708,-2.049407,1.1670326,6.148926,2.639172,5.750531,1.2442425,-4.1321044,-2.4787629,4.972923,1.02269,-1.1679617,-1.6120592,-3.0561833,-4.059892,0.9047042,0.11213328,1
6.0,6,-2.142809,-0.06337471,-0.6653816,-2.2259982,-2.0364282,0.9501638,6.919351,2.869707,5.1012206,0.84318703,-4.015629,-2.420027,4.8973713,0.8454119,-1.2200998,-1.7917057,-2.6425958,-4.106523,1.2353685,0.29225633,1
6.0,6,-2.182388,-0.05366736,-0.6743541,-2.2117105,-2.0486956,0.9314446,6.9554253,2.864248,5.0836077,0.8482074,-4.0066075,-2.41873,4.8798285,0.85363805,-1.2405951,-1.8190875,-2.5935683,-4.106856,1.271215,0.3277724,1
13.0,13,-1.7729015,0.047840968,1.0042441,0.8962687,-3.007949,-1.100826,-2.7677078,-1.7118971,3.08131,0.11303055,-2.50193,-0.031300552,1.724201,9.423618,-0.6702246,-2.4588292,-0.3606531,-0.91126037,4.966563,-1.6303227,1
13.0,13,-1.7726796,0.04644593,1.0013869,0.9000237,-3.008804,-1.1025603,-2.7715325,-1.7129041,3.0823884,0.111879356,-2.499797,-0.027756102,1.7200211,9.415713,-0.66824025,-2.4577441,-0.3582731,-0.9108418,4.9753127,-1.6274754,1
13.0,13,-1.7866895,0.037540562,0.9573521,0.90006995,-3.0135713,-1.0931083,-2.8399398,-1.7433563,3.1566117,0.18620935,-2.4977965,-0.0052007018,1.7074482,9.415649,-0.68489707,-2.454292,-0.36625445,-0.90421504,4.962463,-1.612067,1
13.0,13,-1.8132242,0.011545045,1.0371709,0.87584454,-3.0677412,-1.1030284,-2.7262864,-1.7159376,3.25888,0.15264258,-2.6189644,-0.064938046,2.0279222,9.394563,-0.78259975,-2.514232,-0.4954933,-0.90006083,5.0642343,-1.6157165,1
13.0,13,-1.7765266,0.041845568,1.0099119,0.90139717,-3.018768,-1.1064351,-2.7611926,-1.7123624,3.0994864,0.10772502,-2.5132961,-0.031177292,1.7560012,9.406004,-0.68028915,-2.4645572,-0.3724712,-0.91189116,4.9977846,-1.6227283,1
13.0,13,-1.7724216,0.047482193,1.002162,0.89986354,-3.0088031,-1.1027399,-2.7701154,-1.7133629,3.0798948,0.11057461,-2.4989362,-0.028707737,1.7178011,9.416904,-0.66718227,-2.4573936,-0.35692036,-0.91183656,4.9745145,-1.6269555,1
8.0,8,-2.311081,-0.3481033,1.6188245,-0.51835006,-5.1993566,-0.072452456,-1.9193032,0.8730717,10.0159445,4.429849,-2.0984514,-1.497009,2.8590152,1.2330323,-1.8688602,-1.9584202,-2.907936,-2.8354368,1.1554098,-1.219189,1
8.0,8,-2.2767625,-0.33934805,1.6356747,-0.51778543,-5.182387,-0.039645243,-1.9215904,0.91178167,9.992368,4.4149985,-2.092031,-1.5059764,2.8320923,1.2211195,-1.8315197,-1.9207692,-2.9520366,-2.8491035,1.0572422,-1.2824094,1
8.0,8,-2.04514,-0.31710467,1.7881132,-0.55239135,-5.043979,0.05058178,-2.2603252,0.46233994,10.156903,4.557365,-2.0337183,-1.5033544,2.5973485,1.2540784,-1.8915024,-1.7916353,-2.8322723,-2.7492685,1.0506426,-1.1879643,1
8.0,8,-1.9359459,-0.29535463,1.8312304,-0.5849066,-4.966579,0.18985987,-2.2602155,0.6742896,10.006386,4.5425014,-1.9931422,-1.5539869,2.4507053,1.20698,-1.6756971,-1.5945426,-3.0357084,-2.8215067,0.5610343,-1.4467647,1
8.0,8,-2.2423673,-0.3308207,1.6519153,-0.51922315,-5.162981,-0.0030381866,-1.9219327,0.9613727,9.9599695,4.3983083,-2.0844617,-1.5157671,2.7991123,1.2080122,-1.7827466,-1.8771896,-3.002119,-2.8659778,0.9419277,-1.3542341,1
8.0,8,-2.284316,-0.33995822,1.632338,-0.5180695,-5.1867332,-0.046384055,-1.9164344,0.9109026,9.993563,4.4180074,-2.0937886,-1.5060747,2.8391988,1.2231954,-1.836425,-1.9279889,-2.9488096,-2.8482847,1.0691247,-1.2739158,1
17.0,19,-1.8056484,-2.167281,0.87178034,-1.2806098,-1.7872417,-3.2968388,3.2207963,-2.4693747,-0.8657861,-1.1646897,2.8350356,1.6887118,-1.9721222,-1.1856195,-1.2205064,0.049452078,2.4050598,-2.0314808,3.7540379,10.166342,0
17.0,19,-1.6783272,-2.1247904,0.91276044,-1.3327715,-1.6119822,-3.1148314,3.2863889,-2.2878451,-0.9500504,-0.9086015,2.738521,1.2960469,-2.0440156,-1.193445,-1.1672204,0.18587458,1.8495682,-2.033726,3.3446882,10.385483,0
17.0,19,-1.1139003,-2.0007582,1.03845,-1.2683922,-0.99228,-2.509259,3.234407,-1.6139605,-1.1208943,0.3220645,1.9149582,-0.33062786,-2.009198,-1.0395857,-1.1134646,0.32606688,-0.30690962,-1.8389981,2.0271633,11.042691,0
17.0,19,-1.0644133,-1.9934673,1.0461365,-1.2666827,-0.9361121,-2.475484,3.2631884,-1.5503438,-1.1386007,0.38142243,1.8464738,-0.42391783,-1.9902128,-1.0445641,-1.1280346,0.31091878,-0.42394137,-1.816424,1.9430226,11.056223,0
17.0,19,-1.8053825,-2.1579063,0.9197229,-1.3638529,-1.7409416,-3.2161667,3.2132924,-2.426693,-0.8466093,-1.0434647,2.9302478,1.6384518,-2.0742867,-1.1144575,-1.2033942,0.17018892,2.2473505,-2.092011,3.3603752,10.153705,0
17.0,19,-1.8298899,-2.1721878,0.8680799,-1.2604319,-1.8291636,-3.3446577,3.214033,-2.5094333,-0.8461603,-1.219803,2.8402514,1.7641,-1.9392271,-1.1779784,-1.2383862,0.0033708923,2.5159073,-2.0243216,3.8630679,10.117173,0
2.0,2,-0.10286559,-0.7337842,10.900483,0.68794644,-2.822426,-2.2372527,-0.655516,-0.8768366,2.445982,0.94756293,-0.56484276,-1.4004619,0.803383,2.0400693,-2.2262533,-2.306616,-0.657922,-1.4607247,-0.4666989,-0.35315552,1
2.0,2,-0.10281612,-0.7337272,10.900924,0.6877415,-2.8225434,-2.2378354,-0.6556452,-0.8772264,2.4464788,0.9496319,-0.5646747,-1.400816,0.8031361,2.0398717,-2.2275229,-2.3076503,-0.65810424,-1.4598762,-0.46665797,-0.35206532,1
2.0,2,-0.10438955,-0.73463815,10.900386,0.68710095,-2.823831,-2.2365525,-0.6565144,-0.8781308,2.448645,0.95003134,-0.56604457,-1.4011198,0.8039204,2.0422134,-2.227578,-2.306979,-0.65797025,-1.4617013,-0.46539155,-0.35180566,1
2.0,2,-0.103329614,-0.7341783,10.898617,0.68637013,-2.8221352,-2.2340314,-0.65613854,-0.8767274,2.4450662,0.93830436,-0.56543547,-1.3978661,0.8040701,2.043695,-2.2195852,-2.2993908,-0.65687996,-1.4679886,-0.46850413,-0.35875848,1
2.0,2,-0.102862954,-0.7337528,10.9006195,0.6873674,-2.822472,-2.2372866,-0.6557829,-0.87725246,2.4463112,0.9479506,-0.56473094,-1.4002849,0.80317104,2.0405755,-2.2262473,-2.30623,-0.6579162,-1.4613519,-0.46711615,-0.35309225,1
2.0,2,-0.102851465,-0.73373115,10.9008255,0.6877912,-2.8225088,-2.2377088,-0.65564245,-0.8771363,2.4463093,0.9492752,-0.56471235,-1.4007721,0.80312395,2.039911,-2.2272055,-2.307403,-0.65808755,-1.4600484,-0.46672592,-0.35227203,1
12.0,12,-0.08268185,-2.1274245,-0.94695354,-0.61859673,-0.39577183,-0.84496063,0.38483396,-0.5905473,1.3780001,-1.5727316,-3.4412546,-0.98220426,10.34456,3.0744886,-0.92131543,-2.025016,-2.0683002,0.3249798,5.803699,-1.5356935,1
12.0,12,-0.08218892,-2.1334631,-0.95166737,-0.58366096,-0.42372862,-0.8710438,0.44279137,-0.5865446,1.3277843,-1.6060277,-3.404307,-0.9503116,10.344596,2.8426325,-0.9132888,-2.0001063,-2.0372627,0.34769502,5.9353404,-1.4406211,1
12.0,12,-0.11580679,-2.1575553,-1.0164595,-0.50270325,-0.42310792,-0.91565084,0.35651436,-0.6430947,1.3087761,-1.6834942,-3.3802454,-0.86548996,10.204979,2.7290564,-0.88375425,-1.9616368,-1.8807139,0.35014912,6.253139,-1.3143495,1
12.0,12,-0.09805757,-2.1732113,-1.0038922,-0.44172573,-0.49387035,-0.97318697,0.5790479,-0.60053307,1.1467053,-1.7493069,-3.2492313,-0.790639,10.2305155,2.0276964,-0.8755782,-1.8806267,-1.8348943,0.43437544,6.477748,-1.0482217,1
12.0,12,-0.08390342,-2.1355364,-0.9534531,-0.55820817,-0.44518065,-0.8897315,0.4844211,-0.5839942,1.2908524,-1.6305668,-3.3765047,-0.9271147,10.339398,2.6838825,-0.90564096,-1.9827429,-2.0144558,0.36190212,6.0268793,-1.372413,1
12.0,12,-0.08351183,-2.1313787,-0.9503557,-0.590572,-0.4191989,-0.86592877,0.42893642,-0.58905053,1.3393847,-1.5995072,-3.4132626,-0.957366,10.342742,2.8995545,-0.9140793,-2.0066044,-2.0434062,0.34053835,5.9097943,-1.4611517,1
3.0,3,2.063215,4.1919885,-1.9111814,10.3732395,-1.3313268,-0.8577164,-0.66178465,0.69303316,-1.1304076,-1.1274815,-0.67497736,1.8452185,-2.814847,-2.7674503,-0.04315447,0.3780655,0.79136235,-2.2019114,-1.442791,-1.9625504,1
3.0,3,2.068097,4.1887527,-1.9113902,10.373466,-1.3305091,-0.85812795,-0.6637481,0.6929088,-1.1316925,-1.1294391,-0.67010754,1.8448598,-2.817187,-2.7681396,-0.041283302,0.38061312,0.792785,-2.2047484,-1.4441668,-1.9632901,1
3.0,3,2.0823147,4.1899157,-1.9120157,10.370057,-1.3285757,-0.8587779,-0.666598,0.6925229,-1.1340014,-1.1330487,-0.65846765,1.8428868,-2.823237,-2.7713876,-0.038695976,0.38538632,0.79525596,-2.2104702,-1.4478956,-1.9659352,1
3.0,3,2.0958989,4.174757,-1.9137363,10.372076,-1.3267437,-0.86058986,-0.6750762,0.6905003,-1.1401681,-1.1417482,-0.63788825,1.8455641,-2.8338041,-2.7732084,-0.029072888,0.39800677,0.8032303,-2.2223024,-1.4531785,-1.9684647,1
3.0,3,2.070177,4.186691,-1.911572,10.373729,-1.3302013,-0.85850203,-0.6649772,0.69261587,-1.1325463,-1.1306952,-0.6670353,1.8453003,-2.8187222,-2.7684758,-0.04003185,0.3822613,0.79400337,-2.2063553,-1.4449149,-1.9636348,1
3.0,3,2.0647395,4.191014,-1.911285,10.373265,-1.331139,-0.85797095,-0.66254246,0.6928088,-1.1309446,-1.1282643,-0.6728963,1.8454483,-2.8158765,-2.7677433,-0.0424053,0.37908116,0.7921126,-2.2029238,-1.4433,-1.9628102,1
12.0,12,0.6416132,-1.8001237,1.4236972,-0.9135758,-3.0556495,-0.97378385,0.1817,-0.81887716,6.8388553,-1.2091471,-2.1990829,-0.98510057,9.64621,-0.5686442,-2.8137898,-2.473611,-2.3125064,-0.62432414,4.436298,-1.3629091,1
12.0,12,0.6388104,-1.8012252,1.4212644,-0.9126587,-3.0564206,-0.9751662,0.18336909,-0.8200867,6.8402014,-1.2115365,-2.2010076,-0.9827959,9.643046,-0.5700177,-2.8135402,-2.4740093,-2.3086686,-0.6266832,4.446149,-1.3559635,1
12.0,12,0.61972016,-1.8006058,1.387941,-0.90981144,-3.0681577,-0.9743009,0.17207566,-0.83056456,6.849718,-1.2345744,-2.2031825,-0.9542971,9.612448,-0.5969648,-2.7956805,-2.4624252,-2.2712214,-0.64026165,4.54066,-1.3180726,1
12.0,12,0.6496129,-1.7961571,1.4243004,-0.91706103,-3.052049,-0.9680461,0.17474028,-0.8159193,6.8292627,-1.2051584,-2.1923566,-0.9898579,9.656832,-0.5674589,-2.8107579,-2.4698055,-2.320608,-0.6149526,4.4162455,-1.3832868,1
12.0,12,0.63819486,-1.8011107,1.420372,-0.9123613,-3.0572505,-0.9751227,0.18271598,-0.8203907,6.841041,-1.2121382,-2.2010834,-0.98184586,9.641711,-0.57091373,-2.8129191,-2.4735305,-2.3076067,-0.6276137,4.4492917,-1.3547137,1
12.0,12,0.6395367,-1.8012096,1.422828,-0.9127322,-3.0564218,-0.9752032,0.18343323,-0.81983036,6.8405685,-1.2105296,-2.2005765,-0.98366374,9.643618,-0.569372,-2.8142118,-2.4742157,-2.3101182,-0.6265321,4.442587,-1.3572205,1
8.0,18,-1.8710098,-1.9087354,3.9545913,0.7872705,-3.8964376,-1.8784566,-0.74377644,-3.1008043,1.059226,-1.8848666,-1.2832677,-0.65098584,3.7426798,3.888507,-0.76320374,-0.6969828,0.6703945,-2.9738822,7.7749796,3.6365004,0
8.0,18,-1.8700985,-1.9077811,3.9595194,0.78656185,-3.8985465,-1.8758538,-0.7446188,-3.098777,1.0622593,-1.8861141,-1.2839599,-0.6521271,3.7453446,3.8923483,-0.7629235,-0.6954799,0.6685337,-2.9766078,7.767624,3.6250093,0
8.0,18,-1.8850194,-1.9014279,3.9134943,0.7908314,-3.892159,-1.8656082,-0.7544305,-3.1025004,1.0596809,-1.9053284,-1.2835566,-0.62970096,3.715172,3.8680205,-0.74238724,-0.6777454,0.70222175,-2.9707215,7.811654,3.6282318,0
8.0,18,-1.8560476,-1.9019556,3.9390407,0.77082366,-3.8917134,-1.839679,-0.73760813,-3.074239,1.0479721,-1.9325521,-1.2883385,-0.6509689,3.7792048,3.9081545,-0.7382326,-0.66588336,0.67523235,-2.9879527,7.720816,3.5267856,0
8.0,18,-1.8689574,-1.906917,3.9626434,0.7855423,-3.8996444,-1.8728054,-0.7447888,-3.0964398,1.0634717,-1.888866,-1.2844381,-0.65279007,3.7476525,3.8955107,-0.76173115,-0.6933457,0.6678759,-2.9790108,7.760543,3.6138177,0
8.0,18,-1.8701301,-1.907912,3.9596438,0.78657013,-3.8980918,-1.8760798,-0.7442963,-3.0988743,1.0613425,-1.8863968,-1.2836777,-0.6518999,3.744029,3.891906,-0.7627446,-0.69545376,0.6693755,-2.976482,7.7677727,3.626331,0
15.0,15,-0.99335563,-1.0134482,-2.6313374,1.1042571,2.9183643,0.39964327,-0.1281934,1.575084,-3.8623862,-0.5489805,-0.0054665906,-1.0208689,-3.3565989,-0.8001405,6.4042406,7.534992,-2.5537581,-2.2175672,-4.721342,-2.9803095,1
15.0,15,-0.91282356,-1.0534288,-2.620146,1.1312135,2.8826878,0.3387105,-0.24332573,1.4253596,-3.8654428,-0.5339594,0.0949435,-0.961009,-3.402151,-0.8041233,6.3688555,7.648245,-2.4745116,-2.272562,-4.67336,-2.928406,1
15.0,15,-0.7568283,-1.2027549,-2.855066,0.71640277,3.2346418,0.8190206,-0.13467114,1.6023107,-3.6016507,-0.35387132,-0.23605736,-1.221962,-3.4547946,-0.9460823,6.1630545,8.006619,-2.5458913,-2.6881363,-4.665276,-2.744071,1
15.0,15,-0.30464602,-1.3838537,-2.6863182,0.74157447,2.8894951,0.77309877,-0.5188723,0.80295473,-3.500488,-0.32610723,-0.01680554,-0.9272858,-3.7465835,-1.0405146,5.8873816,8.790994,-2.104987,-3.4021394,-4.1445394,-2.2473626,1
15.0,15,-0.79917604,-1.0979948,-2.5981314,1.1498494,2.8209357,0.3129017,-0.3615068,1.2385973,-3.851239,-0.5082947,0.16125105,-0.8979026,-3.4790356,-0.82372755,6.316598,7.8418865,-2.3797722,-2.4300072,-4.5829735,-2.82874,1
15.0,15,-0.8386081,-1.0683492,-2.5982862,1.1255436,2.830493,0.3792808,-0.2826444,1.3262187,-3.8386676,-0.50876504,0.0685939,-0.9442584,-3.4648795,-0.8256379,6.336472,7.8136716,-2.4392953,-2.4509444,-4.6031656,-2.8485186,1
17.0,10,-0.35219085,0.40140983,-0.8781891,-0.011010693,1.1145214,-1.7320291,-1.8455727,-1.8015413,-2.847377,-0.14773822,10.555154,1.9222245,-1.6905899,-1.6639377,1.0453129,0.112075016,0.73606056,6.4747643,-2.905098,-1.0749497,0
17.0,10,-0.29142034,0.35283613,-0.84766,0.0036476087,1.1047156,-1.7646923,-1.8149855,-1.8031976,-2.8396277,-0.18591437,10.629131,1.8986211,-1.7456418,-1.6963172,1.0828248,0.1565797,0.7331107,6.3091555,-2.8999813,-0.9997085,0
17.0,10,-0.22220644,0.3312854,-0.8360178,-0.011966007,1.1133732,-1.7640471,-1.8005873,-1.8122892,-2.8340077,-0.20281747,10.674326,1.8686447,-1.7770472,-1.7138379,1.1305916,0.22277005,0.7121996,6.1595964,-2.9077299,-0.9640055,0
17.0,10,-0.13526797,0.28054345,-0.8012952,-0.013897644,1.1008275,-1.7889715,-1.7605623,-1.8232554,-2.8158984,-0.24977466,10.76125,1.8326945,-1.8489957,-1.7438761,1.2061214,0.31446776,0.70075005,5.89024,-2.902921,-0.87417,0
17.0,10,-0.25808132,0.32331508,-0.8274436,0.01144038,1.0955348,-1.7845678,-1.7961326,-1.8061258,-2.8328648,-0.20993307,10.674326,1.8861927,-1.7824873,-1.7149377,1.1105287,0.18828009,0.73275965,6.1995897,-2.8963382,-0.9519439,0
17.0,10,-0.30923033,0.3663285,-0.85506856,0.00070393644,1.1054357,-1.7576706,-1.8233932,-1.8033926,-2.8414176,-0.17628276,10.611152,1.9068213,-1.7322217,-1.6871469,1.0730997,0.14396271,0.735471,6.352359,-2.9005,-1.0188377,0
1.0,1,3.8419383,9.311938,2.0795045,0.48610872,-3.1194527,-0.14667514,-1.0815436,-1.6800172,3.085347,4.1246753,-1.7062942,-3.9245608,2.200366,1.8259156,-2.7042391,-2.1426463,-4.452905,0.47136757,-1.7030983,-2.957684,1
1.0,1,3.8501556,9.315297,2.0806558,0.48987317,-3.1195834,-0.14861366,-1.0813612,-1.6783187,3.0823746,4.1207757,-1.7035449,-3.9224744,2.1951947,1.8158051,-2.7027292,-2.1395853,-4.4527597,0.46823153,-1.7033539,-2.9577508,1
1.0,1,3.8536618,9.3163805,2.079082,0.49348068,-3.1227615,-0.14796525,-1.086293,-1.679777,3.093861,4.124025,-1.7022668,-3.9207125,2.196233,1.8024368,-2.706757,-2.1414137,-4.450097,0.46771827,-1.6968579,-2.954486,1
1.0,1,3.895555,9.327661,2.079122,0.5039887,-3.114591,-0.15016502,-1.0824448,-1.6695749,3.078623,4.104073,-1.6930482,-3.9139147,2.1737309,1.7560574,-2.6981738,-2.1187985,-4.4490247,0.45054245,-1.7047571,-2.9566472,1
1.0,1,3.8554285,9.31731,2.081216,0.49196953,-3.1192777,-0.14964204,-1.0810268,-1.6771485,3.08026,4.1182423,-1.7019643,-3.9212854,2.1918926,1.8094463,-2.7016733,-2.1373272,-4.4526634,0.46616882,-1.7038031,-2.9577606,1
1.0,1,3.8470104,9.314103,2.0802517,0.48841554,-3.1194296,-0.14794508,-1.0812935,-1.6789471,3.083283,4.122266,-1.7046273,-3.9232893,2.1970038,1.8195353,-2.7032447,-2.1406949,-4.4528127,0.4694184,-1.7032998,-2.957549,1
6.0,4,-0.58242494,-0.81135345,-3.206707,-2.9266305,6.801341,6.284459,6.1547513,6.1744723,-0.39307624,-0.35154048,-3.334932,-4.4830813,-0.18292849,0.059791602,1.6371074,-0.4633098,-2.5126808,-1.5530849,-3.5991192,-1.0485029,0
6.0,4,-0.5782028,-0.8086452,-3.2107868,-2.9286394,6.810329,6.2891216,6.1547065,6.1673265,-0.39896804,-0.35827088,-3.337877,-4.482058,-0.17861293,0.06473546,1.6425605,-0.45990112,-2.515883,-1.5489469,-3.5970924,-1.0572475,0
6.0,4,-0.59746206,-0.78432584,-3.2038536,-2.930308,6.740218,6.3047276,6.1179566,6.115692,-0.32454285,-0.30192026,-3.345472,-4.5017905,-0.14237662,0.11179842,1.6546105,-0.4906908,-2.5475256,-1.5764345,-3.5813754,-1.0368558,0
6.0,4,-0.5870113,-0.7799717,-3.2234194,-2.9360728,6.7818794,6.3057976,6.139157,6.1085615,-0.3691752,-0.33973503,-3.3491597,-4.4911256,-0.14612176,0.10930339,1.6810217,-0.47557476,-2.5386086,-1.5649089,-3.5722802,-1.0601138,0
6.0,4,-0.57418084,-0.80747706,-3.2153513,-2.930297,6.8218913,6.291104,6.1583424,6.164144,-0.40950805,-0.36771914,-3.3395474,-4.4796815,-0.17774786,0.06571588,1.6478457,-0.45553944,-2.5156176,-1.5445167,-3.595495,-1.0648621,0
6.0,4,-0.5782629,-0.8094665,-3.2105465,-2.9285593,6.811187,6.288,6.1552906,6.1687884,-0.40004304,-0.35861424,-3.3372777,-4.4817967,-0.18009306,0.063148,1.642314,-0.45966035,-2.5145626,-1.5487733,-3.5975251,-1.0564438,0
8.0,8,-0.42792073,-0.47023115,2.072855,-1.3002069,-4.311166,0.5970154,-0.90146387,1.5150759,9.619958,4.9711127,-1.9504329,-2.7460105,2.9244983,0.24785362,-2.8009531,-1.7419152,-4.0281105,-3.2155344,-1.0083873,-0.25280324,1
8.0,8,-0.40554672,-0.4608811,2.081482,-1.2963411,-4.2954025,0.62114316,-0.9125926,1.5246156,9.61374,4.957196,-1.953825,-2.7497237,2.913889,0.249082,-2.7869442,-1.7254437,-4.0405836,-3.2118757,-1.0376894,-0.299963,1
8.0,8,-0.3587086,-0.40427607,2.1812706,-1.2660623,-4.2989955,0.5916172,-1.1499321,1.2043403,9.757521,5.0558944,-1.9023061,-2.709614,2.8266387,0.32480276,-2.7997234,-1.7264571,-3.9381952,-3.1139905,-0.94896805,-0.29710907,1
8.0,8,-0.29704776,-0.37006223,2.179529,-1.2636367,-4.1827993,0.7723783,-1.1484941,1.3839833,9.660733,4.961437,-1.9498188,-2.7320557,2.7374198,0.35128346,-2.6921947,-1.608323,-4.0044603,-3.117811,-1.1860886,-0.6142367,1
8.0,8,-0.3795649,-0.4490465,2.0883458,-1.2932253,-4.269328,0.66123796,-0.92113894,1.5509158,9.599072,4.934956,-1.9619743,-2.7557154,2.8952386,0.25273913,-2.7640095,-1.6992196,-4.057936,-3.2088552,-1.0867004,-0.3722746,1
8.0,8,-0.40903077,-0.46322152,2.0804236,-1.2975414,-4.3003387,0.61255205,-0.9096914,1.5203596,9.615953,4.960874,-1.9524357,-2.7493658,2.9180005,0.24717115,-2.7916505,-1.7302219,-4.0387106,-3.2129931,-1.0282866,-0.28491497,1
18.0,18,-1.6411879,-2.0976636,-0.40709049,-0.090270355,-1.4019313,-2.5851712,1.1749562,-2.5037065,-0.7211942,-2.042862,0.36416283,1.1495609,-0.3328292,-1.7720301,-0.44610858,-0.36827087,2.78111,-0.879605,9.319842,8.821985,1
18.0,18,-1.638029,-2.1025198,-0.3770932,-0.1159161,-1.4013011,-2.5906317,1.2417487,-2.4785395,-0.7494006,-2.007707,0.39827988,1.1086543,-0.38352084,-1.7926847,-0.45707744,-0.3526942,2.717588,-0.90141875,9.223409,8.933727,1
18.0,19,-1.5585326,-2.184596,-0.107745424,-0.04675118,-1.5058128,-2.7275906,1.1792034,-2.579537,-0.53668386,-1.3937653,0.54312366,0.80096316,-0.7195708,-1.6682795,-0.5761812,-0.36770892,2.02511,-1.0734415,8.563459,9.864081,0
18.0,19,-1.5669188,-2.2377057,0.14656642,-0.3937763,-1.3581936,-2.6765814,1.5898826,-2.3560436,-0.68038076,-1.206378,0.6208859,0.5197301,-1.0443996,-1.6346709,-0.6976819,-0.2534934,1.7607849,-1.2345154,7.778813,10.366086,0
18.0,19,-1.6399908,-2.1212363,-0.30587083,-0.19014567,-1.380996,-2.6002905,1.3627197,-2.4336128,-0.79539007,-1.9409797,0.44686386,1.0288963,-0.4815824,-1.8090667,-0.48883492,-0.32711175,2.6194484,-0.94542825,9.027603,9.144198,0
18.0,18,-1.6395178,-2.104895,-0.36937007,-0.12889443,-1.395592,-2.591242,1.258114,-2.4730043,-0.75770473,-2.0055692,0.40261495,1.1017021,-0.39179486,-1.7945904,-0.46099705,-0.35005337,2.7141442,-0.904584,9.204399,8.951443,1
14.0,14,-1.0859672,2.5543633,-1.5464153,-1.050445,-0.7930914,0.6482979,-2.2990007,-2.068539,-1.6597981,-0.20028228,4.0244803,0.58457863,-2.5271382,-0.2376012,9.004177,4.9853253,-2.3992572,-2.9918056,-1.5495952,-1.57616,1
14.0,14,-1.0723234,2.5406544,-1.5393913,-1.047275,-0.79299855,0.64640313,-2.29883,-2.071682,-1.6576648,-0.20770189,4.0444183,0.58174866,-2.5348215,-0.24661098,8.994,4.9945803,-2.3940547,-2.99456,-1.5533944,-1.5722852,1
14.0,14,-0.86313957,2.4831202,-1.4120883,-1.0080552,-0.85094124,0.63310385,-2.2984757,-2.115509,-1.5651556,-0.2172825,4.33483,0.52326304,-2.6559186,-0.3374289,8.750129,5.143817,-2.3647516,-3.0958753,-1.6603519,-1.548175,1
14.0,14,-0.8213374,2.4056568,-1.3823705,-1.0013564,-0.84999543,0.63258034,-2.290435,-2.117843,-1.5577961,-0.25709242,4.4263644,0.5255869,-2.696234,-0.3689098,8.689173,5.197512,-2.3269083,-3.1120088,-1.6788002,-1.5320348,1
14.0,14,-1.0679634,2.534386,-1.5371819,-1.0461367,-0.7924166,0.6455496,-2.2985787,-2.0726776,-1.6577059,-0.21143395,4.051312,0.5811235,-2.53753,-0.2500767,8.991198,4.997876,-2.3915172,-2.9949262,-1.5541428,-1.5705571,1
14.0,14,-1.0825726,2.5541322,-1.5453142,-1.0488778,-0.79349387,0.64748746,-2.2991633,-2.069651,-1.6592442,-0.20144543,4.0255866,0.58328533,-2.527518,-0.23986322,9.004143,4.984751,-2.39954,-2.9915543,-1.5494103,-1.5757997,1
10.0,10,-0.59559554,4.357551,0.47370872,3.1178706,-2.8492994,-2.9676893,-1.3715318,-1.839652,-1.028282,-0.2558776,9.975476,3.0431752,-2.776193,-1.4339026,-0.55945694,-0.6134434,1.1307044,2.4535775,-2.9530783,-1.1850997,1
10.0,10,-0.59358025,4.3453355,0.47403577,3.1167946,-2.8468711,-2.968688,-1.3708992,-1.8383429,-1.0276417,-0.25770295,9.982342,3.043119,-2.7776625,-1.4364414,-0.55893195,-0.6122178,1.1338547,2.450274,-2.9540133,-1.1812632,1
10.0,10,-0.5889148,4.327494,0.47483286,3.1144338,-2.8431177,-2.9694211,-1.3694832,-1.8358251,-1.0261009,-0.2606774,9.993202,3.042164,-2.7800205,-1.4411064,-0.5570667,-0.609797,1.1376107,2.442663,-2.9554522,-1.1751884,1
10.0,10,-0.5828823,4.3165717,0.47606537,3.1117272,-2.8405352,-2.9688535,-1.3677685,-1.8332741,-1.0241084,-0.26270846,10.00121,3.0396202,-2.7816927,-1.445438,-0.55442363,-0.607497,1.1380528,2.4337096,-2.9566758,-1.1706684,1
10.0,10,-0.59278536,4.33915,0.4741846,3.1162732,-2.8456686,-2.9691591,-1.3705715,-1.8376852,-1.0273831,-0.25871298,9.985831,3.0433037,-2.7785375,-1.4378071,-0.5584481,-0.6114323,1.1355532,2.4484081,-2.954396,-1.1792512,1
10.0,10,-0.5944976,4.3512645,0.47390953,3.1172943,-2.8480499,-2.968176,-1.3711731,-1.8389465,-1.027942,-0.25683045,9.979059,3.0431178,-2.7769961,-1.4352821,-0.55908865,-0.6127535,1.1322699,2.4516978,-2.9535537,-1.1830684,1
9.0,9,-1.6928847,-1.3667392,1.8022932,-1.0036935,-2.032058,-2.0757833,-1.0299233,-2.5532982,1.3434002,9.121177,-0.7425005,-2.9566383,-0.87484413,0.8617557,-1.8052467,-0.9724491,-2.9607475,0.17098962,-0.899745,6.8113966,1
9.0,9,-1.6930205,-1.3676913,1.8006849,-1.0031755,-2.0319242,-2.0764747,-1.0292627,-2.5550354,1.3426719,9.118796,-0.74062043,-2.9559045,-0.87488544,0.8613909,-1.8058225,-0.9737142,-2.959674,0.1718063,-0.895581,6.817318,1
9.0,9,-1.6911288,-1.3735904,1.7976551,-1.0030421,-2.0312774,-2.0820742,-1.0186837,-2.556714,1.3394947,9.103078,-0.7342642,-2.9523199,-0.87851125,0.85496706,-1.8086823,-0.97422403,-2.9563496,0.16515759,-0.8832787,6.850032,1
9.0,9,-1.6900953,-1.3677968,1.8058304,-1.0064081,-2.0310516,-2.078084,-1.0228051,-2.547515,1.3428842,9.116869,-0.7432115,-2.956541,-0.8782981,0.8573737,-1.8047456,-0.967614,-2.962754,0.16168284,-0.90717924,6.816509,1
9.0,9,-1.6923887,-1.3679844,1.8011559,-1.0037708,-2.0315814,-2.0770276,-1.0276803,-2.5540411,1.3424014,9.117616,-0.74040836,-2.9558222,-0.87561375,0.8604361,-1.8057024,-0.9728525,-2.9600296,0.16999412,-0.8967718,6.8191013,1
9.0,9,-1.6926022,-1.367347,1.8014672,-1.0037664,-2.0317175,-2.0763783,-1.0288454,-2.5538,1.34285,9.1193495,-0.74128914,-2.9562345,-0.87513995,0.86114216,-1.8054556,-0.9727619,-2.9603944,0.17065132,-0.8981347,6.8154216,1
3.0,3,-0.43082553,0.5571026,-0.3615019,11.714719,-2.1863534,-1.1284516,-0.8951984,0.26611626,-0.3971339,-0.86618453,-0.9116443,2.4935253,-1.4429314,-0.83552486,-0.40818632,-0.96683,0.41168976,-1.7614678,-0.8776958,-0.8433002,1
3.0,3,-0.42949337,0.5563105,-0.36358508,11.714953,-2.187051,-1.1276801,-0.8956213,0.2662336,-0.39831486,-0.86829305,-0.9042977,2.493142,-1.4451747,-0.83451974,-0.40495318,-0.96480507,0.4122365,-1.7649372,-0.8810165,-0.84426653,1
3.0,3,-0.42973396,0.5550211,-0.3666925,11.714742,-2.1876397,-1.1270319,-0.89582473,0.26638976,-0.39911205,-0.8705695,-0.8984337,2.4952695,-1.4474647,-0.8344262,-0.40217733,-0.9628008,0.41466933,-1.7678357,-0.88371897,-0.84535664,1
3.0,3,-0.42946377,0.553483,-0.37098885,11.714629,-2.1888008,-1.1259558,-0.89634216,0.26645947,-0.4003896,-0.8738699,-0.8885093,2.4976087,-1.4511259,-0.83379394,-0.39749426,-0.95951116,0.41726118,-1.7728041,-0.88838136,-0.8469776,1
3.0,3,-0.42815602,0.5555865,-0.36550105,11.715172,-2.1877422,-1.1269332,-0.8960281,0.2663458,-0.3993505,-0.8702584,-0.8973447,2.492684,-1.4473096,-0.8335199,-0.4018486,-0.96287096,0.4126035,-1.7683343,-0.88418806,-0.8451523,1
3.0,3,-0.42996743,0.55652636,-0.36304596,11.714895,-2.1869447,-1.1279244,-0.8955437,0.26613742,-0.3979839,-0.86771977,-0.90610087,2.4934757,-1.4446342,-0.83479404,-0.4057654,-0.96531916,0.41213936,-1.7640582,-0.8802124,-0.8440069,1
18.0,18,-1.6596518,-1.8016889,-0.53660727,1.2289882,-1.7066671,-2.0127933,-0.24617761,-2.46887,-0.30856308,-2.4195828,-0.7744755,1.4517604,0.67614394,-0.93432146,-0.26665717,-0.58584446,3.2069683,-0.6322065,10.667158,6.092465,1
18.0,18,-1.6574134,-1.8077426,-0.5523283,1.222957,-1.7051454,-2.0171008,-0.25550714,-2.4764647,-0.3040852,-2.4149504,-0.7693386,1.4605548,0.6715774,-0.9284783,-0.26736248,-0.58803827,3.2084923,-0.62828577,10.664077,6.1077003,1
18.0,18,-1.669537,-1.7955633,-0.5528437,1.2736124,-1.7376288,-2.0187309,-0.27781007,-2.4769483,-0.24688399,-2.3677762,-0.7798444,1.4589872,0.66824675,-0.9416151,-0.257865,-0.57734317,3.128291,-0.6562769,10.685432,6.1224437,1
18.0,18,-1.7144629,-1.7577307,-0.28165254,1.2309275,-1.7653686,-2.0264916,0.01895124,-2.3633993,-0.3915531,-2.428158,-0.7284499,1.3229687,0.630983,-1.1058275,-0.26779902,-0.5249662,3.06854,-0.76780194,10.628443,6.2351933,1
18.0,18,-1.6629077,-1.8046409,-0.5308185,1.2116293,-1.7064649,-2.0212355,-0.21291679,-2.4642656,-0.324437,-2.4144886,-0.75630355,1.4416142,0.6633523,-0.9594466,-0.26969934,-0.57981163,3.1928275,-0.64008206,10.655264,6.148857,1
18.0,18,-1.6589794,-1.8063514,-0.5439178,1.2201134,-1.7049073,-2.017452,-0.24206339,-2.4721837,-0.31204316,-2.4161828,-0.7664656,1.453596,0.66939294,-0.9372942,-0.26827252,-0.5856352,3.2062728,-0.6315898,10.661278,6.1170487,1
6.0,6,-2.053163,-0.44120353,-2.1051142,-1.07888,0.806281,1.9642767,9.259929,7.3225775,-1.460108,-2.2156193,-1.6549734,-1.1419463,-1.2330297,-2.9062984,-1.0826577,-0.008510355,0.91624784,-3.6849592,-0.43909135,1.0047582,1
6.0,6,-2.0509381,-0.44028464,-2.1082094,-1.075491,0.8398724,2.004847,9.256134,7.371618,-1.4567769,-2.202747,-1.6705731,-1.1683674,-1.2408085,-2.9001336,-1.053903,0.023399781,0.8329429,-3.6850119,-0.5032009,0.9615093,1
6.0,6,-2.0552344,-0.31421125,-2.0776842,-1.0323777,0.78316444,2.344393,9.146808,7.5672836,-1.2316865,-2.0159078,-1.7817367,-1.3933657,-1.2183535,-2.7641249,-0.95353544,0.110075906,0.32095855,-3.8031974,-0.7614429,0.80366856,1
6.0,6,-2.068191,-0.35915995,-2.1172476,-1.0399109,0.94171536,2.555174,9.066604,7.7770615,-1.2161506,-2.0015588,-1.8873454,-1.4455245,-1.2852691,-2.73457,-0.80303824,0.31040698,0.05988558,-3.8220694,-1.0437801,0.565622,1
6.0,6,-2.0482001,-0.43976107,-2.1159697,-1.0679159,0.89196175,2.080154,9.2414255,7.455518,-1.4508246,-2.1854038,-1.6974326,-1.2099167,-1.2553555,-2.8897552,-1.0036129,0.080831096,0.6974121,-3.6888828,-0.60822713,0.88775104,1
6.0,6,-2.051868,-0.44319785,-2.108508,-1.0772777,0.841437,1.9993452,9.257716,7.367802,-1.4588076,-2.2048619,-1.6703643,-1.1643902,-1.2418548,-2.901097,-1.0557659,0.021392804,0.84364355,-3.6834648,-0.4997556,0.96395016,1
5.0,5,-2.005583,-2.4134946,-3.7531538,-1.8226984,3.1148715,7.6706223,0.63208383,7.061831,-0.7820276,-1.5917945,-3.3244038,-1.9494588,0.17512317,-1.5775104,0.4630676,3.3237095,0.5858774,-0.6776559,-2.1293344,-3.7808492,1
5.0,5,-1.985546,-2.304353,-3.8000689,-1.8090559,2.9240572,7.819466,0.5388047,6.7704706,-0.8079385,-1.5855038,-3.2721903,-1.8898705,0.042325143,-1.5274646,0.5674581,3.7372246,0.5337056,-0.87492305,-2.1781971,-3.8045833,1
5.0,5,-2.0211532,-2.4609137,-3.8245833,-1.8694651,3.0494318,7.6061597,0.39506876,6.835572,-0.64410025,-1.4634176,-3.2457795,-1.8374413,0.1929592,-1.5485983,0.38515693,3.3744528,0.8189022,-0.7367686,-2.1151052,-3.7653012,1
5.0,5,-1.962639,-2.2210362,-3.9263942,-1.8461345,2.725659,7.891175,0.24237438,6.2163434,-0.77514076,-1.4678458,-3.0950663,-1.7234995,-0.18331409,-1.4402953,0.68791586,4.261501,0.7126297,-1.1576959,-2.243964,-3.7902865,1
5.0,5,-1.962135,-2.2205374,-3.837299,-1.8044027,2.7931514,7.924779,0.4681933,6.513364,-0.85202473,-1.5738792,-3.212454,-1.8448594,-0.09722245,-1.4863967,0.67665094,4.086677,0.49783272,-1.0382999,-2.2249758,-3.8068204,1
5.0,5,-1.986236,-2.3038142,-3.799518,-1.8086594,2.9220798,7.8200808,0.53859293,6.7701216,-0.80634105,-1.5845661,-3.272025,-1.8900423,0.04248419,-1.5265833,0.567137,3.73579,0.53351843,-0.87581474,-2.17766,-3.8039,1
6.0,6,-1.9748516,-0.970951,-2.0588639,-3.00174,1.9480754,1.3590113,10.063324,3.8047042,-0.58203834,-2.77625,-2.587832,-1.5577631,2.4893837,-1.3700842,0.3194064,0.4762492,-0.712981,-2.7658408,0.4183265,0.52877194,1
6.0,6,-1.9537566,-1.0051242,-2.0646443,-3.0331197,1.9965124,1.3779787,10.04533,3.8091671,-0.5994555,-2.8051245,-2.5859268,-1.5387027,2.494219,-1.382078,0.34734112,0.53814167,-0.75039274,-2.7415614,0.3721056,0.5004274,1
6.0,6,-1.8610723,-1.1260772,-2.122351,-3.228748,2.1980865,1.5820619,9.892616,3.7335846,-0.44485116,-2.8098083,-2.80416,-1.5881375,2.7329478,-1.2656444,0.42680013,0.7404523,-1.0332232,-2.7468085,0.30199608,0.48965845,1
6.0,6,-1.8149798,-1.2245244,-2.153846,-3.3310368,2.351819,1.6569976,9.81881,3.731888,-0.47503227,-2.8645682,-2.820069,-1.5277852,2.7271447,-1.2697842,0.48904896,0.9131489,-1.098931,-2.6850805,0.18219858,0.4344821,1
6.0,6,-1.928844,-1.0433314,-2.0726101,-3.0674613,2.0513103,1.402348,10.023672,3.8152373,-0.62013894,-2.8389318,-2.585174,-1.5175862,2.4995944,-1.3951992,0.3784985,0.60933256,-0.792002,-2.7166233,0.3210959,0.4687611,1
6.0,6,-1.9566144,-1.0006661,-2.0630236,-3.0288153,1.9898546,1.373506,10.048081,3.8079464,-0.5984917,-2.801518,-2.5841887,-1.5400453,2.491307,-1.3813717,0.34360552,0.5305259,-0.74433285,-2.7436826,0.37698045,0.50450295,1
17.0,17,-0.7456764,-1.7872771,-0.6431322,-2.6540968,3.0349324,-0.49813935,-1.6031122,-1.5725473,-2.429052,-2.6134107,5.2839394,2.0707786,0.094443575,-1.2760152,-1.7724568,-0.012704913,5.0853934,9.940876,-1.2770524,-2.571859,1
17.0,17,-0.7492061,-1.780097,-0.6532019,-2.6564887,3.0509684,-0.48018637,-1.5951637,-1.5448087,-2.4210017,-2.6098554,5.2344403,2.048284,0.12097032,-1.2729845,-1.7839551,-0.045074422,5.073345,9.973421,-1.2675246,-2.5832329,1
17.0,17,-0.7816648,-1.8107378,-0.59778285,-2.6380618,2.8699067,-0.60196483,-1.671432,-1.7234885,-2.4174917,-2.6179712,5.490865,2.201453,-0.028005805,-1.2877908,-1.7296379,0.100137144,5.2133045,9.787637,-1.2703408,-2.5011766,1
17.0,17,-0.79718304,-1.8300314,-0.5643167,-2.6313317,2.7763717,-0.66571575,-1.7059455,-1.8218123,-2.4199154,-2.6218636,5.6432195,2.2796137,-0.10710296,-1.2935966,-1.6899793,0.19908343,5.2636547,9.672717,-1.2833093,-2.4563746,1
17.0,17,-0.76023394,-1.7839687,-0.6143678,-2.6156979,2.9551008,-0.55809516,-1.6443411,-1.6269444,-2.4299674,-2.597413,5.3760867,2.1193383,0.043805663,-1.2826756,-1.7587868,0.007543292,5.105005,9.914389,-1.2757518,-2.5374177,1
17.0,17,-0.7518409,-1.7872094,-0.6281309,-2.636404,2.9956305,-0.52833116,-1.6236578,-1.6018664,-2.4307783,-2.6062107,5.334412,2.0964468,0.06707868,-1.2798654,-1.7639097,0.0029663257,5.0953712,9.923451,-1.2782899,-2.554501,1
7.0,7,-1.2108871,-1.145819,-1.6326997,-0.7640815,0.43751645,2.439149,6.464752,9.414413,0.72656685,-0.8639801,-2.8627348,-2.207109,-0.01887137,-1.7439898,-1.136852,0.06736004,-2.3616345,-3.2456486,-2.7937875,-1.7171834,1
7.0,7,-1.2014109,-1.1518083,-1.6380379,-0.75925153,0.44272116,2.4414117,6.4428253,9.422647,0.7167541,-0.87195176,-2.8648233,-2.2013528,-0.021208845,-1.7437749,-1.1247699,0.08530018,-2.369344,-3.2418919,-2.8018868,-1.7396741,1
7.0,7,-1.1891773,-1.1512275,-1.6290984,-0.7601448,0.41914076,2.4479263,6.40323,9.417557,0.75119156,-0.85377896,-2.871212,-2.2047725,-0.0114741055,-1.7310904,-1.1197406,0.0956008,-2.4006364,-3.2482815,-2.8155925,-1.7630764,1
7.0,7,-1.1811012,-1.1584088,-1.6320336,-0.75628483,0.41541016,2.4505906,6.3674507,9.423419,0.75319636,-0.855484,-2.8754296,-2.1976025,-0.014708095,-1.7257059,-1.1044564,0.11865696,-2.412094,-3.2475111,-2.8270233,-1.7924498,1
7.0,7,-1.1945447,-1.1565862,-1.6425459,-0.7554849,0.44713905,2.4430892,6.4264073,9.429117,0.7082293,-0.87873226,-2.8661337,-2.1964967,-0.023519792,-1.7439197,-1.1152008,0.099329144,-2.3743122,-3.2388024,-2.8078613,-1.7568063,1
7.0,7,-1.2047824,-1.150887,-1.6373583,-0.76036346,0.44236204,2.4403117,6.4485245,9.421108,0.7177045,-0.87086564,-2.8643227,-2.202024,-0.02174158,-1.7439948,-1.1271294,0.08158575,-2.365534,-3.242579,-2.7995923,-1.7341632,1
17.0,17,-2.475154,-3.2169278,-0.16186494,-0.48983932,1.0628183,-4.1886835,-1.0061698,-3.1086836,-1.8447375,-2.6070468,6.954123,5.9233623,0.3624703,-1.1580169,-1.8792382,-1.5976201,5.6460495,7.805701,-0.8331219,0.55769277,1
17.0,17,-2.432231,-3.1417189,-0.14203322,-0.45575294,1.0557342,-4.1450157,-1.0761892,-3.0801845,-1.8412477,-2.5721877,7.011472,5.8388557,0.35546064,-1.1900022,-1.9097207,-1.6447951,5.567566,7.9596295,-0.8548492,0.49728164,1
17.0,17,-2.3773308,-3.0717814,-0.13966665,-0.4491529,1.0779538,-4.080536,-1.1278268,-3.0305552,-1.8322726,-2.5347896,7.011053,5.714226,0.4081065,-1.2249625,-1.9575651,-1.7082282,5.456167,8.162893,-0.8663753,0.4226201,1
17.0,17,-2.3761427,-3.0636358,-0.15254036,-0.47291636,1.1022533,-4.053523,-1.1224674,-3.0120177,-1.8239532,-2.5228732,6.9581957,5.67413,0.44982442,-1.2264559,-1.9774405,-1.7390974,5.436344,8.232368,-0.8555894,0.4067209,1
17.0,17,-2.3980696,-3.0807288,-0.12602276,-0.42828822,1.0479952,-4.10843,-1.1313094,-3.053882,-1.836169,-2.543403,7.0552087,5.770629,0.34860605,-1.2173613,-1.9349986,-1.6826233,5.505327,8.079578,-0.8722751,0.44745618,1
17.0,17,-2.436889,-3.1491444,-0.1437417,-0.45903602,1.0563685,-4.1496577,-1.069485,-3.08356,-1.8417151,-2.5755267,7.0063334,5.847796,0.3554456,-1.1863749,-1.9064398,-1.640242,5.5759206,7.94401,-0.8528172,0.5037814,1
2.0,2,0.9445818,-0.92515165,10.760339,1.1430631,-3.9356523,-3.0229208,-1.1220106,-2.0577464,5.128031,0.9442499,-0.5519538,-0.6368426,0.9243037,1.4613131,-2.9956183,-1.0863498,-1.5709854,-3.4436657,-1.1270707,0.5540995,1
2.0,2,0.9448625,-0.9264556,10.759942,1.1434634,-3.936521,-3.0243478,-1.1199476,-2.0581508,5.1293745,0.94353724,-0.5522612,-0.6364978,0.9250477,1.4605781,-2.9979181,-1.087176,-1.5713173,-3.4441304,-1.124943,0.55791974,1
2.0,2,0.9440784,-0.9262599,10.759208,1.1431248,-3.9371417,-3.0233684,-1.1206832,-2.0578828,5.1308966,0.94414645,-0.5523396,-0.6361383,0.92444825,1.4602869,-2.996707,-1.0862008,-1.5718266,-3.4451876,-1.1256222,0.5570356,1
2.0,2,0.9446663,-0.92625475,10.759901,1.1435026,-3.936547,-3.0240304,-1.1201473,-2.0580404,5.1293917,0.94356066,-0.552328,-0.63645315,0.92487574,1.4605957,-2.997474,-1.0869967,-1.571345,-3.4442918,-1.1250263,0.55749774,1
2.0,2,0.9448262,-0.92680264,10.759729,1.1436479,-3.9369028,-3.0246766,-1.1193404,-2.0582006,5.1300235,0.94333047,-0.5524216,-0.63631535,0.925222,1.460302,-2.998534,-1.0874462,-1.5714691,-3.4443762,-1.1242421,0.55903125,1
2.0,2,0.944737,-0.925976,10.760081,1.1433113,-3.9362137,-3.023805,-1.1206957,-2.057999,5.128896,0.9437938,-0.5521576,-0.63661516,0.92476517,1.4608403,-2.997054,-1.0868545,-1.5712016,-3.4439845,-1.1257038,0.556526,1
16.0,16,-2.717306,-2.2950826,-1.3447855,-1.6653478,0.006980641,-0.83329546,0.031387985,-0.50901234,-0.5596178,-2.4566188,0.14358588,3.6252458,-2.9311402,-0.30047855,-1.1142073,-0.27775994,10.917624,0.5148625,0.5553632,-0.8074216,1
16.0,16,-2.7167268,-2.2934997,-1.3401574,-1.6662023,0.008774314,-0.8389678,0.008032096,-0.5286661,-0.5647764,-2.4631512,0.17014988,3.6420224,-2.9360132,-0.29886192,-1.1066035,-0.27467313,10.92236,0.5380607,0.55160785,-0.8160726,1
16.0,16,-2.721395,-2.284391,-1.3301784,-1.6761436,0.0062318183,-0.85415685,-0.051022254,-0.5885978,-0.56599444,-2.472634,0.2441608,3.675144,-2.943335,-0.28021634,-1.0724553,-0.2603596,10.925044,0.58897066,0.53252673,-0.84489685,1
16.0,16,-2.7254028,-2.274437,-1.3212063,-1.6853985,0.0012925845,-0.86380494,-0.09551432,-0.6339014,-0.56422716,-2.4788382,0.29994923,3.6962507,-2.9479792,-0.2627346,-1.0443281,-0.2482079,10.924555,0.623946,0.51637506,-0.86930424,1
16.0,16,-2.7184176,-2.292808,-1.3351302,-1.662198,0.010870237,-0.8494789,-0.030223496,-0.5611927,-0.5732544,-2.4754584,0.21454905,3.6730635,-2.9446585,-0.29559752,-1.0902923,-0.26856837,10.929636,0.5722956,0.54378414,-0.83073133,1
16.0,16,-2.7173898,-2.2937734,-1.3399324,-1.6649423,0.008948664,-0.84048134,0.0033632861,-0.5327063,-0.56570977,-2.46488,0.17567056,3.6464925,-2.9371655,-0.29836598,-1.1040665,-0.27376533,10.9232235,0.54168254,0.5503298,-0.81795806,1
18.0,18,-1.9418168,-1.9699116,-0.19187433,0.39916655,-2.56661,-3.1540432,-0.953817,-3.590866,2.380644,-0.30474547,0.2893149,1.0277776,-0.49251074,-0.7749244,-0.9615049,-1.0358899,2.6173952,-1.4451883,9.566267,8.791301,1
18.0,18,-1.9337664,-1.9726517,-0.18567388,0.39536247,-2.5533898,-3.1537273,-0.9125032,-3.5689752,2.332184,-0.34296405,0.3232181,1.0260487,-0.5067504,-0.80738664,-0.95009845,-1.027515,2.6040587,-1.4503034,9.535398,8.838286,1
18.0,19,-1.9022486,-1.9371052,0.21375895,0.39338025,-2.8049996,-3.3797324,-0.7966822,-3.6672142,2.8199348,0.6168065,0.36274537,0.55604047,-0.6569769,-0.74276006,-1.1422702,-1.148446,1.5524241,-1.6403744,8.800017,9.809799,0
18.0,19,-2.062988,-1.8651475,0.35475764,0.09231319,-3.185547,-3.50681,-1.0152828,-3.780562,3.9170144,1.3147113,0.05826742,0.25492194,-0.19235547,-0.48933828,-1.3606586,-1.3969897,1.1379323,-1.7601343,8.831127,9.519921,0
18.0,18,-1.9398298,-1.9662288,-0.15455586,0.35110402,-2.5625901,-3.1868074,-0.8475255,-3.559348,2.3579216,-0.28998035,0.3501164,0.9657882,-0.49261856,-0.83357257,-0.9599574,-1.0428835,2.4921265,-1.4634249,9.478185,8.957245,1
18.0,18,-1.932161,-1.9763099,-0.1828243,0.39216664,-2.5517933,-3.1589036,-0.903357,-3.571027,2.3171923,-0.3483143,0.33486664,1.0258696,-0.51186454,-0.805353,-0.95066464,-1.0281566,2.6080227,-1.448956,9.525727,8.85125,1
13.0,13,-1.065295,0.88497376,0.17564568,-1.4351946,-1.149246,0.008891419,-1.2155367,-1.7523017,0.4084409,-0.762792,-0.85774195,-0.34031773,2.1848996,11.439433,-0.49407816,-2.0787127,-0.30081773,0.16429037,-0.68371046,-2.688176,1
13.0,13,-1.0610651,0.8905984,0.18434218,-1.435434,-1.1618963,-0.0062632523,-1.2137429,-1.7654072,0.41199407,-0.76182604,-0.83837175,-0.3283387,2.2004042,11.43569,-0.5119203,-2.0858335,-0.30672914,0.17508045,-0.6832017,-2.6778212,1
13.0,13,-1.0573096,0.8538972,0.18351848,-1.4331284,-1.1612928,-0.022990294,-1.2101033,-1.767832,0.42861775,-0.76955247,-0.8443976,-0.32477766,2.2285671,11.436302,-0.5339079,-2.0845726,-0.30122477,0.15703395,-0.66318893,-2.6597302,1
13.0,13,-1.0460546,0.8910926,0.21899301,-1.4322753,-1.2175318,-0.08477396,-1.2068899,-1.8254274,0.44072562,-0.76378113,-0.74935627,-0.26309735,2.2731314,11.419976,-0.6040339,-2.1095161,-0.3095706,0.19560285,-0.6653204,-2.623264,1
13.0,13,-1.0580201,0.8961446,0.19116761,-1.4355379,-1.1717558,-0.017776854,-1.2122217,-1.7756269,0.4145763,-0.7607877,-0.82330203,-0.31914985,2.2109942,11.4328165,-0.5252387,-2.0912273,-0.31098384,0.18306744,-0.68316007,-2.6699986,1
13.0,13,-1.0622096,0.89014006,0.18218237,-1.4353056,-1.1588486,-0.0022243597,-1.2141656,-1.7622812,0.41084898,-0.76199543,-0.8430726,-0.33139944,2.1953611,11.436724,-0.50691533,-2.0839214,-0.30508196,0.17224503,-0.68371964,-2.6804209,1
12.0,18,-0.9856713,-2.0714684,7.007007,1.324653,-3.6292052,-2.4243093,-1.2429523,-2.6677394,1.7718213,-0.8941037,-1.2330557,-0.9255305,4.493467,1.4561651,-2.0617318,-2.0847497,0.12559754,-0.4536041,7.5480356,2.627947,0
12.0,18,-0.9867789,-2.0716977,7.0058365,1.3297261,-3.6310792,-2.4297578,-1.246519,-2.6708138,1.7759395,-0.884846,-1.2325791,-0.92422295,4.4851356,1.451294,-2.0655365,-2.0886688,0.1251483,-0.45077983,7.5596366,2.6411235,0
12.0,18,-1.0016676,-2.0752254,6.907185,1.343049,-3.6229465,-2.42474,-1.2574126,-2.6815472,1.7619818,-0.90050596,-1.2389835,-0.90227336,4.4709682,1.4183512,-2.047924,-2.0709617,0.15304025,-0.44101372,7.6670012,2.6969118,0
12.0,18,-0.98446804,-2.075445,6.9980874,1.271974,-3.6218076,-2.3755746,-1.2120054,-2.6443381,1.7432786,-0.9683072,-1.2359935,-0.9343204,4.5683436,1.4935348,-2.0262086,-2.0394785,0.12117338,-0.48761195,7.466962,2.5331402,0
12.0,18,-0.9864951,-2.0718179,7.0116253,1.3246431,-3.6321416,-2.4260752,-1.2440239,-2.6685717,1.7761121,-0.88925934,-1.2322817,-0.9255696,4.4898553,1.4554287,-2.0638087,-2.0851982,0.12359519,-0.45557034,7.547566,2.630913,0
12.0,18,-0.98669803,-2.0718825,7.007778,1.3277937,-3.6309936,-2.4284418,-1.2452192,-2.6701202,1.774879,-0.88691777,-1.2322725,-0.9248382,4.486882,1.4531909,-2.0647087,-2.0873785,0.1249869,-0.45230713,7.55481,2.6378927,0
15.0,14,-1.0153085,-2.189544,-2.2466898,-1.2269928,4.1868553,1.3207375,-0.92191046,-0.547074,-2.3634791,0.21579811,-2.6027653,-1.3054624,-1.7865334,-1.0708053,7.9071937,7.2669616,-1.72867,-3.3755536,-2.1300557,-0.6254682,0
15.0,14,-1.0199355,-2.211742,-2.2347422,-1.1962655,4.08155,1.3104031,-0.9721008,-0.59496653,-2.3550296,0.23582539,-2.5606241,-1.2799959,-1.807433,-1.0797333,7.8865185,7.366983,-1.7265551,-3.426437,-2.1154745,-0.61295336,0
15.0,14,-1.0142179,-2.1779828,-2.255611,-1.2311502,4.139777,1.3279366,-0.98768014,-0.58898664,-2.341802,0.26501217,-2.5669396,-1.2944139,-1.7974443,-1.064344,7.921821,7.292547,-1.7449617,-3.4000332,-2.1227186,-0.6258593,0
15.0,14,-1.021576,-2.2265403,-2.2321174,-1.1595197,3.8879962,1.3121691,-1.0970331,-0.6998758,-2.3255424,0.3120092,-2.459616,-1.2395449,-1.8478656,-1.0797553,7.863298,7.5361853,-1.7516803,-3.5214415,-2.0921628,-0.5946766,0
15.0,14,-1.0227424,-2.2321851,-2.2232444,-1.1659111,3.9777808,1.3020558,-1.0153664,-0.63915133,-2.346467,0.25384244,-2.5206714,-1.2578671,-1.8261843,-1.0879868,7.8620553,7.465212,-1.7283007,-3.4775257,-2.1016412,-0.5999492,0
15.0,14,-1.0192983,-2.2109735,-2.2348733,-1.197053,4.0844116,1.3105706,-0.96994096,-0.59334564,-2.3549764,0.23538205,-2.5624704,-1.2814355,-1.8062599,-1.0793818,7.8865924,7.3640084,-1.7275709,-3.425419,-2.116068,-0.6130399,0
6.0,6,0.5742495,-1.5452479,-1.7131641,-1.1472108,6.879092,1.6986877,8.89777,6.6290016,-3.5582912,-2.7492023,-3.125192,-3.0373049,-0.4856918,-2.8368757,-0.19306749,0.95840377,-1.5426027,-1.4709625,-1.6478459,0.85509306,1
6.0,6,0.5817415,-1.5712223,-1.7378235,-1.1544116,6.960303,1.7121177,8.856642,6.6172886,-3.5862708,-2.7692556,-3.1385744,-3.0311675,-0.48535973,-2.8345041,-0.15751371,0.9927176,-1.5230594,-1.4413036,-1.6549878,0.8044417,1
6.0,6,0.5169937,-1.5597569,-1.7803807,-1.2312224,6.8305078,1.7377061,8.944982,6.7123375,-3.5199006,-2.7494724,-3.0690844,-2.9981816,-0.49827278,-2.854294,-0.25835025,0.89888036,-1.5090611,-1.4474696,-1.6469582,0.91872007,1
6.0,6,0.5369882,-1.5881807,-1.8036506,-1.2406934,6.9210157,1.7498007,8.901045,6.6886625,-3.553637,-2.7702253,-3.0844543,-2.9923856,-0.496598,-2.8526528,-0.222586,0.94355905,-1.495501,-1.4169143,-1.6529263,0.87280506,1
6.0,6,0.6056638,-1.601648,-1.7628434,-1.170032,7.054135,1.7260638,8.809003,6.587149,-3.6196601,-2.788113,-3.152025,-3.0246284,-0.48566902,-2.831969,-0.123553365,1.0412618,-1.5098532,-1.4086891,-1.6600964,0.76543456,1
6.0,6,0.602774,-1.5850174,-1.7456462,-1.1657393,7.0013065,1.7171708,8.83617,6.594561,-3.6015937,-2.7744815,-3.1435456,-3.0291872,-0.4862423,-2.834082,-0.14813691,1.0199616,-1.5244694,-1.4285333,-1.6558001,0.800509,1
8.0,8,-1.1587802,-0.11972543,1.7203224,-0.8371497,-4.293423,-0.0573151,-3.2786355,-1.106099,10.512843,4.3226814,-2.0948033,-1.3154799,1.8963733,1.8034045,-2.2488644,-1.6376933,-1.5896771,-2.5509067,1.6316375,-1.0161958,1
8.0,8,-1.1538792,-0.12083193,1.7188301,-0.8357267,-4.292895,-0.0516571,-3.2765017,-1.1011987,10.51393,4.3079424,-2.0944684,-1.3141131,1.9016277,1.7989634,-2.2469597,-1.6328639,-1.5916386,-2.55359,1.6341017,-1.0248171,1
8.0,8,-1.1375065,-0.11261075,1.713886,-0.8397481,-4.271613,-0.009056542,-3.2638502,-1.0934395,10.507384,4.2553363,-2.092231,-1.2972126,1.8543148,1.7797066,-2.2370038,-1.6069045,-1.5524633,-2.5656579,1.6309906,-1.0367534,1
8.0,8,-1.107543,-0.14223883,1.7181472,-0.870608,-4.26529,0.029285785,-3.2311857,-1.0431168,10.521175,4.1763177,-2.089612,-1.3063354,1.9476292,1.7604668,-2.24479,-1.5795282,-1.5813819,-2.5725307,1.5976866,-1.1302731,1
8.0,8,-1.1463158,-0.12365792,1.7179906,-0.83657175,-4.291382,-0.042509515,-3.27174,-1.0928326,10.516026,4.2871723,-2.0939267,-1.3130733,1.9119207,1.7925888,-2.245551,-1.6257002,-1.5950727,-2.5569322,1.6335698,-1.0396392,1
8.0,8,-1.1543038,-0.120896704,1.7189307,-0.8357292,-4.293224,-0.05261681,-3.276704,-1.1017225,10.514029,4.309213,-2.0945923,-1.3144243,1.9019152,1.7994366,-2.2471242,-1.6333618,-1.5921308,-2.5534525,1.6342787,-1.0239166,1
17.0,17,-2.4800766,-3.7065816,-3.222073,-2.3954172,5.157188,-0.5349167,0.85416234,3.295481,-2.7043679,-3.117544,0.83918357,4.5671697,1.2720946,-0.33023176,1.7180116,-0.49962077,0.9124137,6.5421185,-2.3568606,-3.6679275,1
17.0,17,-2.5529368,-3.6848814,-3.1014724,-2.29157,4.9062343,-0.67294526,0.6661065,3.0809288,-2.6477435,-2.964428,1.3098617,4.7724333,1.2806305,-0.6315812,1.3140255,-0.6024772,1.0504856,7.0746675,-2.3097634,-3.4901006,1
17.0,17,-2.582662,-3.7684956,-3.1286404,-2.3859162,4.9291325,-0.64697814,0.69724315,3.008869,-2.5404317,-2.8529387,1.3955687,4.9478545,1.3302648,-0.7146764,1.1702533,-0.50466806,1.1509528,6.8511376,-2.3429513,-3.420244,1
17.0,17,-2.662765,-3.68901,-2.914331,-2.1722548,4.483147,-0.95074975,0.4049454,2.6392503,-2.47758,-2.6396258,2.2841094,5.3485513,1.1826183,-1.1438105,0.7079013,-0.626599,1.3969978,7.3906217,-2.2906077,-3.0931985,1
17.0,17,-2.5898812,-3.6511233,-3.022318,-2.218641,4.7484426,-0.76369286,0.55036986,2.9414423,-2.6192517,-2.8703587,1.6187227,4.8892674,1.2597517,-0.80374146,1.0976028,-0.6626067,1.1235477,7.3678217,-2.2856529,-3.3732593,1
17.0,17,-2.5371556,-3.6954386,-3.13194,-2.3185651,4.9669905,-0.6384604,0.71274453,3.1369324,-2.6599562,-3.003939,1.1878234,4.7254663,1.2842622,-0.5598021,1.4062694,-0.5788385,1.0204517,6.9501243,-2.3197238,-3.5362434,1
5.0,7,-1.167428,-1.4952822,-2.629575,-1.0380802,3.8832316,6.665652,2.631265,9.344611,-2.0345917,-1.9597343,-2.1386507,-1.6493615,-3.1736963,-2.4781415,0.8435146,2.1987288,-0.35644978,-1.3498597,-3.942692,-2.076697,0
5.0,7,-1.123613,-1.485162,-2.6462488,-1.0552026,3.996826,6.7506137,2.5739563,9.304302,-2.057883,-1.9632983,-2.1793227,-1.6741974,-3.1698189,-2.4581747,0.8789805,2.231898,-0.36231697,-1.3056198,-3.9481375,-2.1500173,0
5.0,7,-1.2342733,-1.5439258,-2.570957,-1.0357301,3.481403,6.468738,2.6380463,9.343324,-1.8718852,-1.8705181,-1.9456961,-1.5421793,-3.1865327,-2.5341632,0.61530995,2.0305498,-0.20774515,-1.4462645,-3.9262357,-1.735372,0
5.0,7,-1.1120578,-1.4953859,-2.62664,-1.0880343,3.7697299,6.7492867,2.4507658,9.223494,-1.9147059,-1.8706273,-2.0667758,-1.6075524,-3.1750472,-2.4716325,0.72320604,2.1263745,-0.22245729,-1.341632,-3.9327278,-1.9568844,0
5.0,7,-1.0753769,-1.472156,-2.6633399,-1.0754368,4.1199408,6.846359,2.5122795,9.255553,-2.0805726,-1.9645244,-2.226043,-1.7034941,-3.16281,-2.4345095,0.91841435,2.267345,-0.37207115,-1.259361,-3.952445,-2.2279563,0
5.0,7,-1.106624,-1.4785349,-2.6505241,-1.0630095,4.0319695,6.7867174,2.5553308,9.285912,-2.0605645,-1.9606086,-2.196692,-1.6855503,-3.1663435,-2.4489343,0.8909574,2.2432814,-0.36967492,-1.2971306,-3.9490714,-2.171445,0
13.0,13,-1.091253,1.2140745,0.7142297,-0.81313133,-0.8525115,0.1314365,-2.6409364,-1.411826,-0.5511459,0.1088127,-0.5747278,-0.9515228,-0.9980664,11.031932,1.1623045,-1.0941987,-0.43413293,0.09550733,-1.856046,-3.0760198,1
13.0,13,-1.0915121,1.2135384,0.7146098,-0.8136378,-0.85261065,0.13123196,-2.6411018,-1.411896,-0.55115265,0.10976583,-0.5742811,-0.95183873,-0.9978274,11.032069,1.1617914,-1.0945363,-0.43471783,0.0965633,-1.8566037,-3.0756414,1
13.0,13,-1.0918854,1.2118781,0.71247077,-0.8170843,-0.85090667,0.13231549,-2.6409647,-1.412172,-0.5509802,0.111026555,-0.57346475,-0.9526355,-0.9972538,11.032573,1.1615424,-1.0946399,-0.4343142,0.097289726,-1.8561648,-3.0745013,1
13.0,13,-1.0929606,1.2105186,0.7135161,-0.8189897,-0.8504209,0.13133428,-2.6418278,-1.4123225,-0.5528584,0.11722692,-0.57064414,-0.9552778,-0.99669135,11.033079,1.159629,-1.0962067,-0.4387992,0.104127295,-1.8609807,-3.0725117,1
13.0,13,-1.091783,1.2130533,0.71487373,-0.8142193,-0.85256857,0.13104269,-2.6412861,-1.4119616,-0.55135477,0.1110122,-0.5737111,-0.95232695,-0.9976249,11.032214,1.1612996,-1.0948937,-0.4355201,0.09789969,-1.8574197,-3.075182,1
13.0,13,-1.0914716,1.2136253,0.71458685,-0.81351495,-0.8526258,0.13123517,-2.641082,-1.4118977,-0.5511645,0.109649494,-0.5743412,-0.9517993,-0.9978694,11.032055,1.1618477,-1.094485,-0.4346624,0.09641401,-1.8565534,-3.0756757,1
3.0,11,-2.003162,-1.0770589,-0.48552746,8.057811,-3.483791,-2.3582344,-0.83632535,-0.45159188,0.5661171,-2.6573954,3.430003,8.807041,-1.639087,-2.2296119,-0.4682088,-0.89934653,3.1767628,-1.235642,0.075349174,-1.0489727,0
3.0,11,-2.0033553,-1.0810437,-0.4962788,8.056529,-3.4846303,-2.3479395,-0.8416665,-0.45829186,0.5621233,-2.671312,3.4472837,8.796105,-1.6536276,-2.2269442,-0.4532333,-0.88523436,3.1990495,-1.2488844,0.07777682,-1.0521041,0
3.0,11,-2.0076733,-1.0926484,-0.5095245,8.0404825,-3.4841,-2.3369403,-0.8476364,-0.4665996,0.56326777,-2.692846,3.4542043,8.794696,-1.665865,-2.2243133,-0.44165033,-0.87062806,3.2395756,-1.2626184,0.09483806,-1.0556332,0
3.0,11,-2.0096102,-1.0990251,-0.52242565,8.032296,-3.4845972,-2.3249953,-0.8540537,-0.47492856,0.5610299,-2.7110004,3.4691792,8.786164,-1.6818134,-2.2215953,-0.42588836,-0.8545673,3.2722113,-1.2781347,0.10276748,-1.0591166,0
3.0,11,-2.0035598,-1.0832705,-0.5032276,8.055008,-3.4850717,-2.3413095,-0.8450383,-0.46269202,0.5596896,-2.6803498,3.4579058,8.789445,-1.6631533,-2.2253768,-0.4435454,-0.87627685,3.214003,-1.257648,0.0795247,-1.0539341,0
3.0,11,-2.0035286,-1.0800086,-0.4940959,8.056245,-3.4843602,-2.3500445,-0.84042567,-0.45681915,0.5631095,-2.6683614,3.443018,8.798942,-1.6506048,-2.2276409,-0.45632434,-0.8882207,3.1945953,-1.2462343,0.07720577,-1.0514562,0
9.0,9,-2.9986641,-0.5775606,4.9077487,-0.7324597,-3.8311126,-1.5326377,-2.8473046,-2.5554929,4.450099,9.39634,-2.001378,-2.7128098,1.1191242,3.7789028,-1.929895,-1.5513946,-2.7752647,-0.71936554,-0.20241584,1.1170076,1
9.0,9,-2.9737742,-0.574461,5.0529428,-0.7280805,-3.8423958,-1.5523822,-2.8261983,-2.5449853,4.419416,9.330487,-1.9859933,-2.714888,1.1081909,3.8074274,-1.9195448,-1.5448099,-2.7842047,-0.765027,-0.24890287,1.084793,1
9.0,9,-3.1192045,-0.54377234,4.3410587,-0.81398535,-3.8561523,-1.3670588,-2.9490693,-2.6316626,4.7664504,9.430135,-2.1216006,-2.6652617,1.0352517,3.896041,-1.8266312,-1.383939,-2.6955805,-0.9333669,-0.080025166,1.1492968,1
9.0,9,-2.8789046,-0.47220218,5.589474,-0.84438056,-3.8791552,-1.4366852,-2.6681976,-2.4819672,4.3180404,8.638232,-1.9872099,-2.69513,0.86177623,4.32402,-1.5360024,-1.0370816,-2.8297293,-1.5764654,-0.6753926,0.7188639,1
9.0,9,-2.9074066,-0.56114143,5.404122,-0.7292266,-3.8615944,-1.5868254,-2.7684047,-2.5143912,4.3351374,9.142202,-1.9479694,-2.717621,1.0720261,3.893217,-1.8730205,-1.4986669,-2.806218,-0.9042845,-0.3827722,0.985674,1
9.0,9,-2.9471014,-0.5692931,5.182302,-0.7313798,-3.8451004,-1.5634079,-2.8038373,-2.531558,4.376368,9.263548,-1.9687358,-2.7188246,1.0960298,3.8403213,-1.8968829,-1.521475,-2.7967222,-0.81513566,-0.31057188,1.0425106,1
13.0,13,-0.74571025,1.3445063,1.7295098,0.14664188,-2.0729942,-0.43166915,-1.4229902,-1.4402205,0.8843911,-0.8552632,-1.1680377,-0.842193,0.34838766,11.144856,-0.34875464,-1.8516407,-0.46655238,-1.2357829,-0.9484241,-2.8852587,1
13.0,13,-0.74663407,1.3471817,1.7281436,0.15165864,-2.074456,-0.43126068,-1.4205656,-1.4391528,0.883447,-0.856291,-1.1690807,-0.84229475,0.34418032,11.143104,-0.3456183,-1.8506659,-0.466128,-1.2393456,-0.94508445,-2.885484,1
13.0,13,-0.7463061,1.3238715,1.7288115,0.11732094,-2.0692918,-0.4313816,-1.4318849,-1.4451329,0.89821595,-0.8552748,-1.1658953,-0.83703893,0.37553647,11.153341,-0.36573905,-1.8580112,-0.46257216,-1.2238339,-0.94620824,-2.8813996,1
13.0,13,-0.744318,1.3272223,1.7319546,0.11941269,-2.0674417,-0.43214282,-1.4337906,-1.4450097,0.8935319,-0.8530081,-1.1644099,-0.8389301,0.37139058,11.153167,-0.36372787,-1.8569115,-0.46509743,-1.2211206,-0.9544933,-2.8831015,1
13.0,13,-0.7460392,1.3440382,1.7301879,0.14623292,-2.0739346,-0.43196443,-1.4225837,-1.4403796,0.88587695,-0.8554299,-1.1682736,-0.8418383,0.34925875,11.144806,-0.3497194,-1.8522866,-0.4663511,-1.2363546,-0.9470724,-2.8848884,1
13.0,13,-0.7460286,1.3446939,1.7299912,0.14723265,-2.0739324,-0.43188357,-1.422338,-1.4401902,0.8852702,-0.85547346,-1.1683356,-0.8419923,0.34823874,11.1445265,-0.34899604,-1.8519454,-0.46641386,-1.2367468,-0.9471506,-2.8850417,1
19.0,19,-0.85237527,-1.9184713,1.1368531,-0.13593104,-1.8790964,-2.959505,1.7442694,-1.930723,-0.3103946,1.2829366,1.5921851,-0.6809023,-1.3671112,-1.4429655,-1.4597062,-0.7653165,-0.62217253,-1.4577781,3.9180968,11.689724,1
19.0,19,-0.85181946,-1.9164059,1.1368799,-0.13622347,-1.8801649,-2.9571366,1.7481359,-1.9282614,-0.30787072,1.2837338,1.5900642,-0.6819779,-1.3680961,-1.4443454,-1.4592272,-0.76253456,-0.62869227,-1.4602287,3.9154167,11.689044,1
19.0,19,-0.8338,-1.9065114,1.169236,-0.06268086,-1.893307,-3.021855,1.6380103,-2.049138,-0.24871078,1.3775702,1.6330042,-0.6618298,-1.3663746,-1.3647274,-1.4467964,-0.8152837,-0.67785156,-1.4372523,3.8647828,11.7002735,1
19.0,19,-0.8591912,-1.8751842,1.1428603,-0.1075865,-1.924227,-2.940814,1.7554537,-1.961638,-0.1893161,1.4065667,1.5417762,-0.7035753,-1.3644385,-1.4168532,-1.4591811,-0.7504709,-0.78634536,-1.4872361,3.837685,11.694089,1
19.0,19,-0.84956336,-1.904524,1.1395191,-0.1384635,-1.8877056,-2.9455533,1.7673099,-1.9189667,-0.28780928,1.3038352,1.5756212,-0.69383556,-1.3670945,-1.4457059,-1.4605329,-0.7536841,-0.6725633,-1.4709846,3.8894238,11.687536,1
19.0,19,-0.8503015,-1.9138483,1.1379331,-0.13645351,-1.8808293,-2.9549456,1.7528287,-1.9258953,-0.30572197,1.2866752,1.5881056,-0.6845694,-1.368236,-1.4445379,-1.4591445,-0.76053166,-0.6380924,-1.4622877,3.9087858,11.688318,1
6.0,6,-2.3692894,-0.52710855,-2.3958557,-1.5961397,-0.100188315,0.34064478,9.423631,3.1549177,-0.032759737,-1.4136168,-1.8292717,-1.556546,0.9088815,-2.546078,-0.35813236,-0.5905656,-0.17989129,-3.8895912,3.270247,4.6110625,1
6.0,6,-2.3744004,-0.511376,-2.411862,-1.6009808,-0.08684559,0.36424124,9.449359,3.1729794,-0.037587967,-1.4352034,-1.8584632,-1.5546006,0.9391354,-2.5381474,-0.32705116,-0.57615006,-0.18441059,-3.897351,3.2490718,4.506639,1
6.0,6,-2.3733206,-0.49948674,-2.3714788,-1.5994276,-0.14825882,0.23891921,9.4017315,2.954708,-0.049754392,-1.4085083,-1.8155488,-1.5071424,0.9378419,-2.4895217,-0.2999832,-0.55601543,-0.222519,-3.8676667,3.3574696,4.6893935,1
6.0,6,-2.3758144,-0.47594392,-2.378341,-1.6041479,-0.14076221,0.2449398,9.431038,2.9375937,-0.06011754,-1.4326099,-1.8444984,-1.4963689,0.9825711,-2.4697318,-0.2608539,-0.5337268,-0.24884506,-3.8690403,3.341628,4.592453,1
6.0,6,-2.3764439,-0.49700084,-2.418749,-1.6035911,-0.07909854,0.3792604,9.47158,3.1801252,-0.04139093,-1.4499419,-1.8804286,-1.5539664,0.9696011,-2.5279198,-0.30489534,-0.5636089,-0.20348924,-3.9008298,3.2270052,4.431005,1
6.0,6,-2.3745894,-0.507341,-2.4123597,-1.6014038,-0.0860569,0.36676964,9.454739,3.1725333,-0.03791542,-1.4381417,-1.8636322,-1.5544922,0.9474634,-2.5347831,-0.32215917,-0.57300663,-0.19177084,-3.8979654,3.2439435,4.4907103,1
18.0,18,-1.8594259,-1.5160395,-1.6584812,0.85789305,-2.5543423,-1.2434996,-0.88667375,-1.9904307,2.969398,-2.2029676,-1.1303295,2.7971342,0.84455454,-1.905158,-0.2693557,-0.26762363,2.9024022,-1.5055368,10.500186,4.189764,1
18.0,18,-1.8600392,-1.5167291,-1.6584846,0.8600442,-2.5545835,-1.2446471,-0.8867462,-1.9914056,2.9669251,-2.2019277,-1.1287824,2.7989697,0.84159195,-1.9052793,-0.26911682,-0.26749614,2.902176,-1.5056279,10.499799,4.194474,1
18.0,18,-1.8656975,-1.5194502,-1.6543164,0.8728237,-2.5623753,-1.2521147,-0.8824379,-1.9966866,2.9656248,-2.1919355,-1.1170852,2.8123906,0.8170401,-1.9085232,-0.2682913,-0.26602516,2.8939478,-1.5135765,10.492333,4.2256756,1
18.0,18,-1.8522856,-1.5061373,-1.6619155,0.8374206,-2.552929,-1.2289172,-0.87771523,-1.9796733,2.985276,-2.2149994,-1.1396363,2.7693875,0.87837195,-1.9059725,-0.26631242,-0.2618815,2.8887477,-1.5081272,10.507607,4.155077,1
18.0,18,-1.8595066,-1.5156435,-1.6589228,0.8591569,-2.5549655,-1.2432257,-0.88527477,-1.9905545,2.9674885,-2.2028484,-1.128791,2.7959757,0.84402245,-1.9054446,-0.26817757,-0.26609653,2.898871,-1.5067012,10.500475,4.1937737,1
18.0,18,-1.859841,-1.5163726,-1.6583816,0.8594165,-2.5547607,-1.2440917,-0.8866304,-1.9910313,2.9680505,-2.2022998,-1.1291946,2.7981615,0.84239316,-1.9053092,-0.26902694,-0.2672389,2.9016974,-1.5059863,10.49974,4.1931553,1
4.0,4,-1.9029086,-3.8476512,-3.13959,-2.886196,7.3720136,2.7595618,6.567099,4.1261477,-3.516822,-2.622419,-2.6021633,-1.3794063,-2.0536792,-2.1199617,2.735833,6.52474,0.021144683,-2.2794898,-2.3201616,-0.85705024,1
4.0,4,-1.8993772,-3.8936079,-3.146366,-2.8609557,7.359807,2.7544637,6.420971,4.040865,-3.546182,-2.6110768,-2.5700212,-1.3357359,-2.1037843,-2.118123,2.8077304,6.6727247,0.0230749,-2.2890737,-2.332709,-0.8779784,1
4.0,4,-1.8817347,-3.889443,-3.1435819,-2.8859587,7.3024263,2.7970464,6.4033704,4.002134,-3.4898307,-2.5798163,-2.5893662,-1.3426876,-2.0782106,-2.0758593,2.7619636,6.737226,-0.030886404,-2.3281934,-2.3362122,-0.87248546,1
4.0,4,-1.8814716,-3.976396,-3.168879,-2.8168392,7.28826,2.779594,6.07908,3.8257124,-3.567889,-2.560785,-2.5095987,-1.2394811,-2.202635,-2.0761542,2.9359362,7.024339,0.0028332695,-2.3363688,-2.3670747,-0.92112267,1
4.0,4,-1.8978405,-3.9156222,-3.1503322,-2.8462827,7.3520265,2.7520502,6.3447847,3.9965053,-3.5615082,-2.6050003,-2.5531905,-1.312728,-2.1306047,-2.1168756,2.8457146,6.7479987,0.024752658,-2.2945998,-2.3391798,-0.88887656,1
4.0,4,-1.9002131,-3.8859456,-3.1451266,-2.8660026,7.3636,2.7546782,6.4471955,4.0565605,-3.5413823,-2.6133795,-2.5754673,-1.3433319,-2.0950751,-2.1188157,2.7950907,6.645335,0.023885222,-2.2863035,-2.3306851,-0.8741559,1
5.0,5,0.08728461,0.04002951,-3.386595,-1.4737945,3.7714763,9.607943,0.71432036,3.9358842,-1.2555149,-1.4659644,-3.3591208,-2.0775766,-2.3675923,-0.41807023,2.0817614,4.8747783,-0.6283884,-2.6921897,-2.3593037,-2.9440737,1
5.0,5,0.10812326,0.044821694,-3.389962,-1.4796958,3.7899017,9.605226,0.6917479,3.86845,-1.2722384,-1.4613734,-3.3522897,-2.0777035,-2.370657,-0.41360882,2.1040182,4.91785,-0.6249149,-2.6891525,-2.3474696,-2.945615,1
5.0,5,-0.007706281,0.09684062,-3.332637,-1.4987146,3.4808948,9.659333,0.74045557,4.087797,-1.0126333,-1.405969,-3.3572106,-2.0562456,-2.3098679,-0.38168064,1.8987802,4.5673447,-0.5891582,-2.7084396,-2.3277698,-2.8266635,1
5.0,5,0.1108063,0.12895451,-3.3514671,-1.5331538,3.5947444,9.658409,0.61750466,3.718786,-1.0936527,-1.3757391,-3.3363285,-2.0695176,-2.3102622,-0.35306323,2.0201006,4.7963247,-0.5832771,-2.684492,-2.2627406,-2.856025,1
5.0,5,0.15439606,0.05363906,-3.3955967,-1.494592,3.8346105,9.598999,0.65114194,3.727534,-1.3084574,-1.4509671,-3.3393028,-2.0824366,-2.3727858,-0.40543595,2.146185,5.0034494,-0.6206276,-2.6782439,-2.3205743,-2.9440587,1
5.0,5,0.13548604,0.05195602,-3.3903832,-1.4901457,3.8126352,9.604541,0.6709648,3.787314,-1.2865618,-1.4524438,-3.3464653,-2.082718,-2.3682747,-0.40705177,2.123055,4.959527,-0.6248323,-2.6818466,-2.3306012,-2.9416153,1
8.0,8,-2.6068783,0.54232365,1.5603747,-2.321468,-4.1060996,1.0858748,-3.7670665,-1.43442,6.882101,6.3036046,-1.3810788,-1.673876,0.8112052,4.0284715,-0.4355461,0.7436055,-1.9977163,-2.9898305,-2.6297958,-2.735927,1
8.0,8,-2.6068828,0.54225665,1.56039,-2.321533,-4.1060343,1.0857806,-3.7670739,-1.4344665,6.8820143,6.3038845,-1.3810812,-1.6739389,0.8112667,4.0284743,-0.43560582,0.74352336,-1.9977845,-2.989736,-2.6298392,-2.7357872,1
8.0,8,-2.6069865,0.5422728,1.5600603,-2.3215485,-4.106162,1.0863005,-3.766771,-1.4343003,6.8820987,6.3022265,-1.3810854,-1.6735905,0.81092626,4.028993,-0.43533814,0.7441337,-1.997068,-2.9904892,-2.629564,-2.7362695,1
8.0,8,-2.6070507,0.542727,1.55988,-2.321695,-4.1061354,1.0867019,-3.76645,-1.4341111,6.8792334,6.3001313,-1.3800184,-1.6731036,0.809934,4.030116,-0.4338001,0.746341,-1.9963294,-2.9915202,-2.6309907,-2.7378905,1
8.0,8,-2.6068947,0.54223496,1.5603857,-2.3215697,-4.1060057,1.0857519,-3.7670636,-1.4344814,6.8818836,6.3039436,-1.381055,-1.6739528,0.81126034,4.028516,-0.4355815,0.7435571,-1.9977919,-2.9897316,-2.6298974,-2.7357662,1
8.0,8,-2.6068861,0.5422638,1.5603877,-2.3215132,-4.10605,1.0857829,-3.7670875,-1.434463,6.882081,6.3039155,-1.3811015,-1.6739452,0.8112726,4.028429,-0.43561453,0.7434943,-1.9978143,-2.9897192,-2.629811,-2.735766,1
19.0,19,-1.5779462,-2.401151,2.2604296,0.094502516,-2.590547,-3.6863813,0.4809604,-3.513628,0.5893179,2.7884476,0.33696824,-0.6124302,0.040600125,-0.27101555,-1.9486448,-1.4509063,-0.5097778,-1.37054,6.3493032,11.423389,1
19.0,19,-1.5815965,-2.4011378,2.2599738,0.09652064,-2.5937736,-3.686984,0.47839764,-3.515232,0.5919947,2.791827,0.33579063,-0.61152905,0.04314259,-0.27271277,-1.949505,-1.4511688,-0.5098992,-1.3681068,6.3551025,11.421429,1
19.0,19,-1.5892042,-2.4043276,2.2503123,0.10414168,-2.5984638,-3.6850104,0.4728987,-3.5182426,0.60095435,2.762592,0.3295911,-0.5956106,0.051438022,-0.28004497,-1.9428625,-1.4458357,-0.49359322,-1.3709208,6.402332,11.415836,1
19.0,19,-1.5196493,-2.409399,2.2899816,0.10432342,-2.5595639,-3.6828246,0.55171937,-3.4631374,0.49053568,2.5987363,0.354721,-0.57950854,0.003559786,-0.27502373,-1.9091433,-1.4184188,-0.47881025,-1.4302651,6.385004,11.414966,1
19.0,19,-1.577207,-2.401819,2.2639403,0.098450094,-2.5921066,-3.6871674,0.48491308,-3.510505,0.5825279,2.7754662,0.33767378,-0.60837555,0.039411012,-0.27412364,-1.946574,-1.4480754,-0.5073646,-1.3725073,6.35936,11.42013,1
19.0,19,-1.5801653,-2.4008892,2.2603366,0.09587426,-2.5925522,-3.6867027,0.4798297,-3.514029,0.59015304,2.790747,0.3368344,-0.6120886,0.040932793,-0.27254796,-1.9492022,-1.4508301,-0.5101312,-1.3687229,6.3513765,11.422457,1
6.0,6,-2.2363205,0.00026028417,-2.4456682,-2.1849,1.8619616,2.3438282,10.033552,5.9557877,-0.8684125,-2.1983292,-2.4627972,-0.95833224,-0.07797068,-1.526502,-0.16905813,-0.50190896,0.89728045,-3.4224775,-0.37737966,-0.064025894,1
6.0,6,-2.2350204,0.002609862,-2.4501238,-2.1929271,1.8793598,2.3565173,10.035165,5.9513288,-0.8749588,-2.20657,-2.4635973,-0.9492272,-0.08315529,-1.5281913,-0.15366384,-0.48516902,0.8936099,-3.4188693,-0.38671747,-0.07818468,1
6.0,6,-2.245273,0.02880132,-2.4632027,-2.2140288,1.88407,2.4232821,10.021748,5.940525,-0.84098464,-2.1996574,-2.4892077,-0.953171,-0.072399706,-1.4876021,-0.13034774,-0.47418496,0.8753135,-3.432313,-0.39645177,-0.10930933,1
6.0,6,-2.2461798,0.028548596,-2.480657,-2.2421696,1.9410307,2.463897,10.017848,5.9346585,-0.86410105,-2.2209244,-2.4901931,-0.9096421,-0.10918821,-1.4968684,-0.08208905,-0.4213237,0.8896655,-3.4234636,-0.43331376,-0.14782456,1
6.0,6,-2.2342536,0.003194591,-2.4523041,-2.1969328,1.8886964,2.3621554,10.036108,5.9492197,-0.8790392,-2.2109234,-2.4636905,-0.9444295,-0.08636394,-1.5296663,-0.14598629,-0.47642803,0.8924032,-3.4168007,-0.39147815,-0.08491108,1
6.0,6,-2.2351673,0.0024059396,-2.448569,-2.190683,1.8746028,2.3525913,10.035014,5.952017,-0.87303597,-2.2040434,-2.4633949,-0.95261323,-0.08131792,-1.527337,-0.15814999,-0.48993233,0.8938255,-3.4196115,-0.38406354,-0.07416645,1
4.0,4,0.81973183,-2.4067369,-2.862574,-2.7160022,11.167586,3.753756,4.0792875,4.988749,-4.2663035,-2.5637841,-2.0809784,-2.6290488,-2.2125638,-2.266889,2.5656774,2.268463,0.09444778,1.2727408,-3.289084,-1.7010199,1
4.0,4,0.83218384,-2.4113903,-2.8553388,-2.7192013,11.184901,3.7362401,4.056853,4.941222,-4.273773,-2.5681512,-2.065214,-2.6136138,-2.2054193,-2.2646677,2.5596864,2.269327,0.11651394,1.301219,-3.2731442,-1.7019838,1
4.0,4,0.8120769,-2.3881848,-2.8873696,-2.7283807,11.142411,3.8001065,4.0897408,5.0883393,-4.226614,-2.5479379,-2.0824387,-2.6496427,-2.2142882,-2.2670991,2.530634,2.2116482,0.09020971,1.2651706,-3.3341424,-1.7197394,1
4.0,4,0.8435456,-2.3993046,-2.870453,-2.7358484,11.182786,3.763231,4.041666,4.978642,-4.244262,-2.5589926,-2.0505037,-2.6157749,-2.1972194,-2.2616935,2.5165317,2.2190487,0.136031,1.3252975,-3.2963595,-1.7209523,1
4.0,4,0.84411395,-2.4154322,-2.8485107,-2.7220736,11.200191,3.721107,4.0370255,4.898397,-4.279875,-2.5718641,-2.0515597,-2.600002,-2.1985514,-2.2624133,2.5533726,2.2706704,0.13520716,1.3261595,-3.2587893,-1.7030615,1
4.0,4,0.83668804,-2.4123983,-2.8534553,-2.7200239,11.189178,3.7334154,4.0523987,4.929457,-4.274846,-2.5691304,-2.0625722,-2.610397,-2.202764,-2.2635233,2.5563679,2.270466,0.11988575,1.307061,-3.2692635,-1.7024915,1
17.0,17,-2.1690204,-1.996009,-2.2114673,-1.5809833,3.128873,-1.4316515,3.1754944,2.081355,-2.065419,-3.7302473,1.7408723,2.41808,3.4596987,-0.19189258,-2.2369318,-3.5728047,2.2485993,8.758146,-0.32655513,-3.0506837,1
17.0,17,-2.1438262,-1.858733,-2.1409748,-1.482063,3.11014,-1.3568722,2.8010538,1.9878706,-2.081069,-3.560621,1.9412855,2.377135,3.286887,-0.22488338,-2.2415025,-3.5798652,2.118074,9.145131,-0.4611846,-3.0451896,1
17.0,17,-2.062559,-1.4598552,-2.5700324,-2.2145407,3.7064495,0.025073525,3.4236856,2.5957794,-1.7626169,-3.0727057,0.89292735,0.79672325,4.3208733,0.45110166,-1.238363,-3.1647778,-0.09418766,7.884346,-1.0969328,-3.4073608,1
17.0,17,-2.047106,-1.3897011,-2.5225923,-2.1647034,3.7299702,0.049450126,3.108326,2.5176456,-1.8287412,-2.9451618,1.0932938,0.85396993,4.0678935,0.42724374,-1.2220782,-3.1621516,-0.078785524,8.215089,-1.2352346,-3.384968,1
17.0,17,-2.1056993,-1.723253,-2.0706856,-1.3908052,3.0959215,-1.2828034,2.4344835,1.8839165,-2.1021266,-3.3979743,2.1390445,2.3165603,3.1134574,-0.24690987,-2.2276034,-3.5788894,1.9867234,9.498686,-0.58703876,-3.028406,1
17.0,17,-2.1485844,-1.8660772,-2.1435318,-1.4842062,3.1074,-1.3660733,2.820307,1.9911035,-2.0816631,-3.5707018,1.935263,2.3859856,3.2891204,-0.2224406,-2.2410142,-3.5806415,2.1310923,9.12769,-0.4554,-3.0452037,1
1.0,1,3.6525834,5.499676,1.2286005,-2.7407048,-1.4697142,0.54989374,0.6503152,-2.728146,3.187071,2.9166424,-1.7364526,-3.4720712,4.4536257,3.6611972,-2.6067302,-1.1506356,-4.2761936,-0.48258737,-1.0908016,-0.4459648,1
1.0,1,3.6925511,5.5130615,1.2457992,-2.7327082,-1.4777329,0.53661734,0.64411944,-2.7311885,3.1870892,2.9057126,-1.7229114,-3.4673965,4.4399724,3.6278358,-2.6055963,-1.1396686,-4.2809978,-0.49767727,-1.0903624,-0.44380844,1
1.0,1,3.7331035,5.534209,1.269522,-2.7181516,-1.5074642,0.5266096,0.61534095,-2.7473462,3.2388356,2.9160233,-1.7191283,-3.4660153,4.4530034,3.5849512,-2.6344106,-1.1523471,-4.2723227,-0.5136373,-1.0601429,-0.43162265,1
1.0,1,3.8913336,5.6158204,1.335549,-2.6956768,-1.5116004,0.47172576,0.5944391,-2.750054,3.1921496,2.8522112,-1.629611,-3.420751,4.3377247,3.4508066,-2.5943546,-1.0742279,-4.2779226,-0.5761656,-1.1001085,-0.4407792,1
1.0,1,3.711423,5.5192046,1.2540479,-2.7286103,-1.4818351,0.5299726,0.64167815,-2.7325943,3.1871202,2.9008303,-1.7169389,-3.4658315,4.43374,3.6118379,-2.6055007,-1.1350433,-4.2837105,-0.50459695,-1.089882,-0.44216058,1
1.0,1,3.6790202,5.5083346,1.2401668,-2.7350006,-1.4755125,0.54065794,0.6467884,-2.7302036,3.1872892,2.9098794,-1.7281333,-3.4698508,4.4450564,3.638933,-2.6066434,-1.1441728,-4.2799606,-0.4923239,-1.0900841,-0.4437319,1
10.0,15,-1.5511075,-1.7469954,-2.4331808,0.65152323,-1.2183933,0.6342509,-1.7732643,-1.712769,-2.3093421,-2.073785,3.3450108,0.13727324,-1.3580303,-0.017335381,4.6524897,7.108385,-1.2359537,0.38188532,-1.4546863,-2.5961952,0
10.0,15,-1.5321381,-1.7151172,-2.4172385,0.65658146,-1.2181677,0.6435817,-1.8302282,-1.745443,-2.3202262,-2.04257,3.4743962,0.15202422,-1.4282393,-0.03287194,4.6602163,7.1180005,-1.2049111,0.3888467,-1.5096096,-2.5932786,0
10.0,15,-1.3660175,-1.5475749,-2.5653458,0.6910227,-1.2953213,1.0954518,-1.8290447,-1.6923586,-2.1097047,-1.9559182,3.2694924,0.050062258,-1.6501104,0.083879285,4.7894216,7.5249066,-1.2287334,-0.7679964,-1.583026,-2.5492394,0
10.0,15,-1.298216,-1.4300741,-2.4542494,0.7165003,-1.3266139,1.0568967,-1.9660304,-1.7869756,-2.1336036,-1.8578125,3.7923627,0.096044235,-1.8411798,0.0336901,4.7693343,7.4245563,-1.1544307,-0.65205413,-1.7850108,-2.5302455,0
10.0,15,-1.5262965,-1.7027999,-2.404841,0.6561194,-1.2143172,0.63671315,-1.8590959,-1.7612472,-2.330424,-2.0271134,3.5510654,0.16079205,-1.4573783,-0.0443776,4.657378,7.1069775,-1.1875502,0.42848885,-1.5385648,-2.5940182,0
10.0,15,-1.5314927,-1.7123253,-2.4137356,0.6572691,-1.2193835,0.643041,-1.8323351,-1.7473294,-2.3213065,-2.0402274,3.479118,0.15203412,-1.4310678,-0.034427308,4.662486,7.1175256,-1.2069252,0.39074022,-1.5117893,-2.5928335,0
3.0,3,-0.26643977,1.4116977,0.5671859,11.801665,-2.1638875,-1.4803059,-0.7187522,0.16268767,-0.46092838,-0.17741272,-1.3591218,1.2853167,-0.87609905,-0.9514431,0.10805562,-1.6573789,-1.276776,-0.9429807,-0.09752812,-0.66591793,1
3.0,3,-0.26678845,1.4099481,0.5653082,11.8021345,-2.1633215,-1.479977,-0.7204706,0.1630205,-0.46072072,-0.1789991,-1.3592153,1.2895656,-0.87566215,-0.9518734,0.10732555,-1.6569711,-1.2747357,-0.94222724,-0.09792528,-0.667862,1
3.0,3,-0.26713187,1.4101961,0.56464756,11.802123,-2.163134,-1.4804878,-0.72028655,0.16305338,-0.46074235,-0.17847866,-1.3590586,1.2899318,-0.8756863,-0.95225185,0.107464835,-1.6575807,-1.2749637,-0.94141,-0.097572796,-0.6676173,1
3.0,3,-0.2667423,1.4071343,0.5597337,11.803132,-2.161453,-1.4782193,-0.72379804,0.16346166,-0.46049705,-0.18205279,-1.3590583,1.2951943,-0.87411034,-0.95122343,0.10525879,-1.6561708,-1.2710762,-0.9401843,-0.09955816,-0.67234224,1
3.0,3,-0.2667248,1.4068002,0.56198025,11.802896,-2.1622915,-1.478147,-0.7231724,0.16363388,-0.46040133,-0.18235967,-1.3596879,1.2949767,-0.87457407,-0.9516131,0.10576261,-1.6553049,-1.2712882,-0.94212306,-0.09919415,-0.6714173,1
3.0,3,-0.2665786,1.4100069,0.5653546,11.802117,-2.1633184,-1.479651,-0.72040176,0.1629903,-0.460755,-0.17910764,-1.3592452,1.2888701,-0.875584,-0.9515428,0.10726446,-1.6567514,-1.274816,-0.9425145,-0.098116696,-0.6679073,1
19.0,19,-1.9120905,-2.1708994,2.0616612,-0.28798974,-2.6756933,-3.3641284,-0.17136066,-3.8863018,0.8125788,3.9503272,0.600486,-0.5955869,-0.32017964,-0.6206572,-1.9553193,-1.2553196,-0.32879388,-0.43887547,6.0432816,11.132136,1
19.0,19,-1.9084934,-2.171798,2.065727,-0.28454745,-2.6758537,-3.3655412,-0.16502817,-3.8809226,0.8051308,3.931584,0.6028162,-0.59107167,-0.32852423,-0.62420386,-1.9517106,-1.2509171,-0.3244723,-0.44615862,6.0496716,11.135029,1
19.0,19,-1.9157875,-2.1813414,2.0386796,-0.25867304,-2.6738205,-3.36069,-0.16589324,-3.8769772,0.80461377,3.8488421,0.5978732,-0.5610467,-0.33433506,-0.6333487,-1.9406773,-1.240973,-0.2782992,-0.46091452,6.1277757,11.145335,1
19.0,19,-1.8415465,-2.1622784,2.13936,-0.23811328,-2.6759253,-3.397151,-0.094340116,-3.828646,0.72363997,3.6741352,0.64476913,-0.5299543,-0.4353386,-0.6463437,-1.8954812,-1.1970348,-0.28405273,-0.56031895,6.124967,11.175192,1
19.0,19,-1.8998123,-2.1713917,2.0754616,-0.27984172,-2.6758518,-3.3694015,-0.15425004,-3.8727055,0.792893,3.9003866,0.6085302,-0.58406067,-0.34358805,-0.62882924,-1.9450245,-1.2434739,-0.31984925,-0.46020582,6.056451,11.140752,1
19.0,19,-1.90693,-2.1713026,2.0674615,-0.28492278,-2.675916,-3.3663342,-0.16337472,-3.8798857,0.804063,3.9302294,0.60385424,-0.59143955,-0.3302994,-0.6243985,-1.9514182,-1.250475,-0.32564235,-0.4477341,6.04689,11.136147,1
6.0,6,-2.1398056,-1.9046389,-1.6914717,-4.2504616,0.478885,0.7154166,6.6450047,0.86574054,0.6395075,-0.90765744,-1.393213,-1.5460701,4.4151616,-0.19663703,1.041387,-0.20017026,-3.0028274,-0.80701727,0.8654156,2.2789636,1
6.0,6,-2.0671217,-1.9105166,-1.6782777,-4.3130836,0.5347077,0.7308777,6.495854,0.8595408,0.5898769,-0.860264,-1.3025414,-1.5216398,4.3125954,-0.23909435,1.1044313,-0.10920246,-3.0869565,-0.6898406,0.7260934,2.2362082,1
6.0,6,-1.7953694,-2.0668514,-1.5783817,-4.386324,0.43706486,0.73387045,5.8054457,0.6375649,0.8135497,-0.374128,-1.2689942,-1.5242612,4.112241,-0.431164,1.3199921,0.2893045,-3.527213,-0.82457143,0.5723314,2.625548,1
6.0,6,-1.974463,-2.10384,-1.6122177,-4.2705703,0.31190544,0.7436098,6.0750103,0.57705563,1.0313802,-0.35495478,-1.5798455,-1.6122231,4.369038,-0.29329926,1.2064193,0.1385182,-3.4199436,-1.2122958,0.91917205,2.8888845,1
6.0,6,-1.9660181,-1.9124218,-1.6499418,-4.3694973,0.57071227,0.7366926,6.310249,0.8497481,0.5492633,-0.8047284,-1.20324,-1.5001967,4.2194824,-0.29538184,1.1657217,-0.01387677,-3.2011814,-0.56486535,0.58103704,2.1874537,1
6.0,6,-2.075739,-1.9065001,-1.6735365,-4.2930355,0.50840837,0.7175317,6.528087,0.86000884,0.6036325,-0.87329316,-1.3197874,-1.5283777,4.3388085,-0.23801553,1.088733,-0.12968975,-3.0769372,-0.72087526,0.760692,2.248482,1
9.0,9,-0.80025285,1.2673825,1.7538929,-1.5293107,-4.6521306,-1.0740491,-3.8094947,-2.8105853,8.425766,8.696816,-0.7576648,-2.722187,2.8094606,1.0673666,-1.5539968,-1.8220994,-4.06505,-0.99579626,0.024432242,0.61375964,1
9.0,9,-0.77954674,1.2757578,1.7737778,-1.517282,-4.6687856,-1.0800766,-3.8201365,-2.812925,8.45971,8.655406,-0.7532291,-2.7100892,2.7997258,1.0456018,-1.5373732,-1.8172834,-4.066276,-1.0151596,0.03748139,0.5954201,1
9.0,8,-0.5672686,1.2847327,1.9541308,-1.3981768,-4.6602235,-0.9702598,-3.8812814,-2.7144585,8.813256,8.364791,-0.75591564,-2.5967994,2.5516355,0.8944968,-1.6736461,-1.7852685,-3.8756592,-1.1254281,0.013706505,0.43212417,0
9.0,9,-0.2167212,1.7252468,1.9350159,-1.4395167,-4.4259777,-0.86157244,-4.1131606,-2.7299087,8.335102,8.415124,-0.54995143,-2.6571271,2.106697,0.7168184,-0.8307012,-1.4827465,-4.1580143,-1.1410476,-0.6118268,-0.0070889033,1
9.0,9,-0.72929996,1.3348875,1.7880529,-1.511009,-4.661433,-1.0750549,-3.8482642,-2.8141947,8.439243,8.633813,-0.72660005,-2.7061994,2.742873,1.0092756,-1.4476196,-1.7832032,-4.0966563,-1.0273125,-0.02181597,0.5350347,1
9.0,9,-0.7851024,1.2737446,1.7696726,-1.5198233,-4.667248,-1.0820154,-3.8163576,-2.8142347,8.452546,8.663993,-0.7547083,-2.7132185,2.80418,1.0503947,-1.5421145,-1.8197758,-4.0668054,-1.0111291,0.03870938,0.6030755,1
15.0,15,-2.4924314,-2.0367467,-2.871053,-1.39285,1.2469777,3.3184814,-0.77645594,-0.14721735,-2.2358935,0.14844987,-0.9442714,-0.9408024,-2.234016,-0.6788089,7.132254,9.233751,-2.2544785,-3.3884861,-1.9802071,-1.7363154,1
15.0,15,-2.3935177,-2.0491269,-2.8247547,-1.3471118,1.1529534,3.2956195,-0.73444116,-0.28803876,-2.2190945,0.14393428,-0.8523305,-0.9244108,-2.2886012,-0.6465999,6.8338046,9.39033,-2.1408603,-3.4938183,-1.9472207,-1.636875,1
15.0,15,-2.3141289,-2.0718353,-2.8256514,-1.3664815,1.1517552,3.3841746,-0.69804585,-0.30211726,-2.1288257,0.21707514,-0.85508317,-0.99210864,-2.289198,-0.6118932,6.5299106,9.484828,-2.1002023,-3.5663242,-1.9604818,-1.6079268,1
15.0,15,-2.0597072,-2.071044,-2.7355354,-1.2507439,0.9956941,3.2787166,-0.64872473,-0.5338982,-2.11356,0.14776301,-0.6247771,-0.9228238,-2.416864,-0.59996307,6.065889,9.681279,-1.8955582,-3.7523704,-1.8857899,-1.4266624,1
15.0,15,-2.3230882,-2.0544922,-2.7956407,-1.3179362,1.1066853,3.2765663,-0.7064511,-0.36493352,-2.2120178,0.13556182,-0.79261583,-0.9140281,-2.3268282,-0.63593423,6.655436,9.477087,-2.073339,-3.5573378,-1.9274493,-1.5763922,1
15.0,15,-2.4026349,-2.0479958,-2.82809,-1.3501455,1.1574447,3.2980902,-0.73800737,-0.27829185,-2.2190106,0.14540026,-0.8607934,-0.9260676,-2.2832227,-0.647446,6.8556705,9.378725,-2.1500993,-3.4861388,-1.9494935,-1.6446822,1
3.0,3,-1.7879769,5.0101457,-1.5656633,9.863525,-2.5349193,-2.467282,-0.82390666,-0.5313523,-1.3930361,-0.2711515,1.118273,4.1457696,-2.630185,-2.065566,-0.73650616,-1.8403554,1.8341492,1.1640638,-0.8586588,-1.2662946,1
3.0,3,-1.7880253,5.0078087,-1.5669932,9.8642025,-2.5349228,-2.467808,-0.8248888,-0.5317758,-1.3935107,-0.27198613,1.1224427,4.1470623,-2.6308575,-2.0678494,-0.73550415,-1.8394015,1.8360889,1.1640258,-0.85873413,-1.2658879,1
3.0,3,-1.7875298,5.010471,-1.5703276,9.861238,-2.535723,-2.4680233,-0.826182,-0.53307027,-1.3944373,-0.27203676,1.1307976,4.147716,-2.6323118,-2.072737,-0.73264134,-1.8371813,1.8378049,1.1643969,-0.85883594,-1.26607,1
3.0,3,-1.788571,5.0006995,-1.5757811,9.863619,-2.535739,-2.4702578,-0.8303145,-0.53487164,-1.3965334,-0.27557522,1.1475414,4.154207,-2.6351793,-2.081867,-0.7283187,-1.8329604,1.8459907,1.1642886,-0.85899293,-1.2644414,1
3.0,3,-1.7882291,5.0061774,-1.5678383,9.864616,-2.5349236,-2.468202,-0.8255667,-0.5320754,-1.393866,-0.27256742,1.1251429,4.1481614,-2.631322,-2.069283,-0.73482156,-1.8387482,1.8374206,1.164056,-0.8587625,-1.2656192,1
3.0,3,-1.7882532,5.0095797,-1.5663254,9.863335,-2.5350113,-2.4676135,-0.8244037,-0.53168327,-1.3933847,-0.27146283,1.1204561,4.146673,-2.63059,-2.0666091,-0.73590344,-1.8398647,1.835031,1.1643305,-0.8586781,-1.2661958,1
7.0,6,-3.9721298,0.3077548,-1.8426738,-1.6586564,-0.12747923,-0.23228252,7.5789375,3.9272387,-0.18852244,0.0698827,-1.601418,-1.0594168,-0.11480515,0.35015526,1.7393762,0.3983419,-0.88235956,-2.82198,-1.5821843,-0.24234982,0
7.0,6,-3.95655,0.27263254,-1.8666908,-1.6757954,-0.054542042,-0.222992,7.5079136,3.9254231,-0.24117684,0.055632472,-1.5548762,-1.0115279,-0.17169082,0.32194638,1.8364499,0.5167838,-0.9259165,-2.7910116,-1.6787158,-0.2959772,0
7.0,6,-3.8794773,0.25010908,-2.0042794,-1.8770045,0.26034462,0.005304288,6.9981623,3.622156,-0.13030021,0.34635398,-1.7060834,-1.0517431,-0.22800002,0.5856076,2.2072518,1.0252646,-1.3475531,-2.840667,-1.9896833,-0.34003428,0
7.0,6,-3.7839706,0.13122077,-2.0891085,-1.9917624,0.55592334,0.1218442,6.5652676,3.4842918,-0.16845343,0.4782097,-1.6960962,-0.97909135,-0.37113953,0.6459394,2.5075965,1.4567666,-1.5660888,-2.787468,-2.2793288,-0.42535287,0
7.0,6,-3.9388018,0.24455006,-1.8858418,-1.6905255,0.0059851706,-0.2153987,7.440992,3.9135594,-0.28490582,0.042723432,-1.5138103,-0.9712626,-0.2185721,0.2991875,1.924215,0.62652695,-0.97282135,-2.76687,-1.7631031,-0.3415634,0
7.0,6,-3.959709,0.2745952,-1.864579,-1.6737391,-0.059978947,-0.22491011,7.51701,3.9307387,-0.23805937,0.0570665,-1.5582281,-1.014668,-0.16914283,0.32337376,1.8237752,0.50105953,-0.9147253,-2.7916782,-1.6696265,-0.28997535,0
17.0,17,-0.52000433,-2.7722888,-2.4112723,-2.2797377,6.7403836,0.65623486,-0.6682797,2.1072876,-3.2720644,-2.88421,2.743302,2.2890663,-0.021458607,-2.7137256,-1.4331967,-0.42647353,3.4914017,9.746747,-1.8375499,-2.8745813,1
17.0,17,-0.5610482,-2.6553547,-2.3273542,-2.2393208,6.5299973,0.6385112,-0.8107019,1.8967816,-3.2309258,-2.7865987,2.9780147,2.247809,-0.04629455,-2.6702495,-1.4897267,-0.45474604,3.5013454,9.91857,-1.8081855,-2.80839,1
17.0,17,-0.5646811,-2.6918988,-2.310769,-2.3374238,6.5501866,0.64473426,-0.8889813,1.7249587,-3.245783,-2.8162951,3.1391041,2.340284,-0.16207615,-2.6738882,-1.5394526,-0.36819243,3.8749943,9.776175,-1.807527,-2.781979,1
17.0,17,-0.6491495,-2.4647052,-2.140209,-2.244233,6.153787,0.5678638,-1.1355115,1.3174378,-3.1989062,-2.6580768,3.668776,2.312568,-0.28655702,-2.605261,-1.5863507,-0.41120073,3.929913,10.024085,-1.7751334,-2.6430666,1
17.0,17,-0.5860081,-2.5795038,-2.2743206,-2.2110434,6.4000454,0.62511164,-0.89928776,1.7652054,-3.2089655,-2.7262619,3.1307714,2.2244012,-0.07269448,-2.6452403,-1.5147388,-0.4709383,3.5079134,10.017472,-1.7920098,-2.7653172,1
17.0,17,-0.55426425,-2.6743371,-2.3411434,-2.245966,6.5643115,0.64220893,-0.78768766,1.9312828,-3.2368557,-2.8016045,2.9384794,2.2524083,-0.03970633,-2.676558,-1.4815286,-0.45045298,3.496901,9.892744,-1.8129859,-2.8196557,1
4.0,4,1.4665277,-2.8397274,-2.884216,-2.6550138,9.473662,0.52434826,0.33152282,2.3225205,-1.771964,-1.9023343,-1.60298,0.14277364,0.30634102,-1.5766382,2.9678373,0.9608198,1.1273715,1.0620061,-2.1490347,-2.945457,1
4.0,4,1.468526,-2.8597877,-2.8622022,-2.6589153,9.462901,0.49443066,0.3295006,2.3212135,-1.7626518,-1.921204,-1.5599269,0.20900244,0.3134108,-1.6033562,2.9022622,0.96489835,1.162426,1.0895566,-2.1592073,-2.9505289,1
4.0,4,1.398013,-2.9269924,-2.6979072,-2.7199852,9.23976,0.38482374,0.057364546,2.0640595,-1.3299721,-1.7381543,-1.3651671,0.518424,0.2732111,-1.6121821,2.6501322,0.89909446,1.4151524,1.0124458,-2.1678224,-2.891437,1
4.0,4,1.3970381,-2.9423041,-2.6230228,-2.7179005,9.167146,0.3203555,-0.008678864,2.0061193,-1.2317551,-1.7366356,-1.2311059,0.67059356,0.25625804,-1.6348245,2.5368433,0.91201574,1.4784564,1.0137956,-2.2187016,-2.9091861,1
4.0,4,1.4670254,-2.8830705,-2.8285348,-2.659653,9.4395485,0.453466,0.3189768,2.3125162,-1.7380195,-1.9406722,-1.4927106,0.30325583,0.32250544,-1.6407236,2.817812,0.9735503,1.2027183,1.1193005,-2.176395,-2.9578152,1
4.0,4,1.4695169,-2.8615024,-2.8556256,-2.6562307,9.456261,0.4895122,0.32318467,2.3164487,-1.7523087,-1.9200674,-1.5489619,0.21580286,0.32587,-1.6083131,2.892584,0.9690945,1.1515604,1.0937117,-2.1609547,-2.952918,1
12.0,17,-1.2960151,-2.0973132,-0.8195771,-1.1505158,1.581352,-2.3428075,-1.420193,-1.5274187,-1.0325446,-1.4223173,4.1299515,1.9579886,4.7216167,3.4103792,-2.9569457,-3.9842136,0.8844353,9.070027,-0.12958497,-1.182961,0
12.0,17,-1.2870471,-2.0088153,-0.755438,-1.0545756,1.4855486,-2.4376256,-1.4184767,-1.5580634,-1.0741881,-1.3654729,4.4552975,1.9956838,4.5535464,3.1516018,-2.9652677,-4.012193,0.85979754,9.168548,-0.16283384,-1.0526109,0
12.0,17,-1.26473,-2.075791,-0.669234,-0.9998891,1.3401852,-2.6342664,-1.3381854,-1.6541247,-0.98263353,-1.3775849,4.6515775,2.1164815,4.6882367,3.0482612,-3.0620143,-4.0654964,0.8774029,8.942878,-0.073128134,-0.8426584,0
12.0,17,-1.187945,-1.8392539,-0.430002,-0.7464178,1.0470998,-2.903709,-1.2975094,-1.7154533,-1.0327227,-1.2345908,5.603393,2.2143414,4.1814847,2.3816607,-3.069905,-4.130802,0.7990924,8.98292,-0.20873499,-0.4592388,0
12.0,17,-1.2790065,-1.9445418,-0.70634156,-0.9866092,1.4152118,-2.5032074,-1.4150788,-1.5764188,-1.1006075,-1.3225782,4.692743,2.0198011,4.4251537,2.971358,-2.9679358,-4.031336,0.8398793,9.225262,-0.19298501,-0.9587828,0
12.0,17,-1.2885,-2.017439,-0.7619844,-1.0642005,1.4951843,-2.428337,-1.4188108,-1.5554409,-1.070483,-1.3713893,4.423427,1.9923725,4.569798,3.1785963,-2.964464,-4.0097423,0.8625955,9.159531,-0.1598371,-1.0656753,0
4.0,15,2.4073124,0.6019322,-2.380069,-3.5872009,5.926873,5.1035705,-0.3539243,0.23408912,-2.6007721,0.4972687,0.1994741,-1.3621051,-2.5864387,0.45504797,3.9566998,6.9987416,-2.492557,-1.0064,-4.0191145,-3.1629999,0
4.0,15,2.4325304,0.5836602,-2.3711998,-3.5663812,5.925986,5.06034,-0.38522777,0.19999155,-2.625354,0.4928089,0.23957823,-1.3397596,-2.6176767,0.4226207,3.9811485,7.0340915,-2.4807615,-1.0209332,-4.009642,-3.141146,0
4.0,15,2.5102723,0.5890373,-2.3444397,-3.5361269,5.9036646,4.995481,-0.48478022,0.10638669,-2.6251266,0.50634897,0.32283396,-1.301072,-2.6626098,0.37599978,4.016973,7.0662737,-2.4523206,-1.0691994,-3.9696188,-3.084706,0
4.0,15,2.6305957,0.53610784,-2.2751007,-3.4064,5.8847594,4.73251,-0.6699404,-0.08538692,-2.7644887,0.4802949,0.6057392,-1.1547688,-2.8632398,0.1997383,4.184575,7.233471,-2.3600895,-1.1603599,-3.9295545,-2.9715621,0
4.0,15,2.4451132,0.5734428,-2.365966,-3.5529182,5.92609,5.0330176,-0.40495822,0.1792808,-2.6420915,0.4898685,0.266749,-1.3238988,-2.63972,0.4024662,3.998769,7.055995,-2.4712493,-1.0293621,-4.0045485,-3.127944,0
4.0,15,2.423022,0.5914892,-2.3745174,-3.5755324,5.9259295,5.078153,-0.37149808,0.21409062,-2.614464,0.4950246,0.2220027,-1.3500401,-2.603628,0.4365509,3.969808,7.0188394,-2.4868584,-1.0149457,-4.013605,-3.1498373,0
1.0,1,2.754547,10.120841,1.5743946,1.3676393,-2.7974558,-0.6091606,0.38881516,-1.7295303,0.46656033,2.2535775,-1.4815589,-3.3792431,0.11663176,2.766348,0.089590736,-1.4885169,-4.5307455,0.39886966,-1.9804848,-2.5278854,1
1.0,1,2.7591577,10.120928,1.574761,1.3682429,-2.7972107,-0.6095378,0.3884159,-1.7292926,0.46697664,2.2544281,-1.4813862,-3.3800778,0.11703809,2.7607875,0.088914335,-1.4870657,-4.5321503,0.39792037,-1.9809003,-2.527448,1
1.0,1,2.756772,10.1197,1.5745541,1.3654145,-2.7991133,-0.6102282,0.3859863,-1.7319683,0.47203925,2.2587824,-1.4811537,-3.3813837,0.1203806,2.767599,0.08380972,-1.4920202,-4.531911,0.4017405,-1.9789866,-2.5263257,1
1.0,1,2.7905023,10.117313,1.5778215,1.3685924,-2.7941146,-0.611424,0.38347712,-1.7292961,0.4726045,2.2605376,-1.4794816,-3.3876405,0.12335272,2.7375982,0.072968215,-1.4804146,-4.5392537,0.3981624,-1.9857868,-2.5255494,1
1.0,1,2.763357,10.12086,1.5751156,1.3687404,-2.7967968,-0.60979366,0.3881239,-1.7290066,0.46719065,2.2549353,-1.4812255,-3.3808446,0.11738482,2.756244,0.088009395,-1.4856571,-4.533271,0.39719626,-1.9814829,-2.5271544,1
1.0,1,2.7577026,10.120831,1.5746952,1.3680012,-2.7971985,-0.60939574,0.38859427,-1.7293404,0.46675834,2.2540746,-1.4814475,-3.3798296,0.11688544,2.7627318,0.0889889,-1.4874647,-4.5316424,0.39827743,-1.9808643,-2.5275884,1
0.0,0,9.490468,4.801293,0.06492041,-1.4007926,3.4323406,2.353226,-1.2181057,-0.9881753,-1.5006298,1.0608836,0.012657438,-3.4782307,-1.1720946,-0.9189058,2.448195,1.3987745,-3.7712157,-1.4780239,-2.6026738,-1.9226749,1
0.0,0,9.565985,4.763183,0.09387866,-1.368731,3.4301617,2.3056872,-1.2231933,-0.975683,-1.5060529,1.0085009,0.024875704,-3.4530687,-1.1952351,-0.95818174,2.4227307,1.3995605,-3.7320387,-1.5188531,-2.5666988,-1.9140244,1
0.0,0,9.794027,4.690268,0.21102963,-1.2846574,3.3560536,2.1774182,-1.245418,-0.95276684,-1.4143907,0.95091647,0.021184321,-3.4324212,-1.1914114,-1.0499314,2.2237759,1.323214,-3.6329095,-1.6159741,-2.445462,-1.8579739,1
0.0,0,9.99556,4.546178,0.29292956,-1.1682204,3.3769944,2.0073414,-1.278844,-0.9127244,-1.4940844,0.7393099,0.09763616,-3.3021896,-1.331687,-1.1705624,2.2122836,1.3709954,-3.4641354,-1.7682312,-2.3276017,-1.8357029,1
0.0,0,9.594648,4.7483296,0.10492438,-1.3564546,3.4291706,2.2867177,-1.2244532,-0.9707373,-1.5084682,0.9881019,0.029576663,-3.4434311,-1.2041616,-0.9728589,2.4125986,1.3996832,-3.7170653,-1.5342662,-2.5530224,-1.9103726,1
0.0,0,9.528689,4.7827754,0.07955764,-1.3848273,3.4301836,2.3286078,-1.2193422,-0.98210436,-1.502384,1.0355202,0.018477667,-3.4666767,-1.1820245,-0.9390919,2.4336538,1.3978847,-3.752814,-1.4975432,-2.5848272,-1.9174984,1
8.0,8,-1.686245,0.037908547,2.0720696,-0.5064067,-4.6580133,0.0875444,-3.4393387,-0.60389274,9.866903,5.707441,-1.5042019,-1.4517928,1.1695216,1.4025285,-1.3747412,-1.5944937,-2.5258625,-2.3017056,0.41568324,-0.8851041,1
8.0,8,-1.6785835,0.04950533,2.0719864,-0.5054725,-4.655532,0.103396624,-3.4337022,-0.57752734,9.856431,5.6774755,-1.5023812,-1.4495323,1.1537551,1.3975024,-1.3331876,-1.5719135,-2.5499742,-2.3221097,0.380572,-0.9183702,1
8.0,8,-1.5103742,0.102472536,2.0543983,-0.55151075,-4.486864,0.1990985,-3.556784,-0.7753972,9.8264475,5.7331758,-1.4800993,-1.4918106,1.0804175,1.3737426,-1.256442,-1.5001405,-2.5430906,-2.2410753,0.25582722,-0.9646279,1
8.0,8,-1.44497,0.14856748,2.0517561,-0.6176843,-4.3980937,0.3256444,-3.6009567,-0.60768586,9.638061,5.6850605,-1.4319774,-1.5397893,0.97746354,1.3583359,-0.78529036,-1.2842424,-2.7935228,-2.3499079,-0.21517307,-1.2793392,1
8.0,8,-1.665625,0.067532755,2.0718257,-0.50968915,-4.6458616,0.13129812,-3.4279187,-0.53556293,9.833691,5.6383457,-1.4966573,-1.4479374,1.1270857,1.3901703,-1.2568319,-1.5328859,-2.5927494,-2.352534,0.30851367,-0.97684747,1
8.0,8,-1.677656,0.04997898,2.0745912,-0.51297915,-4.651244,0.107057095,-3.4334462,-0.56633824,9.847198,5.684094,-1.4975564,-1.4535166,1.1542989,1.3976105,-1.3119103,-1.5652221,-2.566924,-2.3243148,0.34571543,-0.9359023,1
15.0,15,0.8424006,-1.4458014,-2.9268386,-0.8110612,1.1355858,3.948842,-0.84868747,-0.63713974,-2.6308136,-1.8585465,1.865319,-0.88142854,-2.9733012,-0.18556648,4.0395107,9.009238,-1.0910763,-3.351544,-1.9530631,-1.8835793,1
15.0,15,0.84327227,-1.4294946,-2.918148,-0.80630136,1.1208408,3.9452994,-0.8648654,-0.64032984,-2.6214411,-1.8560088,1.9121556,-0.88089764,-2.976615,-0.18533565,4.04628,8.99146,-1.0884552,-3.3383138,-1.9751694,-1.9027485,1
15.0,15,0.75168294,-1.375497,-2.9398425,-0.7648405,0.9682672,3.9538536,-0.8666189,-0.61684364,-2.5034897,-1.8835179,1.8187503,-0.83322084,-2.9399905,-0.09078965,4.0781484,8.940274,-1.0682702,-3.5053563,-1.9346093,-1.9438679,1
15.0,15,0.7356975,-1.3363922,-2.9380043,-0.74270743,0.90502334,3.9503396,-0.87803483,-0.6089281,-2.455639,-1.8932366,1.8159616,-0.81390595,-2.945789,-0.061562408,4.107319,8.912791,-1.0692109,-3.5743432,-1.9290241,-1.9663234,1
15.0,15,0.8421982,-1.4116262,-2.9088442,-0.80017525,1.1041045,3.940439,-0.87792504,-0.64197165,-2.6132247,-1.853731,1.9464805,-0.8774487,-2.9846032,-0.18510242,4.059711,8.978645,-1.0907869,-3.336245,-1.9910231,-1.91751,1
15.0,15,0.8433985,-1.4278342,-2.9168477,-0.8052805,1.1203351,3.9437823,-0.86412156,-0.63980466,-2.6230872,-1.8556696,1.9083507,-0.8794664,-2.9805264,-0.18634424,4.0512686,8.994086,-1.0921376,-3.343073,-1.9730351,-1.9006726,1
9.0,9,-1.2830093,1.0858396,1.7988011,-0.57101667,-3.0665336,-0.73343307,-3.078881,-1.4290873,5.963213,9.752445,-0.9941483,-2.1298413,0.28387907,0.8049063,-1.7286028,-1.9965321,-3.9050639,0.06509831,-2.7529342,-0.10348636,1
9.0,9,-1.2865651,1.0863197,1.7918007,-0.5688157,-3.0678756,-0.731882,-3.0799773,-1.4307848,5.967185,9.752143,-0.9989206,-2.1276293,0.2827729,0.81040215,-1.7332066,-1.9999377,-3.9015477,0.06731033,-2.7415347,-0.099391684,1
9.0,9,-1.281903,1.0749761,1.796664,-0.56764895,-3.086591,-0.72757363,-3.07606,-1.4190938,6.037398,9.722287,-1.0061532,-2.114225,0.28345078,0.78066754,-1.7355051,-1.9930626,-3.9018915,0.025052669,-2.7301674,-0.09983562,1
9.0,9,-1.2689618,1.0783204,1.8256212,-0.57988983,-3.0724041,-0.7352021,-3.0734298,-1.416585,5.986437,9.737484,-0.9800362,-2.1321154,0.2871544,0.76959383,-1.7138891,-1.9816575,-3.9170582,0.036616568,-2.7850573,-0.11773209,1
9.0,9,-1.285097,1.0850176,1.7953125,-0.5693853,-3.0703495,-0.7315913,-3.079219,-1.4283013,5.9749613,9.748244,-0.9979492,-2.1268907,0.28276864,0.80495226,-1.7320764,-1.9985546,-3.9029806,0.061644297,-2.7437048,-0.101200014,1
9.0,9,-1.2848252,1.0860034,1.7950866,-0.5699879,-3.067407,-0.7324076,-3.0793507,-1.4297289,5.9658957,9.751985,-0.99637896,-2.128668,0.28314087,0.80697405,-1.7308654,-1.9981786,-3.9033017,0.06589371,-2.7469225,-0.10124162,1
9.0,19,-0.4237651,-2.3159752,1.282128,-0.4880523,-1.2523165,-2.943401,1.8972346,-2.1035962,-0.74313766,1.872043,0.81708646,-1.4447075,-0.81489515,0.24637973,-1.7851052,-1.2395722,-1.4042901,-1.3419162,2.5757613,11.466534,0
9.0,19,-0.43182296,-2.3180873,1.2765747,-0.48830664,-1.2529498,-2.9395342,1.8907418,-2.1133146,-0.7478971,1.8564227,0.81819355,-1.4414963,-0.8127594,0.27497777,-1.7786232,-1.2421018,-1.3926679,-1.3416097,2.5942056,11.467138,0
9.0,19,-0.3998715,-2.3119066,1.2908505,-0.48599905,-1.2376125,-2.9434886,1.9226989,-2.072232,-0.75293857,1.8425542,0.8319031,-1.432839,-0.83154637,0.18173029,-1.7840809,-1.2250743,-1.402643,-1.3530706,2.5574408,11.468424,0
9.0,19,-0.38520753,-2.3079839,1.2995031,-0.48865598,-1.2389662,-2.9525585,1.9286319,-2.0625267,-0.74243706,1.8843501,0.8261197,-1.445773,-0.8304708,0.14721495,-1.7973222,-1.2245227,-1.428638,-1.3519567,2.5196857,11.463426,0
9.0,19,-0.42753232,-2.3177357,1.2778748,-0.49065915,-1.2487925,-2.9399865,1.8917168,-2.1109855,-0.74912274,1.8566461,0.82148534,-1.4409869,-0.8143197,0.26801375,-1.7772988,-1.2404339,-1.3949808,-1.3419517,2.5862362,11.466248,0
9.0,19,-0.42693916,-2.3172534,1.2793156,-0.49010494,-1.2503314,-2.9414384,1.8932588,-2.1087976,-0.74625945,1.8644046,0.8194009,-1.4427797,-0.8143239,0.26058906,-1.7802753,-1.240148,-1.3991445,-1.3416588,2.581448,11.466237,0
14.0,14,-1.9096465,-0.53041345,-2.7931776,-0.9862283,2.10706,0.14114109,-3.1014676,-1.4124018,-2.6642442,-1.4454528,0.35633737,0.056475066,-0.5259375,5.471927,8.243117,1.3222852,-2.1283457,1.6550951,-1.186762,-2.7674792,1
14.0,14,-1.9389467,-0.57450515,-2.842872,-1.0077655,2.1943362,0.09674831,-3.146745,-1.4306688,-2.7342105,-1.4223924,0.5231384,0.10948921,-0.517257,5.2201166,8.288967,1.333984,-2.1420643,1.9244729,-1.2183728,-2.7344532,1
14.0,14,-1.8719299,-0.6860186,-2.9518933,-1.0884202,2.3309362,0.16855773,-3.0794272,-1.475565,-2.7052765,-1.3326676,0.4746622,-0.16287945,-0.28391317,5.3363037,8.139616,1.340114,-2.256119,1.9802966,-1.2158428,-2.6681669,1
14.0,14,-1.9514346,-0.90283674,-3.1380823,-1.1899741,2.6769853,-0.038542423,-3.2216623,-1.5856365,-2.957377,-1.1751438,1.2873095,-0.02183705,-0.19035798,4.2642503,8.158196,1.377458,-2.330252,3.1313744,-1.3564698,-2.4529674,1
14.0,14,-1.9731768,-0.6241739,-2.90099,-1.0312076,2.2789166,0.05402123,-3.1838274,-1.4620514,-2.8027704,-1.3817586,0.70298404,0.14547804,-0.49727,4.908091,8.355541,1.3614322,-2.1754384,2.2003076,-1.2432951,-2.6735823,1
14.0,14,-1.9420117,-0.5749224,-2.8464546,-1.0074688,2.1919675,0.09812945,-3.144132,-1.4356987,-2.7340295,-1.417351,0.524372,0.10396667,-0.5144826,5.1999955,8.302503,1.3411667,-2.1508229,1.9229045,-1.2153968,-2.725412,1
5.0,5,-1.6099981,-1.0545473,-3.2294872,-3.0085626,3.9374607,9.229359,1.6056551,5.396894,-1.0633316,-0.6524875,-3.238458,-3.1967914,-0.07818723,-0.74127144,0.98142695,3.0397217,-2.1722605,0.77019155,-2.4743407,-2.8394592,1
5.0,5,-1.4214517,-1.0200756,-3.167737,-2.9942284,4.07338,9.28517,1.4098026,5.313625,-1.1150277,-0.5848669,-3.2303402,-3.2222688,-0.17512967,-0.77166486,1.0331485,3.1855066,-2.2143986,0.8274925,-2.5907755,-2.9666414,1
5.0,5,-1.3923265,-0.93082464,-3.0535553,-2.8248694,3.591762,9.563186,0.9990153,4.799523,-0.63801855,-0.17561188,-3.3879259,-3.1248825,-0.28062516,-0.49162644,1.0112159,3.257317,-2.0528338,0.07824945,-2.340781,-2.6361752,1
5.0,5,-0.93263775,-0.9188694,-3.0014179,-2.7802293,3.9138613,9.65013,0.5888336,4.483447,-0.81983864,0.0013781637,-3.3368692,-3.127046,-0.61480033,-0.6173845,1.1821147,3.7369134,-2.0814779,0.088882305,-2.516504,-2.7628713,1
5.0,5,-1.2632189,-0.98495203,-3.1233163,-2.9721127,4.1654406,9.339461,1.245751,5.2243147,-1.1590781,-0.52689296,-3.2182226,-3.2329922,-0.27242115,-0.79546,1.071833,3.2977867,-2.2252464,0.85414004,-2.6517377,-3.036135,1
5.0,5,-1.43675,-1.0177002,-3.1684704,-2.9917958,4.0502367,9.288136,1.4191922,5.312661,-1.1000203,-0.5853762,-3.2368443,-3.2187712,-0.16725722,-0.7600486,1.0282289,3.1722846,-2.2098477,0.8060606,-2.5772643,-2.9541934,1
0.0,0,9.156943,5.0908766,5.7891884,0.62234783,-1.9016743,-1.7407143,-1.2890028,-0.86754626,1.7354815,2.6979928,-1.1117492,-4.23797,0.45959634,0.014935604,-3.249548,-0.44277298,-3.7622569,-2.4957786,-2.0654101,-1.7693124,1
0.0,0,9.157481,5.088506,5.793565,0.6231044,-1.9015781,-1.741277,-1.2889848,-0.86719656,1.7347349,2.694223,-1.1106637,-4.2365355,0.4586477,0.015310287,-3.249069,-0.44289383,-3.760573,-2.4976315,-2.0646,-1.7698468,1
0.0,0,9.158517,5.0942535,5.7880554,0.6226623,-1.9035803,-1.7403255,-1.2902561,-0.86824447,1.7409724,2.6983387,-1.1114471,-4.2371116,0.46064946,0.0129043255,-3.252732,-0.44799575,-3.7606714,-2.4941108,-2.061927,-1.7687137,1
0.0,0,9.199117,5.059271,5.788849,0.627711,-1.8787055,-1.7366654,-1.285596,-0.8536068,1.7172043,2.6443934,-1.0995312,-4.2228622,0.4445209,0.0019798581,-3.238892,-0.4278931,-3.7411506,-2.52307,-2.053419,-1.774733,1
0.0,0,9.159084,5.0861545,5.795795,0.6236024,-1.9006728,-1.7414681,-1.2887964,-0.86655706,1.7335607,2.6906025,-1.1097364,-4.2353654,0.45761642,0.01513597,-3.2484167,-0.4423059,-3.759062,-2.4994924,-2.0639083,-1.7702163,1
0.0,0,9.156809,5.089253,5.792935,0.6227993,-1.9018393,-1.7413223,-1.2889776,-0.86748844,1.7350898,2.6956193,-1.1110227,-4.2369967,0.4589786,0.015437821,-3.2493856,-0.44313452,-3.76106,-2.496942,-2.0648432,-1.7694507,1
19.0,19,-0.7308609,-1.4452701,3.7651274,-1.0403329,-3.3861804,-3.5983698,-0.87694544,-4.452242,2.1403246,6.100728,-0.13343124,-1.745206,0.70053256,0.24052699,-2.7602103,-1.163839,-1.8261777,-0.86908203,4.6102023,9.843881,1
19.0,19,-0.7229731,-1.4479444,3.775774,-1.0373077,-3.3868372,-3.6025434,-0.87175715,-4.4503675,2.1317964,6.083402,-0.13053398,-1.7436717,0.6928911,0.24289435,-2.7581673,-1.1607181,-1.8242861,-0.8795128,4.615187,9.848522,1
19.0,19,-0.7697049,-1.4645727,3.7367005,-1.0200106,-3.3964336,-3.598344,-0.8729871,-4.4577336,2.151781,6.045981,-0.13717332,-1.7091717,0.68654615,0.23446299,-2.7518654,-1.1668905,-1.7858022,-0.882124,4.6887155,9.889098,1
19.0,19,-0.63771796,-1.479487,3.843843,-1.0081109,-3.3718557,-3.6444657,-0.78936136,-4.4317756,2.0182874,5.8031964,-0.07745157,-1.6845359,0.5969815,0.25798517,-2.7124214,-1.1111951,-1.7647781,-1.0192187,4.730009,9.953429,1
19.0,19,-0.7098116,-1.4508682,3.78888,-1.0343733,-3.3857787,-3.608556,-0.86278206,-4.447679,2.1179543,6.055267,-0.12445337,-1.7401652,0.6816709,0.24552585,-2.754202,-1.1551262,-1.8208498,-0.8955773,4.6226053,9.857205,1
19.0,19,-0.72130066,-1.4476697,3.7766702,-1.037394,-3.3862982,-3.6031747,-0.87054455,-4.4500046,2.130162,6.0808835,-0.1295703,-1.7434398,0.69164985,0.242988,-2.7577133,-1.160211,-1.8241715,-0.8809721,4.6150203,9.849534,1
19.0,19,-1.2545934,-2.2125275,3.0743115,0.11190078,-2.5024705,-3.5327451,0.5135426,-3.2880344,0.24660096,3.6436865,0.11572011,-1.3445153,-0.45978075,0.47383726,-1.9826102,-1.385754,-1.2694522,-1.72317,4.476095,11.326038,1
19.0,19,-1.2573812,-2.2129376,3.0784912,0.113632634,-2.505554,-3.5332806,0.512996,-3.2884274,0.24736008,3.6442285,0.114061765,-1.3442436,-0.45957148,0.47584003,-1.9832641,-1.3854403,-1.2696254,-1.724233,4.4786787,11.324399,1
19.0,19,-1.2716805,-2.2148793,3.0650892,0.1251021,-2.5125253,-3.5336857,0.50624317,-3.2953594,0.25747955,3.6326096,0.11291177,-1.3324487,-0.45521772,0.46786842,-1.9811898,-1.3850955,-1.2587281,-1.7181853,4.5144258,11.330799,1
19.0,19,-1.2296591,-2.2166803,3.1355233,0.12255101,-2.5030427,-3.526725,0.55669427,-3.2620072,0.18872474,3.5263996,0.11674234,-1.3323953,-0.49911803,0.5163354,-1.9586868,-1.3493422,-1.2589945,-1.7888435,4.4756308,11.313434,1
19.0,19,-1.256293,-2.2135043,3.0886648,0.11557853,-2.5075452,-3.5330753,0.51729196,-3.2857416,0.24160098,3.633424,0.113101535,-1.3433783,-0.463976,0.4818859,-1.9815702,-1.381585,-1.2691414,-1.7317238,4.478475,11.321772,1
19.0,19,-1.2558264,-2.2128482,3.0807211,0.11327794,-2.5049603,-3.5328367,0.5148445,-3.2870076,0.24489152,3.6408718,0.11453346,-1.3443985,-0.4617562,0.4772435,-1.9824666,-1.3841306,-1.2696842,-1.726385,4.4760094,11.324044,1
4.0,4,-0.17928672,-2.6490998,-3.7587972,-3.8270745,8.696477,6.76219,0.78175306,3.8749375,-3.1493573,-1.3676128,-1.1488087,-1.7111799,0.7363227,-1.199321,1.6611481,3.346549,-0.95909226,4.72155,-3.053172,-4.0547767,1
4.0,4,-0.1330033,-2.6483192,-3.7364497,-3.8384209,8.705116,6.7184777,0.687105,3.7425601,-3.1851473,-1.3221177,-1.0155103,-1.7326847,0.68603426,-1.2467309,1.6189159,3.3806064,-0.89923286,4.875821,-3.0395374,-3.9929996,1
4.0,4,-0.107396215,-2.7062058,-3.745662,-3.8731375,8.666458,6.827661,0.6292471,3.6420228,-3.0754673,-1.171352,-1.0568569,-1.7620252,0.64859116,-1.2429827,1.6194112,3.5297468,-0.89330006,4.574554,-3.0343275,-3.8790283,1
4.0,4,0.10495943,-2.74712,-3.63105,-3.9532506,8.690028,6.5787206,0.29480788,3.119202,-3.2348323,-1.0251437,-0.4501393,-1.7581927,0.35415947,-1.4716005,1.4540596,3.7455292,-0.6207942,5.089824,-3.0021691,-3.5887942,1
4.0,4,-0.09928197,-2.6472735,-3.7185209,-3.846657,8.70687,6.6839533,0.6178233,3.6435359,-3.2106936,-1.2862368,-0.916818,-1.7489957,0.6490164,-1.2826723,1.5887734,3.4071841,-0.8591313,4.9871244,-3.029552,-3.944618,1
4.0,4,-0.13264014,-2.648658,-3.7362125,-3.838611,8.703978,6.720059,0.6869797,3.741153,-3.1843953,-1.3206718,-1.0160667,-1.7340399,0.686357,-1.2465721,1.6195017,3.3829808,-0.9013969,4.8728733,-3.0396318,-3.9918761,1
19.0,8,-2.3804584,-1.6258686,0.71139795,-0.077435575,-4.280171,-2.997819,-2.6256883,-3.7513938,8.11407,3.7363403,-1.4062246,-0.31950855,1.878769,0.65450084,-2.266537,-2.2773457,-0.098671064,-2.348445,7.841064,6.452922,0
19.0,8,-2.379345,-1.6303991,0.6883013,-0.060343675,-4.2643847,-3.000809,-2.6088514,-3.7464225,8.057344,3.6421878,-1.3896995,-0.28566253,1.852414,0.63055706,-2.244212,-2.2616796,-0.04633995,-2.3499038,7.9170823,6.4765434,0
19.0,8,-2.336265,-1.5836371,0.7549431,-0.060179174,-4.3218074,-2.9111125,-2.683436,-3.6563888,8.353486,3.6727197,-1.4975104,-0.32308668,1.9414085,0.70847374,-2.2727451,-2.2704098,-0.15506192,-2.3969164,7.7462425,6.121585,0
19.0,8,-2.3177965,-1.6131834,0.8807573,-0.17302546,-4.4660525,-2.9176774,-2.756824,-3.6162899,8.7772875,4.159311,-1.6407832,-0.5499779,2.4026039,0.868225,-2.429981,-2.391028,-0.6094904,-2.4043236,7.2754855,5.8025293,0
19.0,8,-2.3746023,-1.633827,0.6899926,-0.059480526,-4.2773347,-3.0000367,-2.6125274,-3.7340584,8.095318,3.6347034,-1.4061439,-0.2920148,1.9009093,0.6385652,-2.2516456,-2.2684977,-0.072588205,-2.3527932,7.9118423,6.4303284,0
19.0,8,-2.380649,-1.631619,0.6881132,-0.061630487,-4.262949,-3.0034246,-2.606133,-3.749669,8.0495,3.6460216,-1.386118,-0.28617835,1.8482014,0.62861127,-2.243975,-2.2615802,-0.04581034,-2.3491716,7.9172997,6.489837,0
0.0,0,10.513356,2.3996124,2.2804465,-0.26499286,0.13287632,0.12493105,-1.4018983,0.6921165,3.0324874,2.4001455,-1.4720277,-4.3990955,0.4362647,-1.2150896,-2.8565845,0.63343513,-4.132446,-3.1232436,-2.2559917,-1.8509164,1
0.0,0,10.52101,2.396575,2.2776496,-0.26290143,0.13988967,0.123533815,-1.3983737,0.69587,3.019356,2.3883588,-1.4687995,-4.3940353,0.42877358,-1.2196498,-2.8514376,0.63802654,-4.1274595,-3.1259415,-2.2539606,-1.8504411,1
0.0,0,10.515648,2.401679,2.2868426,-0.2623221,0.12571453,0.12013392,-1.4042593,0.68798906,3.04089,2.3976438,-1.4659489,-4.391391,0.43358573,-1.2201059,-2.8606908,0.6219418,-4.1253004,-3.1222332,-2.2463944,-1.8448206,1
0.0,0,10.5553465,2.380182,2.268378,-0.25665897,0.17309332,0.11566326,-1.3832157,0.7102349,2.9652345,2.3353686,-1.4517714,-4.367342,0.3911268,-1.2418485,-2.8311822,0.65387654,-4.098983,-3.1371183,-2.2415683,-1.8411822,1
0.0,0,10.525441,2.3947866,2.2761106,-0.2618238,0.14400932,0.12264043,-1.3962413,0.6980298,3.0117586,2.381616,-1.4670058,-4.3911624,0.42449647,-1.2222492,-2.8486097,0.64050186,-4.1245546,-3.127432,-2.2527206,-1.8499064,1
0.0,0,10.518181,2.3979025,2.2789655,-0.26366177,0.13692783,0.123776704,-1.3996334,0.69436324,3.0244436,2.3929243,-1.4700396,-4.39595,0.4317788,-1.2179593,-2.8536563,0.63579196,-4.1293554,-3.1248133,-2.254423,-1.8502805,1
15.0,15,1.6964654,-1.0402348,-0.5210398,1.1896825,-1.6878442,0.39856753,-1.4259585,-1.9522637,-0.7815121,0.2954727,-0.5331401,-0.31698784,-1.9080712,-0.6059337,2.945348,9.1338625,-1.665378,-5.1439266,-1.432403,-0.8403381,1
15.0,15,1.7102056,-1.0398694,-0.52445215,1.1961753,-1.688021,0.40177768,-1.4303108,-1.9491276,-0.786317,0.29026604,-0.5224094,-0.31858215,-1.9125603,-0.6117802,2.94582,9.1338215,-1.6658794,-5.1466675,-1.4313278,-0.84235215,1
15.0,15,1.7286103,-1.0360713,-0.52315074,1.197326,-1.6934818,0.39797497,-1.4337085,-1.9533273,-0.7832735,0.2859509,-0.5059564,-0.31538957,-1.9123788,-0.61555636,2.9392467,9.130365,-1.6655304,-5.148952,-1.428731,-0.8408963,1
15.0,15,1.7568116,-1.0371209,-0.5336407,1.216624,-1.6962242,0.4044762,-1.4513828,-1.949145,-0.8001432,0.2694469,-0.45958775,-0.3095737,-1.9327804,-0.63145876,2.944523,9.131653,-1.6575804,-5.1540923,-1.426067,-0.8443935,1
15.0,15,1.7205931,-1.0401797,-0.5277123,1.2019739,-1.6882548,0.40437362,-1.434771,-1.9468738,-0.7911859,0.28535584,-0.51106435,-0.31851968,-1.9175701,-0.6168721,2.9468682,9.134133,-1.6649294,-5.1488075,-1.4303191,-0.8437336,1
15.0,15,1.7062825,-1.0403949,-0.52390426,1.1948594,-1.6880976,0.40093634,-1.4298946,-1.9501828,-0.78571594,0.29114768,-0.5232712,-0.3172834,-1.9123358,-0.61054164,2.9461148,9.1341,-1.6648644,-5.145914,-1.43148,-0.841616,1
18.0,18,-1.6896207,-1.9729323,-1.1063254,0.14263597,-1.414113,-2.2382114,-0.33510166,-2.7104707,-0.37362793,-2.724599,0.24062745,1.8562957,0.2191534,-1.5824548,-0.35914618,-0.5021204,4.5216694,-0.29287764,10.067778,6.532336,1
18.0,18,-1.692781,-1.9875835,-1.0643836,0.13665497,-1.4367508,-2.2740786,-0.2861056,-2.7197456,-0.39522383,-2.693521,0.3029873,1.8317542,0.15261003,-1.6052562,-0.36673522,-0.49958745,4.469363,-0.32419813,10.007603,6.707577,1
18.0,18,-1.6869804,-2.0777304,-0.73646474,0.2865001,-1.6860961,-2.4959784,-0.19335553,-2.872726,-0.13476986,-2.0687292,0.4898919,1.5329366,-0.32113913,-1.5725993,-0.44427615,-0.4805876,3.638458,-0.7178714,9.632593,8.080158,1
18.0,18,-1.7412573,-2.0580425,-0.687423,0.09663596,-1.6769555,-2.507031,-0.019562088,-2.7765863,-0.18483475,-1.9679813,0.5773723,1.3514676,-0.45895687,-1.646315,-0.46143436,-0.39233333,3.452713,-0.77608514,9.484335,8.376908,1
18.0,18,-1.7047735,-2.0018034,-1.0161803,0.09273056,-1.4478683,-2.3151407,-0.20233835,-2.711443,-0.4329783,-2.643726,0.37779766,1.7757729,0.07191386,-1.6540157,-0.38134927,-0.4839829,4.389904,-0.35932687,9.928014,6.938909,1
18.0,18,-1.6942441,-1.9859506,-1.0676953,0.12871826,-1.4316448,-2.2723703,-0.28181404,-2.7151625,-0.4005664,-2.6976833,0.30216676,1.8303801,0.15872045,-1.6103078,-0.36727512,-0.4983702,4.4746966,-0.31844154,10.009829,6.697257,1
2.0,2,-0.64411235,-1.1874402,10.139249,1.6180625,-4.0270824,-2.7316282,-0.6617446,-1.9133539,3.5907857,0.33976802,-0.92549163,-0.61603504,0.9865514,0.97684646,-2.433289,-2.2793882,0.17131735,-2.0577888,3.7631114,1.4198468,1
2.0,2,-0.6507222,-1.19299,10.116837,1.6327446,-4.0363436,-2.7423568,-0.67329377,-1.9276423,3.5955951,0.34187412,-0.9261024,-0.60494053,0.97906923,0.96048373,-2.436784,-2.2833354,0.18532027,-2.0499644,3.8292549,1.4545493,1
2.0,2,-0.66303545,-1.1983448,10.09546,1.6395597,-4.047874,-2.7523336,-0.6736382,-1.946054,3.596147,0.3380505,-0.92541295,-0.594848,0.97528434,0.9498669,-2.4335458,-2.2768013,0.1951437,-2.0577636,3.8912926,1.4983928,1
2.0,2,-0.61965257,-1.167194,10.235077,1.5413431,-3.991295,-2.6852028,-0.610448,-1.856424,3.5793076,0.3334154,-0.9207841,-0.65810025,1.0250314,1.0529225,-2.4175665,-2.2559092,0.10671929,-2.1021714,3.4689453,1.2734263,1
2.0,2,-0.6481692,-1.1906158,10.13009,1.6223718,-4.032889,-2.7385476,-0.6665718,-1.9221531,3.5954926,0.3443813,-0.9248949,-0.61053014,0.9827668,0.9691364,-2.4366596,-2.2814553,0.17694755,-2.055377,3.7945642,1.4407969,1
2.0,2,-0.64823514,-1.1906021,10.127276,1.6255575,-4.032624,-2.73791,-0.66795486,-1.9219897,3.5935833,0.34219465,-0.92551446,-0.6101421,0.98179615,0.9678645,-2.4355543,-2.281373,0.1789696,-2.0539005,3.7995741,1.4408967,1
12.0,12,2.2330277,-1.3806548,0.06777705,-1.0053638,-1.9164399,-0.6965804,-0.21020946,-1.6219252,3.8704536,-0.17832172,-1.85743,-2.3579772,10.929401,1.374082,-2.3829017,-0.91965544,-3.5572937,-0.14109567,2.8702269,-1.9180198,1
12.0,12,2.225858,-1.3769209,0.06893058,-1.003879,-1.9208431,-0.6973873,-0.20967767,-1.6223875,3.8774636,-0.17719987,-1.8640339,-2.3569427,10.93241,1.3821814,-2.383446,-0.9288601,-3.5587363,-0.14089689,2.8760388,-1.9174796,1
12.0,12,2.2529933,-1.407546,0.05643103,-1.015979,-1.9046179,-0.68674105,-0.2200925,-1.6213129,3.8699396,-0.17979005,-1.828777,-2.352085,10.914752,1.3233037,-2.3882368,-0.8744648,-3.5419834,-0.15003657,2.863948,-1.9109583,1
12.0,12,2.329905,-1.4497184,0.046125013,-1.0340649,-1.8512106,-0.6803456,-0.22580151,-1.6182852,3.7838285,-0.19277877,-1.7512307,-2.366024,10.87603,1.2411437,-2.3780422,-0.7670196,-3.5275104,-0.15159297,2.7872326,-1.9200394,1
12.0,12,2.2492025,-1.3910445,0.065453306,-1.0099183,-1.9073293,-0.6944288,-0.2119953,-1.6214912,3.857347,-0.18029478,-1.8414786,-2.3592298,10.921613,1.3526407,-2.3827178,-0.8965048,-3.553618,-0.14350738,2.8588448,-1.9172138,1
12.0,12,2.250019,-1.3909938,0.0658797,-1.0101511,-1.906165,-0.69472706,-0.21170104,-1.6214323,3.8550558,-0.18056104,-1.8408052,-2.3600438,10.921652,1.3535361,-2.3824775,-0.8963738,-3.5536795,-0.14231391,2.8565412,-1.9179996,1
15.0,15,-1.1585678,-2.1051767,-1.7665904,-1.2603546,2.3299165,1.857564,-1.0406622,-0.80259997,-1.1968136,0.94417244,-2.807978,-1.361531,-1.6727833,-0.3985933,6.9855003,8.427245,-2.204754,-4.403598,-1.9788345,-1.1254588,1
15.0,15,-1.1543282,-2.122763,-1.7634139,-1.238052,2.2644973,1.851543,-1.0674764,-0.83137,-1.203955,0.94154507,-2.7603054,-1.3404871,-1.6925253,-0.4094469,6.9567623,8.484249,-2.1958659,-4.4216766,-1.9665788,-1.1117746,1
15.0,15,-1.1576043,-2.104129,-1.7757316,-1.2790444,2.3092005,1.8606098,-1.1031675,-0.84630775,-1.1695936,0.97689736,-2.7600863,-1.3512394,-1.6722872,-0.3816073,6.994021,8.42868,-2.2150135,-4.396299,-1.9799224,-1.1304245,1
15.0,15,-1.1552227,-2.1540303,-1.7793134,-1.233327,2.1755004,1.8464773,-1.1683408,-0.9181757,-1.2162725,0.9549576,-2.6260798,-1.2833368,-1.7389694,-0.40877807,6.935527,8.5709915,-2.162748,-4.4287405,-1.9497491,-1.0918194,1
15.0,15,-1.1522468,-2.138471,-1.7627422,-1.2210189,2.2154052,1.8477798,-1.0881636,-0.85413325,-1.215214,0.93594396,-2.7185776,-1.3207791,-1.7123153,-0.41854128,6.93447,8.532008,-2.1832948,-4.4350963,-1.9565845,-1.099887,1
15.0,15,-1.1558533,-2.122002,-1.7652705,-1.2421759,2.2771068,1.852652,-1.0636153,-0.82680154,-1.2066681,0.9399114,-2.764946,-1.3412199,-1.6925596,-0.40933177,6.9622903,8.477784,-2.1929238,-4.4178267,-1.9683748,-1.1131111,1
0.0,0,11.100603,4.356202,2.6718657,-0.4239513,0.70639926,-0.69255275,-0.7519083,-0.3685656,0.84974426,0.5781791,0.48392177,-2.9639223,-0.6488307,-1.7484055,-1.4874122,0.23442525,-2.975245,-3.158581,-1.6782689,-1.0636833,1
0.0,0,11.109298,4.338248,2.6697586,-0.41772237,0.7128663,-0.6933225,-0.75067884,-0.36072743,0.8402608,0.56035125,0.48592296,-2.9581647,-0.65344816,-1.7536298,-1.4854901,0.23595817,-2.9656646,-3.1614,-1.6697716,-1.0634345,1
0.0,0,11.119487,4.30575,2.6875224,-0.4087257,0.70082766,-0.69876707,-0.7546757,-0.35122305,0.8621995,0.5484715,0.4806841,-2.9565697,-0.6516509,-1.7607349,-1.5036607,0.21811977,-2.949998,-3.1693642,-1.644884,-1.0481442,1
0.0,0,11.150439,4.23722,2.675114,-0.3787885,0.73286176,-0.70309365,-0.7541764,-0.3175462,0.8018138,0.4550483,0.5053965,-2.919211,-0.695258,-1.7848562,-1.4642335,0.24730088,-2.9012642,-3.1915069,-1.6137185,-1.0583578,1
0.0,0,11.112826,4.330777,2.6690028,-0.41523927,0.7154274,-0.69380164,-0.7499279,-0.35747737,0.8363951,0.55300075,0.4867131,-2.9558887,-0.6552143,-1.7557615,-1.4849486,0.23635918,-2.961715,-3.162537,-1.6661555,-1.0629978,1
0.0,0,11.105149,4.3465314,2.6708143,-0.42116004,0.7093586,-0.69317067,-0.7508148,-0.36458826,0.84584296,0.56994843,0.48408437,-2.9617743,-0.64993674,-1.7509749,-1.4876982,0.23421508,-2.970878,-3.159558,-1.6736457,-1.062737,1
14.0,14,-3.5657122,0.25202665,-2.6002393,-2.0106063,0.12335836,1.9531183,-2.587238,0.5997228,0.59042346,4.6133304,-0.70770293,-1.53402,-0.0036540972,0.77928215,8.157726,0.63027734,-4.0163374,-0.47605205,-2.1394393,-2.0190318,1
14.0,14,-3.521596,0.23502462,-2.695728,-2.054879,0.3451341,2.1455135,-2.4813924,0.743904,0.35147196,4.2050047,-0.72421056,-1.4645149,-0.11243047,0.68414426,8.421652,0.82934934,-3.9728205,-0.49588394,-2.1761382,-2.1553168,1
14.0,14,-3.473976,0.061321594,-2.5391998,-2.1404889,0.26444763,2.6352215,-2.8896928,0.4190846,0.90990233,4.2210345,-0.94786626,-1.4072394,-0.16595341,0.7509601,8.366157,1.1179954,-3.7888322,-0.92174023,-2.0114744,-2.045598,1
14.0,14,-3.2499669,-0.049260408,-2.9110243,-2.34496,1.2076031,3.4013965,-2.4598093,0.92456514,0.015675109,2.7167296,-1.0398251,-1.211509,-0.5348701,0.48398852,9.163108,1.8998963,-3.5470653,-0.98218995,-2.125945,-2.5472062,1
14.0,14,-3.4805932,0.21439786,-2.7831879,-2.0947642,0.54785943,2.3305411,-2.3927803,0.8758768,0.13985047,3.835097,-0.7450833,-1.4004223,-0.19384265,0.60030425,8.638923,1.0021553,-3.9220145,-0.49574786,-2.1990054,-2.287904,1
14.0,14,-3.5293891,0.23424466,-2.6882377,-2.0515857,0.32218596,2.1255257,-2.495377,0.7318135,0.37714142,4.2484474,-0.7258578,-1.4708965,-0.092306055,0.6946401,8.392619,0.8031578,-3.9737751,-0.4847363,-2.1698425,-2.1471343,1
7.0,7,-1.4671004,-1.6922139,-2.5056608,-0.2960791,4.3076644,3.7717957,4.9866085,10.153628,-2.1784565,-2.2065985,-2.6832614,-1.9922886,-2.5614052,-2.5605185,0.7887589,1.7350103,-1.206629,-2.0891023,-3.8778515,-1.9263301,1
7.0,7,-1.4548109,-1.7277395,-2.543879,-0.29508254,4.416327,3.778803,4.953189,10.135006,-2.2464628,-2.2480822,-2.6958199,-1.9753938,-2.5833933,-2.5675757,0.83463085,1.8115845,-1.1748471,-2.0665138,-3.885661,-1.9748111,1
7.0,7,-1.4792827,-1.7071438,-2.49597,-0.31497785,4.2260094,3.8051875,4.84917,10.180112,-2.0899332,-2.162731,-2.6486077,-1.9589875,-2.552653,-2.5444205,0.7168676,1.688267,-1.1575294,-2.0637178,-3.913251,-1.9573119,1
7.0,7,-1.4561816,-1.742943,-2.5350678,-0.31991374,4.3441825,3.8261266,4.8123903,10.16073,-2.157185,-2.2076144,-2.6647258,-1.9409301,-2.5735147,-2.5550206,0.75460243,1.7724934,-1.1278251,-2.0418754,-3.9260323,-2.0112116,1
7.0,7,-1.4365848,-1.7636379,-2.582805,-0.29666388,4.5336404,3.7934513,4.9212003,10.11019,-2.315224,-2.2896228,-2.7125556,-1.960243,-2.606244,-2.5762932,0.88284945,1.8997563,-1.1493096,-2.0490923,-3.8952656,-2.0233011,1
7.0,7,-1.4487927,-1.7310371,-2.5478625,-0.2974337,4.431504,3.7854896,4.9521017,10.129894,-2.2540193,-2.252726,-2.7007594,-1.9743546,-2.5866537,-2.5691528,0.8390759,1.8285353,-1.1775613,-2.069324,-3.8883154,-1.9789156,1
8.0,8,-1.3790457,-0.31044236,1.9131207,-1.1265305,-4.718259,0.8106986,-3.5816588,-0.6942911,9.95605,5.0423903,-1.630571,-1.7614847,1.4841548,1.1048367,-1.7314476,-0.71603805,-2.3731453,-2.7040143,0.09128207,-0.6298098,1
8.0,8,-1.3791311,-0.31969982,1.9185187,-1.1322963,-4.7210646,0.7865489,-3.5753975,-0.70111966,9.965813,5.060323,-1.6266166,-1.7656342,1.4965552,1.0976894,-1.7486657,-0.7335292,-2.3770862,-2.6996868,0.10008154,-0.59938467,1
8.0,8,-1.3127502,-0.22069393,1.8750947,-1.1229482,-4.668015,0.9855839,-3.5285745,-0.5853524,9.924727,4.6933575,-1.6533452,-1.6868075,1.3704698,1.1344941,-1.5946946,-0.5462462,-2.317179,-2.8396459,0.06546961,-0.8921769,1
8.0,8,-1.2306525,-0.19149762,1.8990563,-1.2066022,-4.6532497,1.051713,-3.5284758,-0.48651454,9.825701,4.6949406,-1.5760812,-1.7663019,1.466179,1.0679411,-1.4321392,-0.32403198,-2.592183,-2.8586814,-0.26077133,-1.1469344,1
8.0,8,-1.3572763,-0.31063896,1.9290906,-1.1472049,-4.7150617,0.7925693,-3.566327,-0.67789274,9.958869,5.0518675,-1.6160587,-1.7774237,1.5163666,1.0901784,-1.7307415,-0.70884633,-2.4235227,-2.704863,0.04054442,-0.6489449,1
8.0,8,-1.3735918,-0.31634092,1.9214517,-1.1351303,-4.7193108,0.7910893,-3.5751703,-0.6944167,9.9615965,5.061194,-1.623645,-1.7700499,1.5018779,1.0961418,-1.7421302,-0.72574115,-2.3913605,-2.6990047,0.07936698,-0.61647433,1
11.0,11,-2.3307407,-2.641329,-0.8943307,3.9978588,-2.4059062,-2.105013,-0.3051031,-0.22470543,0.6776075,-2.4771354,0.55638885,10.183836,-0.94072604,-2.3093562,0.03835891,0.050181497,3.82331,-1.6792651,0.3934185,-0.7128324,1
11.0,11,-2.3325763,-2.6398995,-0.8907732,4.0119324,-2.4144814,-2.1053464,-0.3094844,-0.22778808,0.6811844,-2.4783945,0.5740727,10.182511,-0.94666773,-2.313208,0.037660867,0.051094193,3.8213346,-1.6817452,0.3920001,-0.707153,1
11.0,11,-2.3359225,-2.6410916,-0.88838536,4.014997,-2.4227142,-2.1059484,-0.3097244,-0.23371619,0.687676,-2.4836726,0.58544743,10.181829,-0.95210844,-2.314722,0.031789027,0.050417524,3.8336895,-1.6850371,0.40039948,-0.6983912,1
11.0,11,-2.33783,-2.6404095,-0.88655484,4.019718,-2.4281688,-2.1061285,-0.311097,-0.2369879,0.69133,-2.4859135,0.5940995,10.181041,-0.95607555,-2.316126,0.029754985,0.050190274,3.8377426,-1.6875051,0.40325812,-0.6928807,1
11.0,11,-2.3340893,-2.6386425,-0.8882519,4.022038,-2.420833,-2.1054823,-0.3126833,-0.2302199,0.6838081,-2.4794936,0.5871896,10.181527,-0.9512367,-2.3159475,0.037266783,0.05180419,3.8202538,-1.6837221,0.3910093,-0.7027909,1
11.0,11,-2.3323255,-2.640043,-0.89116156,4.010413,-2.4134953,-2.1053338,-0.3089759,-0.22739908,0.6807981,-2.4781811,0.5718948,10.182636,-0.9459149,-2.3127282,0.03772447,0.050946508,3.821395,-1.6814581,0.39217404,-0.70782936,1
17.0,17,-0.91529495,-1.2675568,-1.5272322,3.6708846,1.909503,-2.7269971,-1.7636302,-0.5130676,-2.6951725,-1.7958539,5.4226184,1.3451996,0.872497,-1.0547308,-1.4404428,-3.024964,1.4340193,9.928071,-0.8451282,-1.202046,1
17.0,17,-0.9104446,-1.2556633,-1.4787095,3.6710026,1.8387272,-2.753839,-1.753624,-0.5215006,-2.6605816,-1.771147,5.5879245,1.3668929,0.835083,-1.1328423,-1.4733241,-3.0250826,1.4407703,9.887587,-0.8946614,-1.1627462,1
17.0,17,-0.8982467,-1.2560484,-1.4347216,3.6533172,1.7562255,-2.7827666,-1.7477598,-0.527176,-2.5983262,-1.7613492,5.75808,1.3697854,0.85064125,-1.2075555,-1.5137681,-3.022973,1.4537605,9.818033,-0.94455385,-1.1471378,1
17.0,17,-0.89495796,-1.227919,-1.3463638,3.657511,1.6049477,-2.8268342,-1.7385617,-0.5434938,-2.5202997,-1.7243934,6.075571,1.4137847,0.7778306,-1.3203894,-1.5576165,-3.0182168,1.4649147,9.706114,-1.0497192,-1.0906601,1
17.0,17,-0.9083948,-1.2452927,-1.4437392,3.6738966,1.7828387,-2.7726374,-1.7474911,-0.52887964,-2.6352298,-1.7539032,5.7108765,1.3836185,0.80619735,-1.1858804,-1.4939829,-3.0238926,1.4450713,9.853019,-0.93173707,-1.1347625,1
17.0,17,-0.9094713,-1.2546755,-1.4791743,3.6747463,1.8380125,-2.752783,-1.7534399,-0.52134687,-2.6608722,-1.7714229,5.5849185,1.3643186,0.8371988,-1.1315967,-1.4723464,-3.0251834,1.437935,9.886211,-0.893576,-1.1635721,1
16.0,16,-1.9141976,-2.3316019,-0.16453528,-0.658711,-0.06904471,-2.0431528,-1.1842324,-1.831039,-0.30136353,-3.7534974,3.7815068,5.001766,-2.304989,-0.28570867,-2.047087,-1.0874084,10.688204,2.0716014,-0.01886715,-1.4243484,1
16.0,16,-1.9029453,-2.2796173,-0.13608545,-0.6316329,-0.14890486,-2.0374722,-1.2190442,-1.8458915,-0.26325616,-3.7560658,3.9424663,4.980563,-2.3399274,-0.27733818,-2.0081716,-1.0775213,10.635084,2.0381677,-0.06893955,-1.4486798,1
16.0,16,-1.8865905,-2.1429958,-0.14914194,-0.5976777,-0.3729964,-1.9026814,-1.2939203,-1.8476744,-0.066842094,-3.815098,4.052986,4.862967,-2.366656,-0.16119714,-1.8090837,-0.97058487,10.514245,1.680836,-0.07497757,-1.5769745,1
16.0,16,-1.9011331,-2.1834686,-0.19881973,-0.64113194,-0.31008008,-1.8576782,-1.2584686,-1.8209558,-0.064033195,-3.8276837,3.792234,4.8325987,-2.3199873,-0.12872021,-1.8140538,-0.9552911,10.579741,1.620339,0.010656439,-1.5744951,1
16.0,16,-1.8949925,-2.239514,-0.11629924,-0.6119029,-0.2075615,-2.031424,-1.24498,-1.8564535,-0.2358849,-3.7579226,4.0615788,4.9648805,-2.3674128,-0.27085885,-1.9759104,-1.067555,10.593003,2.0116522,-0.10725357,-1.4677252,1
16.0,16,-1.9021585,-2.279749,-0.13378549,-0.6255973,-0.15340137,-2.0416133,-1.2209805,-1.8469663,-0.261333,-3.7578475,3.9541855,4.982844,-2.3365302,-0.2778336,-2.0094478,-1.0809451,10.630829,2.0408773,-0.0706705,-1.4499334,1
19.0,19,-0.92206883,-1.9277261,1.0139257,-0.19583705,-1.8647298,-3.066369,2.0248172,-1.8534594,-0.24516454,0.851119,1.5240384,-0.57314336,-1.375356,-1.6215019,-1.3906305,-0.75553024,-0.35665298,-1.5690935,4.3322754,11.664516,1
19.0,19,-0.92181593,-1.926199,1.0133631,-0.193961,-1.8663951,-3.0656364,2.0249364,-1.8534257,-0.24340221,0.8496807,1.5236069,-0.572248,-1.3763156,-1.6225141,-1.3889095,-0.75351465,-0.35946137,-1.5708526,4.334604,11.663783,1
19.0,19,-0.89969313,-1.914823,1.0727215,-0.15012278,-1.8942369,-3.1039393,1.9006366,-1.9686323,-0.14940634,0.9923912,1.5455903,-0.5815883,-1.3764396,-1.5391836,-1.3950543,-0.7900459,-0.44422144,-1.5615442,4.242578,11.693767,1
19.0,19,-0.9291829,-1.8711898,1.0085266,-0.1506616,-1.9175014,-3.0474522,2.0594559,-1.8800968,-0.111268304,0.9478885,1.4609581,-0.5867695,-1.3686143,-1.613579,-1.3856713,-0.7394747,-0.5261542,-1.6109267,4.2918468,11.670965,1
19.0,19,-0.92136306,-1.9134873,1.0117489,-0.18812439,-1.8762355,-3.0583375,2.041456,-1.8490951,-0.22322465,0.8634837,1.5109568,-0.5786838,-1.3730761,-1.6267831,-1.3877047,-0.74697256,-0.39832395,-1.5798233,4.3252463,11.663031,1
19.0,19,-0.9211854,-1.9238405,1.0130839,-0.19276679,-1.8675135,-3.0640767,2.0287066,-1.8522469,-0.24117123,0.8512203,1.5217806,-0.57348484,-1.3757069,-1.6234459,-1.3880835,-0.75172824,-0.3674724,-1.5724255,4.33232,11.663394,1
17.0,17,-0.42953217,-1.0383085,-1.670209,-1.2994845,4.6318736,-0.2667373,-1.4794445,-0.031766154,-2.5726511,-1.2389237,3.6541536,0.2924652,1.2466365,-0.48817006,-1.440138,-2.2869465,0.66493636,11.312919,-1.4725316,-1.7733815,1
17.0,17,-0.3853989,-0.96093214,-1.6037672,-1.2556802,4.5286374,-0.2871667,-1.5244678,-0.07249817,-2.5984228,-1.1708074,3.8580139,0.2931761,1.0996381,-0.6213416,-1.4345139,-2.2700262,0.6636642,11.337767,-1.4755605,-1.693424,1
17.0,17,-0.23153704,-0.98074675,-1.6309351,-1.3885427,4.7143016,-0.15565635,-1.5027603,-0.039326433,-2.608837,-1.089266,3.8828645,0.17353642,1.1152859,-0.7354902,-1.4336392,-2.204684,0.5579778,11.245242,-1.5329311,-1.6341963,1
17.0,17,-0.08809209,-0.8673334,-1.5279216,-1.3709002,4.6315126,-0.16288052,-1.5756861,-0.0926559,-2.6849265,-0.9896176,4.2670665,0.16452558,0.85029304,-0.94364774,-1.4046499,-2.1425972,0.55845916,11.213742,-1.5725212,-1.4999456,1
17.0,17,-0.33787572,-0.89685315,-1.5474917,-1.221399,4.4503975,-0.30269888,-1.5625496,-0.10515748,-2.6270983,-1.1252364,4.029993,0.29427066,0.97141814,-0.7168847,-1.4256967,-2.2548003,0.6681038,11.348034,-1.4829472,-1.6327289,1
17.0,17,-0.38544917,-0.96416616,-1.6075377,-1.2578603,4.5342336,-0.2839048,-1.5210565,-0.06923734,-2.596856,-1.1733209,3.8454995,0.29072577,1.1092077,-0.615803,-1.4354405,-2.2717357,0.6595189,11.336114,-1.4750466,-1.6968639,1
15.0,15,0.32749087,-1.8872131,-3.1146061,-2.3094263,3.2627296,6.7468567,-0.7692885,0.26232812,-2.9699194,-2.2055395,0.2001187,-0.93951476,-2.5381997,-0.48213926,2.7256656,8.410385,0.71379524,-0.9420137,-1.6068642,-2.8167667,1
15.0,15,0.33355337,-1.875894,-3.1181145,-2.30177,3.2523081,6.737549,-0.78679377,0.25194606,-2.9738932,-2.2081943,0.2276555,-0.9371529,-2.5435126,-0.47879562,2.7361658,8.404551,0.7217721,-0.93206805,-1.6189212,-2.8282235,1
15.0,15,0.27497602,-1.8284167,-3.1808996,-2.1902475,2.986607,6.5876055,-0.8086855,0.17199911,-2.9062197,-2.2714927,0.22516596,-0.84381545,-2.5084045,-0.37510836,2.8236585,8.442586,0.76643443,-1.2378848,-1.5446547,-2.8448534,1
15.0,15,0.27762195,-1.791899,-3.1981113,-2.146494,2.9131565,6.5498323,-0.8287513,0.14651965,-2.8984797,-2.279902,0.24699882,-0.8244423,-2.5269086,-0.3478239,2.8766456,8.454163,0.754937,-1.3231171,-1.5473359,-2.8483803,1
15.0,15,0.34362158,-1.855053,-3.1222465,-2.2856343,3.2307875,6.724122,-0.80750805,0.2375147,-2.9801202,-2.2089822,0.25994974,-0.9338911,-2.556894,-0.47480333,2.75944,8.40326,0.718965,-0.9343771,-1.6338965,-2.8370194,1
15.0,15,0.33551168,-1.8702298,-3.1178348,-2.2971592,3.2463481,6.7369065,-0.7876777,0.25083846,-2.9748828,-2.20617,0.22798072,-0.93731993,-2.5486715,-0.47846264,2.743704,8.407617,0.7136681,-0.94014615,-1.6204551,-2.8259642,1
6.0,6,-1.1554073,-0.042226836,-1.3018246,-0.6340549,1.1708691,0.96249825,9.246239,4.722384,-2.8012905,-2.108168,-1.742554,-3.102148,-0.5070919,-0.9971886,0.7890232,0.16750607,-2.0451908,-1.8303865,-1.3603415,1.4659275,1
6.0,6,-1.1276002,-0.035812803,-1.2049558,-0.5470992,1.1353118,1.0145429,8.987072,4.8654075,-2.817114,-2.1167223,-1.7475399,-3.1345854,-0.5467561,-0.95709556,0.9113878,0.23588294,-2.1804905,-1.666441,-1.569014,1.0949728,1
6.0,6,-0.6789294,-1.0943587,-1.2795266,-1.2812363,2.0237648,2.0968304,8.124318,5.972358,-2.6509545,-2.2066662,-1.9895357,-3.0150378,-1.7627355,-2.0937166,0.80239475,2.3392282,-2.436048,-2.3311467,-2.3129733,1.4961164,1
6.0,6,-0.6361391,-1.3019513,-1.2891942,-1.2317588,2.0461504,2.383789,7.4400806,6.2759104,-2.6449537,-2.2788367,-2.0421336,-2.8127105,-2.183521,-2.301603,1.1911933,3.221746,-2.5895996,-2.612231,-2.6387649,1.0288411,1
6.0,6,-1.0662949,-0.04487147,-1.0778403,-0.51867217,1.1624781,1.1110586,8.745527,5.0467386,-2.8670835,-2.130705,-1.7320284,-3.1147878,-0.71557593,-1.0568509,1.0201888,0.42556447,-2.2936034,-1.5817431,-1.8061081,0.8368279,1
6.0,6,-1.1169055,-0.026141802,-1.1872585,-0.54694074,1.150354,1.024317,9.001143,4.8894997,-2.838272,-2.116755,-1.7409003,-3.1165059,-0.60279155,-1.0107067,0.91346186,0.2674885,-2.1753838,-1.6978755,-1.5914627,1.1238439,1
11.0,11,-2.3534253,-1.5645849,-1.9141809,2.904103,-1.3719147,-1.7596647,-0.3270041,0.38065472,-0.13886946,-2.910573,-0.22005746,10.244486,-0.6193746,-2.7067888,1.1037837,0.019580226,3.4509702,-0.7909854,0.6300397,-1.7785566,1
11.0,11,-2.353877,-1.5659554,-1.913244,2.9045484,-1.3731871,-1.7602527,-0.3270177,0.37998784,-0.13790521,-2.9112263,-0.21515733,10.246103,-0.6204861,-2.7079906,1.0998088,0.018839363,3.4544559,-0.78935117,0.6292621,-1.777924,1
11.0,11,-2.3545845,-1.5683748,-1.9120537,2.9013948,-1.3740292,-1.7607868,-0.3268242,0.3791681,-0.13644914,-2.912482,-0.20902602,10.248261,-0.62165,-2.7088838,1.0951585,0.018358674,3.4599056,-0.78738016,0.6284648,-1.7774597,1
11.0,11,-2.3546696,-1.5670468,-1.9116366,2.8937933,-1.3731648,-1.7601035,-0.32635495,0.37922245,-0.1350564,-2.9132285,-0.20917921,10.248373,-0.62093997,-2.7073648,1.09503,0.018367272,3.4611712,-0.78754073,0.62905765,-1.7785052,1
11.0,11,-2.3543084,-1.5673455,-1.9123946,2.9050674,-1.3743736,-1.7608141,-0.32704186,0.37936527,-0.1370064,-2.9118564,-0.21050903,10.247633,-0.621541,-2.7091613,1.0960599,0.018154074,3.4577541,-0.7877746,0.6285213,-1.7773285,1
11.0,11,-2.3537712,-1.5655414,-1.9134531,2.9045138,-1.3729297,-1.7601117,-0.3270222,0.38013873,-0.13809773,-2.9110672,-0.21627523,10.245731,-0.6202264,-2.7077172,1.1006879,0.018973898,3.453606,-0.7897144,0.62943816,-1.7780839,1
2.0,2,-0.061494652,-0.79401577,11.004853,0.35746577,-2.6429343,-2.2633948,-0.5925005,-1.2113514,2.0890741,1.650595,-0.5352749,-1.6680853,0.6065614,1.9654651,-2.3145866,-2.1031294,-0.8383318,-1.3537757,-0.54243696,0.32395843,1
2.0,2,-0.06158423,-0.79381126,11.005025,0.35730648,-2.6431415,-2.263741,-0.5927057,-1.2117734,2.0895886,1.652408,-0.53531235,-1.668407,0.60624695,1.9654213,-2.3154109,-2.1037672,-0.83848643,-1.3533943,-0.54244804,0.32477602,1
2.0,2,-0.063487455,-0.79488266,11.004654,0.35627255,-2.6443927,-2.2631266,-0.59312034,-1.2127578,2.091734,1.6547309,-0.53644425,-1.6689664,0.6062449,1.9667621,-2.3161697,-2.103662,-0.8382647,-1.3547071,-0.5410341,0.3269603,1
2.0,2,-0.06147543,-0.7957312,11.004123,0.35535592,-2.6417434,-2.260976,-0.5915715,-1.2098091,2.0883384,1.6393136,-0.5348286,-1.6648777,0.6072571,1.9676231,-2.3095715,-2.0970788,-0.8363869,-1.3604046,-0.54279673,0.31988502,1
2.0,2,-0.06152193,-0.79392684,11.004998,0.3570193,-2.642986,-2.2635348,-0.59259707,-1.2116221,2.0895646,1.6512359,-0.5352131,-1.668018,0.6062358,1.965637,-2.3149292,-2.1031272,-0.83825165,-1.3541744,-0.54255366,0.32434887,1
2.0,2,-0.061582934,-0.79383737,11.004988,0.35735416,-2.6430957,-2.2637084,-0.5927056,-1.211733,2.0894165,1.6523212,-0.53531975,-1.6684352,0.6062409,1.9654171,-2.3152833,-2.103686,-0.8385156,-1.3533635,-0.5424969,0.32473543,1
12.0,18,-1.2875578,-2.1545527,-0.73803174,0.5422393,-1.8396136,-2.2634494,-0.32399273,-2.5241666,1.193571,-1.9457161,-1.614416,0.8548749,5.375207,-0.33342922,-0.6861389,-1.3768927,1.1647797,-0.33991086,11.147309,4.426768,0
12.0,18,-1.2842361,-2.138746,-0.73273647,0.54955536,-1.8374094,-2.2622921,-0.29624322,-2.5061688,1.1455519,-1.9685091,-1.5870249,0.87081414,5.314089,-0.40035948,-0.6701727,-1.35501,1.1859653,-0.3325215,11.15095,4.447377,0
12.0,18,-1.2862228,-2.0992024,-0.77963585,0.5854896,-1.8131857,-2.2265482,-0.31992522,-2.4746194,1.1177261,-2.0220404,-1.5708508,0.91066295,5.1469584,-0.47060692,-0.62947637,-1.3017238,1.2661952,-0.33085564,11.179138,4.4271073,0
12.0,18,-1.2710032,-2.0617752,-0.7185413,0.5877777,-1.8268017,-2.244511,-0.20547964,-2.439574,0.94162893,-2.0718422,-1.4606757,0.9484768,4.9693146,-0.6760164,-0.58629286,-1.240338,1.297774,-0.32322082,11.168665,4.5849605,0
12.0,18,-1.2819314,-2.1276617,-0.7285474,0.5549153,-1.8367746,-2.2616785,-0.27825224,-2.494924,1.1145555,-1.9832182,-1.5688945,0.88049316,5.2729445,-0.44228148,-0.65976,-1.3410616,1.1992388,-0.3286864,11.153485,4.4611998,0
12.0,18,-1.2857839,-2.1430967,-0.7354971,0.5479525,-1.8386278,-2.2625608,-0.30447626,-2.5113654,1.160803,-1.9616361,-1.5961003,0.86531967,5.3332777,-0.37816802,-0.6748525,-1.3623551,1.179715,-0.3355145,11.150318,4.438624,0
7.0,4,0.5912749,-2.9686496,-3.4931028,-2.5619094,8.583543,4.758167,4.510706,5.521017,-5.130488,-3.6154184,-1.6959418,-0.79168504,-3.956423,-3.187886,1.2510599,5.3649273,0.60482866,-0.82595944,-3.1612632,0.41127864,0
7.0,4,0.61412174,-2.9442663,-3.5312638,-2.5548794,8.641658,4.84169,4.427805,5.5436454,-5.0980225,-3.6074417,-1.7493184,-0.8017216,-3.932563,-3.1773908,1.3043299,5.428557,0.5837664,-0.811085,-3.2276158,0.17958476,0
7.0,4,0.40934238,-3.0172243,-3.2751033,-2.5548964,8.090715,4.44072,4.9101634,5.499091,-5.065519,-3.4498425,-1.5896833,-0.8752211,-3.9700203,-3.1549802,0.9884397,5.03938,0.41356492,-1.0475305,-2.9677756,1.5004072,0
7.0,4,0.42195553,-3.0119147,-3.2814467,-2.5530763,8.108691,4.4676323,4.899245,5.5141478,-5.055215,-3.4356983,-1.6143779,-0.8936695,-3.961673,-3.1477194,0.9995826,5.056497,0.38430607,-1.0511922,-2.9948878,1.4469962,0
7.0,4,0.6401815,-2.925992,-3.5383902,-2.5442874,8.660959,4.8900394,4.385606,5.556113,-5.0673966,-3.5710192,-1.7998128,-0.83710325,-3.9135115,-3.1558516,1.3386286,5.4719615,0.51672703,-0.8316311,-3.274389,0.06815073,0
7.0,4,0.6157837,-2.948171,-3.5110257,-2.552299,8.610086,4.819784,4.4606133,5.5420504,-5.0978007,-3.5857399,-1.749431,-0.82137495,-3.9369545,-3.1696942,1.2888961,5.4135094,0.54779035,-0.839699,-3.216064,0.26776728,0
16.0,16,-2.0634186,-1.7367622,-1.5410895,1.0000106,-0.08007115,-0.74438995,-0.6012876,-0.8126163,-0.622606,-2.9071624,-0.6357369,3.288411,-2.6483707,-0.5071327,-1.5659934,-0.83546525,10.753254,0.72844744,1.063866,-1.1602861,1
16.0,16,-2.0646977,-1.7369316,-1.5370244,0.97411793,-0.07948046,-0.7433434,-0.60657436,-0.8198378,-0.6194051,-2.9056,-0.6225319,3.2906115,-2.6492584,-0.5025507,-1.5645219,-0.8317406,10.758447,0.73452747,1.0567878,-1.1628668,1
16.0,16,-2.0738726,-1.73288,-1.5217314,0.86078596,-0.085397,-0.7262858,-0.63312554,-0.8615967,-0.5859914,-2.905009,-0.5686026,3.3247144,-2.6590226,-0.47495905,-1.5399228,-0.7984959,10.778067,0.718295,1.0205332,-1.1850649,1
16.0,16,-2.080157,-1.7278795,-1.5114967,0.78040767,-0.09090693,-0.7104845,-0.65197057,-0.8905411,-0.55418986,-2.9020422,-0.5367551,3.346459,-2.6658008,-0.4516326,-1.520136,-0.7723308,10.7878475,0.69543946,0.9934503,-1.2036724,1
16.0,16,-2.0706925,-1.735113,-1.5275066,0.9123768,-0.08323405,-0.7366255,-0.6253524,-0.8466853,-0.6049893,-2.9085362,-0.580957,3.314967,-2.6557715,-0.48741773,-1.5507159,-0.81428313,10.772385,0.7339145,1.0322076,-1.1773298,1
16.0,16,-2.0674608,-1.735952,-1.5341929,0.9557435,-0.08215741,-0.7403681,-0.6144194,-0.8311028,-0.612788,-2.9084022,-0.6070517,3.3040762,-2.6522543,-0.49676576,-1.5575029,-0.82415396,10.763246,0.73021245,1.0470016,-1.1697766,1
14.0,14,-2.0891578,0.13527851,-2.9594288,-0.5229095,2.5806055,-0.08209355,-2.43079,-0.97830456,-3.1347044,-0.32247433,0.62580097,0.0099475635,-1.5520616,-0.05483845,10.459545,2.4285614,-2.3212202,0.33337897,-1.5711696,-1.5363373,1
14.0,14,-2.1249435,0.15165599,-2.9278455,-0.5118684,2.4655406,-0.12359154,-2.463612,-1.023371,-3.1078362,-0.35352546,0.6933123,0.10877859,-1.5635558,-0.10217802,10.481161,2.5107214,-2.2695572,0.2604561,-1.5445118,-1.5520618,1
14.0,14,-1.933568,0.16377729,-2.991776,-0.7041626,2.5834274,0.1155601,-2.3825898,-0.93334574,-2.9592185,-0.23594227,0.4073215,-0.07405434,-1.5357418,-0.1558891,10.552574,2.7693834,-2.3548357,-0.43663505,-1.5610617,-1.5034938,1
14.0,14,-1.9755594,0.12372363,-2.975911,-0.73358,2.4063373,0.12543322,-2.3721821,-0.9974586,-2.9076924,-0.26629886,0.43816686,-0.011703382,-1.5576414,-0.22443825,10.595211,3.098336,-2.3244267,-0.72253746,-1.536556,-1.4726827,1
14.0,14,-2.1485689,0.15493181,-2.9045465,-0.5099142,2.372366,-0.14769185,-2.4675322,-1.05509,-3.0813382,-0.37069753,0.72087044,0.16462095,-1.5712097,-0.13388819,10.500757,2.6009884,-2.2428834,0.15141582,-1.5299138,-1.5486556,1
14.0,14,-2.1207669,0.14965853,-2.9269998,-0.5171746,2.460618,-0.11474247,-2.4497488,-1.019882,-3.1003509,-0.3495892,0.6702754,0.09584354,-1.5630411,-0.101696454,10.487602,2.5273106,-2.2778647,0.21591194,-1.5462147,-1.5429449,1
8.0,8,-1.3965567,-0.18408608,1.526797,-1.074259,-4.1740212,0.31229398,-3.5547974,-2.1577387,10.419558,4.256817,-2.1982832,-1.1078036,2.3680923,1.2944483,-2.583371,-1.6708019,-0.8629837,-1.6851804,3.4449408,-0.066524535,1
8.0,8,-1.3920845,-0.17749836,1.5285246,-1.0756555,-4.175052,0.31376964,-3.5538595,-2.1539462,10.418616,4.249939,-2.1982381,-1.1066997,2.3540473,1.2933896,-2.5777874,-1.6653405,-0.86228424,-1.6921197,3.4402144,-0.07116796,1
8.0,8,-1.3847214,-0.17623733,1.5124004,-1.0694425,-4.149125,0.33558857,-3.5422173,-2.1390162,10.397724,4.1589193,-2.1934137,-1.067481,2.247419,1.2800603,-2.5517943,-1.6377925,-0.7781757,-1.7354833,3.479502,-0.05339903,1
8.0,8,-1.3017843,-0.055844598,1.5706557,-1.1083614,-4.1462073,0.38656154,-3.534242,-2.0773673,10.411695,4.183626,-2.16609,-1.1040068,2.1552799,1.2869165,-2.5123057,-1.5949725,-0.86455107,-1.7709377,3.238394,-0.20226564,1
8.0,8,-1.3841418,-0.16551653,1.5335189,-1.0793996,-4.175474,0.3180875,-3.5526693,-2.1476893,10.419278,4.248064,-2.1964362,-1.1086761,2.340067,1.2933674,-2.572081,-1.6594075,-0.8680386,-1.698239,3.4210122,-0.08373378,1
8.0,8,-1.3928928,-0.17845748,1.5284941,-1.0754192,-4.175209,0.31306508,-3.5540981,-2.154865,10.418966,4.2520995,-2.1982214,-1.1073005,2.3570797,1.2936292,-2.5789783,-1.6665817,-0.86320627,-1.6905634,3.4407048,-0.07015659,1
6.0,6,-1.8188386,-1.303393,-1.1720066,-1.4278772,-1.2329772,-0.83967376,7.9133177,3.0327404,1.1490158,-0.82024366,-1.1022631,-1.3785516,0.8064413,-2.7331998,-1.7400652,-0.7642542,-1.4304954,-3.7459311,3.1388078,7.370073,1
6.0,6,-1.8164477,-1.3024613,-1.1691273,-1.428718,-1.2329656,-0.8393015,7.9133162,3.033565,1.1512247,-0.8182418,-1.1036485,-1.3798809,0.8082213,-2.7323563,-1.7405167,-0.76330453,-1.4383153,-3.7468035,3.1330445,7.368693,1
6.0,19,-1.7476877,-1.2838308,-0.9581132,-1.4621307,-1.3169655,-0.98733014,7.6443615,2.6211412,1.2555363,-0.46345758,-1.0345409,-1.4673603,0.6958629,-2.5655613,-1.6863185,-0.7093017,-1.7629048,-3.7583632,2.9712627,7.8354826,0
6.0,19,-1.7295959,-1.2606351,-0.92390996,-1.4841894,-1.3291075,-0.99925685,7.6316557,2.5628514,1.2944813,-0.39192137,-1.0516996,-1.4897568,0.70131296,-2.5263145,-1.6623211,-0.68026733,-1.8657266,-3.7828882,2.8940115,7.8437705,0
6.0,6,-1.7953019,-1.283274,-1.1392422,-1.4388866,-1.2435026,-0.8178411,7.9191628,3.056344,1.1886216,-0.77815956,-1.1254369,-1.4033042,0.8207151,-2.720805,-1.7354288,-0.7408876,-1.547397,-3.7743812,3.042534,7.330086,1
6.0,6,-1.8134192,-1.2907218,-1.1680152,-1.4401125,-1.2324264,-0.81766427,7.937012,3.0658455,1.1782296,-0.80528724,-1.1276672,-1.393565,0.8234599,-2.7278597,-1.7365642,-0.7531244,-1.4819342,-3.7671897,3.08127,7.312668,1
10.0,10,-0.11499983,-0.5523595,-0.8641528,0.9330321,-1.5000552,-1.0688986,-1.2310417,-1.6368883,-1.2489041,-0.55511063,9.621496,0.3823233,-2.135277,-0.88983536,1.7893087,3.155468,-0.8219186,0.6979409,-3.0659645,-0.30760276,1
10.0,10,-0.117060035,-0.54439586,-0.86418104,0.9271774,-1.5040257,-1.0465275,-1.2389132,-1.6388478,-1.2466259,-0.55728173,9.608013,0.3820243,-2.1483328,-0.8960075,1.8148535,3.1830804,-0.82264274,0.67801535,-3.0692573,-0.3226668,1
10.0,10,-0.09553255,-0.52628887,-0.9114705,0.9324565,-1.5556178,-0.8953583,-1.2395687,-1.6127299,-1.177071,-0.6015705,9.461944,0.3625851,-2.1830125,-0.87513256,1.9050562,3.366709,-0.83760947,0.3943175,-3.0895,-0.41138956,1
10.0,10,-0.103924155,-0.5077809,-0.9149577,0.91997206,-1.561518,-0.8482544,-1.2550682,-1.6141555,-1.1735256,-0.6061855,9.436081,0.36532733,-2.2137446,-0.88582563,1.957135,3.416862,-0.8337599,0.3577535,-3.0978007,-0.44192374,1
10.0,10,-0.11823897,-0.54233885,-0.8631782,0.9250744,-1.5041374,-1.0427679,-1.2413542,-1.6400095,-1.2472868,-0.55654496,9.606652,0.38183713,-2.1511893,-0.8982688,1.8208534,3.1875768,-0.8233015,0.6784227,-3.0698593,-0.32537115,1
10.0,10,-0.117227614,-0.5466437,-0.86336356,0.9281853,-1.5019854,-1.0546169,-1.2371683,-1.6388233,-1.2484198,-0.55563176,9.613979,0.38234118,-2.144508,-0.89481646,1.8069401,3.1728494,-0.82214403,0.6886501,-3.06824,-0.3174683,1
5.0,5,-0.96965295,-2.6691594,-3.9673672,-2.3110492,5.269217,7.1733937,0.778919,7.0544724,-1.8778512,-1.8096998,-2.8977942,-1.6692829,0.91242516,-2.2183044,0.9900693,2.9904287,-0.99975014,2.1711698,-2.4572253,-4.586093,1
5.0,5,-0.9467336,-2.6231985,-3.935932,-2.4133997,5.237417,7.3471246,0.76915336,6.864274,-1.8794272,-1.7133318,-2.8132968,-1.7551681,0.835654,-2.280856,0.8276158,3.2987006,-0.9531614,2.15944,-2.5177448,-4.532208,1
5.0,5,-0.952711,-2.712697,-3.9742167,-2.438217,5.233886,7.2899947,0.70572275,6.8081346,-1.7269441,-1.6323972,-2.9138324,-1.6988709,0.9999036,-2.2283788,0.6316604,3.1445808,-0.72625506,2.0547848,-2.3836272,-4.4998446,1
5.0,5,-0.89418375,-2.6521714,-3.9323423,-2.6196778,5.138201,7.5879917,0.6518703,6.3269362,-1.8370872,-1.4816054,-2.5873978,-1.8494773,0.67986226,-2.3698134,0.52729607,3.9958303,-0.6422514,1.9046433,-2.5653183,-4.354137,1
5.0,5,-0.93235147,-2.5957723,-3.9186168,-2.47764,5.2040896,7.456571,0.75748223,6.716593,-1.8951706,-1.6468303,-2.7316148,-1.8139813,0.76331943,-2.3197427,0.7419883,3.5372913,-0.92219895,2.1369257,-2.562796,-4.4868736,1
5.0,5,-0.94928205,-2.6249614,-3.9371445,-2.4066527,5.2358165,7.3396015,0.7687245,6.8753033,-1.8761973,-1.7175114,-2.8213787,-1.7508242,0.8422501,-2.275445,0.83643234,3.2789502,-0.9566781,2.1569886,-2.5124867,-4.535675,1
16.0,16,-2.0390465,-3.6123843,-1.8775374,-1.3807285,2.4615967,-2.0575037,-0.1555862,-0.01500093,-2.180915,-3.7124057,1.4710543,7.735046,-2.354312,-2.3340857,-1.0219369,-0.41718122,10.114712,2.3522003,-0.16794865,-1.1671042,1
16.0,16,-2.0823503,-3.579541,-1.835142,-1.3357333,2.3460324,-2.0934095,-0.2168739,-0.0912019,-2.1529584,-3.7057548,1.6149241,7.814676,-2.3551435,-2.326896,-1.0546554,-0.43998566,10.118382,2.4229796,-0.17227656,-1.162303,1
16.0,16,-2.096736,-3.512387,-1.8051044,-1.375539,2.297776,-2.055716,-0.26315618,-0.18769453,-2.1124306,-3.6825156,1.6552583,7.7553253,-2.389118,-2.2436063,-1.0373693,-0.4263346,10.188723,2.344724,-0.18808542,-1.1626166,1
16.0,16,-2.1586633,-3.4731421,-1.7594424,-1.3038098,2.1332653,-2.112093,-0.33125156,-0.26873687,-2.0847023,-3.6778185,1.881123,7.879901,-2.389716,-2.2507765,-1.0733677,-0.4633061,10.174953,2.4465117,-0.2019519,-1.1565019,1
16.0,16,-2.112875,-3.5561178,-1.8071928,-1.3036925,2.2650177,-2.1185324,-0.25797775,-0.14143662,-2.1351373,-3.7016869,1.7222235,7.8711796,-2.356308,-2.3232112,-1.0753264,-0.45734605,10.1182375,2.4736285,-0.17834857,-1.1596717,1
16.0,16,-2.079256,-3.5819833,-1.8381965,-1.3391386,2.355693,-2.091141,-0.21295063,-0.08629045,-2.1551979,-3.7061644,1.6055952,7.8078833,-2.355169,-2.3272982,-1.0530391,-0.4384193,10.118556,2.4199257,-0.17267147,-1.1628728,1
11.0,11,-1.5582788,-1.259253,-1.7348754,7.6828995,-1.8271947,-1.9792198,-0.7089905,0.2871371,-0.13737391,-2.3349323,-0.86812884,8.704216,-1.03484,-2.7956612,0.12936294,-0.9900428,2.7452154,-0.8545263,1.2590655,-0.8807109,1
11.0,11,-1.5639448,-1.2666095,-1.7378738,7.6646996,-1.8263047,-1.9761885,-0.70839804,0.28689018,-0.13469894,-2.3449118,-0.85339445,8.720316,-1.0384562,-2.798717,0.12480377,-0.9889312,2.7683003,-0.85236955,1.2508665,-0.8864936,1
11.0,11,-1.570973,-1.2775984,-1.742392,7.631185,-1.8231792,-1.9727128,-0.70649815,0.28759256,-0.13023674,-2.3575542,-0.83807784,8.745025,-1.0411475,-2.8017979,0.11992483,-0.98609805,2.7971406,-0.8503413,1.2421432,-0.8951705,1
11.0,11,-1.5654511,-1.2704378,-1.7395331,7.643258,-1.8234856,-1.9758422,-0.7072185,0.28809062,-0.13077328,-2.3479388,-0.8530887,8.732364,-1.0367368,-2.7982018,0.123367116,-0.98719954,2.775116,-0.8522095,1.2504907,-0.89105606,1
11.0,11,-1.5696838,-1.2743704,-1.7413298,7.6466026,-1.8251928,-1.9727151,-0.7074889,0.28691632,-0.1322904,-2.3552957,-0.8385864,8.736248,-1.0420468,-2.8016903,0.12044765,-0.98761654,2.7915587,-0.8502477,1.2426326,-0.8925514,1
11.0,11,-1.5633795,-1.2660425,-1.7376368,7.6666927,-1.8263242,-1.9764603,-0.7084569,0.2869694,-0.13503316,-2.3440259,-0.85471666,8.71869,-1.0380995,-2.7983954,0.12522155,-0.98901093,2.7660334,-0.852475,1.2515908,-0.88605195,1
1.0,1,1.4692788,10.939322,-0.2962266,0.25950915,-2.0889719,0.8154486,-0.8495804,-1.2978038,-0.35928467,1.5464404,-0.32981268,-1.4482613,-0.5086454,-0.15364008,3.6537766,0.29596502,-3.9870589,-0.8568324,-1.4914774,-3.0085876,1
1.0,1,1.4748945,10.937278,-0.29416585,0.2616865,-2.089359,0.8140445,-0.8518157,-1.2993433,-0.36059707,1.538122,-0.32643437,-1.4442941,-0.51294106,-0.15968421,3.6616313,0.30278328,-3.9857037,-0.86274815,-1.4900526,-3.0095642,1
1.0,1,1.5031984,10.947209,-0.27775902,0.27447757,-2.099758,0.8172953,-0.8620961,-1.3024157,-0.337614,1.5304879,-0.3259558,-1.4453502,-0.5128301,-0.174246,3.643837,0.3007294,-3.9828763,-0.8726276,-1.4834454,-3.0150967,1
1.0,1,1.5113708,10.929977,-0.2751388,0.2821111,-2.0986292,0.8196062,-0.8775306,-1.3092585,-0.35060978,1.4715515,-0.31209496,-1.4123397,-0.54047585,-0.1972996,3.715292,0.3486723,-3.96888,-0.9159506,-1.4692658,-3.0241737,1
1.0,1,1.476859,10.93701,-0.2934483,0.26232672,-2.089582,0.8134899,-0.8521533,-1.2996931,-0.36068246,1.5364412,-0.32557112,-1.4437122,-0.5137761,-0.1613259,3.6624758,0.30399078,-3.9855454,-0.86376756,-1.4898717,-3.0097444,1
1.0,1,1.4717723,10.939295,-0.29522952,0.2602984,-2.0893295,0.81452495,-0.84973013,-1.2981757,-0.35918194,1.5453598,-0.3289193,-1.4480894,-0.5093628,-0.1555316,3.6535695,0.2967104,-3.9870868,-0.8574777,-1.4914451,-3.0085053,1
18.0,18,-1.660429,-2.0374362,-0.72368616,-0.09057763,-1.3625576,-2.49219,0.87020946,-2.5284588,-0.95514053,-2.4508684,0.45138013,1.4847112,-0.0036197277,-1.8486958,-0.36196876,-0.39194056,3.4955099,-0.50475925,9.730442,7.847015,1
18.0,18,-1.6583341,-2.0422416,-0.6896785,-0.10740013,-1.3706244,-2.506716,0.94132113,-2.5091422,-0.97956026,-2.4131107,0.48725736,1.4404306,-0.052076254,-1.8724262,-0.37295192,-0.3807555,3.4181893,-0.52813095,9.657018,7.980004,1
18.0,19,-1.5727518,-2.171302,-0.3137237,-0.050748624,-1.4911898,-2.6636014,1.0086342,-2.6039653,-0.79133606,-1.6871672,0.6997833,1.0062312,-0.591973,-1.7665716,-0.51146895,-0.34514114,2.518111,-0.864746,8.79861,9.443476,0
18.0,19,-1.5733732,-2.2272968,-0.04497746,-0.3267599,-1.4035066,-2.6740024,1.3454827,-2.4466357,-0.8760989,-1.3973582,0.84152776,0.7184545,-0.9406835,-1.7647665,-0.64448756,-0.24942443,2.155647,-1.0228412,8.049801,10.075886,0
18.0,18,-1.6665531,-2.0680864,-0.60267794,-0.18011352,-1.367446,-2.5371482,1.0708443,-2.4799168,-1.0269879,-2.3379087,0.562662,1.3638749,-0.16554168,-1.905544,-0.41170913,-0.35313803,3.307365,-0.5764609,9.479237,8.249884,1
18.0,18,-1.6619024,-2.0455952,-0.6811514,-0.121881336,-1.3655945,-2.5094318,0.95561576,-2.5055385,-0.988358,-2.4127445,0.4938,1.4374765,-0.059420403,-1.8757058,-0.37859035,-0.37853965,3.4213529,-0.52842927,9.642622,7.994051,1
4.0,15,-0.9644658,-3.6921146,-2.6367111,-3.896032,6.612032,2.6096027,4.9202623,2.0639462,-2.5151947,-1.7476852,-2.211673,-0.95388085,-1.4199135,-0.67201364,2.0400817,7.630459,-0.2591769,-2.1172454,-2.7238674,-1.3634953,0
4.0,15,-0.9586485,-3.7070873,-2.6319752,-3.879798,6.5857024,2.5981236,4.876277,2.0351532,-2.5199118,-1.7412586,-2.1916075,-0.93706065,-1.4370573,-0.6841687,2.0527558,7.6784773,-0.2572316,-2.1299345,-2.7207587,-1.3610464,0
4.0,15,-0.9453733,-3.7093475,-2.6330519,-3.8802161,6.5495887,2.602289,4.832071,2.0046153,-2.4969819,-1.7253512,-2.182769,-0.9207787,-1.4397728,-0.6796243,2.0465386,7.7167616,-0.25594157,-2.1501617,-2.7174616,-1.3598454,0
4.0,15,-0.9395305,-3.7392957,-2.62856,-3.8543074,6.5223193,2.577534,4.7545342,1.9573793,-2.5137446,-1.7160004,-2.1411483,-0.8840419,-1.4782709,-0.70501035,2.0727375,7.790621,-0.23677126,-2.1589468,-2.714989,-1.3533926,0
4.0,15,-0.95627743,-3.714953,-2.6299284,-3.8719702,6.574597,2.591911,4.8544,2.0212243,-2.5231826,-1.7382326,-2.1809602,-0.9280981,-1.4463775,-0.69065195,2.0594797,7.7012615,-0.25474334,-2.134745,-2.7195423,-1.3596374,0
4.0,15,-0.9599455,-3.7036965,-2.6329007,-3.8835258,6.59171,2.6004803,4.886188,2.0414567,-2.5188484,-1.742692,-2.1960754,-0.9408639,-1.4331719,-0.6812956,2.0498757,7.6675696,-0.2576797,-2.126942,-2.7215214,-1.3615115,0
5.0,15,-3.0010028,-2.2450194,-2.688341,-1.1921153,0.16823661,3.4695163,3.033998,5.3135314,-0.5050507,-0.6860401,-2.2250092,-0.9346778,-1.1719962,-1.5059527,3.0319836,6.698163,-3.007769,-4.57118,-2.014445,-2.2997897,0
5.0,15,-2.88889,-2.278018,-2.7648761,-1.1472279,0.31748864,3.5203826,2.7919147,5.0135527,-0.7010234,-0.72279483,-2.170595,-0.87202156,-1.3451585,-1.4907521,3.2920675,7.0694327,-3.0050876,-4.604357,-2.0514662,-2.3261263,0
5.0,15,-2.6646233,-2.3054643,-2.829964,-1.1829625,0.5018583,3.6539922,2.2942762,4.419542,-0.7730395,-0.5627282,-2.1718683,-0.8960061,-1.5404923,-1.3679737,3.5993545,7.5965424,-3.0689769,-4.7081494,-2.0626516,-2.253472,0
5.0,15,-2.5161178,-2.355271,-2.917731,-1.1010243,0.7187257,3.6502426,2.0049994,4.06239,-1.0336232,-0.608246,-2.0861716,-0.8066444,-1.7800304,-1.3503644,3.8975284,7.974321,-2.9981205,-4.7216344,-2.1068013,-2.2440743,0
5.0,15,-2.8247297,-2.2964306,-2.809349,-1.1131178,0.4026846,3.5392382,2.648877,4.8385854,-0.8203805,-0.74770164,-2.1340632,-0.8309999,-1.4483397,-1.48006,3.445526,7.273565,-2.9930196,-4.619654,-2.072782,-2.337525,0
5.0,15,-2.9145668,-2.2761652,-2.7496886,-1.1575677,0.29466277,3.5064816,2.8499935,5.0844917,-0.6635287,-0.7163797,-2.181456,-0.883563,-1.3129334,-1.497128,3.2348237,6.99174,-3.0016832,-4.5953083,-2.0485392,-2.3203626,0
3.0,3,-0.28327355,2.1067073,0.018879205,10.910403,-1.5071908,-2.0934865,-1.046242,-0.1798929,-1.7999009,0.12904319,-0.07999159,-0.5474058,-1.2780448,-0.48414233,0.94603306,-2.4383888,-0.83102304,1.3564467,-0.81744444,-0.8116173,1
3.0,3,-0.28950346,2.1055906,0.014560502,10.904618,-1.5034975,-2.0947695,-1.0501161,-0.17931715,-1.8050586,0.13315526,-0.0745722,-0.54655993,-1.2786074,-0.48338112,0.94624573,-2.443765,-0.8286131,1.3772911,-0.818812,-0.81379634,1
3.0,3,-0.29440856,2.1058218,-0.016132489,10.898005,-1.4966156,-2.0938287,-1.0513988,-0.17613254,-1.8098623,0.13444784,-0.073108725,-0.54726285,-1.2731435,-0.490631,0.9559965,-2.4456398,-0.8245851,1.390637,-0.8183532,-0.8156026,1
3.0,3,-0.2912201,2.1045597,-0.07603341,10.901243,-1.492635,-2.1149879,-1.067702,-0.18422185,-1.817037,0.10234104,-0.047226954,-0.50489926,-1.2616104,-0.55231917,0.98542494,-2.4421315,-0.76733875,1.3832088,-0.82141495,-0.8311462,1
3.0,3,-0.287237,2.104368,0.002696544,10.908602,-1.503541,-2.105308,-1.0580306,-0.18301319,-1.807416,0.11866384,-0.061835963,-0.5254147,-1.2763253,-0.5079286,0.95066625,-2.4451313,-0.80192006,1.3757677,-0.8203025,-0.8209459,1
3.0,3,-0.28572968,2.106038,0.013896713,10.908394,-1.5056143,-2.0967054,-1.0499331,-0.18086942,-1.8031433,0.12754406,-0.07443646,-0.5423257,-1.2777107,-0.48931178,0.9485342,-2.4407961,-0.8241756,1.3653022,-0.81881714,-0.8143555,1
10.0,10,-0.22399354,-1.5735956,-2.0336359,0.43117446,-1.2336597,-0.55995077,-1.4998199,-2.2581089,-2.0769968,-1.4022461,6.528949,-0.33050108,-1.2346215,-0.34359804,3.408136,5.8928757,-1.8266594,0.905807,-1.9445997,-1.1312964,1
10.0,10,-0.22186142,-1.502699,-1.9908774,0.458521,-1.2496768,-0.5180318,-1.538465,-2.2459257,-2.0722466,-1.3708831,6.6503687,-0.2919448,-1.349141,-0.39209753,3.4397242,5.892185,-1.7890495,0.8527783,-2.0118532,-1.1522537,1
10.0,15,-0.1007344,-1.2294945,-2.0755997,0.59397095,-1.3926654,0.1755492,-1.5011938,-1.988511,-1.7893702,-1.3550833,6.2413583,-0.29803327,-1.7745754,-0.41094944,3.7464857,6.483482,-1.7863206,-0.7015494,-2.1730638,-1.3314342,0
10.0,10,-0.1369107,-1.0776649,-1.9513303,0.6540819,-1.438013,0.20261747,-1.5914168,-1.9786097,-1.7889206,-1.3077826,6.53414,-0.1917798,-1.9813993,-0.5010854,3.805075,6.359579,-1.6595541,-0.6689083,-2.3127313,-1.3824435,1
10.0,10,-0.2257772,-1.4705765,-1.9676365,0.47078824,-1.2531134,-0.5122838,-1.5612063,-2.245005,-2.077191,-1.3564104,6.7212486,-0.27103442,-1.3982484,-0.4160197,3.45106,5.8712854,-1.7651975,0.8674206,-2.0430572,-1.1611906,1
10.0,10,-0.22390012,-1.5067638,-1.9913697,0.45732144,-1.2478037,-0.5270546,-1.53843,-2.2488527,-2.0763357,-1.3729489,6.649133,-0.29328954,-1.3401005,-0.39015052,3.4366658,5.8831677,-1.789775,0.87486696,-2.0077958,-1.1511343,1
2.0,9,-1.297354,-0.9580603,0.93312746,-1.1099975,-2.7482877,-1.5953091,-2.5453901,-2.471105,2.8665435,9.9585905,-0.54706234,-2.9135423,0.74749565,-0.1383701,-1.7900515,-1.2591631,-3.1762319,0.36318418,-0.6308365,5.0610604,0
2.0,9,-1.296264,-0.9592931,0.93207324,-1.1098615,-2.746295,-1.5966245,-2.5418837,-2.4727738,2.864255,9.956116,-0.54507947,-2.9133742,0.74667907,-0.13812916,-1.7923479,-1.2616994,-3.1744342,0.36298087,-0.62808573,5.071418,0
2.0,9,-1.2933693,-0.9660653,0.93583596,-1.1121186,-2.7465816,-1.6041496,-2.5334358,-2.4754114,2.8598154,9.94866,-0.54094803,-2.911456,0.74161184,-0.14169046,-1.7947509,-1.2607539,-3.1734192,0.35465336,-0.619141,5.0980062,0
2.0,9,-1.292291,-0.9589393,0.9380229,-1.1164442,-2.744582,-1.6006198,-2.5440066,-2.467068,2.858028,9.959747,-0.5465602,-2.9151335,0.7425525,-0.14269967,-1.7806171,-1.2482058,-3.1849692,0.35776925,-0.63903415,5.050872,0
2.0,9,-1.2953774,-0.959405,0.9319224,-1.1106123,-2.7446244,-1.5972447,-2.5407395,-2.4726167,2.862146,9.955857,-0.5444675,-2.9136791,0.7458988,-0.13827895,-1.7917036,-1.2613384,-3.1749103,0.36291763,-0.6290033,5.072235,0
2.0,9,-1.2964543,-0.9587392,0.93218017,-1.1101271,-2.7465055,-1.5961386,-2.5428896,-2.472038,2.8646734,9.957018,-0.54567176,-2.9135878,0.74691117,-0.13817294,-1.7913706,-1.2607594,-3.175266,0.363141,-0.6295724,5.0675964,0
7.0,6,-1.8911564,1.2833651,-2.186844,-1.4382756,0.7766338,2.2477822,9.862973,5.4379573,-0.78618014,-1.9057243,-2.2859125,-1.406255,-0.105200425,-1.4592942,0.27194315,-0.43679467,0.16516559,-3.6720707,-0.40089068,-0.21300952,0
7.0,6,-1.8838198,1.2891003,-2.1962104,-1.4418073,0.7989485,2.2744305,9.857408,5.4497247,-0.79510444,-1.9114075,-2.2893786,-1.4014813,-0.12393291,-1.463638,0.2984923,-0.41469502,0.1544589,-3.6737447,-0.42813334,-0.2326984,0
7.0,6,-1.8396173,1.3896481,-2.2595115,-1.4778154,0.89893734,2.540387,9.790864,5.48753,-0.7431353,-1.8994355,-2.392497,-1.4489174,-0.15724398,-1.3807575,0.46923703,-0.31045952,-0.011063755,-3.7215528,-0.5778847,-0.3741944,0
7.0,6,-1.8244609,1.402338,-2.280914,-1.4949892,0.95057446,2.6079915,9.771954,5.5069985,-0.75193197,-1.9037653,-2.4109309,-1.4459358,-0.19284971,-1.3747613,0.5237017,-0.26654968,-0.032514125,-3.724649,-0.6364142,-0.41349256,0
7.0,6,-1.8751254,1.2975932,-2.2057414,-1.4441519,0.81995976,2.303765,9.850889,5.461312,-0.8019075,-1.917216,-2.294137,-1.3984158,-0.14082368,-1.4669079,0.3262772,-0.39204302,0.13909774,-3.6768277,-0.45583662,-0.25466865,0
7.0,6,-1.8859974,1.286287,-2.1931424,-1.441227,0.79356915,2.2646308,9.8595915,5.446042,-0.79417634,-1.910058,-2.2872927,-1.4016559,-0.12004049,-1.4634516,0.29024076,-0.4205447,0.15982316,-3.6723616,-0.42058617,-0.2260047,0
7.0,6,-2.1609674,-1.60848,-1.8278322,-1.0999125,0.046287134,1.7174547,8.776967,7.815584,-1.5520474,-2.3995762,-1.4754932,-1.0988,-0.1863938,-2.8479526,-1.4969498,0.304754,-0.54415566,-3.0071213,-0.6688602,1.5306479,0
7.0,6,-2.167241,-1.6127168,-1.8246561,-1.0930443,0.038358033,1.7212133,8.748054,7.842335,-1.549077,-2.3930254,-1.4697751,-1.0873542,-0.20492761,-2.8492558,-1.4949247,0.3137736,-0.5485806,-3.000282,-0.69766283,1.5053179,0
7.0,6,-2.2102735,-1.6364015,-1.8421146,-0.9748171,0.041808546,1.7359159,8.579664,7.948774,-1.6211128,-2.3951848,-1.4255682,-0.9650147,-0.50374126,-2.8955264,-1.408764,0.49969324,-0.51056904,-3.0826063,-0.77546895,1.5493491,0
7.0,6,-2.1867058,-1.6389688,-1.8549469,-1.0243006,0.086670466,1.713186,8.71318,7.8293285,-1.6268824,-2.409302,-1.4490975,-1.015383,-0.42187417,-2.8928287,-1.4281728,0.45619205,-0.4907171,-3.1014469,-0.6589085,1.6886898,0
7.0,6,-2.175956,-1.6118238,-1.8183726,-1.07108,0.02440646,1.7278712,8.696183,7.8918004,-1.548013,-2.3834622,-1.458706,-1.065639,-0.24994595,-2.8531182,-1.486473,0.33421585,-0.5563659,-2.9967787,-0.74956286,1.4587655,0
7.0,6,-2.166699,-1.606711,-1.823372,-1.0846277,0.037072603,1.7219455,8.743683,7.8477015,-1.5525005,-2.393522,-1.4673235,-1.0841467,-0.21895693,-2.8513803,-1.491245,0.31797835,-0.54739624,-3.0058928,-0.70152116,1.5023801,0
13.0,13,-1.481343,-0.5836978,-0.83151823,-0.9481817,-0.40054846,-0.20820041,-2.5667682,-2.5264957,-0.25341865,0.09473231,-1.1824069,-1.120985,0.70910186,10.891758,1.539702,-1.4006094,-0.26842642,-0.5208875,1.6335567,-0.3191151,1
13.0,13,-1.4751412,-0.5397625,-0.8539123,-1.0705017,-0.316594,-0.12870388,-2.5628085,-2.4386537,-0.2211469,0.28202075,-1.2225262,-1.2584497,0.8640288,10.972919,1.6329066,-1.411558,-0.5170106,-0.4442052,1.1998771,-0.635446,1
13.0,13,-1.711393,-0.7932462,-0.96267945,-1.0407661,-0.48111948,-0.38167548,-2.6559544,-2.8775766,-0.06952763,0.9566045,-1.217493,-1.3626652,0.8149106,10.744416,1.6729269,-1.473006,-0.6510038,-0.683086,1.790427,0.52383596,1
13.0,13,-1.742992,-0.67954654,-1.1289861,-1.4169514,-0.20473456,-0.26356232,-2.790769,-2.820895,0.049890984,1.8853443,-1.3161453,-1.8053422,1.2021701,10.704087,2.1571076,-1.4241476,-1.492229,-0.5002963,0.6430291,-0.13552782,1
13.0,13,-1.4880636,-0.5216551,-0.88753355,-1.1750095,-0.26643357,-0.08676739,-2.5563624,-2.401666,-0.19592983,0.45339173,-1.2457553,-1.3807263,0.9933926,11.004034,1.7222216,-1.4122254,-0.73734754,-0.3841507,0.91315544,-0.80320495,1
13.0,13,-1.4847819,-0.55549794,-0.8477973,-1.0532962,-0.3398422,-0.14883423,-2.5521235,-2.4633195,-0.2299815,0.24530277,-1.2102996,-1.2388965,0.84320146,10.959972,1.6172384,-1.4097092,-0.48019296,-0.4586405,1.2822994,-0.550922,1
4.0,15,-3.0112123,-2.4851966,-2.442346,-3.053864,3.1791947,3.3326385,2.7313333,2.9024453,-0.28313825,1.0203586,-3.1631227,-1.853099,-1.6791996,0.3954916,3.6180801,7.5590982,-2.246201,-3.990267,-3.306476,-2.0502467,0
4.0,15,-2.977332,-2.520297,-2.4361632,-3.0199425,3.1437335,3.3018706,2.6614518,2.8143165,-0.32521194,1.0058453,-3.1067996,-1.8113025,-1.7182915,0.35619137,3.638218,7.6762958,-2.2300003,-4.0114946,-3.2840004,-2.0252872,0
4.0,15,-2.9527314,-2.5300162,-2.4369073,-3.0338805,3.1062472,3.3351917,2.572908,2.7367787,-0.24409918,1.048424,-3.096935,-1.8045998,-1.7028244,0.37769523,3.6037896,7.7186956,-2.2279835,-4.029576,-3.2689865,-2.0208619,0
4.0,15,-2.8611982,-2.6079733,-2.4412448,-2.9592845,3.0885158,3.270024,2.407918,2.55495,-0.38141415,1.006107,-2.9466052,-1.6956065,-1.8406024,0.26069382,3.6854477,7.982736,-2.16138,-4.0609384,-3.2349255,-1.9577229,0
4.0,15,-2.9589717,-2.5395553,-2.4342628,-3.0018685,3.1299238,3.2854793,2.6253483,2.7698257,-0.35178185,0.99641824,-3.0754752,-1.7877043,-1.7426131,0.33293557,3.651261,7.7381516,-2.2186484,-4.0211906,-3.273073,-2.0115097,0
4.0,15,-2.9847286,-2.512186,-2.4371686,-3.02763,3.1514492,3.3080137,2.6768029,2.8333597,-0.31601936,1.0093305,-3.1194525,-1.8208213,-1.7093577,0.36532268,3.6339822,7.650226,-2.2339795,-4.006652,-3.2891395,-2.030745,0
1.0,8,6.804249,4.3864694,3.6381981,-0.15210955,-2.6535878,-0.11941832,-2.643124,-0.59052336,7.008915,3.638415,-0.86067647,-3.2526987,-0.27095014,-0.49501017,-3.1407344,-0.84662783,-2.9428926,-2.8390684,-1.6953846,-2.5528712,0
1.0,8,6.807396,4.3871117,3.6377819,-0.15179119,-2.652184,-0.11913021,-2.642627,-0.5894035,7.006171,3.6354322,-0.86020756,-3.2523882,-0.27293715,-0.49526277,-3.139461,-0.8451955,-2.9423597,-2.8404567,-1.6958269,-2.5542786,0
1.0,8,6.7980647,4.384159,3.6372435,-0.15344185,-2.6544108,-0.11696367,-2.6436448,-0.58974034,7.014113,3.6321054,-0.86049485,-3.2486448,-0.27444378,-0.491653,-3.137448,-0.8467581,-2.9377615,-2.8422976,-1.6916088,-2.554678,0
1.0,8,6.8291993,4.3941026,3.635138,-0.15071075,-2.6397486,-0.114124656,-2.6374013,-0.57942253,6.9850593,3.605396,-0.85284656,-3.246094,-0.29304227,-0.49767545,-3.1251185,-0.83144426,-2.9352586,-2.8549812,-1.6999682,-2.5667346,0
1.0,8,6.8091807,4.387587,3.6375995,-0.15162092,-2.6513906,-0.11899546,-2.6422904,-0.5887696,7.0045724,3.6338172,-0.85995966,-3.252253,-0.27404007,-0.49544495,-3.138785,-0.8444179,-2.9421182,-2.8412104,-1.6961277,-2.5550046,0
1.0,8,6.805339,4.386675,3.6380627,-0.15200074,-2.6531658,-0.11939488,-2.6429362,-0.5901187,7.0080023,3.6374216,-0.86071736,-3.252653,-0.27161112,-0.49497393,-3.1403928,-0.8462693,-2.9426875,-2.8395278,-1.6954101,-2.553299,0
1.0,1,-0.069674,11.051594,-0.57768464,1.0056467,-2.477329,0.5003509,-0.6377797,-1.2152134,-0.6691714,1.9445018,-0.24130888,-1.0524976,-0.33844024,0.40251392,2.7227664,-0.64621854,-3.6612077,0.6288113,-1.0387319,-2.8526366,1
1.0,1,-0.06379616,11.051805,-0.5771436,1.0078007,-2.4774773,0.4987004,-0.63942206,-1.2167013,-0.6697029,1.9412391,-0.23861824,-1.05119,-0.3414724,0.3940923,2.7279265,-0.6416568,-3.6616564,0.6250474,-1.0383539,-2.8523183,1
1.0,1,-0.04733209,11.058293,-0.5701397,1.0096315,-2.4842799,0.4992877,-0.6442385,-1.222538,-0.65215576,1.9481002,-0.23675182,-1.055635,-0.33541688,0.38712585,2.70541,-0.64276624,-3.663065,0.6222242,-1.0355637,-2.8508103,1
1.0,1,-0.025431428,11.054705,-0.57466954,1.020869,-2.4809391,0.49176985,-0.66097677,-1.2308161,-0.6700666,1.902887,-0.21362492,-1.024568,-0.3665591,0.32974702,2.7814987,-0.59372455,-3.6581478,0.5777851,-1.0264509,-2.8521895,1
1.0,1,-0.060343,11.051849,-0.577024,1.0092821,-2.4774227,0.49760976,-0.640566,-1.2175857,-0.6705354,1.9383756,-0.23674701,-1.0497004,-0.34388193,0.3883305,2.7324734,-0.63811713,-3.6616976,0.6219594,-1.0379038,-2.8521,1
1.0,1,-0.06649013,11.051723,-0.57737315,1.0069444,-2.4773502,0.49930933,-0.6384895,-1.2159481,-0.669614,1.9427245,-0.23990794,-1.051826,-0.34018844,0.3978821,2.725451,-0.6438381,-3.661437,0.62683964,-1.0385672,-2.8523283,1
12.0,8,-1.396789,-0.9484616,1.779119,-0.96454793,-4.29584,0.7272833,-3.6178257,-2.9365027,8.938985,5.5541196,-2.2692974,-1.935146,6.7271094,2.5077946,-2.8081114,-1.8364677,-2.828005,-0.5066135,2.5243533,-0.79384536,0
12.0,8,-1.3698001,-0.9349935,1.8015654,-0.96951574,-4.3078594,0.7255595,-3.6355488,-2.9383671,8.951444,5.5659,-2.2543488,-1.934344,6.685029,2.4732192,-2.7996504,-1.8055248,-2.838724,-0.5237283,2.5075915,-0.79777825,0
12.0,8,-1.3969017,-0.9604109,1.7789586,-0.92414045,-4.300118,0.66234136,-3.701016,-2.9344463,9.134014,5.5974045,-2.2009115,-1.863435,6.4307847,2.3703766,-2.871483,-1.8544873,-2.6960123,-0.53319263,2.5868173,-0.7136916,0
12.0,8,-1.2204474,-0.88750845,1.8692248,-0.9938831,-4.2954354,0.73321474,-3.7634447,-2.9220786,9.108898,5.6818256,-2.1206405,-1.914096,6.283305,2.2468605,-2.814119,-1.6561555,-2.7915115,-0.59511477,2.3602674,-0.79292625,0
12.0,8,-1.3425733,-0.92285323,1.8205146,-0.9769081,-4.3152914,0.7277404,-3.6506023,-2.9399006,8.957971,5.578547,-2.2395077,-1.9366745,6.6489196,2.4436722,-2.790881,-1.7731115,-2.8504858,-0.5383674,2.4851267,-0.80345476,0
12.0,8,-1.3750042,-0.93678606,1.7979624,-0.9684578,-4.306542,0.72538584,-3.6316023,-2.93863,8.948346,5.563386,-2.2578578,-1.9350423,6.6946573,2.480725,-2.8010228,-1.8118652,-2.837717,-0.52060366,2.5112388,-0.7967929,0
18.0,18,-1.6942978,-2.1500015,-0.4758068,0.7130692,-1.8696655,-2.5727491,-0.5726954,-3.063644,0.32022342,-1.1933178,-0.061244454,1.0917096,-0.08596412,-1.1264846,-0.64174753,-0.63520855,2.7639084,-0.798427,9.953057,8.432886,1
18.0,18,-1.6905879,-2.1513786,-0.45511717,0.70172566,-1.8691121,-2.582595,-0.52901566,-3.050443,0.2922387,-1.18674,-0.032180183,1.0757918,-0.117892995,-1.1664877,-0.6451189,-0.6269962,2.7375238,-0.8046407,9.904706,8.506981,1
18.0,18,-1.695784,-2.1730893,-0.3661224,0.7647242,-1.9602621,-2.643072,-0.5191882,-3.0929005,0.4505174,-0.9682394,-0.003950904,1.0225909,-0.25248313,-1.1465222,-0.6812932,-0.63758034,2.49868,-0.9214114,9.741211,8.8246,1
18.0,18,-1.8672541,-2.1845307,-0.20515215,0.5924794,-2.0190105,-2.7107344,-0.39456615,-3.0564902,0.54038376,-0.6202091,0.0067843916,0.8866107,-0.32866514,-1.2795312,-0.7886039,-0.5933967,2.325507,-0.963389,9.673401,9.084237,1
18.0,18,-1.6991361,-2.1537447,-0.4154053,0.67859995,-1.8741683,-2.604463,-0.4687538,-3.0369503,0.27282846,-1.1339492,0.00042452756,1.037672,-0.16280265,-1.2258183,-0.65594035,-0.6116367,2.6720498,-0.81944436,9.84066,8.630385,1
18.0,18,-1.6924428,-2.152327,-0.44852158,0.696674,-1.8695513,-2.5873816,-0.5225311,-3.05064,0.29135367,-1.1754534,-0.028806593,1.0687953,-0.12163094,-1.1734247,-0.64849114,-0.62621313,2.729005,-0.80559534,9.898431,8.523964,1
18.0,18,-1.7964082,-1.708352,-0.8462945,1.3672665,-2.8790479,-1.887513,-0.7972666,-2.5130715,2.129665,-0.9809049,-0.08811,2.0492988,-0.76343024,-1.8311152,-0.5057353,-0.19011672,1.7858313,-1.7090641,9.642504,7.8117285,1
18.0,18,-1.7965518,-1.7088649,-0.8453497,1.3674898,-2.8799956,-1.8885559,-0.79595995,-2.513557,2.128905,-0.9795634,-0.08521211,2.04969,-0.7657593,-1.832126,-0.5058014,-0.18971197,1.7847279,-1.7104642,9.638794,7.8165236,1
18.0,18,-1.8028655,-1.732082,-0.82211983,1.3812774,-2.9056306,-1.9238032,-0.78597766,-2.5327528,2.145295,-0.94651973,-0.023595016,2.1012669,-0.8135467,-1.8391296,-0.5234879,-0.20975353,1.7767711,-1.7373222,9.544918,7.9148493,1
18.0,18,-1.8053112,-1.7022438,-0.8411259,1.3484248,-2.8977458,-1.8668169,-0.7851936,-2.5082858,2.1919925,-0.94363433,-0.08618677,2.037129,-0.790955,-1.8527731,-0.50180954,-0.15964489,1.7272271,-1.7554889,9.595897,7.8522544,1
18.0,18,-1.7986454,-1.7064025,-0.84312516,1.3618338,-2.8854504,-1.8830298,-0.78958595,-2.5119903,2.1435847,-0.96800625,-0.083130665,2.0424128,-0.77407295,-1.839729,-0.5041767,-0.17945129,1.7648934,-1.7243701,9.624931,7.832397,1
18.0,18,-1.7976282,-1.7069782,-0.84428585,1.3638932,-2.8826027,-1.8845217,-0.79240894,-2.512143,2.1375885,-0.97343624,-0.08558797,2.0443666,-0.7697826,-1.8365197,-0.50464165,-0.18339026,1.7731597,-1.7180569,9.632542,7.8237505,1
2.0,2,-0.06398165,-0.93948835,10.60809,1.3817499,-3.5300007,-2.4216785,-0.60609365,-1.0834789,3.6417117,-0.0030047446,-0.8579163,-0.6573212,1.4532509,1.6177348,-2.3425255,-2.4333782,-0.5719943,-1.9351591,1.2102942,-0.5054791,1
2.0,2,-0.06393331,-0.94008136,10.607818,1.3859007,-3.532039,-2.4239209,-0.6089664,-1.0841769,3.645401,-4.234165e-05,-0.85915047,-0.65488327,1.4520744,1.6158174,-2.3451002,-2.4365551,-0.5720918,-1.9331574,1.2169085,-0.5032823,1
2.0,2,-0.065292984,-0.9407143,10.605402,1.3894833,-3.5360725,-2.4251816,-0.6102871,-1.0868926,3.6495593,-0.0020339042,-0.8608615,-0.6519933,1.4547883,1.616147,-2.3440757,-2.4354281,-0.57317626,-1.9373522,1.2280092,-0.5016817,1
2.0,2,-0.06574589,-0.9372652,10.611559,1.3475814,-3.5194886,-2.4061453,-0.58886725,-1.0800773,3.62423,-0.019018203,-0.8488461,-0.66922796,1.4647368,1.634167,-2.3250973,-2.4085317,-0.57663095,-1.953376,1.1579318,-0.5234891,1
2.0,2,-0.06393953,-0.93965566,10.608863,1.3815979,-3.5308006,-2.4225695,-0.606975,-1.0837668,3.643749,-0.00072431564,-0.8577578,-0.6563896,1.4529136,1.6176697,-2.3437417,-2.4342191,-0.572999,-1.9350394,1.2099056,-0.50485903,1
2.0,2,-0.063998684,-0.93972605,10.608158,1.3836173,-3.531058,-2.422832,-0.60757226,-1.0839497,3.6436524,-0.0010936707,-0.8584345,-0.656209,1.4524306,1.6168574,-2.3439162,-2.434974,-0.57211953,-1.93423,1.2132616,-0.5041279,1
18.0,19,-1.4726199,-2.1784706,-0.011005331,0.7793279,-1.7793748,-2.8804355,0.3949345,-2.906849,-0.70533854,-1.0620459,0.2738249,0.57185787,-0.21006347,-0.94585615,-0.7723457,-0.7942132,2.144183,-0.7860304,9.158274,9.4485855,0
18.0,19,-1.4707344,-2.1782627,-0.024799269,0.7782881,-1.7796224,-2.8744159,0.374471,-2.914705,-0.6977567,-1.0810527,0.27461386,0.5876247,-0.21033157,-0.93201566,-0.76530796,-0.79413515,2.1640377,-0.7847997,9.166889,9.431162,0
18.0,19,-1.4620178,-2.1920042,0.11366767,0.7779733,-1.8350952,-2.953371,0.43837205,-2.9229023,-0.5967832,-0.81571114,0.35779798,0.48966184,-0.3472858,-1.0079582,-0.8272901,-0.79317516,1.8919054,-0.8694314,8.909447,9.786806,0
18.0,19,-1.4646015,-2.2420168,0.41373953,0.47460943,-1.7008598,-3.0432017,1.0389824,-2.6827137,-0.91371953,-0.6153859,0.56186116,0.27493817,-0.45867386,-1.3714377,-0.9846464,-0.7668482,1.6433202,-0.88985294,8.281606,10.291646,0
18.0,19,-1.4682689,-2.1862643,0.017383892,0.73482364,-1.7668517,-2.894735,0.44853327,-2.8926861,-0.73225045,-1.050929,0.31580496,0.56269026,-0.23517951,-0.9921266,-0.78466696,-0.78882086,2.1228101,-0.7918974,9.079784,9.530019,0
18.0,19,-1.4698962,-2.181036,-0.010653492,0.7658295,-1.775044,-2.881202,0.4009162,-2.9064376,-0.7118183,-1.0696135,0.2864249,0.57590115,-0.21741448,-0.95092314,-0.77260566,-0.792923,2.15001,-0.7862107,9.139094,9.463198,0
19.0,19,-1.6489621,-2.390064,0.7825311,-0.21526979,-1.8879876,-2.853509,1.2289164,-2.5057597,-0.2679875,0.23374802,0.57997376,0.07305598,-0.93914306,-1.4523548,-1.3305347,-0.5798283,1.2053801,-1.2577077,7.3773165,11.035302,1
19.0,19,-1.6468102,-2.3861332,0.80955917,-0.24627759,-1.8887779,-2.839687,1.2791268,-2.4694595,-0.27464524,0.25399616,0.5864973,0.051062744,-0.97948056,-1.4516441,-1.3395365,-0.5640362,1.1651756,-1.286312,7.2807465,11.070828,1
19.0,19,-1.6108242,-2.3901806,0.79916644,-0.23298085,-1.8867844,-2.8384862,1.2474787,-2.487365,-0.20793355,0.3241014,0.58405524,0.0075281756,-1.0017465,-1.4194456,-1.3379647,-0.5695272,1.0603111,-1.301872,7.156991,11.154382,1
19.0,19,-1.7136073,-2.3897989,1.1018817,-0.46708858,-2.092025,-2.7093828,1.4406686,-2.2516744,0.027417336,0.73077613,0.5632083,-0.15673344,-1.2688372,-1.3312752,-1.4796895,-0.50007045,0.73074967,-1.5570407,6.4682665,11.3541565,1
19.0,19,-1.6526059,-2.3833764,0.8599884,-0.29602242,-1.9051912,-2.8197255,1.3397437,-2.4212983,-0.260785,0.31034583,0.59212536,0.017671516,-1.0395174,-1.4425849,-1.3601749,-0.54475653,1.1015754,-1.3334504,7.1327972,11.126506,1
19.0,19,-1.6456258,-2.3865154,0.81187755,-0.24740821,-1.8884858,-2.8408358,1.2809914,-2.4689481,-0.27553213,0.25701857,0.58841467,0.049236927,-0.9799798,-1.4518038,-1.3412904,-0.56526226,1.1627412,-1.2859242,7.2741375,11.074151,1
1.0,0,8.569093,6.7480288,2.1874797,-0.10680492,-1.3703933,0.3717421,-0.53368455,-0.9420243,2.2394395,2.3237693,-1.6629939,-4.3491197,1.1095253,-0.2820516,-2.4562075,0.9387414,-4.506591,-1.9468724,-2.3312268,-2.5703435,0
1.0,0,8.592953,6.7382684,2.1878574,-0.1010123,-1.364562,0.36682004,-0.53463274,-0.936175,2.2334323,2.313762,-1.6581005,-4.345426,1.100514,-0.29799142,-2.4570348,0.9418403,-4.5006967,-1.9553593,-2.326576,-2.5673604,0
1.0,0,8.611379,6.7369814,2.1915622,-0.09654511,-1.3665106,0.3636038,-0.5398182,-0.93398225,2.246683,2.311158,-1.6556405,-4.342326,1.1022239,-0.31175855,-2.4691217,0.92600435,-4.492069,-1.9561061,-2.3150942,-2.562839,0
1.0,0,8.691516,6.70475,2.1875954,-0.079138294,-1.3372778,0.34744278,-0.5408645,-0.91395974,2.2098463,2.271227,-1.6336982,-4.323781,1.0552374,-0.36743367,-2.4601703,0.9566369,-4.4681706,-1.9908454,-2.3061771,-2.5525415,0
1.0,0,8.603839,6.733969,2.1878695,-0.09840811,-1.3615842,0.36451134,-0.534937,-0.9334866,2.2301078,2.3090034,-1.6556787,-4.3435397,1.0958723,-0.30541256,-2.4571,0.943761,-4.497861,-1.9593385,-2.3246305,-2.5658827,0
1.0,0,8.581387,6.7432036,2.1877513,-0.10379319,-1.3674185,0.36906132,-0.53406084,-0.93901837,2.2362912,2.3186345,-1.660493,-4.347261,1.1049408,-0.29027182,-2.456765,0.9400288,-4.503567,-1.9510916,-2.3287482,-2.5686364,0
3.0,3,-0.39184317,2.0994408,-0.028219938,11.223058,-1.7198666,-1.8791548,-0.930983,-0.18215829,-1.4651504,0.00080301985,-0.5448621,-0.20645128,-1.3248528,-0.7206438,1.3389293,-2.055891,-0.9093321,0.24282506,-0.517894,-0.68764627,1
3.0,3,-0.39614794,2.1020963,-0.029514503,11.220418,-1.7183429,-1.8804022,-0.9340717,-0.18319716,-1.4689234,0.007850513,-0.5425892,-0.20691624,-1.3284352,-0.7174364,1.3420855,-2.0587509,-0.91198564,0.25267282,-0.51899374,-0.6873994,1
3.0,3,-0.40052262,2.1036751,-0.05270316,11.2161665,-1.7137123,-1.8793728,-0.93826085,-0.18318057,-1.4722803,0.012442963,-0.5420469,-0.2072409,-1.3266081,-0.72046006,1.3520863,-2.0588121,-0.91005516,0.26103672,-0.5197332,-0.68852574,1
3.0,3,-0.3951776,2.0963547,-0.09673096,11.2250595,-1.7117509,-1.8876799,-0.95910525,-0.19023642,-1.4701443,-0.012270963,-0.530058,-0.16991632,-1.3087147,-0.7511021,1.3517654,-2.054135,-0.8669123,0.26218283,-0.5230206,-0.70702595,1
3.0,3,-0.39211676,2.0989182,-0.039249033,11.228659,-1.7191741,-1.8849427,-0.9438163,-0.18610285,-1.4660707,-0.004768733,-0.5364485,-0.18501143,-1.3228141,-0.73095584,1.3330058,-2.0582395,-0.8907399,0.25280273,-0.5195682,-0.6962754,1
3.0,3,-0.39342293,2.0998814,-0.030711554,11.222409,-1.7192159,-1.8805865,-0.93403286,-0.18348062,-1.4669746,0.0018469114,-0.54263705,-0.20402496,-1.3254492,-0.7210671,1.3408132,-2.0567472,-0.9073709,0.24733981,-0.51886714,-0.6890735,1
5.0,5,-2.7194676,-0.4811656,-2.979366,-2.2631168,1.2804626,8.800868,0.6976097,4.1887217,0.30621216,0.23716411,-3.2362134,-2.084635,1.5936182,0.44310096,3.7348056,1.5874852,-3.0539532,-1.1117753,-0.8704562,-3.003909,1
5.0,5,-2.567835,-0.5273058,-3.0040674,-2.3323538,1.6124289,8.90495,0.5312535,4.076075,0.12893838,0.24331751,-3.2122135,-2.1272614,1.4153945,0.3551537,3.9218524,1.8013103,-3.0651815,-0.97829133,-0.998994,-3.027805,1
5.0,5,-2.4870267,-0.7171695,-2.8208206,-2.3600357,1.5033268,8.945702,-0.028590001,3.4409997,0.59946054,0.9548655,-3.255213,-2.2776196,1.4883739,0.50513387,3.5752976,1.8691522,-3.0356135,-0.99128103,-0.8520763,-2.6074932,1
5.0,5,-2.009482,-0.8392596,-2.944985,-2.5635412,2.4727106,9.172199,-0.24330045,3.35131,0.0358248,0.9233222,-3.1454923,-2.41284,1.0025672,0.18381634,3.9176543,2.36503,-3.0013263,-0.5891796,-1.2565719,-2.6818678,1
5.0,5,-2.4663038,-0.55444807,-3.0214686,-2.3755605,1.8320111,8.96542,0.4358742,4.015314,0.0056565525,0.23813075,-3.1919184,-2.1520302,1.2964922,0.29631352,4.0380306,1.9342463,-3.0676491,-0.8888183,-1.0879441,-3.0472572,1
5.0,5,-2.5957382,-0.51997364,-3.0041368,-2.3238003,1.5616722,8.886308,0.5691362,4.1037507,0.15352285,0.23657194,-3.2162657,-2.1201646,1.4475398,0.36881065,3.894333,1.7649399,-3.0658457,-0.99809486,-0.98037064,-3.028719,1
18.0,18,-1.8880856,-1.5831379,-1.682285,1.2183228,-2.600568,-1.2501553,-1.0593127,-2.052226,2.3907692,-2.5590582,-0.6097458,3.1476347,0.09661137,-1.9505702,-0.03513024,-0.13256483,3.2391455,-1.5260826,10.018607,4.824237,1
18.0,18,-1.887203,-1.5886157,-1.6795045,1.219206,-2.5964835,-1.2589242,-1.0582145,-2.056916,2.3750362,-2.561679,-0.6024597,3.1560524,0.08973537,-1.9470981,-0.03953784,-0.13920724,3.2551415,-1.5189089,10.017822,4.834061,1
18.0,18,-1.8978773,-1.5873824,-1.6933829,1.2250541,-2.6104808,-1.2462223,-1.047305,-2.058723,2.3833323,-2.5474312,-0.58481336,3.1633039,0.069165364,-1.9617698,-0.022892937,-0.112473935,3.2226303,-1.5520649,9.995995,4.8730917,1
18.0,18,-1.8963097,-1.5521586,-1.7059681,1.2086936,-2.6245239,-1.1933333,-1.0626649,-2.029031,2.4645414,-2.547405,-0.634594,3.10537,0.12420359,-1.9740682,-0.0016917903,-0.0825658,3.1574035,-1.5736552,10.012013,4.779636,1
18.0,18,-1.8879639,-1.5859274,-1.6833935,1.2183052,-2.5979528,-1.2537702,-1.0560955,-2.055161,2.3756206,-2.5622556,-0.6013914,3.1507885,0.092023104,-1.9506377,-0.03490875,-0.13302523,3.2480881,-1.5231704,10.017295,4.83429,1
18.0,18,-1.887615,-1.586486,-1.680493,1.218763,-2.598325,-1.2553899,-1.058297,-2.055191,2.38075,-2.5609303,-0.6044426,3.1526015,0.091931805,-1.9488633,-0.03755945,-0.13627708,3.2489636,-1.5220667,10.017645,4.831162,1
16.0,16,-2.1895504,-3.5617695,-1.5299733,-0.3063521,1.1138111,-2.579198,-0.520655,-0.5780269,-1.4617833,-3.5601773,2.4604163,9.161581,-1.7406278,-2.1902223,-1.3117732,-0.76864886,9.212858,2.2566743,-0.33412454,-1.3217276,1
16.0,16,-2.2084932,-3.5426564,-1.5073287,-0.27097246,1.0476274,-2.5953112,-0.53220767,-0.5933705,-1.4400264,-3.5519016,2.5629318,9.188982,-1.7487583,-2.2044518,-1.3277053,-0.7847452,9.200808,2.2667694,-0.35578886,-1.3146256,1
16.0,16,-2.2193875,-3.5271382,-1.4921255,-0.29560173,1.0259798,-2.586013,-0.5401673,-0.62587804,-1.4194881,-3.5479667,2.590426,9.146793,-1.7626331,-2.1783462,-1.3417319,-0.78665084,9.258711,2.2511764,-0.35899928,-1.3081173,1
16.0,16,-2.2418532,-3.501026,-1.4639992,-0.24685468,0.9417644,-2.6029632,-0.5525356,-0.6433555,-1.3923175,-3.5367954,2.71079,9.184811,-1.7755234,-2.1959097,-1.3547523,-0.8024438,9.237041,2.2502172,-0.38663676,-1.2999811,1
16.0,11,-2.220781,-3.529536,-1.4916966,-0.24602273,1.0027823,-2.6055915,-0.53992504,-0.60329497,-1.4254086,-3.5461743,2.6301956,9.207712,-1.7546684,-2.2143314,-1.3370748,-0.7948189,9.191432,2.271367,-0.37014762,-1.3102447,0
16.0,16,-2.2075677,-3.5437186,-1.5084065,-0.27240252,1.051072,-2.5949066,-0.53180575,-0.5927462,-1.4409847,-3.5522156,2.5587373,9.187745,-1.7482052,-2.2037265,-1.3272899,-0.78421825,9.20107,2.2670794,-0.35527954,-1.3150907,1
7.0,7,-1.4956236,-2.0053132,-2.1340044,-0.7104798,1.378984,2.878001,5.942651,8.655048,-2.3715377,-2.1868477,-1.510087,-0.80971956,-2.8453052,-2.756496,-0.29452568,2.662592,-1.4118726,-3.2905245,-2.8160708,1.5055816,1
7.0,7,-1.4921441,-1.9837036,-2.156132,-0.68545973,1.3849603,2.9362094,5.8530293,8.736576,-2.335107,-2.178839,-1.5492746,-0.80454665,-2.840849,-2.7296343,-0.24624513,2.710855,-1.4409434,-3.2944894,-2.9094002,1.2714362,1
7.0,7,-1.4953933,-2.0191493,-2.1455207,-0.71377665,1.451826,2.9548447,5.8816686,8.550956,-2.3926783,-2.0816278,-1.6279513,-0.91844255,-2.8872945,-2.6350632,-0.13452508,2.8591347,-1.5825462,-3.3877606,-2.914368,1.5414064,1
7.0,7,-1.5046151,-2.0817046,-2.058989,-0.77672255,1.4272571,2.786712,6.07098,8.30458,-2.4600215,-2.052391,-1.5275248,-0.9567207,-2.8970942,-2.6806211,-0.24249695,2.7238634,-1.5504506,-3.3736064,-2.693591,2.1952786,1
7.0,7,-1.4857512,-1.9639448,-2.1786277,-0.66275513,1.3965588,2.990532,5.772148,8.80319,-2.3086061,-2.173311,-1.58784,-0.80195034,-2.838147,-2.7029045,-0.1979154,2.7620852,-1.468907,-3.300025,-2.9913528,1.0618384,1
7.0,7,-1.4901146,-1.9894825,-2.1502166,-0.6928425,1.3907238,2.9214926,5.881246,8.712956,-2.3513024,-2.1814256,-1.5411777,-0.8097757,-2.844263,-2.7347407,-0.25865835,2.7004452,-1.4343817,-3.293622,-2.88501,1.3385355,1
17.0,17,-1.0065681,-1.292402,-0.88145816,-2.0063925,2.7637813,-0.8474937,-1.694127,-0.91640395,-1.9209899,-1.4260745,5.2482195,1.0646592,1.1281964,-1.4913291,-1.8161741,-1.5093013,2.6705093,11.26757,-1.0090549,-1.6761119,1
17.0,17,-1.0039755,-1.2833745,-0.8677521,-1.9968612,2.741848,-0.8679452,-1.7023865,-0.93742514,-1.9277495,-1.4285325,5.32557,1.0854809,1.0930389,-1.4956169,-1.8087595,-1.5000155,2.6842237,11.24714,-1.0252237,-1.6649721,1
17.0,17,-0.99317104,-1.2685816,-0.83233196,-1.9802305,2.6826541,-0.9239155,-1.719108,-0.99595726,-1.9386194,-1.43745,5.5358553,1.138019,1.0171692,-1.5081711,-1.7912966,-1.469562,2.716701,11.181653,-1.0694058,-1.6346086,1
17.0,17,-0.97757226,-1.25305,-0.79170007,-1.967675,2.6104326,-0.98546076,-1.7382832,-1.0683054,-1.948047,-1.4505198,5.7828627,1.1980579,0.93423694,-1.52228,-1.7675267,-1.4254091,2.7560763,11.092302,-1.119608,-1.6008854,1
17.0,17,-0.9961049,-1.2694416,-0.84342813,-1.9785322,2.7026448,-0.90583384,-1.7142701,-0.9734088,-1.938767,-1.4323472,5.468995,1.1192582,1.0355042,-1.5044188,-1.7960038,-1.4833701,2.7003536,11.206914,-1.0570452,-1.6433687,1
17.0,17,-1.0002874,-1.2810721,-0.8620524,-1.9924357,2.7338772,-0.87714773,-1.7044549,-0.9455513,-1.9303441,-1.4291126,5.3609376,1.0919228,1.0815274,-1.4983903,-1.8059654,-1.4956031,2.6845005,11.237149,-1.0339174,-1.6593499,1
9.0,9,-1.7119145,0.12735398,1.6898205,-1.8210605,-1.8747625,-0.20185551,-2.6944964,-1.9794118,1.8623445,10.244146,-0.7959541,-3.3302293,1.1059773,0.67477775,-1.015941,-0.39711154,-3.4842045,2.3588786,-1.5314189,0.90018326,1
9.0,9,-1.709577,0.1264948,1.7048005,-1.8205692,-1.8786627,-0.20659629,-2.692835,-1.9779159,1.8595978,10.243438,-0.7934081,-3.3294876,1.0946124,0.67222935,-1.0132216,-0.39114308,-3.48569,2.3496213,-1.5379903,0.90167403,1
9.0,9,-1.7321627,0.08336609,1.6540172,-1.8154796,-1.9013231,-0.20980418,-2.7195632,-2.0152555,1.9590822,10.261554,-0.8156378,-3.313747,1.1531982,0.6675075,-1.0806376,-0.42510056,-3.447694,2.350069,-1.4561145,0.9627576,1
9.0,9,-1.6367782,0.0769046,1.7527332,-1.8622304,-1.8349059,-0.20531535,-2.6867015,-1.9409976,1.820082,10.210762,-0.72734886,-3.3356597,0.99873257,0.5801381,-0.96178234,-0.24216884,-3.5020673,2.2620478,-1.6418079,0.9018606,1
9.0,9,-1.7000476,0.12535886,1.7230077,-1.8237063,-1.8760797,-0.20943266,-2.6894104,-1.9709388,1.8475742,10.239255,-0.7847424,-3.3309734,1.0741526,0.6635458,-1.0021052,-0.37243375,-3.4910054,2.3353558,-1.55781,0.8979532,1
9.0,9,-1.7064109,0.12710933,1.7049171,-1.8218696,-1.8755115,-0.2058678,-2.691923,-1.9756182,1.8552035,10.242131,-0.79081535,-3.3303704,1.0911915,0.66912675,-1.0099436,-0.38670534,-3.4871294,2.3488226,-1.5431335,0.8995648,1
14.0,1,-2.2253227,6.3866167,-1.3955618,-2.0997694,-0.88721246,2.4043508,0.073738985,-0.9171977,-0.81979597,-0.65951973,0.25768992,1.0743849,-1.30396,2.740336,5.5739617,4.027128,-2.3860207,-2.1067102,-2.0210502,-3.771773,0
14.0,1,-2.2185893,6.3675227,-1.3899261,-2.0952637,-0.89835584,2.384611,0.05269213,-0.9410199,-0.83072686,-0.664856,0.28038082,1.0871933,-1.3233986,2.7110388,5.605818,4.0673566,-2.3809721,-2.1283584,-2.010169,-3.752899,0
14.0,1,-2.1971831,6.3653884,-1.3692465,-2.0810378,-0.9359271,2.361115,-0.008377618,-0.9975728,-0.8303276,-0.671793,0.31970087,1.1086243,-1.3484676,2.665419,5.65826,4.124237,-2.3719041,-2.1782653,-1.9726181,-3.7198176,0
14.0,1,-2.196054,6.322829,-1.3599797,-2.0604925,-0.96021384,2.3149624,-0.06634879,-1.0461214,-0.8647091,-0.69685006,0.3716649,1.149359,-1.4012451,2.586297,5.765701,4.213022,-2.352544,-2.2397883,-1.9328533,-3.6714807,0
14.0,1,-2.2158356,6.3566737,-1.3874012,-2.092245,-0.90377045,2.373546,0.04132343,-0.95324737,-0.8377427,-0.66861653,0.29252023,1.0948743,-1.3346269,2.6943095,5.6251836,4.0894227,-2.3778205,-2.1406875,-2.003709,-3.7423742,0
14.0,1,-2.2206948,6.376177,-1.3917959,-2.097217,-0.8941466,2.3925006,0.06168157,-0.93162394,-0.8257801,-0.66201097,0.27105772,1.0813502,-1.3151033,2.7235355,5.5910006,4.050425,-2.3834186,-2.1189344,-2.0150666,-3.7606022,0
16.0,15,-1.852051,-4.745217,-2.6358464,-1.1795942,3.9722724,0.67771405,-0.6902411,-0.9593565,-3.1353939,-1.8675197,-0.7009146,1.7379222,-3.311401,-1.8768572,4.8543234,8.827102,3.4204412,-2.4124649,-1.8245984,-1.0209792,0
16.0,15,-1.8583143,-4.7421317,-2.6276572,-1.1544746,3.9235177,0.6666625,-0.7206452,-0.98033595,-3.1274827,-1.8641278,-0.66777414,1.7594036,-3.3190274,-1.8703877,4.844944,8.836252,3.4281306,-2.418211,-1.8198478,-1.0222641,0
16.0,15,-1.8525221,-4.7445154,-2.6280832,-1.1709925,3.9359918,0.6681579,-0.70681256,-0.9739961,-3.1252458,-1.8628285,-0.6767307,1.751579,-3.3126466,-1.8712587,4.844331,8.838239,3.4180691,-2.418901,-1.8234636,-1.0198678,0
16.0,15,-1.8648286,-4.743277,-2.6157725,-1.1432196,3.8712249,0.6479677,-0.7483833,-1.0071374,-3.1126375,-1.8609465,-0.6249486,1.7921898,-3.3241594,-1.8643615,4.8286576,8.843377,3.4431589,-2.42045,-1.8166761,-1.0196822,0
16.0,15,-1.8623013,-4.740124,-2.6216028,-1.1371309,3.8899255,0.6589517,-0.7415025,-0.9945812,-3.1220078,-1.8615217,-0.64476,1.7733879,-3.3240354,-1.8658355,4.83816,8.842831,3.4324458,-2.4217837,-1.8171189,-1.0230848,0
16.0,15,-1.8566759,-4.742499,-2.629222,-1.1594448,3.9329767,0.6690748,-0.71436125,-0.97588086,-3.128907,-1.8644588,-0.6749817,1.7542365,-3.3172116,-1.8714064,4.84695,8.835066,3.4252279,-2.4177883,-1.8208762,-1.021968,0
0.0,0,9.347854,8.422941,1.5013212,0.4474505,0.32059804,0.7617311,-0.7417993,-0.43326575,-0.31621373,0.35780334,-0.14073497,-2.8275409,-1.4412991,-1.6080484,0.77768844,0.79360175,-3.606976,-2.6478925,-2.26677,-2.7472606,1
0.0,0,9.368436,8.400591,1.5029266,0.45086086,0.32770944,0.7585927,-0.74574685,-0.42911404,-0.31939822,0.34575465,-0.13904344,-2.824716,-1.4444058,-1.6149434,0.7787935,0.798844,-3.6016004,-2.6574247,-2.2593963,-2.7454793,1
0.0,0,9.423922,8.3488865,1.51894,0.46115714,0.32947344,0.74998575,-0.7574642,-0.4185419,-0.2998177,0.3309866,-0.14227255,-2.826906,-1.4390687,-1.6309984,0.753334,0.78864366,-3.588949,-2.676522,-2.2349815,-2.7346117,1
0.0,0,9.47204,8.288671,1.5215096,0.47379845,0.3498094,0.7443658,-0.77490747,-0.40948838,-0.31650472,0.2894109,-0.13350932,-2.8112955,-1.4574034,-1.6501248,0.7784844,0.8189435,-3.5723476,-2.7141168,-2.2104735,-2.7329092,1
0.0,0,9.37445,8.393994,1.5033318,0.45191592,0.32983264,0.7575785,-0.74684757,-0.42789954,-0.32047713,0.3421169,-0.13848878,-2.8238394,-1.445392,-1.6170174,0.77921873,0.80050063,-3.6000109,-2.660283,-2.2572026,-2.744895,1
0.0,0,9.35595,8.414636,1.502217,0.4485334,0.32288554,0.7599579,-0.7426062,-0.4315813,-0.31669688,0.35403863,-0.14028813,-2.8271546,-1.4416,-1.6106232,0.7762009,0.7941711,-3.6051128,-2.6505365,-2.264214,-2.7461102,1
9.0,9,-1.4848527,-0.43661517,0.6269368,-1.3041784,-1.5273967,-1.0319494,-2.5047839,-2.2347822,1.8953217,10.364066,-0.46833652,-2.960651,0.71420145,0.25739446,-1.1892496,-1.2676535,-3.2562988,1.5817624,-1.6250037,2.8650615,1
9.0,9,-1.4861494,-0.43562326,0.62449324,-1.3024621,-1.529248,-1.0332893,-2.5038445,-2.2376733,1.8981068,10.364249,-0.46796918,-2.9597962,0.71397954,0.25932416,-1.1929432,-1.271345,-3.2545278,1.5806446,-1.6193882,2.872553,1
9.0,9,-1.4876331,-0.44378856,0.62935525,-1.3048323,-1.5349786,-1.0424902,-2.4975696,-2.2431543,1.9073166,10.363812,-0.4649829,-2.9570007,0.713443,0.25447953,-1.1996919,-1.2712337,-3.2557194,1.5694506,-1.6098168,2.8989866,1
9.0,9,-1.4745587,-0.4431393,0.6502885,-1.3179419,-1.5175097,-1.0377334,-2.4965258,-2.2214725,1.8773578,10.362067,-0.45764112,-2.9646792,0.7047387,0.24587,-1.1725559,-1.2479699,-3.275002,1.5755236,-1.6602697,2.8482423,1
9.0,9,-1.4855565,-0.435228,0.6261238,-1.3031613,-1.5287877,-1.0341669,-2.5028374,-2.2370617,1.8967736,10.36426,-0.46652195,-2.9598758,0.7123664,0.25929576,-1.1922281,-1.2706953,-3.2559142,1.5798285,-1.6218293,2.8722057,1
9.0,9,-1.4853851,-0.4356746,0.62573487,-1.3033531,-1.5282297,-1.0328618,-2.503963,-2.2362413,1.8963572,10.364154,-0.46760887,-2.9602196,0.7133684,0.25862184,-1.1911099,-1.2697104,-3.255628,1.5809044,-1.6225353,2.8692951,1
12.0,12,-0.51908284,-2.734588,-2.0375752,-1.2516168,0.49682024,-0.2860451,1.831062,0.27917925,0.16831365,-2.5715394,-2.8254077,-0.34040624,9.375421,0.23426677,-0.948036,-1.5722822,-0.19915144,0.5788192,7.005624,-0.73212624,1
12.0,12,-0.5361302,-2.723897,-2.005017,-1.2613802,0.43758947,-0.25009862,1.9102248,0.30068928,0.18204549,-2.5470164,-2.8267143,-0.35663006,9.395837,0.1798242,-0.9374357,-1.5687698,-0.25960606,0.53455484,6.9935865,-0.69803,1
12.0,12,-0.64128387,-2.764836,-1.9659022,-1.1268724,0.2029409,-0.41741675,1.6244098,-0.08877246,0.30105704,-2.4745252,-2.7547064,-0.24070065,9.167537,0.1067607,-0.9001328,-1.4744658,-0.035353895,0.37635753,7.601646,-0.16147307,1
12.0,12,-0.649323,-2.7951639,-1.8135622,-1.2505938,0.06326381,-0.17510676,1.8019953,0.06159743,0.45424807,-2.255434,-2.8328276,-0.36532944,9.428572,0.0049084113,-0.90072733,-1.4864646,-0.44941795,0.30600658,7.254726,-0.21565032,1
12.0,12,-0.5500033,-2.7139585,-1.9826088,-1.2670897,0.39238805,-0.22981039,1.969466,0.3151369,0.18588267,-2.5356054,-2.8239076,-0.3639706,9.401305,0.14036289,-0.92776453,-1.565503,-0.2937113,0.5012128,6.9940977,-0.6711559,1
12.0,12,-0.53393674,-2.7242417,-2.0150952,-1.2568605,0.4508228,-0.26234838,1.8960141,0.29456827,0.1726606,-2.5588243,-2.823583,-0.35044205,9.382993,0.18987972,-0.93823636,-1.569085,-0.23626705,0.5433498,7.006717,-0.70159054,1
2.0,2,0.20351627,0.26700646,10.963111,0.573653,-3.3602023,-2.461156,-1.4916307,-1.7783988,3.2207012,1.6566705,-0.66640556,-1.5145317,0.73022467,2.7767217,-2.105879,-2.2384388,-1.0684692,-1.9015423,-0.4024898,-0.51131475,1
2.0,2,0.20335057,0.2670662,10.963061,0.57363826,-3.3603694,-2.4611464,-1.4916829,-1.7784263,3.2210011,1.6567645,-0.6664535,-1.5144935,0.7301433,2.7767625,-2.1058018,-2.2384498,-1.0685322,-1.9016883,-0.40240932,-0.5113269,1
2.0,2,0.20085397,0.2680794,10.9614935,0.5726864,-3.3637455,-2.460484,-1.4955543,-1.7814425,3.2289238,1.6628559,-0.6693148,-1.516013,0.73044145,2.7819228,-2.1076648,-2.24018,-1.0693436,-1.9033054,-0.40028986,-0.5109217,1
2.0,2,0.2033468,0.26450053,10.959746,0.57156414,-3.3595943,-2.456203,-1.4921908,-1.7786512,3.2226694,1.6456861,-0.66790766,-1.5137043,0.7307707,2.7834055,-2.1015208,-2.2322357,-1.0651073,-1.9090546,-0.4021142,-0.51690197,1
2.0,2,0.20340927,0.26670328,10.962695,0.57341295,-3.3601396,-2.4605365,-1.4914986,-1.7782935,3.2208803,1.6549234,-0.666471,-1.5142578,0.73010844,2.7772954,-2.105023,-2.2374892,-1.068051,-1.9026918,-0.40246516,-0.51206267,1
2.0,2,0.20334774,0.26712817,10.963147,0.5736819,-3.3603814,-2.461286,-1.4916958,-1.7784657,3.2209594,1.6571739,-0.66644144,-1.514562,0.73010284,2.7766228,-2.105948,-2.2386158,-1.0686294,-1.9014899,-0.4024338,-0.5111052,1
3.0,3,-0.6802477,1.6171615,0.28287667,11.558372,-2.2152872,-1.432538,-0.26911446,0.15218167,-0.698099,-0.15895018,-1.4421836,1.1195604,-1.16832,-1.2616134,1.5224353,-1.1869538,-1.7733779,-1.5261366,-0.00047739223,-0.41781354,1
3.0,3,-0.680438,1.615814,0.2818621,11.559002,-2.2150288,-1.4324675,-0.27063942,0.15221988,-0.6979892,-0.15950355,-1.4421592,1.122114,-1.1677879,-1.2618129,1.5217382,-1.1869767,-1.7723628,-1.5252682,-0.00046513602,-0.418603,1
3.0,3,-0.6810441,1.616772,0.28134775,11.558225,-2.2151797,-1.4328253,-0.26933637,0.15224622,-0.6981949,-0.15906838,-1.4420182,1.1210139,-1.168244,-1.2621127,1.5238813,-1.1871285,-1.7732935,-1.5258301,6.708503e-05,-0.41801447,1
3.0,3,-0.68126994,1.6148113,0.27976716,11.559221,-2.21467,-1.4323766,-0.27212992,0.15195149,-0.6980038,-0.1597378,-1.4418852,1.1236827,-1.1672102,-1.2617664,1.5227449,-1.187179,-1.7717465,-1.5241889,-0.0003220588,-0.41948178,1
3.0,3,-0.6804607,1.6141784,0.2808665,11.5598545,-2.2146642,-1.4321237,-0.27260774,0.1522001,-0.6978051,-0.16014358,-1.4421914,1.1245524,-1.1670299,-1.2617502,1.5204064,-1.1869218,-1.7710859,-1.5241818,-0.0007326044,-0.41961318,1
3.0,3,-0.6803658,1.616089,0.28210527,11.558899,-2.2150693,-1.432429,-0.27039996,0.1521743,-0.698006,-0.15937823,-1.442157,1.1214426,-1.1678652,-1.2616831,1.5217997,-1.1869678,-1.7725487,-1.5254052,-0.00053723156,-0.41847932,1
15.0,15,-0.4157908,-2.3942316,-1.8142033,-0.65191853,0.7559027,1.6795009,-0.8352254,-0.92225355,-1.9711454,0.9106941,-0.27606636,-1.0935972,-2.3978505,-0.13140045,3.9951997,9.746129,-1.9445949,-4.5245996,-2.1952274,-0.87481123,1
15.0,15,-0.40737164,-2.3941123,-1.8264309,-0.6395458,0.7522383,1.6826295,-0.8334082,-0.9258768,-1.991056,0.87085974,-0.25102222,-1.0749309,-2.4070191,-0.1398695,3.998453,9.752802,-1.9198706,-4.525294,-2.1837971,-0.8781646,1
15.0,15,-0.39032328,-2.3947992,-1.8351682,-0.6423152,0.75250244,1.6894705,-0.8383217,-0.9319368,-1.9872146,0.8532932,-0.22704431,-1.0661017,-2.4115558,-0.14430921,3.9847806,9.75717,-1.8994094,-4.5284305,-2.180963,-0.8797817,1
15.0,15,-0.37495452,-2.3981936,-1.8550256,-0.62913656,0.7558494,1.6926668,-0.83649474,-0.9399954,-2.0211504,0.7905059,-0.17572184,-1.0358269,-2.42902,-0.1588847,3.9906518,9.767861,-1.8529079,-4.524516,-2.1675966,-0.8828677,1
15.0,15,-0.40333214,-2.3946178,-1.8322858,-0.63419884,0.75181377,1.6835147,-0.832493,-0.92790014,-2.001571,0.8514718,-0.23775254,-1.0655842,-2.4120517,-0.14423059,4.0005617,9.756151,-1.906943,-4.5248446,-2.178608,-0.8793898,1
15.0,15,-0.40926945,-2.3944485,-1.8239163,-0.64229715,0.7534747,1.6817167,-0.8337722,-0.9252598,-1.9873147,0.87897384,-0.2557854,-1.0786403,-2.4052103,-0.13817538,3.9980173,9.751503,-1.9246142,-4.5248327,-2.1862872,-0.87728083,1
10.0,10,0.1873144,-0.85878724,0.20184204,1.6537532,1.4057645,-4.1099,-1.5997008,-1.7179105,-2.3899035,-1.761837,10.319638,3.0966105,-1.8582681,-1.2951826,-1.3897903,-1.6346624,2.822887,5.863376,-2.605715,-0.047500577,1
10.0,10,0.21935827,-0.81719726,0.25920525,1.692049,1.2117927,-4.084171,-1.5941709,-1.7267817,-2.3304734,-1.7496766,10.433743,3.064731,-1.8979795,-1.3034431,-1.3357255,-1.5587078,2.7616098,5.649999,-2.6214302,-0.033912685,1
10.0,10,0.36940873,-0.6932947,0.40092257,1.8251972,0.60091615,-3.9758584,-1.5505804,-1.7537453,-2.0948195,-1.7501906,10.764265,2.9544303,-2.0974386,-1.2694334,-1.0291951,-1.166096,2.6010063,4.498258,-2.7357457,-0.009488087,1
10.0,10,0.40897137,-0.6371543,0.44711658,1.8618644,0.32168347,-3.891834,-1.544835,-1.7749109,-1.9952273,-1.7543393,10.864553,2.9130776,-2.2021472,-1.2371986,-0.8654875,-0.9516585,2.5546284,3.9870832,-2.779836,-0.024320211,1
10.0,10,0.2539055,-0.7775259,0.31583175,1.7351973,1.0130756,-4.057587,-1.5874656,-1.7376945,-2.271083,-1.738154,10.545183,3.034197,-1.9481853,-1.3093016,-1.2719694,-1.4661996,2.702546,5.403713,-2.6380932,-0.017581698,1
10.0,10,0.2317239,-0.80897284,0.27156457,1.7074531,1.169082,-4.08087,-1.5899323,-1.7283764,-2.3188245,-1.7485349,10.460127,3.0574057,-1.9097391,-1.302934,-1.3200548,-1.5369464,2.743585,5.583419,-2.6268327,-0.027797539,1
14.0,14,-2.761914,-0.7681925,-3.097176,-0.40148443,1.3127812,0.08081411,-1.7644166,-1.3993297,-2.5355353,0.1781792,-0.16811642,-0.90215844,0.07930242,0.8920836,9.744809,1.7168012,-3.3601053,1.5653669,-0.6433791,-0.93866867,1
14.0,14,-2.7688656,-0.7647265,-3.1021748,-0.4294016,1.3489555,0.08245638,-1.8063297,-1.3899952,-2.55779,0.21167642,-0.10868964,-0.89041543,0.07372644,0.83880943,9.729459,1.7098724,-3.3586714,1.6771584,-0.6886896,-0.96508384,1
14.0,14,-2.7682579,-0.9034803,-3.1723182,-0.55273014,1.3913968,0.10163009,-1.7672726,-1.4046896,-2.4514022,0.39676207,-0.13580775,-1.0845762,0.24783143,0.7711624,9.615388,1.7682261,-3.505921,1.6957422,-0.7008072,-0.85052484,1
14.0,14,-2.7813985,-0.91438556,-3.1859155,-0.6573621,1.463177,0.106444016,-1.8863579,-1.4057353,-2.4763458,0.5256565,0.019789409,-1.0750477,0.2549833,0.614813,9.56276,1.802889,-3.521651,1.9328613,-0.81925535,-0.9004808,1
14.0,14,-2.7817638,-0.76745427,-3.103255,-0.466742,1.3677398,0.08573979,-1.838985,-1.3869606,-2.563721,0.266393,-0.050262015,-0.8904145,0.078359276,0.7540304,9.712622,1.7190313,-3.3717358,1.7710913,-0.7327292,-0.9699636,1
14.0,14,-2.773271,-0.76658535,-3.1006033,-0.43650645,1.3428154,0.083096325,-1.8063551,-1.3919663,-2.551891,0.22600722,-0.10295927,-0.89434355,0.07835758,0.81698877,9.727644,1.7161576,-3.3663037,1.6809934,-0.69330704,-0.9575549,1
13.0,13,-0.8175511,5.332353,1.5877085,-1.6259863,-2.6962109,0.31563088,-1.592518,-2.4039943,1.8665837,4.783888,-1.273294,-3.6433465,3.1809103,7.2086787,-1.7540553,-3.0358095,-3.7160656,3.7833629,-1.6958622,-2.7308555,1
13.0,13,-0.8118089,5.33635,1.5908707,-1.6277845,-2.6988695,0.3138922,-1.5907391,-2.404875,1.8678701,4.7927523,-1.2724276,-3.6467147,3.183166,7.190527,-1.7568663,-3.0323749,-3.7234204,3.7856433,-1.6965172,-2.7268646,1
13.0,13,-0.8223373,5.3109736,1.5836042,-1.6281852,-2.706061,0.31428903,-1.6013981,-2.4156709,1.9010819,4.790521,-1.282241,-3.642609,3.212186,7.220109,-1.7755463,-3.0506773,-3.7095547,3.7790346,-1.671757,-2.7202237,1
13.0,13,-0.76343024,5.366198,1.5926374,-1.6471877,-2.7096307,0.31140924,-1.5805725,-2.4148762,1.8951895,4.8573103,-1.2661201,-3.6660743,3.2205079,7.0528927,-1.7990571,-3.0073173,-3.7650716,3.8043997,-1.6933088,-2.694912,1
13.0,13,-0.8057885,5.341378,1.5933534,-1.6294928,-2.7009015,0.31245512,-1.5887635,-2.4055579,1.8685905,4.8010483,-1.271201,-3.6498249,3.1847982,7.1722107,-1.759643,-3.0285764,-3.730315,3.7880642,-1.6977062,-2.7231846,1
13.0,13,-0.8137679,5.335452,1.5899115,-1.6269808,-2.697941,0.31433108,-1.5912,-2.4045086,1.8670381,4.789579,-1.2726592,-3.6456041,3.1817858,7.1967444,-1.7556348,-3.033535,-3.7209291,3.7848036,-1.6965415,-2.7282293,1
14.0,14,-2.3591778,-1.4954011,-3.828362,-2.7825232,3.6404848,4.977044,-1.5163097,1.5843655,-0.6129361,0.12242292,-2.273713,-1.2114477,2.5914547,3.4366145,5.9340096,1.26182,-3.1950707,1.8345964,-1.8188573,-4.6692877,1
14.0,14,-2.3841608,-1.5029621,-3.8469245,-2.8281248,3.6451771,5.078416,-1.4921839,1.6124278,-0.62729967,0.18818396,-2.2378078,-1.2221631,2.5817444,3.333258,5.8754597,1.3664131,-3.2444744,1.8959163,-1.8832934,-4.661055,1
14.0,14,-2.361224,-1.6390438,-3.8657966,-2.8689966,3.6475575,5.1168804,-1.5763495,1.5091304,-0.36009204,0.36860147,-2.3387158,-1.2600578,2.8130774,3.3973086,5.571114,1.2896032,-3.1479125,1.8211609,-1.7563647,-4.6035786,1
14.0,5,-2.4287815,-1.6500751,-3.9593468,-3.0629532,3.7849026,5.4872336,-1.4522097,1.6551305,-0.53494054,0.5984065,-2.1668565,-1.2868661,2.6349323,2.9454443,5.389271,1.7467866,-3.280199,2.0748827,-2.0714116,-4.5658684,0
14.0,14,-2.4029715,-1.5080603,-3.8621778,-2.8639517,3.6535356,5.157472,-1.4718758,1.6366965,-0.6453995,0.23971707,-2.2060618,-1.2294077,2.5649858,3.2478068,5.8297668,1.4547799,-3.281734,1.947174,-1.9405776,-4.655009,1
14.0,14,-2.3815644,-1.5002075,-3.8435996,-2.821548,3.6426826,5.064253,-1.4959064,1.6064095,-0.6250147,0.1793085,-2.2424946,-1.2216263,2.58296,3.3498402,5.885063,1.3513166,-3.2382615,1.8869643,-1.8739798,-4.6616707,1
5.0,5,-0.16199762,0.50650877,-3.1058125,-1.2832812,3.1803756,10.114701,0.089867055,3.9533727,-1.0290456,-1.1510352,-3.1999414,-2.1972141,-1.5083382,-0.16116925,1.4572712,3.0142202,-0.31506097,-1.1983691,-1.8325895,-3.2094665,1
5.0,5,-0.13377404,0.5144948,-3.108347,-1.2907164,3.1853366,10.118126,0.044999123,3.8459759,-1.0392586,-1.1209779,-3.188805,-2.2087996,-1.5267259,-0.1525182,1.4966769,3.1105022,-0.34040332,-1.2030814,-1.8374,-3.2100878,1
5.0,5,-0.2582325,0.53320545,-3.0768013,-1.2968528,2.8711133,10.105921,0.042815432,3.8562968,-0.82101697,-1.0913843,-3.1815102,-2.0980012,-1.4546896,-0.079504594,1.3916917,2.9237738,-0.21473749,-1.3660374,-1.7169979,-3.1066499,1
5.0,5,-0.16865212,0.5642958,-3.0726273,-1.3260772,2.8860266,10.115057,-0.0841303,3.4935331,-0.8303219,-0.97720456,-3.1572337,-2.1490757,-1.5116365,-0.027421284,1.5257899,3.2434788,-0.32524586,-1.4118342,-1.7478889,-3.1093454,1
5.0,5,-0.096582845,0.5245951,-3.1114497,-1.3009757,3.1878586,10.119282,-0.014067589,3.6980252,-1.0538164,-1.0823104,-3.17099,-2.2222936,-1.5524377,-0.1400987,1.5498667,3.2386956,-0.36669785,-1.2136953,-1.8378986,-3.205864,1
5.0,5,-0.12422812,0.5211101,-3.1067502,-1.292946,3.1789184,10.119601,0.029167712,3.7983885,-1.0364869,-1.1069858,-3.1852975,-2.2117207,-1.5309793,-0.14423516,1.5107772,3.1414902,-0.34902257,-1.2110832,-1.8341483,-3.2059019,1
2.0,19,-1.0259026,-2.1867735,2.871318,0.21898979,-2.0517364,-3.532237,3.134816,-2.139307,0.4552772,-1.2470195,0.13721064,0.030626616,-0.22622122,-0.65202916,-1.8610735,-1.3064215,-0.028442115,-2.105269,6.543571,10.397556,0
2.0,19,-1.0293283,-2.1845195,2.8653865,0.2234079,-2.0591006,-3.5325525,3.1275222,-2.1439009,0.45906818,-1.25271,0.13526368,0.03483546,-0.22380005,-0.64033216,-1.8592128,-1.3098208,-0.022282079,-2.1061685,6.5593796,10.39235,0
2.0,19,-1.0243225,-2.1899734,2.828425,0.21663201,-2.041462,-3.5196176,3.1240222,-2.1334937,0.44634238,-1.243113,0.1485586,0.037522558,-0.23882689,-0.6939138,-1.8438469,-1.2866164,-0.026421987,-2.0990887,6.5503488,10.415514,0
2.0,19,-1.0176635,-2.1921992,2.880797,0.20920476,-2.0373504,-3.5298278,3.1457565,-2.1285996,0.450119,-1.2332957,0.144566,0.023963457,-0.23390543,-0.6919145,-1.8623852,-1.2947654,-0.040378496,-2.1031687,6.5140524,10.410812,0
2.0,19,-1.0281827,-2.1852643,2.8645,0.22265482,-2.0573108,-3.5315723,3.12787,-2.142219,0.4583836,-1.2507722,0.13682066,0.03448223,-0.22519147,-0.6485076,-1.8583561,-1.3072336,-0.023759425,-2.1057062,6.5568857,10.394798,0
2.0,19,-1.0277182,-2.1856232,2.8673625,0.22146353,-2.0556192,-3.5321717,3.1305285,-2.141683,0.45725194,-1.2500019,0.13641655,0.03306808,-0.22516365,-0.64666706,-1.8597146,-1.3078679,-0.025069214,-2.1056793,6.552337,10.395084,0
7.0,6,-1.5460727,-1.5617522,-2.1467996,-1.897042,-1.2865841,1.6549727,5.9858017,3.6049747,0.08188019,-0.5614979,-2.271727,-1.6712323,-0.48380637,-1.5830965,1.6182653,5.8246794,-3.5869837,-5.7943816,-1.0727282,1.1215873,0
7.0,6,-1.5431875,-1.5608648,-2.149394,-1.8942388,-1.2837609,1.6577151,5.988778,3.6103683,0.07580648,-0.570673,-2.2727518,-1.6697733,-0.48126614,-1.5835916,1.6208735,5.825619,-3.5862741,-5.7933106,-1.071718,1.1104848,0
7.0,6,-1.5152609,-1.5462492,-2.146559,-1.8877608,-1.2681057,1.6757156,6.0033326,3.6589928,0.06677834,-0.5888743,-2.2843525,-1.678586,-0.49908876,-1.5902183,1.6166418,5.8134503,-3.5977411,-5.7953167,-1.0921453,1.0893017,0
7.0,6,-1.5100951,-1.5436002,-2.1472852,-1.8863574,-1.2632097,1.6798679,6.0059314,3.6693254,0.06274667,-0.5950756,-2.2870734,-1.6795921,-0.5009924,-1.5912021,1.6198235,5.813094,-3.5997145,-5.794999,-1.0972722,1.0780513,0
7.0,6,-1.5387793,-1.5599205,-2.155925,-1.8911674,-1.2712915,1.6633786,5.998248,3.6211464,0.05874551,-0.59143364,-2.2754948,-1.6669203,-0.47505742,-1.5851132,1.632388,5.8305564,-3.5830352,-5.7893105,-1.073422,1.0815543,0
7.0,6,-1.5442992,-1.5608821,-2.1476817,-1.8952873,-1.2858002,1.6565689,5.9875326,3.609073,0.0794203,-0.56572044,-2.2723193,-1.6707875,-0.48355827,-1.5836121,1.6182052,5.8238945,-3.5869102,-5.794065,-1.0724775,1.117745,0
14.0,14,-1.5464063,1.5609679,-2.3298936,-2.2240796,0.57291627,1.404586,-3.1880293,-1.4987003,-1.0033176,2.8644602,0.82111454,-1.1879919,-1.1320193,0.47978622,9.5872345,3.170244,-3.5305693,-1.0159209,-1.827508,-2.2547896,1
14.0,14,-1.5248654,1.5141425,-2.3463862,-2.2250898,0.6269199,1.4310359,-3.1594906,-1.4907115,-1.0755912,2.6955535,0.855982,-1.1401815,-1.172525,0.4418692,9.6574,3.2695162,-3.4868681,-1.0489842,-1.805107,-2.262144,1
14.0,14,-1.1594814,1.4244229,-2.1943412,-2.2247508,0.61661094,1.4673647,-3.3105824,-1.7221775,-0.8735477,2.4954345,1.074572,-1.160398,-1.4096677,0.25105634,9.633053,3.8157768,-3.4485953,-1.4289666,-1.8055116,-2.2172227,1
14.0,14,-1.0143017,1.1586477,-2.2040746,-2.2510893,0.8414054,1.6219343,-3.1922588,-1.6875594,-1.1511925,1.7446595,1.2815446,-0.9681941,-1.6504467,0.069941536,9.825408,4.369539,-3.2194448,-1.623187,-1.7306247,-2.2347696,1
14.0,14,-1.5076166,1.4735645,-2.3604445,-2.2271428,0.6729538,1.4551829,-3.1345296,-1.4822489,-1.1364849,2.550198,0.8861859,-1.0992465,-1.2069721,0.41126734,9.71485,3.3552444,-3.448616,-1.0768261,-1.7866503,-2.2690208,1
14.0,14,-1.5300827,1.5203451,-2.345628,-2.227864,0.6211192,1.4297591,-3.1628387,-1.4875541,-1.0667576,2.7216458,0.8503121,-1.1485782,-1.1663939,0.44916484,9.646518,3.255731,-3.4933968,-1.041349,-1.8112186,-2.2638938,1
18.0,18,-1.959953,-1.314044,-0.26100934,0.9668762,-2.0871382,-0.9984133,-1.3965346,-2.5287733,1.0527747,-2.9450169,-1.4913012,1.424675,0.7318233,0.3145355,0.2614885,-0.08235854,3.7808113,-1.504657,10.422641,3.7067628,1
18.0,18,-1.9582142,-1.310954,-0.25272992,0.9664717,-2.0881433,-0.9902344,-1.3918911,-2.5208716,1.0460018,-2.9610066,-1.4943112,1.4222019,0.73788714,0.32028222,0.2685541,-0.07736993,3.781872,-1.5107038,10.415369,3.681911,1
18.0,18,-1.9577243,-1.3086426,-0.3199047,0.9630658,-2.0731673,-0.9664566,-1.404256,-2.5112293,1.0604284,-2.9638832,-1.5057229,1.4383328,0.7279495,0.30525807,0.28058845,-0.06642787,3.802203,-1.5055325,10.408681,3.6572812,1
18.0,18,-1.9382013,-1.2897565,-0.21129562,0.94025445,-2.0822926,-0.90139604,-1.3617663,-2.4612346,0.978851,-3.105884,-1.5282497,1.4046122,0.77404165,0.38825926,0.33951402,-0.01741385,3.8291209,-1.5749328,10.326351,3.4661202,1
18.0,18,-1.9561838,-1.307586,-0.24167004,0.9651634,-2.0894406,-0.98078626,-1.3858894,-2.5121386,1.036863,-2.9800594,-1.4975317,1.4188712,0.7435252,0.32816982,0.27703148,-0.07105659,3.7839422,-1.5188376,10.405791,3.6546407,1
18.0,18,-1.9585471,-1.3113066,-0.2523161,0.9664656,-2.088407,-0.9913999,-1.3917369,-2.5216818,1.0461687,-2.9595761,-1.4937371,1.4221162,0.73674357,0.31993222,0.2678314,-0.077800795,3.7815402,-1.5105978,10.415916,3.6853867,1
1.0,1,1.0451086,11.240699,-0.03855834,0.52654195,-2.3668256,0.67048687,-0.51393586,-1.4700243,-0.26483515,2.1937826,-0.21192594,-1.5509421,0.010970543,0.8014744,1.6762391,-0.68912184,-3.8325953,0.30300638,-1.3725662,-2.765482,1
1.0,1,1.0563383,11.242959,-0.03577173,0.53144765,-2.3677516,0.6670107,-0.51966834,-1.4728395,-0.26701975,2.1860573,-0.2059089,-1.5466533,0.0039505986,0.78740865,1.6887603,-0.68155664,-3.832898,0.29555723,-1.3716991,-2.7667964,1
1.0,1,1.0860171,11.249936,-0.022201184,0.53842986,-2.3772256,0.66524047,-0.53093255,-1.480159,-0.2427417,2.188086,-0.20216261,-1.5501415,0.008313815,0.769801,1.669871,-0.6812169,-3.8324792,0.28406212,-1.3660802,-2.7657952,1
1.0,1,1.1261724,11.261171,-0.017107237,0.5668235,-2.3753824,0.64984405,-0.5705068,-1.4944319,-0.2721332,2.1274452,-0.1669194,-1.5080645,-0.043401334,0.6937287,1.782901,-0.6205899,-3.8277447,0.22767061,-1.3570435,-2.7798026,1
1.0,1,1.0613304,11.243782,-0.03445785,0.5334647,-2.3681457,0.6652261,-0.52134407,-1.4739038,-0.2678101,2.1832783,-0.20364292,-1.5454663,0.0013299389,0.78170604,1.6925894,-0.67900926,-3.833194,0.29305956,-1.371535,-2.7669315,1
1.0,1,1.0513394,11.241813,-0.036919575,0.5291342,-2.3673859,0.6682367,-0.5163613,-1.471482,-0.26592267,2.1900458,-0.20887218,-1.5491613,0.007460232,0.7940482,1.6817487,-0.68564534,-3.8329148,0.29957998,-1.3722417,-2.7657433,1
16.0,16,-2.3709567,-2.2247357,-1.3269143,-0.6874257,-0.65401053,-0.69306046,0.098243564,-0.9115382,0.2729846,-3.5785182,-0.79828215,4.986819,-2.2907887,-0.638708,-1.0884477,-0.19598193,10.561944,-0.6973604,2.2921026,-0.90604043,1
16.0,16,-2.373783,-2.2179844,-1.3231184,-0.68410563,-0.66179246,-0.68984073,0.072549455,-0.918799,0.28369534,-3.5847657,-0.7811912,4.998964,-2.2944217,-0.62898463,-1.0803351,-0.19554348,10.559863,-0.69121456,2.2875946,-0.923574,1
16.0,16,-2.3862126,-2.1994529,-1.3212373,-0.67228556,-0.68981874,-0.67387277,0.0050306497,-0.93670535,0.33268714,-3.6129138,-0.74887013,5.038354,-2.291425,-0.59631085,-1.0467387,-0.19055901,10.538611,-0.6923094,2.2939308,-0.98029554,1
16.0,16,-2.3847764,-2.1962333,-1.3257449,-0.6876499,-0.68495536,-0.66373277,0.011404579,-0.93470675,0.3407672,-3.6111588,-0.767503,5.0126343,-2.285676,-0.5861152,-1.0424292,-0.18586032,10.533313,-0.70337445,2.3020668,-0.97967565,1
16.0,16,-2.3772588,-2.211775,-1.3200985,-0.6766535,-0.67092806,-0.68740547,0.04796399,-0.92529786,0.29455808,-3.5924573,-0.7647645,5.0146127,-2.2972476,-0.62094355,-1.0721699,-0.19573458,10.556778,-0.6856809,2.2850714,-0.94120634,1
16.0,16,-2.374982,-2.2182088,-1.3233237,-0.6785713,-0.6645284,-0.6908266,0.06976241,-0.9192463,0.2854474,-3.5874987,-0.77911806,5.005831,-2.2938495,-0.6297699,-1.0791968,-0.19627334,10.558613,-0.6907732,2.2892053,-0.926263,1
1.0,1,1.9497355,10.093438,1.0775728,2.1221867,-2.1002545,-0.29279152,0.9951821,-1.0658143,-0.47605962,1.1337821,-1.5414534,-2.5649517,-0.71103907,2.8497,-0.046765007,-0.812134,-3.7742422,0.27462173,-2.434783,-2.74372,1
1.0,1,1.9598303,10.094279,1.0777241,2.1234565,-2.100026,-0.29292822,0.9934749,-1.0658814,-0.4751527,1.135431,-1.5408362,-2.567294,-0.70916617,2.8391912,-0.048707895,-0.80917585,-3.7776735,0.27385372,-2.4354758,-2.7433882,1
1.0,1,1.969605,10.094906,1.0784677,2.116554,-2.0985358,-0.29103342,0.9927011,-1.067041,-0.46951973,1.1395006,-1.5401512,-2.5744498,-0.70138425,2.839176,-0.059067205,-0.81500554,-3.780405,0.2800528,-2.4348152,-2.7420151,1
1.0,1,2.0107393,10.096827,1.0775758,2.1230125,-2.0942018,-0.29174006,0.98380154,-1.0679494,-0.469794,1.1440648,-1.5360372,-2.5801291,-0.69572896,2.7930164,-0.06503039,-0.79588634,-3.7924786,0.27723867,-2.4396915,-2.7416575,1
1.0,1,1.9664516,10.094788,1.0777429,2.1243472,-2.0996966,-0.29303157,0.9921712,-1.0659943,-0.47475535,1.1364201,-1.5403367,-2.5685809,-0.7080388,2.832093,-0.04991567,-0.80684483,-3.7797995,0.27341387,-2.436027,-2.7431936,1
1.0,1,1.9560877,10.09398,1.0776495,2.1229868,-2.1000159,-0.29290187,0.9939895,-1.0659071,-0.4755899,1.1348233,-1.5410079,-2.5663009,-0.7099145,2.8429413,-0.047996625,-0.8100908,-3.77633,0.27420777,-2.4352555,-2.7434857,1
11.0,10,-1.5581944,-1.6797893,0.32583627,0.9866579,-1.3065499,-3.6132643,-1.1232318,-1.3116369,-0.76112777,-1.4831073,10.651206,5.034375,-1.7038456,-1.333114,-1.271751,-0.84604007,3.1062832,3.6229105,-2.555107,-0.13467915,0
11.0,10,-1.5119916,-1.5949422,0.35155758,1.0080731,-1.3526325,-3.5511832,-1.1356789,-1.3226362,-0.74558204,-1.4259162,10.712084,4.8642683,-1.7321543,-1.341961,-1.1900305,-0.7729765,2.951918,3.553463,-2.5870104,-0.124436125,0
11.0,10,-1.3521111,-1.3901033,0.41920587,1.0499811,-1.5342635,-3.3423352,-1.1536746,-1.3752948,-0.5835523,-1.3320115,10.800466,4.4134,-1.8102182,-1.3219457,-0.9609633,-0.46223038,2.6392355,3.0403116,-2.713833,-0.17515911,0
11.0,10,-1.3362029,-1.3553175,0.42419094,1.0459238,-1.5539273,-3.3106642,-1.158919,-1.3883048,-0.56660205,-1.3216256,10.813179,4.3528666,-1.8387878,-1.3171861,-0.92138237,-0.41585293,2.6189506,2.967917,-2.7307248,-0.18234366,0
11.0,10,-1.4846152,-1.5463479,0.36573622,1.018814,-1.3773304,-3.5136538,-1.1430286,-1.3283424,-0.7380532,-1.3942502,10.744651,4.766186,-1.7503471,-1.3469571,-1.1392828,-0.7277206,2.862776,3.5112917,-2.6060026,-0.119999245,0
11.0,10,-1.5168421,-1.6035079,0.34931278,1.0072068,-1.3481545,-3.558145,-1.1345958,-1.3212713,-0.74738944,-1.4308149,10.706307,4.8806233,-1.7279904,-1.3411056,-1.1992551,-0.7819299,2.965011,3.5637896,-2.5833235,-0.12466973,0
16.0,16,-2.1554527,-2.333463,-1.4900924,-1.9321642,0.021999747,-0.8469273,2.7111123,-0.23545057,-1.0498426,-3.464299,-0.68040997,3.1035376,-1.6375691,-1.36697,-1.6607653,-0.43438953,10.4852295,-0.21186008,2.6390061,0.31916285,1
16.0,16,-2.155181,-2.3331616,-1.4843516,-1.923887,0.012599924,-0.85485506,2.6750505,-0.25452125,-1.0468243,-3.4651105,-0.6645951,3.1153214,-1.643219,-1.3636405,-1.6594154,-0.43544567,10.496458,-0.19246171,2.6472986,0.3156709,1
16.0,16,-2.1540844,-2.3297915,-1.4781075,-1.9129355,-0.004650969,-0.8631349,2.6155775,-0.2837926,-1.0383108,-3.4703422,-0.64479506,3.1238844,-1.6474991,-1.3545061,-1.6532314,-0.43386897,10.510393,-0.1647754,2.671107,0.3094231,1
16.0,16,-2.1535313,-2.3283453,-1.4767004,-1.9125214,-0.007354429,-0.8628426,2.6033912,-0.289107,-1.0352314,-3.4707284,-0.6432394,3.1226625,-1.649345,-1.3505493,-1.650945,-0.43197212,10.512384,-0.1622578,2.6746776,0.30812734,1
16.0,16,-2.154719,-2.33263,-1.4794768,-1.9176772,0.0057155807,-0.8604128,2.644477,-0.26994857,-1.0443405,-3.4651768,-0.6521219,3.1241772,-1.6492594,-1.3601104,-1.6579858,-0.43557447,10.505948,-0.17733526,2.6526225,0.31246024,1
16.0,16,-2.155239,-2.3332453,-1.484692,-1.9246339,0.013452504,-0.85425436,2.6780782,-0.25302792,-1.0470116,-3.4648347,-0.6658964,3.1145334,-1.6429859,-1.3638583,-1.6595764,-0.43534598,10.495595,-0.19422098,2.6461506,0.31602722,1
6.0,6,-1.8107331,0.6083257,-1.9804554,-2.440964,0.65016156,1.5612043,9.811628,4.1614933,-0.106762744,-1.9406804,-2.3717413,-0.9524719,0.6868094,-1.3680145,0.74904925,-0.20176643,0.24288078,-3.688704,-0.23684232,0.50699574,1
6.0,6,-1.8062997,0.60930943,-1.982334,-2.4496343,0.6570036,1.5592605,9.804289,4.1585836,-0.12764207,-1.9456427,-2.3564212,-0.929777,0.6606802,-1.3805068,0.77697307,-0.17813745,0.24545595,-3.6791112,-0.26093915,0.5024534,1
6.0,6,-1.803346,0.6317251,-1.9989548,-2.5128546,0.67340434,1.601349,9.732177,4.1252604,-0.11977514,-1.9232002,-2.3536491,-0.8739377,0.5988443,-1.3577119,0.9282939,-0.07760449,0.19158393,-3.6792736,-0.36316696,0.45814833,1
6.0,6,-1.8031133,0.6395399,-2.0052032,-2.5372906,0.6802435,1.616129,9.702466,4.108987,-0.11485588,-1.9127133,-2.3555188,-0.85457605,0.57613146,-1.3448523,0.98759526,-0.03819755,0.16976963,-3.682545,-0.40023515,0.44432452,1
6.0,6,-1.8021392,0.611013,-1.9840466,-2.4565957,0.66299576,1.5593164,9.79741,4.1560693,-0.14327821,-1.9501157,-2.3451371,-0.9126258,0.64091104,-1.3899115,0.8028272,-0.1572791,0.24284822,-3.6723952,-0.28122666,0.49652103,1
6.0,6,-1.8068722,0.60960805,-1.9811633,-2.4466963,0.654658,1.5592288,9.806753,4.158532,-0.12080721,-1.9443221,-2.3614695,-0.93743265,0.67012817,-1.3763279,0.76810825,-0.18534419,0.24297293,-3.6821845,-0.2532073,0.50392205,1
8.0,8,-1.272507,-0.5996174,0.3692303,-0.8329596,-3.4151807,0.87398195,-3.0188851,-1.5047926,7.6390133,-0.6770153,-2.172821,0.5208132,0.6808275,1.182451,-0.61161304,0.1518195,2.330095,-3.2864687,5.782046,-0.5529716,1
8.0,8,-1.269541,-0.5967867,0.36414644,-0.8330125,-3.4144735,0.8786161,-3.0172052,-1.5004325,7.631333,-0.68652093,-2.1732316,0.5220655,0.68446076,1.1829871,-0.6053062,0.15769714,2.329802,-3.2881405,5.7820625,-0.56552416,1
8.0,8,-1.2565256,-0.5906261,0.33795905,-0.83160424,-3.40142,0.8961961,-3.0095785,-1.4887599,7.5945306,-0.72983253,-2.1708298,0.53281367,0.6909884,1.1757702,-0.5814372,0.1802226,2.3467128,-3.290291,5.788397,-0.60605067,1
8.0,8,-1.2295191,-0.56338304,0.33762252,-0.8418008,-3.4116483,0.9393467,-3.0110905,-1.4536296,7.599839,-0.7375112,-2.1705976,0.5125363,0.6982356,1.1939123,-0.5559095,0.22005528,2.3017356,-3.3166153,5.70723,-0.70531315,1
8.0,8,-1.2676485,-0.5948924,0.35982904,-0.83297217,-3.4139302,0.8816554,-3.015533,-1.4970613,7.6247187,-0.6944919,-2.1738348,0.52339566,0.6877445,1.1831093,-0.60044605,0.16188686,2.3299682,-3.2891073,5.783862,-0.5742481,1
8.0,8,-1.2714596,-0.5983719,0.36498138,-0.83273757,-3.4145992,0.8760028,-3.0171914,-1.5022362,7.6323357,-0.6845986,-2.1735635,0.5224842,0.6839105,1.1823881,-0.6073203,0.15514198,2.3310585,-3.286952,5.7857394,-0.5591783,1
4.0,15,-1.8227514,-0.6359238,-1.7189977,-3.6294625,3.71462,2.2947602,0.10527487,-0.90157384,-1.4120955,0.57811415,-2.0339246,-2.2404637,-1.0495472,3.0306876,6.116147,6.542772,-2.788476,-1.5845712,-3.4559875,-2.249376,0
4.0,15,-1.825126,-0.66678506,-1.7095073,-3.6316266,3.6850193,2.281748,0.10596503,-0.9116633,-1.4091277,0.59006625,-2.0183072,-2.221744,-1.0587357,3.0011437,6.0829287,6.60448,-2.7823677,-1.6049255,-3.4564126,-2.231711,0
4.0,15,-1.819859,-0.6514027,-1.7269541,-3.6662872,3.6808572,2.3149245,0.10920268,-0.92233056,-1.3346167,0.6152537,-2.0523612,-2.2405226,-0.9928682,3.0416164,6.0200896,6.5694404,-2.7867172,-1.6102164,-3.4420743,-2.2323313,0
4.0,15,-1.8214194,-0.77435404,-1.7092543,-3.6746101,3.624362,2.2788002,0.10691732,-0.94666415,-1.3580301,0.64770615,-1.9757831,-2.1630588,-1.0646094,2.9008765,5.9217567,6.8078847,-2.7343423,-1.6721395,-3.45489,-2.1670892,0
4.0,15,-1.8263332,-0.6862857,-1.7040837,-3.632799,3.66848,2.2738543,0.10615888,-0.9174675,-1.4088194,0.597047,-2.0075545,-2.2097943,-1.0662278,2.9813788,6.0633597,6.6430745,-2.7774677,-1.6169442,-3.4571764,-2.2204826,0
4.0,15,-1.8247057,-0.66035116,-1.7109735,-3.631108,3.6900265,2.2838674,0.10580668,-0.91000164,-1.4093337,0.58794624,-2.0215685,-2.2255783,-1.0564811,3.0074885,6.0892816,6.5918922,-2.7840865,-1.6009947,-3.4561784,-2.234983,0
9.0,9,-1.677293,-0.26993152,0.32815734,-2.0034556,-1.7976825,-0.2733788,-3.2934732,-1.9593304,2.8357348,10.090565,-0.76855093,-2.9586623,1.1703806,1.5243424,-0.043594267,0.56782365,-3.6499093,-0.20285818,-3.198067,-0.04710958,1
9.0,9,-1.6773049,-0.26997724,0.32823235,-2.0034194,-1.797704,-0.27343097,-3.2934468,-1.959337,2.835694,10.090631,-0.7685744,-2.9586878,1.170378,1.5243273,-0.043663282,0.56772286,-3.6499064,-0.20277217,-3.1979804,-0.04700156,1
9.0,9,-1.6775988,-0.2700877,0.3280218,-2.0035238,-1.7981038,-0.2733247,-3.2936049,-1.9595268,2.8366764,10.090609,-0.76882076,-2.9585795,1.1705515,1.5245761,-0.043880574,0.5676929,-3.649734,-0.20317717,-3.1976027,-0.04684029,1
9.0,9,-1.6773462,-0.2700514,0.3281289,-2.0040529,-1.7977266,-0.2729995,-3.2934806,-1.9591706,2.835454,10.089747,-0.7681316,-2.9585388,1.1698065,1.5249559,-0.04279919,0.5693992,-3.6498978,-0.20401448,-3.1992228,-0.048096463,1
9.0,9,-1.6773123,-0.27000278,0.32827032,-2.003436,-1.7977157,-0.27343482,-3.2934337,-1.9593291,2.835652,10.090611,-0.7685597,-2.958691,1.1703389,1.5243567,-0.04364522,0.56776756,-3.6499054,-0.20279743,-3.1980102,-0.04701164,1
9.0,9,-1.6773059,-0.2699541,0.32821968,-2.0034175,-1.7977029,-0.27342412,-3.2934554,-1.9593376,2.835706,10.090627,-0.7685758,-2.958677,1.170371,1.5243278,-0.043642964,0.5677275,-3.649906,-0.20278485,-3.1979914,-0.047019653,1
11.0,11,-2.1695445,-2.149671,-0.9350997,4.3639,-1.6822917,-2.679147,-0.8283422,-0.09885952,0.3491907,-2.2678428,1.3159009,10.415866,-1.2982274,-1.7994165,-0.5924116,-1.2278814,4.4110117,-0.6528767,-0.4949741,-1.2837796,1
11.0,11,-2.1738677,-2.1214535,-0.90947586,4.4171147,-1.7377216,-2.6905687,-0.8106423,-0.088648185,0.3921616,-2.251955,1.4285096,10.4078045,-1.2968286,-1.873413,-0.6066276,-1.2468777,4.3511276,-0.6471242,-0.52527344,-1.2660272,1
11.0,11,-2.1905146,-2.1082973,-0.86939424,4.431983,-1.8247991,-2.6862757,-0.7664812,-0.073496744,0.51708794,-2.266855,1.6272703,10.388472,-1.3062477,-2.022493,-0.65587264,-1.2671299,4.3467946,-0.63921124,-0.5557059,-1.2489172,1
11.0,11,-2.1894968,-2.14438,-0.9094135,4.348709,-1.7490449,-2.6644745,-0.7814026,-0.09170513,0.47907996,-2.2845728,1.4533161,10.396445,-1.3115565,-1.9418709,-0.6423644,-1.2416055,4.4521976,-0.6647591,-0.51120913,-1.2598959,1
11.0,11,-2.176415,-2.1015184,-0.89032435,4.4548917,-1.7782644,-2.698342,-0.7978993,-0.080890924,0.4245805,-2.2420442,1.5135705,10.400695,-1.29627,-1.9273759,-0.6177887,-1.2600577,4.307728,-0.64146525,-0.5466976,-1.2544609,1
11.0,11,-2.172997,-2.1213212,-0.9086889,4.421615,-1.738661,-2.6910102,-0.81140417,-0.0879879,0.39252824,-2.251494,1.4297944,10.407283,-1.2959894,-1.8713319,-0.6070714,-1.2478623,4.346352,-0.64670926,-0.526,-1.266857,1
11.0,11,-2.3085244,-3.346629,-1.681837,4.0341234,-1.4949889,-1.7166414,-1.3094625,0.25625506,-0.7132986,-2.4759471,1.1487523,9.798908,-1.2946798,-2.8224697,2.3680449,1.9218618,2.5817459,-1.2306066,-0.4398954,-1.8490275,1
11.0,11,-2.3103266,-3.3503907,-1.6794866,4.0401516,-1.5030246,-1.7205942,-1.3042625,0.25349152,-0.711604,-2.477841,1.1699717,9.804764,-1.2959311,-2.8267581,2.347648,1.9184723,2.5945704,-1.225769,-0.44547322,-1.8456036,1
11.0,11,-2.3097568,-3.3534052,-1.6787274,4.029106,-1.5017421,-1.7264067,-1.2980422,0.255802,-0.7074415,-2.4816792,1.1815922,9.815889,-1.2943932,-2.8275428,2.3262398,1.9032897,2.6119337,-1.2152268,-0.4460004,-1.8441573,1
11.0,11,-2.3120656,-3.3583665,-1.6753165,4.037867,-1.5130701,-1.7318773,-1.2904751,0.25239497,-0.70453537,-2.4842882,1.2118803,9.823896,-1.2960579,-2.833722,2.2972853,1.8976079,2.6298501,-1.2086054,-0.45460656,-1.8395497,1
11.0,11,-2.3114877,-3.352953,-1.6777023,4.0446053,-1.5087814,-1.7233794,-1.300495,0.25168496,-0.71020186,-2.479169,1.1850942,9.808847,-1.2967632,-2.8298817,2.3330028,1.9157491,2.6036155,-1.2223873,-0.4496871,-1.8432412,1
11.0,11,-2.3100724,-3.349852,-1.6797566,4.039541,-1.5019851,-1.7200916,-1.3049512,0.25385267,-0.7118316,-2.4775918,1.167146,9.803993,-1.2957604,-2.8261871,2.3502922,1.9188458,2.592849,-1.2263906,-0.4447193,-1.8460548,1
14.0,14,-1.6220747,0.09960314,-3.2573364,-2.3072474,3.4602058,4.038482,-1.4554124,0.97719896,-2.7324255,-0.52589756,0.5507321,0.29967594,-1.6189802,-0.1951442,9.839762,3.8395562,-2.062123,-0.6149696,-2.2620268,-3.5311038,1
14.0,14,-1.5822929,0.070943095,-3.2516072,-2.3206496,3.4767506,3.9867854,-1.4907957,0.891222,-2.765731,-0.5447791,0.62377787,0.31145,-1.6321052,-0.22395319,9.860095,3.9005678,-2.0400782,-0.59775037,-2.2431984,-3.4969485,1
14.0,14,-1.4025534,0.032936513,-3.2195,-2.3557646,3.4512172,3.845715,-1.6824871,0.54610217,-2.7560883,-0.4931309,0.8378933,0.30680412,-1.6506057,-0.24577937,9.892447,4.081583,-2.0039456,-0.66317683,-2.1918745,-3.3647914,1
14.0,14,-1.3482056,-0.015605478,-3.2080991,-2.3895392,3.4583316,3.737545,-1.7413054,0.404348,-2.8022342,-0.5340137,0.985669,0.34227625,-1.6670958,-0.28922585,9.916831,4.16976,-1.9432632,-0.62737954,-2.1606464,-3.30731,1
14.0,14,-1.5636938,0.05531303,-3.2491457,-2.3293874,3.4864395,3.9602318,-1.5081412,0.85014063,-2.7837312,-0.55601436,0.6632928,0.31892467,-1.6390752,-0.23942724,9.869444,3.930577,-2.0262375,-0.5850664,-2.2344582,-3.480612,1
14.0,14,-1.5953044,0.08030354,-3.2537084,-2.3170562,3.4724581,4.0032816,-1.4788972,0.91933435,-2.7560222,-0.5394153,0.6008135,0.30802137,-1.6279749,-0.21483971,9.853556,3.8803701,-2.0463145,-0.60148925,-2.2492921,-3.5084393,1
4.0,4,2.333272,2.7623086,-1.9328665,-3.163017,5.0179687,4.8930984,3.0115294,0.17046057,-2.9989986,-2.0332365,-0.27469698,-0.6395503,-0.3848288,1.7817079,3.550017,2.5395586,-2.0807462,0.50661665,-3.1498067,-2.837949,1
4.0,4,2.389752,2.7612514,-1.9261818,-3.1519883,5.04253,4.881367,2.9484682,0.13793667,-3.0230136,-2.0325482,-0.23362748,-0.6249697,-0.4217986,1.7529606,3.577867,2.574158,-2.079182,0.5110827,-3.1570761,-2.8366208,1
4.0,4,2.5378287,2.7691443,-1.9182653,-3.1464007,5.084569,4.903728,2.8006232,0.05291659,-3.0107548,-1.996109,-0.20018499,-0.6367719,-0.46280882,1.711797,3.606299,2.638001,-2.0939088,0.47534388,-3.1456275,-2.802579,1
4.0,4,2.7414978,2.7694476,-1.89513,-3.1038444,5.1799784,4.8434935,2.5528593,-0.08327226,-3.0995297,-1.9810338,-0.024335843,-0.5660962,-0.625023,1.5953584,3.7087643,2.7640152,-2.0547292,0.4866415,-3.163399,-2.7809234,1
4.0,4,2.4166915,2.7608674,-1.9228301,-3.1463163,5.0550914,4.874505,2.916881,0.12145744,-3.036041,-2.032226,-0.21184553,-0.61608243,-0.4418381,1.7383898,3.5924287,2.5916328,-2.0768793,0.513743,-3.1609478,-2.8358924,1
4.0,4,2.3662033,2.7620134,-1.9286201,-3.156501,5.0324707,4.885275,2.9741025,0.15089679,-3.013702,-2.0326636,-0.24954648,-0.6304131,-0.40738314,1.7649667,3.5666416,2.5599833,-2.079437,0.5098456,-3.1544516,-2.8369608,1
11.0,11,-2.1798494,-2.3839765,-0.9455632,4.526424,-1.4526229,-2.725636,-0.7720161,-0.014941733,0.2840715,-2.6005485,1.3436152,10.324898,-1.4335315,-2.1270647,-1.0449216,-1.4284661,5.3099384,-0.062581874,-0.3571051,-1.5162405,1
11.0,11,-2.1868422,-2.3649285,-0.9206353,4.5560913,-1.5019077,-2.73459,-0.75972086,-0.010476641,0.32034355,-2.5984063,1.451841,10.324686,-1.4355327,-2.1788476,-1.0548886,-1.4447662,5.277513,-0.05413753,-0.3849676,-1.5073955,1
11.0,11,-2.2040255,-2.354928,-0.8791948,4.543313,-1.5848241,-2.7239177,-0.7330846,-0.0067170653,0.43071157,-2.6246462,1.6448791,10.312188,-1.4448858,-2.265823,-1.0853558,-1.464654,5.28519,-0.051596288,-0.424827,-1.5075423,1
11.0,11,-2.2021983,-2.3933737,-0.9151409,4.4662013,-1.5156199,-2.6991932,-0.741144,-0.020213243,0.40698215,-2.6379676,1.4652224,10.306088,-1.4484553,-2.206568,-1.0846025,-1.435973,5.3883,-0.07827302,-0.3696474,-1.5135219,1
11.0,11,-2.1904747,-2.350074,-0.9023218,4.5837345,-1.5375298,-2.7411892,-0.7524734,-0.006830262,0.34606436,-2.596045,1.5307552,10.322924,-1.4371089,-2.2136734,-1.0613625,-1.4579962,5.249083,-0.047321815,-0.40640488,-1.502171,1
11.0,11,-2.1853685,-2.3640072,-0.9192464,4.564273,-1.5041016,-2.7355874,-0.7603141,-0.009112321,0.3212406,-2.5969026,1.4551479,10.324193,-1.4339947,-2.178059,-1.055225,-1.446356,5.2683163,-0.05404349,-0.3867189,-1.5078561,1
11.0,11,-2.24303,-1.7270733,-2.914863,5.501676,-0.7195591,-1.7849227,-0.96739453,0.7110164,-1.1976929,-2.6983514,-0.5597203,8.41007,-0.54638743,-2.8950949,4.2289553,-0.34497193,1.3169658,-0.5036021,0.9674125,-1.7803806,1
11.0,11,-2.2436638,-1.7332908,-2.914875,5.488962,-0.71708786,-1.7838725,-0.9670735,0.7124835,-1.1956365,-2.7022023,-0.5543027,8.423641,-0.5442492,-2.89759,4.216113,-0.3457087,1.3276547,-0.4970172,0.9645953,-1.7822695,1
11.0,11,-2.2451751,-1.7425902,-2.916085,5.4617243,-0.71183115,-1.7815953,-0.9668361,0.7145897,-1.1927329,-2.7079165,-0.54824287,8.439963,-0.54094577,-2.899326,4.2069273,-0.3445689,1.3407584,-0.49057293,0.96222115,-1.7853961,1
11.0,11,-2.2464716,-1.7402416,-2.9179327,5.455253,-0.71034676,-1.7811141,-0.968702,0.7134379,-1.1934663,-2.7062583,-0.55201274,8.429102,-0.54101324,-2.8947754,4.2265086,-0.3418508,1.331713,-0.49590012,0.96467626,-1.7859294,1
11.0,11,-2.244349,-1.7387527,-2.9150772,5.4787383,-0.7150442,-1.7828777,-0.96638924,0.71396375,-1.1938367,-2.7057698,-0.5495416,8.435265,-0.54227304,-2.9001026,4.2045283,-0.3465483,1.3371633,-0.4911169,0.9621476,-1.7839453,1
11.0,11,-2.2436047,-1.7319756,-2.9149199,5.4917626,-0.71760654,-1.7840854,-0.96716154,0.7121688,-1.1960756,-2.70141,-0.55540437,8.4206705,-0.54467386,-2.8970506,4.218937,-0.34559697,1.325337,-0.4983239,0.96513665,-1.781913,1
16.0,15,0.540099,-1.9234519,-3.0253155,0.075190164,1.7743623,0.784533,-0.18688485,1.8734862,-3.4700034,-1.5437785,0.8594996,0.37898707,-3.6825323,-1.1506286,5.833724,8.447447,-1.9335194,-4.465751,-2.8101804,-2.2234805,0
16.0,15,0.5787614,-1.927436,-3.030221,0.08423059,1.8107086,0.78681546,-0.21019675,1.855202,-3.5002906,-1.5683163,0.8820693,0.38130307,-3.6929655,-1.1528188,5.8550916,8.45138,-1.9219724,-4.4540496,-2.8057466,-2.2295985,0
16.0,15,1.0373079,-1.9624189,-3.0004358,0.06377681,2.1489058,0.81497467,-0.34307924,1.7197409,-3.6741376,-1.6593825,0.9699059,0.2837609,-3.7730694,-1.1879777,5.94771,8.490663,-1.8995317,-4.4688873,-2.7806492,-2.165435,0
16.0,15,1.0936345,-1.9429295,-2.9740224,0.04854413,2.1322553,0.8314709,-0.33415735,1.7313135,-3.6269517,-1.6111194,0.910106,0.23705159,-3.762947,-1.19009,5.9160366,8.4986315,-1.9554284,-4.5294304,-2.7882447,-2.1470814,0
16.0,15,0.638096,-1.941179,-3.0434237,0.10077217,1.8857366,0.783891,-0.25360274,1.8232962,-3.5653806,-1.6178292,0.93715274,0.39343876,-3.7205236,-1.1560397,5.8983793,8.453361,-1.8824321,-4.421039,-2.8001428,-2.2395103,0
16.0,15,0.56051016,-1.9252958,-3.028325,0.08061004,1.7944394,0.7844215,-0.2006435,1.861303,-3.4881773,-1.5586841,0.8749232,0.3817558,-3.6890516,-1.1514503,5.8468113,8.449322,-1.9255381,-4.4574704,-2.8072295,-2.226702,0
15.0,15,-0.6603932,-1.4124113,-2.9785335,-0.51245093,0.14539146,3.7311182,-0.4505477,0.18749161,-0.43127298,-0.82501656,-0.9709231,-0.60306066,-2.2483528,0.18302213,3.5859594,9.096274,-0.92059934,-5.340692,-1.7057538,-2.5135214,1
15.0,15,-0.64880633,-1.4150116,-2.9734929,-0.51103926,0.14913814,3.708733,-0.45149535,0.16266966,-0.46123338,-0.83685714,-0.92845684,-0.5894647,-2.2617416,0.17633095,3.5935767,9.106448,-0.9008765,-5.3348413,-1.7152939,-2.5020888,1
15.0,15,-0.68440735,-1.3725191,-2.937813,-0.5512909,0.03710345,3.7519917,-0.47046807,0.13029161,-0.22308126,-0.7823984,-0.95560926,-0.5874591,-2.2358477,0.20387425,3.5165787,9.040143,-0.90669364,-5.3888354,-1.6786889,-2.4969244,1
15.0,15,-0.6359145,-1.38081,-2.919716,-0.5381523,0.047907833,3.6634576,-0.4633335,0.028454764,-0.3471978,-0.8300936,-0.7911473,-0.5341824,-2.2863092,0.16806222,3.5474885,9.085871,-0.8462658,-5.366839,-1.7022375,-2.4351535,1
15.0,15,-0.6331535,-1.4173585,-2.9663541,-0.50901043,0.15256797,3.6815135,-0.4524556,0.13149442,-0.49573165,-0.85053104,-0.8759733,-0.5730809,-2.2787468,0.1672643,3.6022298,9.118472,-0.8787403,-5.328466,-1.7262186,-2.4864285,1
15.0,15,-0.6333981,-1.4159806,-2.9664414,-0.50908875,0.1509231,3.6864083,-0.4518212,0.13505042,-0.48803198,-0.8468689,-0.8849821,-0.57727236,-2.276906,0.16690212,3.6003885,9.1172285,-0.88631445,-5.3307786,-1.7226862,-2.4854057,1
1.0,1,1.0636072,10.743612,0.3670172,1.0266311,-2.820816,-0.26891902,-1.0872644,-1.2575694,0.29929703,3.6373112,-0.59145224,-2.037232,-0.21831231,-0.59629613,1.4004798,-0.9398235,-4.0186152,0.590726,-1.4421757,-2.587472,1
1.0,1,1.0642203,10.74348,0.36732635,1.026722,-2.821018,-0.26919279,-1.0875679,-1.2576684,0.299519,3.637325,-0.5911518,-2.0372446,-0.21855055,-0.59691525,1.4006833,-0.9396765,-4.0186996,0.5905482,-1.4423132,-2.587566,1
1.0,1,1.0661578,10.744597,0.36730766,1.0273951,-2.8215077,-0.2687734,-1.0876664,-1.2576435,0.30183586,3.6357489,-0.59130025,-2.0367334,-0.21807976,-0.5984112,1.3988934,-0.93989015,-4.018043,0.589595,-1.4411409,-2.5875826,1
1.0,1,1.0703028,10.747897,0.36630434,1.03036,-2.821426,-0.26901135,-1.0875999,-1.2565634,0.30020088,3.6233175,-0.58781815,-2.0302458,-0.22239593,-0.60578656,1.4059469,-0.934841,-4.015385,0.5840098,-1.4396974,-2.5900807,1
1.0,1,1.0645125,10.743477,0.36744222,1.0268122,-2.8211,-0.2693263,-1.0876844,-1.2576914,0.29955852,3.6371226,-0.5909713,-2.0371273,-0.21874589,-0.59729266,1.400916,-0.9395264,-4.0186853,0.5903696,-1.4423481,-2.5876298,1
1.0,1,1.0637633,10.74343,0.3672309,1.0265888,-2.8209355,-0.26908866,-1.0874219,-1.2576638,0.29945502,3.6377292,-0.5914123,-2.0374243,-0.21833698,-0.59639645,1.4003935,-0.9399079,-4.0187354,0.59078574,-1.4422891,-2.5874069,1
14.0,14,-0.6862109,-1.2733067,-3.267986,-2.0255458,5.364111,2.0849152,-2.0555136,-0.25004247,-2.3893666,-1.0784514,-1.4252638,-1.3212427,0.016305506,1.4520199,8.990694,2.5089161,-2.1649337,0.379142,-1.4796311,-2.8162346,1
14.0,14,-0.68542117,-1.2913892,-3.2766137,-2.0542357,5.3969617,2.1121426,-2.0672467,-0.25410023,-2.4032967,-1.056028,-1.3952333,-1.3044113,0.009165588,1.3793038,8.983199,2.5709202,-2.1810186,0.4203638,-1.5215638,-2.816365,1
14.0,14,-0.6231134,-1.3673348,-3.3148315,-2.107575,5.511688,2.139326,-2.0960548,-0.28009662,-2.2910025,-0.97204435,-1.4722813,-1.3583999,0.1298754,1.4199512,8.840094,2.5201433,-2.126682,0.36616385,-1.476536,-2.8061519,1
14.0,14,-0.6169956,-1.4158435,-3.3471391,-2.187718,5.6160645,2.2162113,-2.1215105,-0.2786879,-2.3377934,-0.9008182,-1.3897483,-1.3195214,0.09970174,1.2415333,8.805473,2.6839461,-2.1639857,0.485463,-1.6052306,-2.8129747,1
14.0,14,-0.68639547,-1.3048552,-3.2838607,-2.0760722,5.4208117,2.134193,-2.0763197,-0.2567846,-2.4156256,-1.0364752,-1.3704616,-1.2920612,0.0019923141,1.3227698,8.977623,2.6208177,-2.1950815,0.45435134,-1.5559406,-2.8164783,1
14.0,14,-0.6862139,-1.2889825,-3.2750323,-2.0500982,5.390951,2.1086185,-2.0657828,-0.25432125,-2.400562,-1.0586041,-1.3994005,-1.306836,0.010950419,1.3882008,8.984769,2.563184,-2.1798954,0.41404918,-1.5152758,-2.815575,1
0.0,0,8.438298,4.0058694,7.882273,0.8788122,-2.0814602,-1.9652237,-1.3966045,-0.88185555,2.0096288,1.5171242,-0.971172,-3.6819365,0.38832366,0.754432,-3.254054,-1.123858,-2.9437027,-3.0411284,-1.4463133,-1.6446114,1
0.0,0,8.437244,4.003637,7.8842688,0.8792107,-2.0812595,-1.9651664,-1.3964784,-0.8817972,2.00888,1.5140449,-0.9704654,-3.6806006,0.38783756,0.7550107,-3.2527378,-1.1228986,-2.9424522,-3.0424263,-1.4457117,-1.645147,1
0.0,0,8.4385195,4.0081706,7.8812695,0.87857115,-2.0832684,-1.9645181,-1.3977445,-0.88244474,2.0143118,1.5169784,-0.970985,-3.6814559,0.38815898,0.75446594,-3.2547333,-1.1258832,-2.9433224,-3.0416389,-1.4445187,-1.6452658,1
0.0,0,8.454902,3.979774,7.877053,0.88119125,-2.0667295,-1.9585897,-1.3939599,-0.87300414,1.9949744,1.4773349,-0.9644955,-3.671473,0.37958354,0.7524689,-3.238285,-1.1043991,-2.9308565,-3.0609686,-1.4403815,-1.652219,1
0.0,0,8.437302,4.0015516,7.885105,0.8794292,-2.0805807,-1.9649701,-1.3962592,-0.8814681,2.0078802,1.511253,-0.96992075,-3.6796362,0.38732743,0.75523955,-3.251614,-1.121751,-2.9414105,-3.0436897,-1.4452518,-1.6455406,1
0.0,0,8.437153,4.0040994,7.884136,0.87901133,-2.0813973,-1.9653108,-1.3964608,-0.8818955,2.009153,1.5149598,-0.9707246,-3.6809483,0.38802245,0.7550354,-3.2532063,-1.1233563,-2.9427078,-3.0420105,-1.4457988,-1.6447695,1
3.0,1,-0.9608279,9.110026,-0.85882866,3.4540246,-2.9510705,-1.2607588,-0.67657614,-1.0244735,-1.2246547,3.8099716,-0.35863304,-1.2571831,-1.38436,0.016269483,3.4732583,-2.1863928,-3.3226316,1.1868371,-1.4511429,-2.097935,0
3.0,1,-0.96086633,9.110041,-0.8587762,3.453859,-2.951111,-1.2607414,-0.67656314,-1.0245003,-1.2246057,3.810042,-0.3586789,-1.2572554,-1.3843313,0.016433734,3.4732804,-2.1864176,-3.3226998,1.1868103,-1.4511236,-2.0979214,0
3.0,1,-0.9607842,9.109827,-0.8588733,3.4531748,-2.951009,-1.2605848,-0.6768065,-1.0246192,-1.2245197,3.8106124,-0.3585611,-1.2576115,-1.3841317,0.016295012,3.4734182,-2.1862867,-3.3229423,1.1871046,-1.4512166,-2.0979102,0
3.0,1,-0.9605448,9.109324,-0.85920846,3.4529963,-2.9507694,-1.2605159,-0.67719275,-1.0247136,-1.2245533,3.8111515,-0.35820654,-1.2578132,-1.3839793,0.015417917,3.473611,-2.1860456,-3.3230019,1.1875427,-1.4514058,-2.0979064,0
3.0,1,-0.96088946,9.110102,-0.8587352,3.45391,-2.951155,-1.2607614,-0.6765105,-1.0244938,-1.224581,3.809984,-0.35873023,-1.2572318,-1.3843497,0.01653213,3.4732344,-2.1864552,-3.3226898,1.1867342,-1.4510926,-2.0979054,0
3.0,1,-0.96089727,9.110176,-0.85870814,3.4540157,-2.9511747,-1.2607803,-0.6764596,-1.024471,-1.224586,3.80989,-0.35876396,-1.2571791,-1.3843808,0.016581502,3.4731667,-2.1864824,-3.322654,1.1866809,-1.4510728,-2.097904,0
5.0,7,-0.3175145,-1.9845746,-2.6824827,-2.503364,6.8137984,5.3094006,6.6631565,8.515319,-3.422176,-2.8830426,-2.1753647,-2.2911315,-2.7705917,-3.0314548,0.42834502,1.8557326,-0.6102356,-1.0251889,-3.6766613,0.37379408,0
5.0,7,-0.30014926,-1.9905845,-2.7046256,-2.5028002,6.9175944,5.3797917,6.5635076,8.524997,-3.4398093,-2.8946424,-2.1953714,-2.282761,-2.7896981,-3.0206678,0.46559864,1.8899525,-0.59093344,-0.9702236,-3.6980522,0.25512686,0
5.0,7,-0.3945326,-2.014022,-2.578808,-2.4651682,6.230984,5.1134863,6.7521825,8.512827,-3.276513,-2.7720366,-1.9908777,-2.2358727,-2.7902822,-3.0843158,0.178439,1.6899899,-0.57088697,-1.2050681,-3.6230311,0.93024987,0
5.0,7,-0.3493081,-2.0259917,-2.6321795,-2.464525,6.4752007,5.2921596,6.5296345,8.555579,-3.3143926,-2.8022816,-2.0447474,-2.2177107,-2.8337345,-3.0641348,0.26134878,1.770273,-0.53287077,-1.0861495,-3.6870182,0.6413658,0
5.0,7,-0.28161636,-1.9947186,-2.7236974,-2.501473,7.0112343,5.4434776,6.471783,8.529914,-3.4551425,-2.9034116,-2.2129483,-2.2760203,-2.8063722,-3.0099947,0.49933994,1.9194444,-0.575454,-0.9208793,-3.716654,0.15000762,0
5.0,7,-0.29133242,-1.9908898,-2.709356,-2.5010045,6.945791,5.405806,6.528482,8.526296,-3.4424229,-2.8946142,-2.2020254,-2.2813847,-2.7959569,-3.0158386,0.47524393,1.8987579,-0.5897694,-0.9556655,-3.7058203,0.22302116,0
5.0,5,1.2483138,5.156104,-1.72623,-3.840014,2.0955732,5.9186907,-0.26778117,-0.29362482,-0.50689363,1.4830555,-0.6697728,-2.4463274,-0.21029663,3.0947423,3.1722453,3.114051,-4.1570396,0.100012906,-3.4498756,-3.9380255,1
5.0,5,1.2863454,5.1671743,-1.7154385,-3.8311214,2.0977254,5.905283,-0.29844412,-0.31857386,-0.52813286,1.4865509,-0.63702476,-2.4388225,-0.2487904,3.0554185,3.202666,3.158228,-4.1634183,0.08407641,-3.4526725,-3.9274874,1
5.0,5,1.3455294,5.2194777,-1.6998117,-3.8131976,2.0659845,5.932386,-0.37539962,-0.37272668,-0.48797512,1.5176433,-0.62197477,-2.4477646,-0.25313476,3.0301085,3.2024326,3.1607468,-4.1594853,0.055211257,-3.4219227,-3.912381,1
5.0,5,1.4541186,5.282839,-1.667187,-3.7642756,2.0809972,5.894114,-0.5063236,-0.45700955,-0.58777493,1.5248932,-0.49391347,-2.3967032,-0.42919725,2.88456,3.3538685,3.3398364,-4.158579,-0.016316509,-3.4305508,-3.886657,1
5.0,5,1.3078086,5.174451,-1.7091267,-3.825383,2.0996475,5.896858,-0.31672615,-0.33283305,-0.5423762,1.4881713,-0.6168331,-2.4333134,-0.27335435,3.0318356,3.2222745,3.1851146,-4.1664686,0.07460777,-3.4548159,-3.921583,1
5.0,5,1.2715216,5.163018,-1.7193713,-3.8348024,2.096544,5.909456,-0.2857001,-0.30893734,-0.51980925,1.4852884,-0.64973575,-2.4419293,-0.23346438,3.070939,3.1900704,3.1406302,-4.1612935,0.09061935,-3.4518008,-3.9312413,1
2.0,9,-1.7609768,-1.8016121,2.3418322,-0.8619994,-3.180761,-1.888798,-1.612501,-2.022816,1.6167037,8.806336,-0.68254924,-2.6745684,-0.7908834,0.349583,-1.8519026,-0.7814293,-2.5356157,-0.7347917,0.0029926747,7.145794,0
2.0,9,-1.7573535,-1.8024141,2.3380275,-0.8623345,-3.1752777,-1.8942684,-1.6052272,-2.027111,1.612996,8.799927,-0.676548,-2.6722634,-0.7906629,0.34470835,-1.8566942,-0.7879618,-2.532115,-0.73163664,0.010906711,7.1655507,0
2.0,9,-1.7594305,-1.8148358,2.3411648,-0.86476797,-3.1782494,-1.9008218,-1.5835981,-2.0235736,1.6002216,8.764472,-0.6707833,-2.6625159,-0.80740684,0.34162918,-1.8537326,-0.77669084,-2.5268455,-0.75770134,0.032812275,7.2179055,0
2.0,9,-1.7652,-1.8068957,2.3762603,-0.8757721,-3.1876032,-1.8793968,-1.6094977,-1.9967569,1.6036159,8.803543,-0.6985772,-2.6830235,-0.812778,0.37373894,-1.824631,-0.74342436,-2.555777,-0.77432454,-0.03823021,7.100649,0
2.0,9,-1.7569106,-1.8023065,2.341939,-0.8648191,-3.17393,-1.8938054,-1.6038414,-2.0244002,1.6105664,8.800694,-0.67758644,-2.673579,-0.7930317,0.34739643,-1.8541632,-0.7850307,-2.5344288,-0.7346321,0.004327692,7.1600327,0
2.0,9,-1.7581874,-1.8018657,2.3397698,-0.863128,-3.1765018,-1.8922673,-1.6073557,-2.0247648,1.613949,8.802796,-0.6787539,-2.6735442,-0.7910838,0.3468189,-1.8545729,-0.7852269,-2.5341892,-0.7331357,0.005737759,7.156976,0
17.0,17,-4.105923,-1.6475918,-1.2075917,-0.88311374,-0.7920638,-3.6105313,2.6716926,0.8014883,-1.9090507,-2.859105,3.4458692,5.1449575,0.70220166,2.881955,-0.6443575,-3.7978883,3.757174,5.33383,-0.4841992,-2.308149,1
17.0,17,-4.100104,-1.5652958,-1.2460637,-0.8369036,-0.70405895,-3.5703986,2.5392165,0.8155228,-1.9632546,-2.8029659,3.6274421,5.1075196,0.68723536,2.6341918,-0.56483483,-3.8162932,3.5841722,5.7265005,-0.5729873,-2.332168,1
17.0,17,-4.2318225,0.21159114,-2.0098605,-1.7943221,-0.4947352,-1.924822,2.4917278,0.6070547,-1.7936751,-0.8719827,3.2434945,2.6161628,1.0018846,2.942269,2.9500792,-2.6364963,-0.34019727,3.8317444,-1.8782717,-2.4506016,1
17.0,17,-4.2410846,0.25073695,-2.0159452,-1.8262248,-0.55220044,-1.9004709,2.6170504,0.6583322,-1.7276201,-0.7667029,3.114425,2.5178595,0.9917903,3.0270636,2.9385402,-2.604135,-0.3831812,3.5686555,-1.8807204,-2.378008,1
17.0,17,-4.082794,-1.4577773,-1.2784172,-0.7900507,-0.6067222,-3.5114844,2.3608963,0.7946171,-2.0281308,-2.7351742,3.839432,5.0471554,0.64987147,2.3946736,-0.4762634,-3.8286676,3.399758,6.168095,-0.6702783,-2.353888,1
17.0,17,-4.101862,-1.5882981,-1.2295958,-0.83452165,-0.7233517,-3.5879364,2.5524974,0.80843705,-1.9583635,-2.8237846,3.597097,5.1349015,0.66674227,2.6815028,-0.59550506,-3.811736,3.6536248,5.6643753,-0.5544369,-2.323905,1
18.0,18,-2.417626,-2.298178,-0.32957786,0.5768235,-2.6089404,-2.6637063,-1.6532418,-3.6006942,1.9664661,0.6281976,-0.44412348,1.0801032,0.94769543,-0.55595857,-0.98377115,-0.9132172,2.16968,-0.6467815,10.76128,7.285524,1
18.0,18,-2.4226787,-2.2858002,-0.3059645,0.5698073,-2.6214905,-2.6764636,-1.6234802,-3.6003451,1.9566718,0.63261634,-0.42457378,1.0822183,0.90376955,-0.58844715,-0.98011404,-0.90587443,2.1630719,-0.65926087,10.743495,7.3343024,1
18.0,18,-2.3915315,-2.2370808,-0.33877504,0.61848676,-2.6123636,-2.6295679,-1.6262835,-3.5887754,2.0736935,0.62086064,-0.4313305,1.0851287,0.6881727,-0.6555302,-0.9686506,-0.8647045,2.1579568,-0.76023895,10.640681,7.536623,1
18.0,18,-2.687358,-2.259668,-0.01747853,0.3706571,-3.1319928,-2.7325592,-1.9049202,-3.8768113,3.0230377,1.7431436,-0.5124882,0.8659033,0.83633435,-0.5133633,-1.2012752,-1.0240331,1.7053138,-0.89403754,10.3391285,7.69981,1
18.0,18,-2.4508822,-2.281361,-0.25790894,0.54617095,-2.6721997,-2.6991448,-1.6112958,-3.6214457,2.014764,0.7205778,-0.40977758,1.0680459,0.8714083,-0.61303025,-1.0004847,-0.9135248,2.1267793,-0.6805725,10.7080765,7.407274,1
18.0,18,-2.4292252,-2.2891033,-0.2993254,0.56501985,-2.6317825,-2.680305,-1.6284492,-3.6072924,1.9735582,0.65662557,-0.42525917,1.0771317,0.9101598,-0.5852284,-0.9871763,-0.9110324,2.1544046,-0.65961653,10.739461,7.340395,1
10.0,10,-0.5151658,0.13465951,0.36464092,0.5176255,-1.4460031,-1.8942022,-1.1658685,-1.8462781,-1.2742873,-0.54742813,10.562797,2.1780534,-2.9461987,-0.99143785,2.1021004,2.1518786,0.21489663,0.06900643,-2.8087478,0.080018565,1
10.0,10,-0.4993958,0.13345625,0.36134198,0.5188781,-1.4420993,-1.8826257,-1.1674927,-1.848883,-1.2764823,-0.55363417,10.555705,2.1606057,-2.9505365,-0.9952423,2.1103747,2.1695843,0.21240534,0.0585385,-2.8093994,0.07481107,1
10.0,10,-0.4393823,0.13437863,0.35574648,0.5312148,-1.4507484,-1.8373293,-1.1658475,-1.8450687,-1.2577444,-0.5739094,10.519601,2.1182287,-2.9676652,-1.0070761,2.112385,2.2417686,0.21071555,-0.030675685,-2.824666,0.04727499,1
10.0,10,-0.4126823,0.13226597,0.34915897,0.5299326,-1.446889,-1.8133622,-1.1707549,-1.8498893,-1.2585183,-0.59213024,10.504648,2.0974152,-2.9788573,-1.0149086,2.1245954,2.2806358,0.2195067,-0.055809516,-2.825938,0.03168058,1
10.0,10,-0.49131382,0.13292082,0.35926434,0.51922107,-1.4400663,-1.8760352,-1.1686269,-1.8505899,-1.2777872,-0.5573747,10.551791,2.1516488,-2.9529748,-0.9973526,2.1154137,2.179569,0.211554,0.05315273,-2.8095682,0.071664095,1
10.0,10,-0.50384414,0.13362892,0.36218974,0.5182793,-1.4429708,-1.8857441,-1.1671779,-1.8482544,-1.2760537,-0.5521915,10.557708,2.1654475,-2.9496148,-0.99422795,2.108205,2.1650271,0.21362747,0.061684903,-2.809148,0.07615875,1
4.0,4,0.16443881,-3.25768,-3.4977753,-3.0286975,8.6519375,2.187151,-0.121048644,2.890386,-3.6965957,-2.9101765,-0.20622176,0.16599949,1.341854,-0.31155697,1.0017406,0.44191566,0.90580785,7.649718,-2.2206411,-4.110159,1
4.0,4,0.13911016,-3.2274165,-3.4729621,-3.0277257,8.601944,2.2255225,-0.1504723,2.8509953,-3.6706984,-2.847928,-0.12647372,0.14353684,1.3370097,-0.44734386,0.900107,0.43830553,0.92091954,7.814389,-2.1982903,-4.0509157,1
4.0,4,0.2018719,-3.3355525,-3.4781995,-3.1048772,8.677791,2.161966,-0.043230206,2.8776298,-3.6278782,-2.8769133,-0.3826971,0.048401695,1.5399727,-0.24916787,0.84320575,0.43218997,0.9788171,7.5047174,-2.148302,-4.1086564,1
4.0,4,0.07590127,-3.1722965,-3.3411942,-3.0847573,8.402083,2.367375,-0.1953855,2.698484,-3.4962559,-2.5589125,-0.02474719,-0.074937694,1.4860431,-0.84391034,0.3602612,0.4200045,1.0460509,8.232187,-2.0421329,-3.8235922,1
4.0,4,0.11994821,-3.2006087,-3.4528658,-3.026265,8.561948,2.257854,-0.17332153,2.8209722,-3.6503546,-2.7985995,-0.07052254,0.11923616,1.3336321,-0.537516,0.8280337,0.43521473,0.9252207,7.932148,-2.183215,-4.0079026,1
4.0,4,0.14046061,-3.2282562,-3.4744277,-3.0278335,8.604494,2.2258089,-0.14937037,2.8525834,-3.6718264,-2.8500345,-0.13167673,0.14180973,1.3383108,-0.4389848,0.9064632,0.43946296,0.9171237,7.8057766,-2.1998315,-4.054447,1
7.0,5,-1.107854,-0.14624964,-3.308688,-1.8009007,2.0756855,9.018086,0.32436487,5.253411,-2.2695248,-1.5279853,-1.5951918,-1.0957596,-2.9825652,-1.2744012,2.2460117,5.180879,-0.56926596,-0.8080327,-2.589572,-3.462283,0
7.0,5,-1.0898637,-0.15286528,-3.2909188,-1.816318,2.1481042,9.037552,0.31002,5.3006625,-2.2794797,-1.5120044,-1.6154777,-1.1411928,-2.9610343,-1.2863389,2.2502098,5.1363297,-0.61546034,-0.70498973,-2.6184618,-3.4967375,0
7.0,5,-1.442318,-0.5136011,-3.144432,-1.3640699,1.7349367,8.679778,1.0891743,5.8796515,-1.8737388,-1.5009059,-2.2265956,-1.1129873,-3.1763678,-1.1046761,2.3177686,5.3329453,-0.9190816,-2.5455492,-2.739319,-2.8316238,0
7.0,5,-1.4971578,-0.5074879,-3.15321,-1.2843704,1.5455091,8.573837,1.1924727,5.8325424,-1.8249029,-1.5188936,-2.1910298,-1.012736,-3.238237,-1.08849,2.2578568,5.3708515,-0.8303399,-2.8225658,-2.684356,-2.6826634,0
7.0,5,-1.062488,-0.16746075,-3.2642643,-1.8333071,2.2594714,9.057779,0.29394725,5.374356,-2.2996814,-1.4918988,-1.6496038,-1.2072192,-2.9371655,-1.3032609,2.2671454,5.0868177,-0.6917841,-0.5716297,-2.667438,-3.5458639,0
7.0,5,-1.0946921,-0.14911287,-3.299123,-1.8183571,2.1276228,9.035161,0.3093734,5.2763047,-2.2771606,-1.515804,-1.6017158,-1.1272929,-2.964659,-1.2835187,2.2447052,5.1463666,-0.59370506,-0.72046053,-2.6049023,-3.4861562,0
13.0,13,-1.3223019,0.013725689,0.12042338,-1.4228806,-1.2597889,-0.6638712,-1.5056088,-2.663045,-0.1858533,1.7651474,-0.40658453,-1.8897893,-0.022256348,10.850519,-0.67244387,-2.122477,-1.0421841,-0.5411181,0.0035123825,2.4379265,1
13.0,13,-1.3224387,0.012734426,0.12092106,-1.4232748,-1.2601076,-0.6648912,-1.5041504,-2.663359,-0.1859791,1.764584,-0.4055925,-1.8893045,-0.022379044,10.849467,-0.6736454,-2.1226783,-1.0421882,-0.5418324,0.0044846833,2.4416456,1
13.0,13,-1.3246895,0.0034105014,0.12428182,-1.4239767,-1.2648222,-0.67534125,-1.493846,-2.6708338,-0.18540378,1.7639446,-0.40075588,-1.8877715,-0.023554165,10.837454,-0.68105274,-2.1243143,-1.0421066,-0.54986304,0.021824807,2.484203,1
13.0,13,-1.3205822,0.002943186,0.122201234,-1.4297618,-1.2608758,-0.675532,-1.4938756,-2.6701527,-0.18442017,1.7939808,-0.39981562,-1.9023342,-0.016412418,10.830846,-0.692158,-2.1305525,-1.0603634,-0.53720707,0.0031327382,2.4911313,1
13.0,13,-1.3223342,0.011743588,0.12110056,-1.4240044,-1.2601341,-0.6658166,-1.5030099,-2.6637473,-0.1859467,1.7665775,-0.40482473,-1.8900782,-0.02192505,10.8479595,-0.6753653,-2.1233003,-1.0435777,-0.5415391,0.0042222664,2.4457326,1
13.0,13,-1.3225058,0.013045495,0.121016294,-1.4228903,-1.2601801,-0.664648,-1.5043249,-2.6631663,-0.18612853,1.7628957,-0.40578213,-1.8886147,-0.02274936,10.850108,-0.6728718,-2.122286,-1.0412413,-0.54237276,0.0049062297,2.440201,1
3.0,3,-0.22043812,1.65767,-0.41528195,11.712991,-1.8467486,-1.2453078,-0.88678414,0.21017827,-0.44528398,0.03586734,-1.6603738,1.2358648,-0.88408023,-1.0636108,0.20327626,-1.5398859,-1.1024232,-0.92171663,-0.31394464,-0.7934782,1
3.0,3,-0.22134411,1.6604065,-0.4172877,11.712966,-1.8472823,-1.2460968,-0.8886402,0.2091706,-0.44365674,0.037873372,-1.6600815,1.2416767,-0.88375926,-1.0656513,0.20179956,-1.5413877,-1.1016926,-0.9191645,-0.31409568,-0.7954205,1
3.0,3,-0.22271293,1.6659455,-0.42453754,11.710964,-1.8455085,-1.2463586,-0.89173627,0.2078981,-0.44021395,0.046913132,-1.6622616,1.2437669,-0.8826508,-1.0670959,0.2013476,-1.5440983,-1.1044428,-0.9150869,-0.31637514,-0.7962888,1
3.0,3,-0.21757045,1.6528314,-0.45023382,11.711191,-1.8524396,-1.2339584,-0.89212894,0.21571758,-0.430162,0.018073298,-1.668866,1.2602922,-0.8768294,-1.0651762,0.20473091,-1.5239846,-1.0868217,-0.9432575,-0.32208565,-0.8164744,1
3.0,3,-0.22087936,1.6507114,-0.43064508,11.714423,-1.8535578,-1.2394974,-0.88956946,0.21347061,-0.4354037,0.017701976,-1.6641318,1.2654337,-0.88045424,-1.0680778,0.20006646,-1.52994,-1.0875419,-0.9348091,-0.31467876,-0.8092014,1
3.0,3,-0.22018193,1.6568973,-0.41899857,11.713379,-1.8483473,-1.2441883,-0.8877319,0.21062009,-0.4433081,0.031834736,-1.6607205,1.242333,-0.8832661,-1.0646605,0.20267417,-1.5377876,-1.0989221,-0.924386,-0.31432843,-0.79745764,1
4.0,4,-1.6720057,-2.923313,-4.4084573,-3.8414416,8.176224,5.4040875,2.2897923,4.887826,-1.9520653,-1.2278364,-2.9579093,-1.9589643,-1.9518467,-1.0194017,4.2459655,4.827943,0.3367527,-1.6855162,-3.5503876,-3.0204425,1
4.0,4,-1.6572783,-2.979394,-4.4158306,-3.87594,8.184943,5.3932457,2.292094,4.8001337,-1.997391,-1.2400693,-2.9125133,-1.928028,-1.9650618,-1.0512251,4.183702,4.9779267,0.38333666,-1.6715065,-3.5524106,-2.9910514,1
4.0,4,-1.6404692,-2.8873606,-4.43408,-3.893143,8.205487,5.397269,2.1628325,4.8270974,-1.8289928,-1.1381245,-2.9281936,-1.9396132,-1.8864528,-0.97534597,4.1703067,4.636744,0.42320466,-1.6053437,-3.559421,-3.0397196,1
4.0,4,-1.6097488,-3.0051208,-4.447002,-3.9570887,8.246654,5.359639,2.2102702,4.6980195,-1.9519901,-1.1946669,-2.838684,-1.8667456,-1.9305786,-1.0631285,4.053773,4.917795,0.52233225,-1.5635223,-3.568451,-2.9750397,1
4.0,4,-1.6442324,-3.0244296,-4.422043,-3.899877,8.19207,5.3803067,2.2958837,4.7346935,-2.0362062,-1.2522571,-2.875337,-1.900671,-1.9787638,-1.0789491,4.138266,5.0931787,0.4194802,-1.6601294,-3.554187,-2.9665668,1
4.0,4,-1.6565994,-2.981689,-4.41608,-3.877231,8.185949,5.3924503,2.2930496,4.7971063,-1.999939,-1.2413011,-2.9107156,-1.926496,-1.9659075,-1.0529765,4.1815033,4.983538,0.3854305,-1.670645,-3.5524094,-2.9896882,1
13.0,12,-2.1591632,-1.1947421,1.434477,-0.8535326,-2.690927,-1.4994363,-0.19455631,0.57491857,5.3044705,2.4277244,-4.097127,-1.8501877,8.691144,4.9978385,-2.5388377,-2.6620157,-3.7660575,0.1896675,1.5129687,-3.0094783,0
13.0,12,-2.1646051,-1.1912124,1.4375709,-0.84893584,-2.69979,-1.5001255,-0.20085187,0.57189375,5.316742,2.4328458,-4.099274,-1.8478693,8.683968,5.004888,-2.540462,-2.6665494,-3.768933,0.18595643,1.5204247,-3.0064597,0
13.0,12,-2.236525,-1.1830919,1.4137168,-0.83207256,-2.7837565,-1.4790989,-0.3107533,0.49132103,5.558672,2.560612,-4.13637,-1.813143,8.612185,5.017061,-2.5713625,-2.6656094,-3.7379916,0.10397386,1.6127259,-2.9531724,0
13.0,12,-1.8798462,-1.3763498,1.2674176,-0.94368947,-2.548655,-1.4870067,-0.106213115,0.53220344,5.1694913,2.1860044,-4.0043855,-1.8486966,9.147632,4.419419,-2.4771729,-2.4079967,-3.743732,0.18159167,1.5641983,-3.0620024,0
13.0,12,-2.1150963,-1.2189969,1.4160993,-0.86046606,-2.6738615,-1.5017399,-0.1790012,0.5710833,5.275155,2.3865697,-4.0834,-1.8531619,8.765106,4.9156265,-2.5280292,-2.626458,-3.7751,0.18898606,1.519447,-3.0200944,0
13.0,12,-2.1524537,-1.1981012,1.4327873,-0.8524942,-2.691841,-1.5006844,-0.19375916,0.57253295,5.303128,2.4211304,-4.095333,-1.850185,8.703655,4.984138,-2.5371668,-2.6566684,-3.7701294,0.18764472,1.5177119,-3.0100672,0
3.0,3,-0.0922087,2.4114635,-0.17945185,11.705595,-2.2905922,-1.4060831,-0.48881105,0.051295787,-0.6497643,0.0918465,-0.93687963,0.74146175,-1.0863189,-1.3261055,0.66624737,-1.5688763,-1.6339577,-0.88555217,-0.18787158,-0.54956955,1
3.0,3,-0.0919962,2.4092047,-0.18020722,11.70639,-2.2898824,-1.4054922,-0.49017224,0.051271737,-0.6502461,0.090089396,-0.93639046,0.7435034,-1.0863119,-1.3259838,0.6661876,-1.5679513,-1.6322355,-0.8855145,-0.18809554,-0.55087054,1
3.0,3,-0.09221616,2.4080603,-0.18118966,11.706828,-2.2897246,-1.4053503,-0.49087802,0.05113807,-0.65024716,0.08947746,-0.9360083,0.7451733,-1.0861741,-1.3261354,0.6659577,-1.567717,-1.6314187,-0.8851235,-0.18781918,-0.5512732,1
3.0,3,-0.09190649,2.4035556,-0.18322277,11.708429,-2.2884476,-1.4041661,-0.4936283,0.050977085,-0.651005,0.086159475,-0.9349517,0.749634,-1.086096,-1.3260171,0.6656627,-1.5658567,-1.628075,-0.8849173,-0.18806341,-0.55371195,1
3.0,3,-0.09177123,2.4073026,-0.18082258,11.707051,-2.289272,-1.4049724,-0.4913128,0.051260825,-0.6506454,0.08860052,-0.93599707,0.7451681,-1.0863085,-1.3258691,0.6661219,-1.5671434,-1.6307998,-0.8855258,-0.18831447,-0.5519674,1
3.0,3,-0.09198457,2.4093866,-0.18012527,11.706322,-2.2899344,-1.4055338,-0.4900614,0.051274087,-0.65019995,0.09023954,-0.9364387,0.74330467,-1.08631,-1.325984,0.666164,-1.5680196,-1.6323872,-0.8855309,-0.18809159,-0.5507539,1
4.0,15,0.46346828,-1.8160889,-3.1151412,-1.0066817,2.7886033,4.760864,3.18773,3.4980876,-2.9744976,-2.2942686,-2.4325306,-1.023036,-2.3199708,-1.7972157,2.5670033,8.812199,-2.1748002,-4.7103286,-1.7050043,-2.0066752,0
4.0,15,0.5562943,-1.8316514,-3.100719,-0.97381586,2.7959378,4.730645,2.997997,3.391711,-2.9726744,-2.247778,-2.4042885,-1.0199519,-2.3573425,-1.7628264,2.6206808,8.889355,-2.192977,-4.7016435,-1.7364823,-2.043434,0
4.0,15,0.8133734,-1.8144945,-3.0361362,-0.9429155,2.736719,4.7621956,2.6939402,3.2587774,-2.8607464,-2.1149127,-2.4189603,-1.1045768,-2.3975627,-1.6966428,2.6258407,8.958144,-2.2890801,-4.761947,-1.7764134,-2.047242,0
4.0,15,0.95799536,-1.840193,-3.0116303,-0.89950556,2.75893,4.689238,2.4442115,3.0949965,-2.8657024,-2.0557568,-2.3686416,-1.097239,-2.4483635,-1.6621336,2.700417,9.058479,-2.297366,-4.74474,-1.8118485,-2.090478,0
4.0,15,0.6533267,-1.8435099,-3.0850224,-0.9414831,2.8007236,4.6998105,2.8168762,3.2911198,-2.9692483,-2.2025933,-2.3770335,-1.0200883,-2.3906102,-1.7314333,2.6699119,8.95806,-2.211698,-4.694723,-1.7657288,-2.0783544,0
4.0,15,0.53890985,-1.8325158,-3.1037998,-0.9800858,2.8000486,4.731977,3.028945,3.4060483,-2.97647,-2.2566197,-2.4072175,-1.0181707,-2.3528216,-1.7690772,2.614173,8.880178,-2.1872892,-4.69995,-1.7322714,-2.0371568,0
5.0,5,-0.36136135,-1.0156426,-3.664556,-2.4579005,5.723432,9.372173,-0.28233555,5.1007404,-1.8930827,-1.1706524,-2.435798,-1.6101671,-0.48006648,-0.807879,2.8959994,2.2923985,-1.1502043,1.8108124,-2.3195274,-4.235329,1
5.0,5,-0.34242117,-1.003829,-3.6570163,-2.488283,5.769475,9.393871,-0.317099,5.001879,-1.9278682,-1.1396449,-2.3891795,-1.6537117,-0.5148329,-0.81058675,2.880039,2.3614213,-1.1292435,1.8878486,-2.3262093,-4.20799,1
5.0,5,-0.34106535,-0.976452,-3.5934427,-2.49618,5.5781927,9.513975,-0.4419987,4.788331,-1.6862721,-0.883181,-2.442785,-1.7181152,-0.47437438,-0.6910128,2.6998265,2.367365,-1.0671638,1.6602265,-2.2531424,-4.1132154,1
5.0,5,-0.25867698,-0.920363,-3.5691984,-2.6068678,5.747502,9.566616,-0.536603,4.4439363,-1.8482172,-0.7791583,-2.2391665,-1.8646183,-0.65701866,-0.743613,2.6403682,2.6377037,-0.9604804,1.9288678,-2.2866566,-3.9822893,1
5.0,5,-0.33067924,-0.99668,-3.6524186,-2.5082939,5.800824,9.40513,-0.33730832,4.9402366,-1.9517213,-1.1220154,-2.35745,-1.6810243,-0.53755736,-0.8136152,2.86942,2.404665,-1.115182,1.941168,-2.3308828,-4.190221,1
5.0,5,-0.34520644,-1.0050592,-3.658006,-2.4837153,5.762508,9.391198,-0.312522,5.0152707,-1.9230288,-1.1437097,-2.39614,-1.6481415,-0.5095775,-0.80968153,2.8831809,2.351875,-1.1332633,1.8766713,-2.3252602,-4.2119803,1
15.0,15,-0.49303132,-1.4568949,-2.2586935,-2.0059328,3.077371,6.5606523,0.11339381,1.5416743,-2.9226067,-1.8581325,-1.1956654,-1.0365088,-3.7657628,-0.6637517,4.2074566,9.103898,-0.88587135,-2.7380316,-2.1387227,-2.8252687,1
15.0,15,-0.48573047,-1.466217,-2.258083,-1.9955102,3.0567522,6.496212,0.057345152,1.4699724,-2.936623,-1.8522809,-1.1380554,-1.0182408,-3.7564862,-0.6521718,4.2294536,9.140063,-0.8792849,-2.7077656,-2.1386468,-2.841331,1
15.0,15,-0.5413132,-1.4429101,-2.4433331,-1.7584308,2.6780016,6.201837,-0.067139626,1.1803986,-2.828839,-1.8205513,-1.0705377,-0.8582566,-3.7475977,-0.49390242,4.3182507,9.267235,-0.8512564,-3.1525512,-2.0034654,-2.6322436,1
15.0,15,-0.5092597,-1.464058,-2.4221895,-1.6701921,2.4759614,5.7485547,-0.26875976,0.7786385,-2.8645022,-1.7623647,-0.76708275,-0.73421204,-3.7399032,-0.4317432,4.451616,9.453764,-0.8539148,-3.1982772,-1.9857968,-2.5656333,1
15.0,15,-0.47295594,-1.4813498,-2.249043,-1.9775618,3.0261545,6.3822794,-0.0098852655,1.3635803,-2.9621248,-1.8411893,-1.054733,-0.9871492,-3.7554035,-0.64382833,4.270797,9.203533,-0.8812369,-2.686581,-2.141911,-2.842518,1
15.0,15,-0.48214957,-1.4691023,-2.2525678,-1.9901081,3.0500667,6.4646397,0.046836123,1.4465337,-2.9451923,-1.8489351,-1.1210581,-1.009961,-3.7611995,-0.6539284,4.2444453,9.15853,-0.88587916,-2.7104843,-2.1410694,-2.8349595,1
1.0,1,0.17293169,11.0231695,-0.11756571,0.3520324,-2.365979,0.6056033,-0.32737705,-1.5532851,-0.6331896,2.064196,0.15218018,-1.1738776,-0.048967,1.6146814,1.697389,-0.7682726,-3.696577,0.6582814,-1.4629425,-2.6927023,1
1.0,1,0.1862647,11.027893,-0.11470601,0.35767543,-2.3675356,0.6018674,-0.33725062,-1.5581965,-0.63595086,2.0556092,0.15954687,-1.1677463,-0.05757222,1.5939002,1.7195305,-0.7567207,-3.6990726,0.646846,-1.4610715,-2.695101,1
1.0,1,0.22082007,11.039898,-0.10285674,0.3640341,-2.3757896,0.6030064,-0.35138395,-1.5675926,-0.6115383,2.0630507,0.16322254,-1.1741966,-0.052833837,1.5689658,1.7040277,-0.7548844,-3.7030582,0.63414687,-1.4562522,-2.6926093,1
1.0,1,0.27016792,11.063732,-0.09511022,0.4008689,-2.3811686,0.58416134,-0.40926787,-1.5894079,-0.63717204,2.0041327,0.20809169,-1.1224946,-0.11033104,1.457488,1.8469937,-0.6833883,-3.7046702,0.5630121,-1.441018,-2.7087207,1
1.0,1,0.19306862,11.030134,-0.11314286,0.36049625,-2.368327,0.5995941,-0.3417084,-1.5606135,-0.6374201,2.0512218,0.1632489,-1.1649024,-0.061848704,1.5834246,1.7301141,-0.7511038,-3.7003458,0.6412865,-1.4601672,-2.6959713,1
1.0,1,0.18145469,11.02615,-0.115613654,0.35576862,-2.3670323,0.6028521,-0.33311892,-1.5563151,-0.63503385,2.0588195,0.15676682,-1.1701576,-0.05445599,1.6015682,1.7106009,-0.76129186,-3.6981149,0.6513464,-1.4618487,-2.6938992,1
15.0,15,-1.3053238,-1.8679351,-3.1025314,-0.6821728,0.8287973,2.1610117,-1.3203789,-1.6581644,-2.2999096,-0.34561914,-0.11043875,-0.59030586,-2.2448769,-0.8223997,7.483626,9.149946,-1.8746147,-3.804282,-1.4865884,-0.97971374,1
15.0,15,-1.2955905,-1.866747,-3.1007986,-0.6746587,0.82556826,2.157274,-1.328146,-1.6615019,-2.3021226,-0.34430483,-0.092144735,-0.5859549,-2.2543135,-0.8215958,7.4669757,9.157317,-1.8659639,-3.807697,-1.492539,-0.98104334,1
15.0,15,-1.2766883,-1.8792696,-3.1154065,-0.6931874,0.83660287,2.1603012,-1.339675,-1.6570911,-2.287275,-0.31357273,-0.07238265,-0.60706687,-2.2487636,-0.826038,7.4331264,9.166893,-1.8694668,-3.8017142,-1.5123191,-0.978119,1
15.0,15,-1.2315089,-1.8743919,-3.1098003,-0.65868074,0.81856585,2.1554818,-1.359679,-1.658115,-2.2902184,-0.30966416,-0.009073163,-0.59202063,-2.291294,-0.8207653,7.3410463,9.206642,-1.8321745,-3.831223,-1.5370761,-0.9859486,1
15.0,15,-1.28452,-1.8653135,-3.0989468,-0.6654782,0.8209793,2.1552348,-1.3341981,-1.6628773,-2.3037431,-0.3440031,-0.074923165,-0.5812536,-2.2655048,-0.8202385,7.4452434,9.167235,-1.8560147,-3.8144946,-1.4985057,-0.98299074,1
15.0,15,-1.287773,-1.8657345,-3.0996487,-0.6675441,0.82095206,2.1585376,-1.3290356,-1.6596278,-2.301938,-0.34514904,-0.08441915,-0.5832117,-2.2625947,-0.8199211,7.4480042,9.166323,-1.8590682,-3.81618,-1.4958882,-0.9828282,1
18.0,18,-1.9081147,-1.4838518,-0.8969265,1.2979919,-3.1940076,-1.4600741,-2.0700245,-2.0047839,5.230496,-1.0689442,-1.5687027,3.0882716,0.4550102,-1.4090064,-0.7688965,-0.83475006,2.4182956,-1.8188304,9.54615,3.3821294,1
18.0,18,-1.9076657,-1.4853959,-0.90163344,1.2998998,-3.1901066,-1.4603434,-2.0697865,-2.0049405,5.2180696,-1.0767076,-1.5656092,3.0948148,0.45466432,-1.4092013,-0.7667846,-0.83405554,2.4260302,-1.8149588,9.549678,3.3810816,1
18.0,18,-1.9072741,-1.4835379,-0.9202328,1.2990278,-3.1854568,-1.4411569,-2.0689206,-1.992437,5.2086215,-1.093764,-1.5629904,3.106513,0.47048688,-1.4193633,-0.752732,-0.8212775,2.4224868,-1.8122413,9.548191,3.3483527,1
18.0,18,-1.9072546,-1.4683046,-0.88399726,1.2690914,-3.215477,-1.4283109,-2.0638201,-1.9851232,5.312535,-1.039766,-1.5932287,3.0254521,0.4917747,-1.4217951,-0.76694095,-0.8189212,2.3508477,-1.8475795,9.530792,3.3547869,1
18.0,18,-1.90714,-1.484797,-0.90291953,1.2998273,-3.1904693,-1.45757,-2.0689583,-2.002517,5.218899,-1.0784634,-1.5656178,3.0931025,0.45796514,-1.4120173,-0.76499945,-0.8318777,2.4223306,-1.8156277,9.549731,3.3777618,1
18.0,18,-1.9078996,-1.4849694,-0.8997936,1.2997367,-3.191737,-1.4603342,-2.0697598,-2.0049558,5.2221456,-1.0739925,-1.5660361,3.0932257,0.45362306,-1.4097043,-0.76742464,-0.8340606,2.4233816,-1.8166705,9.547877,3.3825488,1
18.0,18,-1.9769202,-1.3549107,-2.1273265,0.6029477,-2.4925008,-0.65443164,-0.85424125,-1.8127656,2.6818464,-2.8232298,-1.0983701,2.9644082,0.43578917,-1.9069145,0.22855543,0.2862666,3.4884703,-1.8598262,9.941576,3.7516434,1
18.0,18,-1.9775568,-1.35909,-2.1262205,0.6049587,-2.4881518,-0.6625955,-0.85018116,-1.8155808,2.6666136,-2.8259945,-1.0920799,2.9709034,0.4296274,-1.9101871,0.22580706,0.28155825,3.5004177,-1.8536971,9.943271,3.7652793,1
18.0,18,-1.9809623,-1.358169,-2.1260858,0.61131793,-2.4947338,-0.66252637,-0.8381332,-1.8184406,2.6543288,-2.8162928,-1.0795277,2.9632525,0.42217407,-1.9113162,0.23324682,0.29318365,3.470974,-1.8662609,9.948207,3.8046908,1
18.0,18,-1.9740654,-1.3344022,-2.1350417,0.5899581,-2.5125632,-0.612738,-0.8701944,-1.800537,2.7416077,-2.8110042,-1.1207767,2.9272244,0.46451876,-1.8915946,0.24625656,0.31559095,3.4283953,-1.8908249,9.934947,3.698447,1
18.0,18,-1.9775031,-1.3584918,-2.1266904,0.605435,-2.4888487,-0.6618276,-0.8495079,-1.815675,2.66517,-2.8257084,-1.0907607,2.9689887,0.43009743,-1.9100975,0.22714595,0.2832262,3.4970074,-1.8548661,9.943861,3.7677257,1
18.0,18,-1.9775022,-1.3575677,-2.1263745,0.60449755,-2.490268,-0.6594624,-0.85201055,-1.8147016,2.6728723,-2.8249018,-1.0938925,2.9691617,0.43098813,-1.9090354,0.22697276,0.28348812,3.495963,-1.8565202,9.941848,3.7605193,1
6.0,6,-1.1881186,-0.33339202,-2.7796311,-2.964675,4.4456244,2.1317437,10.02187,4.237451,-2.3212686,-2.9408374,-2.1005416,-1.6484292,0.44939154,-0.8380234,0.92852944,0.0007841997,-0.25779212,-1.546842,-1.4550883,0.6961544,1
6.0,6,-1.1796702,-0.345856,-2.758515,-2.9770133,4.43461,2.136174,10.008842,4.2433295,-2.3199716,-2.9525585,-2.080725,-1.6142619,0.45536646,-0.8435091,0.91448444,0.013722625,-0.27261668,-1.5000927,-1.4805136,0.67224437,1
6.0,6,-1.1467952,-0.5534757,-2.556514,-3.007109,4.243196,2.2289827,10.078896,4.404641,-2.2463913,-2.8771207,-2.1254153,-1.591162,0.3351617,-1.1966571,0.7575055,0.33799642,-0.52474356,-1.6806974,-1.4849331,1.0967818,1
6.0,6,-1.153777,-0.63936216,-2.4987845,-3.0015657,4.1633844,2.247511,10.0968,4.4694433,-2.197648,-2.8251321,-2.162902,-1.6063743,0.28099585,-1.3220832,0.7093902,0.45556316,-0.6038882,-1.7956476,-1.4826275,1.2802294,1
6.0,6,-1.1633363,-0.36205077,-2.6715188,-2.9624078,4.331086,2.1495426,10.079078,4.31349,-2.3233216,-2.9680529,-2.0427582,-1.5758405,0.40966374,-0.98183036,0.8235738,0.06543887,-0.3066857,-1.5277961,-1.4575741,0.7481988,1
6.0,6,-1.1796346,-0.34234688,-2.7419443,-2.9625196,4.4010096,2.1371794,10.041606,4.267016,-2.3202503,-2.9516046,-2.0775387,-1.6180793,0.4354508,-0.88714266,0.8896426,0.02363227,-0.27649122,-1.5326873,-1.4641039,0.7078649,1
12.0,18,-1.2981914,-2.0070238,-0.93215925,0.3463242,-2.8009124,-2.423692,-0.20255671,-2.3543923,3.407213,-1.230845,-2.1608353,0.4925565,6.5883317,-0.5241998,-1.3762031,-1.8874501,0.043963253,-0.71843606,10.878879,3.9649503,0
12.0,18,-1.2973716,-2.0056205,-0.9336454,0.34692144,-2.799911,-2.422007,-0.20401134,-2.3530161,3.4040017,-1.2336861,-2.1594636,0.49433756,6.585228,-0.5263039,-1.3740898,-1.8853264,0.04611151,-0.7175279,10.879848,3.9617867,0
12.0,18,-1.3095775,-1.9964432,-0.9405392,0.363167,-2.800339,-2.419202,-0.22957712,-2.3613868,3.395942,-1.2408527,-2.1419818,0.5209899,6.5007205,-0.54171723,-1.3550717,-1.8649669,0.088045046,-0.72576076,10.910806,3.979909,0
12.0,18,-1.2858924,-1.998334,-0.9430421,0.3385396,-2.7881818,-2.4102886,-0.19865651,-2.3415816,3.3691704,-1.260331,-2.1463418,0.504397,6.581046,-0.5486246,-1.3641788,-1.8733999,0.059206083,-0.7006508,10.879453,3.940739,0
12.0,18,-1.2961403,-2.0041249,-0.9349856,0.34719402,-2.7988563,-2.420415,-0.2048795,-2.3515286,3.3995233,-1.2372316,-2.1573453,0.49640983,6.581847,-0.52953464,-1.3719096,-1.8829021,0.048405215,-0.7160773,10.880753,3.9592266,0
12.0,18,-1.2975932,-2.0058928,-0.9330992,0.347024,-2.800389,-2.4225967,-0.20388979,-2.3535159,3.404566,-1.2329621,-2.1594012,0.4941395,6.5850844,-0.5262114,-1.3744829,-1.8855687,0.04566995,-0.7178687,10.879867,3.963318,0
9.0,9,-1.3090807,-0.31773904,0.8888943,-1.408289,-1.7459642,-1.3100863,-1.8465756,-2.6128306,2.115772,9.886095,-0.083109684,-3.1888804,0.120274454,0.94750553,-1.9834636,-1.696322,-3.3713129,1.0551959,-1.3616287,5.069987,1
9.0,9,-1.3099962,-0.31836358,0.8885671,-1.4082483,-1.7475712,-1.3103318,-1.8471217,-2.6139305,2.1172912,9.885562,-0.083291166,-3.1889064,0.120542526,0.95081794,-1.9846594,-1.697407,-3.3707776,1.0546156,-1.3595778,5.071859,1
9.0,9,-1.3097503,-0.3243628,0.8915149,-1.4066716,-1.7530195,-1.3168081,-1.8408457,-2.6169662,2.1233926,9.878738,-0.07904477,-3.1852639,0.11700226,0.9395231,-1.9894878,-1.6973476,-3.3692193,1.0465428,-1.3485135,5.0997205,1
9.0,9,-1.3051639,-0.3164219,0.8958626,-1.4084702,-1.7447288,-1.3129424,-1.8408066,-2.6075253,2.117404,9.886668,-0.079153724,-3.1860697,0.11478494,0.9253609,-1.9823148,-1.6914945,-3.3745584,1.0515479,-1.3690217,5.0718975,1
9.0,9,-1.3100203,-0.31834316,0.8890992,-1.4083073,-1.7480471,-1.3105584,-1.846966,-2.6138031,2.1180007,9.885576,-0.08308585,-3.1887074,0.12015731,0.9503393,-1.9849374,-1.697385,-3.3709006,1.054162,-1.3597554,5.0721407,1
9.0,9,-1.3096919,-0.31818,0.8887785,-1.4082963,-1.7471123,-1.3103049,-1.8468894,-2.6135557,2.1168616,9.885694,-0.08318834,-3.188867,0.12035675,0.9497159,-1.9843116,-1.6970468,-3.3709679,1.0546958,-1.3603176,5.0713754,1
17.0,17,-0.74039316,-3.236485,-1.6469593,-2.7748098,5.6575108,0.13418685,-0.3156846,-0.42507064,-3.1845365,-3.4479482,4.446196,2.8305035,0.31806713,-0.79847634,-1.1015787,0.28887862,4.6806865,9.050911,-1.7859119,-2.6978073,1
17.0,17,-0.6917162,-3.1884649,-1.5982779,-2.74352,5.587316,0.114564344,-0.4353988,-0.49785778,-3.1676073,-3.4159403,4.526317,2.8270018,0.28566077,-0.8429961,-1.1314745,0.27009606,4.6883893,9.141515,-1.736156,-2.665303,1
17.0,17,-0.5198695,-3.241893,-1.4781455,-2.7627254,5.459146,0.10800208,-0.5527238,-0.6309671,-3.0787523,-3.4162197,4.615761,2.7583287,0.40739956,-0.9072305,-1.2025855,0.388369,4.6079893,9.070085,-1.6399533,-2.6070335,1
17.0,17,-0.32251865,-3.2025466,-1.3248582,-2.7228107,5.265275,0.07766019,-0.80871487,-0.82262313,-2.9966362,-3.3689024,4.797615,2.690082,0.4380527,-1.0480247,-1.2926002,0.4522472,4.552808,9.146538,-1.4970516,-2.5069702,1
17.0,17,-0.62503177,-3.1262672,-1.5368302,-2.7024863,5.49808,0.09812698,-0.57968396,-0.5878531,-3.1471267,-3.3734474,4.6240435,2.808761,0.25560504,-0.9005177,-1.1614885,0.2528742,4.671242,9.253259,-1.6766723,-2.6227772,1
17.0,17,-0.6849746,-3.185249,-1.5946318,-2.7412093,5.5821905,0.11800006,-0.4432715,-0.50263345,-3.1665337,-3.4133353,4.530407,2.820626,0.29082024,-0.84646213,-1.1311245,0.27226114,4.675498,9.14987,-1.7329756,-2.6640813,1
2.0,2,0.3755568,-0.8290998,9.578674,1.3696129,-4.629416,-2.9433992,-0.579079,-1.5202043,7.36283,0.48923337,-1.1693584,-0.22540861,1.349256,0.89713115,-3.5145524,-2.3320198,-1.6162584,-3.4298325,0.6664883,0.8765541,1
2.0,2,0.37401363,-0.8305439,9.577745,1.3712649,-4.6315293,-2.9466012,-0.57550347,-1.5225015,7.362261,0.4860618,-1.1698637,-0.22404,1.3502091,0.897721,-3.5162125,-2.3340504,-1.6148175,-3.430189,0.67626166,0.88479227,1
2.0,2,0.37024474,-0.8321015,9.567893,1.3704885,-4.635229,-2.9435372,-0.5773005,-1.5214398,7.373893,0.48676288,-1.1714654,-0.2199634,1.3477896,0.89020205,-3.5131207,-2.3314958,-1.6156954,-3.4357672,0.684778,0.89034384,1
2.0,2,0.37567598,-0.82856375,9.577904,1.3690513,-4.6290336,-2.9415545,-0.5810295,-1.5190308,7.3644824,0.49075118,-1.1692202,-0.22540955,1.3483368,0.89583206,-3.513317,-2.3308964,-1.6169939,-3.4304042,0.6635021,0.8736867,1
2.0,2,0.37356487,-0.8310259,9.577318,1.3717687,-4.632203,-2.947267,-0.5747233,-1.5230966,7.36233,0.48533502,-1.1699703,-0.2236254,1.3503362,0.8973381,-3.5163434,-2.334214,-1.6146241,-3.4307275,0.67896783,0.8873388,1
2.0,2,0.37461317,-0.8301316,9.578256,1.3707482,-4.630787,-2.945603,-0.5766719,-1.5218284,7.3622108,0.48719236,-1.1696275,-0.22456415,1.3498405,0.8974794,-3.515661,-2.3332205,-1.6153629,-3.4301689,0.67282605,0.8823077,1
3.0,3,-0.670461,1.815671,0.3358307,11.57169,-2.3034425,-1.6015769,-0.19154625,0.20905419,-0.7360293,-0.04452595,-1.2040473,0.90465903,-1.2110631,-1.2710978,1.2994497,-1.5565137,-1.614493,-1.2922245,0.035019472,-0.3473336,1
3.0,3,-0.6707669,1.8136157,0.33455285,11.572667,-2.3028686,-1.6017299,-0.19367173,0.2092162,-0.7360862,-0.045551203,-1.2039617,0.90842766,-1.2104427,-1.2717415,1.2987314,-1.5566509,-1.6128361,-1.2908608,0.035062492,-0.34851086,1
3.0,3,-0.67155576,1.8137211,0.33311555,11.572325,-2.302844,-1.6018976,-0.19335915,0.20933127,-0.73626417,-0.04542934,-1.2038195,0.90875894,-1.2104715,-1.2721334,1.3002753,-1.5567839,-1.6130524,-1.2907482,0.035591334,-0.34837517,1
3.0,3,-0.67211294,1.8098013,0.33010104,11.5741415,-2.3016655,-1.6018121,-0.1975085,0.2094417,-0.7360557,-0.047101162,-1.2037424,0.91498506,-1.2088679,-1.2730858,1.2987641,-1.5570844,-1.610113,-1.2881056,0.035499383,-0.35045233,1
3.0,3,-0.67079717,1.8109081,0.3332379,11.574017,-2.3021026,-1.6015997,-0.19638188,0.2093787,-0.73591197,-0.04680472,-1.2040255,0.91251945,-1.2094246,-1.2723123,1.2970169,-1.5567373,-1.6107516,-1.2892764,0.034815945,-0.34989077,1
3.0,3,-0.67066866,1.8138809,0.33478442,11.572545,-2.3029363,-1.6016504,-0.19341002,0.20916903,-0.73603827,-0.045392774,-1.2039851,0.90773875,-1.2104824,-1.2715849,1.2987176,-1.5566272,-1.6130675,-1.2910539,0.03498579,-0.3483472,1
14.0,6,-1.2364248,-0.1248882,3.5131285,-0.13225915,1.7008665,0.56129634,6.161564,4.8475947,-2.430328,-2.3929517,-1.8393648,-2.041767,-0.97170514,-1.0894421,1.590882,0.38350394,-1.8383154,-0.79386157,-2.3418462,-2.095802,0
14.0,6,-1.2164664,-0.19000378,3.6787388,-0.15895256,1.6829182,0.51155096,5.873959,4.752804,-2.4282734,-2.3910391,-1.7763082,-1.9765595,-0.9234894,-1.0276862,1.6222697,0.43140563,-1.8363326,-0.6063807,-2.4162693,-2.2765276,0
14.0,6,-1.1703098,-0.4592818,2.9296815,-0.58760184,2.2626584,1.0849267,5.992848,4.898066,-2.5591214,-2.3114676,-2.0440948,-2.1478944,-1.2231289,-1.2021892,1.7911458,1.3309827,-1.9992968,-0.90709966,-2.59955,-2.0930197,0
14.0,6,-1.1185807,-0.54600066,3.3188386,-0.6271333,2.1461062,0.9477657,5.4157677,4.6110396,-2.5606287,-2.3133106,-1.8696226,-1.986093,-1.1561313,-1.0959222,1.9027656,1.4864618,-1.983364,-0.629646,-2.7376342,-2.4174516,0
14.0,6,-1.1920937,-0.24210505,3.8280408,-0.1895498,1.6673716,0.4647163,5.6345677,4.648128,-2.4299684,-2.38362,-1.7172171,-1.9167924,-0.89874864,-0.9853665,1.6542336,0.49678212,-1.8342241,-0.47379753,-2.4753797,-2.403153,0
14.0,6,-1.2009059,-0.19495302,3.7226999,-0.1712066,1.682282,0.50037843,5.837785,4.718013,-2.4300084,-2.3848526,-1.7651559,-1.9667208,-0.93571424,-1.0290205,1.6284091,0.4603875,-1.8390031,-0.6055321,-2.4288442,-2.274871,0
2.0,18,-1.4456991,-1.7150991,0.102438346,0.60518515,-2.3987834,-2.3800268,0.87782854,-2.5403914,0.22311096,-0.7908983,-0.066203415,0.59047055,-0.089916155,-1.6556773,-0.8247623,-0.05829132,0.61571646,-1.425571,9.431412,9.414938,0
2.0,18,-1.4456462,-1.7144625,0.10060011,0.60729617,-2.3995006,-2.379056,0.87441474,-2.5398965,0.22567573,-0.79195625,-0.06526547,0.5915581,-0.09151545,-1.6567274,-0.82340306,-0.058327805,0.6174309,-1.4259164,9.433159,9.412239,0
2.0,19,-1.4391603,-1.7202743,0.095456004,0.6131287,-2.4011118,-2.3741865,0.849665,-2.5402346,0.26798853,-0.76007825,-0.043238968,0.5903154,-0.14927845,-1.6774379,-0.8233463,-0.048801597,0.6053839,-1.4466211,9.383728,9.4614725,0
2.0,19,-1.4404327,-1.7296264,0.12057915,0.565754,-2.3888378,-2.3731966,0.9305548,-2.532185,0.20412329,-0.75463283,-0.053840335,0.57802767,-0.12865366,-1.6938035,-0.832394,-0.006055981,0.5666483,-1.4638511,9.339714,9.498556,0
2.0,19,-1.4444448,-1.7161818,0.10343215,0.60194767,-2.3986392,-2.3777688,0.88260496,-2.5378869,0.22303179,-0.78688276,-0.06249209,0.5897186,-0.098231286,-1.6639946,-0.8239223,-0.049522478,0.6092815,-1.4328563,9.418865,9.424664,0
2.0,18,-1.4449002,-1.7159204,0.103799626,0.6028302,-2.3983502,-2.3791342,0.8817435,-2.5388837,0.22181141,-0.7885874,-0.06402188,0.58964753,-0.09458655,-1.6601286,-0.82463115,-0.05354205,0.6118565,-1.4294789,9.423498,9.421376,0
7.0,7,-2.9523063,-2.050412,-2.7182114,0.3478652,-0.6162133,3.0934072,3.957398,9.172469,-1.650358,-2.573181,-1.5745201,-0.17469181,-0.99037504,-2.2063613,-1.0047973,0.81908876,1.495247,-2.010062,-0.7339004,-1.6555692,1
7.0,7,-2.95316,-2.048951,-2.7182658,0.34728462,-0.61302537,3.1024852,3.9551587,9.174996,-1.6511124,-2.570764,-1.5764017,-0.17674889,-0.99436605,-2.2038603,-0.99736756,0.8284701,1.4831527,-2.0112526,-0.7455709,-1.6622789,1
7.0,7,-2.9901865,-2.0276458,-2.7626123,0.3455909,-0.5902864,3.202385,4.0857115,9.14189,-1.6935896,-2.577576,-1.6154455,-0.20418145,-1.0920401,-2.152642,-0.83545077,1.0415946,1.3333795,-2.2323527,-0.8239666,-1.6288177,1
7.0,7,-2.9850657,-2.0471575,-2.7669349,0.35744992,-0.642635,3.0784533,4.1371894,9.095257,-1.6841611,-2.606217,-1.5904666,-0.17786855,-1.0593745,-2.187611,-0.92275953,0.9329914,1.4913495,-2.2581115,-0.64537966,-1.5013014,1
7.0,7,-2.9544075,-2.0468204,-2.7174442,0.34588096,-0.6066413,3.1175385,3.9510005,9.181067,-1.6513953,-2.5656476,-1.5797192,-0.18077892,-0.9998454,-2.1995587,-0.98602176,0.84254575,1.4614133,-2.0108347,-0.76828575,-1.6753508,1
7.0,7,-2.9527414,-2.04959,-2.7179503,0.34757748,-0.6148323,3.0977166,3.9566453,9.173809,-1.6504565,-2.57167,-1.5753101,-0.17578505,-0.99276733,-2.2051313,-1.0013075,0.8235378,1.4891632,-2.0110607,-0.73996043,-1.6584393,1
3.0,3,0.2164886,1.1947078,0.20700845,11.698502,-2.0593746,-0.9952357,-0.91023386,0.20343599,-0.6298988,-0.8365624,-1.2975645,0.81499064,-0.99255824,-0.45785326,0.026779886,-1.2020637,-0.41476268,-1.5588455,-0.4358702,-1.1432393,1
3.0,3,0.21470204,1.1943516,0.205312,11.698854,-2.0595403,-0.9952539,-0.9107024,0.20322195,-0.630163,-0.837349,-1.2964984,0.8173917,-0.99315226,-0.45822138,0.027390793,-1.2019129,-0.41260445,-1.5581564,-0.4360938,-1.1442856,1
3.0,3,0.2118037,1.1941242,0.20172152,11.699402,-2.0593665,-0.995386,-0.910725,0.20349835,-0.6304733,-0.8382028,-1.2952086,0.8204616,-0.9936398,-0.45928776,0.027648184,-1.2025237,-0.40932763,-1.5562087,-0.4361338,-1.1455854,1
3.0,3,0.2123074,1.1894909,0.18715176,11.697723,-2.0601413,-0.98874104,-0.9151995,0.2023654,-0.6338648,-0.8492913,-1.2883502,0.8254392,-0.9986955,-0.4543445,0.03781064,-1.1900429,-0.39780778,-1.5668945,-0.44233498,-1.1559174,1
3.0,3,0.21425895,1.1903446,0.19477814,11.697729,-2.0606134,-0.989943,-0.9145999,0.20193271,-0.63245493,-0.84580976,-1.291782,0.8229859,-0.9973506,-0.45429868,0.0354592,-1.1918232,-0.4036746,-1.5668368,-0.44060686,-1.1521195,1
3.0,3,0.21550843,1.1937417,0.20401597,11.698464,-2.0596771,-0.9942057,-0.91126364,0.2030509,-0.63054466,-0.8387063,-1.2959633,0.817293,-0.9937011,-0.4572661,0.028760415,-1.1999551,-0.411826,-1.5602223,-0.43693066,-1.1454061,1
9.0,19,-1.727303,-1.6185971,1.5221542,-1.2760761,-1.9273673,-2.3544545,-0.62422717,-3.1282394,1.0148938,7.869551,-0.48579666,-2.8722115,-0.8035797,2.4018111,-1.9094276,-1.4119872,-2.7736285,0.0028990158,-0.1662183,8.18849,0
9.0,19,-1.7276266,-1.6195382,1.5217196,-1.2758304,-1.9278471,-2.355095,-0.62375873,-3.1293776,1.014243,7.865945,-0.48492786,-2.871409,-0.80394465,2.404334,-1.9094423,-1.4126363,-2.772295,0.0019955435,-0.16268359,8.192453,0
9.0,19,-1.7249705,-1.6256264,1.5198578,-1.2744493,-1.9265501,-2.3606308,-0.6116181,-3.128764,1.0107691,7.845137,-0.47734672,-2.86507,-0.8063479,2.3892984,-1.9121467,-1.412059,-2.7668672,-0.00467669,-0.1477138,8.2239895,0
9.0,19,-1.7235878,-1.6199014,1.5237477,-1.2765582,-1.9239908,-2.3568017,-0.6149346,-3.1222804,1.0144678,7.8675413,-0.48272616,-2.8701584,-0.80453384,2.3775322,-1.9117587,-1.4080554,-2.775189,0.0005277642,-0.17026003,8.197917,0
9.0,19,-1.7270744,-1.61998,1.5219598,-1.2759224,-1.9273456,-2.3556304,-0.62204707,-3.1285806,1.0140226,7.864866,-0.4842081,-2.8708847,-0.8042135,2.400749,-1.9098321,-1.4120635,-2.7723,0.0013779947,-0.16272771,8.194839,0
9.0,19,-1.7271875,-1.6193736,1.5220437,-1.276001,-1.9273622,-2.3551075,-0.6230271,-3.1284645,1.0143876,7.8668885,-0.48491475,-2.8714776,-0.80393124,2.4013872,-1.909643,-1.4120506,-2.7728772,0.0020385631,-0.16424802,8.192027,0
14.0,14,-3.2131538,0.44197336,-3.1764388,-1.2467124,2.2279563,2.524746,-1.0104284,2.9444628,-0.80193293,1.8260573,-1.8092484,-1.433241,-1.1912904,0.03881531,9.215214,1.0268923,-3.4597785,-1.8279567,-2.914702,-2.5236866,1
14.0,14,-3.1974714,0.42203522,-3.1951504,-1.2806875,2.293047,2.5621538,-0.96871585,2.9732184,-0.89370453,1.6361145,-1.7981153,-1.3742814,-1.2396473,-0.0044397805,9.306522,1.1765182,-3.4243336,-1.8534865,-2.9235194,-2.5850232,1
14.0,14,-3.160647,0.3631039,-3.0582495,-1.3871523,2.2004058,2.7318642,-1.2758025,2.5595288,-0.5205516,1.8746405,-1.8934401,-1.4284517,-1.1744494,0.12471939,9.322069,1.348046,-3.4645402,-2.061621,-2.8322008,-2.4868562,1
14.0,14,-3.0837286,0.25982487,-3.1756268,-1.5779904,2.5508864,2.917736,-1.0793924,2.5708578,-0.8880795,1.2858948,-1.8784708,-1.2926767,-1.317452,0.021676853,9.615092,1.8944709,-3.3603528,-2.1280012,-2.8735178,-2.634722,1
14.0,14,-3.1817546,0.403095,-3.2119346,-1.3124954,2.3564377,2.5898683,-0.93453616,2.9835923,-0.97632754,1.4797684,-1.7873263,-1.3241826,-1.2823021,-0.039695248,9.385034,1.305054,-3.3921287,-1.8724495,-2.9253938,-2.6286108,1
14.0,14,-3.1979356,0.42252773,-3.191598,-1.2791421,2.285102,2.5598257,-0.97992206,2.9627,-0.8797136,1.6586503,-1.7991349,-1.3807802,-1.2317065,0.0018669039,9.299043,1.1624684,-3.4278173,-1.8506737,-2.9199576,-2.5782785,1
3.0,3,-0.47415593,0.5528929,0.4296789,11.870079,-2.1960342,-1.8117269,-1.203935,-0.06530213,-0.5132821,-0.5274725,0.37869343,1.7389389,-1.5069165,-0.34583735,-0.77009624,-1.755945,0.34388125,-0.81726205,-1.0736034,-0.7504635,1
3.0,3,-0.47500828,0.55065185,0.425777,11.870135,-2.195887,-1.8133427,-1.2038329,-0.06596923,-0.5160736,-0.529065,0.39235842,1.7399094,-1.5088305,-0.34828094,-0.7663322,-1.7554398,0.34564143,-0.817283,-1.0768607,-0.74949116,1
3.0,3,-0.47631174,0.5485788,0.42204118,11.870115,-2.195631,-1.8147657,-1.2037543,-0.066446975,-0.5182424,-0.5304732,0.4029398,1.7413625,-1.5104614,-0.350363,-0.7634498,-1.755061,0.3479197,-0.8170369,-1.0793421,-0.74876314,1
3.0,3,-0.47867545,0.5444945,0.41474098,11.87008,-2.195288,-1.8180231,-1.2037324,-0.06774165,-0.5229027,-0.53306,0.4262698,1.7437539,-1.5138992,-0.35450304,-0.75723535,-1.7543153,0.35181314,-0.8165015,-1.0849458,-0.74702924,1
3.0,3,-0.475617,0.5482774,0.42143634,11.870164,-2.195725,-1.8150078,-1.2036651,-0.06667915,-0.51922196,-0.5308424,0.40784883,1.7404797,-1.510936,-0.35094252,-0.76190895,-1.7547252,0.34719396,-0.817662,-1.0806423,-0.7483711,1
3.0,3,-0.47497764,0.55117965,0.42680106,11.870143,-2.1959603,-1.8130412,-1.2039188,-0.06587145,-0.5153568,-0.5285938,0.38888833,1.7399037,-1.5083718,-0.3476653,-0.7673498,-1.7556258,0.3453037,-0.8171103,-1.0760089,-0.74972445,1
18.0,18,-1.857174,-1.4774579,-1.3705654,1.3142151,-2.8962762,-1.2124536,-1.3741169,-1.9432373,3.445343,-2.2988727,-0.8276661,3.2704415,0.005179717,-1.8170744,-0.27032298,-0.40024215,3.0686908,-1.6876069,9.777645,4.222747,1
18.0,18,-1.8567204,-1.4831053,-1.3715445,1.315215,-2.890262,-1.2206817,-1.3719422,-1.94752,3.4225423,-2.3061738,-0.82097286,3.2798798,0.0005045375,-1.8126891,-0.27216184,-0.40480083,3.0867536,-1.678695,9.781091,4.2302523,1
18.0,18,-1.8666985,-1.4790462,-1.3946978,1.3092726,-2.894009,-1.196326,-1.3609873,-1.9442716,3.427879,-2.3081515,-0.8116296,3.28246,-0.0050500976,-1.8333231,-0.25043148,-0.37401804,3.069609,-1.7046977,9.763581,4.2429447,1
18.0,18,-1.8621905,-1.4542836,-1.3794819,1.3057965,-2.9195466,-1.1691581,-1.3810586,-1.9261348,3.523706,-2.2794266,-0.84545517,3.2369397,0.021075059,-1.8384782,-0.25173825,-0.36824796,3.0053115,-1.7283666,9.757381,4.1895056,1
18.0,18,-1.8573085,-1.4811195,-1.3740474,1.314267,-2.8913355,-1.2163464,-1.3704448,-1.9460784,3.424564,-2.3067107,-0.82023764,3.2763598,0.0025290726,-1.8165872,-0.2688474,-0.4004704,3.0818505,-1.6819533,9.780218,4.229766,1
18.0,18,-1.8570267,-1.4808778,-1.3709798,1.3148788,-2.8929877,-1.217387,-1.3724494,-1.9459695,3.4314716,-2.3032095,-0.82280904,3.2759664,0.0017062789,-1.8149248,-0.27125156,-0.40269783,3.0792403,-1.6827353,9.7793,4.2286773,1
9.0,9,-1.9648153,-0.77377033,0.6066098,-1.1341441,-2.5307827,-1.5329146,-2.9043236,-2.9686604,3.8670478,10.436915,-1.2029719,-2.883203,2.7050543,1.589523,-2.4548862,-2.0630965,-3.2265358,1.0087086,0.06523271,3.0947251,1
9.0,9,-1.9667752,-0.77482605,0.6083299,-1.1337268,-2.5332363,-1.5335264,-2.9052007,-2.9680767,3.8691185,10.437188,-1.2043846,-2.8827298,2.7046652,1.5921352,-2.455736,-2.06368,-3.2272851,1.0077434,0.06689088,3.0933003,1
9.0,9,-1.9770362,-0.7911028,0.61197656,-1.1266063,-2.5566823,-1.5466193,-2.9092472,-2.9803014,3.915238,10.430406,-1.2131425,-2.8698435,2.717687,1.5789845,-2.4744027,-2.0694118,-3.2185123,0.9881286,0.116834,3.132223,1
9.0,9,-1.9511764,-0.7900993,0.6245394,-1.1376588,-2.533085,-1.5525883,-2.885333,-2.9604604,3.870079,10.435468,-1.1839758,-2.8809536,2.7161136,1.5131373,-2.4592047,-2.0436394,-3.2433264,1.0022405,0.045427963,3.1180885,1
9.0,9,-1.9663851,-0.7765066,0.6108267,-1.1338689,-2.5342562,-1.5354773,-2.9038348,-2.96672,3.8694293,10.43746,-1.2030923,-2.8823657,2.704785,1.5864326,-2.4560435,-2.0619953,-3.2293093,1.0070163,0.06478481,3.0940037,1
9.0,9,-1.9661118,-0.7745388,0.60803586,-1.1339501,-2.5322542,-1.533301,-2.9047008,-2.9677732,3.8676884,10.4373,-1.2035478,-2.8828762,2.7040982,1.590265,-2.4550157,-2.0630047,-3.2272933,1.0082631,0.06530568,3.0933414,1
13.0,13,-1.4506103,0.96286494,0.48101178,-0.94827724,-1.4376906,0.3920603,-2.6676695,-1.2682358,0.66151315,1.0864921,-1.2968532,-1.3499178,0.49364868,11.122178,-0.058941923,-2.1205978,-0.7041923,0.9627667,-0.2139267,-3.1099653,1
13.0,13,-1.4524409,0.9618754,0.48299706,-0.9479951,-1.441464,0.3914382,-2.6686428,-1.2697034,0.665751,1.0899125,-1.2981929,-1.3513662,0.49625626,11.121584,-0.062942915,-2.1228342,-0.7058879,0.9648506,-0.20860204,-3.107466,1
13.0,13,-1.4631416,0.9515006,0.4709666,-0.93986416,-1.4617074,0.39316672,-2.695133,-1.2882746,0.7130997,1.1210566,-1.3146795,-1.3497047,0.51226866,11.116571,-0.09662189,-2.133098,-0.694148,0.9651992,-0.14745891,-3.0843973,1
13.0,13,-1.501843,0.95627165,0.4836771,-1.0169661,-1.4539065,0.44193247,-2.6766899,-1.268866,0.7228181,1.2725188,-1.3304743,-1.4272029,0.6016083,11.129361,-0.15957369,-2.1681602,-0.78644705,1.0740757,-0.2733925,-3.095409,1
13.0,13,-1.4588054,0.9621239,0.4860794,-0.95834863,-1.4428667,0.39768282,-2.667527,-1.2686418,0.67032003,1.1124082,-1.3011065,-1.362619,0.50873464,11.123102,-0.07362648,-2.1284895,-0.7185514,0.98020774,-0.22173074,-3.1071916,1
13.0,13,-1.4509021,0.96275103,0.4830578,-0.9454741,-1.4416573,0.3895273,-2.668189,-1.27016,0.6641217,1.0843202,-1.296871,-1.348926,0.49238324,11.121465,-0.059957117,-2.1213975,-0.7032483,0.96054167,-0.20685339,-3.107496,1
17.0,6,-3.4092016,-1.2747285,-1.5006058,-1.9939032,-0.1400028,-1.958345,7.2698317,1.8031607,-0.9436436,-2.516961,1.3137195,1.770709,2.6769762,-0.05899552,-1.1772968,-2.8967834,2.2445428,2.2361112,0.16010213,-0.5046704,0
17.0,6,-3.4068558,-1.3300927,-1.4849689,-1.97766,-0.07546505,-2.02897,6.9860578,1.7231255,-1.0141554,-2.5068574,1.5648646,1.9354593,2.6402843,-0.07573178,-1.2118809,-2.9550078,2.2678323,2.689896,0.031698376,-0.5775487,0
17.0,6,-3.2304232,-1.3639364,-1.582047,-2.4544873,0.20183007,-1.6014812,6.1634555,1.3390125,-0.8537175,-1.9530975,1.5325348,1.6632661,2.954618,0.32444066,-0.4180364,-2.4624505,0.98619425,2.8065007,-0.5412445,-0.51825607,0
17.0,6,-3.2094102,-1.3738306,-1.6295607,-2.5850797,0.2598202,-1.4561831,6.1024437,1.2896653,-0.76036304,-1.7973452,1.3561553,1.5266868,3.0032418,0.41821983,-0.22648315,-2.2937765,0.74758554,2.5953965,-0.60006297,-0.4252492,0
17.0,6,-3.3902094,-1.3819257,-1.4689933,-1.9671651,0.002416132,-2.0921338,6.668844,1.6310316,-1.088546,-2.4929779,1.8271152,2.0954792,2.6081114,-0.085752815,-1.2327744,-3.0083964,2.261894,3.1668923,-0.11148536,-0.6531177,0
17.0,6,-3.4076252,-1.3302029,-1.4829149,-1.9740804,-0.079948984,-2.034848,6.989147,1.7186353,-1.0153408,-2.5092826,1.5676721,1.939393,2.63562,-0.075800054,-1.2143341,-2.9559038,2.2763727,2.6861026,0.034317225,-0.5739441,0
1.0,9,-0.6338031,4.26696,1.4471836,-0.78619826,-4.872828,-1.0746093,-3.9355724,-3.7921286,6.208389,7.1046,-0.44163364,-2.0437362,0.93806005,0.95227504,3.029613,-1.2238003,-4.244824,-1.770836,-0.12277125,-0.08699001,0
1.0,9,-0.5809451,4.2832675,1.4636678,-0.76371723,-4.858974,-1.0405203,-3.9507875,-3.764295,6.2211504,7.042805,-0.44713646,-2.0433373,0.9151027,0.9133412,3.0674489,-1.2067544,-4.256657,-1.7875028,-0.15007094,-0.1404981,0
1.0,9,0.16848667,4.1838245,1.8848791,-0.6470826,-4.829268,-0.8611859,-4.064483,-3.553962,6.879749,6.983828,-0.53918606,-2.3049119,0.96530473,0.6628237,2.353088,-1.3306044,-4.3365793,-1.8006023,-0.3946044,-0.28722045,0
1.0,9,0.57055634,4.4756775,1.8423406,-0.5836048,-4.613221,-0.70199335,-4.0775833,-3.4337344,6.5050097,6.695865,-0.51653975,-2.3440268,0.7456432,0.4974608,2.8139153,-1.1645546,-4.453782,-1.8633678,-0.6748915,-0.57608837,0
1.0,9,-0.5118641,4.329938,1.4632914,-0.7364373,-4.8168325,-0.98489285,-3.9658926,-3.7224314,6.178785,6.963897,-0.451626,-2.0467856,0.8739734,0.8697771,3.1658826,-1.173045,-4.2809243,-1.801785,-0.21796261,-0.22771885,0
1.0,9,-0.6076982,4.2799344,1.453827,-0.7751977,-4.8653636,-1.0599422,-3.9403427,-3.7791808,6.2073874,7.070808,-0.44317517,-2.0425856,0.9227926,0.93133914,3.0553806,-1.2129971,-4.251476,-1.7801124,-0.13648412,-0.112218365,0
2.0,2,1.3803606,-0.9739231,10.580388,1.3568727,-4.01467,-3.362068,-1.3867534,-2.26553,5.2204957,1.4929295,-0.20327048,-0.9379365,0.68770254,1.5873605,-3.2624297,-1.0715586,-1.9951214,-3.4353664,-1.8021746,0.9611093,1
2.0,2,1.3789449,-0.9737766,10.580018,1.3570628,-4.0158978,-3.3624518,-1.3860598,-2.2646968,5.223914,1.4929298,-0.20403072,-0.9370088,0.6890921,1.5880076,-3.265459,-1.0756209,-1.9947072,-3.433056,-1.8013102,0.9615183,1
2.0,2,1.3792621,-0.97514987,10.577133,1.3565125,-4.017153,-3.360809,-1.3861153,-2.2652621,5.2254434,1.4935305,-0.2026589,-0.9368058,0.6864972,1.584569,-3.2601078,-1.0678043,-1.9976104,-3.440671,-1.8025655,0.9632353,1
2.0,2,1.3802361,-0.9731302,10.581108,1.3573673,-4.0142765,-3.361594,-1.3875728,-2.2651942,5.2195225,1.492904,-0.20345949,-0.9381123,0.6877037,1.5877401,-3.2618506,-1.0719712,-1.9945918,-3.4344122,-1.8025897,0.95896155,1
2.0,2,1.3782909,-0.9738475,10.579528,1.3572222,-4.0166636,-3.36242,-1.3857005,-2.2643542,5.225649,1.4928784,-0.20427772,-0.9365332,0.68945223,1.5879021,-3.2662063,-1.0766199,-1.9948362,-3.4329214,-1.8009189,0.9619274,1
2.0,2,1.3793538,-0.9738303,10.580086,1.3570266,-4.0155535,-3.3622372,-1.3863039,-2.2649546,5.2228417,1.4929307,-0.20375831,-0.9372823,0.68855405,1.5876939,-3.2642703,-1.074096,-1.9949061,-3.4340162,-1.8015963,0.9613693,1
10.0,10,-1.4686539,-1.5795997,-1.8877127,0.034530744,-0.19527273,-1.1840372,-2.2983348,-1.9789597,-2.284963,-0.64831877,8.385995,0.2941754,-1.2500864,-1.0171853,2.7835822,3.221383,-0.68770516,5.219277,-2.5770216,-1.2542233,1
10.0,10,-1.4513952,-1.5438548,-1.8490171,0.05520098,-0.2362755,-1.1633009,-2.3081946,-1.9901732,-2.2738364,-0.62994623,8.455597,0.30909616,-1.3291223,-1.0250703,2.7917733,3.2693098,-0.66967666,5.0969696,-2.6116793,-1.2416838,1
10.0,10,-1.3209335,-1.4641849,-1.9023103,0.19354454,-0.5551381,-0.8615155,-2.2895715,-2.0227568,-2.093352,-0.66447955,8.415261,0.2685543,-1.5820683,-0.925841,3.042166,3.9534278,-0.7533449,3.7871346,-2.746696,-1.3079447,1
10.0,10,-1.261652,-1.347353,-1.7580079,0.26101956,-0.6858124,-0.8097825,-2.29961,-2.0370333,-2.0353923,-0.6232404,8.571499,0.32233346,-1.7745838,-0.9510213,3.0333562,4.0266986,-0.6903891,3.4428296,-2.8437674,-1.2861778,1
10.0,10,-1.4456443,-1.5306734,-1.8302757,0.05985436,-0.24679664,-1.1600053,-2.3125968,-1.9926344,-2.2707915,-0.6201642,8.48404,0.31506252,-1.3565161,-1.0305631,2.7872071,3.2742703,-0.65952665,5.071317,-2.625122,-1.2357754,1
10.0,10,-1.451239,-1.5436604,-1.8487434,0.055725694,-0.23756507,-1.1621847,-2.3082998,-1.9905668,-2.2739012,-0.6298119,8.453566,0.30799806,-1.3291487,-1.0249949,2.794823,3.272175,-0.67218775,5.0937624,-2.6119938,-1.2422948,1
5.0,5,-0.8274024,-0.2090532,-3.561705,-2.6135647,4.8891044,9.361244,-1.1612629,3.399766,-1.6517595,0.18940675,-2.2044468,-2.3290234,-0.19804883,0.076108314,4.3650336,1.9878544,-1.963451,1.9832699,-2.0552185,-3.9149554,1
5.0,5,-0.77217865,-0.22887401,-3.558365,-2.6475403,4.991716,9.35579,-1.1639242,3.3589022,-1.7269962,0.15958714,-2.1704688,-2.3521955,-0.2508242,0.027073387,4.358663,2.0649147,-1.9424179,2.0700152,-2.0737214,-3.8891308,1
5.0,5,-0.7149405,-0.28199315,-3.4677916,-2.652306,4.7466593,9.413809,-1.4064482,3.025703,-1.4050944,0.5718788,-2.213038,-2.4125996,-0.24222086,0.07102194,4.130742,2.126847,-1.8831788,1.8161069,-1.9420023,-3.6459918,1
5.0,5,-0.5336661,-0.36113995,-3.4789789,-2.7700522,5.0958705,9.397299,-1.3695778,2.9557981,-1.6777422,0.409786,-2.0981236,-2.4612963,-0.4542398,-0.1164342,4.1179495,2.4237533,-1.7939409,2.0611334,-2.0083795,-3.581131,1
5.0,5,-0.73923165,-0.24287686,-3.5583043,-2.6695006,5.0608807,9.349466,-1.1618937,3.339147,-1.7784442,0.13558787,-2.1478956,-2.3649337,-0.28384694,-0.005563465,4.354998,2.1138685,-1.9290369,2.1301217,-2.0867443,-3.8763,1
5.0,5,-0.78253025,-0.22464435,-3.5593154,-2.6412883,4.973831,9.356456,-1.1622032,3.3675458,-1.7146605,0.16339073,-2.17672,-2.3478775,-0.24093245,0.036429286,4.361769,2.0499978,-1.9472396,2.0548398,-2.0709205,-3.8949745,1
0.0,0,10.61828,1.203488,1.6123614,-1.0554913,1.4447936,0.6335644,-0.53624713,1.1832701,2.0633173,1.4036045,-1.9753627,-4.3736725,0.42358923,-1.2966446,-2.3984103,1.7240406,-4.1763377,-3.548318,-2.2042239,-1.3993266,1
0.0,0,10.629064,1.2019607,1.6100649,-1.0471755,1.4498457,0.6260749,-0.5366991,1.1832926,2.0428238,1.3899682,-1.9656798,-4.363293,0.40977493,-1.3041714,-2.3903885,1.7294859,-4.1659513,-3.550312,-2.199349,-1.3989999,1
0.0,0,10.630479,1.2213967,1.6303936,-1.0408903,1.4151238,0.6177985,-0.55419457,1.1638206,2.0862834,1.4136025,-1.9605078,-4.364616,0.42682388,-1.2987013,-2.412147,1.6896715,-4.1678615,-3.5439572,-2.1871674,-1.3903534,1
0.0,0,10.66657,1.2032797,1.6114844,-1.0203674,1.4612331,0.597064,-0.54503566,1.173366,1.9893442,1.3541243,-1.9276266,-4.324662,0.3598074,-1.3270577,-2.3729296,1.730565,-4.124128,-3.5533807,-2.179329,-1.386058,1
0.0,0,10.635054,1.2005835,1.6083521,-1.0428846,1.4538426,0.622056,-0.53644353,1.1837202,2.0302527,1.3818188,-1.9603201,-4.35735,0.40129548,-1.3084712,-2.3854692,1.7333639,-4.1598387,-3.5515141,-2.1969535,-1.3986026,1
0.0,0,10.625519,1.2027346,1.6112123,-1.0500062,1.4476964,0.6282987,-0.53645366,1.1831864,2.0501463,1.3948089,-1.96906,-4.3669724,0.41486767,-1.301505,-2.3935616,1.7268021,-4.169606,-3.549496,-2.2007217,-1.3986561,1
12.0,18,-2.4103491,-1.3139933,-0.465359,0.113066226,-3.9859197,-2.7018821,-1.380736,-2.1484709,6.2738256,0.33972853,-1.8660733,0.47135603,4.151328,0.3486763,-1.6842191,-2.439534,1.1837094,-1.3908229,9.971839,2.7001085,0
12.0,18,-2.4472377,-1.2638648,-0.32769364,0.050308272,-4.173906,-2.670328,-1.3588599,-2.0201647,6.70462,0.5614484,-1.9579464,0.35328823,4.361533,0.45716062,-1.7647778,-2.5563738,0.8538265,-1.4937034,9.644971,2.434792,0
12.0,8,-2.486478,-0.9387291,0.5202907,-0.09650934,-4.8205714,-2.222362,-2.150814,-2.0967147,8.953107,2.3945305,-2.1928723,-0.26855022,3.7384639,0.97202647,-1.9894505,-2.5302916,-0.44042397,-2.0490003,7.689701,2.019018,0
12.0,8,-2.4080188,-0.64987826,1.0570992,-0.38416278,-5.1416216,-1.9336056,-2.0977693,-1.6165369,9.790359,3.2962513,-2.3041544,-0.75420344,4.0667706,1.3183515,-2.0681229,-2.6396065,-1.5704404,-2.246841,5.7750773,0.9719891,0
12.0,18,-2.4895225,-1.1998581,-0.16241173,-0.022677513,-4.382619,-2.634175,-1.3289862,-1.8785563,7.1728086,0.8390604,-2.0528712,0.21032338,4.5823865,0.59007454,-1.8534051,-2.6857078,0.47034234,-1.6064252,9.228021,2.1436872,0
12.0,18,-2.4195917,-1.2882711,-0.4064269,0.081136435,-4.0693827,-2.6842387,-1.3524951,-2.0685174,6.4582295,0.40591988,-1.9079144,0.42392623,4.2638474,0.38368425,-1.7162871,-2.4923341,1.0289823,-1.4383967,9.827293,2.5556436,0
18.0,8,-1.4818307,-0.45986384,0.59764946,0.010359356,-4.554447,0.1326128,-1.5364448,-0.791304,9.39553,1.7990738,-1.3670537,-0.18095988,-0.60714734,-0.8396823,-1.08568,0.49015442,-1.7148794,-4.494838,2.4266438,2.3351903,0
18.0,8,-1.4954078,-0.47129953,0.5817178,0.021066802,-4.555548,0.10378662,-1.5368006,-0.816291,9.37009,1.7601829,-1.3435606,-0.15052763,-0.6286145,-0.8740733,-1.093629,0.45814317,-1.6521931,-4.4683623,2.5594203,2.4355316,0
18.0,8,-1.5185132,-0.45805073,0.49960634,0.035816357,-4.5519037,0.14726597,-1.543141,-0.84401006,9.297664,1.6912014,-1.3296293,-0.11444523,-0.6857764,-0.87379974,-1.0090462,0.54341376,-1.6045766,-4.515836,2.6437354,2.468317,0
18.0,8,-1.4656827,-0.43965596,0.61393535,-0.004105026,-4.5527864,0.1797422,-1.5398017,-0.7582597,9.420121,1.8457954,-1.3918821,-0.21796834,-0.58623105,-0.790823,-1.0642298,0.54149795,-1.7927788,-4.5340934,2.2461343,2.192365,0
18.0,8,-1.4942657,-0.46694583,0.5807091,0.0200853,-4.556852,0.114840865,-1.5384125,-0.8114477,9.371295,1.762907,-1.3474423,-0.15532063,-0.62732816,-0.86444736,-1.0842909,0.47233233,-1.66418,-4.4785786,2.5330892,2.4097285,0
18.0,8,-1.4870057,-0.46229362,0.59120995,0.014381697,-4.5556355,0.12530565,-1.5375605,-0.7994366,9.38588,1.7846761,-1.3586087,-0.17036735,-0.61602616,-0.8496316,-1.0851325,0.48207942,-1.6940904,-4.4878144,2.470083,2.3656375,0
0.0,0,11.307202,3.0742996,2.120701,-0.52142775,1.603542,-0.3732044,-1.3165947,-0.5775324,0.61849785,1.1079725,0.24924645,-3.2036347,-0.7169354,-1.984808,-1.2556725,0.3095405,-2.681269,-2.616326,-1.2479198,-0.7446352,1
0.0,0,11.312213,3.0599303,2.118978,-0.51701254,1.6080673,-0.37653178,-1.3127304,-0.56963986,0.60905683,1.0887878,0.25301012,-3.196674,-0.72273576,-1.9877051,-1.2509786,0.31285498,-2.6722312,-2.6221237,-1.2440103,-0.7456538,1
0.0,0,11.315327,3.0252526,2.1432984,-0.50830716,1.5813534,-0.3962351,-1.3185369,-0.5642628,0.6446114,1.0835497,0.25334918,-3.1895022,-0.7215272,-1.9916439,-1.2756773,0.2931167,-2.6527762,-2.6370652,-1.2229561,-0.72789514,1
0.0,0,11.346353,2.9404624,2.1236129,-0.48035085,1.6309117,-0.414658,-1.2855531,-0.50531554,0.54344827,0.9260766,0.296493,-3.1316407,-0.7875491,-2.0067298,-1.2097021,0.33937028,-2.5823057,-2.6868317,-1.212716,-0.7507047,1
0.0,0,11.314505,3.053419,2.1182811,-0.51503575,1.6098521,-0.37830117,-1.3106933,-0.5660919,0.6049637,1.0803592,0.2543703,-3.1937377,-0.72502244,-1.9890649,-1.2494853,0.31394437,-2.6682646,-2.624559,-1.2419662,-0.74565226,1
0.0,0,11.309418,3.0679195,2.120204,-0.51955175,1.6045575,-0.3750479,-1.3146005,-0.5743641,0.61571145,1.1009312,0.24971367,-3.2013688,-0.71787417,-1.9862642,-1.2555177,0.30966827,-2.6780682,-2.618137,-1.2453246,-0.74394804,1
6.0,6,-2.3559265,-0.369549,-1.8751954,-2.0317662,-0.3085126,0.24586105,9.431404,2.495852,-0.46199438,-1.1203345,-1.9663441,-1.362794,0.80366844,-1.7936296,0.8379101,1.4434159,-2.1963658,-4.2962914,1.1659235,3.427188,1
6.0,6,-2.3561156,-0.36992517,-1.8753729,-2.0312347,-0.3073904,0.24635243,9.432329,2.4957514,-0.46658456,-1.1275536,-1.9684396,-1.3598809,0.80882734,-1.7927103,0.84562075,1.4521683,-2.1969302,-4.2958446,1.1625142,3.4057984,1
6.0,6,-2.3585994,-0.3817379,-1.8587579,-2.0128691,-0.320798,0.20466764,9.431046,2.4476593,-0.5017887,-1.1493363,-1.9453412,-1.3299841,0.7971104,-1.7838274,0.85660225,1.4748405,-2.1596515,-4.279473,1.1696221,3.3999343,1
6.0,6,-2.353021,-0.38097534,-1.8532107,-2.0139694,-0.32687375,0.2011773,9.424236,2.4478424,-0.48290607,-1.1159377,-1.9354782,-1.3446933,0.77131116,-1.7882361,0.81983846,1.4424635,-2.1647918,-4.2847776,1.1814576,3.501653,1
6.0,6,-2.3540037,-0.37060225,-1.8738172,-2.0287764,-0.30695271,0.24548832,9.433593,2.495001,-0.47544265,-1.1380848,-1.9687347,-1.3558562,0.81374085,-1.7917182,0.85363674,1.4651172,-2.19805,-4.2949615,1.1569613,3.38037,1
6.0,6,-2.3568838,-0.37028873,-1.8758985,-2.0311894,-0.30600336,0.24724986,9.43327,2.4960537,-0.46986434,-1.1333786,-1.9705566,-1.357641,0.8132943,-1.7919569,0.85222113,1.4585637,-2.1969645,-4.2953978,1.1600276,3.3880653,1
10.0,10,0.21795309,-0.25436774,0.03211986,0.7027243,-0.016977249,-2.3461566,-1.278679,-1.657294,-1.6802111,-1.0207742,11.105413,1.457351,-2.1266901,-1.2806262,-0.17970292,-0.5148555,1.764008,3.969306,-3.0336301,0.0314325,1
10.0,10,0.21710292,-0.25419697,0.032775167,0.7009973,-0.018412521,-2.345026,-1.2790452,-1.6581205,-1.6796812,-1.0208782,11.10588,1.4582303,-2.1272526,-1.2807084,-0.17792396,-0.5114112,1.7636153,3.966761,-3.03356,0.030877713,1
10.0,10,0.2160677,-0.25380987,0.034031976,0.69867814,-0.021642575,-2.3431458,-1.2794384,-1.6596298,-1.6784239,-1.0211273,11.106874,1.4597796,-2.1290755,-1.2804979,-0.17416237,-0.50475276,1.7629784,3.9590712,-3.0337777,0.030231941,1
10.0,10,0.21182781,-0.2548349,0.03466094,0.688744,-0.020613337,-2.3392572,-1.2807918,-1.6615129,-1.6772313,-1.0208572,11.106858,1.4613303,-2.1251738,-1.2825316,-0.17345472,-0.49813637,1.7612268,3.96717,-3.0328963,0.027679536,1
10.0,10,0.21674913,-0.25374812,0.034006227,0.6997804,-0.021612914,-2.3435555,-1.2791734,-1.6592993,-1.6785518,-1.0210282,11.106833,1.459368,-2.1292863,-1.2803298,-0.17431799,-0.50549424,1.7626289,3.9582021,-3.0339234,0.030612666,1
10.0,10,0.21729462,-0.25409812,0.0329593,0.70122796,-0.019000435,-2.3449368,-1.2789521,-1.6582174,-1.6794798,-1.0208715,11.106038,1.4582759,-2.1277528,-1.2805419,-0.17732735,-0.5106379,1.7633859,3.9647222,-3.0337207,0.031002048,1
14.0,14,-0.54890954,-1.4101218,-3.2514236,-2.356393,6.074392,2.423801,-1.0827988,0.25727567,-2.6916575,-1.776559,-1.6604657,-1.6520932,-0.3197962,0.6814891,9.010498,3.0642185,-1.755132,-0.16453302,-1.5739405,-2.5869312,1
14.0,14,-0.5483453,-1.4343023,-3.2541997,-2.3851292,6.10276,2.4394896,-1.0895338,0.2533072,-2.7033951,-1.7725142,-1.6440754,-1.6433293,-0.31210545,0.6444431,8.992764,3.116532,-1.764264,-0.12558082,-1.6059067,-2.5909135,1
14.0,14,-0.5063398,-1.4946642,-3.298724,-2.452562,6.2074556,2.4703286,-1.1139516,0.24620473,-2.6037161,-1.6900526,-1.7137158,-1.6971042,-0.18290108,0.65886873,8.864495,3.05661,-1.7243193,-0.13894713,-1.5740433,-2.5845263,1
14.0,14,-0.49967787,-1.545385,-3.3060536,-2.519449,6.289928,2.5056713,-1.1221689,0.24506119,-2.647876,-1.6866295,-1.6682299,-1.6727768,-0.18899941,0.5771671,8.821259,3.1703506,-1.7290279,-0.040080685,-1.6581223,-2.5948129,1
14.0,14,-0.5479482,-1.4521465,-3.2561667,-2.407139,6.124776,2.4515274,-1.0943079,0.25049126,-2.7136803,-1.7698323,-1.6307406,-1.6358415,-0.308338,0.61714053,8.979247,3.1562173,-1.7701274,-0.09536783,-1.6312742,-2.5939298,1
14.0,14,-0.5486871,-1.4314123,-3.2536263,-2.381571,6.0984793,2.4375918,-1.0889378,0.25330502,-2.7016017,-1.7728413,-1.6460226,-1.6444764,-0.31264246,0.64865756,8.995145,3.1107504,-1.7638204,-0.13055688,-1.6018403,-2.5901396,1
13.0,14,-0.45020932,-0.81416684,-1.8257139,-2.2495646,2.498841,4.0073752,-2.3716779,-1.0292735,2.449358,0.79485834,-2.764972,-2.4663727,2.4438398,2.8081305,6.1589904,3.1145687,-3.8597255,-2.5153303,-1.5770785,-3.4831297,0
13.0,14,-0.43321848,-0.8289646,-1.8169224,-2.2624485,2.4737236,4.0132446,-2.3813431,-1.0417285,2.4523501,0.805347,-2.7579973,-2.4632468,2.4321914,2.7881503,6.1373057,3.1897032,-3.8748376,-2.532315,-1.594105,-3.4840229,0
13.0,14,-0.47400945,-0.8086623,-1.8080854,-2.242808,2.4381464,3.9441442,-2.4739928,-1.0971248,2.5391502,0.88504744,-2.7231312,-2.424663,2.4694529,2.8398716,6.129421,3.034206,-3.8434944,-2.4890049,-1.5539285,-3.4696908,0
13.0,14,-0.41599083,-0.86215574,-1.8141367,-2.3014956,2.449847,4.0029616,-2.4465656,-1.086851,2.4716349,0.8687125,-2.7153182,-2.4275725,2.388191,2.7690158,6.0945187,3.3033767,-3.8717246,-2.5416431,-1.6393168,-3.4822521,0
13.0,14,-0.4184247,-0.8428523,-1.8107882,-2.2747636,2.455865,4.020145,-2.3873885,-1.0512882,2.450012,0.812432,-2.7522426,-2.461119,2.418197,2.7699723,6.120228,3.2599525,-3.8864758,-2.5476108,-1.6107342,-3.4844666,0
13.0,14,-0.43540156,-0.8265024,-1.8191065,-2.2609174,2.4803886,4.01321,-2.378399,-1.0385915,2.449731,0.80237085,-2.7595398,-2.464239,2.4327438,2.7909608,6.1418834,3.1784923,-3.8720667,-2.5295372,-1.5922557,-3.4839685,0
14.0,14,-2.8991728,0.64689964,-3.7119322,-1.9114232,3.0121927,4.329824,-0.92856395,2.7994134,-1.022934,1.3597547,-1.50111,-1.6003476,-0.47144052,0.9672894,8.91515,0.62456644,-3.716441,-0.39797857,-2.996193,-3.4184127,1
14.0,14,-2.8460145,0.61278963,-3.7207778,-1.9612886,3.126695,4.425446,-0.9116551,2.8452647,-1.135567,1.1665103,-1.4873638,-1.5679853,-0.52238953,0.8986114,8.977213,0.7596654,-3.6827564,-0.33552867,-3.0122235,-3.4968348,1
14.0,14,-2.843088,0.46026126,-3.4616745,-2.0484734,2.8114412,4.6487684,-1.5130161,2.247968,-0.3172031,1.8863271,-1.6609286,-1.7284642,-0.42338502,1.0073993,8.780224,0.8236716,-3.6893985,-0.76933557,-2.8382885,-3.168626,1
14.0,14,-2.55043,0.24170522,-3.5106783,-2.3950415,3.4694803,5.198077,-1.2972598,2.3988912,-0.89910084,0.7966888,-1.630421,-1.543175,-0.7920847,0.738062,9.137026,1.7149222,-3.4229295,-0.8017667,-2.903026,-3.4214952,1
14.0,14,-2.7892182,0.58530253,-3.7296488,-2.0153987,3.2468934,4.5310206,-0.88425076,2.8887706,-1.2479136,0.97740227,-1.4809021,-1.5407484,-0.5882568,0.82871574,9.035821,0.9075285,-3.6460793,-0.29538152,-3.0344038,-3.565491,1
14.0,14,-2.8434372,0.61276364,-3.719056,-1.9624579,3.1284683,4.4328876,-0.9116025,2.8450248,-1.1356738,1.1632528,-1.489848,-1.5697501,-0.52694654,0.8969225,8.979447,0.76554507,-3.6829014,-0.34054333,-3.0133631,-3.4952028,1
8.0,8,-0.9508205,-0.93393934,0.56325096,0.22328693,-4.202689,0.314434,-1.0999928,-1.1247704,8.425402,-1.3780342,-1.8708835,0.86455166,1.7463847,-1.0454707,-0.19342183,1.2561638,-0.6994284,-4.596427,5.0647783,0.20631514,1
8.0,8,-0.9541106,-0.9345174,0.5590202,0.22427234,-4.20122,0.310813,-1.0984861,-1.1263632,8.420051,-1.3829728,-1.8711376,0.8684503,1.7448528,-1.0479404,-0.19379927,1.250853,-0.6910115,-4.5923986,5.0820737,0.21717864,1
8.0,8,-0.95893013,-0.9341115,0.5369882,0.22229171,-4.197274,0.31672126,-1.0996281,-1.1312025,8.401259,-1.3915348,-1.8638145,0.87618905,1.7381208,-1.0540335,-0.18335344,1.2622652,-0.67850673,-4.589752,5.1056905,0.22801034,1
8.0,8,-0.94698626,-0.9323809,0.56659186,0.2210161,-4.20406,0.3212355,-1.1029778,-1.122328,8.431529,-1.371618,-1.8700294,0.85978734,1.7466059,-1.0420914,-0.19155754,1.2647196,-0.7091635,-4.601673,5.041195,0.19047846,1
8.0,8,-0.95523506,-0.93460214,0.5564589,0.22477978,-4.200841,0.3103008,-1.0982765,-1.1273154,8.417032,-1.3847654,-1.8705386,0.8698898,1.7437745,-1.0488746,-0.19283535,1.250759,-0.6884193,-4.591601,5.0882807,0.22106409,1
8.0,8,-0.9527777,-0.9343069,0.56088066,0.224092,-4.2019644,0.31214014,-1.0990824,-1.1258912,8.422117,-1.3808845,-1.8707999,0.86690515,1.7451626,-1.0469779,-0.19358018,1.2531596,-0.6945959,-4.5942364,5.0751433,0.21327208,1
3.0,3,0.044574697,0.54162353,-0.21661702,11.65353,-2.0650885,-1.0183558,-0.91559887,0.3323067,-0.5262591,-0.9059944,-0.8188536,1.5539765,-1.4754742,-0.44192535,-0.29504973,-0.9754432,0.25501513,-2.0223937,-0.92650104,-0.77044183,1
3.0,3,0.04618072,0.5412164,-0.21885923,11.653342,-2.0655768,-1.0177633,-0.9159764,0.3323193,-0.52738106,-0.9080205,-0.81085885,1.5543256,-1.4782127,-0.44125044,-0.29188204,-0.9735808,0.25571102,-2.0259414,-0.92989063,-0.77132714,1
3.0,3,0.04648832,0.5400792,-0.22252813,11.652788,-2.0657923,-1.0168054,-0.9162179,0.33266464,-0.52837586,-0.9105721,-0.80424047,1.5561358,-1.4811683,-0.44100988,-0.28860646,-0.97122914,0.25835454,-2.0295656,-0.9329282,-0.77256274,1
3.0,3,0.048656825,0.53912854,-0.2269201,11.652241,-2.066583,-1.0156704,-0.91682965,0.33274275,-0.5300925,-0.91420513,-0.7912935,1.5572459,-1.4859512,-0.4400204,-0.28312707,-0.96773887,0.26036143,-2.0358226,-0.9385232,-0.7740855,1
3.0,3,0.048200298,0.54086804,-0.2211034,11.653131,-2.0660975,-1.0171298,-0.91637117,0.33232054,-0.52859896,-0.91014844,-0.80229294,1.5543382,-1.4810863,-0.44045153,-0.28848147,-0.97157824,0.2561357,-2.0298495,-0.9334862,-0.77214813,1
3.0,3,0.045672927,0.5413027,-0.21835138,11.653407,-2.0655265,-1.0179374,-0.9159215,0.33225375,-0.52709967,-0.90753376,-0.81254876,1.5544053,-1.477646,-0.44139346,-0.2925769,-0.9740071,0.2556203,-2.0251398,-0.9291848,-0.77112347,1
3.0,1,1.580088,10.266401,-0.20489863,4.727885,-2.8628304,-0.99919367,0.15228364,-0.6217712,-0.46012032,2.4155838,-0.6907785,-1.8727304,-1.1305275,-0.38095784,1.3166113,-2.14453,-3.585804,0.32875898,-1.6656669,-2.4953673,0
3.0,1,1.5810591,10.266111,-0.20501126,4.7282057,-2.8627393,-0.9993303,0.15177612,-0.6218983,-0.4600688,2.415743,-0.69045305,-1.8729004,-1.130457,-0.3817688,1.3165177,-2.1443825,-3.5857837,0.32885024,-1.6658459,-2.495478,0
3.0,1,1.5843338,10.266004,-0.20531094,4.7271833,-2.8622868,-0.99938107,0.14991938,-0.62272733,-0.45952478,2.4173772,-0.68929327,-1.8741966,-1.1296366,-0.38316736,1.3148115,-2.14423,-3.5861151,0.33041224,-1.6663888,-2.495777,0
3.0,1,1.5881226,10.264527,-0.20601872,4.7307134,-2.8615696,-1.0000327,0.14850263,-0.62249655,-0.45991465,2.4165711,-0.68823344,-1.8739419,-1.1299214,-0.38712034,1.313788,-2.1434028,-3.5850902,0.33025905,-1.6671802,-2.4961655,0
3.0,1,1.5812618,10.266045,-0.20502168,4.72834,-2.8627107,-0.9993658,0.1516921,-0.6219028,-0.46006265,2.4157524,-0.6904065,-1.8729148,-1.1304623,-0.38196892,1.3164506,-2.1443443,-3.585755,0.3288417,-1.6658834,-2.495483,0
3.0,1,1.5800989,10.266434,-0.20484135,4.7277117,-2.8628588,-0.99919426,0.15224594,-0.6218259,-0.4600631,2.4157183,-0.69077784,-1.8728114,-1.1304934,-0.38091862,1.3166244,-2.1445456,-3.5858808,0.3287787,-1.6656615,-2.4953485,0
18.0,18,-1.6483788,-1.3728114,-2.1349633,0.84788567,-1.8097929,-1.3743441,-0.8824023,-1.8194711,0.9179725,-2.6944647,-0.95209765,2.0966127,1.4704877,-1.6426331,-0.045415968,-0.26052725,3.522818,-0.68511194,10.852364,3.944149,1
18.0,18,-1.6504948,-1.3746681,-2.1316507,0.8529584,-1.8115504,-1.3781799,-0.88114274,-1.8247733,0.9084348,-2.692,-0.94336754,2.1034732,1.4518517,-1.6468726,-0.043813795,-0.25847292,3.528435,-0.68693346,10.849621,3.9639585,1
18.0,18,-1.6776626,-1.3811147,-2.1074753,0.90652007,-1.875135,-1.3876588,-0.91568005,-1.8738772,0.9834894,-2.580229,-0.90851396,2.1023219,1.3495235,-1.6558628,-0.026533656,-0.21407685,3.3766205,-0.7611005,10.862974,4.179936,1
18.0,18,-1.6372776,-1.3325981,-2.1876152,0.833604,-1.8660711,-1.2705511,-0.927939,-1.7807586,1.1036735,-2.6105304,-1.0393949,1.945009,1.7044805,-1.6041344,0.00032227114,-0.17629384,3.145815,-0.7655871,10.90821,3.905692,1
18.0,18,-1.6500791,-1.3714507,-2.1349185,0.8554496,-1.8165748,-1.3709587,-0.88232327,-1.8230803,0.9141476,-2.6837938,-0.9436933,2.091439,1.4628649,-1.64793,-0.03798739,-0.2494294,3.4950123,-0.6931626,10.854317,3.9746976,1
18.0,18,-1.650299,-1.3747274,-2.1321633,0.85178196,-1.8109097,-1.3775836,-0.8804959,-1.824046,0.90874636,-2.693969,-0.9442879,2.1041524,1.4527471,-1.646981,-0.04393459,-0.2585917,3.5305965,-0.68658835,10.84909,3.960603,1
17.0,17,-0.7099816,-1.2286612,-1.3965279,-2.4379208,3.7288334,0.5169274,-1.5207603,-0.2826565,-2.4000826,-1.6016423,3.8037512,0.26449507,1.0641475,-1.2916197,-1.3065137,-0.6511911,2.1560082,11.35005,-1.3774285,-2.5454204,1
17.0,17,-0.7121104,-1.2245774,-1.3992672,-2.4327524,3.7287614,0.5225235,-1.5167353,-0.26807657,-2.3936346,-1.5992153,3.7789598,0.2559512,1.0754361,-1.2898817,-1.3116904,-0.6662521,2.148404,11.356639,-1.3709701,-2.549411,1
17.0,17,-0.7020237,-1.2647243,-1.348696,-2.4516902,3.6416368,0.41296083,-1.5865422,-0.4179422,-2.4049509,-1.6168991,4.0220385,0.36671898,0.98155195,-1.3315659,-1.3077695,-0.55781114,2.2715926,11.300999,-1.3707389,-2.4934592,1
17.0,17,-0.69212174,-1.3069295,-1.3072383,-2.4799001,3.5727348,0.33098975,-1.6456541,-0.5548984,-2.4216292,-1.6315314,4.241999,0.4578028,0.89106274,-1.3662386,-1.2917483,-0.43092343,2.3727524,11.2320595,-1.386965,-2.4463766,1
17.0,17,-0.7093526,-1.2380202,-1.3572246,-2.4190106,3.6660085,0.43464008,-1.561443,-0.3584482,-2.4067538,-1.6009134,3.9299123,0.329032,1.0132616,-1.3066797,-1.3094496,-0.630496,2.2094579,11.338951,-1.3733797,-2.51087,1
17.0,17,-0.70959747,-1.2332281,-1.3793904,-2.4309025,3.7025588,0.48162973,-1.538453,-0.31617406,-2.4036412,-1.6013999,3.8595936,0.29268068,1.0415092,-1.2982956,-1.3069818,-0.64026177,2.179019,11.344771,-1.3766085,-2.5305789,1
13.0,13,-1.24506,1.037825,1.5782928,-0.5471657,-2.262124,-0.17799519,-1.8823187,-1.4163551,1.5602251,0.44286424,-1.8042917,-1.228975,1.9590539,11.327779,-1.0986698,-2.7218707,-1.0435802,0.14432302,0.75271356,-2.7125988,1
13.0,13,-1.2431833,1.0342873,1.5825248,-0.5489158,-2.2649515,-0.17933618,-1.8803487,-1.4165962,1.5650549,0.44070753,-1.8090901,-1.2315009,1.9801711,11.325658,-1.1037848,-2.7259753,-1.0516114,0.14788702,0.76081,-2.7127442,1
13.0,13,-1.2497573,1.0362762,1.5638157,-0.5416251,-2.265799,-0.17561613,-1.8959378,-1.4220651,1.5750107,0.4490457,-1.8067684,-1.2208191,1.9540824,11.328358,-1.1002563,-2.7197237,-1.0382769,0.13817114,0.7701925,-2.7068427,1
13.0,13,-1.2222195,1.0126723,1.6093218,-0.58528435,-2.2792203,-0.18390176,-1.8555748,-1.4230142,1.6033926,0.44926503,-1.84472,-1.2604188,2.1694567,11.3221,-1.1621883,-2.7611656,-1.1275209,0.18420078,0.7719481,-2.7092152,1
13.0,13,-1.2405531,1.0312128,1.5887876,-0.55264485,-2.2683895,-0.18109487,-1.8761955,-1.4173614,1.5703913,0.44003868,-1.8143141,-1.2359045,2.0065737,11.324291,-1.111312,-2.731545,-1.0626184,0.15255828,0.7654201,-2.712197,1
13.0,13,-1.2442434,1.0361594,1.5810851,-0.5477025,-2.2643616,-0.179077,-1.8812151,-1.4167609,1.5631933,0.44193718,-1.8068898,-1.23054,1.9703264,11.326502,-1.1015296,-2.7243268,-1.0483315,0.14606857,0.7577126,-2.7123291,1
4.0,7,-3.7087088,-3.0086677,-2.602352,-1.7480073,1.529717,2.6885715,5.5179124,6.7693267,0.42086986,-0.6756753,-3.3853385,-1.1572987,-0.21766843,-0.98029035,1.3367001,4.446194,-1.3358574,-3.9765215,-2.164402,-2.1827998,0
4.0,7,-3.7009273,-3.0533223,-2.6264238,-1.7619555,1.5581391,2.6844323,5.448112,6.673769,0.3740704,-0.69223493,-3.3635786,-1.1272494,-0.23158659,-0.9828619,1.4145435,4.5952673,-1.336875,-3.9819093,-2.1726186,-2.2067049,0
4.0,7,-3.6923094,-3.1563542,-2.6835198,-1.8684967,1.609086,2.7252831,5.222944,6.4142833,0.41145766,-0.6508518,-3.3427413,-1.0689914,-0.19511183,-0.92240703,1.529912,4.877184,-1.3311782,-3.9774594,-2.1949322,-2.2782454,0
4.0,7,-3.6922932,-3.1894782,-2.697265,-1.8655975,1.6377456,2.6911402,5.1903305,6.3700786,0.34638822,-0.68082666,-3.309361,-1.0319948,-0.21665014,-0.9391395,1.5915318,4.9565616,-1.3087656,-3.959842,-2.2046626,-2.2923887,0
4.0,7,-3.7000327,-3.0603633,-2.62939,-1.7644488,1.5631058,2.6820257,5.4378176,6.659918,0.36647207,-0.6948605,-3.3596025,-1.1220604,-0.2334509,-0.9831712,1.4259143,4.6159225,-1.335806,-3.9808986,-2.1741874,-2.2102783,0
4.0,7,-3.7031858,-3.0417051,-2.61982,-1.758589,1.5511277,2.6854737,5.4660897,6.698409,0.3865053,-0.68733597,-3.3695576,-1.1351688,-0.22844057,-0.9818012,1.3943282,4.55671,-1.3367401,-3.980577,-2.170691,-2.2001636,0
7.0,7,-2.5754304,-1.934779,-2.329723,-1.4249965,0.43300557,5.1580353,4.674829,7.2399807,1.0039661,-0.7605007,-3.1969945,-1.6541951,-1.106471,-1.4900072,1.5170827,4.3680115,-2.9846234,-5.057854,-2.4705245,-1.7988193,1
7.0,7,-2.5526435,-1.961793,-2.3606408,-1.4262515,0.49261734,5.158339,4.6389575,7.1942644,0.9192208,-0.78773,-3.1895528,-1.6291686,-1.1675869,-1.5046135,1.597617,4.5062556,-2.9895372,-5.0684876,-2.4923778,-1.813509,1
7.0,7,-2.502928,-2.0625243,-2.3846622,-1.5432276,0.5344521,5.311796,4.045136,6.6679735,1.0815004,-0.5539283,-3.2144947,-1.6304942,-1.275577,-1.2928301,2.0210216,5.022579,-3.1751215,-5.1666546,-2.6163342,-1.9403167,1
7.0,7,-2.5023448,-2.065873,-2.3589835,-1.5795288,0.48805553,5.3533425,3.8966925,6.5372705,1.2116005,-0.45876494,-3.230844,-1.6557755,-1.247374,-1.2162435,2.0767083,5.0596194,-3.2321181,-5.1914253,-2.627239,-1.9645294,1
7.0,7,-2.5233195,-1.9971529,-2.4006267,-1.4253591,0.56119263,5.16301,4.566955,7.1123266,0.8157801,-0.81416523,-3.1769254,-1.5952015,-1.2504975,-1.5143956,1.7154111,4.702471,-3.0011435,-5.0872436,-2.5204175,-1.8353126,1
7.0,7,-2.551246,-1.9633696,-2.3623066,-1.4262432,0.49707055,5.1567645,4.641208,7.1955476,0.9133047,-0.7906146,-3.189177,-1.6279947,-1.1703653,-1.5070633,1.5993514,4.510407,-2.988572,-5.067908,-2.4933732,-1.8133428,1
16.0,16,-2.1746628,-2.7742064,-1.4945393,-1.5977814,2.003162,-0.9648439,-0.34375572,-0.63465315,-1.5679489,-3.3846512,0.49840108,4.697371,-2.7503548,-0.8450069,-1.3448862,-0.07071428,11.160269,1.4702919,0.012187123,-1.219429,1
16.0,16,-2.1867466,-2.7358956,-1.4672507,-1.5719445,1.917265,-0.97497994,-0.40473136,-0.7029724,-1.543779,-3.38261,0.57496864,4.7185526,-2.7605002,-0.81727654,-1.3391007,-0.074201345,11.1716175,1.4773259,0.019412048,-1.2232636,1
16.0,16,-2.1774914,-2.6986454,-1.4516565,-1.6074146,1.8933793,-0.9407272,-0.42819813,-0.73101777,-1.5020244,-3.360746,0.56942225,4.6670394,-2.770675,-0.77003676,-1.3102481,-0.05494119,11.163509,1.4058009,0.003959574,-1.2319887,1
16.0,16,-2.186113,-2.6715891,-1.4329205,-1.5871966,1.831575,-0.9479894,-0.46692085,-0.77670616,-1.4880612,-3.3629901,0.63041747,4.683754,-2.782253,-0.753783,-1.3018498,-0.05574673,11.1712265,1.4058326,0.007793434,-1.231603,1
16.0,16,-2.1956093,-2.7079043,-1.4480994,-1.5533417,1.8567824,-0.9813268,-0.44677484,-0.7507838,-1.5279917,-3.382146,0.6324779,4.732305,-2.7699344,-0.7978486,-1.3323259,-0.075379685,11.179302,1.4799178,0.023443483,-1.2254385,1
16.0,16,-2.1867201,-2.7364094,-1.4679207,-1.5722106,1.9188999,-0.9749395,-0.40473443,-0.70270216,-1.5441405,-3.3828032,0.5749775,4.7181587,-2.7599237,-0.8172814,-1.3391421,-0.07395589,11.171339,1.4784374,0.018566743,-1.2239531,1
14.0,14,-2.6862338,-0.08983228,-3.944658,2.465266,-0.8645839,2.5002205,-1.2717335,0.92805713,-2.635235,-1.6613697,-0.97762495,0.15298893,-2.8320794,-0.29711378,7.699846,7.130023,-1.3193842,-4.092138,-1.4528773,-2.5599523,1
14.0,14,-2.605184,-0.10900808,-3.9285378,2.42149,-0.8200703,2.4828665,-1.309535,0.7678697,-2.652687,-1.645362,-0.91800135,0.16400747,-2.8445597,-0.28207147,7.6904497,7.2351937,-1.3049904,-4.113151,-1.4368852,-2.5252464,1
14.0,14,-2.6327252,-0.09719857,-3.998525,2.3157244,-0.8671156,2.6757164,-1.2448386,1.0149708,-2.544437,-1.6388984,-0.97884625,0.11947199,-2.8445272,-0.25957546,7.529186,7.2387395,-1.3333403,-4.2019734,-1.4887247,-2.5818658,1
14.0,15,-2.3197837,-0.15042475,-3.9295683,2.1235542,-0.71609604,2.655577,-1.3500341,0.4718063,-2.58113,-1.5702119,-0.7740573,0.12546532,-2.8860197,-0.18978272,7.4370475,7.6138678,-1.2897401,-4.3000712,-1.4547532,-2.4604957,0
14.0,14,-2.540814,-0.123802476,-3.9144778,2.3820696,-0.78707635,2.4738047,-1.3358184,0.647281,-2.6625402,-1.6320245,-0.8704162,0.16952752,-2.8532014,-0.2694226,7.6775293,7.317272,-1.2945621,-4.131895,-1.427044,-2.4985378,1
14.0,14,-2.567321,-0.11320802,-3.921506,2.398095,-0.8059866,2.4930048,-1.3168777,0.7122764,-2.651471,-1.6360934,-0.9063516,0.16208307,-2.8514166,-0.2718556,7.6715674,7.2831144,-1.3034476,-4.136894,-1.4313365,-2.5105596,1
7.0,6,-0.6988296,-2.5964282,-2.6886113,-3.2040389,3.9944131,5.0293837,7.804768,5.7704062,-0.86220926,-2.6517365,-4.110839,-2.3118372,0.8368273,-2.051535,0.85063297,4.7613535,-2.5221634,-4.053948,-1.0617954,-0.9290389,0
7.0,6,-0.6407464,-2.648127,-2.7013602,-3.2081504,4.0652266,5.016721,7.732432,5.74642,-0.9389092,-2.6624389,-4.090366,-2.2863853,0.7603905,-2.0879726,0.897566,4.8935876,-2.522233,-4.0421734,-1.1115695,-0.9461036,0
7.0,6,-0.4886162,-2.7939754,-2.7214785,-3.3090324,4.136307,5.160167,7.1776066,5.476833,-0.79762083,-2.4876666,-4.132909,-2.2783077,0.6452884,-1.9871775,1.0884178,5.3411884,-2.683192,-4.0929685,-1.3001223,-1.0554388,0
7.0,6,-0.5184032,-2.7688751,-2.7047985,-3.3430367,4.0605474,5.232983,7.0995226,5.4158173,-0.6263411,-2.4106023,-4.1900887,-2.321446,0.73616266,-1.8904423,1.0743306,5.288319,-2.7480712,-4.1267443,-1.2833704,-1.0620507,0
7.0,6,-0.56662357,-2.7107563,-2.7171407,-3.2101955,4.141397,5.0041866,7.624733,5.705821,-1.0260372,-2.6687195,-4.0635467,-2.2550497,0.6638756,-2.130488,0.96156734,5.0700297,-2.5279284,-4.0343556,-1.1750611,-0.9727072,0
7.0,6,-0.64070123,-2.64772,-2.700955,-3.20798,4.064763,5.0155296,7.7342153,5.746301,-0.93930846,-2.6629622,-4.0903273,-2.2865624,0.7610741,-2.0882123,0.89663166,4.8925643,-2.5220122,-4.0422187,-1.1104265,-0.945172,0
10.0,10,-1.0033109,0.027060239,0.9130189,2.5761936,-2.6768372,-2.926944,-0.7366126,-1.4093457,-0.11331541,-0.43038782,10.535081,4.3994284,-1.9652439,-1.189041,-0.37698,-0.5503744,0.8238942,0.65117323,-2.8940217,0.31265083,1
10.0,10,-0.9782487,0.028576484,0.9085197,2.572864,-2.6715052,-2.9106522,-0.7343671,-1.4095027,-0.121752016,-0.44079602,10.5417595,4.352637,-1.983123,-1.1944085,-0.34926516,-0.5228895,0.8230881,0.6154546,-2.8972042,0.31371525,1
10.0,10,-0.9651922,0.016232228,0.9079213,2.5752172,-2.6791697,-2.9024699,-0.7298663,-1.4110185,-0.10972457,-0.46244124,10.534329,4.347342,-1.9881583,-1.1945704,-0.34842324,-0.50495917,0.84313846,0.5748345,-2.892342,0.31381023,1
10.0,10,-0.90856224,0.01524896,0.88935757,2.5677998,-2.6691132,-2.8541853,-0.72715396,-1.4133092,-0.13151252,-0.49631712,10.540343,4.2517385,-2.0394447,-1.2036135,-0.27241886,-0.42022207,0.8503574,0.46832833,-2.8994727,0.30913422,1
10.0,10,-0.9625037,0.029848201,0.90454257,2.5708754,-2.6681762,-2.8990064,-0.73319834,-1.4096767,-0.12781943,-0.4479637,10.545497,4.322737,-1.9955446,-1.1973474,-0.32968277,-0.50382185,0.8228757,0.5907736,-2.8993607,0.31375268,1
10.0,10,-0.9821696,0.028388722,0.90917116,2.573372,-2.6723895,-2.9131122,-0.73476297,-1.4094341,-0.12039962,-0.43935844,10.540708,4.3601847,-1.9805776,-1.193765,-0.35322046,-0.52703583,0.82348835,0.62065196,-2.8967388,0.31337935,1
18.0,18,-1.7841755,-1.268628,0.32702258,1.120395,-2.1725242,-0.9375989,-1.1626126,-2.326564,0.9141938,-3.4520211,-1.7087047,1.265795,1.1048023,0.59012437,0.336595,-0.15670758,3.8224258,-1.7664217,10.138273,2.9828959,1
18.0,18,-1.7820265,-1.2671543,0.3318144,1.1186893,-2.172412,-0.93221307,-1.158114,-2.3200119,0.9105684,-3.4614248,-1.7110438,1.2632346,1.1123754,0.5923114,0.3397717,-0.15366603,3.8221276,-1.7696981,10.132421,2.964416,1
18.0,18,-1.7844869,-1.2656665,0.2778181,1.1123935,-2.1613407,-0.913331,-1.1669074,-2.311168,0.92205423,-3.4659102,-1.7201897,1.2766047,1.1100581,0.58145666,0.3497721,-0.14378741,3.8376606,-1.7650012,10.131763,2.940798,1
18.0,18,-1.7610056,-1.2569777,0.34072885,1.082756,-2.159059,-0.8598816,-1.12578,-2.2555196,0.8741482,-3.5567164,-1.7473624,1.2414852,1.1746953,0.62802833,0.3791759,-0.11090359,3.8501115,-1.8077508,10.057338,2.774936,1
18.0,18,-1.7797545,-1.2656949,0.33743688,1.1161708,-2.1722062,-0.9260174,-1.1528347,-2.3126488,0.90604264,-3.4720416,-1.7138332,1.2600944,1.1198038,0.59528023,0.3433559,-0.1499269,3.8226671,-1.7739397,10.125186,2.944538,1
18.0,18,-1.7826732,-1.2674772,0.33170858,1.1190667,-2.1726966,-0.9336145,-1.1586078,-2.3213253,0.91107875,-3.459402,-1.7103276,1.263602,1.1102124,0.5918172,0.33898485,-0.15429372,3.8220315,-1.7693053,10.133586,2.9690616,1
10.0,10,-0.5448918,-1.1441834,0.058064323,0.7904988,-1.0170088,-2.4433062,-1.083026,-1.635882,-1.2022464,-0.8169624,10.6913,1.7176605,-1.3477001,-0.96928453,-0.3090629,0.8629071,0.6156479,3.197864,-2.761259,0.06854181,1
10.0,10,-0.52626604,-1.1175946,0.04685044,0.79562706,-1.034787,-2.3911886,-1.090932,-1.6419814,-1.2130797,-0.8149226,10.681714,1.6871034,-1.3981885,-0.9920723,-0.2328983,0.95507544,0.5825248,3.113014,-2.7737617,0.055190478,1
10.0,10,-0.44429523,-1.091906,-0.051893767,0.8539236,-1.16605,-2.2092195,-1.0962536,-1.6430744,-1.1610193,-0.86769545,10.572938,1.6054003,-1.4086939,-0.95635146,-0.037497584,1.2700442,0.49663252,2.6121833,-2.8121958,-0.06546056,1
10.0,10,-0.4251156,-1.0292462,-0.07361564,0.85694206,-1.191561,-2.1110933,-1.117605,-1.6529021,-1.1896508,-0.86838645,10.5526085,1.5673904,-1.533913,-0.9886468,0.11593112,1.4313736,0.4539463,2.4752028,-2.8392622,-0.0898501,1
10.0,10,-0.5189451,-1.1056387,0.04057231,0.79685277,-1.0413402,-2.367597,-1.094618,-1.6444318,-1.2189136,-0.8144275,10.677115,1.6735021,-1.4199452,-1.0016454,-0.19859238,0.9946304,0.5680924,3.0794845,-2.7789483,0.04894365,1
10.0,10,-0.5303136,-1.1224362,0.049435567,0.79410714,-1.0304791,-2.4017782,-1.0897374,-1.6407772,-1.2115986,-0.8149565,10.684291,1.693275,-1.3894913,-0.9883087,-0.24786524,0.93639624,0.5895457,3.132158,-2.7713916,0.05820031,1
3.0,3,-0.11670171,0.4545153,-0.5878109,11.107425,-1.3642654,-1.7020394,-0.82011145,0.12415852,-1.1898348,-1.9630235,-0.40275285,1.2966322,-0.2409255,-1.0487379,-1.0512435,-2.3602118,1.2701807,1.3060343,1.7833617,-0.9627662,1
3.0,3,-0.1215529,0.44122356,-0.592714,11.102973,-1.3634307,-1.7016089,-0.8316315,0.12088646,-1.1860723,-1.9867222,-0.39192238,1.3276613,-0.23743038,-1.060569,-1.055027,-2.3591506,1.3067393,1.3136401,1.7830532,-0.980815,1
3.0,3,-0.12808824,0.4250206,-0.601377,11.096275,-1.3642061,-1.6996131,-0.84535635,0.11521004,-1.1778791,-2.0124338,-0.38957712,1.359271,-0.2282166,-1.0639061,-1.0559845,-2.356502,1.3427355,1.3139011,1.7942338,-0.99877405,1
3.0,3,-0.13526325,0.40611422,-0.61114955,11.089486,-1.365357,-1.6981138,-0.8625906,0.109121054,-1.1691138,-2.045574,-0.37916112,1.402331,-0.2209825,-1.0735795,-1.0579796,-2.353608,1.3909453,1.3169273,1.7995627,-1.0236332,1
3.0,3,-0.12593502,0.42953783,-0.5973338,11.099501,-1.3635417,-1.7011403,-0.8423241,0.117550254,-1.1824294,-2.0069416,-0.3826159,1.3552423,-0.23406166,-1.0689924,-1.0574112,-2.357834,1.3374027,1.3188785,1.7829736,-0.9967857,1
3.0,3,-0.120934024,0.44238853,-0.5923155,11.103483,-1.3637807,-1.7014874,-0.8306954,0.12105,-1.1861167,-1.9850132,-0.3929284,1.3251976,-0.23715524,-1.0599339,-1.0543655,-2.3589888,1.3032459,1.3122042,1.7837709,-0.9792141,1
3.0,3,-0.18125916,1.678846,-0.38497996,11.664077,-2.060816,-1.8884969,-0.50137347,-0.006917212,-1.0780499,-0.5301215,-0.36778232,1.195659,-0.93001086,-1.4091728,-0.28675467,-2.124065,-0.60483515,0.35012344,1.2545795,-0.18378624,1
3.0,3,-0.17899112,1.6683294,-0.38922897,11.665581,-2.0533469,-1.8868223,-0.5088606,-0.0059301592,-1.0777643,-0.5409447,-0.36665094,1.2103393,-0.9263058,-1.4172245,-0.29200137,-2.1228616,-0.59258586,0.35771677,1.2566595,-0.19138637,1
3.0,3,-0.17690378,1.6584058,-0.39406478,11.666295,-2.0475218,-1.8856688,-0.5153036,-0.0060803667,-1.075813,-0.551049,-0.3670845,1.2234771,-0.92201316,-1.422787,-0.297562,-2.1215777,-0.5819801,0.36275455,1.2636338,-0.19628106,1
3.0,3,-0.17424758,1.6467056,-0.39914927,11.667705,-2.039813,-1.883768,-0.52286994,-0.0052923877,-1.074636,-0.56317997,-0.36661488,1.2388415,-0.9176813,-1.4313488,-0.30284137,-2.1198385,-0.56876457,0.36901525,1.2675346,-0.20352992,1
3.0,3,-0.1769989,1.6592361,-0.39299747,11.66683,-2.047074,-1.8853301,-0.51495653,-0.0051276498,-1.0774312,-0.55050915,-0.36586753,1.2226506,-0.9231183,-1.4241922,-0.29596382,-2.121579,-0.5820576,0.36337236,1.2588623,-0.1976071,1
3.0,3,-0.1792181,1.6695131,-0.3887809,11.665395,-2.054267,-1.8869638,-0.507851,-0.0060254484,-1.0777322,-0.5397346,-0.3668844,1.2084882,-0.9266509,-1.4164249,-0.2913373,-2.1229177,-0.5940236,0.35653248,1.2566185,-0.19030274,1
2.0,9,-1.3010317,-0.12693729,5.8922954,-0.4781598,-2.5535839,-1.7374611,-2.4972582,-2.1143425,1.7852055,9.380779,-0.87072265,-3.0370986,-0.17163496,1.604997,-1.7594072,-1.8582612,-2.8771734,0.7128332,-2.2368917,1.710995,0
2.0,9,-1.3026102,-0.12626392,5.881714,-0.47917363,-2.5525873,-1.7355897,-2.4979563,-2.1147141,1.7851231,9.386013,-0.8710671,-3.0373397,-0.17145638,1.6044755,-1.7593035,-1.8581427,-2.8777895,0.7160271,-2.2362669,1.712476,0
2.0,9,-1.3048254,-0.12690274,5.8678026,-0.48232862,-2.5507948,-1.733688,-2.4973514,-2.1146498,1.7844455,9.392836,-0.87119955,-3.037702,-0.17197476,1.6023006,-1.7584543,-1.8560958,-2.8785338,0.71776044,-2.2359266,1.7173702,0
2.0,9,-1.2961287,-0.1285522,5.9177427,-0.4796583,-2.5536218,-1.7424219,-2.4933488,-2.1120594,1.7830389,9.368066,-0.86838883,-3.0363762,-0.17410904,1.6051666,-1.7576833,-1.8553983,-2.8765833,0.70172775,-2.2424164,1.7085282,0
2.0,9,-1.3023366,-0.12619631,5.882565,-0.479587,-2.552332,-1.7357779,-2.4976583,-2.1145053,1.784811,9.385583,-0.87085396,-3.0372822,-0.17173299,1.6045173,-1.7590904,-1.8578668,-2.8778625,0.7154692,-2.236887,1.7122941,0
2.0,9,-1.3021693,-0.12639451,5.884189,-0.47905374,-2.552701,-1.7360412,-2.4977152,-2.1145644,1.7849073,9.384735,-0.8709396,-3.0372984,-0.17161138,1.6045535,-1.7591593,-1.8579988,-2.8777037,0.7151435,-2.2366157,1.7121503,0
7.0,7,-1.4478252,-1.8714443,-2.7647228,-2.5908914,3.240189,4.253927,7.309296,7.827036,-2.2864463,-3.4456124,-2.6039057,-1.7940149,2.8216488,-1.8312924,-1.6751802,-1.252437,0.45936048,1.030046,0.024664402,-2.4065874,1
7.0,7,-1.4420235,-1.8500396,-2.7524815,-2.595941,3.2434154,4.351055,7.1869683,7.8803315,-2.2881222,-3.4024663,-2.5917084,-1.8050791,2.7570915,-1.8410246,-1.6645771,-1.2377264,0.40736073,1.1520616,-0.06700854,-2.4648893,1
7.0,7,-1.8254784,-1.9517503,-2.6041648,-2.3035905,2.3456244,4.147553,7.7967396,8.033715,-2.1300697,-3.2230194,-2.4590545,-1.6655308,1.930324,-2.1360824,-1.6279768,-0.83434135,0.7272813,-0.4179695,0.19141755,-1.4579965,1
7.0,6,-1.8192098,-2.0156386,-2.6589901,-2.3367426,2.4370005,3.8704588,8.13764,7.7659707,-2.1223125,-3.3200674,-2.5094054,-1.6670461,2.1769545,-2.0344143,-1.6371435,-0.90951335,0.8341112,-0.6840603,0.4618537,-1.2712976,0
7.0,7,-1.4497846,-1.7982436,-2.7204983,-2.5795496,3.1916735,4.5066805,7.0221663,7.9883633,-2.2855506,-3.3233013,-2.562178,-1.8196048,2.5976162,-1.8758591,-1.6360233,-1.1937459,0.32174486,1.2683223,-0.22041151,-2.5261595,1
7.0,7,-1.452309,-1.8397112,-2.7436671,-2.5779068,3.201918,4.326314,7.2453265,7.887339,-2.2897108,-3.408657,-2.5825953,-1.7997494,2.7271366,-1.8595195,-1.6639628,-1.2320826,0.423764,1.075399,-0.04628946,-2.4258366,1
15.0,15,0.16729523,-1.4275116,-2.9457474,-0.6486299,0.75252694,3.7350357,-0.7995277,-0.548546,-2.5202773,-1.7308974,0.50325865,-0.7487287,-3.0029886,0.04002664,4.5350327,9.362513,-1.4210336,-3.9739923,-1.4981977,-1.7249999,1
15.0,15,0.17099679,-1.4209132,-2.9419544,-0.6496893,0.7499949,3.735683,-0.8105597,-0.55421627,-2.5179605,-1.7272704,0.52667516,-0.7509689,-3.0037973,0.04073484,4.539239,9.35842,-1.4206208,-3.9640312,-1.5094737,-1.7371411,1
15.0,15,0.078853175,-1.3693159,-2.9826896,-0.5993397,0.60062444,3.7509804,-0.8018319,-0.5213294,-2.3927565,-1.7609037,0.45054406,-0.6988657,-2.9733624,0.13380796,4.54291,9.280732,-1.3732721,-4.1186986,-1.4658676,-1.7563655,1
15.0,15,0.06705737,-1.3057765,-2.9645302,-0.5746216,0.51030326,3.7255354,-0.8477047,-0.5302024,-2.3308277,-1.7574044,0.5272929,-0.67709744,-2.9762063,0.15974776,4.5937095,9.23709,-1.3876467,-4.1574006,-1.49363,-1.8115684,1
15.0,15,0.17370474,-1.4047984,-2.9307191,-0.64632577,0.733975,3.7262738,-0.8271628,-0.56279457,-2.5113146,-1.7212067,0.56114393,-0.74899065,-3.0067234,0.041820716,4.5550857,9.3511915,-1.4287316,-3.9610608,-1.5245165,-1.7519578,1
15.0,15,0.17280076,-1.4150299,-2.9364889,-0.64795625,0.74418133,3.7296307,-0.8156913,-0.5570673,-2.516955,-1.7247679,0.5375601,-0.74991584,-3.0056965,0.03951952,4.5468864,9.357204,-1.4267026,-3.9643714,-1.5139854,-1.7403733,1
17.0,17,-0.85538673,-0.9570679,-1.6734813,-1.6396687,3.1504104,0.46436852,-1.1396888,0.57730275,-1.8909316,-1.2158313,2.2284188,-0.5012835,2.1032286,-1.2245191,-1.5847124,-1.9595572,1.1075351,11.587265,-0.6665633,-2.3940825,1
17.0,17,-0.8481206,-0.95484215,-1.6684418,-1.6408736,3.146946,0.45830396,-1.1481808,0.5677599,-1.8896298,-1.217643,2.244264,-0.49530557,2.098773,-1.2294557,-1.5873929,-1.956421,1.1151782,11.587644,-0.6653063,-2.392768,1
17.0,17,-0.7986665,-0.94511425,-1.6424971,-1.6649014,3.1397157,0.4281615,-1.2027143,0.5021644,-1.8838459,-1.2253697,2.3573482,-0.45912108,2.0645893,-1.2694772,-1.5933238,-1.924686,1.1561564,11.588504,-0.66596746,-2.3786173,1
17.0,17,-0.77461123,-0.94546735,-1.6352587,-1.692971,3.1456532,0.43040994,-1.2235045,0.48026899,-1.875088,-1.2299726,2.3947687,-0.4517138,2.0611415,-1.2896535,-1.5950146,-1.8993684,1.1724286,11.583304,-0.6686685,-2.381196,1
17.0,17,-0.82810336,-0.9488638,-1.6560473,-1.6458471,3.1416595,0.44107726,-1.1729484,0.5367261,-1.8895254,-1.2195984,2.297175,-0.4771539,2.081007,-1.2454224,-1.588598,-1.945929,1.1301355,11.590221,-0.66563547,-2.3833292,1
17.0,17,-0.83919615,-0.952095,-1.6631635,-1.6436527,3.1457076,0.45078227,-1.1598594,0.5526301,-1.8901885,-1.217407,2.2701304,-0.4869461,2.089762,-1.2371399,-1.5864515,-1.9511402,1.1198933,11.58926,-0.66653085,-2.3871367,1
0.0,0,10.138823,5.5282845,2.669462,-0.21771297,-0.796537,-0.9187518,-1.0371757,-1.0201231,1.6853898,2.4248838,-0.3672183,-3.919526,0.23885764,-1.7312515,-2.7636952,0.56475675,-3.7188215,-2.163119,-1.6075135,-1.2815727,1
0.0,0,10.144398,5.522772,2.669495,-0.21664578,-0.7937407,-0.91970176,-1.0369598,-1.0185844,1.6820991,2.4193108,-0.36524153,-3.917252,0.23577683,-1.7337288,-2.7621744,0.56641716,-3.7158105,-2.1662433,-1.6057187,-1.2809464,1
0.0,0,10.149818,5.5190253,2.6732419,-0.21628106,-0.7953644,-0.92129767,-1.0381192,-1.0178375,1.6914082,2.4178252,-0.36687264,-3.9158528,0.23785736,-1.7368978,-2.7692056,0.5558818,-3.710364,-2.1670668,-1.5975152,-1.275823,1
0.0,0,10.200084,5.48011,2.6677806,-0.20388816,-0.7616736,-0.9283285,-1.0353296,-1.0060397,1.6460499,2.3555756,-0.33505195,-3.8850403,0.19226433,-1.7632426,-2.7398608,0.5885047,-3.678248,-2.2029328,-1.5873512,-1.2730058,1
0.0,0,10.148034,5.5195665,2.669392,-0.21586297,-0.79168886,-0.9203228,-1.0367501,-1.0176212,1.6794839,2.4153259,-0.36356026,-3.9154754,0.23323318,-1.7354743,-2.7607846,0.56790304,-3.713687,-2.1684687,-1.6046906,-1.28056,1
0.0,0,10.141186,5.525786,2.6696482,-0.21729773,-0.7954936,-0.9192883,-1.0370116,-1.0194128,1.6841582,2.4227054,-0.36660278,-3.918735,0.23776996,-1.7322723,-2.7633677,0.56504554,-3.7175884,-2.164267,-1.6066036,-1.281112,1
7.0,7,-1.3114444,-2.0395255,-1.7223957,-0.87664986,1.3984343,2.5128226,6.3526998,8.319183,-2.360654,-1.978413,-1.5197337,-1.054277,-2.7885456,-2.6838684,-0.28157902,2.4512446,-1.7552133,-3.4312558,-2.6964865,2.3186176,1
7.0,7,-1.3115804,-2.033663,-1.7363632,-0.8688815,1.4017377,2.537015,6.325547,8.349565,-2.3568757,-1.9856513,-1.5329964,-1.0477057,-2.7929747,-2.676242,-0.25978,2.476579,-1.7593837,-3.4372568,-2.7239742,2.239106,1
7.0,7,-1.3311901,-2.0359662,-1.7523274,-0.84668523,1.3665644,2.5907197,6.250446,8.259106,-2.364682,-1.9420516,-1.5845255,-1.0899218,-2.8243146,-2.5952618,-0.15609686,2.6114793,-1.8424965,-3.5190873,-2.7295234,2.2826393,1
7.0,7,-1.3293099,-2.0696423,-1.6853784,-0.88344467,1.3550711,2.488811,6.3395834,8.122563,-2.367069,-1.8879695,-1.5341662,-1.1279714,-2.810379,-2.6184819,-0.23606956,2.5149283,-1.8447441,-3.4968414,-2.6373396,2.6277978,1
7.0,7,-1.310519,-2.0236144,-1.7587754,-0.8553721,1.4069752,2.5736177,6.286565,8.389884,-2.355938,-1.9988441,-1.5540707,-1.0394267,-2.7994604,-2.6620827,-0.22496963,2.5186942,-1.7667519,-3.4484973,-2.7606447,2.1229546,1
7.0,7,-1.3101319,-2.0331867,-1.7363333,-0.8681839,1.4034835,2.5357332,6.3287296,8.346759,-2.3608387,-1.9872179,-1.532726,-1.0493764,-2.793244,-2.675291,-0.26085174,2.4760158,-1.758653,-3.4370544,-2.720532,2.2445796,1
18.0,18,-1.6730009,-1.6555767,-1.9714186,-0.9219419,-0.9294885,-1.559853,0.32637098,-1.5215642,-1.4014579,-4.306952,-1.0524445,2.0864165,2.556603,3.9806547,0.10488752,-1.3723121,4.700511,0.58674127,8.236178,-0.19925246,1
18.0,18,-1.666341,-1.6687707,-1.9889803,-0.9506342,-0.8865019,-1.5464828,0.31699443,-1.5002861,-1.4319714,-4.3121204,-1.0526211,2.0435734,2.634905,3.9588768,0.101230755,-1.3816215,4.6544905,0.6935216,8.22579,-0.23987019,1
18.0,18,-1.6951045,-1.5947812,-1.9632391,-0.38299102,-1.2293532,-1.5894527,0.12572354,-1.9061115,-1.1534114,-3.949576,-0.9310981,1.8879924,2.081782,2.9167483,0.27662706,-1.0026735,4.3652864,-0.035598345,9.441681,1.359887,1
18.0,18,-1.5640413,-1.8688517,-2.1749508,-0.97289264,-0.5310697,-1.3581835,-0.15016782,-1.4474181,-1.4405068,-4.135215,-1.1917799,1.7494609,2.9349,3.786966,0.18211094,-1.2405351,4.1815157,0.9953311,8.491624,-0.10804418,1
18.0,18,-1.6438316,-1.7065345,-2.0258543,-1.017079,-0.7706384,-1.5057923,0.25547862,-1.4378237,-1.4865453,-4.3204494,-1.0727689,1.9701364,2.792502,4.0023704,0.092937306,-1.409363,4.5496535,0.9210091,8.140935,-0.3870419,1
18.0,18,-1.6639353,-1.6733416,-1.9922494,-0.9617134,-0.8717388,-1.5423621,0.31032372,-1.492146,-1.4395524,-4.314707,-1.0554652,2.0366254,2.6531327,3.975536,0.09993291,-1.3870198,4.644854,0.7214011,8.205548,-0.2662973,1
13.0,13,-1.34692,1.9046226,-0.09466171,-1.5070869,-0.5849927,0.15062779,-1.7315348,-1.7631208,-0.24424322,-0.5885247,-0.9506533,-0.75561833,0.22953975,11.151661,1.6658711,-1.5198276,-0.21551831,-0.27909225,-1.0777723,-3.1366353,1
13.0,13,-1.3606304,1.9293246,-0.08105661,-1.5087655,-0.61355066,0.13772121,-1.7250578,-1.770532,-0.23196459,-0.581792,-0.941767,-0.74058247,0.24569695,11.157593,1.6439451,-1.532595,-0.22685875,-0.26821,-1.0801947,-3.134979,1
13.0,13,-1.3538603,1.9106842,-0.087727144,-1.5157684,-0.6075837,0.14832601,-1.7288529,-1.7761694,-0.20856804,-0.5731604,-0.95417863,-0.7493112,0.27211285,11.167495,1.6213415,-1.5399235,-0.22284184,-0.27580583,-1.066917,-3.1256511,1
13.0,13,-1.4029684,2.0135834,-0.048075955,-1.526343,-0.70038927,0.108254775,-1.7106081,-1.8030334,-0.16296658,-0.54139674,-0.92046785,-0.69300073,0.3287388,11.186737,1.5371289,-1.5878465,-0.25578016,-0.23107727,-1.0781777,-3.122238,1
13.0,13,-1.3715465,1.9489665,-0.07058917,-1.5099052,-0.6360435,0.12731211,-1.7200717,-1.7766925,-0.22258908,-0.57634604,-0.9346113,-0.7288866,0.25812408,11.161878,1.6273677,-1.5424786,-0.23600496,-0.2592359,-1.0821967,-3.1334543,1
13.0,13,-1.3579701,1.9253184,-0.08364394,-1.508199,-0.6081321,0.14000002,-1.7261316,-1.7693423,-0.23482503,-0.583337,-0.94339985,-0.74370027,0.2417928,11.156102,1.6491064,-1.5297695,-0.22497824,-0.270457,-1.0800827,-3.1352487,1
17.0,17,-0.28902447,-2.0477014,-2.2359352,-2.0180562,5.707398,1.5389326,-1.4990335,2.2334006,-2.7879655,-1.8194036,2.1732612,0.2179253,0.6130406,-2.4144027,-2.004996,-0.57549304,2.737692,10.246271,-1.93428,-2.9813137,1
17.0,17,-0.2597762,-1.9892757,-2.203094,-1.9882481,5.5831423,1.4857118,-1.5829256,2.1012657,-2.803635,-1.7814977,2.3489702,0.23544046,0.5502424,-2.4268913,-1.9996724,-0.60922885,2.7797341,10.312563,-1.9000496,-2.9232302,1
17.0,17,-0.2025446,-2.0700564,-2.2309277,-2.0890615,5.6619596,1.4881704,-1.6487516,2.0643709,-2.8181763,-1.823964,2.427922,0.29424033,0.4637819,-2.443307,-2.0242724,-0.5150251,3.0563357,10.149741,-1.9547876,-2.934645,1
17.0,17,-0.18282107,-1.9763403,-2.1712599,-2.0351946,5.4812007,1.3845317,-1.7582316,1.8618937,-2.8569877,-1.7849334,2.7024295,0.35222992,0.33297318,-2.4510262,-2.0092652,-0.5688916,3.1432002,10.256897,-1.9029994,-2.8481636,1
17.0,17,-0.24192747,-1.9504452,-2.1788306,-1.9702957,5.502222,1.4434205,-1.637047,2.0097747,-2.8169847,-1.758966,2.4713361,0.25368083,0.49983713,-2.4338493,-1.9963915,-0.63180614,2.8191113,10.354055,-1.8780886,-2.8828986,1
17.0,17,-0.2641296,-1.9976782,-2.207491,-1.9920417,5.6002607,1.4924185,-1.5716652,2.1192772,-2.801119,-1.7866284,2.324269,0.23342271,0.5591289,-2.4250536,-2.0006766,-0.60491496,2.7741477,10.304152,-1.9044082,-2.9311209,1
3.0,3,-0.15813492,0.6687803,1.0649992,11.788389,-2.341845,-2.0009203,-1.3279716,-0.241343,-0.46664777,-0.29670653,0.7391745,1.0907406,-1.3787543,-0.062207256,-0.74050933,-1.8578159,-0.18350188,-0.8431591,-1.2590348,-0.70761895,1
3.0,3,-0.15782191,0.6668418,1.0606482,11.787871,-2.341501,-2.003025,-1.3276259,-0.24189426,-0.4698172,-0.2984304,0.75529253,1.0908978,-1.3806136,-0.06516878,-0.7363873,-1.8572781,-0.18266831,-0.84320825,-1.262961,-0.7063922,1
3.0,3,-0.15836693,0.6649814,1.0577539,11.787185,-2.341337,-2.0056396,-1.3277758,-0.242914,-0.4721877,-0.29936993,0.76845634,1.0908849,-1.3821467,-0.06670697,-0.73347294,-1.8573331,-0.18140203,-0.8424399,-1.2662854,-0.7052456,1
3.0,3,-0.15736489,0.6599666,1.0484344,11.784675,-2.340539,-2.0136266,-1.3277445,-0.2459632,-0.48047152,-0.30275264,0.8137133,1.0887994,-1.3872164,-0.072309874,-0.7232644,-1.8570396,-0.17938782,-0.8411781,-1.2777654,-0.70123607,1
3.0,3,-0.1559383,0.66407055,1.0534209,11.786839,-2.3407247,-2.0059443,-1.3267901,-0.2425249,-0.47508916,-0.30158907,0.7818437,1.0899395,-1.3836406,-0.0700806,-0.7290879,-1.8558598,-0.18215124,-0.84463847,-1.2695836,-0.70439833,1
3.0,3,-0.15819359,0.66726273,1.0617859,11.788015,-2.3416512,-2.0027695,-1.3278127,-0.24191783,-0.4690875,-0.297873,0.7516791,1.0911195,-1.3802477,-0.06443531,-0.73749316,-1.8575548,-0.18270503,-0.84282887,-1.2620484,-0.7066244,1
2.0,2,0.47880745,-0.18187957,10.025175,0.8097607,-4.240726,-2.6624455,-1.3594627,-1.3216254,6.740104,1.6463389,-0.8740232,-0.8329312,0.9706218,2.3568826,-3.5762358,-2.7857902,-1.9216329,-2.4402585,-1.5007145,-0.559498,1
2.0,2,0.47827834,-0.18046089,10.023133,0.8097938,-4.2414184,-2.6624432,-1.3593946,-1.3224827,6.7404337,1.6441181,-0.8748261,-0.8327375,0.96911407,2.3654861,-3.5766728,-2.786913,-1.9207875,-2.4410844,-1.5001646,-0.5604074,1
2.0,2,0.4773383,-0.18340631,10.016262,0.8081698,-4.24414,-2.6600804,-1.3585852,-1.3193105,6.7544355,1.6465095,-0.8768672,-0.8307642,0.9710657,2.352294,-3.5775135,-2.7851064,-1.9232821,-2.4450607,-1.4967068,-0.55857956,1
2.0,2,0.47921932,-0.18363552,10.026247,0.80961555,-4.2404165,-2.662157,-1.3593957,-1.3204195,6.7416873,1.6486585,-0.8734374,-0.832838,0.9721798,2.3468874,-3.5760229,-2.7845411,-1.9226375,-2.4400992,-1.5004933,-0.5581961,1
2.0,2,0.4783193,-0.18050104,10.022871,0.80987895,-4.241525,-2.6624916,-1.359227,-1.3225162,6.740766,1.6438214,-0.8749053,-0.83269435,0.9691084,2.3657138,-3.576825,-2.786925,-1.9207486,-2.441358,-1.4998767,-0.5602409,1
2.0,2,0.47855043,-0.18095818,10.023971,0.8098613,-4.241117,-2.6625807,-1.3593572,-1.3223267,6.7400484,1.6448052,-0.8744916,-0.8328545,0.9695838,2.3627958,-3.5766048,-2.7864926,-1.9210349,-2.4408295,-1.5004265,-0.55993456,1
2.0,2,-0.01923414,-0.60709107,10.795665,0.71885234,-2.9662657,-2.1922824,-1.1250935,-1.39957,2.3377738,0.9283147,-0.5718992,-1.4310637,0.8628083,2.8133218,-1.7843341,-1.6108409,-0.86548746,-2.0660462,-0.7830734,-0.6321972,1
2.0,2,-0.01916733,-0.6069535,10.795957,0.7186772,-2.9663262,-2.1925452,-1.1251518,-1.3996158,2.338098,0.929177,-0.5718873,-1.4311991,0.8627646,2.813145,-1.7848076,-1.6113898,-0.86570674,-2.0656667,-0.7831178,-0.63184136,1
2.0,2,-0.02022748,-0.606824,10.7953415,0.7186954,-2.9673548,-2.1914895,-1.1258404,-1.4000002,2.33955,0.9303716,-0.5731097,-1.4319987,0.863068,2.8150465,-1.7848665,-1.6115085,-0.8660669,-2.0666828,-0.782663,-0.6317296,1
2.0,2,-0.02136029,-0.60864574,10.791723,0.7183946,-2.9676416,-2.1882496,-1.1258576,-1.401181,2.3358095,0.9206146,-0.5721703,-1.4295517,0.8623164,2.8178515,-1.7771162,-1.6000631,-0.86440593,-2.074487,-0.78401744,-0.63679075,1
2.0,2,-0.019364621,-0.6070791,10.795638,0.71855307,-2.9664812,-2.1922085,-1.1252384,-1.3997992,2.3379679,0.9285851,-0.5718846,-1.4310474,0.86266774,2.8135297,-1.7841504,-1.6103616,-0.86565024,-2.0664659,-0.78324974,-0.632234,1
2.0,2,-0.01923797,-0.6070167,10.795801,0.7187041,-2.9663334,-2.1923983,-1.1251574,-1.3996396,2.3379579,0.9288207,-0.57189107,-1.4311354,0.86272955,2.813274,-1.7845097,-1.6110066,-0.8656329,-2.065947,-0.7831465,-0.6320152,1
14.0,14,-3.4506514,0.20406206,-2.2099988,-1.4617833,0.15132667,0.08224264,-2.1151536,-0.52128154,-1.9933169,0.34032467,0.28933233,1.269008,-0.8336694,-0.39308575,10.033669,2.218484,-2.3093524,0.33118537,-0.80258584,-1.9433855,1
14.0,14,-3.45396,0.20462719,-2.2086027,-1.4647651,0.14485955,0.08288312,-2.1161585,-0.528035,-1.9915465,0.34574202,0.29559356,1.267052,-0.8341128,-0.3938854,10.03348,2.227279,-2.3089836,0.32604662,-0.80361855,-1.9410751,1
14.0,14,-3.4566588,0.20613497,-2.213322,-1.4764234,0.13925862,0.091910556,-2.1177285,-0.5332749,-1.980172,0.35979515,0.29656637,1.2610307,-0.826212,-0.39252543,10.032195,2.237849,-2.31551,0.3146716,-0.80581665,-1.9424714,1
14.0,14,-3.4674802,0.20676365,-2.2103643,-1.4898211,0.11271631,0.08931281,-2.1211088,-0.5619008,-1.9740442,0.36782935,0.3346941,1.2677461,-0.83321655,-0.40223682,10.032557,2.2855418,-2.3049734,0.2812223,-0.80658245,-1.9299176,1
14.0,14,-3.4563615,0.20504819,-2.2075202,-1.466945,0.13966846,0.0826347,-2.116773,-0.5334129,-1.9904569,0.34853745,0.30157644,1.2669792,-0.8351118,-0.39503738,10.033471,2.2348855,-2.3076942,0.32089132,-0.80404973,-1.9388729,1
14.0,14,-3.4534142,0.20455618,-2.2087991,-1.4642677,0.1457897,0.08258127,-2.1159735,-0.527054,-1.9918755,0.34459394,0.29489097,1.2676991,-0.8342161,-0.3938623,10.03355,2.226108,-2.3088014,0.3265178,-0.80336726,-1.9413186,1
8.0,8,-1.9712195,-0.313128,0.05569679,-0.90180206,-2.844083,1.5042001,-2.736325,-1.3714213,5.665687,-1.6778724,-2.4719896,0.83146936,-0.7953681,2.7760646,0.31593996,0.69845796,4.0179973,-3.6652033,4.370233,-1.8998374,1
8.0,8,-1.9714241,-0.31320867,0.055489246,-0.90217716,-2.8436546,1.504929,-2.7354817,-1.370871,5.6628823,-1.6801394,-2.4719496,0.83159584,-0.79520595,2.7773707,0.31720918,0.699836,4.0189767,-3.6659217,4.36888,-1.9019401,1
8.0,8,-1.9729513,-0.3149345,0.046568368,-0.90236294,-2.8413098,1.5052294,-2.7344406,-1.3711048,5.6602397,-1.6833667,-2.4704657,0.8371916,-0.7954936,2.7693357,0.31844425,0.70084023,4.0246406,-3.6628458,4.376375,-1.8985001,1
8.0,8,-1.9710051,-0.31439644,0.045796756,-0.91073143,-2.8366947,1.5165136,-2.7265089,-1.3636254,5.6373534,-1.6990732,-2.470223,0.8337863,-0.79713947,2.783838,0.32986695,0.7175946,4.0326724,-3.6731389,4.3471622,-1.9245099,1
8.0,8,-1.9715784,-0.31326538,0.055204663,-0.9027279,-2.8431804,1.5058432,-2.7346056,-1.3702173,5.6601114,-1.6822681,-2.4719486,0.83163667,-0.7952134,2.778688,0.31852186,0.70140254,4.0199733,-3.6667447,4.367042,-1.9041873,1
8.0,8,-1.9714544,-0.31317452,0.05564857,-0.9021541,-2.843737,1.5048981,-2.7355645,-1.3708923,5.6631384,-1.6798582,-2.4720378,0.8314904,-0.79530984,2.7774165,0.31712204,0.69975495,4.0187745,-3.6659377,4.3688455,-1.9017447,1
14.0,14,-2.184856,0.59400845,-2.9928105,-0.24555962,2.530074,0.587213,-0.79663503,0.72857314,-3.3037863,0.26687992,-0.973728,-1.1126863,-2.0558798,-0.20227726,10.171188,2.5303814,-2.9513192,-0.9433321,-2.6295838,-1.3047546,1
14.0,14,-2.231477,0.6323838,-2.9442718,-0.20604749,2.3751168,0.5302047,-0.8788867,0.7232492,-3.2462347,0.24372625,-0.93969315,-1.0229906,-2.008659,-0.19323777,10.193144,2.5104804,-2.9296312,-0.92480135,-2.6058671,-1.4340091,1
14.0,14,-2.0682373,0.61415505,-3.1510053,-0.5737165,2.715356,1.0528226,-0.94152117,0.8910812,-2.9279995,0.43246946,-1.2307177,-1.3211734,-2.0441158,-0.30274606,10.235626,2.8696773,-3.0752077,-1.372699,-2.7198465,-1.4040823,1
14.0,14,-2.0475345,0.5547527,-3.0613759,-0.67748594,2.6026278,1.124815,-0.8408391,0.9485784,-2.8824775,0.20538226,-1.2467703,-1.2129635,-2.1520422,-0.38559118,10.246272,3.521476,-3.0666306,-1.7375699,-2.879774,-1.6065226,1
14.0,14,-2.2642653,0.6510527,-2.9060133,-0.18789546,2.2721667,0.5027271,-0.91649866,0.72491956,-3.2128577,0.20004228,-0.92105436,-0.9514984,-1.9914159,-0.19962722,10.211456,2.547082,-2.909767,-0.93889517,-2.598448,-1.5236841,1
14.0,14,-2.2228298,0.62643284,-2.9471283,-0.21723096,2.398981,0.54822654,-0.8529941,0.7303657,-3.2577968,0.23707789,-0.9544926,-1.0343095,-2.0308943,-0.20249562,10.1923895,2.5533326,-2.933668,-0.9575332,-2.6208777,-1.414869,1
11.0,3,-0.8410214,0.50911385,-0.8786692,11.060218,-2.0565274,-1.834055,-0.8160754,0.36126927,-0.19899935,-0.74343145,-1.4586431,4.8407974,-0.95351696,-1.8369824,-0.67692184,-1.8690819,0.66234696,-0.5334203,0.30973598,-0.9120046,0
11.0,3,-0.8506511,0.49725908,-0.892765,11.045174,-2.052993,-1.8331195,-0.8155176,0.36345246,-0.19785227,-0.75863594,-1.455355,4.876586,-0.95504344,-1.8466666,-0.67495626,-1.8669112,0.6914199,-0.5319709,0.30908293,-0.9230784,0
11.0,3,-0.86924165,0.47241774,-0.91960514,11.014795,-2.04653,-1.8293982,-0.8132008,0.3676929,-0.19236365,-0.7878671,-1.4523253,4.9446163,-0.95756185,-1.8622121,-0.6735631,-1.861864,0.7470493,-0.53242254,0.307826,-0.9434895,0
11.0,3,-0.8845769,0.4572503,-0.94464195,10.986384,-2.0412285,-1.8265852,-0.81160486,0.37331456,-0.18194248,-0.805291,-1.4509581,5.0032735,-0.9550809,-1.872529,-0.6744968,-1.8610662,0.7812266,-0.52955526,0.3037332,-0.9650853,0
11.0,3,-0.8671411,0.47359052,-0.91649175,11.022474,-2.0456653,-1.8267834,-0.81283057,0.36768585,-0.19450134,-0.7894792,-1.4487135,4.93244,-0.95862114,-1.8597897,-0.67521733,-1.8620617,0.7462045,-0.53084034,0.30442628,-0.94433475,0
11.0,3,-0.8519794,0.49432164,-0.8948332,11.04448,-2.051848,-1.8310711,-0.8148136,0.36401492,-0.19725618,-0.76252085,-1.4542297,4.8795466,-0.9553984,-1.8467572,-0.67613196,-1.8661875,0.69715923,-0.5318791,0.30716434,-0.9259437,0
16.0,16,-2.0834177,-1.9897213,-1.4214364,-1.4516823,1.1012057,0.06496754,-0.56207395,-0.11179961,-0.541506,-3.057014,-0.6572072,3.1487086,-3.3316822,-0.056004077,-0.4373973,0.36547378,10.587749,-0.72011274,-0.27761725,-1.5321592,1
16.0,16,-2.083159,-1.9435263,-1.3949102,-1.4192734,1.0328734,0.05247529,-0.61515033,-0.19692087,-0.5070207,-3.0719368,-0.5569415,3.2091012,-3.3634124,-0.037713606,-0.39251482,0.3828771,10.584,-0.764271,-0.299832,-1.5416465,1
16.0,16,-2.0643086,-1.8520132,-1.3449208,-1.46371,0.93620133,0.10233612,-0.6906211,-0.27942917,-0.3526807,-3.0540729,-0.47267127,3.2115796,-3.4069645,0.025502384,-0.2963441,0.4435504,10.50315,-0.9372462,-0.384483,-1.5875088,1
16.0,16,-2.0642536,-1.8795112,-1.3614415,-1.493327,0.9840393,0.11761285,-0.66037804,-0.21563064,-0.36171046,-3.0354493,-0.55079234,3.1582205,-3.3854573,0.020041727,-0.32557,0.43369153,10.497869,-0.9133673,-0.37906802,-1.5899993,1
16.0,16,-2.0801897,-1.8913218,-1.3666053,-1.3825809,0.9593157,0.040243138,-0.6703348,-0.28924352,-0.4707214,-3.0892873,-0.4414424,3.2724063,-3.399837,-0.018656824,-0.3427503,0.40418327,10.577144,-0.81592464,-0.32738417,-1.5526302,1
16.0,16,-2.080242,-1.9318181,-1.3914788,-1.4121872,1.0197309,0.055395324,-0.62756896,-0.2119453,-0.49919432,-3.0785127,-0.5352201,3.2162144,-3.3718,-0.031000622,-0.37684017,0.39179942,10.579277,-0.7811052,-0.30822152,-1.5494123,1
3.0,3,-0.27196762,1.98495,0.7268034,11.726333,-2.2033758,-1.5304681,-0.7578143,-0.1296621,-0.7353151,0.12419143,-1.1678026,0.7276417,-1.2215782,-0.805191,0.6263173,-1.4903289,-1.5367404,-0.9804286,-0.39796862,-0.6069995,1
3.0,3,-0.27251303,1.9831802,0.7252076,11.727045,-2.203103,-1.5304651,-0.7592736,-0.12977599,-0.735422,0.12376579,-1.1672295,0.73023367,-1.2207932,-0.8059707,0.6260454,-1.4903637,-1.5355434,-0.97957104,-0.39775386,-0.6074111,1
3.0,3,-0.2740626,1.9851526,0.7243958,11.726414,-2.2031484,-1.5309874,-0.75836396,-0.1299251,-0.7360265,0.124439485,-1.167364,0.72994494,-1.2219199,-0.8057144,0.62918246,-1.4907272,-1.5368705,-0.9789078,-0.397359,-0.60759485,1
3.0,3,-0.27508116,1.9775395,0.71805835,11.728935,-2.2023175,-1.5303754,-0.7632128,-0.13030751,-0.7357972,0.12327612,-1.1652703,0.73717463,-1.2179586,-0.8087596,0.6269858,-1.4902427,-1.5327879,-0.97707826,-0.3970784,-0.6078856,1
3.0,3,-0.27266207,1.9801517,0.72314936,11.728113,-2.2027888,-1.5301796,-0.7612504,-0.12984613,-0.73527044,0.12311704,-1.166483,0.73324335,-1.2193135,-0.8071612,0.62470865,-1.4901061,-1.5337152,-0.97897303,-0.39764974,-0.6076013,1
3.0,3,-0.2723538,1.9833565,0.7254726,11.72695,-2.2031531,-1.5304433,-0.75907284,-0.12977114,-0.73537236,0.123837635,-1.1672914,0.729739,-1.2208308,-0.8058492,0.62597036,-1.4903471,-1.5357059,-0.9797454,-0.397823,-0.607308,1
0.0,0,11.377398,2.7223003,1.2175529,1.3943251,0.82160825,0.09157035,-0.66581076,1.0465288,0.5327783,0.22024468,-1.3749008,-3.7205114,-0.2753588,-1.6792256,-1.8881385,1.1985546,-3.146784,-3.3126266,-1.6353496,-2.101778,1
0.0,0,11.377551,2.7200258,1.2164975,1.394981,0.8223378,0.09130682,-0.66671836,1.0465025,0.5309274,0.21843037,-1.3735967,-3.7190943,-0.27683014,-1.6795244,-1.8857961,1.2001814,-3.1455908,-3.3139799,-1.6349566,-2.1017394,1
0.0,0,11.3789625,2.7188938,1.2173064,1.3935887,0.82251406,0.0896146,-0.6677318,1.0448886,0.53199387,0.2176472,-1.3707173,-3.717538,-0.27687678,-1.6800331,-1.8864924,1.1974883,-3.1435034,-3.3131003,-1.6334932,-2.1000178,1
0.0,0,11.379374,2.6993926,1.2088512,1.3944863,0.8319209,0.091041505,-0.67188215,1.0462066,0.51737666,0.20563808,-1.3656739,-3.709228,-0.28756487,-1.6813892,-1.8703179,1.2147468,-3.1359537,-3.3238494,-1.6317024,-2.098774,1
0.0,0,11.377644,2.7182896,1.2157727,1.395154,0.82307637,0.091295555,-0.6671768,1.0465505,0.52961415,0.21725619,-1.3729669,-3.7182388,-0.2778162,-1.679674,-1.8842943,1.2015659,-3.1448252,-3.3149436,-1.634715,-2.101605,1
0.0,0,11.3774805,2.721426,1.2171948,1.3945812,0.8218529,0.09141089,-0.66615945,1.0464896,0.53204244,0.21949819,-1.3743675,-3.7199378,-0.27593517,-1.6793408,-1.8872342,1.1991353,-3.146302,-3.3131626,-1.6351418,-2.1017108,1
3.0,3,-0.88698626,1.4836289,-0.31562296,11.443707,-2.132763,-1.3571281,-0.40909013,0.15723918,-0.7487797,-0.26651153,-1.535884,1.7315428,-1.1832789,-1.4738961,2.130113,-0.9113185,-1.8318752,-1.5812309,0.06509772,-0.5160102,1
3.0,3,-0.8870994,1.4809519,-0.31677955,11.444465,-2.1323297,-1.357039,-0.41083258,0.15751128,-0.74840266,-0.26748767,-1.536081,1.7358942,-1.1822146,-1.4744694,2.127999,-0.91132176,-1.8301901,-1.5800533,0.06521309,-0.51693195,1
3.0,3,-0.88811105,1.4813889,-0.3179307,11.443365,-2.1325178,-1.3575684,-0.41023308,0.15755768,-0.7484695,-0.26743597,-1.5360386,1.7364359,-1.1824315,-1.475016,2.1311374,-0.91146696,-1.8309026,-1.58044,0.06614677,-0.5168294,1
3.0,3,-0.88858473,1.4771826,-0.32076657,11.444368,-2.1317441,-1.3569719,-0.41362664,0.1575552,-0.7476334,-0.26879004,-1.5363809,1.7426665,-1.1803986,-1.4755453,2.1287043,-0.91117966,-1.8285949,-1.5783981,0.066162676,-0.51864,1
3.0,3,-0.8870889,1.4781617,-0.31803238,11.445359,-2.1318305,-1.3567014,-0.4128141,0.15770118,-0.7479552,-0.26844877,-1.5363116,1.7399472,-1.1810282,-1.4748715,2.1255617,-0.9111671,-1.8284792,-1.578811,0.06509745,-0.51792705,1
3.0,3,-0.8870674,1.4814018,-0.31660652,11.444362,-2.1323938,-1.357007,-0.41060945,0.15742384,-0.7484514,-0.26730505,-1.5360422,1.7350792,-1.1823633,-1.474318,2.128315,-0.9113019,-1.8304759,-1.5802183,0.065148406,-0.5168084,1
15.0,15,0.0022788607,-3.6604152,-3.044962,-1.6283592,6.0750804,3.0238929,2.877889,2.914775,-3.503615,-1.6410563,-2.474684,-1.413809,-2.8319147,-1.62796,3.2517824,9.058525,-1.3481802,-3.345077,-2.720385,-1.6356912,1
15.0,15,0.010865156,-3.6573696,-3.0454552,-1.6043869,6.0362687,3.0128562,2.8165464,2.8746395,-3.5074797,-1.6345017,-2.4505582,-1.394915,-2.845873,-1.6244923,3.2797027,9.090592,-1.3461822,-3.3569417,-2.7131748,-1.6397537,1
15.0,15,0.035877902,-3.6449025,-3.041859,-1.595547,5.9787583,3.0161686,2.7604985,2.8322117,-3.4841356,-1.6131444,-2.43786,-1.3853669,-2.851661,-1.6167191,3.287023,9.1265955,-1.3580403,-3.38791,-2.7049432,-1.6352879,1
15.0,15,0.04580595,-3.6454148,-3.0456653,-1.5472822,5.9170637,2.9852266,2.6253238,2.7424524,-3.5004206,-1.6004951,-2.3741813,-1.3382697,-2.8888693,-1.6106293,3.3542285,9.188545,-1.3371251,-3.395934,-2.693933,-1.6401523,1
15.0,15,0.015202139,-3.6561377,-3.0457594,-1.5917946,6.017103,3.0066242,2.7837517,2.853185,-3.5101237,-1.6311259,-2.4372213,-1.3846408,-2.8537116,-1.6228303,3.2948532,9.107114,-1.3443321,-3.3621173,-2.7095976,-1.6417383,1
15.0,15,0.0086203255,-3.6584845,-3.0453389,-1.6104854,6.0467577,3.015093,2.8314745,2.884159,-3.506855,-1.6361345,-2.4561048,-1.3993307,-2.8426733,-1.6253673,3.2728813,9.08261,-1.3460068,-3.3533752,-2.7150753,-1.6385086,1
15.0,15,-2.030187,-0.3081991,-3.8112667,2.0447996,-0.41586635,3.5716836,-0.3386468,2.1115994,-2.204745,-1.8162041,-1.6863455,-0.23651789,-2.678752,-0.36988738,5.3820205,7.85465,-1.2458575,-4.870742,-1.7135623,-3.135525,1
15.0,15,-1.9734184,-0.3335729,-3.8079002,2.0050838,-0.36494973,3.534378,-0.40067366,1.9508814,-2.242699,-1.7975116,-1.616275,-0.21932197,-2.7014732,-0.36054087,5.420748,7.948727,-1.2196821,-4.85511,-1.7099663,-3.1043255,1
15.0,15,-2.0956814,-0.29552567,-3.877944,1.8802392,-0.48297593,3.8167086,-0.26351616,2.3850472,-1.9936237,-1.8049475,-1.7729131,-0.2805917,-2.6342442,-0.3486278,5.187906,7.7392135,-1.242261,-4.9394307,-1.7227417,-3.1660058,1
15.0,15,-1.7191818,-0.3810116,-3.8161702,1.6360724,-0.21401088,3.6522338,-0.6024831,1.4000665,-2.1735966,-1.6647363,-1.4241905,-0.20822571,-2.7849064,-0.25942555,5.3827453,8.285136,-1.1271893,-4.9130025,-1.6797966,-2.9401488,1
15.0,15,-1.9030024,-0.35578334,-3.7999163,1.9533359,-0.31123826,3.504891,-0.46569696,1.7679393,-2.2768638,-1.7722191,-1.5448722,-0.20420763,-2.7283533,-0.3468891,5.45577,8.053485,-1.1950945,-4.8472576,-1.7020353,-3.061359,1
15.0,15,-1.9125977,-0.34079808,-3.7980723,1.9617344,-0.33295497,3.527717,-0.44902977,1.8042808,-2.257726,-1.7715976,-1.5737376,-0.21206409,-2.7248375,-0.34493062,5.441342,8.030372,-1.2082382,-4.863174,-1.6980449,-3.06377,1
12.0,18,-1.2134633,-2.0308886,-1.2087533,0.15899055,-2.734093,-2.2981539,-0.13944854,-2.3594313,3.3685348,-1.131436,-1.9850342,0.38885832,6.928527,-0.56459236,-1.3408071,-1.8153366,-0.17668018,-0.7825072,10.705035,3.9459019,0
12.0,18,-1.2118275,-2.0292017,-1.2103199,0.159178,-2.7322502,-2.2963943,-0.1391635,-2.3572805,3.3631794,-1.1358356,-1.9840186,0.39015627,6.927668,-0.56595635,-1.3388871,-1.8138547,-0.17484106,-0.7803621,10.705401,3.940611,0
12.0,18,-1.2273543,-2.021134,-1.2167867,0.17816468,-2.7333677,-2.2986746,-0.15835097,-2.3681862,3.3478334,-1.147951,-1.96484,0.42055005,6.8346987,-0.5834332,-1.3186635,-1.7939018,-0.12614007,-0.78736264,10.743991,3.9705267,0
12.0,18,-1.1978073,-2.0198948,-1.2204375,0.15210727,-2.715118,-2.284306,-0.12489778,-2.3429258,3.3167245,-1.1691265,-1.9751086,0.39694688,6.9317913,-0.5788013,-1.3289416,-1.806499,-0.1631399,-0.759538,10.703746,3.9099684,0
12.0,18,-1.2099999,-2.027563,-1.2117498,0.159194,-2.73028,-2.2947786,-0.13830604,-2.3551526,3.3569157,-1.1405312,-1.9826716,0.3914472,6.9269276,-0.5676723,-1.3370115,-1.812354,-0.17308481,-0.77790236,10.70567,3.935887,0
12.0,18,-1.2124887,-2.029609,-1.2097181,0.15959519,-2.7330012,-2.2971864,-0.13955368,-2.3581862,3.3643312,-1.1345732,-1.9838437,0.39014515,6.926414,-0.5659205,-1.3391845,-1.8139457,-0.17494656,-0.78117436,10.705878,3.943231,0
2.0,8,0.49867332,-0.28231162,6.637778,-0.10185497,-3.8691967,-1.1583968,-1.586916,-0.62179464,8.954947,2.627099,-0.86176324,-0.70498043,0.35949945,0.33732268,-3.0041664,-1.1909685,-2.3023129,-3.4785423,-2.8825917,-0.8963659,0
2.0,8,0.49883217,-0.28236622,6.6380568,-0.10180969,-3.8690393,-1.1586537,-1.5867218,-0.6218463,8.954899,2.6269798,-0.86181885,-0.7049753,0.35965863,0.3374308,-3.0046475,-1.1913372,-2.3022466,-3.4782863,-2.8825202,-0.8961346,0
2.0,8,0.49836475,-0.28231615,6.6362305,-0.101973824,-3.869163,-1.1578325,-1.5866946,-0.62148005,8.95572,2.6266706,-0.86200166,-0.70465475,0.3593338,0.3369305,-3.0038285,-1.1907053,-2.302149,-3.4789133,-2.8819332,-0.8963183,0
2.0,8,0.49857336,-0.28229174,6.637508,-0.10186349,-3.869279,-1.1582489,-1.5869619,-0.62174225,8.955065,2.627088,-0.86177593,-0.7049482,0.3594277,0.3372565,-3.0039616,-1.1908216,-2.3023233,-3.4786913,-2.882506,-0.89642996,0
2.0,8,0.4988519,-0.28237867,6.6380587,-0.101797216,-3.8690176,-1.1586863,-1.5866779,-0.6218499,8.954921,2.6269429,-0.8618369,-0.70496273,0.35968056,0.33744,-3.0047276,-1.1913953,-2.3022323,-3.4782627,-2.882474,-0.8960791,0
2.0,8,0.4988141,-0.28236303,6.638035,-0.10181774,-3.8690686,-1.1586199,-1.5867636,-0.6218536,8.954886,2.6270218,-0.86179274,-0.70498604,0.35962445,0.3374117,-3.0045614,-1.1912531,-2.3022687,-3.4783428,-2.8825583,-0.8961636,0
16.0,11,-1.1662732,-3.8778636,-2.744866,-0.56449354,3.8065457,-2.342408,-1.5662113,1.5415007,-2.877903,-3.6812642,1.8575273,7.6178184,-0.28296006,-0.37990665,1.2509162,-1.1697638,4.0258646,5.407417,-1.0000674,-3.2509992,0
16.0,11,-1.1859399,-3.884722,-2.7162156,-0.531123,3.7445364,-2.3765678,-1.5563132,1.5126953,-2.8609626,-3.6548164,1.9832512,7.689188,-0.26978865,-0.51743925,1.1533983,-1.1859403,4.04544,5.491594,-1.0078284,-3.1950324,0
16.0,11,-1.2260062,-3.9153664,-2.6573849,-0.47681794,3.6144452,-2.4387207,-1.5304222,1.4214628,-2.788879,-3.5984402,2.1721675,7.8418093,-0.21889801,-0.666352,0.8503284,-1.2622863,4.1963916,5.603351,-1.0069366,-3.104365,0
16.0,11,-1.2453871,-3.9122026,-2.62911,-0.43666735,3.5464883,-2.475202,-1.5131975,1.4034015,-2.7781878,-3.5698264,2.3128264,7.904089,-0.21775708,-0.8296221,0.7827221,-1.2667408,4.1868763,5.6762486,-1.016678,-3.036895,0
16.0,11,-1.2010232,-3.8896377,-2.6948295,-0.50551015,3.6955218,-2.4030073,-1.547245,1.4919965,-2.847389,-3.633877,2.0818033,7.7405524,-0.25973988,-0.62118393,1.079294,-1.1980646,4.0584373,5.553719,-1.0143483,-3.151665,0
16.0,11,-1.1862173,-3.8843615,-2.715873,-0.5297738,3.7437432,-2.3769963,-1.5568576,1.5120711,-2.8607926,-3.6539907,1.9866916,7.6885586,-0.2684269,-0.5194037,1.1515998,-1.1865141,4.043337,5.496204,-1.0084519,-3.1947167,0
14.0,14,-3.5430956,0.22891515,-1.9544407,-1.8390926,-0.22954878,0.70438164,-2.2716475,-0.7191523,-1.633984,1.8821782,0.25870857,0.17652051,-0.73651844,-0.17088486,9.579562,3.8671026,-3.1032376,-0.6580387,-1.506651,-2.2590141,1
14.0,14,-3.533409,0.2114937,-1.9484478,-1.8417381,-0.23139444,0.7074178,-2.2722175,-0.7443272,-1.6406552,1.8675867,0.27827084,0.17299612,-0.75435454,-0.17899701,9.58114,3.9322212,-3.0939357,-0.6911829,-1.509368,-2.2491863,1
14.0,14,-3.5077534,0.1992657,-1.9569271,-1.8613473,-0.24279404,0.7285421,-2.2936747,-0.80638623,-1.6165184,1.8639493,0.31570792,0.16289225,-0.7736664,-0.18514363,9.573124,4.062622,-3.0845008,-0.76726145,-1.5085714,-2.2360678,1
14.0,14,-3.4500656,0.12747552,-1.9446409,-1.8610044,-0.24533635,0.7221421,-2.2863846,-0.9098697,-1.6583008,1.748816,0.42900917,0.17941053,-0.8677697,-0.22432283,9.585557,4.3475623,-3.0230174,-0.92984325,-1.5057286,-2.1777663,1
14.0,14,-3.5269814,0.20073904,-1.9461875,-1.8424842,-0.23166013,0.7082032,-2.2714295,-0.75868094,-1.6460189,1.85352,0.29191285,0.17420138,-0.7667238,-0.1847507,9.583487,3.973245,-3.0860043,-0.71385443,-1.5099177,-2.242575,1
14.0,14,-3.5357254,0.21573518,-1.9498281,-1.8409971,-0.23085102,0.7063207,-2.271875,-0.7381019,-1.639278,1.8703245,0.27370763,0.17435601,-0.7502328,-0.17702995,9.581097,3.9162834,-3.0958648,-0.68339837,-1.5085211,-2.251445,1
10.0,10,-0.61313564,-0.08246582,0.35364032,0.71707296,-1.4783673,-2.4953892,-1.2237822,-1.7221333,-1.1466954,0.49231553,10.743971,1.3438364,-2.1137881,-1.2487203,0.43910623,1.4569535,0.16286264,2.0247922,-3.442889,-0.061458863,1
10.0,10,-0.6112613,-0.08360458,0.35329962,0.7189061,-1.4775287,-2.4952512,-1.2228087,-1.7212732,-1.1467633,0.48923638,10.744902,1.3450382,-2.1157212,-1.249277,0.44006193,1.4563779,0.16497137,2.0204213,-3.4423053,-0.060629927,1
10.0,10,-0.6081198,-0.08335961,0.35331374,0.72032243,-1.4775121,-2.4946387,-1.2213587,-1.7204047,-1.1457843,0.48554412,10.745847,1.3465639,-2.1181114,-1.2495736,0.44189018,1.4565465,0.16666439,2.0117927,-3.4414144,-0.059778888,1
10.0,10,-0.6061272,-0.08313127,0.35344595,0.7217009,-1.4776453,-2.4943671,-1.220272,-1.7200476,-1.1452845,0.48204285,10.746761,1.3485085,-2.1208034,-1.2497157,0.44438094,1.4571849,0.16852318,2.0039423,-3.440247,-0.05876927,1
10.0,10,-0.61081433,-0.08385758,0.35323408,0.7193502,-1.4773413,-2.495222,-1.2225705,-1.7210822,-1.1467865,0.48845828,10.745139,1.3453647,-2.1162333,-1.2494029,0.4403646,1.4562699,0.1654916,2.0192664,-3.442134,-0.060408227,1
10.0,10,-0.61204606,-0.08306669,0.35347688,0.7181121,-1.4779187,-2.4953089,-1.2232147,-1.7216536,-1.14672,0.49053344,10.744512,1.3445418,-2.1149352,-1.2490207,0.4397273,1.4566518,0.16404651,2.0221453,-3.4425282,-0.06096239,1
19.0,19,-2.0724049,-2.4286785,2.0278375,-0.8933575,-2.594347,-3.1640234,-0.0064093685,-3.9741259,1.636208,4.58517,-0.2415504,-0.9372376,0.9598473,-0.070066646,-1.9830893,-1.2679898,-1.1878263,-1.0154923,5.491641,11.09198,1
19.0,19,-2.065732,-2.4293265,2.0343604,-0.8863747,-2.5955062,-3.1693292,0.0072331512,-3.964329,1.6179013,4.554479,-0.23175524,-0.9264616,0.9356909,-0.08366896,-1.9777806,-1.2580017,-1.1800677,-1.0252192,5.499262,11.103697,1
19.0,19,-2.0941684,-2.4354193,2.0116515,-0.8661403,-2.6209557,-3.1738465,-0.028880991,-3.9832182,1.6780741,4.5459356,-0.23523895,-0.90161264,0.94219387,-0.08598575,-1.9831917,-1.2733357,-1.1486092,-1.0218909,5.5667753,11.106056,1
19.0,19,-1.9965768,-2.4292266,2.0753095,-0.8424143,-2.5739756,-3.2033186,0.11415088,-3.890934,1.46713,4.2913847,-0.1415961,-0.8374592,0.74264157,-0.17192636,-1.931263,-1.1825722,-1.1117531,-1.1050404,5.5359087,11.200365,1
19.0,19,-2.0546534,-2.4293582,2.042722,-0.87881744,-2.5937512,-3.1754217,0.026192129,-3.951207,1.5911924,4.5139666,-0.21775548,-0.9131717,0.90342504,-0.09988769,-1.9702375,-1.2446324,-1.1708598,-1.0381278,5.504364,11.119371,1
19.0,19,-2.0630705,-2.4288542,2.0358777,-0.8854848,-2.5940516,-3.1701639,0.011609391,-3.9614325,1.6115793,4.547331,-0.22885527,-0.92470366,0.9290522,-0.08612674,-1.9763002,-1.2556895,-1.1788888,-1.0274564,5.497772,11.106962,1
0.0,0,9.490149,5.6820054,2.325055,-0.6666248,-0.42805266,0.8258689,-0.94653505,0.4385704,2.9072626,2.3285613,-1.0682874,-3.920907,-0.24584319,-1.3608519,-1.3470771,0.39972633,-4.450782,-2.9301534,-3.2498004,-2.73197,1
0.0,0,9.5354,5.660248,2.3235977,-0.65392834,-0.4020092,0.8184485,-0.94612515,0.44909033,2.8735907,2.2898195,-1.059468,-3.9095376,-0.26304713,-1.3793968,-1.3439118,0.40719473,-4.4304643,-2.9377623,-3.232605,-2.7306929,1
0.0,0,9.638704,5.6079683,2.349274,-0.6139639,-0.37094098,0.7908177,-0.9664927,0.45513096,2.8506765,2.2210016,-1.039494,-3.8852134,-0.28940648,-1.4210991,-1.3734672,0.3864716,-4.3679957,-2.949155,-3.1662042,-2.7087386,1
0.0,0,9.766588,5.5665855,2.3321824,-0.5807051,-0.26879373,0.7774253,-0.96071774,0.4866971,2.7049994,2.0910716,-1.0071242,-3.8416312,-0.3727275,-1.4714671,-1.3262206,0.43597218,-4.3048186,-2.974037,-3.127822,-2.7113664,1
0.0,0,9.548907,5.6535206,2.3231688,-0.65011454,-0.3942881,0.81607836,-0.9457571,0.45239595,2.863542,2.2782247,-1.0569223,-3.9062836,-0.2679434,-1.3849506,-1.3432746,0.4091796,-4.4244847,-2.9399133,-3.2274375,-2.730084,1
0.0,0,9.504466,5.6736684,2.3252606,-0.6624114,-0.42191178,0.8224373,-0.94622624,0.44175196,2.8994157,2.317356,-1.0661556,-3.9182098,-0.248473,-1.3667946,-1.3486665,0.39978722,-4.4448986,-2.9320302,-3.2431302,-2.7305522,1
16.0,11,-2.8550794,-4.418059,-2.214433,0.12146242,0.69174945,-0.8807497,-0.2939294,-0.7913316,-0.9191405,-2.7502415,-1.0765839,8.660006,-1.752038,-2.5550106,2.11374,2.9250705,6.6446767,-1.526447,-0.20688775,-1.2498437,0
16.0,11,-2.859091,-4.4109745,-2.2098682,0.15946512,0.6540789,-0.8840257,-0.32164037,-0.7977365,-0.9090223,-2.741717,-1.0515386,8.686669,-1.7544147,-2.5545475,2.1078346,2.9328609,6.6211004,-1.5318763,-0.21377099,-1.253901,0
16.0,11,-2.8556776,-4.409976,-2.2095735,0.13324201,0.6643416,-0.8863215,-0.30933437,-0.7956237,-0.9074466,-2.7437458,-1.0527087,8.683047,-1.7500898,-2.55236,2.1086118,2.9255207,6.62458,-1.5309712,-0.2120467,-1.2505432,0
16.0,11,-2.858928,-4.398439,-2.2028427,0.17475957,0.6175559,-0.89265037,-0.33974352,-0.80269754,-0.8926905,-2.733769,-1.0195261,8.718775,-1.7510235,-2.5507236,2.0988612,2.9279885,6.595375,-1.5376452,-0.22024287,-1.2538201,0
16.0,11,-2.862737,-4.40625,-2.2074642,0.18737508,0.62685746,-0.88542366,-0.34245768,-0.80370134,-0.90288365,-2.73551,-1.0333772,8.70378,-1.7574501,-2.5536466,2.1062772,2.942885,6.6035914,-1.5373899,-0.21917512,-1.2568293,0
16.0,11,-2.858659,-4.4128156,-2.2105591,0.1522591,0.6609348,-0.88329077,-0.31711322,-0.79713255,-0.91090626,-2.7429774,-1.0561587,8.681066,-1.7542202,-2.5544548,2.1093237,2.9329395,6.6254544,-1.5309644,-0.21263793,-1.2532356,0
2.0,13,-0.22658423,0.2901818,7.363367,0.5895833,-3.9784276,-1.9243425,-2.5672886,-1.6344601,5.03058,1.0888169,-0.54661196,-0.7073798,0.29011655,7.868762,-2.8169553,-2.971827,-1.3762885,-1.4962138,-2.6434379,-2.145968,0
2.0,13,-0.2296724,0.29113472,7.348732,0.5860786,-3.9756532,-1.919327,-2.5673962,-1.6340591,5.025317,1.083038,-0.5497589,-0.7047313,0.28792164,7.8836713,-2.8123171,-2.9692008,-1.3711301,-1.4977936,-2.6393003,-2.150002,0
2.0,13,-0.22303659,0.2842605,7.3731136,0.5916145,-3.9856412,-1.9292756,-2.5648017,-1.6326296,5.05278,1.0913913,-0.54198694,-0.7063854,0.29559526,7.844764,-2.8251638,-2.9744618,-1.3827494,-1.5001748,-2.6470196,-2.1401083,0
2.0,13,-0.22272354,0.28835464,7.38258,0.5935113,-3.9828184,-1.9309715,-2.5671844,-1.6341295,5.041104,1.0970039,-0.54158175,-0.71039206,0.29360053,7.8460455,-2.8236337,-2.9765186,-1.3838912,-1.4931438,-2.6495163,-2.1408932,0
2.0,13,-0.22967073,0.2906079,7.3481846,0.58619857,-3.976019,-1.9193398,-2.5671275,-1.6339573,5.0263095,1.0822593,-0.5496378,-0.704306,0.28820273,7.883322,-2.8125453,-2.969046,-1.3709042,-1.4984148,-2.6388962,-2.1498544,0
2.0,13,-0.22845188,0.29066563,7.3542395,0.58741456,-3.9768424,-1.9212443,-2.5673661,-1.6342185,5.027692,1.0853258,-0.54848135,-0.7056794,0.28873795,7.877812,-2.8142352,-2.9701219,-1.37315,-1.4974208,-2.6409187,-2.1483114,0
3.0,3,-0.14690314,1.18533,-0.6255879,11.639942,-1.997514,-1.9152906,-0.9771309,-0.16247874,-0.60452914,-1.054766,-0.25710866,2.3892837,-0.6836121,-1.3746758,-0.66950667,-2.0814595,-0.3888687,0.50072306,1.8371369,-0.37378255,1
3.0,3,-0.15058081,1.1708859,-0.6336287,11.639361,-1.9948571,-1.9135203,-0.98328,-0.15755966,-0.5982417,-1.0746382,-0.24632974,2.4191582,-0.6813394,-1.3908305,-0.66825855,-2.0792747,-0.36983448,0.50433743,1.8352387,-0.38863957,1
3.0,3,-0.15518829,1.1544064,-0.64258933,11.6366825,-1.9927876,-1.910988,-0.98862153,-0.1531214,-0.5889767,-1.0946189,-0.2420031,2.4456537,-0.6771136,-1.4010061,-0.6676099,-2.0768974,-0.35239238,0.50450975,1.841348,-0.4006311,1
3.0,3,-0.15964603,1.1384524,-0.65229857,11.634934,-1.9904897,-1.9080558,-0.9944896,-0.14807858,-0.57999325,-1.1163865,-0.23399751,2.4751272,-0.6747911,-1.4154602,-0.66683984,-2.0741713,-0.33113313,0.5054026,1.8430481,-0.4145185,1
3.0,3,-0.15379985,1.1588229,-0.64110965,11.638726,-1.9926939,-1.9115392,-0.9880245,-0.1535008,-0.59263,-1.0918901,-0.23763539,2.4438896,-0.6796955,-1.4045832,-0.6666859,-2.0769644,-0.35331273,0.50617725,1.8345007,-0.40047458,1
3.0,3,-0.15006007,1.1725074,-0.63275474,11.639374,-1.9952242,-1.9136534,-0.98256713,-0.15825602,-0.59890133,-1.0724995,-0.2476589,2.4154398,-0.68142647,-1.3891858,-0.6681874,-2.0793655,-0.37200725,0.5036036,1.8360763,-0.38667914,1
7.0,7,-0.31191337,-2.0406766,-2.5611823,-1.2804921,4.8413177,4.7581353,4.3338904,9.710458,-2.3193545,-2.0966752,-1.9643477,-1.2494427,-3.2505388,-2.9982708,0.09673665,2.828711,-1.2617967,-1.8178083,-4.6244125,-1.9869794,1
7.0,7,-0.30269542,-2.0308683,-2.5604472,-1.2560033,4.8124614,4.7575903,4.239707,9.707496,-2.3086298,-2.076167,-1.9662179,-1.2354515,-3.2771475,-2.9866116,0.14561239,2.8779137,-1.2754416,-1.8305161,-4.64593,-2.0598752,1
7.0,7,-0.5416953,-2.1378725,-2.6024773,-1.24567,4.5719614,4.695731,4.432231,9.572104,-2.3100796,-2.0834827,-2.150979,-1.2425766,-3.2556937,-2.8316994,0.34495556,3.214006,-1.4214278,-2.2102504,-4.593153,-1.7972965,1
7.0,7,-0.5720809,-2.1395884,-2.5644212,-1.2741549,4.530563,4.7048664,4.545974,9.596611,-2.256674,-2.0627468,-2.137681,-1.2806708,-3.2046583,-2.8396502,0.2367296,3.0522656,-1.4153917,-2.1905372,-4.5756197,-1.6397507,1
7.0,7,-0.28939658,-2.0331,-2.5702298,-1.2366898,4.819137,4.7493734,4.1764717,9.695123,-2.3290198,-2.0790157,-1.9760395,-1.2190986,-3.3042088,-2.9721942,0.19874506,2.9469707,-1.2836375,-1.8468324,-4.657671,-2.1189668,1
7.0,7,-0.30542204,-2.0392823,-2.5649567,-1.263568,4.8357944,4.755748,4.2773085,9.704536,-2.3240898,-2.090574,-1.9733633,-1.2393363,-3.2701564,-2.9848447,0.13725564,2.8739893,-1.2707461,-1.8316059,-4.6366415,-2.0346107,1
13.0,13,-1.3841177,1.7835101,1.4466285,-1.2523814,-1.6657646,0.07806602,-2.4180756,-1.2446442,0.7969906,2.223888,-0.81753856,-1.9127216,0.113396674,11.084432,-0.98822415,-2.4348032,-1.2340366,1.1037115,-1.8825502,-2.7977588,1
13.0,13,-1.384212,1.7827154,1.447654,-1.2528964,-1.6662815,0.07793479,-2.418314,-1.2445017,0.7978943,2.224981,-0.8174309,-1.9132087,0.114129946,11.084119,-0.9892256,-2.43534,-1.2348177,1.104452,-1.8829256,-2.79751,1
13.0,13,-1.3843827,1.7838924,1.4470203,-1.2520902,-1.667474,0.0779493,-2.4187946,-1.24506,0.8004288,2.2255971,-0.81851196,-1.9128999,0.11429356,11.084328,-0.9898896,-2.4357035,-1.2347457,1.1028681,-1.8811762,-2.7974055,1
13.0,13,-1.3839675,1.7787508,1.4526643,-1.2565098,-1.6679505,0.07708217,-2.4184127,-1.2441716,0.80315953,2.2327075,-0.81594896,-1.9167821,0.119979426,11.082669,-0.99845237,-2.4383364,-1.2395263,1.1092451,-1.8879129,-2.7946184,1
13.0,13,-1.3842337,1.7818414,1.4488196,-1.2535552,-1.6666948,0.077719495,-2.4184299,-1.2443869,0.7987482,2.226366,-0.8171485,-1.9138716,0.115047425,11.0837755,-0.99063677,-2.4359128,-1.235752,1.1053983,-1.8837601,-2.7970583,1
13.0,13,-1.3842018,1.7829134,1.4474632,-1.2527916,-1.6661464,0.07792768,-2.4182405,-1.2445529,0.7976191,2.224839,-0.81740445,-1.913175,0.113912925,11.084153,-0.98900527,-2.4352083,-1.2346987,1.1043226,-1.8829563,-2.7975132,1
16.0,16,-2.2008736,-2.3420577,-1.3121128,-1.7015259,-0.22615303,-0.9676763,1.2205491,-0.8682551,-0.5812853,-3.2431831,-0.33108035,3.9223485,-2.1134942,-1.0965955,-1.4565884,-0.3508474,10.853046,-0.087983415,2.2355144,-0.068894014,1
16.0,16,-2.2011545,-2.3420706,-1.305991,-1.6945289,-0.23046711,-0.9721736,1.1933498,-0.88069516,-0.57853615,-3.2451763,-0.3154366,3.9345274,-2.1177526,-1.0912544,-1.4558975,-0.35269383,10.859116,-0.072409675,2.2326994,-0.07797736,1
16.0,16,-2.1992416,-2.3384593,-1.2930789,-1.6815476,-0.24158031,-0.98049366,1.1338739,-0.90940154,-0.56966704,-3.2502337,-0.2819258,3.9512625,-2.1250873,-1.0794375,-1.453821,-0.356281,10.870287,-0.037387956,2.2358468,-0.09618603,1
16.0,16,-2.1973722,-2.335757,-1.3022023,-1.6938653,-0.23779488,-0.9727938,1.1736602,-0.89322925,-0.56964785,-3.24884,-0.30733633,3.9277358,-2.1163054,-1.0870118,-1.4544423,-0.3529186,10.8593235,-0.06216495,2.2505221,-0.07983293,1
16.0,16,-2.2012055,-2.3418334,-1.3004262,-1.6887126,-0.23395687,-0.9757783,1.1690881,-0.8915304,-0.5762095,-3.246276,-0.3018554,3.944758,-2.1223533,-1.0862603,-1.4549873,-0.3540276,10.864464,-0.059079316,2.229197,-0.08600649,1
16.0,16,-2.2012308,-2.3421776,-1.3066471,-1.6953645,-0.22994229,-0.9717083,1.1965607,-0.8792486,-0.5787776,-3.2448256,-0.3172652,3.9333928,-2.1173506,-1.0918055,-1.4559877,-0.3524812,10.858426,-0.07437699,2.232551,-0.0769382,1
13.0,13,-2.4510434,0.7576168,-0.46160012,-2.2043,-1.4569703,-0.1817356,-2.8317173,-2.489611,1.0694194,6.8695874,-1.3837972,-3.3777354,2.020424,8.924862,-0.4581188,-2.6053267,-2.7498589,2.0869637,-1.0154375,-0.46662235,1
13.0,13,-2.482991,0.764289,-0.4402617,-2.2125025,-1.4932495,-0.22318438,-2.8134756,-2.5027237,1.0947081,7.070385,-1.3716807,-3.4167042,2.0469592,8.727374,-0.482854,-2.6102917,-2.8424392,2.151992,-1.0442191,-0.38777384,1
13.0,13,-2.5257554,0.7240153,-0.45877275,-2.2198834,-1.5509393,-0.262735,-2.837351,-2.5710356,1.2711481,7.4276896,-1.4020891,-3.4699175,2.1304123,8.376912,-0.6112453,-2.6176708,-2.8946874,2.1820714,-0.96599746,-0.17802678,1
13.0,13,-2.5535862,0.78728986,-0.44517297,-2.2383544,-1.5536306,-0.31911042,-2.7760503,-2.560565,1.2334795,7.736875,-1.3455665,-3.5315917,2.123299,7.978412,-0.5866411,-2.5895069,-3.0736938,2.3147972,-1.0951478,-0.08435054,1
13.0,13,-2.4996166,0.7654857,-0.42947835,-2.2168515,-1.5087708,-0.24481297,-2.8044589,-2.5099077,1.1055747,7.1755986,-1.364495,-3.4376075,2.057095,8.617432,-0.4900831,-2.6093287,-2.8921108,2.1854537,-1.0592731,-0.34371504,1
13.0,13,-2.4747787,0.7606067,-0.44512224,-2.2101889,-1.4847038,-0.21283066,-2.8182962,-2.4999366,1.0880836,7.0130897,-1.375291,-3.4062188,2.0401917,8.78516,-0.4766932,-2.609873,-2.8167791,2.1334257,-1.034398,-0.40801755,1
11.0,15,-2.938607,-1.6483492,-3.7043161,-0.069040194,-0.018349951,2.9668787,3.357769,2.9957519,-2.679839,-2.189936,-1.116245,0.39399093,-3.0499964,-1.2746352,3.8232045,7.9035044,-0.9750814,-5.2412953,-1.1287394,-0.029298894,0
11.0,15,-2.9266007,-1.6550316,-3.683693,-0.056453645,-0.008465249,2.9688842,3.3097124,2.9497266,-2.681497,-2.1684535,-1.1221595,0.38738072,-3.0398417,-1.2606032,3.8634844,7.9549885,-1.0080308,-5.2391744,-1.1421837,-0.085567236,0
11.0,15,-2.83771,-1.7218286,-3.5728037,-0.12121855,0.0757538,2.9649944,3.3218465,2.7935693,-2.6678536,-2.0465958,-1.1796759,0.28364578,-2.983304,-1.2624779,3.8883593,8.124356,-1.1633729,-5.2556334,-1.1416984,-0.08744973,0
11.0,15,-2.8256066,-1.7073634,-3.5937767,-0.15512107,0.059123732,2.9768326,3.426048,2.8713472,-2.6585875,-2.0607047,-1.1863893,0.26189193,-2.9898996,-1.2872952,3.7817078,8.045466,-1.1517105,-5.271435,-1.1134068,0.04764367,0
11.0,15,-2.924948,-1.6730665,-3.6528866,-0.037052542,0.015993781,2.9656658,3.2273264,2.8842845,-2.681386,-2.133408,-1.1326472,0.3844621,-3.028251,-1.2348176,3.9457903,8.034548,-1.0470423,-5.234024,-1.1770672,-0.19447277,0
11.0,15,-2.9332602,-1.6545157,-3.6889577,-0.05719365,-0.009907501,2.9665458,3.3116388,2.957486,-2.6802056,-2.1727486,-1.1200638,0.39240462,-3.043243,-1.2602307,3.8626542,7.946565,-0.99819446,-5.2389073,-1.1436044,-0.08307539,0
16.0,16,-2.0496247,-2.8012435,-0.46912363,-0.99350876,1.0864381,-2.3236275,-1.1449695,-1.8885314,-1.266889,-3.445086,3.1309266,5.5863314,-1.9564322,-0.93979675,-2.4676456,-1.3136145,10.713802,4.232038,0.097851366,-1.0895789,1
16.0,16,-2.050081,-2.7736535,-0.4448941,-0.9852684,1.0427823,-2.3306181,-1.1605603,-1.9019887,-1.2503272,-3.4386122,3.2292664,5.5760713,-1.968925,-0.958371,-2.4722242,-1.3255266,10.701276,4.257314,0.07655865,-1.0878729,1
16.0,16,-2.0424714,-2.736546,-0.4175925,-0.985501,0.96086943,-2.3028016,-1.1712648,-1.9132856,-1.1866317,-3.4456804,3.2806609,5.515847,-1.967455,-0.9463385,-2.461843,-1.3196579,10.71666,4.1711416,0.06889707,-1.1080294,1
16.0,16,-2.0395558,-2.7267292,-0.41257235,-0.9908991,0.9417082,-2.288152,-1.1720037,-1.914427,-1.1673945,-3.447545,3.2763708,5.491744,-1.9670938,-0.9377506,-2.4561517,-1.313691,10.725046,4.135328,0.07049215,-1.1149213,1
16.0,16,-2.0501115,-2.7532113,-0.42817417,-0.978493,1.0108203,-2.3350165,-1.1724638,-1.9116831,-1.2387586,-3.4344523,3.3026774,5.567597,-1.9785452,-0.9695755,-2.474204,-1.3339275,10.691805,4.274847,0.05997111,-1.0877823,1
16.0,16,-2.0498564,-2.7728372,-0.4423868,-0.9820207,1.0391263,-2.33375,-1.1623371,-1.9034253,-1.2490175,-3.4388568,3.241056,5.576828,-1.9675821,-0.95950544,-2.4740944,-1.3285646,10.698539,4.2621903,0.07370065,-1.0881239,1
9.0,9,-2.4599843,0.814433,0.56271684,-0.98645663,-3.4414918,-2.212492,-3.3767843,-2.9750836,4.4017777,10.3218565,-0.45398402,-2.5946567,1.3921363,1.6899152,0.365875,-1.7230024,-3.7861755,0.092268825,-0.42806154,1.6014216,1
9.0,9,-2.4791138,0.87582314,0.52815706,-0.9885376,-3.4111946,-2.1929207,-3.3924346,-2.933123,4.311373,10.262509,-0.44550702,-2.590942,1.3369559,1.6907605,0.6075115,-1.6789559,-3.85507,0.07104012,-0.52423966,1.4755019,1
9.0,9,-2.366868,0.8544233,0.678038,-0.94593924,-3.545299,-2.041858,-3.712484,-3.0615716,4.9675045,10.211518,-0.52793676,-2.5053618,1.2966373,1.5814744,0.49398535,-1.5796709,-3.7849884,-0.14014629,-0.530848,1.3871024,1
9.0,9,-2.5284238,1.0832541,0.42061135,-0.9885771,-3.328696,-1.7367175,-3.9823403,-2.813083,4.661159,9.534305,-0.55212307,-2.2725322,0.9239749,1.5240133,2.2936606,-1.0551897,-4.09388,-0.5594644,-1.0500994,0.502545,1
9.0,9,-2.502712,0.96703476,0.4823812,-0.98779273,-3.3736997,-2.161149,-3.4314678,-2.8734722,4.201938,10.15566,-0.43836945,-2.5718684,1.2413111,1.6760759,0.9851584,-1.5969881,-3.9558063,0.013733523,-0.65708184,1.2887342,1
9.0,9,-2.4859774,0.8952566,0.5118422,-0.99096173,-3.3953106,-2.173301,-3.402557,-2.9151163,4.2842417,10.2462635,-0.4491857,-2.5887668,1.3233178,1.6962535,0.68316764,-1.6646883,-3.8720965,0.06765468,-0.5613158,1.4240978,1
5.0,5,-1.1791553,-0.2618016,-2.499048,-2.3309672,1.5458366,9.257867,3.0250852,4.503314,1.0775485,-1.4168246,-4.157149,-2.3416085,2.5345492,0.74797106,1.3929303,1.3341576,-2.3305464,-2.7397788,-0.20981541,-3.0029154,1
5.0,5,-1.0843985,-0.27312198,-2.496748,-2.3613994,1.6372228,9.317838,2.894024,4.4420533,1.0272201,-1.4045209,-4.153467,-2.348934,2.47104,0.7264612,1.4576316,1.4502008,-2.3617165,-2.7001636,-0.26568246,-3.0308826,1
5.0,5,-1.0160195,-0.32831353,-2.4158897,-2.3495169,1.5624826,9.367687,2.4635782,4.156168,1.271168,-1.2000861,-4.1660585,-2.3595152,2.5474613,0.8373108,1.3893132,1.4633856,-2.3601937,-2.643246,-0.22596839,-2.9792712,1
5.0,5,-0.7332754,-0.35438418,-2.4411376,-2.4553,1.9395247,9.5323925,2.17993,4.0391197,1.0322703,-1.2059808,-4.1366673,-2.3768117,2.2745762,0.7418645,1.6006681,1.8051142,-2.4025617,-2.5084004,-0.42155144,-3.0556657,1
5.0,5,-1.0215738,-0.28073543,-2.4972627,-2.382062,1.7049248,9.3559065,2.817612,4.4084325,0.9878866,-1.4002423,-4.150435,-2.3547263,2.4236085,0.70880073,1.5006877,1.5270311,-2.380277,-2.6742332,-0.30481753,-3.048783,1
5.0,5,-1.1087036,-0.26963428,-2.498428,-2.3553784,1.6169885,9.302904,2.9315817,4.459963,1.0362471,-1.4100989,-4.154446,-2.3470333,2.4854898,0.7315629,1.4432824,1.4218744,-2.354315,-2.7098122,-0.25306985,-3.024853,1
1.0,1,0.30764225,11.108639,-0.43284518,1.0537999,-2.2710693,0.5314044,-0.16400786,-1.02175,-0.80979925,1.7096548,-0.32055068,-1.2293413,-0.42642343,0.35706386,1.9501967,-0.50247306,-3.5733693,0.77688104,-1.2538743,-2.8042972,1
1.0,1,0.31290448,11.109274,-0.43165785,1.0556136,-2.272168,0.5296205,-0.16567351,-1.0230399,-0.8093209,1.7077327,-0.31807595,-1.2282748,-0.42838585,0.35043526,1.9527947,-0.49955907,-3.5738807,0.77392393,-1.2533783,-2.8038814,1
1.0,1,0.3258558,11.113826,-0.42695913,1.0569609,-2.2762973,0.53118396,-0.16940789,-1.0255569,-0.7963265,1.7123568,-0.3194528,-1.2319148,-0.42368606,0.3435965,1.9379777,-0.5023806,-3.574493,0.77161455,-1.2500757,-2.8024976,1
1.0,1,0.34691745,11.118352,-0.42539474,1.0703434,-2.2817361,0.5219199,-0.18615003,-1.0336071,-0.80352443,1.6830784,-0.2994017,-1.2061657,-0.44617814,0.2977741,1.984601,-0.46890473,-3.5704098,0.7369326,-1.2403117,-2.8029802,1
1.0,1,0.31590095,11.10973,-0.43103275,1.0569096,-2.2728486,0.5284405,-0.16691427,-1.0238692,-0.80937815,1.7059001,-0.3162712,-1.2269065,-0.4300847,0.3459464,1.9554163,-0.49721012,-3.5739255,0.7714877,-1.2528319,-2.8036273,1
1.0,1,0.3103688,11.10896,-0.4322283,1.0548469,-2.2716308,0.53035676,-0.16477568,-1.0223986,-0.80964357,1.708586,-0.31926563,-1.2287412,-0.42753497,0.3534544,1.9516158,-0.5009285,-3.5736184,0.775264,-1.2535882,-2.8039665,1
13.0,13,-1.3243003,1.6415529,1.5137204,-1.0901607,-1.8456099,0.026348986,-2.6758027,-1.3518347,0.83890325,2.1824028,-0.8774639,-1.7226986,-0.26802522,11.058417,-0.65541655,-2.3369524,-1.0512358,0.67960274,-1.4885428,-2.7450168,1
13.0,13,-1.3243562,1.6413466,1.5140611,-1.0902369,-1.8458005,0.026308369,-2.6758845,-1.351783,0.8391725,2.1826468,-0.87744045,-1.7227758,-0.26799816,11.058308,-0.6555912,-2.3370736,-1.0513806,0.6797086,-1.4885814,-2.744983,1
13.0,13,-1.324366,1.641191,1.5137202,-1.0900464,-1.846116,0.026350372,-2.6760316,-1.3518577,0.8401831,2.1821992,-0.8777861,-1.7224879,-0.26779574,11.058435,-0.65580195,-2.3371332,-1.0511647,0.6791573,-1.4876444,-2.744913,1
13.0,13,-1.3244339,1.639901,1.5165161,-1.0913669,-1.846549,0.026137128,-2.675774,-1.351496,0.840907,2.1853416,-0.87669694,-1.7238541,-0.26737595,11.057821,-0.6586373,-2.3381298,-1.05259,0.68099684,-1.4906247,-2.743888,1
13.0,13,-1.3243977,1.6411172,1.5145266,-1.0903841,-1.8459741,0.026247792,-2.6759188,-1.3517339,0.83942837,2.183092,-0.8773391,-1.7229453,-0.26795435,11.058185,-0.65595806,-2.3372414,-1.0515995,0.67990804,-1.4888538,-2.7448547,1
13.0,13,-1.3243537,1.6414013,1.5139966,-1.0902317,-1.845748,0.026310977,-2.675865,-1.3518031,0.839082,2.1826599,-0.87743443,-1.7227943,-0.26802215,11.05832,-0.6555519,-2.3370476,-1.0513703,0.6797023,-1.4886168,-2.7449703,1
