true_label,predicted_label,prob_class_0,prob_class_1,prob_class_2,prob_class_3,prob_class_4,prob_class_5,prob_class_6,prob_class_7,prob_class_8,prob_class_9,prob_class_10,prob_class_11,prob_class_12,prob_class_13,prob_class_14,prob_class_15,prob_class_16,prob_class_17,prob_class_18,prob_class_19,correct
18.0,18,-1.1024611,0.96565574,-1.4487975,-1.4866269,-1.6190261,-2.0983284,0.16822258,-1.6568677,-0.2216787,-0.3605609,-1.7031381,-2.200903,0.15972266,0.32972163,-1.087409,0.78687334,-0.39139706,0.24826735,13.586107,1.7637364,1
18.0,18,-1.1122334,0.97533625,-1.4322987,-1.5077385,-1.6318301,-2.0915625,0.12512247,-1.6222465,-0.2129874,-0.36424154,-1.7079403,-2.183224,0.12484257,0.35252208,-1.0730534,0.7854956,-0.38676453,0.24982208,13.594059,1.7543789,1
18.0,18,-1.1681075,0.7279157,-1.2299571,-1.8613876,-1.54836,-2.0752962,0.1374185,-1.4436913,0.1458394,-0.29901385,-1.6933573,-2.3518078,0.8442061,-0.032051064,-1.1683891,0.5985988,-0.59549993,-0.07178774,13.70583,2.7860415,1
18.0,18,-1.2900095,-0.122890934,-0.7464599,-2.594837,-1.1762546,-1.9297268,-1.4344981,-1.8825607,0.26852438,0.41233864,-1.840361,-2.4739604,2.8543148,1.0599813,-1.3108567,0.075115785,-0.7127446,-0.70488095,13.064675,5.549511,1
18.0,18,-1.1436939,0.6575546,-1.0826545,-1.891911,-1.4268086,-2.0510654,-0.51502067,-1.700144,-0.05876843,-0.12390301,-1.7835121,-2.3123944,0.95778954,0.6388392,-1.0979965,0.47097635,-0.5431925,-0.00047077984,13.649342,2.9539459,1
18.0,18,-1.0980175,0.94927037,-1.4370372,-1.4846636,-1.6055573,-2.093681,0.14244562,-1.6871446,-0.22758469,-0.34716412,-1.7053363,-2.2081444,0.20407233,0.3549092,-1.0925199,0.770554,-0.40228057,0.24726358,13.584475,1.7873563,1
0.0,0,9.087494,-0.30631214,-0.96691424,1.4124454,0.81465197,-4.2590165,2.7472587,0.35053062,1.4224752,-1.3779143,1.5423332,-5.4614434,-0.9951141,-5.773478,-3.958463,1.3859446,2.721532,-3.4349518,-0.9544474,1.5599155,1
0.0,0,9.081081,-0.31306538,-0.9703625,1.4064484,0.8127021,-4.2558455,2.7411807,0.35695058,1.4260954,-1.379656,1.546937,-5.4591975,-0.996035,-5.7755704,-3.9557352,1.3878089,2.724457,-3.4359949,-0.9535469,1.5679089,1
0.0,0,9.261681,-0.1294681,-0.8571709,1.5825487,0.8432584,-4.3148613,2.9034142,0.2138597,1.3032595,-1.3456081,1.4021485,-5.5491395,-0.93433017,-5.702857,-4.033018,1.3260412,2.6338742,-3.414968,-0.96237236,1.3074727,1
0.0,0,9.382411,-0.010385413,-0.78575796,1.6911446,0.8676659,-4.34041,3.00084,0.12808608,1.21867,-1.3130511,1.303798,-5.6092186,-0.90005445,-5.6543283,-4.0811567,1.2846413,2.5732405,-3.3993373,-0.9768429,1.141558,1
0.0,0,9.258543,-0.13700457,-0.8481737,1.5711713,0.84547496,-4.319831,2.8959227,0.23786448,1.3078274,-1.3407917,1.3983666,-5.5558753,-0.94620335,-5.7113214,-4.025679,1.3211875,2.634399,-3.4141736,-0.9455466,1.3403099,1
0.0,0,9.061792,-0.32755658,-0.9765693,1.3930622,0.8083435,-4.2566566,2.7327676,0.3690377,1.4393525,-1.3871795,1.558578,-5.4523826,-0.9988102,-5.782206,-3.9502428,1.3934252,2.7302513,-3.4377375,-0.9474463,1.591794,1
2.0,9,-0.24147387,-3.1768148,2.898263,-2.3040686,-2.16088,0.49104407,-2.037797,-2.3119075,0.6134422,9.593663,-2.7781994,-2.0078661,8.202517,2.236423,-1.6825714,-2.8723514,0.66785794,-2.5415337,-3.2842078,-0.5165999,0
2.0,9,-0.24131665,-3.1768532,2.8978415,-2.3040285,-2.1608639,0.4911666,-2.0378332,-2.3119605,0.613475,9.594015,-2.7780643,-2.007919,8.202359,2.2355773,-1.6823499,-2.8723211,0.6680234,-2.5416887,-3.283896,-0.51634264,0
2.0,9,-0.24025291,-3.17753,2.8968356,-2.3032663,-2.1586232,0.486223,-2.0321596,-2.3096795,0.6085235,9.584553,-2.7746577,-2.0086634,8.213039,2.2379498,-1.6864978,-2.8712196,0.66589874,-2.538951,-3.2888503,-0.517,0
2.0,9,-0.2415193,-3.180635,2.8875055,-2.3039649,-2.1566825,0.48750636,-2.030278,-2.3076591,0.6054155,9.579494,-2.7735152,-2.0078883,8.221589,2.236637,-1.687823,-2.870407,0.6669722,-2.5413315,-3.2859194,-0.5091698,0
2.0,9,-0.24149868,-3.177607,2.8993402,-2.3045056,-2.1596737,0.48884395,-2.0356014,-2.3105495,0.6110509,9.588309,-2.7782495,-2.008209,8.2085,2.2392404,-1.6852121,-2.871788,0.6675846,-2.540387,-3.285636,-0.5146733,0
2.0,9,-0.24157333,-3.1767988,2.8988743,-2.3041053,-2.1608338,0.49066752,-2.037625,-2.3117993,0.61326903,9.592963,-2.7782202,-2.0078282,8.203073,2.23738,-1.6829375,-2.8723009,0.6675834,-2.5413206,-3.2847617,-0.5168974,0
9.0,9,0.70201105,-1.1054666,4.0637712,-2.4047937,-1.2855358,0.5050688,-5.1315327,-2.9378545,1.4023005,12.094843,-4.3969474,-2.3258922,1.1304824,0.6500473,1.8676698,-0.38452062,0.32445127,-2.931027,-1.2131544,-1.4419888,1
9.0,9,0.70201576,-1.1054643,4.0637693,-2.4047947,-1.2855288,0.50506586,-5.1315312,-2.9378598,1.4022928,12.094846,-4.3969507,-2.3258905,1.1304891,0.6500506,1.8676753,-0.38451937,0.32445204,-2.9310265,-1.2131662,-1.4419777,1
9.0,9,0.7022227,-1.105947,4.0633197,-2.4049802,-1.2851664,0.5054446,-5.131501,-2.937624,1.4022226,12.0952425,-4.39694,-2.3258843,1.1304868,0.6490712,1.8675337,-0.3846578,0.32485807,-2.9308221,-1.2127852,-1.4413239,1
9.0,9,0.70242566,-1.1062346,4.0629716,-2.4050124,-1.2849009,0.50567746,-5.1314974,-2.9376066,1.4021618,12.095516,-4.396862,-2.3259156,1.1305141,0.64852715,1.8673956,-0.38479596,0.32505953,-2.930713,-1.2126632,-1.4408301,1
9.0,9,0.7020325,-1.1055237,4.0636773,-2.4047685,-1.285499,0.5051079,-5.13151,-2.937868,1.4022504,12.094886,-4.396939,-2.3258667,1.1305351,0.6500001,1.8675988,-0.38457775,0.32448685,-2.9309988,-1.2131273,-1.4419031,1
9.0,9,0.7020124,-1.105478,4.06375,-2.404781,-1.2855349,0.5050765,-5.131525,-2.9378588,1.4022914,12.094847,-4.3969393,-2.3258858,1.1304947,0.65004593,1.867645,-0.38453817,0.3244545,-2.9310215,-1.2131459,-1.4419779,1
8.0,8,-1.5073287,-3.7763722,-0.55196846,-2.1017115,-2.1042943,0.5361725,-4.8094974,-4.1344376,9.131816,4.5206537,2.2383616,-0.075020336,6.60761,1.5310228,-1.8535049,-2.4471986,-1.8110937,-2.9166076,-6.0721006,-1.9658266,1
8.0,8,-1.509505,-3.7806208,-0.553873,-2.10174,-2.1036444,0.5368043,-4.8112555,-4.1337175,9.126002,4.524605,2.2390146,-0.07333488,6.609706,1.5335069,-1.85215,-2.4479773,-1.8069929,-2.9179099,-6.07495,-1.9629189,1
8.0,8,-1.4693179,-3.68942,-0.5695102,-2.1046453,-2.1040163,0.54628253,-4.721339,-4.1059084,9.229802,4.292164,2.2717593,-0.12690751,6.6421213,1.5102116,-1.9179013,-2.40388,-1.9558977,-2.8846347,-6.032009,-2.0184152,1
8.0,8,-1.4279509,-3.6051104,-0.57114154,-2.103441,-2.1022744,0.5490761,-4.6525273,-4.0946107,9.336486,4.1297936,2.287434,-0.1743516,6.63592,1.4563752,-1.9685986,-2.3749,-2.0672145,-2.8494735,-5.973146,-2.066466,1
8.0,8,-1.4785774,-3.717564,-0.5693667,-2.102841,-2.1022158,0.5419384,-4.7465816,-4.114761,9.195793,4.355902,2.2641585,-0.115284055,6.6398215,1.5189527,-1.8999442,-2.414053,-1.9128691,-2.89599,-6.048582,-1.998239,1
8.0,8,-1.5076914,-3.7763882,-0.55094194,-2.101926,-2.1048417,0.5361799,-4.8100963,-4.1346426,9.131934,4.5223846,2.2375739,-0.074571654,6.6069207,1.5315259,-1.8531209,-2.4476151,-1.8105875,-2.9167109,-6.0719137,-1.9660245,1
9.0,9,-1.8516934,-5.148309,1.8224819,-2.939903,-2.2420688,0.1167748,-5.2084184,-3.142976,5.2396193,7.979618,-0.57291037,0.32173568,7.8645124,2.5740201,-1.1067156,-2.7582722,0.9957634,-3.8017168,-5.115956,1.106239,1
9.0,9,-1.8525794,-5.1501784,1.8191153,-2.9394217,-2.2408357,0.11866935,-5.2068033,-3.141075,5.2346897,7.9769545,-0.57143646,0.32357347,7.8688025,2.571206,-1.1067803,-2.7569163,0.99606967,-3.8011603,-5.1172705,1.1096159,1
9.0,12,-1.8829107,-5.1394706,1.8468423,-2.9879558,-2.2652755,0.107004516,-5.224558,-3.14946,5.4153533,7.835882,-0.5162637,0.27268934,7.8934393,2.7351217,-1.1738936,-2.75727,0.88836193,-3.815381,-5.1702423,1.0121746,0
9.0,12,-1.9039083,-5.1226645,1.8744426,-3.0180953,-2.2845955,0.09343813,-5.2396755,-3.159436,5.5513167,7.729818,-0.4864239,0.23092063,7.908591,2.863777,-1.2289616,-2.7543838,0.8055383,-3.82591,-5.203163,0.9380798,0
9.0,12,-1.8780253,-5.150081,1.826375,-2.977275,-2.2541466,0.118881546,-5.2116284,-3.1398244,5.353412,7.85586,-0.52304536,0.29026535,7.909355,2.687899,-1.1597432,-2.7530673,0.9154936,-3.8117115,-5.162411,1.0449197,0
9.0,9,-1.8512948,-5.147895,1.8239355,-2.939814,-2.242608,0.11633358,-5.2084813,-3.1431136,5.2390747,7.981461,-0.5743113,0.32149035,7.8628798,2.575013,-1.1062951,-2.7586925,0.9967855,-3.801942,-5.115187,1.105308,1
7.0,7,-2.3907628,-2.185129,-2.5164702,-3.0655987,0.9562709,3.007304,2.232693,13.206095,-0.045796208,-3.0344205,0.5310114,-0.6631896,-0.60043764,-0.023028877,-1.7200243,-1.557074,-1.6958841,-2.3989503,-2.9379556,-3.772872,1
7.0,7,-2.351686,-2.1814005,-2.5162957,-3.0562863,0.9534792,2.9984295,2.2897048,13.209136,-0.06743587,-3.0243168,0.5238485,-0.68362063,-0.5859866,-0.029740792,-1.732009,-1.5714521,-1.7058164,-2.4252234,-2.936489,-3.7941422,1
7.0,7,-2.240864,-1.9647908,-2.577582,-2.9665365,0.81685925,2.920499,3.006843,13.30787,-0.38906148,-3.0742235,0.19989446,-0.73642886,-0.63272357,-0.0039634816,-1.8766854,-1.4592004,-1.667795,-2.626458,-2.6525517,-3.776829,1
7.0,7,-2.0139265,-1.8062958,-2.626646,-2.8653176,0.7715145,2.7878213,3.757188,13.324857,-0.6579772,-3.061009,-0.07599826,-0.87394303,-0.6490463,-0.084772244,-2.0676944,-1.3856848,-1.6031709,-2.8536742,-2.4219863,-3.7479558,1
7.0,7,-2.1557329,-1.9697537,-2.5742807,-2.9579835,0.8299837,2.9066744,3.055611,13.293332,-0.37940496,-3.0167117,0.2268787,-0.7567954,-0.5641967,-0.042721,-1.8606994,-1.5582342,-1.727263,-2.680811,-2.682123,-3.8065004,1
7.0,7,-2.3935256,-2.1933968,-2.5155876,-3.0651991,0.9683536,3.0177457,2.2209697,13.198302,-0.030971646,-3.0324376,0.5384387,-0.66202,-0.6049723,-0.025731873,-1.7263142,-1.5601624,-1.698924,-2.3982706,-2.9501452,-3.7690084,1
9.0,9,-0.64944714,-1.3365743,1.775068,-3.1932514,-3.747858,-3.1202617,-6.143121,-4.250997,7.818888,10.797449,-0.73709315,-1.9179578,-0.72391313,0.56177086,1.4935181,-2.2074342,-0.7773986,-3.3633983,2.909656,1.410721,1
9.0,9,-0.6474468,-1.3400968,1.771325,-3.18859,-3.7419162,-3.1234019,-6.141639,-4.2445593,7.793397,10.814111,-0.73506266,-1.9183288,-0.7410745,0.5537999,1.5075275,-2.2037072,-0.7595078,-3.3628287,2.9016068,1.4209146,1
9.0,9,-0.63994074,-1.2275851,1.844306,-3.2140098,-3.8363428,-3.0322456,-6.138655,-4.368336,8.21557,10.566223,-0.8531622,-1.9121728,-0.4406676,0.6828324,1.2256871,-2.26593,-1.0965453,-3.3567438,3.0220947,1.2023304,1
9.0,9,-0.6430159,-1.145452,1.8759042,-3.2409337,-3.9177194,-2.929956,-6.1118083,-4.4618273,8.555518,10.29618,-0.9407325,-1.9297254,-0.16579688,0.787946,0.9586644,-2.3152647,-1.3727467,-3.3198652,3.2369208,0.9773541,1
9.0,9,-0.63039607,-1.2350659,1.8255504,-3.189997,-3.8216429,-3.0470262,-6.1213303,-4.335842,8.11197,10.621983,-0.86237,-1.9159347,-0.5314704,0.64989936,1.2661998,-2.2533638,-1.0086548,-3.3559403,3.0644014,1.225343,1
9.0,9,-0.6520232,-1.3408144,1.7721744,-3.1951292,-3.7481685,-3.121816,-6.1431136,-4.248098,7.8151555,10.794346,-0.7327921,-1.9179277,-0.7268745,0.5627515,1.4947675,-2.207213,-0.77189374,-3.3634923,2.9175472,1.4103576,1
10.0,10,-4.690166,-3.3347356,-5.2954745,4.3912067,-1.9246699,0.07047582,-0.90989417,-1.9656601,0.4499618,-3.652889,10.437155,7.6284285,-0.42993268,-0.43088505,-1.9717226,-1.1022123,-1.2981282,0.36391947,-4.722296,-1.8137009,1
10.0,10,-4.6868753,-3.33781,-5.3091483,4.39051,-1.912901,0.07784722,-0.9011481,-1.9693812,0.4512266,-3.6438687,10.446573,7.6189046,-0.44175377,-0.45553175,-1.9601147,-1.1011605,-1.2956812,0.36320472,-4.7261453,-1.8048375,1
10.0,10,-4.786399,-3.3412497,-5.1610613,4.23237,-2.0416274,0.018510941,-1.0513703,-1.9094782,0.43116358,-3.703526,10.313581,7.8144298,-0.291179,-0.17970875,-2.0017116,-0.9899057,-1.3443004,0.33279848,-4.696002,-1.8310771,1
10.0,10,-4.8405485,-3.333916,-5.087066,4.1735544,-2.1091733,-0.01212348,-1.1175034,-1.8708539,0.38421056,-3.728088,10.203063,8.041458,-0.29687777,-0.117712766,-1.9829954,-0.9321149,-1.2638557,0.3431194,-4.649671,-1.8709829,1
10.0,10,-4.786348,-3.3341026,-5.1420918,4.276395,-2.0355477,0.0077274516,-1.053727,-1.8872468,0.3611122,-3.7105584,10.245696,7.993162,-0.3867911,-0.23259735,-1.9556848,-0.98678046,-1.2390403,0.34273946,-4.65385,-1.8776551,1
10.0,10,-4.6782975,-3.335611,-5.3095164,4.4039397,-1.9133188,0.07515845,-0.89757025,-1.971431,0.4644988,-3.650234,10.465371,7.5713954,-0.42242458,-0.4425856,-1.9782925,-1.1211835,-1.316794,0.36203295,-4.729133,-1.808119,1
1.0,1,1.2162056,11.266747,0.8307815,3.008657,-2.2717443,-2.0495265,2.8885689,-1.9501643,2.1266663,-0.470779,-2.9310267,1.1978852,-3.8722641,0.04754963,-3.2928743,-1.7459049,-1.675052,1.1769235,-1.5111812,-1.899364,1
1.0,1,1.2155497,11.265102,0.83252096,3.0060675,-2.2721686,-2.0509934,2.8887782,-1.9513925,2.131459,-0.4703721,-2.9303904,1.1962389,-3.8715076,0.04793817,-3.2943926,-1.7460055,-1.6735841,1.1742991,-1.5106227,-1.8980207,1
1.0,1,1.2479961,11.280657,0.803178,3.0893002,-2.265946,-2.0419729,2.9046357,-1.928477,2.0534303,-0.49496102,-2.9273007,1.2179271,-3.8977406,0.025652114,-3.2999434,-1.745476,-1.7013773,1.2152646,-1.5235806,-1.9272488,1
1.0,1,1.2745218,11.294974,0.7820597,3.1138506,-2.2592635,-2.0299969,2.9176261,-1.9154003,2.0107722,-0.5033924,-2.9231176,1.2095288,-3.9043736,0.0050706677,-3.2900162,-1.7404765,-1.7250081,1.2435788,-1.5340062,-1.943234,1
1.0,1,1.2049088,11.279709,0.80510867,3.045926,-2.2801628,-2.022088,2.8735585,-1.930527,2.078847,-0.48654535,-2.9235086,1.2389982,-3.8842132,0.05750129,-3.282176,-1.7489929,-1.70419,1.2208346,-1.5344673,-1.9296411,1
1.0,1,1.2070832,11.263548,0.83514434,3.0046926,-2.2746725,-2.0511525,2.8839865,-1.9518943,2.1344006,-0.47051582,-2.9321184,1.2046479,-3.8714268,0.055314604,-3.2951562,-1.7470671,-1.6710964,1.172693,-1.5098745,-1.8979164,1
16.0,16,3.993106,-1.6369978,-1.0099951,2.9049685,0.7329039,-4.1507993,4.909129,0.2821907,-2.5770524,0.75470126,-2.5258353,-2.8640628,0.26819158,-3.470124,-4.6358414,-0.7679581,7.9796987,-0.7715555,-0.3496363,-0.115347974,1
16.0,16,3.998753,-1.6273661,-0.9921049,2.919883,0.74535644,-4.1532493,4.908933,0.27860472,-2.57839,0.75470454,-2.542684,-2.8639205,0.27098605,-3.4581335,-4.6451283,-0.7737962,7.961415,-0.77040696,-0.35587355,-0.12580109,1
16.0,16,3.9360332,-1.7113153,-1.1771684,2.7516313,0.64460534,-4.126828,4.941965,0.32674903,-2.5492737,0.76270604,-2.3642309,-2.8812783,0.19697815,-3.6228683,-4.536381,-0.7290394,8.176301,-0.7420793,-0.2756952,-0.02776701,1
16.0,16,3.9253926,-1.724561,-1.1815866,2.7563927,0.64140856,-4.116025,4.8825436,0.319356,-2.563545,0.7526962,-2.3459406,-2.856518,0.16234627,-3.6320004,-4.5144167,-0.6975233,8.230285,-0.7154969,-0.30488014,-0.05813075,1
16.0,16,3.9909573,-1.6339695,-1.0066532,2.9052768,0.7260772,-4.158108,4.905774,0.28351772,-2.5752404,0.7524415,-2.5284927,-2.8657947,0.2708976,-3.4624782,-4.638013,-0.7683188,7.9773355,-0.7666556,-0.34876883,-0.111982055,1
16.0,16,3.9957156,-1.6336629,-1.0047792,2.9086895,0.736398,-4.1521883,4.9138894,0.28194192,-2.5766323,0.755216,-2.5322757,-2.8657546,0.27334148,-3.4653523,-4.6404533,-0.77191347,7.9692464,-0.77468467,-0.3491971,-0.115568765,1
13.0,12,-1.7680249,0.5639768,1.7711872,-2.4120088,-4.340159,1.25596,-3.8779342,-2.4760213,5.573122,4.901698,-4.8945045,-1.3432965,8.733305,6.7151213,-4.9175434,-2.0627563,-3.5025904,-3.6854687,-0.5287595,0.2829167,0
13.0,12,-1.775178,0.5515727,1.7591941,-2.4175835,-4.3438697,1.2766521,-3.8839083,-2.46807,5.565287,4.898827,-4.885241,-1.336853,8.729326,6.713656,-4.9143724,-2.062796,-3.4937963,-3.6854143,-0.5294178,0.28267887,0
13.0,12,-1.7086265,0.6604526,1.8732809,-2.386782,-4.310036,1.1039412,-3.8072476,-2.551066,5.767745,4.920032,-4.9264693,-1.4382948,8.780801,6.6589355,-4.9477262,-2.0612442,-3.6376588,-3.686385,-0.57390755,0.25767156,0
13.0,12,-1.6882045,0.7105529,1.939177,-2.3758152,-4.303691,1.0452455,-3.7793028,-2.5846858,5.903453,4.90839,-4.9324903,-1.4750268,8.802714,6.6267204,-4.9635315,-2.055717,-3.7240598,-3.6796,-0.62263185,0.21795711,0
13.0,12,-1.7385919,0.6515232,1.8825896,-2.393209,-4.325984,1.1517762,-3.8407145,-2.513485,5.7230506,4.8774633,-4.9336305,-1.3811564,8.786866,6.7046576,-4.9376698,-2.0559397,-3.6193206,-3.6681488,-0.59026176,0.22025391,0
13.0,12,-1.7723062,0.55766654,1.7697835,-2.4136307,-4.340353,1.2637392,-3.8833609,-2.46912,5.5599904,4.8946686,-4.8955092,-1.3342419,8.738035,6.721495,-4.914419,-2.0604787,-3.4981024,-3.684585,-0.5273933,0.27842686,0
3.0,3,-0.0467304,0.65922993,1.6341175,11.5483265,0.5517306,-0.6139797,-0.30217415,-3.9127421,-1.1103005,-1.2733271,-1.5767971,0.4581657,-3.4725075,-0.8747325,-1.6869593,-0.25381792,-0.3285845,3.7273636,-3.7550733,-2.778109,1
3.0,3,-0.04669276,0.66048354,1.6286997,11.548768,0.55375326,-0.6124583,-0.30116874,-3.9151645,-1.1100595,-1.2731643,-1.5752423,0.45765197,-3.4745333,-0.87959516,-1.6840231,-0.25152284,-0.32869518,3.7284272,-3.7550473,-2.776588,1
3.0,3,-0.049504235,0.6637786,1.6416427,11.544816,0.5618174,-0.65319544,-0.29468486,-3.9108055,-1.1193312,-1.3003043,-1.5244228,0.42548478,-3.4634326,-0.80050987,-1.7301712,-0.29487917,-0.36711812,3.7908444,-3.7780943,-2.778651,1
3.0,3,-0.03834413,0.6443363,1.6735641,11.524896,0.56084526,-0.6592218,-0.33028173,-3.9028912,-1.112574,-1.2813473,-1.5185095,0.40546453,-3.4595072,-0.82427555,-1.719889,-0.3031945,-0.33868575,3.832929,-3.7893574,-2.7776806,1
3.0,3,-0.04575585,0.64854175,1.6374793,11.554783,0.54409856,-0.6273214,-0.29918343,-3.9093382,-1.1096764,-1.2713566,-1.5568113,0.4510784,-3.474031,-0.85604686,-1.7093565,-0.26792198,-0.32553172,3.7209864,-3.7573714,-2.779198,1
3.0,3,-0.047545567,0.6593712,1.6316413,11.550177,0.551216,-0.61322665,-0.2998378,-3.9129157,-1.1109434,-1.2743365,-1.577298,0.46047753,-3.4727287,-0.8735296,-1.6879616,-0.25309587,-0.32900417,3.7227774,-3.754063,-2.778585,1
11.0,11,-4.025147,-1.807068,-2.5970633,8.206939,-2.417398,-0.14654714,0.95977855,-2.4268918,0.6148855,-3.4297304,5.0482564,8.582261,-1.2767022,1.0307951,-4.8203363,-1.8585218,-1.1329641,0.018603712,-3.644404,-2.52567,1
11.0,11,-4.024222,-1.8075445,-2.602193,8.209761,-2.4142346,-0.14478755,0.96498275,-2.4268506,0.6152503,-3.4281092,5.0505652,8.57762,-1.2801281,1.0227908,-4.8185377,-1.8570913,-1.1348854,0.018409438,-3.6453521,-2.5229566,1
11.0,11,-4.0290775,-1.8023922,-2.5565522,8.195216,-2.426971,-0.15527198,0.9330812,-2.428193,0.6108181,-3.4353797,5.022958,8.598684,-1.2548597,1.0895184,-4.835829,-1.8678118,-1.1353654,0.018400386,-3.644282,-2.5352776,1
11.0,11,-4.008872,-1.7900735,-2.5340424,8.2267685,-2.41543,-0.16805592,0.9524519,-2.4352381,0.5963413,-3.4333975,4.9660916,8.6024,-1.2710975,1.0816994,-4.8476295,-1.8575941,-1.1098748,0.024664484,-3.6346047,-2.5373008,1
11.0,11,-4.04179,-1.8064717,-2.5607224,8.170638,-2.4361115,-0.15543067,0.9226987,-2.4156077,0.59408575,-3.4316247,5.0040865,8.664483,-1.2674489,1.0766505,-4.8161554,-1.8514318,-1.0983421,0.014000513,-3.6209412,-2.5328927,1
11.0,11,-4.024182,-1.808628,-2.6038628,8.207953,-2.41712,-0.14498681,0.9612342,-2.4295943,0.62237304,-3.4317653,5.0641723,8.566962,-1.2714521,1.0274687,-4.8218136,-1.8630204,-1.1425507,0.018921658,-3.6500006,-2.525941,1
3.0,3,-0.583854,-0.9610501,-1.3019116,11.620496,-0.20976827,-1.2585309,2.3761606,-3.4993985,-0.26324338,-1.5746889,2.5291893,1.3512807,-3.1125288,-1.425286,-4.7483845,-0.49146682,-0.93891716,1.0097785,-3.9528737,-1.6056445,1
3.0,3,-0.585884,-0.9640524,-1.3057996,11.619428,-0.208888,-1.2561815,2.3783832,-3.501016,-0.26401094,-1.5759553,2.5303764,1.3567481,-3.1121733,-1.4269096,-4.7476444,-0.49097076,-0.9356605,1.0098597,-3.9531057,-1.6049227,1
3.0,3,-0.5692129,-0.9420589,-1.2747948,11.617362,-0.21288443,-1.2744222,2.3610482,-3.4879682,-0.24597427,-1.5625821,2.5335207,1.2863103,-3.10616,-1.401426,-4.7598314,-0.49613267,-0.98414075,1.0004251,-3.9572425,-1.6035897,1
3.0,3,-0.57400835,-0.94797546,-1.2785041,11.616856,-0.21294424,-1.276801,2.3584983,-3.4809294,-0.26106733,-1.569809,2.5172603,1.3072606,-3.1149757,-1.4038413,-4.7492237,-0.46452755,-0.97238547,0.9934879,-3.9565604,-1.6059008,1
3.0,3,-0.5832691,-0.9687626,-1.3017498,11.615555,-0.21654475,-1.2646931,2.3659632,-3.4874933,-0.2598682,-1.5752726,2.5501711,1.3406067,-3.100977,-1.4190366,-4.756219,-0.49140862,-0.9520878,0.99522626,-3.9582043,-1.6033807,1
3.0,3,-0.5817036,-0.9583898,-1.2970636,11.621504,-0.21019688,-1.2585834,2.3761451,-3.5008872,-0.25980777,-1.5720043,2.5265796,1.34393,-3.1118388,-1.4230554,-4.750716,-0.49648464,-0.94115835,1.0121464,-3.9515057,-1.6063467,1
19.0,9,-0.83680093,-1.7623158,1.334459,-2.7560213,-3.5598092,-0.4972529,-5.014465,-3.6739855,6.2600274,10.434127,-1.8585253,-1.4350047,-2.4350865,-1.4343338,1.0029379,-1.1052152,1.5526786,-2.7223594,4.8264117,0.42774063,0
19.0,9,-0.8335466,-1.7670981,1.3370689,-2.7541916,-3.5561442,-0.5009989,-5.0203395,-3.6775122,6.246309,10.45564,-1.8650298,-1.4364419,-2.4308262,-1.4259241,1.0104581,-1.1032629,1.5565635,-2.7282712,4.804609,0.43867978,0
19.0,9,-0.90918523,-1.6723317,1.2987382,-2.8276343,-3.67774,-0.41641334,-4.8878236,-3.6282184,6.697299,9.944982,-1.6970282,-1.4452305,-2.3966937,-1.6354351,0.7886357,-1.1497211,1.3856052,-2.5887523,5.211921,0.21446517,0
19.0,9,-0.9749719,-1.5938058,1.262559,-2.8966155,-3.781561,-0.2952375,-4.7741423,-3.625953,7.049981,9.516711,-1.5755728,-1.4573295,-2.250647,-1.7965397,0.5882783,-1.1719952,1.1969107,-2.475002,5.5197835,0.025839608,0
19.0,9,-0.88261706,-1.7007432,1.309628,-2.8013632,-3.6352587,-0.41848692,-4.944393,-3.6589894,6.5300913,10.146534,-1.7855288,-1.446284,-2.4253206,-1.5384583,0.8594398,-1.1155083,1.4447057,-2.6438265,5.060209,0.31231177,0
19.0,9,-0.83801675,-1.7606543,1.333269,-2.7564936,-3.5607758,-0.49485192,-5.012438,-3.6725702,6.2630877,10.427081,-1.8568761,-1.4340354,-2.4370546,-1.4373899,1.0009987,-1.1056808,1.552088,-2.7201827,4.8342853,0.4237855,0
9.0,9,0.08088651,-3.1723616,0.11490531,-2.7173736,-2.7158437,-0.30204317,-3.7920094,0.4409148,0.42497423,10.56483,-2.459426,-1.7201954,0.68666494,-2.7222142,2.2896872,-0.42012247,1.4577895,-2.4681091,1.720555,7.299371,1
9.0,9,0.075178444,-3.172286,0.11541097,-2.7201383,-2.7102094,-0.29054022,-3.797796,0.44413403,0.42145583,10.5673275,-2.462509,-1.7135963,0.6901059,-2.7183132,2.2968218,-0.42103064,1.4534578,-2.4632275,1.7043107,7.2905354,1
9.0,9,0.19874874,-3.190472,0.08858049,-2.6926374,-2.7666254,-0.4007273,-3.7196813,0.3419106,0.56467146,10.607974,-2.3683903,-1.8460726,0.61807406,-2.8517885,2.1846693,-0.41988832,1.5051024,-2.539158,1.8581493,7.3597264,1
9.0,9,0.28992265,-3.1853383,0.11373208,-2.6697807,-2.798523,-0.46477267,-3.6848502,0.26582515,0.66227376,10.67824,-2.3526862,-1.9278524,0.63810873,-2.9134943,2.1264944,-0.44795984,1.499207,-2.5817008,1.9017911,7.3303328,1
9.0,9,0.2221933,-3.1585784,0.16042757,-2.6756291,-2.7623549,-0.41002697,-3.732273,0.3192426,0.5516375,10.665338,-2.4402082,-1.8480867,0.72916776,-2.8131802,2.2030256,-0.46466556,1.454237,-2.5233743,1.7847953,7.254725,1
9.0,9,0.08442533,-3.1683784,0.12310816,-2.7140074,-2.7186127,-0.31237543,-3.7897754,0.4399077,0.4236172,10.567282,-2.467035,-1.7219845,0.6969017,-2.7181356,2.2885978,-0.42414805,1.4544724,-2.4682682,1.7227407,7.2939844,1
5.0,5,-3.9109333,-0.7014276,-2.7879217,-4.427685,-0.97985756,9.9357605,-5.246989,-0.3756402,0.26031077,0.15532286,-1.6263275,1.2606475,-0.26818785,-1.4954393,7.370923,5.5550556,-0.20303945,-0.32989252,-3.4687366,-3.3504028,1
5.0,5,-3.9107177,-0.70006984,-2.787489,-4.429236,-0.9783751,9.930591,-5.2493715,-0.37432212,0.25938517,0.15593503,-1.6267383,1.2599194,-0.27081594,-1.4965556,7.3777866,5.5573306,-0.20367482,-0.32954186,-3.467877,-3.3490682,1
5.0,5,-3.9070165,-0.69619197,-2.7945614,-4.4063506,-0.9679271,9.982189,-5.2276993,-0.38548976,0.26034132,0.15272523,-1.627667,1.2584795,-0.24680966,-1.4910204,7.3232784,5.52007,-0.22171493,-0.31189,-3.4854712,-3.3635526,1
5.0,5,-3.9055815,-0.6915262,-2.7992308,-4.3924174,-0.9625373,10.011244,-5.2160707,-0.3933793,0.26035237,0.14775874,-1.6279874,1.2608736,-0.23664933,-1.4874235,7.291647,5.4997306,-0.228478,-0.2995351,-3.4973295,-3.3722985,1
5.0,5,-3.9099944,-0.69741625,-2.7950666,-4.406594,-0.9750565,9.98065,-5.226493,-0.38940504,0.2614272,0.14772747,-1.626026,1.2626387,-0.25007865,-1.4891629,7.321451,5.525953,-0.21142304,-0.3129061,-3.4836285,-3.364907,1
5.0,5,-3.9108593,-0.70196086,-2.7880638,-4.427951,-0.97945595,9.935878,-5.2467284,-0.3753985,0.26035318,0.15581469,-1.6263869,1.2597629,-0.26782763,-1.4956361,7.3711233,5.5551395,-0.20366985,-0.3302461,-3.4682016,-3.350323,1
7.0,6,0.8327276,-0.8000465,-1.427073,2.261978,7.6436524,2.9472334,11.326367,2.6434782,-1.7512656,-1.9477401,-2.0600693,-3.5422907,1.0514092,-4.1451836,-4.0622597,-1.3299845,-3.1055424,-0.909472,-2.8601365,-2.542386,0
7.0,6,0.8412115,-0.79402095,-1.4147254,2.2567446,7.651121,2.9388556,11.320308,2.6340332,-1.7495985,-1.9429839,-2.0728338,-3.5490382,1.0538191,-4.1469326,-4.0518866,-1.3261609,-3.105015,-0.89797187,-2.8648286,-2.5490997,0
7.0,6,0.71970516,-0.70874685,-1.4037704,1.984231,7.77275,3.2896917,11.242054,2.761107,-1.7260053,-1.9927189,-2.1371548,-3.5085516,0.8223765,-4.1723814,-3.7805166,-1.3092628,-3.0701873,-0.5167963,-3.2055297,-2.6186483,0
7.0,6,0.6263872,-0.72506505,-1.4758265,1.826125,7.6695356,3.4292743,11.306681,3.0431795,-1.7504128,-2.0462627,-2.1494455,-3.4921408,0.70132244,-4.1869183,-3.6831262,-1.3065944,-2.9516811,-0.39238527,-3.3325381,-2.693348,0
7.0,6,0.7536871,-0.78618866,-1.4296976,2.1459956,7.602747,3.221341,11.339349,2.6617107,-1.7237895,-1.8910164,-2.1257594,-3.4922776,0.9362107,-4.205537,-3.9693255,-1.3794554,-2.9908729,-0.734117,-2.9889233,-2.4982953,0
7.0,6,0.83667433,-0.79700935,-1.4207184,2.2694824,7.662162,2.9531431,11.313589,2.6209896,-1.7471396,-1.9425242,-2.0597665,-3.5409389,1.0533804,-4.1434975,-4.063411,-1.332954,-3.120039,-0.9134419,-2.8585706,-2.5331573,0
10.0,10,-2.264625,-4.3461676,-5.9201694,0.3618936,-1.0440636,-1.0973288,-3.348578,0.51978713,-2.4586158,-1.4159576,12.306959,2.0853505,-1.2277167,-2.1066504,2.2812874,-1.5096283,2.1043882,1.5417864,-3.2076015,-0.6794063,1
10.0,10,-2.2630527,-4.346975,-5.919823,0.36135685,-1.0429682,-1.0980158,-3.3483524,0.519723,-2.4584403,-1.414722,12.307164,2.082173,-1.226881,-2.107572,2.2817001,-1.508819,2.1042032,1.5396259,-3.2076201,-0.678221,1
10.0,10,-2.2788649,-4.343612,-5.920435,0.35268173,-1.0459727,-1.0773988,-3.360748,0.5181293,-2.4591408,-1.4120419,12.309775,2.090992,-1.233911,-2.1019368,2.2898126,-1.5090624,2.08944,1.55641,-3.2055888,-0.69453734,1
10.0,10,-2.28739,-4.3376613,-5.9227233,0.35577214,-1.0537713,-1.0730231,-3.3595896,0.5170788,-2.459321,-1.4204813,12.309776,2.1103106,-1.2376304,-2.0997257,2.2886715,-1.5135776,2.0932362,1.5699822,-3.2088246,-0.70566326,1
10.0,10,-2.2742398,-4.339383,-5.921452,0.3653965,-1.0489143,-1.0915905,-3.352798,0.5149807,-2.4577959,-1.4227027,12.307656,2.099602,-1.233415,-2.0984862,2.2774093,-1.5141172,2.1001701,1.5602933,-3.207804,-0.6895276,1
10.0,10,-2.2628539,-4.3473697,-5.919913,0.36177856,-1.0427959,-1.0987122,-3.34822,0.52028614,-2.458687,-1.4148076,12.306709,2.0825632,-1.2269388,-2.1073117,2.2812848,-1.5089213,2.1045506,1.5387902,-3.207183,-0.67686296,1
14.0,14,-3.7734344,-2.0649524,1.6528077,-5.156515,-1.6822393,1.8817481,-6.5129857,1.2598584,-0.5277672,1.5344594,-0.02900095,4.3979597,-2.915383,-0.9171425,10.730917,4.4828024,2.4740949,-1.1481829,-2.6096673,-2.851027,1
14.0,14,-3.7723985,-2.0661695,1.650576,-5.156766,-1.6813085,1.8813919,-6.5129547,1.2590246,-0.5286519,1.5345513,-0.027677517,4.3955436,-2.9150283,-0.9186016,10.732771,4.483948,2.4752789,-1.1479766,-2.6095378,-2.851145,1
14.0,14,-3.7853389,-2.0547962,1.6629611,-5.1503596,-1.6839339,1.8839852,-6.5114164,1.2671747,-0.53647524,1.5222471,-0.0392182,4.4312706,-2.9197834,-0.90139645,10.717136,4.4842944,2.4672618,-1.1484103,-2.6142125,-2.8513353,1
14.0,14,-3.7895675,-2.048918,1.670339,-5.148871,-1.6850721,1.8867793,-6.510621,1.2711023,-0.5394654,1.5173626,-0.047486734,4.442112,-2.9208136,-0.894187,10.7093935,4.487316,2.4646065,-1.1496123,-2.6173687,-2.8516223,1
14.0,14,-3.7835813,-2.0538986,1.6653272,-5.1522393,-1.6850414,1.886282,-6.5117793,1.2679256,-0.5315979,1.524979,-0.04228617,4.4229784,-2.9183855,-0.90318936,10.717261,4.4839067,2.4660115,-1.1495575,-2.6130323,-2.8512664,1
14.0,14,-3.7726235,-2.066148,1.650873,-5.1568666,-1.6814504,1.8814427,-6.51307,1.2589691,-0.52821416,1.5346022,-0.027482908,4.3959,-2.9151242,-0.9184611,10.73253,4.483697,2.4749107,-1.1479172,-2.609556,-2.8511848,1
19.0,19,-2.596246,-0.8273634,-2.094411,-4.107885,0.31376484,-0.50007516,-1.9793402,-1.1187332,0.1905263,1.4255519,-1.8234324,-1.3114463,0.6796757,0.47843662,-0.45135993,0.8661254,2.2778842,1.8417139,5.1393843,11.746526,1
19.0,19,-2.6018558,-0.7013027,-2.0266485,-4.1475506,0.2774934,-0.5728753,-1.9667381,-1.1685869,0.3123437,1.4390516,-1.9184053,-1.3907361,0.6641243,0.534628,-0.4500352,0.8762793,2.1062574,1.8376019,5.345115,11.720172,1
19.0,19,-2.28029,-0.8316311,-1.7556098,-3.7449467,0.50743914,-0.87702936,-1.9121531,-1.4124888,0.55426043,1.6357069,-1.7494892,-1.7862239,1.0151215,0.7698072,-0.95284986,0.78564143,1.4995948,0.71357787,5.654405,12.326136,1
19.0,19,-2.0120363,-0.97441155,-1.3351768,-3.5703816,0.6349153,-1.1122837,-2.3076553,-1.4709507,0.6314277,1.9481797,-1.7225617,-1.8258746,1.3173625,1.1300546,-1.0711843,0.6802151,1.3910837,0.039211538,5.0068707,12.725001,1
19.0,19,-2.4516401,-0.6912833,-1.7927912,-4.0353103,0.38440585,-0.74119854,-2.0907044,-1.3151512,0.50336087,1.6328342,-1.9410167,-1.5550617,0.8232961,0.754743,-0.61058736,0.8316303,1.8084737,1.3609626,5.263687,12.018766,1
19.0,19,-2.6203575,-0.8473329,-2.1370173,-4.1369905,0.31347233,-0.4527469,-1.9728738,-1.056894,0.12035849,1.4078181,-1.799438,-1.2460519,0.6122628,0.38896275,-0.39332014,0.8670241,2.4045491,1.9637719,5.0654073,11.686126,1
2.0,2,0.06452674,3.3116128,11.690288,-0.5135028,-1.2374982,-1.7974999,-3.0304112,0.5092607,2.4600112,2.9848192,-4.7401004,-0.32880455,-0.1764406,3.221006,-0.8889997,-2.4014862,-2.0995235,0.3876863,-2.692339,-2.2188041,1
2.0,2,0.064526215,3.3116171,11.690285,-0.51350164,-1.2374989,-1.7975,-3.03041,0.5092606,2.4600089,2.9848163,-4.7401013,-0.3288021,-0.17644256,3.2210073,-0.88899887,-2.4014864,-2.0995226,0.3876869,-2.6923373,-2.218804,1
2.0,2,0.06453298,3.3115985,11.690293,-0.51350087,-1.2374936,-1.7975081,-3.0304034,0.50926447,2.4600065,2.984818,-4.740094,-0.32880867,-0.17643031,3.2210076,-0.8890122,-2.4014952,-2.0995204,0.38768703,-2.692339,-2.2188044,1
2.0,2,0.064540416,3.3115914,11.690298,-0.51349103,-1.2374861,-1.7975233,-3.0303872,0.5092705,2.4599895,2.9848108,-4.7400923,-0.32880807,-0.17642653,3.221012,-0.88902795,-2.4015057,-2.0995152,0.38769227,-2.692332,-2.2188025,1
2.0,2,0.0645287,3.311607,11.690288,-0.5135025,-1.2374963,-1.7975012,-3.0304122,0.5092601,2.4600132,2.9848192,-4.740097,-0.32880855,-0.17643678,3.221005,-0.8890022,-2.4014888,-2.0995247,0.38768637,-2.6923409,-2.218804,1
2.0,2,0.064526364,3.3116133,11.690286,-0.5135027,-1.2374974,-1.7975001,-3.030412,0.50925994,2.4600112,2.9848177,-4.740101,-0.32880515,-0.17644027,3.2210052,-0.8889992,-2.4014854,-2.0995247,0.38768658,-2.6923392,-2.2188044,1
16.0,16,2.1178005,-3.2072155,-4.466206,-0.687328,0.29265484,-1.4811704,2.789764,0.8269765,-2.8823657,-0.39839187,-0.6387978,0.7612636,1.1420095,-4.334522,-2.0980027,1.3680303,11.121871,-2.0714962,-0.78584164,-0.98401576,1
16.0,16,2.1212966,-3.2062712,-4.4631805,-0.6858657,0.3014201,-1.476604,2.7952597,0.82857716,-2.8859618,-0.39771372,-0.646843,0.7556558,1.1468902,-4.332047,-2.103646,1.3667345,11.1161175,-2.0744662,-0.7857999,-0.9881022,1
16.0,16,2.0915046,-3.2165968,-4.4957356,-0.69457626,0.21335408,-1.5242991,2.7505436,0.8128163,-2.851107,-0.4017192,-0.5594074,0.79994136,1.1075162,-4.3613,-2.0488296,1.3686211,11.164511,-2.047256,-0.7833532,-0.9485075,1
16.0,16,2.0901337,-3.2138479,-4.4834886,-0.6970202,0.21691227,-1.5419544,2.717419,0.8183984,-2.844033,-0.39460444,-0.55764425,0.81285703,1.0810659,-4.36483,-2.0249658,1.3583041,11.193962,-2.020417,-0.80484647,-0.9395295,1
16.0,16,2.1229835,-3.2046218,-4.454611,-0.6863787,0.2940954,-1.4824207,2.785269,0.82802606,-2.8888416,-0.39198774,-0.65107244,0.7551148,1.1548309,-4.3297257,-2.0970654,1.3611851,11.120626,-2.0664139,-0.7865363,-0.9838565,1
16.0,16,2.117405,-3.2075114,-4.4676166,-0.68706,0.29177108,-1.4789927,2.792953,0.8252966,-2.8829556,-0.39930832,-0.63917565,0.76147425,1.1457567,-4.333703,-2.1008265,1.3695973,11.118375,-2.074536,-0.7836325,-0.9848911,1
15.0,14,-3.3095274,0.63767093,-0.55059093,-1.9436207,-1.7433952,1.760778,-6.2166514,0.93055946,-1.5299261,0.16675447,-2.4669764,1.8591143,-1.8621815,-1.0335661,10.52564,6.3007226,0.606511,0.65786755,-3.1753004,-3.231582,0
15.0,14,-3.3094752,0.6383793,-0.55213875,-1.9424226,-1.7431661,1.7579641,-6.216289,0.92854583,-1.5310005,0.16566662,-2.4658885,1.8593783,-1.8638338,-1.0337092,10.526138,6.303097,0.6075677,0.6582074,-3.1741085,-3.2316048,0
15.0,14,-3.3110218,0.64179915,-0.55653113,-1.941391,-1.735188,1.7881719,-6.2194595,0.93119,-1.5286286,0.1684622,-2.4718387,1.8580197,-1.8531866,-1.0347704,10.522781,6.291236,0.5856221,0.6660357,-3.185035,-3.231914,0
15.0,14,-3.3107195,0.64357084,-0.5525701,-1.9355314,-1.7367601,1.7843173,-6.2200427,0.9325144,-1.5300157,0.16632426,-2.4717143,1.8560573,-1.851415,-1.0314137,10.5188465,6.283368,0.58630705,0.6775585,-3.1897423,-3.237694,0
15.0,14,-3.3098388,0.6415787,-0.54867035,-1.9357531,-1.7417301,1.7652435,-6.217477,0.9303336,-1.5314503,0.1629378,-2.4676101,1.8545634,-1.8580921,-1.030423,10.520526,6.2903247,0.6009707,0.6767811,-3.1831346,-3.2384706,0
15.0,14,-3.3096426,0.6373078,-0.55143803,-1.9451556,-1.7428576,1.7628996,-6.216558,0.9305627,-1.5293115,0.1675459,-2.4670773,1.8590875,-1.8620614,-1.0345352,10.526475,6.3014393,0.60575193,0.6560546,-3.1748066,-3.2304265,0
6.0,6,0.4591183,-1.1001809,-2.4704423,1.4574172,5.6409774,2.2294588,12.4410925,3.9387836,-1.4471155,-1.6838542,-1.2024214,-3.4228792,-0.06619951,-4.7486215,-4.299325,-0.84717923,-1.6824995,-1.852901,-2.032229,-1.4315171,1
6.0,6,0.44283324,-1.0886846,-2.4679005,1.4339353,5.5504627,2.1884236,12.455056,4.02334,-1.4063182,-1.6723752,-1.2051473,-3.4211338,-0.09501043,-4.757791,-4.275544,-0.8570946,-1.685871,-1.8671473,-2.0177624,-1.4188639,1
6.0,6,0.32155108,-0.8820644,-2.2505112,1.1127343,5.594851,1.8412813,12.22097,4.104826,-0.98488075,-1.3761715,-1.2266234,-3.6871912,-0.033782363,-4.8116546,-4.1213903,-0.93969184,-2.0811903,-1.7366962,-2.1925452,-0.53579134,1
6.0,6,0.091182396,-0.7604344,-2.522141,1.0874891,5.1954627,1.7479756,12.504386,3.9538572,-1.0304857,-1.7483703,-1.0840082,-3.6552815,0.007954238,-4.858121,-4.0428305,-0.5783779,-1.9767462,-1.5678853,-1.874735,-0.9339638,1
6.0,6,0.13982993,-0.986744,-2.4240966,1.3261904,5.7504873,2.3201444,12.317009,3.8173745,-1.253296,-1.584946,-1.1689949,-3.5166628,0.035509974,-4.8907185,-4.0092974,-0.9285801,-2.036726,-1.5746175,-2.0111997,-1.0177929,1
6.0,6,0.5006692,-1.1224802,-2.4732015,1.456369,5.671531,2.2468772,12.426504,3.9234045,-1.4604515,-1.6689149,-1.2057464,-3.4370382,-0.06955296,-4.7423577,-4.3350744,-0.8319716,-1.6602658,-1.8843018,-2.0501487,-1.425406,1
1.0,1,-1.6289811,11.14133,0.0037094927,1.7288754,-2.8002534,-0.48268154,0.18456315,-1.3920408,0.63185585,-0.9994679,-2.9647038,4.616569,-3.5975118,1.6626291,-0.5388036,-1.1811787,-1.9834358,2.7242222,-1.6448851,-2.4278314,1
1.0,1,-1.6319301,11.140483,0.006107492,1.7247211,-2.8008447,-0.4823731,0.18253525,-1.3919263,0.63470024,-0.9988958,-2.964011,4.6173525,-3.5957155,1.6652536,-0.5383774,-1.182551,-1.9833415,2.72483,-1.6457756,-2.4281487,1
1.0,1,-1.6133435,11.136022,-0.017954962,1.7926387,-2.8005981,-0.49130532,0.19952565,-1.3885581,0.60221386,-1.0168562,-2.9700458,4.642823,-3.622717,1.6402853,-0.5506613,-1.1664151,-1.9804156,2.716577,-1.6405736,-2.4304955,1
1.0,1,-1.5833526,11.1505785,-0.039942924,1.7956965,-2.7949286,-0.4883295,0.21549286,-1.3944671,0.5919352,-1.0142236,-2.9656675,4.6084766,-3.6276143,1.6162729,-0.54649556,-1.1543299,-1.9907722,2.7174451,-1.6365227,-2.425446,1
1.0,1,-1.6249394,11.135582,-0.023944022,1.7624737,-2.8000345,-0.47713193,0.18867366,-1.3892252,0.6069374,-1.0092678,-2.9611309,4.636131,-3.6159706,1.6469558,-0.53421074,-1.1676273,-1.9821267,2.7205217,-1.6430098,-2.4274206,1
1.0,1,-1.636867,11.137217,0.0060987,1.7284238,-2.802257,-0.48294482,0.18096356,-1.3909581,0.6335401,-1.0007538,-2.964594,4.62593,-3.596728,1.6685227,-0.53975517,-1.1830807,-1.9806179,2.7241557,-1.6457976,-2.4292014,1
16.0,11,-4.4008517,-3.1257713,-6.5248036,1.102194,0.42240888,4.0900884,-2.2616992,0.9409491,-0.8784991,-5.5265193,6.736581,7.1879306,-3.612935,-1.5124621,-1.8102777,4.1944838,2.640298,-2.0363495,-4.294723,-4.5013027,0
16.0,11,-4.4024463,-3.1206546,-6.5269423,1.1036711,0.42485863,4.08374,-2.2548957,0.9226484,-0.8790357,-5.5314546,6.7444434,7.1831613,-3.6130576,-1.5111547,-1.8100544,4.206368,2.6302295,-2.0357652,-4.288917,-4.4989376,0
16.0,11,-4.3955007,-3.0303204,-6.547618,1.1563139,0.45092165,3.966591,-2.1471598,0.41829622,-0.8823993,-5.6227694,6.8854985,7.0801597,-3.656659,-1.4862089,-1.7861266,4.5168996,2.5222347,-2.011571,-4.1647015,-4.4638906,0
16.0,11,-4.3866415,-3.0263152,-6.5602407,1.1878694,0.37199754,3.9215999,-2.1496801,0.30335256,-0.8605691,-5.6279144,6.9692984,7.1042094,-3.653172,-1.4944323,-1.7605662,4.545416,2.504787,-2.0106688,-4.151516,-4.4714,0
16.0,11,-4.3849807,-3.0844624,-6.549447,1.1508744,0.3866947,3.978084,-2.2055054,0.6368658,-0.8793103,-5.569533,6.848311,7.1743526,-3.6206331,-1.5137365,-1.7950134,4.3438387,2.6180537,-2.0292532,-4.2245746,-4.4675965,0
16.0,11,-4.4051905,-3.1292684,-6.521377,1.0962728,0.4271174,4.1009827,-2.2655401,0.97098404,-0.87761027,-5.523088,6.7250857,7.189786,-3.6103592,-1.5107214,-1.8126545,4.181324,2.6369345,-2.0374177,-4.3011684,-4.501695,0
11.0,16,2.3293853,-3.1079705,-3.2728112,-0.12151404,1.4195293,0.75644785,-0.23221113,-1.2290486,-3.2040045,-0.9099206,0.55713016,0.19424483,-1.4013559,-3.0775192,-2.0513933,1.346514,12.63309,0.95125467,-2.8641953,-1.9606892,0
11.0,16,2.3291836,-3.1080196,-3.2726572,-0.12183167,1.4196284,0.7565258,-0.23216958,-1.2288818,-3.2040503,-0.90971833,0.55677813,0.19409601,-1.4011157,-3.0774953,-2.0512958,1.346432,12.633185,0.9515431,-2.8641508,-1.9604886,0
11.0,16,2.3271255,-3.1103063,-3.2813044,-0.11899425,1.4211959,0.76492643,-0.23087879,-1.2297978,-3.2053733,-0.9177038,0.5665984,0.19643776,-1.4039708,-3.0769737,-2.0539813,1.3501265,12.628962,0.94541055,-2.8661585,-1.9646255,0
11.0,16,2.3288703,-3.1097324,-3.2813454,-0.11723085,1.420256,0.76344705,-0.23162405,-1.2301544,-3.2047858,-0.9181287,0.56747377,0.19764245,-1.4055185,-3.0771487,-2.0542698,1.3502636,12.628749,0.9436686,-2.866331,-1.965361,0
11.0,16,2.3295379,-3.1083198,-3.274511,-0.12085228,1.4195496,0.75748324,-0.23218279,-1.2285995,-3.2041757,-0.9114815,0.5590232,0.19467703,-1.4021486,-3.0776246,-2.0518007,1.3472574,12.632235,0.9496454,-2.864553,-1.9612154,0
11.0,16,2.3290749,-3.1080859,-3.2728922,-0.12171699,1.4196398,0.7568078,-0.23215096,-1.2289867,-3.2040708,-0.909937,0.5570507,0.19428763,-1.4012096,-3.077436,-2.0513878,1.346527,12.633087,0.9513375,-2.8642244,-1.9606512,0
5.0,5,-3.248196,-1.8464103,-2.7679117,-3.028034,-1.2748398,12.3705635,-3.2740276,-1.4293549,1.067852,1.0879048,-1.4985038,0.2711093,2.4453251,-0.46224496,1.8013945,2.98058,-0.93875134,-0.6211062,-3.352743,-3.767027,1
5.0,5,-3.2475843,-1.8454624,-2.7685478,-3.028144,-1.2718911,12.3718405,-3.2732456,-1.4298573,1.0669997,1.087601,-1.4982014,0.2692754,2.444852,-0.46279213,1.8021818,2.9798608,-0.9405129,-0.6195997,-3.3531094,-3.7671838,1
5.0,5,-3.2387578,-1.8345993,-2.7713547,-3.0062177,-1.2553297,12.389882,-3.2473323,-1.4239584,1.0548879,1.07706,-1.4913402,0.2645171,2.4573426,-0.46204028,1.7721868,2.9385095,-0.96118134,-0.5946559,-3.3677678,-3.7785788,1
5.0,5,-3.2315,-1.833912,-2.7724588,-2.991782,-1.2516242,12.397162,-3.2328675,-1.4299878,1.0516175,1.07225,-1.485985,0.2618015,2.468978,-0.4588989,1.7426355,2.9194534,-0.9626381,-0.5837781,-3.3757749,-3.7830286,1
5.0,5,-3.2391,-1.8458698,-2.7701185,-3.0063486,-1.2710011,12.380863,-3.2514327,-1.4370093,1.0608054,1.0818356,-1.4930055,0.26918995,2.4613132,-0.45712176,1.761236,2.9533546,-0.9387768,-0.6062635,-3.3620784,-3.7744207,1
5.0,5,-3.2486665,-1.8464835,-2.768176,-3.0288224,-1.2744207,12.37074,-3.274015,-1.4286426,1.0673876,1.0880734,-1.4987203,0.27082384,2.444393,-0.4625077,1.8032136,2.981188,-0.93904686,-0.62139964,-3.3521347,-3.767075,1
6.0,6,0.4069795,0.09898816,-2.4456882,2.3239079,3.2127466,-0.81586826,12.762162,3.7420974,-1.4542904,-2.6802206,-0.5650679,-3.6699893,-0.05085835,-4.4973707,-4.2483807,-0.2794357,-1.1050674,-0.5520341,-1.3667413,-2.1421494,1
6.0,6,0.3972988,0.10629259,-2.4352343,2.2983098,3.198853,-0.83369607,12.755127,3.790606,-1.4530824,-2.6896875,-0.5789713,-3.6757464,-0.061131254,-4.4975405,-4.2225447,-0.2753044,-1.1005797,-0.5378746,-1.3626726,-2.1425152,1
6.0,6,0.3085813,0.20462434,-2.4669,2.253645,3.275445,-0.8255061,12.721255,3.690451,-1.4028854,-2.7198255,-0.62550175,-3.718215,-0.17617081,-4.496558,-4.0859413,-0.07362384,-1.2072037,-0.46074545,-1.4038,-2.0650415,1
6.0,6,0.2996441,0.23185773,-2.5002835,2.3110301,3.252267,-0.8448883,12.724115,3.542627,-1.3781842,-2.7240953,-0.60388446,-3.7235296,-0.18604252,-4.499212,-4.1041,-0.0143089,-1.2077562,-0.4346257,-1.3943058,-2.0057786,1
6.0,6,0.34551817,0.16513051,-2.5029187,2.2977486,3.2172542,-0.83658725,12.7511015,3.669619,-1.4395119,-2.7008753,-0.5989334,-3.707917,-0.1252219,-4.534753,-4.117981,-0.18061526,-1.1074536,-0.43257993,-1.3254238,-2.0213895,1
6.0,6,0.41168553,0.09122582,-2.451299,2.3297179,3.2316685,-0.79914194,12.765239,3.7283359,-1.4576441,-2.6753526,-0.5603518,-3.668151,-0.046957284,-4.4986477,-4.256117,-0.28205365,-1.110189,-0.562613,-1.3736271,-2.1476333,1
9.0,9,-0.48290122,-0.4576797,1.7918206,-1.6079519,-2.1139994,0.05815246,0.23066124,-2.492794,1.3216863,7.836698,-4.359905,-2.4212794,7.0631332,0.41493025,-0.6564039,-2.297224,-1.3327106,0.08680451,-1.3351758,-2.3118513,1
9.0,9,-0.45218122,-0.42715654,1.80144,-1.5599952,-2.1129198,-0.044825785,0.26588565,-2.5173345,1.3155077,7.8556743,-4.363606,-2.414291,7.02009,0.36777973,-0.64402527,-2.2839792,-1.3084035,0.107607484,-1.3508438,-2.2777543,1
9.0,12,-1.060606,-0.64185625,1.7661549,-2.3168888,-2.3086238,0.79351836,-0.039606843,-2.2218626,2.118303,7.1827946,-3.841322,-2.656088,7.713526,0.67556316,-1.0089531,-2.400177,-1.9757395,0.33831978,-1.5394905,-2.4072104,0
9.0,12,-1.7087831,-0.7812189,1.6431979,-2.8971539,-2.502365,1.8924407,-0.22314279,-2.2296689,3.0600283,6.6766167,-3.3477335,-2.8632097,7.9246492,0.87582403,-1.4509122,-2.4212239,-2.6206574,0.42687246,-1.6520063,-2.3966198,0
9.0,12,-0.97995454,-0.6138974,1.8848745,-2.2431324,-2.3613057,0.76707196,-0.14642157,-2.4098063,2.1785638,7.3635063,-3.9775376,-2.6305828,7.77667,0.85524887,-1.0462469,-2.4055552,-2.0450184,0.17028198,-1.5972376,-2.3573182,0
9.0,9,-0.46388072,-0.4647341,1.7836971,-1.5822217,-2.1035838,0.07549978,0.24770215,-2.513987,1.3036729,7.869477,-4.367453,-2.4202304,7.0292,0.37518445,-0.64756167,-2.2926307,-1.3138467,0.07678071,-1.3302325,-2.2996,1
17.0,10,4.3087163,-2.061919,-5.4442134,4.0374246,-0.049881756,-2.5764802,0.17126624,-3.2181077,-2.4192533,-3.8608468,8.221389,-0.3111543,-0.010578068,-3.9134116,-2.5430474,1.6256608,4.2783194,-1.3405554,-3.3708458,-2.9239092,0
17.0,10,4.3074145,-2.0622272,-5.4451866,4.037738,-0.050298586,-2.5759585,0.1711906,-3.2177172,-2.4188921,-3.861097,8.2232685,-0.31110343,-0.010023089,-3.9134157,-2.542875,1.6251165,4.2760687,-1.3406744,-3.370785,-2.9237392,0
17.0,10,4.2817326,-2.0700366,-5.45677,4.026541,-0.053135663,-2.5587606,0.17002107,-3.2259297,-2.4132001,-3.8750043,8.247805,-0.3109578,-0.0042426605,-3.909751,-2.5365498,1.647375,4.249943,-1.345913,-3.369578,-2.9242845,0
17.0,10,4.2808046,-2.066717,-5.455006,4.027552,-0.053302184,-2.5540345,0.1683143,-3.231524,-2.4094312,-3.880272,8.252096,-0.30871662,-0.014151039,-3.907235,-2.5355396,1.6560416,4.241118,-1.3470068,-3.370621,-2.9304209,0
17.0,10,4.299391,-2.0635278,-5.447675,4.0356503,-0.05230753,-2.5711613,0.17054854,-3.2218454,-2.4156673,-3.8663769,8.232638,-0.31078434,-0.00949824,-3.9116116,-2.5409453,1.633293,4.263822,-1.3424381,-3.3703072,-2.9249496,0
17.0,10,4.308236,-2.062406,-5.444565,4.037042,-0.049981967,-2.5767388,0.17110763,-3.2179093,-2.4194448,-3.8606746,8.22109,-0.31033573,-0.009887638,-3.9133894,-2.5430458,1.625459,4.2794056,-1.340684,-3.3709426,-2.9234405,0
17.0,17,-0.8890556,0.42062575,-1.047597,4.0554967,3.5492282,0.44845736,-1.7967106,-2.5625522,-1.0161806,-1.7386885,3.5219474,-2.2178552,-2.7463195,-2.2010436,1.3022287,-1.5506884,-0.41934645,10.506055,-5.173672,-1.5973502,1
17.0,17,-0.889925,0.43283606,-1.0448134,4.0522566,3.5703626,0.45617732,-1.7800145,-2.5757234,-1.0106566,-1.7421311,3.5065923,-2.213325,-2.7481828,-2.1994262,1.2981379,-1.5437431,-0.43963337,10.507003,-5.177391,-1.5909252,1
17.0,17,-0.9437741,0.21211247,-1.098412,3.7871687,3.488078,0.5035439,-1.9355667,-2.395043,-1.0061923,-1.6816638,3.7325747,-2.2855995,-2.709459,-2.2494452,1.3882146,-1.5625197,-0.2610178,10.497943,-5.2283487,-1.6267347,1
17.0,17,-1.007561,0.1897794,-0.9924838,3.5089474,3.329496,0.5951414,-2.1019018,-2.2303278,-1.0403627,-1.6582274,3.534302,-2.217108,-2.625672,-2.1360037,1.453879,-1.5705363,-0.0853832,10.704203,-5.131777,-1.6967337,1
17.0,17,-0.92327386,0.3302984,-1.0348402,3.8949554,3.471974,0.47516036,-1.9063302,-2.4477005,-1.0219368,-1.7089444,3.558241,-2.2365084,-2.7160017,-2.1888916,1.3532861,-1.5562209,-0.30534977,10.550537,-5.1703916,-1.6311786,1
17.0,17,-0.8876047,0.41703275,-1.0525312,4.059093,3.555368,0.44828182,-1.7924565,-2.5662649,-1.0157208,-1.7377019,3.5310545,-2.2208753,-2.7485766,-2.2064235,1.3017099,-1.5509729,-0.4202577,10.499955,-5.177477,-1.5954292,1
0.0,8,1.5820446,-3.3774605,-1.9551626,-2.5454035,-1.9186002,1.6211673,-2.9486203,-1.376321,8.368602,-0.799642,4.494204,-1.3368702,2.275935,-2.418181,-2.9821458,1.7402062,-1.8660185,-2.9192739,-4.9059405,-2.433804,0
0.0,8,1.5820014,-3.3776343,-1.9553242,-2.5452845,-1.9187291,1.6212672,-2.9485974,-1.3760505,8.368431,-0.7997927,4.494398,-1.3368442,2.2758913,-2.4181817,-2.982257,1.7401474,-1.8657163,-2.9193518,-4.905936,-2.4338617,0
0.0,8,1.6251972,-3.3685892,-1.9574082,-2.5370092,-1.9095869,1.6064755,-2.9319384,-1.4001683,8.347902,-0.80128825,4.492264,-1.354522,2.302615,-2.4309742,-2.98349,1.7417727,-1.8670443,-2.9258997,-4.907544,-2.4403172,0
0.0,8,1.6681807,-3.3632026,-1.9608159,-2.5264864,-1.901156,1.5928245,-2.9146447,-1.4107136,8.324508,-0.80536425,4.4931393,-1.3720237,2.3248427,-2.4446008,-2.9874182,1.7384664,-1.8639102,-2.9340696,-4.909867,-2.4481883,0
0.0,8,1.6395388,-3.3698242,-1.9601347,-2.5314233,-1.9080691,1.6031104,-2.9258351,-1.3946289,8.337398,-0.80489033,4.4957185,-1.360208,2.307062,-2.4360695,-2.9868848,1.7374595,-1.8616683,-2.9300518,-4.90884,-2.444472,0
0.0,8,1.5767736,-3.3777092,-1.9544927,-2.546964,-1.9196419,1.6227695,-2.9508495,-1.3765808,8.371826,-0.79871047,4.4938207,-1.3347689,2.273918,-2.4163675,-2.981301,1.7409381,-1.8670392,-2.9181027,-4.9056005,-2.4327228,0
2.0,2,-0.41952574,1.3685669,11.962691,-0.4658543,-1.6425966,-1.1951667,-2.4241645,0.51793814,2.3172288,2.264496,-5.388899,-1.0942962,0.8254684,5.088052,-1.8991514,-2.2303052,-2.3500519,0.23429152,-1.5495396,-3.0536828,1
2.0,2,-0.41947353,1.3684647,11.962727,-0.46596858,-1.6425825,-1.1951715,-2.4242098,0.517896,2.3171167,2.2646534,-5.388972,-1.0943657,0.825693,5.0880504,-1.8990563,-2.2303329,-2.3500023,0.2343007,-1.5495598,-3.0536947,1
2.0,2,-0.421208,1.3696191,11.961719,-0.46449956,-1.6431721,-1.1959556,-2.4244008,0.517994,2.3195794,2.264242,-5.3875155,-1.0931658,0.8215084,5.0903125,-1.901764,-2.2299178,-2.3516564,0.23379365,-1.5491667,-3.0535884,1
2.0,2,-0.42086595,1.3691286,11.9622,-0.46614066,-1.644015,-1.1961008,-2.423599,0.5191099,2.3235776,2.262656,-5.385177,-1.0942633,0.82394254,5.0869675,-1.9031073,-2.2303898,-2.3532252,0.23168749,-1.5483327,-3.0536723,1
2.0,2,-0.4195854,1.3692522,11.962588,-0.4655978,-1.6431376,-1.1954654,-2.4244652,0.5183428,2.3198323,2.2649064,-5.3873425,-1.0944,0.8235791,5.0868998,-1.8999978,-2.23042,-2.351187,0.2332206,-1.5497214,-3.0535536,1
2.0,2,-0.41961354,1.3686247,11.96263,-0.46572784,-1.6425861,-1.1951945,-2.4242415,0.5178811,2.3171964,2.2645502,-5.3889246,-1.0942152,0.8252123,5.088278,-1.8991903,-2.2302687,-2.350089,0.23436376,-1.5495734,-3.05368,1
14.0,11,-5.157417,-2.6667247,-1.9533997,-0.69373816,-2.486421,1.2233133,-4.831522,1.5403328,-2.8107371,1.7455347,1.3162737,9.1067295,-2.0531893,0.9860192,6.0618486,-1.08348,3.9916394,-0.84509104,-1.773512,-2.788666,0
14.0,11,-5.155117,-2.6675622,-1.9522295,-0.69862777,-2.4846787,1.2244629,-4.831848,1.5406793,-2.8108816,1.7480574,1.314312,9.099426,-2.051072,0.98590416,6.063245,-1.0837916,3.994374,-0.8439163,-1.7746155,-2.7900846,0
14.0,11,-5.1901345,-2.651503,-1.9484605,-0.64642346,-2.511323,1.1999038,-4.8172655,1.5318066,-2.8057075,1.7058408,1.3267634,9.203079,-2.0303195,1.0382414,5.96634,-1.1258466,3.96438,-0.8360631,-1.7627728,-2.7717812,0
14.0,11,-5.212911,-2.6421406,-1.9362284,-0.6241087,-2.536705,1.1893101,-4.811584,1.5298688,-2.8040614,1.6813003,1.3124285,9.26711,-2.0019956,1.0878533,5.900058,-1.1393096,3.945523,-0.8428041,-1.7570515,-2.7619174,0
14.0,11,-5.1934137,-2.6454484,-1.9456497,-0.6407778,-2.515657,1.203682,-4.820589,1.5366083,-2.8082294,1.7059326,1.3131063,9.208479,-2.0310562,1.0459738,5.9802237,-1.1160743,3.950658,-0.84720737,-1.7566726,-2.7739253,0
14.0,11,-5.1535277,-2.6691434,-1.9544183,-0.6988573,-2.4825697,1.2248396,-4.8327436,1.5405936,-2.8111641,1.7487673,1.3179215,9.096614,-2.0539858,0.97996575,6.0701513,-1.0815383,3.994445,-0.84443814,-1.7752936,-2.789959,0
8.0,8,-4.2609887,-3.4608774,-1.5176588,-3.4066525,-3.7367153,2.1463544,-6.5491214,2.956459,8.87373,3.3447127,2.8206463,1.7829105,1.4910076,-0.52074975,-0.11477548,-1.717556,-2.6074502,-2.1602004,-4.5109463,0.6742586,1
8.0,8,-4.2609305,-3.46123,-1.5175205,-3.4069302,-3.7330256,2.1518111,-6.544305,2.9737735,8.869139,3.331652,2.82384,1.7791636,1.489314,-0.5230759,-0.11959587,-1.7165048,-2.6118066,-2.1583734,-4.5126796,0.6728546,1
8.0,8,-4.201706,-3.4069314,-1.5521303,-3.3821788,-3.8276806,1.9582058,-6.580435,2.6005054,9.0336275,3.3841217,2.8853865,1.8441755,1.4945635,-0.49547544,-0.033565998,-1.7058207,-2.5438597,-2.1899362,-4.4973745,0.5829918,1
8.0,8,-4.1366405,-3.3541615,-1.5695648,-3.3631194,-3.8921976,1.8043593,-6.5803337,2.3114314,9.184886,3.37074,2.9482462,1.8630381,1.5091034,-0.48414198,0.0092981905,-1.686329,-2.5105853,-2.2070415,-4.4818625,0.4887207,1
8.0,8,-4.2089653,-3.4117498,-1.551734,-3.3854809,-3.8069048,2.0089061,-6.554611,2.7663977,8.976204,3.3157275,2.8855054,1.817999,1.4787779,-0.5083447,-0.063968986,-1.70804,-2.57645,-2.1819184,-4.5003586,0.594876,1
8.0,8,-4.261752,-3.4609394,-1.5174978,-3.406797,-3.7378917,2.1444085,-6.5513554,2.949594,8.875077,3.351439,2.8185947,1.7845387,1.4915854,-0.5195988,-0.112208694,-1.7184061,-2.6058948,-2.1606798,-4.510075,0.6758074,1
3.0,2,0.7672928,0.869798,11.828358,-2.5889335,-2.092081,-1.3098055,-3.534667,0.8788139,3.3537407,5.2242255,-4.593389,-2.006137,1.1634572,2.0962436,-0.74978656,-2.0845659,-1.5231321,-2.4831984,-1.5415944,-1.5148226,0
3.0,2,0.7675433,0.8688496,11.828645,-2.5892055,-2.0916781,-1.309507,-3.5341783,0.8790837,3.3534944,5.2231884,-4.5930133,-2.0063975,1.1646762,2.0957239,-0.7498865,-2.0843081,-1.5235419,-2.4833157,-1.5415696,-1.5147245,0
3.0,2,0.7650582,0.9278025,11.82281,-2.5590472,-2.1034737,-1.3008388,-3.534274,0.86669916,3.348174,5.231749,-4.6116347,-1.9816743,1.1271867,2.100984,-0.75155604,-2.0950472,-1.518705,-2.465734,-1.5645642,-1.5447959,0
3.0,2,0.7663091,0.96162206,11.822157,-2.5414886,-2.108429,-1.2983842,-3.5298395,0.86251825,3.3433712,5.2301626,-4.622951,-1.9708194,1.1093988,2.1030607,-0.7554079,-2.1021688,-1.5192891,-2.4560752,-1.5725143,-1.5584662,0
3.0,2,0.76765275,0.9098859,11.825929,-2.5673404,-2.0985832,-1.3024821,-3.5313408,0.8706426,3.347615,5.2268305,-4.6071167,-1.9902513,1.1428796,2.0971541,-0.75258946,-2.0923343,-1.5217718,-2.4714708,-1.5569112,-1.535238,0
3.0,2,0.76650745,0.86790997,11.827893,-2.5899549,-2.0920892,-1.3098382,-3.536026,0.87844086,3.3542144,5.225865,-4.5929675,-2.0061324,1.1632884,2.096952,-0.7488552,-2.0839777,-1.5222546,-2.4835284,-1.5416446,-1.5145582,0
4.0,7,-3.0507905,-2.1768212,-1.8880839,-1.78071,4.2823567,2.546603,-1.5706372,11.11117,-1.6418058,-1.3872416,1.595579,0.4462577,-0.9209098,-0.2505326,2.6049511,-2.069248,-4.228633,-1.4844774,-4.334114,-3.1913664,0
4.0,7,-3.057194,-2.173103,-1.8892789,-1.78209,4.2711797,2.5493789,-1.564429,11.114349,-1.6385217,-1.3933071,1.5918263,0.4536909,-0.9140899,-0.24452537,2.6052284,-2.0661333,-4.2361073,-1.4831958,-4.3404455,-3.196564,0
4.0,7,-3.0405836,-2.0894186,-1.8069224,-1.7108388,4.336617,2.5278552,-1.4484742,11.164218,-1.653048,-1.4703481,1.4970096,0.47178078,-0.8884408,-0.22487918,2.4300885,-2.1912358,-4.300243,-1.3405733,-4.2421637,-3.1984246,0
4.0,7,-3.0259776,-2.0607204,-1.7869228,-1.6475993,4.3354087,2.4679062,-1.3727721,11.226197,-1.6593742,-1.5321293,1.5164464,0.50240564,-0.9055561,-0.24928397,2.290077,-2.278486,-4.2967153,-1.2849836,-4.148506,-3.1687467,0
4.0,7,-3.0234766,-2.1424422,-1.8448442,-1.7337807,4.3672104,2.5183327,-1.5418216,11.111163,-1.6618491,-1.4105676,1.5740404,0.44398162,-0.9283755,-0.25662765,2.5147824,-2.151168,-4.246777,-1.4035776,-4.266181,-3.1714067,0
4.0,7,-3.049954,-2.1770916,-1.8856498,-1.7847002,4.292026,2.5540922,-1.5765465,11.103108,-1.642408,-1.3807033,1.5863684,0.44200477,-0.91943115,-0.24794358,2.6138802,-2.065148,-4.230332,-1.4853704,-4.339845,-3.1928957,0
3.0,3,-0.38083303,-0.17604472,-0.72249407,10.549919,-0.4650749,2.1342459,-0.34632012,-4.552455,-1.5224384,-0.08527391,-2.1178942,2.5684268,-3.138812,-2.837143,-1.8705782,-0.26842904,3.7476177,3.1799622,-3.1660094,-3.0175781,1
3.0,3,-0.3840521,-0.17311837,-0.73376745,10.546401,-0.464072,2.146681,-0.34308267,-4.557035,-1.5169941,-0.08280595,-2.1174142,2.5676506,-3.1382241,-2.8438597,-1.8659041,-0.2622242,3.7391543,3.1719513,-3.1652834,-3.0143402,1
3.0,3,-0.31515467,-0.17296688,-0.6458773,10.697578,-0.4053734,1.9186337,-0.27000952,-4.5441236,-1.568475,-0.10761528,-2.0280378,2.4733748,-3.183929,-2.7609339,-1.9664501,-0.38932896,3.6912646,3.2663076,-3.213951,-2.9901023,1
3.0,3,-0.3118177,-0.21789606,-0.55561,10.568567,-0.42586932,1.9590359,-0.39783168,-4.5274997,-1.5737793,-0.06004841,-2.1169105,2.4646976,-3.1597805,-2.7509408,-1.9258869,-0.37275615,3.8514862,3.3963015,-3.2228234,-3.0356371,1
3.0,3,-0.35662082,-0.21367742,-0.6875604,10.546321,-0.45921636,2.093329,-0.3598597,-4.5547056,-1.5192643,-0.050109126,-2.1113796,2.526974,-3.1454055,-2.8270931,-1.8967552,-0.28440443,3.7935905,3.2005959,-3.1747124,-3.013314,1
3.0,3,-0.382899,-0.17506005,-0.7302968,10.555344,-0.46622634,2.1343958,-0.33946812,-4.551915,-1.5238703,-0.0884116,-2.1137116,2.5743043,-3.1382134,-2.8376324,-1.8720973,-0.2686837,3.7427542,3.16815,-3.1636713,-3.0160677,1
17.0,17,-2.5106425,2.7075434,1.0590024,3.8075905,2.9133406,1.5955913,-4.963268,1.3850265,-1.8986841,-2.4506416,-2.866134,4.947789,-2.1221752,2.0001109,2.1526916,-0.717656,-3.9307497,5.6134768,-4.5456004,-3.571736,1
17.0,17,-2.5104127,2.7084942,1.0611626,3.8078809,2.9131327,1.5925697,-4.963199,1.3831499,-1.8992666,-2.4509733,-2.8669817,4.945632,-2.1229684,2.0012074,2.1531413,-0.7167934,-3.929399,5.6166863,-4.5444193,-3.5711918,1
17.0,17,-2.5143952,2.7038755,1.0360221,3.804869,2.9111576,1.629547,-4.964206,1.3980254,-1.8919959,-2.4486344,-2.8592875,4.957904,-2.1112719,1.988456,2.1530526,-0.72179776,-3.9498744,5.5924616,-4.5554748,-3.576264,1
17.0,17,-2.5132594,2.7014842,1.0355021,3.8064806,2.913517,1.624991,-4.963432,1.3962315,-1.8927405,-2.448992,-2.8554833,4.963928,-2.11408,1.9889264,2.149028,-0.72544795,-3.9447327,5.592571,-4.555826,-3.5759525,1
17.0,17,-2.5110052,2.7083929,1.0593574,3.8066435,2.9106903,1.5980288,-4.96186,1.3866175,-1.8970602,-2.4509127,-2.8681242,4.947513,-2.1200516,2.0009499,2.150885,-0.71897,-3.932828,5.614374,-4.5456023,-3.5718157,1
17.0,17,-2.5110698,2.7080622,1.059526,3.8066318,2.9123282,1.5973996,-4.963266,1.386616,-1.8981645,-2.4504113,-2.8678823,4.946293,-2.1209502,2.0001469,2.1535845,-0.7168663,-3.9325976,5.61279,-4.545588,-3.5719297,1
6.0,7,-1.2783558,-1.7412949,-0.53123087,-0.7844222,-0.85749096,0.8692123,6.6718273,11.077733,-1.0923425,0.5208468,-1.4526311,-0.5237026,-1.1045678,-1.6935271,-2.713618,-4.897344,1.7761794,-1.6223619,-2.3417575,-2.8999624,0
6.0,7,-1.2778351,-1.7450856,-0.531804,-0.78040475,-0.86122894,0.86395574,6.676881,11.079093,-1.0860114,0.5151151,-1.4406499,-0.5266126,-1.105294,-1.6895579,-2.7186344,-4.8965096,1.7640138,-1.6302761,-2.348275,-2.8957958,0
6.0,7,-1.2615373,-1.8006365,-0.612808,-0.77185416,-0.72733444,1.0012541,6.8088155,10.987409,-1.0585637,0.64284307,-1.5993853,-0.6093864,-1.052933,-1.8918786,-2.6790202,-4.7905245,1.7116535,-1.696942,-2.2779386,-2.800662,0
6.0,7,-1.2655227,-1.8222616,-0.6528909,-0.7739453,-0.7202147,0.99149173,6.8467,10.982587,-1.0418662,0.6295747,-1.584744,-0.6307003,-1.0488548,-1.9207237,-2.6845748,-4.75406,1.7135508,-1.717461,-2.2831488,-2.7680395,0
6.0,7,-1.2798598,-1.7843715,-0.5853545,-0.7928157,-0.7770218,0.92599654,6.7377295,11.057319,-1.0749606,0.5990093,-1.5493314,-0.59295315,-1.0696548,-1.8005226,-2.6744592,-4.8144045,1.7311784,-1.6797717,-2.3016636,-2.8020723,0
6.0,7,-1.2748857,-1.7370999,-0.52615756,-0.7776227,-0.857496,0.8717653,6.678108,11.073347,-1.0917379,0.51936555,-1.4488983,-0.5238547,-1.1009257,-1.689499,-2.7197216,-4.905962,1.7634473,-1.6235873,-2.344305,-2.909225,0
17.0,17,-3.3074048,2.1035638,-0.09632516,0.010596592,-0.0289336,0.050213613,-1.7982335,-1.9868655,-0.5891251,-1.8852359,-0.10850218,1.5566305,-2.3452315,1.6376748,0.3681085,-0.6692591,0.49440467,11.9195175,-2.7382267,-1.389432,1
17.0,17,-3.3042197,2.113668,-0.08991049,0.016849134,-0.01786977,0.055205304,-1.7943645,-1.9823374,-0.5901446,-1.8883542,-0.11078556,1.5450643,-2.3422675,1.6401529,0.37083542,-0.66989815,0.4656847,11.919411,-2.7440474,-1.3957422,1
17.0,17,-3.3149652,2.1715646,-0.1783193,-0.007057693,-0.17620748,0.15502334,-1.7873534,-2.1386404,-0.45202735,-1.8396583,-0.00014476152,1.5741374,-2.3628576,1.4982768,0.33090395,-0.70693576,0.50645065,11.935161,-2.7015142,-1.3930539,1
17.0,17,-3.3810716,2.1934512,-0.18732715,0.12198776,-0.4180834,-0.027341075,-1.8818187,-2.1490793,-0.4588556,-1.8711461,0.098375306,1.8894136,-2.4522552,1.5569172,0.255741,-0.77779794,0.6681235,11.912281,-2.6306565,-1.4204006,1
17.0,17,-3.3236673,2.1365259,-0.11806375,0.035290528,-0.12238903,0.033022612,-1.8071761,-2.048607,-0.5488182,-1.8755507,-0.074755795,1.6284643,-2.3716037,1.616656,0.33249974,-0.6863205,0.53361446,11.91822,-2.6990886,-1.384253,1
17.0,17,-3.303073,2.0988014,-0.09784897,0.00025056675,-0.015152752,0.062108167,-1.7948076,-1.985129,-0.5890867,-1.8829926,-0.11165678,1.5365102,-2.3381236,1.6341585,0.3744821,-0.6658196,0.48740888,11.920913,-2.7435508,-1.3874432,1
18.0,18,-2.5989146,-0.7951009,-1.5856483,-1.7441406,-2.1990633,0.38051584,-1.8176999,-1.805042,2.0027008,2.4731266,0.24369304,-1.6780379,-2.2336,-0.56713235,-1.5958178,-0.1415128,0.18582906,-0.28223997,12.111972,0.3423844,1
18.0,18,-2.6084778,-0.8068623,-1.5916442,-1.7450688,-2.1986413,0.3998154,-1.818338,-1.7935922,1.9959818,2.4889958,0.2587803,-1.6832347,-2.2438862,-0.5787683,-1.5960761,-0.14981355,0.19057824,-0.27726996,12.09835,0.3468931,1
18.0,18,-2.6578264,-0.8297526,-1.5976001,-1.7742575,-2.2759018,0.59151196,-1.8637497,-2.0130372,2.1656063,2.644754,0.37519196,-1.6798012,-2.1209788,-0.6823353,-1.6040968,-0.23905101,0.15060668,-0.20479411,11.930838,0.09320018,1
18.0,18,-2.5684226,-0.69128364,-1.5309342,-1.7771549,-2.2635865,0.37722075,-1.8513271,-2.06244,2.1973987,2.51737,0.13633569,-1.6418927,-2.089731,-0.5412662,-1.5832344,-0.11989942,0.113846466,-0.267193,12.099661,0.16355541,1
18.0,18,-2.571259,-0.7409862,-1.5529877,-1.7542144,-2.2119179,0.33475563,-1.8240448,-1.8673167,2.0463705,2.460597,0.16459821,-1.6697222,-2.1923678,-0.5273273,-1.5880499,-0.11565247,0.16243887,-0.28605214,12.146823,0.31854075,1
18.0,18,-2.5908632,-0.7916793,-1.5828264,-1.7411882,-2.1922183,0.3658323,-1.8142473,-1.795649,1.9924883,2.464793,0.23046733,-1.6804814,-2.236502,-0.5587831,-1.5963377,-0.13595648,0.18859418,-0.2875638,12.123264,0.35340676,1
16.0,16,-0.5854446,-2.81526,-1.925544,-1.0697014,-2.520392,-0.6381645,1.1511022,0.3742799,-1.8086973,0.26576754,-0.50380224,3.9879537,-0.9874969,-1.0889341,-2.6268334,-0.67294323,9.942998,-0.3262565,-0.8824563,-0.57803994,1
16.0,16,-0.58505845,-2.8145945,-1.9255496,-1.0681654,-2.5123663,-0.633319,1.1594357,0.38245374,-1.8100896,0.26408705,-0.5038341,3.9768012,-0.98969704,-1.0857121,-2.6309083,-0.67818195,9.932586,-0.32725257,-0.8846277,-0.584867,1
16.0,16,-0.606779,-2.8257391,-1.941419,-1.0901856,-2.539729,-0.64056253,1.108926,0.3259403,-1.7712971,0.2555598,-0.45481265,4.0273666,-0.9382998,-1.1038638,-2.6212728,-0.6679006,9.902378,-0.31736058,-0.8826659,-0.5615701,1
16.0,16,-0.5904127,-2.825048,-1.9472818,-1.0936114,-2.60154,-0.691946,1.0957596,0.29566044,-1.7592372,0.25885338,-0.47346705,4.093889,-0.9613883,-1.1533529,-2.5913274,-0.6101555,10.030921,-0.34237254,-0.85330576,-0.5062466,1
16.0,16,-0.5890071,-2.820203,-1.9305296,-1.0805751,-2.5631251,-0.66329825,1.1138966,0.33186305,-1.7918593,0.26412633,-0.48800173,4.0369925,-0.96570265,-1.1051304,-2.611284,-0.64481974,9.974715,-0.32865578,-0.8712782,-0.54672545,1
16.0,16,-0.58718836,-2.8153965,-1.9251529,-1.0692037,-2.5146747,-0.6337988,1.1527089,0.3768189,-1.8094674,0.26504317,-0.50209475,3.9819202,-0.984344,-1.0844238,-2.6294928,-0.6783663,9.931084,-0.32375336,-0.88562495,-0.5834555,1
7.0,7,-2.878863,-2.0502167,-1.5452046,-2.5367014,3.7187147,6.3221226,1.2731913,6.6750917,-0.7884566,-4.2256536,-1.2731963,-1.058472,-1.1953058,0.48239145,-3.1533556,5.2990274,-0.23912102,-2.8571818,-3.6804166,-6.041623,1
7.0,5,-2.9770703,-2.0135307,-1.5972394,-2.593558,3.5374455,6.537895,1.0269301,6.278146,-0.7385175,-4.122942,-1.2947778,-0.9362279,-1.2142925,0.50882494,-3.0590649,5.542029,-0.16467698,-2.8467946,-3.601128,-5.9478736,0
7.0,15,-3.0826745,-1.7941453,-1.6736865,-2.6278937,3.3240123,6.567387,0.18744837,4.232323,-0.8243699,-3.6636887,-1.544591,-0.5446653,-1.472054,0.44462708,-2.5320299,7.053509,0.31518507,-2.9280627,-3.2464128,-5.1966777,0
7.0,15,-3.2104821,-1.9388626,-1.689159,-2.7333848,2.8435607,6.5286922,0.0772129,4.839972,-0.757355,-3.7642922,-1.1929604,-0.6251896,-1.3449404,0.48336563,-2.583641,6.945759,0.1815852,-2.919127,-3.4560533,-5.285954,0
7.0,5,-3.2010634,-1.8805774,-1.6704942,-2.6867285,3.1323218,6.943462,0.5064252,5.430058,-0.7019755,-3.831046,-1.4645056,-0.61140734,-1.3023403,0.54031056,-2.8903131,6.131218,0.02571936,-2.879234,-3.3133729,-5.5473742,0
7.0,7,-2.8249445,-2.0577288,-1.5110205,-2.5110493,3.7882786,6.1970544,1.3780919,6.794559,-0.8122699,-4.2589774,-1.272935,-1.1181413,-1.1812603,0.46810946,-3.1830597,5.2386904,-0.2652989,-2.867815,-3.7069468,-6.0683937,1
11.0,11,-6.76869,-2.6790729,-2.2223237,-1.857805,-3.1543493,4.039323,-4.688727,-1.0545394,2.5865836,-2.7166238,3.2269635,11.690307,0.45402956,0.64427805,1.8219174,1.2147993,0.34905726,-0.3909963,-2.1755047,-3.9659314,1
11.0,11,-6.768995,-2.6791413,-2.2226107,-1.8606393,-3.154338,4.040176,-4.690355,-1.0543468,2.586252,-2.7158833,3.2246168,11.689501,0.45265096,0.64267063,1.826857,1.218102,0.3509063,-0.39180812,-2.1737685,-3.965472,1
11.0,11,-6.765646,-2.6765077,-2.2239513,-1.8374376,-3.1469932,4.031875,-4.6758847,-1.0563644,2.5808008,-2.725341,3.2428634,11.700417,0.46044156,0.6572197,1.7942483,1.1974568,0.331752,-0.3863371,-2.192265,-3.9692905,1
11.0,11,-6.764429,-2.677124,-2.216819,-1.8430538,-3.147622,4.0340195,-4.677091,-1.0594691,2.592412,-2.7235668,3.2423015,11.693861,0.46756935,0.65477854,1.7864833,1.1945157,0.33090246,-0.3847288,-2.1913512,-3.9693246,1
11.0,11,-6.7688,-2.6798573,-2.2203634,-1.853362,-3.1553063,4.038675,-4.6861033,-1.054872,2.5913432,-2.7158349,3.2350392,11.689472,0.45810232,0.64850885,1.8089852,1.2055577,0.34165227,-0.38897157,-2.1821682,-3.966759,1
11.0,11,-6.7688103,-2.6790168,-2.222716,-1.8586758,-3.153829,4.0400867,-4.6889267,-1.0545676,2.5864637,-2.7168553,3.2265751,11.689853,0.45411155,0.6440285,1.8228027,1.2158538,0.3488257,-0.3912212,-2.1754658,-3.9659474,1
6.0,7,-1.9474671,-0.68949217,-3.933663,-2.7586756,-1.6459357,0.77365685,5.892342,11.732164,0.44834343,-2.9164689,1.2049516,-0.8343294,-0.425582,-1.9018734,-1.033483,-1.0100462,-1.0508912,-2.8950398,-1.7499449,-4.5613384,0
6.0,7,-1.9361048,-0.69705504,-3.9320152,-2.749925,-1.6363482,0.788817,5.885369,11.732443,0.4518176,-2.9175565,1.2150731,-0.8368267,-0.44216666,-1.8919767,-1.046108,-1.0103762,-1.0503224,-2.9013338,-1.784829,-4.5835147,0
6.0,7,-1.6410317,-0.29640928,-4.140826,-2.4471936,-1.3178784,0.40437838,7.4767933,10.653794,0.58429146,-2.7833612,0.8773264,-1.3417554,-0.15062372,-2.6927094,-1.4693547,-0.7185553,-1.2427914,-2.9388967,-1.3586696,-4.2647324,0
6.0,7,-1.4918523,-0.10030727,-4.177798,-2.26598,-1.0944421,0.26472762,8.189957,10.134801,0.6005024,-2.745421,0.7010656,-1.6003361,-0.020449312,-3.031909,-1.6872442,-0.59575194,-1.3611469,-2.886843,-1.2092884,-4.135885,0
6.0,7,-1.6724162,-0.23976646,-4.1058893,-2.444323,-1.3258805,0.4329006,7.407391,10.799507,0.50024134,-2.830911,0.8434127,-1.2718333,-0.26960173,-2.5453355,-1.4505326,-0.70572686,-1.2395005,-2.9105914,-1.4435405,-4.3632307,0
6.0,7,-1.9524751,-0.71946067,-3.9400513,-2.7684054,-1.6557983,0.8028973,5.8582616,11.7456,0.45491305,-2.9100125,1.2248921,-0.8298155,-0.41516662,-1.8969065,-1.0294924,-1.0199647,-1.0519427,-2.9127307,-1.7540803,-4.561979,0
13.0,13,-4.2141356,-0.18864863,5.211619,1.5592645,-2.2871933,0.48413044,-2.5480454,-0.74491173,0.7483921,-1.4858681,-3.0072706,1.6358492,2.1258328,11.808586,-3.957196,-1.6686232,-3.2882054,0.84541756,-2.958899,-2.9057837,1
13.0,13,-4.2135277,-0.1885415,5.2131033,1.5589712,-2.2870326,0.4839342,-2.5481598,-0.7449015,0.7483961,-1.4852684,-3.0081046,1.6351476,2.1258898,11.808262,-3.9570422,-1.6688609,-3.2879498,0.84564126,-2.9587138,-2.9058845,1
13.0,13,-4.220115,-0.190811,5.19447,1.5590228,-2.288216,0.48617163,-2.5472538,-0.7461804,0.748213,-1.4936577,-3.0001357,1.6420385,2.131716,11.813285,-3.9585795,-1.664822,-3.2911024,0.8439342,-2.9602177,-2.9030929,1
13.0,13,-4.221993,-0.19185437,5.190592,1.5557122,-2.2882328,0.4864532,-2.547446,-0.7455578,0.7495908,-1.4974662,-2.9996579,1.6430541,2.1383579,11.815065,-3.958871,-1.6624919,-3.2934744,0.8418706,-2.9598475,-2.9005804,1
13.0,13,-4.216082,-0.18949004,5.206817,1.557461,-2.287342,0.48454708,-2.548128,-0.7449093,0.7492557,-1.4891268,-3.0058894,1.6372777,2.1302907,11.810283,-3.9575756,-1.6667366,-3.2900214,0.8442558,-2.958903,-2.903953,1
13.0,13,-4.2141933,-0.18863586,5.21157,1.5592504,-2.2871952,0.4841391,-2.548076,-0.7449177,0.7484327,-1.485901,-3.007252,1.635927,2.1258068,11.808594,-3.9571822,-1.6685785,-3.28824,0.8454466,-2.9589324,-2.9057565,1
8.0,8,-1.6853349,-2.2403836,-3.2825966,-1.5267372,-1.8968486,-4.092266,0.11445257,1.2034354,7.120131,-1.6459328,5.7888136,0.25379565,-2.52232,-4.7138042,-1.3379726,0.49419117,0.56800145,-1.7252578,0.7447884,5.8543773,1
8.0,8,-1.6851861,-2.245082,-3.2796829,-1.5282367,-1.8984342,-4.086935,0.11090778,1.2187129,7.120018,-1.6438249,5.7912655,0.25436065,-2.522792,-4.7158136,-1.3374438,0.4902442,0.56502604,-1.7254733,0.72959536,5.8530774,1
8.0,8,-1.551585,-2.1185832,-3.357931,-1.4294002,-1.8237749,-4.2053423,0.421951,0.9369743,7.184703,-1.6662962,5.705138,0.122871265,-2.5120366,-4.7764573,-1.4450544,0.5509147,0.5975577,-1.8253427,0.92960703,5.6466146,1
8.0,8,-1.4996147,-2.0440636,-3.416517,-1.3784631,-1.7840754,-4.2745967,0.558192,0.76021385,7.2085705,-1.6888549,5.6580133,0.057759933,-2.5097027,-4.790493,-1.4800195,0.5982046,0.61768025,-1.8747699,1.1097014,5.5460696,1
8.0,8,-1.5593393,-2.1406462,-3.330143,-1.4475514,-1.8451676,-4.194708,0.37094864,1.0234108,7.1674895,-1.6600287,5.716866,0.12542872,-2.522749,-4.772261,-1.4249998,0.5315664,0.58750534,-1.8155243,0.90434396,5.690031,1
8.0,8,-1.7026625,-2.247809,-3.2794666,-1.535731,-1.9028733,-4.084601,0.08468275,1.2130294,7.1126366,-1.6466975,5.7932944,0.26805836,-2.5218208,-4.702866,-1.3265171,0.49405307,0.5674073,-1.7144983,0.7473105,5.8789783,1
17.0,16,3.03697,-2.3080153,-2.5212405,0.023909885,3.0271692,0.680537,0.15557595,-2.0561917,-3.421525,-1.2012681,-0.6261298,-0.26251763,-2.235481,-2.4962401,-2.638238,3.0394258,11.653477,0.2797494,-2.8772135,-2.2812903,0
17.0,16,3.0361712,-2.3077884,-2.520945,0.023355056,3.0281968,0.6806006,0.15606251,-2.0572104,-3.421844,-1.2012905,-0.6266598,-0.2623448,-2.2350585,-2.4960992,-2.638149,3.040236,11.653286,0.28021574,-2.8769333,-2.2811098,0
17.0,16,3.0353959,-2.3074517,-2.5214348,0.023551453,3.0296674,0.68126297,0.15642539,-2.0587192,-3.4222,-1.2025808,-0.62582165,-0.2619255,-2.235879,-2.4956777,-2.6384149,3.0423589,11.65199,0.27965847,-2.8769274,-2.282055,0
17.0,16,3.0356636,-2.3074365,-2.5220444,0.024052907,3.029729,0.6809497,0.15640748,-2.05941,-3.4223669,-1.203366,-0.6241974,-0.26210865,-2.2362182,-2.4959097,-2.6384377,3.0431046,11.651388,0.2793029,-2.8771303,-2.2826567,0
17.0,16,3.0367665,-2.3077989,-2.5216525,0.02402081,3.0282044,0.68049943,0.15612763,-2.0580304,-3.4219513,-1.2022296,-0.62476724,-0.26273814,-2.2353365,-2.496381,-2.638367,3.0408664,11.65247,0.27978563,-2.8771865,-2.2819202,0
17.0,16,3.036685,-2.3080485,-2.5211368,0.023730535,3.0271397,0.6804624,0.15554857,-2.056096,-3.421536,-1.201068,-0.6264201,-0.2623589,-2.2353978,-2.4961975,-2.63811,3.0393653,11.653731,0.27987877,-2.8771482,-2.281066,0
2.0,2,-0.48547336,0.065453544,11.817315,-0.7420949,-1.7998365,-1.1522468,-2.4496984,0.6820064,1.8906441,2.4263875,-5.2851057,-1.6298754,3.0344865,5.661109,-2.2669425,-2.2719774,-2.780093,-0.5813073,-1.5237269,-2.644682,1
2.0,2,-0.4853829,0.06522672,11.817318,-0.7423624,-1.7998656,-1.1522124,-2.4497457,0.6819958,1.8907398,2.4267101,-5.285025,-1.629989,3.0350406,5.6608386,-2.2668822,-2.2720058,-2.7801368,-0.5815024,-1.5239,-2.644634,1
2.0,2,-0.4874366,0.066553354,11.816254,-0.73876476,-1.8007059,-1.1527017,-2.4498553,0.6817271,1.890672,2.4259017,-5.2843885,-1.6289728,3.0305443,5.6654224,-2.2687514,-2.2733421,-2.7813714,-0.5798358,-1.5240985,-2.64588,1
2.0,2,-0.48706302,0.06876995,11.816857,-0.7375966,-1.8000662,-1.1539702,-2.4491146,0.6823837,1.8905004,2.4232745,-5.286356,-1.6294467,3.0262666,5.6664643,-2.269157,-2.2724745,-2.7811284,-0.57911277,-1.520581,-2.6443634,1
2.0,2,-0.48600864,0.066546306,11.817378,-0.7403168,-1.8003703,-1.1527685,-2.450129,0.68206257,1.891501,2.4263306,-5.284133,-1.6294874,3.0306406,5.661699,-2.2671616,-2.272455,-2.7806382,-0.58049047,-1.5240537,-2.6454375,1
2.0,2,-0.48558393,0.0654411,11.817253,-0.7419746,-1.7998971,-1.1521991,-2.4497564,0.68196386,1.8906716,2.4264345,-5.284965,-1.629784,3.034388,5.6612334,-2.2669752,-2.2720587,-2.78015,-0.5812362,-1.5239189,-2.6448345,1
12.0,12,-3.3068833,-2.6554646,-0.6672379,-2.397355,-3.1237435,0.34243375,-2.743853,-1.2264894,1.3253847,-0.38249072,-0.82785255,0.16386403,11.659779,7.614316,-2.2215667,-1.0075419,-3.6638644,-2.6933582,-0.0028652437,0.07788948,1
12.0,12,-3.3054605,-2.6535575,-0.6651724,-2.4010165,-3.126173,0.33914354,-2.7459462,-1.2262297,1.3239138,-0.3829153,-0.8324983,0.16222008,11.658403,7.616083,-2.2206142,-1.0047792,-3.6619115,-2.6943252,0.00940356,0.08282179,1
12.0,12,-3.2503572,-2.7033308,-0.680003,-2.3983455,-3.010221,0.38928607,-2.6717553,-1.2240992,1.3435377,-0.29193652,-0.8094783,0.104010426,11.8115425,7.4057364,-2.177628,-1.0515006,-3.6912496,-2.6713123,-0.22204494,0.049825557,1
12.0,12,-3.205813,-2.7102218,-0.66765195,-2.4118,-2.9713387,0.3865895,-2.6401782,-1.2085673,1.3437687,-0.25533226,-0.82558346,0.044841453,11.886055,7.3040113,-2.1543741,-1.0648359,-3.6999469,-2.6657321,-0.2501787,0.043413706,1
12.0,12,-3.2530742,-2.6852498,-0.6665368,-2.400115,-3.04347,0.3662493,-2.684598,-1.2178178,1.3372284,-0.31478992,-0.8273122,0.10117738,11.784157,7.4497643,-2.1894636,-1.0439422,-3.680699,-2.6802797,-0.13395473,0.051376484,1
12.0,12,-3.3090854,-2.65606,-0.66921943,-2.3962178,-3.1243377,0.34359783,-2.7441583,-1.2273308,1.3267769,-0.38353032,-0.82477057,0.16611099,11.658833,7.614762,-2.2221258,-1.0075496,-3.6652472,-2.6932583,-0.0046410337,0.0769737,1
3.0,3,-1.0630105,0.8272281,-0.7912065,11.64366,-2.3170986,-2.3220472,0.1115544,-1.3553151,-1.5504955,-2.2516692,3.134591,5.5001893,-4.185227,-0.09554434,-4.7084503,-3.1117816,0.5385344,-0.04852327,-1.7707026,-2.9607186,1
3.0,3,-1.0580068,0.8302472,-0.78482336,11.645219,-2.3171668,-2.3246455,0.11194144,-1.3558292,-1.550532,-2.2476044,3.1254656,5.4961615,-4.185805,-0.094892204,-4.7096806,-3.1130762,0.54014826,-0.048855893,-1.7687486,-2.9607692,1
3.0,3,-1.0738845,0.78369355,-0.881813,11.637552,-2.297977,-2.3052676,0.12442018,-1.3570158,-1.5554111,-2.3179018,3.2865617,5.484004,-4.1726375,-0.13195097,-4.7028456,-3.0869603,0.5089212,-0.056597777,-1.8026218,-2.959858,1
3.0,3,-1.0498867,0.7932124,-0.9074945,11.643644,-2.2892833,-2.3092177,0.12954162,-1.3720446,-1.5552878,-2.3373573,3.32624,5.461634,-4.1673803,-0.15119225,-4.7075176,-3.0771012,0.49160516,-0.058616363,-1.8163552,-2.953456,1
3.0,3,-1.0934436,0.8131798,-0.84765,11.629739,-2.3148084,-2.306474,0.11280145,-1.3514998,-1.5483869,-2.3005636,3.22149,5.5214024,-4.175533,-0.09662914,-4.7034225,-3.0946848,0.50338817,-0.05632036,-1.7891924,-2.9611673,1
3.0,3,-1.067889,0.8236623,-0.78720516,11.641644,-2.3195934,-2.321519,0.11005555,-1.3526806,-1.5495867,-2.2459004,3.1280868,5.5046434,-4.1857667,-0.092777565,-4.7073927,-3.11386,0.541955,-0.049048923,-1.7681162,-2.9615955,1
12.0,12,-2.1031659,-2.673898,-0.24480532,-1.82027,2.391335,0.09188307,-1.1529243,-1.8855762,2.0044627,1.036001,-1.2046404,-1.2951497,11.575705,3.4285808,-1.2944423,-2.469523,-5.1076274,-1.5092791,-2.3631651,-1.3821326,1
12.0,12,-2.1031687,-2.6738927,-0.24479333,-1.8202739,2.3913474,0.091881216,-1.1529313,-1.8855679,2.0044563,1.036003,-1.2046483,-1.2951487,11.575698,3.4286,-1.294437,-2.469526,-5.107634,-1.5092802,-2.3631692,-1.382135,1
12.0,12,-2.1034265,-2.6739795,-0.24472946,-1.820494,2.3913736,0.09202926,-1.1534222,-1.8855835,2.004909,1.0362448,-1.2043498,-1.2949322,11.575543,3.4287107,-1.2942734,-2.4697175,-5.107814,-1.5092027,-2.3635776,-1.3821278,1
12.0,12,-2.1033182,-2.6740625,-0.24488981,-1.8204892,2.3912463,0.09206091,-1.1532986,-1.8856839,2.0049798,1.0362281,-1.2042947,-1.2950007,11.575687,3.428337,-1.2943124,-2.469642,-5.107652,-1.5092074,-2.3634717,-1.3820027,1
12.0,12,-2.1032207,-2.6739047,-0.24477403,-1.8203064,2.3913407,0.09189883,-1.1530076,-1.8855616,2.0044641,1.0360358,-1.2046357,-1.2950987,11.575675,3.4286919,-1.2944057,-2.4695385,-5.107647,-1.5092797,-2.363221,-1.382132,1
12.0,12,-2.10319,-2.6738906,-0.24478063,-1.8202825,2.3913527,0.09188488,-1.152962,-1.88556,2.0044684,1.0360103,-1.2046393,-1.2951318,11.575679,3.4286432,-1.2944285,-2.4695377,-5.1076546,-1.5092787,-2.3631997,-1.3821427,1
8.0,12,-1.6991279,-3.8312838,-0.4072693,-2.5735638,-2.2121644,0.037690464,-1.6278508,-1.6373945,1.0477338,2.686807,2.1044447,-1.6383967,12.282894,3.9401498,-2.8479834,-1.8880557,-2.4966042,-2.0504842,-4.2802057,-2.0304172,0
8.0,12,-1.698945,-3.831347,-0.40737075,-2.5735433,-2.2121248,0.03758823,-1.6277539,-1.6374809,1.0476894,2.6869998,2.104654,-1.6384503,12.282943,3.9395266,-2.8479044,-1.8879659,-2.4964666,-2.0505533,-4.2802744,-2.0302699,0
8.0,12,-1.7002897,-3.831584,-0.41060498,-2.5730743,-2.2113357,0.03757398,-1.6267338,-1.6362107,1.0462164,2.6811154,2.1053932,-1.6367897,12.283457,3.9440188,-2.8495784,-1.8872796,-2.4967048,-2.0497172,-4.2796326,-2.027352,0
8.0,12,-1.6998181,-3.8314028,-0.41130424,-2.5724704,-2.2102227,0.037225515,-1.625038,-1.635918,1.04588,2.678163,2.106614,-1.6369845,12.284999,3.9419568,-2.8500392,-1.8864688,-2.4977107,-2.0489442,-4.279668,-2.0260823,0
8.0,12,-1.6990266,-3.8313916,-0.4086022,-2.573091,-2.2113223,0.037278216,-1.6264561,-1.6370083,1.047175,2.6836748,2.1059248,-1.6382343,12.283798,3.9394157,-2.8485506,-1.887188,-2.4970188,-2.0498207,-4.2804475,-2.029018,0
8.0,12,-1.6991608,-3.831305,-0.40719938,-2.57353,-2.2121902,0.03768501,-1.6278361,-1.6374133,1.0478129,2.6867607,2.1046596,-1.6384066,12.282814,3.9400911,-2.8479571,-1.8880258,-2.4966774,-2.0504532,-4.2804174,-2.0306277,0
15.0,14,-3.3631275,-2.1766078,-2.0245185,-4.715345,-1.0810008,-0.44708195,-5.509205,0.91376275,-1.8185045,-0.521288,0.6556957,1.3838767,-2.1981583,-1.209374,10.885078,9.587929,1.6730338,-2.2705166,-1.6131111,-1.806988,0
15.0,14,-3.3610084,-2.1725817,-2.0205452,-4.719951,-1.0822742,-0.4485198,-5.513934,0.9160679,-1.8158151,-0.50860614,0.655464,1.3831847,-2.195811,-1.2108755,10.899185,9.568431,1.6726857,-2.2701871,-1.6133504,-1.8071349,0
15.0,14,-3.3477824,-2.1888373,-2.045768,-4.702867,-1.0243226,-0.44054818,-5.4905133,0.8918613,-1.8310285,-0.5632318,0.64883083,1.3345289,-2.2073982,-1.203075,10.835282,9.676715,1.6656382,-2.27156,-1.6337048,-1.8140081,0
15.0,14,-3.3375323,-2.2070932,-2.0749733,-4.6771483,-0.99395704,-0.45646304,-5.4639273,0.86305565,-1.844137,-0.61682874,0.6659011,1.305755,-2.2187521,-1.2034993,10.764908,9.77758,1.6720695,-2.2745495,-1.6450016,-1.8195515,0
15.0,14,-3.358142,-2.1905246,-2.051899,-4.6916366,-1.0610662,-0.45793623,-5.489304,0.88947386,-1.8319355,-0.565975,0.66965836,1.3696717,-2.206944,-1.2085284,10.830829,9.668896,1.6776602,-2.273376,-1.62066,-1.8101567,0
15.0,14,-3.364411,-2.1750474,-2.0232956,-4.7159715,-1.0804988,-0.443613,-5.510297,0.91554886,-1.8186151,-0.5210547,0.65186113,1.386127,-2.1986232,-1.2080913,10.88718,9.585954,1.6710968,-2.2704182,-1.61295,-1.8065209,0
17.0,17,-1.2113767,0.26193452,0.077520266,0.8238424,0.6478056,-1.4229274,-2.7709193,-2.1703506,-1.6220782,0.8980779,2.5633368,-0.37509203,2.202133,-1.172233,2.8020055,-2.5199895,-0.04104153,9.653278,-5.036917,-3.8685253,1
17.0,17,-1.2067685,0.27720374,0.091020346,0.8121183,0.65425956,-1.4117699,-2.7707012,-2.1658463,-1.6235309,0.90254635,2.5199018,-0.3811574,2.1972547,-1.1640494,2.8108191,-2.5124826,-0.039033428,9.668923,-5.036577,-3.862096,1
17.0,17,-1.1873477,0.11938426,-0.058736045,0.804717,0.6202678,-1.4475766,-2.7699506,-2.2779915,-1.5521773,0.896819,2.9611907,-0.42998147,2.2415369,-1.3348851,2.6927612,-2.5153923,-0.030172728,9.5660305,-5.05319,-3.8399496,1
17.0,17,-1.1753066,0.06735046,-0.07367183,0.79589623,0.59998345,-1.4659418,-2.76931,-2.313562,-1.5367732,0.92167073,3.0489209,-0.44166797,2.2951715,-1.3782656,2.6697218,-2.519407,-0.030883327,9.513199,-5.0539265,-3.8548744,1
17.0,17,-1.2038605,0.15467034,-0.0136714745,0.8289942,0.6123165,-1.463187,-2.7727535,-2.2521157,-1.5726502,0.8951558,2.86982,-0.40046173,2.2745042,-1.2679349,2.7304456,-2.5266566,-0.08215187,9.555129,-5.0493593,-3.8717198,1
17.0,17,-1.2114134,0.26814306,0.08377324,0.82211435,0.65100074,-1.419914,-2.771712,-2.1644948,-1.6253831,0.9012097,2.541725,-0.37450305,2.1977777,-1.1684852,2.809161,-2.5198638,-0.035497025,9.65937,-5.036477,-3.8671846,1
1.0,1,-1.8039119,10.016183,4.572218,0.6915584,-3.5172987,-1.8159224,0.36511448,-0.6717152,2.3401968,-0.8468474,-3.820669,3.642812,-2.361813,3.5474663,-2.9205887,-2.2800992,-1.8494858,1.3258799,-1.24013,-2.9419425,1
1.0,1,-1.8044827,10.010008,4.5851855,0.6828245,-3.5179338,-1.8170108,0.36234808,-0.6707176,2.3469691,-0.8451891,-3.8216007,3.6365771,-2.3546052,3.5498145,-2.922395,-2.2809634,-1.8504436,1.3231466,-1.2401797,-2.9418018,1
1.0,1,-1.7213042,10.118456,4.468174,0.8400539,-3.4917154,-1.8252318,0.41694632,-0.6796809,2.2823684,-0.86063886,-3.8207366,3.652384,-2.4511495,3.4696198,-2.9082594,-2.2668116,-1.9170951,1.3294185,-1.2486615,-2.939288,1
1.0,1,-1.6764977,10.207644,4.3215766,0.9219845,-3.4751296,-1.8174291,0.46937895,-0.7085778,2.2471182,-0.8737621,-3.7958395,3.6605961,-2.513663,3.406924,-2.8926516,-2.2477665,-1.9502615,1.355045,-1.2657379,-2.9321966,1
1.0,1,-1.7847605,10.100755,4.41929,0.8066389,-3.5100012,-1.7958169,0.38556737,-0.67981976,2.2713783,-0.86481524,-3.7951016,3.7131882,-2.445964,3.513377,-2.8888738,-2.2678537,-1.8878895,1.3477709,-1.2637228,-2.944823,1
1.0,1,-1.8206005,9.994024,4.599345,0.6772765,-3.5232573,-1.8163445,0.35052863,-0.66400796,2.344157,-0.84624034,-3.824932,3.6512818,-2.3517687,3.5676103,-2.923091,-2.2837224,-1.8401157,1.3210883,-1.2366755,-2.9452307,1
6.0,6,0.0023758262,-1.5375439,-1.1254773,1.073138,8.030417,5.1155133,8.356414,5.769511,-2.1345742,-0.4015746,-2.3115902,-2.360425,0.3822657,-2.9352489,-3.6506488,-3.558945,-2.6631,-1.5020499,-3.2081246,-4.61269,1
6.0,6,0.0074049532,-1.5330756,-1.1221347,1.0846472,8.0444565,5.1035576,8.363787,5.748897,-2.1328912,-0.40668786,-2.3114884,-2.3645494,0.3889841,-2.9350166,-3.6568012,-3.5569012,-2.672798,-1.5012592,-3.20533,-4.607287,1
6.0,6,-0.08854714,-1.5942551,-1.1779747,0.94941956,7.699322,5.2790947,8.381542,6.061399,-2.1246564,-0.34056783,-2.2950518,-2.3207057,0.38332328,-2.9800763,-3.5783188,-3.6172864,-2.614783,-1.5298923,-3.1925418,-4.6197057,1
6.0,6,-0.12925668,-1.6264259,-1.2023845,0.8638893,7.5405545,5.3553953,8.378302,6.2305126,-2.132796,-0.31811613,-2.3058224,-2.2981896,0.39352056,-2.9945517,-3.5250099,-3.64507,-2.5659883,-1.5323492,-3.1875865,-4.6284976,1
6.0,6,-0.0648251,-1.5962677,-1.1650926,0.93814385,7.7957172,5.2686644,8.329984,6.0274615,-2.1455557,-0.3408603,-2.3198109,-2.320865,0.37119266,-2.9571123,-3.5598984,-3.6009364,-2.5966713,-1.5148197,-3.2208447,-4.6247473,1
6.0,6,0.001781255,-1.5347631,-1.1245049,1.082469,8.03338,5.114428,8.362261,5.754786,-2.1298935,-0.40216345,-2.30855,-2.3618562,0.3820112,-2.9366004,-3.6583555,-3.5562124,-2.6719942,-1.5057179,-3.2040024,-4.6088223,1
8.0,7,2.6096606,-1.671895,-4.0520625,-0.7355201,-2.1952558,-0.91039574,5.2351007,7.1525197,3.5105367,-2.7255936,2.8131168,-2.0883114,-0.5385268,-4.2032876,-3.9990332,-0.16786718,0.68610823,-4.26939,-2.4974258,-3.75697,0
8.0,7,2.6092038,-1.6841435,-4.046631,-0.73849785,-2.1984415,-0.8972374,5.2139597,7.165496,3.5149162,-2.7231107,2.816826,-2.0863667,-0.5385505,-4.198977,-3.998174,-0.17466812,0.68466926,-4.269989,-2.5050986,-3.7593987,0
8.0,7,2.665773,-1.3911941,-4.1208844,-0.6214929,-2.0417309,-1.245072,5.886361,6.7571764,3.4128056,-2.7414165,2.7022564,-2.187449,-0.519544,-4.3735642,-4.0803766,-0.040378645,0.7025883,-4.2658377,-2.317468,-3.6538045,0
8.0,6,2.6068053,-0.9827183,-4.2124634,-0.54633164,-1.93054,-1.5569749,6.5119905,6.396404,3.3090384,-2.7999668,2.5188525,-2.2231715,-0.5231421,-4.4541764,-4.1179743,0.121331215,0.66816306,-4.1716557,-2.120667,-3.583796,0
8.0,7,2.664152,-1.3647681,-4.1071334,-0.61612856,-2.049797,-1.2139004,5.8763266,6.831951,3.3818636,-2.759827,2.6688845,-2.1886468,-0.5352626,-4.3391557,-4.079981,-0.048396707,0.6827482,-4.2537346,-2.330191,-3.702824,0
8.0,7,2.602326,-1.6874399,-4.0501647,-0.7434088,-2.2063646,-0.89454293,5.195378,7.1659956,3.522749,-2.7233531,2.8231735,-2.0793338,-0.5376254,-4.1947656,-3.9920948,-0.1746535,0.68442994,-4.268879,-2.5060685,-3.7588663,0
18.0,18,-1.6829484,-0.3098926,-0.9739792,-1.6031348,-2.3102384,-0.61569995,-1.2031121,-0.88193184,1.1750332,1.0518048,-1.6627977,-1.1912811,-1.0751224,-0.14588773,-1.3203747,0.5548105,0.010621119,-0.5650987,13.285437,0.012444805,1
18.0,18,-1.6847632,-0.31070426,-0.979275,-1.6017897,-2.3105798,-0.6167569,-1.1995863,-0.8770564,1.1630555,1.0602368,-1.6684289,-1.1959316,-1.0989567,-0.13984695,-1.317704,0.5633597,0.024122432,-0.5658137,13.286339,0.030227799,1
18.0,18,-1.7135975,-0.33218762,-0.96567446,-1.6753213,-2.3509302,-0.53962064,-1.1805474,-0.8792002,1.4116199,1.0666962,-1.5843362,-1.1887808,-0.97080123,-0.3475997,-1.3409652,0.50518954,-0.092280515,-0.606703,13.256265,-0.038285267,1
18.0,18,-1.6851926,-0.28904584,-0.8492,-1.7263134,-2.3715668,-0.57342404,-1.3600262,-0.92882967,1.5255138,1.072247,-1.5965726,-1.1547269,-0.7746119,-0.2767273,-1.3159065,0.4041536,-0.2405949,-0.5940742,13.260489,-0.12541914,1
18.0,18,-1.6790559,-0.29515755,-0.9243709,-1.6418982,-2.3332381,-0.6044844,-1.265706,-0.8842605,1.2773283,1.0618161,-1.6461111,-1.177959,-0.9909274,-0.17623083,-1.3154495,0.49994445,-0.06636155,-0.5692609,13.280126,-0.04365722,1
18.0,18,-1.6824186,-0.30922434,-0.9737832,-1.6021544,-2.3091617,-0.61783534,-1.2039349,-0.88176775,1.170778,1.0513602,-1.664745,-1.1913116,-1.0757517,-0.14157537,-1.3195748,0.5551596,0.011395134,-0.56374866,13.286125,0.013273176,1
14.0,14,-3.1707666,-0.6512226,-2.5793686,-3.5126393,-1.5672318,1.0631431,-4.590806,0.98225445,-1.8273221,0.9895126,2.5914562,2.8140981,-2.860541,-2.9791074,12.05969,2.5558195,1.5484278,-0.57229733,-0.26820672,-1.8632684,1
14.0,14,-3.1707263,-0.6510005,-2.579852,-3.5134451,-1.5675467,1.0629201,-4.590773,0.9811894,-1.8268533,0.99201125,2.5899086,2.8123965,-2.860541,-2.978732,12.060155,2.5571454,1.5477359,-0.5726173,-0.26859003,-1.8625041,1
14.0,14,-3.180185,-0.65329385,-2.5949605,-3.4998646,-1.5692458,1.0844202,-4.591977,0.9815473,-1.8338068,0.97314954,2.6227105,2.84096,-2.8616652,-2.987558,12.05192,2.5375593,1.536957,-0.56778896,-0.26692155,-1.8773924,1
14.0,14,-3.1834657,-0.6550299,-2.6018877,-3.4950843,-1.5707324,1.0899421,-4.592453,0.97889954,-1.8360127,0.971233,2.6352217,2.850029,-2.8629026,-2.9908328,12.048747,2.530156,1.534694,-0.56560636,-0.26751956,-1.8810338,1
14.0,14,-3.1760573,-0.6533689,-2.5910108,-3.5022,-1.5695933,1.0751414,-4.59198,0.9774385,-1.8305509,0.98521656,2.6134648,2.8305943,-2.862473,-2.9862711,12.053582,2.5409393,1.5419289,-0.56893027,-0.26600832,-1.8720396,1
14.0,14,-3.1699657,-0.65064746,-2.577726,-3.5137737,-1.567045,1.0626009,-4.590859,0.98279506,-1.8266752,0.9901181,2.5878706,2.8114915,-2.859921,-2.978139,12.060669,2.558115,1.5476136,-0.5732466,-0.2675695,-1.862871,1
10.0,9,-2.2516584,-2.6834972,-0.22027168,1.7108688,-4.962851,-1.0548201,-3.8900867,-0.7618436,1.9570571,7.6599407,7.143047,-0.61565816,-1.9426584,-0.95999867,-0.43702248,-2.718501,-0.7114743,-1.2629644,-3.075805,-3.4447997,0
10.0,9,-2.249684,-2.6830542,-0.21695401,1.7102152,-4.9623237,-1.0560489,-3.891563,-0.7613153,1.9567896,7.663021,7.139808,-0.6173131,-1.9430181,-0.9608268,-0.43519205,-2.7190368,-0.7105871,-1.2630739,-3.0756612,-3.4437497,0
10.0,9,-2.265076,-2.6847396,-0.2590223,1.7192922,-4.9636626,-1.0485611,-3.8713734,-0.7641997,1.9655212,7.6308823,7.1810517,-0.605688,-1.9374146,-0.955826,-0.46303907,-2.7250369,-0.73122406,-1.2589347,-3.0758724,-3.4430442,0
10.0,9,-2.2636669,-2.687372,-0.27865744,1.7156208,-4.962566,-1.0501026,-3.8697834,-0.7650745,1.9676356,7.6246614,7.1988664,-0.6101113,-1.9321381,-0.9608205,-0.4663319,-2.7229464,-0.73478955,-1.2585679,-3.0771449,-3.4367714,0
10.0,9,-2.2564476,-2.6862826,-0.25045744,1.7083379,-4.96307,-1.0518552,-3.8821235,-0.76588583,1.9645106,7.6475906,7.1692386,-0.61590904,-1.9341611,-0.9608189,-0.4501648,-2.7163312,-0.7230285,-1.2645752,-3.0768652,-3.4391048,0
10.0,9,-2.2518013,-2.6835423,-0.2194278,1.7105638,-4.9627805,-1.0546726,-3.8900995,-0.76167715,1.956573,7.659592,7.1428113,-0.6156335,-1.942912,-0.9598238,-0.4363034,-2.718283,-0.71069777,-1.262706,-3.0760374,-3.4458618,0
9.0,9,0.5864556,-1.9779859,1.7778327,-2.1652632,-0.4431126,1.4256766,-4.8586416,-2.9802208,0.8555061,12.197194,-3.8299477,-2.3778832,0.9892429,0.06507191,0.98702943,-0.32243058,0.5862676,-2.9289901,-0.9269227,-0.24291736,1
9.0,9,0.5864591,-1.9779909,1.77783,-2.165263,-0.4431023,1.425672,-4.8586435,-2.9802225,0.8555043,12.197191,-3.829945,-2.3778858,0.9892454,0.06506848,0.98702884,-0.32242537,0.58626795,-2.9289935,-0.926931,-0.24290574,1
9.0,9,0.58641,-1.9780793,1.7778442,-2.1653302,-0.44307393,1.4259468,-4.858627,-2.9800923,0.8555072,12.197183,-3.8299892,-2.377928,0.9893079,0.064935535,0.9869269,-0.3225433,0.5862308,-2.9289262,-0.92674273,-0.242894,1
9.0,9,0.58639824,-1.978159,1.7778194,-2.1653554,-0.44298124,1.4260758,-4.858651,-2.9800806,0.85549176,12.197136,-3.8299809,-2.3779538,0.9893609,0.06487934,0.98686135,-0.3225769,0.5862133,-2.928904,-0.9266838,-0.24284205,1
9.0,9,0.5864518,-1.9780123,1.7778177,-2.1652682,-0.4430747,1.425717,-4.8586454,-2.9802208,0.85548913,12.197177,-3.8299336,-2.3778844,0.9892671,0.06505424,0.9870157,-0.3224365,0.58626276,-2.9289815,-0.9269302,-0.24291545,1
9.0,9,0.58645445,-1.977992,1.7778296,-2.1652637,-0.44310766,1.4256835,-4.858641,-2.9802198,0.8555027,12.197191,-3.8299444,-2.3778834,0.98924875,0.0650699,0.98702204,-0.32243258,0.5862649,-2.928989,-0.92692083,-0.24291494,1
3.0,3,-0.9974467,-0.83480674,-0.28900224,11.610864,-0.74376947,-1.3061228,1.8445989,-3.1580384,-0.9806827,-1.4615276,1.6730978,3.7666147,-3.345818,-1.2725986,-4.0064077,-1.0780951,0.16340931,0.92955774,-3.8779626,-2.0252197,1
3.0,3,-0.9991171,-0.83716947,-0.29114166,11.608603,-0.74368244,-1.3051016,1.8451444,-3.1597943,-0.981659,-1.4613683,1.673682,3.7715158,-3.3455715,-1.2734542,-4.0042152,-1.0778109,0.16752693,0.9295606,-3.8779328,-2.0240407,1
3.0,3,-0.9846582,-0.827136,-0.28362915,11.623909,-0.74076915,-1.3114169,1.8431771,-3.1470954,-0.9652105,-1.4630052,1.6911991,3.7002535,-3.3409588,-1.256815,-4.0307307,-1.0752255,0.11183317,0.9198779,-3.8884416,-2.0300534,1
3.0,3,-0.99134237,-0.8408831,-0.29850292,11.620716,-0.74122953,-1.310736,1.8400749,-3.1397185,-0.979729,-1.4744624,1.6958815,3.7233515,-3.3431418,-1.2626114,-4.02048,-1.0539329,0.12419604,0.91577214,-3.8890214,-2.0316973,1
3.0,3,-0.99838185,-0.83751106,-0.28916502,11.615454,-0.74771345,-1.3090167,1.8375217,-3.1409945,-0.9856836,-1.4687055,1.6855369,3.7635365,-3.3439932,-1.2655607,-4.0109224,-1.0740949,0.14757127,0.9189504,-3.8821044,-2.0314314,1
3.0,3,-0.9955126,-0.8346457,-0.28716677,11.6113615,-0.742997,-1.3055915,1.8466139,-3.1608694,-0.97659427,-1.4595085,1.6723108,3.7589047,-3.3439426,-1.2718655,-4.0101156,-1.0809052,0.16138856,0.9304383,-3.8773708,-2.0245094,1
18.0,18,-1.7973516,-0.5411143,-1.9363973,-1.7411749,-2.22297,-0.0016115755,1.8473761,-2.263779,2.6772902,-0.14674866,-0.6552042,-1.8534611,2.9264672,-2.809643,-1.6968966,0.91321146,-1.7017497,-1.2229363,11.649539,-0.6879068,1
18.0,18,-1.7980583,-0.5393249,-1.9367532,-1.7404845,-2.2222524,-0.0014177188,1.8458052,-2.2635105,2.6747906,-0.14338113,-0.65582114,-1.8490012,2.8997347,-2.8102353,-1.6951255,0.915764,-1.6908338,-1.2203317,11.660655,-0.6809354,1
18.0,18,-1.7867699,-0.5716627,-1.9435456,-1.7840629,-2.2374349,-0.0040442534,1.8694708,-2.2383425,2.736162,-0.16006246,-0.62761,-1.8998172,3.1488383,-2.8635666,-1.708664,0.8870767,-1.7985941,-1.25205,11.551261,-0.6604279,1
18.0,18,-1.7539403,-0.5740965,-1.9203935,-1.8163595,-2.2313728,0.06549156,1.8592722,-2.1865659,2.6888785,-0.14571077,-0.63090175,-1.9237834,3.1434572,-2.8930361,-1.7063,0.8702077,-1.7963579,-1.2260644,11.560632,-0.70903206,1
18.0,18,-1.7814765,-0.5473224,-1.9263756,-1.7642071,-2.2188802,0.04689998,1.8569952,-2.2254114,2.6583657,-0.14573666,-0.64513105,-1.8649622,2.9381635,-2.8465278,-1.6994512,0.8998287,-1.7062557,-1.2131839,11.639227,-0.7203443,1
18.0,18,-1.7974117,-0.54125696,-1.9365054,-1.7409897,-2.223216,-0.0024181046,1.8470037,-2.2644298,2.6775956,-0.14681202,-0.65552783,-1.853945,2.9291694,-2.808639,-1.696949,0.91317046,-1.7028078,-1.2232867,11.648797,-0.6878943,1
6.0,7,0.28777444,-2.2172832,-1.9705613,-2.9340992,2.090477,1.2732127,6.6693826,11.582502,-2.6851552,-1.9058297,-1.9316328,-2.6100104,0.109291404,-2.9797144,-1.706109,-1.1880699,3.0155497,-1.2577996,-2.0844264,-4.7261257,0
6.0,7,0.2718105,-2.2019994,-1.9855756,-2.9273295,2.0691404,1.2867429,6.7175455,11.584481,-2.675141,-1.9155762,-1.9264394,-2.6089053,0.10378471,-2.983569,-1.7123548,-1.1860868,2.9861672,-1.2727771,-2.0696623,-4.728729,0
6.0,7,0.30610418,-2.1139657,-2.1595905,-2.8604999,1.504122,1.4767814,7.2394447,11.253172,-2.6056085,-1.8306706,-2.0260878,-2.6489758,0.09859058,-3.208672,-1.9002903,-1.0127507,3.2731187,-1.495156,-1.6999303,-4.6868987,0
6.0,7,0.35992903,-2.0538983,-2.2674296,-2.8022206,1.2177643,1.5976045,7.629832,10.939473,-2.5235877,-1.7634603,-2.1063995,-2.6982992,0.13297632,-3.4012935,-2.0728147,-0.91270226,3.4180555,-1.6458807,-1.4341987,-4.6278605,0
6.0,7,0.24331841,-2.0782206,-2.2096412,-2.9125102,1.4660316,1.4402899,7.2169795,11.340417,-2.538338,-1.8720154,-1.9389037,-2.6420841,0.06925273,-3.2332618,-1.8157656,-1.0250163,3.1693172,-1.4693289,-1.7033321,-4.6467323,0
6.0,7,0.2691433,-2.2206125,-1.9503251,-2.9461074,2.1679764,1.2737658,6.621705,11.6070595,-2.6872597,-1.9148648,-1.9327177,-2.6098018,0.106328875,-2.9575105,-1.6811852,-1.2108535,2.9761496,-1.2192874,-2.1224086,-4.7230005,0
5.0,5,-3.695498,-1.7813646,-3.0365746,-3.031506,-1.2521696,12.422282,-2.7174382,-1.0597527,0.024757449,0.376298,-1.684711,0.565153,2.0379503,-0.29466307,2.8389108,3.3022344,-0.44414425,-0.41843143,-3.0848167,-4.1629233,1
5.0,5,-3.695354,-1.7792625,-3.0373845,-3.0326862,-1.2466602,12.424822,-2.7154403,-1.0601342,0.023879576,0.3754739,-1.684367,0.560899,2.0363271,-0.2949709,2.8403065,3.3013158,-0.4484712,-0.4158004,-3.085168,-4.1628094,1
5.0,5,-3.6744952,-1.7806422,-3.027801,-2.9616652,-1.23887,12.4771185,-2.6410503,-1.0787137,0.038292073,0.36054155,-1.650621,0.56514966,2.1027606,-0.28884286,2.6752927,3.159921,-0.45973134,-0.35499424,-3.1272748,-4.1928806,1
5.0,5,-3.6612952,-1.787666,-3.0180812,-2.9249651,-1.2472111,12.496501,-2.6129599,-1.1008246,0.055921696,0.35739282,-1.633865,0.57182044,2.1424997,-0.28274578,2.5787647,3.0978718,-0.45030636,-0.3297634,-3.1508033,-4.2064915,1
5.0,5,-3.677047,-1.7936225,-3.024891,-2.9740322,-1.2569036,12.451067,-2.6715221,-1.084695,0.038533892,0.3738264,-1.6659129,0.57506984,2.09217,-0.28831443,2.7142937,3.209967,-0.43119383,-0.3835224,-3.120722,-4.1853943,1
5.0,5,-3.6964672,-1.7812669,-3.037403,-3.0337374,-1.2507219,12.421625,-2.717649,-1.0576952,0.02208887,0.3759836,-1.6859041,0.56415236,2.0349011,-0.2950188,2.8452258,3.3058462,-0.4447562,-0.42014757,-3.082528,-4.1626472,1
6.0,6,-0.36090457,0.79412335,-2.8373816,-0.21124671,2.8779202,-0.81816196,12.548477,5.202058,-1.6558392,-2.3587856,-1.8895259,-2.2806768,-0.101052195,-3.857172,-3.6476455,0.34101883,0.54418576,-0.9433404,-0.78271264,-2.9160445,1
6.0,6,-0.36397782,0.7938241,-2.8359666,-0.20768483,2.8838587,-0.814976,12.549416,5.2032723,-1.6579962,-2.3605251,-1.8897979,-2.280315,-0.102014765,-3.8557205,-3.646178,0.33966494,0.53911334,-0.9394746,-0.78841424,-2.917754,1
6.0,6,-0.34743083,0.8622448,-2.8790011,-0.22122587,2.7176147,-0.81674343,12.563887,5.097627,-1.5294666,-2.3677697,-1.8220639,-2.276624,-0.11829057,-3.854861,-3.6937075,0.3839445,0.49280035,-1.0504012,-0.6787192,-2.9119139,1
6.0,6,-0.33033615,0.899109,-2.9007745,-0.21573655,2.6410317,-0.8383568,12.574193,5.0397944,-1.4879766,-2.369912,-1.788355,-2.2631807,-0.1368728,-3.8390982,-3.7226794,0.4042504,0.49508238,-1.1053647,-0.63369375,-2.9067938,1
6.0,6,-0.3472572,0.86321706,-2.8608806,-0.22310983,2.7551785,-0.8162401,12.563352,5.1047854,-1.5530324,-2.3674114,-1.8440199,-2.2798033,-0.10665491,-3.8472512,-3.6895275,0.3784526,0.48446047,-1.0248716,-0.69535935,-2.912623,1
6.0,6,-0.36630476,0.785507,-2.8372223,-0.21036671,2.889052,-0.8135448,12.546491,5.2036195,-1.6572305,-2.3581843,-1.8881142,-2.2857573,-0.09508377,-3.8646805,-3.6415567,0.33792418,0.5416898,-0.9345715,-0.7886703,-2.915686,1
17.0,17,-0.6073434,1.441693,2.1311197,5.6888194,0.23219961,-0.66568345,-2.865919,-2.6289961,-1.6472192,-1.3610438,-0.6664043,-0.6552185,-1.6713984,0.11784187,-0.2108671,-2.2018769,0.840421,10.663744,-3.4477763,-2.8878286,1
17.0,17,-0.60924554,1.4443256,2.1297326,5.6803412,0.23295933,-0.6623555,-2.86687,-2.631014,-1.6457571,-1.3563632,-0.67309225,-0.65357864,-1.6754346,0.1154872,-0.20526032,-2.1983628,0.84642196,10.668631,-3.445825,-2.885639,1
17.0,17,-0.6330626,1.4012868,2.056254,5.6410484,0.24696164,-0.6518612,-2.8679428,-2.6244483,-1.6444247,-1.3989536,-0.5096036,-0.6845347,-1.6393973,0.1014611,-0.19944051,-2.215531,0.78668815,10.699636,-3.4767108,-2.874336,1
17.0,17,-0.6250987,1.3715491,2.0372493,5.6635485,0.26250878,-0.6320341,-2.8933558,-2.627016,-1.6258042,-1.4129839,-0.42299315,-0.7022139,-1.5988419,0.06699532,-0.19688767,-2.2231848,0.70916045,10.680978,-3.5194712,-2.8790662,1
17.0,17,-0.5974237,1.4336599,2.137031,5.704928,0.20974618,-0.7144846,-2.8491774,-2.6200066,-1.6628473,-1.3767593,-0.64993393,-0.6677348,-1.6917382,0.12961373,-0.23943397,-2.2054994,0.89308816,10.656293,-3.4267101,-2.8817437,1
17.0,17,-0.6091179,1.4436799,2.1309803,5.6873374,0.23374806,-0.66131556,-2.8651686,-2.6288605,-1.6482741,-1.3593566,-0.6730438,-0.6525067,-1.6704988,0.11959268,-0.20859456,-2.2023509,0.8392737,10.664849,-3.4477553,-2.8897538,1
7.0,7,1.4194753,-4.0671964,-2.5597198,-2.6702151,-1.4054471,2.506156,-1.6941558,6.5437303,5.3291807,-1.5496715,3.2126496,-1.3852097,0.03396082,-2.5293326,-3.1351714,0.17602418,0.16071597,-3.7336347,-4.6356363,-3.3027453,1
7.0,7,1.417264,-4.0669265,-2.5595615,-2.6709714,-1.405424,2.5064154,-1.6928066,6.548995,5.3280673,-1.5498468,3.212176,-1.3845291,0.033581153,-2.5289266,-3.1342804,0.17345233,0.16007526,-3.7329679,-4.635476,-3.3032222,1
7.0,7,1.4843364,-4.071946,-2.560137,-2.6472807,-1.4076124,2.4867687,-1.681605,6.5106187,5.30961,-1.5425408,3.2146137,-1.4070061,0.05994335,-2.546084,-3.1478877,0.17856997,0.16898115,-3.7615154,-4.629233,-3.3104818,1
7.0,7,1.5143228,-4.0731325,-2.5605009,-2.6366382,-1.4093413,2.4765491,-1.6717945,6.498684,5.299377,-1.5405763,3.2148793,-1.4174894,0.06977251,-2.5546708,-3.154156,0.17981784,0.17418486,-3.7741318,-4.62554,-3.3142467,1
7.0,7,1.4963379,-4.070649,-2.5610268,-2.6435866,-1.4022729,2.4797993,-1.6640905,6.5269814,5.294177,-1.5469968,3.2115881,-1.4126991,0.0596617,-2.5516934,-3.1506534,0.17185955,0.17540513,-3.7639997,-4.627113,-3.3143077,1
7.0,7,1.4109082,-4.0671916,-2.5590074,-2.6731758,-1.4064158,2.5097456,-1.6991619,6.5441117,5.3340497,-1.5488607,3.2128208,-1.3818231,0.032169625,-2.526243,-3.133265,0.17629075,0.15755038,-3.7309725,-4.636555,-3.3012836,1
17.0,16,0.38264862,-1.4625188,0.7097543,-1.673796,1.2657442,0.51725876,-1.5639861,-1.660505,-2.56012,0.9589076,-3.0272222,-0.8834221,-1.1471205,-1.3571625,-0.16875646,0.8542519,10.080448,8.157085,-3.258534,-1.714323,0
17.0,16,0.39221624,-1.4627199,0.7048446,-1.6744612,1.2926991,0.52634394,-1.542766,-1.6504875,-2.5643203,0.9585767,-3.042311,-0.90829057,-1.1579728,-1.3650547,-0.17249067,0.859023,10.086164,8.141335,-3.2550273,-1.7198857,0
17.0,16,0.2851412,-1.4464405,0.7773053,-1.677798,1.0559583,0.48568332,-1.7867671,-1.7713683,-2.508137,0.9626497,-2.8633385,-0.7121783,-1.000695,-1.2761643,-0.100340545,0.7856774,9.885077,8.398463,-3.336931,-1.6725528,0
17.0,16,0.24491766,-1.4594985,0.7904867,-1.6622891,0.8885651,0.37086907,-1.8615006,-1.8330151,-2.49694,0.9588276,-2.807842,-0.54143345,-0.9472122,-1.2245204,-0.115224116,0.8082227,9.95123,8.387242,-3.3317168,-1.6339842,0
17.0,16,0.2856195,-1.4745469,0.75758547,-1.6733887,0.9907442,0.41636997,-1.7835515,-1.7776228,-2.518202,0.9637384,-2.858139,-0.6510349,-1.0027552,-1.2635458,-0.13316916,0.8223539,9.998981,8.313872,-3.3072495,-1.6508126,0
17.0,16,0.38725582,-1.4618944,0.70674145,-1.6744143,1.2855,0.52589923,-1.5538964,-1.6571536,-2.5627208,0.95809275,-3.0327616,-0.90004337,-1.1511297,-1.3624674,-0.1675736,0.8548258,10.075602,8.155799,-3.259624,-1.7181349,0
2.0,2,0.60086143,1.1462675,11.829928,-0.11517078,-1.7945758,-0.9746424,-3.097903,0.5906647,2.6304848,4.03279,-5.521963,-1.3071692,0.32567328,2.1214154,-0.19613016,-1.746086,-1.5947645,-1.5127163,-1.7883706,-2.4148731,1
2.0,2,0.6008641,1.1462779,11.829931,-0.11515708,-1.7945646,-0.9746566,-3.0978785,0.59067017,2.6304522,4.0327764,-5.5219793,-1.3071628,0.32567543,2.1214325,-0.19614074,-1.7460907,-1.5947665,-1.5127068,-1.7883577,-2.4148738,1
2.0,2,0.60093737,1.14627,11.830047,-0.11507493,-1.7944832,-0.9748168,-3.0976732,0.5907911,2.630205,4.032613,-5.5219636,-1.307155,0.32572028,2.1215498,-0.19629402,-1.7461878,-1.5947835,-1.5125794,-1.7882831,-2.4148755,1
2.0,2,0.6009811,1.1463692,11.830129,-0.114783704,-1.7944026,-0.9749874,-3.097492,0.59082246,2.629965,4.0324416,-5.522051,-1.3071569,0.32565156,2.1217449,-0.19648229,-1.7462804,-1.5948609,-1.51239,-1.7882049,-2.4148917,1
2.0,2,0.60087776,1.146255,11.829946,-0.11516288,-1.7945607,-0.9746748,-3.097865,0.59068644,2.6304433,4.03276,-5.521953,-1.3071715,0.32568827,2.1214366,-0.19616279,-1.7461042,-1.5947654,-1.5126953,-1.788355,-2.4148722,1
2.0,2,0.6008679,1.1462708,11.829935,-0.11515604,-1.7945647,-0.974661,-3.0978787,0.59067214,2.6304543,4.0327735,-5.52197,-1.3071686,0.32567677,2.1214345,-0.19614847,-1.7460935,-1.5947676,-1.5127039,-1.7883593,-2.4148738,1
16.0,16,0.8963887,-1.8674743,0.4576715,-1.2836267,-0.89379,0.25728217,0.54549843,1.9408656,-1.8809062,1.2140579,-3.9162836,1.4054507,-2.3200355,-2.114889,-1.6913857,-0.6822941,12.441045,2.7262743,-1.9580524,-2.1989973,1
16.0,16,0.8992507,-1.8655198,0.46241635,-1.2794776,-0.8909724,0.25633028,0.56359076,1.962414,-1.8874453,1.2142328,-3.918457,1.3976868,-2.3192992,-2.1105542,-1.6985242,-0.69698465,12.432435,2.7209938,-1.9648973,-2.21233,1
16.0,16,0.90230685,-1.8943698,0.46175912,-1.3167899,-0.89553076,0.28287393,0.46672052,1.8561105,-1.8190498,1.2365531,-3.936735,1.4090105,-2.3067968,-2.1600149,-1.6741651,-0.62399894,12.448169,2.7477083,-1.9290456,-2.1167493,1
16.0,16,0.90969855,-1.8959733,0.46640635,-1.3171525,-0.9068305,0.27230802,0.43336427,1.7796122,-1.812854,1.2319311,-3.9509468,1.4290879,-2.293935,-2.1507595,-1.6716536,-0.5645771,12.474554,2.726186,-1.9163467,-2.0854886,1
16.0,16,0.8961416,-1.890125,0.45821917,-1.3127873,-0.88190806,0.2846242,0.4947526,1.8900491,-1.8367015,1.2343532,-3.943006,1.3907354,-2.31767,-2.1468682,-1.677075,-0.6348175,12.443671,2.737637,-1.936031,-2.127943,1
16.0,16,0.89361274,-1.8656702,0.45367348,-1.2828019,-0.89303404,0.25757343,0.54743814,1.9431096,-1.8841548,1.2127616,-3.9120157,1.405193,-2.3204718,-2.114249,-1.6894734,-0.6870613,12.441715,2.7329936,-1.9587263,-2.2049642,1
18.0,18,-1.043304,0.11877787,-2.287102,-1.8911709,-0.62309086,-2.8376043,2.5812984,-1.1331292,0.9553035,0.57534224,-2.337404,-3.6870315,0.4863319,-0.346733,-2.686912,1.544496,-0.52291673,-1.6351863,11.615325,7.8436546,1
18.0,18,-1.0661707,0.12464528,-2.2401261,-1.9308555,-0.6678905,-2.84152,2.483393,-1.0579766,0.9322807,0.5640993,-2.3417726,-3.6358252,0.47950143,-0.2957449,-2.661601,1.5223556,-0.5019592,-1.6339389,11.644969,7.9655943,1
18.0,18,-1.1684537,-0.18422659,-1.684853,-2.1391475,-0.48541886,-2.7036068,2.2011244,-0.3913183,0.8867807,0.5570721,-2.2346964,-3.32996,1.2932338,-0.7217749,-2.8351555,1.0505332,-0.61090904,-1.7087201,11.214448,9.571181,1
18.0,19,-0.9944062,-0.5481549,-0.97138345,-2.3107038,-0.1434459,-2.6490645,0.5378523,-0.8885307,0.679449,1.0711569,-2.2133236,-2.9199858,2.1997268,-0.06314873,-2.6799312,0.7663465,-0.36269283,-1.9777862,10.231305,11.242175,0
18.0,18,-1.0099564,-0.044510122,-1.8545418,-2.0260446,-0.40468687,-2.8190377,2.1952348,-0.8736547,0.79824513,0.70543194,-2.3765872,-3.5624528,0.9646703,-0.42566362,-2.727742,1.2804592,-0.4876414,-1.6960716,11.274628,9.196623,1
18.0,18,-1.0372796,0.12518448,-2.278938,-1.8755199,-0.61937916,-2.8314605,2.5469596,-1.2082338,0.956403,0.5730357,-2.3454404,-3.6892312,0.52804476,-0.31140867,-2.6813986,1.5437926,-0.5408042,-1.6292251,11.6430235,7.778137,1
13.0,13,-5.328471,0.036015514,-0.27557284,-1.9272641,-4.164851,-0.6241254,-3.6342697,-0.73322475,-0.46520415,-1.5605859,-2.0264761,4.9796324,2.5529842,12.322565,-2.115565,-0.49936867,0.95110154,-0.7727293,0.12345599,-2.4418194,1
13.0,13,-5.323109,0.034817975,-0.2754677,-1.9297777,-4.1648126,-0.6235677,-3.6310267,-0.7351163,-0.45996425,-1.5619084,-2.022043,4.956754,2.5571804,12.326551,-2.1234026,-0.50514024,0.9501876,-0.76842326,0.12736958,-2.4434144,1
13.0,13,-5.3883657,0.018341828,-0.26383358,-1.9214908,-4.170658,-0.6145661,-3.6633518,-0.7227362,-0.46593657,-1.565389,-2.0465508,5.1761403,2.56645,12.287261,-2.0742002,-0.43513364,0.9171291,-0.833601,0.06931886,-2.4294667,1
13.0,13,-5.424278,0.025059592,-0.24321504,-1.9190334,-4.179482,-0.60712904,-3.6765375,-0.7167408,-0.45545837,-1.5736667,-2.0604336,5.280617,2.5857656,12.2757225,-2.0573685,-0.40367174,0.87213737,-0.8668042,0.038676247,-2.4230309,1
13.0,13,-5.375532,0.04183568,-0.25738835,-1.92076,-4.1669884,-0.6209514,-3.6604252,-0.7140029,-0.48850206,-1.5528059,-2.0565622,5.149608,2.5550675,12.296955,-2.0607157,-0.45503595,0.92427504,-0.82250863,0.08713815,-2.4249158,1
13.0,13,-5.3250217,0.032750163,-0.27800524,-1.9276471,-4.1630554,-0.62549347,-3.6328502,-0.7333949,-0.4671912,-1.5596509,-2.0252352,4.9696364,2.552129,12.323227,-2.1162913,-0.50043684,0.9552835,-0.7715214,0.12663417,-2.4414923,1
12.0,2,0.7220703,-1.2393557,9.945419,-2.2204018,-1.7739009,-1.1715207,-2.401427,-0.39225233,3.5224078,4.0322576,-2.2246833,-3.2424674,7.1053905,1.8381419,-1.888865,-2.1670787,-2.7270682,-0.852032,-4.6662,-3.4898572,0
12.0,2,0.722105,-1.239419,9.945283,-2.2204175,-1.7738886,-1.1715398,-2.4013388,-0.39228186,3.5223596,4.0322614,-2.2246401,-3.2425103,7.1056576,1.8380427,-1.8888891,-2.1670973,-2.727052,-0.8520405,-4.6662126,-3.4898386,0
12.0,2,0.72229546,-1.2398487,9.944226,-2.2205033,-1.7737893,-1.171684,-2.4009697,-0.39259595,3.5221086,4.0326715,-2.2240505,-3.2427552,7.106959,1.8375016,-1.8890611,-2.1670754,-2.7267776,-0.85205203,-4.666836,-3.4899127,0
12.0,2,0.7223713,-1.2403004,9.943348,-2.22058,-1.7734497,-1.1715727,-2.4004054,-0.39278072,3.5221524,4.032288,-2.223876,-3.242987,7.1089597,1.8370999,-1.8896374,-2.1673467,-2.7269883,-0.8521023,-4.6669135,-3.4895196,0
12.0,2,0.72212225,-1.2395658,9.94498,-2.220416,-1.7737434,-1.1714652,-2.4011147,-0.39230347,3.5223987,4.0320444,-2.2245202,-3.242563,7.106252,1.8379062,-1.8891569,-2.16719,-2.7270815,-0.8519938,-4.6663404,-3.4897356,0
12.0,2,0.72207534,-1.2393842,9.945358,-2.220403,-1.7738962,-1.1715382,-2.4013882,-0.39227086,3.5223627,4.0322638,-2.224676,-3.242477,7.1055126,1.8381357,-1.8888811,-2.167085,-2.7270565,-0.8520241,-4.6662145,-3.489852,0
15.0,14,-3.2394688,-3.3877249,-3.0280092,-4.336349,0.04774946,0.11328875,-4.8854613,1.0355991,-3.6952186,1.567242,-0.3875755,3.728055,-2.847421,-0.9187589,10.9381075,6.5727525,5.2780056,-1.961511,-1.5603844,-0.86554337,0
15.0,14,-3.2333534,-3.3873763,-3.0225618,-4.344975,0.06079077,0.11385561,-4.882903,1.03699,-3.6912904,1.5669723,-0.3848202,3.6911216,-2.8414338,-0.92362565,10.953088,6.5758686,5.261373,-1.961845,-1.5597882,-0.8670511,0
15.0,14,-3.24587,-3.429191,-3.099393,-4.2848935,0.028757304,0.13979208,-4.8723454,0.99781257,-3.7704577,1.5755501,-0.43602344,3.919444,-2.8910208,-0.88891864,10.775028,6.602977,5.4941897,-1.9275743,-1.6033233,-0.8470728,0
15.0,14,-3.2531095,-3.445379,-3.1366189,-4.275473,0.001634419,0.1461578,-4.8819857,0.97581047,-3.8029947,1.5750899,-0.4548707,4.0249176,-2.905372,-0.8439127,10.681411,6.609349,5.620891,-1.9011289,-1.6261882,-0.8442523,0
15.0,14,-3.2718668,-3.411968,-3.095855,-4.279304,-0.026238076,0.115972005,-4.8940225,1.0071566,-3.748635,1.5677577,-0.41074523,3.9760666,-2.8916433,-0.86244464,10.788943,6.576043,5.4544134,-1.9466366,-1.5841054,-0.8476935,0
15.0,14,-3.2354097,-3.3876941,-3.022841,-4.336685,0.055768937,0.11400464,-4.8817964,1.0378807,-3.6920772,1.5685133,-0.38633767,3.7063775,-2.8456106,-0.9284005,10.949953,6.574446,5.2623153,-1.9640409,-1.5585847,-0.86555713,0
6.0,6,1.3502655,-0.53760535,-2.0296037,2.2167392,5.889927,-0.11804604,11.679277,1.0787427,-1.1065215,-1.6804111,-1.9541522,-4.377344,2.250216,-4.5291176,-4.511736,0.010374397,-2.1595771,-1.713972,-0.83920187,-1.4548076,1
6.0,6,1.3602493,-0.5319024,-2.0133696,2.2159564,5.9192734,-0.1194217,11.665835,1.0764356,-1.1122779,-1.6771694,-1.9657944,-4.3810077,2.263594,-4.5182137,-4.5069914,-0.004148438,-2.1764636,-1.7115139,-0.8467809,-1.4635826,1
6.0,6,1.3670311,-0.5649477,-2.0935748,2.203315,5.740186,-0.21510774,11.785656,1.1955773,-1.1277272,-1.7009557,-1.8914336,-4.3246775,2.1341722,-4.6485543,-4.4934273,0.048363462,-1.9658934,-1.7126322,-0.83201677,-1.4222224,1
6.0,6,1.3291879,-0.593267,-2.1662986,2.1973565,5.6154466,-0.23606637,11.850419,1.2373321,-1.1137044,-1.726457,-1.8360132,-4.294648,2.0630903,-4.7001076,-4.5042944,0.10856907,-1.8677597,-1.7226936,-0.80859804,-1.3941714,1
6.0,6,1.3357983,-0.5558426,-2.0702975,2.2159035,5.789435,-0.12091381,11.733002,1.1029696,-1.0973098,-1.6743395,-1.9373431,-4.3539195,2.210831,-4.573691,-4.5317163,0.029145941,-2.0840595,-1.7247174,-0.7987202,-1.4016466,1
6.0,6,1.3502808,-0.53497475,-2.025819,2.2181635,5.895855,-0.11151784,11.675029,1.0735042,-1.1051432,-1.6781981,-1.9569594,-4.3801374,2.2530558,-4.5257745,-4.5118713,0.008375436,-2.1691544,-1.713365,-0.84009933,-1.4563155,1
8.0,8,-3.3739681,-3.333616,0.56859654,-3.2691402,-2.651123,-0.7579913,-3.703975,-3.3145897,9.262407,5.1345086,0.35367355,0.69593495,3.650695,-0.44909918,-2.46501,0.25675935,-1.3014196,-2.2753186,-3.2022464,6.422609,1
8.0,8,-3.3770576,-3.3335993,0.5671707,-3.2699237,-2.6513958,-0.75505763,-3.7065265,-3.3054602,9.264205,5.1310115,0.3562811,0.6970207,3.645264,-0.4497864,-2.4652956,0.2574376,-1.3049569,-2.2749994,-3.204092,6.4205375,1
8.0,8,-3.34285,-3.3243845,0.5497302,-3.2577224,-2.6325803,-0.7854072,-3.624462,-3.414617,9.225108,5.0919785,0.35097542,0.69052565,3.7527184,-0.4410789,-2.493441,0.2591043,-1.2771546,-2.258813,-3.1950915,6.468284,1
8.0,8,-3.3161356,-3.3097885,0.5399125,-3.2497811,-2.6242194,-0.7929978,-3.5805209,-3.458504,9.21148,5.070028,0.33502954,0.67924386,3.8105898,-0.4413759,-2.5051243,0.24212146,-1.2763621,-2.2456052,-3.1772995,6.5089793,1
8.0,8,-3.3558905,-3.323512,0.5532056,-3.261794,-2.6421103,-0.76672846,-3.65817,-3.351114,9.249099,5.0945473,0.35638946,0.6896006,3.7040725,-0.44879138,-2.4853384,0.2532682,-1.303302,-2.2617679,-3.1985893,6.4512596,1
8.0,8,-3.373711,-3.3340864,0.56874186,-3.2693536,-2.651669,-0.75831395,-3.703501,-3.3167272,9.2625265,5.1346908,0.35479322,0.6957354,3.6528094,-0.44854432,-2.4652817,0.25639144,-1.3013723,-2.2755363,-3.2027142,6.4214773,1
17.0,14,-2.8117416,-3.1605785,-2.7420504,-3.0235095,0.37753817,2.8722908,-4.5654073,2.7642465,-2.90749,0.1757059,1.0907896,-1.0520236,0.47101024,2.2594328,7.2893944,-0.2543077,3.2190444,1.776804,-3.788661,-4.6761193,0
17.0,14,-2.815485,-3.1611884,-2.7474232,-3.0276551,0.37683055,2.8672264,-4.5546803,2.7685018,-2.9066067,0.17084172,1.0958248,-1.066019,0.46911794,2.27416,7.272957,-0.25934726,3.2205603,1.7801702,-3.781611,-4.6761765,0
17.0,14,-2.846271,-3.1961784,-2.7129514,-2.8392997,0.46990895,2.8975043,-4.479066,2.6209035,-2.8961196,0.06335382,1.2145687,-0.9908989,0.78061545,2.4512355,6.8237524,-0.6271154,3.1715143,2.2139442,-4.046743,-4.7867093,0
17.0,14,-2.9074733,-3.19244,-2.6956549,-2.797823,0.41371486,2.9332342,-4.4611278,2.5853674,-2.894475,-0.021103913,1.2297515,-0.8756896,0.9236178,2.6343179,6.5742245,-0.794087,3.1960375,2.3794868,-4.108462,-4.8591886,0
17.0,14,-2.8434505,-3.177628,-2.71972,-2.909835,0.4166905,2.9141035,-4.54509,2.654305,-2.90099,0.09404807,1.1449924,-0.9706697,0.69106245,2.3854105,7.033991,-0.45268723,3.1770082,2.0291824,-3.9661207,-4.768243,0
17.0,14,-2.8019102,-3.166823,-2.74584,-3.0268824,0.3837225,2.863484,-4.565379,2.7666614,-2.9081655,0.18547839,1.0986329,-1.0652978,0.46070862,2.2367685,7.3073874,-0.24182083,3.2226615,1.7577691,-3.7834282,-4.666501,0
5.0,5,-2.1794512,-1.8765688,-2.7006495,-3.0416443,3.7509956,12.590365,-2.4443045,-1.1477529,0.9221322,1.4342049,-1.8020327,-1.0286275,2.7056537,-0.9386299,0.46606594,0.42736894,-1.8436605,-0.4589814,-3.3255136,-3.3609111,1
5.0,5,-2.177271,-1.8753686,-2.6987967,-3.0431864,3.7713847,12.585257,-2.4474044,-1.1496285,0.9198041,1.4321226,-1.8041495,-1.0324674,2.704621,-0.9397395,0.47385424,0.42595187,-1.8466752,-0.4563418,-3.3275657,-3.359725,1
5.0,5,-2.1561959,-1.8762687,-2.690498,-3.0155747,3.7945633,12.589386,-2.4255934,-1.1482775,0.9090726,1.4422117,-1.7735493,-1.0246991,2.710138,-0.9427951,0.4344417,0.3597922,-1.8555249,-0.43106657,-3.3695455,-3.372145,1
5.0,5,-2.1480956,-1.8830876,-2.697236,-2.9808497,3.7163882,12.622678,-2.3739872,-1.1509238,0.89719117,1.4436762,-1.7487875,-1.0035126,2.7216725,-0.93579173,0.3558833,0.3310419,-1.834141,-0.42780685,-3.3749003,-3.3872814,1
5.0,5,-2.1627717,-1.8894836,-2.7112403,-3.0013294,3.6996694,12.623156,-2.3798153,-1.1628402,0.89237666,1.4214447,-1.7816468,-1.0143347,2.7186582,-0.92832476,0.37848312,0.40616763,-1.8081306,-0.45627254,-3.3244605,-3.3718674,1
5.0,5,-2.1809173,-1.8765436,-2.7009764,-3.0433946,3.7477565,12.590503,-2.4457018,-1.1471449,0.9239146,1.4352891,-1.8030174,-1.0285763,2.704572,-0.93893856,0.46826273,0.429627,-1.8433365,-0.4606061,-3.3235328,-3.3602467,1
13.0,13,-4.2534494,0.2522068,2.2954338,0.32123157,-1.9982437,0.1357371,-2.3836787,-1.0605973,-1.0261403,-2.376299,-3.4890757,2.0183806,2.8344212,12.731852,-2.65202,0.10360265,-2.3304949,-0.30772528,-1.1796426,-2.8031018,1
13.0,13,-4.2534785,0.25208873,2.2956197,0.32084116,-1.9983379,0.13571356,-2.383866,-1.0604397,-1.0260273,-2.3762248,-3.4891272,2.0184317,2.8348022,12.731938,-2.6520276,0.10349675,-2.330427,-0.3078048,-1.1795979,-2.803075,1
13.0,13,-4.253896,0.25178728,2.2910097,0.32066882,-1.9972559,0.13667056,-2.3826535,-1.062181,-1.0261799,-2.376194,-3.4874203,2.0178523,2.8345,12.731895,-2.652151,0.104677625,-2.3309493,-0.30776626,-1.1800808,-2.80115,1
13.0,13,-4.2547536,0.25080273,2.290777,0.31509322,-1.997976,0.13704616,-2.3842175,-1.0612813,-1.0248127,-2.375784,-3.487157,2.017593,2.8384469,12.732959,-2.6519616,0.10456757,-2.330548,-0.3074578,-1.1793069,-2.8001735,1
13.0,13,-4.2534056,0.25237414,2.2948358,0.32079363,-1.9981397,0.13571644,-2.3833344,-1.060749,-1.026094,-2.3761544,-3.4890318,2.0181758,2.8346548,12.731955,-2.652121,0.10380134,-2.3306684,-0.30847174,-1.1791667,-2.802628,1
13.0,13,-4.253468,0.25212812,2.2952964,0.3213348,-1.9981829,0.13580032,-2.3836868,-1.0606654,-1.0261623,-2.3762934,-3.4889855,2.018396,2.8343785,12.731829,-2.6520145,0.10359935,-2.3304894,-0.307609,-1.179798,-2.8030713,1
3.0,11,-5.2130876,-1.8262953,-3.5571377,7.8742247,-2.920382,-1.0994604,-1.5777843,-0.9203804,-1.3160945,-2.1162114,4.9894423,9.942382,-4.001144,1.1419381,-1.4809868,-1.704884,1.1129227,0.429384,-2.5212784,-3.25584,0
3.0,11,-5.2197046,-1.8277664,-3.563744,7.859129,-2.9226646,-1.0975899,-1.583592,-0.91728514,-1.3148955,-2.1133847,4.9921303,9.95212,-3.998613,1.1424551,-1.4711751,-1.7027782,1.1145852,0.42660135,-2.5193357,-3.2565148,0
3.0,11,-5.187606,-1.8244241,-3.5254917,7.920375,-2.9120073,-1.1028322,-1.5513079,-0.92297876,-1.3148522,-2.14493,5.0009537,9.908253,-3.9850996,1.1671498,-1.5513558,-1.7195082,1.07369,0.4207431,-2.5379293,-3.251583,0
3.0,11,-5.2120557,-1.8177822,-3.502979,7.8771462,-2.9418564,-1.1011963,-1.5719483,-0.9005968,-1.3102113,-2.1553433,4.9677525,9.957513,-3.9612987,1.2305951,-1.5636585,-1.7163104,1.0632297,0.39887387,-2.5147328,-3.253169,0
3.0,11,-5.1889086,-1.8185027,-3.523234,7.936871,-2.9131222,-1.1058993,-1.5508252,-0.9317531,-1.3226757,-2.1420326,4.967573,9.9055,-3.9946055,1.1687962,-1.5337151,-1.7026802,1.0839635,0.42433003,-2.5320837,-3.2514074,0
3.0,11,-5.212713,-1.8281975,-3.5617883,7.8722906,-2.9186177,-1.0988451,-1.5781766,-0.9210181,-1.3160576,-2.1139538,4.9951515,9.941269,-4.00234,1.1355102,-1.4765272,-1.705045,1.1150385,0.43009013,-2.52312,-3.255808,0
9.0,9,-0.18938296,-1.2228184,3.4612327,-2.5077083,-0.7744963,0.25405067,-5.2169604,-0.8412431,-0.31098607,10.536931,-4.3338547,-0.6232067,2.5048273,-0.3560966,4.96799,-1.051458,-0.042819902,-0.1999706,-2.7454278,-1.3709645,1
9.0,9,-0.19282907,-1.2230195,3.4601805,-2.5107775,-0.77050966,0.26407272,-5.216982,-0.83473444,-0.31072906,10.534241,-4.337523,-0.62053597,2.5026305,-0.36013326,4.9719114,-1.0498991,-0.045391783,-0.19913799,-2.7494256,-1.3671701,1
9.0,9,-0.14350072,-1.2423326,3.442524,-2.5041168,-0.8241001,0.20931911,-5.18341,-0.8914358,-0.28307736,10.61844,-4.311219,-0.67384654,2.534623,-0.39407226,4.8787413,-1.0769032,-0.012072533,-0.23021999,-2.6573362,-1.3313053,1
9.0,9,-0.103588,-1.2537825,3.436851,-2.496653,-0.864343,0.16552481,-5.16249,-0.9447495,-0.25684318,10.682098,-4.28955,-0.7158971,2.5622747,-0.41010538,4.8080463,-1.0928245,0.005403161,-0.26285243,-2.597328,-1.313919,1
9.0,9,-0.14908713,-1.2272172,3.4506187,-2.495201,-0.80991244,0.20831582,-5.1893587,-0.89772063,-0.29012182,10.589697,-4.317732,-0.66488063,2.5525808,-0.36601993,4.9012823,-1.0705694,-0.03945376,-0.22225565,-2.6910717,-1.3620801,1
9.0,9,-0.1879479,-1.2215241,3.4615638,-2.506269,-0.7745073,0.2504424,-5.2153306,-0.8432345,-0.31104997,10.536256,-4.3334465,-0.62494415,2.5076377,-0.35542387,4.9673624,-1.0524818,-0.043747976,-0.19798416,-2.745374,-1.3734084,1
13.0,13,-3.3420637,-0.5192611,1.053304,0.54649776,-1.7987447,-0.39387548,-2.8773162,-0.99081147,0.33188024,-0.8033471,-2.2716615,0.33406964,5.0121384,12.085895,-3.9186401,-1.0589854,-3.447042,-1.8900366,-2.5049245,-0.20390704,1
13.0,13,-3.342036,-0.51918346,1.0533929,0.546555,-1.7988029,-0.39390174,-2.8773756,-0.99087644,0.33187938,-0.8032549,-2.2716322,0.33403897,5.0119095,12.08593,-3.9187005,-1.0590116,-3.4470909,-1.8899057,-2.5049095,-0.2039817,1
13.0,13,-3.3414311,-0.522835,1.0510092,0.53990126,-1.7970377,-0.3940515,-2.8793652,-0.9918602,0.33321518,-0.8011287,-2.271039,0.33210093,5.0198064,12.08354,-3.9176874,-1.058301,-3.4446583,-1.8916879,-2.5054836,-0.19386566,1
13.0,13,-3.341408,-0.52222294,1.0517586,0.5411818,-1.7976048,-0.39413655,-2.8792405,-0.9921649,0.33358228,-0.80080235,-2.2709277,0.33179158,5.0189633,12.083544,-3.9182568,-1.0587497,-3.445702,-1.8911499,-2.505633,-0.19637007,1
13.0,13,-3.3420196,-0.5187878,1.0536957,0.54690635,-1.7989557,-0.3939871,-2.8773851,-0.9907997,0.3316201,-0.80333775,-2.271734,0.33427265,5.0108094,12.086266,-3.9188077,-1.059003,-3.4471147,-1.8896109,-2.5046618,-0.20417419,1
13.0,13,-3.342034,-0.5194067,1.0532056,0.5462174,-1.7986664,-0.3938793,-2.8774118,-0.9908595,0.33191478,-0.8032504,-2.2716322,0.33399382,5.0124125,12.085814,-3.9185894,-1.0589489,-3.4469197,-1.8900846,-2.504952,-0.20347014,1
19.0,19,-0.7555235,-2.0151753,0.21780442,-1.9225696,5.402999,-0.9647975,-1.5790356,0.93890727,0.73871464,2.3231978,-1.0414093,-1.9534833,0.38993743,-0.3013993,-1.5582241,1.0345794,-1.0195862,-2.8628793,-1.162779,12.060627,1
19.0,19,-0.74966955,-2.0030046,0.25291353,-1.9378636,5.362325,-0.98705244,-1.6057086,0.9682246,0.76965314,2.3506954,-1.0715184,-1.9487607,0.38481903,-0.29121238,-1.5534909,1.0252111,-1.0247753,-2.866344,-1.1647502,12.073587,1
19.0,19,-0.71706086,-1.9803135,0.16091177,-1.8623135,5.13274,-0.867533,-1.2442994,0.90560323,0.5930302,2.2500277,-0.94732344,-1.967107,0.4626607,-0.56203616,-1.6758264,1.0104073,-0.94962823,-2.7154877,-0.92434776,12.387128,1
19.0,19,-0.5675838,-2.0626905,0.079331875,-1.5729514,4.9765015,-1.2624569,-1.368447,0.3819383,0.6170276,2.2317154,-0.48036277,-2.0400312,0.9689109,-0.34331375,-1.636695,0.46001792,-0.8441086,-2.6811051,-1.0404198,12.584722,1
19.0,19,-0.642408,-2.0348206,0.17826805,-1.7538208,5.173095,-1.1364621,-1.4964452,0.6743744,0.6640304,2.3348231,-0.7931129,-1.9803412,0.63514584,-0.3439606,-1.5541488,0.71720284,-0.8893537,-2.7796009,-1.0442904,12.401332,1
19.0,19,-0.7574539,-2.0155861,0.20598353,-1.9174167,5.4251704,-0.9674103,-1.5705827,0.9337849,0.7424343,2.3024645,-1.025995,-1.9606082,0.39315626,-0.29932484,-1.5683078,1.0429156,-1.0308276,-2.8627744,-1.1789927,12.039026,1
6.0,6,1.5269735,-0.6399701,-1.2417797,1.48134,5.764368,1.0328658,10.661,4.042438,-1.4655441,-1.1536448,-1.7554501,-4.167114,4.049347,-4.40852,-4.181286,-3.2861013,-3.4805276,-1.2539928,-1.2825346,-2.206818,1
6.0,6,1.5283291,-0.64188975,-1.2389952,1.4770535,5.7664056,1.0275254,10.658907,4.0609617,-1.4677387,-1.1537049,-1.7499893,-4.162013,4.0389905,-4.4062123,-4.173132,-3.2944016,-3.47597,-1.2540208,-1.2969921,-2.2241116,1
6.0,6,1.4192915,-0.61931026,-1.3566356,1.406373,5.4389534,1.1187376,10.902845,4.0810623,-1.5253732,-1.1931096,-1.7769133,-4.1526756,4.0323424,-4.477699,-4.174899,-3.0829566,-3.403383,-1.2766823,-1.1427892,-2.0316331,1
6.0,6,1.3732502,-0.61279374,-1.3996563,1.3725133,5.321162,1.159409,10.995881,4.1074896,-1.5496491,-1.2109171,-1.7876934,-4.140557,4.01447,-4.4991364,-4.1683187,-3.0034783,-3.37431,-1.2911372,-1.0934725,-1.9739267,1
6.0,6,1.4887385,-0.6128833,-1.3005041,1.4591902,5.584302,1.0575296,10.784537,3.9655404,-1.4643403,-1.1546983,-1.7503376,-4.1931605,4.081801,-4.457539,-4.170903,-3.1518276,-3.48222,-1.266583,-1.2277269,-2.1049898,1
6.0,6,1.530555,-0.64101315,-1.2379787,1.4863,5.7750163,1.0313838,10.653963,4.037145,-1.4601636,-1.1502305,-1.7538555,-4.169428,4.0497117,-4.406415,-4.185154,-3.2947526,-3.4854362,-1.2537745,-1.2874854,-2.2004967,1
18.0,18,-1.4341409,-0.42185336,-1.2152158,-1.3930166,-1.915639,0.59730595,0.11057384,-2.2262688,-0.4430165,0.007069804,-2.4944334,-0.36221147,4.4900937,-0.4468748,-1.930675,0.18265584,-1.0391966,-0.3993272,12.317168,-0.01764676,1
18.0,18,-1.4341254,-0.4216756,-1.2153568,-1.3927478,-1.9156067,0.59736365,0.11118767,-2.2259586,-0.44339684,0.006942101,-2.4943218,-0.3622631,4.488644,-0.44730678,-1.9306482,0.1828194,-1.0386753,-0.39912662,12.317825,-0.017437527,1
18.0,18,-1.4400153,-0.42068735,-1.2165704,-1.3922443,-1.9186162,0.600901,0.104514316,-2.2339928,-0.43920168,0.0061600693,-2.4867861,-0.3479091,4.4702516,-0.45206657,-1.9301438,0.18307756,-1.0310434,-0.39144227,12.324894,-0.008772129,1
18.0,18,-1.4383974,-0.42335016,-1.217974,-1.3933766,-1.9180954,0.59648424,0.108349584,-2.2322352,-0.44138387,0.0063745417,-2.4928799,-0.35355225,4.493664,-0.4468084,-1.9308444,0.18156192,-1.0371153,-0.39571106,12.316004,-0.005093798,1
18.0,18,-1.4345222,-0.4219489,-1.2155237,-1.3928239,-1.9166572,0.59814894,0.11202815,-2.225372,-0.4443902,0.006513603,-2.4936378,-0.36090553,4.488261,-0.44871414,-1.9308071,0.18241483,-1.0373889,-0.3983649,12.318395,-0.014936136,1
18.0,18,-1.4341841,-0.42201287,-1.2150389,-1.3931707,-1.915741,0.5975424,0.11013831,-2.226354,-0.4429429,0.007213155,-2.4944928,-0.36210814,4.4908414,-0.44667226,-1.9307535,0.18247378,-1.0394136,-0.399425,12.316898,-0.017577535,1
4.0,4,1.5505872,0.19389354,0.0416453,2.3778143,9.994161,-1.908712,8.719822,-1.1138985,-2.7103224,-1.0033879,-2.4128785,-3.189989,0.49079683,-1.9017681,-4.1374826,-0.49869388,0.31701988,-0.15740925,-3.0298324,-2.7179327,1
4.0,4,1.5500565,0.2002817,0.042411994,2.3819451,9.978773,-1.912257,8.740511,-1.1001005,-2.7068803,-1.009102,-2.412596,-3.1927938,0.4982017,-1.9003766,-4.1493797,-0.5120217,0.3078987,-0.15968478,-3.020833,-2.7176816,1
4.0,4,1.5597627,0.1400693,0.06257604,2.3348112,10.145208,-1.8404756,8.551644,-1.1771095,-2.747153,-0.9258276,-2.4419994,-3.174051,0.46666658,-1.9148988,-4.0210037,-0.4747508,0.34716392,-0.123041995,-3.0959876,-2.7207575,1
4.0,4,1.5607646,0.09982845,0.079460904,2.2966042,10.260051,-1.7925171,8.421794,-1.217882,-2.7626863,-0.8722216,-2.4539738,-3.1650815,0.46947375,-1.9234946,-3.928688,-0.4767934,0.35054505,-0.089522175,-3.143895,-2.722951,1
4.0,4,1.5568998,0.13173011,0.06411566,2.3265386,10.169432,-1.8332791,8.523401,-1.1842303,-2.7430882,-0.91897607,-2.4291294,-3.180955,0.48085287,-1.9152408,-4.001048,-0.48107564,0.32618147,-0.116938524,-3.105678,-2.726033,1
4.0,4,1.5506597,0.19778757,0.038516726,2.381827,9.981434,-1.9131918,8.732897,-1.1111231,-2.7100556,-1.008536,-2.4105566,-3.1911976,0.4894115,-1.9014064,-4.1464357,-0.4952608,0.31749707,-0.16172817,-3.024909,-2.717774,1
5.0,5,-2.8961337,-2.51015,-2.7328634,-2.3610237,1.0238357,12.91989,-2.3786733,0.533143,1.0885568,1.1735152,-0.9292793,-0.3745561,2.6500447,-0.03930171,-0.75045496,0.5682932,-2.5070095,-0.9676305,-4.2434096,-3.9419763,1
5.0,5,-2.8957047,-2.5107343,-2.7335055,-2.3616693,1.0271299,12.920256,-2.3792434,0.53139883,1.0883498,1.1720796,-0.9298463,-0.37503678,2.6484141,-0.03928797,-0.7493128,0.5715939,-2.5065622,-0.9689474,-4.2438364,-3.941305,1
5.0,5,-2.8902855,-2.5059469,-2.732389,-2.3464823,1.0365248,12.923976,-2.3658624,0.5424167,1.0815334,1.1674842,-0.9138691,-0.37364212,2.6555421,-0.046444707,-0.76303303,0.5314163,-2.516067,-0.95064056,-4.250791,-3.9490657,1
5.0,5,-2.8915534,-2.5009444,-2.728077,-2.341834,1.0173969,12.92259,-2.358698,0.5475414,1.0807995,1.1779405,-0.91147107,-0.3724216,2.6681688,-0.04689028,-0.77143586,0.50958693,-2.5163746,-0.9405353,-4.2456603,-3.9533205,1
5.0,5,-2.8930876,-2.5051773,-2.732628,-2.351246,1.0142314,12.923221,-2.364011,0.52653533,1.0801547,1.1733695,-0.92285883,-0.37346715,2.6595523,-0.040085506,-0.7633543,0.5503828,-2.5029485,-0.95558584,-4.2401185,-3.9485986,1
5.0,5,-2.8969488,-2.5103989,-2.7324402,-2.3622277,1.0217931,12.919298,-2.3798246,0.5337963,1.0896444,1.1749496,-0.9304859,-0.37450624,2.649953,-0.038865976,-0.74962515,0.5697342,-2.5067515,-0.96868956,-4.2426434,-3.9414496,1
8.0,8,-3.8004284,-3.2718298,-0.0952428,-5.177128,-3.4712296,2.4266438,-3.7595944,-3.2920835,9.457981,2.89429,2.3464203,0.087486014,7.6497054,0.48491386,-2.0291278,0.09529501,-4.1384883,-2.085241,-3.8378415,-0.48934644,1
8.0,8,-3.8004816,-3.2717664,-0.095290214,-5.177115,-3.4712572,2.4267058,-3.7596173,-3.292089,9.458079,2.8941,2.3465044,0.087577805,7.649455,0.48490277,-2.0291138,0.09539986,-4.1385126,-2.0852008,-3.837832,-0.48939225,1
8.0,8,-3.8012729,-3.2704165,-0.09484294,-5.1773257,-3.4725003,2.4277794,-3.7612133,-3.2922518,9.461182,2.8925343,2.3475375,0.089387625,7.642785,0.4852427,-2.0285811,0.09675711,-4.1391845,-2.084984,-3.8376112,-0.49052876,1
8.0,8,-3.801978,-3.2694306,-0.09496054,-5.177256,-3.473022,2.4286635,-3.761913,-3.292207,9.463067,2.8903365,2.3484862,0.09079832,7.6386113,0.48543873,-2.0283704,0.097848356,-4.139827,-2.0846508,-3.8374972,-0.4911517,1
8.0,8,-3.8014553,-3.2703843,-0.095562935,-5.1770606,-3.4721828,2.4280248,-3.7605705,-3.292108,9.46064,2.891083,2.3479588,0.08945407,7.6435795,0.48504654,-2.028755,0.09713851,-4.1392107,-2.0847151,-3.837686,-0.4905564,1
8.0,8,-3.8004522,-3.2717721,-0.09521493,-5.177145,-3.471301,2.4266925,-3.759667,-3.292095,9.458113,2.8942537,2.3464656,0.08754735,7.649411,0.48492208,-2.0291018,0.09535444,-4.138507,-2.0852387,-3.8378322,-0.4894116,1
19.0,19,-1.820533,-3.632377,1.4762579,-2.7683237,-1.763297,-1.5075703,-2.54422,-0.75874156,-0.42682633,2.7551546,-2.3753195,0.25161532,6.4197993,4.075719,-2.7278528,-0.09726698,1.7628285,-3.2922335,1.823994,11.254086,1
19.0,19,-1.8199232,-3.6323268,1.4734128,-2.767665,-1.763143,-1.5085769,-2.5443528,-0.7564377,-0.4270971,2.7560973,-2.3719637,0.25162077,6.4150286,4.068574,-2.7262058,-0.09619565,1.7638606,-3.2930353,1.8265206,11.259674,1
19.0,19,-1.836333,-3.6152458,1.472699,-2.776527,-1.7668076,-1.4866376,-2.514576,-0.7815069,-0.42240188,2.6818564,-2.4099247,0.25408363,6.490077,4.1660004,-2.7525702,-0.09379374,1.7340516,-3.2581747,1.7989864,11.203145,1
19.0,19,-1.8407886,-3.5901246,1.4373983,-2.77623,-1.7688406,-1.4839494,-2.4857366,-0.7687421,-0.42250523,2.6151528,-2.4069488,0.25229102,6.491286,4.1591825,-2.7552207,-0.07510341,1.7163414,-3.2328553,1.8268442,11.235087,1
19.0,19,-1.8231518,-3.6128788,1.4730293,-2.7697284,-1.7648983,-1.5044626,-2.5218625,-0.76118654,-0.43095812,2.7061338,-2.3952081,0.24794976,6.439879,4.108316,-2.7388365,-0.08979947,1.7482781,-3.2704213,1.8374819,11.248822,1
19.0,19,-1.8210762,-3.632984,1.4794759,-2.7687664,-1.7632211,-1.5063463,-2.5434659,-0.76021,-0.42637655,2.7543561,-2.3777888,0.25182164,6.4252915,4.0817842,-2.7299159,-0.09857938,1.7612265,-3.2915473,1.8185787,11.248359,1
6.0,7,-2.4505293,-2.197041,-1.8480331,-2.6848,0.4429276,1.3831813,3.5560663,13.499819,-2.094041,-1.3890386,-0.633526,-0.6184424,-1.4506636,-1.197861,-0.06892285,-2.1556888,0.34652072,-1.622048,-2.202213,0.23433894,0
6.0,7,-2.4527495,-2.1993878,-1.846911,-2.6864867,0.44677964,1.3881611,3.5533962,13.501187,-2.0896668,-1.3910536,-0.6294691,-0.61937493,-1.4457508,-1.194773,-0.07040745,-2.1573694,0.33817708,-1.626113,-2.2081468,0.23058808,0
6.0,7,-2.3777375,-2.1614819,-1.8564156,-2.6260672,0.36057156,1.2608107,3.708922,13.468638,-2.1088393,-1.3356454,-0.7036802,-0.6265504,-1.4801617,-1.2959813,-0.072579175,-2.1577678,0.39411044,-1.6130356,-2.0765052,0.28183338,0
6.0,7,-2.341127,-2.1544456,-1.8696396,-2.6002812,0.29938728,1.1970721,3.7826304,13.449973,-2.0973134,-1.3058425,-0.72446305,-0.6287075,-1.501941,-1.360963,-0.07132007,-2.1496034,0.41822982,-1.6209166,-2.0042386,0.3254244,0
6.0,7,-2.374583,-2.1647258,-1.8513606,-2.6281788,0.3534992,1.2572231,3.6961334,13.470909,-2.1030974,-1.3243803,-0.6958904,-0.63164216,-1.4700766,-1.2955551,-0.061537802,-2.1565595,0.37030035,-1.6278566,-2.0741453,0.28618988,0
6.0,7,-2.4496992,-2.1923726,-1.8415086,-2.6831353,0.4486554,1.3842957,3.5567057,13.500496,-2.097259,-1.3882664,-0.64303106,-0.6185267,-1.4447297,-1.1923016,-0.06870061,-2.1598177,0.34317195,-1.618736,-2.2064133,0.22255477,0
4.0,4,0.42360044,-1.2186984,0.073721364,-0.9732854,12.961446,1.2316711,-0.6624652,-0.69070613,-1.471071,-0.20993161,-2.407355,-2.2499726,1.1177068,-0.73613334,1.177005,-0.5641899,-1.1461961,0.4458248,-3.3157542,-1.877036,1
4.0,4,0.4236874,-1.2186131,0.07378558,-0.9731338,12.961532,1.2311312,-0.66253805,-0.6909812,-1.4711359,-0.21007755,-2.4072473,-2.2502177,1.1174103,-0.73611224,1.1772655,-0.5633821,-1.1464293,0.44550443,-3.315643,-1.877045,1
4.0,4,0.43157744,-1.2201263,0.081431225,-0.96981966,12.960356,1.2133155,-0.66077906,-0.68545127,-1.4750335,-0.19883747,-2.403375,-2.2419152,1.1120023,-0.73799336,1.1758808,-0.5882449,-1.131628,0.45437384,-3.317304,-1.8686373,1
4.0,4,0.4336077,-1.2192004,0.08192207,-0.9682187,12.960133,1.21163,-0.65994,-0.6871095,-1.4765276,-0.1987826,-2.4056203,-2.2407668,1.1131123,-0.7371805,1.1735051,-0.5880897,-1.1295353,0.45455647,-3.3169587,-1.8688467,1
4.0,4,0.42632234,-1.2173355,0.07452385,-0.9706159,12.960891,1.2301452,-0.661261,-0.6927623,-1.4730407,-0.20928916,-2.4102085,-2.2474842,1.1196358,-0.73473984,1.1730129,-0.56613564,-1.1434462,0.44631612,-3.315565,-1.8776007,1
4.0,4,0.42314678,-1.2186238,0.07334617,-0.9733957,12.961542,1.2327157,-0.6625078,-0.69088393,-1.4708645,-0.21037963,-2.4074311,-2.2501032,1.1177571,-0.73603874,1.1770301,-0.563456,-1.1467919,0.4454976,-3.3157668,-1.8774333,1
17.0,17,-3.781895,2.8656058,-0.9592768,0.57808006,-0.48932236,0.49153292,-1.3983623,-2.9524875,-0.35800824,-2.0819862,1.6543378,2.3277802,-2.6383307,1.4705124,-0.5197935,-0.5417521,-0.24389578,11.380715,-3.5074866,-2.0245004,1
17.0,17,-3.7768688,2.8800054,-0.94644904,0.56052256,-0.46568823,0.5111302,-1.39118,-2.9493737,-0.35701796,-2.0767965,1.614748,2.3019335,-2.6279354,1.4733771,-0.49980724,-0.52743804,-0.27353197,11.384526,-3.5112226,-2.0163918,1
17.0,17,-3.8155339,2.968289,-1.1166544,0.6445301,-0.8871946,0.5992668,-1.409693,-3.1034904,-0.16510755,-2.0361857,2.157074,2.4534068,-2.7514017,1.2977198,-0.69030315,-0.67878497,-0.30003154,11.209875,-3.5314622,-2.1368682,1
17.0,17,-3.9056413,2.8654742,-1.335553,0.9064296,-1.2605983,0.42716166,-1.5051321,-3.1779244,-0.11983461,-2.1328871,2.8157406,2.799409,-2.8798034,1.2610215,-0.9306453,-0.8661713,-0.11435195,11.016186,-3.516985,-2.3389356,1
17.0,17,-3.7920783,2.8884926,-1.0265461,0.65041924,-0.67539465,0.49933574,-1.4055707,-3.0208554,-0.2849209,-2.0597954,1.8666322,2.406197,-2.700733,1.3926781,-0.62027735,-0.6192715,-0.21974309,11.329849,-3.50395,-2.0462735,1
17.0,17,-3.7709222,2.8599074,-0.94605774,0.55687886,-0.45182973,0.5179828,-1.395376,-2.9452226,-0.361053,-2.0739217,1.6100527,2.2881517,-2.6223261,1.4648355,-0.4965028,-0.52957153,-0.25802547,11.396198,-3.5160613,-2.011014,1
1.0,1,-1.8222377,9.206142,2.6750329,-0.43611118,-1.9291576,-3.2986796,2.456718,-2.3538215,-0.08045215,0.4860018,-5.8503175,1.0662704,-0.61464185,6.684024,-2.7841148,-0.31127423,-1.8495971,0.35934046,1.6685575,-2.1515179,1
1.0,1,-1.8232644,9.205818,2.6757476,-0.43807742,-1.930141,-3.2970366,2.4564397,-2.3529172,-0.080650054,0.48539203,-5.848787,1.0659748,-0.6128861,6.6836953,-2.783835,-0.3122412,-1.8481766,0.36178774,1.6676947,-2.1536636,1
1.0,1,-1.775358,9.20333,2.6133964,-0.40392575,-1.8807439,-3.3626895,2.6049538,-2.3611357,-0.004013017,0.48600847,-5.8448443,0.97250885,-0.6612787,6.5842466,-2.8429766,-0.26100624,-1.9032396,0.2629662,1.6940374,-2.0983508,1
1.0,1,-1.7596283,9.2188015,2.588392,-0.39069003,-1.8671178,-3.3800552,2.6588304,-2.3605032,0.041219212,0.47926584,-5.839319,0.9407789,-0.6861742,6.534044,-2.8621671,-0.23998225,-1.9364822,0.22918305,1.690361,-2.080099,1
1.0,1,-1.800662,9.216844,2.6377118,-0.42265448,-1.9085256,-3.3292677,2.5249324,-2.3623612,-0.017882787,0.48439753,-5.8472443,1.015609,-0.63760066,6.635362,-2.8139443,-0.27994993,-1.9015075,0.29693612,1.6740638,-2.1192281,1
1.0,1,-1.8308725,9.197407,2.680758,-0.43905947,-1.9369979,-3.2968967,2.4400375,-2.3537257,-0.085538514,0.485255,-5.850983,1.0741773,-0.60434866,6.7070923,-2.7846625,-0.31553444,-1.8463792,0.35905725,1.6742043,-2.1555214,1
10.0,14,-4.173353,-0.5499071,-1.8671567,-3.323063,-2.7771463,-0.63651305,-5.942605,1.5455105,-3.1515305,0.4552685,1.2804052,4.7812953,-1.7212003,0.6963085,10.608882,5.0540648,1.4688846,-1.7222369,-2.8627906,-2.3617435,0
10.0,14,-4.173042,-0.55071145,-1.8664677,-3.3232913,-2.7769785,-0.6367077,-5.9422717,1.54598,-3.151704,0.45560458,1.2800074,4.780936,-1.7208303,0.6959923,10.609111,5.053788,1.4694847,-1.7227091,-2.8624227,-2.3610835,0
10.0,14,-4.1768804,-0.54055065,-1.8724997,-3.3190658,-2.7793555,-0.6348501,-5.9463882,1.5379256,-3.1499581,0.4543738,1.2821034,4.784281,-1.72445,0.70136935,10.607111,5.0546174,1.4623017,-1.7155119,-2.8652496,-2.368159,0
10.0,14,-4.179078,-0.5376306,-1.8748611,-3.3168697,-2.780941,-0.6358123,-5.947348,1.5358936,-3.1491983,0.45184338,1.2857687,4.789436,-1.7269804,0.7044205,10.605256,5.0520406,1.461397,-1.712855,-2.8668227,-2.3714108,0
10.0,14,-4.1752176,-0.5471926,-1.867746,-3.3203833,-2.7787504,-0.6376818,-5.943393,1.542581,-3.1513612,0.4546287,1.2812711,4.784917,-1.7226194,0.6999628,10.607517,5.0512843,1.4680219,-1.7194647,-2.8630373,-2.3635032,0
10.0,14,-4.1729364,-0.55085766,-1.8665179,-3.3235302,-2.7768288,-0.63642,-5.9422073,1.5464495,-3.151779,0.45550212,1.2796715,4.7806997,-1.7207208,0.69563603,10.609082,5.0544953,1.4693246,-1.7231048,-2.8624668,-2.3608449,0
3.0,3,-1.2099173,-1.4745781,-0.35841525,10.809247,-2.402071,-0.28665808,0.49425584,-2.9444988,2.21795,-0.33938473,2.780929,1.4490948,-1.4427204,-0.68742865,-5.494031,-2.7468805,-0.9366196,0.07290154,-4.1989,-2.6125045,1
3.0,3,-1.2124078,-1.4745072,-0.3580838,10.809538,-2.402454,-0.28545925,0.49360883,-2.9451938,2.2181284,-0.33999783,2.77828,1.4556776,-1.4418403,-0.68702877,-5.493087,-2.746655,-0.9373359,0.07282009,-4.1982737,-2.613292,1
3.0,3,-1.2115109,-1.4781134,-0.35974318,10.80401,-2.4032063,-0.2861674,0.49184957,-2.9414282,2.2195508,-0.3377964,2.7948027,1.4414492,-1.4423907,-0.6841584,-5.4945555,-2.7507,-0.94111556,0.072016485,-4.202349,-2.6116858,1
3.0,3,-1.2139342,-1.4789191,-0.35817027,10.805209,-2.408255,-0.28535733,0.48930055,-2.9356942,2.2186353,-0.3390859,2.7887883,1.4562731,-1.4459832,-0.6866928,-5.49473,-2.749412,-0.9311371,0.07010726,-4.2029767,-2.6184416,1
3.0,3,-1.2155902,-1.4820472,-0.3531113,10.803954,-2.4076452,-0.28217736,0.4867093,-2.946169,2.2235434,-0.3295531,2.7837958,1.4532689,-1.4434185,-0.6951764,-5.4871826,-2.748056,-0.93417466,0.073037125,-4.1951823,-2.6115067,1
3.0,3,-1.2079563,-1.4728639,-0.36101365,10.809638,-2.4004493,-0.28822225,0.49652714,-2.943034,2.216689,-0.34287468,2.7837718,1.444854,-1.4421676,-0.68409735,-5.4970446,-2.747362,-0.93819,0.07268544,-4.2011304,-2.6127365,1
19.0,19,-2.64692,-2.005399,-0.28425264,-2.8481212,-3.8371844,-0.98116136,-3.2695663,3.6320684,-1.7448518,1.3124824,-0.26295763,0.06529852,-0.38557932,2.1315017,-0.28449765,0.71818864,0.46813095,-1.421397,5.493967,11.254383,1
19.0,19,-2.6469998,-2.0077868,-0.28485206,-2.8516269,-3.8343134,-0.9777844,-3.2704854,3.642476,-1.7430625,1.3168947,-0.26087812,0.062544525,-0.3882012,2.1213856,-0.27892348,0.7190822,0.4679019,-1.4227636,5.483992,11.2567835,1
19.0,19,-2.6061442,-1.9590107,-0.27652648,-2.8063304,-3.8789086,-1.0680244,-3.2388973,3.5125809,-1.7522625,1.2744697,-0.3275628,0.055489734,-0.35340333,2.2602775,-0.36235934,0.6998267,0.4646604,-1.4235318,5.6870375,11.221016,1
19.0,19,-2.5657625,-1.9221588,-0.25629616,-2.7739558,-3.9143968,-1.1445471,-3.227689,3.4109123,-1.7556208,1.2664301,-0.3897859,0.036335394,-0.32085878,2.3647418,-0.4162715,0.6848157,0.45494157,-1.4317224,5.8439593,11.186878,1
19.0,19,-2.6043706,-1.9703054,-0.26585463,-2.8217776,-3.8674803,-1.0499018,-3.2480168,3.5577364,-1.747282,1.3060486,-0.3168112,0.042222314,-0.36566824,2.2011032,-0.33174255,0.70576894,0.46463174,-1.4270121,5.629338,11.237098,1
19.0,19,-2.647529,-2.004404,-0.28368446,-2.8462412,-3.8382025,-0.9822234,-3.2696674,3.6285367,-1.7463782,1.3114066,-0.2640198,0.06622539,-0.38344255,2.136349,-0.28660983,0.7168808,0.467162,-1.4204615,5.497203,11.25259,1
6.0,6,0.038203254,-1.1008941,-4.1801276,0.2823162,2.5234075,1.5358601,12.608905,3.3140817,-0.9958773,-2.5321212,0.090599164,-2.7520413,-0.81171536,-4.4575543,-4.756219,1.0678003,1.0019828,-2.7176888,-0.80463445,-1.8628082,1
6.0,6,0.066602886,-1.078818,-4.10217,0.28608045,2.5194874,1.3697029,12.637138,3.4095397,-0.9526163,-2.5171568,0.029289145,-2.7645314,-0.83417,-4.4498305,-4.743701,1.0463138,0.9683765,-2.7206464,-0.80778885,-1.8549834,1
6.0,6,0.02470836,-0.8444615,-3.602214,0.2726924,2.664095,1.015865,12.685297,3.8621082,-0.6473523,-2.408698,-0.4072896,-2.8990366,-0.85891104,-4.324881,-4.707423,0.9917203,0.31908375,-2.654787,-1.0896362,-1.8860248,1
6.0,6,-0.16377537,-0.844832,-3.5624576,0.23893784,2.745708,1.0568305,12.710741,4.0334744,-0.72172946,-2.5324621,-0.44680768,-2.8490086,-0.7999667,-4.257905,-4.635662,1.0557946,0.14543714,-2.5976207,-1.1155169,-2.0382597,1
6.0,6,-0.07254721,-1.0954517,-3.7936919,0.23257203,2.817666,1.3436905,12.732506,3.8323553,-0.89218175,-2.4569168,-0.25507402,-2.8317292,-0.7555597,-4.406779,-4.65265,0.9166161,0.5073557,-2.624585,-0.9766612,-1.9033476,1
6.0,6,0.036417097,-1.0890907,-4.2372766,0.2827436,2.4984307,1.6500127,12.57751,3.216108,-1.0024258,-2.5299172,0.12789343,-2.753903,-0.8132051,-4.469539,-4.767993,1.090799,1.0306795,-2.7146542,-0.8002886,-1.8486619,1
9.0,9,3.442334,0.5653071,6.6027746,-2.17231,-2.8488822,-3.8980107,-5.019867,-3.0241776,6.6757836,10.721771,-3.0814624,-2.5416675,0.6920826,0.36274314,0.12656239,-3.249922,-0.3594091,-3.2501547,-2.0149746,-0.43944308,1
9.0,9,3.440711,0.5560188,6.5978336,-2.1713793,-2.8442187,-3.8956542,-5.0208282,-3.0166242,6.6600027,10.732424,-3.0786316,-2.5403976,0.6781126,0.35135153,0.13741244,-3.2485383,-0.34370297,-3.2469792,-2.013095,-0.4287142,1
9.0,9,3.6407082,0.8512456,6.7003565,-2.119452,-2.9132133,-3.9504104,-4.92304,-3.1561441,7.03255,10.421663,-3.1845064,-2.6405654,1.0096364,0.5038014,-0.16668004,-3.2664735,-0.7731219,-3.3051043,-2.084596,-0.70666283,1
9.0,9,3.7599494,1.0483565,6.742717,-2.1155632,-2.9714322,-3.9866633,-4.839241,-3.2393112,7.317876,10.165194,-3.2913215,-2.714699,1.3479419,0.64749914,-0.39605048,-3.2704828,-1.118079,-3.3571534,-2.104151,-0.929467,1
9.0,9,3.6558187,0.8293869,6.7038426,-2.099121,-2.8943324,-3.9518874,-4.918441,-3.132022,6.958813,10.467302,-3.1816556,-2.6447546,0.92402446,0.45286265,-0.13356286,-3.2680078,-0.69134676,-3.291122,-2.0516422,-0.6678483,1
9.0,9,3.4236479,0.54553515,6.5960407,-2.181151,-2.8480043,-3.8938375,-5.0268965,-3.017997,6.6583138,10.736937,-3.0772328,-2.533157,0.68652,0.36579534,0.14105426,-3.2486427,-0.3393138,-3.2502959,-2.0113635,-0.4287385,1
15.0,15,-2.4145744,-1.5814813,-2.9911463,-2.91938,1.8484877,2.5443263,-2.2321036,-3.8485043,-0.840005,-3.2244768,-0.61897355,-0.29893,-1.5867751,-0.9324537,3.385276,12.598795,1.8787571,-1.8718249,-1.7949717,-2.2918577,1
15.0,15,-2.413058,-1.5802226,-2.9912531,-2.9179478,1.8498789,2.5423276,-2.228931,-3.8490644,-0.8401025,-3.224888,-0.6198677,-0.30144292,-1.5869272,-0.9326679,3.3830845,12.598695,1.8782743,-1.87314,-1.7931677,-2.2905464,1
15.0,15,-2.4137347,-1.5853349,-2.9954078,-2.9173024,1.8477033,2.5402842,-2.2358274,-3.854772,-0.8467878,-3.2227561,-0.6118325,-0.28939298,-1.5889745,-0.9350429,3.3866658,12.598904,1.8906586,-1.8645096,-1.8082274,-2.296457,1
15.0,15,-2.4130538,-1.5878482,-2.9986565,-2.9148319,1.8409278,2.5322948,-2.2378929,-3.8638399,-0.84756076,-3.222556,-0.60014504,-0.28187388,-1.5838194,-0.9372944,3.3813736,12.598354,1.8981961,-1.8571049,-1.8197212,-2.3015203,1
15.0,15,-2.4202685,-1.5908208,-2.9923573,-2.9253516,1.8399498,2.554576,-2.252007,-3.8486388,-0.8410197,-3.2181563,-0.6116452,-0.28672338,-1.5821075,-0.9320609,3.3962653,12.598582,1.8832233,-1.8646345,-1.8111649,-2.3015752,1
15.0,15,-2.4140942,-1.5810347,-2.9911067,-2.9189181,1.8498006,2.5438561,-2.2312157,-3.8485727,-0.84022665,-3.2245073,-0.6194547,-0.29965615,-1.5876739,-0.9325375,3.3849163,12.598817,1.8785232,-1.872396,-1.7942275,-2.2911503,1
3.0,3,-0.85749006,3.6047473,1.077251,11.362369,-2.0497699,-1.8484703,0.32031056,-1.9865618,-1.5650374,-2.8851972,-0.5004547,5.5550776,-3.3303957,2.9231446,-5.3834534,-3.0313935,-0.90439695,0.32449353,-1.8561562,-3.388997,1
3.0,3,-0.85529995,3.6097643,1.0811642,11.360423,-2.0490093,-1.8484788,0.32074022,-1.9887439,-1.5645355,-2.8842626,-0.5085617,5.5530524,-3.3280404,2.9283319,-5.3847837,-3.031391,-0.90575075,0.32406607,-1.8553654,-3.389708,1
3.0,3,-0.84203386,3.540764,0.99815995,11.4092455,-2.0454316,-1.8581061,0.3325999,-1.9698672,-1.576794,-2.9151158,-0.3540775,5.5347166,-3.3533237,2.8274481,-5.3791904,-3.0252128,-0.89744794,0.3202805,-1.8852695,-3.3802664,1
3.0,3,-0.81403315,3.5582306,0.9565082,11.432441,-2.0368223,-1.8650224,0.34399438,-1.9843346,-1.5827214,-2.9190526,-0.31227565,5.515885,-3.3727643,2.7722967,-5.374748,-3.0231829,-0.8979289,0.331348,-1.8897742,-3.3696682,1
3.0,3,-0.85738826,3.5862217,1.0374806,11.380286,-2.0507293,-1.8514684,0.32580957,-1.9733105,-1.5702109,-2.9030952,-0.43323827,5.5551343,-3.3462243,2.8778253,-5.376542,-3.026038,-0.90861577,0.32432348,-1.867085,-3.382277,1
3.0,3,-0.8607731,3.6022856,1.0826476,11.35976,-2.0506701,-1.8476591,0.31842464,-1.9856724,-1.5641867,-2.883779,-0.5060832,5.556783,-3.328005,2.930199,-5.384013,-3.0321755,-0.9037881,0.32374644,-1.8553692,-3.390348,1
7.0,6,-2.307561,1.544963,-2.752097,-0.11202048,1.3567413,-0.6176229,9.78325,8.437842,-1.9800044,-3.0055337,-0.5400724,-0.9894384,-0.27051768,-1.3128862,-2.2321467,-1.499503,-1.6725878,0.6832772,-3.1729774,-4.2650194,0
7.0,6,-2.2993515,1.539902,-2.7498987,-0.10741241,1.3659906,-0.61514133,9.790786,8.441259,-1.9850975,-3.0048304,-0.54536134,-0.9930788,-0.2725988,-1.3151512,-2.2353415,-1.496433,-1.6676512,0.6761419,-3.1819217,-4.2712183,0
7.0,6,-2.4861922,1.7289402,-2.855707,-0.25816938,1.2510626,-0.5733604,9.897387,7.8767166,-1.5797303,-3.014232,-0.41383326,-1.0095003,-0.26893106,-1.4634475,-2.2697504,-1.2975577,-1.7792952,0.77249277,-3.0665252,-4.240455,0
7.0,6,-2.5621355,1.77101,-2.8975878,-0.35905355,1.094719,-0.6709,9.880526,7.765159,-1.4279269,-3.0210261,-0.31413215,-0.95878917,-0.3114555,-1.487099,-2.2688406,-1.2236236,-1.7004001,0.7687132,-3.0127077,-4.255947,0
7.0,6,-2.4725735,1.7234883,-2.8346927,-0.2311775,1.2701273,-0.5669092,9.903444,7.9534245,-1.6522874,-3.0336611,-0.44911557,-1.0327713,-0.24405092,-1.4203334,-2.2611442,-1.3206877,-1.8106053,0.77848077,-3.0603127,-4.2443514,0
7.0,6,-2.30198,1.5307394,-2.7559488,-0.102759615,1.3763398,-0.60002005,9.787779,8.4471,-1.9908997,-3.0055559,-0.5375138,-0.9959628,-0.26199135,-1.3179507,-2.2345195,-1.5076716,-1.6893312,0.67269826,-3.1725547,-4.2570896,0
17.0,17,-3.449999,0.16224156,-0.9512291,0.492108,2.2533588,2.9021626,-2.4891179,-0.9822454,-2.4053926,-3.2181797,2.0785484,3.3953474,0.26753062,0.14657728,1.2128476,-1.934139,-1.1819435,11.136599,-3.7663035,-3.2535422,1
17.0,17,-3.4510617,0.16184591,-0.9522211,0.49161735,2.2572398,2.9068816,-2.4879653,-0.98078775,-2.4051929,-3.2188928,2.0791218,3.395391,0.26783058,0.1453991,1.2137735,-1.9347336,-1.1854417,11.1345825,-3.767644,-3.255488,1
17.0,17,-3.4399629,0.14493813,-0.98435265,0.47352633,2.2596588,3.0140624,-2.4586704,-0.962015,-2.4043193,-3.2171395,2.1039188,3.3520956,0.30080864,0.08854933,1.2037354,-1.9512789,-1.2052182,11.126348,-3.7776296,-3.289365,1
17.0,17,-3.4360597,0.1534243,-0.98104227,0.4808865,2.2425575,2.9985042,-2.4665873,-0.9613582,-2.403788,-3.2147443,2.102127,3.3669884,0.2855548,0.083538234,1.2027702,-1.9499651,-1.193811,11.131627,-3.7718344,-3.2788393,1
17.0,17,-3.4444203,0.15813291,-0.9563441,0.4905662,2.242147,2.907688,-2.4880636,-0.9868377,-2.4065714,-3.2164106,2.087475,3.3863833,0.2746888,0.13790111,1.2072873,-1.9346536,-1.1737933,11.140473,-3.7649386,-3.2556634,1
17.0,17,-3.4506078,0.16086471,-0.9509597,0.49048677,2.2555952,2.9035635,-2.4875195,-0.98182064,-2.4056404,-3.2185564,2.0774672,3.3922374,0.27164343,0.1490047,1.212591,-1.9344931,-1.184178,11.135914,-3.7670739,-3.2549822,1
4.0,4,-0.040408567,-1.5885614,-1.648495,0.58586824,12.3062525,3.1669865,0.9485601,-1.7784588,-2.4818928,-2.3151166,-0.33305514,-1.4821653,-2.8133874,-2.6205482,-0.7769244,4.2932315,0.0650578,-2.1559849,-2.1832762,-1.0842298,1
4.0,4,-0.038988806,-1.583786,-1.6427119,0.5881128,12.311905,3.1683843,0.9574272,-1.7740895,-2.4782972,-2.3124042,-0.34332323,-1.4788694,-2.814908,-2.6176298,-0.783707,4.2823157,0.062343538,-2.1563182,-2.186785,-1.0861223,1
4.0,4,0.080304295,-1.590725,-1.6220865,0.6863461,12.414509,2.970721,0.94751793,-1.7418863,-2.4534695,-2.2353306,-0.056480955,-1.5725117,-2.8898184,-2.6999595,-0.85515493,4.0390058,0.02921398,-2.0476875,-2.4250004,-0.93449825,1
4.0,4,0.13953003,-1.5960932,-1.6205215,0.73060286,12.428069,2.7501833,0.8935035,-1.7194701,-2.4279358,-2.2245507,0.101624236,-1.5782869,-2.937303,-2.739797,-0.87494,3.9560056,0.059905477,-2.038708,-2.4531698,-0.8582288,1
4.0,4,0.041766256,-1.6051185,-1.6392245,0.6410473,12.357317,2.9933836,0.889625,-1.7757499,-2.465128,-2.252498,-0.12825617,-1.5283008,-2.8389435,-2.6798131,-0.8220379,4.135755,0.077800974,-2.0971239,-2.2863116,-0.98432785,1
4.0,4,-0.046500463,-1.592027,-1.6516796,0.5812366,12.301673,3.1922855,0.95218396,-1.779531,-2.4852808,-2.316825,-0.34090066,-1.4863713,-2.807714,-2.621535,-0.7746534,4.3047113,0.059968606,-2.1544766,-2.1825483,-1.0894709,1
12.0,12,-4.053897,-3.4994414,-1.7967722,-1.6271919,-3.2687836,0.0153374225,-2.9411023,-1.2950971,-0.22293413,-0.29175988,0.39585823,2.912856,9.902833,7.9368567,-2.073212,-0.36830977,-0.61410844,-2.8183572,-3.2743092,-0.28763485,1
12.0,12,-4.053469,-3.4997876,-1.7964121,-1.6272029,-3.2692552,0.014406741,-2.9416006,-1.2951604,-0.22469011,-0.2909996,0.39514077,2.9128594,9.901589,7.937585,-2.072866,-0.3685573,-0.609923,-2.817742,-3.273971,-0.28764626,1
12.0,12,-4.0471277,-3.4941916,-1.7920979,-1.6348138,-3.257526,0.021741714,-2.9347878,-1.2927977,-0.20978779,-0.2947828,0.387211,2.90214,9.923873,7.928356,-2.0745869,-0.36341682,-0.6523562,-2.827047,-3.2727163,-0.28228262,1
12.0,12,-4.0461006,-3.4906943,-1.7892042,-1.633689,-3.255484,0.02192631,-2.9335845,-1.2906481,-0.20805934,-0.29683802,0.38426155,2.896021,9.925465,7.9335256,-2.0768857,-0.36400375,-0.66316444,-2.8282502,-3.270659,-0.2840709,1
12.0,12,-4.0538664,-3.494507,-1.7922322,-1.6261102,-3.2649894,0.01689751,-2.939475,-1.2919567,-0.21948165,-0.29525274,0.3911131,2.9070842,9.903337,7.946215,-2.0767097,-0.36785012,-0.63186216,-2.8213327,-3.2728183,-0.28993103,1
12.0,12,-4.0543694,-3.4998593,-1.7976273,-1.627499,-3.2686186,0.015917597,-2.9408755,-1.2954351,-0.22190267,-0.29142272,0.39691952,2.9126925,9.903882,7.9353547,-2.0729103,-0.36821964,-0.61569786,-2.818668,-3.274351,-0.28665155,1
4.0,4,0.4256068,-0.9309758,0.071596265,-0.38123092,12.405972,1.6502012,-0.09205823,0.41665816,0.2444039,-1.8316909,-2.3124,-1.1874194,-3.1297112,-0.71302795,-1.5989623,1.0653901,0.22829087,0.20119685,-4.3219895,-2.5078115,1
4.0,4,0.42215747,-0.93297875,0.07051783,-0.38263297,12.406234,1.651537,-0.09057547,0.42338726,0.24519506,-1.8321458,-2.3088014,-1.1899165,-3.1291387,-0.7134003,-1.5992668,1.0624976,0.22527958,0.2014812,-4.323147,-2.5074296,1
4.0,4,0.4678089,-0.89974576,0.09086684,-0.363646,12.411628,1.6362237,-0.099036574,0.34515202,0.23651353,-1.8253441,-2.3526115,-1.1708761,-3.1265268,-0.705393,-1.5943712,1.0816854,0.23055337,0.20287728,-4.304566,-2.5093055,1
4.0,4,0.48883706,-0.88917506,0.10070803,-0.35849643,12.415085,1.6355087,-0.102916166,0.3272683,0.23445609,-1.818634,-2.3661401,-1.1687222,-3.1206174,-0.7034345,-1.5918931,1.0743836,0.2247432,0.20262292,-4.2998266,-2.5138066,1
4.0,4,0.465425,-0.90007275,0.09045535,-0.36406556,12.415607,1.6385685,-0.09364551,0.35358077,0.23628008,-1.8261157,-2.3465922,-1.1777306,-3.1221356,-0.70598936,-1.5947186,1.0733752,0.21842124,0.20354903,-4.30512,-2.5098536,1
4.0,4,0.4239232,-0.93067867,0.07109549,-0.3809249,12.406262,1.6492784,-0.09072317,0.415964,0.2441175,-1.8327646,-2.3121924,-1.1874716,-3.1299014,-0.7128655,-1.5993204,1.0670985,0.22802977,0.20172629,-4.3215704,-2.5068004,1
1.0,1,-1.1897361,11.099616,2.8478081,1.6937095,-2.4438095,-1.6984533,-0.27163166,-1.1292976,0.90911996,-1.0331087,-4.55654,4.303478,-3.1747057,2.438687,-0.7676299,-0.69172335,-2.7719185,2.1830885,-1.320595,-2.4921048,1
1.0,1,-1.1897008,11.099955,2.8549945,1.68414,-2.4426384,-1.698944,-0.27382553,-1.1291702,0.91300064,-1.0319711,-4.556866,4.2982316,-3.1702137,2.4417176,-0.7667173,-0.69212085,-2.7743154,2.1830952,-1.3211414,-2.491802,1
1.0,1,-1.075897,11.139256,2.8038697,1.8019875,-2.4264917,-1.7354923,-0.21620582,-1.1581391,0.90853375,-1.038462,-4.576788,4.243789,-3.201779,2.3644304,-0.8274071,-0.67271805,-2.7983456,2.1708422,-1.320438,-2.5031826,1
1.0,1,-1.0338242,11.169822,2.709539,1.8473501,-2.423314,-1.725491,-0.18465537,-1.1788211,0.9017346,-1.0439796,-4.5511923,4.226039,-3.2288063,2.3073585,-0.83491063,-0.6632349,-2.7958827,2.1834586,-1.3291888,-2.5049374,1
1.0,1,-1.129775,11.122089,2.782296,1.7867613,-2.440185,-1.7115599,-0.23250948,-1.144851,0.8940306,-1.0394435,-4.556168,4.292441,-3.2094073,2.380411,-0.7987385,-0.6814029,-2.7742848,2.1789303,-1.3242805,-2.498276,1
1.0,1,-1.2024245,11.091338,2.8615475,1.6890669,-2.4467888,-1.6994457,-0.2786057,-1.1251359,0.9080897,-1.0337453,-4.560791,4.313954,-3.1719673,2.4516954,-0.766202,-0.6921286,-2.7700999,2.1800413,-1.3176603,-2.4921944,1
0.0,0,11.595946,4.3909907,1.433991,4.4189887,1.7255722,-4.189727,1.858433,-2.9907918,0.063239284,1.348566,-1.8852628,-5.650023,-0.50335765,-3.1167583,-4.081954,-1.0257504,-0.624572,-1.7059363,-2.0385835,-1.8263165,1
0.0,0,11.596803,4.3910065,1.4359734,4.41837,1.7268702,-4.1893396,1.8562621,-2.9919436,0.0665426,1.3540605,-1.8875409,-5.6511345,-0.503296,-3.1168518,-4.0816154,-1.029829,-0.6244439,-1.7055681,-2.0390434,-1.8257712,1
0.0,0,11.587893,4.3900175,1.4233284,4.405229,1.7109991,-4.1993127,1.8833408,-2.9686222,0.020072691,1.2897773,-1.885636,-5.642219,-0.48144618,-3.1005375,-4.0845957,-0.9690615,-0.63120043,-1.7149955,-2.025652,-1.8355724,1
0.0,0,11.587012,4.3818583,1.4189252,4.3984942,1.7054046,-4.201313,1.8926011,-2.9568443,0.0047241077,1.273178,-1.8861775,-5.6413097,-0.473048,-3.0989842,-4.0868435,-0.9494247,-0.62641627,-1.7201896,-2.0202403,-1.8376764,1
0.0,0,11.591503,4.391863,1.4312016,4.4039564,1.7165694,-4.1974835,1.8782185,-2.9711194,0.029307432,1.3087425,-1.8973207,-5.6466017,-0.4817368,-3.1008239,-4.084346,-0.9841262,-0.629285,-1.7127012,-2.025656,-1.8329456,1
0.0,0,11.596046,4.393415,1.4363731,4.4190965,1.7268693,-4.189963,1.8557839,-2.9935174,0.06728602,1.3529688,-1.8876688,-5.650441,-0.5025561,-3.1148508,-4.0816374,-1.0302296,-0.6270217,-1.7051687,-2.0396378,-1.8265885,1
8.0,8,-3.482091,-4.4677954,-1.2247492,-3.4174175,-2.922577,-0.5233219,-6.061646,-0.11263825,7.8338647,2.1004515,3.7344785,1.0357388,4.2548347,-0.40204117,-0.6542196,-0.99710554,-2.1895556,-2.332779,-2.6261404,6.910372,1
8.0,8,-3.4819586,-4.4679904,-1.2266414,-3.4171858,-2.919231,-0.51758546,-6.0606217,-0.109338045,7.8397346,2.109082,3.7397234,1.0351593,4.2525325,-0.41763374,-0.6508901,-1.000639,-2.189979,-2.3289099,-2.6406302,6.899444,1
8.0,8,-3.4641764,-4.436625,-1.2638834,-3.421271,-2.9648724,-0.62987435,-5.9930677,-0.13969342,7.8459225,1.7862587,3.756422,1.0213549,4.188272,-0.19950835,-0.72978723,-0.88321453,-2.1974168,-2.4200368,-2.3920379,6.967402,1
8.0,8,-3.4549553,-4.399768,-1.2888364,-3.4262376,-2.992782,-0.7120605,-5.943974,-0.20109637,7.879757,1.572005,3.7586105,0.9992638,4.156613,-0.020646777,-0.7953305,-0.8021913,-2.2270918,-2.4863718,-2.2127523,6.9897685,1
8.0,8,-3.452438,-4.4394746,-1.2535297,-3.4250538,-2.9562488,-0.61346,-5.985218,-0.083534926,7.8418593,1.837407,3.7624662,1.0018144,4.1758304,-0.2919098,-0.707337,-0.9043735,-2.1942842,-2.3968487,-2.4326887,6.97513,1
8.0,8,-3.4837673,-4.4678035,-1.2231271,-3.417889,-2.923873,-0.5241781,-6.0642548,-0.11316848,7.82944,2.1032982,3.7303805,1.0365022,4.257002,-0.39640662,-0.6534735,-0.9979071,-2.190477,-2.3324277,-2.6222887,6.9161134,1
15.0,15,-0.7559317,-1.8561237,-2.9636457,-1.270256,4.419904,-1.4678726,0.828923,-0.9851316,-3.063543,-3.2626266,0.84035295,-1.5480834,-2.8614788,-1.8254609,1.1290233,11.158556,2.7743363,-2.4754121,-2.7131908,1.8672239,1
15.0,15,-0.74945223,-1.8559595,-2.9638162,-1.2683007,4.4311533,-1.4738547,0.8315357,-0.9901372,-3.0625634,-3.2592618,0.8374376,-1.5555081,-2.8616307,-1.8301861,1.1305387,11.156048,2.7778325,-2.4720693,-2.7162967,1.8617046,1
15.0,15,-0.65902644,-1.8592832,-2.988605,-1.195024,4.6209235,-1.5182556,0.97101057,-1.0072,-3.0866625,-3.2354145,0.8461188,-1.6301665,-2.8605084,-1.9209145,1.0229743,11.025984,2.8459523,-2.4674292,-2.7717981,1.9348558,1
15.0,15,-0.6412414,-1.859675,-2.9942641,-1.1814072,4.656988,-1.5293006,0.9894469,-1.0230691,-3.08718,-3.230195,0.8466881,-1.6459773,-2.8629568,-1.9397315,1.0157266,11.009819,2.8604846,-2.4592042,-2.7843041,1.9299103,1
15.0,15,-0.70036566,-1.8585905,-2.9774654,-1.2280774,4.534748,-1.5033681,0.8943139,-1.013089,-3.070081,-3.2433743,0.84468347,-1.5889949,-2.8654585,-1.880872,1.0756918,11.0869665,2.8260489,-2.465865,-2.7494633,1.906804,1
15.0,15,-0.75864315,-1.8552352,-2.9621909,-1.2706404,4.418207,-1.4641963,0.8292899,-0.98279065,-3.063749,-3.2643676,0.83795476,-1.545082,-2.8617554,-1.8227643,1.1267382,11.159311,2.7718678,-2.476384,-2.7120833,1.8694649,1
9.0,9,-0.5672332,-2.213483,3.2637362,-3.1720388,-3.4824514,1.358612,-3.9275591,-3.0925384,5.6889815,12.254523,-2.4880114,-2.3397152,2.4210155,-0.16326784,-0.4180584,-2.4996467,0.098217085,-2.2854676,-1.7042319,-1.1499388,1
9.0,9,-0.56723785,-2.2134905,3.2636762,-3.172031,-3.48245,1.3586228,-3.927558,-3.0925624,5.68899,12.254523,-2.4879935,-2.3397143,2.4210384,-0.16329432,-0.41805047,-2.499641,0.09821132,-2.2854688,-1.704232,-1.149938,1
9.0,9,-0.5670627,-2.2134154,3.2641373,-3.1721077,-3.4823809,1.3585577,-3.927505,-3.0923033,5.688883,12.254593,-2.4880686,-2.339976,2.4207652,-0.16325437,-0.4181022,-2.4995499,0.09820591,-2.2853065,-1.7044234,-1.1499308,1
9.0,9,-0.5672868,-2.213537,3.2632577,-3.1719885,-3.4823852,1.358678,-3.927475,-3.092542,5.689126,12.254495,-2.487713,-2.339757,2.4210627,-0.16338128,-0.41819525,-2.4996927,0.09804146,-2.2853575,-1.7042521,-1.1500639,1
9.0,9,-0.56715524,-2.2134821,3.2638535,-3.17204,-3.4823809,1.3586078,-3.9274688,-3.0924497,5.6888146,12.254551,-2.4880285,-2.3398156,2.4210727,-0.16320978,-0.4181322,-2.499678,0.098222375,-2.2854252,-1.7043427,-1.1499927,1
9.0,9,-0.56720525,-2.213477,3.263815,-3.1720464,-3.48244,1.358593,-3.9275436,-3.0925052,5.6889224,12.254546,-2.4880383,-2.3397448,2.421008,-0.16323325,-0.41806757,-2.499639,0.09822649,-2.2854607,-1.7042718,-1.1499327,1
9.0,19,-1.7550046,-2.170751,-0.9767536,-2.2100496,-0.83722866,1.8125696,-3.1187067,-1.0587192,-0.14760277,4.783539,-3.2885902,-2.146304,1.7966503,4.7802124,-4.022006,1.0401192,-0.34841543,-4.694464,5.389448,5.6679645,0
9.0,19,-1.7549853,-2.1707504,-0.9767268,-2.2100646,-0.8371073,1.8126097,-3.1186664,-1.0586758,-0.14768612,4.783533,-3.2886612,-2.1462867,1.7966117,4.7800803,-4.0219955,1.0401844,-0.34838527,-4.6944127,5.3894606,5.6682124,0
9.0,19,-1.7551043,-2.1715312,-0.97756135,-2.2102706,-0.8357784,1.8133037,-3.1182992,-1.0585649,-0.14861512,4.783351,-3.2882848,-2.1464417,1.7983764,4.7803326,-4.022124,1.0397935,-0.34807324,-4.69453,5.3878202,5.6677513,0
9.0,19,-1.7550676,-2.17253,-0.978094,-2.2107716,-0.8337179,1.8147206,-3.1181424,-1.0581428,-0.15005016,4.7844343,-3.288642,-2.146356,1.7997568,4.77931,-4.021633,1.0395273,-0.3472798,-4.6943398,5.3854957,5.6688924,0
9.0,19,-1.7550228,-2.1708922,-0.97688353,-2.210059,-0.8370365,1.8129184,-3.1187446,-1.0586941,-0.14785904,4.7838383,-3.2885947,-2.1462922,1.796846,4.7802877,-4.0219135,1.0399231,-0.34827954,-4.694471,5.3889403,5.6676154,0
9.0,19,-1.7550068,-2.1707413,-0.9767761,-2.2100358,-0.8372213,1.8124764,-3.1187077,-1.05873,-0.14762226,4.783438,-3.2885425,-2.1463103,1.7967058,4.780315,-4.022032,1.0401094,-0.3484273,-4.6944675,5.389485,5.668009,0
14.0,14,-3.4769897,2.8866472,0.5990214,-1.7787039,-0.58152133,0.2714294,-6.196584,0.5524464,-1.885326,0.8007172,-1.3400959,1.2410389,-2.0371928,2.1230764,8.454256,0.52989686,-0.35661286,6.2423573,-2.9959064,-3.5018997,1
14.0,14,-3.477221,2.8815448,0.598301,-1.791252,-0.58616436,0.2723253,-6.200729,0.55481094,-1.8843055,0.80950624,-1.3430052,1.2421618,-2.038588,2.117472,8.473962,0.54091734,-0.34783125,6.218342,-2.9927542,-3.5008547,1
14.0,14,-3.471343,2.8982382,0.60674965,-1.7221559,-0.5126305,0.29424712,-6.1723957,0.5292749,-1.8955677,0.7740837,-1.3338807,1.2119596,-2.0071826,2.1625493,8.324611,0.45884973,-0.4341132,6.405921,-3.0252857,-3.5014718,1
14.0,14,-3.4687467,2.9158866,0.60164005,-1.6480216,-0.46718252,0.27918863,-6.150733,0.49893034,-1.9014529,0.72216696,-1.2823298,1.1985617,-1.9976346,2.1914976,8.183348,0.38124856,-0.48425043,6.5848885,-3.049844,-3.499195,1
14.0,14,-3.4752674,2.930925,0.6015391,-1.693388,-0.54677373,0.26559272,-6.1669374,0.52706903,-1.8869559,0.739111,-1.3203974,1.2361218,-2.0322008,2.1593819,8.3239765,0.45955628,-0.42320818,6.401794,-3.0167665,-3.509661,1
14.0,14,-3.4772158,2.888515,0.60100615,-1.7805649,-0.58501136,0.27460274,-6.1958084,0.55645615,-1.8851274,0.80201906,-1.3492682,1.2432512,-2.037696,2.1231868,8.461523,0.53486055,-0.35648882,6.2300453,-2.994172,-3.5032706,1
5.0,5,-2.5707965,-2.4143546,-2.5246844,-1.5264988,4.271525,12.528923,4.4727297,1.5191677,-1.7334635,-1.4773084,-1.0423251,-0.7439269,-0.10555574,-1.8764777,-2.1252902,0.9054307,-1.36503,-1.0171273,-3.203893,-3.6340587,1
5.0,5,-2.5681741,-2.4227207,-2.5401533,-1.532797,4.1804223,12.494829,4.562075,1.5673293,-1.6954631,-1.4912035,-1.035749,-0.7368229,-0.11805552,-1.8858746,-2.1444936,0.8916502,-1.350377,-1.0519902,-3.208823,-3.6470242,1
5.0,5,-2.6699522,-2.4248562,-1.9740953,-1.458774,4.5185404,12.578604,4.052496,1.2603537,-0.8433162,-1.1458126,-0.90087557,-1.1313399,-0.32369354,-1.9974668,-1.9374741,0.6095569,-2.1091738,-0.2781073,-3.9003093,-3.4998055,1
5.0,5,-2.7973852,-2.3716297,-1.5089571,-1.5492481,4.7874045,12.64132,3.290898,1.2601477,-0.3415545,-0.84854686,-0.91178197,-1.4040469,-0.5731519,-2.128826,-1.434262,0.26699296,-2.57422,0.8074486,-4.38364,-3.5221095,1
5.0,5,-2.555968,-2.433916,-1.8426465,-1.3712118,4.9555173,12.620864,3.674697,1.0566308,-1.0504788,-0.73802865,-1.1255175,-1.1982975,-0.47253317,-2.1551077,-1.5632894,0.55350876,-2.06968,-0.09076742,-3.9233458,-3.4069738,1
5.0,5,-2.5737221,-2.4179897,-2.5591984,-1.5341592,4.197222,12.519221,4.5261555,1.533951,-1.7462931,-1.4968187,-1.0156132,-0.7390427,-0.066908844,-1.8685282,-2.1728795,0.9098925,-1.340576,-1.0447989,-3.1820164,-3.6229799,1
0.0,0,10.854952,1.3169945,2.0577443,2.7072933,1.2137922,-3.625475,2.4653873,-0.3751061,0.13149562,-1.0184327,-0.38111222,-5.863313,-0.3181821,-4.2231135,-4.5539513,0.38552314,1.0482751,-3.0644305,-1.7992073,-1.1684188,1
0.0,0,10.854336,1.3141006,2.059768,2.7049396,1.2152597,-3.6247468,2.4636877,-0.3725469,0.13259798,-1.0182663,-0.3818878,-5.8635645,-0.31650767,-4.223419,-4.554034,0.38507324,1.0488788,-3.065273,-1.7992275,-1.1673137,1
0.0,0,10.8833275,1.4314862,2.0855708,2.8124242,1.1876236,-3.63148,2.510773,-0.43229485,0.0697226,-1.0246915,-0.42580867,-5.865683,-0.34677088,-4.18257,-4.562337,0.3711207,0.9889922,-3.0265677,-1.7921579,-1.2422696,1
0.0,0,10.9059,1.5108274,2.0922346,2.8749897,1.1780814,-3.636023,2.5422325,-0.47114018,0.030084975,-1.0223972,-0.45686084,-5.8685455,-0.36663538,-4.157407,-4.5686913,0.3597434,0.9529103,-2.9995775,-1.7869741,-1.2870141,1
0.0,0,10.890307,1.4403783,2.0967371,2.810853,1.1966236,-3.6358612,2.5152965,-0.42861325,0.06820179,-1.0165756,-0.44346842,-5.8723893,-0.34573445,-4.1811037,-4.564492,0.36357298,0.98319244,-3.0235982,-1.7836708,-1.2370567,1
0.0,0,10.849745,1.3034971,2.0600564,2.6989222,1.2138875,-3.624463,2.4594893,-0.36781153,0.13933039,-1.0206171,-0.3751583,-5.8621783,-0.3154499,-4.2269635,-4.5535555,0.38703448,1.0519534,-3.0689778,-1.8006973,-1.1627067,1
19.0,19,-1.2806432,-2.6009195,-1.8728248,-2.6002808,-1.7204946,-3.1374629,-0.6851851,2.4211848,3.0222514,0.38753885,2.0120738,-1.1324164,-2.2783492,-3.915544,-0.5163691,1.3791933,2.0043783,-1.8230662,4.720822,12.132879,1
19.0,19,-1.2818849,-2.6017845,-1.8724368,-2.6011035,-1.7203695,-3.13575,-0.6875233,2.422333,3.0223184,0.38910928,2.0119774,-1.1319818,-2.2771516,-3.914676,-0.5160016,1.3781788,2.003905,-1.8226268,4.71803,12.134019,1
19.0,19,-1.2088563,-2.571648,-1.882761,-2.5642831,-1.7275592,-3.2215428,-0.6038485,2.3555727,3.0703785,0.38887045,2.0386488,-1.199288,-2.324546,-3.972941,-0.5399234,1.3885841,2.0123289,-1.8544312,4.7845173,12.086513,1
19.0,19,-1.1440761,-2.546251,-1.8739077,-2.537861,-1.7288004,-3.2876282,-0.5437604,2.3136778,3.0983095,0.4052594,2.0411298,-1.2700917,-2.3534014,-4.012331,-0.55453825,1.3891321,2.005248,-1.879062,4.8462286,12.063247,1
19.0,19,-1.2086074,-2.5708015,-1.8615695,-2.5679452,-1.7211564,-3.216303,-0.61437744,2.374231,3.0512497,0.40421185,2.016883,-1.2167888,-2.3114455,-3.9583774,-0.5351089,1.3776698,1.9945196,-1.8479557,4.794852,12.1104555,1
19.0,19,-1.2820036,-2.6009078,-1.8695681,-2.601372,-1.7199172,-3.1353905,-0.6871068,2.4275205,3.0161006,0.38748625,2.0056722,-1.1308054,-2.2768726,-3.9122477,-0.51408494,1.3790518,2.0040703,-1.821594,4.722677,12.1362,1
19.0,19,-1.4825099,-1.8902425,-1.9789119,-0.9601626,-0.8903209,-2.4930031,1.1634885,-1.7540431,0.31173947,0.3118195,0.096299164,0.63956255,3.9820967,-0.5333933,-3.474407,1.8262993,1.3085483,-2.385892,1.7675185,12.954324,1
19.0,19,-1.483027,-1.8894551,-1.9785774,-0.9600538,-0.88993764,-2.4924657,1.1626382,-1.751035,0.31122974,0.3114413,0.09556606,0.6398759,3.976329,-0.5344782,-3.4736378,1.8275743,1.3093365,-2.385693,1.769408,12.95639,1
19.0,19,-1.4704981,-1.8838489,-1.9838965,-0.95232534,-0.8846823,-2.498141,1.1932303,-1.7752265,0.30987468,0.3029794,0.08973942,0.63804615,4.028475,-0.528704,-3.486187,1.8031205,1.3053731,-2.3718052,1.7551644,12.93963,1
19.0,19,-1.4631581,-1.8730671,-1.9849383,-0.94767416,-0.87430036,-2.4952638,1.2098551,-1.7649652,0.29873043,0.29253706,0.07460824,0.63390493,4.033829,-0.5296766,-3.4864647,1.7883308,1.3034661,-2.356245,1.7627604,12.946143,1
19.0,19,-1.4732122,-1.8808273,-1.9784279,-0.95476663,-0.8849904,-2.494383,1.1822597,-1.7573187,0.30565822,0.3049146,0.084696695,0.63385206,3.997927,-0.53176963,-3.4786537,1.8106585,1.3049679,-2.3741238,1.7752184,12.955735,1
19.0,19,-1.4820731,-1.8908567,-1.979074,-0.96027994,-0.8908345,-2.4934556,1.1642627,-1.7553052,0.31199434,0.31193054,0.09715225,0.639266,3.985883,-0.53286815,-3.475025,1.8252821,1.3080473,-2.3861926,1.7658327,12.952939,1
4.0,4,-0.18689126,-0.7601209,-0.20328808,0.55458164,11.7665825,2.273621,5.363625,4.0826683,-2.294727,-2.5475287,-3.5427358,-0.7827977,-0.15273923,-0.5601635,-1.7942698,-1.8517939,-1.9577632,-1.0520773,-4.1423454,-3.211378,1
4.0,4,-0.1804096,-0.76123047,-0.1944184,0.5545601,11.780045,2.2684317,5.3480744,4.062393,-2.290536,-2.5377004,-3.544092,-0.78486,-0.15299705,-0.5577901,-1.7925806,-1.8475146,-1.9587892,-1.052729,-4.1406136,-3.2050688,1
4.0,4,-0.19158275,-0.738997,-0.21509013,0.59127754,11.754624,2.35706,5.4584374,4.047842,-2.3021448,-2.5853288,-3.5217516,-0.7886646,-0.1252052,-0.5761214,-1.862375,-1.8897076,-2.0011969,-1.0177349,-4.1178603,-3.2345886,1
4.0,4,-0.19019598,-0.72569686,-0.22268656,0.6159954,11.746976,2.3895543,5.5251265,4.021875,-2.3119159,-2.607343,-3.5081375,-0.7926518,-0.112448975,-0.59142655,-1.9045584,-1.9070632,-2.0108256,-1.0004241,-4.1036024,-3.2481709,1
4.0,4,-0.20290598,-0.7479631,-0.22698782,0.56911147,11.7583885,2.3299513,5.416119,4.0759234,-2.3115623,-2.5806098,-3.5265632,-0.78079677,-0.15272754,-0.57400197,-1.805349,-1.8604965,-1.9779236,-1.0222185,-4.135692,-3.2322814,1
4.0,4,-0.1875654,-0.76036614,-0.20360307,0.55339885,11.766108,2.2744167,5.3613434,4.0852175,-2.294041,-2.5468514,-3.543946,-0.78275806,-0.15339021,-0.55930585,-1.7922932,-1.850842,-1.9590425,-1.0539609,-4.142692,-3.2111747,1
19.0,18,-2.7382846,-1.2885075,-1.8670402,-2.151395,-3.2383108,0.31005543,-4.3544035,-4.418797,7.553991,4.0162067,0.4294602,0.84434956,-1.6018465,-0.50452983,-1.3392223,0.027666166,-1.1456988,-2.4323487,7.800519,0.013571005,0
19.0,18,-2.7371888,-1.2825116,-1.8719822,-2.1486087,-3.233283,0.30308458,-4.3417025,-4.4215827,7.5499706,3.993354,0.43734112,0.8415192,-1.6114472,-0.5130268,-1.336588,0.03646392,-1.1422552,-2.4236934,7.812125,0.009135399,0
19.0,18,-2.7104852,-1.2372632,-1.8958516,-2.1352115,-3.1444955,0.114033185,-4.248684,-4.5091543,7.5871096,3.7211912,0.60610884,0.76501215,-1.7146221,-0.6433569,-1.274115,0.14521456,-1.0789578,-2.2871492,7.8686295,-0.03928748,0
19.0,18,-2.589389,-1.0009251,-2.0121083,-2.0879312,-3.1089244,0.34863806,-3.6614068,-4.3336535,6.8432407,3.2550905,0.4296924,0.5285225,-1.9014797,-0.70295256,-1.3688586,0.37720674,-0.932484,-2.0702026,8.784966,-0.25614563,0
19.0,18,-2.6835337,-1.175206,-1.924159,-2.1209512,-3.2019057,0.3706928,-4.0900497,-4.379903,7.253548,3.7636397,0.39410248,0.738843,-1.7286261,-0.5589208,-1.3611252,0.1457093,-1.0639374,-2.3100157,8.212623,-0.08947356,0
19.0,18,-2.7386858,-1.2936212,-1.8624177,-2.1512425,-3.237577,0.29706436,-4.3674064,-4.428658,7.5756907,4.0250835,0.43790692,0.84863883,-1.5948255,-0.5059407,-1.3346015,0.021717547,-1.1479903,-2.436357,7.773867,0.012310531,0
0.0,0,9.745102,-0.2843617,-0.28259832,2.0584426,0.9293325,-1.9107558,0.41271728,0.017759603,1.052895,-1.2601293,1.9849336,-4.308697,-0.5244304,-3.706824,-3.884375,1.0782876,0.110133454,-3.6810026,-3.5552208,-3.142565,1
0.0,0,9.74233,-0.28802815,-0.28416264,2.0569196,0.9292642,-1.9078102,0.4102017,0.019940238,1.0547119,-1.2607,1.9875531,-4.3075256,-0.5248887,-3.706985,-3.8840115,1.0788704,0.110496566,-3.6819715,-3.556785,-3.1434581,1
0.0,0,9.816443,-0.19538713,-0.24340144,2.0981474,0.92565995,-1.9780152,0.46781594,-0.042191494,0.99279886,-1.238398,1.9258759,-4.3341894,-0.510661,-3.7001455,-3.8858035,1.061761,0.10620281,-3.6587865,-3.5152137,-3.123056,1
0.0,0,9.86788,-0.13307703,-0.21346435,2.1289704,0.9271254,-2.0231197,0.50835687,-0.07474823,0.94835764,-1.2207402,1.8761725,-4.353292,-0.5027378,-3.6945171,-3.8906121,1.0446424,0.10624339,-3.6444385,-3.4866495,-3.1099014,1
0.0,0,9.827045,-0.18565191,-0.23573986,2.10388,0.9316688,-1.983664,0.4733683,-0.042899985,0.9827587,-1.2330412,1.9121737,-4.338,-0.5100408,-3.6979978,-3.887191,1.0557568,0.106727034,-3.6568823,-3.5106611,-3.1214178,1
0.0,0,9.7364025,-0.29355547,-0.28717616,2.0534027,0.9274406,-1.9034818,0.40489626,0.020449203,1.0607762,-1.262482,1.9940305,-4.305081,-0.52534944,-3.7075207,-3.8829467,1.0818995,0.109042645,-3.683336,-3.5600061,-3.145105,1
15.0,11,-4.963685,-1.8855646,-0.93770456,4.52962,-4.2131457,-1.3721832,-2.6669948,0.3176239,-0.58381957,-0.8322686,0.28278837,10.02465,-4.2432475,2.3609986,-1.3552872,1.8579665,1.4878519,-1.5340035,-1.265253,-2.7824671,0
15.0,11,-4.9614396,-1.8890257,-0.93048173,4.5277324,-4.2159953,-1.3718908,-2.6688519,0.3186133,-0.5802003,-0.8254401,0.28228477,10.010683,-4.245548,2.360581,-1.3556876,1.8538874,1.4891888,-1.5291502,-1.268844,-2.7865894,0
15.0,11,-4.9831057,-1.8540156,-0.98805,4.513274,-4.182894,-1.3754781,-2.6588027,0.30801642,-0.6056998,-0.8941339,0.26211107,10.153962,-4.2186594,2.3779528,-1.3516779,1.9253509,1.4714234,-1.5852343,-1.2328042,-2.7349017,0
15.0,11,-4.9854455,-1.843661,-0.9889262,4.4520326,-4.1689615,-1.3841312,-2.6750238,0.2936683,-0.6084578,-0.9188812,0.20596178,10.203384,-4.1826897,2.4246798,-1.3395426,2.015681,1.4521745,-1.6421268,-1.220996,-2.6944852,0
15.0,11,-5.0116177,-1.8667387,-1.012566,4.470374,-4.182312,-1.357894,-2.6737053,0.3165587,-0.61906016,-0.88249093,0.2540661,10.169928,-4.1961303,2.4022684,-1.3148752,1.9524562,1.461999,-1.6109535,-1.2345253,-2.7254226,0
15.0,11,-4.9617085,-1.8898594,-0.9368591,4.5397673,-4.2161946,-1.3707752,-2.6650162,0.31949508,-0.58212775,-0.82590175,0.29452875,10.011874,-4.2496076,2.3519578,-1.3584994,1.8403037,1.492983,-1.5223505,-1.2688385,-2.7899473,0
18.0,18,-1.8618014,-0.51172096,-0.44014412,-2.3544502,-2.924953,-0.31928948,-1.9308319,-0.69210184,1.6615301,2.9822073,-2.6216123,-1.1010543,-0.9897062,-0.16779982,-0.7614975,0.40599638,0.094187975,-0.75478476,12.899416,0.16510972,1
18.0,18,-1.8683047,-0.5141255,-0.4393651,-2.3660152,-2.9392715,-0.32809055,-1.937356,-0.67871606,1.656471,3.0250845,-2.6532953,-1.1017984,-1.0122725,-0.15598142,-0.7454677,0.41744214,0.11175242,-0.7687773,12.89255,0.2071189,1
18.0,18,-1.8961103,-0.48648193,-0.50891894,-2.3644357,-2.959107,-0.28654313,-1.7534727,-0.6436539,2.0302231,2.6492603,-2.3701606,-1.1385789,-0.8418968,-0.43271756,-0.9190756,0.38320667,-0.10445817,-0.82672495,12.900477,-0.013790522,1
18.0,18,-1.8078337,-0.42101574,-0.37671736,-2.29549,-2.8344336,-0.34271714,-1.8383353,-0.8221106,2.1373253,2.4386878,-2.2301543,-1.1872537,-0.524897,-0.4378034,-0.99012226,0.21748096,-0.3506825,-0.71672153,12.937216,-0.23998588,1
18.0,18,-1.8271577,-0.46343943,-0.40895364,-2.3182428,-2.8858752,-0.35090768,-1.9154756,-0.7485189,1.804578,2.8259227,-2.4929461,-1.1420069,-0.8671757,-0.23180887,-0.8412723,0.33500376,-0.05636911,-0.7253927,12.918162,0.006803721,1
18.0,18,-1.8609035,-0.5124893,-0.43734658,-2.355039,-2.9244814,-0.32043406,-1.9344711,-0.69431865,1.6542044,2.9928923,-2.6289654,-1.1010394,-0.98843974,-0.16334203,-0.75760007,0.40478942,0.0973288,-0.7516471,12.89806,0.16866502,1
2.0,2,-0.24563132,0.8213709,11.913716,-0.84042895,-1.4270971,-1.2974873,-1.9358501,1.3833762,1.9542714,1.2154846,-4.186546,-0.819065,1.6016687,4.0380244,-1.7454067,-1.8648986,-2.115506,-0.09274586,-2.3964174,-3.0066917,1
2.0,2,-0.24559495,0.8213594,11.913723,-0.840469,-1.4270902,-1.297458,-1.9358445,1.3833724,1.9543189,1.2155104,-4.186526,-0.8191097,1.6017154,4.0379386,-1.7453957,-1.8649117,-2.1155076,-0.09276629,-2.3964372,-3.0067036,1
2.0,2,-0.2456227,0.82118857,11.913695,-0.8402767,-1.4273819,-1.2978482,-1.9361924,1.383562,1.9539858,1.215919,-4.186437,-0.818921,1.6009952,4.038327,-1.7452335,-1.8647678,-2.1151724,-0.09237533,-2.39677,-3.0066767,1
2.0,2,-0.24549413,0.82036966,11.913646,-0.8409411,-1.4269813,-1.2979208,-1.9353384,1.3835602,1.9538765,1.215376,-4.186217,-0.8195212,1.60373,4.0381494,-1.7459718,-1.8649554,-2.1154044,-0.09288632,-2.3966465,-3.006565,1
2.0,2,-0.24566463,0.8211751,11.913688,-0.8404889,-1.4270736,-1.2976109,-1.9357501,1.3834171,1.9541461,1.2153977,-4.1864896,-0.81908303,1.6020539,4.038162,-1.7455393,-1.8648928,-2.1155019,-0.0927564,-2.3964431,-3.0066516,1
2.0,2,-0.24564812,0.8213709,11.9137125,-0.84041303,-1.4270986,-1.2975032,-1.9358515,1.3833722,1.9542484,1.2154737,-4.1865573,-0.8190478,1.6016629,4.0380716,-1.7454165,-1.8648952,-2.1155045,-0.09273022,-2.3964126,-3.006685,1
12.0,13,-3.9601152,0.055505235,4.0924516,-0.973368,-1.9345465,1.9286785,-3.7389686,-0.5329466,2.5901003,-0.72085303,-3.975944,0.47626418,7.207393,9.0455,-3.2768571,-0.81212294,-4.867283,-3.1779141,-0.68439096,-4.442142,0
12.0,13,-3.9601583,0.055379402,4.0927424,-0.9740033,-1.9348114,1.9290599,-3.7394662,-0.5331555,2.5907056,-0.72061485,-3.975773,0.47600204,7.2074666,9.044725,-3.2765453,-0.81174517,-4.867204,-3.1780682,-0.68408406,-4.442303,0
12.0,13,-3.9582274,0.05423839,4.0897813,-0.97354925,-1.9331976,1.926965,-3.7356737,-0.5330779,2.5880141,-0.7222808,-3.9758594,0.47642744,7.213789,9.045167,-3.279628,-0.8132864,-4.8662877,-3.1777408,-0.6839271,-4.4411874,0
12.0,13,-3.957222,0.053464364,4.090408,-0.9750379,-1.9335107,1.9279069,-3.73628,-0.53436214,2.59077,-0.7210584,-3.9754424,0.47497836,7.216008,9.042007,-3.280783,-0.8128241,-4.865964,-3.1781328,-0.6841009,-4.4412637,0
12.0,13,-3.9599776,0.056217026,4.092568,-0.972064,-1.9346173,1.9272517,-3.7383564,-0.532462,2.5886064,-0.72138643,-3.9766014,0.4764827,7.2065196,9.047598,-3.2770398,-0.8125858,-4.867588,-3.1774828,-0.6839565,-4.441909,0
12.0,13,-3.9600637,0.055384647,4.0922985,-0.97363174,-1.9345049,1.928711,-3.7389176,-0.53298265,2.5900242,-0.7209246,-3.9758801,0.4762752,7.207823,9.045275,-3.2768068,-0.812062,-4.867173,-3.177967,-0.6842059,-4.4421387,0
15.0,15,-3.3712049,-4.007629,-3.652427,-1.0650445,-1.1967574,-1.0606228,-3.6802137,0.06101122,-3.0098705,1.0057552,-1.0314516,2.8091352,-2.8858752,2.4468586,2.5772474,9.8184595,4.182076,-3.4721766,-2.0360153,-1.2474954,1
15.0,15,-3.3699627,-4.0097265,-3.653907,-1.0667067,-1.1944964,-1.0608265,-3.680654,0.059706952,-3.0084615,1.0044072,-1.026937,2.7948213,-2.8826058,2.4489672,2.5771787,9.820773,4.18018,-3.470541,-2.040093,-1.2502604,1
15.0,15,-3.369069,-3.9954858,-3.6335201,-1.0575033,-1.2055984,-1.0612526,-3.6702013,0.06473173,-3.0177937,1.0203314,-1.069967,2.8901901,-2.902564,2.4338367,2.5620167,9.802835,4.2028,-3.4780264,-2.0102847,-1.2250161,1
15.0,15,-3.3676631,-3.9920416,-3.6391647,-1.0790076,-1.2123795,-1.0619688,-3.6759555,0.060965855,-3.0116167,1.0148826,-1.0711751,2.9205348,-2.8902736,2.4282625,2.5663126,9.811724,4.205297,-3.4896631,-2.0024595,-1.2130932,1
15.0,15,-3.3585708,-4.004457,-3.6550436,-1.0777521,-1.2090895,-1.0621139,-3.6758623,0.06564523,-3.0205798,1.0362674,-1.0499548,2.87237,-2.8834262,2.4225163,2.5849938,9.805536,4.202736,-3.5027075,-2.0091412,-1.2153916,1
15.0,15,-3.3714113,-4.008148,-3.6501536,-1.0600334,-1.1955414,-1.0610352,-3.6792982,0.06107145,-3.0110803,1.0058644,-1.0316195,2.8037758,-2.888426,2.4488542,2.5745356,9.816364,4.182539,-3.4678276,-2.0382154,-1.2507517,1
0.0,0,10.994736,3.0136933,1.2870009,3.7408407,1.1644579,-3.326326,1.0305705,-2.6751482,1.0131208,-0.51596975,-0.16357882,-5.1121635,0.22578976,-3.1541786,-4.334487,-0.02126664,-0.9517363,-2.3305378,-2.95453,-2.8529506,1
0.0,0,10.994472,3.013211,1.2871659,3.7407603,1.1645544,-3.3260007,1.0299346,-2.6754088,1.0141034,-0.515959,-0.16310643,-5.1120453,0.22603671,-3.1542227,-4.334628,-0.0215974,-0.951868,-2.3306005,-2.9550965,-2.8531983,1
0.0,0,10.997929,3.0376916,1.2837665,3.7463298,1.1498944,-3.3424978,1.0550689,-2.6720471,0.979174,-0.52351284,-0.178349,-5.113279,0.23106119,-3.1449804,-4.3306904,-0.0071073766,-0.9545649,-2.329964,-2.9373958,-2.8496344,1
0.0,0,10.999727,3.0500593,1.2840321,3.752069,1.1426419,-3.3514028,1.0688826,-2.669794,0.9588616,-0.52859086,-0.18719257,-5.1131687,0.23679212,-3.1385884,-4.330188,-0.0026192362,-0.9544491,-2.3298454,-2.9290526,-2.8487887,1
0.0,0,10.999187,3.0412352,1.2896951,3.7491968,1.1524228,-3.3443964,1.0552945,-2.6730325,0.9773104,-0.52301747,-0.18365626,-5.113258,0.23549142,-3.1416774,-4.3319263,-0.012049831,-0.9555724,-2.3288686,-2.9377933,-2.8505983,1
0.0,0,10.994129,3.0135586,1.2874812,3.7396803,1.1646364,-3.3255389,1.0286086,-2.6762881,1.016514,-0.51541734,-0.16284071,-5.1120596,0.22555403,-3.1543567,-4.334306,-0.021356583,-0.9533019,-2.3304105,-2.9556572,-2.853325,1
14.0,14,-3.1468632,-0.51554346,-1.9301394,-4.105477,-1.628128,1.6466194,-4.7501235,1.4799676,-1.6031883,0.91274667,0.8623708,2.0254524,-2.2743156,-2.0348043,12.353895,3.9205213,0.4559176,-1.1261168,-0.7686671,-1.9889157,1
14.0,14,-3.1458116,-0.5138548,-1.9314611,-4.1048207,-1.6295209,1.6486033,-4.749487,1.4755381,-1.6014482,0.9178805,0.8628147,2.0228186,-2.274817,-2.0361197,12.353501,3.918289,0.45381498,-1.1255193,-0.76839703,-1.9893363,1
14.0,14,-3.1629355,-0.49432716,-1.9340185,-4.078383,-1.6404283,1.6477019,-4.753972,1.489104,-1.6002951,0.88886553,0.8734444,2.0874467,-2.2781658,-2.0309014,12.343185,3.8833425,0.44000733,-1.1273773,-0.7631788,-2.0021656,1
14.0,14,-3.1706936,-0.48411968,-1.9385267,-4.0687156,-1.6471341,1.6552345,-4.7563734,1.4917728,-1.5964042,0.88139045,0.88046294,2.1110222,-2.2808437,-2.0327854,12.337538,3.866666,0.42884666,-1.1271033,-0.75853956,-2.0089169,1
14.0,14,-3.1549556,-0.4965094,-1.9334224,-4.080099,-1.6402495,1.6440799,-4.7521687,1.4756125,-1.5970912,0.9066715,0.87291974,2.0686157,-2.2779548,-2.0348604,12.345363,3.8821774,0.4425962,-1.1251514,-0.7585209,-2.0007362,1
14.0,14,-3.1465178,-0.5161584,-1.9300131,-4.106278,-1.6274564,1.6467669,-4.750148,1.480156,-1.6034056,0.9118289,0.86063755,2.02371,-2.2739327,-2.034242,12.354236,3.9240396,0.45574796,-1.1271937,-0.7685091,-1.9886457,1
7.0,7,-0.07019162,-3.3920496,0.7588379,-2.1676855,3.9218416,-0.40747827,5.690864,11.594391,-1.4686916,-1.006669,-0.60362655,-3.1183178,2.0209951,-1.8488181,-3.1791034,-2.58045,-1.1186867,-2.8884459,-2.8847628,-3.2597919,1
7.0,7,-0.062325925,-3.3973396,0.7669063,-2.1678066,3.9468317,-0.40895218,5.685163,11.579686,-1.4759043,-0.9965604,-0.6088917,-3.1247993,2.0297344,-1.8494289,-3.173059,-2.5890825,-1.1158016,-2.8848598,-2.8873162,-3.257732,1
7.0,7,-0.11871843,-3.3510602,0.7091345,-2.1455154,3.7052174,-0.45995077,5.786077,11.684247,-1.4345878,-1.0839558,-0.55464685,-3.0328183,1.9499118,-1.8689444,-3.218011,-2.54301,-1.0650364,-2.8972256,-2.845029,-3.2740984,1
7.0,7,-0.1457417,-3.3320975,0.6820247,-2.142091,3.6014977,-0.47734788,5.804466,11.740872,-1.4153928,-1.1219988,-0.5327522,-2.9953742,1.9078753,-1.8705033,-3.2314632,-2.513533,-1.0467372,-2.899216,-2.8333344,-3.2781675,1
7.0,7,-0.087536156,-3.3685808,0.7142244,-2.159019,3.826367,-0.40989384,5.7405043,11.644263,-1.4609808,-1.0477856,-0.5945608,-3.0937476,1.9752146,-1.8495424,-3.1997843,-2.5367184,-1.1086291,-2.9124057,-2.86357,-3.2716548,1
7.0,7,-0.07094093,-3.3901463,0.75691795,-2.166817,3.9242816,-0.4020197,5.6968293,11.5917635,-1.4669595,-1.0081079,-0.60480493,-3.121854,2.024754,-1.8474835,-3.182597,-2.5789871,-1.1287241,-2.8925412,-2.8840685,-3.262279,1
8.0,8,-1.2139747,-1.3032825,0.27757227,-2.1126375,-0.6294995,0.24345729,-3.4656153,-2.95408,11.575882,1.7539409,2.2357855,-0.61491114,1.7612448,-1.9229479,-2.264343,-1.3862603,-4.134027,-0.97441196,-2.9604864,-0.07171758,1
8.0,8,-1.215323,-1.3039514,0.27830002,-2.112172,-0.62917835,0.23993075,-3.471916,-2.9542563,11.576,1.757111,2.2378533,-0.613378,1.7576697,-1.9207082,-2.2613766,-1.3876352,-4.132857,-0.97293556,-2.96358,-0.06409427,1
8.0,8,-1.1789236,-1.2953302,0.27041706,-2.1418378,-0.6129067,0.33509445,-3.3222663,-2.9056668,11.561465,1.6709225,2.1713128,-0.69045496,1.888932,-1.9512558,-2.362344,-1.3685352,-4.1849036,-0.99418116,-2.902724,-0.21011418,1
8.0,8,-1.1604335,-1.2907251,0.26811236,-2.170228,-0.60889167,0.4114621,-3.197184,-2.8609142,11.548974,1.6059952,2.107382,-0.75832224,1.99085,-1.9716247,-2.457761,-1.3440408,-4.2276497,-1.0119679,-2.8329523,-0.28552833,1
8.0,8,-1.1973779,-1.3004506,0.27435076,-2.132885,-0.61728776,0.30207324,-3.3743243,-2.9179301,11.566862,1.7012264,2.1928213,-0.6643826,1.8325546,-1.9381685,-2.333745,-1.370852,-4.165556,-0.98648274,-2.9190643,-0.13426507,1
8.0,8,-1.2128034,-1.3029549,0.27727264,-2.112576,-0.6303917,0.2445314,-3.4635272,-2.9543967,11.576104,1.7530645,2.2352345,-0.6155503,1.7640369,-1.9238256,-2.2650223,-1.3865895,-4.1346216,-0.97512555,-2.9596364,-0.07689022,1
11.0,11,-4.7344794,-2.518341,-2.2859273,2.973852,-2.8164945,-0.48480138,-2.3330226,0.02406051,-2.1793199,-2.0820594,3.1409726,13.271337,-2.3423972,-0.014134053,1.0514555,0.25357622,3.2771773,-0.81016624,-1.6900983,-2.0492063,1
11.0,11,-4.7342725,-2.5211787,-2.2897444,2.9673755,-2.8169756,-0.4850532,-2.3379407,0.026521835,-2.182609,-2.0751202,3.139509,13.270252,-2.346603,-0.019600257,1.0648891,0.25739446,3.2868953,-0.81133616,-1.688708,-2.047437,1
11.0,11,-4.739191,-2.5003207,-2.2644372,3.0092447,-2.810131,-0.47848436,-2.3005152,0.006639302,-2.1554267,-2.141356,3.161357,13.27949,-2.3138545,0.025521059,0.95709515,0.24224354,3.1988225,-0.8009158,-1.7045398,-2.0613718,1
11.0,11,-4.7398024,-2.484448,-2.2399096,3.0210516,-2.8091908,-0.47722617,-2.288321,-0.00051588565,-2.1451545,-2.1651096,3.1475735,13.286998,-2.2950191,0.055714387,0.9170064,0.23545025,3.1627455,-0.80329007,-1.7045485,-2.0645816,1
11.0,11,-4.7397394,-2.4991338,-2.2572086,3.0063608,-2.8137517,-0.47973636,-2.30623,0.012867112,-2.160961,-2.1266608,3.1454918,13.278291,-2.3135965,0.028621215,0.975904,0.23582897,3.2057931,-0.80847067,-1.6995462,-2.0602577,1
11.0,11,-4.734722,-2.5206861,-2.289155,2.9713292,-2.817082,-0.48491088,-2.3351674,0.025251504,-2.1806388,-2.0787022,3.1434789,13.270253,-2.3444571,-0.018083751,1.0580024,0.25422078,3.2818623,-0.81010747,-1.6901741,-2.0489495,1
17.0,17,-2.5671062,2.6780188,1.8201336,3.9331913,1.0325214,0.9834002,-3.836389,-2.352477,-1.3402393,-2.2920485,-1.8153852,2.1549282,-2.2263505,2.5193093,1.524929,-1.5198545,-0.88384575,10.660704,-3.3595333,-3.2483227,1
17.0,17,-2.5671446,2.6780026,1.8194484,3.9333832,1.0344037,0.98567,-3.8360543,-2.3528588,-1.3399576,-2.2915082,-1.8161596,2.154639,-2.2268136,2.517387,1.5272573,-1.5191736,-0.8848785,10.659945,-3.3606405,-3.2489388,1
17.0,17,-2.565658,2.6714292,1.7997601,3.9177332,1.0213224,0.9441615,-3.8360026,-2.3468566,-1.3430805,-2.2989097,-1.7652109,2.1382277,-2.2081256,2.5295303,1.5045217,-1.5322465,-0.89325595,10.687463,-3.3538275,-3.2283275,1
17.0,17,-2.5663218,2.6685848,1.8078005,3.9090652,1.0104432,0.9320812,-3.8419087,-2.345918,-1.3396782,-2.3027308,-1.7605487,2.142824,-2.2060103,2.5373764,1.4891334,-1.5315322,-0.8810947,10.694348,-3.3480322,-3.2244353,1
17.0,17,-2.5649388,2.6781688,1.8220265,3.9433093,1.0287545,0.9746684,-3.8342783,-2.3552923,-1.3412552,-2.292726,-1.8120328,2.151607,-2.2304351,2.522821,1.5173856,-1.5213524,-0.88256377,10.659913,-3.3582106,-3.2462533,1
17.0,17,-2.567215,2.6786437,1.819486,3.9353476,1.0339864,0.98608863,-3.8354566,-2.3526025,-1.3410746,-2.2912467,-1.8176373,2.1552584,-2.2274566,2.5183976,1.5275605,-1.5200144,-0.8846874,10.65869,-3.3603606,-3.2498384,1
16.0,16,-1.9455898,-3.9505045,-3.372504,-0.34512827,-3.8263707,-0.8421631,-2.63257,-1.1746927,-3.5577536,0.6140005,1.7257308,6.6219745,1.8183227,1.357796,-0.50397444,-0.331663,10.762945,-0.3068777,-2.9664688,-0.20193067,1
16.0,16,-1.9446058,-3.950543,-3.372392,-0.34490576,-3.8274064,-0.8435213,-2.6323087,-1.1742452,-3.5577888,0.6149528,1.726654,6.6201377,1.8160622,1.3553009,-0.50359356,-0.33138472,10.764853,-0.3063035,-2.9651253,-0.201085,1
16.0,16,-1.9532702,-3.9549093,-3.3906655,-0.34053382,-3.8226647,-0.8335584,-2.6342745,-1.1779954,-3.5585997,0.59685177,1.7471037,6.6307716,1.8334146,1.3689175,-0.50905055,-0.3340199,10.743082,-0.31054863,-2.9796722,-0.20904678,1
16.0,16,-1.95842,-3.9523003,-3.3852222,-0.34366688,-3.820109,-0.82757115,-2.6376245,-1.1780732,-3.5568125,0.5965088,1.7342794,6.64436,1.8381243,1.3796319,-0.50868183,-0.33484605,10.737334,-0.31156248,-2.982749,-0.21113089,1
16.0,16,-1.9484713,-3.9499793,-3.3707132,-0.34627226,-3.8228822,-0.83937395,-2.6339164,-1.1762545,-3.558316,0.6118947,1.7204506,6.6255455,1.8260711,1.3695886,-0.5051388,-0.33255827,10.757339,-0.3081567,-2.9705892,-0.20513177,1
16.0,16,-1.9446914,-3.951151,-3.373457,-0.34467426,-3.8266878,-0.8425463,-2.6321213,-1.1741961,-3.557999,0.6143563,1.7277395,6.6200557,1.8179086,1.3558706,-0.5038021,-0.33173814,10.763297,-0.30776256,-2.966169,-0.2016015,1
19.0,19,0.034493238,-1.3445165,-0.9669608,-0.21513118,5.964348,-0.94332856,3.0014515,-0.21889375,-0.058828644,0.6402048,-1.1710826,-2.7082942,1.579549,-2.1379266,-3.7666726,0.33199468,-1.095448,-2.108055,0.80515105,11.648582,1
19.0,19,0.040176302,-1.3417041,-0.96062773,-0.21055524,5.948758,-0.9553629,3.0131683,-0.20036818,-0.051380403,0.6494901,-1.1682959,-2.7176852,1.5905647,-2.1394498,-3.7641642,0.31021824,-1.1064037,-2.10316,0.7779192,11.658768,1
19.0,19,0.03015466,-1.3528132,-1.0793797,-0.20661004,5.571238,-1.0215404,3.1580784,-0.17498495,-0.32039744,0.67407787,-1.0518895,-2.6581764,1.6999356,-2.2788985,-3.6302595,0.34198862,-0.90350616,-2.0364923,0.91359586,11.872544,1
19.0,19,0.13574915,-1.6890428,-1.0884209,-0.25921372,5.2821326,-1.3738068,2.1972177,-0.7308457,-0.050536804,1.0910981,-0.482376,-2.7876828,2.1998632,-1.9117182,-3.2705097,0.078288786,-0.71214527,-2.0815516,0.20948943,12.191543,1
19.0,19,0.13054805,-1.4850525,-0.97350705,-0.24826352,5.671185,-1.1720214,2.5584648,-0.4577437,-0.10975627,0.9280972,-0.8899459,-2.7738614,1.7560853,-2.0649526,-3.4461834,0.26480442,-0.87581974,-2.0894148,0.5710604,12.024501,1
19.0,19,0.036266834,-1.3521377,-0.97380865,-0.207619,5.978597,-0.94796723,2.9855957,-0.24829529,-0.04754912,0.6400977,-1.1480999,-2.7172139,1.5894622,-2.1385002,-3.7646153,0.3313322,-1.1012152,-2.1054301,0.7902816,11.636334,1
17.0,17,-2.6106882,2.4532218,0.46716902,0.87671614,0.5323405,0.3141149,-2.3133943,-1.8589482,-0.78202134,-1.8485467,0.21675426,0.37056327,-1.4751934,1.5176991,0.88991714,-1.0564358,-1.4651995,11.874824,-3.3504548,-1.6789111,1
17.0,17,-2.609715,2.4531212,0.46724653,0.8741126,0.5363564,0.31674874,-2.313647,-1.8555298,-0.78181326,-1.8470911,0.21760198,0.36627156,-1.4751701,1.5142646,0.8932927,-1.0553957,-1.4668541,11.873915,-3.3546667,-1.6808245,1
17.0,17,-2.638526,2.4591076,0.45117658,0.76919687,0.48865277,0.45097193,-2.3297875,-1.8982317,-0.72902966,-1.775331,0.20976762,0.33265936,-1.4693657,1.4954066,0.88341933,-1.0424651,-1.4622178,11.880149,-3.3432384,-1.67136,1
17.0,17,-2.6418858,2.454337,0.463553,0.79441416,0.4279877,0.35958445,-2.4068298,-1.877688,-0.7475449,-1.771656,0.27110595,0.39241448,-1.4681617,1.5241973,0.8802818,-1.0688689,-1.4405254,11.87821,-3.314917,-1.6852161,1
17.0,17,-2.6177065,2.4538598,0.46203902,0.860371,0.50300366,0.33556056,-2.3220546,-1.8880757,-0.76109517,-1.8340569,0.2241435,0.37881172,-1.4793509,1.5061346,0.8703497,-1.0577967,-1.4461201,11.885289,-3.3313208,-1.6680014,1
17.0,17,-2.6114123,2.452849,0.46511474,0.8726206,0.5362631,0.3226885,-2.3082402,-1.8594221,-0.78053993,-1.8478643,0.21313591,0.36556154,-1.4744444,1.516707,0.8909776,-1.055251,-1.4679737,11.874774,-3.3527064,-1.6780466,1
15.0,4,-0.5553982,-0.4207717,-2.0593884,0.6554237,9.1917715,2.0450394,6.9518385,3.4271367,-4.0777974,-4.425439,-2.5075724,-1.3576407,-2.9333582,-1.5855204,-3.2453656,5.3765225,0.79210174,-2.7950268,-3.3443508,-0.22105613,0
15.0,4,-0.55011404,-0.41988125,-2.0566595,0.65651923,9.198643,2.0340307,6.95498,3.4291096,-4.0772157,-4.4228606,-2.5096648,-1.3633058,-2.930491,-1.5878261,-3.2426984,5.372504,0.7902412,-2.793508,-3.3487015,-0.22620541,0
15.0,4,-0.5255789,-0.40145206,-2.0356026,0.6943716,9.294079,2.0959527,7.0262523,3.4282517,-4.0846934,-4.388859,-2.5480747,-1.3657986,-2.9019203,-1.619431,-3.281288,5.209094,0.77587086,-2.7705956,-3.3322022,-0.23114383,0
15.0,4,-0.5133374,-0.39767605,-2.0302124,0.70544857,9.328259,2.0894575,7.0415144,3.4224038,-4.085933,-4.379179,-2.5554702,-1.3681087,-2.9002595,-1.6318228,-3.2805753,5.1721163,0.78051126,-2.7637458,-3.3362908,-0.23336828,0
15.0,4,-0.53675425,-0.41214523,-2.0484228,0.67745113,9.258161,2.0460596,6.9721923,3.4035113,-4.0790977,-4.399262,-2.5251603,-1.3510416,-2.9330745,-1.6076326,-3.2510293,5.3003907,0.8046495,-2.7850454,-3.340097,-0.19551954,0
15.0,4,-0.5611167,-0.42194375,-2.0599532,0.6506626,9.186015,2.0550106,6.945989,3.4289458,-4.07766,-4.4273167,-2.5083163,-1.3544248,-2.9341023,-1.5808748,-3.245457,5.3831296,0.79018396,-2.7952664,-3.3432472,-0.2214435,0
6.0,7,-2.6882126,-0.59056216,1.7428697,-2.1196368,-1.6361,0.4557879,1.9302348,11.81737,-2.8354275,-2.5615785,-2.1033874,2.2541213,-1.5544941,0.7896564,0.24594527,2.0037642,-1.1682816,-3.5195968,-2.4649274,-3.0442128,0
6.0,7,-2.6920552,-0.5518185,1.7480663,-2.0928886,-1.6507198,0.4388108,1.9616225,11.805266,-2.833042,-2.5643897,-2.121096,2.281588,-1.565395,0.7974495,0.23156482,1.9799806,-1.1784306,-3.5070045,-2.459578,-3.0600984,0
6.0,7,-2.7236934,-0.29019588,1.9203364,-1.9108803,-1.779262,0.30842993,2.068732,11.668239,-2.7976358,-2.52154,-2.2969005,2.4792314,-1.6147015,0.9022118,0.124666214,1.8131835,-1.2392603,-3.4111037,-2.4182956,-3.1028407,0
6.0,7,-2.7134936,-0.3058117,1.9995642,-1.8858266,-1.8046865,0.2852372,2.0441248,11.660382,-2.7688782,-2.4934359,-2.309087,2.4908159,-1.590925,0.9317951,0.04630521,1.7661233,-1.2281375,-3.4087021,-2.4193237,-3.0798886,0
6.0,7,-2.733767,-0.3346291,1.8033044,-1.9225935,-1.7346745,0.317097,2.1131244,11.707209,-2.824498,-2.5836742,-2.2307625,2.4817088,-1.6424136,0.8650499,0.14170614,1.8445019,-1.2173721,-3.438666,-2.415674,-3.0881097,0
6.0,7,-2.6880066,-0.60518545,1.7363989,-2.1305692,-1.6280925,0.4625351,1.9200397,11.821728,-2.8388321,-2.5632944,-2.095887,2.2444003,-1.5525045,0.78523165,0.25519958,2.0163026,-1.1639484,-3.5250826,-2.4664867,-3.036423,0
11.0,11,-5.469078,-2.7435136,-2.1347966,4.2021713,-3.0879197,0.05871953,-1.5016592,-0.8606967,-0.25852254,-3.2300625,6.0996675,11.483996,-0.7660345,1.4479219,-1.913131,-1.3447427,-0.2045769,-0.6949689,-3.224184,-2.5647213,1
11.0,11,-5.4706526,-2.744191,-2.1375735,4.1984267,-3.0882802,0.05927892,-1.5027279,-0.8601138,-0.25831687,-3.2290826,6.102522,11.485534,-0.7679799,1.4448572,-1.9078348,-1.3434775,-0.20352292,-0.69505537,-3.2236624,-2.5634656,1
11.0,11,-5.4638176,-2.7387595,-2.1102924,4.209604,-3.086604,0.0576092,-1.5002656,-0.85831344,-0.2635614,-3.2348273,6.071428,11.481131,-0.7516295,1.4791045,-1.9419447,-1.3432494,-0.2149081,-0.6980411,-3.225865,-2.569076,1
11.0,11,-5.458561,-2.7365386,-2.1052346,4.223327,-3.084134,0.054960556,-1.4960564,-0.86247164,-0.26291597,-3.2405941,6.0624685,11.478671,-0.7481128,1.4815751,-1.9532592,-1.3435633,-0.21623753,-0.6952932,-3.22765,-2.5709722,1
11.0,11,-5.4655876,-2.7404644,-2.1086054,4.196237,-3.0876951,0.05618052,-1.5058075,-0.85212547,-0.27069274,-3.231147,6.0643992,11.495537,-0.75542986,1.470857,-1.9245936,-1.3376505,-0.20152186,-0.6994229,-3.2177544,-2.5673485,1
11.0,11,-5.4685655,-2.744407,-2.1391604,4.2079587,-3.0874424,0.059028357,-1.4998319,-0.8640743,-0.25469917,-3.2310574,6.1079674,11.477626,-0.76587594,1.4450104,-1.9157152,-1.3482766,-0.20791325,-0.6937444,-3.2273111,-2.5654535,1
2.0,2,-0.72377914,0.47238192,11.483198,-0.45817265,-1.345539,-0.94481987,-2.5267248,0.1345403,1.195068,1.9866805,-6.348295,-1.310357,2.390289,6.7510114,-2.132509,-1.8199662,-2.416596,-0.2566524,-0.83332205,-2.6507397,1
2.0,2,-0.7233449,0.4719817,11.483653,-0.45873842,-1.3454639,-0.9448496,-2.5267644,0.13466355,1.1953503,1.9874046,-6.3481746,-1.3107591,2.3909109,6.7499228,-2.1322083,-1.8200465,-2.4165263,-0.25694662,-0.8336096,-2.6503658,1
2.0,2,-0.7270136,0.4736855,11.481279,-0.45590052,-1.3473185,-0.9452919,-2.5262992,0.13537842,1.1969228,1.983365,-6.3470116,-1.3089459,2.3888237,6.7563725,-2.1358955,-1.820114,-2.4204328,-0.25703508,-0.83265215,-2.65164,1
2.0,2,-0.7286358,0.47646996,11.480397,-0.45449755,-1.3477875,-0.94623363,-2.5255964,0.13577262,1.1982191,1.9785962,-6.3475447,-1.3079801,2.3854609,6.759246,-2.1375825,-1.8186799,-2.4219368,-0.2572906,-0.829144,-2.6524453,1
2.0,2,-0.72552484,0.4746658,11.4823675,-0.45595983,-1.3464949,-0.94542265,-2.5265584,0.13492227,1.1962063,1.9840455,-6.347921,-1.308983,2.3866715,6.7537045,-2.134069,-1.8195597,-2.4184182,-0.25660154,-0.83205104,-2.652135,1
2.0,2,-0.72384566,0.4723281,11.483122,-0.45804194,-1.3455678,-0.94473296,-2.5267537,0.13452035,1.1949948,1.9867375,-6.348227,-1.3102846,2.3902783,6.7511454,-2.132541,-1.8200659,-2.4166033,-0.2565489,-0.8335238,-2.6508422,1
12.0,12,-2.5289614,-1.8796897,0.18606846,-2.220913,-2.662866,0.04010275,-1.4800688,-1.4173512,2.6119962,-1.1601409,-1.860423,-1.133156,12.2256155,4.9551654,-2.600111,-0.86849123,-4.6258926,-2.4217687,2.9379697,-1.3868794,1
12.0,12,-2.5283723,-1.8782951,0.18814696,-2.2213638,-2.6635065,0.037967768,-1.4810762,-1.4182624,2.6104326,-1.1617417,-1.8641034,-1.1337186,12.221976,4.9577317,-2.6008997,-0.86768645,-4.622743,-2.4218032,2.9499352,-1.3860532,1
12.0,12,-2.4916482,-1.8967209,0.13765931,-2.2355318,-2.6277652,0.06754156,-1.4256175,-1.403488,2.6664836,-1.1044964,-1.7807269,-1.1731373,12.321059,4.7715464,-2.5655057,-0.8777273,-4.7003665,-2.4151254,2.7462952,-1.3951321,1
12.0,12,-2.4559035,-1.8963685,0.12515967,-2.2504823,-2.615603,0.06937498,-1.3884974,-1.3893095,2.708322,-1.0810548,-1.7415181,-1.2209442,12.356114,4.6334,-2.5481365,-0.8838751,-4.734473,-2.4126194,2.7230458,-1.4064393,1
12.0,12,-2.490627,-1.8841668,0.16421135,-2.2354414,-2.6418347,0.048527364,-1.4322464,-1.400242,2.6531968,-1.1234576,-1.8139645,-1.1769966,12.28746,4.799076,-2.5776904,-0.8758154,-4.6715975,-2.41677,2.8547304,-1.3997854,1
12.0,12,-2.5295124,-1.8797418,0.18513687,-2.2203007,-2.6630468,0.040222723,-1.4796147,-1.4172701,2.6122208,-1.1603861,-1.8596153,-1.1325727,12.225372,4.953738,-2.5999916,-0.8685549,-4.626229,-2.4215012,2.9387622,-1.3874174,1
7.0,4,1.2566719,0.10792203,0.79276216,0.7139326,9.434603,1.8559119,3.746975,-1.0121732,-0.77314097,-1.2438515,-5.2464957,-4.266332,1.6190629,-1.322312,-1.482915,3.3364668,-5.656679,-2.1237693,-2.0157716,-0.2812786,0
7.0,4,1.2126203,0.13898009,0.77279896,0.80614394,9.521698,1.8182172,3.6321013,-1.1037995,-0.7902873,-1.3180382,-5.2160816,-4.1460185,1.5490042,-1.3110723,-1.3289692,3.3772495,-5.641128,-2.0632958,-2.0805275,-0.47809887,0
7.0,4,0.8777,0.22463654,0.6803967,1.6659484,9.331863,2.2164066,3.9929035,-2.0321758,-0.90812415,-1.1064152,-5.1881905,-3.5776887,1.1750858,-1.4189881,-1.8837188,3.2566192,-5.0881553,-1.1101825,-2.3080704,-0.96544063,0
7.0,4,0.64953595,0.53759766,1.0483072,2.048738,8.761217,2.1439111,3.8354053,-2.5842593,-0.6954273,-0.3064886,-5.6674695,-3.5714843,0.91713876,-0.910524,-2.4852443,2.72853,-4.9815416,-0.3621284,-2.0994368,-0.3085438,0
7.0,4,1.3581936,0.4398374,1.2886316,1.406265,9.50089,1.1610225,3.4714544,-1.6293694,-0.42736182,-0.49954355,-5.5444336,-4.1848073,1.2181603,-1.1623788,-1.8215983,2.625921,-5.4605293,-1.3853387,-2.3005273,0.71088445,0
7.0,4,1.2442925,0.11739504,0.772578,0.72379553,9.473735,1.8568121,3.8101861,-0.9536133,-0.7847075,-1.2928983,-5.241463,-4.26177,1.6114546,-1.3432226,-1.4767641,3.3390734,-5.6822596,-2.1233833,-2.0274887,-0.2851009,0
16.0,11,-3.8017793,-4.1331964,-3.9020522,2.3925962,-4.3138433,4.677952,-3.6221416,-2.5823538,1.3233092,-1.5409995,2.9373872,7.0654025,0.4678074,-2.0441396,-1.6968513,1.1228741,6.0036654,-1.2416308,-1.3166928,-4.4818716,0
16.0,11,-3.8065574,-4.128513,-3.8992302,2.3903625,-4.314602,4.6886573,-3.6280353,-2.581836,1.3237436,-1.5336497,2.9206882,7.067638,0.46818402,-2.0451853,-1.6846099,1.1260787,5.995621,-1.2414623,-1.3111697,-4.480684,0
16.0,11,-3.766196,-4.166217,-3.9628158,2.5046942,-4.2874246,4.5717945,-3.5438046,-2.5737693,1.2527574,-1.630976,3.0872397,7.077718,0.47668934,-2.0104618,-1.8153858,1.0731639,6.0391603,-1.2428312,-1.4097842,-4.4980454,0
16.0,11,-3.7178273,-4.174536,-3.9357295,2.536642,-4.2917037,4.4908247,-3.5192099,-2.580601,1.2691684,-1.6398876,3.1083937,7.0620666,0.45483926,-2.0263612,-1.8752239,1.0589468,6.1033316,-1.2474444,-1.4185598,-4.4879,0
16.0,11,-3.7812173,-4.154979,-3.9192212,2.4057827,-4.3102326,4.643406,-3.5989385,-2.5807838,1.3134859,-1.5575349,2.9952354,7.0484138,0.46751022,-2.0357356,-1.7489095,1.1096985,6.040541,-1.2436223,-1.3489248,-4.480937,0
16.0,11,-3.804731,-4.132862,-3.9041638,2.3908968,-4.3128324,4.6801753,-3.621987,-2.581817,1.3219311,-1.5443361,2.9392686,7.068458,0.46999747,-2.0416205,-1.6959447,1.1236987,5.999471,-1.241542,-1.3174037,-4.483092,0
14.0,14,-3.3060896,0.116858646,-1.1384125,-4.2290254,-2.48949,0.41509932,-4.8434615,0.8380814,-1.8230851,1.0728567,0.36930117,3.3854814,-2.206523,-1.3950973,11.83884,3.589353,1.5712826,-1.2034738,-0.57353634,-1.3294351,1
14.0,14,-3.3067148,0.1322948,-1.1281283,-4.2299166,-2.486473,0.40450072,-4.841348,0.8406026,-1.8196508,1.078231,0.3566535,3.388464,-2.2085717,-1.3832799,11.835539,3.5828886,1.5675163,-1.2052785,-0.58084327,-1.3263742,1
14.0,14,-3.331879,0.13178374,-1.1964958,-4.2304645,-2.4966035,0.47400537,-4.8154464,0.87784576,-1.8900188,0.9450542,0.36728987,3.3986309,-2.1907992,-1.370708,11.843066,3.7220325,1.5327256,-1.2243178,-0.6477831,-1.3361702,1
14.0,14,-3.34439,0.12415719,-1.2316859,-4.228606,-2.505921,0.4716733,-4.8095593,0.8898905,-1.9152834,0.89504427,0.40485743,3.4093297,-2.1900566,-1.371804,11.846414,3.7748997,1.5330852,-1.230499,-0.687078,-1.3440589,1
14.0,14,-3.3238692,0.13403693,-1.1715889,-4.2193255,-2.499559,0.42559054,-4.8271656,0.85359913,-1.8590089,1.0099839,0.382365,3.407146,-2.2054634,-1.3822111,11.837418,3.647767,1.5555723,-1.2107534,-0.61711144,-1.3350859,1
14.0,14,-3.3071575,0.122075066,-1.1390991,-4.228361,-2.489606,0.4203041,-4.840803,0.8390433,-1.8253566,1.0687131,0.36284253,3.3867958,-2.206232,-1.3923748,11.837975,3.5934684,1.5672787,-1.2046173,-0.5750165,-1.3289741,1
8.0,12,-1.2523925,-2.6590228,2.6193666,-2.454723,-4.464004,0.90155494,-4.593635,-1.4634802,5.856356,8.332405,-2.4926965,-2.1868644,8.619668,1.3688357,-1.8886675,-3.4990075,-3.0220978,-2.8818047,-1.1174151,0.1762749,0
8.0,12,-1.2400792,-2.6603913,2.6234288,-2.4486015,-4.456023,0.8878643,-4.5874553,-1.4655904,5.837043,8.352353,-2.496481,-2.1955428,8.618599,1.3519194,-1.8791627,-3.505427,-3.0119889,-2.8715625,-1.1149536,0.18818274,0
8.0,12,-1.3651462,-2.6796577,2.5860012,-2.5389946,-4.5682178,1.1525481,-4.638362,-1.4700055,6.647766,8.033134,-2.3207185,-2.1492367,8.535473,1.3070302,-2.0888388,-3.3828626,-3.4463708,-3.1563294,-1.1167043,0.18061626,0
8.0,12,-1.441771,-2.669174,2.568617,-2.6027243,-4.6466627,1.3080763,-4.653045,-1.4638996,7.133996,7.804617,-2.226271,-2.108129,8.463396,1.2988182,-2.2011328,-3.2886088,-3.6785798,-3.3161836,-1.1207254,0.12699553,0
8.0,12,-1.3744783,-2.649638,2.6236937,-2.557362,-4.5919476,1.1858091,-4.6417623,-1.4660082,6.635576,8.021709,-2.3666077,-2.1382031,8.567635,1.3828442,-2.0825036,-3.3711503,-3.441162,-3.146837,-1.1819276,0.09234711,0
8.0,12,-1.2500691,-2.6584008,2.617286,-2.453016,-4.458146,0.8922461,-4.590501,-1.4605618,5.8095245,8.341973,-2.4994674,-2.1854804,8.628579,1.3755392,-1.8775356,-3.5038824,-2.9962559,-2.8663375,-1.119599,0.16548055,0
6.0,6,0.8831305,-0.2393219,-1.5687894,0.8752495,3.274508,1.3020667,11.126486,3.4474177,-0.26171735,-1.4742343,-2.3864298,-3.8379319,4.6563325,-3.9229212,-5.9173555,-2.4529495,-3.476783,-1.488902,1.1680055,-0.35587522,1
6.0,6,0.9158935,-0.2428938,-1.5609868,0.8817004,3.281137,1.2596059,11.12701,3.4371088,-0.26085263,-1.4205874,-2.3521621,-3.8877294,4.679094,-3.9442937,-5.8811207,-2.481071,-3.4976974,-1.494636,1.1027311,-0.3199676,1
6.0,6,0.94599336,-0.14070505,-1.5516652,0.74951756,3.2917843,1.1087368,11.038335,2.8971198,-0.51364666,-1.162995,-2.5165198,-4.048557,4.7227077,-4.0607595,-5.776119,-2.1537774,-3.3642364,-1.4119073,1.7312554,0.86738336,1
6.0,6,0.95319647,-0.0960298,-1.5290117,0.66452277,3.3883276,1.205486,10.922666,2.5419583,-0.800783,-0.9811305,-2.6950464,-4.1638904,4.6706347,-4.1569324,-5.670186,-1.8662446,-3.24802,-1.3813596,2.3003666,1.4047124,1
6.0,6,1.0176854,-0.16403629,-1.5388944,0.74044204,3.3125224,1.1488446,11.056108,3.0834143,-0.46841374,-1.1223943,-2.490128,-4.117026,4.781881,-4.074017,-5.724186,-2.258638,-3.449868,-1.4873948,1.4719987,0.5132514,1
6.0,6,0.8944461,-0.2545964,-1.5609087,0.8726648,3.2933655,1.3090476,11.078733,3.3644526,-0.20379487,-1.4363545,-2.370002,-3.871491,4.7033787,-3.9430623,-5.9263916,-2.4556522,-3.5168822,-1.4879797,1.1690706,-0.3057446,1
10.0,10,-1.7045288,-4.473498,-3.9680157,-2.9607604,-1.6239132,-1.6784444,-4.8988714,0.20914066,-2.198395,1.4720155,9.004581,0.21739359,0.014021179,-2.5601604,7.9488325,1.7075908,2.7889457,-1.6436273,-3.2180054,-0.77832484,1
10.0,10,-1.7045124,-4.4735723,-3.9668832,-2.961344,-1.6240208,-1.6786972,-4.8991833,0.20963071,-2.1986232,1.472642,9.002254,0.21792367,0.013824293,-2.560385,7.9506216,1.7088499,2.7894614,-1.6450806,-3.217268,-0.77752966,1
10.0,10,-1.7031083,-4.4726877,-3.977404,-2.956117,-1.6211729,-1.677645,-4.897684,0.20106263,-2.1944866,1.4694853,9.024277,0.20687734,0.014901144,-2.5586958,7.934698,1.6987796,2.7822282,-1.6295292,-3.2229307,-0.7860174,1
10.0,10,-1.703882,-4.471957,-3.979557,-2.9543297,-1.6214799,-1.676356,-4.897122,0.20053111,-2.1941404,1.4672632,9.029145,0.20805503,0.014598219,-2.5576332,7.93139,1.6940706,2.7818837,-1.6252193,-3.2246413,-0.789344,1
10.0,10,-1.7042444,-4.4732614,-3.971855,-2.9562263,-1.6229519,-1.6781642,-4.898589,0.20532973,-2.1969016,1.4690177,9.015017,0.2161882,0.013884356,-2.5583754,7.94106,1.6994046,2.787194,-1.63532,-3.2206497,-0.78269655,1
10.0,10,-1.7044728,-4.4737372,-3.9670432,-2.9614255,-1.6239978,-1.6787462,-4.899041,0.20980187,-2.1987753,1.4726158,9.0023155,0.21785583,0.014020121,-2.5604708,7.9503994,1.7092016,2.7894452,-1.6454676,-3.2173774,-0.7770343,1
5.0,5,-3.597788,-0.6664234,-2.4947252,-2.0684557,0.70674455,12.194155,-3.0227861,-0.95153075,-0.07118035,0.059299234,-2.1142256,0.29802424,1.8605387,-0.26606482,3.4653091,1.6764957,-1.7753253,2.2467427,-4.5442305,-5.1566567,1
5.0,5,-3.5995643,-0.6619433,-2.4944544,-2.0663047,0.7174143,12.1922,-3.0223188,-0.9504515,-0.07487481,0.056816775,-2.1115081,0.29820514,1.8574916,-0.26655415,3.4697165,1.6697264,-1.7841698,2.2603014,-4.547181,-5.1573324,1
5.0,5,-3.5981112,-0.64323395,-2.4507482,-1.9963477,0.77528596,12.192274,-2.9668522,-0.9524407,-0.0796301,0.018484,-2.0926461,0.2917511,1.8994939,-0.23807473,3.3574653,1.5272002,-1.8370045,2.4130387,-4.5809855,-5.1979494,1
5.0,5,-3.5936606,-0.6431718,-2.4282181,-1.9692705,0.7890415,12.190209,-2.9548178,-0.97800547,-0.071120135,0.008580489,-2.08487,0.2860617,1.9183791,-0.22805612,3.3044894,1.4809486,-1.8332721,2.475286,-4.5972767,-5.21699,1
5.0,5,-3.5890808,-0.66528845,-2.4543328,-2.0252056,0.73477745,12.183488,-3.0014908,-0.9677993,-0.064942114,0.052992735,-2.118972,0.28625226,1.8946482,-0.24608402,3.4033513,1.6000993,-1.7872608,2.3282707,-4.573121,-5.1932807,1
5.0,5,-3.597771,-0.66669405,-2.4961395,-2.0698502,0.70706666,12.194146,-3.0219786,-0.9479917,-0.07328629,0.061088827,-2.1154976,0.29823428,1.8594189,-0.26730704,3.470043,1.6771847,-1.7761797,2.2424593,-4.5430202,-5.1565485,1
16.0,16,0.6429174,-3.115361,-1.5398899,-1.6660676,-1.898377,-2.010196,-0.99677455,-1.1273979,-2.8295367,0.75735676,0.13911073,1.3774649,-1.8360223,-2.3726192,-0.58939767,4.048215,11.305638,-0.14347184,-2.6710136,-0.6950151,1
16.0,16,0.6421065,-3.1143827,-1.5422286,-1.6662822,-1.896375,-2.0118685,-0.9936656,-1.1296191,-2.8285542,0.7527673,0.1408988,1.374328,-1.8382074,-2.3728259,-0.5893428,4.0576954,11.30083,-0.1473132,-2.6712132,-0.6965715,1
16.0,16,0.65988547,-3.118426,-1.5267158,-1.6577855,-1.9080974,-2.007246,-0.9917401,-1.1012992,-2.8433118,0.7807917,0.13133222,1.3738253,-1.8082187,-2.379043,-0.6082049,3.9770246,11.328672,-0.1092552,-2.6702442,-0.67503303,1
16.0,16,0.6666786,-3.127525,-1.50586,-1.6549505,-1.9039534,-2.0052645,-1.0055066,-1.0866714,-2.8513293,0.81468606,0.10616345,1.3939122,-1.790286,-2.373801,-0.60867184,3.9193718,11.364061,-0.09807555,-2.6685128,-0.66186833,1
16.0,16,0.649574,-3.1199582,-1.5311267,-1.6633953,-1.9128478,-2.0018659,-1.0088954,-1.1166521,-2.8354893,0.777634,0.13809739,1.3868679,-1.8191526,-2.3728647,-0.59315675,3.994581,11.324656,-0.118200265,-2.670767,-0.6880663,1
16.0,16,0.641451,-3.1139798,-1.5434651,-1.666492,-1.9014373,-2.0092406,-0.9959079,-1.1299032,-2.8280213,0.7523462,0.14388148,1.3757414,-1.838133,-2.3731606,-0.5892883,4.0551186,11.30049,-0.1440194,-2.6710925,-0.6973968,1
11.0,11,-5.5229735,-1.8634335,-1.463014,4.753477,-3.2010674,1.0826229,-2.1413982,-1.2905109,1.4004636,-3.007576,3.1159143,11.802916,-0.29589653,1.6878418,-1.9275765,-1.7114339,-0.51802796,-0.28012556,-3.1016562,-3.9822729,1
11.0,11,-5.525534,-1.8636701,-1.4622495,4.7452383,-3.2014575,1.0839916,-2.1451457,-1.2886239,1.3997722,-3.0060904,3.1122036,11.808447,-0.29725483,1.6862649,-1.9190644,-1.7081355,-0.51478446,-0.2811831,-3.097897,-3.9810023,1
11.0,11,-5.517923,-1.8565847,-1.4687753,4.7735653,-3.1945362,1.080386,-2.128117,-1.2913971,1.3983426,-3.016025,3.1319525,11.786841,-0.28991386,1.7105576,-1.958132,-1.7245332,-0.54474354,-0.27765188,-3.120192,-3.9862914,1
11.0,11,-5.5098586,-1.8560317,-1.4622191,4.783399,-3.1938367,1.0733938,-2.123886,-1.2928797,1.4011837,-3.01878,3.131583,11.782801,-0.28683242,1.7082307,-1.9746145,-1.7292076,-0.53904927,-0.27592665,-3.1221216,-3.9884524,1
11.0,11,-5.5259953,-1.8658843,-1.4618776,4.7439737,-3.205566,1.084768,-2.1458294,-1.285831,1.4047161,-3.007092,3.1289268,11.802158,-0.29316643,1.6930337,-1.9334124,-1.7158364,-0.5217771,-0.2794558,-3.1049404,-3.9842262,1
11.0,11,-5.5227833,-1.8628722,-1.4634933,4.7553105,-3.2003403,1.0832056,-2.1405191,-1.2909845,1.4014934,-3.0081987,3.1163483,11.800801,-0.2946816,1.6889501,-1.9295682,-1.7124447,-0.52079105,-0.28011405,-3.1032004,-3.982665,1
1.0,1,7.062562,10.821612,4.2420087,3.360986,-1.1687237,-3.634065,2.132253,-2.54935,1.7617723,1.7444988,-4.562783,-2.7042184,-2.4043012,-0.6931338,-3.362806,-2.4040198,-2.7749712,-0.11220988,-1.8553766,-1.4111058,1
1.0,1,7.05995,10.82231,4.2459235,3.360104,-1.1696514,-3.6334486,2.1296515,-2.5487847,1.7632658,1.7459567,-4.564024,-2.7022438,-2.4043233,-0.6916037,-3.3621466,-2.4058669,-2.7751803,-0.11226726,-1.8558348,-1.4104578,1
1.0,1,7.0783944,10.820466,4.205384,3.3688452,-1.1611943,-3.6460717,2.168357,-2.550985,1.7414374,1.7180631,-4.5661445,-2.711825,-2.3996122,-0.68864894,-3.378645,-2.3810308,-2.775399,-0.11058938,-1.8401469,-1.4240376,1
1.0,1,7.080707,10.82208,4.1928344,3.3723037,-1.1569778,-3.651765,2.188152,-2.5497708,1.7300056,1.7033495,-4.573986,-2.7118354,-2.3967924,-0.68176496,-3.388432,-2.3704977,-2.7752533,-0.10816299,-1.8300643,-1.4314361,1
1.0,1,7.0585833,10.827138,4.2304497,3.3620574,-1.1655978,-3.6403577,2.1544304,-2.5465567,1.7487797,1.7261895,-4.576739,-2.6988416,-2.4004934,-0.6783892,-3.3739789,-2.391563,-2.776348,-0.10863327,-1.8415164,-1.4204364,1
1.0,1,7.06002,10.822778,4.2435493,3.3592932,-1.1698242,-3.6333566,2.1298065,-2.5491817,1.7631663,1.7457474,-4.5632496,-2.7024066,-2.4045103,-0.69188744,-3.3613732,-2.4049227,-2.7753463,-0.11196657,-1.8557168,-1.4103848,1
18.0,18,-1.8028977,-0.61562693,-0.929917,-1.7515255,-2.365518,-0.49714282,-1.5018547,-0.9658399,1.7762066,1.726148,-1.3096396,-1.354122,-1.3831725,-0.52263117,-1.3971076,0.35301352,0.05686178,-0.8093433,13.137263,0.61001754,1
18.0,18,-1.8095012,-0.6251768,-0.93833005,-1.7497184,-2.3666615,-0.4919649,-1.4987113,-0.95735586,1.7606912,1.7453921,-1.309387,-1.3592408,-1.4076712,-0.52204466,-1.3951448,0.35812676,0.072703086,-0.8126546,13.13458,0.6324211,1
18.0,18,-1.8708255,-0.6473134,-0.92758536,-1.8299953,-2.4272704,-0.37818846,-1.5060091,-1.010344,2.0579364,1.7951267,-1.2068713,-1.3311812,-1.2962604,-0.71541315,-1.4129051,0.27950343,-0.041173786,-0.81907964,13.053425,0.49334654,1
18.0,18,-1.8218241,-0.5358073,-0.8062257,-1.8829664,-2.428503,-0.47005197,-1.6297053,-1.0271044,2.1458268,1.7208198,-1.2903898,-1.2936605,-1.1664755,-0.6109202,-1.3736447,0.23783047,-0.18816014,-0.81272423,13.107791,0.45390007,1
18.0,18,-1.8014255,-0.5848097,-0.8772626,-1.7903893,-2.3854966,-0.49205074,-1.5628905,-0.9818546,1.8749578,1.7469602,-1.3190776,-1.3365406,-1.3381,-0.5304112,-1.3844155,0.31337792,-0.007904481,-0.80643433,13.132617,0.56536216,1
18.0,18,-1.8003027,-0.6133885,-0.92928267,-1.7496846,-2.3627944,-0.50408334,-1.501684,-0.96445996,1.7691356,1.7214799,-1.3131834,-1.3548825,-1.3832624,-0.5157444,-1.3968108,0.35502338,0.057164624,-0.80883586,13.140829,0.6154279,1
4.0,4,0.18983233,-0.8673637,-1.8284868,0.49561894,8.155721,-1.3386126,4.231506,-4.992242,-3.00618,-2.280339,-0.6000116,-1.8178265,0.63243705,-1.8681432,-1.2590737,7.3996005,1.2454216,-0.6693324,-3.3471556,-2.5529845,1
4.0,4,0.19121572,-0.8633057,-1.82784,0.49920487,8.157469,-1.3374146,4.2413054,-4.9902143,-3.004609,-2.2820244,-0.60034376,-1.8228059,0.6309095,-1.8689648,-1.2660476,7.3936834,1.2412844,-0.66846025,-3.3448784,-2.5543942,1
4.0,4,0.18804228,-0.9110371,-1.816888,0.46358374,8.209318,-1.3221695,4.153945,-4.9865303,-3.0394921,-2.245904,-0.62602663,-1.7880688,0.6759671,-1.8653526,-1.1905332,7.4021196,1.2475885,-0.66955364,-3.378055,-2.5373986,1
4.0,4,0.19398853,-0.9307043,-1.80336,0.453387,8.260977,-1.3110374,4.126895,-4.9761558,-3.0604203,-2.2230875,-0.6482415,-1.7847807,0.7083411,-1.8656179,-1.1603916,7.3763266,1.2361306,-0.66466373,-3.395832,-2.5329006,1
4.0,4,0.19385964,-0.9095099,-1.8134456,0.4699894,8.221694,-1.3201646,4.1671176,-4.9816775,-3.0396266,-2.2422948,-0.62502044,-1.803577,0.68813956,-1.8693115,-1.1984941,7.3811593,1.2346733,-0.6667657,-3.3800437,-2.5437655,1
4.0,4,0.18922019,-0.8647911,-1.830028,0.49682245,8.149958,-1.3384035,4.235642,-4.992286,-3.0038798,-2.283087,-0.59823275,-1.8194765,0.62861884,-1.8684148,-1.2630507,7.4028454,1.2454021,-0.6701678,-3.3442202,-2.5532174,1
5.0,16,-0.14912203,-3.715072,-4.1763954,-2.1228154,-1.5069447,-0.76676714,-0.42038357,-0.9128782,-2.4497836,1.5291169,6.764567,-2.8610106,0.7702842,-2.051899,0.90583754,-2.2539477,8.084603,0.8960824,-1.5649532,-1.1076252,0
5.0,16,-0.14482412,-3.6950095,-4.1592755,-2.1247065,-1.5366818,-0.76633286,-0.39117795,-0.9264123,-2.429498,1.5419766,6.704511,-2.867341,0.7860936,-2.0216017,0.8687387,-2.2737365,8.1022,0.90697277,-1.5668977,-1.1111697,0
5.0,16,-0.3721981,-3.8450603,-4.512338,-2.2063794,-1.1652577,-0.11372361,-0.38946372,-0.8831719,-2.6838722,1.257391,7.3179884,-2.8905306,0.4891071,-2.462995,1.0967503,-1.8482138,7.775684,0.80628157,-1.5609162,-1.176773,0
5.0,16,-0.5326257,-3.9175687,-4.6799603,-2.3004203,-0.98128533,0.35449794,-0.38713276,-0.82198256,-2.8406289,1.1027935,7.534358,-2.9046254,0.31791666,-2.6373012,1.2306921,-1.5979482,7.623072,0.77394444,-1.5667399,-1.2486734,0
5.0,16,-0.32592034,-3.8645406,-4.4859614,-2.1662126,-1.1137787,-0.14389187,-0.34972066,-0.89009124,-2.671511,1.298289,7.277137,-2.9515495,0.5290033,-2.4474616,0.9971018,-1.9114623,7.8110666,0.8175737,-1.5483042,-1.1768394,0
5.0,16,-0.13817406,-3.7087302,-4.158366,-2.1234121,-1.5258212,-0.7983104,-0.42420268,-0.91277856,-2.4410596,1.5531068,6.733048,-2.870083,0.78110576,-2.0375094,0.9140376,-2.2639832,8.087989,0.8954097,-1.5649109,-1.0962907,0
3.0,3,0.29218924,-0.59102255,-1.4068816,11.031247,-0.97576785,1.2168226,0.57761484,-4.458947,-0.15537527,-0.20307817,-1.6078606,1.0973822,-1.6366532,-2.5094755,-3.8397748,-0.013862267,2.3876963,0.5552697,-2.7145975,-2.4067929,1
3.0,3,0.28642553,-0.57330525,-1.403583,11.031453,-0.97238016,1.2265068,0.57727605,-4.4656854,-0.15254053,-0.20232786,-1.623605,1.1030707,-1.6384864,-2.5119617,-3.825939,-0.0074330415,2.3646379,0.5602782,-2.7126455,-2.4051569,1
3.0,3,0.305549,-0.6466757,-1.4205275,11.030979,-0.9842397,1.2027044,0.5628933,-4.4283905,-0.17858115,-0.18859966,-1.5601404,1.0853376,-1.6255969,-2.4720664,-3.877352,-0.055195242,2.449313,0.5326677,-2.7409892,-2.4171548,1
3.0,3,0.3262825,-0.6875834,-1.4003578,11.042855,-0.9960902,1.1312786,0.5665824,-4.412491,-0.17567757,-0.20512275,-1.5202248,1.0613937,-1.6516579,-2.4714093,-3.914355,-0.051769443,2.5186489,0.5379783,-2.7448578,-2.4138186,1
3.0,3,0.29290834,-0.6199819,-1.407397,11.017262,-0.9874873,1.2262548,0.5547979,-4.4487634,-0.15804586,-0.18330987,-1.6004418,1.0992291,-1.6324948,-2.503507,-3.844587,-0.021934986,2.424955,0.543725,-2.7183628,-2.4107606,1
3.0,3,0.29194248,-0.5881793,-1.407923,11.032822,-0.9740422,1.2173336,0.57963324,-4.459177,-0.15623787,-0.2041638,-1.6086965,1.0974096,-1.6355178,-2.5077407,-3.8396332,-0.014953867,2.382499,0.5552582,-2.7155297,-2.4067707,1
10.0,14,-3.1267023,-2.9637861,-1.5818421,-4.094664,-2.7989445,-1.5232232,-5.5723076,2.206566,-3.1107862,1.5701501,3.2184706,3.001535,0.091694534,-0.31652185,9.283334,4.886677,2.1453774,-3.7625244,-3.3160462,-0.07700621,0
10.0,14,-3.1265996,-2.964206,-1.580941,-4.094838,-2.7987094,-1.5235718,-5.572087,2.2075071,-3.1108847,1.5701079,3.217435,3.0011585,0.09172061,-0.31676683,9.283154,4.886861,2.145692,-3.7627466,-3.315321,-0.07466398,0
10.0,14,-3.126662,-2.9574363,-1.5899084,-4.0897207,-2.8037448,-1.5209199,-5.5777802,2.1877666,-3.108826,1.578686,3.230254,3.0058222,0.09453978,-0.31193903,9.284341,4.879527,2.1407216,-3.7597194,-3.324744,-0.10363563,0
10.0,14,-3.1282415,-2.955666,-1.5950289,-4.088321,-2.804564,-1.5190485,-5.5782723,2.18336,-3.1087067,1.5762763,3.2370617,3.010518,0.09289615,-0.30991298,9.286501,4.876166,2.1403239,-3.7575378,-3.3277605,-0.11671813,0
10.0,14,-3.1268578,-2.9624295,-1.5833352,-4.0917935,-2.8005357,-1.5238066,-5.5735154,2.2010179,-3.1109276,1.5725749,3.222265,3.005329,0.09273939,-0.31376827,9.282523,4.8808384,2.1451886,-3.762084,-3.317946,-0.08171855,0
10.0,14,-3.1267607,-2.9642916,-1.5809423,-4.0949035,-2.7987952,-1.523545,-5.5719795,2.2081418,-3.1109462,1.5697746,3.2172887,3.0013363,0.09171124,-0.31670597,9.282603,4.8873906,2.1455426,-3.7630723,-3.3154953,-0.074221745,0
2.0,9,-0.29060444,-1.9684649,7.2982416,-1.7768067,-2.1242237,-0.64048916,-3.204068,-2.221769,1.3213694,9.901439,-4.425835,-0.7747434,2.9351504,4.005757,-2.198474,-3.1851583,1.6210706,-1.6573299,-2.7821195,0.10946324,0
2.0,9,-0.2903641,-1.9686382,7.297903,-1.7767954,-2.124114,-0.6404954,-3.203991,-2.2217815,1.3211107,9.901753,-4.425753,-0.7749413,2.9354193,4.0052,-2.198212,-3.1851425,1.6212736,-1.6574244,-2.78215,0.109559424,0
2.0,9,-0.29456657,-1.9671669,7.2996306,-1.7785213,-2.1254349,-0.6426529,-3.2053595,-2.2227523,1.3268766,9.897403,-4.42563,-0.7700191,2.931087,4.0162945,-2.2040582,-3.182354,1.6162535,-1.6579839,-2.7854953,0.110372506,0
2.0,9,-0.29467094,-1.9666636,7.305268,-1.7822882,-2.1248417,-0.6440824,-3.206223,-2.2222915,1.3337386,9.89601,-4.4255567,-0.7726627,2.932148,4.0157313,-2.210834,-3.1812804,1.6114659,-1.6606748,-2.7828898,0.11822546,0
2.0,9,-0.29291633,-1.9663413,7.3043814,-1.7769408,-2.1240597,-0.6429207,-3.204386,-2.221184,1.3231692,9.89537,-4.4272804,-0.7719094,2.9327605,4.0138087,-2.2025573,-3.1840832,1.6179655,-1.6554646,-2.7834752,0.10972778,0
2.0,9,-0.29115266,-1.9681411,7.2987924,-1.7766027,-2.1242461,-0.6408203,-3.204077,-2.2217426,1.3211825,9.900346,-4.426123,-0.77391815,2.9347296,4.0076556,-2.1988637,-3.1849613,1.6207364,-1.6568748,-2.7826164,0.108981095,0
7.0,7,-3.8516037,-2.562769,-3.3316178,-3.3859065,-2.9868112,2.3840418,-2.2526593,10.668596,3.9850307,-1.9349577,3.2298214,1.0148361,-0.811125,-0.7809285,-0.5329083,-0.91374594,-2.0342999,-2.3466415,-2.9069073,-0.9162445,1
7.0,7,-3.8518252,-2.5629668,-3.3325176,-3.3849564,-2.984189,2.3856297,-2.2493334,10.671842,3.9816449,-1.9343377,3.230011,1.0139751,-0.81208163,-0.78092843,-0.53271806,-0.91542083,-2.0350747,-2.346989,-2.9093246,-0.92050993,1
7.0,7,-3.8108358,-2.5273392,-3.3902254,-3.3768096,-3.0774722,2.256967,-2.2376962,10.562893,4.121437,-1.9465976,3.278026,1.022894,-0.85291165,-0.8298573,-0.53796864,-0.87839174,-2.0159254,-2.4078577,-2.8127651,-0.921322,1
7.0,7,-3.7952385,-2.5102277,-3.4174037,-3.3705583,-3.1094012,2.2056623,-2.2262273,10.524387,4.1704283,-1.9525639,3.2956467,1.0266404,-0.87001526,-0.8477936,-0.5382472,-0.8662567,-2.0101635,-2.4306495,-2.777959,-0.93008393,1
7.0,7,-3.8166263,-2.5277863,-3.3856568,-3.3762496,-3.0627108,2.2706711,-2.2273276,10.58848,4.092583,-1.9468844,3.2689328,1.019611,-0.8446845,-0.81934434,-0.53676623,-0.88702947,-2.0251172,-2.402337,-2.8237102,-0.92696613,1
7.0,7,-3.8556411,-2.5615788,-3.3285968,-3.3864162,-2.982736,2.3867006,-2.2531426,10.675149,3.9762502,-1.9367259,3.2251468,1.0162019,-0.8052991,-0.7746253,-0.5313751,-0.9156511,-2.0388753,-2.34195,-2.9093397,-0.9123025,1
7.0,7,-2.0653064,-2.4941978,0.04667082,-1.3603141,-0.8263206,2.1103063,3.2383895,12.454143,-0.74769586,-3.3418524,0.6380363,-0.85807496,-0.17951845,-0.13321494,-3.6559572,0.47307554,-2.3843646,-2.9903593,-3.0376556,-4.9796863,1
7.0,7,-2.0783823,-2.5072482,0.037401702,-1.3563325,-0.84159964,2.1371963,3.2008142,12.441755,-0.73495466,-3.3493433,0.65929896,-0.84420645,-0.18164563,-0.13046825,-3.6595645,0.47893322,-2.3817081,-2.9878526,-3.042054,-4.983283,1
7.0,7,-2.2825656,-2.722282,-0.11447428,-1.4779223,-0.9727422,2.5797136,2.6494722,12.159809,-0.7339417,-3.4668841,0.79310066,-0.71283555,-0.2528561,-0.07165919,-3.4915502,1.0691457,-2.3128772,-3.0712273,-3.1504714,-5.007068,1
7.0,7,-2.3271837,-2.731258,-0.0354355,-1.4769256,-1.0643513,2.5235488,2.5258245,12.189495,-0.74415904,-3.4290738,0.7719707,-0.5713441,-0.26061723,-0.03774443,-3.4392707,1.0714141,-2.290106,-3.0659466,-3.1520658,-4.939296,1
7.0,7,-2.1887221,-2.5990677,-0.026380094,-1.3758531,-0.95083785,2.3088124,2.9231894,12.351324,-0.7241445,-3.4057176,0.7500771,-0.7085735,-0.22177592,-0.1060864,-3.60853,0.68166727,-2.350356,-3.0092125,-3.084819,-4.9440923,1
7.0,7,-2.0518167,-2.4839575,0.04853719,-1.362298,-0.8073317,2.0944884,3.2781138,12.459475,-0.7562577,-3.3391764,0.6219837,-0.8792699,-0.17614776,-0.13705534,-3.65871,0.46786824,-2.3865607,-2.992325,-3.0337484,-4.98629,1
13.0,13,-3.2911794,-1.6160792,-0.0824292,-0.3114014,-2.4701552,-0.33211428,-3.267618,-1.7153667,-1.1249962,-0.90864134,-1.992364,1.1904894,6.052659,11.90097,-2.9753196,-0.5563149,-1.2248746,-2.039666,-0.31430623,0.37863046,1
13.0,13,-3.2903934,-1.6155472,-0.08200905,-0.3111531,-2.4702272,-0.3331425,-3.2676802,-1.7150508,-1.1262974,-0.90867203,-1.9932942,1.1903377,6.050318,11.901375,-2.9755173,-0.55590725,-1.2232039,-2.03995,-0.31169134,0.3803518,1
13.0,13,-3.2907708,-1.6390842,-0.11394793,-0.3527144,-2.4644542,-0.32642728,-3.2732143,-1.7227138,-1.1008081,-0.88607496,-1.9778924,1.165541,6.145589,11.864653,-2.9627287,-0.5552061,-1.2509468,-2.068887,-0.31215176,0.4135337,1
13.0,13,-3.2901657,-1.6417738,-0.11567373,-0.36752802,-2.4660163,-0.32733932,-3.2751713,-1.7229677,-1.0919675,-0.8805181,-1.9837179,1.1601404,6.1798286,11.855542,-2.9602864,-0.5517654,-1.2647172,-2.0780094,-0.30558538,0.42464,1
13.0,13,-3.286425,-1.6191772,-0.08884773,-0.32340872,-2.4677782,-0.33657718,-3.2690732,-1.7167293,-1.1224406,-0.90169495,-1.9944032,1.1778988,6.0738764,11.891616,-2.9727523,-0.5542141,-1.2293373,-2.0506442,-0.29638752,0.3971116,1
13.0,13,-3.2912817,-1.6167004,-0.08344521,-0.31183997,-2.469802,-0.3317095,-3.2677827,-1.7157204,-1.1244743,-0.90824497,-1.9912792,1.1897479,6.054051,11.900247,-2.9750073,-0.5566484,-1.2253698,-2.039905,-0.31481203,0.37877136,1
4.0,15,-1.0695744,-0.9178734,-1.9150263,-1.3626043,4.9349046,-0.41463917,1.0795245,-4.1206827,-1.6919761,-3.3005073,-1.277225,-2.1623795,-0.4053026,-1.4065733,1.4469033,11.342219,0.940024,-1.2488258,-1.5304832,-1.8612244,0
4.0,15,-1.068141,-0.9137613,-1.914701,-1.3594145,4.9365144,-0.41272077,1.0882268,-4.123023,-1.6888409,-3.3030462,-1.2788571,-2.1662538,-0.4057226,-1.4078519,1.4397222,11.338774,0.935926,-1.2473953,-1.5257133,-1.8604751,0
4.0,15,-1.0777295,-0.94653475,-1.9117419,-1.3815566,4.9521194,-0.40449503,1.028359,-4.0973396,-1.7202585,-3.2840602,-1.2886066,-2.1379325,-0.37438652,-1.3958507,1.4850495,11.353581,0.9412689,-1.2598574,-1.5635967,-1.8723469,0
4.0,15,-1.0743637,-0.9628472,-1.904511,-1.3878,4.982777,-0.4021761,1.0085436,-4.082454,-1.7469132,-3.2696743,-1.3033593,-2.1345167,-0.34136775,-1.3887523,1.5021808,11.347596,0.9368588,-1.2642963,-1.5899669,-1.882557,0
4.0,15,-1.0726001,-0.9482741,-1.910086,-1.3791057,4.954642,-0.40484503,1.0319753,-4.0956964,-1.7241873,-3.280607,-1.2903208,-2.1475332,-0.36127794,-1.3971405,1.4824811,11.348959,0.93700933,-1.2607546,-1.5647529,-1.8758067,0
4.0,15,-1.0699115,-0.91679823,-1.9158158,-1.3620443,4.932222,-0.4126938,1.0814312,-4.121484,-1.6893202,-3.301922,-1.2766907,-2.1629198,-0.40590832,-1.4076697,1.444897,11.342546,0.93826014,-1.2491354,-1.5272527,-1.8607652,0
1.0,18,-0.655655,2.8137465,2.527736,-0.94691205,-1.9301038,-5.101646,2.7261102,0.5060724,0.06536797,-0.969458,-2.6816614,-1.8692343,-1.7765856,2.02868,-2.870429,-0.831001,0.5459525,-2.0555913,10.927792,3.482941,0
1.0,18,-0.654071,2.8115413,2.534098,-0.9491871,-1.9309748,-5.1015058,2.7245243,0.5118322,0.06231796,-0.9681139,-2.6816068,-1.8695959,-1.7742283,2.0280848,-2.86929,-0.83275414,0.546378,-2.057954,10.924219,3.4859235,0
1.0,18,-0.6609211,2.8907688,2.3239834,-0.8698366,-1.8680109,-5.143586,2.915886,0.35380945,0.25361848,-0.97768116,-2.631622,-1.9217255,-1.9097437,1.8606843,-2.9114606,-0.76651037,0.503708,-2.0210347,10.961482,3.366913,0
1.0,18,-0.6533812,2.9509304,2.226284,-0.83261234,-1.8330745,-5.183552,3.064735,0.2746947,0.4004498,-0.96108085,-2.590863,-1.9689655,-1.9998208,1.7289401,-2.9457026,-0.73557526,0.46694058,-2.0198865,10.926032,3.282464,0
1.0,18,-0.64460146,2.8956633,2.4104905,-0.8876865,-1.8815981,-5.152229,2.9059908,0.40080172,0.23161322,-0.9449456,-2.6460304,-1.9293624,-1.8972752,1.8763552,-2.916623,-0.7953707,0.49870074,-2.0431714,10.905442,3.3836749,0
1.0,18,-0.6644022,2.8069577,2.5503967,-0.9485225,-1.936451,-5.087484,2.68533,0.5058804,0.04593293,-0.96789926,-2.6984808,-1.8556148,-1.7627082,2.067684,-2.8650236,-0.83813876,0.54605293,-2.0505903,10.939141,3.480326,0
1.0,1,-1.042001,11.515808,1.3992815,1.7705957,-2.4621177,-1.0972387,0.15858272,-1.786839,0.1225153,-0.18646602,-4.6788063,3.508412,-3.4316056,2.8892314,-0.50873435,-1.1822631,-1.8307486,1.6351397,-0.56919867,-2.1687803,1
1.0,1,-1.0389377,11.516995,1.4018832,1.7676287,-2.4611177,-1.098212,0.15882862,-1.7890145,0.12335279,-0.18368194,-4.6813045,3.503276,-3.429673,2.8899927,-0.5083749,-1.1825172,-1.8311204,1.634934,-0.5685976,-2.1679857,1
1.0,1,-1.0545337,11.515968,1.3289517,1.8520758,-2.4666471,-1.0853931,0.1901332,-1.7807189,0.13660903,-0.2434302,-4.61068,3.5675373,-3.4682875,2.8147452,-0.54642636,-1.1869162,-1.8417011,1.6712754,-0.59963703,-2.1757138,1
1.0,1,-1.0600319,11.519004,1.2975843,1.8796413,-2.4659276,-1.0714492,0.19839935,-1.7724994,0.14509213,-0.2702655,-4.5710683,3.5908468,-3.4857187,2.768848,-0.54956883,-1.1903775,-1.8520079,1.6989506,-0.62222785,-2.178335,1
1.0,1,-1.0722762,11.508679,1.3578137,1.8197947,-2.4735484,-1.0850416,0.16638319,-1.7676805,0.12988569,-0.2374082,-4.631597,3.5689816,-3.4534662,2.8623133,-0.52904993,-1.184551,-1.8439835,1.6588023,-0.58922243,-2.1798391,1
1.0,1,-1.0458932,11.51331,1.4026477,1.768034,-2.464209,-1.0996531,0.15652122,-1.7866025,0.12095856,-0.18599232,-4.6842012,3.5106056,-3.429055,2.9010575,-0.5101285,-1.1811577,-1.8293452,1.6306471,-0.56503296,-2.1695976,1
12.0,12,-0.6009481,-1.123282,4.417938,-2.172679,-1.9040216,-0.8679329,-1.9929081,-0.7667622,2.553518,4.5921903,-3.2559276,-1.9176329,10.606111,1.7624823,-0.5181923,-4.0708356,-4.1500554,0.8302829,-2.0395346,-2.326185,1
12.0,12,-0.5956042,-1.121786,4.420137,-2.1747255,-1.90038,-0.8671383,-1.9923383,-0.759784,2.5516384,4.6025634,-3.2656178,-1.9248502,10.595317,1.7485021,-0.50439304,-4.069745,-4.1479173,0.8353184,-2.040119,-2.315916,1
12.0,12,-0.6747401,-1.2292974,4.39643,-2.2762127,-1.9890233,-0.7478687,-2.034802,-0.9151529,2.9158957,4.5491705,-3.0862448,-1.9525934,10.75886,1.7883754,-0.7174146,-4.0753045,-4.3190145,0.67090803,-1.9989303,-2.2832067,1
12.0,12,-0.75826627,-1.2700928,4.3872066,-2.3509686,-2.0580683,-0.65548676,-2.0575085,-1.0116309,3.1290193,4.415401,-2.989975,-1.9530042,10.908993,1.9560847,-0.88803387,-4.077351,-4.452842,0.56849307,-1.9539131,-2.313499,1
12.0,12,-0.7127516,-1.1877505,4.415241,-2.2651205,-2.0017014,-0.7529896,-2.0362122,-0.91146654,2.8450978,4.4431815,-3.1057718,-1.9085627,10.816571,1.9818914,-0.76234615,-4.0827136,-4.3310103,0.6792515,-1.9982034,-2.3788118,1
12.0,12,-0.5991662,-1.1209487,4.4199986,-2.170909,-1.8981297,-0.86801225,-1.994784,-0.76393354,2.544079,4.597834,-3.261139,-1.9185545,10.598765,1.7592187,-0.5086762,-4.0701604,-4.1463246,0.8386403,-2.0436132,-2.3279958,1
18.0,18,-1.6831603,-1.1373086,-1.7442703,-1.6006713,0.0004549101,1.9690473,1.6614496,-0.9762274,-0.05051451,0.22744383,-0.491873,-2.0331097,3.071416,-2.634895,-1.4861194,-0.521228,-2.0252042,-0.6217597,11.480407,-1.815062,1
18.0,18,-1.6807339,-1.1346304,-1.7457081,-1.5982709,0.0015089363,1.9772255,1.6663673,-0.9692678,-0.05450029,0.23357753,-0.4955559,-2.0336397,3.0327477,-2.64059,-1.4867427,-0.51820695,-2.007576,-0.6200904,11.49152,-1.8168263,1
18.0,18,-1.7544,-1.1372225,-1.7510619,-1.7149906,-0.072248235,1.8448561,1.6714526,-1.0489507,0.19623858,0.10304198,-0.34429064,-2.1092513,3.4524374,-2.7371993,-1.5213027,-0.53931427,-2.2054129,-0.57162297,11.377227,-1.6360397,1
18.0,18,-1.8180244,-1.1469852,-1.6969675,-1.8670754,-0.17424203,1.7412908,1.5870737,-1.1872573,0.46768513,0.037589166,-0.31496128,-2.2925973,4.153398,-2.6560166,-1.5425465,-0.54390633,-2.562815,-0.5881767,11.146285,-1.4791334,1
18.0,18,-1.7221563,-1.1311183,-1.7147453,-1.7022623,-0.058732376,1.9159404,1.6513726,-1.021701,0.115723796,0.16843095,-0.447565,-2.1531308,3.4106154,-2.649371,-1.5212206,-0.52506447,-2.19788,-0.61193156,11.398359,-1.6922597,1
18.0,18,-1.6828856,-1.1396418,-1.7441157,-1.599549,0.0038699433,1.9697534,1.6607788,-0.97926563,-0.052934937,0.22963001,-0.49354243,-2.0331864,3.0826292,-2.6329317,-1.485657,-0.52297306,-2.0310543,-0.6232798,11.475653,-1.813972,1
18.0,18,-0.98138976,-1.0082471,-0.114583686,-1.8451601,0.664683,4.545822,0.24315909,-1.1668532,-1.5859139,0.82037944,-3.1032825,-1.8555529,0.80414903,-2.4563265,-2.1227071,1.6239778,-0.18838382,0.048033666,10.660537,-0.2724655,1
18.0,18,-0.9810429,-1.0077819,-0.11452635,-1.8444638,0.66432095,4.544511,0.2433834,-1.1667069,-1.5869769,0.8210055,-3.1035118,-1.8560896,0.8021491,-2.4557333,-2.1224802,1.6238728,-0.1874412,0.04858873,10.66175,-0.27126774,1
18.0,18,-0.97272116,-0.9859238,-0.11408436,-1.8181599,0.6536922,4.495568,0.2607817,-1.1662114,-1.610179,0.8117152,-3.090605,-1.8365077,0.7742451,-2.4512541,-2.1306956,1.5908251,-0.16994128,0.083121955,10.707263,-0.25462517,1
18.0,18,-0.95914036,-1.0016153,-0.10120435,-1.8306285,0.6741337,4.5102763,0.26457563,-1.1649693,-1.6034192,0.8392505,-3.1040359,-1.8692634,0.83015263,-2.4691193,-2.1334977,1.576335,-0.20022647,0.069858454,10.67998,-0.24387443,1
18.0,18,-0.97717124,-1.0073065,-0.11231406,-1.8431116,0.66467196,4.538589,0.24778123,-1.1649127,-1.5879487,0.8236865,-3.1020257,-1.8585861,0.8121133,-2.4592052,-2.1247609,1.6126493,-0.1923558,0.051588327,10.665662,-0.26855692,1
18.0,18,-0.9818273,-1.0080063,-0.11484629,-1.8448075,0.66385186,4.545921,0.2439788,-1.1659055,-1.585739,0.81997037,-3.1025672,-1.8541453,0.80325925,-2.4563923,-2.123015,1.6222537,-0.18810357,0.04849814,10.661707,-0.27321464,1
2.0,2,-0.18767543,0.24332651,11.698831,-1.9338799,-1.6199852,-0.92919993,-2.4393096,1.0092218,2.8890553,2.1909976,-3.5558276,-1.4511032,2.6779938,3.4493904,-1.5444453,-1.9132657,-2.0035727,-0.3343961,-3.2828608,-3.2242985,1
2.0,2,-0.18766773,0.24330068,11.698809,-1.9339205,-1.6199921,-0.92915374,-2.439325,1.0091909,2.8891122,2.1910338,-3.5558033,-1.4511324,2.6780603,3.4493396,-1.5444466,-1.9132746,-2.003569,-0.3344085,-3.2829022,-3.2243154,1
2.0,2,-0.18723556,0.2432408,11.698933,-1.9335853,-1.6200458,-0.93009514,-2.4393694,1.0096025,2.8886278,2.1914973,-3.555907,-1.4513906,2.6772676,3.4494522,-1.5442123,-1.9129308,-2.0032692,-0.33417118,-3.2831376,-3.2242935,1
2.0,2,-0.18737303,0.24243857,11.698583,-1.934156,-1.6199008,-0.9296747,-2.43902,1.0092813,2.8886738,2.1914032,-3.5555067,-1.451718,2.6796367,3.4493458,-1.5448475,-1.9133295,-2.0032072,-0.33432737,-3.283466,-3.224363,1
2.0,2,-0.18760507,0.24316081,11.698782,-1.9339149,-1.6199442,-0.92929405,-2.439298,1.0091951,2.8890464,2.191081,-3.555736,-1.4512169,2.6782866,3.449392,-1.5445433,-1.9132729,-2.0035503,-0.3343564,-3.2830389,-3.224346,1
2.0,2,-0.18766838,0.24333759,11.698844,-1.9338603,-1.6199808,-0.92922723,-2.4393122,1.0092221,2.889037,2.1910107,-3.5558443,-1.451102,2.677958,3.4494224,-1.5444474,-1.9132602,-2.0035753,-0.33438483,-3.2828577,-3.2242997,1
18.0,18,-1.5094082,-0.15327127,-1.7589238,-1.5553414,-1.3096216,0.53069276,2.10445,-1.091817,0.06129811,-0.025703156,-1.9265645,-2.0812163,1.3862507,-1.0287515,-2.1208584,0.8536085,-1.09909,-1.1125972,12.983365,0.11313399,1
18.0,18,-1.5111427,-0.15309016,-1.7603021,-1.5562475,-1.3122965,0.53618705,2.1034973,-1.0888746,0.061881825,-0.024499556,-1.9263648,-2.0781407,1.3751483,-1.0279553,-2.121479,0.8552766,-1.0953714,-1.112715,12.984148,0.11192136,1
18.0,18,-1.509655,-0.15533951,-1.7444313,-1.5737932,-1.2905902,0.49931547,2.122115,-1.08069,0.060236596,-0.0409804,-1.9328667,-2.093375,1.4608688,-1.0642385,-2.1454315,0.8375029,-1.1193465,-1.1000813,13.008857,0.28230643,1
18.0,18,-1.4990954,-0.15621933,-1.7220685,-1.611391,-1.2784947,0.48148292,2.114787,-1.0791667,0.06813947,-0.030221729,-1.9406452,-2.121078,1.5411491,-1.1088172,-2.146869,0.82212955,-1.1390592,-1.0890071,13.025417,0.4281446,1
18.0,18,-1.5100029,-0.15146182,-1.752191,-1.5687096,-1.3083498,0.54339707,2.1056135,-1.0839207,0.06314911,-0.028529607,-1.9199733,-2.0787342,1.3871894,-1.0521727,-2.1254532,0.8490159,-1.096075,-1.1008745,12.989705,0.14360464,1
18.0,18,-1.5089154,-0.1532977,-1.7586634,-1.5549785,-1.3088466,0.529745,2.1043725,-1.0926772,0.060853668,-0.025486412,-1.9269661,-2.082022,1.3879302,-1.0280545,-2.1208112,0.85335684,-1.0997367,-1.1127468,12.983145,0.1130439,1
19.0,18,-1.1435883,-1.5864592,-0.60680974,-1.7127022,-1.7266012,-1.7963853,-3.3591847,-2.2921736,0.9997707,3.2876754,0.081113,-2.08042,-0.9951613,0.8465939,-0.791025,-0.86241823,0.6990847,-0.57989824,12.412946,1.69643,0
19.0,18,-1.1419466,-1.5917689,-0.60427505,-1.7133948,-1.7248343,-1.8007805,-3.3681452,-2.2946355,0.993273,3.313425,0.08173095,-2.0852313,-1.0061517,0.8497401,-0.7875218,-0.8647697,0.7082366,-0.58288914,12.402945,1.7130082,0
19.0,18,-1.2094402,-1.4942774,-0.5777974,-1.7724031,-1.7993735,-1.6496753,-3.2728305,-2.3046267,1.3281169,3.030081,-0.0014275503,-1.9988552,-0.7994545,0.6673285,-0.83437127,-0.8285479,0.4682008,-0.5322321,12.556489,1.4043487,0
19.0,18,-1.2359746,-1.3970307,-0.5288416,-1.8018607,-1.8460766,-1.562657,-3.198597,-2.2990203,1.5336293,2.8657706,-0.13933544,-1.9635248,-0.6334313,0.6003755,-0.8776772,-0.80347794,0.28683078,-0.5080523,12.649495,1.1815562,0
19.0,18,-1.1789896,-1.4991091,-0.5694838,-1.7461998,-1.7809267,-1.6934773,-3.290001,-2.283008,1.2189273,3.1108646,-0.021659717,-2.0268958,-0.87084925,0.7319151,-0.81971437,-0.8344499,0.53801215,-0.5442472,12.527906,1.4512236,0
19.0,18,-1.1415744,-1.589451,-0.60751057,-1.7111079,-1.723957,-1.8018565,-3.362417,-2.2920797,0.98976856,3.2961738,0.08356319,-2.0828795,-0.9992299,0.8530267,-0.7893946,-0.8640346,0.7050015,-0.58143854,12.407821,1.7051486,0
1.0,1,2.546346,8.751385,1.7892705,1.589353,-2.2897367,-4.3200135,4.74752,-2.5076933,4.4315906,-1.3469844,-1.997374,-1.2835473,-3.1045609,-0.21753158,-5.356303,-0.7691505,-1.108957,-0.19406238,-0.28212616,-1.4602516,1
1.0,1,2.541903,8.732365,1.8054299,1.5731107,-2.290275,-4.3204236,4.746431,-2.5078666,4.4528756,-1.346806,-1.9951018,-1.2923402,-3.0933483,-0.21779896,-5.3635616,-0.7714335,-1.1076516,-0.20157823,-0.27551502,-1.4570848,1
1.0,1,2.528725,8.920801,1.6628952,1.7512746,-2.3248744,-4.3130026,4.7131667,-2.4885836,4.2553153,-1.3776262,-1.9975913,-1.1483462,-3.207905,-0.1368434,-5.3058434,-0.75185317,-1.1751281,-0.14836344,-0.35090458,-1.5220125,1
1.0,1,2.5539918,9.087781,1.5612893,1.8251472,-2.3406353,-4.26191,4.6869655,-2.4815507,4.1082706,-1.359736,-2.0144417,-1.087473,-3.2575536,-0.116996855,-5.232831,-0.7462936,-1.2244139,-0.069373734,-0.44398385,-1.5747502,1
1.0,1,2.4377654,8.979237,1.6539173,1.6989421,-2.3580198,-4.246624,4.6408715,-2.5053926,4.2716436,-1.3648193,-1.9969152,-1.0754907,-3.1948514,-0.06861784,-5.266842,-0.7704802,-1.2021728,-0.09011983,-0.4018233,-1.5530396,1
1.0,1,2.5177855,8.711141,1.8116902,1.5671445,-2.2950811,-4.325263,4.742791,-2.5098686,4.4737177,-1.3553503,-1.9878565,-1.2812885,-3.0928006,-0.20457555,-5.372711,-0.7710619,-1.1046991,-0.21286023,-0.26169664,-1.4532022,1
3.0,3,-0.79483515,-2.4553359,-2.6322722,9.428788,-1.5749024,1.350181,0.7039567,-3.1089401,1.2209916,-1.0618885,0.33372563,1.6121178,0.8664252,-1.8993013,-5.6912193,-0.55463254,2.0562108,-0.70811033,-2.9615529,-3.0049253,1
3.0,3,-0.7979179,-2.4476628,-2.6241539,9.430777,-1.5671705,1.3624588,0.69888234,-3.118294,1.2200757,-1.0579954,0.3092755,1.619868,0.8678005,-1.9030846,-5.6803493,-0.5443403,2.046018,-0.7067912,-2.9554024,-3.004384,1
3.0,3,-0.8177845,-2.4896588,-2.666324,9.391098,-1.6028806,1.3603783,0.67592704,-3.0800173,1.2308031,-1.0694811,0.40459695,1.6333439,0.8880408,-1.8639469,-5.708501,-0.58346,2.074633,-0.7206648,-2.9965277,-3.018218,1
3.0,3,-0.79067296,-2.4951026,-2.6544757,9.416722,-1.6257619,1.2802688,0.7065067,-3.045239,1.2222921,-1.0818038,0.42994308,1.6206064,0.84304607,-1.8684955,-5.73534,-0.59792787,2.1322734,-0.72164404,-2.9980195,-3.011112,1
3.0,3,-0.8136196,-2.4834251,-2.6506784,9.393833,-1.5974315,1.3759366,0.668829,-3.0978992,1.2288212,-1.0556719,0.366449,1.633471,0.8772266,-1.8875072,-5.690954,-0.56018084,2.0842109,-0.71551865,-2.9752245,-3.0143502,1
3.0,3,-0.7937925,-2.4526408,-2.631614,9.432072,-1.5723101,1.3477397,0.7074442,-3.1089213,1.22018,-1.0633937,0.33265084,1.6107423,0.8674048,-1.8973116,-5.6926117,-0.556551,2.0507398,-0.7078886,-2.9625921,-3.0043328,1
5.0,5,-1.8857725,-1.3572025,-2.8026462,-1.472156,2.9926648,13.410621,1.872758,-0.0016609542,-1.4399184,-1.207065,-0.058196675,-0.25558466,1.3890766,-1.5159652,-1.0797856,-1.043246,-1.6497934,1.3159969,-3.161866,-5.065942,1
5.0,5,-1.8713586,-1.3572042,-2.7975354,-1.4688077,3.021463,13.404779,1.8825362,-0.00969645,-1.4397368,-1.2087343,-0.06919751,-0.25762329,1.3771925,-1.5173099,-1.088669,-1.0459367,-1.6441094,1.3185683,-3.1662378,-5.067782,1
5.0,5,-1.9609184,-1.3905861,-2.8340962,-1.5811625,2.6638103,13.509049,1.692108,-0.0039567016,-1.454354,-1.0811346,0.035784815,-0.33667192,1.4156212,-1.570625,-1.0223327,-0.83052796,-1.533097,1.2010565,-3.0573087,-5.0048165,1
5.0,5,-1.999887,-1.4023141,-2.8452635,-1.6349769,2.4895053,13.551725,1.6010123,-0.0024723224,-1.4574903,-1.0184835,0.08077971,-0.3746452,1.4367408,-1.5945493,-0.99797213,-0.724509,-1.485177,1.149536,-3.0068643,-4.977958,1
5.0,5,-1.9489286,-1.3874073,-2.817181,-1.5551423,2.7425737,13.49066,1.7416236,0.00621346,-1.4699719,-1.099526,0.020987812,-0.32651794,1.4150839,-1.5658792,-1.0466043,-0.88964635,-1.5536246,1.242637,-3.0729861,-5.018173,1
5.0,5,-1.8852675,-1.3544065,-2.8005228,-1.466514,3.000968,13.405159,1.8824989,0.004026223,-1.4375736,-1.214807,-0.06371451,-0.25135547,1.3930501,-1.510476,-1.0824413,-1.0550724,-1.6613944,1.3200189,-3.1660173,-5.070125,1
18.0,18,-1.9678538,-0.69162965,-0.9969565,-2.257451,-2.9178462,2.01492,-1.0241138,-1.1764023,1.8625493,-0.45799258,-0.9687016,-0.22994854,2.4052927,-1.2774172,-2.0374236,0.4969611,-0.69395745,-0.7822921,11.822535,-2.0937474,1
18.0,18,-1.9676251,-0.69128925,-0.99705124,-2.2569392,-2.917523,2.0145848,-1.0238577,-1.1764487,1.8613524,-0.45778543,-0.96893305,-0.22992676,2.4036407,-1.2772343,-2.0372384,0.4970467,-0.69317085,-0.78173894,11.823509,-2.0931542,1
18.0,18,-1.9686468,-0.69216925,-0.99690205,-2.2585025,-2.9184132,2.0145772,-1.0255548,-1.1799529,1.8648303,-0.458428,-0.9681141,-0.22616783,2.4131222,-1.2788036,-2.038056,0.49648678,-0.69620776,-0.78169906,11.820302,-2.0915213,1
18.0,18,-1.963772,-0.6891077,-0.9972883,-2.2542834,-2.913632,2.0025206,-1.0218135,-1.1792877,1.8516694,-0.45871463,-0.9692783,-0.22838141,2.411394,-1.2779586,-2.0351663,0.4935079,-0.6938985,-0.7776959,11.831783,-2.081766,1
18.0,18,-1.9674602,-0.69168556,-0.9969238,-2.2574658,-2.9174318,2.0136127,-1.0238696,-1.1766686,1.8619016,-0.458303,-0.96838963,-0.22964996,2.407895,-1.2780086,-2.037212,0.4961881,-0.69470584,-0.782083,11.822901,-2.0926125,1
18.0,18,-1.967916,-0.69166666,-0.99698544,-2.257507,-2.9178743,2.0151272,-1.0241045,-1.1763601,1.8626777,-0.45799947,-0.9686698,-0.2299649,2.4052498,-1.2774239,-2.0374227,0.4970028,-0.6939924,-0.78236717,11.822378,-2.0939863,1
16.0,16,0.1749821,-2.27377,-1.7334778,-1.0190444,0.63225317,-2.3383048,-0.06204084,-3.9210103,-2.585922,-0.364037,-1.2892071,1.269068,-2.2769175,-2.1794925,-0.18100591,6.5889783,11.375017,0.4363522,-2.6485705,-2.0378017,1
16.0,16,0.17450613,-2.2732987,-1.7356213,-1.0197797,0.63413966,-2.338138,-0.0616359,-3.9224913,-2.584934,-0.36635292,-1.2860768,1.2658248,-2.2791154,-2.1803145,-0.17947559,6.5950613,11.371089,0.43421248,-2.6487772,-2.0394077,1
16.0,16,0.18934464,-2.2692149,-1.7146883,-1.0090907,0.6289711,-2.346555,-0.04888342,-3.9109187,-2.5968153,-0.35009474,-1.3174258,1.2692096,-2.2638137,-2.1755927,-0.20055607,6.548563,11.397422,0.45749903,-2.6433535,-2.022194,1
16.0,16,0.19687358,-2.2728972,-1.6948713,-1.0038881,0.62675554,-2.3485034,-0.05026648,-3.8982368,-2.6041503,-0.33280727,-1.3454175,1.2806233,-2.24805,-2.1692986,-0.21090257,6.5091925,11.420951,0.46733275,-2.6423798,-2.0134532,1
16.0,16,0.17828834,-2.2765613,-1.7244416,-1.0150213,0.6236824,-2.3389218,-0.063021526,-3.9150636,-2.5901897,-0.3539034,-1.3022637,1.2803562,-2.2638266,-2.1753166,-0.19070429,6.559767,11.391909,0.44691998,-2.648061,-2.0308533,1
16.0,16,0.17354783,-2.2734487,-1.736361,-1.0198662,0.6320195,-2.33784,-0.06223591,-3.9228802,-2.5847702,-0.36655125,-1.2852341,1.2683179,-2.27864,-2.180235,-0.17943725,6.5946016,11.371606,0.43474767,-2.6487875,-2.0389347,1
7.0,6,0.23414093,-1.4953251,-1.7409909,-0.71662235,1.9201239,0.40167123,10.498146,10.092222,-1.5398135,-2.7484748,-0.36939746,-3.0478141,-0.4157527,-2.771914,-4.5335274,-1.0846856,-0.33499378,-2.7927175,-1.9461254,-4.2850385,0
7.0,6,0.16321978,-1.4554543,-1.6779414,-0.7892171,1.8074927,0.35026944,10.368657,10.278333,-1.4972621,-2.7744048,-0.40004146,-3.0182462,-0.39432335,-2.70419,-4.4260626,-1.0982316,-0.4275902,-2.7907245,-1.9251696,-4.2737823,0
7.0,7,-0.007453218,-1.1703165,-1.4559228,-0.78754014,1.9642394,0.5037574,10.329509,10.375162,-1.5440537,-2.622118,-0.5761878,-3.0006592,-0.43300477,-2.557901,-4.1175222,-1.2074083,-1.041724,-2.7651768,-2.0960426,-4.1766763,1
7.0,7,-0.4569506,-1.1126386,-1.3839546,-0.8865247,1.100333,0.25146222,9.971726,10.824399,-1.3824831,-2.932048,-0.38138208,-2.8059556,-0.30974028,-2.2477584,-4.105219,-0.94181156,-1.157854,-2.729975,-1.9685363,-4.2287464,1
7.0,7,-0.14912584,-1.2463437,-1.6801757,-0.81089365,1.6870121,0.33641598,10.294842,10.532701,-1.4072578,-2.895899,-0.3986998,-2.9641256,-0.38671565,-2.6550348,-4.0908546,-1.0984693,-0.8840556,-2.7012203,-1.9320567,-4.137152,1
7.0,6,0.26897645,-1.5205535,-1.7873574,-0.7065865,2.000247,0.48325995,10.557555,9.998652,-1.5686225,-2.740789,-0.37149245,-3.0598383,-0.43184623,-2.7910976,-4.58449,-1.059324,-0.29428375,-2.8125901,-1.9511065,-4.300564,0
17.0,17,-0.63651264,-0.5388811,-0.09399617,-0.7115221,1.2925916,1.2219621,-2.5891929,-0.7880223,-1.7724869,0.43229634,0.47276965,-0.8676594,-1.2090441,-2.2283654,1.4158282,-2.2454166,5.716826,11.22824,-3.9308121,-2.7470043,1
17.0,17,-0.63010544,-0.5399185,-0.09533878,-0.71188235,1.310016,1.2269678,-2.5778596,-0.78396285,-1.7774143,0.4340746,0.4627019,-0.88131917,-1.2193565,-2.2328465,1.4164853,-2.2397797,5.7282977,11.221331,-3.9346106,-2.751828,1
17.0,17,-0.6932919,-0.53579533,-0.04576042,-0.7909161,1.1749467,1.3152555,-2.6491964,-0.78021723,-1.7146547,0.47693735,0.42756966,-0.8349769,-1.114714,-2.2005439,1.4141569,-2.2490213,5.593434,11.257235,-3.9140918,-2.6944134,1
17.0,17,-0.6901196,-0.51848155,-0.017380366,-0.7775737,1.1184782,1.2763704,-2.6298423,-0.7440322,-1.7309428,0.4262146,0.37890834,-0.82220656,-1.0949028,-2.1453824,1.3705335,-2.2393708,5.600349,11.280888,-3.876971,-2.695516,1
17.0,17,-0.66857177,-0.52822363,-0.062126536,-0.72824734,1.1757151,1.2160861,-2.6335013,-0.7912287,-1.7448473,0.4418949,0.47014883,-0.81945455,-1.152093,-2.1888452,1.3994331,-2.2591822,5.6598096,11.259546,-3.9014783,-2.7229128,1
17.0,17,-0.6337605,-0.54011846,-0.097568065,-0.70964783,1.3012682,1.2218952,-2.5860198,-0.79014736,-1.7736441,0.43304795,0.47719425,-0.87137294,-1.2118896,-2.233124,1.4173466,-2.2466593,5.719719,11.22582,-3.9342835,-2.749367,1
9.0,9,0.92932564,-2.4238954,2.6356492,-2.9834013,-1.5573791,0.27739963,-4.5700583,-1.2045225,1.3071449,11.98547,-3.6531465,-2.1198218,0.2237831,-2.8835337,3.3453782,-0.39842767,1.6192324,-2.3460703,-0.36131886,3.438556,1
9.0,9,0.9249862,-2.4250333,2.6326866,-2.9846349,-1.5501022,0.28733358,-4.570067,-1.204045,1.3004816,11.981954,-3.6576202,-2.1140945,0.2231037,-2.880715,3.3482754,-0.39832917,1.6220666,-2.3420854,-0.36513406,3.436583,1
9.0,9,0.94821113,-2.430455,2.6115694,-2.9811163,-1.5965263,0.25669822,-4.5458508,-1.225806,1.3603067,12.014692,-3.6209114,-2.1598113,0.23299304,-2.9123583,3.2966287,-0.41979557,1.6133834,-2.3589978,-0.31137037,3.4646897,1
9.0,9,0.9655351,-2.4307468,2.6058075,-2.9762845,-1.6232897,0.24507385,-4.535723,-1.2542295,1.4029374,12.0431795,-3.5988278,-2.1899197,0.25355926,-2.9241228,3.262743,-0.44090107,1.597118,-2.3685584,-0.28917643,3.4577334,1
9.0,9,0.95878166,-2.4141707,2.6466389,-2.9738424,-1.5945275,0.23569688,-4.5589643,-1.2359624,1.3593285,12.019231,-3.632036,-2.161505,0.2732396,-2.8947022,3.3143027,-0.42262542,1.5824168,-2.3584032,-0.34909555,3.4178782,1
9.0,9,0.92915064,-2.4228694,2.6391745,-2.9831576,-1.5564778,0.27541566,-4.571299,-1.202649,1.3056864,11.984229,-3.655088,-2.118275,0.22521317,-2.8822322,3.348479,-0.39783818,1.6181722,-2.3455234,-0.36501393,3.4349337,1
14.0,5,-4.8785014,0.77023816,-3.4278007,-4.1710277,-0.34455252,8.521798,-4.5548635,0.61631584,-2.8465278,0.38771266,0.2226276,5.543513,-1.3457072,-0.16040333,5.709276,3.7917125,1.7382809,-1.0248592,-5.1029468,-3.138905,0
14.0,5,-4.8741245,0.7657122,-3.432568,-4.173238,-0.33939078,8.52766,-4.5510926,0.61389893,-2.8487449,0.38838857,0.22685228,5.5308833,-1.341777,-0.16659658,5.7088156,3.7929862,1.7440662,-1.0245416,-5.1065702,-3.1410115,0
14.0,5,-4.9069777,0.81359136,-3.3847928,-4.1577153,-0.36231405,8.499136,-4.5705957,0.64283615,-2.8342636,0.37725225,0.17094687,5.6110034,-1.365822,-0.113340184,5.7089367,3.7847948,1.6755766,-1.0210305,-5.072795,-3.120628,0
14.0,5,-4.919829,0.8398672,-3.363895,-4.151894,-0.3686327,8.491737,-4.5760655,0.6572986,-2.8292942,0.37193793,0.14118503,5.636339,-1.3704435,-0.0891493,5.7075157,3.7802284,1.6396097,-1.0165956,-5.057462,-3.1119246,0
14.0,5,-4.8972907,0.81132853,-3.389965,-4.163054,-0.35677296,8.510581,-4.566851,0.6404037,-2.8343365,0.38462466,0.1721254,5.5796504,-1.3557708,-0.1230835,5.7088413,3.7857122,1.6823689,-1.0193176,-5.079333,-3.1251695,0
14.0,5,-4.8763056,0.7662788,-3.429499,-4.1727905,-0.34262428,8.523537,-4.5540776,0.61502427,-2.8474514,0.3875198,0.22519383,5.537729,-1.3449594,-0.16424659,5.7110233,3.7946765,1.7430711,-1.0253208,-5.10475,-3.1399724,0
16.0,16,0.6774535,-2.5233295,-0.025438296,-1.5478592,0.43998602,1.1851323,-1.2893208,-0.6872624,-2.0769901,1.540268,-4.401916,1.0250741,-2.59752,-1.5549145,-0.52569824,3.1466265,12.06943,1.3584154,-2.3219056,-3.1849573,1
16.0,16,0.6807351,-2.5292323,-0.02051682,-1.555545,0.46156627,1.2000709,-1.2830285,-0.68531376,-2.0739079,1.5468134,-4.408366,0.99684817,-2.5923216,-1.5566632,-0.5282375,3.1435368,12.060723,1.3561904,-2.3234055,-3.1889591,1
16.0,16,0.6503423,-2.500804,-0.05844667,-1.514449,0.3396698,1.1207972,-1.3265715,-0.69903845,-2.0925786,1.5014582,-4.370933,1.1624675,-2.6311338,-1.5417235,-0.51220816,3.1989458,12.098034,1.3705714,-2.3209283,-3.1653686,1
16.0,16,0.6689562,-2.456598,-0.05096992,-1.4737355,0.24575822,1.0390543,-1.3102549,-0.6943196,-2.0916257,1.4702765,-4.3573384,1.2606331,-2.6239316,-1.5364959,-0.53097814,3.1517434,12.137013,1.3583013,-2.309402,-3.1663244,1
16.0,16,0.65549874,-2.4952135,-0.0780257,-1.5189718,0.31351474,1.0955989,-1.3320403,-0.70607305,-2.0969,1.4929839,-4.353741,1.1783612,-2.6233475,-1.5355889,-0.49869388,3.2089815,12.112955,1.3506348,-2.324207,-3.1590886,1
16.0,16,0.6756043,-2.5302856,-0.027681252,-1.552281,0.45253354,1.1940929,-1.2922746,-0.68791074,-2.080855,1.547707,-4.4007,1.0097822,-2.5988219,-1.5558195,-0.5231266,3.1493688,12.067143,1.3663065,-2.3235555,-3.1817052,1
0.0,0,10.839003,2.6772785,0.73346734,3.779798,0.47866264,-3.8163276,1.6100355,-2.3416786,1.2673738,-0.55436116,0.63672864,-5.112873,0.093615845,-3.517494,-4.3734207,-0.054234773,-0.8578178,-2.5275407,-2.981815,-2.5556278,1
0.0,0,10.838654,2.676582,0.73362213,3.779496,0.47869843,-3.8157918,1.6091723,-2.3417387,1.268921,-0.5543426,0.6374063,-5.112709,0.09381327,-3.5176284,-4.3735876,-0.05467675,-0.8581626,-2.527649,-2.9826255,-2.5559368,1
0.0,0,10.842066,2.6903071,0.73489386,3.7836685,0.47386009,-3.8260128,1.6256076,-2.3429682,1.2457501,-0.5578797,0.6238468,-5.114959,0.10021436,-3.511115,-4.374016,-0.047465146,-0.85637844,-2.52594,-2.9702754,-2.5522003,1
0.0,0,10.845761,2.6965365,0.73703337,3.7887127,0.47398388,-3.8313954,1.6361396,-2.3415887,1.2301391,-0.56009614,0.6140315,-5.116964,0.10474147,-3.5080185,-4.375348,-0.04711841,-0.8516501,-2.524287,-2.9635346,-2.549737,1
0.0,0,10.845528,2.6908407,0.7395639,3.787008,0.47858414,-3.8265014,1.6278671,-2.3410037,1.2421113,-0.55711657,0.61743015,-5.1165385,0.10266891,-3.510674,-4.3760414,-0.05330635,-0.85276985,-2.524363,-2.9697678,-2.5515416,1
0.0,0,10.838256,2.6769733,0.7336433,3.778804,0.47824448,-3.8156853,1.6084648,-2.3423495,1.2702706,-0.55403316,0.63789386,-5.1125526,0.09344272,-3.5175343,-4.373418,-0.05420044,-0.85930216,-2.5277326,-2.9828975,-2.5560951,1
9.0,9,0.051638126,-2.2099295,3.9720378,-1.8366851,-2.2247672,0.3544003,-2.735458,-2.842299,2.0275989,11.530892,-3.7331898,-2.301451,5.027521,2.7497745,-2.102457,-3.0822163,0.1428766,-2.5785947,-2.8361027,-0.31988484,1
9.0,9,0.051775396,-2.2100494,3.9717362,-1.8367679,-2.224647,0.35435885,-2.7354326,-2.842312,2.0275977,11.531071,-3.7330387,-2.3015764,5.02773,2.7491784,-2.102293,-3.0821676,0.14294164,-2.5787148,-2.83598,-0.31961957,1
9.0,9,0.052033246,-2.2102282,3.9713376,-1.8374041,-2.2241268,0.35440427,-2.7351859,-2.8421824,2.0285063,11.531668,-3.732271,-2.3026383,5.0275974,2.7481248,-2.1028945,-3.0819566,0.14180195,-2.5790267,-2.8358543,-0.31914663,1
9.0,9,0.051538855,-2.2112432,3.9698265,-1.8384933,-2.2235956,0.35469246,-2.7353837,-2.8423212,2.0293927,11.531339,-3.7316828,-2.3033125,5.029769,2.7488227,-2.1038957,-3.081434,0.14057639,-2.5803363,-2.8357403,-0.31765395,1
9.0,9,0.051537216,-2.210061,3.9727151,-1.837229,-2.2244582,0.35428014,-2.735546,-2.8422098,2.0281324,11.530652,-3.7334833,-2.3019464,5.0279202,2.7507317,-2.1033676,-3.0820234,0.14212994,-2.5788364,-2.8360937,-0.31921855,1
9.0,9,0.05156879,-2.2099235,3.9722016,-1.8366529,-2.2247753,0.35435966,-2.7354293,-2.84225,2.0275612,11.530702,-3.7332275,-2.3014276,5.02761,2.7502034,-2.1026518,-3.0822427,0.14274053,-2.57856,-2.8362753,-0.319973,1
12.0,12,-0.66383207,-3.0979059,-1.309104,-2.388944,-1.8074818,-0.9290725,-2.1387794,-1.1253597,-0.2199097,0.3839383,-0.33040786,-1.5838735,12.124963,5.0741763,-1.6384954,-0.5677006,-1.1888719,-3.2662957,-1.5702689,0.3280821,1
12.0,12,-0.663599,-3.0979831,-1.3093997,-2.3889112,-1.807364,-0.93096733,-2.1396642,-1.1258212,-0.22349921,0.38449562,-0.33100104,-1.5835717,12.122832,5.076128,-1.6378202,-0.5671952,-1.1836334,-3.2659726,-1.5683535,0.3292091,1
12.0,12,-0.61608213,-3.082904,-1.3034494,-2.3924077,-1.8014103,-0.91062844,-2.1068323,-1.1142387,-0.14386177,0.38462013,-0.31686625,-1.6474084,12.186206,4.962599,-1.6448162,-0.58023286,-1.2995193,-3.2793036,-1.5637641,0.3162865,1
12.0,12,-0.6128455,-3.0782661,-1.3025696,-2.39483,-1.8077532,-0.898846,-2.0970929,-1.1064249,-0.11252486,0.38431558,-0.31212622,-1.6752485,12.210705,4.9294233,-1.6442916,-0.5884673,-1.3487357,-3.2812302,-1.5421507,0.31343362,1
12.0,12,-0.64903355,-3.089785,-1.3038466,-2.3914263,-1.8086387,-0.91646755,-2.1235988,-1.1170853,-0.17769471,0.3837342,-0.32676044,-1.6183612,12.1579,5.027916,-1.6419873,-0.5769753,-1.2543329,-3.2716415,-1.5577657,0.32172838,1
12.0,12,-0.66642714,-3.0985625,-1.3098133,-2.389504,-1.8078622,-0.9276965,-2.1393228,-1.125545,-0.2185061,0.38436055,-0.32992983,-1.5836359,12.125296,5.075447,-1.6382052,-0.56797594,-1.1908473,-3.2664149,-1.569351,0.32887724,1
2.0,2,0.27160287,-1.5533772,10.165326,-1.3991565,-1.2062562,-1.0900598,-0.976336,3.2316933,0.13910133,-0.057290312,-2.6836452,-2.2236252,2.2637818,2.0192769,-2.4653473,-2.5498917,-2.0153015,-1.7681433,3.2404969,1.7600635,1
2.0,2,0.27322146,-1.5548046,10.16572,-1.4008027,-1.2053835,-1.0891857,-0.97721744,3.2317066,0.13966899,-0.055267993,-2.6822984,-2.2250373,2.2662692,2.0167277,-2.464352,-2.5495048,-2.0155504,-1.7694838,3.2364206,1.7595195,1
2.0,2,0.33770844,-1.5222461,10.23089,-1.3165059,-1.1881582,-1.0967745,-0.9389111,3.2239726,0.15159586,-0.045772612,-2.6938915,-2.2284684,2.1843393,2.018097,-2.496628,-2.5574665,-2.0194318,-1.7815775,3.1114318,1.596838,1
2.0,2,0.36070165,-1.4979964,10.248594,-1.2759923,-1.1860949,-1.1159375,-0.9091893,3.2323172,0.1559827,-0.0626241,-2.7015932,-2.226419,2.12861,2.0239992,-2.5174136,-2.5566578,-2.017424,-1.7870609,3.093238,1.5405573,1
2.0,2,0.30996037,-1.5203186,10.227115,-1.331902,-1.1964412,-1.0939164,-0.95271206,3.215084,0.15042028,-0.042679377,-2.7042522,-2.2194808,2.2003446,2.040088,-2.490408,-2.5626116,-2.0222719,-1.7714921,3.1491282,1.6187228,1
2.0,2,0.2634132,-1.5517321,10.163706,-1.3982348,-1.2086328,-1.0888231,-0.9776174,3.2298713,0.13597265,-0.060607273,-2.6863678,-2.218124,2.263633,2.0298083,-2.466504,-2.5525455,-2.0155892,-1.7637466,3.2500124,1.7609146,1
3.0,3,-0.49457866,-0.37795195,-0.6055201,11.746991,-1.016839,-0.7035397,1.3927168,-4.0794654,0.83533937,-0.48779517,0.6633163,0.7430238,-1.9219911,-0.29516813,-4.7246666,-1.5224075,-1.3372526,0.41965792,-3.518712,-1.9099485,1
3.0,3,-0.49656504,-0.37882236,-0.6082946,11.747054,-1.016584,-0.7020813,1.392306,-4.080181,0.8345183,-0.48912418,0.66263616,0.74771184,-1.9217126,-0.29602936,-4.7219715,-1.520523,-1.336877,0.41942173,-3.5186284,-1.9105254,1
3.0,3,-0.49255562,-0.37951592,-0.600642,11.745975,-1.017851,-0.7060237,1.3938049,-4.0735574,0.83536,-0.48596346,0.6738777,0.7350426,-1.9222238,-0.28857714,-4.7340364,-1.5320356,-1.3405167,0.41911557,-3.5225418,-1.9087722,1
3.0,3,-0.49726495,-0.38318592,-0.60188895,11.750196,-1.0240029,-0.7046908,1.3878828,-4.0703516,0.8299242,-0.48907208,0.6675982,0.7569296,-1.9257758,-0.29313567,-4.727132,-1.5254127,-1.3283982,0.41714913,-3.52216,-1.9172856,1
3.0,3,-0.49274942,-0.37626114,-0.5946569,11.746891,-1.0195287,-0.7060504,1.39124,-4.078437,0.83370167,-0.48108113,0.6564726,0.740419,-1.9236853,-0.2913727,-4.7238874,-1.5263379,-1.3370777,0.41784212,-3.5135872,-1.9085673,1
3.0,3,-0.49415696,-0.37871012,-0.60811377,11.7468,-1.0159453,-0.7036192,1.3939072,-4.0787244,0.8363165,-0.48998773,0.66845804,0.7407891,-1.9213002,-0.29522133,-4.727893,-1.5231681,-1.3380274,0.4204385,-3.5213277,-1.9100132,1
15.0,15,-1.6305356,-3.0507886,-3.079308,-3.3590105,2.3850465,0.63546467,-2.9681566,-2.4555058,-2.1914237,-0.7520287,1.3743168,-1.6375173,-1.2867934,-1.8564322,4.827345,12.241238,1.8186321,-2.2280757,-2.9938416,-2.3460207,1
15.0,15,-1.6286061,-3.0494297,-3.0791154,-3.3578024,2.3861012,0.6352269,-2.965225,-2.4578142,-2.1904368,-0.7535422,1.373895,-1.641654,-1.2871335,-1.8578763,4.8250504,12.2414255,1.8198972,-2.226741,-2.9923408,-2.346087,1
15.0,15,-1.6400738,-3.0621328,-3.0762787,-3.3673496,2.3941317,0.6414107,-2.988739,-2.4322617,-2.2064228,-0.7336061,1.3634485,-1.6119862,-1.2828996,-1.8421205,4.841464,12.237445,1.8060493,-2.240551,-3.0074708,-2.3414655,1
15.0,15,-1.6406822,-3.067852,-3.0722563,-3.3694217,2.4065223,0.6449602,-2.9973812,-2.4174008,-2.220942,-0.72041005,1.3460618,-1.6030222,-1.2743948,-1.8322198,4.8482676,12.234237,1.7983328,-2.2503114,-3.0144026,-2.3364208,1
15.0,15,-1.6414039,-3.0637667,-3.075062,-3.3696854,2.3906846,0.6450856,-2.992802,-2.4277143,-2.2061143,-0.7314751,1.3588657,-1.6126884,-1.2754226,-1.8406999,4.845867,12.237494,1.8009397,-2.2439666,-3.0062792,-2.3408475,1
15.0,15,-1.6296568,-3.0497224,-3.0791276,-3.35842,2.3849134,0.63531405,-2.9659956,-2.457785,-2.1894202,-0.7542347,1.3754065,-1.6402128,-1.2875926,-1.8579886,4.8253365,12.241596,1.8197323,-2.2262776,-2.992557,-2.3465796,1
10.0,10,-0.30911127,-4.0612574,-3.7792106,0.29580402,3.4148664,-1.7636939,-3.8131485,1.2045648,-0.99506575,-0.5466521,10.64734,-0.99357414,-1.9790555,-3.990796,1.0942988,-2.5720024,2.2499197,2.4070735,-3.7681901,-0.24064505,1
10.0,10,-0.31574386,-4.0560527,-3.773522,0.29189768,3.4113507,-1.7614113,-3.824387,1.2092063,-0.9951069,-0.5492153,10.637186,-0.9887425,-1.9853466,-3.9847236,1.0954556,-2.5770385,2.2530668,2.4366548,-3.7642157,-0.24683383,1
10.0,10,-0.46169925,-4.002716,-3.7059276,0.19122507,3.2539282,-1.6077935,-3.9635282,1.2017921,-1.013385,-0.5959254,10.563968,-0.9599005,-1.8685448,-3.8975022,1.022538,-2.695029,2.1760364,3.0503726,-3.720223,-0.120308675,1
10.0,10,-0.5585103,-3.9849133,-3.7026155,0.18449898,2.913342,-1.7133743,-3.9520698,1.4973174,-1.0690645,-0.7271893,10.610015,-0.8284474,-1.7645962,-3.7522182,0.9070524,-2.824497,2.1387215,3.168353,-3.575957,-0.17670494,1
10.0,10,-0.3810028,-4.0499353,-3.767626,0.2815249,3.2532434,-1.7887353,-3.86861,1.2293465,-1.0060637,-0.58696103,10.662263,-0.88002414,-1.9270468,-3.9239333,1.0035743,-2.6443067,2.2748368,2.5719635,-3.6733434,-0.1954374,1
10.0,10,-0.30327386,-4.062972,-3.7793825,0.2966851,3.4355025,-1.7563791,-3.8102095,1.1886613,-0.991968,-0.5398394,10.643712,-1.001147,-1.9842653,-4.002227,1.097495,-2.5649798,2.2514803,2.3997955,-3.7744517,-0.23418269,1
14.0,14,-2.9041953,-2.8459394,-2.9947975,-4.3290014,-2.091299,-1.0604252,-5.708535,0.61600995,-1.8096368,0.51314867,4.8314643,1.0685153,-1.3948143,-2.2624738,11.268059,5.4998565,2.4150069,-1.391733,-2.020415,-2.2313604,1
14.0,14,-2.9052484,-2.8437333,-2.9918504,-4.3302717,-2.0918894,-1.0594982,-5.7088895,0.61671543,-1.8091819,0.51474684,4.824488,1.0711855,-1.3958381,-2.260722,11.27071,5.500268,2.4147732,-1.3924216,-2.018587,-2.231368,1
14.0,14,-2.8965228,-2.8585906,-3.013706,-4.3323846,-2.0824609,-1.064956,-5.706542,0.60978514,-1.8139709,0.5033001,4.858547,1.0387831,-1.3867425,-2.2639635,11.254202,5.5248947,2.4135237,-1.3949912,-2.0342367,-2.2286875,1
14.0,14,-2.8883655,-2.874156,-3.0376482,-4.3253202,-2.0777202,-1.0738431,-5.7056417,0.60061157,-1.8111209,0.4990304,4.9210505,1.014417,-1.3792672,-2.2751725,11.230771,5.512556,2.4136355,-1.3907272,-2.0509064,-2.2322903,1
14.0,14,-2.9001799,-2.853003,-3.0084345,-4.3248806,-2.0880322,-1.0656596,-5.7080817,0.61014783,-1.8094435,0.5080109,4.8604417,1.05464,-1.3917905,-2.266342,11.256638,5.501751,2.4137506,-1.3903929,-2.0298815,-2.233169,1
14.0,14,-2.90481,-2.8448937,-2.9933727,-4.329502,-2.091495,-1.0596398,-5.708461,0.61672413,-1.8103585,0.51265067,4.826149,1.0700274,-1.3953356,-2.2614625,11.269844,5.502608,2.4148936,-1.3922534,-2.019272,-2.230852,1
13.0,13,-5.11636,1.1464745,0.58106714,-2.0572793,-4.0864153,-0.40225685,-2.7883506,-1.3275952,0.5621343,-2.061021,-2.1869996,2.5793312,1.8948162,12.349575,-3.2242866,-0.6580845,0.15420085,-0.2591566,1.8315653,-2.97122,1
13.0,13,-5.1172433,1.1453962,0.58185244,-2.0597506,-4.0882573,-0.40101814,-2.787585,-1.3278121,0.5663653,-2.0619698,-2.1843789,2.5760798,1.8983192,12.347953,-3.2268622,-0.6603564,0.15356673,-0.2584056,1.8324944,-2.9710534,1
13.0,13,-5.1268477,1.1529592,0.5641046,-2.052689,-4.0743,-0.38878384,-2.787237,-1.3425342,0.5773699,-2.0642188,-2.188928,2.592665,1.8731472,12.34984,-3.2189267,-0.63042367,0.13561328,-0.26265645,1.8117263,-2.9910893,1
13.0,13,-5.137722,1.1801033,0.5590583,-2.054137,-4.07323,-0.38615328,-2.7852228,-1.3497425,0.5922038,-2.0615656,-2.1914608,2.6093369,1.8575577,12.354695,-3.2125258,-0.6207062,0.11262511,-0.25928953,1.7867221,-3.0026162,1
13.0,13,-5.117324,1.1633525,0.5829853,-2.049725,-4.074479,-0.40129426,-2.798403,-1.324073,0.548619,-2.0503423,-2.2042873,2.6020725,1.8718398,12.362951,-3.2035308,-0.64405173,0.14151098,-0.2645,1.8094554,-2.9806485,1
13.0,13,-5.114579,1.141231,0.5820027,-2.0563388,-4.0854363,-0.40142095,-2.790001,-1.3261842,0.55979675,-2.0612686,-2.1871085,2.5768716,1.896704,12.349494,-3.22466,-0.6583756,0.15638159,-0.2603606,1.8339798,-2.9706194,1
14.0,5,-2.7073488,-2.1292508,-3.0391228,-2.8903804,-1.6371778,9.3620205,-1.3998125,-0.21645512,-1.1508702,-0.29267526,1.4845046,1.879188,3.9703116,-0.6436823,2.7439868,-0.2147769,-0.6501088,-1.0773417,-4.554796,-4.91362,0
14.0,5,-2.7080595,-2.1306725,-3.0416567,-2.8927152,-1.6300441,9.366317,-1.3910793,-0.21735573,-1.152237,-0.2962309,1.4834596,1.8707683,3.9703038,-0.6422286,2.7370806,-0.2113874,-0.6508221,-1.075746,-4.5534315,-4.9136834,0
14.0,5,-2.68029,-2.1090412,-3.0367875,-2.845929,-1.6495717,9.361494,-1.3981167,-0.23012026,-1.1370417,-0.29938826,1.5605664,1.9022827,4.0199413,-0.67484343,2.6944606,-0.3162583,-0.70292556,-1.0436952,-4.575761,-4.9220176,0
14.0,5,-2.6609955,-2.097446,-3.0379605,-2.812977,-1.6551381,9.370777,-1.3882613,-0.24600323,-1.1242841,-0.30744937,1.6209666,1.9078319,4.0719733,-0.6971956,2.641347,-0.38986152,-0.7494171,-1.0176897,-4.5923367,-4.929332,0
14.0,5,-2.688506,-2.1143415,-3.028034,-2.8516545,-1.6593511,9.36179,-1.4100696,-0.22560395,-1.1318207,-0.29206726,1.5339593,1.9037224,4.023823,-0.66123563,2.7051797,-0.29536888,-0.69551694,-1.0560639,-4.574553,-4.92438,0
14.0,5,-2.7089324,-2.13064,-3.0386643,-2.8932357,-1.6352953,9.361973,-1.3982707,-0.21489109,-1.1516812,-0.29336587,1.4787953,1.8775028,3.966834,-0.6419383,2.7465072,-0.20838566,-0.6467414,-1.0796207,-4.553284,-4.913358,0
5.0,5,-2.6326444,-2.1598308,-2.402944,-2.0462935,1.5429388,13.188271,-1.0436121,0.89005446,0.4913409,1.0320052,-1.0459602,-0.56151235,2.5565555,-0.42877784,-1.4096271,-0.58814985,-2.224029,-0.40108812,-3.5317938,-4.3728724,1
5.0,5,-2.6310847,-2.1590164,-2.402184,-2.0454235,1.5506198,13.188658,-1.0407839,0.8879977,0.4906204,1.0315897,-1.0489632,-0.56187725,2.5549588,-0.42951193,-1.4095721,-0.5890019,-2.225027,-0.4012775,-3.531755,-4.372477,1
5.0,5,-2.633787,-2.1630445,-2.4070935,-2.0447586,1.5301389,13.194647,-1.039134,0.8822219,0.48339045,1.0206488,-1.0151055,-0.5595368,2.550585,-0.43882754,-1.4238638,-0.59199685,-2.1966763,-0.39149654,-3.5268114,-4.375628,1
5.0,5,-2.6376429,-2.1606438,-2.4093802,-2.0429065,1.5111856,13.2002945,-1.0252196,0.8741306,0.47113428,1.0134896,-1.0015379,-0.5562369,2.5468073,-0.44205526,-1.434888,-0.5908651,-2.1733544,-0.38257822,-3.5147064,-4.3809924,1
5.0,5,-2.6358666,-2.158951,-2.4065263,-2.0422192,1.5246862,13.192745,-1.0321414,0.88475704,0.47837183,1.0291653,-1.0295737,-0.55822253,2.5580764,-0.43211743,-1.4177241,-0.59630173,-2.2058742,-0.39012727,-3.5254223,-4.3783946,1
5.0,5,-2.6329188,-2.1597533,-2.402649,-2.0467734,1.5428332,13.187961,-1.0437424,0.89083797,0.49194363,1.0323242,-1.0478544,-0.56158495,2.55646,-0.4280603,-1.409397,-0.5869433,-2.224829,-0.40205052,-3.5313823,-4.3725724,1
2.0,2,0.14601302,-0.08750786,10.315575,-1.0980079,-1.1110374,-1.6242164,-2.416878,1.8217936,0.06551852,2.5538676,-6.896628,-2.0186977,2.368406,5.784773,-2.5261965,-1.4278566,-1.2540809,-3.2447073,2.2640853,3.0101519,1
2.0,2,0.14576629,-0.08810648,10.314822,-1.0989716,-1.1111422,-1.6243331,-2.4175723,1.8222678,0.06528387,2.5547452,-6.896319,-2.0182405,2.3685932,5.784143,-2.5257416,-1.4276761,-1.2534271,-3.245134,2.26448,3.0131202,1
2.0,2,0.14028935,-0.09942208,10.296748,-1.1088305,-1.113124,-1.6260983,-2.4203744,1.8305961,0.05743012,2.5523806,-6.890475,-2.0135412,2.3753688,5.785066,-2.5273979,-1.4227968,-1.2418634,-3.2501693,2.2731087,3.0562093,1
2.0,2,0.13513446,-0.10444467,10.282461,-1.1121246,-1.1128486,-1.6280403,-2.423459,1.833659,0.052563988,2.5487576,-6.888238,-2.0105193,2.3795812,5.794181,-2.5310504,-1.4208947,-1.2369859,-3.2518892,2.2759778,3.088243,1
2.0,2,0.14407071,-0.09054725,10.3096285,-1.1000344,-1.1113461,-1.6247054,-2.417638,1.8234627,0.06303317,2.552223,-6.895391,-2.0174994,2.3706756,5.787329,-2.5274632,-1.4265108,-1.251139,-3.2459264,2.266364,3.022548,1
2.0,2,0.14556944,-0.088276014,10.314206,-1.0986668,-1.1111242,-1.6243316,-2.417169,1.8222077,0.06494774,2.5536938,-6.896314,-2.0183685,2.368949,5.7851524,-2.5263395,-1.4275135,-1.253318,-3.245063,2.2647061,3.013234,1
7.0,6,5.0206738,3.2693229,-3.2570488,0.22444056,-0.14345896,-0.82892066,7.558789,3.6769168,-0.98583275,-1.6620085,-0.109044895,-2.550994,-0.65436065,-2.922388,-4.053937,-0.11228069,1.100762,-2.310948,-2.8101616,-4.9168725,0
7.0,6,4.8852487,3.408901,-3.348519,0.23280783,-0.26884955,-0.80787516,7.6305294,3.6114779,-0.9986388,-1.7181292,-0.025988888,-2.5088933,-0.8039139,-2.953928,-4.0117016,0.0021837805,1.0671895,-2.22349,-2.7698424,-4.883452,0
7.0,6,4.2800627,3.7128658,-3.719343,0.25208575,-0.724405,-0.7936703,8.044145,3.4108078,-1.0977875,-1.9434019,0.22820571,-2.309032,-1.2789471,-3.090544,-3.896384,0.5481595,1.0483876,-2.0159643,-2.575825,-4.661602,0
7.0,6,3.9194093,4.08778,-3.9727132,0.2646257,-1.0605211,-0.78303707,8.196783,3.176825,-1.1652681,-2.0661302,0.44884902,-2.2336938,-1.7057654,-3.2112875,-3.7303028,0.9311921,0.93110275,-1.7666059,-2.394644,-4.4682937,0
7.0,6,4.27508,3.9729927,-3.6450522,0.27193722,-0.6629582,-0.7949609,8.034068,3.303401,-1.0573651,-1.9100661,0.1266375,-2.3420694,-1.293834,-3.0308206,-3.8690097,0.47753996,0.8913957,-1.8731842,-2.5860782,-4.6795344,0
7.0,6,5.033721,3.229473,-3.2442598,0.22597757,-0.101073176,-0.8365466,7.559753,3.7034974,-0.9885954,-1.6494173,-0.13602667,-2.5530171,-0.6187072,-2.911909,-4.0662727,-0.14317624,1.1103691,-2.325287,-2.8190777,-4.9226713,0
14.0,14,-2.9743536,-1.6533241,-1.6044819,-4.0729756,-1.6580666,-1.0189235,-5.348217,0.8780392,-1.9051881,2.245919,1.5985674,2.2122624,-1.8795594,-1.4879112,12.013554,3.2298138,1.8460957,-1.4492624,-0.28469035,-0.31368062,1
14.0,14,-2.9729493,-1.6532183,-1.6032758,-4.073587,-1.6583366,-1.019683,-5.3484282,0.87635124,-1.904225,2.249231,1.5960516,2.2087991,-1.8782816,-1.488136,12.013588,3.231462,1.8453743,-1.4499291,-0.28423044,-0.3131967,1
14.0,14,-2.99083,-1.6369143,-1.6060815,-4.062433,-1.6637067,-1.0144739,-5.351638,0.87501854,-1.8861752,2.236647,1.604772,2.2453728,-1.8971202,-1.4872555,12.0144415,3.1987567,1.8336649,-1.4348917,-0.26933846,-0.3317727,1
14.0,14,-2.99886,-1.6318606,-1.6092397,-4.059173,-1.666287,-1.0122157,-5.355625,0.8702963,-1.8747022,2.236511,1.6150491,2.2591684,-1.9056672,-1.4888104,12.013754,3.1809213,1.8288275,-1.4273243,-0.26261723,-0.34000203,1
14.0,14,-2.983791,-1.6403694,-1.6042651,-4.063229,-1.6637425,-1.0191091,-5.3507233,0.87171817,-1.8890201,2.2461853,1.6006429,2.2312148,-1.8921158,-1.486331,12.012963,3.2042146,1.8358651,-1.4396554,-0.26822868,-0.3277683,1
14.0,14,-2.9741704,-1.6522403,-1.6033195,-4.072291,-1.6576674,-1.0187986,-5.3474035,0.8795458,-1.905991,2.243451,1.5947374,2.212739,-1.8793936,-1.4873995,12.014514,3.2325,1.8449746,-1.4497508,-0.28452876,-0.31342754,1
18.0,18,-1.6159952,0.30700707,-0.68742824,-1.2216684,-2.045998,-1.8802997,-0.98788023,-0.55757177,0.3063564,-1.0779703,-1.7342271,-0.9352027,0.6030854,2.5314386,-1.7334721,0.04924421,-0.30999774,-1.5577847,13.149361,-0.20799148,1
18.0,18,-1.6154652,0.30655783,-0.6876805,-1.2228012,-2.046157,-1.8808153,-0.989648,-0.55620635,0.30448368,-1.075008,-1.7342799,-0.93658453,0.599735,2.532469,-1.731889,0.049146958,-0.30796367,-1.558569,13.150284,-0.2040362,1
18.0,18,-1.6376395,0.32887307,-0.6529953,-1.2337971,-2.0563154,-1.8784144,-0.9446187,-0.5614326,0.37920976,-1.148424,-1.7572218,-0.9485907,0.74408656,2.5219495,-1.7804403,0.052745625,-0.41040552,-1.5504045,13.136914,-0.25038728,1
18.0,18,-1.6486652,0.3357312,-0.628605,-1.2663432,-2.064888,-1.8549371,-0.9110347,-0.5473291,0.48164266,-1.1680942,-1.7584484,-0.9770839,0.8458561,2.4223022,-1.7991958,0.055648595,-0.49017763,-1.5441002,13.133644,-0.32125947,1
18.0,18,-1.6306825,0.32254654,-0.6590273,-1.2437184,-2.0547104,-1.867674,-0.94882023,-0.55173,0.39530343,-1.120106,-1.7452335,-0.9521543,0.7135801,2.4671955,-1.7655622,0.05091362,-0.391074,-1.5505761,13.145172,-0.26567745,1
18.0,18,-1.6156676,0.30622482,-0.687995,-1.2210498,-2.0457067,-1.8798196,-0.9886544,-0.55787224,0.3053396,-1.077055,-1.7337356,-0.93454576,0.60142744,2.5313127,-1.7328278,0.049121987,-0.30873418,-1.5577171,13.149316,-0.20849547,1
1.0,1,-0.8467741,11.342322,2.0571673,1.0103161,-2.5956254,-1.1781342,-0.1957993,-2.5651455,1.0672523,1.3976566,-5.004825,2.7303357,-2.616324,3.6211655,-1.3104427,-1.5244477,-2.0679102,1.2409705,-0.84591335,-1.6895301,1
1.0,1,-0.8492788,11.34106,2.055937,1.0073931,-2.5977578,-1.1758952,-0.1991551,-2.5651057,1.068659,1.3992909,-5.0028443,2.7318218,-2.615483,3.6223357,-1.3091036,-1.5252742,-2.0658581,1.2409776,-0.8469043,-1.690385,1
1.0,1,-0.80476606,11.363296,2.076391,1.0560603,-2.564746,-1.2203538,-0.13462116,-2.5694573,1.0667547,1.3646438,-5.0301075,2.696743,-2.6198876,3.6043837,-1.3489288,-1.5120512,-2.1127796,1.2404889,-0.837167,-1.680199,1
1.0,1,-0.77843845,11.376991,2.0838492,1.0783377,-2.548792,-1.2385077,-0.10170837,-2.570793,1.0713408,1.3495686,-5.037468,2.6731207,-2.6242194,3.581465,-1.3652568,-1.5071933,-2.1354287,1.2449754,-0.83707166,-1.6767347,1
1.0,1,-0.8274305,11.355489,2.070319,1.0367168,-2.5787663,-1.202054,-0.16013458,-2.5631685,1.0697187,1.3689535,-5.0196533,2.714296,-2.6139624,3.6143026,-1.3339813,-1.5159949,-2.1000202,1.2413498,-0.8413955,-1.6868384,1
1.0,1,-0.8525396,11.339661,2.0573745,1.007426,-2.5984097,-1.1770877,-0.20073526,-2.564804,1.0668306,1.3973652,-5.0052075,2.7355032,-2.6131444,3.6295543,-1.3106266,-1.5249879,-2.0661397,1.2395372,-0.8450086,-1.6904087,1
16.0,16,0.2912712,-1.9484224,-0.86047274,-1.2892468,0.11439809,0.19915992,0.006823849,-0.024484273,-1.987888,0.56704295,-1.5714663,1.9742377,-2.4513772,-2.1930108,-1.9639554,-1.1336559,12.525521,4.1871195,-1.968367,-2.647729,1
16.0,16,0.29368538,-1.9459188,-0.85833067,-1.2880447,0.12157264,0.20177439,0.015561435,-0.018511165,-1.9905869,0.5677426,-1.5786979,1.9650469,-2.4529862,-2.1934779,-1.9656786,-1.1358373,12.523183,4.187792,-1.9670373,-2.6504037,1
16.0,16,0.27038762,-1.9825792,-0.8842722,-1.3071641,0.09272613,0.21091616,-0.06838083,-0.07066226,-1.9445239,0.5539266,-1.489143,2.0407367,-2.4433851,-2.212437,-1.9535285,-1.1211072,12.517607,4.186414,-2.0102212,-2.645561,1
16.0,16,0.26175955,-1.9958346,-0.8849376,-1.3105175,0.045067467,0.20649758,-0.10385005,-0.119567424,-1.9173818,0.5534772,-1.4955066,2.1060493,-2.431552,-2.2088358,-1.9551446,-1.0911045,12.543089,4.164636,-1.9985577,-2.6208665,1
16.0,16,0.27840737,-1.9726167,-0.8730871,-1.2998973,0.07918185,0.20245764,-0.044583354,-0.05964111,-1.9609693,0.56160295,-1.5286458,2.0262666,-2.443098,-2.1966991,-1.9609315,-1.1194599,12.530632,4.1775546,-1.9827121,-2.6379452,1
16.0,16,0.29159272,-1.9472892,-0.8607654,-1.2889285,0.11735694,0.19838959,0.009631392,-0.022589367,-1.9896151,0.56664866,-1.5706024,1.9703395,-2.4514184,-2.1932476,-1.963986,-1.1355515,12.524071,4.188847,-1.9686283,-2.6490984,1
1.0,1,-2.8830302,10.029255,1.691076,2.1102498,-3.0932498,-1.1118761,-0.53784966,-1.0997809,0.5273573,-1.6788514,-3.46983,6.5952635,-3.5089188,3.2743556,-1.0415746,-1.2562956,-1.6987646,2.8337343,-1.5685288,-2.6909628,1
1.0,1,-2.8845797,10.030295,1.6989968,2.0994065,-3.0935788,-1.1123267,-0.5403769,-1.1001239,0.53310394,-1.6771798,-3.470626,6.5892706,-3.5039084,3.2799695,-1.0419757,-1.2574935,-1.7011225,2.8349872,-1.5693263,-2.6909313,1
1.0,1,-2.837218,10.0398855,1.6078608,2.234817,-3.0925393,-1.1145691,-0.48902208,-1.1108258,0.50407326,-1.709722,-3.448545,6.6222115,-3.5531332,3.194875,-1.0700948,-1.237684,-1.7162265,2.8139114,-1.5679471,-2.701045,1
1.0,1,-2.8022814,10.076483,1.5123254,2.27711,-3.0815291,-1.0957037,-0.46043694,-1.1324769,0.4940721,-1.7165629,-3.4197888,6.6032276,-3.5801044,3.1346989,-1.0606121,-1.2261077,-1.7362769,2.8213193,-1.5693338,-2.6952212,1
1.0,1,-2.8649402,10.028208,1.6116638,2.1959417,-3.0928216,-1.1014018,-0.5165669,-1.1025997,0.49757925,-1.7012346,-3.4441862,6.63546,-3.547245,3.2182782,-1.040338,-1.2410097,-1.703066,2.82265,-1.5723404,-2.6947947,1
1.0,1,-2.8937454,10.01819,1.706324,2.1042154,-3.0974145,-1.1149921,-0.5452292,-1.0948783,0.5265086,-1.6785352,-3.4749706,6.6056724,-3.5046697,3.2891166,-1.0427952,-1.2576512,-1.6916697,2.830978,-1.567323,-2.6926477,1
11.0,11,-5.7843657,-0.6134796,-3.0655248,0.849336,-3.668158,-0.8288032,-4.290742,-0.58686405,-2.6663914,-1.8231509,2.8977067,11.0472765,-2.0040922,5.536055,2.3622265,-1.510534,3.2960436,2.9421995,-3.1779032,-1.9478452,1
11.0,11,-5.783545,-0.6139366,-3.066652,0.8497352,-3.667698,-0.8299001,-4.291528,-0.58649594,-2.6679757,-1.8222898,2.899617,11.04475,-2.0060997,5.5346513,2.3654058,-1.5108396,3.2978663,2.9426308,-3.1773143,-1.948193,1
11.0,11,-5.791624,-0.60391015,-3.0589952,0.8475825,-3.6689687,-0.8229183,-4.289352,-0.58546835,-2.6578772,-1.8272868,2.884729,11.052797,-1.995115,5.5544295,2.349465,-1.5101956,3.2695894,2.940402,-3.1797569,-1.9486,1
11.0,11,-5.7938623,-0.6039055,-3.054612,0.8463048,-3.670298,-0.81858385,-4.284687,-0.58922315,-2.6519058,-1.8324841,2.8782535,11.065615,-1.98695,5.554626,2.333782,-1.5084289,3.2689714,2.944572,-3.1829526,-1.946019,1
11.0,11,-5.7862267,-0.60831064,-3.0600379,0.85161036,-3.6684837,-0.82775116,-4.287951,-0.59221774,-2.6639564,-1.8272656,2.8859003,11.049312,-2.0002506,5.5507045,2.3499265,-1.5085136,3.2903845,2.945002,-3.1769285,-1.9489336,1
11.0,11,-5.783965,-0.6136568,-3.066073,0.84917474,-3.6680503,-0.829371,-4.291618,-0.5860877,-2.6673565,-1.8217818,2.8985562,11.045547,-2.0053563,5.535678,2.3658504,-1.510646,3.2963767,2.9401977,-3.177503,-1.9483947,1
16.0,16,-1.7490895,-3.20935,-2.5186465,-1.862579,0.82738954,0.1062697,0.76211405,4.336358,-1.0035901,-0.24928845,-0.86735374,3.809129,-5.4714913,-3.1775537,-0.89425576,0.4985587,11.046135,-0.105330415,-2.5675435,0.783199,1
16.0,16,-1.7480826,-3.209125,-2.517159,-1.864053,0.83343583,0.11018834,0.77691615,4.363978,-1.0124874,-0.25045142,-0.87243176,3.790241,-5.4702606,-3.174227,-0.89914167,0.48998204,11.038995,-0.105524026,-2.5724382,0.7784471,1
16.0,16,-1.7645509,-3.2385008,-2.5479476,-1.8419238,0.81322634,0.07847558,0.625838,4.103482,-0.85859495,-0.22266385,-0.7862522,3.9997597,-5.5275526,-3.2519662,-0.84989655,0.5420639,11.004948,-0.14976028,-2.4976685,0.8983574,1
16.0,16,-1.7704761,-3.2352612,-2.5709288,-1.8332891,0.7689206,0.033824082,0.5777514,3.974307,-0.8247468,-0.24505298,-0.7346801,4.0746994,-5.5368347,-3.2730613,-0.82523346,0.6167953,11.059018,-0.15887347,-2.4761121,0.9185586,1
16.0,16,-1.7627728,-3.229015,-2.55544,-1.8370441,0.8056572,0.062948525,0.6505812,4.107192,-0.89460284,-0.24627274,-0.78690845,3.9774573,-5.524063,-3.2404435,-0.8554585,0.5750351,11.042846,-0.14809418,-2.5014198,0.8850439,1
16.0,16,-1.7493412,-3.2085385,-2.5156472,-1.8615093,0.8335701,0.11044984,0.76706374,4.3437605,-1.007548,-0.24713255,-0.874704,3.8052225,-5.470665,-3.1740384,-0.8976828,0.49219012,11.041179,-0.10360802,-2.5701196,0.7798641,1
6.0,7,-1.5169528,-0.60962725,-2.809592,-1.3640785,0.4519463,-0.61350435,9.321461,11.433624,-1.6927553,-2.8262126,-0.2522734,-1.1424701,-0.5901628,-2.0991848,-2.3818998,-1.4792373,0.007473588,-1.9873992,-1.6646774,-3.6449697,0
6.0,7,-1.5190959,-0.61094654,-2.8044553,-1.3638413,0.4515774,-0.60590875,9.31549,11.440941,-1.6925763,-2.8276632,-0.2519311,-1.1422515,-0.5864868,-2.0927064,-2.3829243,-1.4836831,-0.0027220696,-1.9873646,-1.6698095,-3.6502047,0
6.0,7,-1.439779,-0.4416704,-2.9228976,-1.2478942,0.55309993,-0.77669,9.6972,11.029407,-1.689149,-2.7928743,-0.31932703,-1.240633,-0.6331446,-2.2300804,-2.4178677,-1.3138673,0.03789121,-1.9899107,-1.5918097,-3.6086514,0
6.0,7,-1.4163303,-0.39665172,-2.9532955,-1.2178802,0.5759679,-0.8156345,9.804125,10.910599,-1.6856604,-2.784502,-0.34140888,-1.2645408,-0.6485387,-2.2671196,-2.4354107,-1.259251,0.059493825,-1.9925693,-1.5765538,-3.6072335,0
6.0,7,-1.4453318,-0.45845097,-2.8997798,-1.2558956,0.5545915,-0.75866675,9.663727,11.081908,-1.6997668,-2.8015137,-0.31408116,-1.2399006,-0.61775935,-2.2129292,-2.4173105,-1.3385,0.01299268,-1.98731,-1.5972728,-3.6118493,0
6.0,7,-1.5240343,-0.61556464,-2.8035443,-1.3683852,0.44884235,-0.6032226,9.30104,11.454518,-1.6932741,-2.8279161,-0.2497089,-1.1371164,-0.58510566,-2.0893884,-2.3776867,-1.4910481,-0.0024677068,-1.9844605,-1.6693805,-3.6468403,0
8.0,8,-0.85453814,-0.88505256,1.2304583,-2.115645,-2.8649392,0.692141,-3.2414577,-3.9088738,11.736683,2.7121077,1.1701705,-0.70392734,4.4076967,-0.6272068,-3.0142927,-2.2869208,-3.7070553,-1.7256461,-2.3096042,-2.5826004,1
8.0,8,-0.85444796,-0.8852679,1.2323667,-2.1143801,-2.8642106,0.69031185,-3.2442722,-3.9113157,11.738164,2.7160203,1.1696575,-0.7021714,4.402605,-0.6265076,-3.0128965,-2.287872,-3.7046978,-1.7244585,-2.311677,-2.5809603,1
8.0,8,-0.85209674,-0.90540487,1.1370788,-2.169082,-2.878478,0.7631211,-3.135383,-3.7921066,11.650126,2.5316246,1.2085977,-0.7936379,4.7074976,-0.5997327,-3.0761735,-2.2599943,-3.8371465,-1.7838169,-2.3061671,-2.6420467,1
8.0,8,-0.8349979,-0.91109025,1.0753484,-2.2057884,-2.884429,0.8076216,-3.0374224,-3.705202,11.58886,2.405517,1.2220117,-0.8688085,4.8945374,-0.6195776,-3.1222026,-2.2354524,-3.9112272,-1.8195928,-2.2684083,-2.6818233,1
8.0,8,-0.8506235,-0.8993842,1.1657436,-2.154026,-2.872724,0.74468434,-3.1653461,-3.8241704,11.676857,2.5832012,1.1993271,-0.77153516,4.620928,-0.6124658,-3.059568,-2.269725,-3.8017323,-1.7647585,-2.3070946,-2.6238832,1
8.0,8,-0.8552606,-0.88475436,1.2310759,-2.1156065,-2.8655705,0.69214636,-3.2421124,-3.90923,11.7370405,2.7130208,1.1696138,-0.7031273,4.4068065,-0.6263276,-3.014098,-2.287093,-3.706733,-1.72567,-2.3094635,-2.5826018,1
4.0,15,-0.899072,-1.3493097,-2.8915958,-0.89990354,5.7704926,-0.8264594,-0.6269715,-3.59698,-2.1332896,-2.7831426,0.737739,-1.2824625,-4.3390245,-0.9703549,1.2085252,10.057764,3.7828784,-1.1689494,-3.285113,-3.1403759,0
4.0,15,-0.8983333,-1.3470681,-2.8902366,-0.89849615,5.7740517,-0.82579756,-0.6223848,-3.5952325,-2.1330638,-2.7847245,0.73504716,-1.2865131,-4.339233,-0.97045577,1.2063049,10.057195,3.7795925,-1.1687777,-3.2842298,-3.1400979,0
4.0,15,-0.8956278,-1.3597386,-2.8919556,-0.9031049,5.755655,-0.8356983,-0.6435464,-3.613204,-2.1377647,-2.7727926,0.74248147,-1.2547922,-4.335964,-0.96622914,1.2036266,10.051395,3.809948,-1.1652782,-3.2890944,-3.1389391,0
4.0,15,-0.88804835,-1.3656266,-2.889321,-0.9079925,5.7626452,-0.8414197,-0.66370225,-3.6270525,-2.139601,-2.7640061,0.7385122,-1.2353249,-4.3328614,-0.96132046,1.2072082,10.04346,3.8239174,-1.1630074,-3.294136,-3.1370986,0
4.0,15,-0.8998297,-1.3628699,-2.8964884,-0.90715766,5.7510643,-0.8307693,-0.653882,-3.614164,-2.1354556,-2.7727294,0.7491441,-1.2537646,-4.332836,-0.96719754,1.2146227,10.058883,3.8025787,-1.1684985,-3.2903287,-3.140851,0
4.0,15,-0.900303,-1.3489957,-2.8921168,-0.89899725,5.767218,-0.8261778,-0.62339777,-3.595958,-2.1334746,-2.7842748,0.73893523,-1.2842782,-4.3385115,-0.97103757,1.2067732,10.059212,3.7820046,-1.1691288,-3.2841153,-3.1406116,0
9.0,9,0.14346623,-2.6976342,2.2898192,-4.3768888,-2.4433389,-1.3870902,-4.4851494,-2.896417,4.2322435,12.031473,-1.3598726,-5.0422215,2.4042647,1.3667786,-0.6353779,-0.017776076,-0.3644547,-3.7768009,-1.653637,1.2844285,1
9.0,9,0.14345929,-2.6976342,2.2898574,-4.376902,-2.443359,-1.3870618,-4.485162,-2.8964431,4.232354,12.031466,-1.3598452,-5.0422077,2.404296,1.3667518,-0.63540894,-0.017810531,-0.36452776,-3.776811,-1.6536827,1.2844354,1
9.0,9,0.14345972,-2.697469,2.2903135,-4.376977,-2.4435291,-1.3868804,-4.485257,-2.8965676,4.233294,12.031435,-1.3596468,-5.0420656,2.404136,1.3664786,-0.6356401,-0.01804807,-0.36507034,-3.7768798,-1.6540821,1.2844768,1
9.0,9,0.14340195,-2.697407,2.2904947,-4.3770514,-2.443583,-1.3867418,-4.4853168,-2.8966537,4.2337775,12.031317,-1.3595444,-5.04198,2.4041848,1.3664625,-0.6358353,-0.018199954,-0.3654284,-3.7769592,-1.6543295,1.2845433,1
9.0,9,0.14341623,-2.6975112,2.2904077,-4.377024,-2.4435782,-1.3867327,-4.485332,-2.8967054,4.2336626,12.031347,-1.3595247,-5.0420294,2.4044352,1.3664107,-0.6357587,-0.018174902,-0.36539602,-3.776937,-1.6542927,1.2844456,1
9.0,9,0.14346448,-2.6976213,2.2898767,-4.3768997,-2.4433584,-1.3870571,-4.485165,-2.8964443,4.2323728,12.031465,-1.359837,-5.042209,2.404281,1.366743,-0.6354126,-0.01780849,-0.3645466,-3.7768142,-1.6537032,1.2844205,1
11.0,11,-4.637795,-1.3938403,-0.7950489,-0.6448234,-1.9687923,0.97495604,-3.880823,-2.611097,0.14096648,-2.0621376,1.0448991,13.057454,1.8376273,1.1142418,1.2539515,0.7716121,2.0433803,0.6106283,-3.4583292,-2.6086924,1
11.0,11,-4.6384172,-1.3932129,-0.7948789,-0.64575016,-1.9680785,0.97619665,-3.8814232,-2.611359,0.14261597,-2.062849,1.045507,13.05764,1.8356509,1.1137118,1.2546971,0.7727025,2.041608,0.6106758,-3.4583237,-2.6096523,1
11.0,11,-4.6300125,-1.3990358,-0.79967016,-0.6344451,-1.9754299,0.9618229,-3.878766,-2.6091356,0.12781924,-2.055366,1.0443877,13.056533,1.8513445,1.1141212,1.2492763,0.7577307,2.058475,0.6143011,-3.4572482,-2.599151,1
11.0,11,-4.6203146,-1.4035319,-0.796038,-0.6282171,-1.9898928,0.94953245,-3.8736804,-2.6048322,0.11203622,-2.04082,1.0279399,13.056385,1.8631749,1.1188678,1.2424974,0.74611014,2.0911787,0.6101731,-3.4533303,-2.5879219,1
11.0,11,-4.6333313,-1.3976026,-0.79472274,-0.64035535,-1.9773041,0.9683787,-3.878792,-2.607333,0.13201171,-2.0544379,1.0384879,13.056725,1.8490651,1.1182878,1.2502311,0.7620706,2.0569491,0.6082279,-3.45672,-2.6025288,1
11.0,11,-4.6385055,-1.3935919,-0.7952971,-0.64543164,-1.967553,0.97578454,-3.8811748,-2.6115065,0.14194563,-2.0632088,1.0459605,13.057424,1.8365949,1.1137933,1.2545364,0.77287567,2.0414543,0.61085546,-3.4585984,-2.6093998,1
11.0,11,-5.39071,-2.2256434,-2.1895528,3.2512991,-3.2056637,-0.05436033,-2.7323465,0.2075405,-1.826891,-1.3102984,2.357122,12.850104,-2.503413,1.2085096,1.2993618,0.3137427,1.8564135,-1.6142657,-1.8182958,-2.556547,1
11.0,11,-5.39127,-2.2269373,-2.1905465,3.2480698,-3.2061176,-0.054610334,-2.7347414,0.20848842,-1.8280927,-1.3080258,2.3565588,12.8494005,-2.5048301,1.2068493,1.306023,0.31683964,1.8585998,-1.6154734,-1.8178687,-2.5557625,1
11.0,11,-5.3848224,-2.215841,-2.1842654,3.275617,-3.1984363,-0.05223743,-2.7134883,0.19956107,-1.818937,-1.3295645,2.3619,12.856769,-2.495352,1.2196958,1.2478259,0.2928618,1.841258,-1.6032469,-1.8222874,-2.5619724,1
11.0,11,-5.383598,-2.20908,-2.1806743,3.2854822,-3.1978588,-0.051828712,-2.706466,0.19579244,-1.8138062,-1.3372302,2.3612149,12.859615,-2.488085,1.2301497,1.2256019,0.2805989,1.8317437,-1.6006453,-1.8231913,-2.5649424,1
11.0,11,-5.388262,-2.2182863,-2.1819713,3.2686088,-3.2031765,-0.05233457,-2.7192926,0.2021235,-1.8188689,-1.3232934,2.361196,12.853692,-2.4933593,1.219638,1.2614346,0.29449967,1.840842,-1.6071892,-1.8218007,-2.5612314,1
11.0,11,-5.3910093,-2.226769,-2.1901503,3.2494879,-3.2057486,-0.054374054,-2.7335632,0.20807773,-1.827551,-1.3091245,2.3573291,12.8497,-2.5045762,1.206758,1.3029897,0.3159494,1.8578293,-1.6146959,-1.8181713,-2.5560641,1
14.0,14,-4.7080464,-2.84477,-4.9379845,-3.7685971,-0.7538,5.2943797,-3.5053146,0.8762411,-3.504238,-2.736557,6.4055076,5.1694713,-2.118711,-3.2036977,9.480864,3.6301045,1.9256665,-1.1929457,-2.5901718,-3.205288,1
14.0,14,-4.7043157,-2.8498926,-4.939924,-3.7697222,-0.7510049,5.284507,-3.5048907,0.87477857,-3.503503,-2.7333272,6.410989,5.158929,-2.1207006,-3.2074814,9.484127,3.6331794,1.9303975,-1.196253,-2.5883996,-3.2023776,1
14.0,14,-4.749181,-2.7855904,-4.9306655,-3.7674594,-0.7500219,5.4290195,-3.4970455,0.8980933,-3.5194125,-2.7733448,6.3440742,5.2292776,-2.08983,-3.1684906,9.453017,3.6096966,1.839898,-1.1545513,-2.6084514,-3.2349706,1
14.0,14,-4.768625,-2.757481,-4.925952,-3.766875,-0.74889886,5.488609,-3.492735,0.90870064,-3.5267422,-2.7924151,6.3121715,5.261865,-2.0764954,-3.1507027,9.440136,3.6024897,1.8025949,-1.1387752,-2.617556,-3.247917,1
14.0,14,-4.736426,-2.8005106,-4.9313536,-3.770614,-0.7502443,5.3953547,-3.4997153,0.89399815,-3.5171025,-2.7614348,6.3554754,5.204965,-2.0954812,-3.1784258,9.464594,3.617234,1.8636583,-1.1642349,-2.6015482,-3.2279353,1
14.0,14,-4.7052298,-2.846967,-4.936504,-3.7711315,-0.7530978,5.285925,-3.5083761,0.87560725,-3.5026767,-2.7327797,6.4046044,5.161055,-2.1214495,-3.205559,9.488218,3.6353834,1.928829,-1.1942811,-2.587077,-3.2029543,1
4.0,4,1.1603522,-0.8386956,-0.86770624,-0.97732216,11.34631,4.3795643,-1.6102351,0.73755664,1.030892,-0.033102278,-0.5475725,-0.53385967,-3.2448363,-2.2988477,0.15669693,-1.6275096,-1.3474938,-0.08374151,-5.6749225,-1.9160819,1
4.0,4,1.14271,-0.8467981,-0.869883,-0.9779518,11.347224,4.387879,-1.6049616,0.75122994,1.0298727,-0.03606831,-0.54802305,-0.5265456,-3.2461395,-2.2953851,0.15467627,-1.6317263,-1.345136,-0.08143491,-5.674704,-1.9141895,1
4.0,4,1.3410556,-0.7555343,-0.8440147,-0.97682714,11.336531,4.335293,-1.6397302,0.61912715,1.0255632,0.019425817,-0.56673604,-0.62542534,-3.223881,-2.340862,0.17125925,-1.592503,-1.3758785,-0.11400082,-5.6745496,-1.9393015,1
4.0,4,1.4391813,-0.71630234,-0.83362305,-0.97695744,11.327664,4.3140697,-1.6525656,0.56642294,1.0213739,0.045763914,-0.57738763,-0.67558277,-3.2193613,-2.3647175,0.17450228,-1.5693946,-1.3838688,-0.13536888,-5.676215,-1.9524047,1
4.0,4,1.330219,-0.7618766,-0.84138584,-0.97605497,11.337463,4.3421636,-1.6325214,0.6365246,1.0238234,0.022373814,-0.57140714,-0.624587,-3.2180307,-2.3347769,0.1679568,-1.6080508,-1.3790723,-0.112250395,-5.6738887,-1.9389268,1
4.0,4,1.146554,-0.8420433,-0.86876756,-0.9781061,11.348912,4.3834224,-1.608324,0.74084306,1.0300345,-0.035250288,-0.5476236,-0.52688724,-3.2436712,-2.2962012,0.15841106,-1.6304294,-1.346822,-0.07940052,-5.673803,-1.9141567,1
11.0,11,-4.1616592,-1.4835354,-0.7652643,-0.58037925,-2.2665005,0.7053846,-3.986556,-2.572711,0.031161465,-1.4613067,0.7636112,12.914373,1.2808498,0.56103086,1.1773314,0.0080589205,3.9374661,0.7919773,-3.0912507,-2.6253726,1
11.0,11,-4.161953,-1.4824668,-0.7646044,-0.58098376,-2.2658072,0.7061634,-3.9874716,-2.5732193,0.03282506,-1.4611566,0.7634595,12.914626,1.2790208,0.56096405,1.1781523,0.008184493,3.9356194,0.79260963,-3.0913522,-2.6269295,1
11.0,11,-4.149981,-1.4966531,-0.7798326,-0.57064843,-2.2791533,0.68690175,-3.982802,-2.569202,0.011390321,-1.4523537,0.77143437,12.905505,1.2938054,0.55027956,1.1685538,-0.0052206214,3.9767816,0.7986714,-3.0877204,-2.6099305,1
11.0,11,-4.141094,-1.4986714,-0.77385694,-0.5666928,-2.2940302,0.6774949,-3.9757457,-2.565863,-0.002411507,-1.4444653,0.7537177,12.901488,1.3027065,0.55295527,1.1600759,-0.007089875,4.007387,0.800598,-3.0838182,-2.596501,1
11.0,11,-4.1579437,-1.4871364,-0.76588035,-0.57554877,-2.2755537,0.6997974,-3.9827948,-2.5694838,0.022855483,-1.4585832,0.7597932,12.912159,1.2923398,0.5629272,1.1715997,0.002370522,3.9488902,0.79395205,-3.089693,-2.6180105,1
11.0,11,-4.162111,-1.4836539,-0.76588196,-0.5807884,-2.2653651,0.7058167,-3.9869099,-2.5730357,0.03179068,-1.461745,0.76482034,12.914488,1.2801096,0.5605392,1.1778862,0.008596443,3.936307,0.79147726,-3.0914505,-2.6259181,1
11.0,11,-5.9941835,-1.7927808,-1.6895375,2.4443004,-3.3906565,0.9745894,-2.3879814,-1.0166532,1.2031357,-3.0887961,4.2405467,12.590973,-0.6341685,2.00578,-1.2351643,-1.142524,-0.6310974,-0.45530367,-2.3516102,-3.2710035,1
11.0,11,-5.9943786,-1.7927488,-1.6895156,2.4430902,-3.390561,0.97461516,-2.3885863,-1.0163995,1.2024686,-3.0883365,4.2395062,12.591942,-0.63492894,2.0053337,-1.233169,-1.1416771,-0.63004094,-0.4556566,-2.35074,-3.2706592,1
11.0,11,-5.992868,-1.7922748,-1.6903515,2.450245,-3.3893328,0.9748998,-2.3850229,-1.0169775,1.2030727,-3.0905762,4.243959,12.586991,-0.6313607,2.0114644,-1.2453903,-1.1449847,-0.6370043,-0.45432848,-2.3580542,-3.2718983,1
11.0,11,-5.9915404,-1.7910202,-1.6874992,2.4461336,-3.3887095,0.97364515,-2.3857284,-1.0172224,1.2045546,-3.0923033,4.2403364,12.589767,-0.6306275,2.008378,-1.2432228,-1.1424376,-0.63428533,-0.45393622,-2.3551934,-3.271842,1
11.0,11,-5.994446,-1.793671,-1.6887202,2.4411173,-3.3906116,0.9744933,-2.3890996,-1.0156089,1.2038311,-3.0883596,4.2436266,12.590506,-0.63376516,2.0061595,-1.2355281,-1.1421721,-0.632356,-0.45484346,-2.352947,-3.2701778,1
11.0,11,-5.994246,-1.7925614,-1.689787,2.4451928,-3.390625,0.9749672,-2.387571,-1.0170457,1.2039027,-3.089341,4.240825,12.59022,-0.63336617,2.006073,-1.2362566,-1.1429623,-0.63229513,-0.45519984,-2.3521557,-3.2714205,1
16.0,0,6.9818234,1.6576977,-3.1081376,3.2150803,-2.514244,-2.422436,1.3318704,-2.0866435,1.5314218,-1.6076152,6.0683274,-2.4875157,-1.3509037,-4.1538696,-3.1925843,1.1309617,-1.4103405,-3.165478,-3.7984173,-3.1925764,0
16.0,0,6.9808435,1.6581314,-3.1083863,3.2161188,-2.5146794,-2.4216373,1.331488,-2.0838952,1.5331843,-1.6062472,6.069147,-2.4863493,-1.3527663,-4.154531,-3.1927671,1.1275756,-1.4114296,-3.1657546,-3.8003106,-3.1928098,0
16.0,0,6.9905,1.6642833,-3.104535,3.2135453,-2.515504,-2.4314992,1.3422359,-2.1043952,1.5177392,-1.6112245,6.058007,-2.496368,-1.3383602,-4.1486473,-3.1952577,1.1440238,-1.405058,-3.1625626,-3.7836266,-3.188963,0
16.0,0,6.9953938,1.6669515,-3.1030474,3.2135525,-2.515036,-2.433832,1.3464354,-2.1103315,1.5121852,-1.6110729,6.0533943,-2.5017223,-1.3341073,-4.147595,-3.1964695,1.1470016,-1.4023659,-3.1614616,-3.7780669,-3.1872995,0
16.0,0,6.989414,1.6647607,-3.1050112,3.214645,-2.5156093,-2.4292753,1.3417196,-2.0978818,1.5209264,-1.6080705,6.058868,-2.4951513,-1.3423856,-4.150375,-3.195536,1.1375049,-1.4065689,-3.1635613,-3.7874882,-3.1895354,0
16.0,0,6.9799304,1.6571157,-3.1086717,3.2148287,-2.5149174,-2.4220908,1.3307804,-2.0856392,1.5328058,-1.6080319,6.069835,-2.4854875,-1.3516854,-4.1538134,-3.192125,1.1307997,-1.4112682,-3.1656792,-3.799666,-3.193044,0
15.0,15,-1.614578,-2.3267515,-2.5415974,-3.9748175,1.5257641,0.6181882,-5.7182674,-2.1391265,-1.0887605,0.98276204,0.5133913,-1.8153937,-2.4528558,-1.8364929,8.624489,11.072481,1.0595944,-3.7745035,-2.378321,-1.169305,1
15.0,15,-1.6105297,-2.3260508,-2.5420396,-3.971249,1.5367981,0.61311334,-5.714559,-2.139977,-1.0898165,0.97987545,0.5121242,-1.8201126,-2.4510524,-1.8374549,8.620452,11.073537,1.0574001,-3.774907,-2.3790367,-1.1697003,1
15.0,15,-1.5857496,-2.3348644,-2.5320013,-3.9642112,1.5939035,0.6156048,-5.7195992,-2.1754506,-1.0929255,1.0238881,0.48872498,-1.8282659,-2.4723241,-1.8351562,8.571344,11.070646,1.0813322,-3.7941387,-2.392804,-1.1572719,1
15.0,15,-1.5838559,-2.3374488,-2.5311263,-3.9653263,1.5724183,0.60697836,-5.7263246,-2.1798663,-1.0901914,1.0365677,0.49869794,-1.8270931,-2.4703193,-1.8377603,8.570824,11.068557,1.0868632,-3.7935658,-2.3917816,-1.1536883,1
15.0,15,-1.5990665,-2.3346329,-2.5302954,-3.9734282,1.5196102,0.6108405,-5.7357216,-2.1620173,-1.0870734,1.0315711,0.5079132,-1.8153156,-2.4586768,-1.8392313,8.609106,11.063583,1.0805155,-3.7800474,-2.3826234,-1.1600754,1
15.0,15,-1.6132185,-2.3268485,-2.5398896,-3.97443,1.5302365,0.6196234,-5.7188597,-2.140367,-1.0891969,0.98582107,0.50914913,-1.8159194,-2.4533374,-1.8361187,8.623856,11.071716,1.0601367,-3.7748098,-2.3786507,-1.1691859,1
1.0,1,-0.2700778,11.171299,2.27124,3.013655,-2.923522,-0.7842988,0.4465851,-1.157278,1.4152658,-0.12925333,-3.5224125,3.2138054,-3.5337439,1.501677,-2.2843828,-2.5673163,-2.0082986,2.0153084,-2.3036258,-2.6638448,1
1.0,1,-0.27115735,11.17033,2.2750309,3.0117614,-2.9244313,-0.7841742,0.44457337,-1.1568749,1.4173061,-0.12842466,-3.522772,3.213463,-3.5325186,1.5039413,-2.285188,-2.5686872,-2.0080066,2.0149286,-2.3044066,-2.664033,1
1.0,1,-0.227027,11.177383,2.2307742,3.1042721,-2.9092445,-0.7972636,0.49005646,-1.1461147,1.3596598,-0.15681592,-3.5206196,3.2355542,-3.569867,1.4464335,-2.2934918,-2.5532022,-2.0165164,2.0154953,-2.2957246,-2.673463,1
1.0,1,-0.1975461,11.189869,2.189945,3.1427543,-2.8983517,-0.8032661,0.52279013,-1.1471767,1.3341817,-0.17485277,-3.512243,3.2324302,-3.5871055,1.4093766,-2.294646,-2.5391362,-2.027525,2.018636,-2.2892566,-2.6752203,1
1.0,1,-0.26494196,11.169022,2.2268827,3.0678115,-2.9195895,-0.78284633,0.46498612,-1.1461973,1.3775579,-0.1521948,-3.512291,3.2543344,-3.5591753,1.4750214,-2.280719,-2.554371,-2.0148544,2.0197015,-2.3034678,-2.6733408,1
1.0,1,-0.27901542,11.166806,2.2790504,3.008587,-2.9266272,-0.7828614,0.4387087,-1.1555574,1.4185176,-0.12685536,-3.5239508,3.2201064,-3.5312746,1.510788,-2.2842236,-2.5702834,-2.005299,2.014966,-2.3054612,-2.664577,1
14.0,5,-4.216395,-1.9714031,-2.1088958,-3.6937556,-1.6458466,9.821604,-3.6311111,1.3086159,-0.8619701,0.28115672,-0.9660414,1.7025781,1.2220386,-0.21721461,7.617278,2.5193605,-1.2687413,-0.812539,-3.4657729,-4.751349,0
14.0,5,-4.217956,-1.9731076,-2.1116738,-3.695914,-1.6385862,9.830804,-3.6228156,1.3092965,-0.86179215,0.2763567,-0.96642363,1.6950988,1.2216296,-0.21502478,7.6094894,2.5204906,-1.2718848,-0.8134968,-3.463765,-4.7538958,0
14.0,5,-4.2047563,-1.9502422,-2.1152182,-3.63628,-1.6401454,9.899839,-3.6078398,1.2930788,-0.8550549,0.2702939,-0.90025115,1.7320306,1.2971042,-0.22776183,7.5192995,2.3762653,-1.3424823,-0.74541914,-3.5299885,-4.7825165,0
14.0,5,-4.193084,-1.9337436,-2.1238284,-3.587049,-1.6410693,9.972876,-3.582806,1.2671533,-0.8489674,0.26052594,-0.8510677,1.7546252,1.3732408,-0.23510261,7.4225054,2.2641108,-1.3966794,-0.6909449,-3.580681,-4.809193,0
14.0,5,-4.2032647,-1.949528,-2.1181703,-3.632559,-1.6485093,9.898992,-3.6051054,1.2823149,-0.86186856,0.26096377,-0.91803336,1.7372094,1.3044348,-0.22305727,7.5159807,2.401128,-1.3202648,-0.7497366,-3.5264337,-4.7836103,0
14.0,5,-4.217599,-1.973892,-2.1087599,-3.6981437,-1.6439167,9.817612,-3.6299448,1.3117406,-0.86349505,0.27862817,-0.9692863,1.6989899,1.2167256,-0.21606243,7.6227465,2.5292077,-1.2651451,-0.8177451,-3.4611828,-4.750524,0
0.0,0,10.355031,0.46219102,1.7661607,1.9773704,1.2203934,-3.3917196,2.2505782,-0.25060236,0.5235953,-1.3751588,0.21793443,-5.712005,0.6294862,-4.2252717,-4.6074343,0.5731106,1.1619415,-3.3612604,-2.1360147,-1.1210843,1
0.0,0,10.353926,0.45980158,1.7673827,1.9745871,1.2210898,-3.390323,2.248256,-0.2489971,0.52571803,-1.3749697,0.21762836,-5.7116957,0.6316387,-4.225158,-4.607545,0.57293963,1.1620284,-3.3621163,-2.1369107,-1.1201416,1
0.0,0,10.405928,0.56514215,1.8119172,2.0738013,1.2232552,-3.4122136,2.3029037,-0.2927454,0.4415464,-1.3704007,0.15812647,-5.742105,0.6060635,-4.1883445,-4.6167145,0.5505368,1.110448,-3.3219676,-2.1123116,-1.1855767,1
0.0,0,10.447013,0.64482766,1.8393242,2.138486,1.2317477,-3.4306493,2.3441277,-0.32127112,0.38261628,-1.3591855,0.10675259,-5.7656546,0.5862588,-4.1647058,-4.6235523,0.5321257,1.0778465,-3.293606,-2.0914958,-1.2241207,1
0.0,0,10.412487,0.57219684,1.8195097,2.071107,1.2326069,-3.4151552,2.3051398,-0.29101643,0.44100118,-1.3630838,0.14490825,-5.7478175,0.60961485,-4.1868815,-4.618724,0.54426837,1.1042044,-3.3199172,-2.107807,-1.1825957,1
0.0,0,10.3466835,0.44856143,1.7659053,1.9677327,1.2172025,-3.3873208,2.2418644,-0.246011,0.5349576,-1.3788179,0.2264841,-5.7079825,0.63361573,-4.2279296,-4.606741,0.5763718,1.1644411,-3.3660212,-2.1400814,-1.1160079,1
3.0,2,-0.14054483,0.58887833,11.499053,0.16998181,-1.9674286,-1.0873712,-3.155421,0.44224826,1.6231954,4.986545,-5.500301,-0.6777682,0.032986253,3.2127392,-0.7156279,-2.0587454,-1.0702403,-1.3378905,-1.6945688,-3.0132575,0
3.0,2,-0.13992937,0.5885607,11.499684,0.16812973,-1.9665154,-1.0871407,-3.1551452,0.44232762,1.6231452,4.9865828,-5.501271,-0.6791635,0.034564592,3.2128537,-0.7151691,-2.0582721,-1.0707738,-1.3381753,-1.6938863,-3.0127583,0
3.0,2,-0.14408813,0.59251386,11.495088,0.18781216,-1.9752008,-1.090168,-3.1552253,0.44343942,1.6229631,4.983173,-5.4896445,-0.66596687,0.019071897,3.2098792,-0.7220277,-2.063584,-1.0682334,-1.3364359,-1.7003448,-3.0169826,0
3.0,2,-0.14273956,0.5930626,11.496274,0.18576337,-1.9746276,-1.0907155,-3.1544697,0.44418716,1.6228037,4.9826035,-5.4898148,-0.666825,0.020301996,3.2091064,-0.72230816,-2.0630445,-1.0690303,-1.3373835,-1.6998193,-3.0160248,0
3.0,2,-0.14320154,0.5920068,11.496591,0.18075302,-1.9722375,-1.0894642,-3.154796,0.4430998,1.6223037,4.984512,-5.494903,-0.6689588,0.024188614,3.2121127,-0.72010416,-2.0621092,-1.0683333,-1.3370624,-1.6975255,-3.0153275,0
3.0,2,-0.14049372,0.588237,11.498971,0.16898097,-1.9672729,-1.0871627,-3.1558862,0.44198114,1.6235393,4.987413,-5.5004797,-0.67870873,0.03364913,3.2127082,-0.7149597,-2.0583189,-1.0703146,-1.338084,-1.6944764,-3.0131865,0
5.0,4,1.3297513,-1.4264888,0.30289343,-0.60937583,12.624225,0.8499208,0.62834454,0.08555293,-1.6252674,0.36914393,-2.041909,-2.3230793,1.5874543,-1.2992864,0.3369186,-2.5604265,-1.1702,0.44454637,-3.3766322,-1.9366876,0
5.0,4,1.3283727,-1.4251915,0.3046028,-0.6088622,12.624797,0.84912807,0.625528,0.08349727,-1.6255106,0.3688554,-2.0429876,-2.3227127,1.5874603,-1.296978,0.33837193,-2.5584795,-1.1723889,0.44526845,-3.3754387,-1.9360558,0
5.0,4,1.3393505,-1.4503499,0.3020252,-0.6194453,12.615562,0.80826217,0.631966,0.11565803,-1.6271679,0.37869617,-2.0052724,-2.3159125,1.5670166,-1.3247794,0.34639183,-2.582041,-1.1217974,0.45219508,-3.390642,-1.934986,0
5.0,4,1.35447,-1.4583577,0.2959328,-0.61646366,12.612789,0.7967999,0.6456669,0.12111728,-1.6365443,0.38148418,-2.003218,-2.3142233,1.559327,-1.3377469,0.3397073,-2.5863543,-1.0899915,0.44909635,-3.3925352,-1.9356362,0
5.0,4,1.3521619,-1.4349264,0.29578915,-0.60080725,12.620595,0.83401054,0.64980197,0.087166116,-1.6424015,0.37269932,-2.045722,-2.3188834,1.5781881,-1.3141147,0.32494605,-2.5644953,-1.1239105,0.43881723,-3.3753347,-1.9373266,0
5.0,4,1.3287714,-1.4258167,0.30293345,-0.60935056,12.624416,0.85206705,0.62868154,0.085176855,-1.6245809,0.36877492,-2.042518,-2.3233182,1.5884982,-1.2984707,0.3364909,-2.5605671,-1.1728963,0.44422728,-3.37649,-1.9369906,0
5.0,5,-1.5385101,-1.0126047,-2.1683936,-2.3190885,0.6195979,11.179983,-0.49433458,-1.54738,-0.7809618,3.25101,-0.569682,-1.0872762,5.6903453,-0.3002471,-1.3566787,-1.9019468,-2.0338764,-1.2895573,-3.9598255,-2.539463,1
5.0,5,-1.5412259,-1.0166894,-2.17083,-2.3179204,0.619211,11.188347,-0.49093032,-1.5444269,-0.78051865,3.2521296,-0.5659639,-1.0884031,5.677493,-0.3073644,-1.3550172,-1.9037651,-2.0260823,-1.2857232,-3.9566207,-2.538784,1
5.0,5,-1.5055501,-0.9595424,-2.1332533,-2.332753,0.6299523,11.115897,-0.5244172,-1.5592673,-0.7634415,3.2559009,-0.60853505,-1.1218916,5.798901,-0.24807373,-1.3609769,-1.8953627,-2.132964,-1.2993044,-3.9957361,-2.5366614,1
5.0,5,-1.4847834,-0.92637646,-2.11302,-2.3405683,0.63538283,11.079366,-0.54046965,-1.5695009,-0.7527888,3.2630277,-0.6309886,-1.146012,5.855006,-0.22195765,-1.358668,-1.8933885,-2.1862016,-1.301885,-4.0145483,-2.533735,1
5.0,5,-1.5037684,-0.9532389,-2.1233888,-2.3330376,0.62404525,11.11329,-0.5146347,-1.5501385,-0.76476324,3.2462788,-0.6246207,-1.1317924,5.8234005,-0.24282639,-1.3662561,-1.8957634,-2.1363068,-1.2900068,-3.9922595,-2.5384307,1
5.0,5,-1.5404804,-1.0157596,-2.1694205,-2.3188517,0.61849445,11.182699,-0.4922433,-1.5455137,-0.7825327,3.2488647,-0.5691085,-1.0845821,5.688271,-0.30170432,-1.3579307,-1.9019222,-2.028806,-1.2893977,-3.9574442,-2.5402703,1
2.0,13,-2.3118255,-3.6051323,3.0968876,-1.3855944,-0.738358,-2.3246284,-1.7166399,-1.9033113,-0.17392272,3.0439293,-2.6330235,1.2314259,6.6280704,7.762519,-4.3637056,-1.182475,1.031949,-2.032578,-4.0120025,4.033357,0
2.0,13,-2.3109293,-3.6053507,3.0970955,-1.3855132,-0.73812866,-2.3252125,-1.7161878,-1.902829,-0.17477486,3.0446315,-2.6333144,1.2308071,6.6284566,7.760933,-4.3636093,-1.1824669,1.0327168,-2.0327423,-4.011633,4.0348463,0
2.0,13,-2.3170779,-3.6030717,3.0867748,-1.3888572,-0.73150903,-2.3208659,-1.7207576,-1.9169004,-0.15333813,3.0416133,-2.6284502,1.2358919,6.6322656,7.7651258,-4.3646936,-1.1833526,1.0145886,-2.036601,-4.0171437,4.0280833,0
2.0,13,-2.3064604,-3.6008468,3.0888152,-1.391204,-0.71874213,-2.3311362,-1.7119257,-1.9227173,-0.14305398,3.050166,-2.6368606,1.2259015,6.6480713,7.7389383,-4.367385,-1.1861745,1.0053993,-2.0428495,-4.0060115,4.0583286,0
2.0,13,-2.3108752,-3.6030447,3.0984871,-1.3863062,-0.73323673,-2.32716,-1.7151781,-1.9083565,-0.16570437,3.0446792,-2.6353211,1.2305353,6.631715,7.7584,-4.365424,-1.1841711,1.0249513,-2.0338225,-4.010013,4.0375404,0
2.0,13,-2.31274,-3.6049194,3.0967286,-1.3855454,-0.7386203,-2.3240664,-1.7171485,-1.9036915,-0.17330101,3.0431437,-2.6326306,1.2321717,6.6274295,7.7642493,-4.3637743,-1.182469,1.0312978,-2.0322561,-4.012604,4.0315866,0
17.0,10,3.2260296,-1.5957987,-5.6638837,4.0289564,-1.3120661,-2.2656043,-0.0023063906,-3.216108,-1.0553104,-3.5036983,9.785168,0.4231771,0.8805711,-3.4513652,-2.6211479,0.5164276,0.8216826,-1.8216692,-3.316019,-3.059617,0
17.0,10,3.2233806,-1.5947883,-5.6644816,4.0304976,-1.3133279,-2.2640507,-0.0027029999,-3.2157447,-1.0541236,-3.502991,9.786537,0.4252546,0.87974215,-3.4499686,-2.6222696,0.51379865,0.8185344,-1.8211346,-3.3163652,-3.0605419,0
17.0,10,3.213033,-1.6103693,-5.670513,4.0047464,-1.3158807,-2.2523534,-0.0028982647,-3.2190802,-1.0503718,-3.5095012,9.801379,0.40012738,0.9029355,-3.4639342,-2.6039355,0.54015774,0.80893505,-1.8291562,-3.3101025,-3.051353,0
17.0,10,3.217862,-1.6103671,-5.6693006,4.0029263,-1.3131545,-2.2469158,-0.0030895658,-3.2209435,-1.0506924,-3.5163956,9.803415,0.39340326,0.8907343,-3.4690204,-2.5970974,0.5548109,0.8112828,-1.8310225,-3.3110976,-3.0564365,0
17.0,10,3.2197242,-1.5988326,-5.665347,4.0239286,-1.3138988,-2.260613,-0.0028440244,-3.218066,-1.0520523,-3.5063527,9.79141,0.41840234,0.8851825,-3.4538872,-2.6163917,0.5238046,0.8138541,-1.8240598,-3.3151264,-3.0589008,0
17.0,10,3.2245731,-1.5965829,-5.6643963,4.0281544,-1.3122554,-2.266206,-0.0026487298,-3.2161965,-1.0550786,-3.5034308,9.785399,0.42483616,0.8823604,-3.4507623,-2.6213062,0.51592684,0.82168984,-1.8219293,-3.3160923,-3.0588489,0
18.0,18,-0.9744357,-0.77075166,-0.45408952,-1.5328991,-1.6685265,-0.50808257,-2.3671474,0.6837321,-0.37909195,2.4498482,-1.4157014,-1.8904004,-1.9164261,0.41759732,-0.58888346,-0.5623551,0.94940126,-0.6686547,12.407191,-1.1575464,1
18.0,18,-0.9722958,-0.7779525,-0.45098048,-1.5346729,-1.6637181,-0.50493896,-2.3769734,0.68895674,-0.3908505,2.473989,-1.4188222,-1.8962831,-1.9252858,0.42321655,-0.5841781,-0.5686764,0.9591478,-0.670893,12.397547,-1.1474203,1
18.0,18,-1.0193462,-0.7435512,-0.46394145,-1.5569689,-1.7415663,-0.42635563,-2.2912314,0.60966563,-0.14606586,2.3562753,-1.3836861,-1.8449053,-1.8337116,0.23524249,-0.6509288,-0.5336425,0.8429984,-0.6457145,12.471083,-1.2553751,1
18.0,18,-1.0504675,-0.6846576,-0.47613886,-1.5681503,-1.8012615,-0.42486945,-2.2106094,0.5296636,0.032237157,2.2017753,-1.3817598,-1.7962731,-1.7088147,0.15587404,-0.7031274,-0.48976123,0.73333734,-0.6274357,12.538232,-1.367432,1
18.0,18,-1.0028381,-0.72134864,-0.4608691,-1.545813,-1.7325114,-0.4932352,-2.2934558,0.62136877,-0.19427523,2.3228765,-1.4052963,-1.8487549,-1.8157881,0.3047038,-0.6314334,-0.5267137,0.8419806,-0.6510618,12.476345,-1.2644045,1
18.0,18,-0.97358054,-0.76969665,-0.45477042,-1.5319748,-1.6672828,-0.5122557,-2.3659585,0.68624634,-0.38223693,2.4448004,-1.415656,-1.8904796,-1.9139355,0.4204551,-0.58800375,-0.5620994,0.948711,-0.6687258,12.407712,-1.159527,1
10.0,10,-3.7904127,-3.9963956,-5.8920712,-0.22858006,-2.0705156,1.0532687,-4.3800817,-0.17550398,-3.163629,-0.61161554,10.796113,4.3862042,-2.6330895,-1.8241236,4.928199,-1.3302168,2.921497,2.0498471,-1.7604955,-2.8418305,1
10.0,10,-3.7905385,-3.9952698,-5.890933,-0.23209196,-2.0711055,1.0517702,-4.3830004,-0.17633744,-3.163488,-0.60555243,10.792757,4.3823924,-2.633094,-1.8233837,4.936121,-1.3279842,2.9207304,2.048899,-1.7616627,-2.840989,1
10.0,10,-3.8281913,-3.9926734,-5.8874383,-0.2471302,-2.0639815,1.1649493,-4.3904533,-0.17670676,-3.1819642,-0.6144552,10.773914,4.42077,-2.64053,-1.8275609,4.9350576,-1.3270768,2.884421,2.1079204,-1.770713,-2.910529,1
10.0,10,-3.8376722,-3.9947386,-5.8939757,-0.25649545,-2.06108,1.1967372,-4.379296,-0.16703853,-3.1881232,-0.6360436,10.777668,4.4336944,-2.6387057,-1.8456972,4.9354773,-1.3193105,2.8916163,2.117684,-1.7791381,-2.924022,1
10.0,10,-3.8083975,-3.9954004,-5.894469,-0.2305375,-2.0669045,1.107982,-4.3771443,-0.17475486,-3.1715887,-0.6291931,10.795853,4.4108906,-2.6345959,-1.8290367,4.915634,-1.3312814,2.9078162,2.0803704,-1.7709553,-2.8749185,1
10.0,10,-3.7881513,-3.996491,-5.891228,-0.2276268,-2.0710669,1.0461804,-4.3813877,-0.17608337,-3.1625793,-0.60801935,10.795309,4.38326,-2.633412,-1.821955,4.929346,-1.3308253,2.9220579,2.0458004,-1.7581669,-2.8380446,1
4.0,4,-1.4246597,-1.669894,-1.4682775,-1.1475497,10.861419,8.364697,-0.4775194,0.59648,-2.1064737,-1.6158507,-0.42787358,0.79675823,0.32725185,-1.2152637,0.39765337,-1.8529422,-2.3063614,2.3949227,-4.4280233,-4.3407226,1
4.0,4,-1.4218826,-1.6687598,-1.465267,-1.147425,10.868303,8.356706,-0.47704172,0.5948362,-2.1071303,-1.6149276,-0.43190178,0.7949098,0.32529113,-1.2144417,0.39893988,-1.8507714,-2.3044562,2.3926046,-4.426981,-4.3386497,1
4.0,4,-1.4281878,-1.6747751,-1.4789972,-1.150822,10.828004,8.424924,-0.46626413,0.5932842,-2.108799,-1.6007833,-0.4260269,0.7894503,0.336096,-1.2222707,0.38047245,-1.8625962,-2.2961683,2.3866794,-4.4209447,-4.3529873,1
4.0,4,-1.4321251,-1.6789244,-1.4868019,-1.151651,10.80985,8.454365,-0.46200293,0.5917101,-2.1104016,-1.5970132,-0.41909498,0.7893104,0.33973595,-1.2264721,0.37187758,-1.867451,-2.29044,2.3868303,-4.419404,-4.3598857,1
4.0,4,-1.4353123,-1.6773512,-1.4820964,-1.1475344,10.831384,8.406493,-0.47350025,0.6002201,-2.1063712,-1.6145912,-0.41195732,0.7992097,0.33483642,-1.2199496,0.38552496,-1.861777,-2.3067172,2.4004297,-4.4296746,-4.351784,1
4.0,4,-1.4254937,-1.6700763,-1.4687804,-1.1476133,10.858987,8.368161,-0.47690618,0.59791934,-2.1058588,-1.6153818,-0.42802733,0.79615676,0.32866064,-1.2151011,0.39666855,-1.8539268,-2.3081484,2.394379,-4.4280243,-4.341419,1
7.0,5,-3.010612,-4.0757427,-4.195642,-1.3154151,3.188023,10.085834,-3.666406,2.7338834,-0.3245248,-2.7974534,4.0697455,0.1512403,-1.5940768,-1.0586028,-1.0475237,3.455609,-0.58119375,-2.0381513,-5.347821,-5.360009,0
7.0,5,-2.9970767,-4.07966,-4.20817,-1.3087766,3.1976686,10.084193,-3.6681142,2.6684241,-0.332777,-2.7920148,4.0858774,0.14365357,-1.6040387,-1.0692655,-1.0450487,3.4742973,-0.5356587,-2.0326543,-5.346392,-5.3578444,0
7.0,5,-2.9318423,-4.096207,-4.2728033,-1.2969272,3.18228,10.049033,-3.70938,2.2728012,-0.36771408,-2.7693,4.138741,0.11044143,-1.6809034,-1.1058619,-1.0076098,3.697986,-0.26880598,-2.0209694,-5.316242,-5.3292456,0
7.0,5,-2.9356127,-4.1038227,-4.2808332,-1.2841666,3.1760373,10.013575,-3.7121854,2.2835612,-0.37071803,-2.7871497,4.157961,0.12296511,-1.6984663,-1.1061269,-1.0183502,3.7187731,-0.26208425,-2.0313535,-5.316786,-5.322686,0
7.0,5,-2.9528985,-4.0944257,-4.2536736,-1.2830467,3.2300968,10.05963,-3.6751642,2.4275444,-0.36482844,-2.7830164,4.1317906,0.12890038,-1.6537776,-1.0995246,-1.0441068,3.5724957,-0.35638064,-2.0185537,-5.3361983,-5.341934,0
7.0,5,-3.0178592,-4.0724134,-4.1870365,-1.3208842,3.1899204,10.088622,-3.6634564,2.7624865,-0.3235347,-2.8002808,4.056634,0.15382126,-1.5866296,-1.0524538,-1.0481507,3.4486146,-0.6020405,-2.0388174,-5.3487687,-5.361793,0
13.0,13,-3.5906181,-0.7434519,0.15924443,-0.21317723,-2.1461964,0.52071744,-2.6179864,-1.8959849,-0.07343235,-0.6812362,-2.2376673,1.1480415,5.0080347,12.415228,-3.3800569,-0.4726215,-2.699705,-1.8764822,-1.3312962,-2.0279622,1
13.0,13,-3.5905664,-0.74358475,0.15924045,-0.21336667,-2.1462173,0.5208222,-2.61807,-1.8960128,-0.073405586,-0.6808866,-2.237699,1.147948,5.008523,12.415114,-3.3800254,-0.47280258,-2.6997347,-1.8765135,-1.3313853,-2.0279136,1
13.0,13,-3.59043,-0.7448875,0.15310355,-0.21393012,-2.1458726,0.5205912,-2.6191008,-1.8959037,-0.07241512,-0.681083,-2.2318645,1.1473763,5.0086823,12.413957,-3.379193,-0.4722305,-2.7005925,-1.8781235,-1.3340175,-2.025976,1
13.0,13,-3.5895946,-0.7472936,0.15037635,-0.21836334,-2.145484,0.52138966,-2.6208227,-1.8966764,-0.07128479,-0.677751,-2.2306266,1.1444309,5.017499,12.41182,-3.3784297,-0.47358787,-2.7018993,-1.8789527,-1.333228,-2.0219958,1
13.0,13,-3.5904794,-0.7438779,0.15801367,-0.21370073,-2.146141,0.5207167,-2.6182823,-1.8960543,-0.073078655,-0.6809193,-2.2366908,1.1476574,5.0089808,12.414809,-3.3798985,-0.47264263,-2.6999974,-1.8770126,-1.331487,-2.027301,1
13.0,13,-3.5906315,-0.743497,0.15925229,-0.21310376,-2.1461759,0.5207566,-2.6179838,-1.8959476,-0.073453866,-0.6811828,-2.2375734,1.1480892,5.008048,12.415207,-3.3800683,-0.47268957,-2.699721,-1.876431,-1.3316058,-2.0280058,1
3.0,3,-1.5686903,-2.051064,-2.7830317,9.04747,-2.5101805,-0.68949795,0.76961166,-1.9637743,2.4773555,-2.4585912,4.149674,3.1760833,0.8578748,-0.2395339,-6.110774,-2.6653042,0.00019876659,-1.1647971,-4.740087,-3.5058322,1
3.0,3,-1.5726042,-2.0511987,-2.781977,9.043593,-2.509974,-0.6858604,0.7674453,-1.9632815,2.4799337,-2.4602225,4.146928,3.1852539,0.8613684,-0.23845959,-6.1113977,-2.6657155,-0.000857234,-1.1655557,-4.7397876,-3.5082407,1
3.0,3,-1.5784919,-2.0510604,-2.7907405,9.043193,-2.5166655,-0.6948933,0.76313627,-1.9612985,2.4720693,-2.4676185,4.1724014,3.1850438,0.8602356,-0.22014129,-6.1008387,-2.665888,-0.017650604,-1.1639715,-4.7511272,-3.5059006,1
3.0,3,-1.5587189,-2.0435464,-2.7771895,9.062497,-2.5116687,-0.70960706,0.7752466,-1.9591721,2.462935,-2.4603198,4.1461935,3.182765,0.841028,-0.23375973,-6.1091967,-2.669321,0.008670121,-1.1680402,-4.7386374,-3.504595,1
3.0,3,-1.5953052,-2.0668263,-2.792514,9.020826,-2.5299954,-0.6675265,0.7387139,-1.9606035,2.487699,-2.4635565,4.18211,3.2042046,0.8633251,-0.23410805,-6.1001034,-2.6604846,0.00022184849,-1.1584446,-4.7474856,-3.513274,1
3.0,3,-1.5630429,-2.0477912,-2.7838469,9.052159,-2.5070167,-0.69638956,0.77633715,-1.9637184,2.4746902,-2.4582548,4.1487417,3.1659794,0.8575704,-0.23765212,-6.1113005,-2.666744,-0.0035590976,-1.166742,-4.7411923,-3.503201,1
4.0,4,1.2619052,-0.6762883,0.1475699,0.51660544,13.016817,-0.16195005,1.8895253,-2.2915685,-2.1900837,-0.9695545,-3.2396617,-2.287748,-1.0479593,-1.1341228,-0.7805803,2.4904687,0.5660655,-0.096287124,-3.316151,-1.8586884,1
4.0,4,1.261728,-0.676153,0.1480803,0.51649785,13.017711,-0.1621702,1.8891865,-2.2902997,-2.1890228,-0.969239,-3.2386124,-2.288191,-1.0473353,-1.1340517,-0.78036624,2.488094,0.5634322,-0.096608005,-3.316099,-1.8583134,1
4.0,4,1.2717307,-0.6748614,0.15829562,0.52003974,13.019556,-0.17016125,1.9036386,-2.279911,-2.2018256,-0.9609648,-3.2506104,-2.28301,-1.0416822,-1.1355402,-0.7900637,2.455183,0.58348304,-0.07809345,-3.3159313,-1.856413,1
4.0,4,1.2759931,-0.6774032,0.16087176,0.51927364,13.018893,-0.17219943,1.9008464,-2.279145,-2.2082403,-0.9553776,-3.2557259,-2.2777662,-1.0391535,-1.1353859,-0.7913884,2.4441001,0.6010922,-0.069820024,-3.3165278,-1.8558375,1
4.0,4,1.2675555,-0.6783204,0.15046474,0.5173046,13.015741,-0.1605067,1.8915173,-2.2910032,-2.1999524,-0.9635112,-3.2474172,-2.281674,-1.0457747,-1.1341528,-0.78471035,2.4786162,0.58601105,-0.0869514,-3.3176076,-1.8612494,1
4.0,4,1.261219,-0.6760178,0.14696911,0.5166972,13.0167,-0.16101223,1.8899289,-2.292101,-2.1894178,-0.97045016,-3.2391727,-2.288369,-1.0484413,-1.1341382,-0.78042966,2.4928925,0.5639614,-0.097615175,-3.3161407,-1.8591149,1
13.0,13,-3.4792826,-0.6267172,7.366563,0.37739536,-2.3959208,0.27973005,-2.4692276,-0.21580441,1.5294007,-0.17358519,-3.5225418,0.05533445,4.3589673,10.811832,-3.955366,-2.76547,-3.8622396,0.006583728,-2.3662496,-3.063625,1
13.0,13,-3.4775774,-0.62648153,7.36974,0.3768264,-2.3954816,0.2791129,-2.4692733,-0.2155677,1.5293344,-0.1719899,-3.5241692,0.053953297,4.3592033,10.810201,-3.9548604,-2.7659492,-3.8619208,0.0065940022,-2.365621,-3.0637841,1
13.0,13,-3.4991593,-0.6339859,7.319105,0.3758683,-2.4000826,0.28866947,-2.4687183,-0.22128254,1.5290613,-0.19527645,-3.5047338,0.07164822,4.3792095,10.83545,-3.9624465,-2.7594461,-3.8683167,0.0057118163,-2.3733127,-3.056132,1
13.0,13,-3.505832,-0.6358534,7.3024244,0.37346154,-2.4007568,0.2912607,-2.4685748,-0.22249451,1.5297314,-0.20640865,-3.5016174,0.07700358,4.3887277,10.84487,-3.9649405,-2.7555504,-3.870715,0.0036147013,-2.3721788,-3.0505552,1
13.0,13,-3.4877958,-0.62976956,7.3458166,0.3756496,-2.3976321,0.28323853,-2.4690933,-0.2178818,1.5302955,-0.1842229,-3.5159261,0.061831474,4.369603,10.822611,-3.9587727,-2.7622159,-3.8654857,0.0047555044,-2.367755,-3.05865,1
13.0,13,-3.479606,-0.6268702,7.3657403,0.37721038,-2.395948,0.27990124,-2.4692435,-0.21592693,1.5294006,-0.17396915,-3.5223484,0.05561094,4.359554,10.812256,-3.9554424,-2.7653186,-3.8623357,0.006620355,-2.3664117,-3.0634236,1
3.0,3,-1.2902019,-1.7143986,-1.3255694,11.546029,-1.2129316,-1.0169251,1.373444,-2.3763661,-0.74841964,-0.8356077,3.9540632,1.5894113,-3.4822464,-0.9029819,-4.4548464,-2.2686067,0.07244933,0.7078315,-3.43049,-2.3015778,1
3.0,3,-1.2907059,-1.7151259,-1.3281488,11.54596,-1.2120471,-1.0168178,1.3740209,-2.3760605,-0.7496286,-0.83602476,3.9563527,1.5904533,-3.4834301,-0.90523183,-4.4531603,-2.2681568,0.07334393,0.7084483,-3.4305918,-2.301462,1
3.0,3,-1.2888229,-1.7090564,-1.3206787,11.543135,-1.2152563,-1.0191975,1.3717712,-2.37806,-0.7406743,-0.84257084,3.9560742,1.5782303,-3.4719214,-0.88135153,-4.4713373,-2.2719278,0.058263704,0.70536417,-3.433553,-2.3001776,1
3.0,3,-1.2941253,-1.7148386,-1.3265524,11.541043,-1.2194,-1.019098,1.3689674,-2.3745267,-0.74271494,-0.84459776,3.962147,1.5909435,-3.4723258,-0.88306314,-4.4696493,-2.267861,0.06262073,0.7013664,-3.434533,-2.3014817,1
3.0,3,-1.2896729,-1.7110841,-1.3174379,11.546128,-1.2162313,-1.018429,1.3719143,-2.3770952,-0.74476963,-0.8372709,3.9458883,1.5881486,-3.4760406,-0.8892422,-4.4639606,-2.2688782,0.06585382,0.7033839,-3.4302964,-2.301188,1
3.0,3,-1.2903268,-1.7149324,-1.3268603,11.545486,-1.212651,-1.0166125,1.3734727,-2.376287,-0.7483007,-0.8357743,3.9563246,1.5885378,-3.4823878,-0.9038623,-4.4543896,-2.2689857,0.07253057,0.70840305,-3.430899,-2.301664,1
4.0,6,-0.568866,-0.35863987,-3.6812172,-0.6176678,1.6171836,-1.4225314,12.140712,5.03953,-0.8221402,-2.2156622,-0.6824785,-1.7548696,-0.80980384,-3.9903843,-3.8477926,0.35924447,2.4561775,-2.1818192,0.22036186,-2.0809593,0
4.0,6,-0.5770171,-0.35548714,-3.6774356,-0.6188954,1.6233697,-1.4110138,12.145352,5.044985,-0.8200479,-2.2185357,-0.6836487,-1.7577738,-0.8041293,-3.9836981,-3.8473554,0.35469815,2.4350755,-2.1807444,0.21450773,-2.089316,0
4.0,6,-0.6127391,-0.26875028,-3.8387942,-0.5854777,1.5011553,-1.4866735,12.080725,4.6824937,-0.5772692,-2.2984977,-0.40998948,-1.7201715,-0.8940896,-4.038488,-3.8662307,0.49455398,2.35119,-2.2374287,0.2982435,-2.0273652,0
4.0,6,-0.63403344,-0.23035876,-3.8915448,-0.5761453,1.467633,-1.4968289,12.059952,4.5434694,-0.47806105,-2.3309293,-0.30955496,-1.7156498,-0.9120964,-4.0518017,-3.8744555,0.5404164,2.2840128,-2.255025,0.32264113,-2.0147376,0
4.0,6,-0.6346734,-0.27014646,-3.8256118,-0.5923189,1.5220282,-1.4576458,12.099233,4.7566648,-0.59881157,-2.3009174,-0.4219595,-1.7442087,-0.8802457,-4.01847,-3.8479629,0.47231615,2.2804751,-2.2383893,0.29062214,-2.0420902,0
4.0,6,-0.5787631,-0.37429062,-3.6737723,-0.6283356,1.6208452,-1.414461,12.135343,5.081075,-0.82940453,-2.2086558,-0.7001321,-1.7537007,-0.80786324,-3.9923322,-3.837878,0.34635288,2.4670131,-2.1768224,0.2197446,-2.0809164,0
5.0,5,-3.0819423,-1.6780939,-2.4264743,-1.1348842,5.218037,12.715445,0.63084245,1.9912736,-1.6105373,-1.1470855,-0.25640205,1.1445675,0.92048115,-1.2046883,-0.5562849,-2.5481102,-2.679806,2.1925998,-3.48139,-5.0357633,1
5.0,5,-3.079036,-1.6790833,-2.4243178,-1.1351445,5.23213,12.711876,0.6332281,1.9910669,-1.6134442,-1.1489533,-0.2587014,1.1429594,0.9172124,-1.2048556,-0.55735624,-2.5470634,-2.677306,2.1912296,-3.481994,-5.03602,1
5.0,5,-3.0759106,-1.692787,-2.4480343,-1.1409187,5.1458654,12.757782,0.6337921,1.9476922,-1.6130799,-1.1144533,-0.2244997,1.1271162,0.9237765,-1.2235215,-0.57366925,-2.5368228,-2.6218042,2.1743157,-3.460485,-5.0334206,1
5.0,5,-3.074609,-1.6986682,-2.4572449,-1.1424971,5.1175756,12.773407,0.6348272,1.9287899,-1.6154611,-1.1020154,-0.2092513,1.12289,0.9243424,-1.2316124,-0.5798806,-2.534578,-2.5975845,2.1715512,-3.451905,-5.0328403,1
5.0,5,-3.08032,-1.6884748,-2.4406588,-1.1374656,5.1609945,12.743562,0.6303562,1.9624109,-1.6107751,-1.1190325,-0.23450486,1.1337268,0.92775834,-1.2168119,-0.5670537,-2.547073,-2.6438594,2.1849406,-3.466104,-5.0343275,1
5.0,5,-3.081187,-1.6782842,-2.4254541,-1.1350689,5.2190332,12.71522,0.63080233,1.9928257,-1.6095312,-1.1461798,-0.25865325,1.1425104,0.92146003,-1.2040081,-0.5566751,-2.5477357,-2.6814985,2.1902273,-3.4817655,-5.035649,1
15.0,15,-3.434054,-3.1342072,-1.7532997,-4.770102,-1.1038765,0.015633754,-4.833833,2.691975,-2.8760712,-1.0418508,1.1215631,0.64812195,-1.480169,-0.62943673,8.077021,10.3139105,1.5440534,-2.8706481,-2.6087222,0.45144957,1
15.0,15,-3.4308388,-3.1320186,-1.7520053,-4.772588,-1.1091957,0.01431817,-4.837771,2.6847813,-2.875727,-1.0313684,1.1207647,0.645112,-1.4770392,-0.63178426,8.094148,10.309018,1.5442481,-2.8702695,-2.607887,0.4378678,1
15.0,15,-3.3591537,-3.1673236,-1.7453759,-4.755874,-1.1689398,-0.08644239,-4.8182454,2.678501,-2.8942938,-0.9310607,1.2154882,0.57869524,-1.4006133,-0.67040026,8.123226,10.239958,1.5787679,-2.9293275,-2.6556494,0.35842165,1
15.0,15,-3.3408263,-3.1815042,-1.7539709,-4.744969,-1.1800885,-0.12310348,-4.8078027,2.675382,-2.903688,-0.91546047,1.2566484,0.5691255,-1.3838495,-0.68479127,8.124015,10.222901,1.5957509,-2.946246,-2.6699703,0.3495061,1
15.0,15,-3.397114,-3.15644,-1.7670553,-4.7497716,-1.1210669,-0.04853584,-4.817236,2.6718876,-2.8922002,-1.0026785,1.1866856,0.6206917,-1.4451385,-0.6558869,8.078793,10.289084,1.5695952,-2.9036489,-2.6330516,0.45203432,1
15.0,15,-3.4368327,-3.1336806,-1.754752,-4.7691007,-1.0989509,0.019353943,-4.832362,2.6931057,-2.8762822,-1.0487067,1.1186836,0.6501536,-1.4833782,-0.6277199,8.069219,10.318713,1.5427545,-2.8691058,-2.6073859,0.4614064,1
1.0,1,-1.390984,11.085383,1.5430809,0.8248122,-2.8226466,-0.5731757,-0.75670505,-2.4421241,0.92857146,1.2619184,-4.8209968,3.2836282,-2.464937,4.2095656,-1.0384042,-1.4614465,-2.1616592,1.1776279,-1.031864,-1.9673109,1
1.0,1,-1.3922381,11.084247,1.54169,0.8213455,-2.8240504,-0.5709216,-0.75928247,-2.442324,0.930198,1.2640427,-4.8191524,3.283549,-2.4632747,4.2100067,-1.0371537,-1.4625292,-2.159846,1.1778148,-1.0333713,-1.9683609,1
1.0,1,-1.3619244,11.106682,1.5606971,0.87808955,-2.8054152,-0.60988855,-0.7070894,-2.4438207,0.9337379,1.2333176,-4.8407416,3.263594,-2.4801655,4.187736,-1.0750711,-1.4483066,-2.2028773,1.1724439,-1.0212886,-1.9537181,1
1.0,1,-1.3388238,11.123257,1.5680702,0.90082335,-2.7941031,-0.6228847,-0.6787381,-2.4439323,0.94031763,1.2238524,-4.8453264,3.241994,-2.4919567,4.154672,-1.0856481,-1.4432075,-2.2222435,1.1765816,-1.0209402,-1.9476027,1
1.0,1,-1.3781164,11.098776,1.5563974,0.8561686,-2.8136196,-0.59550095,-0.72802997,-2.4368467,0.9307932,1.2365189,-4.835522,3.2764666,-2.469612,4.2004857,-1.0590079,-1.4522989,-2.1888034,1.1746835,-1.0244833,-1.9604347,1
1.0,1,-1.3967967,11.081606,1.5430522,0.821655,-2.8254533,-0.5726705,-0.76185703,-2.4416013,0.92764413,1.2612467,-4.821958,3.289077,-2.460148,4.2205625,-1.0393158,-1.4619888,-2.1599438,1.1754687,-1.0309854,-1.9684557,1
15.0,15,-1.51703,-2.1082466,-2.813325,-2.23608,1.403248,0.15609297,-4.7447796,-3.300666,0.0041891113,-0.7345883,0.69622105,-1.7176113,-0.80483603,-1.4525442,4.9471903,11.926044,0.08808379,-3.5560994,-2.5040665,-2.3080218,1
15.0,15,-1.5169051,-2.1081576,-2.813256,-2.2359736,1.4037235,0.15588836,-4.7446804,-3.3007326,0.004098214,-0.73463917,0.6960304,-1.7176669,-0.8048969,-1.4525328,4.9471397,11.926004,0.08809391,-3.5560527,-2.5040631,-2.3080096,1
15.0,15,-1.5167384,-2.108664,-2.8142235,-2.2358487,1.4020743,0.15436909,-4.744554,-3.30082,0.0035972446,-0.73458076,0.69809204,-1.7170302,-0.8052941,-1.4531683,4.9472227,11.926187,0.08925377,-3.5561762,-2.504309,-2.3075035,1
15.0,15,-1.5164213,-2.108778,-2.8147233,-2.235182,1.4007881,0.15260656,-4.7446165,-3.301338,0.003483288,-0.7344321,0.69976753,-1.7163014,-0.8057169,-1.4536378,4.9470215,11.926151,0.09003961,-3.5560317,-2.5046482,-2.3073761,1
15.0,15,-1.5179691,-2.1085434,-2.8138309,-2.2355554,1.400358,0.15707454,-4.745247,-3.3003788,0.004691966,-0.7346144,0.6965552,-1.7167001,-0.8044125,-1.4521153,4.946767,11.926265,0.087631434,-3.5562134,-2.503704,-2.3082345,1
15.0,15,-1.517036,-2.1082685,-2.8133104,-2.2361095,1.4033432,0.15613535,-4.7448125,-3.3006701,0.004191898,-0.73450273,0.696173,-1.7176398,-0.80486596,-1.4525224,4.9472017,11.926017,0.088090286,-3.5561588,-2.5040827,-2.3080115,1
18.0,18,-1.8406065,-0.17566703,-0.86723435,-1.5366656,-2.1866508,0.90415955,-1.5051368,-2.646055,1.113269,0.94081146,-1.7037302,0.21677102,-0.36619636,-0.5646679,-1.9520149,0.687023,0.2860157,0.021077506,12.931215,0.8686075,1
18.0,18,-1.840472,-0.17542507,-0.8673089,-1.5362737,-2.1864214,0.90449715,-1.5043794,-2.6453588,1.1124123,0.94028187,-1.703666,0.21659957,-0.3672059,-0.56480646,-1.95202,0.68709034,0.2862299,0.021324769,12.931397,0.8682714,1
18.0,18,-1.8413455,-0.17873782,-0.8683181,-1.5383428,-2.1865048,0.90673447,-1.503353,-2.6519594,1.1153282,0.94275945,-1.7042258,0.21949491,-0.35153466,-0.5710308,-1.9577547,0.68500376,0.28766024,0.021351475,12.928796,0.88086283,1
18.0,18,-1.8368511,-0.17477524,-0.87035215,-1.5351146,-2.1813931,0.90442634,-1.49207,-2.6416895,1.0956374,0.93226933,-1.7054436,0.21514097,-0.34640437,-0.56873226,-1.9564774,0.682779,0.28487802,0.024637371,12.936813,0.88321245,1
18.0,18,-1.8380132,-0.17523819,-0.8676342,-1.5368062,-2.187302,0.9057234,-1.4998351,-2.6403494,1.1078769,0.93672067,-1.704458,0.21336618,-0.35773712,-0.5672763,-1.9528061,0.6846293,0.285011,0.020875085,12.9338255,0.8667001,1
18.0,18,-1.8406162,-0.17587431,-0.86715424,-1.5369179,-2.1868768,0.9040369,-1.5055002,-2.6463752,1.1137929,0.94115293,-1.7039326,0.21673533,-0.36526427,-0.5648156,-1.9521613,0.6869753,0.28598756,0.020841815,12.931151,0.86918414,1
18.0,18,-1.6988506,-0.31203797,-1.1052247,-1.7433256,-2.2346025,1.482071,0.325408,-2.0579522,1.3117095,-0.29812717,-1.8697425,-0.3657397,2.786803,-1.4499537,-2.3975613,0.7485638,-0.9090836,-0.4891727,12.155885,-1.1493548,1
18.0,18,-1.6986392,-0.31186366,-1.1053259,-1.7430377,-2.2345061,1.4816054,0.3256328,-2.05779,1.3109474,-0.2981416,-1.8697108,-0.36578718,2.78608,-1.4499519,-2.3973184,0.7485434,-0.9087058,-0.4889878,12.15647,-1.1489781,1
18.0,18,-1.7019742,-0.31324902,-1.1051147,-1.7452234,-2.2362542,1.4856113,0.32167193,-2.0619576,1.3188275,-0.29764727,-1.8684037,-0.36110142,2.7887151,-1.4507763,-2.3991838,0.7486098,-0.90994877,-0.4884749,12.152081,-1.1485139,1
18.0,18,-1.6984279,-0.3119307,-1.1064458,-1.7431425,-2.2348642,1.4787993,0.32548934,-2.059498,1.309462,-0.29857147,-1.8687662,-0.36309734,2.7904491,-1.4514508,-2.3965492,0.7471799,-0.90816283,-0.4873345,12.156811,-1.143791,1
18.0,18,-1.6992154,-0.31240892,-1.1051716,-1.7439263,-2.2349157,1.483902,0.32530105,-2.0573952,1.311808,-0.2982405,-1.8698645,-0.36530575,2.787546,-1.450201,-2.3980522,0.74870706,-0.9089758,-0.48949885,12.154948,-1.1499256,1
18.0,18,-1.6990736,-0.31215996,-1.1051373,-1.7435286,-2.2346964,1.4826875,0.325201,-2.0579782,1.3121988,-0.29808608,-1.8697827,-0.36563173,2.7868872,-1.4499164,-2.397777,0.7486597,-0.90919834,-0.48931617,12.155496,-1.1497163,1
6.0,6,0.7871612,-0.07706605,-2.674373,2.9671035,4.5991178,-0.31095263,12.550984,1.1423954,-2.0417695,-2.136482,0.015795011,-3.573586,0.69478124,-4.520712,-4.8550663,-0.8348278,-1.0681436,-0.2206639,-1.262671,-1.3864745,1
6.0,6,0.7997702,-0.05197065,-2.693138,2.980473,4.4924927,-0.3748388,12.560684,1.0972323,-2.012358,-2.1185107,0.028441716,-3.5760586,0.70212245,-4.553452,-4.8470306,-0.84296733,-1.0145329,-0.195393,-1.2018565,-1.3321644,1
6.0,6,0.7562757,-0.010589678,-2.563806,2.8938172,4.374192,-0.7208342,12.44774,1.2377208,-1.8814915,-1.9233162,0.042162497,-3.8609262,0.53450334,-4.5323715,-4.8700123,-0.81863695,-0.9685074,-0.21476907,-1.252917,-0.23609993,1
6.0,6,0.6108561,-0.046990056,-2.3224037,2.5293696,3.4907355,-1.0332288,12.700374,2.571127,-1.9361058,-2.0708036,-0.043073338,-3.7781267,0.42943087,-4.367679,-5.123708,-0.8318642,-0.66647357,-0.44674397,-1.2811198,-0.3526861,1
6.0,6,0.8038781,-0.010794688,-2.7585697,2.9811227,4.0826135,-0.8257984,12.511051,0.9577922,-1.9407512,-1.9845283,0.21089283,-3.7216165,0.70944405,-4.657133,-4.8528204,-0.890684,-0.71099705,-0.0944201,-0.9796264,-0.48186538,1
6.0,6,0.7810767,-0.08804013,-2.661431,2.953815,4.6719837,-0.26095262,12.54809,1.1675668,-2.0571587,-2.147939,-0.011969458,-3.5707812,0.693481,-4.5026298,-4.852106,-0.8219772,-1.1067888,-0.23785663,-1.2930471,-1.433384,1
12.0,12,-2.3314104,-3.245706,-1.4717878,-2.5644548,0.69262064,0.95966274,-2.1776927,-0.9408405,1.8039227,0.91722506,-0.6440384,-0.31520304,11.867104,3.4485161,-1.0227696,-2.68769,-3.7171764,-1.5500306,-2.7581322,0.43283454,1
12.0,12,-2.3310595,-3.245905,-1.4714935,-2.5646758,0.6954408,0.9594999,-2.1775901,-0.9406781,1.8045552,0.9180885,-0.6442746,-0.31535423,11.866072,3.4469306,-1.0222833,-2.6886861,-3.7167602,-1.5494722,-2.7596178,0.4340338,1
12.0,12,-2.3477476,-3.2566335,-1.4898971,-2.5747404,0.65744203,0.9736301,-2.1869452,-0.9534077,1.8124759,0.91466725,-0.63421327,-0.29869872,11.872998,3.4394174,-1.027482,-2.6714833,-3.692834,-1.544379,-2.750175,0.45532274,1
12.0,12,-2.3302016,-3.2555392,-1.4778123,-2.5748415,0.6782063,0.96652323,-2.1749496,-0.9412104,1.8100624,0.9229418,-0.64537805,-0.30938458,11.874466,3.413246,-1.0220097,-2.6828616,-3.6874156,-1.5434648,-2.7555857,0.45113525,1
12.0,12,-2.3304868,-3.24956,-1.4732306,-2.5688276,0.6900396,0.9622875,-2.1765397,-0.9401013,1.8054574,0.9203399,-0.645639,-0.31297255,11.868829,3.4352164,-1.0218366,-2.6870756,-3.7052498,-1.5471644,-2.7587926,0.4413225,1
12.0,12,-2.3326123,-3.2457356,-1.4721761,-2.5644965,0.6914662,0.96025676,-2.178706,-0.9411714,1.803833,0.91673267,-0.643229,-0.31443748,11.866654,3.4516947,-1.0229868,-2.6874254,-3.717981,-1.550203,-2.7589288,0.4331811,1
9.0,12,-0.75161016,-3.1269507,1.4807363,-2.520796,-1.4366703,1.3040503,-0.8924705,-1.8375314,1.060147,5.5588617,-1.1144439,-2.060735,11.989614,2.30203,-2.4465997,-2.794248,-1.7721146,-1.7069598,-4.2969494,-2.0899847,0
9.0,12,-0.7516054,-3.1269548,1.4807059,-2.5207913,-1.4366624,1.3040342,-0.8924587,-1.8375266,1.0601398,5.558826,-1.1144255,-2.0607347,11.989638,2.302014,-2.446606,-2.7942412,-1.7721171,-1.7069603,-4.2969418,-2.0899572,0
9.0,12,-0.75153196,-3.1269207,1.4803503,-2.5206985,-1.4367157,1.3041099,-0.89240265,-1.8375596,1.060121,5.559135,-1.1142664,-2.060848,11.989392,2.3017845,-2.4465537,-2.7943575,-1.771956,-1.7068365,-4.296917,-2.0902185,0
9.0,12,-0.751719,-3.1269848,1.4795282,-2.520553,-1.4366894,1.3040814,-0.8922515,-1.8373808,1.0599326,5.558592,-1.1140345,-2.0607288,11.989686,2.302149,-2.4467494,-2.7944803,-1.7719401,-1.706744,-4.296721,-2.089954,0
9.0,12,-0.75166214,-3.1269414,1.4806793,-2.520781,-1.4366915,1.3041105,-0.89246356,-1.8374921,1.0601223,5.558844,-1.1144751,-2.060727,11.9895735,2.3021724,-2.4466288,-2.794318,-1.7720867,-1.706907,-4.296924,-2.0900512,0
9.0,12,-0.75160414,-3.126946,1.4807557,-2.5207946,-1.43667,1.3040447,-0.8924633,-1.8375326,1.0601469,5.5588584,-1.1144383,-2.0607462,11.989604,2.3020291,-2.4466019,-2.794246,-1.7721188,-1.7069486,-4.2969604,-2.0900111,0
17.0,10,-1.8950241,-4.653374,-7.027735,-1.7913877,-1.1878194,1.6046596,-0.74391097,1.9667615,-1.9949251,-2.6905217,8.603532,-0.06778905,-0.13153856,-3.3638265,-0.061125904,-0.34250212,6.087624,1.2645533,-1.5255784,-2.4650142,0
17.0,10,-1.897198,-4.644466,-7.016405,-1.7999682,-1.1687177,1.5981438,-0.74419415,1.995069,-2.0020726,-2.6986163,8.588125,-0.07727501,-0.14973965,-3.3555033,-0.054747075,-0.34849846,6.0863705,1.295602,-1.5283897,-2.468476,0
17.0,10,-1.951709,-4.727068,-7.1382723,-1.7229122,-1.1600002,2.1473053,-0.62538874,1.773686,-1.9312192,-2.7307336,8.821457,-0.07159887,0.20693442,-3.4414284,-0.21279499,-0.42623264,5.6313543,1.0148084,-1.556053,-2.7071726,0
17.0,10,-2.032085,-4.7693863,-7.208725,-1.6595904,-1.2664393,2.444219,-0.6439074,1.6347325,-1.8823718,-2.7471216,8.966213,0.093873516,0.31979448,-3.458673,-0.26323503,-0.44103286,5.4344893,0.829968,-1.5921084,-2.8425252,0
17.0,10,-1.8845408,-4.6904135,-7.0735745,-1.7612538,-1.2223003,1.6760036,-0.72996604,1.8537319,-1.9610134,-2.6680322,8.688753,-0.07647075,-0.020832838,-3.401562,-0.09697914,-0.3362066,6.014146,1.1497931,-1.5179465,-2.4736917,0
17.0,10,-1.893852,-4.646224,-7.0188804,-1.800312,-1.1810716,1.5826586,-0.7416072,1.9866426,-1.9992551,-2.692669,8.584812,-0.0795923,-0.13165526,-3.354392,-0.059830397,-0.3472405,6.0933104,1.2887323,-1.5227536,-2.453527,0
2.0,8,-1.5059533,-1.649324,7.2673025,-4.0274363,-3.5963817,2.497868,-5.201589,-0.82442987,9.220517,4.2591124,-1.1403606,-1.569974,2.7106445,0.45019427,-1.5934329,-1.4341208,-2.160666,-2.386298,-2.2799,-2.2801735,0
2.0,8,-1.5059497,-1.6493279,7.2673187,-4.0274434,-3.5963764,2.4978538,-5.20158,-0.8244314,9.220518,4.259129,-1.1403722,-1.5699664,2.7106462,0.4501951,-1.5934284,-1.4341335,-2.1606653,-2.3862984,-2.2798967,-2.2801719,0
2.0,8,-1.505842,-1.6495214,7.2676835,-4.0273304,-3.5962873,2.4975655,-5.201364,-0.82425326,9.220428,4.259199,-1.1402204,-1.5699708,2.7108057,0.45041814,-1.593857,-1.4346125,-2.160762,-2.3861096,-2.2799718,-2.2802663,0
2.0,8,-1.5055022,-1.6494777,7.2685924,-4.0269175,-3.59619,2.4968038,-5.2011056,-0.8241133,9.220293,4.25948,-1.1405193,-1.5700647,2.7108858,0.45073202,-1.5942776,-1.4353199,-2.160915,-2.3859558,-2.2798457,-2.2801998,0
2.0,8,-1.5059185,-1.6493698,7.267394,-4.0273776,-3.5963564,2.497794,-5.201531,-0.824388,9.220505,4.2590947,-1.1403115,-1.5699869,2.7106981,0.45025596,-1.5935843,-1.4342539,-2.1607063,-2.3862448,-2.2798998,-2.2802026,0
2.0,8,-1.5059464,-1.6493386,7.267324,-4.027431,-3.596374,2.4978483,-5.2015686,-0.824424,9.220521,4.259113,-1.14035,-1.5699697,2.7106616,0.4502065,-1.5934652,-1.4341558,-2.1606755,-2.3862858,-2.279897,-2.28018,0
3.0,3,-1.1489413,-1.4719343,-0.3817238,11.541785,-1.3592263,-0.5491705,1.0031494,-3.2706327,-0.120782085,-0.851582,0.57811683,3.1114202,-2.6487763,-1.2430186,-3.5082405,-0.46671975,0.065857336,0.12777105,-3.6361682,-2.1275787,1
3.0,3,-1.1520267,-1.4737563,-0.38466793,11.539622,-1.3598405,-0.547477,1.0009025,-3.2705238,-0.123051725,-0.85237306,0.5751413,3.119329,-2.6502066,-1.2462564,-3.4994428,-0.46145058,0.06957421,0.12663332,-3.6350112,-2.1276736,1
3.0,3,-1.1507378,-1.4737296,-0.37460634,11.541602,-1.3631486,-0.54959977,1.0036348,-3.2653518,-0.11413317,-0.8489747,0.5971399,3.1034756,-2.6418965,-1.2291071,-3.5268848,-0.48812592,0.05226522,0.12589577,-3.6429214,-2.1305504,1
3.0,3,-1.1535287,-1.476156,-0.37339878,11.541128,-1.3663348,-0.54857427,1.0012664,-3.259671,-0.11879941,-0.85148543,0.591803,3.1235693,-2.6477556,-1.2338078,-3.5279715,-0.48272836,0.06580161,0.1274808,-3.6427512,-2.1357918,1
3.0,3,-1.153518,-1.4767267,-0.37382582,11.537322,-1.3642257,-0.5478064,0.9989667,-3.2657466,-0.12011812,-0.8479157,0.5837808,3.1169581,-2.647856,-1.2440983,-3.5014493,-0.47453648,0.06579706,0.12387896,-3.6351826,-2.129923,1
3.0,3,-1.1477687,-1.4708456,-0.38287306,11.5430565,-1.3583401,-0.54967165,1.0046114,-3.271592,-0.11974492,-0.85251874,0.57935613,3.108255,-2.64761,-1.2408777,-3.5129097,-0.467706,0.063728936,0.12867564,-3.637125,-2.1272557,1
14.0,14,-3.1616006,-3.3514132,-2.7113602,-4.67069,-2.2281833,-1.2262048,-5.572572,0.98219377,-2.4047325,0.39676684,3.8165762,1.6865941,-1.0474621,-1.6310215,10.981107,6.658277,2.8732007,-1.8161227,-2.230921,-2.0549028,1
14.0,14,-3.1642494,-3.3489623,-2.7093728,-4.6730685,-2.2291946,-1.2249604,-5.5753713,0.9823087,-2.4018505,0.39944163,3.8135288,1.6912013,-1.049629,-1.6277632,10.984546,6.653882,2.8722517,-1.815909,-2.2302804,-2.0557814,1
14.0,14,-3.1265476,-3.3760762,-2.7563443,-4.6807117,-2.2030926,-1.2284906,-5.560157,0.9773043,-2.4292095,0.39151025,3.875496,1.5775304,-1.0220957,-1.630649,10.934234,6.7152853,2.8804986,-1.8254619,-2.2786026,-2.0748491,1
14.0,14,-3.107743,-3.4035528,-2.7959747,-4.6705155,-2.1992998,-1.2441034,-5.547464,0.96433973,-2.4432156,0.3765367,3.959449,1.5385257,-1.0038463,-1.6503537,10.893664,6.7206006,2.9024742,-1.8222454,-2.3045602,-2.083441,1
14.0,14,-3.1419704,-3.3857696,-2.7688432,-4.6553483,-2.2267914,-1.2495874,-5.560624,0.9513032,-2.4202762,0.37303287,3.9352992,1.6507301,-1.0256875,-1.657058,10.92887,6.667385,2.9023175,-1.810026,-2.2641654,-2.06428,1
14.0,14,-3.1650512,-3.3450584,-2.7035015,-4.67198,-2.22796,-1.2224789,-5.5737624,0.9844803,-2.4032497,0.39698833,3.7957165,1.6928456,-1.0515935,-1.6269975,10.989302,6.6632285,2.867295,-1.8167623,-2.224687,-2.052221,1
2.0,18,-1.9559457,-0.90442586,2.134513,-2.8340993,-1.5790054,1.3210553,-2.4978104,0.6444328,2.0156395,1.0408967,-3.6149576,-1.9499729,7.3916707,2.770495,-2.25185,-1.3148218,-4.767679,-3.4625041,8.237915,-2.174602,0
2.0,18,-1.9553277,-0.90596086,2.1341808,-2.834992,-1.5803529,1.329015,-2.5020773,0.64967823,2.022316,1.0461742,-3.6128125,-1.9497135,7.367291,2.749663,-2.2470944,-1.3118743,-4.763114,-3.458926,8.254785,-2.178811,0
2.0,18,-1.918489,-0.9701349,2.0696225,-2.8462873,-1.5325625,1.3483433,-2.4376147,0.6807179,1.9840146,1.0902392,-3.6138756,-1.9856626,7.5008774,2.6151302,-2.2302816,-1.3506097,-4.7646,-3.4355185,8.243024,-2.0741436,0
2.0,18,-1.9320669,-0.9517067,2.0819604,-2.8424127,-1.5361465,1.3324018,-2.4230251,0.6758741,1.9797742,1.0751134,-3.6349843,-1.994711,7.502357,2.6923091,-2.2479405,-1.351556,-4.7811604,-3.4423456,8.2325115,-2.0711823,0
2.0,18,-1.9542277,-0.90715855,2.115429,-2.8330288,-1.5708966,1.3110585,-2.4736497,0.65128636,1.9966842,1.0346435,-3.6204557,-1.9620266,7.403616,2.7752564,-2.2553933,-1.3192832,-4.765112,-3.455214,8.256529,-2.1489134,0
2.0,18,-1.9548397,-0.90768677,2.1333363,-2.8356605,-1.5776851,1.3290346,-2.5017927,0.64826673,2.0203934,1.0468608,-3.6117566,-1.9480466,7.3762355,2.7499585,-2.246477,-1.3139694,-4.764528,-3.4611964,8.248281,-2.1766202,0
7.0,7,-3.338192,-2.8714201,-2.1268742,-2.4523947,1.0733026,8.5493765,0.07456373,9.765028,-0.37518477,-3.061127,1.8458769,-0.8943086,1.0580004,-0.38943234,-2.2753494,-0.27510738,-2.747478,-2.0618985,-4.1717043,-5.8523192,1
7.0,7,-3.3648689,-2.8983793,-2.1556277,-2.4844217,1.0392339,8.68696,-0.030456264,9.639133,-0.35939905,-2.997145,1.8773395,-0.8724193,1.0562962,-0.39343032,-2.2354653,-0.25785106,-2.709983,-2.055567,-4.170593,-5.848428,1
7.0,5,-3.4485147,-3.0100684,-2.2474942,-2.6914284,1.0020562,9.607292,-0.5392536,8.660339,-0.32366595,-2.589072,1.7702059,-0.83293605,1.0228546,-0.40476224,-2.092622,0.123872265,-2.390106,-2.045942,-4.160487,-5.8783045,0
7.0,5,-3.4657733,-3.019581,-2.236419,-2.616156,0.91352314,9.22269,-0.45517427,9.079555,-0.30823126,-2.7479944,1.9332734,-0.81426406,1.0446296,-0.3984417,-2.1107686,-0.007371045,-2.5707753,-2.0653722,-4.2051563,-5.8046937,0
7.0,7,-3.4391434,-2.9664211,-2.220115,-2.5797553,0.9512595,9.079811,-0.30359417,9.285348,-0.33643264,-2.8100257,1.9066981,-0.8239335,1.051565,-0.40430138,-2.1421888,-0.16369484,-2.5925345,-2.0483873,-4.1536665,-5.805214,1
7.0,7,-3.3208835,-2.852834,-2.1090498,-2.4395292,1.0974258,8.490423,0.13585842,9.817202,-0.3862547,-3.0880063,1.8137951,-0.9116055,1.059818,-0.38837582,-2.2960103,-0.27542216,-2.761986,-2.0678105,-4.1700306,-5.859543,1
3.0,3,-1.0874577,-2.1478295,-2.1750965,9.954017,-2.4994545,-0.4815195,0.34554052,-2.3423147,1.8939508,-1.0963842,5.2726235,0.2957011,-1.4060161,-0.8461587,-5.196906,-2.3514066,-0.33218002,-0.08053579,-4.833967,-2.5088649,1
3.0,3,-1.0883651,-2.1475296,-2.1748953,9.955052,-2.4992647,-0.4808533,0.34622395,-2.3426764,1.8937604,-1.0972911,5.270659,0.29900712,-1.4050698,-0.8451255,-5.1979733,-2.3515882,-0.33275586,-0.08058628,-4.834245,-2.5097048,1
3.0,3,-1.0930996,-2.1510396,-2.1820214,9.940899,-2.5012608,-0.4816322,0.33932734,-2.3381474,1.8973768,-1.1010222,5.2961965,0.29104927,-1.398565,-0.8371915,-5.1935587,-2.355142,-0.34454685,-0.08405896,-4.839298,-2.5076342,1
3.0,3,-1.0924807,-2.149937,-2.1771102,9.952332,-2.506092,-0.48338744,0.34035993,-2.3349023,1.8903387,-1.1011897,5.2793207,0.31015417,-1.4084992,-0.8406065,-5.1951675,-2.3521376,-0.32817566,-0.084600024,-4.8360987,-2.5160713,1
3.0,3,-1.0975783,-2.1574545,-2.1776316,9.940233,-2.5071268,-0.47470626,0.33586624,-2.3398874,1.9032797,-1.0960057,5.2907977,0.30169734,-1.4021703,-0.8503919,-5.195113,-2.3511899,-0.33261144,-0.08117568,-4.8348393,-2.5093439,1
3.0,3,-1.0853922,-2.1460185,-2.1762097,9.954583,-2.4980788,-0.48361745,0.3469441,-2.3418317,1.892504,-1.0972869,5.272539,0.29206368,-1.4051976,-0.8434234,-5.1968317,-2.3523116,-0.33375812,-0.0813145,-4.8347187,-2.5084717,1
9.0,9,0.42094928,-0.97056454,2.742635,-1.9574609,-1.4306736,0.74591947,-4.590632,-2.6997178,1.1427635,12.125191,-4.663709,-2.1634808,0.3456808,0.7718518,1.4484353,-0.44224322,0.55640686,-2.8942926,-0.20893705,-0.99705637,1
9.0,9,0.4209538,-0.9705468,2.7426538,-1.9574543,-1.430679,0.7458933,-4.5906296,-2.6997187,1.1427672,12.125191,-4.663721,-2.1634827,0.34568432,0.7718786,1.4484389,-0.44223973,0.55638635,-2.894316,-0.20895004,-0.997042,1
9.0,9,0.42082095,-0.9710886,2.7418442,-1.9575227,-1.4303098,0.7465986,-4.5907545,-2.6998265,1.1425287,12.125324,-4.6634283,-2.1632526,0.3457536,0.77128434,1.4481776,-0.4424796,0.5567894,-2.8936877,-0.20866862,-0.99697584,1
9.0,9,0.42072952,-0.9714754,2.7410681,-1.9574634,-1.4299587,0.74717087,-4.590868,-2.7000186,1.1424131,12.125444,-4.6631613,-2.163031,0.3457903,0.77086705,1.4479458,-0.44276005,0.55700463,-2.893217,-0.2085348,-0.9968698,1
9.0,9,0.42091316,-0.9706574,2.742423,-1.957423,-1.4305712,0.7460664,-4.59064,-2.6997995,1.142661,12.125194,-4.6636167,-2.1633759,0.34573987,0.77179605,1.4484047,-0.4423073,0.55646634,-2.894142,-0.20900208,-0.9971289,1
9.0,9,0.4209391,-0.97057146,2.742611,-1.9574425,-1.430668,0.74592865,-4.5906324,-2.6997335,1.14275,12.125182,-4.6637,-2.1634674,0.34569657,0.77187353,1.4484028,-0.44225976,0.5564014,-2.894279,-0.2089257,-0.9970637,1
14.0,14,-4.396281,5.3779583,-1.0537248,-2.9271162,-2.1239853,4.0088835,-2.4011014,0.37844038,-1.310336,-0.57575417,-2.9468985,3.8277357,-2.289651,1.3787973,8.0329275,1.9738711,-1.9429389,2.328805,-2.4969358,-3.2452033,1
14.0,14,-4.391407,5.410783,-1.0512882,-2.9121149,-2.1214657,4.025775,-2.3760543,0.3519134,-1.3021246,-0.5789576,-2.9719958,3.8347373,-2.285689,1.3877366,7.9844494,1.9604431,-1.9564745,2.3502614,-2.4979045,-3.2483935,1
14.0,14,-4.418289,5.312001,-1.1748027,-2.954175,-2.0530233,4.0188966,-2.387844,0.5437239,-1.4100173,-0.73341936,-2.7985146,3.7292938,-2.3407133,1.3024238,8.192726,2.0935133,-2.0362935,2.3761213,-2.471668,-3.2785678,1
14.0,14,-4.448062,5.2335324,-1.2393537,-2.993876,-2.0184379,4.0210114,-2.4131236,0.6457481,-1.4613286,-0.8124918,-2.6936862,3.682142,-2.3612964,1.2772887,8.309997,2.1560073,-2.0705183,2.3960047,-2.4698775,-3.2953439,1
14.0,14,-4.4363265,5.374043,-1.1552906,-2.9114385,-2.075323,4.0172796,-2.369811,0.4591536,-1.3703285,-0.7025182,-2.8450277,3.7854557,-2.3273401,1.363746,8.08142,2.0117216,-2.0352674,2.455134,-2.4889932,-3.2747235,1
14.0,14,-4.391958,5.3819785,-1.0508437,-2.923949,-2.125678,4.0074015,-2.3965676,0.37497684,-1.3091209,-0.5703308,-2.9541214,3.8255625,-2.2904954,1.3740791,8.030353,1.9747325,-1.9413129,2.322143,-2.4928668,-3.2434855,1
3.0,3,-0.7022191,-0.05699863,0.6673439,11.881154,-0.74827415,-1.3831385,1.6911571,-3.0745814,-0.4837788,-1.4618886,1.3378838,2.9699488,-3.2652822,-1.1669818,-3.914148,-1.8442087,-0.61056983,1.1133476,-3.9544303,-2.225211,1
3.0,3,-0.703711,-0.057222072,0.66519374,11.880228,-0.7478101,-1.3823358,1.691925,-3.076574,-0.48387358,-1.4629874,1.3385725,2.9736452,-3.265023,-1.1671541,-3.9125054,-1.844524,-0.6094103,1.1139942,-3.9549286,-2.2244253,1
3.0,3,-0.6960543,-0.06356557,0.6676901,11.885536,-0.7496836,-1.38646,1.6851503,-3.0614512,-0.48212036,-1.4599361,1.3521502,2.9365067,-3.2629066,-1.1572052,-3.9276092,-1.8364239,-0.63124096,1.1019092,-3.9593215,-2.2282844,1
3.0,3,-0.70041615,-0.07868467,0.65831125,11.883427,-0.7500728,-1.3844678,1.6841724,-3.0580502,-0.48920247,-1.4647481,1.3580346,2.9456778,-3.261323,-1.1584138,-3.9233592,-1.8248808,-0.6245231,1.0954659,-3.9610841,-2.227551,1
3.0,3,-0.70403194,-0.0657146,0.6660362,11.88215,-0.75229645,-1.3846996,1.6839954,-3.060666,-0.49147865,-1.463687,1.3470949,2.9728262,-3.2657695,-1.1648862,-3.9138346,-1.8380649,-0.6125214,1.1034899,-3.9573627,-2.2291667,1
3.0,3,-0.7008011,-0.056575153,0.6677892,11.881277,-0.74748087,-1.3829297,1.6928188,-3.0770652,-0.48109528,-1.4609295,1.3371398,2.9646091,-3.2640831,-1.1665342,-3.9164793,-1.8451293,-0.61196667,1.1141597,-3.9537647,-2.224236,1
18.0,18,-2.3752258,-1.4071974,-0.49017796,-3.0929441,-3.438457,3.359402,-1.4794927,-1.1426204,4.3886833,-0.34711346,-0.6495407,-0.553113,3.914482,-1.4588214,-2.677925,0.66710854,-1.4275535,-1.8457034,9.067722,-3.6173625,1
18.0,18,-2.375193,-1.4069574,-0.4906082,-3.092562,-3.4382548,3.3594,-1.4792515,-1.1426282,4.387582,-0.3469754,-0.6497439,-0.5528859,3.9130323,-1.4589041,-2.6776464,0.66724646,-1.4269726,-1.8452728,9.069159,-3.6169822,1
18.0,18,-2.3761177,-1.4092292,-0.48777863,-3.0954533,-3.4402528,3.361546,-1.4825765,-1.1441467,4.397089,-0.34663832,-0.64804703,-0.5519076,3.924279,-1.4594712,-2.6802795,0.66548675,-1.4308851,-1.84764,9.05704,-3.6179414,1
18.0,18,-2.3727515,-1.4050311,-0.49285626,-3.0898037,-3.437244,3.3525355,-1.4769748,-1.1430987,4.380489,-0.34838808,-0.65069187,-0.5512663,3.9185932,-1.4594152,-2.677865,0.6647148,-1.4276813,-1.8433245,9.077513,-3.61184,1
18.0,18,-2.3749406,-1.407231,-0.4901429,-3.092958,-3.4384885,3.3586898,-1.4794563,-1.1426302,4.3886423,-0.34749925,-0.64933646,-0.5528301,3.9169872,-1.4590232,-2.6782055,0.6664713,-1.4282846,-1.845809,9.067331,-3.6169796,1
18.0,18,-2.3752458,-1.4072278,-0.49016127,-3.09298,-3.4384694,3.3594716,-1.4795039,-1.1426266,4.3887644,-0.3471218,-0.64951897,-0.5531058,3.9145937,-1.4588325,-2.677937,0.66710657,-1.4275923,-1.8457304,9.067572,-3.6174152,1
9.0,9,0.6375489,-2.4247484,3.1364453,-3.753925,-2.3415637,-1.6799128,-3.872385,-2.1739497,2.9861224,12.715078,-2.607484,-4.6829324,1.7977003,0.9562643,-0.14041871,-0.7298879,1.1939719,-3.166285,-0.73499185,0.60252714,1
9.0,9,0.637548,-2.4247642,3.13647,-3.7539384,-2.3416018,-1.6799263,-3.8724189,-2.174,2.9862437,12.71511,-2.6074257,-4.682921,1.7977734,0.956196,-0.14041737,-0.7299101,1.1938727,-3.166307,-0.7350323,0.6025644,1
9.0,9,0.637791,-2.424812,3.1363542,-3.7542152,-2.341426,-1.6803957,-3.8723965,-2.1739733,2.9868119,12.715094,-2.6066067,-4.683637,1.7972561,0.9560612,-0.14106199,-0.7292646,1.1932365,-3.1665936,-0.7352803,0.603484,1
9.0,9,0.6378984,-2.4251447,3.135368,-3.7543588,-2.3412185,-1.6807749,-3.8722289,-2.1739028,2.9865115,12.714869,-2.6061633,-4.684363,1.7973127,0.9563928,-0.14173648,-0.72894347,1.1934992,-3.1667318,-0.73505914,0.60448706,1
9.0,9,0.63774145,-2.4246926,3.1369607,-3.7542367,-2.3416271,-1.6802824,-3.8726003,-2.1743,2.9874432,12.715246,-2.6067162,-4.6834145,1.798066,0.95588464,-0.14114895,-0.7298232,1.1925951,-3.1666284,-0.7355159,0.6033915,1
9.0,9,0.6375635,-2.4246867,3.1366613,-3.7539718,-2.3415928,-1.67994,-3.8724418,-2.1740222,2.9863963,12.715132,-2.6074097,-4.6829457,1.7977824,0.95620316,-0.14051461,-0.72992045,1.1936674,-3.1663444,-0.73511153,0.6025885,1
13.0,13,-4.172713,0.40545914,4.2141323,0.36530003,-2.1407695,-0.19297484,-2.4547203,-0.7389587,-0.70368356,-2.877618,-4.0528154,2.0422378,2.5305426,12.361595,-2.989857,-0.048991352,-2.1871812,0.36712375,-0.647183,-3.6224606,1
13.0,13,-4.1725955,0.4053548,4.2150927,0.36479035,-2.1406918,-0.19292608,-2.454968,-0.739035,-0.70342445,-2.8774445,-4.0530224,2.041927,2.5309877,12.361346,-2.989706,-0.049329776,-2.1870708,0.36773092,-0.64744705,-3.6226957,1
13.0,13,-4.175652,0.40315887,4.200521,0.36355382,-2.1422648,-0.19226071,-2.4536343,-0.7399336,-0.7045691,-2.88058,-4.047605,2.0453904,2.5340667,12.365255,-2.9915037,-0.04662396,-2.1868017,0.3639412,-0.6444144,-3.6195817,1
13.0,13,-4.1768274,0.40226582,4.197587,0.36004746,-2.143219,-0.19247106,-2.453743,-0.74019015,-0.70227724,-2.881529,-4.046069,2.04569,2.5384858,12.366492,-2.992918,-0.04616259,-2.188127,0.36140215,-0.6420018,-3.6185646,1
13.0,13,-4.173367,0.40565187,4.209449,0.36506823,-2.1415787,-0.19345045,-2.4535117,-0.73874223,-0.7034821,-2.8787632,-4.0516276,2.0428338,2.5315213,12.363055,-2.9912758,-0.04765804,-2.1881914,0.36325017,-0.6442478,-3.6209106,1
13.0,13,-4.1727624,0.405413,4.214075,0.36527747,-2.1407619,-0.19292653,-2.4547544,-0.73897827,-0.70364565,-2.87761,-4.052773,2.0423033,2.5305746,12.361622,-2.9898627,-0.04897238,-2.187223,0.3671626,-0.6472961,-3.6224418,1
17.0,17,-2.665782,3.6597805,-3.0328188,0.034479115,-0.73536885,-0.19202495,5.528926,-0.65404654,-0.7870656,-2.185887,-0.10153453,1.7634128,-3.4924936,-1.795247,-2.6803699,-0.12797514,3.6930938,7.9634857,-2.015787,-2.9457154,1
17.0,17,-2.6778343,3.683235,-2.9906094,0.022691894,-0.7062403,-0.16182569,5.486198,-0.67532396,-0.78544545,-2.17221,-0.14679332,1.7332845,-3.4899063,-1.7678462,-2.6441007,-0.11776692,3.6416237,8.03076,-2.0430171,-2.931533,1
17.0,17,-2.6718392,3.6690056,-3.2252896,0.15402217,-1.1885843,-0.12556708,5.5902576,-0.6332707,-0.58340585,-2.296445,0.5816863,1.8645554,-3.342144,-1.9049783,-2.880093,-0.32550237,3.303489,7.6709485,-2.0601792,-3.1776023,1
17.0,17,-2.6526153,3.6206205,-3.4896297,0.35261914,-1.5663059,-0.34361964,5.7394137,-0.5510315,-0.62889296,-2.4662688,1.1510781,2.2435427,-3.2619076,-1.8396314,-3.1503475,-0.5035227,3.325543,7.158653,-1.9484009,-3.4474063,1
17.0,17,-2.6938465,3.6858218,-3.140052,0.119096294,-0.9990785,-0.1775344,5.4953895,-0.66572475,-0.6926918,-2.2635725,0.28515416,1.8830998,-3.4270818,-1.8094501,-2.7862318,-0.2516986,3.4977057,7.8603787,-2.0355728,-3.0764008,1
17.0,17,-2.6680336,3.654677,-3.0077333,0.013419334,-0.70340675,-0.17272949,5.4970684,-0.66376346,-0.7842064,-2.1667914,-0.14758001,1.7276442,-3.497812,-1.7962363,-2.6467075,-0.115452856,3.6932304,8.018861,-2.0257707,-2.9173753,1
1.0,0,10.355484,4.929183,0.8861384,4.4663224,0.07408336,-3.77115,1.1815392,-2.1196427,0.2469452,-1.4238306,-0.5418387,-4.2167425,-0.91897607,-2.319531,-4.0700126,0.87183285,-2.270424,-2.2975447,-2.557036,-2.7744741,0
1.0,0,10.355337,4.9304323,0.8883392,4.4666166,0.07124181,-3.7736247,1.184058,-2.1189306,0.24940622,-1.4231433,-0.5441167,-4.2166805,-0.9173207,-2.3189416,-4.07261,0.87045854,-2.271485,-2.2978344,-2.555907,-2.7733743,0
1.0,0,10.273629,4.6663203,0.7440738,4.2928777,-0.03703206,-3.7982535,1.1731029,-2.1703687,0.36380926,-1.5155162,-0.28033575,-4.245822,-0.7554846,-2.3777332,-4.0737534,1.0606757,-2.2108667,-2.3881505,-2.5807848,-2.7932432,0
1.0,0,10.22981,4.583574,0.7132614,4.227446,-0.11514482,-3.8327343,1.1790164,-2.186251,0.442912,-1.5405122,-0.20302077,-4.254268,-0.67178726,-2.3879166,-4.095831,1.1211497,-2.2136521,-2.428942,-2.5817175,-2.7843103,0
1.0,0,10.31566,4.8358507,0.8439415,4.3987474,-0.0053148344,-3.8020897,1.2025312,-2.131881,0.31942877,-1.4612733,-0.45300284,-4.2251744,-0.84213006,-2.3348482,-4.0962133,0.9441122,-2.2609048,-2.3396451,-2.5578134,-2.7739663,0
1.0,0,10.356029,4.9331,0.8905598,4.469144,0.0768163,-3.7712638,1.1783884,-2.1191685,0.24929067,-1.4217136,-0.5461164,-4.2148137,-0.92009616,-2.316818,-4.0708895,0.86655873,-2.2752347,-2.2972724,-2.5581145,-2.774701,0
2.0,2,0.653164,0.719508,12.167341,0.13835014,-1.5414128,-1.7293655,-1.6947291,1.5333422,1.3166013,2.5538623,-4.7186446,-0.9398653,0.77117413,3.182928,-1.7948081,-2.4751318,-1.5233507,-0.3997823,-1.756615,-2.7366507,1
2.0,2,0.6531602,0.71950805,12.167338,0.13835368,-1.5414119,-1.7293695,-1.6947187,1.5333409,1.3165895,2.5538526,-4.718653,-0.93986183,0.77118087,3.1829407,-1.7948178,-2.475132,-1.5233471,-0.39977682,-1.7566067,-2.7366488,1
2.0,2,0.6531851,0.7195357,12.167335,0.13836373,-1.5414113,-1.7293842,-1.6947165,1.5333711,1.3165827,2.553862,-4.7186403,-0.9398418,0.7711419,3.1828876,-1.7947948,-2.475142,-1.5233315,-0.39976585,-1.7566255,-2.7366543,1
2.0,2,0.6531664,0.71953535,12.16734,0.13836248,-1.5414102,-1.7293935,-1.6946889,1.5333579,1.3165462,2.5538328,-4.7186666,-0.9398336,0.7711743,3.1829402,-1.7948208,-2.4751372,-1.5233256,-0.3997479,-1.7565988,-2.7366478,1
2.0,2,0.6531652,0.71950644,12.16734,0.13834848,-1.5414146,-1.7293718,-1.6947199,1.5333486,1.3165942,2.5538533,-4.718642,-0.93986315,0.7711829,3.1829262,-1.794809,-2.475132,-1.5233476,-0.39977828,-1.7566152,-2.7366529,1
2.0,2,0.6531628,0.71950847,12.16734,0.1383537,-1.5414127,-1.7293686,-1.6947232,1.5333419,1.3165964,2.5538573,-4.718648,-0.9398636,0.77117634,3.1829324,-1.7948133,-2.4751327,-1.5233489,-0.3997783,-1.7566115,-2.7366505,1
10.0,14,-4.871917,-0.46451452,-4.224032,-2.4675457,-3.92063,-1.2958579,-6.389033,-0.1802695,-2.8408933,-1.1996163,4.8456907,6.510023,-1.6980505,1.2973721,8.541436,4.0188937,2.1019773,1.1709198,-4.128265,-3.070132,0
10.0,14,-4.8715634,-0.46550962,-4.2234855,-2.46788,-3.920549,-1.2959486,-6.3890014,-0.1796425,-2.8412693,-1.1989607,4.845609,6.5091586,-1.6977214,1.2972755,8.542339,4.018716,2.1026335,1.1696314,-4.128088,-3.0697005,0
10.0,14,-4.8740325,-0.45854637,-4.2267423,-2.4648652,-3.9202905,-1.2957009,-6.3901587,-0.1851946,-2.838983,-1.2026765,4.847065,6.512463,-1.6995349,1.298018,8.536715,4.0194397,2.097105,1.1814,-4.1297865,-3.0729663,0
10.0,14,-4.877257,-0.4528865,-4.2283316,-2.4602964,-3.9226155,-1.297189,-6.389889,-0.19101788,-2.8364704,-1.2075009,4.848836,6.5208035,-1.7016772,1.3032546,8.5279255,4.015051,2.0954585,1.1924512,-4.131264,-3.0756886,0
10.0,14,-4.8739886,-0.4618897,-4.2239947,-2.4640481,-3.9220257,-1.2974014,-6.389319,-0.18424301,-2.8399334,-1.202017,4.8471227,6.51405,-1.6987023,1.3017123,8.536005,4.015072,2.1012678,1.178671,-4.1295233,-3.0713274,0
10.0,14,-4.8713226,-0.4658132,-4.2235856,-2.468507,-3.920333,-1.2954644,-6.3889008,-0.17869242,-2.8414814,-1.1987011,4.844958,6.509033,-1.6976439,1.2964832,8.543117,4.019697,2.1025262,1.167925,-4.1278467,-3.0693693,0
5.0,5,-3.27293,-1.3820077,-2.9622903,-1.3370415,1.8146219,13.346509,-0.23746906,0.8066317,-1.3918754,0.19922632,0.21283779,1.5020981,1.0528281,-1.4708073,0.44772804,-2.1827903,-2.1424358,2.0747962,-2.7198358,-4.9013095,1
5.0,5,-3.271248,-1.383024,-2.9613428,-1.3385994,1.8234885,13.347151,-0.2344835,0.8075579,-1.3929548,0.1980825,0.21155779,1.4988153,1.0524741,-1.4706984,0.44491673,-2.182627,-2.1421692,2.075217,-2.7213879,-4.901426,1
5.0,5,-3.2577174,-1.3965832,-2.981268,-1.3358907,1.7825681,13.360068,-0.21646805,0.77918077,-1.4017361,0.20279326,0.25264877,1.480037,1.0524801,-1.4942505,0.42034978,-2.1679711,-2.0958686,2.04905,-2.7026057,-4.895083,1
5.0,5,-3.252059,-1.4019433,-2.9887552,-1.3329419,1.7698894,13.362848,-0.21016623,0.76571757,-1.4049664,0.20585266,0.2685479,1.4745697,1.053563,-1.502055,0.40955454,-2.165944,-2.0791945,2.0429325,-2.6963632,-4.8943987,1
5.0,5,-3.2610912,-1.3937469,-2.9751556,-1.3308061,1.7901937,13.351824,-0.22361742,0.7829056,-1.3984251,0.20783332,0.24060826,1.4908987,1.0560596,-1.4856538,0.4238441,-2.1810951,-2.1100404,2.0602708,-2.70455,-4.899972,1
5.0,5,-3.2723393,-1.3819294,-2.9610324,-1.3373214,1.8140848,13.346284,-0.2390161,0.80710346,-1.3903635,0.2016303,0.21002834,1.5005403,1.054262,-1.4695452,0.44840056,-2.1827967,-2.1444504,2.0731435,-2.7202277,-4.9013567,1
0.0,0,9.607938,1.5532917,-0.07386741,2.5083735,-0.16725117,-3.0098112,0.25041917,-2.292038,1.8851185,-1.1472692,1.8621187,-4.35199,-0.95466304,-3.5196934,-3.4761596,2.2732565,-0.90432835,-3.2525752,-3.3238516,-2.9536934,1
0.0,0,9.606903,1.5518649,-0.074367374,2.5075996,-0.16722152,-3.0087688,0.24944116,-2.291635,1.8865323,-1.1475835,1.8633133,-4.3516803,-0.9550605,-3.5199735,-3.4760773,2.2736788,-0.9042022,-3.2528532,-3.32454,-2.9540625,1
0.0,0,9.627316,1.5886374,-0.0568668,2.5169535,-0.17608777,-3.032734,0.26434162,-2.3094413,1.8601055,-1.1346755,1.8355739,-4.357511,-0.9435557,-3.5102568,-3.4721022,2.271843,-0.91705215,-3.250393,-3.3077693,-2.9465058,1
0.0,0,9.643223,1.6107624,-0.044913296,2.5257118,-0.17982274,-3.047214,0.27566153,-2.3164248,1.8431326,-1.1246212,1.8165152,-4.3633165,-0.9367562,-3.5058336,-3.4718425,2.264744,-0.92316467,-3.2487767,-3.2978795,-2.9415057,1
0.0,0,9.634148,1.596634,-0.051560584,2.5203805,-0.17525467,-3.0374348,0.26802748,-2.3106663,1.8538983,-1.1304437,1.8269751,-4.3606687,-0.94255,-3.5088089,-3.4722388,2.268658,-0.91860247,-3.24978,-3.3043993,-2.9446878,1
0.0,0,9.604226,1.5498526,-0.076045185,2.5059803,-0.16769849,-3.0073752,0.2477515,-2.292358,1.8884459,-1.1491336,1.8660016,-4.3503613,-0.9554024,-3.5200546,-3.4754307,2.276046,-0.90417403,-3.2530422,-3.3253694,-2.9546196,1
12.0,12,-3.3543816,-3.0111759,-1.7732096,-3.0837336,-2.5808125,-0.44498798,-3.5032356,-3.402691,5.682789,-1.5446919,0.013271753,0.2913437,8.90933,5.960538,-2.4796479,0.64034915,-2.358854,-3.024593,0.06946025,3.026773,1
12.0,12,-3.3551683,-3.0136483,-1.77676,-3.0920794,-2.5796394,-0.45180216,-3.5057278,-3.4014943,5.703701,-1.5449566,0.024978418,0.29445004,8.893865,5.939031,-2.476636,0.6450461,-2.3552148,-3.0252202,0.06847611,3.0469909,1
12.0,12,-3.2499053,-2.8838365,-1.7209709,-3.0024486,-2.588356,-0.40816614,-3.3888412,-3.5108645,5.5964036,-1.508166,-0.12632567,0.069617555,9.214463,6.0352087,-2.4941144,0.54678416,-2.5869997,-3.0179744,0.24692824,2.5728176,1
12.0,12,-3.1942158,-2.809734,-1.6883689,-2.9506488,-2.586977,-0.39923587,-3.309642,-3.5483384,5.5111427,-1.4926655,-0.22591135,-0.043494567,9.374356,6.097884,-2.5087833,0.5018346,-2.6887634,-3.0290024,0.3535207,2.3200264,1
12.0,12,-3.2820272,-2.9293427,-1.7438829,-3.0479095,-2.5805373,-0.44259897,-3.4363,-3.4779656,5.6799726,-1.531267,-0.054260027,0.1456425,9.066569,5.9774923,-2.4870744,0.59789187,-2.5001771,-3.0317705,0.18548504,2.7601528,1
12.0,12,-3.356479,-3.011531,-1.7721411,-3.0810928,-2.5810938,-0.44381106,-3.5044694,-3.4005556,5.672988,-1.545563,0.008295078,0.29433239,8.908013,5.971721,-2.481261,0.6406171,-2.3550644,-3.0247867,0.07022926,3.0288818,1
18.0,19,-0.66799194,-1.6437123,1.4158586,-2.1472046,-0.5042608,-2.6893623,-2.2311702,-0.5264483,0.050769947,2.1621387,-2.2311509,-0.35108826,2.0363934,0.22421098,-2.1650124,1.3228999,2.4849188,-2.0341556,2.8803377,13.53095,0
18.0,19,-0.66792184,-1.6435713,1.4159114,-2.1471002,-0.5042243,-2.6893842,-2.2309642,-0.52556956,0.050329708,2.1622355,-2.2313895,-0.35098672,2.035253,0.22388887,-2.1647801,1.3229063,2.4858282,-2.0337734,2.8798208,13.530938,0
18.0,19,-0.6710437,-1.6405323,1.4069169,-2.1482515,-0.50906503,-2.6836028,-2.2212663,-0.5244682,0.046388246,2.1544468,-2.2314348,-0.34661746,2.0343432,0.222787,-2.1677501,1.3230379,2.4923518,-2.027132,2.8885717,13.532932,0
18.0,19,-0.6707527,-1.642776,1.4064791,-2.1499906,-0.5086044,-2.6807904,-2.2221222,-0.52242136,0.046327464,2.1555457,-2.23116,-0.34852815,2.0392134,0.22392544,-2.1679685,1.3178835,2.4940515,-2.0247452,2.8844404,13.533146,0
18.0,19,-0.66853255,-1.6437421,1.4142615,-2.1478162,-0.50499487,-2.6878712,-2.2300541,-0.5256613,0.04999832,2.1610034,-2.23088,-0.3507523,2.0374327,0.22471169,-2.1654887,1.3215737,2.4859347,-2.0327203,2.8813455,13.531433,0
18.0,19,-0.6681152,-1.6436133,1.4155687,-2.147258,-0.50437397,-2.6891356,-2.230775,-0.52648115,0.050719388,2.1620145,-2.231303,-0.35084122,2.0362978,0.22396141,-2.1650968,1.3229829,2.485348,-2.0338917,2.8803725,13.530923,0
0.0,0,10.678146,1.1504006,3.6730068,2.96423,0.789677,-3.689696,0.33543998,-1.4679216,1.2582957,0.26122057,0.1685615,-5.286312,1.4181893,-3.0957482,-4.200694,-1.108267,-0.15147284,-2.9587688,-3.4221864,-3.0068748,1
0.0,0,10.675229,1.1446904,3.678745,2.9611495,0.7880515,-3.6880858,0.33020774,-1.4666705,1.2619259,0.2653772,0.17099546,-5.28551,1.4191211,-3.0960314,-4.1992884,-1.1100444,-0.15031867,-2.9604504,-3.4246042,-3.0075264,1
0.0,0,10.746875,1.3240908,3.5257933,3.041731,0.8085717,-3.7679753,0.49399474,-1.5070214,1.1364987,0.14072058,0.082281396,-5.299176,1.4594389,-3.0525894,-4.234871,-1.0613788,-0.19272949,-2.9136078,-3.3446562,-3.0029645,1
0.0,0,10.771979,1.3963306,3.4659617,3.0734198,0.8090474,-3.8051162,0.5627468,-1.5220584,1.0811098,0.089643314,0.044442315,-5.30227,1.4907602,-3.0284486,-4.248187,-1.0436603,-0.20891881,-2.8967261,-3.3110561,-3.0038443,1
0.0,0,10.734749,1.2989748,3.577098,3.0249882,0.8040625,-3.7667892,0.4636386,-1.4995065,1.1541312,0.1737523,0.07950316,-5.2966113,1.4708052,-3.0479405,-4.2274685,-1.0801562,-0.18928123,-2.9218988,-3.3556716,-3.0066347,1
0.0,0,10.672641,1.1407377,3.6871958,2.9567792,0.78810143,-3.6872134,0.3242745,-1.4686704,1.2677388,0.27097076,0.1707953,-5.2850757,1.4224006,-3.0949092,-4.1986217,-1.1122549,-0.15152802,-2.9616265,-3.4279654,-3.007231,1
6.0,6,-0.03805369,-0.86779577,-1.2459295,1.2317244,6.7609334,0.027234435,7.643311,1.3207982,0.48386887,-0.65081143,-0.12935774,-3.753716,0.98245585,-3.283148,-5.2936134,-0.80619603,-3.4574175,-1.2545129,-1.8549821,6.5984874,1
6.0,6,-0.043711767,-0.86937845,-1.2078322,1.18792,6.6538625,-0.04390437,7.5860176,1.3243968,0.49139896,-0.57459897,-0.12502311,-3.7436135,1.0225333,-3.2482932,-5.257268,-0.8319067,-3.4544663,-1.2610049,-1.840881,6.7952843,1
6.0,19,-0.1113505,-0.9319905,-1.3074546,0.9978507,6.060257,-0.43183476,7.272256,0.7594008,0.34290898,-0.47536242,0.03153451,-3.6075416,1.6080756,-3.1820784,-5.0963783,-0.5847926,-3.154003,-1.2306452,-1.4339559,7.80094,0
6.0,19,-0.20274696,-1.0487872,-1.3800027,0.8039162,5.839001,-0.56158465,6.762198,0.42042774,0.35126385,-0.37928006,0.15822606,-3.508713,1.8621956,-3.0870454,-4.925473,-0.38159505,-2.9865313,-1.2715722,-1.234014,8.516714,0
6.0,19,-0.22221988,-0.9868075,-1.2284201,0.77107453,6.097454,-0.38565266,6.770496,0.9703296,0.5579645,-0.2919886,0.04725073,-3.5157862,1.2827018,-3.0109353,-4.9926224,-0.5729288,-3.1430812,-1.3499353,-1.5738769,8.274295,0
6.0,6,-0.044614248,-0.88852125,-1.2616918,1.2575406,6.8170595,0.075154684,7.5924263,1.2609377,0.5255013,-0.65517485,-0.105127975,-3.76978,0.9865502,-3.3073518,-5.2877827,-0.7912698,-3.496257,-1.2524148,-1.8700601,6.5351353,1
10.0,10,-3.503662,-4.4200134,-6.149308,1.0034606,-3.3805847,0.5094124,-2.2539494,0.06937142,1.9388933,-1.1698663,11.998774,-0.7732141,1.9256198,-1.2967272,-0.60485816,-1.3828819,-0.1714297,-1.0156573,-4.0736356,-1.8085673,1
10.0,10,-3.503656,-4.420003,-6.1493044,1.0034363,-3.380653,0.5093812,-2.2539885,0.069381714,1.9388611,-1.169765,11.998919,-0.7731117,1.9252776,-1.2968882,-0.6047521,-1.3828669,-0.17121127,-1.0155737,-4.07362,-1.8087195,1
10.0,10,-3.5036206,-4.4205666,-6.15073,1.0032889,-3.3786192,0.50717175,-2.2513676,0.06620158,1.9377762,-1.172534,11.996157,-0.77230436,1.939843,-1.2932997,-0.6079205,-1.3830584,-0.17693865,-1.0176747,-4.074195,-1.8043871,1
10.0,10,-3.5053182,-4.421687,-6.152356,0.99901104,-3.3810177,0.50870067,-2.2511978,0.06567258,1.9381174,-1.1733154,11.99633,-0.7685583,1.9451402,-1.2939909,-0.60752785,-1.3816895,-0.1764471,-1.0183147,-4.0733423,-1.804635,1
10.0,10,-3.50348,-4.4202785,-6.149961,1.003494,-3.3800073,0.5083762,-2.2527475,0.068279535,1.9382704,-1.1709895,11.997599,-0.7729824,1.9315612,-1.2955756,-0.6062035,-1.3828865,-0.17337787,-1.0165732,-4.0736217,-1.8069955,1
10.0,10,-3.5038278,-4.4200625,-6.1493692,1.003182,-3.3806353,0.50958365,-2.2539704,0.06927127,1.9390411,-1.1699181,11.998754,-0.7730413,1.925966,-1.2966077,-0.604866,-1.3827972,-0.17162028,-1.0157261,-4.073669,-1.8085002,1
14.0,14,-3.524071,-2.379971,-0.64102405,-4.10126,-1.9853626,0.58581555,-5.9366317,1.0738962,-0.6648102,2.305983,-0.13875486,3.763994,-2.5079129,-1.3988994,11.835124,4.3055286,1.7543058,-2.0239518,-1.496037,-1.4748999,1
14.0,14,-3.522165,-2.379884,-0.6414901,-4.1052794,-1.9809512,0.58570105,-5.935727,1.0724149,-0.6640359,2.3050892,-0.14025275,3.7535107,-2.5079184,-1.3995633,11.838023,4.3117976,1.7534916,-2.0239966,-1.4950533,-1.4736496,1
14.0,14,-3.5248466,-2.3811307,-0.63268435,-4.0727897,-2.004324,0.574269,-5.9400563,1.0847191,-0.67126846,2.3262508,-0.12515128,3.8287084,-2.5015655,-1.3920336,11.81491,4.2330036,1.7618527,-2.0231276,-1.5113342,-1.4787954,1
14.0,14,-3.5286927,-2.380939,-0.62852067,-4.0506372,-2.0205789,0.5674316,-5.943988,1.0903028,-0.67514366,2.3395457,-0.11259122,3.8822432,-2.4951398,-1.3855672,11.7993,4.178656,1.7645098,-2.0221696,-1.5227757,-1.4832052,1
14.0,14,-3.5311372,-2.3797915,-0.63664335,-4.0686655,-2.0124545,0.5835841,-5.9420223,1.0828762,-0.673621,2.3192449,-0.1274578,3.8408535,-2.500264,-1.3901591,11.813927,4.2406473,1.75859,-2.022524,-1.5088137,-1.4837573,1
14.0,14,-3.5231779,-2.380266,-0.6415443,-4.1042023,-1.9825624,0.5865486,-5.935932,1.0727724,-0.66479635,2.3037875,-0.14035833,3.7566113,-2.5085893,-1.3995326,11.837325,4.312985,1.7541269,-2.0238485,-1.4951259,-1.4744753,1
13.0,16,-0.91374916,-3.963471,-0.42713755,-1.0361835,1.2809647,3.5873451,-1.897504,1.3545355,0.7185512,2.0889802,-0.4019703,-0.82481104,-3.5093908,-2.0588813,-1.4011306,0.65152603,4.9837713,0.052348446,-4.0374928,-4.2466598,0
13.0,16,-0.90819395,-3.957908,-0.4285227,-1.0361041,1.293239,3.5879204,-1.8833276,1.3558081,0.708092,2.0846486,-0.411552,-0.84277457,-3.5161135,-2.057328,-1.4005241,0.66280526,4.986539,0.051542073,-4.035317,-4.248486,0
13.0,16,-0.9366221,-4.008401,-0.31982026,-1.1478325,1.2847064,3.7266784,-1.9918371,1.4126829,0.8377037,2.187522,-0.5320027,-0.7369092,-3.3673353,-2.0709093,-1.3959361,0.53577936,4.915175,0.038049296,-4.067476,-4.2192235,0
13.0,16,-0.96200144,-4.0478387,-0.27376097,-1.1952729,1.2396159,3.7771125,-2.0805125,1.4104509,0.92291653,2.2311728,-0.5439083,-0.67250377,-3.260343,-2.0522847,-1.3976767,0.49105278,4.8426495,0.0039955303,-4.0905857,-4.2069683,0
13.0,16,-0.9886396,-4.0362883,-0.37410498,-1.0951087,1.1933115,3.6559377,-2.0463336,1.3400588,0.84907395,2.1447806,-0.3744949,-0.6875479,-3.3594964,-2.0411582,-1.3924195,0.5921574,4.864008,0.014325041,-4.078954,-4.2352796,0
13.0,16,-0.9166091,-3.9618654,-0.43475592,-1.0314858,1.2832822,3.581049,-1.8886845,1.3567871,0.707657,2.084163,-0.39953202,-0.8297164,-3.5194523,-2.0625474,-1.3989055,0.65859175,4.9937444,0.059639607,-4.0329256,-4.2464128,0
14.0,14,-3.5010471,1.7193067,-1.1969767,-3.3579535,-1.3573749,4.487714,-5.1650324,0.54964924,-1.2417502,2.0355477,-1.7680497,2.6076624,-1.4803795,-0.41532415,10.822156,2.3575554,-1.185359,0.39456487,-2.7505224,-3.0589545,1
14.0,14,-3.5000036,1.7258933,-1.1979715,-3.3567383,-1.3546919,4.4963226,-5.162708,0.54520094,-1.2405387,2.0359838,-1.7718663,2.6052032,-1.4793745,-0.41413662,10.81653,2.3546143,-1.1905404,0.39936638,-2.7528377,-3.0620506,1
14.0,14,-3.506692,1.7020348,-1.237637,-3.345957,-1.3555665,4.551505,-5.162797,0.5368322,-1.2574776,2.0105505,-1.7367194,2.6101766,-1.4626651,-0.44242424,10.816432,2.3702974,-1.201091,0.39722973,-2.7576783,-3.067996,1
14.0,14,-3.51224,1.685461,-1.2664317,-3.3441796,-1.3523241,4.5949707,-5.161557,0.53118116,-1.2677115,1.9945302,-1.7111377,2.6109297,-1.4503087,-0.46286967,10.815471,2.3781035,-1.2091868,0.39885366,-2.7616105,-3.0717123,1
14.0,14,-3.5066814,1.7114115,-1.223751,-3.3395963,-1.3592815,4.5245414,-5.1654162,0.5375515,-1.2523665,2.022803,-1.7490606,2.617732,-1.466746,-0.42496884,10.814616,2.356258,-1.201398,0.3996166,-2.7567768,-3.069007,1
14.0,14,-3.4997337,1.7188102,-1.1934019,-3.3563268,-1.3587399,4.4832387,-5.1654143,0.55056804,-1.2412856,2.0363142,-1.7711496,2.6067724,-1.4805604,-0.41372555,10.822866,2.3591902,-1.185176,0.39121285,-2.749477,-3.0587738,1
8.0,12,-2.4903393,-1.6728163,0.26700652,-2.7460036,-2.0997367,1.1212031,-0.54561496,-2.4713225,8.542337,0.7241199,1.4237176,-1.4230804,8.801391,-1.6632483,-3.620207,-2.7693934,-5.1595945,-0.61088866,1.9416051,-1.8659407,0
8.0,12,-2.4903283,-1.6728157,0.26687604,-2.7459724,-2.0997243,1.1211282,-0.54554397,-2.4713829,8.542227,0.7240483,1.4236832,-1.4230458,8.801471,-1.6632725,-3.6201606,-2.7693248,-5.159541,-0.6108922,1.9417068,-1.8658881,0
8.0,12,-2.4910898,-1.6727681,0.268133,-2.7466586,-2.1003537,1.12233,-0.54723877,-2.4714842,8.544641,0.72489,1.4242836,-1.4222631,8.799238,-1.662923,-3.6204062,-2.7693963,-5.1597066,-0.6106333,1.9401293,-1.8661233,0
8.0,12,-2.4909856,-1.6727281,0.26722282,-2.7464538,-2.1005096,1.1217629,-0.54674053,-2.4716916,8.543857,0.7243054,1.4242182,-1.422272,8.79979,-1.6629523,-3.620166,-2.7690065,-5.1594896,-0.6107613,1.9411492,-1.8658675,0
8.0,12,-2.49045,-1.6728245,0.2670681,-2.746107,-2.0999207,1.1213796,-0.5458379,-2.471296,8.542628,0.7241576,1.4238403,-1.4229333,8.801136,-1.6631868,-3.6202288,-2.7693608,-5.159583,-0.61088485,1.9413947,-1.8659436,0
8.0,12,-2.490335,-1.6728225,0.26701075,-2.7460022,-2.0997424,1.1212009,-0.5456246,-2.4713054,8.54235,0.7241302,1.423742,-1.4231019,8.801397,-1.6632379,-3.6202085,-2.7694192,-5.1596074,-0.6108868,1.9415755,-1.8659413,0
3.0,3,-1.0587497,-0.6518534,-1.4305534,11.604429,-0.30076587,-1.2739165,2.2421122,-3.3908134,-0.90628725,-2.3033247,2.4985738,3.2436965,-3.3741395,-1.4006116,-4.1166897,-0.34603274,-0.5057592,1.0876715,-4.1194067,-1.893966,1
3.0,3,-1.0610635,-0.6549804,-1.4354174,11.601694,-0.29921094,-1.2718136,2.243927,-3.3940072,-0.9071074,-2.3043442,2.5007293,3.2474258,-3.3744252,-1.4026686,-4.1134205,-0.34406865,-0.50139767,1.0881205,-4.1197014,-1.8919139,1
3.0,3,-1.0413225,-0.63815415,-1.4046274,11.614943,-0.3066998,-1.2866026,2.2280898,-3.3699734,-0.88690495,-2.2940762,2.5089242,3.1715755,-3.3621922,-1.3681586,-4.149454,-0.3552822,-0.56767404,1.072696,-4.1286187,-1.9065857,1
3.0,3,-1.05253,-0.65939593,-1.4218428,11.608924,-0.31143886,-1.287415,2.219284,-3.3572235,-0.9087342,-2.3078408,2.511443,3.2136967,-3.3672004,-1.379195,-4.132303,-0.32104787,-0.54325783,1.0632727,-4.129051,-1.9089966,1
3.0,3,-1.0617552,-0.66583824,-1.4244239,11.606072,-0.3148206,-1.2793207,2.226181,-3.3654902,-0.9141142,-2.3070734,2.515629,3.2559733,-3.3634112,-1.3867116,-4.1263866,-0.34827846,-0.5167661,1.0680054,-4.1243806,-1.9039687,1
3.0,3,-1.0552189,-0.6497847,-1.4273202,11.606146,-0.29890352,-1.27324,2.245391,-3.394431,-0.90188223,-2.3002558,2.4959023,3.232334,-3.3721483,-1.3991797,-4.121401,-0.3514806,-0.5087836,1.0901667,-4.117864,-1.8930811,1
3.0,2,-0.17667829,0.22914971,10.057076,4.186497,-2.3743582,-1.599677,-2.0681307,0.8362444,0.40806994,4.138519,-3.9577541,0.60586846,-1.9947287,2.4567602,-2.3529139,-3.2137604,-0.6259163,-1.3581505,-1.3732196,-3.316379,0
3.0,2,-0.17369491,0.2293111,10.062345,4.178706,-2.37217,-1.5989308,-2.0691245,0.83643156,0.4094071,4.141591,-3.9633996,0.59984535,-1.9910483,2.4560206,-2.349299,-3.2116594,-0.62680817,-1.3581873,-1.3719008,-3.3148603,0
3.0,2,-0.20193419,0.23289083,9.988541,4.3020396,-2.398985,-1.6125882,-2.0475235,0.8329983,0.38702035,4.082196,-3.8729153,0.67511946,-2.0428321,2.4598794,-2.4076807,-3.242072,-0.6247591,-1.3595594,-1.3941826,-3.3382626,0
3.0,2,-0.19899747,0.23587067,9.978324,4.3217244,-2.402164,-1.6182554,-2.0452025,0.8309853,0.38364327,4.078214,-3.8601832,0.68286026,-2.051089,2.4528441,-2.415367,-3.2445219,-0.62382,-1.3638568,-1.3993511,-3.3379815,0
3.0,2,-0.19789764,0.23181933,10.013513,4.256369,-2.3919191,-1.6095568,-2.0544877,0.83704907,0.39503416,4.105143,-3.908086,0.6562596,-2.0243104,2.46309,-2.3886604,-3.2323287,-0.62517434,-1.3617648,-1.3831168,-3.3279848,0
3.0,2,-0.17604616,0.22814791,10.061154,4.178252,-2.3732567,-1.5981767,-2.0701993,0.83626336,0.41005287,4.143252,-3.9626355,0.6011041,-1.9917395,2.4570198,-2.3487327,-3.2120771,-0.62614495,-1.3574868,-1.3720366,-3.3155324,0
18.0,18,-1.564589,-0.6365869,-0.67823595,-2.349443,-1.5034019,2.5112758,0.28945366,-0.5823453,-0.34421134,0.5813001,-1.989547,-1.5264665,3.1304116,-1.8346323,-1.4884027,-0.08863358,-1.4031488,-0.24243957,12.412703,0.35177046,1
18.0,18,-1.5632899,-0.6363163,-0.6825959,-2.3524928,-1.498595,2.50422,0.30402586,-0.5852752,-0.3417011,0.5757473,-1.9852636,-1.5403429,3.1395319,-1.8396825,-1.4954921,-0.08611283,-1.4101967,-0.2412683,12.413632,0.3770888,1
18.0,18,-1.5621498,-0.6526983,-0.7289022,-2.3703775,-1.4176282,2.3446593,0.4029549,-0.6742975,-0.2916053,0.44902676,-1.9156609,-1.6160173,3.614088,-1.8688709,-1.5506176,-0.14451943,-1.622185,-0.23207441,12.331641,0.5995291,1
18.0,18,-1.5285006,-0.6839924,-0.7727112,-2.3690343,-1.3412954,2.4126015,0.49591923,-0.70036197,-0.31622863,0.44066814,-1.8775924,-1.753891,3.6401567,-1.8940946,-1.6033338,-0.11768872,-1.6353778,-0.24051315,12.268785,0.5150972,1
18.0,18,-1.5566633,-0.6411768,-0.7000656,-2.341878,-1.4710765,2.5159955,0.33267415,-0.6129092,-0.3489232,0.5452152,-1.957339,-1.5641909,3.2117076,-1.844032,-1.5148587,-0.08914327,-1.4407789,-0.23686516,12.375196,0.3097869,1
18.0,18,-1.5642617,-0.63631874,-0.67710394,-2.3481288,-1.5051202,2.51514,0.2860236,-0.58090377,-0.34678242,0.5845015,-1.9919755,-1.5227419,3.121025,-1.8327893,-1.4867665,-0.08768347,-1.3971661,-0.2430099,12.413408,0.34306437,1
17.0,17,-1.2337759,1.3178699,2.0257416,3.7669673,0.4077233,-0.26515573,-3.1273894,-2.2119741,-1.459862,-1.2761146,-0.7480944,0.10454737,-1.4228777,0.42868736,0.36451432,-2.1588762,1.0364814,11.62591,-3.293965,-2.565183,1
17.0,17,-1.2349768,1.318097,2.0216327,3.761497,0.41007966,-0.26337048,-3.128164,-2.2117,-1.458723,-1.2738062,-0.74801165,0.10576752,-1.4261599,0.42525646,0.36939174,-2.1566534,1.0387554,11.628432,-3.2938669,-2.5632503,1
17.0,17,-1.2517793,1.2997199,2.0114555,3.719575,0.39687926,-0.2622721,-3.121699,-2.206555,-1.462395,-1.2970313,-0.6996239,0.087935254,-1.4146081,0.44814745,0.35169777,-2.156059,1.0341054,11.644875,-3.286658,-2.5454295,1
17.0,17,-1.2493443,1.2865094,2.001376,3.71463,0.39637345,-0.25117624,-3.1364846,-2.2035887,-1.4518417,-1.3140205,-0.6478005,0.07238144,-1.3867637,0.43503314,0.34820718,-2.1580508,0.9975773,11.644021,-3.3047419,-2.5476172,1
17.0,17,-1.2269046,1.3127764,2.0334342,3.7863626,0.389345,-0.2964102,-3.122098,-2.2148101,-1.4664041,-1.2801049,-0.7404186,0.10013117,-1.4348611,0.4328452,0.34495944,-2.1616454,1.0669427,11.620537,-3.281913,-2.5601163,1
17.0,17,-1.2345185,1.3184288,2.0260406,3.7657504,0.40889588,-0.2625133,-3.1265311,-2.211729,-1.4607753,-1.2748606,-0.7521614,0.1054712,-1.4220703,0.43001038,0.36554167,-2.159238,1.0363201,11.62619,-3.2939541,-2.566268,1
13.0,13,-2.5925312,-0.031680588,8.882046,-0.1032491,-2.1782613,-0.27786225,-2.8394346,-0.13247491,0.9598897,0.43926832,-5.210968,0.11240284,3.1554909,10.416233,-3.4120986,-2.1069334,-3.1231103,-0.5737539,-0.52731,-3.016325,1
13.0,13,-2.590212,-0.031347614,8.885116,-0.104274794,-2.1774316,-0.27886614,-2.8394306,-0.13221192,0.9592823,0.44084287,-5.2132454,0.1104005,3.1555765,10.413796,-3.4110715,-2.1067715,-3.121976,-0.57406163,-0.52519506,-3.015624,1
13.0,13,-2.62285,-0.04077035,8.830371,-0.10075235,-2.1895294,-0.26803586,-2.841679,-0.13899924,0.9639206,0.41457462,-5.189598,0.13927482,3.17944,10.459065,-3.4261928,-2.104864,-3.1389692,-0.57458407,-0.5405662,-3.0121257,1
13.0,13,-2.629113,-0.043399032,8.819316,-0.105681986,-2.1920018,-0.2684447,-2.8436098,-0.13980365,0.9681378,0.4084056,-5.188735,0.14309938,3.1942248,10.468892,-3.4287024,-2.1031637,-3.1456842,-0.5776418,-0.5384502,-3.0052776,1
13.0,13,-2.6029818,-0.034789223,8.865126,-0.1053568,-2.182828,-0.2761954,-2.8412929,-0.13430777,0.96402377,0.43128955,-5.2052526,0.12035082,3.1679626,10.4308405,-3.4167817,-2.105886,-3.130534,-0.5757472,-0.5290964,-3.012132,1
13.0,13,-2.593079,-0.031750653,8.881478,-0.10314381,-2.1784801,-0.27764785,-2.8394961,-0.13254121,0.9601167,0.4390556,-5.2104774,0.11289154,3.1554732,10.4167,-3.4122646,-2.1069605,-3.1233387,-0.5736595,-0.5278683,-3.0165372,1
4.0,15,-0.98592395,-1.9610853,-3.6435192,-2.1602693,4.3137307,1.4103522,-0.032186273,-5.647002,-0.88729817,-1.2749014,2.8884225,-1.6631223,-0.74963564,-2.6090796,0.882747,9.839351,2.1809282,-1.9990112,-3.323096,-3.829171,0
4.0,15,-0.9757025,-1.9576545,-3.6429732,-2.1513753,4.318641,1.4045038,-0.019096185,-5.649919,-0.8934632,-1.2675521,2.8859515,-1.6745809,-0.7544124,-2.6116645,0.8719976,9.829014,2.1911345,-2.00068,-3.3183656,-3.828755,0
4.0,15,-0.9887765,-1.9889243,-3.6140864,-2.1510544,4.4477835,1.4950556,-0.02200434,-5.635786,-0.9354567,-1.2685281,2.842849,-1.6108096,-0.6978281,-2.6092358,0.8709617,9.817269,2.119042,-1.9749435,-3.4277627,-3.8443844,0
4.0,15,-0.9737422,-2.0056424,-3.5979912,-2.13069,4.5175343,1.5241003,-0.0015946664,-5.6279097,-0.96746427,-1.2512347,2.8276637,-1.6091882,-0.65671927,-2.6128774,0.84770733,9.788458,2.0851717,-1.9685165,-3.4853632,-3.8606632,0
4.0,15,-0.9673327,-1.9866772,-3.6194909,-2.1353095,4.4313827,1.4762719,-0.0024143793,-5.6369987,-0.93811566,-1.2495829,2.8557258,-1.6515156,-0.6930529,-2.6157851,0.84708494,9.797505,2.1333191,-1.9846505,-3.4131703,-3.850454,0
4.0,15,-0.9846476,-1.9588745,-3.6436212,-2.161031,4.311143,1.4108849,-0.030893449,-5.647264,-0.885802,-1.2738808,2.8847456,-1.6687614,-0.75602466,-2.6095722,0.88274944,9.84032,2.1862705,-2.000428,-3.3150086,-3.8262026,0
7.0,7,-2.5812335,-2.1117663,-2.0030775,-2.3374796,-1.6790544,0.9751058,4.5706644,13.618743,-0.6806422,-2.9223247,0.8032595,-0.31117195,-0.7321642,-0.9590487,-2.28036,-1.7455717,0.16834366,-2.3982077,-1.8864199,-2.1982534,1
7.0,7,-2.582204,-2.1073282,-2.009001,-2.3338761,-1.6804336,0.9733316,4.5801206,13.617302,-0.6800148,-2.9256577,0.807575,-0.31208438,-0.7334627,-0.95771587,-2.2800682,-1.7464375,0.15830597,-2.401224,-1.882063,-2.2039154,1
7.0,7,-2.6041827,-2.0557337,-2.120833,-2.273692,-1.6964586,0.9277926,4.7374525,13.580124,-0.68554366,-2.9687285,0.8640847,-0.2890129,-0.80081105,-0.9649755,-2.2811003,-1.7469249,0.1057874,-2.4390569,-1.8202293,-2.2569642,1
7.0,7,-2.6113641,-2.0163274,-2.163279,-2.2389417,-1.6815023,0.8994664,4.8200674,13.566698,-0.6949886,-2.9910407,0.8732883,-0.28231892,-0.81700695,-0.9574851,-2.2728128,-1.7645004,0.056557044,-2.4431283,-1.8014597,-2.2986343,1
7.0,7,-2.5915234,-2.0509968,-2.0921466,-2.2789154,-1.6906487,0.922411,4.72886,13.590593,-0.69198805,-2.9644802,0.8464449,-0.30605167,-0.77460897,-0.9547472,-2.281966,-1.7557598,0.08854441,-2.434054,-1.819799,-2.2511532,1
7.0,7,-2.5788581,-2.1085813,-1.9930551,-2.337119,-1.6739696,0.9725845,4.5679574,13.621685,-0.6837306,-2.9205983,0.7931312,-0.3133288,-0.7243,-0.95500565,-2.2810473,-1.7507622,0.16577473,-2.3927863,-1.8898386,-2.1960847,1
16.0,16,0.5907749,-2.9280806,0.20448314,-1.3102949,1.3096799,-1.042331,-0.92855316,-1.2974496,-3.152675,2.3668513,-3.6143792,2.2633843,-0.018749531,-1.2287881,-0.64450485,0.34716183,12.677457,1.6878351,-2.4446557,-0.4138774,1
16.0,16,0.591393,-2.9277508,0.20508063,-1.3098279,1.311653,-1.0431116,-0.92778784,-1.2980589,-3.1526618,2.3665378,-3.615225,2.2624187,-0.01933056,-1.2290814,-0.64480585,0.34796825,12.677113,1.687705,-2.4446826,-0.41405755,1
16.0,16,0.58786917,-2.9310465,0.19919299,-1.3147365,1.2974341,-1.0375297,-0.93431836,-1.291089,-3.153389,2.370583,-3.6080763,2.2685742,-0.016570859,-1.228962,-0.6403277,0.34295174,12.6798525,1.6867814,-2.4449532,-0.41091883,1
16.0,16,0.5860926,-2.9326553,0.19669504,-1.3167524,1.2931983,-1.0331073,-0.93853676,-1.2887886,-3.1526074,2.3716905,-3.6041431,2.2715018,-0.014275184,-1.2278771,-0.6392669,0.33791527,12.680568,1.6871803,-2.4455218,-0.4113572,1
16.0,16,0.58782434,-2.9297328,0.2013277,-1.3122741,1.3006682,-1.0384303,-0.9321261,-1.2955686,-3.15276,2.3676353,-3.6094549,2.2669103,-0.015579013,-1.226773,-0.6437279,0.34302327,12.679145,1.6895057,-2.4447978,-0.41404173,1
16.0,16,0.59081644,-2.9279149,0.20491351,-1.3099636,1.3094988,-1.0429782,-0.92785865,-1.2978413,-3.1529343,2.3667054,-3.6148958,2.2631242,-0.018749056,-1.2286196,-0.64478266,0.34791625,12.677393,1.6878486,-2.4445426,-0.41384766,1
14.0,14,-3.324825,-0.69690293,-1.8202703,-4.588659,-1.1994615,2.9182177,-5.985525,1.14472,-0.98092085,0.6083794,-1.3629863,0.84106624,-1.6283278,-1.7172455,11.44593,7.6734333,0.28834808,-1.3961569,-2.010683,-1.970349,1
14.0,14,-3.3213701,-0.69522965,-1.821935,-4.5880127,-1.1945878,2.9093637,-5.983834,1.1406939,-0.9829579,0.60696095,-1.3615646,0.8378111,-1.6318672,-1.7197206,11.448922,7.678707,0.29089016,-1.396816,-2.0066462,-1.9684782,1
14.0,14,-3.33551,-0.6908216,-1.8327316,-4.598475,-1.1829122,3.0008645,-5.9945006,1.1440382,-0.9757257,0.61285144,-1.3759382,0.83854145,-1.6092863,-1.7128679,11.435509,7.6489325,0.2549886,-1.3723631,-2.03465,-1.9861528,1
14.0,14,-3.3469021,-0.68278605,-1.8473966,-4.5970635,-1.1815876,3.0537457,-5.9967775,1.149484,-0.978072,0.6095931,-1.3798459,0.8416169,-1.5959948,-1.7074634,11.42981,7.6252475,0.23294921,-1.3481414,-2.0584033,-2.0024319,1
14.0,14,-3.333073,-0.6879696,-1.8337425,-4.5813513,-1.1999317,2.9489882,-5.9841104,1.1480619,-0.9880137,0.5981712,-1.3631222,0.84390086,-1.6197537,-1.7111096,11.443227,7.6599793,0.27274275,-1.3755054,-2.0291715,-1.984823,1
14.0,14,-3.3246853,-0.6970701,-1.8213457,-4.589535,-1.1972106,2.9218495,-5.985268,1.143523,-0.98056823,0.6085006,-1.3632972,0.8396738,-1.6281838,-1.718057,11.445909,7.673865,0.28697562,-1.3958906,-2.0106556,-1.9704163,1
7.0,7,-3.5290709,-2.0629945,-3.3555758,-3.0388372,-0.87467515,2.8684216,3.0192924,13.481039,-0.99926394,-3.2560863,0.7622512,0.5155232,-1.6368192,-0.49597916,-1.0425382,-1.3431251,0.57689565,-1.9087664,-2.0275922,-2.8912735,1
7.0,7,-3.5215123,-2.065953,-3.361195,-3.0348732,-0.8614539,2.8730152,3.0469306,13.480004,-1.0133824,-3.2544227,0.76732343,0.5040144,-1.6340828,-0.49991485,-1.046189,-1.3549778,0.5755286,-1.916646,-2.0246565,-2.908499,1
7.0,7,-3.5439663,-2.0250752,-3.4798908,-3.0265367,-1.0467925,2.876361,3.229598,13.430808,-1.1239141,-3.26163,0.83146036,0.52915496,-1.6829376,-0.5153671,-1.0139955,-1.3376322,0.6557637,-1.989355,-1.8432943,-2.98374,1
7.0,7,-3.5422955,-2.009116,-3.5237534,-3.0194755,-1.099627,2.875736,3.3108852,13.407824,-1.1684773,-3.2599542,0.8445125,0.53251696,-1.7031322,-0.5251645,-1.0062021,-1.3406788,0.6986114,-2.0122824,-1.782218,-3.0236506,1
7.0,7,-3.5310984,-2.0305653,-3.4658234,-3.028195,-1.0151997,2.880002,3.2259808,13.445659,-1.118443,-3.257816,0.83216554,0.5101691,-1.6528441,-0.51728964,-1.0107256,-1.3567505,0.61069167,-1.9932724,-1.8536278,-2.979166,1
7.0,7,-3.5329888,-2.0568962,-3.3428242,-3.0415928,-0.88159245,2.8616064,2.989088,13.486098,-0.9854533,-3.2569265,0.7535205,0.5200312,-1.6294912,-0.48689383,-1.0385228,-1.334985,0.5618022,-1.8982406,-2.036627,-2.87613,1
10.0,10,-3.3464015,-4.033912,-4.5262,0.16942427,-1.020664,3.0409322,-1.7215257,-2.2786515,-0.97790986,0.19688824,8.330495,1.5354921,0.81375515,-2.2855918,0.11471829,-2.247457,1.7406774,3.0373151,-3.887479,-5.2051888,1
10.0,10,-3.3470457,-4.0335593,-4.5272484,0.16785511,-1.0149024,3.0456734,-1.7209065,-2.2793803,-0.98007303,0.19649665,8.329038,1.53312,0.8086276,-2.2859802,0.11940855,-2.2443213,1.7403673,3.040664,-3.8888721,-5.2063932,1
10.0,10,-3.3394558,-4.03376,-4.5188603,0.16297643,-1.0177795,3.0530345,-1.6807634,-2.2791152,-0.9565738,0.16509189,8.362263,1.5346932,0.88131756,-2.3088453,0.060780615,-2.2841969,1.6875359,3.052743,-3.8820114,-5.203043,1
10.0,10,-3.3533742,-4.0439286,-4.5274644,0.15162721,-1.0156268,3.0974276,-1.6624601,-2.285873,-0.9441492,0.13505311,8.402497,1.5367529,0.9231183,-2.3193386,0.033754565,-2.293141,1.635884,3.0507376,-3.878096,-5.202204,1
10.0,10,-3.3448958,-4.0378737,-4.5193796,0.16634347,-1.029391,3.0467625,-1.7038506,-2.2783148,-0.9600982,0.18216857,8.354717,1.532296,0.8769035,-2.2955625,0.08106074,-2.2717538,1.7012601,3.0327528,-3.8897703,-5.209375,1
10.0,10,-3.3444982,-4.03313,-4.524961,0.17004816,-1.0215143,3.0372038,-1.7224181,-2.2780952,-0.9786137,0.20038463,8.325758,1.535344,0.8114237,-2.2854464,0.11643636,-2.2473452,1.7455761,3.0367692,-3.8877993,-5.2052083,1
18.0,18,-1.9692874,-0.03465398,0.38731158,-2.0003111,-2.6005478,-1.4632901,-1.7445688,-0.5345953,1.3691686,-1.1150981,-1.9672314,-0.64749664,2.1916878,2.5013003,-1.955382,-0.29812056,-0.7411845,-1.625995,12.8963375,-0.25109583,1
18.0,18,-1.9683192,-0.034850437,0.3860372,-2.0003636,-2.6001291,-1.463897,-1.7451863,-0.5342515,1.3676299,-1.1132476,-1.9658952,-0.6482812,2.1860535,2.499202,-1.9541914,-0.29714575,-0.73845047,-1.626305,12.898661,-0.24696785,1
18.0,18,-1.9939675,-0.03285164,0.4311733,-2.0054832,-2.616273,-1.4426384,-1.7085676,-0.5343402,1.4124632,-1.1769081,-2.022003,-0.6534105,2.4270723,2.5631697,-2.0082355,-0.31963417,-0.85988814,-1.6322459,12.823403,-0.33978733,1
18.0,18,-1.998014,-0.029713351,0.44333786,-2.011201,-2.6282759,-1.4107978,-1.6764891,-0.52547204,1.4697983,-1.1942502,-2.0366619,-0.6707945,2.5665412,2.5181534,-2.032905,-0.3285829,-0.94600964,-1.6383604,12.7822275,-0.42397058,1
18.0,18,-1.9816995,-0.030720588,0.41999292,-2.006675,-2.6138706,-1.442588,-1.7174518,-0.5312893,1.4193748,-1.1509649,-1.9982955,-0.6577259,2.351556,2.5085785,-1.9938911,-0.31271625,-0.82830906,-1.6304038,12.847421,-0.3232502,1
18.0,18,-1.9698043,-0.034657735,0.3884375,-2.000375,-2.6006508,-1.4633389,-1.7448972,-0.53494835,1.3698238,-1.115629,-1.9678624,-0.6469175,2.1930249,2.5028589,-1.955925,-0.298693,-0.74167234,-1.6258681,12.895486,-0.25201836,1
10.0,10,-3.630114,-2.1410432,-5.1335063,0.7316759,-1.051203,-1.1686586,-4.161023,-0.9934775,-2.3913102,-2.6670032,10.07169,4.5781856,-1.551958,-0.6145784,3.4781973,-1.2886947,1.2488409,6.637338,-4.674788,-1.9880898,1
10.0,10,-3.6288779,-2.1425583,-5.1340632,0.73193794,-1.0504142,-1.1689833,-4.1610346,-0.993383,-2.3913481,-2.6662858,10.0732765,4.575732,-1.5517416,-0.61597335,3.4785478,-1.2883446,1.249359,6.635617,-4.675457,-1.9872395,1
10.0,10,-3.6383047,-2.13395,-5.130335,0.72214514,-1.0508378,-1.1651847,-4.164864,-0.99436396,-2.3905532,-2.6683946,10.067079,4.5835876,-1.5524242,-0.60462207,3.4824257,-1.28629,1.2365098,6.644308,-4.6685376,-1.994687,1
10.0,10,-3.6415644,-2.1272686,-5.1275396,0.7249678,-1.0545176,-1.165221,-4.163405,-0.99607337,-2.3899238,-2.6721203,10.059543,4.5934753,-1.5538844,-0.6002596,3.4778779,-1.2888179,1.2374568,6.6534758,-4.6669827,-1.9973252,1
10.0,10,-3.6328986,-2.1341057,-5.1291428,0.7344183,-1.051328,-1.1690772,-4.160979,-0.99825376,-2.3896391,-2.6702342,10.063348,4.582499,-1.5533785,-0.60715497,3.47262,-1.2897311,1.245079,6.6502604,-4.672921,-1.9895744,1
10.0,10,-3.6293204,-2.1427712,-5.134292,0.731764,-1.0505866,-1.1687372,-4.16109,-0.99301255,-2.3915508,-2.6663456,10.0731125,4.576784,-1.5516996,-0.61572003,3.4788191,-1.2884015,1.2493457,6.6351295,-4.6754656,-1.9870257,1
3.0,3,0.1818628,0.20822448,1.1928413,12.042828,0.4354171,-0.86863333,0.068185195,-3.7949216,-1.1694969,-1.1689205,-0.5446603,0.35218912,-3.5213754,-1.061908,-2.3425546,-0.9225094,0.11478509,3.0854428,-3.8049119,-2.8335989,1
3.0,3,0.18175969,0.20888306,1.1858691,12.044063,0.43701002,-0.8663055,0.06946887,-3.7980757,-1.1690781,-1.1681364,-0.54301804,0.35239512,-3.5233076,-1.0667671,-2.3400042,-0.9199457,0.115014926,3.0843768,-3.8044596,-2.832027,1
3.0,3,0.17870235,0.2181417,1.2166462,12.02979,0.44855958,-0.90604794,0.06503652,-3.7859,-1.1767827,-1.189427,-0.49800673,0.31602377,-3.5156329,-0.98494667,-2.372198,-0.9670944,0.07196035,3.147227,-3.8364875,-2.8346457,1
3.0,3,0.18703151,0.19651997,1.2559335,12.007076,0.4435113,-0.91116846,0.027684372,-3.7748878,-1.1717534,-1.1726905,-0.50403464,0.30337274,-3.5149217,-1.0149033,-2.3561065,-0.9684802,0.11491524,3.194024,-3.8444784,-2.8402886,1
3.0,3,0.18102506,0.20206779,1.2016668,12.040479,0.43093523,-0.8791597,0.06776692,-3.7900968,-1.1678163,-1.1675934,-0.5296429,0.34316632,-3.5210931,-1.0399534,-2.3588676,-0.93545073,0.11290024,3.085407,-3.8111513,-2.8353322,1
3.0,3,0.18114758,0.20841894,1.1906723,12.044585,0.43469864,-0.86777055,0.070336,-3.7948341,-1.1700586,-1.1695921,-0.544993,0.3544538,-3.5210564,-1.060434,-2.3437152,-0.92232376,0.113700464,3.0802677,-3.8039224,-2.8339105,1
3.0,3,0.075059146,-0.4345782,0.20348984,11.782039,0.029786155,-1.1768702,0.4226751,-3.470245,-0.8792146,-1.0746278,1.3981313,-0.8545652,-3.5334623,-0.11961362,-3.304304,-1.3541005,-0.15231957,2.0023446,-3.8833282,-2.6098053,1
3.0,3,0.07598373,-0.43304896,0.20207974,11.78305,0.031768322,-1.1759253,0.42368606,-3.4728265,-0.87833077,-1.0729402,1.3961009,-0.8553354,-3.5338483,-0.121989876,-3.3030488,-1.3526937,-0.15394016,2.0016692,-3.8832457,-2.6086428,1
3.0,3,0.059937656,-0.43179038,0.20324415,11.761341,0.03257212,-1.1897193,0.4168049,-3.454803,-0.88901526,-1.0995209,1.4362359,-0.8681908,-3.5253243,-0.050366785,-3.3139055,-1.3819252,-0.18397857,2.024433,-3.8982224,-2.6141326,1
3.0,3,0.0629901,-0.4533076,0.21073836,11.760165,0.01609978,-1.190454,0.39612168,-3.4429297,-0.88887364,-1.0891633,1.4418597,-0.86196667,-3.5364294,-0.08983189,-3.301467,-1.3729225,-0.1382616,2.0330844,-3.89963,-2.6192892,1
3.0,3,0.069390655,-0.43654552,0.20869249,11.776586,0.02136448,-1.1779888,0.42179275,-3.463931,-0.8779216,-1.0766191,1.4041595,-0.8553667,-3.5301454,-0.09713644,-3.313374,-1.3617742,-0.15817322,1.9945586,-3.8832145,-2.6129806,1
3.0,3,0.07484569,-0.43448272,0.20231336,11.7823925,0.030197129,-1.176434,0.42379287,-3.4706306,-0.87940365,-1.0749229,1.3983507,-0.85412425,-3.5330267,-0.1189377,-3.3049576,-1.354463,-0.1529754,2.001326,-3.8831604,-2.6097908,1
2.0,2,-0.18373825,1.0523877,11.986963,-0.7116202,-1.5568972,-1.1531104,-2.244897,0.59562236,2.183151,2.1494076,-4.7196856,-1.351954,1.482536,4.5785866,-1.8828394,-2.012746,-2.2662406,0.13399905,-2.3472874,-3.0692337,1
2.0,2,-0.18372852,1.0523809,11.986967,-0.711632,-1.5568959,-1.1531036,-2.2448976,0.59561425,2.183155,2.1494324,-4.7196884,-1.3519665,1.482559,4.5785737,-1.8828351,-2.012756,-2.266238,0.13399689,-2.347296,-3.0692368,1
2.0,2,-0.18381625,1.0523723,11.986923,-0.7115902,-1.556929,-1.1532153,-2.24482,0.59569997,2.1830835,2.149306,-4.7196093,-1.3518953,1.4824455,4.57878,-1.8829589,-2.012658,-2.2662582,0.13389671,-2.347239,-3.0692,1
2.0,2,-0.18377289,1.0521338,11.986956,-0.71190584,-1.5568452,-1.1531415,-2.244586,0.59563124,2.1832197,2.1490917,-4.719534,-1.3521401,1.4834323,4.57861,-1.8831847,-2.0126996,-2.2663965,0.13365692,-2.3471565,-3.0692022,1
2.0,2,-0.18377212,1.0523825,11.986954,-0.7116169,-1.5568905,-1.1531382,-2.2448523,0.59567684,2.1831672,2.149249,-4.7196393,-1.3519344,1.4825559,4.5786123,-1.8828952,-2.012707,-2.2662773,0.13394147,-2.3472307,-3.0692108,1
2.0,2,-0.18375155,1.0523862,11.986957,-0.71161425,-1.5568959,-1.1531155,-2.2448936,0.5956178,2.1831365,2.1493912,-4.7196937,-1.3519452,1.4825406,4.578618,-1.882849,-2.0127413,-2.2662425,0.1340063,-2.3472807,-3.0692346,1
7.0,7,-4.3635135,-1.3785448,-2.747662,-1.0111481,0.5598695,4.879385,2.5644355,10.924872,-2.2625673,-2.8698463,1.297432,2.0600977,0.45749187,0.2647247,-0.44701266,-2.3222785,-4.6597133,0.022313368,-4.639361,-5.300213,1
7.0,7,-4.360832,-1.3750496,-2.7502828,-1.00884,0.5706236,4.883748,2.5724218,10.9151325,-2.2751563,-2.8711588,1.2994106,2.053274,0.46226326,0.2629474,-0.4408727,-2.3273427,-4.6610327,0.03464768,-4.640576,-5.3069887,1
7.0,7,-4.4529147,-1.5023164,-2.8651543,-1.0062795,0.5780036,5.618307,2.3130927,10.490444,-2.365701,-2.7455816,1.4029429,2.0898654,0.5786775,0.20125327,-0.3045986,-2.3556557,-4.7018003,0.10563052,-4.725176,-5.399082,1
7.0,7,-4.474053,-1.5113596,-2.867398,-1.0086383,0.5243306,5.5864797,2.272959,10.515174,-2.3327734,-2.733945,1.4126456,2.1394465,0.5501858,0.21154347,-0.3084036,-2.3437738,-4.7002883,0.07914384,-4.722491,-5.369716,1
7.0,7,-4.419354,-1.4161524,-2.8209414,-1.001301,0.56775457,5.17551,2.4529321,10.723986,-2.2805777,-2.8306708,1.3835136,2.1138332,0.50549614,0.23508596,-0.3928004,-2.3744125,-4.7091603,0.07938011,-4.6817,-5.32023,1
7.0,7,-4.3563657,-1.3727396,-2.7428458,-1.0129727,0.5706601,4.8624625,2.5827312,10.935635,-2.2669477,-2.8759513,1.286319,2.0495503,0.45996478,0.26767388,-0.45186573,-2.321251,-4.6585474,0.022904478,-4.636789,-5.299149,1
15.0,15,-2.0441725,-2.7701163,-3.0754833,-3.1185799,1.8484043,-1.5631168,-2.626139,-0.35801858,-2.9965634,-2.3205664,1.9686344,-0.6151813,-2.6503165,-1.5849084,6.2111073,11.897157,2.2676392,-2.6905613,-2.428659,0.9938739,1
15.0,15,-2.043191,-2.7687283,-3.0739183,-3.1193519,1.8506814,-1.5641403,-2.6272976,-0.3587592,-2.9966521,-2.3190165,1.9646583,-0.6167525,-2.650765,-1.5841054,6.216323,11.897533,2.2664063,-2.6899765,-2.4284945,0.9894132,1
15.0,15,-1.9958966,-2.7782362,-3.1052456,-3.086031,1.9209753,-1.5997958,-2.5779305,-0.38079962,-3.0234756,-2.315907,2.0103297,-0.66384673,-2.6518438,-1.6216753,6.190197,11.870989,2.2857058,-2.7073343,-2.4416637,1.0158283,1
15.0,15,-1.9840205,-2.779392,-3.1112075,-3.0782993,1.9396815,-1.6082135,-2.5676837,-0.3873401,-3.0299113,-2.3137307,2.0175722,-0.67543405,-2.652977,-1.6300516,6.189084,11.865182,2.2890573,-2.7113552,-2.4450486,1.0173968,1
15.0,15,-2.0135734,-2.774285,-3.0930147,-3.0949342,1.8915166,-1.5877767,-2.596795,-0.3777141,-3.0118842,-2.3173022,1.9934218,-0.6423136,-2.6507597,-1.6058888,6.190916,11.882685,2.279948,-2.7024927,-2.4364908,1.0123309,1
15.0,15,-2.0458658,-2.769222,-3.0740829,-3.118592,1.8472255,-1.5604141,-2.6263664,-0.35742497,-2.995642,-2.3218288,1.9655235,-0.61339045,-2.6503897,-1.5829918,6.207678,11.898982,2.2662745,-2.690427,-2.4281714,0.99578637,1
17.0,17,-1.5142014,0.30106542,1.3790351,0.4147041,2.34346,0.68247694,-3.3505323,-1.1371633,-0.9319294,-1.0866983,0.76143676,-1.1880301,-0.7529167,-0.31008112,1.8848428,-1.4351888,0.22850819,11.509932,-4.6443334,-2.0907204,1
17.0,17,-1.5140224,0.30037618,1.3773594,0.415225,2.348167,0.6824177,-3.3502033,-1.1399077,-0.9311572,-1.0873797,0.7630484,-1.1872563,-0.75553447,-0.31122306,1.884827,-1.4338837,0.22870208,11.509576,-4.6459084,-2.0909905,1
17.0,17,-1.522018,0.28226665,1.3830123,0.3780457,2.296214,0.67668724,-3.366387,-1.139092,-0.9363491,-1.0603418,0.75735635,-1.1830949,-0.7318828,-0.3008613,1.8752253,-1.4297158,0.27879655,11.514629,-4.636523,-2.0627763,1
17.0,17,-1.5261495,0.27394488,1.3903289,0.34039044,2.2745647,0.6897692,-3.3667896,-1.1137544,-0.9378448,-1.0631207,0.7410128,-1.1801692,-0.7033721,-0.29694715,1.8689215,-1.4277096,0.29311156,11.519111,-4.624616,-2.0674775,1
17.0,17,-1.5156748,0.2899333,1.3809198,0.3978034,2.3252025,0.679046,-3.3593931,-1.1396397,-0.9326443,-1.0757823,0.76108575,-1.1866438,-0.74426943,-0.3071206,1.8789127,-1.4318887,0.2559051,11.511341,-4.641594,-2.0812876,1
17.0,17,-1.5139682,0.30177605,1.3790243,0.416105,2.34383,0.68214023,-3.3502383,-1.1371888,-0.9321225,-1.0864993,0.7614873,-1.1882834,-0.7536314,-0.3103527,1.8855183,-1.4357207,0.22757186,11.509842,-4.6445055,-2.0908275,1
0.0,0,9.872749,0.60576135,-0.75343484,2.4608727,1.0866064,-4.3730493,3.3406065,-0.27622434,0.69297355,-0.9825221,1.0469457,-5.8021426,-1.5312238,-5.5962768,-4.120332,1.1296895,2.4751847,-3.1634781,-1.1391004,0.6746318,1
0.0,0,9.868848,0.5984809,-0.7555271,2.4555023,1.086426,-4.372056,3.3352978,-0.2709428,0.69606763,-0.98315674,1.0509696,-5.8011775,-1.5329117,-5.5991926,-4.1178274,1.1309729,2.4797223,-3.164641,-1.1377412,0.6828444,1
0.0,0,9.964742,0.77082294,-0.6779114,2.5981126,1.0832318,-4.3879023,3.461467,-0.36668873,0.61028224,-0.9787211,0.93479806,-5.84019,-1.4793199,-5.529141,-4.179784,1.0844924,2.3692508,-3.133442,-1.1559044,0.4811705,1
0.0,0,10.033622,0.8752518,-0.6311702,2.673591,1.0840974,-4.385845,3.5300767,-0.41691396,0.5489144,-0.9587776,0.85668063,-5.8641725,-1.4456885,-5.480441,-4.215331,1.0495799,2.3027105,-3.1151154,-1.1748269,0.35542235,1
0.0,0,9.967277,0.7664467,-0.67032474,2.5878344,1.0872173,-4.394272,3.458845,-0.35245135,0.6130634,-0.9674019,0.92679626,-5.847959,-1.4910173,-5.534635,-4.1742887,1.0821834,2.3724573,-3.1343396,-1.144583,0.5028308,1
0.0,0,9.859028,0.5877635,-0.7602199,2.4491081,1.0859195,-4.374689,3.3301983,-0.26598653,0.7041848,-0.988069,1.0602616,-5.7980633,-1.5372739,-5.605224,-4.114437,1.135464,2.4858882,-3.1662087,-1.1341637,0.69769514,1
7.0,6,0.39775413,-1.3407526,-2.0223622,-0.13103263,1.9073293,0.14458168,11.390408,8.255518,-1.7416116,-2.8205054,-0.8688931,-2.753043,-0.49375582,-2.6818545,-5.1162863,0.22615403,0.095160455,-3.157542,-1.7632229,-4.34741,0
7.0,6,0.33560774,-1.3572212,-1.947744,-0.20884566,1.8066958,0.17253828,11.25558,8.480695,-1.7353177,-2.8274472,-0.8730995,-2.72828,-0.47084692,-2.5885932,-5.0938854,0.19300447,0.031633765,-3.1518157,-1.7919683,-4.4141045,0
7.0,6,0.08485523,-1.4366424,-1.7471583,-0.53960544,1.4896373,0.53477347,10.606259,9.118928,-1.9543661,-2.9460235,-0.93852335,-2.6198769,-0.520752,-2.1072798,-4.9653196,0.59113723,-0.21672301,-3.2286787,-1.9860908,-4.75403,0
7.0,6,-0.20502007,-1.4605671,-1.6086694,-0.6894375,1.230658,0.6433971,10.239965,9.587996,-1.9705361,-3.0040073,-0.92624,-2.4787972,-0.5063906,-1.8701117,-4.903363,0.6441344,-0.3742802,-3.1893718,-2.0361795,-4.8842616,0
7.0,6,0.049620584,-1.4168278,-1.7626797,-0.4648816,1.5394357,0.38330722,10.80199,9.186175,-1.7725888,-2.9086094,-0.8655692,-2.6196115,-0.42405418,-2.2490883,-4.9988985,0.173612,-0.24537446,-3.091786,-1.919644,-4.6600785,0
7.0,6,0.42365932,-1.330759,-2.0856545,-0.10313837,1.9599638,0.16866893,11.458674,8.119056,-1.7462391,-2.8253727,-0.8583518,-2.77327,-0.5103154,-2.7322712,-5.1221886,0.27487212,0.11850341,-3.1694298,-1.7487334,-4.303396,0
18.0,18,-2.6475523,0.53302807,-3.6398902,-2.4212918,-1.364201,-2.0290897,-0.12755676,-4.6470785,1.2691622,0.11326656,0.21411659,-2.7903802,0.4038775,0.36062014,-1.0508277,1.142635,0.45283324,2.1945148,10.383443,5.2917223,1
18.0,18,-2.6527238,0.55059344,-3.6524038,-2.413157,-1.3714628,-2.026891,-0.081903696,-4.6447096,1.2741925,0.10618295,0.23114146,-2.782295,0.3575407,0.29638404,-1.0465745,1.1482837,0.4734763,2.2418108,10.369139,5.2499447,1
18.0,18,-2.6774113,0.523582,-3.5730834,-2.4616852,-1.586255,-1.7669915,-0.2913318,-4.411742,1.5845782,0.40571496,0.3640103,-2.8112116,0.05013345,0.18689457,-1.0975798,1.0115316,0.22619031,1.7137607,10.844713,4.7453156,1
18.0,18,-2.4765434,0.431302,-3.26437,-2.5640473,-1.6159222,-1.911185,-0.84417707,-4.316373,1.500754,0.610237,-0.03811728,-2.975146,0.51308674,0.82807547,-1.101177,0.9456184,0.11703302,1.2512871,11.033386,5.288623,1
18.0,18,-2.5879145,0.52470595,-3.5041363,-2.4728727,-1.4060358,-2.0767481,-0.39321053,-4.621589,1.3142728,0.2111354,0.054196466,-2.8633802,0.5662852,0.6888746,-1.0772847,1.1075165,0.3490932,1.9205571,10.498367,5.476869,1
18.0,18,-2.6460114,0.5312807,-3.6334746,-2.4178648,-1.3381891,-2.0215194,-0.13935311,-4.654952,1.251003,0.11015263,0.20289756,-2.7940426,0.40731317,0.3890077,-1.051114,1.1407173,0.44493753,2.2095652,10.368674,5.3215723,1
13.0,13,-5.4159694,3.097332,1.2778016,-1.2798116,-4.004128,-0.06523699,-3.4862223,-1.3214395,1.0973796,1.6035756,-4.2466373,6.657772,-0.7624931,9.926549,-2.584455,-0.27550766,0.6457946,-1.6222296,-1.2149221,-2.4131384,1
13.0,13,-5.41298,3.094799,1.2790872,-1.2826809,-4.0057483,-0.06355103,-3.489016,-1.321133,1.097087,1.6061624,-4.2478867,6.6498117,-0.75591403,9.931572,-2.5865812,-0.28106993,0.65043736,-1.6217086,-1.213884,-2.4150848,1
13.0,13,-5.444495,3.1263628,1.2732751,-1.2780467,-3.9860315,-0.07370237,-3.445871,-1.3253796,1.1339024,1.5919573,-4.239756,6.70073,-0.8171423,9.877469,-2.5716333,-0.2126788,0.57079184,-1.6405953,-1.2354591,-2.397553,1
13.0,13,-5.4641743,3.1774864,1.2723037,-1.2839726,-3.9782891,-0.07794876,-3.4102309,-1.3343934,1.1667137,1.5725508,-4.236452,6.7100925,-0.84532344,9.855172,-2.5665724,-0.18007109,0.50493556,-1.6341668,-1.2468652,-2.3933535,1
13.0,13,-5.440623,3.1534185,1.2772926,-1.281547,-3.9925694,-0.07066635,-3.4550548,-1.3253282,1.1185163,1.5866638,-4.2492943,6.690211,-0.8031063,9.894717,-2.563751,-0.23206036,0.58172727,-1.6166799,-1.228554,-2.4010994,1
13.0,13,-5.413761,3.0856354,1.2790496,-1.279424,-4.004621,-0.064090125,-3.4918506,-1.3190308,1.0949041,1.6076108,-4.2471986,6.6573668,-0.7584512,9.928649,-2.585744,-0.27782512,0.65380245,-1.626722,-1.2143778,-2.4134297,1
17.0,16,-0.29411083,-4.31768,-4.8119373,-0.6382649,-2.2628126,0.16828704,-1.691656,-0.7291501,-3.434231,-1.0031849,6.3039904,1.1533173,-1.0074376,-2.8055341,-0.16946875,0.09858041,10.496934,2.6928792,-3.4750195,-2.0032315,0
17.0,16,-0.29326522,-4.3165183,-4.8084474,-0.64112645,-2.2610788,0.16662675,-1.6917627,-0.7284902,-3.4343498,-1.0018046,6.299639,1.1504408,-1.009929,-2.8050907,-0.16834421,0.10045607,10.498457,2.6953604,-3.4739017,-2.003902,0
17.0,16,-0.2947761,-4.3430133,-4.896403,-0.59148824,-2.2585592,0.24375898,-1.6738757,-0.74299675,-3.4222727,-1.0634818,6.4613624,1.1486509,-0.96465814,-2.8418465,-0.18657364,0.0670047,10.378701,2.6348424,-3.5090156,-2.0391026,0
17.0,16,-0.29378963,-4.342337,-4.895403,-0.5815354,-2.2632303,0.23691311,-1.6836671,-0.7471773,-3.4246743,-1.0551754,6.436232,1.1901417,-0.97113836,-2.8365378,-0.18928412,0.06301142,10.416671,2.621118,-3.507478,-2.0316195,0
17.0,16,-0.29459915,-4.3244514,-4.8362575,-0.61827534,-2.2650018,0.18171138,-1.6895047,-0.7385809,-3.4329019,-1.0180081,6.3408747,1.1657478,-0.99304485,-2.8103418,-0.17765641,0.08709099,10.4787,2.675622,-3.4828281,-2.0080285,0
17.0,16,-0.29497647,-4.3180585,-4.811753,-0.6402771,-2.2627387,0.16903016,-1.6905061,-0.72771925,-3.4341288,-1.0039715,6.3069315,1.1476182,-1.0054259,-2.8058603,-0.16885437,0.098977186,10.491401,2.6955855,-3.4755929,-2.0034964,0
3.0,3,-0.35726166,-0.6848514,0.09837672,11.401818,-0.8161316,-1.2604395,1.9837344,-3.489943,0.7743713,-0.90698695,2.4512913,0.34243402,-2.1974287,-0.77110136,-5.274025,-2.1378653,-1.6146358,0.7301147,-3.8605802,-1.5765182,1
3.0,3,-0.35869375,-0.68590903,0.09617007,11.401021,-0.81564564,-1.2594355,1.9846933,-3.4921138,0.7751747,-0.90770596,2.452113,0.34474176,-2.1962552,-0.7702841,-5.273902,-2.1380186,-1.6149129,0.7297251,-3.860741,-1.5754192,1
3.0,3,-0.35348803,-0.68324953,0.10313177,11.402738,-0.81653786,-1.2656877,1.9772208,-3.4751835,0.766413,-0.9073205,2.456878,0.32996428,-2.2016191,-0.76754004,-5.275075,-2.1324263,-1.6204959,0.7278301,-3.8654628,-1.578981,1
3.0,3,-0.3573533,-0.6951563,0.09636372,11.4000025,-0.8164357,-1.2638549,1.9776468,-3.4718006,0.76301986,-0.91284317,2.461065,0.33299008,-2.1983988,-0.765459,-5.275548,-2.1228924,-1.6178527,0.7235687,-3.8667116,-1.5768149,1
3.0,3,-0.35886446,-0.6894775,0.09795052,11.404935,-0.8179451,-1.2628465,1.9798155,-3.4781523,0.76328003,-0.9121608,2.4573057,0.35167933,-2.2012763,-0.77359515,-5.2717934,-2.1324184,-1.6102506,0.7272013,-3.8638928,-1.5801827,1
3.0,3,-0.35620788,-0.6842001,0.09910086,11.400242,-0.816172,-1.2601799,1.9838648,-3.4914503,0.77774626,-0.90522057,2.4508219,0.33625746,-2.1956306,-0.7695032,-5.2757015,-2.1389766,-1.617002,0.7303518,-3.8599432,-1.5753161,1
2.0,2,-0.64695626,0.33775738,10.6617365,-2.1910872,-2.6798716,0.51426804,-4.458605,0.5567978,5.8474503,3.5316942,-3.1594205,-0.92700213,1.053385,2.150052,-1.158212,-1.9898672,-1.9888505,-1.0710481,-3.2335007,-2.815556,1
2.0,2,-0.64695203,0.3377652,10.661743,-2.191078,-2.6798677,0.5142597,-4.458599,0.5568007,5.8474402,3.5316937,-3.1594286,-0.92699987,1.0533805,2.1500566,-1.158212,-1.9898727,-1.988852,-1.0710438,-3.2334979,-2.8155558,1
2.0,2,-0.6469633,0.3376266,10.661693,-2.1911788,-2.6798825,0.5142967,-4.4586,0.55681026,5.8475404,3.5317392,-3.1593075,-0.92704123,1.0534805,2.1500106,-1.158271,-1.989898,-1.9888494,-1.0710747,-3.2335207,-2.8155646,1
2.0,2,-0.6468739,0.33764204,10.661826,-2.1910563,-2.6798072,0.5141531,-4.458489,0.5568449,5.847426,3.5317361,-3.1593556,-0.9270666,1.0535008,2.150077,-1.1583893,-1.9900427,-1.988873,-1.0709969,-3.2334852,-2.8155682,1
2.0,2,-0.6469529,0.33773002,10.661734,-2.1910787,-2.6798754,0.5142595,-4.458601,0.5568076,5.847456,3.5316978,-3.1594024,-0.9270134,1.0533922,2.1500537,-1.1582396,-1.9898779,-1.9888483,-1.07105,-3.2334936,-2.8155575,1
2.0,2,-0.6469534,0.3377572,10.661738,-2.1910796,-2.6798701,0.51426214,-4.458601,0.5568009,5.847444,3.531695,-3.1594226,-0.92700344,1.0533826,2.1500547,-1.1582172,-1.9898719,-1.9888501,-1.0710465,-3.2334983,-2.8155558,1
2.0,2,0.2572958,-0.2770081,11.857156,-1.6451024,-1.8957535,-1.2051958,-3.3709192,0.5561655,2.4461544,4.5391064,-4.4092765,-2.1634934,2.5773592,3.322574,-0.9026761,-1.9021474,-2.4536061,-1.4182962,-1.9839996,-2.9002979,1
2.0,2,0.25749612,-0.2771732,11.857138,-1.645363,-1.8957074,-1.2052827,-3.3709023,0.5562398,2.4461443,4.539319,-4.4092216,-2.1636949,2.5776582,3.322189,-0.90258056,-1.9020925,-2.4535367,-1.4185138,-1.9839028,-2.9000669,1
2.0,2,0.25495574,-0.2755073,11.857245,-1.6427364,-1.8967582,-1.205434,-3.3706896,0.5561692,2.4470875,4.537424,-4.4093003,-2.1618075,2.5753102,3.327406,-0.90515554,-1.9035898,-2.455867,-1.4170557,-1.9844457,-2.9023168,1
2.0,2,0.25384164,-0.27379438,11.857772,-1.6414756,-1.897465,-1.2058066,-3.3708086,0.5563826,2.448688,4.535217,-4.4093976,-2.1608133,2.5728965,3.3295162,-0.9063263,-1.9037958,-2.4571044,-1.4160824,-1.9843153,-2.9030602,1
2.0,2,0.25613707,-0.27617565,11.856872,-1.6444182,-1.8969872,-1.2054888,-3.3716314,0.5560122,2.4480028,4.5392647,-4.407961,-2.1627922,2.575581,3.3239686,-0.90346277,-1.9026312,-2.4548576,-1.4180474,-1.9850839,-2.9017668,1
2.0,2,0.25723693,-0.2769618,11.8571615,-1.6450286,-1.8957342,-1.2051748,-3.3709128,0.5561406,2.4461174,4.539055,-4.40935,-2.1634443,2.577308,3.3227434,-0.9027108,-1.9021739,-2.453642,-1.418236,-1.983998,-2.9003508,1
14.0,14,-3.9308105,-2.9522018,-0.2502727,-5.441801,-1.2956607,2.4300513,-6.75674,0.71461976,-0.87275356,0.98735744,1.0897104,4.215111,-2.3010316,-1.4093117,11.302676,5.5189786,2.444487,-1.3286617,-2.6570523,-3.2585492,1
14.0,14,-3.9289632,-2.9528859,-0.2514135,-5.441981,-1.2947942,2.4295313,-6.7564,0.71441966,-0.8737001,0.988107,1.0900314,4.2117295,-2.300593,-1.4106863,11.303801,5.5192013,2.4458854,-1.3290026,-2.6563597,-3.2582843,1
14.0,14,-3.9507554,-2.9480786,-0.25114518,-5.4338436,-1.2963271,2.4359694,-6.7588034,0.71787864,-0.8842978,0.96973735,1.0888199,4.262253,-2.3051846,-1.392301,11.291195,5.5280128,2.4347768,-1.3255818,-2.6701741,-3.2633367,1
14.0,14,-3.95977,-2.946178,-0.24893954,-5.432945,-1.2971866,2.44037,-6.7599335,0.7185038,-0.8896118,0.95996535,1.0842428,4.2802477,-2.303634,-1.3824017,11.283738,5.5405025,2.4302926,-1.3257127,-2.6792164,-3.2664597,1
14.0,14,-3.9486086,-2.947003,-0.24648067,-5.436182,-1.2987907,2.4369311,-6.7586155,0.7186837,-0.8785709,0.9732531,1.0839046,4.2514396,-2.3025062,-1.39323,11.29206,5.5278015,2.4326315,-1.3270553,-2.6678526,-3.2631538,1
14.0,14,-3.9295943,-2.9527378,-0.251269,-5.4421716,-1.2948688,2.4298038,-6.75662,0.71421045,-0.87297875,0.98773056,1.0904847,4.212602,-2.300932,-1.4105165,11.303547,5.519257,2.4452012,-1.328693,-2.656521,-3.258415,1
8.0,12,-4.7896724,-3.9123156,1.014201,-2.6986241,-3.7602057,1.5957906,-2.1038787,-1.6373879,5.802148,1.086072,3.1859229,0.10155807,9.057942,5.884432,-4.1874466,-3.1845946,-5.1088147,-1.6864489,-4.3881345,1.2287717,0
8.0,12,-4.7894406,-3.9130795,1.0142205,-2.6992397,-3.7604709,1.5951929,-2.1040907,-1.6371181,5.802025,1.0871283,3.1872554,0.10160454,9.058556,5.8817635,-4.1871643,-3.184532,-5.1084847,-1.686804,-4.388177,1.2307464,0
8.0,12,-4.798886,-3.892137,0.9896878,-2.679493,-3.7460084,1.6156216,-2.0942585,-1.639746,5.7976604,1.0401334,3.160903,0.11609982,9.044186,5.9449797,-4.192274,-3.1808898,-5.1187673,-1.6742024,-4.3922224,1.1886185,0
8.0,12,-4.804598,-3.8721392,0.9750945,-2.6668162,-3.7325044,1.6321084,-2.0836818,-1.6350856,5.794232,0.9944381,3.1386588,0.12309006,9.0381,5.9889827,-4.1950483,-3.1777825,-5.134441,-1.6588311,-4.3915963,1.1599312,0
8.0,12,-4.7949867,-3.8943713,0.9995417,-2.6809425,-3.7492852,1.611443,-2.0948315,-1.6359452,5.8001685,1.0489525,3.1722968,0.108332664,9.045527,5.930176,-4.1914577,-3.1847672,-5.1244054,-1.6746897,-4.396248,1.18224,0
8.0,12,-4.789887,-3.9115613,1.0144868,-2.697593,-3.7601056,1.5962563,-2.103724,-1.6377122,5.802107,1.0854398,3.1848786,0.10149638,9.056909,5.8876257,-4.187846,-3.1849449,-5.109176,-1.6861842,-4.388658,1.2254765,0
14.0,14,-3.295684,-1.1132963,-1.4632934,-4.6578736,-2.1660662,0.5865299,-5.222539,1.2065842,-2.1640508,1.0567075,1.0424762,2.6772692,-1.675909,-1.3919207,12.106354,3.838576,1.8624493,-1.0987884,-0.7935218,-1.1365892,1
14.0,14,-3.2953908,-1.1073155,-1.4557414,-4.659362,-2.1688542,0.5809996,-5.2226133,1.2061799,-2.159831,1.0670322,1.0407119,2.6790514,-1.675463,-1.3871417,12.1033945,3.8265758,1.8636985,-1.0986338,-0.7984344,-1.1389303,1
14.0,14,-3.3172882,-1.1420743,-1.4741411,-4.6690655,-2.1827388,0.585557,-5.2220154,1.2434207,-2.215195,1.0306473,1.1040598,2.6589482,-1.6402228,-1.3424494,12.094751,3.8753114,1.8640479,-1.1014178,-0.89635897,-1.1808615,1
14.0,14,-3.3322806,-1.1968126,-1.517568,-4.661526,-2.2021594,0.57278943,-5.22651,1.2395383,-2.2447507,1.0059007,1.220549,2.651407,-1.6258394,-1.3496481,12.090949,3.8888068,1.8729486,-1.0929092,-0.9322996,-1.2084017,1
14.0,14,-3.3115149,-1.1444273,-1.5090854,-4.647741,-2.1747756,0.6018862,-5.216219,1.2004223,-2.2015958,1.0236495,1.1182085,2.6726775,-1.6671051,-1.3970047,12.108081,3.8556483,1.8609631,-1.0824945,-0.81065315,-1.1542165,1
14.0,14,-3.2982764,-1.1079025,-1.4676921,-4.657321,-2.164876,0.5976124,-5.2198257,1.2084159,-2.1686893,1.0460813,1.033442,2.6796863,-1.6772032,-1.3902112,12.10782,3.848511,1.8568417,-1.0990173,-0.7903934,-1.1353672,1
11.0,11,-5.680449,-2.3157542,-2.5146098,-0.34108695,-2.8020473,4.6539416,-2.9956753,-1.3577219,3.8757477,-3.336687,2.8896322,9.123503,4.0559964,0.71828336,-2.1091468,-0.6141829,-1.129854,-0.89782184,-2.1639028,-5.060258,1
11.0,11,-5.6812305,-2.3140516,-2.513309,-0.34159854,-2.8003073,4.654185,-2.9961245,-1.3577905,3.8740935,-3.3373146,2.885938,9.1269045,4.0540395,0.7183468,-2.1061041,-0.6128484,-1.1296207,-0.8975253,-2.1621685,-5.0598755,1
11.0,11,-5.677985,-2.3158286,-2.518724,-0.3323575,-2.7993026,4.642943,-2.9911537,-1.3538755,3.8696408,-3.342261,2.909258,9.131496,4.0573196,0.7310676,-2.116757,-0.6250254,-1.1423875,-0.89778376,-2.1864572,-5.060117,1
11.0,11,-5.668532,-2.3173814,-2.5155554,-0.34848744,-2.7967563,4.651942,-2.982628,-1.3591692,3.8797755,-3.3377726,2.889635,9.105237,4.0765166,0.7136365,-2.1289632,-0.61272246,-1.130899,-0.9045666,-2.1632915,-5.0631943,1
11.0,11,-5.6792383,-2.321633,-2.5164728,-0.35497627,-2.8073683,4.659554,-3.0003135,-1.3567003,3.8864172,-3.331026,2.9060435,9.113144,4.058403,0.71711266,-2.1139815,-0.6158257,-1.1306242,-0.897986,-2.1727862,-5.0576096,1
11.0,11,-5.6800838,-2.315207,-2.5150282,-0.33856687,-2.8006563,4.6527953,-2.9939978,-1.3571746,3.8745294,-3.3378966,2.8896663,9.123361,4.057296,0.7199682,-2.110589,-0.61537665,-1.1321647,-0.8982453,-2.1658556,-5.060837,1
16.0,16,1.0720892,-3.5872383,-4.7506895,-1.3444638,-1.7699481,-1.4172919,0.6297403,1.2485231,-2.7251503,-0.1978804,1.5509353,0.827141,-1.0704341,-4.1307983,-0.40121108,1.5382674,12.6761875,-0.9675449,-0.94803244,-0.28870878,1
16.0,16,1.0735412,-3.5873747,-4.749745,-1.3446167,-1.7672348,-1.4156061,0.63128227,1.2498187,-2.7270403,-0.19729914,1.5479877,0.8247921,-1.0693575,-4.1292057,-0.4031822,1.538558,12.675447,-0.96957135,-0.94875973,-0.29141477,1
16.0,16,1.0599844,-3.58723,-4.7681932,-1.3386819,-1.7980613,-1.4387503,0.6264777,1.2394699,-2.7050042,-0.2064039,1.5934384,0.83551526,-1.0807269,-4.153706,-0.3835298,1.5293454,12.677028,-0.95124626,-0.9337701,-0.2612273,1
16.0,16,1.0611603,-3.580814,-4.7546906,-1.3330129,-1.7939512,-1.4443463,0.6135122,1.2362673,-2.701522,-0.20183647,1.5830715,0.8452117,-1.0957736,-4.1566644,-0.3750605,1.5248883,12.690215,-0.93032837,-0.9431449,-0.2520947,1
16.0,16,1.0716863,-3.5874143,-4.7478786,-1.3440185,-1.7738336,-1.4191715,0.6267177,1.2445915,-2.7275703,-0.1948293,1.547687,0.8265168,-1.0576203,-4.128435,-0.40140232,1.5362685,12.674867,-0.96608794,-0.9454948,-0.28636882,1
16.0,16,1.0714872,-3.5879598,-4.752348,-1.345321,-1.7711843,-1.4165993,0.6305672,1.2480035,-2.7253141,-0.19859223,1.5520844,0.8275943,-1.0680133,-4.1301746,-0.4020937,1.5392374,12.674684,-0.97013485,-0.9469307,-0.2894614,1
3.0,3,0.12393859,2.530203,1.1301024,11.371967,-0.2655594,-1.5960253,1.7256821,-4.234824,0.1740906,-0.6727615,-1.4851673,-0.24593718,-3.2142017,-0.48663074,-3.1763968,-0.5200806,-2.1398113,1.3065037,-3.109608,-1.7065274,1
3.0,3,0.122995526,2.532049,1.1263233,11.370258,-0.26431504,-1.5956976,1.7258319,-4.2371254,0.17467031,-0.6738225,-1.4857265,-0.24659564,-3.214998,-0.48863256,-3.1724033,-0.5158342,-2.1407611,1.3077701,-3.1092122,-1.7056043,1
3.0,3,0.13054572,2.5053532,1.1276906,11.382941,-0.2582367,-1.5987817,1.7303469,-4.2250514,0.1688818,-0.6766792,-1.4574537,-0.2618277,-3.2066824,-0.4719518,-3.2046466,-0.5345355,-2.147468,1.3029748,-3.1198905,-1.7069367,1
3.0,3,0.1253934,2.49586,1.1250699,11.389931,-0.26458615,-1.5963761,1.7262342,-4.217996,0.16049454,-0.6820592,-1.4585423,-0.24207643,-3.2096603,-0.47718805,-3.1997359,-0.52850837,-2.1347253,1.2995498,-3.1205633,-1.7114205,1
3.0,3,0.12516235,2.521022,1.1371019,11.379895,-0.26567063,-1.5978067,1.7262449,-4.2229757,0.16523764,-0.6751736,-1.4759116,-0.2414796,-3.2144718,-0.47555122,-3.189531,-0.5324399,-2.1392076,1.3031237,-3.1153939,-1.7105769,1
3.0,3,0.12494618,2.52889,1.127275,11.371344,-0.2640947,-1.5960677,1.7265722,-4.2372017,0.1763474,-0.67270696,-1.4830868,-0.2506983,-3.2125168,-0.48784605,-3.1774886,-0.51870555,-2.141565,1.3070892,-3.1094666,-1.7051368,1
0.0,0,9.48689,3.4466398,6.293636,5.0849996,0.58556855,-5.1518145,2.368695,-0.11294125,0.24953085,-1.2172722,-2.7825065,-5.092965,-1.2576283,-2.4759512,-5.2333336,-1.1270928,-0.5674755,-2.221279,-0.443408,-1.5404863,1
0.0,0,9.483921,3.4347312,6.3111253,5.0683684,0.58841515,-5.1520886,2.36022,-0.106279746,0.25987682,-1.2111468,-2.7873414,-5.097751,-1.2510445,-2.4757693,-5.2296047,-1.1294528,-0.568953,-2.2236326,-0.43767387,-1.5329187,1
0.0,0,9.509874,3.649396,6.1098385,5.274773,0.5185843,-5.1534534,2.4693744,-0.17566492,0.12063358,-1.2864326,-2.7567751,-5.0125713,-1.3123386,-2.4139009,-5.283574,-1.0977063,-0.60987943,-2.2010634,-0.5464316,-1.6794168,1
0.0,0,9.542585,3.8141613,6.0103145,5.329194,0.48843318,-5.1630907,2.532547,-0.23344594,0.08099111,-1.3137821,-2.7708395,-4.987881,-1.3247159,-2.3677976,-5.3171415,-1.0778602,-0.6536698,-2.1754806,-0.604495,-1.7476861,1
0.0,0,9.445148,3.6776097,6.2193837,5.2648907,0.4833665,-5.1618385,2.4369974,-0.17245181,0.17990154,-1.2867774,-2.7943108,-4.9773464,-1.3040696,-2.3527458,-5.304927,-1.1304362,-0.6663235,-2.197876,-0.52620053,-1.6856174,1
0.0,0,9.467618,3.411721,6.325264,5.079081,0.58630556,-5.1499867,2.351702,-0.09779915,0.2613554,-1.2153257,-2.7816017,-5.089403,-1.2579602,-2.4796395,-5.228429,-1.1341523,-0.5630855,-2.2260435,-0.42780507,-1.5268995,1
3.0,3,0.16271728,1.6206164,0.53015274,11.410956,-0.4423101,-1.473867,1.8935672,-4.5332966,0.5833315,-0.32731313,-0.99253595,-0.74147606,-2.4903648,-0.07674569,-4.1139326,-0.8032846,-2.1843233,0.8849331,-2.9446213,-1.4093028,1
3.0,3,0.16164938,1.6206683,0.5261665,11.409937,-0.44112623,-1.4730028,1.8938853,-4.535279,0.58353686,-0.32835507,-0.9925776,-0.74150866,-2.4903922,-0.07773997,-4.111225,-0.79995745,-2.1848161,0.88522214,-2.944402,-1.4085646,1
3.0,3,0.17043799,1.6064225,0.5319242,11.417388,-0.43671006,-1.478744,1.8986076,-4.524179,0.58016753,-0.33088574,-0.9692091,-0.75341237,-2.484152,-0.064915195,-4.1402864,-0.8208495,-2.1902504,0.8857046,-2.9524477,-1.4091469,1
3.0,3,0.16400364,1.5986516,0.52666223,11.426788,-0.44338423,-1.4765301,1.8945714,-4.5182304,0.5686426,-0.33926228,-0.97133356,-0.7267634,-2.4893265,-0.06790468,-4.1356544,-0.81225324,-2.175209,0.88265026,-2.9545717,-1.4161816,1
3.0,3,0.16387057,1.6208904,0.5422098,11.416087,-0.44614136,-1.4779909,1.894518,-4.5232186,0.57566327,-0.32825375,-0.99111444,-0.7344022,-2.4932437,-0.069349915,-4.123008,-0.8136404,-2.1812253,0.88380533,-2.9460015,-1.4128923,1
3.0,3,0.16448271,1.6175172,0.52734405,11.410774,-0.44012952,-1.4738126,1.8944598,-4.534629,0.5857783,-0.3275698,-0.9880217,-0.74691933,-2.4876308,-0.07689418,-4.1174955,-0.8043518,-2.1866117,0.8854955,-2.9455802,-1.4081564,1
15.0,4,-2.3258288,-1.7921818,-1.9922894,-1.1756868,9.107675,5.7469788,1.2182016,-4.3671775,0.16939548,-0.6820171,-0.6690797,-0.7531127,-2.6717262,-1.9968865,-1.4610416,6.28818,0.11486514,-0.10300789,-5.1532607,-2.8765943,0
15.0,4,-2.3182025,-1.7854716,-1.9863299,-1.1678363,9.121126,5.732207,1.2406868,-4.3614354,0.1687474,-0.68489045,-0.6766991,-0.77039546,-2.6722603,-1.9948722,-1.4705803,6.2790446,0.108672395,-0.10414971,-5.1479297,-2.8743143,0
15.0,4,-2.3219385,-1.8737675,-1.9684467,-1.2329689,9.21878,5.964093,1.0352519,-4.333088,0.095078155,-0.53978723,-0.6720071,-0.6959143,-2.5447025,-2.0407724,-1.3317236,6.1634398,0.056733742,-0.08681943,-5.2532077,-2.9092495,0
15.0,4,-2.307657,-1.9226577,-1.9306915,-1.2615288,9.343833,6.0933146,0.9357808,-4.2935452,0.06633565,-0.4196587,-0.6733521,-0.6912798,-2.4390302,-2.0716002,-1.2541465,6.0014014,-0.023829112,-0.07233059,-5.3338194,-2.9365363,0
15.0,4,-2.304265,-1.8943006,-1.9528847,-1.2347244,9.271789,6.0020385,1.0370307,-4.3161435,0.08966144,-0.4762528,-0.66189885,-0.73968923,-2.4730823,-2.0555913,-1.3295078,6.0796266,-0.0005758181,-0.09419664,-5.288624,-2.9245021,0
15.0,4,-2.3258805,-1.7861313,-2.0024776,-1.1736239,9.079979,5.7292666,1.2343558,-4.3736415,0.16128668,-0.70208585,-0.66965204,-0.75482225,-2.6842759,-1.991666,-1.4698304,6.3261137,0.1343946,-0.107871555,-5.1366262,-2.8722517,0
15.0,14,-2.741595,-1.9750624,-2.9914155,-4.2186565,-0.7507693,-0.12411588,-5.439196,0.6791056,-1.6991357,-0.603912,0.7573363,0.11910367,-1.8648648,-1.7436825,10.531641,10.19104,1.1487834,-2.3969624,-1.9663981,-1.7609688,0
15.0,14,-2.7398403,-1.9753139,-2.9916222,-4.2179937,-0.74814457,-0.1286051,-5.4399,0.67230535,-1.698623,-0.6024785,0.7593224,0.117689505,-1.8656052,-1.7442403,10.529839,10.193755,1.152553,-2.3966236,-1.9658319,-1.7613834,0
15.0,14,-2.739554,-1.982079,-3.0158012,-4.2309346,-0.70445377,-0.07371152,-5.4440436,0.6767718,-1.7069467,-0.6147724,0.75531536,0.08898559,-1.8562998,-1.7431453,10.534554,10.202036,1.1198746,-2.3892698,-1.9822038,-1.765734,0
15.0,14,-2.7375739,-1.9782426,-3.0291426,-4.2261987,-0.7044754,-0.07030183,-5.439878,0.6840778,-1.7111981,-0.62278336,0.7663719,0.07830016,-1.8512828,-1.7468531,10.53716,10.195778,1.1063813,-2.385495,-1.9896187,-1.7664295,0
15.0,14,-2.7402818,-1.9739876,-3.0032907,-4.2089825,-0.7564218,-0.12733787,-5.431805,0.684375,-1.7059928,-0.6189904,0.76966006,0.11502279,-1.8614459,-1.7440906,10.524062,10.19456,1.1420673,-2.395128,-1.9721247,-1.7633815,0
15.0,14,-2.7418838,-1.9752092,-2.9913044,-4.2192025,-0.7487801,-0.12152196,-5.439312,0.67855203,-1.6991674,-0.60472566,0.75527924,0.11903821,-1.8654634,-1.7430055,10.531089,10.192911,1.1480699,-2.3970308,-1.966164,-1.7607986,0
12.0,12,-1.0983961,-3.0748463,-1.0348574,-2.2649748,1.352857,0.7238025,-0.69578266,0.18939114,0.704115,1.0710698,-1.4418067,-0.9819677,11.969022,1.4917316,-1.1607994,-3.2556727,-2.903758,-1.4522989,-1.99801,-0.2384758,1
12.0,12,-1.0969701,-3.0748065,-1.0338647,-2.265067,1.3581161,0.72350425,-0.6949291,0.19066156,0.7039012,1.0721825,-1.4429191,-0.98229873,11.966823,1.4889046,-1.1603378,-3.2578616,-2.9025328,-1.4511541,-1.9997631,-0.23748454,1
12.0,12,-1.1281996,-3.0911336,-1.0596818,-2.2853324,1.2649394,0.75103,-0.7028518,0.17349859,0.7092994,1.0661638,-1.4398443,-0.9637667,12.000069,1.4932047,-1.1651363,-3.2155538,-2.8733845,-1.4528123,-1.9698769,-0.20981264,1
12.0,12,-1.1052384,-3.085871,-1.0493925,-2.2791607,1.2894837,0.7354072,-0.6807976,0.18488328,0.7007103,1.0692202,-1.447807,-0.9802349,11.993902,1.4714028,-1.16466,-3.2240367,-2.8722312,-1.4562376,-1.9676834,-0.2227816,1
12.0,12,-1.097686,-3.0784044,-1.0373826,-2.2703362,1.3376935,0.726383,-0.689408,0.1913719,0.6990514,1.071771,-1.4470075,-0.98240286,11.975143,1.4840931,-1.161166,-3.2472944,-2.8906157,-1.4532388,-1.9886392,-0.23222166,1
12.0,12,-1.100419,-3.0749137,-1.0351915,-2.2649126,1.3506562,0.72446907,-0.69816667,0.18870433,0.7040585,1.0703486,-1.4406216,-0.9807146,11.969721,1.4969953,-1.1608431,-3.2553616,-2.905855,-1.452917,-1.9988688,-0.23838043,1
2.0,2,-0.032096907,3.0610552,11.774187,-0.6313425,-0.5012778,-2.2727118,-2.8385658,0.30867603,2.0471523,3.0872326,-4.738725,-0.3829795,0.2398361,3.5753574,-1.0380075,-2.5386846,-2.0734093,0.5656851,-2.6371565,-2.0327842,1
2.0,2,-0.03209807,3.0610611,11.774187,-0.63134086,-0.5012795,-2.272711,-2.8385673,0.3086756,2.0471528,3.0872319,-4.738728,-0.38297662,0.23983198,3.5753577,-1.0380058,-2.5386834,-2.0734105,0.5656858,-2.6371553,-2.0327845,1
2.0,2,-0.032086432,3.0610213,11.774198,-0.6313478,-0.50128025,-2.272715,-2.838564,0.3086869,2.0471616,3.0872493,-4.738708,-0.38299373,0.23985383,3.575346,-1.0380197,-2.5386963,-2.0734034,0.5656742,-2.637165,-2.032786,1
2.0,2,-0.0320749,3.0609977,11.77421,-0.63135207,-0.5012716,-2.2727213,-2.8385525,0.30869466,2.0471554,3.0872529,-4.7386985,-0.38300183,0.23987404,3.5753388,-1.0380315,-2.5387087,-2.0733948,0.5656706,-2.6371691,-2.0327845,1
2.0,2,-0.032095492,3.0610454,11.77419,-0.6313431,-0.5012834,-2.2727106,-2.838569,0.3086798,2.0471597,3.087239,-4.7387204,-0.3829833,0.23983648,3.5753531,-1.0380079,-2.5386846,-2.0734096,0.5656799,-2.637158,-2.0327852,1
2.0,2,-0.032097533,3.061056,11.774188,-0.6313435,-0.5012804,-2.2727096,-2.8385687,0.3086768,2.0471551,3.0872347,-4.738726,-0.3829795,0.2398341,3.575355,-1.0380054,-2.5386827,-2.0734088,0.56568336,-2.637157,-2.0327845,1
16.0,16,-2.2954996,-3.8306763,-3.4155838,-1.6714222,-2.9409618,0.17263028,-4.7669115,-3.1279445,-1.0353007,1.2046227,5.9728074,2.2992864,-3.2035067,-2.0556922,2.3264687,3.4756024,6.6984396,0.25960606,-3.2935002,-4.044842,1
16.0,16,-2.2956107,-3.8307023,-3.4158819,-1.6715373,-2.9389415,0.1739575,-4.767379,-3.1279924,-1.035418,1.2056369,5.973196,2.2983108,-3.2056837,-2.056001,2.3283918,3.4765816,6.697112,0.25857496,-3.2941482,-4.045841,1
16.0,16,-2.2740366,-3.8245845,-3.4009435,-1.6355863,-2.9286518,0.14423823,-4.7193947,-3.1194289,-1.0575595,1.2019281,5.958418,2.2763987,-3.2002609,-2.0642276,2.2733335,3.4107382,6.723448,0.321104,-3.283974,-4.0314674,1
16.0,16,-2.2750084,-3.824605,-3.3987792,-1.6417145,-2.9522858,0.13718921,-4.724109,-3.1267817,-1.052294,1.1987932,5.9604344,2.2867196,-3.1832101,-2.0600893,2.2666583,3.4239485,6.729507,0.31502882,-3.2844837,-4.030856,1
16.0,16,-2.2911909,-3.830645,-3.412115,-1.663843,-2.9472923,0.16196278,-4.7578597,-3.1291835,-1.0369363,1.2023982,5.97516,2.2954779,-3.192451,-2.0567765,2.309478,3.4616976,6.7030544,0.27257308,-3.2905667,-4.041013,1
16.0,16,-2.2962284,-3.8311405,-3.416636,-1.6721402,-2.938908,0.17444527,-4.768079,-3.1274135,-1.034734,1.2048278,5.9734926,2.298786,-3.2045417,-2.0561185,2.328887,3.476094,6.6962647,0.25776616,-3.2935462,-4.0450044,1
14.0,14,-5.0619025,-2.7750478,-0.43172765,-5.314693,0.10326946,3.284545,-6.2834177,-0.27783418,-1.2063164,-1.4203265,0.63532317,5.721276,-1.2719253,-0.33107862,9.312767,8.158603,1.35317,-1.28664,-3.752583,-3.933316,1
14.0,14,-5.060275,-2.775698,-0.4330025,-5.315025,0.104394406,3.2845259,-6.2833595,-0.2789298,-1.2066334,-1.4205055,0.6359623,5.7178116,-1.2720008,-0.33311766,9.314038,8.160749,1.3543441,-1.2866558,-3.752379,-3.9332929,1
14.0,14,-5.078164,-2.7719839,-0.43507236,-5.300451,0.10240696,3.2744038,-6.279813,-0.2749751,-1.2228278,-1.4304131,0.6321329,5.7699566,-1.2681056,-0.3052909,9.292083,8.152217,1.3476717,-1.2854302,-3.7581937,-3.9284449,1
14.0,14,-5.087767,-2.7690616,-0.43123665,-5.2923336,0.10190751,3.269692,-6.2764072,-0.27180937,-1.2336447,-1.4352666,0.6221805,5.797824,-1.2596234,-0.28566918,9.274363,8.148615,1.3438318,-1.2866575,-3.7634232,-3.9259727,1
14.0,14,-5.077448,-2.7710543,-0.4296951,-5.3041763,0.099137336,3.277724,-6.2806334,-0.2703342,-1.2189182,-1.4264774,0.6270204,5.760667,-1.2661327,-0.30553,9.295319,8.149733,1.3451737,-1.287558,-3.7552085,-3.9294722,1
14.0,14,-5.0604553,-2.7754688,-0.43279976,-5.31527,0.10447712,3.2848873,-6.2833867,-0.27886897,-1.2059509,-1.4204724,0.6362061,5.717471,-1.2725458,-0.33322597,9.314151,8.160667,1.3537792,-1.2865349,-3.7524254,-3.9334495,1
10.0,10,-2.3626223,-3.6851065,-2.5467012,-1.7935008,-4.121916,0.21135953,-4.272681,-1.420921,2.3545902,6.1048174,8.911559,-1.8320166,-0.29218066,-1.2323906,1.0575237,1.3049492,-0.92683387,-2.578811,-4.2773547,-4.192709,1
10.0,10,-2.3606935,-3.68495,-2.5456095,-1.793829,-4.1213727,0.21027535,-4.272817,-1.4211755,2.353759,6.107125,8.910397,-1.833953,-0.2918444,-1.2335929,1.0581744,1.3043916,-0.92520833,-2.5789182,-4.2770195,-4.1920505,1
10.0,10,-2.3807313,-3.6866362,-2.5704782,-1.7816098,-4.1197305,0.21838775,-4.2636695,-1.4180881,2.3543508,6.070199,8.933969,-1.8106486,-0.29189643,-1.2206955,1.0451195,1.3103393,-0.9493598,-2.5764136,-4.2840543,-4.199093,1
10.0,10,-2.3811932,-3.6887183,-2.5801876,-1.7837516,-4.115433,0.21992126,-4.2622123,-1.4188192,2.3516116,6.0620575,8.938508,-1.8108113,-0.2877025,-1.2229614,1.0461311,1.3198435,-0.95178396,-2.5786219,-4.2859626,-4.198948,1
10.0,10,-2.370332,-3.6869943,-2.5630205,-1.7893059,-4.1183844,0.21547088,-4.268567,-1.4203842,2.3532367,6.085857,8.922979,-1.823592,-0.29004973,-1.2291889,1.0531582,1.3141487,-0.93824327,-2.5799954,-4.281108,-4.1948304,1
10.0,10,-2.3620436,-3.6850326,-2.5456736,-1.7942209,-4.121833,0.21130413,-4.2729774,-1.4208858,2.3548396,6.1059475,8.910826,-1.8328393,-0.29228124,-1.2326419,1.0578765,1.3046367,-0.9262066,-2.5787344,-4.277338,-4.1925507,1
19.0,19,-4.9434624,-2.6155994,-2.2796686,-3.4776225,-4.569836,0.29108405,-2.755224,5.3567367,1.3361629,0.33794254,3.81672,1.146697,-2.2181065,0.2901811,-0.09713967,-0.12721825,-0.99259275,-0.7494561,2.7566643,8.821473,1
19.0,19,-4.9411435,-2.6159708,-2.279293,-3.480364,-4.5678267,0.290417,-2.7545223,5.3691573,1.3341761,0.33803713,3.8186765,1.1409099,-2.2223632,0.28449187,-0.09243817,-0.12644246,-0.9896362,-0.7487651,2.7497118,8.819939,1
19.0,19,-4.917896,-2.6141248,-2.2626677,-3.4176116,-4.588215,0.26411256,-2.7615044,5.2284255,1.3808639,0.42967567,3.701047,1.2001263,-2.1760979,0.34801394,-0.16255893,-0.18340163,-1.021027,-0.7974128,2.8669612,8.879947,1
19.0,19,-4.8921256,-2.6112232,-2.2361548,-3.357835,-4.619783,0.24408516,-2.770398,5.1093364,1.4221795,0.5359718,3.6016917,1.2415795,-2.1259215,0.40755334,-0.22641915,-0.24865006,-1.0671296,-0.8479383,2.966599,8.917112,1
19.0,19,-4.904325,-2.6146426,-2.254485,-3.4276748,-4.5885754,0.26366243,-2.7647023,5.2633095,1.3705693,0.444896,3.7078965,1.1656072,-2.186079,0.32611665,-0.14312464,-0.17450969,-1.023206,-0.8030133,2.8570848,8.880664,1
19.0,19,-4.946078,-2.614996,-2.2793992,-3.47816,-4.5708203,0.2922908,-2.7548645,5.357808,1.3360107,0.336376,3.8178594,1.1473157,-2.2169461,0.29216918,-0.09741412,-0.12743005,-0.9947514,-0.74873894,2.756194,8.818938,1
0.0,0,11.199704,2.7433372,2.4850953,3.1741064,1.0219269,-3.5578008,1.210637,-1.7822981,1.6031281,-0.14292103,-0.79398113,-5.240134,0.738271,-3.0443225,-4.6091537,-0.7531113,-1.1568121,-2.4957728,-3.0363173,-2.819185,1
0.0,0,11.198802,2.7413888,2.4844024,3.1735053,1.0212321,-3.5562465,1.2087357,-1.7825394,1.6055026,-0.14273967,-0.79204136,-5.2398243,0.7383485,-3.044823,-4.6092215,-0.75291836,-1.1570312,-2.4964266,-3.037639,-2.8198733,1
0.0,0,11.201758,2.7718644,2.4880114,3.1724052,1.0092345,-3.5887203,1.2379284,-1.7911195,1.5882531,-0.1531319,-0.8045139,-5.2361465,0.754878,-3.03237,-4.6041164,-0.748496,-1.165018,-2.4893355,-3.026996,-2.8143322,1
0.0,0,11.204932,2.7858455,2.4978173,3.172457,1.0063486,-3.604595,1.2550718,-1.791446,1.5728539,-0.15786362,-0.816688,-5.2354126,0.7686419,-3.023927,-4.6031733,-0.75118047,-1.1651102,-2.4861503,-3.0208964,-2.8121514,1
0.0,0,11.201987,2.7651057,2.4933171,3.1723962,1.0119715,-3.5832548,1.2349991,-1.7872052,1.586609,-0.15156929,-0.8057479,-5.23685,0.7582902,-3.0324767,-4.6058407,-0.7527468,-1.1606394,-2.4911807,-3.0291402,-2.8163085,1
0.0,0,11.198928,2.743125,2.4859407,3.172902,1.0213755,-3.5571506,1.2085164,-1.7834404,1.607006,-0.14171931,-0.7934906,-5.239996,0.7381981,-3.0443165,-4.60915,-0.75322783,-1.1586766,-2.4959855,-3.0374196,-2.8195193,1
16.0,16,-0.25326514,-3.266284,-0.78308105,-1.8380075,0.496092,1.479568,-1.8128583,-0.8887074,-2.316183,1.3171824,-4.0828156,1.4249936,-2.7469425,-1.1622679,-0.006579444,4.6258144,11.891313,1.3840472,-2.396563,-2.7575574,1
16.0,16,-0.25075445,-3.2723541,-0.7769528,-1.8425149,0.51529634,1.4935526,-1.8050284,-0.8850557,-2.3104792,1.3213011,-4.0902023,1.3959663,-2.7402902,-1.1610026,-0.011813678,4.62334,11.880612,1.3777553,-2.4011471,-2.7680845,1
16.0,16,-0.2880363,-3.2547562,-0.8233333,-1.8279303,0.41194385,1.4328177,-1.8657976,-0.9034048,-2.3367918,1.2899954,-4.0413585,1.5549498,-2.7863662,-1.1518648,0.022827417,4.6883216,11.908904,1.4043423,-2.386117,-2.713861,1
16.0,16,-0.2626248,-3.2132468,-0.8180704,-1.8103949,0.3491042,1.3764825,-1.8633741,-0.9180628,-2.3371243,1.2876127,-4.0329294,1.628285,-2.784323,-1.1752348,0.018207364,4.636089,11.965176,1.4131918,-2.3647707,-2.6914444,1
16.0,16,-0.27746385,-3.2528265,-0.84001964,-1.8388376,0.40507725,1.4175622,-1.8667281,-0.9099724,-2.3425124,1.2948222,-4.029407,1.5565276,-2.7785032,-1.1617565,0.042295218,4.6868186,11.928932,1.3875351,-2.3840811,-2.7036698,1
16.0,16,-0.25433585,-3.269949,-0.78370714,-1.8378386,0.5021808,1.483781,-1.8130786,-0.8867009,-2.3188064,1.3194124,-4.082113,1.4169967,-2.7480888,-1.1602554,-0.006065212,4.6261187,11.888262,1.3875732,-2.398589,-2.7590716,1
2.0,8,-2.9273913,-1.6395943,7.0850577,-1.6403972,-5.087145,-0.8996763,-3.870525,-1.4956491,8.044158,7.3139706,-1.0335618,2.2081378,1.0746886,2.720391,-3.4775665,-4.004472,-1.8106883,-2.2641096,-1.0057573,-1.7678374,0
2.0,8,-2.9274182,-1.639612,7.084988,-1.6404066,-5.08716,-0.89965993,-3.87054,-1.4956995,8.044208,7.3139563,-1.0335035,2.2081525,1.0747209,2.720398,-3.4775846,-4.004458,-1.8107163,-2.2641044,-1.0057836,-1.7678314,0
2.0,8,-2.927054,-1.6394893,7.0856695,-1.640594,-5.0870037,-0.8998129,-3.8705301,-1.4952767,8.0437765,7.3143573,-1.0341061,2.2078102,1.0743599,2.7200572,-3.4771345,-4.0043774,-1.810325,-2.2641075,-1.0055327,-1.7677848,0
2.0,8,-2.9270642,-1.6394689,7.0857186,-1.6405579,-5.086995,-0.8998463,-3.8704987,-1.4952255,8.043723,7.314316,-1.034124,2.2078438,1.0743395,2.7201161,-3.477159,-4.00441,-1.8103474,-2.2641208,-1.0055053,-1.767795,0
2.0,8,-2.9273536,-1.6395707,7.0851827,-1.6403712,-5.087131,-0.8996976,-3.8704853,-1.4955382,8.0440445,7.3139815,-1.0336369,2.2081163,1.0746264,2.720395,-3.4775531,-4.0044923,-1.8106549,-2.264116,-1.0057293,-1.7678491,0
2.0,8,-2.927386,-1.6395915,7.085066,-1.6403939,-5.087146,-0.89967823,-3.8705223,-1.49564,8.044145,7.31398,-1.0335741,2.2081323,1.0746781,2.7203898,-3.477559,-4.004475,-1.8106788,-2.2641113,-1.0057484,-1.7678367,0
3.0,3,0.13413092,0.48824015,0.73800737,12.085551,0.65806246,-1.1507826,0.53430367,-3.9177508,-1.1261017,-1.6427788,0.00094841747,0.14606021,-3.5310261,-0.9469256,-2.539241,-0.8716525,-0.62277013,3.4244156,-3.833061,-2.534558,1
3.0,3,0.1338945,0.48968813,0.73197377,12.0868,0.65915316,-1.1487526,0.5360848,-3.9207363,-1.125264,-1.6416395,0.0014953795,0.1467185,-3.5326383,-0.9509478,-2.5372198,-0.86906034,-0.6232523,3.421781,-3.8327317,-2.532873,1
3.0,3,0.12535226,0.48428008,0.7579281,12.065488,0.6617402,-1.1760153,0.5269758,-3.9032593,-1.1331202,-1.6628727,0.058295343,0.1156611,-3.5227783,-0.863565,-2.575936,-0.91919285,-0.65846395,3.4727314,-3.8590393,-2.545614,1
3.0,3,0.13641152,0.46393552,0.7946126,12.047509,0.6637159,-1.1829846,0.48995465,-3.888039,-1.133573,-1.6553315,0.057181496,0.1028668,-3.524945,-0.90364563,-2.5508857,-0.9237471,-0.6196914,3.536871,-3.8686104,-2.5492425,1
3.0,3,0.13444464,0.47761512,0.75065213,12.080532,0.65318954,-1.1589297,0.528644,-3.9101963,-1.1248702,-1.6397201,0.017360676,0.13309836,-3.5294728,-0.9247865,-2.5548122,-0.88691014,-0.62246466,3.426996,-3.8386865,-2.5393457,1
3.0,3,0.13330966,0.4880406,0.73516214,12.087674,0.65715396,-1.1496006,0.5369019,-3.917948,-1.1265001,-1.64325,0.0003214064,0.14866112,-3.5307157,-0.9454892,-2.540871,-0.8708738,-0.6232445,3.417702,-3.8318336,-2.5347693,1
7.0,7,-0.030004367,-1.8425534,-0.9333227,-1.7346643,0.8630847,0.9551158,7.8334017,12.204514,-1.6867547,-2.9511662,-0.5968999,-2.5454514,-0.41527614,-1.7143325,-3.392966,-1.3402729,-0.1732317,-2.6341395,-2.1553535,-4.9456396,1
7.0,7,-0.033854112,-1.8221986,-0.86756295,-1.7691982,0.96017903,1.0144526,7.6848955,12.255571,-1.668851,-2.968018,-0.63884646,-2.5480285,-0.38340363,-1.6801072,-3.3085647,-1.3602883,-0.29227814,-2.6006818,-2.2217062,-4.992761,1
7.0,7,-0.38450885,-1.5786176,-0.8615616,-1.8128537,1.2623671,1.651051,7.4883018,12.230395,-1.5348719,-3.155438,-0.6715328,-2.5079834,-0.28483596,-1.5728264,-3.0378816,-1.2374557,-1.1552411,-2.5661266,-2.4782999,-5.233901,1
7.0,7,-0.60504395,-1.4868692,-0.9339178,-1.8391042,1.0944668,1.7037647,7.570408,12.281648,-1.4540259,-3.1736972,-0.62470347,-2.4927194,-0.32982078,-1.6152701,-2.9660928,-1.1119337,-1.3187041,-2.5597477,-2.4506528,-5.145311,1
7.0,7,-0.23986344,-1.6477379,-0.876285,-1.9080374,1.2826215,1.3698865,7.3225455,12.434033,-1.5819001,-3.0992262,-0.73786926,-2.5006897,-0.41855878,-1.6414064,-2.9339306,-1.2933348,-0.82428324,-2.4770474,-2.393618,-5.071697,1
7.0,7,0.012515686,-1.8517481,-1.0085784,-1.691983,0.9219153,0.9932934,8.050283,12.080762,-1.725474,-2.9466383,-0.60540575,-2.5743158,-0.4312602,-1.7793605,-3.4736817,-1.3204701,-0.10723406,-2.6666474,-2.1251497,-4.946781,1
13.0,13,-3.763817,0.11923364,-0.65425855,-1.0924709,-2.346856,-0.25372648,-2.8394053,-0.9880119,-1.1891109,-0.33650243,-1.990676,0.57293594,1.1923841,12.4580555,-2.291053,1.1814817,-1.2081134,-1.8524778,-0.3073206,-2.163631,1
13.0,13,-3.7638738,0.119194254,-0.6541389,-1.0926406,-2.3468375,-0.25370502,-2.8394716,-0.98796356,-1.189016,-0.33651212,-1.9906762,0.5729271,1.1926047,12.458131,-2.2910168,1.1814373,-1.2082528,-1.8525534,-0.30742797,-2.1635969,1
13.0,13,-3.7630937,0.1181003,-0.6561672,-1.0936028,-2.346941,-0.25371078,-2.8398716,-0.98820764,-1.1892809,-0.33405337,-1.989584,0.57167226,1.191086,12.45677,-2.2905655,1.1828064,-1.2064564,-1.853724,-0.3078307,-2.1631775,1
13.0,13,-3.762875,0.11800799,-0.65668887,-1.0945889,-2.3468747,-0.2538198,-2.8399084,-0.988266,-1.1891185,-0.33387843,-1.9891504,0.57124364,1.191284,12.456609,-2.290437,1.1829461,-1.2060606,-1.8541973,-0.30783993,-2.162872,1
13.0,13,-3.7635808,0.11905122,-0.65456665,-1.0934055,-2.3469195,-0.2538004,-2.8396769,-0.98797923,-1.1890287,-0.3354518,-1.9904733,0.5723743,1.1922604,12.457792,-2.2908618,1.1816245,-1.207604,-1.8530413,-0.30733448,-2.1633673,1
13.0,13,-3.7638564,0.11917797,-0.6541596,-1.0926573,-2.3468328,-0.25371704,-2.8395083,-0.9879758,-1.1890163,-0.33627242,-1.9906929,0.5728434,1.192461,12.4580555,-2.2910178,1.1815329,-1.2082211,-1.8526186,-0.30746707,-2.16358,1
16.0,16,0.40312284,-2.9871523,-0.9163111,-0.31239852,-1.2321082,-1.5758044,0.4555466,1.135664,-1.8140212,2.8334372,-0.33355087,1.6538097,-1.8579621,-2.0457487,-2.7095153,-2.6567438,12.178796,1.3889097,-2.51396,-2.2544618,1
16.0,16,0.4107076,-2.9839296,-0.91458464,-0.31247774,-1.2294532,-1.5744759,0.4693968,1.1515665,-1.8247658,2.8354294,-0.34034455,1.6261215,-1.8560624,-2.040891,-2.709776,-2.6601443,12.17725,1.3879625,-2.5129976,-2.257595,1
16.0,16,0.38322568,-3.0682294,-0.9215662,-0.3142292,-1.1868188,-1.5689567,0.33706918,1.0103368,-1.6659536,2.9430823,-0.23081173,1.7683108,-1.8601321,-2.1679606,-2.738011,-2.6754494,12.096421,1.3370985,-2.5520427,-2.233499,1
16.0,16,0.3616289,-3.0706863,-0.9149775,-0.32092607,-1.1876088,-1.5596702,0.31932673,0.9717503,-1.6397046,2.8950083,-0.27042276,1.841937,-1.8611238,-2.1685913,-2.737533,-2.633284,12.138727,1.3377634,-2.5533266,-2.2032113,1
16.0,16,0.39340198,-3.0602543,-0.91965276,-0.30315104,-1.198895,-1.5738208,0.3569349,1.0189514,-1.7046105,2.915119,-0.24400054,1.7393826,-1.84566,-2.12552,-2.7421453,-2.6686912,12.125627,1.3347379,-2.5519433,-2.2390811,1
16.0,16,0.40560526,-2.9860733,-0.9179787,-0.311102,-1.2330353,-1.5782232,0.4567858,1.1368066,-1.8195139,2.8359556,-0.3268122,1.6479973,-1.8557072,-2.0431705,-2.7091062,-2.6609483,12.176537,1.3903415,-2.5143845,-2.2596834,1
13.0,18,-2.591602,1.8396889,0.6877341,-1.13458,-2.847488,-2.2894065,-1.1934873,-0.6458179,-1.5560431,-1.4277612,-3.5257363,0.13915692,1.5943787,9.069743,-2.4074354,-1.0913941,-0.25027,-1.4290752,9.279409,-0.52080595,0
13.0,18,-2.5908592,1.8401307,0.6838061,-1.136986,-2.8479872,-2.2914896,-1.1922592,-0.64237225,-1.557618,-1.426114,-3.5236866,0.13710444,1.5919003,9.062543,-2.4043057,-1.0926981,-0.24578819,-1.4282691,9.285541,-0.5172411,0
13.0,18,-2.5958974,1.833624,0.679263,-1.1549094,-2.8564768,-2.2886033,-1.1816314,-0.66618854,-1.4741447,-1.4325964,-3.5269058,0.10898057,1.6631827,9.095797,-2.4366448,-1.0644075,-0.32538295,-1.4800445,9.254139,-0.57107514,0
13.0,18,-2.5891616,1.8345379,0.65217304,-1.1876924,-2.8660412,-2.3107297,-1.1623127,-0.64780784,-1.4323083,-1.4249927,-3.5169435,0.068369225,1.679206,9.03851,-2.4270103,-1.0533504,-0.3391192,-1.505561,9.31069,-0.5563666,0
13.0,18,-2.592355,1.8471726,0.6812161,-1.1496943,-2.8555903,-2.2930431,-1.1890022,-0.6499993,-1.5187408,-1.4176991,-3.5248911,0.11706692,1.6302975,9.084747,-2.4184194,-1.0885086,-0.2801436,-1.4528753,9.257326,-0.56177217,0
13.0,18,-2.5920358,1.8385005,0.68780434,-1.1341207,-2.8473868,-2.2881587,-1.1942635,-0.64679694,-1.5557009,-1.4281262,-3.5256298,0.13998719,1.5958407,9.07192,-2.408176,-1.0910507,-0.25156707,-1.4294792,9.277383,-0.52202535,0
11.0,15,-1.1880698,-0.9832861,-5.2269187,-0.5814575,-0.8608858,1.7990637,-0.99703443,-2.7922945,-0.9004684,-5.435627,4.7400494,4.038177,-4.7842135,-1.1796889,-0.5053931,9.068956,2.7980435,-1.9023561,-2.6101813,-3.7705317,0
11.0,15,-1.1882963,-0.98050505,-5.2274146,-0.57731277,-0.8567023,1.8001554,-0.9887053,-2.781835,-0.9028824,-5.436124,4.732115,4.048173,-4.7950454,-1.1813737,-0.5122333,9.061223,2.808066,-1.9039876,-2.6118875,-3.7727263,0
11.0,15,-1.2270477,-0.983123,-5.2169905,-0.63005954,-0.8968436,1.8226165,-1.047529,-2.8616064,-0.90950954,-5.424679,4.7488804,3.9999065,-4.72318,-1.146696,-0.44758072,9.135778,2.7503407,-1.8747739,-2.579802,-3.7589812,0
11.0,15,-1.2498779,-0.99157935,-5.2064457,-0.65762305,-0.91058683,1.8258557,-1.0886288,-2.9112728,-0.89927626,-5.421511,4.762874,3.97053,-4.6801553,-1.1264485,-0.41299546,9.180735,2.709297,-1.8581852,-2.5660133,-3.7446337,0
11.0,15,-1.2008479,-0.99090844,-5.222818,-0.61812305,-0.8997492,1.8058214,-1.0475917,-2.8586068,-0.90031034,-5.4265013,4.7758613,3.9839675,-4.7163577,-1.1611339,-0.45376775,9.123162,2.7402878,-1.8859502,-2.5887778,-3.758887,0
11.0,15,-1.1921501,-0.98102623,-5.226565,-0.57815015,-0.8570939,1.7992433,-0.99190557,-2.7862396,-0.90186304,-5.4369326,4.733691,4.048841,-4.7924895,-1.1791421,-0.5098344,9.064361,2.8048394,-1.9017781,-2.6111548,-3.771653,0
16.0,16,-1.5947957,-2.6475394,-2.892227,0.14027241,-3.398737,-1.1443524,-2.1603608,-2.199173,-3.3687093,-0.2601714,2.008524,6.0458,-1.0687419,-0.06713632,-0.78075665,-0.69968873,12.047937,3.6946416,-2.4121656,-1.292096,1
16.0,16,-1.595418,-2.6462944,-2.89089,0.14023641,-3.3989677,-1.1450769,-2.161456,-2.1989806,-3.368019,-0.25948158,2.007102,6.047178,-1.0713048,-0.066773504,-0.77991426,-0.6997345,12.047277,3.6954749,-2.41113,-1.2920421,1
16.0,16,-1.5987897,-2.656722,-2.9188697,0.1423731,-3.4007025,-1.1361699,-2.1630983,-2.2040036,-3.3738215,-0.27072713,2.0487611,6.039847,-1.061333,-0.07295067,-0.7792567,-0.7010915,12.037699,3.6989503,-2.4226725,-1.296662,1
16.0,16,-1.596075,-2.65753,-2.9147716,0.1411131,-3.397685,-1.1358916,-2.1585212,-2.2035656,-3.37513,-0.27137306,2.0410693,6.036991,-1.055176,-0.070667945,-0.7829203,-0.7005024,12.042932,3.6988723,-2.4240177,-1.2962917,1
16.0,16,-1.5924163,-2.649937,-2.8929567,0.14072667,-3.3967128,-1.1442208,-2.1569154,-2.1996617,-3.3707597,-0.26133755,2.00927,6.0402136,-1.0630425,-0.066241264,-0.7833401,-0.6997275,12.0505295,3.693294,-2.413878,-1.2925009,1
16.0,16,-1.5950603,-2.6475902,-2.893285,0.14057769,-3.399701,-1.1442053,-2.1611843,-2.198933,-3.3684883,-0.2598472,2.0102122,6.0464087,-1.0694366,-0.067736946,-0.78013384,-0.69996786,12.046927,3.6933231,-2.4119678,-1.2921064,1
9.0,9,1.1799328,-0.38101137,1.6388389,-0.8619279,-1.8709018,-0.67437816,-0.6698298,-3.9624164,1.2291191,11.507172,-5.380302,-2.7749233,1.4387742,-2.213996,0.4574719,-0.30777204,1.9243643,-1.3573215,0.9602652,0.78808904,1
9.0,9,1.181967,-0.36491746,1.6490904,-0.85376984,-1.8633184,-0.6828556,-0.6800456,-3.9754655,1.2331922,11.507439,-5.3990707,-2.7554665,1.4448161,-2.1993456,0.46584308,-0.30385244,1.9138646,-1.3631958,0.92902696,0.792137,1
9.0,9,1.1657264,-0.58522063,1.4705855,-1.1064066,-1.9907705,-0.4217837,-0.59640884,-3.778207,1.2606351,11.515677,-5.072707,-3.0604045,1.3223178,-2.5165367,0.4368158,-0.32061988,2.0304668,-1.2618592,1.306775,0.76176065,1
9.0,9,1.1110032,-0.7724704,1.286785,-1.3079762,-2.1049113,-0.11974297,-0.5287299,-3.6331851,1.3093362,11.483008,-4.795359,-3.2643523,1.1984142,-2.7492003,0.37865177,-0.3140059,2.1142068,-1.2037423,1.6248019,0.6770712,1
9.0,9,1.1716659,-0.56274414,1.5299921,-1.0658524,-1.9745237,-0.4762213,-0.6427154,-3.798087,1.279824,11.548845,-5.1360884,-3.0147712,1.3612474,-2.446702,0.43993407,-0.34155977,1.991378,-1.2924324,1.2394606,0.7772271,1
9.0,9,1.1802566,-0.38422334,1.6403782,-0.85867953,-1.87091,-0.6764721,-0.6668386,-3.961742,1.2269307,11.506874,-5.380175,-2.775598,1.4424369,-2.211755,0.45295423,-0.3099823,1.9248707,-1.356959,0.96044743,0.7868976,1
5.0,5,-0.16044733,-1.6396377,-3.7188666,-0.94329935,1.9746473,11.96648,3.5669138,-0.38732344,-2.1145782,-1.1929679,2.4897125,-1.2379439,1.5417218,-3.095907,-2.855306,-0.62054276,-0.8719479,-0.17418325,-3.3403373,-4.566878,1
5.0,5,-0.16773249,-1.6369829,-3.7119303,-0.9421202,1.9845457,11.973852,3.5778348,-0.3751741,-2.1197476,-1.1954424,2.4697173,-1.2351949,1.5347807,-3.0866463,-2.857029,-0.6254009,-0.86910355,-0.16957441,-3.337628,-4.5694733,1
5.0,5,-0.08068663,-1.6256933,-3.7346356,-0.98757696,1.8634019,11.948178,3.4230158,-0.49182525,-2.085248,-1.1588699,2.5896366,-1.2931185,1.5542784,-3.1334522,-2.849395,-0.49686354,-0.8668362,-0.22496694,-3.3288953,-4.5637183,1
5.0,5,-0.018209688,-1.6180618,-3.7374017,-1.007232,1.8103026,11.927557,3.3575866,-0.54134244,-2.0710106,-1.1357403,2.6326008,-1.3358198,1.5611763,-3.1556566,-2.8573782,-0.43859714,-0.854613,-0.25301734,-3.324966,-4.564003,1
5.0,5,-0.071302496,-1.6337811,-3.7257142,-0.98021877,1.8788625,11.942148,3.4394062,-0.47753108,-2.0819356,-1.1396006,2.5772407,-1.3071935,1.5781318,-3.1387196,-2.8564901,-0.5351493,-0.8797207,-0.21829185,-3.3287947,-4.559606,1
5.0,5,-0.16722687,-1.642021,-3.7164426,-0.93954515,1.981121,11.965622,3.576463,-0.38023865,-2.1143372,-1.1952995,2.4832156,-1.2338132,1.5528301,-3.0939028,-2.8569005,-0.6336962,-0.8778554,-0.17141709,-3.341601,-4.5660386,1
1.0,1,-0.4361818,11.672737,0.94663274,2.2426486,-2.3942933,-1.1823374,0.9995929,-1.9771621,0.625933,-0.4629574,-3.95714,3.1328597,-3.5532634,1.9176486,-1.4353293,-1.5258126,-1.7637023,1.9839925,-1.0421251,-2.1824872,1
1.0,1,-0.43388462,11.6735735,0.9498199,2.2382894,-2.3939824,-1.1834719,0.9991082,-1.9796972,0.62804127,-0.46033335,-3.9590304,3.1282904,-3.5510314,1.9178454,-1.4352422,-1.5266339,-1.7620814,1.9851036,-1.0415264,-2.181111,1
1.0,1,-0.43966326,11.662059,0.87135845,2.33282,-2.3958683,-1.1782478,1.0478336,-1.9520173,0.61815566,-0.5231381,-3.9016843,3.1776755,-3.5921679,1.8723403,-1.4749826,-1.5101246,-1.790017,1.9773974,-1.0645641,-2.2056549,1
1.0,1,-0.4311519,11.664529,0.8382684,2.36085,-2.3939533,-1.1663245,1.0660033,-1.9358776,0.61463803,-0.5469048,-3.8695521,3.1810899,-3.6072447,1.837997,-1.4764004,-1.5009584,-1.8135017,1.9801992,-1.0831552,-2.2179005,1
1.0,1,-0.4644775,11.66105,0.9025394,2.2928395,-2.4029565,-1.1700767,1.0149759,-1.9469408,0.6219298,-0.5098142,-3.9184108,3.184053,-3.5766017,1.909918,-1.4517882,-1.5148013,-1.7930297,1.9789388,-1.060002,-2.2038357,1
1.0,1,-0.44282314,11.6701355,0.9494239,2.2398608,-2.3969073,-1.1841359,0.9955421,-1.9787676,0.6267474,-0.46219313,-3.960631,3.1385312,-3.551626,1.9271318,-1.4364659,-1.5265288,-1.7597934,1.9837753,-1.0396843,-2.1820886,1
13.0,13,-4.138908,-0.28270975,-1.1015202,-1.0252097,-1.6986454,0.12570897,-2.8687055,-1.2180111,-0.84151924,-0.887006,-1.5398252,1.1736019,1.6531426,12.367976,-1.9482595,1.5503815,-1.9338989,-2.010254,-1.4924378,-2.2174642,1
13.0,13,-4.1389394,-0.28272912,-1.1014735,-1.0253037,-1.6985986,0.12573254,-2.8687503,-1.2179971,-0.8414573,-0.8869618,-1.5398307,1.1735834,1.6532445,12.367991,-1.9482243,1.5503471,-1.9339858,-2.0102992,-1.4924988,-2.217438,1
13.0,13,-4.138678,-0.2832245,-1.1019427,-1.026074,-1.6994264,0.12592977,-2.8697028,-1.2180058,-0.84111434,-0.88501346,-1.5393662,1.1732548,1.652276,12.367582,-1.9480484,1.5508683,-1.9330467,-2.011104,-1.4928817,-2.2172368,1
13.0,13,-4.138779,-0.2833967,-1.1019734,-1.0266199,-1.6993309,0.1260311,-2.8697767,-1.2180034,-0.8408122,-0.8848824,-1.5391898,1.1732647,1.6528318,12.3676,-1.9480247,1.5506127,-1.933152,-2.0113509,-1.4931066,-2.217113,1
13.0,13,-4.1388774,-0.28282827,-1.1015072,-1.0257058,-1.6988688,0.12577766,-2.869093,-1.2179797,-0.841309,-0.8862798,-1.5397274,1.1734658,1.6530733,12.367927,-1.9481642,1.5503963,-1.9337287,-2.0105786,-1.4925756,-2.2173564,1
13.0,13,-4.1389327,-0.28272203,-1.1014613,-1.0253279,-1.6986434,0.1257346,-2.8688004,-1.2179972,-0.8414336,-0.88686,-1.5398378,1.1735653,1.6531752,12.367977,-1.9482285,1.5503943,-1.9339685,-2.0103369,-1.4925152,-2.2174277,1
