true_label,predicted_label,prob_class_0,prob_class_1,prob_class_2,prob_class_3,prob_class_4,prob_class_5,prob_class_6,prob_class_7,prob_class_8,prob_class_9,prob_class_10,prob_class_11,prob_class_12,prob_class_13,prob_class_14,prob_class_15,prob_class_16,prob_class_17,prob_class_18,prob_class_19,correct
18.0,18,-1.5354873,-1.7963729,1.01288,-0.31894523,-2.8589811,-2.5226479,-0.5134315,-3.595553,1.4272877,0.26214445,-0.45381027,0.13140762,2.7252054,2.2135668,-1.7703353,-2.3991382,3.125264,-3.409352,11.84339,2.2219296,1
18.0,18,-1.553526,-1.781803,0.9625083,-0.2836645,-2.8479762,-2.5184984,-0.5140239,-3.680592,1.5021797,0.21350825,-0.42457175,0.15491785,2.7667997,2.150188,-1.7638291,-2.3827567,3.0760572,-3.3737364,11.879996,2.2431936,1
18.0,18,-1.8551303,-1.8548464,0.87337697,-0.26879993,-3.0693114,-2.67388,-0.51507616,-4.0153565,2.425695,0.54819584,-0.05365253,0.15628278,2.7308023,2.2359304,-1.9414129,-2.590072,2.5959954,-3.364559,12.031564,2.5986981,1
18.0,18,-2.3921237,-1.2927545,0.31289,-0.29629952,-3.8871493,-2.8487587,0.06766995,-4.7989492,4.4110856,0.37074152,0.690208,-0.664464,4.3531613,1.2453914,-2.3887992,-2.9076893,1.8320312,-2.9388065,11.583649,2.5696137,1
18.0,18,-1.6354189,-1.716906,0.8188628,-0.24222769,-2.9324822,-2.554315,-0.45323527,-3.8651712,1.8085629,0.15614684,-0.2840962,0.1077905,2.9815536,1.9543356,-1.8100129,-2.407287,2.9325745,-3.3060584,11.9594755,2.3099937,1
18.0,18,-1.5514992,-1.7811654,0.97044575,-0.28508586,-2.855496,-2.5166314,-0.5052133,-3.675686,1.4852656,0.21229073,-0.4311186,0.14861204,2.7685807,2.169434,-1.7650627,-2.3808916,3.0773466,-3.3831148,11.872499,2.2472577,1
0.0,0,11.462586,3.9758122,1.903116,-0.7829238,-0.12219932,-1.0445056,-1.2409741,0.14626609,-0.116206795,1.698024,-1.010328,-3.8008113,-0.06403186,-2.4329813,-4.2677774,-0.066306576,-1.4723163,-1.988649,-3.2825193,-1.6121519,1
0.0,0,11.470208,3.9798362,1.9023776,-0.77524865,-0.122777335,-1.0422407,-1.24211,0.14619327,-0.11845313,1.6918361,-1.0048872,-3.7979057,-0.071618736,-2.4329057,-4.267339,-0.069449455,-1.4721663,-1.9873163,-3.2827873,-1.6142515,1
0.0,0,11.4676485,3.9884562,1.9082514,-0.77244145,-0.1379723,-1.0466583,-1.238941,0.14217763,-0.10745628,1.7045739,-1.0113013,-3.8043964,-0.06751766,-2.4351587,-4.276978,-0.07690572,-1.4680084,-1.9808165,-3.277358,-1.6069725,1
0.0,0,11.534991,3.9458082,1.9070356,-0.74952805,-0.10873734,-1.0455976,-1.2577498,0.16427152,-0.15808834,1.6392248,-0.9588437,-3.755768,-0.13472421,-2.4255438,-4.254681,-0.055217713,-1.4555037,-2.0141623,-3.2567663,-1.6136634,1
0.0,0,11.47533,3.980586,1.9023056,-0.771297,-0.122354425,-1.0412413,-1.2430495,0.146841,-0.12077166,1.6874762,-1.001241,-3.795426,-0.07658738,-2.4328234,-4.26671,-0.070338786,-1.4717352,-1.9876148,-3.2822433,-1.6151118,1
0.0,0,11.466827,3.9793308,1.9030229,-0.77804613,-0.12297202,-1.0430452,-1.2414654,0.14604399,-0.1171048,1.6944852,-1.0074669,-3.799404,-0.06800862,-2.4332345,-4.2678246,-0.06887586,-1.4725114,-1.9873017,-3.2829366,-1.6132336,1
2.0,2,0.69741976,1.6865621,11.201544,0.154698,-1.3521988,0.3864759,-1.6500907,-0.99125916,1.8943729,2.1682835,-2.8831165,-2.8732848,0.2550523,-0.9956982,1.0537415,-0.7583843,-1.0879675,-1.3904489,-3.620603,-2.1150148,1
2.0,2,0.6945753,1.6877209,11.2024,0.14923836,-1.3528566,0.38641083,-1.6504062,-0.99225736,1.8993362,2.1810975,-2.8828351,-2.873261,0.2517319,-0.9923828,1.0501491,-0.7625244,-1.0890477,-1.3923342,-3.6176157,-2.1135187,1
2.0,2,0.6911285,1.6611142,11.217749,0.16319929,-1.3610797,0.3822854,-1.6486919,-1.0122694,1.9435338,2.1386077,-2.8672273,-2.8646855,0.26925614,-0.99252987,1.0291163,-0.7672019,-1.1015427,-1.4052126,-3.5886407,-2.0970747,1
2.0,2,0.7052134,1.6207743,11.219897,0.25323677,-1.3719169,0.41532862,-1.6324047,-1.0111299,1.9135484,1.8758359,-2.8305128,-2.8786438,0.330684,-0.9907938,1.049821,-0.717682,-1.1212192,-1.4057604,-3.6044064,-2.1299236,1
2.0,2,0.69357514,1.6808896,11.205527,0.16194753,-1.3552829,0.39284712,-1.6463435,-0.99483144,1.9018241,2.1446202,-2.8756926,-2.8758225,0.25952965,-0.9891109,1.04822,-0.75835544,-1.0962131,-1.3944069,-3.6155581,-2.1171086,1
2.0,2,0.69549596,1.6851457,11.202803,0.15621834,-1.3534498,0.38947925,-1.6489087,-0.99245375,1.8971134,2.1616783,-2.8803124,-2.8747232,0.25568557,-0.9923596,1.0519593,-0.75866663,-1.0913446,-1.3919889,-3.6189423,-2.1162677,1
9.0,9,-1.396586,1.5847601,4.917705,-4.46735,-1.2511631,0.5036854,-1.9548991,-0.18689586,2.2794216,9.679821,-2.4948761,-3.8977897,-0.80166054,1.4594704,1.3771442,-1.2679195,-0.800949,0.34890458,-3.222281,-1.4792106,1
9.0,9,-1.3972467,1.5839049,4.916133,-4.4676294,-1.2509276,0.5025984,-1.9548678,-0.18871844,2.280028,9.681142,-2.4938493,-3.896976,-0.8010632,1.4613018,1.3754766,-1.2702348,-0.7997382,0.3494655,-3.2195644,-1.4786806,1
9.0,9,-1.3931564,1.5752412,4.8977294,-4.469034,-1.2481277,0.49498716,-1.9532304,-0.18593103,2.2811384,9.696489,-2.490232,-3.8934083,-0.79929143,1.4528439,1.3714275,-1.2719111,-0.79450476,0.34663427,-3.2140565,-1.4643556,1
9.0,9,-1.3915821,1.5816005,4.9133816,-4.4675827,-1.2510442,0.50113606,-1.9534624,-0.18144867,2.2819915,9.6852045,-2.4955175,-3.899375,-0.8030861,1.4456471,1.37929,-1.2595471,-0.80189717,0.34540683,-3.227416,-1.4698868,1
9.0,9,-1.3962206,1.5833118,4.915708,-4.4676776,-1.2510307,0.5020548,-1.9545434,-0.18780605,2.280912,9.682054,-2.494003,-3.8974738,-0.80144733,1.4582663,1.3759285,-1.2682632,-0.80004674,0.3487713,-3.2207093,-1.4767367,1
9.0,9,-1.3966589,1.5840366,4.9166446,-4.467544,-1.2510563,0.5027569,-1.9547625,-0.18782903,2.2801473,9.680948,-2.494288,-3.897458,-0.80143136,1.4595875,1.3762625,-1.2686571,-0.8002938,0.34902802,-3.2209506,-1.4781667,1
8.0,8,-1.6722014,1.2560966,1.7135541,-0.84344137,-4.8824153,0.75429684,-2.9183507,-4.9339037,11.545279,3.562289,0.2504768,-2.8993936,1.3302598,0.5998933,-2.1103687,-2.1204312,-1.1884254,0.19273657,0.9087146,-1.3423303,1
8.0,8,-1.6667023,1.2572055,1.7143627,-0.8433323,-4.8811374,0.7590396,-2.9167762,-4.932401,11.545319,3.5574558,0.24781862,-2.905815,1.3403958,0.60085166,-2.1110225,-2.1175413,-1.19787,0.19277117,0.8934166,-1.3465587,1
8.0,8,-1.6604135,1.2757142,1.7294915,-0.83347154,-4.899724,0.78400785,-2.8946335,-4.9330845,11.538844,3.4835374,0.26239792,-2.922729,1.343537,0.6040119,-2.1022842,-2.0898914,-1.2271717,0.15817389,0.89268553,-1.3953729,1
8.0,8,-1.6172291,1.3227775,1.795519,-0.8540932,-4.8868356,0.8373343,-2.8735888,-4.924416,11.521979,3.5187287,0.17727518,-3.014312,1.4368458,0.6147947,-2.0880466,-2.0735276,-1.3096466,0.13414866,0.7175226,-1.4597079,1
8.0,8,-1.6572793,1.2616566,1.7190678,-0.84426224,-4.878499,0.7679777,-2.9136567,-4.93015,11.544509,3.5539641,0.23966408,-2.918848,1.3580161,0.60200715,-2.1113071,-2.1133451,-1.2139108,0.19173384,0.8643605,-1.3549134,1
8.0,8,-1.6660433,1.2567197,1.7131273,-0.8435204,-4.8798733,0.7588476,-2.917212,-4.9323883,11.545689,3.5591218,0.24717656,-2.906175,1.3425721,0.60059166,-2.1116877,-2.1182427,-1.1982265,0.19444963,0.8903052,-1.3445907,1
9.0,9,-0.8694031,1.7752715,2.382865,-3.0928857,-0.17577705,-2.2008257,-1.8482527,-1.565676,0.21399361,10.570538,-2.9481778,-2.1357884,2.1792955,1.5962981,1.3333052,-2.1175675,0.2408842,-1.7658981,-1.1115271,0.360416,1
9.0,9,-0.8699788,1.7304132,2.3960931,-3.1022427,-0.14153174,-2.1952264,-1.8254952,-1.5317053,0.16945904,10.552161,-2.9504037,-2.1344354,2.1952446,1.5936518,1.340542,-2.1119666,0.23750632,-1.7581147,-1.1381027,0.3592633,1
9.0,9,-0.8660648,2.1070137,2.3062227,-3.0737097,-0.24962232,-2.1129167,-2.0407543,-1.7827921,0.40770295,10.458819,-3.0666633,-2.2164755,2.3634057,1.6043276,1.5958574,-2.0814338,0.12975593,-1.7871501,-1.2363367,0.06295439,1
9.0,9,-0.87369204,2.2240107,2.1704824,-3.189224,-0.021286033,-1.9535441,-2.0948257,-1.6755733,0.13374895,10.124716,-3.190063,-2.327591,2.6082375,1.6185073,2.0811927,-1.9582492,0.011663407,-1.7390721,-1.6116126,-0.26596993,1
9.0,9,-0.872254,1.7115941,2.3976648,-3.1156993,-0.10387885,-2.178868,-1.8152479,-1.5030478,0.120212674,10.51871,-2.9637814,-2.1426125,2.2244246,1.5940896,1.3818533,-2.0999894,0.22535206,-1.7462553,-1.1846515,0.33235714,1
9.0,9,-0.86966133,1.7217556,2.3998294,-3.1001348,-0.14490354,-2.200149,-1.8205813,-1.5299368,0.17240727,10.560135,-2.9442,-2.129997,2.1865456,1.5928495,1.3240323,-2.1157293,0.24200045,-1.7602602,-1.126051,0.37257624,1
7.0,7,-2.007892,1.1954675,-0.34109223,-0.25038913,-2.709276,0.68096024,6.574135,8.892386,-2.1219454,-1.7749774,-0.31802997,-2.634565,1.3373066,-2.2678099,-4.1805162,-1.276844,-1.2261819,-0.5023474,-1.5966794,-1.5944538,1
7.0,7,-2.0241282,1.2603139,-0.37824464,-0.24291009,-2.6038752,0.7700812,6.407034,9.056824,-2.1284323,-1.8272687,-0.29929692,-2.5446413,1.1298593,-2.275006,-4.021132,-1.1751534,-1.3565392,-0.3213346,-1.9210483,-1.7096895,1
7.0,7,-2.1629608,1.3198665,-0.7802794,-0.42818606,-1.8788978,1.160617,5.532196,9.804922,-2.05244,-1.4905335,-0.40062514,-2.4463701,0.57594615,-1.9041501,-2.5231504,-1.3277192,-2.120461,-0.33510908,-3.3617334,-1.6968066,1
7.0,7,-2.1727898,1.3715132,-1.0232811,-0.50056803,-1.5118966,1.331047,4.8955717,10.0579815,-2.1313517,-1.3466754,-0.5713341,-2.3206832,0.1944371,-1.7382704,-1.6199636,-1.1760749,-2.2791896,-0.2242423,-4.0514393,-1.8104995,1
7.0,7,-1.9876325,1.3290198,-0.43643415,-0.19820534,-2.4188414,0.83509904,6.1589255,9.239945,-2.1457257,-1.90949,-0.26107088,-2.404547,0.9130482,-2.2908068,-3.8782358,-1.063277,-1.5092711,-0.07582813,-2.3263454,-1.8531368,1
7.0,7,-2.0421054,1.2694956,-0.38644564,-0.2530309,-2.5868344,0.80333245,6.372062,9.105249,-2.1291,-1.826451,-0.29959664,-2.5331502,1.0711645,-2.2682056,-3.9577458,-1.1519396,-1.3923419,-0.29574454,-1.9999543,-1.7273483,1
9.0,9,-2.6633885,1.573396,2.5450385,-2.93862,-2.0241334,-3.4544072,-2.0363572,-3.0042422,1.4969351,9.738508,-1.3648186,-2.7018745,1.5533034,3.7656627,2.0274138,-1.9028028,-0.50620604,-2.0904765,1.5980334,2.1087184,1
9.0,9,-2.670503,1.610136,2.5953572,-2.9235885,-2.0473995,-3.4824665,-1.9873223,-3.0914557,1.6025803,9.740512,-1.3468676,-2.708222,1.5254606,3.721223,1.9768825,-1.9117805,-0.5317251,-2.0943635,1.6297957,2.1131754,1
9.0,9,-2.6800065,1.432352,2.3690703,-2.8380089,-2.2100053,-3.544441,-2.195099,-3.0334435,1.5983222,9.824562,-1.3789299,-2.5672092,1.7349584,3.8014662,1.98297,-1.9147166,-0.42503643,-1.9821857,1.6975023,2.3943794,1
9.0,9,-2.6619263,2.3555422,1.4506099,-3.1578221,-1.7346979,-2.8122647,-2.8396113,-2.9107475,0.40531468,8.605095,-1.6359456,-2.759896,1.2381637,3.7700016,4.9608393,-0.5860394,-0.60545,-1.5253156,-0.15792687,1.0491437,1
9.0,9,-2.6868093,1.7583659,2.5387814,-2.9554808,-2.0075197,-3.4612122,-2.0069995,-3.1426728,1.5231541,9.646584,-1.3712604,-2.7273777,1.4445168,3.6845872,2.2822785,-1.7796263,-0.556671,-2.0442245,1.4358274,1.9869801,1
9.0,9,-2.6669602,1.6275216,2.5793219,-2.9317286,-2.031617,-3.4720123,-1.9931443,-3.0738008,1.5569685,9.728557,-1.357176,-2.713732,1.5167744,3.7311816,2.019634,-1.8931345,-0.5307661,-2.0854774,1.5895483,2.096074,1
10.0,3,-0.23967859,0.037794225,-0.08086098,8.921373,-2.5603411,1.4967185,-1.6853049,0.4249758,-1.0726825,-0.63695014,1.7616638,2.8198452,-0.71044517,-1.2370073,-1.9652328,2.9658308,0.13241437,-3.8729713,-4.5616455,-1.2578142,0
10.0,3,-0.24295095,0.0022867918,-0.06688154,8.90607,-2.6103556,1.4701978,-1.6877327,0.3788441,-1.005408,-0.69935054,1.9509039,2.7670176,-0.6977746,-1.243262,-1.9555241,2.9518309,0.08264747,-3.921676,-4.5417795,-1.2363621,0
10.0,3,-0.24417438,-0.031975314,-0.052429512,8.883485,-2.6781054,1.4358351,-1.6823921,0.307426,-0.91240674,-0.7912066,2.2017033,2.680961,-0.68370736,-1.2509252,-1.9339736,2.9553273,-0.01272814,-3.996503,-4.5063753,-1.2078899,0
10.0,3,-0.24420999,-0.040389083,-0.066867515,8.831357,-2.731686,1.4025885,-1.6749098,0.25340456,-0.8420206,-0.8278991,2.3922555,2.625266,-0.69073045,-1.2561575,-1.9182813,2.9919627,-0.087859735,-4.0671887,-4.4840274,-1.173619,0
10.0,3,-0.23869513,-0.025041364,-0.04481171,8.899584,-2.6632576,1.4460654,-1.6851573,0.32376802,-0.9328337,-0.77892053,2.1459327,2.6899354,-0.68203545,-1.247944,-1.9444033,2.9411693,0.008594602,-3.9722235,-4.5190825,-1.2176872,0
10.0,3,-0.23750702,0.010947883,-0.06323211,8.913458,-2.6073318,1.4742738,-1.6851888,0.37864423,-1.009118,-0.70149606,1.9372566,2.7591553,-0.6985603,-1.2427019,-1.957092,2.9547734,0.07443857,-3.9184396,-4.544221,-1.2395414,0
1.0,1,-1.4258195,11.394223,-1.2341764,2.9254313,-2.1078858,1.5108576,1.2674866,-1.6211352,-2.137581,-1.6224775,-0.77016515,-0.08908065,-1.153536,-0.7054357,-0.70757914,1.0952287,-2.4789422,0.010373138,-2.0936203,-2.5302215,1
1.0,1,-1.4260958,11.39394,-1.2342904,2.9264123,-2.1085505,1.5106496,1.2670398,-1.6213189,-2.137478,-1.6231122,-0.7688602,-0.0879467,-1.1542114,-0.70601535,-0.70698524,1.0955871,-2.478792,0.010151856,-2.093391,-2.529952,1
1.0,1,-1.4277482,11.394345,-1.2331762,2.926749,-2.1128602,1.5113213,1.2654513,-1.6223837,-2.133783,-1.6228553,-0.768154,-0.08791286,-1.1530868,-0.70487684,-0.7062305,1.0951906,-2.4794092,0.010412909,-2.092493,-2.5298123,1
1.0,1,-1.4313205,11.391325,-1.2314609,2.9297261,-2.119242,1.5094302,1.2624543,-1.6214836,-2.1327837,-1.6268501,-0.7609292,-0.08184494,-1.1564609,-0.70884985,-0.70213985,1.1020178,-2.4775403,0.003018029,-2.0898886,-2.527004,1
1.0,1,-1.4262013,11.393808,-1.2342829,2.9267986,-2.1088214,1.5105008,1.2668715,-1.6213547,-2.1374724,-1.623345,-0.76829875,-0.087473735,-1.1544976,-0.706327,-0.7067647,1.0957859,-2.4786928,0.009966947,-2.093275,-2.5297947,1
1.0,1,-1.425797,11.394195,-1.2342387,2.925832,-2.1079733,1.5107398,1.2673883,-1.6212355,-2.1376057,-1.6226,-0.7697219,-0.088713005,-1.1537651,-0.70567906,-0.7074692,1.0951617,-2.4789002,0.010482289,-2.0935764,-2.5301323,1
16.0,16,-0.5901449,-2.6742349,-1.1347256,-0.575841,1.1554165,-1.8795953,-2.538427,3.6118336,-2.871185,1.2792434,-2.306858,0.86195564,-0.7185711,-1.9144766,1.0076053,1.1625105,9.23401,-2.1579404,-0.8460167,-0.32517865,1
16.0,16,-0.5731118,-2.66307,-1.1170545,-0.5810826,1.1385789,-1.8857452,-2.593035,3.4817932,-2.8115845,1.2946461,-2.2616153,0.8848758,-0.7599647,-1.9158783,1.033328,1.1953171,9.281641,-2.1574109,-0.8588259,-0.3409824,1
16.0,16,-0.4728868,-2.5999594,-1.176399,-0.5351598,1.1213409,-1.7424558,-2.690571,3.3091826,-2.6917794,1.3476865,-2.177786,0.8798569,-1.0213817,-1.9358666,1.0979741,1.4781829,9.205878,-2.3542886,-1.0153301,-0.36173162,1
16.0,16,-0.5490542,-2.6139328,-1.1750777,-0.5643679,1.1198908,-1.7837803,-2.603529,3.4672542,-2.7607691,1.34607,-2.2711596,0.8902482,-0.906669,-1.9168414,1.0385457,1.3203998,9.229117,-2.2604184,-0.93219167,-0.3285741,1
16.0,16,-0.5485495,-2.6552358,-1.1020424,-0.58013606,1.1263583,-1.887601,-2.6540527,3.3488233,-2.7505429,1.3071374,-2.2071018,0.90087014,-0.8102861,-1.9202337,1.0648823,1.2460169,9.316478,-2.1633823,-0.88729,-0.36250594,1
16.0,16,-0.5490222,-2.6635149,-1.1189622,-0.5676985,1.1453589,-1.8683468,-2.62091,3.4461067,-2.798711,1.2930895,-2.2371998,0.87288743,-0.7928922,-1.9206467,1.0544516,1.2512712,9.26224,-2.1873598,-0.89379853,-0.35736015,1
13.0,13,-2.091543,5.474803,-2.581274,-1.6636903,-1.880508,1.5090166,2.018436,-3.6121724,-0.92136073,-1.8305246,-0.9118918,-3.2990956,3.9198816,8.389006,-0.52950966,-1.8876588,-2.2270243,0.10998128,-1.9223794,-3.4451997,1
13.0,13,-2.0841486,5.511685,-2.589979,-1.6435925,-1.8559142,1.5347501,2.0299728,-3.6245375,-0.93366665,-1.8378929,-0.91883093,-3.306775,3.8962536,8.346283,-0.5188452,-1.8813857,-2.2401254,0.12660004,-1.9424874,-3.4586833,1
13.0,13,-2.1475117,5.3186173,-2.6087294,-1.7281661,-1.8933709,1.5320853,1.7520847,-3.6616466,-0.8562604,-1.8247563,-0.86943537,-3.1821377,3.921607,8.669743,-0.4274101,-1.8190271,-2.27421,0.24525678,-1.9852372,-3.4778173,1
13.0,13,-2.0710123,5.670035,-2.6112206,-1.5802876,-1.806477,1.6538486,1.7425663,-3.6264863,-1.0484505,-1.7825058,-0.98381543,-3.1794221,3.732012,8.485717,-0.46355343,-1.7465351,-2.3163204,0.2755304,-2.0921392,-3.493051,1
13.0,13,-2.0790107,5.5362034,-2.596025,-1.6302099,-1.8381402,1.5500429,2.0399177,-3.633629,-0.94269216,-1.8437684,-0.9230578,-3.3119466,3.8798938,8.316139,-0.5116364,-1.8766029,-2.2488139,0.13891347,-1.9558016,-3.467078,1
13.0,13,-2.084868,5.504839,-2.5877829,-1.6479192,-1.8610034,1.5265701,2.0307932,-3.6209536,-0.9322554,-1.8369371,-0.91728884,-3.3056211,3.8996234,8.35407,-0.52310073,-1.8821522,-2.2363791,0.122828074,-1.937832,-3.4548492,1
3.0,3,0.756426,2.568829,0.7204163,11.077671,-0.13731241,0.92057496,-0.5629271,-1.3984329,-2.1020875,-1.8942674,-1.0651735,0.6511597,-0.418698,-1.114576,-2.3490367,-1.4001857,-0.78654397,1.5432156,-2.750867,-3.0405693,1
3.0,3,0.76949966,2.5732746,0.72063744,11.088663,-0.13944608,0.916513,-0.57020575,-1.4009113,-2.0662222,-1.8911916,-1.0177722,0.64896286,-0.4254191,-1.170321,-2.3692057,-1.4123188,-0.78788024,1.5392438,-2.7527418,-3.0332289,1
3.0,3,0.7737429,2.5738618,0.71506095,11.098344,-0.14058793,0.912344,-0.5778429,-1.4052848,-2.0324423,-1.8871174,-0.9805807,0.6589222,-0.43158537,-1.2154692,-2.385298,-1.4244281,-0.78771484,1.5390147,-2.7436576,-3.0299554,1
3.0,3,0.78768575,2.5824,0.7121053,11.113625,-0.14524835,0.9071806,-0.5872533,-1.4114695,-1.978295,-1.8835956,-0.9070572,0.65089893,-0.44256985,-1.297218,-2.4068432,-1.4385675,-0.7988083,1.5345854,-2.7443547,-3.0179844,1
3.0,3,0.77968,2.5772843,0.720362,11.097713,-0.14117277,0.91307,-0.57600766,-1.4033761,-2.0359688,-1.8892901,-0.9761575,0.644805,-0.43140632,-1.217996,-2.3840466,-1.4216218,-0.7910823,1.536109,-2.7543063,-3.0265584,1
3.0,3,0.7683296,2.5735457,0.72013974,11.087731,-0.1390844,0.91685516,-0.56933624,-1.4012388,-2.0683856,-1.8914529,-1.0202303,0.6468667,-0.42496938,-1.166844,-2.366563,-1.4108713,-0.7898058,1.5400308,-2.7529874,-3.0335214,1
11.0,11,-1.9597137,-1.9355555,-0.20133272,1.6215063,1.1444268,-1.3326762,-1.1394713,0.6943836,-2.56599,-0.18520452,-2.7142828,10.123236,-1.3611077,-1.1365823,0.6168765,1.6186187,5.8540845,0.009697512,-1.2114208,-2.1878238,1
11.0,11,-1.9639062,-1.935927,-0.20288236,1.628511,1.1438142,-1.3352342,-1.1362319,0.69284445,-2.5641348,-0.18827885,-2.7043319,10.129302,-1.35978,-1.1431569,0.60969055,1.613997,5.854519,0.010601096,-1.2072868,-2.1849847,1
11.0,11,-1.9675983,-1.9371469,-0.20644455,1.6326137,1.1475742,-1.3387793,-1.1305571,0.69035816,-2.563556,-0.19308162,-2.6915286,10.13867,-1.3598007,-1.148704,0.6050966,1.6115235,5.8486104,0.010104999,-1.2032324,-2.1817772,1
11.0,11,-1.9639615,-1.9337254,-0.20708269,1.6344298,1.1496286,-1.334005,-1.1297176,0.6889073,-2.5671787,-0.19640274,-2.6941886,10.14097,-1.3617333,-1.1370527,0.607036,1.6202618,5.8300242,0.0045932382,-1.2079347,-2.1840084,1
11.0,11,-1.9689674,-1.9367591,-0.20478956,1.6383339,1.143963,-1.3380398,-1.1316934,0.6910721,-2.562211,-0.1925416,-2.6922061,10.13684,-1.358178,-1.1520988,0.60101235,1.6088704,5.853846,0.011681266,-1.2027239,-2.181554,1
11.0,11,-1.9632663,-1.9357404,-0.20260192,1.6281533,1.1438786,-1.334579,-1.13659,0.69304156,-2.5644743,-0.18805827,-2.7058935,10.1284685,-1.3599226,-1.1421201,0.610482,1.6149389,5.853814,0.010360904,-1.2080835,-2.1854942,1
3.0,3,0.21093073,-0.12552822,1.7674319,10.77487,-1.3857652,0.7142902,-1.082608,-1.0219228,-0.840698,-3.0572882,1.4300349,0.30402374,0.7251784,-1.332334,-1.2761937,0.14529699,-0.5530985,-2.1391377,-3.653491,-1.7837073,1
3.0,3,0.21022967,-0.12747514,1.7671297,10.773201,-1.3872825,0.7127034,-1.0835077,-1.0234987,-0.8388133,-3.0587738,1.4365649,0.30363226,0.7252125,-1.3319931,-1.2753574,0.14616576,-0.5533276,-2.1403723,-3.6533341,-1.7831877,1
3.0,3,0.20987645,-0.1290434,1.7662971,10.771318,-1.3891207,0.7111356,-1.0844344,-1.0251544,-0.8367097,-3.0604067,1.4442893,0.30261484,0.72515196,-1.3315606,-1.2746077,0.14724953,-0.5543007,-2.1419108,-3.6533465,-1.7825799,1
3.0,3,0.2090897,-0.13221756,1.7655467,10.767471,-1.3925265,0.7078767,-1.086141,-1.028794,-0.8324729,-3.063811,1.459093,0.30056348,0.72490746,-1.3305626,-1.2729744,0.14958727,-0.5562757,-2.1450152,-3.653349,-1.7815381,1
3.0,3,0.20910648,-0.13070077,1.7667049,10.77033,-1.3897537,0.7099819,-1.0849696,-1.0262613,-0.8356247,-3.061368,1.4475929,0.30282393,0.72521204,-1.3313779,-1.2738518,0.14777929,-0.5539123,-2.1425536,-3.6530905,-1.7823452,1
3.0,3,0.21034399,-0.12721816,1.7671535,10.7733965,-1.3872055,0.7129586,-1.083416,-1.0232528,-0.8390023,-3.058537,1.4358205,0.3036663,0.72522175,-1.3319695,-1.2755929,0.1459958,-0.55328906,-2.140225,-3.6533885,-1.7832135,1
19.0,9,-2.1951468,-0.99754894,0.49249393,-2.9662678,-0.78283817,-4.3176646,-1.6439217,-2.890182,1.6060203,8.976314,-1.0994893,-1.6454959,4.0121465,2.6562855,0.17277157,-2.8417401,0.69029164,-1.8618032,2.62283,6.9141917,0
19.0,9,-2.1766083,-1.0750773,0.46281952,-2.9403105,-0.74953324,-4.365256,-1.6067406,-2.8884292,1.6338066,8.837336,-1.0232974,-1.628432,4.008991,2.5994303,0.1222806,-2.8132882,0.665816,-1.7968425,2.6355667,7.1698527,0
19.0,9,-2.2890046,-0.81980526,0.54080653,-2.8860366,-0.9254029,-4.3493266,-1.7817799,-3.097152,1.9802734,9.052447,-1.1326358,-1.6630796,4.1833267,2.541178,0.14135385,-2.901039,0.6437391,-1.8041166,2.6274,6.7457037,0
19.0,9,-2.2840369,-0.34045127,0.4071483,-3.070965,-0.826927,-4.017767,-1.9813709,-2.9043467,1.6834762,9.101481,-1.5158482,-2.0684931,4.367571,2.707029,0.9164276,-2.8340545,0.45802677,-1.713886,1.7576786,5.994255,0
19.0,9,-2.1654987,-1.0923121,0.4347273,-2.9371552,-0.72277355,-4.377556,-1.592071,-2.8755186,1.6338257,8.758746,-0.99960786,-1.6459312,4.022376,2.5701773,0.13656086,-2.7937484,0.6392278,-1.7449945,2.5853329,7.2842374,0
19.0,9,-2.1738377,-1.0796099,0.46333987,-2.9407673,-0.74757904,-4.3652997,-1.603569,-2.8853533,1.6277333,8.836612,-1.0203457,-1.624168,4.002383,2.602394,0.11640139,-2.81254,0.66790164,-1.801714,2.6418557,7.1756487,0
9.0,9,-0.22173671,6.2713118,0.26450545,-1.6232984,-2.0967584,2.3734415,-0.8728805,-1.2044114,2.1316574,7.4723763,-0.62742054,-4.5824966,1.2176327,-3.5209646,-2.902667,-0.75771207,-1.7791985,2.9492648,-3.0812411,-1.9213301,1
9.0,9,-0.22153738,6.2308993,0.27679616,-1.6390451,-2.08412,2.3455086,-0.86890334,-1.2004814,2.1393087,7.5098305,-0.6279129,-4.578019,1.2054275,-3.5258648,-2.9072397,-0.7565728,-1.7612759,2.961754,-3.084621,-1.9011225,1
9.0,9,-0.22561577,6.117165,0.2531606,-1.6438184,-2.110963,2.2457104,-0.83089006,-1.216968,2.263337,7.6620307,-0.6163708,-4.552508,1.1980605,-3.5389636,-2.9630053,-0.7651343,-1.7218148,2.850615,-3.0091186,-1.7868782,1
9.0,9,-0.103609525,6.1573796,0.25581926,-1.6848549,-2.1536076,2.251078,-0.7395385,-1.1422852,2.2915866,7.6512136,-0.5479896,-4.671172,0.8939151,-3.641653,-2.8614914,-0.5315616,-1.8400283,2.6984963,-3.177791,-1.7161242,1
9.0,9,-0.20934886,6.211854,0.28737032,-1.6516886,-2.0806699,2.3267443,-0.85693336,-1.1933029,2.1507497,7.534378,-0.6228015,-4.5859976,1.1645935,-3.5408454,-2.9014454,-0.734999,-1.7602749,2.957246,-3.1017838,-1.8809482,1
9.0,9,-0.21895687,6.2434893,0.2748034,-1.6361341,-2.087472,2.351249,-0.86732936,-1.1999557,2.1376123,7.500281,-0.6257361,-4.581793,1.1984283,-3.5280476,-2.9028454,-0.75166917,-1.768393,2.9579153,-3.0886374,-1.9043338,1
5.0,7,-1.6559973,-1.33284,-0.7896454,-0.95705223,0.3755606,7.477843,-0.58802956,8.1994095,-2.220769,-3.100498,-1.2142229,-2.1463099,-1.1763375,-2.0242546,1.5314363,4.4508853,-1.7087426,-1.2394211,-6.029335,-3.9406393,0
5.0,7,-1.6348372,-1.2857469,-0.8356434,-0.98688537,0.3108515,7.717955,-0.67855024,7.8368144,-2.0735564,-3.0468369,-1.178448,-2.1925585,-1.1992587,-1.9541428,1.5574272,4.6650867,-1.7419745,-1.4088567,-6.0221095,-4.0516768,0
5.0,5,-1.5603281,-1.1104927,-0.9792615,-0.8689399,0.15191746,8.114188,-0.7611635,7.312269,-1.9006301,-2.7729347,-1.2564737,-2.2482367,-1.0935994,-1.8067976,1.3475904,4.7728505,-1.581392,-1.7841336,-6.002251,-4.2196493,1
5.0,5,-1.4849347,-0.93649244,-1.1934059,-0.9673245,0.023819648,8.62058,-0.9547749,6.137471,-1.4992251,-2.5236945,-1.1279345,-2.373561,-1.2034341,-1.5526116,1.3898133,5.391494,-1.6298742,-2.2863312,-5.884094,-4.4812236,1
5.0,5,-1.6187769,-1.2547956,-0.86873347,-1.0107121,0.26647186,7.8775945,-0.7396813,7.5771136,-1.969617,-3.0074682,-1.1512908,-2.2241035,-1.2190037,-1.9039735,1.5783548,4.815412,-1.7623943,-1.527838,-6.0108304,-4.1268487,1
5.0,7,-1.6350337,-1.2753141,-0.84190446,-0.983887,0.28792876,7.757904,-0.690663,7.785211,-2.046142,-3.0379214,-1.1807119,-2.2013752,-1.1886038,-1.9383183,1.570976,4.6806316,-1.748402,-1.4355041,-6.01932,-4.069445,0
7.0,7,-0.32548988,-1.0493267,0.09128499,-1.3511579,2.4146228,2.1600742,-0.07857029,10.448511,-3.9820654,-1.0835469,-2.0627284,-1.288504,-3.0503695,-2.773222,-1.5734599,0.11490424,2.7694247,1.0654842,-4.057075,-1.7958473,1
7.0,7,-0.29997328,-1.0287446,0.10880081,-1.3840504,2.4872353,2.1998098,-0.14491217,10.402483,-3.9543087,-1.0603421,-2.0669653,-1.3150104,-3.0922062,-2.7556322,-1.5414027,0.10714031,2.7286232,1.14558,-4.1160583,-1.868567,1
7.0,7,-0.23576546,-1.1279963,-0.028385699,-1.40702,2.6949277,2.054262,-0.20268022,10.319477,-4.0268874,-0.9647819,-2.05381,-1.2172351,-3.1476324,-2.754413,-1.394454,0.028272113,2.9926846,0.83558583,-4.0385237,-1.6910859,1
7.0,7,-0.20837505,-1.1315769,-0.040575653,-1.4336603,2.7950113,2.0639427,-0.2429782,10.277746,-4.029839,-0.93821144,-2.057449,-1.2185872,-3.1956153,-2.743046,-1.3568476,0.022092143,2.9951756,0.839211,-4.065249,-1.7207173,1
7.0,7,-0.27907586,-1.0206167,0.11892836,-1.4081419,2.5581062,2.2437353,-0.17968844,10.374631,-3.9404619,-1.0486394,-2.0693018,-1.3331362,-3.126903,-2.7352831,-1.5221686,0.11067736,2.6765404,1.1866639,-4.169172,-1.9282823,1
7.0,7,-0.29819936,-1.0381837,0.1086102,-1.3794016,2.4970899,2.2190218,-0.12697266,10.417033,-3.961291,-1.0677733,-2.066496,-1.3136462,-3.093011,-2.7460313,-1.5450698,0.1163184,2.6972694,1.118559,-4.1279306,-1.8693329,1
10.0,10,-1.4420531,-2.5590737,-1.850902,1.7510631,-2.0069516,-1.9918478,-1.0608814,-0.89036536,0.0737614,-3.3412979,9.4641905,3.8050091,-1.0597179,3.514416,-1.5313808,0.8808599,-1.8397926,-1.5075067,-2.568439,-0.3058314,1
10.0,10,-1.4321176,-2.5440261,-1.8454826,1.7190708,-2.0114362,-2.0109098,-1.095304,-0.9641718,0.15860468,-3.3300478,9.5829525,3.6766663,-1.0982028,3.390855,-1.4962552,0.93710583,-1.8656625,-1.3763982,-2.6230636,-0.27531508,1
10.0,10,-1.3776995,-2.4288113,-1.8780396,1.8729464,-2.0837083,-2.190984,-0.9964188,-1.0054297,0.25010845,-3.2970545,9.704566,3.5257893,-1.1825475,3.0546815,-1.6006768,1.0284555,-1.8956686,-1.2065068,-2.6437263,-0.08977391,1
10.0,10,-1.3390212,-2.4332201,-1.8697083,1.7857641,-2.0691676,-2.201295,-1.0645089,-1.0957279,0.38171107,-3.2754254,9.895607,3.3420615,-1.2386464,2.8427224,-1.5291014,1.0653425,-1.8897576,-1.0255995,-2.6990056,-0.06976722,1
10.0,10,-1.4271796,-2.537962,-1.8423694,1.7003713,-2.0132143,-2.0182972,-1.1125516,-0.9989083,0.20046538,-3.3238585,9.640319,3.6138275,-1.1158588,3.331799,-1.4778185,0.96192163,-1.8768257,-1.3144501,-2.6483068,-0.2618794,1
10.0,10,-1.4326447,-2.5479386,-1.8467213,1.7239536,-2.0102746,-2.0065398,-1.0889835,-0.9494487,0.14227806,-3.333205,9.561075,3.7027745,-1.0913118,3.4151504,-1.503743,0.9234261,-1.8576058,-1.4032394,-2.610292,-0.28276718,1
14.0,14,-2.5280604,-0.011431225,-1.5585489,-2.729624,3.2667398,-0.27086756,-3.1866164,0.44624788,-3.4479601,-0.7962831,-0.37930742,3.7279823,-0.62043047,-0.39328808,11.077131,2.493818,-1.1505678,-0.0041701123,-2.912623,-2.7698007,1
14.0,14,-2.5316205,-0.02032835,-1.5610216,-2.7341466,3.2602923,-0.27264574,-3.187013,0.44601837,-3.4437132,-0.7924784,-0.3681129,3.727845,-0.61769104,-0.39815247,11.0794525,2.5013194,-1.1508269,-0.011048175,-2.9103513,-2.7641227,1
14.0,14,-2.544344,-0.011301696,-1.5841357,-2.7502446,3.2415154,-0.26135683,-3.1879857,0.4276158,-3.423117,-0.7941746,-0.3368778,3.702454,-0.62000984,-0.40420264,11.094565,2.5409024,-1.176217,-0.029120483,-2.9084764,-2.7568367,1
14.0,14,-2.5765135,-0.033345886,-1.6115354,-2.7549388,3.1946025,-0.27062505,-3.1888819,0.42924207,-3.4031544,-0.8099425,-0.25471708,3.7378995,-0.6089706,-0.4575789,11.091605,2.6049964,-1.189226,-0.060482733,-2.8901124,-2.728405,1
14.0,14,-2.536046,-0.025152035,-1.5642543,-2.7355814,3.2538369,-0.27480826,-3.187135,0.4467653,-3.4407942,-0.7929468,-0.3563816,3.7325685,-0.6159672,-0.4059497,11.07936,2.5095122,-1.1515903,-0.015500508,-2.9078941,-2.7593772,1
14.0,14,-2.5317378,-0.018542282,-1.5611497,-2.7328467,3.260602,-0.27277142,-3.1869047,0.44628286,-3.444403,-0.79398274,-0.36841825,3.7296011,-0.6181628,-0.39889503,11.078486,2.5011892,-1.1509562,-0.009963341,-2.9103723,-2.7646983,1
19.0,19,0.44130751,-0.84147245,1.7333257,-1.5104148,-1.2173047,-2.1203535,2.9338355,6.6988597,-1.3488532,0.24897608,-1.0262816,-1.2574866,-0.035670407,-1.9660295,-2.4827483,1.6655028,-1.7727044,-2.4073505,-2.7115164,8.771352,1
19.0,19,0.49321488,-0.84695303,1.755348,-1.5206157,-1.1990421,-2.1509533,2.8870978,6.700979,-1.3526558,0.23021135,-1.0179098,-1.2460135,-0.056455076,-1.9693155,-2.4676,1.7140819,-1.787421,-2.4099984,-2.7419472,8.737652,1
19.0,19,0.75998545,-0.60924244,1.6767455,-1.4111108,-1.3190846,-2.5995085,2.5308247,5.493813,-0.65334153,0.6871584,-0.7330495,-1.4403526,0.04708509,-1.7761765,-2.611306,1.436322,-1.8483502,-1.8967397,-2.503253,9.5621805,1
19.0,19,1.0401577,-1.1332371,1.9620081,-1.6989514,-0.96554923,-2.4649048,2.3998,6.5836287,-1.4820042,-0.07391967,-0.88825595,-1.0171084,-0.5039217,-1.7453835,-2.1415598,2.473297,-1.9203253,-2.5421796,-2.9738407,8.372222,1
19.0,19,0.63127196,-0.86853653,1.7820834,-1.54546,-1.1519442,-2.2306325,2.758608,6.6953897,-1.3590773,0.17660409,-0.9831111,-1.2182873,-0.10470454,-1.9549826,-2.435113,1.8362296,-1.8217912,-2.4036746,-2.816237,8.669249,1
19.0,19,0.50262415,-0.85073394,1.7254186,-1.5163078,-1.1930017,-2.1651087,2.87696,6.6730447,-1.343634,0.21467453,-0.99239874,-1.2425503,-0.050780192,-1.9506006,-2.4755473,1.708326,-1.7879184,-2.3922787,-2.729653,8.775414,1
2.0,2,1.1374216,3.591854,9.856961,2.943246,-2.2001903,0.8555554,-1.0299586,-2.4911246,3.5828948,0.32175475,-1.5506413,-3.623035,-0.24833295,0.006017901,-0.9187615,0.07731023,-2.6966124,-3.2165368,-4.2578135,-2.9068387,1
2.0,2,1.1375824,3.5920143,9.856947,2.9436681,-2.2000484,0.8553666,-1.0294807,-2.4909892,3.5830414,0.32216558,-1.5508577,-3.622953,-0.24803568,0.006461285,-0.92014945,0.07641691,-2.6966488,-3.2162933,-4.2580094,-2.9067767,1
2.0,2,1.1370764,3.5916116,9.856988,2.9423344,-2.200359,0.85579354,-1.0300641,-2.4911768,3.584366,0.3226447,-1.5507287,-3.6231308,-0.24821436,0.0064578354,-0.91923225,0.07660484,-2.6968837,-3.2163165,-4.2575665,-2.9070303,1
2.0,2,1.137335,3.5920014,9.856903,2.9432318,-2.2002726,0.8556117,-1.0300808,-2.4912612,3.5832243,0.32201588,-1.5506886,-3.6230605,-0.24840075,0.0061369836,-0.9188614,0.07712857,-2.696689,-3.216397,-4.257704,-2.9069066,1
2.0,2,1.1375916,3.5920866,9.856928,2.9437606,-2.200047,0.85533565,-1.0294,-2.4909952,3.5831811,0.32234418,-1.5509101,-3.6229324,-0.24799153,0.0066052824,-0.9205133,0.07616047,-2.6966817,-3.2162123,-4.258024,-2.9067757,1
2.0,2,1.13754,3.591967,9.856953,2.9435818,-2.2000973,0.8554001,-1.029586,-2.4910135,3.5829825,0.32206476,-1.5507809,-3.6229513,-0.24812803,0.0063597485,-0.9198227,0.07665962,-2.6966338,-3.2163885,-4.257968,-2.9067714,1
16.0,16,-0.70870686,-1.5702093,-0.7246164,-0.30988863,-0.24526867,-2.65122,-3.0399413,0.33317137,-1.4207509,1.3136925,-0.68765265,2.7572799,-1.771132,-1.7751353,0.39682838,-0.16734615,11.419349,-0.8528794,0.5032763,-0.114497915,1
16.0,16,-0.71908796,-1.5576831,-0.70705473,-0.2742334,-0.27093518,-2.6672952,-3.0624192,0.26768014,-1.3939508,1.2968284,-0.6310241,2.774113,-1.7694176,-1.7881546,0.41024423,-0.15625766,11.422314,-0.8554691,0.49183595,-0.125296,1
16.0,16,-0.7158257,-1.5394248,-0.7119721,-0.22177142,-0.32462618,-2.6649384,-3.0892177,0.18296222,-1.3463888,1.2783257,-0.526031,2.8042037,-1.7762728,-1.7857125,0.43476787,-0.10796982,11.399141,-0.9743763,0.4638738,-0.11236773,1
16.0,16,-0.7068043,-1.5455911,-0.7370847,-0.25701565,-0.30327144,-2.6436493,-3.0606663,0.25957674,-1.3755758,1.3039039,-0.5879984,2.799763,-1.7808532,-1.76957,0.41673344,-0.1138133,11.390132,-0.9929749,0.46784082,-0.088567436,1
16.0,16,-0.7232151,-1.5503799,-0.6877019,-0.2245467,-0.29895496,-2.6876173,-3.0916705,0.19144532,-1.3662444,1.2688031,-0.55194104,2.7922556,-1.7687993,-1.804689,0.42773905,-0.13992359,11.423332,-0.8673482,0.47547555,-0.13879485,1
16.0,16,-0.7095388,-1.5635147,-0.70547354,-0.25426525,-0.26975012,-2.6701846,-3.0723293,0.2529755,-1.3942739,1.2849932,-0.60495585,2.7726858,-1.7713305,-1.7931122,0.4192734,-0.14367071,11.416526,-0.8783528,0.48190376,-0.12765568,1
15.0,15,1.7543274,1.3262861,-1.1199731,4.3801804,-0.3052891,-1.2105232,-1.537035,1.6010234,-3.9495246,-1.706035,-0.012297191,-1.141286,-2.5562828,-2.3094418,-0.87021565,7.8980107,1.2836816,-2.7961676,-3.12284,-2.7462072,1
15.0,15,1.7322496,1.2911083,-1.0941215,4.3525796,-0.32720265,-1.2405863,-1.5599946,1.5474734,-3.9276123,-1.7214774,0.039333217,-1.1240273,-2.5558453,-2.3135817,-0.8402624,7.924482,1.3227746,-2.8167882,-3.0915947,-2.7289026,1
15.0,15,1.6778768,1.1690402,-1.2938478,3.7750845,-0.31820896,-1.0767498,-1.5876178,1.6944349,-3.873758,-1.5459161,0.022548445,-1.1341269,-2.7720232,-2.1051443,-0.83571887,8.253013,1.2760195,-2.8808537,-3.053853,-2.7091625,1
15.0,15,1.6758804,1.3971723,-1.1482928,3.6874542,-0.66177005,-0.9371907,-1.655915,1.1183053,-3.5608573,-1.7194009,0.41336623,-1.1236657,-2.9754791,-2.0259109,-0.62184787,8.644543,0.91074145,-3.1891441,-2.870429,-2.7365217,1
15.0,15,1.7217267,1.3050094,-1.0637635,4.327577,-0.38120976,-1.2367831,-1.5809371,1.4528279,-3.8796313,-1.7488325,0.111149736,-1.1137804,-2.5863893,-2.3054397,-0.79882157,7.9920087,1.2946613,-2.8681407,-3.054624,-2.7233863,1
15.0,15,1.7526544,1.3799833,-1.0696467,4.348505,-0.40307865,-1.185503,-1.5692407,1.4235561,-3.8613775,-1.7580956,0.10811911,-1.132035,-2.6199641,-2.2929692,-0.7985774,8.027625,1.1989831,-2.8952122,-3.0641723,-2.7475903,1
6.0,6,-1.7222922,0.15326336,-1.6487525,-0.22427846,0.85898054,2.236951,11.385298,1.7837665,-2.534211,-3.0091999,-0.82282525,-0.4508728,-0.29585162,-3.36641,-2.5376396,0.8273371,-1.0350997,-2.9552858,-1.7214081,-1.2778738,1
6.0,6,-1.7166374,0.14214575,-1.6371694,-0.21945898,0.88376606,2.2260842,11.371498,1.771275,-2.5557785,-3.0208583,-0.8268951,-0.3912262,-0.32013997,-3.364625,-2.5260322,0.8549132,-1.0454242,-2.9386315,-1.7428988,-1.2869769,1
6.0,6,-1.6793017,0.0483978,-1.6478953,-0.20816764,1.1038057,2.1346765,11.335629,1.6495836,-2.649471,-3.0850315,-0.8014135,-0.14224708,-0.46037686,-3.307418,-2.432631,1.0305291,-1.1536562,-2.891093,-1.8241453,-1.2598207,1
6.0,6,-1.6930525,0.034075364,-1.681463,-0.22267698,1.1241351,2.0989478,11.36001,1.6242526,-2.6432343,-3.0850823,-0.7868384,-0.21675679,-0.4358642,-3.2753916,-2.3984826,1.0561302,-1.1707543,-2.925024,-1.8051319,-1.2156373,1
6.0,6,-1.706552,0.13011757,-1.6276586,-0.21223544,0.91178083,2.2224097,11.358436,1.7557616,-2.5739603,-3.0309606,-0.83046263,-0.3267974,-0.35236424,-3.3614674,-2.5158339,0.88611746,-1.0618894,-2.9271083,-1.7636136,-1.2928406,1
6.0,6,-1.7140996,0.14263406,-1.6369029,-0.21805485,0.88447255,2.2315683,11.371574,1.7695065,-2.5541575,-3.0197108,-0.8285022,-0.3896292,-0.32626474,-3.362731,-2.5253384,0.85876614,-1.0500462,-2.9422963,-1.7445251,-1.2851632,1
1.0,1,-1.4653621,8.658245,-2.0357318,3.2687006,0.5627162,-0.55653524,2.1007898,-1.3487113,-4.5412035,-2.2657008,-2.9637966,3.814774,-2.231643,0.6602183,-1.3306646,1.0041705,1.8135422,0.72876924,-2.2140732,-3.5205,1
1.0,1,-1.4665343,8.658738,-2.035062,3.2701364,0.56119156,-0.55650675,2.0982904,-1.3489424,-4.5407577,-2.2658498,-2.9625745,3.8175797,-2.2317147,0.66068643,-1.3288991,1.0047681,1.8119293,0.7284576,-2.2136993,-3.5201983,1
1.0,1,-1.4672235,8.660737,-2.0357385,3.2684724,0.5593929,-0.5555425,2.0949404,-1.3503158,-4.5397844,-2.2674606,-2.9611456,3.8176422,-2.231125,0.66807866,-1.3261018,1.006356,1.8055698,0.7287799,-2.21483,-3.5214942,1
1.0,1,-1.4736719,8.652745,-2.0341468,3.2728612,0.5574384,-0.5597763,2.0841815,-1.3471287,-4.5403557,-2.2665925,-2.95763,3.8409193,-2.2335143,0.65999883,-1.3227521,1.0104564,1.8149744,0.729166,-2.2095995,-3.5182307,1
1.0,1,-1.4673666,8.658458,-2.0346313,3.2710874,0.56041056,-0.5567544,2.0966556,-1.3488233,-4.540613,-2.2658205,-2.9618826,3.8201132,-2.2318964,0.66025096,-1.3280565,1.005235,1.8119237,0.728329,-2.2132163,-3.519849,1
1.0,1,-1.4660879,8.658319,-2.035251,3.26966,0.5617418,-0.5566251,2.0991495,-1.3487383,-4.540962,-2.2657447,-2.9630718,3.8168466,-2.231738,0.6602579,-1.3297374,1.0046227,1.8129458,0.7285812,-2.213749,-3.520251,1
16.0,16,-0.10230883,-0.41021794,-0.1386417,-1.2175745,-0.080144666,-1.9022969,0.5094066,3.6930642,-2.8015015,-0.0032915864,-2.4766574,0.48998302,1.0174295,-2.7402544,-5.1184583,-1.3138175,8.254488,2.1034503,2.9916673,-1.1976936,1
16.0,16,-0.14431685,-0.35868394,-0.10864033,-1.2182609,-0.17410287,-1.8569424,0.4321226,3.6867306,-2.7096808,0.0033580326,-2.4465387,0.51626796,1.0377584,-2.7191408,-5.194746,-1.3124735,8.223911,2.3421543,2.8394933,-1.2750009,1
16.0,16,-0.118259,0.21725693,-0.22368796,-1.0710771,1.003097,-0.6516117,1.0364702,4.0172415,-2.3583343,-0.635905,-2.3808916,0.46205282,1.8781027,-2.9416456,-6.726326,-1.3458712,5.6318264,4.7603607,0.43300235,-2.2655811,1
16.0,16,0.044355646,-0.14893726,-0.47734427,-1.0774815,1.4848461,-0.9610237,1.8100764,4.193066,-2.983301,-0.71713316,-2.766945,0.07427618,1.9454073,-3.2289462,-6.3786974,-1.3410853,6.1836424,3.0396254,1.4693806,-1.7157718,1
16.0,16,-0.21322319,-0.27982748,-0.06326894,-1.2168921,-0.32894725,-1.7922252,0.30136088,3.665622,-2.5654569,0.015475724,-2.3903089,0.56888723,1.0643756,-2.6761544,-5.30301,-1.3123784,8.182113,2.7150733,2.6092625,-1.3921293,1
16.0,16,-0.1519067,-0.352785,-0.10481811,-1.210863,-0.20711574,-1.859346,0.43031973,3.6588135,-2.701067,0.010355495,-2.4380555,0.51997554,1.0358703,-2.7146323,-5.1947527,-1.314928,8.238482,2.3562517,2.860908,-1.2748661,1
11.0,17,-1.7534486,1.1084621,0.80016214,0.055009525,-1.3515198,1.2435851,-2.1995237,4.150703,-1.5309322,-1.1131024,-0.7327579,1.1185545,-1.4232606,-1.3364489,-3.903941,0.006702656,3.5361826,10.079652,-3.3957982,-3.4821987,0
11.0,17,-1.7909186,1.1645176,0.8673458,0.011514698,-1.4099084,1.3091512,-2.3332312,3.989829,-1.3932089,-1.1003517,-0.6223581,1.0944182,-1.442684,-1.2529126,-3.809396,0.018904695,3.4124677,10.199781,-3.5042782,-3.522294,0
11.0,17,-1.779224,1.1953317,0.859606,-0.15160055,-1.3712606,1.8504865,-2.5402415,4.241472,-1.224756,-1.146351,-0.49063328,0.87158644,-1.6042837,-1.0122302,-3.5840294,0.056405887,2.8417912,10.122844,-4.015317,-3.594818,0
11.0,17,-1.7551216,1.1457448,0.7662389,-0.1284892,-1.271769,1.7407417,-2.3686512,4.429591,-1.3858974,-1.1568012,-0.6156478,0.9063113,-1.6047944,-1.1020311,-3.6926694,0.049684316,2.9611928,10.041246,-3.910788,-3.5198526,0
11.0,17,-1.8262064,1.2110194,0.9298344,-0.02899856,-1.4652923,1.3499641,-2.4544547,3.8312705,-1.2676259,-1.0813212,-0.51741236,1.0780267,-1.4659165,-1.1847706,-3.7256658,0.020746322,3.33723,10.302228,-3.5881882,-3.5538952,0
11.0,17,-1.7909682,1.164446,0.86671966,0.0127502205,-1.4093809,1.3098874,-2.3309772,3.9910235,-1.3943747,-1.1013342,-0.6235072,1.0944369,-1.4422201,-1.253094,-3.8102512,0.01956885,3.4102323,10.199868,-3.504449,-3.5222042,0
5.0,5,-1.367514,0.14619784,-0.6728525,0.16667314,-2.9616308,8.84098,-2.1934435,2.8446903,0.028899115,-0.3206997,-1.8796458,-1.0270355,-0.7865116,0.36817664,-0.22519898,0.8290839,4.0168347,-2.2813346,-4.0427966,-3.9422832,1
5.0,5,-1.335401,0.18789536,-0.6948616,0.14995213,-2.9214087,8.91976,-2.1914735,2.7077084,0.060101803,-0.32015133,-1.8798208,-1.0597279,-0.8292968,0.38038266,-0.22260387,0.94487906,3.9350777,-2.2958875,-4.059082,-4.009494,1
5.0,5,-1.3597482,0.19298401,-0.67667115,0.19716571,-3.1081014,8.6472845,-2.2584474,2.689347,0.105969295,-0.20413435,-1.831676,-0.9640118,-0.73032004,0.37220395,-0.2870432,0.787199,4.239197,-2.2743726,-3.9687304,-3.8582506,1
5.0,5,-1.2491958,0.3012835,-0.74052143,0.13738614,-2.9410815,8.856492,-2.2495077,2.3266237,0.1472799,-0.23275176,-1.8357627,-1.0620987,-0.9020395,0.3907252,-0.26811424,1.1653668,4.0195293,-2.3280418,-4.0284534,-4.056988,1
5.0,5,-1.3071126,0.21904421,-0.71187204,0.13452291,-2.8829148,8.980319,-2.1889005,2.6017323,0.07985608,-0.323753,-1.8801177,-1.0861818,-0.86983746,0.3887313,-0.2200227,1.0423048,3.8708189,-2.3093135,-4.0722656,-4.062977,1
5.0,5,-1.3324654,0.19160643,-0.69763714,0.1484495,-2.9178994,8.92983,-2.190037,2.6943069,0.06422086,-0.32029358,-1.879753,-1.064052,-0.83202124,0.38238275,-0.22213568,0.95661914,3.9229283,-2.2981117,-4.0612316,-4.0161533,1
6.0,6,-1.6135554,0.48401785,-1.2778848,-0.3183279,0.5676315,2.9282718,11.3791275,3.3035746,-2.791371,-2.819104,-1.432068,-1.8997998,0.84827346,-3.2129138,-4.3500586,-0.35953248,-1.3986279,-1.6647546,-1.2024153,-1.6911136,1
6.0,6,-1.6463732,0.4852189,-1.2290504,-0.32190105,0.4825563,2.9450045,11.361422,3.4525898,-2.7979867,-2.8360095,-1.4473861,-1.8687111,0.7858209,-3.1945238,-4.3835926,-0.31477338,-1.4384649,-1.5890368,-1.2853756,-1.6936777,1
6.0,6,-1.7357888,0.38013422,-1.2034732,-0.2995111,0.507726,2.8381743,11.523273,3.6673007,-2.8920014,-2.879753,-1.3557556,-1.659577,0.30407777,-3.105546,-4.1903715,-0.2440593,-1.497072,-1.761461,-1.3787576,-1.4769471,1
6.0,6,-1.6952245,0.37047407,-1.3045186,-0.29947576,0.68552613,2.803304,11.580417,3.3385696,-2.8684056,-2.8537092,-1.3080002,-1.717792,0.4269532,-3.1219916,-4.088775,-0.33885688,-1.4424856,-1.9335343,-1.2148057,-1.448249,1
6.0,6,-1.6786454,0.4834475,-1.1662894,-0.31869927,0.37637976,2.972037,11.342203,3.6567583,-2.8134103,-2.853574,-1.4615791,-1.8092015,0.65840673,-3.1701012,-4.440156,-0.25644487,-1.4735433,-1.4986036,-1.3859932,-1.6939437,1
6.0,6,-1.640048,0.48373523,-1.2292694,-0.31687146,0.48589614,2.947084,11.36674,3.4556322,-2.800989,-2.8338602,-1.4430317,-1.8586568,0.75758034,-3.1967094,-4.3934665,-0.31425545,-1.4268359,-1.5939151,-1.2792146,-1.6925545,1
9.0,9,-1.5134859,0.022752792,2.316069,-2.3131735,0.1410795,-1.7918885,1.1172018,3.9714346,-3.8557425,6.4928937,-3.2452888,-1.7925564,3.7753148,2.7775214,1.3971221,-3.9093285,-0.53087294,-2.1348794,-1.1905168,1.687108,1
9.0,9,-1.5317987,0.091877945,2.2766893,-2.3172529,0.2322393,-1.7880309,1.091604,3.9800625,-3.8950605,6.418861,-3.2452068,-1.7521439,3.7722032,2.7497401,1.5408698,-3.8628883,-0.6116207,-2.0588202,-1.3311464,1.5926304,1
9.0,9,-1.3979938,0.099587485,2.2627885,-2.2751598,0.29620177,-1.7793742,0.72077924,3.726815,-3.742262,6.8098044,-3.2960281,-1.5857857,3.611744,2.746015,1.6928874,-3.7085798,-0.62598974,-2.1856706,-1.3822197,1.5460244,1
9.0,9,-1.419469,0.34932685,1.8451757,-2.3406925,0.6869147,-1.7053068,0.40707463,4.076731,-3.9350238,6.311562,-3.3347752,-1.3689547,3.4562972,2.4192817,2.769123,-3.313573,-0.889697,-1.8092376,-2.1829414,0.9901089,1
9.0,9,-1.5490614,0.17867184,2.2245655,-2.3166602,0.3599411,-1.7862071,1.0426868,3.978209,-3.938124,6.3358254,-3.2434611,-1.6934296,3.7627916,2.697855,1.7322869,-3.7909834,-0.716778,-1.9585515,-1.5186222,1.4671023,1
9.0,9,-1.5327203,0.095321186,2.2711477,-2.318718,0.23005769,-1.7897623,1.0900112,3.982297,-3.8977602,6.419006,-3.2446754,-1.7548652,3.7631266,2.7488937,1.5505514,-3.86033,-0.6047642,-2.055852,-1.3331152,1.5931747,1
17.0,16,-2.2223754,0.1814417,1.4876257,-0.2891959,-5.3492875,-2.9791694,1.8819801,1.37769,-0.47873604,0.46958846,2.0982902,2.0582883,2.611082,-0.84271395,-4.87563,-4.5982475,7.3236628,1.5802983,3.272851,-1.1249064,0
17.0,16,-2.347818,0.37963483,1.5382663,-0.26747364,-5.419095,-2.9136012,1.8068393,1.2252128,-0.40527102,0.48827878,2.2579317,2.1024423,2.5703514,-0.8460908,-4.79647,-4.63077,7.178274,2.013381,2.9942765,-1.292224,0
17.0,12,-3.6675441,1.978738,0.35190272,-0.20438623,-4.817594,-1.7708678,2.747866,0.118500724,-1.4194373,0.16673473,1.8320242,1.4809557,4.1499004,0.69665664,0.13952518,-4.863325,3.375953,1.9673189,0.2824927,-2.3664622,0
17.0,12,-3.747697,2.1341796,-0.05065413,-0.4831875,-4.427153,-1.5780454,2.946405,0.17630403,-1.7403855,0.27891293,1.3474096,0.84502965,4.282756,1.1715361,1.4282678,-4.82731,2.8117402,1.2785826,-0.0021333862,-2.157126,0
17.0,16,-2.518126,0.6370927,1.5942168,-0.23137097,-5.497026,-2.8144476,1.6902081,0.98844826,-0.30373234,0.51008356,2.4750638,2.1677732,2.48945,-0.8454145,-4.6695256,-4.6585994,6.99215,2.584112,2.6322293,-1.5152011,0
17.0,16,-2.3112502,0.33851606,1.5410028,-0.28676784,-5.4203863,-2.9305964,1.7729131,1.2493335,-0.40375623,0.50954294,2.21725,2.0617936,2.5055978,-0.862818,-4.8139234,-4.5914717,7.2895703,1.9547509,3.061606,-1.2362518,0
17.0,17,-1.742584,1.5722346,-0.15726659,-0.72824806,-0.9065057,0.30732417,-1.7461194,2.1258192,-1.307913,0.7866894,-0.51200104,-1.1862711,0.38207754,-1.2994939,-1.5347574,-0.41810635,0.88800985,11.918338,-4.052091,-2.4191804,1
17.0,17,-1.7168165,1.5875025,-0.13992669,-0.76216704,-0.9125337,0.3252902,-1.7687669,2.0753257,-1.2514974,0.7934716,-0.43270662,-1.1964822,0.35700545,-1.3072581,-1.5756295,-0.40172845,0.8403112,11.93405,-4.08458,-2.4398804,1
17.0,17,-1.6646016,1.6111469,-0.14597546,-0.815611,-0.91621155,0.31731546,-1.8160195,1.9562998,-1.1489689,0.8257747,-0.27893963,-1.2234002,0.33397296,-1.3497549,-1.6049544,-0.39255288,0.79215646,11.960401,-4.1339984,-2.451049,1
17.0,17,-1.5710516,1.6386614,-0.16608222,-0.8876304,-0.9373523,0.28304037,-1.896421,1.6985726,-0.94879436,0.8876649,0.05703774,-1.2900423,0.30159515,-1.4242425,-1.6637093,-0.3773662,0.70117116,11.999412,-4.2247305,-2.458829,1
17.0,17,-1.6768805,1.6017746,-0.13131618,-0.79032737,-0.9199319,0.32296312,-1.8057709,1.9594868,-1.1591533,0.8037121,-0.26582187,-1.2208776,0.31886712,-1.3272419,-1.6190034,-0.38950962,0.7798127,11.969869,-4.1340623,-2.4611614,1
17.0,17,-1.7091247,1.5872084,-0.14564079,-0.7572624,-0.91197443,0.31317326,-1.7770911,2.037696,-1.2324021,0.7973557,-0.38619572,-1.2034198,0.35046607,-1.3147193,-1.5760267,-0.40517852,0.8343634,11.946849,-4.0935483,-2.4398239,1
0.0,8,6.095012,4.876239,1.6937218,0.034351185,-1.8465997,0.10117466,-1.347657,-2.8544862,6.9985495,2.8070161,-1.022116,-5.132111,-0.113386214,-1.7659011,-3.9558115,-0.7667136,-3.3549836,0.7487232,-5.250822,-0.330695,0
0.0,8,6.0964947,4.87658,1.69351,0.03487222,-1.8467637,0.10137215,-1.3475605,-2.8539586,6.9976273,2.8058612,-1.0216916,-5.132104,-0.11446729,-1.7660816,-3.9561262,-0.7650897,-3.355259,0.7474982,-5.2510138,-0.33183178,0
0.0,8,6.093893,4.8726306,1.6936707,0.03411953,-1.8479567,0.10142525,-1.3483019,-2.8544226,7.0016465,2.806379,-1.02066,-5.131287,-0.11594731,-1.7645148,-3.9555542,-0.76340157,-3.3551764,0.7458255,-5.250035,-0.33073795,0
0.0,8,6.10257,4.8698254,1.6942892,0.035122782,-1.8494332,0.10428831,-1.3480859,-2.8479967,6.9980564,2.8001463,-1.0189188,-5.131441,-0.116853185,-1.7647754,-3.9583254,-0.7580269,-3.357124,0.7371275,-5.25249,-0.33634183,0
0.0,8,6.097093,4.8768086,1.6934326,0.03509453,-1.8468106,0.10134747,-1.347545,-2.8537784,6.997204,2.8054314,-1.0215125,-5.1320915,-0.1150169,-1.7661746,-3.9562292,-0.76436144,-3.3553514,0.7470529,-5.251073,-0.33215532,0
0.0,8,6.0958104,4.8766246,1.6936256,0.034661084,-1.8466458,0.10106291,-1.3476555,-2.8542798,6.997945,2.8064857,-1.0218798,-5.1320877,-0.11419072,-1.7660469,-3.9559324,-0.7657147,-3.3550858,0.74818885,-5.2508802,-0.3310334,0
2.0,2,-0.54779315,0.9600287,8.977251,-2.1650565,-0.77502894,1.8639432,-1.5604082,0.58504456,0.36596847,6.7365885,-2.8692365,-3.3993516,-0.38493466,0.6437484,-0.06908036,-1.9062432,-0.3115487,-0.25224093,-3.7078853,-2.3696635,1
2.0,2,-0.54926836,0.95959383,8.973836,-2.1658347,-0.7748397,1.8635149,-1.5605284,0.58518606,0.3648011,6.7404065,-2.8693805,-3.3983762,-0.3852089,0.6458863,-0.06878595,-1.9077402,-0.31013572,-0.2533909,-3.7060475,-2.3686235,1
2.0,2,-0.54874444,0.9555535,8.969741,-2.1672838,-0.77189296,1.8567506,-1.558069,0.58317584,0.36383656,6.752729,-2.8689933,-3.3953183,-0.38631874,0.6464568,-0.0748018,-1.9122483,-0.30568355,-0.25522867,-3.698072,-2.3602142,1
2.0,2,-0.5361742,0.96648186,9.012331,-2.1567717,-0.7836675,1.8792874,-1.562427,0.5748737,0.39016652,6.6950345,-2.8615339,-3.4080644,-0.3770357,0.6341,-0.07455291,-1.8924438,-0.33122933,-0.26145154,-3.7273288,-2.386441,1
2.0,2,-0.5487075,0.9607462,8.977158,-2.1646578,-0.77619624,1.8656917,-1.5610019,0.5840286,0.36717424,6.7356825,-2.868583,-3.3991976,-0.38429555,0.6457237,-0.0687999,-1.9064003,-0.3122648,-0.25477067,-3.7081394,-2.371032,1
2.0,2,-0.5491835,0.9598648,8.973477,-2.1662486,-0.77478284,1.8634672,-1.5607166,0.5853583,0.3648037,6.7408066,-2.8693774,-3.3984716,-0.38538226,0.6454423,-0.06842752,-1.9074965,-0.31011093,-0.25284168,-3.7064953,-2.3685706,1
14.0,14,-2.3982291,-2.4770572,-2.1125317,-4.123512,4.259286,2.1914368,-2.5888743,0.07507664,-1.042676,-2.5699,-0.59541583,1.4912829,-1.057987,0.66300637,11.322212,2.8886232,-1.7404834,-0.6873445,-3.248364,-2.9430733,1
14.0,14,-2.4012291,-2.4871955,-2.1109438,-4.1210456,4.237056,2.1792178,-2.595814,0.087520406,-1.0518621,-2.5652826,-0.58690476,1.5076399,-1.0661461,0.6520341,11.331591,2.9277978,-1.7437396,-0.6988695,-3.2451363,-2.9291363,1
14.0,14,-2.4069438,-2.5032697,-2.1129339,-4.129054,4.1911254,2.1486676,-2.6352081,0.047437932,-1.0080243,-2.5660994,-0.55338925,1.5150424,-1.0704317,0.68247986,11.333616,2.9833834,-1.7566882,-0.6889041,-3.2367153,-2.9196022,1
14.0,14,-2.418214,-2.5096176,-2.1092062,-4.1173434,4.14616,2.1064765,-2.64627,0.096955344,-1.0590485,-2.5815516,-0.5343139,1.5799792,-1.1071576,0.62415504,11.353817,3.1190412,-1.7759327,-0.704673,-3.2324739,-2.8885162,1
14.0,14,-2.4028926,-2.490483,-2.1102152,-4.11939,4.227393,2.1726892,-2.598838,0.09450464,-1.0580602,-2.5647614,-0.583064,1.5168232,-1.070943,0.64442605,11.336019,2.9485476,-1.7458954,-0.70330405,-3.2438493,-2.922768,1
14.0,14,-2.400441,-2.483932,-2.1113389,-4.121508,4.2433615,2.1821244,-2.5939424,0.08461368,-1.050114,-2.5669408,-0.5894193,1.5039624,-1.0642432,0.6539847,11.329172,2.9178722,-1.7427964,-0.69549763,-3.2459426,-2.9328716,1
8.0,8,-2.7645094,0.25496098,0.6590308,-1.0409658,-5.1941485,0.1321729,-3.2478235,-4.4747505,11.3413,4.130572,1.0877239,-1.904904,1.9091796,2.0311756,-2.384472,-2.7420304,-1.4869165,0.5492531,2.830162,-0.7708834,1
8.0,8,-2.7653034,0.24883822,0.6486546,-1.0399662,-5.1862583,0.12887014,-3.243162,-4.4688015,11.340611,4.1241665,1.0915129,-1.8983666,1.9093742,2.0230494,-2.3848271,-2.744576,-1.4877255,0.545858,2.840445,-0.7694015,1
8.0,8,-2.6223593,0.37448743,0.7192461,-1.0706624,-5.251739,0.21327889,-3.2787619,-4.6101294,11.305553,4.481481,0.97962844,-2.027157,1.7323086,2.232486,-2.325698,-2.6808105,-1.4769671,0.5269866,2.4893346,-0.83078665,1
8.0,8,-2.5987995,0.47675845,0.7958339,-1.0826464,-5.3279734,0.20962265,-3.2608814,-4.629733,11.316493,4.5657744,0.88554406,-2.1482403,1.9615618,2.2997909,-2.3463159,-2.6700943,-1.620577,0.527691,2.2487478,-0.834966,1
8.0,8,-2.7643805,0.2565227,0.64621973,-1.0376103,-5.185494,0.123370826,-3.2354183,-4.468094,11.346428,4.1201706,1.0837384,-1.9093134,1.9502077,2.0187438,-2.3909466,-2.7458756,-1.5127089,0.54948556,2.8172827,-0.7685651,1
8.0,8,-2.7701676,0.24702707,0.6502579,-1.039005,-5.1865077,0.12313207,-3.2442603,-4.467702,11.3415,4.1174307,1.0933079,-1.8959601,1.9180948,2.0191796,-2.3868694,-2.7472062,-1.4877324,0.548038,2.8510356,-0.7643669,1
3.0,9,-1.2233615,4.1750884,4.344726,-3.2291064,-0.8609968,0.11568909,-0.21984194,-0.47977394,0.7110955,9.251552,-0.94029564,-2.9634912,-0.8037112,-0.6057322,0.06453541,-0.8602733,-1.6420022,-0.83395773,-3.453405,-1.5531539,0
3.0,9,-1.2233357,4.1751165,4.3448043,-3.229065,-0.86096877,0.115683146,-0.21986951,-0.47978258,0.7110474,9.251599,-0.9404976,-2.9634748,-0.8037313,-0.60566264,0.06454858,-0.8603041,-1.6419705,-0.83395743,-3.4533486,-1.553112,0
3.0,9,-1.2232556,4.1747084,4.3440366,-3.2293513,-0.86123544,0.11540618,-0.22001584,-0.48000586,0.7117485,9.252286,-0.9404074,-2.9635549,-0.8035121,-0.60596496,0.064850956,-0.86024934,-1.6416891,-0.83419544,-3.4531054,-1.5527047,0
3.0,9,-1.2233241,4.1746182,4.3441153,-3.2294562,-0.8613927,0.11548425,-0.22005571,-0.48005843,0.71186215,9.251875,-0.9397695,-2.9637313,-0.803575,-0.60595506,0.0653809,-0.8597395,-1.6420296,-0.8347518,-3.4534802,-1.5530021,0
3.0,9,-1.2233267,4.17513,4.344846,-3.2290473,-0.86096734,0.115683086,-0.21988346,-0.47979146,0.71103317,9.251609,-0.9405687,-2.9634736,-0.8037395,-0.60563606,0.06456955,-0.8603023,-1.6419665,-0.8339733,-3.4533362,-1.5531033,0
3.0,9,-1.2233378,4.1751313,4.3447986,-3.229059,-0.8609627,0.11568293,-0.21985589,-0.4797753,0.7110384,9.251608,-0.94050467,-2.9634578,-0.80371815,-0.60568506,0.06448984,-0.8603457,-1.6419522,-0.833899,-3.453333,-1.5531036,0
4.0,4,-0.877913,-2.6486552,-3.0652795,-2.4285367,8.988964,-0.5771998,0.3243183,5.200698,-4.6979194,-3.6368916,0.12713194,2.2750084,0.27137873,-1.7323827,3.8765502,0.9564545,-3.1070514,1.9751215,-4.609535,-1.7879888,1
4.0,4,-0.8632009,-2.5888307,-3.0993724,-2.4799726,9.080621,-0.61540896,0.2497064,4.972149,-4.636713,-3.6080208,0.25734597,2.1908216,0.1559768,-1.753702,3.870039,1.0416703,-3.1438031,2.1999638,-4.6643677,-1.8283669,1
4.0,4,-0.84807444,-2.448184,-3.3206272,-2.5366323,9.267029,-0.78841317,0.016504794,4.033377,-4.46332,-3.3427646,0.37090904,2.0145688,0.16292235,-1.7339354,4.379099,1.3789473,-3.249158,2.2215638,-4.6534424,-1.8417743,1
4.0,4,-0.82552505,-2.079365,-3.5400352,-2.7761016,9.431534,-1.0325059,-0.34017664,2.4502926,-3.9149907,-3.074637,1.160386,1.3548028,-0.33038646,-1.7479078,4.491919,2.0220482,-3.5162585,3.1486328,-4.8767285,-1.963641,1
4.0,4,-0.8492665,-2.516695,-3.1420927,-2.5340388,9.173422,-0.6604276,0.16208698,4.6803236,-4.553278,-3.55807,0.40288404,2.0922263,0.027824605,-1.7718555,3.8915532,1.1661237,-3.2025588,2.4372683,-4.739174,-1.86651,1
4.0,4,-0.86214924,-2.581742,-3.1035893,-2.4812558,9.087213,-0.6192378,0.2380768,4.9317436,-4.6230645,-3.5964205,0.2715306,2.185241,0.14559619,-1.7551912,3.8859792,1.0638,-3.15979,2.216004,-4.679605,-1.8290554,1
3.0,3,0.4803144,1.7185946,1.1162261,10.948229,0.31622306,0.70117265,-0.5003261,-0.841544,-3.029595,-1.2874161,-1.9123871,0.67043674,-0.67003226,-1.587011,-1.5128915,-1.4127645,0.55322057,1.7607371,-2.8507113,-2.55922,1
3.0,3,0.50732136,1.7420428,1.1095616,10.968204,0.32161212,0.69706696,-0.49606138,-0.8401491,-3.0053802,-1.2880828,-1.8661832,0.6754866,-0.68002915,-1.6531261,-1.5495327,-1.4278575,0.54891676,1.7565967,-2.8596563,-2.54876,1
3.0,3,0.53885484,1.7678125,1.0845625,10.997157,0.3377513,0.6943287,-0.49174118,-0.83933365,-2.9732525,-1.2843539,-1.817509,0.70333743,-0.694696,-1.7303629,-1.5898442,-1.444949,0.53014857,1.7379879,-2.8555565,-2.537388,1
3.0,3,0.5989493,1.82973,1.0502806,11.043494,0.35828748,0.691427,-0.47918832,-0.8445778,-2.9074419,-1.2932642,-1.6951134,0.7037528,-0.718866,-1.8755449,-1.6598074,-1.470551,0.47896242,1.720271,-2.8813624,-2.5163207,1
3.0,3,0.5468813,1.7818141,1.0926123,10.998798,0.33211657,0.69484925,-0.48952287,-0.84327763,-2.9646711,-1.2958525,-1.7876347,0.67263746,-0.694182,-1.7467122,-1.5967045,-1.444866,0.519646,1.7496171,-2.87818,-2.5355208,1
3.0,3,0.5111736,1.7484457,1.1049064,10.971839,0.32449666,0.6991868,-0.49562538,-0.8429125,-2.9992752,-1.2925234,-1.8538158,0.6703004,-0.68136567,-1.660137,-1.551074,-1.4266877,0.534158,1.7569796,-2.864708,-2.549137,1
17.0,17,-2.4933803,0.78184015,-1.7058265,-1.7054588,2.1781986,0.34647775,-3.7435732,-0.3307529,-0.95313287,-2.140807,2.5421538,0.7989939,-2.6776874,-0.450885,-0.35222474,0.85516673,2.1732244,12.517319,-4.061431,-3.8658917,1
17.0,17,-2.4913938,0.8401798,-1.6558727,-1.6882113,2.0140152,0.3807727,-3.7333462,-0.3784992,-0.8733779,-2.0893042,2.5677016,0.75576884,-2.6423194,-0.4126125,-0.42477742,0.83944935,2.1058838,12.551328,-4.050949,-3.8570004,1
17.0,17,-2.3696651,0.78042287,-1.9980166,-1.855206,2.4113927,0.16968349,-3.7727127,-0.5975924,-0.94407916,-2.0327287,2.6406116,0.61220926,-2.572777,-0.41215664,-0.113746226,0.8666191,2.0019593,12.550005,-4.0736794,-3.797232,1
17.0,17,-2.3716521,0.8780671,-1.878402,-1.8131346,2.0594032,0.26332974,-3.7380607,-0.6424433,-0.7835742,-1.937327,2.7147229,0.537217,-2.5281851,-0.3384906,-0.30121148,0.85694146,1.8486125,12.6092415,-4.0725036,-3.7835882,1
17.0,17,-2.4899328,0.8757019,-1.6233484,-1.678965,1.9089645,0.3982129,-3.726342,-0.40863356,-0.8223531,-2.05426,2.5837126,0.7286789,-2.6200333,-0.38999712,-0.47044292,0.82971233,2.0659568,12.572245,-4.042003,-3.8494604,1
17.0,17,-2.4916537,0.83609176,-1.6622419,-1.6896925,2.0251698,0.38002583,-3.7339282,-0.3778311,-0.8778336,-2.0940297,2.5700665,0.75756925,-2.6433668,-0.41306043,-0.41762793,0.841567,2.1041443,12.549197,-4.0532856,-3.8575695,1
6.0,6,-2.0944014,-0.62912863,-1.5154321,-0.8560746,-0.04112056,0.61276346,10.4954605,7.7321954,-2.545107,-1.5163982,-0.73586804,-1.5682213,-0.5752475,-3.1074078,-3.541016,-0.8121166,-0.5114926,-3.0355453,-2.7109356,-0.27568102,1
6.0,6,-2.0951037,-0.6276102,-1.5209465,-0.85027874,-0.035216525,0.610136,10.506765,7.7159185,-2.5459335,-1.5221108,-0.7312005,-1.559862,-0.5797876,-3.113978,-3.5417304,-0.80816144,-0.5121169,-3.0302217,-2.7081966,-0.27850026,1
6.0,6,-2.0988305,-0.609078,-1.5494213,-0.832559,-0.019305184,0.59962875,10.571352,7.621429,-2.5314934,-1.5539452,-0.6994761,-1.5341018,-0.5839426,-3.1247978,-3.5412505,-0.7866221,-0.5612522,-3.0046833,-2.6973696,-0.28328106,1
6.0,6,-2.1008968,-0.6106668,-1.5496792,-0.83705264,-0.023987472,0.5972473,10.572305,7.617986,-2.5302744,-1.5516636,-0.70068955,-1.5355586,-0.5777712,-3.1204658,-3.5381556,-0.786269,-0.5595116,-3.0081549,-2.6938052,-0.2815891,1
6.0,6,-2.0955117,-0.62654555,-1.5244912,-0.8466279,-0.031421393,0.60865957,10.513514,7.706355,-2.546459,-1.5258825,-0.72839797,-1.5547688,-0.5824768,-3.1179845,-3.542089,-0.8054319,-0.51314944,-3.0269122,-2.7068825,-0.28021514,1
6.0,6,-2.0951905,-0.62864345,-1.5194143,-0.8522186,-0.037014134,0.6107082,10.502686,7.7217546,-2.546336,-1.5202279,-0.733391,-1.5619938,-0.5780702,-3.1121132,-3.5409913,-0.8089338,-0.510548,-3.0323722,-2.708961,-0.2777681,1
17.0,17,-2.6603947,1.5661144,-0.20606013,-0.53212404,-1.0775005,0.76960176,-2.3295507,0.08730149,0.776393,-1.252085,1.8080487,1.2057414,0.67920727,-0.0904458,-3.1894643,-1.647955,0.91448426,11.780934,-3.7318373,-3.6322854,1
17.0,17,-2.7063267,1.5521514,-0.16673943,-0.5088818,-1.2670463,0.7061523,-2.3765023,0.013017919,0.8601278,-1.2276105,2.0606623,1.3038381,0.49364585,-0.039597914,-3.1623106,-1.6342379,0.9248221,11.819754,-3.7409086,-3.5936162,1
17.0,17,-2.799145,1.4081706,-0.4074905,-0.55227757,-1.0102888,0.69420224,-2.4393492,-0.22318272,0.8971392,-1.3544638,2.5358548,1.3090558,0.3237372,0.10275413,-2.5483603,-1.605625,0.54185474,11.6815195,-4.1722584,-3.5780966,1
17.0,17,-2.902581,1.2417749,-0.53289104,-0.5935959,-1.0046401,0.52458483,-2.5286489,-0.43938604,0.98023796,-1.4015938,3.0550144,1.4241298,0.1510798,0.17927833,-2.2147427,-1.6813698,0.5077892,11.613342,-4.2711844,-3.484233,1
17.0,17,-2.742434,1.5345637,-0.13807486,-0.4873501,-1.4189807,0.6544475,-2.4112039,-0.056167755,0.92976564,-1.2061025,2.2714117,1.3790965,0.3520682,0.009869844,-3.1425202,-1.6241732,0.9253289,11.844924,-3.747819,-3.5619197,1
17.0,17,-2.7024653,1.5546576,-0.16935018,-0.50840276,-1.252512,0.7146026,-2.371368,0.019310113,0.8534453,-1.2300228,2.0350113,1.2954801,0.50924945,-0.043587774,-3.1647596,-1.6316813,0.920992,11.816939,-3.7424626,-3.5979323,1
18.0,18,-1.4284977,-0.8545285,1.2684898,-0.3654555,-3.2442582,-2.707776,2.5178723,-3.6445901,-0.5366008,-0.31331718,-0.621603,0.06822115,3.8438106,3.2630937,-2.5273638,-2.4317284,2.4697483,-4.462885,10.039606,1.5241312,1
18.0,18,-1.4334817,-0.8196925,1.3028891,-0.36675262,-3.284385,-2.6965492,2.6137233,-3.6597404,-0.5018469,-0.3229554,-0.5989322,0.033246644,3.8472147,3.2095056,-2.5840404,-2.4382074,2.4669073,-4.4657187,9.992653,1.5103767,1
18.0,18,-1.8165442,-0.95877063,1.1759926,-0.45070088,-3.2789478,-2.89409,2.8417275,-3.7311614,-0.10833293,-0.34806693,-0.30094942,0.20768943,3.5066032,3.344505,-2.5204797,-2.5360816,2.041009,-4.555599,10.350708,2.3366947,1
18.0,18,-1.8142791,-0.70055133,1.3989291,-0.58224505,-3.6293142,-2.7713997,3.6180859,-3.9086878,0.2847898,-0.31085896,-0.10100379,0.006355606,3.9822161,3.2695062,-3.0552218,-2.6683407,1.7811916,-4.8506804,9.451061,1.9586738,1
18.0,18,-1.446986,-0.73680717,1.3707325,-0.378032,-3.38061,-2.6689022,2.8407528,-3.700505,-0.40670332,-0.33440024,-0.5424234,-0.036444627,3.8877516,3.1034126,-2.7312727,-2.4575267,2.4418442,-4.4904594,9.853173,1.4614731,1
18.0,18,-1.4340129,-0.80340415,1.3125182,-0.3699515,-3.30589,-2.691366,2.6547375,-3.6677084,-0.48577446,-0.3246149,-0.59043163,0.018973518,3.866423,3.1962345,-2.6130705,-2.4422264,2.462859,-4.472005,9.960044,1.4953892,1
16.0,16,-1.5662344,-1.5081264,0.42858547,-1.1322633,-2.8737211,-2.8360238,1.8739307,1.2360231,-0.5738691,1.2382207,-1.1783457,2.0649445,-1.1389102,-1.8969531,-1.8352053,-1.6961384,10.764196,-1.6294388,1.7355685,0.33263674,1
16.0,16,-1.5762395,-1.5075164,0.42944103,-1.1157743,-2.8840337,-2.8521318,1.8456106,1.1880527,-0.5562724,1.2357607,-1.1531396,2.1100407,-1.1443845,-1.8908423,-1.8360897,-1.6995809,10.784297,-1.6038142,1.7484297,0.3332477,1
16.0,16,-1.6199355,-1.5184592,0.4144923,-1.0638652,-2.90798,-2.9021204,1.8585298,1.0026948,-0.50027156,1.2087537,-1.0626308,2.2900152,-1.1702263,-1.8465292,-1.8598107,-1.7091485,10.814109,-1.5712364,1.781452,0.3261827,1
16.0,16,-1.6268455,-1.5229731,0.40816146,-1.0626069,-2.909252,-2.9018745,1.89113,0.9818729,-0.49629235,1.2047235,-1.0586131,2.3053567,-1.1734982,-1.8308276,-1.8649904,-1.708356,10.803415,-1.5854341,1.7801692,0.32142457,1
16.0,16,-1.5857403,-1.5078032,0.43004566,-1.1005442,-2.8933606,-2.8661811,1.8201427,1.1455597,-0.54086787,1.2331958,-1.1306777,2.1521142,-1.1493521,-1.8850954,-1.8358958,-1.7022963,10.802123,-1.5813142,1.7591797,0.33365002,1
16.0,16,-1.576637,-1.5081257,0.4290104,-1.1158866,-2.8841028,-2.8522863,1.8467034,1.187451,-0.55670923,1.2349318,-1.153411,2.112361,-1.1439134,-1.8906674,-1.8352306,-1.6989462,10.784135,-1.6042472,1.7481774,0.33290175,1
7.0,7,-2.824694,-2.3067162,-2.0658956,-2.0625477,-0.016852774,0.7793876,6.8184967,9.509403,-5.1107855,-3.5749063,-1.5771002,-0.29879227,-1.2275205,0.0017131343,1.7194359,3.2110007,-2.4811084,-2.6930654,-3.4034085,0.534094,1
7.0,7,-2.8314686,-2.317522,-2.0740879,-2.068388,-0.0055887178,0.7678333,6.8062525,9.50585,-5.1126876,-3.5783358,-1.5661627,-0.28574207,-1.2307168,0.012241781,1.7326847,3.2147856,-2.4851582,-2.6785107,-3.4098825,0.5366711,1
7.0,7,-2.949405,-2.3264854,-2.2065554,-2.1183448,0.01808951,0.55950403,7.0278997,9.174568,-5.1915646,-3.579038,-1.4480982,-0.158785,-1.2073414,0.1872339,1.8008941,3.2759955,-2.4994764,-2.8141654,-3.2246127,0.775021,1
7.0,7,-2.8884165,-2.2269628,-2.1279454,-2.0697792,-0.08093389,0.65443087,7.1550355,9.208665,-5.1783385,-3.538026,-1.5479746,-0.2788055,-1.179942,0.0936072,1.6719773,3.217577,-2.4645057,-2.9480026,-3.1498046,0.7864761,1
7.0,7,-2.8405306,-2.3318448,-2.0841436,-2.0758555,0.009649776,0.75513345,6.7947173,9.5007925,-5.114944,-3.5851543,-1.5508193,-0.26851282,-1.2350432,0.02570685,1.7484798,3.213939,-2.4885724,-2.6613724,-3.416905,0.53841597,1
7.0,7,-2.8282337,-2.311154,-2.0697265,-2.0650911,-0.012675069,0.77317935,6.8132114,9.506063,-5.111729,-3.575922,-1.5718776,-0.29264754,-1.2300817,0.006581448,1.7257096,3.21626,-2.483277,-2.6880522,-3.4055305,0.5368007,1
11.0,11,-1.9826182,-1.2558993,-0.071547076,6.5272026,1.1156409,-1.3186466,-0.9079724,0.18198311,-3.0732949,-1.5003048,-0.8916651,10.124106,-0.71692187,-1.7511377,0.22342226,-0.22545661,3.1272583,-0.16501874,-1.1834558,-2.1855645,1
11.0,11,-1.9910829,-1.260542,-0.07622513,6.5149155,1.1086384,-1.3253443,-0.9098186,0.18266682,-3.065258,-1.5002217,-0.8708078,10.139394,-0.71674144,-1.7611656,0.21993524,-0.225287,3.1365132,-0.1656802,-1.1736851,-2.1772704,1
11.0,11,-2.0005653,-1.2658008,-0.084429465,6.4907913,1.1024809,-1.3345785,-0.9128117,0.18395741,-3.057331,-1.4980596,-0.8484391,10.161935,-0.7184587,-1.7681046,0.21816304,-0.22368553,3.1484869,-0.16494158,-1.1611105,-2.1686182,1
11.0,11,-1.9941986,-1.2614198,-0.08317913,6.4963818,1.1089095,-1.3297225,-0.91180027,0.1837912,-3.064607,-1.4979137,-0.8639493,10.152735,-0.7195857,-1.7578064,0.22253191,-0.22272924,3.1394417,-0.16394967,-1.168206,-2.175485,1
11.0,11,-1.9967504,-1.2637169,-0.079277255,6.508103,1.1038666,-1.3295891,-0.91085464,0.1831439,-3.0598094,-1.5003858,-0.8567125,10.148835,-0.71641386,-1.768641,0.21760374,-0.22536302,3.142459,-0.16637638,-1.1673018,-2.1715403,1
11.0,11,-1.9889672,-1.2593417,-0.07499492,6.5186095,1.110336,-1.3235408,-0.9092867,0.18249977,-3.0672379,-1.5003784,-0.87591696,10.135267,-0.716698,-1.7589109,0.22073606,-0.22538537,3.1339703,-0.16564035,-1.1762131,-2.1792924,1
6.0,6,-2.285149,-0.11487525,-0.9657165,-1.6764977,-1.8371692,1.9939246,8.645034,7.564692,-0.4723873,-1.0882899,-1.2358358,-4.173925,2.8355246,-1.6042229,-3.5961905,-1.771688,-1.7910212,-3.7601335,-2.2908592,-0.52291095,1
6.0,6,-2.2882047,-0.07761627,-0.992447,-1.6563253,-1.8291409,2.017213,8.719545,7.470783,-0.44780862,-1.1249955,-1.2224171,-4.1697893,2.8578577,-1.6241316,-3.6023638,-1.7536522,-1.8509154,-3.7436845,-2.301598,-0.5475949,1
6.0,6,-2.3670008,0.02404093,-1.049646,-1.6188871,-1.8676848,2.2428234,8.911349,7.1216273,-0.19359043,-1.137908,-1.1153078,-4.2328873,2.68851,-1.4850831,-3.5767949,-1.7064655,-2.1328998,-3.6441853,-2.5192614,-0.6867858,1
6.0,6,-2.4022684,0.13869499,-1.0923402,-1.5890554,-1.8610516,2.3560715,9.118364,6.8593264,-0.12866087,-1.1793408,-1.0879341,-4.205017,2.4964452,-1.4926797,-3.5542262,-1.5976195,-2.2130408,-3.5903852,-2.6292005,-0.79441595,1
6.0,6,-2.2918558,-0.03791661,-1.0208375,-1.6347021,-1.8209673,2.0373852,8.795986,7.3710628,-0.42203155,-1.1617873,-1.2084943,-4.163365,2.8811383,-1.6452368,-3.6099312,-1.7329326,-1.9124334,-3.7255344,-2.3104281,-0.572306,1
6.0,6,-2.2878115,-0.079602055,-0.9934291,-1.6575809,-1.8283747,2.0126822,8.712341,7.4769864,-0.45152348,-1.1249812,-1.2251962,-4.170249,2.8672156,-1.6242896,-3.6000867,-1.7553536,-1.8474567,-3.7454472,-2.297297,-0.5437432,1
13.0,13,-1.7387645,0.56743795,-0.40969014,-2.2777343,-1.9185092,1.809884,-2.250955,0.88676196,-1.3543432,-0.41731155,-2.6397443,-1.6492324,4.218598,11.792048,-0.41037297,-1.3369329,-2.8198216,-1.6333603,-0.6259419,-1.9621575,1
13.0,13,-1.7349037,0.5644381,-0.4105395,-2.2750661,-1.9097699,1.8110473,-2.2545974,0.87566316,-1.3593462,-0.4238181,-2.6371799,-1.6372738,4.2051606,11.799442,-0.4084813,-1.3312047,-2.8207476,-1.631005,-0.6215929,-1.9678478,1
13.0,13,-1.73696,0.5921672,-0.4231733,-2.2836719,-1.9123625,1.8404667,-2.3027933,0.8150294,-1.320453,-0.3846688,-2.6152623,-1.5988116,4.1408687,11.844351,-0.4122075,-1.3207263,-2.8337026,-1.595836,-0.63386095,-1.9952288,1
13.0,13,-1.798544,0.6143591,-0.47874516,-2.2943158,-1.9148346,1.8600274,-2.300164,0.8458634,-1.2498771,-0.4169856,-2.643705,-1.71645,4.53042,11.711506,-0.36241865,-1.3799635,-2.9528773,-1.5525814,-0.7137749,-1.9355992,1
13.0,13,-1.738936,0.5705042,-0.419667,-2.2725015,-1.8985093,1.818854,-2.2627676,0.8603442,-1.3551071,-0.4353714,-2.6359172,-1.6350708,4.22534,11.797737,-0.3970808,-1.3280942,-2.8387296,-1.6166278,-0.6349691,-1.972583,1
13.0,13,-1.7343802,0.5632405,-0.40958828,-2.274422,-1.909533,1.8099318,-2.2530627,0.8760872,-1.3617797,-0.42511472,-2.6378655,-1.6371758,4.202607,11.79989,-0.40792507,-1.3303158,-2.818717,-1.6324682,-0.61988246,-1.9671139,1
8.0,8,-2.5387406,2.903364,-0.59800106,-1.0433754,-2.5029657,1.6759773,4.821217,0.81153613,6.50219,0.47897854,-0.25071654,-4.2321973,4.2172146,-0.989196,-3.6339097,-3.9305384,-4.1730676,-0.38496128,-1.8817936,-2.415565,1
8.0,8,-2.5286858,3.0056915,-0.63698524,-1.0232801,-2.456778,1.6932505,4.873298,0.76666963,6.4276857,0.39368767,-0.26486164,-4.224597,4.1674314,-1.0247408,-3.5412238,-3.8604221,-4.2059345,-0.339406,-1.9798836,-2.4637315,1
8.0,8,-2.7219768,3.0246105,-0.5772991,-1.0965891,-2.8846478,1.9765545,4.1167006,0.1423801,7.1518245,0.98129976,-0.085477635,-4.218839,3.2824445,-0.2994094,-2.9494867,-3.7589457,-4.156874,0.016154379,-2.4198122,-2.549323,1
8.0,8,-2.8065429,3.2684104,-0.76826215,-1.1046362,-2.7651463,2.2010496,4.7166567,0.58400667,6.407544,0.4907476,-0.1903632,-4.291353,2.9354231,-0.3440864,-2.4955406,-3.3964438,-4.324796,0.028625283,-3.0185418,-2.7350163,1
8.0,8,-2.5250294,3.112441,-0.67910635,-1.0053933,-2.4096,1.720785,4.958099,0.755744,6.3142433,0.28692034,-0.2820111,-4.221605,4.097891,-1.062121,-3.4337895,-3.774596,-4.243768,-0.29509613,-2.1061344,-2.514732,1
8.0,8,-2.5296898,2.992092,-0.63367796,-1.0255383,-2.4600077,1.6852969,4.878907,0.7801828,6.4229155,0.39705276,-0.26384786,-4.227492,4.18791,-1.0250603,-3.558466,-3.8712783,-4.2011194,-0.3501145,-1.9605331,-2.4550974,1
17.0,3,3.0470233,3.4277096,5.180449,5.2666025,-2.0702207,-2.3938956,0.8452243,-3.3145983,0.17213817,-1.207124,2.0318437,-1.1491675,-1.6017241,-0.30875862,-5.2676682,0.79063874,-1.7427757,-5.2376986,1.3856071,3.7366462,0
17.0,3,3.1686876,3.6532152,5.025354,5.0720253,-1.7975422,-2.4817166,1.026245,-3.1011608,0.167439,-1.1863089,2.0654705,-1.277597,-1.6099486,-0.6795004,-5.1595817,0.97638834,-2.1528835,-5.0101743,0.7136241,4.1356916,0
17.0,19,3.1411214,3.216102,3.647405,2.8365872,-0.9913223,-3.2201905,2.3530564,-1.4767028,-0.34041622,-0.9422397,1.4559922,-1.841928,-1.4474117,-0.8265094,-4.64159,1.4099933,-3.0346198,-3.484537,-0.48691273,7.666436,0
17.0,19,3.1416624,3.254042,3.500714,2.694769,-0.9254807,-3.2472434,2.4942005,-1.3076601,-0.3635468,-0.9011184,1.3713771,-1.8624136,-1.4107664,-0.91278654,-4.6196938,1.3430533,-3.07798,-3.3268855,-0.6150112,7.882173,0
17.0,3,3.2119396,3.4968634,5.03768,5.1723485,-1.9476922,-2.3325267,0.7787916,-3.1826174,0.17864043,-1.2276089,2.2459407,-1.2979004,-1.6970656,-0.47011626,-5.17711,1.0845554,-2.0232623,-5.1337185,0.771246,3.7789514,0
17.0,3,3.0043058,3.3580697,5.22243,5.3093634,-2.1333184,-2.3825357,0.8323285,-3.356617,0.14382797,-1.2199945,1.9806587,-1.1075917,-1.5891707,-0.19791104,-5.2943673,0.72459775,-1.6113148,-5.2808022,1.5783135,3.6626213,0
2.0,2,-0.5413495,1.0350494,10.804857,0.42152274,-1.6686847,2.6087906,-1.4386691,-0.57741547,1.5774045,0.50545174,-2.315858,-3.3405466,0.63402194,0.5363029,-0.119246766,-0.5530442,-1.8051727,-1.1799133,-3.1564121,-3.2396696,1
2.0,2,-0.54156065,1.0354337,10.804869,0.42101136,-1.6690208,2.60929,-1.4388281,-0.5770308,1.5775813,0.50718087,-2.316218,-3.340241,0.6337251,0.53650683,-0.120045856,-0.5541886,-1.8048704,-1.1802996,-3.1552396,-3.2400687,1
2.0,2,-0.54250807,1.030477,10.80507,0.41538727,-1.6698523,2.6104052,-1.4398503,-0.57581615,1.5817572,0.51286244,-2.3156507,-3.3418248,0.6340337,0.5384241,-0.121793956,-0.555746,-1.8046468,-1.1795404,-3.153307,-3.2406964,1
2.0,2,-0.5430289,1.0332928,10.803442,0.41614455,-1.6700583,2.608939,-1.4395895,-0.5786344,1.5829413,0.5028419,-2.3136468,-3.343956,0.63499206,0.5360198,-0.11023037,-0.5445723,-1.8095565,-1.1808618,-3.165648,-3.2385814,1
2.0,2,-0.5420071,1.0354228,10.804503,0.41987208,-1.6694404,2.6094313,-1.4390688,-0.5773004,1.5787823,0.5068063,-2.3158333,-3.3409178,0.6338307,0.5363618,-0.11793488,-0.55236644,-1.8058685,-1.180663,-3.1572428,-3.239918,1
2.0,2,-0.54152274,1.0354561,10.804838,0.42118907,-1.6689415,2.6092002,-1.4387954,-0.5771141,1.5774606,0.5068001,-2.3161569,-3.3403082,0.633749,0.5364038,-0.11974646,-0.55386907,-1.8049524,-1.1802089,-3.1556535,-3.2399983,1
12.0,12,-0.76597214,-1.2391059,-1.8821466,-1.0284408,1.3951381,-1.609128,-0.14847164,-0.55258,-0.79292583,-0.18651819,-2.5274186,-2.1319203,11.821761,0.98563355,-0.09101951,-0.81941134,-2.858141,-1.0700152,0.22334991,0.5529818,1
12.0,12,-0.745857,-1.2215995,-1.8690196,-1.0315655,1.4019767,-1.6381768,-0.1408873,-0.5790878,-0.80694866,-0.1643916,-2.5260189,-2.1326833,11.811849,0.9534754,-0.08932808,-0.81212866,-2.863909,-1.0490371,0.2294395,0.57133585,1
12.0,12,-0.7610092,-1.2139072,-1.880086,-1.0139081,1.3939764,-1.6301591,-0.12390481,-0.57741296,-0.812291,-0.15555756,-2.534888,-2.1491237,11.802514,0.9992654,-0.08572076,-0.7712272,-2.9021256,-1.0557246,0.19528578,0.57666945,1
12.0,12,-0.6839943,-1.1539794,-1.8141601,-1.043333,1.4059942,-1.7169632,-0.09832834,-0.67652655,-0.8557023,-0.09548023,-2.5331337,-2.1681356,11.768839,0.8821309,-0.07160802,-0.75675255,-2.9110003,-0.9872378,0.19574313,0.6196418,1
12.0,12,-0.7316592,-1.2098043,-1.8597312,-1.03434,1.4083389,-1.6594043,-0.13678478,-0.60088015,-0.8148891,-0.14851503,-2.5244398,-2.13396,11.80425,0.93101615,-0.087449074,-0.80660754,-2.8681114,-1.0342674,0.2334673,0.5842702,1
12.0,12,-0.75163364,-1.226063,-1.8730775,-1.0300258,1.3988239,-1.6321254,-0.14245361,-0.57267153,-0.8034679,-0.16953543,-2.5255797,-2.1318474,11.814834,0.9625928,-0.08963898,-0.814313,-2.8624344,-1.054386,0.22955237,0.5682003,1
3.0,3,-0.11270057,1.1892384,-0.8771826,11.353618,0.48945847,-0.8813699,0.65315336,-0.12263718,-2.8336937,-2.0198965,-0.66690403,3.0015452,-0.5584257,-4.0633206,-1.6100551,-0.82053375,1.9170166,0.7453671,-2.7167058,-1.4664845,1
3.0,3,-0.112744,1.1883706,-0.8776487,11.354027,0.48941824,-0.88202727,0.65200204,-0.12315419,-2.8333914,-2.0204532,-0.6646296,3.0021067,-0.55862075,-4.0641346,-1.6092585,-0.82015234,1.9172003,0.7452483,-2.7162495,-1.4658539,1
3.0,3,-0.11244792,1.1888967,-0.8810635,11.355086,0.48872623,-0.88385993,0.64886516,-0.12455809,-2.8330412,-2.0218484,-0.6581507,3.0035005,-0.5603198,-4.066007,-1.6079768,-0.81869733,1.9170947,0.74723876,-2.7155395,-1.4646456,1
3.0,3,-0.11360477,1.1840127,-0.88220656,11.356558,0.48862925,-0.8867322,0.6424765,-0.12679023,-2.8318803,-2.0242198,-0.64897627,3.008107,-0.56142855,-4.068853,-1.604704,-0.816341,1.9193594,0.74754685,-2.7134433,-1.4625114,1
3.0,3,-0.11287929,1.1877203,-0.87784404,11.354256,0.48938864,-0.8824517,0.6510426,-0.12351787,-2.8332164,-2.0208168,-0.66323775,3.0027416,-0.55879986,-4.064544,-1.6088026,-0.8197898,1.9175001,0.74533516,-2.715961,-1.465552,1
3.0,3,-0.112751275,1.1889598,-0.8773851,11.353793,0.4894053,-0.88165194,0.6524929,-0.122918665,-2.8335867,-2.020156,-0.6659422,3.0019448,-0.5585996,-4.063575,-1.609791,-0.82025915,1.9171642,0.7455205,-2.716536,-1.466315,1
12.0,12,0.422168,-0.17274097,2.0688696,1.5604264,-2.4051418,-0.61486346,1.1858313,-1.2814177,2.0143306,-1.5316398,-0.49905053,-4.206221,10.624013,1.7473923,-1.6314613,-2.2457232,-3.529479,-2.782234,-1.5544115,-1.3135527,1
12.0,12,0.41949394,-0.17371473,2.063909,1.5595711,-2.406586,-0.6141025,1.1855826,-1.277893,2.0134706,-1.5301576,-0.50155115,-4.205637,10.627174,1.7502013,-1.6315719,-2.247281,-3.5283594,-2.7815812,-1.5532289,-1.310949,1
12.0,12,0.40355387,-0.16939709,2.0360467,1.5356865,-2.4050705,-0.62055594,1.2090945,-1.2907977,2.0123174,-1.5345933,-0.49841872,-4.199153,10.646651,1.7504464,-1.6240283,-2.2506979,-3.5387983,-2.776534,-1.519164,-1.3055631,1
12.0,12,0.42857954,-0.1695576,2.080355,1.5590837,-2.399278,-0.6196665,1.1917105,-1.2968191,2.0153804,-1.5386636,-0.488033,-4.207007,10.61612,1.7379438,-1.6289243,-2.2405016,-3.534691,-2.7833738,-1.5514069,-1.321496,1
12.0,12,0.41959867,-0.17306992,2.0642152,1.5594741,-2.4066126,-0.6142153,1.1862684,-1.2787466,2.0137222,-1.5302352,-0.50120217,-4.205988,10.6268,1.7502624,-1.631597,-2.2473824,-3.5289295,-2.7817502,-1.552857,-1.311278,1
12.0,12,0.42031088,-0.17360872,2.0656912,1.5602283,-2.4065232,-0.61378115,1.1846591,-1.2778044,2.0140512,-1.530059,-0.50148386,-4.205888,10.626189,1.7499633,-1.6319747,-2.2470248,-3.5284488,-2.781908,-1.5546793,-1.3114291,1
8.0,12,-2.2762263,-2.2399125,0.054245166,-0.5921819,-2.9766362,-1.6933064,2.3983629,-1.1331313,-1.6050291,-1.5295609,-0.747165,-1.4009862,7.9225965,5.624341,-0.4957557,-2.8735318,-1.4569867,-4.213324,7.3834395,4.309485,0
8.0,12,-2.276444,-2.2410429,0.056489967,-0.59180915,-2.974483,-1.6894655,2.397982,-1.1347648,-1.606215,-1.530795,-0.7456398,-1.4027612,7.919391,5.6335106,-0.49475023,-2.8723974,-1.4621049,-4.2152414,7.3774467,4.3051577,0
8.0,12,-2.2878487,-2.2312305,0.04336658,-0.5922151,-2.9714031,-1.6965195,2.402605,-1.1435426,-1.6110883,-1.5238782,-0.7486747,-1.3943253,7.9106035,5.6200876,-0.49148813,-2.8705707,-1.4479911,-4.2074857,7.403282,4.302641,0
8.0,12,-2.279305,-2.242457,0.009264406,-0.60468906,-2.977268,-1.6832387,2.410922,-1.1147407,-1.598732,-1.5581962,-0.71329784,-1.3938234,7.97653,5.6372285,-0.49102223,-2.8724365,-1.49581,-4.2093062,7.3148484,4.276238,0
8.0,12,-2.2766626,-2.2418935,0.056604534,-0.59183615,-2.973352,-1.6866814,2.3984096,-1.1347438,-1.6067144,-1.5331103,-0.7433367,-1.4034953,7.91964,5.639217,-0.4941742,-2.8716297,-1.4667563,-4.216336,7.370917,4.3014507,0
8.0,12,-2.276351,-2.24099,0.05651524,-0.5916637,-2.9751117,-1.6900916,2.3983588,-1.1338606,-1.6060424,-1.5313697,-0.7455876,-1.4021581,7.920335,5.6312246,-0.49518338,-2.872535,-1.4613054,-4.215041,7.377982,4.306126,0
15.0,15,-2.1499655,0.5411687,-1.0123036,3.4073007,0.012085497,-2.5731661,-1.0988854,1.4677198,-4.9260254,-2.4874098,-0.7086176,-0.17386776,-0.63118047,0.6217168,3.526484,6.7439814,-0.17874469,1.4309591,-4.666576,-2.2328796,1
15.0,15,-1.9973146,0.60701966,-0.9744785,3.3688157,0.004152432,-2.5667746,-1.1601791,1.3196656,-4.879532,-2.422523,-0.6822417,-0.16249235,-0.7085237,0.6146713,3.4469094,6.930351,-0.2166093,1.2044027,-4.666262,-2.2900314,1
15.0,15,-1.7012181,0.26398212,-1.5078728,2.69239,0.5405844,-2.3437407,-1.2343569,1.5797967,-4.87489,-2.1156912,-0.9603517,-0.16153242,-0.5807933,0.7876608,3.7732508,7.2556424,-0.6723662,0.636798,-4.7411165,-2.3270712,1
15.0,15,-0.7750044,1.0151356,-1.3916513,2.8411822,0.19236094,-2.1454341,-1.490502,0.50956815,-4.4179134,-1.7235044,-0.7935307,-0.18212481,-1.567655,0.73547596,2.96104,8.556174,-0.9158706,-0.66597253,-4.511543,-2.5303056,1
15.0,15,-1.7806941,0.7769738,-0.9356498,3.4018798,-0.05971738,-2.5350378,-1.2059011,1.0849191,-4.8189955,-2.348781,-0.6578119,-0.13944228,-0.89198065,0.629174,3.2890234,7.2301655,-0.29296565,0.8514563,-4.6329646,-2.3556385,1
15.0,15,-1.862841,0.7842793,-0.9624095,3.479915,-0.102238424,-2.5186572,-1.1571562,1.1499388,-4.851246,-2.3975554,-0.68950635,-0.15309295,-0.87216645,0.67349684,3.3090909,7.1554146,-0.2859094,0.9367311,-4.623312,-2.316654,1
17.0,17,-4.026416,-2.1910255,-2.3278992,0.6253882,-1.2057565,-3.6828015,-3.070638,-1.8290741,0.2670753,-3.8297474,8.304678,2.5316477,-1.0355121,-2.384829,3.4656582,1.4785079,1.4581555,8.774403,-2.3513274,-0.74923897,1
17.0,17,-4.0406613,-2.2170393,-2.3393774,0.62114614,-1.2427337,-3.6811776,-3.0470853,-1.8841205,0.30182266,-3.8372397,8.418228,2.5374067,-1.0365669,-2.34097,3.4556541,1.513025,1.3988194,8.659937,-2.3317838,-0.7350507,1
17.0,17,-4.033157,-2.2260854,-2.3650634,0.6015937,-1.2726072,-3.6867733,-3.0218306,-1.9154392,0.33197832,-3.8397279,8.491365,2.5116346,-1.0121174,-2.312124,3.4444306,1.5285943,1.3541443,8.578304,-2.3223825,-0.72427547,1
17.0,10,-4.0424867,-2.256562,-2.3928368,0.5874779,-1.3339059,-3.699779,-2.9818368,-1.9832033,0.384138,-3.8457797,8.650038,2.5133247,-0.9915349,-2.2526407,3.424684,1.552189,1.2886854,8.403586,-2.2855911,-0.69974846,0
17.0,17,-4.051066,-2.2337496,-2.3462064,0.6187142,-1.2691948,-3.6835585,-3.0320642,-1.920832,0.325414,-3.8409457,8.494526,2.5459492,-1.036885,-2.3121066,3.4469564,1.5304413,1.3667203,8.582919,-2.3147917,-0.7252516,1
17.0,17,-4.037953,-2.2087162,-2.335599,0.6237682,-1.2352523,-3.6831834,-3.0535438,-1.8710783,0.2933582,-3.833788,8.390339,2.5380154,-1.0372815,-2.352558,3.4567676,1.500017,1.4186407,8.690052,-2.335102,-0.7385713,1
1.0,1,-0.34343258,11.316358,-1.7134693,2.277274,-1.3164423,1.731912,1.1499255,-3.1333294,-0.8882792,-1.6379794,-1.0906801,-1.5660182,-1.4620852,1.558679,-1.7497847,-0.26215127,-2.8014555,2.5779154,-2.9796286,-3.7123597,1
1.0,1,-0.3437236,11.318382,-1.711856,2.2807407,-1.3185042,1.7315291,1.1477281,-3.1319659,-0.89054805,-1.6378824,-1.0904083,-1.5626314,-1.4639484,1.5569624,-1.7481928,-0.26046723,-2.8010778,2.5757833,-2.9784546,-3.7109616,1
1.0,1,-0.34694812,11.316316,-1.712999,2.2788227,-1.3231937,1.7356571,1.1422671,-3.1379943,-0.879628,-1.6373519,-1.087223,-1.5642296,-1.4633808,1.5636361,-1.7456452,-0.26146543,-2.8043861,2.5800054,-2.9796858,-3.7140965,1
1.0,1,-0.34218082,11.323669,-1.712231,2.2921283,-1.3271431,1.7352024,1.1419313,-3.1262553,-0.8949851,-1.6425428,-1.0881504,-1.5513614,-1.4680893,1.546618,-1.7460124,-0.24983874,-2.7996874,2.5631585,-2.9759135,-3.7091472,1
1.0,1,-0.34340405,11.31979,-1.7109302,2.2829597,-1.3195059,1.7310925,1.1468244,-3.130659,-0.8925354,-1.6379886,-1.0904285,-1.5605203,-1.4648931,1.5551103,-1.747665,-0.25921294,-2.8006063,2.5739424,-2.9776893,-3.70996,1
1.0,1,-0.3431802,11.317918,-1.7122545,2.2796173,-1.3175917,1.7313234,1.1487523,-3.1321158,-0.89022785,-1.6378784,-1.0906729,-1.5638087,-1.4630905,1.5569408,-1.7491006,-0.2610175,-2.8010383,2.576212,-2.9787745,-3.7112393,1
6.0,6,-0.938128,-0.56679654,-2.6979263,-1.2502488,5.980781,5.374259,9.406046,6.3676095,-3.975405,-1.7089967,-1.9300152,-3.067088,-1.8017685,-2.8130085,-2.5373333,-1.4093059,-2.3840456,-2.3775537,-3.7520676,-2.2752945,1
6.0,6,-0.9323826,-0.567879,-2.7072742,-1.2459949,6.0128846,5.3851557,9.399731,6.3391795,-3.9818523,-1.7178413,-1.931717,-3.0576916,-1.8011733,-2.8142037,-2.5245357,-1.4063399,-2.3899012,-2.370349,-3.751153,-2.286901,1
6.0,6,-0.9517547,-0.5504366,-2.7105622,-1.2352777,5.944694,5.424608,9.414169,6.3196154,-3.9479969,-1.7150519,-1.9263005,-3.071151,-1.775071,-2.779695,-2.5138943,-1.4261274,-2.4163482,-2.398642,-3.7523894,-2.28492,1
6.0,6,-0.93292403,-0.5573108,-2.7307224,-1.2293795,6.0578566,5.435052,9.393179,6.23354,-3.9734237,-1.7321744,-1.931208,-3.0460408,-1.7851264,-2.795129,-2.4859312,-1.4204222,-2.407339,-2.3653874,-3.7387114,-2.321039,1
6.0,6,-0.9268241,-0.5696144,-2.7144213,-1.2431815,6.044066,5.39152,9.393496,6.314768,-3.988899,-1.7244459,-1.9332668,-3.0494533,-1.8027339,-2.8171804,-2.5147552,-1.403824,-2.391261,-2.3620882,-3.749288,-2.2973197,1
6.0,6,-0.93232346,-0.56830317,-2.7059596,-1.247143,6.011922,5.3825803,9.399717,6.3427587,-3.9821708,-1.7166423,-1.9318002,-3.0586553,-1.8021408,-2.8151746,-2.526477,-1.4062376,-2.387953,-2.3702009,-3.7508974,-2.2858446,1
8.0,6,0.9325565,4.950993,-1.1312279,-0.23719162,-0.57742566,2.7206647,5.5399933,-1.9164749,4.871278,-0.5706972,-0.7044378,-4.4992414,1.2884616,-2.6836078,-3.5437057,-2.560525,-3.62306,0.952369,-4.1115427,-2.6698961,0
8.0,6,0.96333635,4.9929194,-1.1377608,-0.22988725,-0.5562103,2.7024477,5.527403,-1.931174,4.8391085,-0.59548265,-0.71076936,-4.4969144,1.2638086,-2.689461,-3.516526,-2.537316,-3.632376,0.9805301,-4.1378026,-2.665057,0
8.0,6,0.9246932,4.8996096,-1.1206915,-0.27444005,-0.64167386,2.7632506,5.346002,-2.0160635,5.04209,-0.48833686,-0.67542356,-4.521249,1.123197,-2.4961057,-3.4638295,-2.502388,-3.6330779,1.0742294,-4.229739,-2.6634152,0
8.0,6,0.9888818,4.9379582,-1.1632379,-0.2661621,-0.5596367,2.799592,5.5660806,-1.7928113,4.7746673,-0.6010659,-0.74942505,-4.514252,0.95182264,-2.5335917,-3.4588242,-2.3437958,-3.705665,1.0212446,-4.38019,-2.6790397,0
8.0,6,0.9930974,5.030599,-1.1468356,-0.22424689,-0.5327623,2.6921237,5.537275,-1.9206237,4.7885323,-0.62550825,-0.7225859,-4.494559,1.2215781,-2.6942275,-3.4927857,-2.502034,-3.6469045,1.0012286,-4.1762342,-2.6620326,0
8.0,6,0.9613615,4.991242,-1.1362828,-0.22966434,-0.5577428,2.6994169,5.524664,-1.9362477,4.845064,-0.59188485,-0.7091371,-4.496262,1.2745018,-2.6925159,-3.5201182,-2.5430982,-3.6297677,0.97856617,-4.1295633,-2.6654682,0
18.0,18,-1.8505538,-1.3795058,1.2171812,-0.41746113,-2.1037693,-2.7762296,2.0205069,-3.5969195,0.021776669,-0.600069,-0.30840322,0.44545197,2.0222044,1.7409064,-1.9630566,-2.2913327,2.5565226,-3.5133986,11.6699915,3.1908643,1
18.0,18,-1.8799878,-1.367977,1.3028951,-0.42543656,-2.1698844,-2.7890558,2.1311598,-3.6137938,0.11882205,-0.61409795,-0.25516424,0.39813918,2.0133715,1.6939197,-2.0437446,-2.3093903,2.5071752,-3.5346153,11.649912,3.2957778,1
18.0,18,-2.1419768,-1.5035194,1.0081106,-0.45469788,-2.066708,-3.1347215,2.148438,-3.6959577,0.4992282,-0.5575413,0.08385946,0.5959694,1.806129,1.6916678,-2.0523431,-2.3595362,2.1733637,-3.4286873,11.796027,4.4021506,1
18.0,18,-2.1824756,-1.4288849,1.3634692,-0.596179,-2.0891008,-3.3338437,3.2678194,-3.6698492,0.8924219,-0.87242156,0.44530007,0.11310138,1.8929101,0.96027297,-2.681519,-2.263149,1.7180226,-3.407621,11.097973,5.838993,1
18.0,18,-1.9256963,-1.3470379,1.4282835,-0.44594824,-2.2509575,-2.8098283,2.3512557,-3.6364384,0.24363588,-0.66240007,-0.17862955,0.31315684,2.016341,1.581787,-2.1811182,-2.3199167,2.4361458,-3.556117,11.591596,3.4932265,1
18.0,18,-1.8817993,-1.3632709,1.3160614,-0.42644486,-2.178832,-2.788121,2.1619298,-3.6143172,0.122436255,-0.6238887,-0.25113672,0.38611528,2.0200253,1.6781325,-2.0599923,-2.3085668,2.5035872,-3.5366256,11.639887,3.3088334,1
14.0,14,-1.7615385,0.5995573,-2.0904696,0.06174318,-0.13116917,3.2012568,-3.0968585,1.279674,-2.8116019,-0.3137824,0.39305803,0.25173837,0.027863352,-0.5968576,10.28559,3.1525807,-2.6777563,-4.619387,-3.2279754,-2.5649133,1
14.0,14,-1.7750034,0.5690568,-2.094764,0.05516449,-0.13648617,3.1925135,-3.0970893,1.2688143,-2.7958615,-0.33493116,0.4110819,0.25777808,0.025609316,-0.59977293,10.300654,3.1734922,-2.675543,-4.616474,-3.219699,-2.552031,1
14.0,14,-1.8208375,0.39839846,-2.151319,0.11848362,-0.24354735,3.1479752,-3.0742679,1.2369866,-2.686499,-0.5065154,0.68611175,0.3261008,-0.010961425,-0.65026736,10.269301,3.27575,-2.689719,-4.6680264,-3.1938243,-2.4834359,1
14.0,14,-1.8373278,0.31037113,-2.1616783,0.10078067,-0.26724693,3.137837,-3.0705237,1.1827288,-2.620883,-0.5817347,0.78549504,0.30265093,-0.035158865,-0.6657876,10.299452,3.3448076,-2.693499,-4.6751328,-3.176364,-2.4572453,1
14.0,14,-1.7801985,0.55699784,-2.0964708,0.05178945,-0.13795078,3.188642,-3.0972698,1.2626646,-2.789174,-0.34358102,0.4182826,0.25867108,0.024084633,-0.6012288,10.308045,3.1831167,-2.674665,-4.61459,-3.2164311,-2.5467746,1
14.0,14,-1.7690763,0.5899812,-2.0924973,0.058224846,-0.13176739,3.1942482,-3.0972924,1.2756274,-2.8075953,-0.31957215,0.39491495,0.2574359,0.028157623,-0.59665024,10.29358,3.1596036,-2.6753263,-4.6154504,-3.2239013,-2.558628,1
10.0,11,-4.27028,0.26789376,-2.3954377,6.4555616,-1.270712,-4.138072,-1.4131532,-1.598979,-1.5794215,-2.5507994,5.51585,8.405249,-2.6008139,-3.6328313,-1.6186429,-0.24740502,6.4100437,4.417688,-0.20649104,-0.5971975,0
10.0,11,-4.2707076,0.2643332,-2.3953931,6.4551625,-1.2722324,-4.1386266,-1.4138578,-1.6008716,-1.5767944,-2.551938,5.5217404,8.40449,-2.6001499,-3.6324358,-1.6177163,-0.24789384,6.4091315,4.4172325,-0.20598818,-0.5964855,0
10.0,11,-4.2721725,0.2604286,-2.396026,6.453347,-1.2772093,-4.1401124,-1.4151822,-1.6050446,-1.5716128,-2.5546784,5.535519,8.401104,-2.6003487,-3.6313329,-1.6160625,-0.24713439,6.40603,4.417142,-0.20508489,-0.5947978,0
10.0,11,-4.273839,0.26032093,-2.3971136,6.4515157,-1.2847238,-4.1413655,-1.4163857,-1.6099854,-1.566198,-2.5583243,5.551807,8.395956,-2.6017468,-3.629749,-1.6149693,-0.24491268,6.4006524,4.417293,-0.20442991,-0.5930599,0
10.0,11,-4.2710743,0.26256794,-2.3953903,6.4545255,-1.2730774,-4.1390643,-1.4141839,-1.6019481,-1.5754185,-2.5524237,5.524981,8.403981,-2.6000023,-3.6322412,-1.6172814,-0.2478942,6.408876,4.41695,-0.20562793,-0.59606147,0
10.0,11,-4.270532,0.26616243,-2.3954158,6.4552836,-1.271664,-4.1383696,-1.4135114,-1.6000772,-1.5779798,-2.5514386,5.5191817,8.404757,-2.6005354,-3.632596,-1.618201,-0.24756214,6.40949,4.4173965,-0.20620833,-0.5968084,0
9.0,9,-1.0811828,1.2058284,3.662669,-3.7712662,-1.1410099,0.04249225,-1.9211298,0.2971415,1.1685079,10.393616,-2.5420816,-3.2420528,-0.48859894,0.19132443,2.1619883,-0.80860674,-0.2925368,-0.42034116,-3.0345535,-0.589881,1
9.0,9,-1.081397,1.2048169,3.6613426,-3.7710986,-1.1401954,0.04203976,-1.9208735,0.2962842,1.16867,10.394782,-2.5411305,-3.2408516,-0.48748043,0.19187249,2.1604536,-0.8114749,-0.2915225,-0.42022523,-3.0327382,-0.5892932,1
9.0,9,-1.0781947,1.2011803,3.6518679,-3.772032,-1.1378608,0.03601352,-1.9189918,0.29651788,1.1712509,10.40075,-2.538665,-3.240097,-0.4861581,0.18894987,2.1556187,-0.811633,-0.29029173,-0.42235848,-3.0306516,-0.5794814,1
9.0,9,-1.0772119,1.2066759,3.6601937,-3.7734954,-1.1427734,0.038772315,-1.9196761,0.29884377,1.1728296,10.395265,-2.5429873,-3.2468402,-0.49274573,0.18664789,2.161001,-0.79597247,-0.2957794,-0.42313382,-3.0396967,-0.5830174,1
9.0,9,-1.0806459,1.2048863,3.6608117,-3.7715752,-1.1405386,0.041149195,-1.9205157,0.29617903,1.1698048,10.39534,-2.5411384,-3.2416947,-0.48823628,0.19107129,2.1599295,-0.8091378,-0.29204655,-0.42085692,-3.0334458,-0.58775115,1
9.0,9,-1.08098,1.2052991,3.6617055,-3.771424,-1.1407092,0.041756235,-1.9208242,0.29645634,1.1691353,10.394546,-2.5415416,-3.241746,-0.48833543,0.19134651,2.1609292,-0.80906904,-0.2922005,-0.4206123,-3.033815,-0.5887651,1
3.0,3,0.037506923,0.7205684,1.3898174,11.248781,-0.24113235,0.9756642,-0.26224768,-0.30028725,-2.0824769,-2.2480164,-1.4821156,1.9900467,0.13320278,-1.9015757,-1.7427697,-0.13133904,-0.00028590858,-0.87328297,-3.4418917,-2.0721786,1
3.0,3,0.037293166,0.71952945,1.3895504,11.249751,-0.2419216,0.97467154,-0.2633711,-0.30157772,-2.0810125,-2.2496905,-1.4767165,1.9892976,0.1334868,-1.9029063,-1.7418845,-0.13072239,-0.001328893,-0.8746286,-3.4418578,-2.071422,1
3.0,3,0.037358806,0.7195224,1.388537,11.250484,-0.24198115,0.97420746,-0.26395708,-0.30217612,-2.0804508,-2.2508645,-1.473096,1.9888034,0.13327125,-1.9040126,-1.7412536,-0.12993611,-0.0029649585,-0.8750217,-3.442121,-2.070942,1
3.0,3,0.03748204,0.7191995,1.3873749,11.251778,-0.24288467,0.9735137,-0.26545697,-0.30358613,-2.078935,-2.253075,-1.4661144,1.9876697,0.13306254,-1.905303,-1.7404844,-0.1285252,-0.005602926,-0.8762629,-3.4425788,-2.070088,1
3.0,3,0.037081674,0.7185023,1.3893212,11.250681,-0.24278522,0.97375447,-0.2644934,-0.30282062,-2.07956,-2.2513182,-1.4714614,1.9885423,0.13378194,-1.9041097,-1.7410794,-0.1301034,-0.00232137,-0.87597317,-3.4418445,-2.0706902,1
3.0,3,0.037353456,0.71978813,1.3896177,11.249505,-0.24182156,0.97499275,-0.26321733,-0.3012678,-2.0813475,-2.249277,-1.4779786,1.9895484,0.13336816,-1.9024267,-1.7421995,-0.1308136,-0.0010819882,-0.8742984,-3.4418988,-2.0716228,1
18.0,18,-1.7622422,-1.6164674,1.823975,0.32412258,-1.7529962,-2.0595658,0.3272109,-3.5592408,0.89797205,0.17038545,-0.5814551,0.47757968,0.85406286,0.7149329,-1.6842937,-2.4911225,3.1083333,-2.9033496,11.989914,2.6698294,1
18.0,18,-1.7524189,-1.6181597,1.7900782,0.3143314,-1.7235317,-2.0404642,0.31303787,-3.5484154,0.86196077,0.16750066,-0.59811735,0.49780792,0.8379947,0.73308665,-1.6750566,-2.4836612,3.1372607,-2.9032042,11.980598,2.6340296,1
18.0,18,-1.8190242,-1.6200186,1.739535,0.31344756,-1.7554917,-2.121059,0.30324885,-3.6058567,0.97926104,0.2594563,-0.5583114,0.52029127,0.8633092,0.7165615,-1.6767225,-2.4720116,3.0423293,-2.8756719,12.048645,2.7807047,1
18.0,18,-1.8739107,-1.4251211,2.1145468,0.43490854,-1.8164505,-2.1971078,0.89926505,-3.4301057,0.6875299,0.07667674,-0.58089167,0.28576133,0.82021534,0.23452194,-1.8836412,-2.4055417,2.991872,-2.8362734,11.9691,3.2780752,1
18.0,18,-1.7554486,-1.5820861,1.8164492,0.33249858,-1.6966857,-2.0451005,0.40279222,-3.5157175,0.7791615,0.1373937,-0.620335,0.4753911,0.82016337,0.6504641,-1.6976942,-2.4643292,3.1523588,-2.8901734,11.971063,2.6954417,1
18.0,18,-1.7547146,-1.6099933,1.8056922,0.3211252,-1.7252312,-2.0459998,0.33832788,-3.5422096,0.8502718,0.15927058,-0.5985695,0.48784918,0.8370015,0.7092086,-1.6824024,-2.4817207,3.1353822,-2.901507,11.980281,2.6576378,1
6.0,6,-0.4891924,1.2447804,-0.84584415,0.38954628,0.56236714,-1.6152905,10.525001,4.101251,-2.559978,-0.89594495,-0.45607063,-1.3058093,-0.8724009,-4.0200706,-5.504463,-1.918805,1.3383772,-2.9367208,-0.72495914,1.9114168,1
6.0,6,-0.48347643,1.2513759,-0.88178205,0.408206,0.60704744,-1.5961962,10.542427,4.1229796,-2.5564234,-0.9187249,-0.44254255,-1.2948731,-0.875796,-4.029748,-5.4893284,-1.889331,1.2436535,-2.9044738,-0.8354099,1.9128926,1
6.0,6,-0.5359672,1.4559509,-1.0842725,0.31870162,0.65918136,-1.3227229,10.6706705,4.3677197,-2.3822262,-1.0767348,-0.3119742,-1.5735824,-0.7734229,-3.799719,-5.3310204,-1.7046392,0.16576606,-2.6616426,-1.584089,1.9329362,1
6.0,6,-0.5890901,1.4137988,-1.2169363,0.30340758,0.7632802,-1.2195015,10.700762,4.5326405,-2.3706152,-1.1521004,-0.2765237,-1.5448604,-0.8233252,-3.7717247,-5.193821,-1.5251262,-0.17101184,-2.5450406,-1.9792432,1.9317936,1
6.0,6,-0.4728896,1.2687728,-0.9486983,0.44346654,0.68547124,-1.5562409,10.572178,4.165846,-2.5447116,-0.96388465,-0.41587648,-1.285212,-0.87306833,-4.0402145,-5.4593215,-1.8331369,1.044031,-2.8448775,-1.0442716,1.9155564,1
6.0,6,-0.48685095,1.2449522,-0.87665844,0.40277606,0.60065067,-1.59907,10.540073,4.123694,-2.5599132,-0.9135469,-0.44648305,-1.2920684,-0.87964636,-4.029138,-5.4891105,-1.8907329,1.2668102,-2.9104536,-0.819942,1.9121877,1
5.0,5,-1.2090544,-0.24934277,-0.67260385,-0.08648889,-0.14623952,7.67476,-1.7251142,4.864165,-2.25756,-0.840738,-2.380924,-1.5679091,-1.2340798,-0.7599502,-1.1916519,1.6029576,3.9888186,-0.3819176,-5.6690617,-3.7853436,1
5.0,5,-1.0847777,-0.14904201,-0.7127249,-0.13115218,-0.048374288,7.8527775,-1.7506915,4.509696,-2.1760411,-0.7394708,-2.4314492,-1.626813,-1.3454368,-0.67854613,-1.2556094,1.8415513,3.8817406,-0.43857387,-5.725877,-3.934229,1
5.0,5,-1.0816284,-0.061240703,-0.793845,-0.058653563,-0.14224401,7.726784,-1.7532121,4.1914406,-2.1603215,-0.58072525,-2.4325628,-1.5998956,-1.2028613,-0.6607374,-1.2243389,1.9023056,4.0758142,-0.6237668,-5.659901,-3.88921,1
5.0,5,-0.79262316,0.1370641,-0.9120377,-0.20165853,0.25610986,7.96888,-1.7551957,3.524099,-2.1136963,-0.4039221,-2.5369534,-1.7151417,-1.5339402,-0.5380604,-1.366435,2.4775648,3.7980516,-0.6637675,-5.787537,-4.2030044,1
5.0,5,-0.98594046,-0.07518237,-0.74745184,-0.17184906,0.04870093,7.9777374,-1.7678024,4.2414694,-2.1226635,-0.6694564,-2.4679804,-1.6688961,-1.439461,-0.6224435,-1.2998699,2.0276055,3.7945437,-0.4704785,-5.7692757,-4.0506516,1
5.0,5,-1.0858185,-0.14969552,-0.71323156,-0.13072404,-0.049778856,7.854659,-1.7489263,4.510522,-2.1756577,-0.7400903,-2.4311523,-1.6264793,-1.3443655,-0.67762184,-1.2553964,1.8409235,3.8802302,-0.44102797,-5.725264,-3.933676,1
6.0,6,-1.3821518,0.35465533,-1.372876,-0.8515401,-0.3593798,1.4584106,10.057638,1.5661489,-1.9516433,-2.0159233,-1.6796446,-1.7434546,2.150242,-4.0497274,-3.8446765,-0.74890286,2.4236116,-2.8392777,0.3876129,-1.4745445,1
6.0,6,-1.3951874,0.376185,-1.3839767,-0.84140825,-0.31827527,1.4903214,10.108373,1.5556873,-1.9478976,-2.0368764,-1.6803501,-1.702917,2.131674,-4.0495353,-3.8500664,-0.7148178,2.3116872,-2.8016334,0.31280184,-1.5083636,1
6.0,6,-1.4886068,0.32948667,-1.5764575,-0.8331468,0.006756291,1.64544,10.416407,1.4402722,-1.8901752,-2.2713804,-1.5437168,-1.6918957,2.1954975,-3.9024725,-3.6333666,-0.5171602,1.4834414,-2.9486704,0.019263912,-1.5294275,1
6.0,6,-1.5247196,0.3444348,-1.6037533,-0.8260021,0.11958034,1.6852735,10.484218,1.39712,-1.9046965,-2.32476,-1.5591105,-1.5563763,2.1338618,-3.8790472,-3.5785203,-0.40391114,1.2871698,-2.9202802,-0.1287958,-1.5833808,1
6.0,6,-1.4102255,0.39820942,-1.3979762,-0.8303513,-0.26986867,1.5272182,10.164571,1.5413958,-1.9421681,-2.0618098,-1.6776582,-1.6565529,2.1091726,-4.048328,-3.852206,-0.6769732,2.1843917,-2.7622597,0.22876002,-1.545164,1
6.0,6,-1.3931217,0.37497073,-1.3814142,-0.8427048,-0.32554427,1.4844893,10.100333,1.55731,-1.9490813,-2.0329988,-1.6825477,-1.7055954,2.133921,-4.050414,-3.8503773,-0.7180129,2.329444,-2.804755,0.32240087,-1.5045391,1
17.0,17,-1.6469051,1.7560627,-0.80577004,-1.2313353,0.20772973,0.48409256,-2.0138583,0.29710978,-1.0117764,-1.271064,-0.37374872,-0.36854193,0.69861734,-0.6057767,-2.9405813,1.1003443,0.91406614,11.932668,-3.052236,-3.5691583,1
17.0,17,-1.6444275,1.7616886,-0.7949855,-1.2299137,0.19751775,0.50093704,-2.016024,0.33637202,-1.0254054,-1.2596278,-0.4261243,-0.37349007,0.70611864,-0.60828143,-2.943334,1.0885472,0.94243294,11.916275,-3.044344,-3.5728474,1
17.0,17,-1.6470357,1.7684661,-0.82969743,-1.2291551,0.16831762,0.48601097,-1.9865124,0.23399813,-0.9877907,-1.2638339,-0.32710597,-0.36051735,0.7537165,-0.564757,-2.9565427,1.1543703,0.79063314,11.907153,-3.0791492,-3.5698578,1
17.0,17,-1.6507789,1.7653077,-0.8563921,-1.2328489,0.16299444,0.4609496,-1.9687836,0.15776801,-0.96191764,-1.2735525,-0.24263829,-0.3540038,0.7798246,-0.5445188,-2.9578056,1.1964681,0.69717085,11.90948,-3.100371,-3.5614152,1
17.0,17,-1.6470999,1.7601504,-0.8026328,-1.2268473,0.19028872,0.49892285,-2.0071824,0.28339377,-1.0063391,-1.2687103,-0.34932494,-0.3593938,0.7015503,-0.5849971,-2.9432359,1.1212107,0.85732526,11.926186,-3.0738778,-3.5785842,1
17.0,17,-1.6469902,1.7574122,-0.8057004,-1.2295519,0.20127338,0.4887758,-2.0099268,0.28579047,-1.0079157,-1.2711155,-0.35684168,-0.3641827,0.7000998,-0.595792,-2.9414425,1.1124306,0.88280624,11.931007,-3.063571,-3.572873,1
7.0,7,-0.57991004,-2.1624074,-1.4180907,-1.5304683,0.5377228,0.8921507,3.3056643,11.388829,-3.122053,-0.3410425,-2.4186375,-1.4510136,1.0704643,-1.1112123,-1.9805847,-0.16878104,-0.26648748,-3.3543367,-3.4540524,0.0013900045,1
7.0,7,-0.56614965,-2.167754,-1.4292741,-1.5280657,0.55299807,0.8883371,3.3047493,11.389721,-3.1294963,-0.3560966,-2.4101555,-1.4455745,1.0709143,-1.1103609,-1.9778773,-0.15178269,-0.2888934,-3.352101,-3.4655733,-0.0046266373,1
7.0,7,-0.55335236,-2.1501963,-1.4512362,-1.5247415,0.56169003,0.8986291,3.3388262,11.395514,-3.1207151,-0.3783577,-2.385298,-1.4581074,1.0614246,-1.1006829,-1.9891205,-0.11752359,-0.3898762,-3.333894,-3.5149398,-0.0074639376,1
7.0,7,-0.5423968,-2.1601412,-1.4676692,-1.5239986,0.5792668,0.8983757,3.3274739,11.396745,-3.1304848,-0.3931283,-2.375989,-1.4502074,1.0556384,-1.0900453,-1.9787714,-0.08101535,-0.42431718,-3.3280404,-3.5311327,-0.014813578,1
7.0,7,-0.5555627,-2.172547,-1.4378996,-1.5263538,0.5651722,0.88542056,3.304032,11.390442,-3.135609,-0.36742824,-2.4038646,-1.4412181,1.0705545,-1.1099017,-1.9759495,-0.13871214,-0.30469012,-3.3504658,-3.4735384,-0.009394249,1
7.0,7,-0.57096916,-2.1695075,-1.4256203,-1.5291013,0.54928195,0.88891196,3.298594,11.389004,-3.129132,-0.35065332,-2.4144177,-1.4446815,1.071021,-1.1094028,-1.975371,-0.15502824,-0.27633393,-3.3536997,-3.4592462,-0.0036412682,1
17.0,17,-2.9532616,0.8410847,-0.24639943,-0.9993206,-1.2391301,0.19530198,-3.73718,0.5401144,0.54466116,-0.7744347,0.84797835,0.9327948,-1.2344707,-0.6555446,-0.643901,0.22600411,2.4324787,12.630558,-3.6857848,-3.6375098,1
17.0,17,-2.9639258,0.82510304,-0.24148208,-0.99403554,-1.2397051,0.19111073,-3.7389534,0.50516564,0.5666943,-0.7889488,0.915101,0.93332314,-1.229443,-0.62927353,-0.6563275,0.22417581,2.393931,12.63852,-3.7010255,-3.6372998,1
17.0,17,-2.977232,0.8066337,-0.25681448,-0.9842416,-1.2176313,0.17835522,-3.7377222,0.449167,0.5794846,-0.8155483,0.9921204,0.947004,-1.2271446,-0.5937924,-0.6508863,0.23258488,2.3357158,12.658317,-3.7185993,-3.6430733,1
17.0,17,-2.9836018,0.8014839,-0.27708244,-0.9817308,-1.209586,0.16350609,-3.7359865,0.43436405,0.5756202,-0.82469505,1.0030534,0.9638283,-1.2226142,-0.5812742,-0.63345623,0.23003519,2.326817,12.669246,-3.71488,-3.6417742,1
17.0,17,-2.9737642,0.81152093,-0.23784646,-0.98930055,-1.2423573,0.18650708,-3.740362,0.47632432,0.5855168,-0.8007171,0.9719006,0.93520856,-1.2245353,-0.60788584,-0.66703165,0.22114849,2.3642879,12.644422,-3.7121425,-3.6362557,1
17.0,17,-2.962869,0.82673854,-0.24183923,-0.99469554,-1.2401676,0.19139615,-3.7388685,0.5090944,0.56459403,-0.7872791,0.9081019,0.9332128,-1.2296873,-0.6319611,-0.6550734,0.2240676,2.3981452,12.637622,-3.6993608,-3.6370869,1
2.0,2,0.8591908,0.49100232,11.122531,1.3042265,-1.4960386,-0.52682257,-0.6589789,-2.0987175,2.2301085,-1.1314902,-1.5206786,-2.5068812,0.5705007,-0.8244531,-0.21490543,1.0643303,-1.2246802,-3.0834386,-2.3388052,-0.65742016,1
2.0,2,0.85955393,0.48913413,11.122741,1.3039366,-1.4958303,-0.52764994,-0.6571683,-2.0979128,2.2298384,-1.1313373,-1.521043,-2.5069404,0.5721685,-0.8244684,-0.21680216,1.0635662,-1.2243199,-3.084411,-2.338369,-0.6558213,1
2.0,2,0.8587047,0.4900298,11.122792,1.3034254,-1.4962415,-0.5272616,-0.658149,-2.098614,2.2308266,-1.1311729,-1.5206546,-2.5067763,0.5710405,-0.824186,-0.2158118,1.0641246,-1.224936,-3.083938,-2.3378901,-0.65609044,1
2.0,2,0.8594153,0.48971796,11.122694,1.3041776,-1.495937,-0.52746004,-0.65744585,-2.0982544,2.2300117,-1.1314194,-1.520949,-2.50696,0.5717481,-0.8244517,-0.21654344,1.063671,-1.2245327,-3.0842428,-2.3382382,-0.656051,1
2.0,2,0.8596071,0.48878488,11.122815,1.3039174,-1.4958134,-0.5278462,-0.6566698,-2.0977855,2.2298815,-1.1312934,-1.5211592,-2.5069723,0.57255113,-0.8244793,-0.21736646,1.0633026,-1.2243043,-3.0846348,-2.3381248,-0.6553556,1
2.0,2,0.8594011,0.48984683,11.12266,1.304055,-1.4959153,-0.52733415,-0.6578453,-2.0982327,2.229948,-1.1314015,-1.5208962,-2.5069187,0.5715342,-0.8244516,-0.21609373,1.0638502,-1.2244669,-3.0840423,-2.3385105,-0.65641624,1
16.0,16,-2.1274798,-2.3942697,-0.4225754,-1.0643625,-2.6270032,-2.505179,-2.9507382,2.8255947,-0.41550484,1.6918957,-0.565297,2.4235072,-0.40002435,-1.2340763,-0.12273678,-1.7988486,10.872826,1.534873,0.55719846,0.045389153,1
16.0,16,-2.1392837,-2.3931239,-0.4294343,-1.0614554,-2.634484,-2.5157747,-2.9668236,2.7855124,-0.39930695,1.6794883,-0.5288859,2.4404864,-0.3993791,-1.2345502,-0.120268054,-1.8082323,10.887307,1.5800889,0.5601199,0.038173504,1
16.0,16,-2.183841,-2.425352,-0.47380388,-1.0399288,-2.6410227,-2.5599053,-3.0149083,2.643972,-0.34811324,1.6524423,-0.40280482,2.5169396,-0.36786565,-1.2321941,-0.07803453,-1.8507662,10.93542,1.6682065,0.57837135,0.035022825,1
16.0,16,-2.2207222,-2.4523113,-0.5110525,-1.0221204,-2.6470232,-2.594794,-3.0529144,2.5304644,-0.30682343,1.6286343,-0.2982263,2.5768201,-0.3388437,-1.2302063,-0.040701956,-1.8884304,10.972411,1.7388384,0.5924969,0.031576984,1
16.0,16,-2.1639435,-2.4037595,-0.44829428,-1.0485288,-2.6412375,-2.5366435,-2.9955597,2.712485,-0.37248206,1.6597588,-0.4612952,2.48394,-0.39429668,-1.2360368,-0.11011494,-1.8247567,10.915061,1.6456462,0.56793743,0.030658098,1
16.0,16,-2.1430624,-2.3963296,-0.43294793,-1.0588592,-2.6343138,-2.5185757,-2.9706674,2.776031,-0.39617696,1.6771908,-0.51976407,2.4480395,-0.39810014,-1.2349496,-0.118019514,-1.8104227,10.891272,1.5866495,0.56141305,0.03785748,1
18.0,18,-1.7944988,-2.028612,2.0207496,-0.90447164,-3.8874059,-3.0897593,-0.10725273,-3.0651019,1.4506963,3.3676655,-0.28899845,-0.93563884,2.8318055,2.6270542,-1.9597994,-3.218568,2.9984953,-3.9279478,10.903931,2.9396207,1
18.0,18,-1.8045455,-2.0387535,1.9631,-0.87984914,-3.8453536,-3.0915625,-0.083865955,-3.1320364,1.4328239,3.2990727,-0.2797185,-0.8912858,2.8535445,2.6553311,-1.9495057,-3.1907282,2.9496484,-3.9280007,10.961529,2.9822683,1
18.0,18,-2.1037498,-2.1307063,1.8680865,-0.894285,-3.9279304,-3.423041,-0.16281094,-3.5863929,2.1917892,4.187481,-0.0113942325,-0.9188687,2.9462802,2.85949,-1.9354584,-3.4411685,2.4432757,-4.000191,10.787772,3.6308796,1
18.0,18,-2.6174424,-1.7370366,1.621354,-1.1065226,-4.5398164,-3.7465196,0.40564752,-3.981273,3.0937934,4.943654,0.41847682,-1.562835,3.8116384,2.3850517,-1.92223,-3.7008505,1.9116375,-3.8099427,10.192244,4.0286393,1
18.0,18,-1.8704784,-2.0321846,1.8470882,-0.8522258,-3.8501105,-3.1409073,0.012862153,-3.2625093,1.498309,3.2988296,-0.21119297,-0.8851037,2.9681833,2.623684,-1.9488697,-3.189087,2.8310091,-3.916685,11.029626,3.1147537,1
18.0,18,-1.800209,-2.0374427,1.9769746,-0.8835504,-3.848477,-3.0942101,-0.07047555,-3.108434,1.3989135,3.3065069,-0.29246584,-0.9006368,2.8503504,2.6571965,-1.9500815,-3.1913104,2.9661632,-3.9307048,10.943765,2.992024,1
13.0,13,-1.7184553,2.9310865,-2.2852397,-1.9446148,-2.0507376,0.6826307,-2.3095334,-2.9684823,-1.0387275,-2.7736235,-0.47952908,0.67034894,1.2260097,11.415724,0.59557295,0.89496577,-1.7568994,1.2797651,-2.7956753,-4.1232276,1
13.0,13,-1.7216122,2.948767,-2.288123,-1.9341298,-2.0501351,0.68192655,-2.3221385,-2.9735045,-1.042183,-2.7805855,-0.46668306,0.6957635,1.2027786,11.401776,0.5912763,0.90414923,-1.7566159,1.3054689,-2.8079362,-4.128518,1
13.0,13,-1.7178876,2.9406824,-2.2802608,-1.9322144,-2.069996,0.6816184,-2.3398075,-2.9544904,-1.0373241,-2.765116,-0.45384642,0.7157446,1.158658,11.412259,0.5600604,0.9321922,-1.7559714,1.330934,-2.813829,-4.113114,1
13.0,13,-1.7226474,3.0344582,-2.2863083,-1.8652759,-2.1005354,0.6749825,-2.38572,-2.9484859,-1.0695697,-2.7945817,-0.3959982,0.84899914,1.0609468,11.348882,0.48308435,0.9751531,-1.7357231,1.3998907,-2.8474226,-4.116443,1
13.0,13,-1.7238538,2.9635313,-2.2903767,-1.9255037,-2.05024,0.68125755,-2.3313575,-2.9769619,-1.0455059,-2.7859797,-0.45687196,0.7155319,1.1841836,11.390648,0.58686316,0.91166943,-1.7559319,1.3249125,-2.8172321,-4.132215,1
13.0,13,-1.7208195,2.945505,-2.2876134,-1.9365805,-2.0501068,0.6818937,-2.318582,-2.972384,-1.0418316,-2.7789288,-0.47005105,0.6890038,1.2075336,11.404776,0.5924251,0.90251064,-1.7566676,1.299855,-2.805304,-4.1271787,1
12.0,12,-0.30967274,-2.0517309,6.5733,-0.91943705,-1.5299909,-0.45337272,-1.4248562,-1.7476588,-0.06679405,1.1711217,-3.1160722,-3.1259956,8.173009,4.9694247,-1.3171211,-3.0602493,-1.945591,-3.3542297,4.2376266,1.3501936,1
12.0,12,-0.31011808,-2.054753,6.5856757,-0.9197842,-1.5171359,-0.4403423,-1.4223368,-1.7422998,-0.07655068,1.1877899,-3.1246212,-3.1301901,8.141963,4.975444,-1.3217416,-3.0605953,-1.9440682,-3.3560112,4.240491,1.3424997,1
12.0,12,-0.33101863,-2.0508559,6.4926476,-0.9610498,-1.5210426,-0.45013475,-1.4250574,-1.7239935,-0.09352143,1.2553198,-3.143475,-3.1242359,8.168103,4.996171,-1.3301724,-3.0675912,-1.9396768,-3.366829,4.3301716,1.3856843,1
12.0,12,-0.32139716,-2.0402222,6.4045763,-1.0074736,-1.5651948,-0.51219124,-1.4120301,-1.7143189,-0.04828601,1.1343074,-3.0776784,-3.1275327,8.423913,4.998067,-1.2968841,-3.0549743,-2.0056803,-3.3396304,4.135684,1.3903631,1
12.0,12,-0.31061488,-2.0537283,6.581089,-0.92862296,-1.5146017,-0.44033855,-1.4191366,-1.7376641,-0.07659039,1.1899214,-3.1236947,-3.1340144,8.155706,4.978036,-1.3221701,-3.0587735,-1.9518484,-3.3533833,4.221383,1.3390402,1
12.0,12,-0.3100307,-2.0543547,6.584072,-0.9198476,-1.5199405,-0.44283146,-1.4225332,-1.7431594,-0.073971406,1.1832353,-3.1220577,-3.1296525,8.149154,4.974322,-1.3206589,-3.0602398,-1.9452876,-3.3556561,4.2369223,1.3437237,1
15.0,15,-0.98726666,-0.9348241,-1.4994004,-2.1964645,0.5472069,0.15576306,-4.2661114,1.3100952,-2.2598836,0.02645864,-2.9458961,-1.2606473,-0.39051878,-1.4733928,5.505456,9.280176,1.3936086,0.017411552,-3.7342896,-1.6632375,1
15.0,15,-0.96037436,-0.93034,-1.485547,-2.1813393,0.5306516,0.14287433,-4.249568,1.2768391,-2.2542956,0.04407357,-2.9152942,-1.2564898,-0.4442452,-1.4739871,5.4303923,9.356022,1.3765463,0.00041574985,-3.7332969,-1.6543711,1
15.0,15,-0.9408965,-0.93109727,-1.4959098,-2.175063,0.56149364,0.1254724,-4.2447085,1.2361048,-2.269473,0.05764665,-2.9030428,-1.247747,-0.519614,-1.4423463,5.4364944,9.419517,1.3557345,-0.0124867335,-3.7285318,-1.6295296,1
15.0,15,-0.8721554,-0.913663,-1.4620267,-2.1343756,0.52040786,0.08046458,-4.1866965,1.139547,-2.2610548,0.10469033,-2.8208075,-1.2360102,-0.65762657,-1.4323481,5.227776,9.6181345,1.304033,-0.05662834,-3.7207246,-1.5979426,1
15.0,15,-0.9311832,-0.9254003,-1.4733897,-2.1673024,0.5189249,0.12706915,-4.2247443,1.2423626,-2.250952,0.060065422,-2.8837729,-1.2539352,-0.4963392,-1.475341,5.3457932,9.435999,1.3532774,-0.017298765,-3.7321587,-1.6444129,1
15.0,15,-0.9601902,-0.9297847,-1.486133,-2.1815608,0.53159255,0.14291096,-4.2483554,1.2771672,-2.2548862,0.043093685,-2.916203,-1.2571119,-0.44257253,-1.4742426,5.4300046,9.355652,1.3754274,0.000377737,-3.7333117,-1.6539342,1
6.0,6,-0.9917568,0.08332703,-2.8553429,1.192043,3.066949,0.15845153,9.701407,3.2530007,-4.6826744,-2.9352524,-2.4784968,-2.6126728,2.4125757,-3.4951952,-0.7212678,1.7206535,-1.9768516,-3.8315532,-1.5088313,-1.760858,1
6.0,6,-0.9787601,0.04269655,-2.871172,1.1888806,3.1641867,0.14292733,9.648699,3.1724255,-4.6927996,-2.9264772,-2.4942706,-2.5927334,2.4465544,-3.5028927,-0.676056,1.7508639,-1.9588431,-3.824983,-1.5098648,-1.8072575,1
6.0,6,-1.0417231,0.02803351,-2.9065137,0.953758,3.1668613,0.16369224,9.901652,3.3205779,-4.7299156,-2.8892581,-2.441706,-2.4971685,2.2582707,-3.4724,-0.8282262,1.7030474,-1.9771724,-3.8630283,-1.3478993,-1.639496,1
6.0,6,-1.0172391,0.0098260045,-2.9298124,0.9713577,3.2589111,0.14631477,9.844635,3.2013054,-4.7284164,-2.88216,-2.4529097,-2.4856634,2.2829888,-3.4802227,-0.77948546,1.7455987,-1.9683715,-3.8528721,-1.354625,-1.6945517,1
6.0,6,-0.94958687,0.028733298,-2.8937488,1.2075261,3.2616284,0.12590477,9.593191,3.0456693,-4.6890907,-2.9165227,-2.5007124,-2.5850153,2.4535758,-3.5097346,-0.6320293,1.7967138,-1.9517453,-3.8114178,-1.518967,-1.8587345,1
6.0,6,-0.956815,0.05867102,-2.8863559,1.212555,3.1955023,0.13461182,9.629258,3.09794,-4.6832604,-2.9226367,-2.4892726,-2.5986161,2.427562,-3.5053418,-0.6616577,1.7783667,-1.9642801,-3.8160884,-1.5181727,-1.8271556,1
8.0,8,-1.8774471,0.25235692,0.7448574,-1.409445,-4.1248345,0.5676957,-2.8943472,-5.409884,11.143062,5.30255,0.34882584,-2.3976815,1.51141,1.7835586,-1.825217,-2.3672438,-1.1829339,0.44933203,0.6475379,-0.86900055,1
8.0,8,-1.8702873,0.25712004,0.7437172,-1.4040291,-4.118857,0.57886595,-2.8922553,-5.4115,11.1488,5.279244,0.34624767,-2.4038892,1.5321035,1.7780746,-1.8267124,-2.36462,-1.2037952,0.45708176,0.62735176,-0.8847014,1
8.0,8,-1.8897403,0.23135582,0.7184514,-1.4023172,-4.1403594,0.63717103,-2.8830762,-5.397189,11.153424,5.2023187,0.37840548,-2.40462,1.4724643,1.8219341,-1.8089312,-2.329614,-1.2101735,0.4562854,0.6383414,-0.9253751,1
8.0,8,-1.8836342,0.21193403,0.7272823,-1.3979679,-4.1194906,0.7392348,-2.8419304,-5.3812456,11.18416,5.054339,0.33671868,-2.4796004,1.658463,1.8259094,-1.8163959,-2.3147414,-1.3225671,0.4561781,0.5079664,-1.0168442,1
8.0,8,-1.8634901,0.25915805,0.74257994,-1.3988434,-4.1123767,0.5983138,-2.8874476,-5.411269,11.15682,5.244913,0.3416075,-2.415091,1.5640668,1.7743876,-1.8284043,-2.3600793,-1.2317879,0.46369788,0.59953207,-0.90688545,1
8.0,8,-1.8703511,0.25746664,0.7446236,-1.4043162,-4.1183577,0.5767457,-2.8929718,-5.412095,11.14841,5.282407,0.34525916,-2.4035435,1.5334146,1.7773556,-1.8267426,-2.36541,-1.2029599,0.45681554,0.62788165,-0.8831675,1
17.0,17,-3.6823177,-1.1190546,-2.2898755,-2.7422264,1.0432462,-2.1569943,-1.3026893,2.5335016,-1.0096687,-2.452673,2.2552469,4.3288546,-3.1000712,-1.531595,0.08049032,-0.3084918,4.1683817,10.182899,-3.5787292,-1.7848941,1
17.0,17,-3.6852121,-0.9943398,-2.2448192,-2.6420155,0.943038,-2.1306486,-1.3811688,2.3929656,-0.8428984,-2.4245174,2.5573688,4.211704,-3.0759485,-1.6472416,-0.099150255,-0.28704673,3.8669548,10.463197,-3.6092267,-1.7335124,1
17.0,17,-3.6754444,-1.1334299,-2.40674,-2.6247556,1.0606941,-2.243526,-1.4746335,2.3035605,-0.8831939,-2.567121,2.8048794,4.3467383,-3.1240413,-1.5158473,0.017652564,0.0050608683,3.6004074,10.376883,-3.6999512,-1.6459386,1
17.0,17,-3.6841455,-1.0486151,-2.3373396,-2.474744,0.83735406,-2.331479,-1.6434472,2.0819056,-0.6330413,-2.5242524,3.3302803,4.3096113,-3.059953,-1.6135912,-0.18376663,-0.019464446,3.29904,10.638769,-3.6646209,-1.5361952,1
17.0,17,-3.68416,-0.9228858,-2.2139935,-2.5769413,0.8770021,-2.119261,-1.4296931,2.3057842,-0.7423246,-2.4032798,2.734714,4.1476755,-3.0581682,-1.712207,-0.20832099,-0.28025666,3.6985686,10.621621,-3.6220975,-1.704919,1
17.0,17,-3.686271,-1.0237736,-2.2567673,-2.6678243,0.9677209,-2.1348124,-1.3620698,2.4256697,-0.88233423,-2.4319248,2.4851418,4.237726,-3.0823839,-1.6205729,-0.05310467,-0.29097655,3.937996,10.399041,-3.6028376,-1.7465662,1
5.0,5,-0.21924555,0.3941922,-0.35686725,-0.33269933,4.4044223,11.297245,-0.26563454,2.747176,-1.8661718,-0.996033,-2.8899765,-2.1909628,-1.4038688,-0.5741377,-0.92475355,-0.3747741,-1.5507344,0.33991852,-4.8108206,-5.684006,1
5.0,5,-0.21743855,0.3969631,-0.35087335,-0.33730316,4.443408,11.293051,-0.2914889,2.6746442,-1.8550088,-1.0014423,-2.8819404,-2.1899552,-1.4015783,-0.56726784,-0.8826188,-0.35924903,-1.5670002,0.3462566,-4.8115644,-5.7072463,1
5.0,5,-0.23911801,0.36710855,-0.39495796,-0.30123025,4.1833897,11.335073,-0.27496898,2.928343,-1.8521622,-0.92749465,-2.8983095,-2.1731572,-1.3630236,-0.52711356,-0.99350023,-0.46307716,-1.4713113,0.24524346,-4.780054,-5.5917935,1
5.0,5,-0.23127338,0.36257803,-0.38955367,-0.31376106,4.291327,11.334307,-0.34214234,2.7352247,-1.8176622,-0.9337556,-2.877897,-2.1679926,-1.3523933,-0.50086796,-0.87036264,-0.4248384,-1.5234039,0.22336498,-4.7766438,-5.645014,1
5.0,5,-0.21413249,0.39674085,-0.34678763,-0.34250367,4.493073,11.287976,-0.31606698,2.5938835,-1.8446009,-1.0086148,-2.8730397,-2.188627,-1.3982518,-0.5604071,-0.8337165,-0.34135616,-1.5874164,0.34571686,-4.8116527,-5.731934,1
5.0,5,-0.21529034,0.39177978,-0.35236752,-0.338405,4.462992,11.2934675,-0.29479218,2.6505299,-1.8535689,-1.0039473,-2.8790674,-2.1878712,-1.3988538,-0.5638051,-0.8650476,-0.35327977,-1.5769105,0.3336399,-4.809949,-5.711811,1
13.0,13,-1.4566686,2.321567,2.6843078,0.10381621,-1.5967333,1.5134029,-1.4869664,-1.2793192,-1.9439579,0.3901224,-3.0966399,-0.053158283,-1.1352386,11.207676,-1.0870583,0.17185406,-1.9357183,-0.8054856,-2.8827653,-3.4105425,1
13.0,13,-1.4569468,2.3224893,2.6872113,0.10383659,-1.5962921,1.5133121,-1.4869032,-1.2793683,-1.9433104,0.39197126,-3.0961714,-0.053362172,-1.1357381,11.206434,-1.0879415,0.17099315,-1.9364074,-0.8061228,-2.8836532,-3.4107919,1
13.0,13,-1.4587878,2.3151283,2.6813242,0.09095308,-1.5927143,1.5114363,-1.489513,-1.2771809,-1.9436699,0.3989426,-3.0936549,-0.053314276,-1.1356889,11.213637,-1.08321,0.17079212,-1.9382833,-0.8047297,-2.8807974,-3.407001,1
13.0,13,-1.4596226,2.3234096,2.692329,0.091398835,-1.5915195,1.5117916,-1.4899157,-1.2762786,-1.9401318,0.40681568,-3.0895338,-0.055451658,-1.1407188,11.208194,-1.0893719,0.16852233,-1.9432542,-0.8052223,-2.8886952,-3.4073224,1
13.0,13,-1.4572294,2.3237135,2.6898243,0.10354984,-1.5958201,1.5132453,-1.4869708,-1.2792369,-1.9425949,0.39403513,-3.0954127,-0.053710837,-1.1365607,11.205347,-1.088965,0.17027655,-1.937388,-0.8064973,-2.8849063,-3.4108546,1
13.0,13,-1.4568558,2.3225954,2.6869667,0.10412435,-1.5964626,1.5133705,-1.486831,-1.279383,-1.9433545,0.39166665,-3.0962381,-0.05339733,-1.135729,11.206446,-1.0880059,0.17112082,-1.9363588,-0.8061185,-2.883658,-3.410762,1
3.0,11,-2.9584112,-0.8157668,-1.738105,7.634992,-1.7773616,-1.2416081,-0.7264736,-1.2567955,-1.1795582,-2.8293638,5.125197,8.708218,-1.2344345,-1.983606,-1.8013788,0.6765966,1.924199,1.0846852,-2.3026853,-1.4578269,0
3.0,11,-2.9539986,-0.8207755,-1.7379464,7.651515,-1.7860254,-1.2467153,-0.7246852,-1.2582836,-1.1713837,-2.8349519,5.1496344,8.682161,-1.2308295,-1.9945792,-1.8033198,0.67140305,1.9206889,1.0744569,-2.3043404,-1.44859,0
3.0,11,-2.9467413,-0.8219615,-1.7393514,7.668185,-1.8000163,-1.2547482,-0.72223765,-1.2598475,-1.1600518,-2.8366184,5.1724396,8.659181,-1.2281898,-2.005689,-1.8115311,0.6599632,1.9275388,1.060917,-2.300952,-1.4375291,0
3.0,11,-2.9411001,-0.8257734,-1.7393521,7.685263,-1.814392,-1.2624434,-0.72098,-1.2618965,-1.1484976,-2.840418,5.1997485,8.632745,-1.2250345,-2.0173979,-1.8173853,0.6503072,1.9322925,1.0473735,-2.2989511,-1.425898,0
3.0,11,-2.9513462,-0.82387596,-1.7376541,7.6614814,-1.7929521,-1.2504984,-0.72400504,-1.2593906,-1.1655896,-2.8379974,5.1653395,8.666465,-1.228766,-2.0013285,-1.805231,0.6672613,1.921171,1.067403,-2.3043518,-1.442398,0
3.0,11,-2.9548426,-0.81952477,-1.737798,7.6480565,-1.7849811,-1.2457467,-0.7253749,-1.2580876,-1.1728687,-2.8334095,5.1442976,8.688073,-1.2316979,-1.9921209,-1.8033898,0.671894,1.9230675,1.0761436,-2.303493,-1.4504433,0
9.0,9,0.18484691,1.267993,1.721843,-2.4206479,0.83221155,1.2178626,-0.5128894,1.919301,-1.5354722,8.995161,-3.7790744,-3.471849,4.099642,0.16598715,-2.3101816,-1.0885125,-1.625659,-0.84919095,-2.413959,-1.123686,1
9.0,9,0.1919333,1.2775484,1.7190144,-2.4242673,0.8492292,1.2144204,-0.4889896,1.9420447,-1.5713507,8.975969,-3.7934384,-3.4879138,4.080472,0.15837407,-2.2986608,-1.035769,-1.6306337,-0.8295267,-2.4814453,-1.1212965,1
9.0,9,0.21647376,1.5095268,1.5497824,-2.3919337,0.6247597,1.173326,-0.49660844,1.6363372,-1.284225,9.234596,-3.7198546,-3.5745685,3.7572305,0.13698909,-2.4338634,-0.79442465,-1.5132161,-0.80120283,-2.569355,-1.1140729,1
9.0,9,0.25955984,1.6958116,1.393717,-2.4237547,0.6896561,1.1535469,-0.27280158,1.7053144,-1.5772444,9.029516,-3.8351192,-3.790423,3.5212915,0.10710429,-2.327326,-0.04732649,-1.5717379,-0.6285012,-3.21277,-1.077848,1
9.0,9,0.21396565,1.3313313,1.6902034,-2.431064,0.8776979,1.2079934,-0.42409188,1.9761105,-1.6543962,8.9313755,-3.8273358,-3.5440462,4.014716,0.13450715,-2.2753828,-0.8588672,-1.6424396,-0.77242744,-2.6773868,-1.1187869,1
9.0,9,0.20183596,1.3048637,1.7042378,-2.4251904,0.86117667,1.2194371,-0.46514636,1.9534659,-1.6023221,8.957476,-3.8069086,-3.5112984,4.058168,0.14368695,-2.2891884,-0.9730893,-1.6369542,-0.8024465,-2.559143,-1.1242448,1
13.0,13,-1.692467,1.4364434,1.6358572,0.13659084,-3.0984077,1.3834367,-1.140585,-0.4416618,-1.2636641,-0.7679597,-3.1927748,-2.8453853,3.2304928,11.246389,-0.73474956,-0.67944145,-2.0442207,-1.1590382,-2.6952376,-2.7390182,1
13.0,13,-1.6916134,1.4316493,1.6356398,0.13977447,-3.1003594,1.3838159,-1.1363215,-0.44013608,-1.2673129,-0.77102757,-3.1937015,-2.842594,3.2256486,11.247879,-0.73605776,-0.68067807,-2.0403445,-1.1644621,-2.685215,-2.736413,1
13.0,13,-1.6988561,1.4284179,1.6233435,0.105066985,-3.0937335,1.3757814,-1.163713,-0.44163582,-1.2506753,-0.75331753,-3.18702,-2.8464673,3.265003,11.253487,-0.72521174,-0.67742866,-2.0498273,-1.1483002,-2.7075944,-2.7366176,1
13.0,13,-1.6976936,1.4416974,1.6325366,0.11243396,-3.0912423,1.3782395,-1.1620188,-0.44431734,-1.2496418,-0.7531134,-3.1882892,-2.8519497,3.2578175,11.246557,-0.7269336,-0.6758938,-2.0547419,-1.1411706,-2.7228312,-2.743169,1
13.0,13,-1.6923902,1.4381759,1.6367236,0.13642047,-3.0982375,1.3835646,-1.1402197,-0.44298103,-1.2634846,-0.76730895,-3.192511,-2.8450825,3.2277985,11.247262,-0.73550236,-0.6801277,-2.0441508,-1.159249,-2.6934981,-2.7398615,1
13.0,13,-1.6922134,1.437705,1.6368794,0.13736416,-3.0984888,1.3837706,-1.1395589,-0.44270393,-1.2639849,-0.7679457,-3.19272,-2.8448887,3.2270572,11.24709,-0.7356397,-0.68006563,-2.0437758,-1.1597816,-2.6929789,-2.7396288,1
19.0,19,1.0382094,-0.7245323,-0.38350075,-0.81064385,0.38115826,-3.618804,2.0680156,3.263139,-0.7834935,0.09255229,0.67634857,-1.4955415,1.8031651,-1.2322793,-3.2970653,-0.058243044,-1.5570016,-0.90700823,-1.3245125,10.312868,1
19.0,19,1.0344608,-0.7182425,-0.3813994,-0.8053068,0.36087114,-3.6115165,2.064974,3.265817,-0.76718694,0.10081689,0.679131,-1.5006908,1.7951154,-1.2333683,-3.3026557,-0.051540032,-1.5606319,-0.90652317,-1.3395251,10.30858,1
19.0,19,0.8744142,-0.7234271,-0.3288026,-0.86172,0.4309761,-3.6783679,1.9295915,2.6462715,-0.39120105,0.33396327,0.81025445,-1.447091,1.7221826,-1.1238825,-3.1751988,-0.11031337,-1.6237955,-0.7861361,-1.14699,10.579001,1
19.0,19,0.8751142,-0.57549185,-0.39275306,-0.8191272,0.035022654,-3.5381393,2.002603,3.0667448,-0.27898854,0.3538621,0.7225324,-1.6064755,1.7173069,-1.1744474,-3.3006272,0.08877704,-1.7246172,-0.8031623,-1.64086,10.287221,1
19.0,19,1.0146501,-0.6774424,-0.38005018,-0.7954742,0.2581091,-3.573457,2.057264,3.2811284,-0.65792376,0.1436642,0.6909814,-1.5412352,1.7772772,-1.2311487,-3.3199332,-0.012989404,-1.6148422,-0.88896626,-1.4655762,10.266589,1
19.0,19,1.0330377,-0.7084361,-0.379619,-0.8028106,0.3402421,-3.6006594,2.05967,3.2659054,-0.7416377,0.112187564,0.68484986,-1.5114211,1.7871088,-1.2312566,-3.3060277,-0.043607876,-1.5749744,-0.89996344,-1.3711643,10.299596,1
6.0,6,-1.6351571,0.41744477,-2.3201952,-0.49615103,2.9602158,2.167475,11.17446,2.8982506,-3.248321,-2.3872268,-1.0566024,-2.596565,1.0799812,-3.1025784,-3.694538,-2.1177106,-1.0637583,-2.9233034,1.3773382,-1.0716866,1
6.0,6,-1.6403705,0.4285175,-2.327286,-0.49282512,2.961366,2.166144,11.178135,2.8579385,-3.243834,-2.3943405,-1.0511127,-2.5907664,1.0919124,-3.095483,-3.676377,-2.1094275,-1.0757858,-2.907412,1.3691279,-1.0842128,1
6.0,6,-1.7069215,0.46281227,-2.3775105,-0.46967804,2.8373737,2.1832025,11.233322,2.7402582,-3.1177628,-2.393846,-1.0032188,-2.5910451,1.1598676,-2.996831,-3.6013792,-2.121234,-1.2082788,-2.919355,1.2815608,-1.0494407,1
6.0,6,-1.7199105,0.4853379,-2.3996687,-0.45852366,2.822307,2.1767259,11.2431135,2.6767924,-3.1075048,-2.4081695,-0.99567693,-2.5766032,1.1951982,-2.9743087,-3.563551,-2.1037,-1.2470932,-2.9029162,1.2669936,-1.0580498,1
6.0,6,-1.6474044,0.44031164,-2.340621,-0.48908764,2.9628515,2.1653614,11.186284,2.8320534,-3.2427382,-2.4052877,-1.0463454,-2.5800874,1.1070457,-3.084418,-3.656467,-2.0975516,-1.1033554,-2.893093,1.3494766,-1.0929942,1
6.0,6,-1.6431804,0.43202573,-2.3321872,-0.49168718,2.960978,2.16634,11.18173,2.8523529,-3.2428825,-2.3980682,-1.049476,-2.5872135,1.0969971,-3.0911815,-3.6702769,-2.1053784,-1.0871333,-2.9039285,1.3609039,-1.0859196,1
18.0,18,-2.0305762,-1.0637907,-0.9486743,-0.33491278,-1.7707356,-1.2274433,2.5357301,-3.2337782,1.2837888,-0.1401264,-0.11155768,-0.56278557,2.935911,-0.32907116,-2.4718277,-2.7758765,2.494906,-3.1683648,11.582785,1.1693522,1
18.0,18,-2.0326273,-1.0663373,-0.94841415,-0.3345876,-1.7741874,-1.2301799,2.530404,-3.235617,1.2899565,-0.13802047,-0.109354146,-0.56051713,2.933389,-0.3250144,-2.470944,-2.7761755,2.4949627,-3.1691537,11.5855665,1.1730225,1
18.0,18,-2.0470212,-1.0734875,-0.94525456,-0.33367026,-1.7944831,-1.2326292,2.514033,-3.241506,1.3221879,-0.120597064,-0.10051741,-0.5471252,2.8971245,-0.31231886,-2.468835,-2.7754126,2.5023448,-3.1732733,11.595064,1.1846879,1
18.0,18,-2.0229301,-1.0289413,-0.9671045,-0.33555353,-1.743783,-1.2064425,2.6259084,-3.2034283,1.1839819,-0.16222791,-0.14058602,-0.57475513,2.9538882,-0.3492574,-2.47124,-2.7630608,2.4838362,-3.1713233,11.551254,1.1430717,1
18.0,18,-2.0334644,-1.062786,-0.9512605,-0.33434188,-1.7721996,-1.2305969,2.541654,-3.2313719,1.2759653,-0.14030997,-0.11276731,-0.5592633,2.9334054,-0.3239357,-2.469129,-2.773385,2.4926739,-3.1708207,11.583791,1.1737523,1
18.0,18,-2.0319624,-1.0651721,-0.94871306,-0.33465102,-1.7726463,-1.2297812,2.5328894,-3.234642,1.2859387,-0.13903692,-0.11064437,-0.5606452,2.9343123,-0.32613003,-2.4707582,-2.775486,2.4947462,-3.168899,11.58487,1.1724395,1
4.0,4,-1.6840672,-2.872951,-2.7660816,-2.2715182,9.297976,-0.88965315,3.977621,2.352811,-5.134118,-0.098722756,-2.9727626,1.6242568,-3.7691617,-4.9960423,0.19950545,2.4552255,5.0460625,2.5329797,-1.7286657,-1.9368478,1
4.0,4,-1.6881044,-2.8645217,-2.776779,-2.2423935,9.333293,-0.90127814,3.8713045,2.2415128,-5.101452,-0.11307675,-2.9286933,1.6568052,-3.7881598,-4.9850593,0.23957339,2.4903028,5.031815,2.6532393,-1.7453504,-1.9781239,1
4.0,4,-1.6315236,-2.8731341,-2.8271732,-2.269202,9.482865,-0.8941493,4.023407,2.1630063,-5.16757,-0.18673018,-2.9113371,1.5864023,-3.852932,-4.9341016,0.3373864,2.7922099,4.6688943,2.4659457,-1.792763,-1.9557577,1
4.0,4,-1.6596212,-2.8642316,-2.838767,-2.2108529,9.497262,-0.94348454,3.7069807,1.9313862,-5.0715523,-0.18617035,-2.8106363,1.6890996,-3.8728461,-4.90673,0.4176165,2.7828274,4.7719727,2.791749,-1.7991945,-2.0461729,1
4.0,4,-1.6909446,-2.8604681,-2.7814543,-2.2276342,9.348086,-0.9076269,3.8131673,2.1855786,-5.0834894,-0.11906569,-2.9062264,1.6743419,-3.7968006,-4.9792566,0.259328,2.5045538,5.0302725,2.7175572,-1.7526705,-1.999431,1
4.0,4,-1.6881813,-2.8663425,-2.7746048,-2.2477424,9.325105,-0.9002108,3.8858902,2.2608175,-5.1061354,-0.109164014,-2.936496,1.6528145,-3.7842603,-4.987101,0.23277104,2.4818196,5.03964,2.6349416,-1.7414987,-1.9711001,1
5.0,5,-1.2870065,-0.4909892,-0.5905968,-0.4636522,0.47599906,11.703869,-1.4620997,3.2796738,-0.07856929,-0.65883523,-2.4711425,-2.0571568,-0.40082675,0.45301008,0.6257856,1.0602735,-1.7563969,-2.264121,-4.46454,-4.951021,1
5.0,5,-1.291382,-0.49208653,-0.57470584,-0.46890014,0.47531855,11.705613,-1.4781027,3.2389967,-0.0701136,-0.6660783,-2.4587529,-2.0629933,-0.4078911,0.45827127,0.65181446,1.0970274,-1.7750465,-2.2675998,-4.4629593,-4.965655,1
5.0,5,-1.272384,-0.5043519,-0.7168449,-0.44070068,0.43214712,11.687126,-1.351944,3.4668496,-0.08185892,-0.55649984,-2.548334,-2.0141659,-0.31947184,0.43941313,0.45625785,0.81263095,-1.6278337,-2.2554414,-4.4200873,-4.869659,1
5.0,5,-1.2982674,-0.5150922,-0.64712894,-0.47114033,0.40525928,11.698597,-1.4395808,3.2501807,-0.024407756,-0.5861074,-2.483594,-2.0538611,-0.3525829,0.47738022,0.5994792,1.0194705,-1.7299715,-2.2761474,-4.4067,-4.942423,1
5.0,5,-1.3020273,-0.49445426,-0.54540485,-0.48047012,0.46936274,11.7083025,-1.5094784,3.153918,-0.051382322,-0.68052727,-2.4332836,-2.0776687,-0.42439136,0.47176892,0.7080556,1.1793398,-1.8156565,-2.2770882,-4.458082,-4.993922,1
5.0,5,-1.2995002,-0.4942869,-0.5629548,-0.4745321,0.4602934,11.706056,-1.4936332,3.1976206,-0.05570044,-0.671059,-2.4463997,-2.071696,-0.4126637,0.4684003,0.681821,1.139122,-1.7956271,-2.2737997,-4.4573464,-4.9779143,1
8.0,9,-0.42301056,2.3717725,3.5560818,-2.0337489,-4.091674,0.9357907,-2.8108544,-2.5440094,5.6808643,9.659646,-2.395378,-3.801706,0.17170087,1.7490273,0.4587727,-1.0311,-0.3422619,-2.332552,-3.3412719,-2.0166924,0
8.0,9,-0.4229879,2.371738,3.5560873,-2.0337842,-4.091576,0.9357273,-2.8107963,-2.5439408,5.680646,9.659796,-2.3953948,-3.8016737,0.17168821,1.7490077,0.4587911,-1.0310869,-0.34226876,-2.332605,-3.3412194,-2.0166314,0
8.0,9,-0.42313212,2.371476,3.5559542,-2.0337846,-4.0919943,0.93591225,-2.8108807,-2.544078,5.6814256,9.659431,-2.3951156,-3.8017747,0.17186569,1.7494743,0.45848927,-1.0310832,-0.34246737,-2.332668,-3.3412323,-2.0167134,0
8.0,9,-0.42309067,2.3712764,3.55649,-2.0339673,-4.0921445,0.9361761,-2.8110054,-2.543431,5.6810746,9.658658,-2.3947318,-3.802207,0.17206195,1.7496978,0.45907632,-1.0305294,-0.34295756,-2.333183,-3.3420625,-2.0175118,0
8.0,9,-0.4229751,2.3717132,3.556105,-2.033813,-4.091529,0.93570566,-2.8107698,-2.5438871,5.6805224,9.659848,-2.3953903,-3.8016703,0.17168444,1.7490066,0.45882538,-1.0310581,-0.3422917,-2.332651,-3.3412218,-2.0166247,0
8.0,9,-0.42298833,2.3717554,3.556076,-2.0337846,-4.0915713,0.93573433,-2.8108058,-2.543954,5.6806674,9.659793,-2.3954113,-3.8016708,0.17167935,1.7489929,0.4588069,-1.0310924,-0.3422566,-2.3325868,-3.341229,-2.0166278,0
19.0,19,-2.3395712,-2.0257185,3.9538112,-0.5092331,-2.1378553,-4.042401,0.073372915,-0.16748469,1.3081616,1.9357259,-0.83399636,-1.0201209,3.3146286,0.38453686,-1.303226,-2.0970237,-0.3169645,-2.4309535,5.587416,11.392136,1
19.0,19,-2.3436227,-2.027134,3.9437852,-0.5065013,-2.1380932,-4.045172,0.079150155,-0.17545164,1.3094124,1.9339763,-0.83190703,-1.0178806,3.3156934,0.39076138,-1.3048729,-2.095687,-0.32080466,-2.4302552,5.5982866,11.395612,1
19.0,19,-2.3696842,-2.0200899,3.9378774,-0.47988757,-2.1754653,-4.050687,0.108016506,-0.21030983,1.3384963,1.8809636,-0.81283325,-0.99231046,3.3161213,0.39754462,-1.3297104,-2.101193,-0.3315423,-2.4314485,5.697585,11.395571,1
19.0,19,-2.3163152,-2.0277107,3.9972587,-0.48036885,-2.1830614,-3.9869285,0.23971216,0.010654252,1.1721826,1.5987675,-0.7921386,-0.9702153,3.3218362,0.3323046,-1.3385897,-2.0475426,-0.4022401,-2.4485662,5.6285524,11.391416,1
19.0,19,-2.3424852,-2.02743,3.9427397,-0.503332,-2.1411016,-4.040608,0.10052957,-0.15919445,1.2946295,1.8993933,-0.8263622,-1.0133773,3.3148847,0.38729388,-1.3099538,-2.0895705,-0.33149308,-2.4305067,5.604253,11.399543,1
19.0,19,-2.341204,-2.0265927,3.9456553,-0.5076223,-2.1366372,-4.044198,0.07952987,-0.17080103,1.306519,1.933817,-0.83201736,-1.0184727,3.3128946,0.38773143,-1.3044667,-2.0945704,-0.31997716,-2.4296672,5.5918555,11.396474,1
6.0,6,-2.1626837,0.03726037,-0.74295956,-1.7884148,-0.29112333,1.712662,10.507121,4.6630826,-1.597514,-0.28616762,-0.6464499,-2.3432071,-1.0743484,-1.4994552,-4.0407276,-2.4514906,0.74518186,-3.510114,-1.8665861,-0.46154612,1
6.0,6,-2.1703238,0.028659396,-0.7544003,-1.7846457,-0.2546192,1.7221407,10.527078,4.6441207,-1.604878,-0.30669713,-0.63892794,-2.3209665,-1.0791212,-1.5052606,-4.0270596,-2.4457097,0.7198105,-3.500106,-1.8784233,-0.47474685,1
6.0,6,-2.2084997,0.021754198,-0.7734451,-1.766875,-0.28412625,1.7857907,10.547425,4.6396933,-1.5650471,-0.35796663,-0.58427846,-2.3259351,-1.0646694,-1.4374564,-4.0001826,-2.4338057,0.5604974,-3.4699893,-1.9359013,-0.50533694,1
6.0,6,-2.2326043,-0.010414816,-0.7970767,-1.7686843,-0.19008437,1.7902958,10.5847,4.615663,-1.6003135,-0.39362845,-0.576394,-2.2573729,-1.084463,-1.4490486,-3.9639385,-2.4168954,0.5286295,-3.4386227,-1.9687233,-0.5363294,1
6.0,6,-2.1734881,0.024366692,-0.75976104,-1.7832302,-0.23526111,1.7253044,10.536479,4.6349235,-1.6097804,-0.31564113,-0.636515,-2.3092518,-1.0821904,-1.509649,-4.020755,-2.4429326,0.71093386,-3.4953427,-1.8833017,-0.48088756,1
6.0,6,-2.167666,0.031419918,-0.75146437,-1.7859143,-0.26380685,1.7190448,10.521808,4.648397,-1.6031218,-0.3009693,-0.641462,-2.3272917,-1.0779803,-1.5043468,-4.0310593,-2.4471738,0.7280873,-3.502929,-1.8746238,-0.47108954,1
4.0,4,0.9366056,-0.80342114,-1.6907816,-1.5330584,11.824175,4.6418996,3.0000243,0.6701023,-4.145166,-1.5367987,-2.2153304,-1.6005017,-2.530658,-2.9713662,-0.1550706,-0.16587275,-0.7712019,0.5266822,-3.1407137,-4.11266,1
4.0,4,0.93724036,-0.79942405,-1.684998,-1.52965,11.823106,4.6297727,2.978421,0.6220822,-4.128459,-1.5363319,-2.2049348,-1.5979075,-2.5237641,-2.9668283,-0.14075097,-0.16250865,-0.7618292,0.5331679,-3.1356435,-4.119694,1
4.0,4,0.94992566,-0.79379857,-1.7165458,-1.5453609,11.824756,4.6639557,3.0206347,0.68882275,-4.1484823,-1.5285461,-2.2201068,-1.6028161,-2.5269718,-2.9565084,-0.1622242,-0.19199666,-0.7929465,0.49276224,-3.1307864,-4.0975437,1
4.0,4,0.95448613,-0.7896723,-1.7059606,-1.5353659,11.824835,4.6370277,2.9774983,0.58155864,-4.112509,-1.5297066,-2.1961708,-1.5953165,-2.508931,-2.9441137,-0.1285798,-0.1803897,-0.7812612,0.4944522,-3.1174731,-4.109909,1
4.0,4,0.9384601,-0.7973305,-1.6805843,-1.5258011,11.8230295,4.617836,2.9597955,0.57739305,-4.1134143,-1.5363977,-2.1947355,-1.5945997,-2.5167518,-2.9620638,-0.12669133,-0.15849586,-0.7552848,0.5356021,-3.1300192,-4.124826,1
4.0,4,0.93892944,-0.80155,-1.6853095,-1.5273639,11.824886,4.6256795,2.9754872,0.6088515,-4.1247344,-1.5371279,-2.2014844,-1.5955108,-2.5205278,-2.964179,-0.13508105,-0.15998021,-0.7640318,0.5267939,-3.1325235,-4.1188245,1
17.0,17,-1.8588344,1.3487217,0.41189587,0.4773057,-4.231585,-0.3167782,3.4949555,0.15472932,-0.2514335,-1.0141723,-0.3062475,0.24477091,3.5485814,-2.1207051,-6.6881995,-2.3467317,4.617072,5.3445034,1.7950593,-2.5941842,1
17.0,17,-1.9459047,1.4938326,0.46307087,0.48694783,-4.2567306,-0.16561165,3.3008378,0.17061977,-0.13417026,-1.0096468,-0.20061702,0.33292824,3.338229,-2.0568037,-6.6793537,-2.302984,4.391419,5.898394,1.382165,-2.731401,1
17.0,17,-2.4068875,1.8604118,0.1893522,0.41061828,-3.8199975,1.0410888,4.664953,0.3760224,0.28192207,-1.6828606,-0.061410427,0.05906493,3.3848302,-1.6308461,-6.301768,-2.0306854,1.6732639,6.3849163,-0.5992934,-3.0323024,1
17.0,17,-2.481392,1.940538,0.23120727,0.3832139,-3.798157,1.0509374,4.4171147,0.3728531,0.3386635,-1.6659213,0.014464196,0.14379707,3.2029903,-1.5642916,-6.185782,-1.9869864,1.5742689,6.806253,-0.8265778,-3.0511935,1
17.0,17,-2.028399,1.6264794,0.5044786,0.50263417,-4.2625694,-0.0074081756,3.1025956,0.16728772,-0.020366777,-1.0153166,-0.091661505,0.43584147,3.1265492,-1.9806405,-6.648277,-2.2474601,4.146784,6.427069,0.9741212,-2.875075,1
17.0,17,-1.9453164,1.4882188,0.4613855,0.48639017,-4.259947,-0.17554253,3.314046,0.17218728,-0.14015621,-1.009316,-0.2056863,0.32708117,3.3471136,-2.0606353,-6.6789813,-2.3034184,4.4024935,5.8767376,1.3981788,-2.722251,1
1.0,1,1.3768125,6.132071,-1.4972206,-2.089023,0.0373323,0.9670031,1.8038213,-0.9870891,-2.011698,-1.4178472,-1.4818765,-4.6554847,2.2059066,2.8719172,-3.603202,1.0534673,-1.8126985,-1.2664931,-3.2186456,-2.4975805,1
1.0,1,1.4086431,6.1494465,-1.4900575,-2.0760958,0.04054749,0.9711822,1.807189,-0.9971711,-2.0109522,-1.4217681,-1.4766415,-4.656298,2.1886404,2.8444827,-3.6124568,1.0586183,-1.8247595,-1.2691103,-3.225483,-2.5036316,1
1.0,1,1.4306743,6.2046847,-1.4739537,-2.0410619,-0.022764184,0.9794941,1.7787197,-1.0129238,-1.9890336,-1.4195968,-1.464993,-4.6517897,2.1631446,2.8734207,-3.6479225,1.062997,-1.8421289,-1.2429148,-3.2302566,-2.5044746,1
1.0,1,1.5798166,6.345742,-1.407859,-1.9753472,-0.040421486,0.99012965,1.7724918,-1.0257032,-2.010903,-1.414872,-1.4379857,-4.6477027,2.0040376,2.7543166,-3.7029762,1.0972478,-1.8684194,-1.2733017,-3.2719698,-2.5228868,1
1.0,1,1.4248272,6.157041,-1.4870635,-2.0698867,0.0431464,0.97270805,1.8099663,-1.0019888,-2.0109587,-1.4237187,-1.4746199,-4.656959,2.1817112,2.830278,-3.6170819,1.0606862,-1.8307806,-1.2705864,-3.2285376,-2.5060668,1
1.0,1,1.3991017,6.1427145,-1.4930506,-2.0803668,0.040654495,0.96920407,1.8074985,-0.99388885,-2.0115473,-1.4205977,-1.4789966,-4.6563897,2.1962826,2.8524902,-3.609639,1.0563841,-1.821119,-1.2684159,-3.2229037,-2.5010378,1
10.0,10,-3.193297,-1.9528167,-3.3023984,1.4157289,-2.9437075,-2.4004195,-1.2317631,-0.3970534,-0.877537,-5.3362107,7.484595,-0.17170076,0.29865646,1.292666,2.559541,4.9461336,-2.1744723,2.2017648,-2.6388674,-1.5613651,1
10.0,10,-3.1559947,-1.9357258,-3.264673,1.3508008,-2.8978662,-2.3802557,-1.3511789,-0.45432553,-0.84299934,-5.3178654,7.5171304,-0.14504865,0.1981603,1.3225068,2.459436,5.032006,-2.1582217,2.394945,-2.7058659,-1.6217288,1
10.0,10,-2.935484,-1.7269791,-3.589843,1.1202203,-2.9123125,-2.6289675,-1.1830186,-0.65619516,-0.6052382,-5.0922537,7.3318305,-0.39026818,0.21587996,1.596915,2.249914,5.459017,-2.439347,1.7753804,-2.5589204,-1.3531059,1
10.0,10,-2.78407,-1.6822242,-3.3760617,0.9389759,-2.768878,-2.5381658,-1.5822014,-0.88410044,-0.47462678,-4.9995823,7.421419,-0.33459172,-0.116136,1.6646205,1.9990983,5.767553,-2.4168813,2.2929273,-2.8014026,-1.534259,1
10.0,10,-3.141894,-1.9310695,-3.2366939,1.3188373,-2.8689005,-2.3607562,-1.4172028,-0.47844112,-0.8358462,-5.311884,7.5321293,-0.1267293,0.14887647,1.3353082,2.4092102,5.065068,-2.1433568,2.515213,-2.743485,-1.663745,1
10.0,10,-3.1568496,-1.9334604,-3.2574596,1.3511457,-2.8992875,-2.3761458,-1.3590655,-0.4619353,-0.8392509,-5.3160877,7.5162354,-0.14604855,0.19456786,1.322624,2.4647226,5.039477,-2.1603336,2.399619,-2.7108698,-1.624296,1
3.0,3,0.042348415,2.051132,2.1800795,10.7556,0.31692246,1.1889243,-0.15485391,-0.91764325,-2.3568776,-1.9381607,-2.5335605,0.88388383,-0.42505348,-1.6573348,-0.3401326,0.07053284,-1.2592835,-0.4074596,-3.68461,-2.8431542,1
3.0,3,0.04260385,2.0495317,2.179083,10.757158,0.31696942,1.1892736,-0.15682003,-0.9168209,-2.3562753,-1.9395127,-2.530085,0.88690954,-0.42552266,-1.659855,-0.34120095,0.07187777,-1.2590369,-0.40850407,-3.6844378,-2.842801,1
3.0,3,0.042609543,2.0502574,2.1783216,10.756878,0.3171983,1.189236,-0.15671085,-0.9169296,-2.356945,-1.9384353,-2.5309331,0.8871888,-0.4259486,-1.6583232,-0.34159562,0.07099337,-1.2593231,-0.40716878,-3.6842284,-2.84316,1
3.0,3,0.04273641,2.0491436,2.1769667,10.759834,0.31759393,1.1895137,-0.1603808,-0.9167408,-2.3538435,-1.9407156,-2.5234253,0.8892478,-0.42656755,-1.6667856,-0.33928728,0.07375158,-1.2604805,-0.41066697,-3.6840596,-2.8424103,1
3.0,3,0.042704433,2.046936,2.1780164,10.759874,0.31713092,1.1896554,-0.15991428,-0.9158734,-2.353989,-1.9424918,-2.523591,0.8902325,-0.42570153,-1.6669422,-0.34039068,0.07496513,-1.2590258,-0.4120221,-3.6843495,-2.841814,1
3.0,3,0.042501092,2.0496929,2.1793733,10.757099,0.31699833,1.1891953,-0.15669766,-0.9170229,-2.3559332,-1.9396291,-2.530038,0.8861986,-0.42535424,-1.6605601,-0.34037018,0.07203065,-1.2591901,-0.4089232,-3.6845117,-2.8427362,1
19.0,19,-2.1255817,-1.4918388,1.4085363,-1.1804935,-3.0944207,-2.3506854,1.144683,1.3500512,-1.3408207,-0.55196863,1.5091181,0.058092292,0.18323718,4.7730865,-1.9267017,-0.91287065,-1.1386138,-3.6143117,4.2067747,10.369364,1
19.0,19,-2.125161,-1.501054,1.4086285,-1.1799222,-3.0877473,-2.3548653,1.1532195,1.3555925,-1.3404914,-0.54918677,1.5079786,0.056192968,0.18446112,4.750892,-1.9218949,-0.91135615,-1.1397351,-3.6099155,4.2095733,10.38359,1
19.0,19,-2.1477983,-1.4943265,1.3971009,-1.1595765,-3.0981486,-2.3824625,1.1528941,1.3070756,-1.335491,-0.5244418,1.4985979,0.08109835,0.18627335,4.736787,-1.9306421,-0.9183245,-1.1076711,-3.5972395,4.2999864,10.399134,1
19.0,19,-2.075552,-1.5535879,1.490456,-1.114353,-3.0957637,-2.358013,1.2885088,1.4108872,-1.2298058,-0.5844342,1.6987498,0.05542278,0.07268242,4.452323,-1.9271051,-0.8879612,-1.2331553,-3.6972287,4.1428194,10.468553,1
19.0,19,-2.1197348,-1.5117841,1.4153752,-1.1752287,-3.0833676,-2.357394,1.1704538,1.3663329,-1.3315854,-0.55094194,1.5226492,0.053214703,0.17623001,4.7118306,-1.9188398,-0.9078807,-1.149657,-3.6134748,4.201428,10.401024,1
19.0,19,-2.1237109,-1.5012538,1.4095656,-1.1796056,-3.087803,-2.354484,1.1554757,1.3575698,-1.3384416,-0.5499572,1.5110624,0.055067223,0.18239358,4.747275,-1.9222192,-0.9101819,-1.1426554,-3.6103232,4.204285,10.385226,1
6.0,6,-1.9970814,1.6850742,-0.93631744,-0.8110057,-0.717309,1.4821072,9.406581,-0.039121453,-1.6076843,-1.8338813,-1.4413886,-0.7926468,3.0510015,-2.3854163,-1.8639686,0.085422136,-1.7316629,-2.2473092,-1.23174,-1.4321637,1
6.0,6,-1.952649,1.7722781,-0.91508865,-0.8150597,-0.63605297,1.4644595,9.379893,-0.039444674,-1.6719381,-1.8117555,-1.4534132,-0.70622134,2.839485,-2.3933086,-1.8096095,0.15308031,-1.7648824,-2.1965148,-1.3596113,-1.4985032,1
6.0,6,-1.7627445,1.4784716,-1.1005411,-0.7889693,0.22875041,1.1828568,9.466251,-0.12344648,-2.0668647,-1.9076552,-1.4474256,-0.30464602,1.8213661,-2.262826,-0.9946073,0.7157494,-1.9682118,-2.7976966,-1.8286184,-1.294535,1
6.0,6,-1.8610469,1.2254668,-1.2024721,-0.765457,0.18927339,1.2126637,9.523427,-0.23181753,-1.9988784,-1.9562637,-1.4339992,-0.48557612,2.156031,-2.155754,-0.90945137,0.6436291,-1.9084816,-3.0746806,-1.5901735,-1.0568552,1
6.0,6,-1.8926635,1.8681176,-0.8918111,-0.81070215,-0.5392164,1.4592495,9.355833,-0.05267482,-1.7312931,-1.7926458,-1.4660537,-0.5993555,2.5766447,-2.4068708,-1.7404374,0.24200492,-1.8113192,-2.1435912,-1.5111905,-1.5864887,1
6.0,6,-1.9603677,1.7655135,-0.91826445,-0.8071696,-0.6632458,1.4789103,9.393875,-0.044343572,-1.6503533,-1.8160684,-1.4516644,-0.723746,2.8641298,-2.3954551,-1.830692,0.14788082,-1.7600713,-2.1964881,-1.3380654,-1.4935535,1
9.0,9,-1.2952836,6.4869823,-0.314452,-1.749604,-2.069256,-0.49922317,-2.462314,-4.2522726,1.1157305,6.83258,-2.9933515,-4.085351,1.6852561,4.3007812,3.3920507,-0.768263,-1.70439,0.29319522,-2.4934974,-1.9627609,1
9.0,9,-1.3293843,6.5206,-0.3395744,-1.7371297,-2.0924366,-0.4938426,-2.4410326,-4.3161035,1.1753215,6.7720594,-2.9860773,-4.077782,1.6827753,4.2538776,3.4557538,-0.74134046,-1.7232503,0.34670508,-2.517448,-1.9905249,1
9.0,9,-1.1980536,6.269614,-0.36501288,-1.763533,-2.205142,-0.4402917,-2.6329298,-4.3193727,1.2980623,7.0018888,-3.0124364,-4.0815845,1.7011586,4.4986544,3.391348,-0.70250237,-1.7147081,0.26265973,-2.5270944,-1.877479,1
9.0,9,-0.71368504,6.410304,-0.35164762,-1.8456141,-1.740604,-0.20764595,-2.8050587,-4.0657725,0.76519495,6.6703305,-3.160555,-4.2027493,1.0428462,4.228549,3.9153032,-0.0055193864,-1.8952643,0.2935242,-3.0056496,-2.1577594,1
9.0,9,-1.2964927,6.576364,-0.36554378,-1.7278216,-2.0579526,-0.4477999,-2.4357455,-4.3303747,1.1542535,6.67968,-3.0033994,-4.0910645,1.6056986,4.1935425,3.556326,-0.6485659,-1.7624441,0.38751954,-2.6004071,-2.0519083,1
9.0,9,-1.3260953,6.523409,-0.33587736,-1.7376392,-2.0875652,-0.5025552,-2.435526,-4.310547,1.1654277,6.7784743,-2.9853215,-4.0783243,1.6824952,4.256778,3.4397368,-0.7476659,-1.7194415,0.34494662,-2.5123725,-1.9838902,1
15.0,15,-1.9800553,-1.7248689,-1.8416865,-3.1407232,3.0919976,1.8710405,-1.7475533,1.1108248,-2.4771023,-2.5095053,-0.09887748,-1.2777088,-3.608905,-1.822714,8.125359,10.319467,-2.3667796,0.24022105,-5.2762113,-2.6049042,1
15.0,15,-1.9761524,-1.6605576,-1.8649822,-3.0567708,2.889782,1.8645607,-1.6690902,0.9949744,-2.4598222,-2.415653,-0.047805265,-1.3303437,-3.6365736,-1.7737222,7.8556066,10.567017,-2.367821,0.06725354,-5.217485,-2.5456386,1
15.0,15,-1.9326786,-1.5908673,-1.901566,-2.968849,2.7317588,1.9244242,-1.637749,0.90456074,-2.4485495,-2.2754867,-0.03326302,-1.3952881,-3.6322691,-1.7209092,7.612061,10.752741,-2.3646681,-0.10972636,-5.221671,-2.5309772,1
15.0,15,-1.8894391,-1.4353389,-1.9444518,-2.7249403,2.278212,1.9309843,-1.3967848,0.6579849,-2.4150512,-2.0281827,0.08566222,-1.4975572,-3.689484,-1.6163038,6.7987432,11.258964,-2.3517132,-0.54548687,-5.033515,-2.3931491,1
15.0,15,-1.9730289,-1.6179162,-1.8780671,-2.9999208,2.7580743,1.8536443,-1.6120187,0.91910505,-2.449652,-2.3524566,-0.013682611,-1.3624064,-3.6575925,-1.74168,7.6667595,10.725287,-2.3651183,-0.043572567,-5.1731935,-2.5033145,1
15.0,15,-1.9767665,-1.6651016,-1.8636982,-3.0632138,2.9039469,1.8676708,-1.6771239,1.0028915,-2.4602141,-2.4224477,-0.053349145,-1.3281286,-3.6321251,-1.7753667,7.8806424,10.547063,-2.3677657,0.07950454,-5.223449,-2.550907,1
3.0,3,-0.7495984,1.4597431,0.26564854,11.03148,0.38985553,-0.5568926,-0.26959097,-0.09469782,-2.9987037,-1.9520311,-1.1078559,4.7156467,-0.45671403,-2.7246294,-1.6841785,-1.1019821,1.4256133,0.98075277,-2.701191,-2.0616107,1
3.0,3,-0.7498175,1.4593374,0.2651791,11.032001,0.38966236,-0.5574765,-0.26976556,-0.09498386,-2.9983604,-1.9524982,-1.1055888,4.7160296,-0.45679456,-2.7262228,-1.6838326,-1.1018062,1.4256576,0.98059285,-2.7009044,-2.060967,1
3.0,3,-0.74964476,1.4606808,0.26321787,11.033269,0.3894911,-0.55826765,-0.26976913,-0.095302984,-2.9984417,-1.9533672,-1.1013638,4.71557,-0.45750487,-2.7294316,-1.6830542,-1.1011865,1.4242972,0.98095894,-2.700829,-2.0598822,1
3.0,3,-0.7506281,1.4591143,0.26114678,11.035585,0.38826597,-0.56066316,-0.27072656,-0.09660444,-2.996822,-1.9551927,-1.0918007,4.7169104,-0.4579594,-2.7361982,-1.681841,-1.1002009,1.424777,0.98078686,-2.6997204,-2.0571532,1
3.0,3,-0.7499943,1.4590734,0.26487225,11.032361,0.3894593,-0.5578655,-0.26993263,-0.09521103,-2.9980845,-1.952796,-1.1040645,4.716283,-0.45686546,-2.727284,-1.6836432,-1.1016577,1.4257694,0.98058283,-2.700727,-2.0605505,1
3.0,3,-0.7497511,1.4597414,0.26531923,11.031728,0.38968745,-0.5572026,-0.26974106,-0.0948914,-2.998536,-1.9522642,-1.1066996,4.7158504,-0.4568364,-2.725437,-1.6840404,-1.1018522,1.4256914,0.9809469,-2.701098,-2.0613542,1
7.0,6,-3.421426,1.293573,-1.5989664,-1.1067022,-2.951048,-1.0235841,8.670147,4.64402,-2.7661383,-0.64393085,-1.269585,-1.7649603,1.1793963,-1.3881285,-1.9673902,-1.6600536,3.5381632,-1.8207049,-0.08159548,0.1633413,0
7.0,6,-3.4638178,1.3880241,-1.653435,-1.0806246,-2.8369613,-1.0761479,8.704952,4.4898925,-2.822137,-0.6691833,-1.2588356,-1.6498643,1.0580934,-1.4195215,-1.8867768,-1.573018,3.564715,-1.7126881,-0.13220231,0.108058386,0
7.0,6,-3.6795352,1.5834606,-2.0198555,-1.186402,-2.0650506,-1.0424806,8.82381,4.35673,-3.2756212,-0.7283739,-1.3504345,-1.7792568,0.7850308,-0.9136793,-1.0574679,-1.1953295,2.8547184,-1.6233143,-0.6356629,-0.003118446,0
7.0,6,-3.8195138,1.659634,-2.2926438,-1.2772816,-1.3190433,-1.091496,8.6232815,4.2275515,-3.7450728,-0.71780574,-1.5086447,-1.5940981,0.38864732,-0.6387884,-0.4070147,-0.8194848,2.7521734,-1.3695604,-1.0208024,-0.1748555,0
7.0,6,-3.4955194,1.4920405,-1.7088737,-1.0493934,-2.7251985,-1.1282697,8.760687,4.312518,-2.8662548,-0.70375913,-1.2389652,-1.5586917,0.9628778,-1.4448184,-1.8031664,-1.482538,3.5426738,-1.6196183,-0.18456511,0.061052896,0
7.0,6,-3.4585261,1.3636831,-1.6423386,-1.0904245,-2.8523626,-1.0696,8.676719,4.535358,-2.8227627,-0.6530895,-1.2716664,-1.6526521,1.0628414,-1.4179403,-1.900235,-1.58777,3.5977583,-1.7263368,-0.12456216,0.11514867,0
17.0,17,-1.0764611,0.6391212,-2.032855,-2.1010835,5.8782854,0.11818224,-2.2829516,1.1230059,-3.122726,-1.6363714,-0.011085853,1.4136236,-4.1966543,-1.7073537,-1.7408628,0.5348753,4.3739877,10.339689,-3.597682,-3.81709,1
17.0,17,-1.1138289,0.794233,-1.9943091,-2.0659375,5.6075993,0.3243235,-2.4252355,0.86182266,-2.944942,-1.5538496,0.039223053,1.2601296,-4.115676,-1.5541742,-1.7195519,0.5340599,4.2135096,10.568565,-3.6601934,-3.943974,1
17.0,17,-1.0211549,0.79326874,-2.2480373,-2.1363015,6.1369543,0.15664336,-2.2558625,0.37669683,-3.0203164,-1.5501745,0.20234546,1.1921989,-3.9713502,-1.5132389,-1.4644336,0.5737088,3.697858,10.662572,-3.718409,-3.9451509,1
17.0,17,-1.0944873,0.9947563,-2.1462762,-2.0961397,5.562428,0.41651782,-2.489279,0.058095444,-2.7198277,-1.3684447,0.26418662,1.0404592,-3.8931015,-1.3157079,-1.4810354,0.5142122,3.7080362,10.940238,-3.7239256,-4.0920453,1
17.0,17,-1.1348522,0.8858371,-1.9634686,-2.0456684,5.4288945,0.44335952,-2.512905,0.7050983,-2.8320923,-1.4961016,0.06305184,1.1773075,-4.064299,-1.4642735,-1.7089235,0.5290308,4.1338377,10.697029,-3.6872926,-4.0170712,1
17.0,17,-1.1084607,0.77051497,-2.0009043,-2.0709953,5.651564,0.29343447,-2.4026856,0.9037359,-2.972785,-1.568115,0.032891516,1.2818898,-4.1287766,-1.577709,-1.7231599,0.5353498,4.2335744,10.535629,-3.653726,-3.9246483,1
4.0,4,1.4396732,-2.2743127,-2.466843,-2.502386,11.239497,-1.304897,-0.2402681,2.026892,-4.134268,-1.6898347,-1.936152,1.9164221,0.31331542,-2.7478867,2.0770013,0.2153273,1.1926061,-1.2013091,-2.4837365,-1.5774618,1
4.0,4,1.438941,-2.255577,-2.4715197,-2.5000572,11.239276,-1.2957709,-0.24591236,2.003023,-4.121869,-1.6964115,-1.9088264,1.8787048,0.32148555,-2.770206,2.075861,0.22207925,1.1694559,-1.1737875,-2.5081549,-1.5909631,1
4.0,4,1.3631376,-2.1920612,-2.5368161,-2.4995437,11.207535,-1.2788223,-0.3300379,1.6790026,-4.0023212,-1.7205197,-1.800417,1.9681516,0.33911794,-2.7050211,2.4007394,0.31868124,0.99796647,-1.1988937,-2.5639114,-1.7130157,1
4.0,4,1.3549641,-2.1358438,-2.5619519,-2.4950926,11.216553,-1.2338752,-0.34095514,1.5920486,-3.9632332,-1.7306083,-1.7321273,1.888792,0.33979565,-2.7521186,2.4619606,0.34853694,0.8969221,-1.1286646,-2.6487274,-1.7710716,1
4.0,4,1.4389157,-2.2261708,-2.4825187,-2.4980903,11.247142,-1.2658137,-0.24935804,1.9681361,-4.1007457,-1.70498,-1.8686281,1.8155665,0.33552063,-2.8000352,2.0805087,0.23706628,1.1054983,-1.1262933,-2.5602036,-1.6190583,1
4.0,4,1.4435275,-2.2488594,-2.4760923,-2.4983494,11.250972,-1.2766666,-0.24382327,1.9982564,-4.1153975,-1.6961961,-1.9009608,1.8509465,0.32997224,-2.7798855,2.0771582,0.22865993,1.1284468,-1.1557297,-2.5290675,-1.5991958,1
12.0,10,-3.6736908,-1.8267386,-1.4824741,-1.4684023,-2.677117,-2.154905,-3.236782,-1.5471193,1.4419693,-2.1510968,7.963862,3.2765195,1.5779328,3.554442,-1.5631253,-3.324051,1.4542118,6.640481,-2.4758039,-1.0116172,0
12.0,10,-3.6904283,-1.8872681,-1.4562943,-1.403779,-2.7674026,-2.0774245,-3.155444,-1.4510417,1.5325994,-2.1095293,8.189868,3.2589316,1.3194262,3.4934368,-1.5826772,-3.2756014,1.3516012,6.569861,-2.5356097,-0.95734054,0
12.0,10,-3.6821344,-2.2021854,-1.6209248,-1.198394,-2.7775319,-2.1406536,-2.994245,-1.5800825,1.5699414,-2.2616496,8.692323,3.501104,1.1110015,3.7027962,-1.3611331,-3.1736217,1.2127817,5.558934,-2.388043,-0.64371455,0
12.0,10,-3.6423423,-2.375638,-1.57784,-1.0758419,-2.8551443,-2.0037665,-2.7667058,-1.3405762,1.7586807,-2.1680026,9.161738,3.4212894,0.6191891,3.4876294,-1.3298515,-3.0606136,0.9374155,5.1846876,-2.5141926,-0.4740721,0
12.0,10,-3.6959229,-1.9286599,-1.4355774,-1.3621581,-2.8216968,-2.0260825,-3.098533,-1.3776718,1.5939465,-2.0794783,8.33629,3.242465,1.1473433,3.441961,-1.5921599,-3.2447476,1.2806665,6.5177875,-2.5804386,-0.9238046,0
12.0,10,-3.6897326,-1.8821363,-1.459078,-1.4093167,-2.7608478,-2.0850213,-3.163255,-1.461024,1.5243903,-2.1139219,8.170366,3.262513,1.3426512,3.5010772,-1.5813972,-3.280036,1.3626883,6.57461,-2.5286908,-0.9614485,0
4.0,4,-0.2765085,-1.7824056,-3.7422564,-2.1288886,9.287279,0.20238388,-0.6011321,-2.4233975,-3.411616,-3.7517836,1.6750599,-0.18596672,-3.4478092,-1.9452196,3.5928066,4.552341,-0.5756971,5.6175275,-3.614873,-3.9523075,1
4.0,4,-0.27365476,-1.7962542,-3.7365186,-2.1172779,9.277889,0.1838777,-0.6026105,-2.4478493,-3.3993309,-3.767789,1.696463,-0.17360534,-3.4388604,-1.9462173,3.6020265,4.5539384,-0.5921571,5.626034,-3.6092372,-3.946003,1
4.0,4,-0.2921499,-1.820354,-3.7445037,-2.098283,9.208848,0.1122297,-0.6282983,-2.4934123,-3.374616,-3.822703,1.7693778,-0.14687067,-3.38313,-1.9372585,3.6534085,4.54279,-0.5956845,5.702035,-3.6026006,-3.9236302,1
4.0,4,-0.3183596,-1.8783346,-3.708832,-2.0614865,9.057105,-0.08689398,-0.7572152,-2.6670341,-3.270997,-3.8862247,1.9956168,-0.06829448,-3.296413,-1.9312233,3.7613878,4.472117,-0.5641234,5.8596916,-3.570128,-3.8743947,1
4.0,4,-0.2727176,-1.8036832,-3.7322004,-2.1120493,9.269984,0.16760719,-0.610385,-2.465778,-3.3906808,-3.774847,1.7142968,-0.16567102,-3.43307,-1.9467719,3.6103327,4.5515194,-0.5956578,5.6352262,-3.6045604,-3.9419587,1
4.0,4,-0.2735207,-1.7905965,-3.7390363,-2.1216073,9.282344,0.1924816,-0.6006653,-2.4374623,-3.4047453,-3.761168,1.686695,-0.17884192,-3.4428582,-1.945872,3.5967526,4.5549006,-0.5870874,5.620389,-3.6119046,-3.9486167,1
1.0,1,-0.21928832,10.084932,-2.008717,2.9818594,-1.4842044,1.3488375,2.0043206,-2.6264443,-2.0014563,-2.346197,-1.4470847,-1.9021795,-2.2151394,3.5483806,-1.1979396,-0.23436403,-2.5630627,2.6687799,-3.60753,-4.105723,1
1.0,1,-0.21885687,10.086894,-2.008215,2.983663,-1.4838537,1.3495154,2.0037942,-2.626097,-2.0016158,-2.3454673,-1.4475417,-1.9020903,-2.2158692,3.544812,-1.1971396,-0.23453328,-2.5633373,2.6685648,-3.607358,-4.105195,1
1.0,1,-0.22060508,10.086366,-2.008028,2.9751444,-1.4875115,1.3494614,1.9959753,-2.6290526,-1.9965984,-2.3422852,-1.4445938,-1.9038537,-2.2148056,3.5571249,-1.1968871,-0.23494583,-2.5657802,2.6732345,-3.6064792,-4.1051016,1
1.0,1,-0.2155224,10.096577,-2.0071745,2.9885924,-1.4832218,1.35224,1.9905835,-2.6255105,-2.001817,-2.3426414,-1.4462622,-1.8977386,-2.2215254,3.5365937,-1.1971543,-0.23212379,-2.5651202,2.6761467,-3.6068912,-4.102815,1
1.0,1,-0.21828552,10.088467,-2.0078802,2.9853823,-1.4833777,1.3499688,2.0032892,-2.6256993,-2.0020266,-2.3451319,-1.447905,-1.9017006,-2.2166324,3.5417283,-1.1968049,-0.2344275,-2.5634277,2.668617,-3.6073117,-4.1047983,1
1.0,1,-0.2188237,10.086213,-2.0083673,2.9831374,-1.4838285,1.3491751,2.0039577,-2.6261616,-2.0017142,-2.3458557,-1.4474082,-1.9019681,-2.2157102,3.5459206,-1.1976532,-0.23431276,-2.5631742,2.6687737,-3.6074705,-4.1054025,1
0.0,0,10.9345255,4.3804007,0.014848828,0.10161209,2.5829613,0.09233893,-0.86328685,0.4007858,-2.9129307,-0.41059098,0.8403582,-3.4149745,-2.8114617,-1.8199048,-2.3872285,2.4123163,-2.3953505,-2.6887715,-4.272451,-2.893807,1
0.0,0,10.975728,4.346849,0.031251535,0.11052351,2.5769894,0.085935764,-0.8752824,0.37738732,-2.887044,-0.4314687,0.85725224,-3.3897014,-2.81072,-1.8353841,-2.3810391,2.4016006,-2.3953328,-2.6931944,-4.2541375,-2.8932216,1
0.0,0,11.081972,4.2439365,0.058592364,0.10877018,2.5890117,0.09191875,-0.91444886,0.31175417,-2.8453534,-0.4553909,0.87064075,-3.3617408,-2.7982945,-1.8298986,-2.373894,2.3756669,-2.3751369,-2.6835928,-4.1991367,-2.8864694,1
0.0,0,11.227657,4.0436115,0.16289492,0.122299165,2.565929,0.008781709,-0.9865076,0.22256912,-2.7696102,-0.56078327,0.9929178,-3.2304235,-2.8084834,-1.8547331,-2.3325322,2.3364697,-2.3183005,-2.7546027,-4.087658,-2.8640149,1
0.0,0,10.992347,4.334714,0.03801219,0.11484537,2.5732853,0.08299369,-0.8792846,0.36857152,-2.8764365,-0.43944323,0.8635357,-3.3794239,-2.8101726,-1.842108,-2.3797703,2.3964703,-2.395099,-2.6950026,-4.2468166,-2.892539,1
0.0,0,10.955055,4.3675723,0.02267629,0.10783234,2.5777268,0.08956003,-0.8671592,0.38886598,-2.898835,-0.42020908,0.84729844,-3.4032924,-2.809815,-1.8290251,-2.3861473,2.4055083,-2.3967717,-2.6896038,-4.2640586,-2.8931956,1
8.0,8,-2.8209648,1.3383251,0.84042025,-1.7848048,-4.1472282,1.7978268,-0.15160686,3.4853075,7.419165,3.6568532,-0.93006617,-3.6725223,3.2493289,1.3784195,-1.9113326,-3.5779903,-4.224071,-0.52973163,-2.6493015,-1.9759599,1
8.0,8,-2.8178499,1.3920466,0.777213,-1.7719142,-4.043183,1.8009065,-0.1415971,3.5064042,7.3551397,3.5445127,-0.95676935,-3.6607428,3.3185668,1.3248796,-1.8035991,-3.5282745,-4.3022966,-0.49977657,-2.7594328,-2.0516238,1
8.0,8,-2.8292835,1.6074067,0.8004135,-1.7682306,-4.626855,1.8031943,-0.9249105,1.82996,8.243449,4.4324045,-0.8423517,-3.6758666,2.853127,2.0213673,-1.1550205,-3.4131808,-3.9889743,-0.36805695,-2.6921587,-2.0161295,1
8.0,8,-2.915986,1.8854975,0.49329627,-1.8070436,-4.2535152,2.0555885,-0.5534627,2.5191166,7.417332,3.741398,-1.1017078,-3.7720907,2.9095714,1.8816454,-0.32442486,-2.9481173,-4.4263816,-0.33339942,-3.617086,-2.4475794,1
8.0,8,-2.8189595,1.4751594,0.6834923,-1.759523,-3.898644,1.8163371,-0.10045448,3.5812607,7.21357,3.3690443,-1.0058818,-3.6528647,3.4008188,1.257831,-1.6252012,-3.436418,-4.42124,-0.4626933,-2.950101,-2.162781,1
8.0,8,-2.8331563,1.4089714,0.76815534,-1.7776115,-4.043737,1.8209271,-0.10180952,3.5646007,7.2959886,3.5054438,-0.9678718,-3.6770465,3.302227,1.3228972,-1.7622038,-3.5032544,-4.3172235,-0.49781153,-2.8068604,-2.0712264,1
15.0,15,0.27421972,-1.357965,-3.3190281,-2.5998929,1.9420844,-0.023577109,0.09942053,0.04530869,-3.6707516,-2.7450287,2.6616557,-0.47602215,-3.0054255,2.1934097,0.8653263,9.973467,-3.3972614,-1.0697964,-3.5170145,-1.4459134,1
15.0,15,0.280551,-1.3521141,-3.301745,-2.6069274,1.9513785,0.031103149,0.056891084,0.059957925,-3.6703959,-2.740159,2.6511803,-0.47426936,-3.0233986,2.202281,0.8424262,9.967586,-3.397193,-1.001044,-3.5608006,-1.4943255,1
15.0,15,0.30712485,-1.3119129,-3.3734057,-2.5913308,1.8365301,-0.23542613,0.1388214,0.021916833,-3.6371248,-2.6500037,2.7097795,-0.5039436,-2.9875126,2.2357602,0.7805904,9.910205,-3.372458,-1.0539527,-3.435515,-1.2830164,1
15.0,15,0.3249652,-1.2914845,-3.3561661,-2.5715666,1.7482623,-0.2793325,0.11377485,0.041862857,-3.5775368,-2.6101682,2.7396002,-0.54701346,-3.0143092,2.2395396,0.7345549,9.905674,-3.3750205,-1.0102895,-3.48662,-1.2064773,1
15.0,15,0.28210616,-1.344576,-3.2775798,-2.6044333,1.9327074,0.069477364,0.013881817,0.0732604,-3.6455786,-2.731225,2.6549385,-0.4887298,-3.0455124,2.2038717,0.82357955,9.968746,-3.402566,-0.93444717,-3.618968,-1.5152961,1
15.0,15,0.27707466,-1.3510258,-3.2948184,-2.6014047,1.9337411,0.027026381,0.052662615,0.060854744,-3.6538932,-2.7378743,2.6588864,-0.4848853,-3.0274,2.1977987,0.84385693,9.972883,-3.401393,-0.9961715,-3.575615,-1.4812133,1
9.0,9,-1.3520254,2.6113114,5.423011,-3.2618687,-1.4649184,0.46336097,-2.2021258,-1.1374472,2.0942357,9.523231,-2.4936733,-2.2745183,-0.46572506,0.9212104,1.5753187,-1.1795346,-0.83157724,-0.6087578,-3.5256515,-2.11758,1
9.0,9,-1.350603,2.6024723,5.413657,-3.264453,-1.4596329,0.45557886,-2.2024539,-1.1383327,2.0905535,9.532511,-2.490985,-2.2705655,-0.46285307,0.9251679,1.5715394,-1.1878661,-0.8242308,-0.606186,-3.5181909,-2.110987,1
9.0,9,-1.3495246,2.5967321,5.4167795,-3.2671678,-1.4723992,0.46227765,-2.2090926,-1.1517882,2.134138,9.536217,-2.4843342,-2.2759037,-0.46458375,0.9218158,1.5595119,-1.1849318,-0.8324885,-0.606968,-3.5174265,-2.1135197,1
9.0,9,-1.3602383,2.635306,5.4648223,-3.254963,-1.4911128,0.5052068,-2.2006097,-1.1266536,2.1228075,9.485437,-2.4991672,-2.2915666,-0.4770562,0.90507257,1.580799,-1.1496993,-0.8669484,-0.61929584,-3.556003,-2.1459577,1
9.0,9,-1.3522799,2.6030087,5.4211974,-3.2637331,-1.4634087,0.46319225,-2.2016726,-1.134054,2.0944529,9.526808,-2.4912379,-2.2726023,-0.46453306,0.92368215,1.5703542,-1.185177,-0.8298064,-0.6071486,-3.5225153,-2.1155107,1
9.0,9,-1.3518116,2.6061177,5.4192014,-3.2631943,-1.4626722,0.46088967,-2.202018,-1.1364107,2.0921092,9.527209,-2.492187,-2.2725418,-0.46425432,0.92307913,1.5732988,-1.1838028,-0.8285074,-0.6077195,-3.5223083,-2.1146846,1
9.0,19,-0.58809304,0.12554276,0.10961493,-2.5817015,-1.287256,-3.6612496,-0.58301276,-1.0492549,2.246621,5.621464,0.11560684,-2.771467,0.87394476,1.423758,-1.2432928,-0.40127233,-1.1868899,1.2071902,-1.5433338,9.861231,0
9.0,19,-0.6140981,0.11117265,0.0864785,-2.5730164,-1.2990927,-3.663706,-0.5691218,-1.0597496,2.2423987,5.602493,0.12570053,-2.7572403,0.89507246,1.441579,-1.2442365,-0.4205252,-1.1807586,1.2030842,-1.4987508,9.888266,0
9.0,19,-0.5541259,0.10386822,0.085983515,-2.5216982,-1.314413,-3.6676943,-0.5162146,-1.004761,2.2638605,5.422569,0.18189427,-2.7474113,0.8775646,1.3805381,-1.3120195,-0.3382281,-1.2440096,1.1536264,-1.532989,9.96375,0
9.0,19,-0.506529,0.14197132,0.14913996,-2.5709488,-1.2726254,-3.6662202,-0.5714271,-0.99993,2.264451,5.53857,0.13833493,-2.7883198,0.82302064,1.3578848,-1.2841989,-0.3050425,-1.2369174,1.177264,-1.6379434,9.866412,0
9.0,19,-0.60895824,0.11135341,0.09246269,-2.5781436,-1.2953657,-3.6680586,-0.5707792,-1.0602511,2.2452996,5.609731,0.12501821,-2.7568908,0.8899695,1.4356678,-1.2477946,-0.41054678,-1.1791389,1.2001798,-1.504056,9.885407,0
9.0,19,-0.6005827,0.1176173,0.10250068,-2.5841331,-1.2893176,-3.665439,-0.5794566,-1.0569335,2.2450619,5.6266155,0.117536165,-2.7639332,0.88142353,1.4318215,-1.2424229,-0.40787992,-1.1795713,1.2036613,-1.5221775,9.869557,0
14.0,13,-2.888935,-0.8253676,-1.1436894,-2.19632,-1.151208,0.7093043,-3.0665889,0.7461944,-3.7690902,0.34884703,-2.1964471,0.63161933,1.4914713,9.255237,7.379931,1.2285872,-1.7748579,-2.341026,-2.415986,-2.1619592,0
14.0,13,-2.8998835,-0.88311005,-1.1683326,-2.2406745,-1.0539556,0.6728916,-3.1603353,0.7681758,-3.7885196,0.3766216,-2.157199,0.70117265,1.4396989,9.101595,7.543704,1.3212109,-1.7504603,-2.3151603,-2.4479175,-2.1605356,0
14.0,13,-2.927619,-1.0330158,-1.2644036,-2.3361964,-0.9984479,0.66163695,-3.260095,0.7351664,-3.7160432,0.46554852,-2.0464783,0.6318421,1.5108236,8.96896,7.720626,1.4041673,-1.8094814,-2.3013127,-2.4052715,-2.108489,0
14.0,14,-2.9978292,-1.2484709,-1.4133582,-2.490949,-0.65152085,0.48416495,-3.5666854,0.80232555,-3.7561333,0.60677135,-1.8244061,0.8996238,1.3246962,8.222428,8.370138,1.811918,-1.7232314,-2.2286346,-2.5533042,-2.0928953,1
14.0,13,-2.9322567,-0.9480136,-1.217276,-2.3026633,-0.94224393,0.6219427,-3.2571893,0.767237,-3.795321,0.40815657,-2.0911064,0.7372285,1.381547,8.884452,7.7907248,1.4479561,-1.7295885,-2.2561507,-2.4922743,-2.1537433,0
14.0,13,-2.9085305,-0.88484776,-1.177699,-2.2475584,-1.0483818,0.6676939,-3.1619372,0.7575186,-3.784581,0.37755346,-2.1475942,0.685597,1.4361411,9.0799885,7.5777783,1.3347384,-1.7519071,-2.3001053,-2.453094,-2.1584435,0
5.0,5,-1.9615505,-0.56067955,-0.6062871,0.096884064,-0.40077817,11.43107,-0.24314512,3.7948706,-0.88215876,-1.3121227,-2.4647372,-1.7889361,-0.7300583,0.85891986,0.22070903,1.4769351,-1.6200945,-1.1384898,-4.6436114,-4.703169,1
5.0,5,-1.9134463,-0.61879236,-0.5591159,0.0582043,-0.26383558,11.448591,-0.41408145,3.7787957,-0.8779543,-1.2874732,-2.5093234,-1.7862531,-0.77640533,0.8480336,0.38339803,1.582864,-1.6998394,-1.1504029,-4.7169933,-4.73174,1
5.0,5,-1.8709538,-1.0352952,-0.78775555,0.009242156,0.12301313,11.455203,-0.34331393,3.6436417,-0.984933,-1.2392677,-2.5692105,-1.7089765,-0.89890057,0.88292634,0.7074394,1.9760178,-1.7113827,-1.8602567,-4.6444407,-4.464333,1
5.0,5,-1.7786503,-1.2317013,-0.79096085,-0.09975697,0.6173774,11.445452,-0.7000842,3.2564967,-1.0129191,-1.2105702,-2.6605632,-1.708456,-1.0463414,0.8559038,1.3190833,2.4999163,-1.9374806,-1.9997178,-4.774913,-4.5552425,1
5.0,5,-1.8758949,-0.67084223,-0.52760565,0.02725056,-0.15884045,11.463126,-0.5419187,3.7629712,-0.8694255,-1.2726995,-2.5376894,-1.7879716,-0.8096312,0.8363817,0.5179008,1.658856,-1.7576098,-1.1786132,-4.763601,-4.7506757,1
5.0,5,-1.9166294,-0.62061805,-0.5654059,0.061226368,-0.27258554,11.449644,-0.3975954,3.7798688,-0.8780191,-1.2893432,-2.5057583,-1.7851928,-0.7736533,0.8499715,0.37370318,1.5745822,-1.6914511,-1.164047,-4.708183,-4.7255926,1
0.0,1,7.6455436,10.422574,0.74967015,2.315904,-0.82839185,0.08033043,0.00059521943,-1.3667642,-1.6533265,-0.0890269,-1.3030496,-3.3948705,-1.695754,-1.2185913,-4.270488,-0.558698,-2.2396936,0.8225969,-3.94067,-2.8427765,0
0.0,1,7.6410027,10.425629,0.7501985,2.318595,-0.8296814,0.08105937,0.0012620613,-1.3675454,-1.6549038,-0.09037259,-1.3026729,-3.393242,-1.698872,-1.2173045,-4.2698464,-0.5572415,-2.239534,0.82353526,-3.939815,-2.8432205,0
0.0,1,7.6400003,10.426708,0.7484126,2.3172178,-0.8299909,0.08025883,0.0009178892,-1.3709612,-1.650653,-0.08875461,-1.3031427,-3.3944473,-1.6972741,-1.2175006,-4.269234,-0.5600195,-2.2394297,0.8291607,-3.939814,-2.8437283,0
0.0,1,7.6658235,10.415904,0.7610397,2.3296363,-0.83784705,0.08039559,-0.004551232,-1.3594356,-1.6596856,-0.09382895,-1.291581,-3.388354,-1.7126987,-1.2292567,-4.276628,-0.54468346,-2.2349641,0.79915094,-3.9335904,-2.8366172,0
0.0,1,7.640033,10.426567,0.751006,2.3202226,-0.83057183,0.0813702,0.0013612807,-1.3674093,-1.6559632,-0.09115958,-1.3020824,-3.3922882,-1.7008018,-1.2172068,-4.2698827,-0.55603105,-2.239282,0.8227209,-3.9391484,-2.8430748,0
0.0,1,7.6425557,10.424645,0.75027883,2.317687,-0.82931113,0.08079891,0.0010996312,-1.3671522,-1.6545143,-0.08998124,-1.3028477,-3.39373,-1.6978208,-1.2177768,-4.2701306,-0.5577152,-2.239555,0.8229686,-3.939958,-2.842894,0
19.0,19,-0.17805728,1.3433855,3.0184855,-0.7102818,-3.1953301,-3.4435039,0.81028616,0.5624354,-1.7787886,0.6964387,1.128152,-1.4105096,0.69281757,0.028325766,-2.895759,-0.17906168,-0.7077877,-2.942498,3.9492116,10.281028,1
19.0,19,-0.17038178,1.3366402,3.0198472,-0.7132449,-3.1891115,-3.4499037,0.8135398,0.56592774,-1.7760901,0.7127398,1.1247854,-1.4144535,0.68948585,0.011852458,-2.8954237,-0.17936106,-0.7085153,-2.934005,3.945619,10.291001,1
19.0,19,-0.21569039,1.3406014,2.995827,-0.6973145,-3.2061996,-3.464293,0.82527167,0.5537299,-1.7608463,0.7277449,1.1140996,-1.3926606,0.70716363,0.0070760995,-2.9036887,-0.18709165,-0.693801,-2.9007537,3.9849038,10.322039,1
19.0,19,-0.10124656,1.260616,3.0517027,-0.6921457,-3.236121,-3.4236255,0.8849425,0.6466918,-1.7144341,0.73467636,1.2403983,-1.3842573,0.48610133,-0.013293594,-2.911788,-0.18178396,-0.751667,-2.985668,3.9087677,10.376845,1
19.0,19,-0.15770271,1.3280834,3.0250578,-0.7141591,-3.188783,-3.4499426,0.82089174,0.575263,-1.7705618,0.72310406,1.1309303,-1.4160142,0.66993016,0.000916034,-2.8972714,-0.17946205,-0.7128903,-2.9347265,3.938923,10.301906,1
19.0,19,-0.16869566,1.3359636,3.021175,-0.7128916,-3.1908648,-3.4480762,0.8147072,0.5680959,-1.7750385,0.71107703,1.127639,-1.4140537,0.6844865,0.013888568,-2.8962455,-0.17927587,-0.71003056,-2.9363613,3.943821,10.291502,1
19.0,19,-1.2046146,-1.973506,2.5303195,-1.1431328,-0.9030583,-4.0034266,0.3301896,0.37501234,-0.075626165,3.0919394,-0.93689114,-1.5364292,2.2914803,0.96430117,-1.0848508,-1.1894339,-0.66088,-1.8368148,2.7947803,11.922234,1
19.0,19,-1.2028583,-1.9727855,2.5302076,-1.1432785,-0.9044782,-4.0021977,0.33467108,0.37728745,-0.076879874,3.0883782,-0.93617576,-1.5382367,2.287452,0.9671864,-1.0896914,-1.186437,-0.66378284,-1.8349117,2.792932,11.924064,1
19.0,19,-1.2167408,-1.9696364,2.5257497,-1.1242087,-0.91798466,-4.014489,0.34813416,0.34816712,-0.060398135,3.0730622,-0.9263887,-1.5242084,2.2903345,0.9641647,-1.0998307,-1.1909168,-0.66435844,-1.8338671,2.8368068,11.936481,1
19.0,19,-1.2033985,-1.96086,2.5891674,-1.1167603,-0.9646758,-3.9594386,0.4309777,0.47703815,-0.103399575,2.88611,-0.9070002,-1.5311581,2.2492776,0.95584315,-1.1597109,-1.1514171,-0.7199723,-1.8457185,2.819862,11.966707,1
19.0,19,-1.2004886,-1.9710803,2.5377915,-1.1413082,-0.91112375,-3.9962683,0.34761018,0.39080897,-0.08149809,3.0654695,-0.93313885,-1.5393674,2.278998,0.9682171,-1.1004187,-1.180495,-0.67148614,-1.834522,2.7923179,11.929645,1
19.0,19,-1.2018123,-1.9723258,2.533011,-1.143337,-0.905439,-4.0003223,0.33684427,0.38207126,-0.07844521,3.0829272,-0.9355312,-1.538366,2.2851124,0.96601194,-1.0911924,-1.185044,-0.6652083,-1.8351445,2.7910652,11.924944,1
4.0,4,0.7810147,-0.33728853,-3.7618563,-2.744172,11.67348,1.0284593,2.0926692,0.013599981,-5.555578,-1.9077829,-1.7932516,-0.28860992,-0.82441103,-1.581194,0.9978479,1.5216124,-2.353997,4.3945055,-3.5353546,-3.1520665,1
4.0,4,0.76494884,-0.2735099,-3.7323139,-2.744474,11.617777,1.0549428,1.973096,-0.124187455,-5.474708,-1.816706,-1.7712525,-0.30734214,-0.88900656,-1.539494,0.9807739,1.5200227,-2.313351,4.5782247,-3.5752344,-3.214674,1
4.0,4,0.7900599,-0.34743336,-3.8304248,-2.775602,11.6400585,0.7067338,2.1221628,-0.2959781,-5.5683413,-1.7251151,-1.7767615,-0.26579288,-0.6522158,-1.5108609,1.2119045,1.5464694,-2.3158643,4.1990685,-3.3625135,-2.9638062,1
4.0,4,0.7022835,-0.10631973,-3.7397392,-2.790995,11.339966,0.76005286,1.6046829,-0.73471403,-5.268412,-1.4233732,-1.6632043,-0.33042428,-0.8489235,-1.3432853,1.1374191,1.54204,-2.1457415,5.080834,-3.5466127,-3.2124693,1
4.0,4,0.75632894,-0.22770911,-3.7092035,-2.745769,11.572828,1.0747447,1.8819393,-0.22071128,-5.4163938,-1.7497711,-1.7561436,-0.32304728,-0.9301203,-1.5073603,0.9676821,1.5254347,-2.2900364,4.711161,-3.60857,-3.2587962,1
4.0,4,0.76754713,-0.27389836,-3.7326539,-2.7451375,11.619285,1.0532168,1.974594,-0.1276086,-5.475703,-1.8132945,-1.7715563,-0.3089024,-0.88839,-1.5387374,0.98268807,1.5232437,-2.3150437,4.5700226,-3.574636,-3.2118409,1
19.0,9,-1.6131887,-0.5889959,2.1523201,-1.9818338,-2.3906171,-3.0392907,-2.9755955,-4.6309977,6.866887,10.257764,-1.0942355,-1.5376927,3.19327,0.8031141,-1.5048829,-3.2464664,0.6253883,-0.9236684,1.9356345,2.7768133,0
19.0,9,-1.5918976,-0.59494805,2.1494842,-1.9746758,-2.3727229,-3.0488,-2.9628985,-4.6273236,6.8811955,10.249068,-1.0848762,-1.5332929,3.176595,0.7795176,-1.5447338,-3.2458282,0.6145478,-0.91823506,1.9388211,2.8222754,0
19.0,9,-1.653882,-0.61853665,2.0870771,-1.9082102,-2.489337,-2.9516222,-3.0753322,-4.8031964,7.2940845,10.041661,-1.0374805,-1.5627273,3.2568734,0.8428483,-1.5848075,-3.2263484,0.506189,-0.87446475,2.0008688,2.694025,0
19.0,9,-1.5346867,-0.47810656,2.2260182,-1.9148054,-2.370181,-2.981982,-3.0738807,-4.6849046,6.912987,10.214861,-1.3089713,-1.6975336,3.479537,0.8391142,-1.505413,-3.1167862,0.48088223,-0.8697676,1.5543925,2.6823492,0
19.0,9,-1.5593774,-0.58504146,2.1647856,-1.9637095,-2.3449821,-3.050677,-2.9580846,-4.620031,6.8677225,10.253574,-1.1122941,-1.5501374,3.1946287,0.766665,-1.5739603,-3.2312515,0.5915021,-0.9085695,1.8851275,2.8474221,0
19.0,9,-1.5904721,-0.5925144,2.1494246,-1.9767314,-2.3704455,-3.0514293,-2.960571,-4.621573,6.867333,10.255343,-1.0875368,-1.5335422,3.1770117,0.7783549,-1.5404603,-3.245903,0.6185237,-0.91943085,1.9338545,2.8259919,0
0.0,0,11.473819,4.2542515,0.47500402,-0.1949812,0.8382562,0.115258306,-0.15364763,1.9292449,-0.8715558,0.37814325,-1.3253248,-3.6437237,0.42796594,-2.5541794,-4.330933,-0.9373137,-2.4545555,-1.5568862,-4.4427085,-2.278631,1
0.0,0,11.47743,4.259161,0.4745956,-0.19016358,0.83725137,0.11449874,-0.1553064,1.9221882,-0.8725139,0.37724486,-1.3226513,-3.6433384,0.4208672,-2.5521567,-4.3312273,-0.9349567,-2.4527295,-1.5559446,-4.4414587,-2.2789874,1
0.0,0,11.482115,4.2592454,0.47657752,-0.18831895,0.83310324,0.11358221,-0.15788779,1.9163444,-0.8664713,0.38146544,-1.3209977,-3.6451569,0.4146486,-2.5494583,-4.3334126,-0.9349789,-2.452351,-1.5521926,-4.4410305,-2.275688,1
0.0,0,11.504,4.237861,0.48218578,-0.18316954,0.83312106,0.105356805,-0.17339703,1.9175316,-0.88205993,0.37612215,-1.3063735,-3.6290236,0.38733423,-2.5362232,-4.3312426,-0.91301084,-2.4384122,-1.5752827,-4.427953,-2.2664764,1
0.0,0,11.4796505,4.2611504,0.4746878,-0.18770653,0.83660775,0.113884,-0.15641578,1.9188571,-0.8732829,0.3766624,-1.3210949,-3.6427975,0.41691983,-2.5509052,-4.331393,-0.9333857,-2.4515705,-1.5559874,-4.4405036,-2.2787933,1
0.0,0,11.476121,4.2580204,0.4749387,-0.19167502,0.83738136,0.11469957,-0.15457805,1.9243962,-0.87206745,0.37743792,-1.3236777,-3.6435595,0.4234125,-2.5529518,-4.3312263,-0.9360044,-2.4534476,-1.5560293,-4.441832,-2.2787066,1
15.0,15,-1.4024353,-0.06454345,-1.8248844,0.023943158,-1.4344925,-0.33074966,-1.8449651,-0.80455947,-2.15194,-1.2343352,-0.7482081,0.064655915,-3.024288,-0.4190513,2.8559847,11.539901,-0.04298031,1.0263293,-3.7302356,-1.9264269,1
15.0,15,-1.4022808,-0.06897968,-1.8244905,0.0350568,-1.4367818,-0.3361539,-1.8414048,-0.80790865,-2.151777,-1.2362101,-0.7382266,0.07173394,-3.0253146,-0.42618757,2.8472345,11.541112,-0.040152054,1.0189079,-3.7239494,-1.9220352,1
15.0,15,-1.3992349,-0.0680357,-1.8244298,0.034444556,-1.4431572,-0.34196892,-1.8441765,-0.8157002,-2.148205,-1.2360759,-0.7228936,0.07387887,-3.0289495,-0.4176734,2.8389494,11.544228,-0.047483675,1.0173315,-3.7163363,-1.9166723,1
15.0,15,-1.4073985,-0.09270973,-1.8199514,0.06602168,-1.4567633,-0.36199188,-1.8482338,-0.82869047,-2.1440442,-1.2384877,-0.6827848,0.10914859,-3.0346677,-0.43734413,2.8152852,11.54631,-0.025319993,1.000917,-3.688857,-1.902383,1
15.0,15,-1.4032657,-0.07448461,-1.8236125,0.04508145,-1.4399339,-0.34145138,-1.8399408,-0.8110921,-2.1511984,-1.2374573,-0.7279711,0.07990688,-3.0263898,-0.4327181,2.8394656,11.542007,-0.03569033,1.0125505,-3.7170753,-1.9177411,1
15.0,15,-1.4029498,-0.069100305,-1.8242731,0.032800615,-1.4371425,-0.33536124,-1.8432916,-0.8073607,-2.1514583,-1.2354659,-0.7393004,0.07162362,-3.0251958,-0.42479253,2.8486505,11.540787,-0.039408393,1.0205835,-3.724238,-1.9226104,1
18.0,18,-1.5705663,-1.6641437,1.3103429,-0.19202936,-2.7516475,-2.266309,0.11459641,-3.6760705,-0.2396437,-0.45027998,-0.785374,0.4714825,2.9439962,3.226357,-1.7099919,-1.9518384,2.926135,-3.256255,11.167428,2.144289,1
18.0,18,-1.6084248,-1.65666,1.3701352,-0.17803958,-2.8298082,-2.2776642,0.17917766,-3.706549,-0.17244278,-0.47809875,-0.7379401,0.46873656,2.949702,3.198842,-1.7668885,-1.9523305,2.8982966,-3.2550166,11.176551,2.2317176,1
18.0,18,-1.7377306,-1.8132551,1.1231564,-0.1567875,-2.6118348,-2.5384657,0.1609016,-3.7690005,0.16295646,-0.36834005,-0.46041462,0.7421531,2.6295397,3.0683498,-1.6496775,-2.0416462,2.603277,-3.4490128,11.567047,3.02919,1
18.0,18,-1.9788909,-1.6652694,1.5657508,-0.15136181,-3.5536044,-2.4812284,0.63168854,-4.1294255,0.9944335,-0.5832246,0.02172904,0.3193928,3.2547603,2.984427,-2.4683602,-2.0368204,2.2428105,-3.3289154,11.269956,3.6632617,1
18.0,18,-1.6732422,-1.6115884,1.4710405,-0.16394132,-3.0360355,-2.2772791,0.3139851,-3.7802787,-0.0130016245,-0.5313479,-0.63563645,0.4205285,3.040288,3.1217299,-1.9398042,-1.9542035,2.859608,-3.2113323,11.166112,2.3555849,1
18.0,18,-1.6118319,-1.6509578,1.3761019,-0.17841353,-2.8529165,-2.2730422,0.18951133,-3.7117093,-0.16505736,-0.48380005,-0.73416525,0.45878538,2.9696476,3.2002788,-1.783955,-1.9516606,2.8995552,-3.2474563,11.16682,2.228872,1
2.0,2,0.37739503,1.3213117,11.133159,0.82198066,-1.8065423,0.62135917,-1.3538305,-1.5065452,3.2462466,0.44217667,-2.478412,-3.2394526,1.2373397,-0.3600185,0.1244562,-0.84529763,-1.9331461,-1.351061,-3.0328007,-2.1600065,1
2.0,2,0.37506828,1.3275551,11.136272,0.8153322,-1.8107293,0.6207233,-1.3540857,-1.5122494,3.2646868,0.45799634,-2.4775863,-3.2401733,1.234972,-0.35320413,0.10639861,-0.8580805,-1.9366369,-1.3477366,-3.0207977,-2.15997,1
2.0,2,0.37321332,1.3270867,11.141664,0.80451775,-1.8225334,0.61349076,-1.360935,-1.533183,3.3025305,0.48308757,-2.4714334,-3.236439,1.246324,-0.3449118,0.084133536,-0.8725021,-1.9462965,-1.3500366,-2.9984007,-2.1486037,1
2.0,2,0.38388026,1.2822363,11.118545,0.8328087,-1.804436,0.62493616,-1.3645356,-1.4885265,3.1951134,0.3675201,-2.4654424,-3.236756,1.2596105,-0.37472427,0.19561979,-0.7858391,-1.9244894,-1.3769599,-3.0732193,-2.1542535,1
2.0,2,0.37607715,1.3242007,11.137019,0.816326,-1.8099493,0.6211557,-1.353248,-1.5080029,3.2567456,0.4508583,-2.4757855,-3.239447,1.2349955,-0.35326427,0.10955091,-0.8537406,-1.9356523,-1.3504852,-3.0237026,-2.1586938,1
2.0,2,0.376389,1.3248159,11.135601,0.81809545,-1.8085312,0.62114066,-1.3537432,-1.5090377,3.2558002,0.45178625,-2.477937,-3.2394505,1.2348398,-0.35611558,0.113672286,-0.85284317,-1.9348637,-1.3494176,-3.0260534,-2.1597602,1
12.0,12,-0.35149655,-0.37528855,-1.2145338,-1.8435441,-1.6447502,-1.0506387,-1.1751666,-0.09780593,0.67172706,-0.49557942,-1.5140541,-3.329026,11.892829,2.918134,-0.5894555,-1.2460774,-2.6966739,-1.1264341,-0.81198734,-0.010079844,1
12.0,12,-0.35255775,-0.3745349,-1.214344,-1.8430305,-1.6462603,-1.0501723,-1.1750866,-0.09703487,0.6707229,-0.49508756,-1.514817,-3.3300347,11.892271,2.9228675,-0.5894878,-1.248107,-2.6960678,-1.1277363,-0.81123745,-0.010820357,1
12.0,12,-0.35093942,-0.38013408,-1.2228427,-1.8481734,-1.6412724,-1.0550388,-1.1805849,-0.107687,0.6860224,-0.49154654,-1.5121722,-3.3217092,11.899639,2.8990161,-0.5937729,-1.2386835,-2.6943526,-1.1231018,-0.80086255,0.0010552127,1
12.0,12,-0.3407391,-0.38385004,-1.220938,-1.8565322,-1.6225739,-1.0614729,-1.1825174,-0.11614148,0.69501126,-0.49846727,-1.505029,-3.312568,11.903165,2.8468409,-0.59401846,-1.2152876,-2.7007654,-1.1009059,-0.81291723,0.004897887,1
12.0,12,-0.3492727,-0.37495416,-1.2144291,-1.8455445,-1.6421374,-1.051983,-1.1767712,-0.10173926,0.67558926,-0.49609295,-1.5121092,-3.3271787,11.89369,2.9083374,-0.5903233,-1.2405295,-2.6983895,-1.1236472,-0.8131705,-0.008928796,1
12.0,12,-0.34919217,-0.37563607,-1.2142726,-1.8452909,-1.6416672,-1.052001,-1.1762483,-0.101049066,0.67501444,-0.49650523,-1.5121661,-3.3269508,11.893845,2.9073784,-0.5899602,-1.240625,-2.698376,-1.1227837,-0.8137861,-0.008749513,1
15.0,15,-1.5240749,-0.94972247,-1.6470392,-1.709473,-0.48239693,0.35920238,-3.2073736,1.3868057,-2.5803888,-0.08717431,-2.4219055,-0.8289973,-1.6854385,-0.4774869,5.233146,10.863538,0.38385892,-0.5325519,-3.5711298,-1.5482264,1
15.0,15,-1.4971333,-0.93456835,-1.643247,-1.6840868,-0.5068197,0.3414441,-3.1804354,1.3434274,-2.5722697,-0.08655795,-2.3920546,-0.82755023,-1.698907,-0.464913,5.136906,10.912267,0.3562225,-0.54425883,-3.5503669,-1.5234561,1
15.0,15,-1.475042,-0.9336768,-1.650568,-1.6861469,-0.49696442,0.32473186,-3.1764395,1.3062569,-2.572045,-0.06871027,-2.380576,-0.8229735,-1.712365,-0.43474048,5.096156,10.938745,0.33873641,-0.54305804,-3.534679,-1.5010437,1
15.0,15,-1.436573,-0.9336294,-1.6326494,-1.6355573,-0.5825382,0.29279009,-3.1610837,1.2328213,-2.5425286,-0.041975528,-2.3235488,-0.79521894,-1.719084,-0.40376902,4.910921,11.000138,0.34103578,-0.57167107,-3.4696994,-1.4538577,1
15.0,15,-1.4797521,-0.92855555,-1.637659,-1.6643375,-0.5314831,0.3289603,-3.1657803,1.3158766,-2.5646844,-0.08132756,-2.370808,-0.8221615,-1.7059978,-0.45670664,5.0655146,10.942057,0.34632486,-0.55551314,-3.531344,-1.5044667,1
15.0,15,-1.5046695,-0.941565,-1.6426145,-1.6891321,-0.50636643,0.34568906,-3.191258,1.354652,-2.572788,-0.08448166,-2.3986256,-0.82431495,-1.693792,-0.46780783,5.1590295,10.8983965,0.36927563,-0.5426667,-3.551578,-1.5289512,1
0.0,0,11.62506,2.2977312,2.2427504,-0.3002569,0.6786434,-0.88394445,-0.9690731,2.317287,-1.9621443,-0.056186892,-0.08176529,-2.6281588,-1.388971,-2.5213819,-3.6735122,1.0705302,-1.0866394,-3.624152,-3.3561983,-1.7682568,1
0.0,0,11.63588,2.297914,2.2388852,-0.29197073,0.6804339,-0.88733345,-0.96778363,2.3027396,-1.9577137,-0.06416722,-0.07252575,-2.6207082,-1.3888856,-2.5239446,-3.6729934,1.0600079,-1.086908,-3.6208606,-3.3472385,-1.7664498,1
0.0,0,11.660166,2.3223295,2.2450137,-0.27012008,0.6678643,-0.8889051,-0.96534795,2.2586927,-1.9430536,-0.067265764,-0.06476592,-2.625656,-1.3986827,-2.5284128,-3.678028,1.043307,-1.0824564,-3.6085298,-3.330546,-1.763172,1
0.0,0,11.6944475,2.3004062,2.2431216,-0.22784789,0.6653232,-0.92068994,-0.97168547,2.2130537,-1.9349736,-0.12136844,-0.000462614,-2.5773122,-1.4153239,-2.5188038,-3.6733572,1.0003366,-1.0663317,-3.609687,-3.277513,-1.7381357,1
0.0,0,11.640314,2.2979188,2.2373524,-0.28848177,0.68107784,-0.8886896,-0.96710867,2.2972772,-1.9558891,-0.06748566,-0.06894948,-2.6174762,-1.3885812,-2.5250695,-3.672879,1.0554141,-1.0872444,-3.6194274,-3.3436632,-1.7655575,1
0.0,0,11.63122,2.2994125,2.2400913,-0.29584238,0.67970675,-0.8848137,-0.9676464,2.3091285,-1.9592649,-0.059320126,-0.078305535,-2.6249256,-1.3877424,-2.52373,-3.673676,1.0643948,-1.0878572,-3.6216626,-3.352316,-1.7678744,1
14.0,14,-2.8505764,-0.5443925,-0.74580026,-2.3599102,-0.53184295,1.8716378,-1.5077573,4.1966343,-2.8643813,1.77141,-1.6466615,-1.920772,1.9379407,1.2017975,9.275275,-0.8400316,-1.0405382,-2.0291598,-2.773273,-1.2255955,1
14.0,14,-2.8694894,-0.5943211,-0.82564765,-2.3321555,-0.45102158,1.938618,-1.5508726,4.176421,-2.885269,1.5617747,-1.5901489,-1.8301601,1.8843915,1.150133,9.419811,-0.7090104,-1.0765977,-2.0027637,-2.8191218,-1.2887381,1
14.0,14,-2.8238068,-0.69284934,-1.0129936,-2.3180401,-0.28591374,2.0988684,-2.1252506,2.9222987,-2.4815254,1.6441131,-1.6099659,-1.5636455,1.8189479,1.277006,10.179778,-0.37252128,-0.9156381,-2.183498,-2.6578517,-1.3976083,1
14.0,14,-2.8824623,-0.74686855,-1.2297122,-2.2624764,-0.05048231,2.511998,-2.3758538,2.4051187,-2.3369503,1.017375,-1.4876393,-1.3847401,1.5575655,1.0530765,10.739175,0.16397649,-0.9867746,-1.980565,-2.7508006,-1.7427474,1
14.0,14,-2.887023,-0.6178279,-0.8887167,-2.313159,-0.3840489,2.0183935,-1.6058416,4.119825,-2.884779,1.3899149,-1.5566634,-1.7705089,1.8245332,1.1085536,9.561058,-0.58808184,-1.1022956,-1.9512161,-2.863143,-1.3657148,1
14.0,14,-2.870545,-0.5686734,-0.81151146,-2.3397427,-0.4617844,1.9555653,-1.5596303,4.1523733,-2.8747592,1.5961227,-1.6139201,-1.8596667,1.8744516,1.1549678,9.41815,-0.71646726,-1.064868,-1.972164,-2.822084,-1.3018148,1
7.0,7,-0.105172254,-1.6290857,-0.3678463,-1.1292399,5.6377883,6.0030146,2.2289448,10.002108,-4.9218674,-2.3715005,-2.7744622,-1.6648414,-3.07234,-2.2939448,-2.106039,1.4670252,-1.3750825,-0.24709126,-5.1301675,-3.1034338,1
7.0,7,-0.071145974,-1.6215355,-0.36721188,-1.1452192,5.83524,6.121839,2.1422107,9.821186,-4.9046416,-2.3825743,-2.7862115,-1.7022278,-3.0950005,-2.2934513,-2.0566692,1.4820051,-1.427582,-0.14793894,-5.1768923,-3.2159557,1
7.0,7,-0.038870253,-1.6374335,-0.45051557,-1.1488053,5.947906,6.126759,2.2241232,9.805381,-4.947066,-2.3470132,-2.796273,-1.6920849,-3.1258514,-2.3029053,-2.0750356,1.4095865,-1.397813,-0.25535086,-5.132403,-3.1395195,1
7.0,7,0.01125399,-1.6480877,-0.47136223,-1.1620396,6.219303,6.2737317,2.1820703,9.574773,-4.943735,-2.3698704,-2.8077025,-1.7221025,-3.1445491,-2.3062062,-2.0119574,1.4324962,-1.4900914,-0.22171071,-5.1676517,-3.2499382,1
7.0,7,-0.033952244,-1.6233693,-0.37372023,-1.1565491,6.05588,6.253954,2.0825758,9.623941,-4.89026,-2.4025471,-2.795502,-1.7382884,-3.109545,-2.2957742,-1.9970503,1.5007979,-1.5056306,-0.08844525,-5.221293,-3.3222165,1
7.0,7,-0.06460949,-1.6331025,-0.37472034,-1.1452347,5.876491,6.14546,2.1541677,9.796288,-4.9090395,-2.390251,-2.786635,-1.7011762,-3.0931346,-2.292925,-2.044736,1.4875368,-1.4518671,-0.17155713,-5.1788044,-3.2223344,1
8.0,8,-0.92327046,1.6597636,1.8733884,-1.28007,-5.2504888,0.4724408,-3.5464554,-3.561447,10.270919,6.5728455,-0.8035203,-3.6464193,0.91335213,0.6548653,-1.6350278,-1.8887409,-1.0558416,0.5272597,-1.8703068,0.6225737,1
8.0,8,-0.92361104,1.645723,1.8536845,-1.278467,-5.243831,0.4578745,-3.5464344,-3.5537288,10.264333,6.563923,-0.79433334,-3.645136,0.92241955,0.66026855,-1.6427251,-1.8763279,-1.0524721,0.53147787,-1.8940617,0.6700225,1
8.0,8,-0.79452634,1.6921405,1.9505775,-1.2972347,-5.1175547,0.5396633,-3.446235,-3.6728475,10.400645,6.2929187,-0.7788177,-3.733524,0.92813224,0.61788017,-1.688378,-1.851306,-1.2561369,0.51346254,-1.92916,0.41494033,1
8.0,8,-0.5539118,1.773109,1.9990747,-1.4372876,-4.939793,0.73555475,-3.447552,-3.461052,10.177279,6.1868477,-0.95193404,-3.9455485,0.9330287,0.6187147,-1.4535767,-1.6347685,-1.4983783,0.5006408,-2.598764,0.29359075,1
8.0,8,-0.87801445,1.649422,1.8559074,-1.2995366,-5.206705,0.48570898,-3.540696,-3.5180511,10.236621,6.52392,-0.814769,-3.6830277,0.93270004,0.66140515,-1.6211488,-1.8325009,-1.1017828,0.5357126,-2.0232244,0.6702453,1
8.0,8,-0.91132104,1.6505088,1.8577285,-1.2851261,-5.2365184,0.46810493,-3.5471072,-3.5414765,10.253511,6.5608444,-0.80403674,-3.6557913,0.9231108,0.65903383,-1.63172,-1.867244,-1.0639548,0.53198504,-1.9282823,0.6636208,1
11.0,11,-2.924579,-1.6998336,-0.95008606,2.2191005,-0.35546497,-1.9084269,-1.5303303,-0.5586448,-1.9853548,-1.7003683,1.1350963,11.514442,-1.5540066,0.18658388,0.37173545,1.8925098,3.786913,1.0437268,-1.2747427,-2.0428085,1
11.0,11,-2.9309552,-1.7026641,-0.95157397,2.237549,-0.36175844,-1.9127902,-1.5240974,-0.5579735,-1.979031,-1.7049605,1.1582791,11.518263,-1.5508093,0.17286225,0.35550505,1.882104,3.7829332,1.0461594,-1.2711622,-2.0342999,1
11.0,11,-2.9365897,-1.704631,-0.95458764,2.2601917,-0.37058413,-1.9148961,-1.514807,-0.55754375,-1.9727672,-1.7124106,1.1831865,11.521527,-1.5474892,0.16582775,0.3362616,1.8732507,3.7714427,1.0424061,-1.2676188,-2.0245857,1
11.0,11,-2.940395,-1.7050297,-0.95577705,2.2754426,-0.37685066,-1.9160297,-1.5097202,-0.55646074,-1.9686159,-1.716004,1.1982856,11.523651,-1.5449202,0.16033217,0.32237607,1.8655124,3.7665079,1.0399878,-1.264887,-2.018188,1
11.0,11,-2.9358253,-1.7045687,-0.9526524,2.2512708,-0.36704898,-1.9161335,-1.5194982,-0.55729127,-1.9740657,-1.7080958,1.1755989,11.52117,-1.5482146,0.16269396,0.34285918,1.8735995,3.7808561,1.0475937,-1.2680582,-2.0277817,1
11.0,11,-2.930103,-1.7022265,-0.95138377,2.2355363,-0.36088905,-1.9121013,-1.5248542,-0.55802083,-1.9799081,-1.7044672,1.15536,11.517744,-1.551229,0.17462598,0.35741916,1.883516,3.7830553,1.0457854,-1.2717415,-2.0353734,1
17.0,17,-2.7172852,-0.8090782,-1.7005007,1.653798,0.84094304,-1.7893089,-5.1486406,-1.3058013,-1.9150323,-1.6188457,1.2466484,5.2774363,-1.6632754,1.1489646,0.7799902,-0.14302994,4.494391,11.1181,-2.7630758,-4.180355,1
17.0,17,-2.742354,-0.74861974,-1.6903418,1.6203629,0.7727944,-1.7711676,-5.1285477,-1.3440585,-1.8339026,-1.5854688,1.369646,5.159014,-1.6680464,1.0911968,0.7105938,-0.15821229,4.4370885,11.248539,-2.794177,-4.155721,1
17.0,17,-2.7505462,-0.68085444,-1.7128472,1.613609,0.7640694,-1.7527095,-5.115165,-1.4064234,-1.7692931,-1.5608745,1.5401936,4.994285,-1.677289,1.0037391,0.69045377,-0.15520968,4.297114,11.397351,-2.8524451,-4.1461244,1
17.0,17,-2.793686,-0.56201774,-1.7070043,1.5509607,0.6448893,-1.7185553,-5.0612307,-1.4720626,-1.6132249,-1.4939843,1.7982974,4.7621064,-1.6845652,0.86897194,0.553614,-0.18460894,4.1721363,11.622656,-2.9169679,-4.090473,1
17.0,17,-2.7611878,-0.70200366,-1.6831576,1.5955015,0.7228731,-1.7554379,-5.1116037,-1.3721379,-1.7722914,-1.5606722,1.4648871,5.0636487,-1.6717482,1.0448896,0.6604861,-0.16857702,4.387335,11.348189,-2.820078,-4.1363635,1
17.0,17,-2.7420201,-0.74460334,-1.6911417,1.6234132,0.77435654,-1.7671202,-5.128633,-1.3464212,-1.8337902,-1.5859048,1.3764585,5.146269,-1.6687334,1.0889602,0.7142199,-0.1563094,4.423875,11.256277,-2.800488,-4.15703,1
16.0,16,-1.6037148,-2.0608277,-0.098816834,0.123475835,-2.2913654,-3.4739654,-1.870495,-0.79372215,-0.14356205,1.0089731,-0.06697153,4.202837,-0.690254,-1.586989,-0.9341978,-1.5204637,11.8613,0.2184541,2.0690355,0.18173245,1
16.0,16,-1.6267486,-2.0679348,-0.10067052,0.17542194,-2.3365085,-3.4807768,-1.9270988,-0.8316279,-0.10700478,0.99225044,0.020629812,4.2587795,-0.6977255,-1.5766596,-0.9367728,-1.5367655,11.863806,0.24983314,2.0607095,0.18651554,1
16.0,16,-1.7264751,-2.1076603,-0.1349178,0.3957356,-2.4829657,-3.5092702,-2.0288646,-1.0377787,0.032489356,0.90437466,0.31101373,4.5184875,-0.6756135,-1.5380027,-0.946437,-1.5828252,11.843711,0.24678755,2.0744162,0.19380797,1
16.0,16,-1.7140355,-2.1092172,-0.12523352,0.37415218,-2.449096,-3.4953954,-1.9424958,-1.0101358,-0.0008321591,0.9158235,0.20572725,4.4959707,-0.6625909,-1.5485728,-0.9550164,-1.5606956,11.837068,0.18459818,2.084556,0.1907635,1
16.0,16,-1.6447787,-2.073407,-0.10293695,0.2146601,-2.3714051,-3.4857988,-1.971956,-0.86186945,-0.07894422,0.97833145,0.08999031,4.3027916,-0.7032414,-1.5671146,-0.9363159,-1.5495675,11.864993,0.2723995,2.0549088,0.19007608,1
16.0,16,-1.6303653,-2.0715022,-0.10431693,0.18362571,-2.3375185,-3.4838052,-1.9328551,-0.8412895,-0.10496499,0.9865316,0.03366644,4.275535,-0.695036,-1.5737106,-0.93678343,-1.5384132,11.863785,0.25091708,2.0617905,0.18647146,1
19.0,19,-0.09821816,-0.95157874,-0.7085481,-0.24549274,-1.2028737,-3.8262534,3.8310196,2.523286,0.7351122,-0.43270716,0.86646324,-1.2980825,3.027051,-1.8496131,-4.32771,-1.3490077,-1.0099412,-2.509353,2.0983229,10.522761,1
19.0,19,-0.08613773,-0.9435089,-0.7033153,-0.24870403,-1.2149715,-3.8151462,3.7979198,2.5269372,0.7604508,-0.42167142,0.88042456,-1.312887,3.016235,-1.8373923,-4.3174124,-1.3265486,-1.0442384,-2.4879355,2.028914,10.521857,1
19.0,19,-0.056181,-0.9249735,-0.5931539,-0.27002296,-0.99377847,-3.8509395,3.0955884,1.7472795,1.5162934,0.057493765,1.1001183,-1.3623784,2.7243109,-1.6674416,-3.9838254,-1.2878743,-1.2768638,-2.0496428,1.468153,10.862268,1
19.0,19,-0.1546669,-0.75948286,-0.6564701,-0.32867178,-1.4781765,-3.5985558,3.2675726,2.2007668,1.8742512,0.10300398,1.1369292,-1.5723878,2.6065996,-1.6846722,-4.069363,-1.0092643,-1.6464396,-2.1143506,0.75413585,10.4807415,1
19.0,19,-0.042301778,-0.8763397,-0.6904908,-0.2777606,-1.2872944,-3.731444,3.68991,2.5760415,0.983559,-0.34465805,0.9531644,-1.4220784,2.9542882,-1.7964673,-4.2657523,-1.2123699,-1.3027598,-2.3779612,1.5376023,10.470445,1
19.0,19,-0.07457569,-0.927525,-0.7008783,-0.25383115,-1.2306081,-3.7970476,3.7780585,2.5370257,0.80020905,-0.41056037,0.8964887,-1.3384503,3.008598,-1.8235558,-4.3054795,-1.3000263,-1.1063777,-2.4630322,1.9215689,10.513937,1
17.0,17,-2.2315204,1.498918,0.22935614,-0.8391415,-0.74577785,1.8535964,-2.8010907,0.34717995,0.5492791,-1.6020049,2.0892603,0.19323578,-0.92407626,0.60284984,-2.491506,-0.06747661,-0.57515526,11.920121,-4.6856136,-3.9779263,1
17.0,17,-2.2550857,1.4669591,0.2187709,-0.8826632,-0.7723347,1.8264925,-2.8154294,0.3367417,0.5593612,-1.5641264,2.2059906,0.15808484,-1.0537686,0.564963,-2.475696,-0.03136807,-0.5203465,11.956307,-4.644281,-3.9323587,1
17.0,17,-2.2053494,1.339813,-0.012815163,-0.96951056,-0.52112144,1.7005103,-2.904228,0.14437337,0.57269025,-1.6427871,2.5809522,0.08628173,-1.1039069,0.6682176,-2.1294854,-0.015723428,-0.7903555,11.940878,-4.8708587,-3.8905911,1
17.0,17,-2.223055,1.1580222,-0.19202256,-1.1001296,-0.46595052,1.4704102,-2.9526136,-0.07643199,0.6217609,-1.6506457,3.1589568,0.023437742,-1.2619048,0.67468524,-1.9220889,0.04310427,-0.8708971,11.953835,-4.8603306,-3.7602546,1
17.0,17,-2.2750459,1.4331694,0.21074902,-0.9193027,-0.79500604,1.8053496,-2.8231354,0.3210975,0.5664203,-1.5367929,2.3125124,0.12628973,-1.1570319,0.53871226,-2.4526284,0.005865397,-0.48804384,11.977321,-4.6177173,-3.8992047,1
17.0,17,-2.2549968,1.4669647,0.22182633,-0.87696934,-0.7745706,1.832412,-2.8157418,0.3344725,0.56166303,-1.567548,2.203478,0.16105363,-1.0474803,0.56984204,-2.4756198,-0.030735401,-0.5272722,11.950687,-4.6504946,-3.9356072,1
15.0,4,0.542498,-0.62839264,-3.3375225,-2.3094635,7.9547954,5.311597,0.9288424,-0.90954626,-5.2974715,-1.5522327,-0.6113401,-0.18704431,-3.344987,0.888099,-0.030679107,6.2573814,-2.4676492,-0.21539053,-3.700944,-4.873931,0
15.0,4,0.53859866,-0.6020029,-3.3226743,-2.3069685,7.918265,5.3454237,0.8799482,-0.90896344,-5.288611,-1.5448695,-0.62396276,-0.18022029,-3.342931,0.9051553,-0.05755405,6.2401395,-2.4468932,-0.12847918,-3.7234755,-4.9145937,0
15.0,4,0.57185066,-0.5570178,-3.4248736,-2.3601525,7.834584,4.88861,1.0389961,-1.0600373,-5.3791585,-1.3855759,-0.584646,-0.1611894,-3.3918068,0.9936808,-0.06753898,6.405366,-2.402544,-0.24719182,-3.5234766,-4.690275,0
15.0,4,0.55639553,-0.5000296,-3.428668,-2.3737373,7.6903334,4.8525167,0.9876477,-1.0784411,-5.3821306,-1.3248531,-0.57279867,-0.15780789,-3.431986,1.0659485,-0.09774073,6.4980984,-2.3909378,-0.15578395,-3.558774,-4.689641,0
15.0,4,0.5204021,-0.5617603,-3.3018239,-2.3053417,7.8267064,5.3868814,0.8094064,-0.91026986,-5.2720838,-1.5286026,-0.62569684,-0.17787954,-3.3521187,0.9436148,-0.08384167,6.255805,-2.4318066,-0.012505017,-3.7706509,-4.9601784,0
15.0,4,0.52946556,-0.5952097,-3.3197978,-2.3075256,7.8867073,5.3489037,0.8683916,-0.9113601,-5.2838955,-1.5405279,-0.61537457,-0.18334019,-3.3499937,0.9178359,-0.05451961,6.2619314,-2.4515746,-0.11644042,-3.7386365,-4.915222,0
6.0,6,-3.0753062,1.3794589,-0.9823218,0.83967495,-4.962852,0.319573,9.282956,3.1207366,-1.8592918,-2.2878628,0.3576593,-3.1005907,2.2187953,-1.2396002,-1.8194975,-0.6663532,-1.203248,-2.0764303,0.23689702,0.19986726,1
6.0,6,-3.1772552,1.3859242,-1.0286607,0.79554576,-5.0048213,0.47610813,9.154159,3.5110848,-1.9530145,-2.4090343,0.27712783,-3.0336757,2.1842437,-1.2658205,-1.7397593,-0.45420375,-1.3644457,-1.869393,0.0019305274,0.02060374,1
6.0,6,-2.965361,1.3995771,-1.7636808,0.91771793,-4.4164166,0.5636223,9.319736,3.8928385,-1.7232662,-2.6698976,0.6150167,-2.920077,1.0569521,-1.6593632,-1.527345,0.36875767,-2.1343179,-2.3682458,-1.0182322,0.7090625,1
6.0,6,-2.903966,1.3599448,-1.9642109,0.9284227,-4.337041,0.60639685,9.041217,4.3209963,-1.6907628,-2.8873994,0.6870743,-2.9110537,0.74565387,-1.7182376,-1.3082699,0.8619816,-2.5115757,-2.3256576,-1.6436557,0.89723533,1
6.0,6,-3.234549,1.4520725,-1.0984546,0.86843705,-4.9927807,0.57758886,9.094743,3.7012353,-1.9873914,-2.4966555,0.27113518,-2.9778197,1.9803246,-1.3853395,-1.6520808,-0.22227028,-1.4727715,-1.7287878,-0.2872649,-0.10462653,1
6.0,6,-3.1646297,1.4162924,-1.0421624,0.83672196,-4.988401,0.46900433,9.185378,3.4612207,-1.9344612,-2.4038835,0.2965729,-3.0346894,2.108859,-1.3116752,-1.7397479,-0.4262073,-1.3533168,-1.8735435,-0.047348082,0.027251521,1
11.0,11,-2.6807616,-0.8306635,-1.1221261,2.0829601,0.5814304,-2.2481596,-0.6287839,-0.096410856,-2.3310366,-1.3563374,0.08237042,11.590742,-1.1037439,-0.58814144,-0.18048581,0.6841978,4.4848213,-0.06396087,-0.3355901,-1.9032016,1
11.0,11,-2.6831527,-0.8311082,-1.1225668,2.086128,0.57932144,-2.2490044,-0.62725943,-0.09628925,-2.3287005,-1.3574356,0.089194156,11.592067,-1.1038682,-0.59316546,-0.18380241,0.6825814,4.48478,-0.0635846,-0.33413494,-1.9008586,1
11.0,11,-2.6856558,-0.8319684,-1.1230831,2.08772,0.5779093,-2.2504117,-0.62583834,-0.09600426,-2.326516,-1.358408,0.096406616,11.593636,-1.1038238,-0.5982747,-0.1850689,0.6808815,4.4841223,-0.06368666,-0.33251244,-1.8983841,1
11.0,11,-2.6854377,-0.8296533,-1.1231335,2.0854845,0.57798064,-2.2500362,-0.6263488,-0.09616597,-2.3267632,-1.3595021,0.09708567,11.593576,-1.1034209,-0.5940814,-0.18447566,0.68166655,4.47969,-0.06555272,-0.33323365,-1.8994648,1
11.0,11,-2.6853693,-0.8316096,-1.1229812,2.0894818,0.57746774,-2.249689,-0.6257618,-0.096103504,-2.326604,-1.3585117,0.09549495,11.593313,-1.1040097,-0.59809375,-0.18685864,0.6811022,4.4845924,-0.06323332,-0.33283085,-1.8986876,1
11.0,11,-2.6826346,-0.8309034,-1.1224798,2.0856464,0.57972753,-2.2487328,-0.6275696,-0.09632194,-2.3291984,-1.357283,0.08775949,11.591775,-1.1038446,-0.5920047,-0.18328503,0.6829569,4.4846263,-0.06368587,-0.3344966,-1.9014076,1
2.0,2,-0.012879863,1.262062,11.260363,0.6150232,-1.3907901,1.8509904,-0.98241395,-1.1134828,1.3961807,0.045871627,-2.1677952,-3.2290123,0.5781626,0.90540975,-1.2115755,-0.9844021,-1.5350182,-1.2210208,-2.4485598,-2.425809,1
2.0,2,-0.013108179,1.2627859,11.260277,0.61520433,-1.3909624,1.8510182,-0.9824125,-1.1136569,1.3960375,0.046441566,-2.16824,-3.2286413,0.57789,0.9059113,-1.2121218,-0.98478085,-1.5349509,-1.221507,-2.4475079,-2.426121,1
2.0,2,-0.013994962,1.2570964,11.261552,0.6111308,-1.390945,1.8517324,-0.9832111,-1.1126171,1.3982034,0.05030893,-2.1676013,-3.228665,0.5781651,0.9077656,-1.2141793,-0.98683757,-1.5341974,-1.2214898,-2.443069,-2.4247723,1
2.0,2,-0.012882426,1.2617096,11.260358,0.61364335,-1.392226,1.8529572,-0.9838906,-1.1123253,1.4020891,0.042310063,-2.1649015,-3.2292538,0.5800467,0.89683855,-1.2068378,-0.9806592,-1.5369849,-1.2207278,-2.4551349,-2.426194,1
2.0,2,-0.013173461,1.2632879,11.260183,0.6152431,-1.3912354,1.8512632,-0.9825836,-1.1135341,1.3966947,0.04594158,-2.1680493,-3.2285588,0.57805675,0.9047133,-1.2114851,-0.9842554,-1.5352384,-1.2215421,-2.4483423,-2.4263732,1
2.0,2,-0.01302059,1.2627515,11.260294,0.6152394,-1.3908975,1.8509711,-0.98237413,-1.1136601,1.3959407,0.046361644,-2.168187,-3.2287188,0.57785803,0.90590054,-1.2120483,-0.98471653,-1.5349537,-1.2214174,-2.447742,-2.4260342,1
12.0,12,-0.97772133,-1.6028892,-1.3794874,-0.980025,0.00086636096,-2.3491635,-0.56554765,-1.3212748,0.34631616,0.11722313,-1.8418707,-2.080908,12.321377,1.4556174,-0.513466,-1.8242017,-2.2479155,-1.590822,1.8079467,1.4761413,1
12.0,12,-0.96089184,-1.6013652,-1.358482,-0.9837388,0.02693576,-2.3729444,-0.57053834,-1.3290229,0.33064276,0.13513173,-1.8462695,-2.0765915,12.31211,1.4297414,-0.5067246,-1.8179644,-2.2543406,-1.5773338,1.8007481,1.4957664,1
12.0,12,-0.96956956,-1.5813445,-1.380949,-0.9546304,-0.006353326,-2.3944738,-0.5347685,-1.3719621,0.34994483,0.14937267,-1.8437835,-2.06532,12.31444,1.4183711,-0.530162,-1.8079958,-2.2628436,-1.588531,1.8656892,1.5176625,1
12.0,12,-0.86769605,-1.5814399,-1.1990963,-1.0433998,0.11961055,-2.479409,-0.6640018,-1.3525703,0.2555521,0.23340076,-1.8701257,-2.110234,12.251915,1.4207405,-0.45023108,-1.7858979,-2.317443,-1.5227208,1.687809,1.5872936,1
12.0,12,-0.9506608,-1.6000755,-1.345572,-0.9856774,0.04292521,-2.3879087,-0.571705,-1.3337564,0.32074872,0.14506459,-1.8485019,-2.0738013,12.306191,1.4136482,-0.50237024,-1.8142799,-2.259196,-1.5691329,1.7952255,1.5085306,1
12.0,12,-0.9678205,-1.6016577,-1.3698266,-0.97931784,0.017275542,-2.3655472,-0.5630577,-1.3278173,0.33688796,0.1269487,-1.8437676,-2.0752132,12.316045,1.4332249,-0.51158106,-1.8202922,-2.2507524,-1.5828818,1.8097025,1.4899985,1
7.0,6,1.0058272,-0.51113456,-0.7766486,-1.2424912,5.4324093,1.608515,9.044738,1.0493647,-3.2635741,-2.7399151,-2.000735,-0.5778576,-1.2659731,-3.6344762,-4.4107995,3.3899934,-1.0246109,-2.91688,-1.9000044,-0.607576,0
7.0,6,0.9639809,-0.5540004,-0.7897313,-1.2262821,5.5161443,1.5701153,8.992407,0.9870702,-3.2488368,-2.7283316,-1.9707638,-0.5538307,-1.3095454,-3.5997214,-4.3350034,3.4376173,-1.0663183,-2.9232423,-1.8925778,-0.6370884,0
7.0,6,0.8889195,-0.64089936,-1.0158659,-1.3684708,5.462447,1.4951749,9.305295,1.4243742,-3.2388215,-2.756326,-1.8353875,-0.6811882,-1.366059,-3.4382515,-4.4762607,3.181487,-1.353267,-3.0583758,-1.932876,0.42772135,0
7.0,6,0.90254056,-0.6644747,-1.0265784,-1.3750681,5.5251493,1.4870373,9.274432,1.4233614,-3.2405035,-2.751471,-1.8290975,-0.67867583,-1.3977975,-3.4337716,-4.4546294,3.210973,-1.3825964,-3.0630732,-1.9532511,0.44587144,0
7.0,6,0.9686854,-0.6207066,-0.8013816,-1.2361021,5.615732,1.5039272,8.924011,0.9755423,-3.2419455,-2.727875,-1.930334,-0.52035815,-1.3922298,-3.5623837,-4.2555575,3.5442858,-1.1555095,-2.9618187,-1.9159796,-0.58231264,0
7.0,6,0.9958024,-0.5748314,-0.7931014,-1.2457174,5.540051,1.549732,8.980858,1.0274986,-3.2562213,-2.7358072,-1.9627625,-0.54769087,-1.344941,-3.5989048,-4.3342543,3.4797146,-1.1013427,-2.9457934,-1.9178096,-0.56233627,0
16.0,16,-1.2035544,-1.4722886,-0.48007798,1.5426434,-2.1915684,-2.6806636,-2.8898735,0.1726528,-0.73420036,1.5546851,-0.88732016,3.2607458,-0.75162864,-1.9709431,-0.53589725,-1.3737651,11.572306,0.921392,0.6310329,-0.468701,1
16.0,16,-1.2065055,-1.4708282,-0.47981453,1.5207393,-2.1986578,-2.683149,-2.8939402,0.16837695,-0.7260116,1.5555466,-0.880546,3.2525506,-0.7473285,-1.96343,-0.5333408,-1.37177,11.574558,0.92431915,0.63379794,-0.4672413,1
16.0,16,-1.2178525,-1.4665126,-0.5006744,1.4928586,-2.2193518,-2.6871486,-2.9124331,0.1213696,-0.6902797,1.5491318,-0.8250857,3.2591963,-0.7460734,-1.9481825,-0.5155643,-1.3650676,11.584692,0.9009644,0.6450905,-0.467131,1
16.0,16,-1.2216532,-1.4613348,-0.5163951,1.4981167,-2.228836,-2.686564,-2.921983,0.08749808,-0.66952896,1.5464581,-0.791676,3.2737775,-0.74860626,-1.9462755,-0.5050084,-1.3625777,11.588467,0.8753282,0.6489853,-0.46914223,1
16.0,16,-1.2123269,-1.4688452,-0.49429893,1.5095199,-2.2117095,-2.6890092,-2.9080548,0.13499156,-0.70485747,1.547165,-0.8365022,3.255313,-0.7464674,-1.9557705,-0.5225874,-1.3687577,11.582029,0.91439927,0.6400039,-0.467674,1
16.0,16,-1.2075365,-1.4701726,-0.48899335,1.5318805,-2.2010052,-2.6847358,-2.8994117,0.15057689,-0.71965504,1.5498294,-0.8589239,3.260862,-0.7502958,-1.9647963,-0.52891153,-1.3714823,11.577382,0.9159564,0.6353183,-0.46891657,1
14.0,14,-3.1560912,-0.2299017,-1.0476407,-1.6763401,0.72484577,-0.53413755,-2.2695758,1.3920156,-3.9076,1.545347,-1.8189776,0.9078228,2.039663,1.7892941,10.41232,0.08197959,-0.41029364,-1.1304036,-2.254928,-1.1953104,1
14.0,14,-3.0729904,-0.19600987,-1.0910196,-1.6688292,0.8765719,-0.5130705,-2.3658533,1.2045898,-3.798998,1.5417563,-1.7408454,0.8993206,1.9688393,1.6055474,10.547891,0.20727177,-0.43812627,-1.2624028,-2.2922602,-1.2585925,1
14.0,14,-2.7606966,-0.41551164,-1.3244437,-1.7208698,1.2436041,-0.36964273,-2.5708487,0.907578,-3.4204168,1.6801994,-1.5981064,0.87919086,1.9253485,1.2560557,10.768543,0.32530934,-0.47963715,-2.005531,-2.194159,-1.2018882,1
14.0,14,-2.6683133,-0.3850735,-1.4357415,-1.6744734,1.3068624,-0.31346026,-2.698733,0.6648658,-3.2046907,1.5637629,-1.4901152,0.9106153,1.857361,0.9964283,10.936599,0.67800176,-0.5546334,-2.3049297,-2.2641788,-1.2923417,1
14.0,14,-3.013157,-0.1721386,-1.1387734,-1.6463382,0.9766765,-0.5037535,-2.4205031,1.0701716,-3.723546,1.5185102,-1.678483,0.9063386,1.9162736,1.4758745,10.641815,0.31405818,-0.4580109,-1.3992913,-2.3159037,-1.2956513,1
14.0,14,-3.0759506,-0.195375,-1.101335,-1.6536974,0.8694684,-0.52344275,-2.358677,1.1970154,-3.807761,1.5326878,-1.7296792,0.91097283,1.960411,1.6087306,10.551625,0.22226653,-0.43644327,-1.2836053,-2.2861805,-1.2487705,1
8.0,8,-3.46792,-0.52791846,-1.3212715,-1.7495209,-3.5896783,4.32089,-3.4080868,-3.7685483,9.825696,1.0640352,0.88138646,-1.7800199,3.0101926,1.1529549,0.47756115,-2.3008413,-0.9852716,-0.1195567,1.2029892,-3.1260417,1
8.0,8,-3.470267,-0.5294137,-1.325097,-1.7570293,-3.578909,4.3316755,-3.4082298,-3.7700663,9.819669,1.057238,0.8821371,-1.7813425,2.9969907,1.1558269,0.504663,-2.290252,-0.9927484,-0.11571818,1.1817081,-3.1300364,1
8.0,8,-3.4640794,-0.47956026,-1.3139197,-1.731681,-3.6261892,4.331423,-3.3964052,-3.7687106,9.845971,1.0846815,0.890375,-1.7721488,2.88249,1.1526973,0.46401325,-2.2591093,-0.9883061,-0.13026679,1.2080839,-3.1218,1
8.0,8,-3.484774,-0.37800792,-1.3246013,-1.7454431,-3.6543539,4.514274,-3.4043167,-3.697779,9.745339,1.0073549,0.8172454,-1.8349557,2.914727,1.1402603,0.6301465,-2.1684277,-1.0757501,-0.1734164,1.033065,-3.1959076,1
8.0,8,-3.4730003,-0.5229158,-1.3277484,-1.7621415,-3.5745955,4.3496118,-3.4086711,-3.7668526,9.809736,1.0478011,0.8776496,-1.7866507,2.993238,1.1565894,0.53086376,-2.2787702,-1.00316,-0.11590991,1.1575011,-3.1373615,1
8.0,8,-3.4702106,-0.52920157,-1.3244561,-1.7562186,-3.5799701,4.3287935,-3.408457,-3.7707736,9.820718,1.0580655,0.88214856,-1.7811474,3.0011637,1.1552024,0.50101125,-2.2925227,-0.99162596,-0.11568887,1.1849939,-3.1292264,1
6.0,6,-1.8329442,0.35651016,-2.4131489,-1.0002432,-0.4981465,0.45944667,9.284243,7.04965,-2.5142684,-2.867481,-1.4905354,-2.0314312,3.9475162,-1.8852847,-3.648392,-0.542217,-2.9562578,-4.0944963,-0.13051167,0.2546912,1
6.0,6,-1.8274094,0.3638914,-2.4150064,-0.9996755,-0.5004548,0.45709264,9.287225,7.0411158,-2.509361,-2.8696902,-1.4885844,-2.0297046,3.9480388,-1.8846482,-3.649671,-0.53706974,-2.966082,-4.092283,-0.1379152,0.25434706,1
6.0,6,-1.7917544,0.70162994,-2.447323,-0.9611229,-0.5948969,0.4229695,9.557256,6.626951,-2.1097014,-2.895357,-1.3371645,-2.0963593,3.725525,-1.8846095,-3.7820115,-0.4197234,-3.382271,-3.8874087,-0.47313517,0.33946308,1
6.0,6,-1.7661434,0.8162266,-2.4660523,-0.9503335,-0.641742,0.3874167,9.619935,6.4898396,-2.0001657,-2.910543,-1.2911978,-2.1015477,3.6409123,-1.8772277,-3.804704,-0.34946656,-3.4931638,-3.8312192,-0.5726482,0.37795058,1
6.0,6,-1.7646434,0.46891806,-2.4442897,-0.9917723,-0.50048316,0.43866026,9.347523,6.9461684,-2.4385939,-2.896113,-1.4505395,-2.019094,3.8972995,-1.8837218,-3.6774757,-0.4733466,-3.1060767,-4.035338,-0.27630448,0.23335484,1
6.0,6,-1.8123223,0.3977509,-2.427099,-0.9976542,-0.50345296,0.45675638,9.307817,7.0105066,-2.4828885,-2.8798802,-1.4767088,-2.0249536,3.9282415,-1.8820328,-3.6546435,-0.5081424,-3.0160072,-4.0763755,-0.18894657,0.24484387,1
10.0,10,-1.3999122,-1.6707488,-2.5875146,0.42652887,-3.1153798,-2.7083933,-1.7144256,-1.6789544,2.0442836,-3.1401267,10.113302,-0.7634104,-0.77417105,0.7113196,0.451053,3.2248473,-2.7025213,0.9617757,-2.8794274,-0.18927372,1
10.0,10,-1.4117379,-1.6662366,-2.5756955,0.3863552,-3.1052823,-2.710537,-1.7191528,-1.6950876,2.0544639,-3.1277943,10.110979,-0.76520324,-0.7926759,0.70443875,0.44942716,3.2676823,-2.707032,1.0028303,-2.8913288,-0.19167776,1
10.0,10,-1.405386,-1.5890193,-2.596855,0.3841727,-3.141827,-2.7581837,-1.6621162,-1.6861022,2.118128,-3.088123,10.032652,-0.8142232,-0.7906224,0.694646,0.3035816,3.381247,-2.7505708,0.9692254,-2.8987598,-0.13965656,1
10.0,10,-1.4215065,-1.5904497,-2.5762613,0.3068343,-3.1118264,-2.7598581,-1.6747164,-1.7159492,2.1361208,-3.0735164,10.039239,-0.80542886,-0.82491535,0.6752323,0.30646273,3.4395256,-2.7515666,1.0510842,-2.9135318,-0.1525845,1
10.0,10,-1.4168031,-1.6662536,-2.571252,0.3744562,-3.1022022,-2.709905,-1.7220944,-1.7010633,2.0565867,-3.1243706,10.1114025,-0.765681,-0.797246,0.70365214,0.45277682,3.2780182,-2.707903,1.0169548,-2.8950968,-0.19342324,1
10.0,10,-1.4087142,-1.6690389,-2.5782893,0.39538112,-3.1068647,-2.7092829,-1.7197901,-1.6916627,2.051097,-3.131526,10.113597,-0.76356775,-0.7877415,0.70670015,0.45275894,3.2534964,-2.7047825,0.9949884,-2.8877406,-0.19290131,1
5.0,5,-0.6872617,-0.37289006,-1.4967742,-0.7781738,2.6002042,9.884127,-0.47275144,5.280032,-2.9009497,-1.2465436,-3.2046876,-2.3797882,-0.50035846,-0.8293826,-1.1557003,2.6528552,-0.31286168,-0.100490324,-6.33327,-4.736333,1
5.0,5,-0.564434,-0.25345737,-1.6040303,-0.8519616,2.8752587,9.888031,-0.44542354,4.831234,-2.9583259,-1.1013778,-3.2350378,-2.451991,-0.73399234,-0.7729042,-1.1976913,3.0426283,-0.3751257,-0.12880602,-6.4033303,-4.8329864,1
5.0,5,-0.4943085,-0.124397166,-1.8160532,-0.829254,3.030852,9.708601,-0.29742807,4.5349193,-3.1061559,-0.96704733,-3.3719623,-2.4565163,-0.58591014,-0.77416366,-1.2926455,3.2664037,-0.2917307,-0.33558258,-6.3362775,-4.7938943,1
5.0,5,-0.18278019,0.12686807,-2.0193582,-1.0488807,3.789961,9.38846,-0.22823565,3.5282314,-3.29215,-0.5978314,-3.3668418,-2.6108909,-1.2218264,-0.7190108,-1.3781289,4.132774,-0.38324457,-0.21321422,-6.4760423,-4.913712,1
5.0,5,-0.4818268,-0.17729393,-1.6778963,-0.91177094,3.0815055,9.858148,-0.4218079,4.5214157,-3.0101962,-0.99880385,-3.2493129,-2.503656,-0.91709507,-0.7343659,-1.2202321,3.3333368,-0.41893238,-0.13490036,-6.455207,-4.8894234,1
5.0,5,-0.573936,-0.26137078,-1.5961647,-0.84517807,2.8489559,9.89373,-0.4483521,4.8580446,-2.949008,-1.1085801,-3.2331455,-2.4465792,-0.7156873,-0.7738394,-1.1940246,3.0130098,-0.36943507,-0.13266012,-6.3964267,-4.8270087,1
16.0,16,-1.8644052,-1.0787879,-0.62724316,-1.1979218,-1.0078437,-3.4113662,-2.516126,0.22791614,-1.0191742,0.54418284,-0.059326477,4.904384,-2.434658,-1.9505309,-0.15279594,-0.89791626,11.765699,2.3710477,0.69271284,-0.3377829,1
16.0,16,-1.9207007,-1.0561365,-0.6315425,-1.1828,-1.0982609,-3.4155357,-2.5661273,0.1479903,-0.94833565,0.5318207,0.038869105,4.9148593,-2.4226127,-1.9194672,-0.17451648,-0.91177154,11.769146,2.4771445,0.69456416,-0.34280467,1
16.0,16,-2.0066972,-1.0536399,-0.6792139,-1.1423051,-1.2332149,-3.4601793,-2.5756524,-0.041753497,-0.86967266,0.49524376,0.18413171,5.0415974,-2.3751159,-1.826292,-0.17512982,-0.8811002,11.772833,2.4690964,0.7397254,-0.30736744,1
16.0,16,-2.0731907,-1.0336229,-0.6773755,-1.1276271,-1.3499409,-3.4603097,-2.63429,-0.1142783,-0.77967256,0.48858765,0.3029709,5.0139017,-2.3627071,-1.7961911,-0.201095,-0.9127681,11.774926,2.6066191,0.7446531,-0.309425,1
16.0,16,-1.9609472,-1.0412347,-0.6337948,-1.1722454,-1.1646588,-3.4195464,-2.6003299,0.09324041,-0.89738446,0.52470726,0.10812924,4.9196677,-2.4131162,-1.8972858,-0.19039246,-0.9224519,11.770698,2.5525782,0.6967573,-0.34488735,1
16.0,16,-1.9170538,-1.0573705,-0.63246024,-1.1841433,-1.0895112,-3.4148283,-2.5639791,0.152687,-0.9540957,0.53128934,0.033677418,4.915917,-2.424289,-1.9223282,-0.17193884,-0.9098083,11.768663,2.4721572,0.69191617,-0.3437858,1
11.0,11,-1.8878477,-0.6828655,-0.29020226,6.457526,1.0010403,-0.6145794,-0.8408651,0.15658426,-3.2177308,-1.9043344,-0.94464964,9.995221,-1.222715,-1.0530787,-0.14330694,0.8079249,2.0999675,-0.11151657,-1.736015,-2.5606391,1
11.0,11,-1.895804,-0.68716294,-0.29357982,6.459134,0.9895728,-0.62181485,-0.836486,0.15816893,-3.2075994,-1.9046873,-0.9271651,10.004675,-1.220723,-1.0703416,-0.15462276,0.80552053,2.1145902,-0.11600236,-1.7275515,-2.5493004,1
11.0,11,-1.9048259,-0.6924349,-0.3002122,6.4484787,0.97941625,-0.63092685,-0.83287185,0.1601205,-3.196781,-1.9028615,-0.908393,10.02095,-1.2195948,-1.0809962,-0.16388647,0.8029039,2.1291633,-0.121954985,-1.715735,-2.53853,1
11.0,11,-1.8945553,-0.68452376,-0.29685557,6.447093,0.9920878,-0.621016,-0.8372122,0.15888782,-3.207565,-1.9022349,-0.9278916,10.009572,-1.2224176,-1.0594615,-0.15479249,0.80529183,2.1085231,-0.118383475,-1.725055,-2.5517411,1
11.0,11,-1.9036809,-0.69228154,-0.29765803,6.4618545,0.9789182,-0.6291022,-0.83213645,0.15972458,-3.19775,-1.9056103,-0.9091698,10.01348,-1.2186086,-1.0887445,-0.16433941,0.8036813,2.1284275,-0.120390974,-1.7195927,-2.5380976,1
11.0,11,-1.8949636,-0.6868574,-0.29350907,6.4597726,0.99101055,-0.6208756,-0.8367847,0.15805191,-3.2087705,-1.9049326,-0.9288232,10.003265,-1.2208344,-1.06912,-0.15310669,0.8059273,2.1125414,-0.11546721,-1.7287043,-2.5504558,1
1.0,1,1.170251,11.749905,-0.26132894,2.720691,-1.4203889,1.4422832,1.3510835,-1.0305855,-3.046704,0.023589361,-2.0922337,-1.7846097,-1.3862092,-0.65541774,-1.621101,0.77422154,-2.492995,-0.8065854,-2.8336163,-2.6916635,1
1.0,1,1.1727437,11.74933,-0.26154643,2.7258418,-1.4211102,1.4427539,1.3521503,-1.0314876,-3.0474615,0.016203698,-2.087338,-1.7816371,-1.3891238,-0.6617705,-1.6207411,0.77822757,-2.4934883,-0.80984175,-2.8323689,-2.6912613,1
1.0,1,1.1678509,11.753639,-0.256765,2.7333627,-1.439737,1.4515414,1.3443959,-1.0370073,-3.0348022,0.0062020905,-2.0819764,-1.7798227,-1.3858482,-0.6618985,-1.6168512,0.78243285,-2.501397,-0.81149596,-2.8274474,-2.6924524,1
1.0,1,1.1784047,11.747971,-0.24779505,2.750127,-1.4553154,1.4491942,1.3420359,-1.0327402,-3.0380359,-0.02190333,-2.056701,-1.7700261,-1.401383,-0.6816959,-1.6141349,0.8100144,-2.5038266,-0.84546053,-2.8234205,-2.6874409,1
1.0,1,1.1735468,11.749189,-0.26195693,2.7275236,-1.4208039,1.4427984,1.3528285,-1.0319645,-3.0478256,0.013924208,-2.0859408,-1.7805872,-1.3899316,-0.663888,-1.6208386,0.7790525,-2.493502,-0.8102146,-2.8319478,-2.6911273,1
1.0,1,1.171139,11.749821,-0.26199746,2.7226396,-1.4197507,1.4422756,1.3520595,-1.031312,-3.0471368,0.021044202,-2.0907497,-1.7833594,-1.3869916,-0.65784276,-1.6213799,0.77480555,-2.4929564,-0.80649805,-2.8330865,-2.691494,1
18.0,18,-1.8172667,-1.304107,1.5008087,-0.36418968,-2.8644073,-2.611485,1.9342797,-3.7540708,0.008483373,-0.6599694,-0.38492018,0.25735748,2.6435306,2.4260933,-2.0731966,-2.1567848,2.6164534,-3.7945924,11.202786,2.6838262,1
18.0,18,-1.8359151,-1.2851195,1.5917128,-0.37356317,-2.914714,-2.6064296,2.0270154,-3.7710226,0.101456895,-0.66449726,-0.34287816,0.21603307,2.605039,2.3619623,-2.1510565,-2.1696591,2.5914984,-3.812003,11.185645,2.7367597,1
18.0,18,-2.1555328,-1.4684869,1.2614149,-0.39886388,-2.7558618,-2.9963067,2.2008834,-3.8010757,0.43243334,-0.70334685,0.04674439,0.48976624,2.3306572,2.3301134,-2.1156983,-2.2593093,2.1783223,-3.7731965,11.443728,4.044393,1
18.0,18,-2.2451127,-1.3276908,1.66507,-0.547164,-3.0710723,-3.0564256,3.2476664,-3.9303539,1.0732869,-0.95286787,0.4775978,0.024301857,2.5267746,1.7695625,-2.8400488,-2.2197404,1.7334818,-3.8672905,10.794715,4.9384217,1
18.0,18,-1.8624295,-1.2325401,1.7560441,-0.40211052,-3.0229511,-2.5788965,2.267655,-3.8175402,0.27719656,-0.7052341,-0.2592447,0.10029134,2.5975378,2.2045307,-2.3336473,-2.181252,2.5383246,-3.8411489,11.101712,2.8141828,1
18.0,18,-1.8362861,-1.2767308,1.6130594,-0.37608084,-2.9366853,-2.59812,2.0583622,-3.7794886,0.11950065,-0.67241037,-0.33557037,0.1965375,2.6180289,2.344856,-2.1762285,-2.1683793,2.5900936,-3.8158357,11.166872,2.7322712,1
4.0,4,-0.8473904,-2.432194,-2.9988222,-3.0790799,10.748434,-0.6377492,5.2109375,1.1286919,-5.143881,-0.59230846,-2.2502823,0.94415164,-3.869751,-3.8178043,-0.18011394,2.6718504,2.3047512,1.2279985,-1.58763,-1.7124085,1
4.0,4,-0.8397664,-2.4280195,-2.999993,-3.0673234,10.760953,-0.6446563,5.1880383,1.0970135,-5.1369243,-0.6009093,-2.2357473,0.94836396,-3.8709016,-3.8173294,-0.1712296,2.678386,2.2936234,1.2514845,-1.5881759,-1.7216312,1
4.0,4,-0.8344549,-2.4188685,-3.0070155,-3.0522146,10.765439,-0.6520677,5.1911244,1.0476183,-5.1289935,-0.6191933,-2.2121043,0.9536931,-3.874202,-3.8038054,-0.166771,2.7026615,2.2491584,1.2740496,-1.5897391,-1.7300681,1
4.0,4,-0.8240179,-2.4167693,-3.0095959,-3.041792,10.78538,-0.67318434,5.1232686,0.99597776,-5.1159773,-0.6211399,-2.1896973,0.96921426,-3.8760316,-3.8042393,-0.14515153,2.698395,2.2696257,1.3303244,-1.5851605,-1.7475914,1
4.0,4,-0.8363482,-2.4265344,-3.0006096,-3.0626392,10.766813,-0.6490176,5.1738605,1.0818816,-5.133391,-0.6037364,-2.2289786,0.95124424,-3.871554,-3.817215,-0.16625836,2.6800196,2.2924876,1.264606,-1.5878662,-1.7263162,1
4.0,4,-0.84127235,-2.4290564,-2.9996727,-3.0700524,10.758321,-0.64318854,5.192176,1.1041288,-5.1385183,-0.5987154,-2.239243,0.94750935,-3.8706644,-3.817674,-0.17297485,2.6770968,2.2968566,1.2463293,-1.5879825,-1.7196338,1
5.0,7,-3.6354477,-2.0450375,-2.6578505,-1.271478,0.7276772,0.019296765,2.5692964,9.654026,-3.4321818,-3.259809,-0.09822392,-0.3057222,0.28866836,-0.8979023,1.0386049,4.714161,-2.6169543,-2.3193183,-3.2811084,-0.60526067,0
5.0,7,-3.6201866,-2.0102775,-2.7367325,-1.2440101,0.7808038,-0.04808376,2.4318225,9.400008,-3.3815973,-3.3810742,-0.005026836,-0.25326574,0.1950323,-0.88339156,1.1936109,5.073512,-2.7361712,-2.2828918,-3.3630943,-0.67723876,0
5.0,7,-3.6239126,-2.1369834,-2.8149803,-1.3043166,0.8281647,-0.07958912,2.1155345,9.157026,-3.3474793,-3.4051466,0.033134118,-0.23315065,0.2368389,-0.78338957,1.5503399,5.429988,-2.8393745,-2.2104416,-3.4392238,-0.6765794,0
5.0,7,-3.630366,-2.24223,-2.9224627,-1.3369846,0.93045574,-0.20377994,1.7892067,8.785634,-3.316292,-3.4924307,0.15775019,-0.07565932,0.10675329,-0.7375792,1.8756163,5.922168,-2.8029737,-2.2118866,-3.434331,-0.7480745,0
5.0,7,-3.6131115,-2.0003555,-2.7840195,-1.2332476,0.8146193,-0.093261026,2.3395095,9.241304,-3.3526018,-3.4477928,0.0530762,-0.21343248,0.13485835,-0.87407273,1.2945558,5.2889013,-2.787113,-2.266889,-3.4010005,-0.7197244,0
5.0,7,-3.6279452,-2.0381358,-2.7210062,-1.2569699,0.775865,-0.036849916,2.447014,9.461525,-3.4019768,-3.3460572,-0.027398061,-0.25223932,0.2121687,-0.8833256,1.1713954,4.9962583,-2.6855466,-2.3012455,-3.3318324,-0.6589834,0
3.0,3,-0.03197752,2.5812607,2.3753252,10.383662,-0.45035556,0.19013265,-0.0849271,-1.273597,-2.8493772,-1.1121973,-1.668361,-1.3441198,-0.2211439,-1.6594803,0.18514052,-0.9454318,0.07686791,0.758988,-3.7359858,-2.181665,1
3.0,3,-0.032397836,2.5739896,2.377162,10.382174,-0.45625058,0.18979394,-0.08550832,-1.2697974,-2.8491673,-1.1090125,-1.6647152,-1.345389,-0.22045675,-1.6532695,0.16944127,-0.9529068,0.08733298,0.7756882,-3.7377129,-2.180182,1
3.0,3,-0.022827402,2.5699658,2.3488886,10.390962,-0.45589438,0.18089661,-0.08821043,-1.2666823,-2.8503323,-1.1031698,-1.6505033,-1.343232,-0.22131896,-1.6674911,0.16108628,-0.9602476,0.100449875,0.79005814,-3.7333865,-2.1733599,1
3.0,3,0.055449963,2.5834916,2.321828,10.436298,-0.41634303,0.1284999,-0.16099204,-1.3126407,-2.8076172,-1.1230092,-1.5259701,-1.3257906,-0.25804204,-1.8363315,0.19431761,-0.92437893,0.12289114,0.76114875,-3.7398005,-2.1732702,1
3.0,3,0.0004492402,2.5761964,2.3815608,10.400183,-0.43983874,0.1700342,-0.11788316,-1.2898722,-2.8272603,-1.1209342,-1.6119785,-1.3374722,-0.23621793,-1.7243104,0.17800793,-0.9375665,0.09702395,0.7627269,-3.7430701,-2.182307,1
3.0,3,-0.025455758,2.5794218,2.3778322,10.386327,-0.4488857,0.1854878,-0.092960685,-1.2770121,-2.8447933,-1.1131116,-1.6550286,-1.3432403,-0.22471756,-1.6730325,0.18262056,-0.94439775,0.08295596,0.76272005,-3.738172,-2.1818166,1
10.0,10,-1.531465,-1.3643899,-2.779141,1.7197155,-3.7393515,-2.4847627,-1.1807992,-1.3615218,0.81674266,-4.4690223,7.9933047,-1.634688,1.0099225,1.4983603,2.3076727,3.8700721,-3.240195,-0.8299951,-2.631641,-0.4539313,1
10.0,10,-1.4859324,-1.3916664,-2.738435,1.6085039,-3.657102,-2.488418,-1.3114926,-1.3831351,0.84172463,-4.4685183,8.063907,-1.5979882,0.8535897,1.4927427,2.2314968,4.0447063,-3.2401838,-0.6340016,-2.7308235,-0.512657,1
10.0,10,-1.2399226,-1.1722425,-2.9531777,1.3372129,-3.4936593,-2.7465677,-1.263339,-1.4192162,1.1287009,-4.279457,7.8321457,-1.7585522,0.52161556,1.4515294,1.7072945,4.6623464,-3.408767,-0.60344535,-2.8370018,-0.14000237,1
10.0,10,-1.1457543,-1.2536578,-2.801976,1.076505,-3.2799332,-2.697781,-1.5803449,-1.4581672,1.1636306,-4.2637796,7.940203,-1.655455,0.17061287,1.4455984,1.5827299,5.0257545,-3.39368,-0.11790287,-3.0948095,-0.29760876,1
10.0,10,-1.4670957,-1.408277,-2.7066147,1.5508854,-3.618636,-2.4762545,-1.3857375,-1.3931265,0.8495692,-4.472576,8.100675,-1.5765035,0.77939826,1.4963186,2.1948366,4.1264443,-3.2394314,-0.51952,-2.7850614,-0.5575878,1
10.0,10,-1.4894375,-1.3917109,-2.7355971,1.6147156,-3.662432,-2.4836385,-1.3084692,-1.381668,0.83740747,-4.470554,8.060956,-1.5991503,0.86443365,1.4952347,2.238292,4.032832,-3.239733,-0.63798475,-2.7284088,-0.51505345,1
2.0,9,-0.17363983,1.8107096,2.812981,-2.8486657,-1.3230482,-1.1901741,-2.7121568,-0.9740086,2.3168628,10.747394,-2.4008093,-2.9214885,1.1201267,-0.16592914,1.2120326,-1.7234757,0.007829163,-0.75432014,-3.3047652,1.5990576,0
2.0,9,-0.17569122,1.8081895,2.8077135,-2.8486948,-1.322036,-1.1913397,-2.7108238,-0.9741269,2.3136215,10.74981,-2.3998628,-2.919098,1.1221839,-0.16471668,1.2112807,-1.7255794,0.010061484,-0.75471914,-3.299718,1.6032435,0
2.0,9,-0.17150968,1.8054233,2.8075287,-2.848184,-1.3188568,-1.1967348,-2.7084126,-0.980433,2.3222065,10.750031,-2.397022,-2.9206085,1.1257662,-0.16506812,1.2048658,-1.7256421,0.00475917,-0.76032126,-3.2994723,1.6125427,0
2.0,9,-0.15881866,1.8067764,2.8278332,-2.8547356,-1.3048705,-1.1898994,-2.705641,-0.97458225,2.322415,10.741909,-2.396549,-2.930368,1.1149428,-0.17062679,1.2108988,-1.7144943,-0.0115871,-0.7662723,-3.3232412,1.589136,0
2.0,9,-0.17492703,1.8064524,2.8074398,-2.849765,-1.3189626,-1.1912717,-2.7093163,-0.9735609,2.3117673,10.750292,-2.3990169,-2.919049,1.1220016,-0.1648035,1.2114261,-1.7252835,0.008753106,-0.75622237,-3.299861,1.602737,0
2.0,9,-0.17484985,1.8084795,2.8091388,-2.8491032,-1.3214426,-1.190794,-2.7108717,-0.97369367,2.3139498,10.749097,-2.3998716,-2.919922,1.1213958,-0.16511302,1.2117912,-1.7247304,0.008924495,-0.7548834,-3.3015623,1.6017059,0
7.0,6,-1.559487,0.5595671,-1.0474461,-0.9922106,-0.41905388,0.813458,9.045898,8.235044,-2.6384423,0.06675853,-1.2351342,-2.3854654,-1.6237891,-2.589735,-4.5321627,-1.7912161,1.1642203,-2.7734563,-2.4871244,-0.27902618,0
7.0,6,-1.5623488,0.5544461,-1.058503,-0.98433495,-0.40009072,0.81373745,9.066666,8.219196,-2.6394892,0.062764615,-1.2280945,-2.3702915,-1.634564,-2.6032372,-4.5335016,-1.7860814,1.1620526,-2.7688205,-2.4984674,-0.282319,0
7.0,6,-1.603344,0.5826585,-1.1449372,-0.9520469,-0.3494397,0.90347403,9.230646,8.176883,-2.5949357,-0.029213486,-1.130099,-2.377953,-1.6036294,-2.5632188,-4.5128613,-1.7619797,0.81160665,-2.7173595,-2.642344,-0.31488323,0
7.0,6,-1.6121168,0.5622802,-1.1602676,-0.95182586,-0.32574442,0.90857637,9.246467,8.174516,-2.5961335,-0.030705713,-1.1189915,-2.3561342,-1.6174158,-2.5655026,-4.5061054,-1.752579,0.798189,-2.710191,-2.6692696,-0.31768107,0
7.0,6,-1.565906,0.5542946,-1.0729845,-0.97310436,-0.3801063,0.8166914,9.097417,8.19758,-2.6384585,0.053138826,-1.2168767,-2.35708,-1.6430247,-2.6173992,-4.535809,-1.7804631,1.1450751,-2.7623057,-2.5121527,-0.28689638,0
7.0,6,-1.5608692,0.55394995,-1.0544381,-0.9873646,-0.40494418,0.81161606,9.056399,8.225289,-2.6408596,0.06666832,-1.232632,-2.372838,-1.6337775,-2.6004405,-4.533098,-1.7869852,1.1719525,-2.7706492,-2.4938464,-0.280963,0
7.0,7,-1.4995024,-1.5127214,-0.32457656,-1.1464584,-0.58535165,1.6340476,5.3101735,11.799381,-3.9098163,-2.6370971,-2.237362,-0.46629575,-1.9865819,-2.288358,-1.2093711,0.9611788,-1.184209,-1.1430688,-3.6185393,-0.37011853,1
7.0,7,-1.5047148,-1.5352328,-0.3267386,-1.1566666,-0.5834816,1.6260792,5.233451,11.814597,-3.8990977,-2.631919,-2.2209892,-0.45040345,-1.9864582,-2.266611,-1.1761047,0.953416,-1.1789635,-1.1075262,-3.6297708,-0.36886713,1
7.0,7,-1.5816997,-1.6846755,-0.4308052,-1.1600764,-0.58425796,1.5531244,5.332442,11.765721,-3.910974,-2.7020574,-2.0707572,-0.34467086,-2.0160844,-2.1833909,-0.99598324,1.0914733,-1.3344539,-1.3294216,-3.625907,-0.15288764,1
7.0,7,-1.5616997,-1.6094965,-0.41704983,-1.1119084,-0.6024753,1.565739,5.631953,11.704287,-3.9563963,-2.7260194,-2.1136312,-0.38672358,-2.0231469,-2.268418,-1.1250651,1.0924493,-1.321201,-1.4896951,-3.5601063,-0.13681884,1
7.0,7,-1.5134683,-1.5614966,-0.33268833,-1.1682853,-0.5822977,1.6146309,5.1481805,11.828653,-3.884765,-2.6272438,-2.200288,-0.43188348,-1.9903556,-2.2421696,-1.1313001,0.957694,-1.1815486,-1.0651323,-3.6476617,-0.3657122,1
7.0,7,-1.5051057,-1.528265,-0.32746708,-1.1530977,-0.5854075,1.626567,5.2580814,11.808005,-3.9010568,-2.6340742,-2.2258615,-0.45561707,-1.9901124,-2.273511,-1.1809464,0.9652289,-1.1858425,-1.117059,-3.6298423,-0.36777717,1
13.0,13,-2.055329,-1.518037,-0.62669164,-2.843272,-1.2947081,0.14788419,-2.8771546,-1.2064787,-2.2392068,0.7365352,-2.148227,0.1679553,1.7636012,12.484248,1.5260874,0.21921787,-1.169694,-1.3509513,0.40649673,-0.6207361,1
13.0,13,-2.100619,-1.5106893,-0.6933302,-2.9336169,-1.2548177,0.12820783,-2.9564981,-1.2111137,-2.181415,0.7237519,-2.1210139,0.11131227,1.766657,12.508974,1.6497585,0.2850683,-1.2216245,-1.1738248,0.20350656,-0.60986954,1
13.0,13,-2.1920388,-1.6133908,-0.8273659,-3.0786624,-1.0805835,-0.07864239,-3.114329,-1.2531796,-2.1733,1.1503792,-2.0499141,0.2227417,1.8021691,12.428296,1.7169454,0.27580366,-1.2755896,-1.029362,0.17410892,-0.2590276,1
13.0,13,-2.367793,-1.6630982,-1.0013727,-3.4294128,-0.9188216,-0.25908905,-3.428537,-1.2907796,-1.9940952,1.467958,-1.9240279,0.08035831,1.8917913,12.327772,2.1859462,0.36941704,-1.3736674,-0.60305876,-0.30554435,-0.19345199,1
13.0,13,-2.149813,-1.5365483,-0.753826,-3.0308063,-1.2141333,0.08782722,-3.0188007,-1.2248079,-2.1214566,0.7101757,-2.0838857,0.050619256,1.7719197,12.517869,1.7898686,0.35646805,-1.2754062,-0.9974817,0.023636894,-0.55322343,1
13.0,13,-2.0953841,-1.5218748,-0.68533915,-2.925412,-1.2666965,0.12624067,-2.9401867,-1.2162831,-2.1797252,0.7036817,-2.1195946,0.10977627,1.7654895,12.508961,1.6419079,0.2895834,-1.2237562,-1.1828256,0.22608922,-0.5910766,1
4.0,4,-1.8765752,-3.6080587,-2.5857365,-3.5587857,8.775491,-0.13203776,4.0943546,5.2448015,-5.4573145,0.10964234,-2.4912488,-0.17254508,-5.2012305,-3.0994554,0.47539297,5.693764,0.9583262,-0.2559119,-2.5585127,-0.65267783,1
4.0,4,-1.8498323,-3.6135602,-2.589755,-3.5293171,8.816702,-0.16728249,4.050419,5.1387963,-5.4505997,0.07721567,-2.4670098,-0.1367873,-5.2133193,-3.1185567,0.50138175,5.76711,0.94427615,-0.22017422,-2.5401907,-0.6630599,1
4.0,4,-1.8376244,-3.616138,-2.6013935,-3.4933236,8.795522,-0.16119632,4.0268145,5.052766,-5.445283,0.0740955,-2.4620337,-0.1173753,-5.2512856,-3.0768983,0.5163225,5.878157,0.8924205,-0.20093986,-2.5469322,-0.66832787,1
4.0,4,-1.7669528,-3.6243804,-2.613457,-3.4488208,8.907176,-0.27558243,3.834513,4.786148,-5.4306645,0.04535568,-2.401812,-0.005906621,-5.2921147,-3.105614,0.6017971,6.0040026,0.947937,-0.08240531,-2.4884253,-0.71073383,1
4.0,4,-1.8349944,-3.616277,-2.5920122,-3.5157492,8.841017,-0.18856493,4.0213075,5.0811915,-5.447073,0.06268753,-2.4537363,-0.1158364,-5.2198915,-3.12861,0.5166539,5.801681,0.943422,-0.19855627,-2.5289364,-0.6698142,1
4.0,4,-1.8553321,-3.612396,-2.588787,-3.5359294,8.807797,-0.15999609,4.058834,5.161312,-5.4519763,0.08455971,-2.4725468,-0.14451449,-5.210497,-3.1148298,0.49635842,5.7518535,0.94816846,-0.22832742,-2.5439548,-0.6609282,1
1.0,1,3.4893432,10.901619,0.21464096,2.3662403,-2.3282526,1.7838659,0.34718847,-3.9124382,2.7474992,0.84480834,-1.3137279,-3.7954783,-1.4399563,-2.4070528,-2.557336,-0.3368549,-2.998531,1.0655041,-3.6827025,-3.5784497,1
1.0,1,3.4903286,10.90364,0.2135776,2.368472,-2.3272316,1.7831388,0.3476162,-3.9112372,2.7429626,0.84239435,-1.3131211,-3.7939188,-1.4414865,-2.4072847,-2.556884,-0.3361388,-2.9985564,1.0658449,-3.6823034,-3.578151,1
1.0,1,3.4842746,10.901141,0.21559262,2.3681412,-2.3334508,1.785451,0.34526855,-3.9162064,2.7539759,0.845783,-1.3124408,-3.7946925,-1.4403163,-2.4030762,-2.5556939,-0.33720016,-2.998662,1.0636348,-3.6808853,-3.5780072,1
1.0,1,3.4970088,10.913292,0.21470614,2.379433,-2.3297985,1.7812027,0.3501805,-3.9021382,2.7216282,0.82802266,-1.3084279,-3.7872705,-1.4511669,-2.413676,-2.5550795,-0.3234136,-2.996525,1.0521523,-3.6804767,-3.576049,1
1.0,1,3.4910493,10.904847,0.21320663,2.3696518,-2.3266468,1.7826005,0.3479489,-3.9103527,2.7402103,0.8409936,-1.3128431,-3.7930539,-1.442229,-2.4077628,-2.5567205,-0.33559126,-2.9984725,1.0657514,-3.6821036,-3.577912,1
1.0,1,3.489832,10.902829,0.21417984,2.3673973,-2.327531,1.7832298,0.34746248,-3.9117796,2.7449663,0.8436046,-1.3135369,-3.7945662,-1.4404559,-2.4073188,-2.5571632,-0.33673906,-2.9984984,1.0659297,-3.6824236,-3.5781713,1
1.0,1,-1.0678899,11.487417,-1.7656897,3.0682414,-1.7865676,2.1034973,0.17063606,-1.7096028,-2.6667898,-1.1418372,-1.3430685,-0.86425704,-1.6219574,0.30276388,-0.2324885,0.8897394,-2.8310661,2.3454113,-2.682774,-3.3242934,1
1.0,1,-1.0696034,11.486028,-1.7674134,3.069722,-1.7874542,2.1070619,0.16860327,-1.7086823,-2.667128,-1.1461931,-1.3420587,-0.8621732,-1.6237179,0.29849893,-0.2231856,0.89428097,-2.833138,2.343293,-2.6838918,-3.325392,1
1.0,1,-1.0652336,11.486735,-1.7692881,3.0752158,-1.7990798,2.1115212,0.16058904,-1.7091376,-2.6536598,-1.1488086,-1.3291752,-0.8659746,-1.627097,0.28910637,-0.22801588,0.89928716,-2.839442,2.3531446,-2.6868868,-3.3276432,1
1.0,1,-1.0606447,11.486531,-1.763554,3.0934036,-1.8294736,2.1355767,0.15902436,-1.6909313,-2.6526225,-1.1626898,-1.3175656,-0.8621187,-1.6371901,0.2344972,-0.19508733,0.9457057,-2.8566887,2.286772,-2.6816006,-3.3192518,1
1.0,1,-1.0702103,11.485398,-1.7680179,3.0710406,-1.788543,2.109135,0.16773336,-1.7077311,-2.6673837,-1.1486497,-1.3412213,-0.86088926,-1.6249021,0.29489058,-0.21807678,0.8975993,-2.8345184,2.3404896,-2.684238,-3.3255863,1
1.0,1,-1.0687943,11.486653,-1.7666363,3.0691552,-1.7866879,2.10507,0.16979504,-1.709178,-2.6672173,-1.1442189,-1.3425605,-0.8629087,-1.6229793,0.30047375,-0.22766493,0.89201504,-2.8320112,2.3443687,-2.6833262,-3.3247926,1
12.0,12,-2.6440866,-0.6744238,-2.2854283,-2.5856547,-2.3724937,2.9811597,-1.2787272,-1.9544221,5.5328536,0.09588784,-0.56639314,-3.6007125,8.439317,4.5725784,-1.2482511,-1.3119755,-3.945741,-0.98544204,-1.6096703,-2.3582485,1
12.0,12,-2.6228945,-0.65283734,-2.2796757,-2.593814,-2.357112,2.970177,-1.2679673,-1.9929297,5.53896,0.10473029,-0.57161707,-3.6119657,8.3920555,4.553176,-1.2399086,-1.2602255,-3.9638326,-0.98192036,-1.6407909,-2.3624356,1
12.0,12,-2.63569,-0.55786204,-2.2540956,-2.5698931,-2.5244431,3.047891,-1.3875127,-1.9529562,5.614129,0.25242814,-0.56427324,-3.5806527,8.299783,4.714439,-1.2321132,-1.3231883,-3.979454,-0.95250237,-1.7179635,-2.4202812,1
12.0,12,-2.442786,-0.3389054,-2.2575936,-2.597774,-2.3206916,3.016498,-1.2038995,-2.1013873,5.3629403,0.17353228,-0.7001016,-3.685531,8.118964,4.566316,-1.2514873,-0.9284905,-4.1261334,-0.98744917,-1.9211001,-2.4877641,1
12.0,12,-2.597993,-0.6256606,-2.2762535,-2.6010523,-2.3349316,2.961329,-1.2500743,-2.0259988,5.5280676,0.10614222,-0.5824032,-3.625514,8.34928,4.5325856,-1.2352366,-1.2038314,-3.984061,-0.9812257,-1.6749897,-2.369103,1
12.0,12,-2.627399,-0.65946555,-2.2810302,-2.5927007,-2.3587513,2.9682534,-1.2703795,-1.9888984,5.539445,0.10286698,-0.56930095,-3.6095047,8.402674,4.5555487,-1.2400193,-1.2697551,-3.9589918,-0.9819757,-1.6328374,-2.3591695,1
18.0,18,-1.8931065,-1.9151295,0.29761535,-0.25297073,-1.5603317,-2.5273213,-0.33665854,-3.7010195,0.12131801,-0.34892634,-0.51658595,1.0101649,1.5061717,1.7322243,-1.2152677,-1.8953763,3.6247702,-2.3354716,11.846022,4.2152567,1
18.0,18,-1.9185853,-1.8766556,0.3114981,-0.2403214,-1.5615368,-2.536911,-0.31225795,-3.6998982,0.12813143,-0.35883895,-0.48998353,0.9726329,1.4769255,1.6280987,-1.2767073,-1.8729476,3.6213872,-2.2215729,11.82731,4.4234185,1
18.0,18,-2.0012872,-1.9969895,0.23572004,-0.22468035,-1.5002654,-2.7699964,-0.36323923,-3.7486467,0.34513634,-0.15972774,-0.37106076,1.1059293,1.4467169,1.688909,-1.2412064,-1.9053757,3.3798769,-2.341325,11.888858,4.8942456,1
18.0,18,-2.1849983,-1.7741106,0.20847687,-0.03176655,-1.8611512,-2.9954345,0.47852522,-3.5616002,0.33939826,-0.4420595,-0.13127084,0.65603644,1.9822987,0.8787073,-1.6362422,-1.8591758,3.13479,-2.2014112,11.748217,6.096417,1
18.0,18,-1.9643669,-1.823851,0.30991054,-0.21268472,-1.5853642,-2.5916066,-0.21345092,-3.6837268,0.14510508,-0.39528105,-0.429088,0.89579093,1.5072203,1.4468069,-1.3749676,-1.8492562,3.5799758,-2.0929863,11.799426,4.8152537,1
18.0,18,-1.9230596,-1.8745936,0.3107171,-0.2366166,-1.5695417,-2.5461187,-0.2942528,-3.6976967,0.12854566,-0.3678838,-0.48155174,0.96301776,1.4880235,1.6124073,-1.2868435,-1.8714693,3.6166775,-2.2171893,11.824527,4.4709845,1
18.0,18,-2.2561538,-2.0678298,-1.33096,-0.80866086,-1.1804553,-1.5598907,0.075054035,-2.1366167,1.7649744,1.0463414,-0.026084185,1.1315175,-0.51236033,0.6563427,-1.991588,-2.3081965,3.32633,-3.1220458,11.700552,4.05354,1
18.0,18,-2.2561936,-2.0668826,-1.3279461,-0.8067012,-1.1841097,-1.5600233,0.075001754,-2.1351633,1.7686831,1.0505855,-0.02495611,1.1314408,-0.51357406,0.65061104,-1.9964496,-2.308251,3.3289156,-3.1218524,11.699728,4.0535645,1
18.0,18,-2.2639995,-2.0582097,-1.3261089,-0.78342366,-1.2219086,-1.5400198,-0.004573047,-2.190423,1.973201,1.178568,0.02752722,1.1758144,-0.55388665,0.5719645,-2.074724,-2.3392375,3.3464515,-3.108494,11.650753,4.0496593,1
18.0,18,-2.2960718,-2.0299299,-1.3727335,-0.7918397,-1.1981239,-1.5359073,0.12615451,-2.1227944,1.9735568,1.172469,0.04278771,1.1082324,-0.61181307,0.43814754,-2.119132,-2.3114064,3.321525,-3.1110191,11.6313,4.214455,1
18.0,18,-2.2683768,-2.0553744,-1.3354617,-0.7994703,-1.1938025,-1.5572047,0.098967634,-2.1256137,1.8176242,1.0841162,-0.007441364,1.1220049,-0.5381666,0.5858074,-2.035646,-2.3068159,3.3277667,-3.1201575,11.685373,4.1046405,1
18.0,18,-2.263669,-2.0606794,-1.3330712,-0.80317575,-1.1878833,-1.5587585,0.090774015,-2.1300986,1.7952529,1.067381,-0.01483481,1.1255287,-0.528449,0.61362714,-2.0175872,-2.3067944,3.3273792,-3.120885,11.691692,4.0866218,1
2.0,2,0.15722302,0.93899834,10.730906,2.3860724,-1.3661171,0.8850135,-0.8349282,-1.2672031,1.4103047,-1.1835592,-2.382521,-3.0947573,1.4203569,-0.24582188,0.21630272,-0.5316768,-1.7191706,-1.5165135,-3.0180488,-2.1574469,1
2.0,2,0.15651374,0.94043463,10.733113,2.385236,-1.3670927,0.88466465,-0.83450264,-1.2672206,1.411907,-1.1796365,-2.3828678,-3.0944355,1.4193484,-0.2424419,0.2118642,-0.53467655,-1.7202059,-1.5162212,-3.0162601,-2.157549,1
2.0,2,0.15598987,0.93694746,10.738662,2.3751628,-1.368491,0.8839242,-0.83390266,-1.2714033,1.4208177,-1.1744959,-2.3801508,-3.0958698,1.4238037,-0.2321716,0.20457572,-0.5389746,-1.7281926,-1.5178995,-3.0090904,-2.1549945,1
2.0,2,0.15854844,0.9244318,10.724523,2.3646383,-1.3637221,0.8932473,-0.84029555,-1.2635435,1.4100546,-1.2069004,-2.374254,-3.1001532,1.4293889,-0.25438046,0.23793253,-0.5108809,-1.7203081,-1.5179131,-3.0262485,-2.1563704,1
2.0,2,0.15614897,0.93963534,10.733144,2.3820527,-1.3666357,0.8866364,-0.8351199,-1.2662848,1.4113641,-1.1818743,-2.381813,-3.0946016,1.4187953,-0.24253538,0.2132898,-0.5324331,-1.7207799,-1.516122,-3.0168471,-2.1578584,1
2.0,2,0.1567559,0.939811,10.732329,2.385334,-1.3664858,0.8853099,-0.83485574,-1.267078,1.4109617,-1.1814374,-2.3826196,-3.094367,1.4191538,-0.24386387,0.21383882,-0.53317785,-1.7197406,-1.5163792,-3.0169497,-2.1576414,1
18.0,18,-1.7127887,-2.2065322,1.1030259,-0.4031095,-2.5187979,-2.2743325,-0.34565872,-3.41577,0.21522768,1.7525907,-0.36505523,0.32669637,1.908713,2.1638038,-1.2788001,-2.599707,3.4887502,-3.491013,11.57646,2.7783573,1
18.0,18,-1.6973325,-2.207705,1.1106455,-0.40907633,-2.4850652,-2.261202,-0.36895108,-3.413103,0.18293056,1.7376677,-0.39302573,0.34764975,1.8764459,2.1946118,-1.2701608,-2.5794506,3.4950955,-3.4788127,11.567341,2.7605157,1
18.0,18,-1.7609422,-2.2565668,1.0615218,-0.38900787,-2.4444602,-2.4481587,-0.3411519,-3.472768,0.294249,1.8927122,-0.3112207,0.39474836,1.8889631,2.0829782,-1.2609392,-2.6198041,3.4272738,-3.4730442,11.65585,3.082878,1
18.0,18,-1.9363151,-2.091851,0.9363091,-0.25311285,-2.677165,-2.5383663,0.070225075,-3.2443264,0.21915326,1.8188614,-0.15183347,0.3080864,1.9165075,1.4687039,-1.5852351,-2.6545458,3.5513775,-3.180019,11.796957,3.8412285,1
18.0,18,-1.70185,-2.1789038,1.105259,-0.39035332,-2.460529,-2.2715042,-0.33549708,-3.3834286,0.123107105,1.70787,-0.40807953,0.36652505,1.832877,2.1073246,-1.3065722,-2.552139,3.5274239,-3.4004357,11.598943,2.8596885,1
18.0,18,-1.7028868,-2.201429,1.1071076,-0.40346605,-2.4907086,-2.2668762,-0.352148,-3.405095,0.17237009,1.7348206,-0.38958687,0.34490252,1.8764765,2.1676137,-1.2802305,-2.5783546,3.5033603,-3.464659,11.574728,2.790989,1
19.0,19,-2.0732365,-1.2212356,0.51015663,-0.1739625,-2.5059304,-4.1895995,3.8470542,-2.0247507,-0.5293887,-0.48834893,0.50012094,-0.20577501,2.6669881,0.19514562,-2.3124242,-1.3990076,0.9709479,-2.7847245,8.502161,10.151577,1
19.0,19,-2.025724,-1.189872,0.56081355,-0.18214288,-2.4464812,-4.1686025,3.9441278,-1.9169582,-0.5449421,-0.49185067,0.5123476,-0.24645618,2.584586,0.05730603,-2.3830707,-1.3679748,0.9179303,-2.7372124,8.302923,10.275224,1
19.0,19,-2.0519745,-1.1774737,0.4556089,-0.20975296,-2.3379138,-4.3197465,3.7263007,-1.8673413,-0.41959843,-0.3417475,0.58755356,-0.17674057,2.486456,0.12499957,-2.3066742,-1.288387,0.70153284,-2.5362136,8.013417,10.641185,1
19.0,19,-2.0245433,-1.0652983,0.75808656,-0.27788103,-2.539113,-4.1941414,4.534155,-1.3200915,-0.26164708,-0.05395576,0.6793818,-0.50932944,2.717087,-0.61399,-2.667322,-1.3976675,0.3567655,-2.5962548,7.0374928,10.870516,1
19.0,19,-1.9926808,-1.1514356,0.6184898,-0.1930603,-2.4271004,-4.150346,4.088235,-1.7867482,-0.5356932,-0.46759686,0.5454103,-0.3058927,2.5393896,-0.11586943,-2.4711444,-1.3485193,0.8400883,-2.6967738,8.053334,10.407042,1
19.0,19,-2.0246205,-1.1902525,0.5618132,-0.18281455,-2.45049,-4.1690154,3.9440422,-1.9106932,-0.5446588,-0.49554384,0.5154314,-0.24864489,2.5864565,0.061915845,-2.3824792,-1.3650571,0.9121076,-2.736884,8.28714,10.2852955,1
1.0,1,3.1940577,8.859576,-2.649035,1.270298,2.547486,2.4369102,3.409721,-2.0857792,-2.425692,-2.9612627,-1.6687102,-2.7859995,-1.8227488,-1.1606662,-2.9403093,1.1326168,-2.6548815,0.26256996,-4.0299563,-3.959482,1
1.0,1,3.200258,8.868581,-2.645683,1.2814406,2.537992,2.4361708,3.4018242,-2.088288,-2.4258409,-2.9618773,-1.6659019,-2.7806938,-1.8279129,-1.1617826,-2.9394238,1.1345749,-2.6565013,0.26116696,-4.029752,-3.9588904,1
1.0,1,3.2012908,8.879516,-2.645183,1.2875714,2.5147696,2.4396684,3.389865,-2.0972333,-2.410704,-2.9610858,-1.6606576,-2.7817297,-1.8259337,-1.1490636,-2.9434626,1.13229,-2.661456,0.2694792,-4.0295944,-3.9621296,1
1.0,1,3.2351263,8.878004,-2.6379592,1.3057755,2.5290337,2.4324298,3.373864,-2.08977,-2.440667,-2.9632158,-1.658948,-2.7622242,-1.8553393,-1.1743277,-2.9411242,1.1703359,-2.6536229,0.23126265,-4.0283647,-3.956298,1
1.0,1,3.2040331,8.871854,-2.6440787,1.2859999,2.535196,2.4353528,3.3984528,-2.0887768,-2.4270985,-2.9619868,-1.6649168,-2.7782173,-1.8306085,-1.1633795,-2.9392872,1.1365119,-2.6566675,0.25922734,-4.029536,-3.9583201,1
1.0,1,3.1980226,8.864624,-2.6469784,1.2762835,2.542507,2.4360003,3.405485,-2.0868785,-2.4260757,-2.9613166,-1.6673111,-2.7832615,-1.8253044,-1.1617783,-2.9402337,1.1335434,-2.6555223,0.26163912,-4.029703,-3.958902,1
3.0,3,-0.14530563,2.468134,2.3915641,10.532144,-0.110016815,0.4621281,-0.0641924,-1.2515509,-2.811961,-1.099419,-2.1732144,-0.72393745,-0.29322353,-1.6345359,0.47911468,-0.7671779,-0.34860736,0.11898244,-3.5799823,-2.3384333,1
3.0,3,-0.146213,2.46171,2.3904276,10.533569,-0.11494889,0.46207118,-0.058016315,-1.2441276,-2.8176172,-1.0966692,-2.1768513,-0.72003525,-0.28906992,-1.620871,0.46022025,-0.7804526,-0.34013653,0.1278038,-3.5755844,-2.3363936,1
3.0,3,-0.14356138,2.4581883,2.3738356,10.540245,-0.11484053,0.4587697,-0.057577282,-1.2392536,-2.8223133,-1.0894561,-2.1717007,-0.71559316,-0.2902576,-1.6259805,0.45386449,-0.78727514,-0.3320892,0.13482589,-3.5703545,-2.330336,1
3.0,3,-0.11683461,2.4601552,2.3655767,10.567665,-0.08718101,0.44245,-0.11506288,-1.2649935,-2.7941027,-1.093814,-2.1012526,-0.7041557,-0.3225466,-1.7552344,0.50889826,-0.7368098,-0.32212025,0.11055084,-3.5786362,-2.3207762,1
3.0,3,-0.13227788,2.4590404,2.393062,10.548347,-0.10105813,0.45482868,-0.08427645,-1.2544955,-2.8025746,-1.1024858,-2.144763,-0.7098131,-0.30378038,-1.6829563,0.4775367,-0.758811,-0.3325346,0.11698147,-3.579433,-2.3326619,1
3.0,3,-0.144586,2.465936,2.392712,10.5335245,-0.1099798,0.46099848,-0.06619294,-1.2508758,-2.8124487,-1.0986507,-2.1701214,-0.7218797,-0.29398784,-1.6376387,0.47674325,-0.7685898,-0.3444438,0.12100089,-3.5793624,-2.3375547,1
5.0,5,-2.8861992,-1.0743768,-1.5817969,-0.4099193,-1.2060633,10.039983,-0.6956211,4.7943583,-1.0424479,-1.5269147,-1.9285014,-1.4610498,1.3702478,0.5702109,3.6466095,0.9490911,-2.2362635,-3.675209,-3.1100693,-3.238224,1
5.0,5,-2.8310292,-1.1081741,-1.5651999,-0.44032115,-1.1235017,10.185833,-0.81259584,4.4296317,-0.95413077,-1.447088,-1.9517332,-1.503162,1.2278624,0.608161,3.8578126,1.1365675,-2.2705908,-3.7113373,-3.1881275,-3.3341415,1
5.0,5,-2.8972442,-1.3648549,-1.6881851,-0.39755943,-1.0809523,10.053661,-0.4631235,4.127145,-0.9913477,-1.5592494,-1.9690746,-1.4911531,1.4836289,0.77278554,4.0655723,1.3664896,-2.5268779,-4.0133524,-3.126268,-3.0535266,1
5.0,5,-2.6905684,-1.5485954,-1.7223175,-0.54553914,-0.19058979,10.242236,-0.7316173,3.1418483,-1.0730246,-1.5412685,-2.01102,-1.516364,1.184902,0.7229704,4.9024067,1.8861548,-2.8016515,-4.033454,-3.3944426,-3.3343298,1
5.0,5,-2.7891383,-1.1417086,-1.549983,-0.46121216,-1.0388701,10.266607,-0.8764891,4.2062626,-0.91980004,-1.4167631,-1.9627008,-1.5205405,1.1345956,0.62449604,4.002671,1.2585968,-2.3025024,-3.7401946,-3.2410998,-3.3934894,1
5.0,5,-2.8414996,-1.0973142,-1.5734477,-0.43863449,-1.1204405,10.158511,-0.79952806,4.4782567,-0.9768553,-1.467259,-1.9444293,-1.4993907,1.2602999,0.5988067,3.8410666,1.1077511,-2.271093,-3.693063,-3.178451,-3.324192,1
18.0,18,-1.7572287,-1.6259731,-0.1695636,-0.36170527,-1.9323709,-1.5949,-0.73295385,-2.9648266,2.2339709,-0.0045152586,-0.22709903,0.5110363,1.2986532,0.4512338,-1.6141845,-2.2257278,3.0512307,-2.6599762,12.129919,1.4477729,1
18.0,18,-1.7457736,-1.6329789,-0.15791784,-0.36474687,-1.9281762,-1.5996099,-0.7527388,-2.9724019,2.2185752,0.0004131291,-0.23342085,0.5158333,1.2976092,0.4842589,-1.6042124,-2.227358,3.0580087,-2.664131,12.125827,1.4405518,1
18.0,18,-1.788335,-1.6298081,-0.19809516,-0.3481344,-1.9458721,-1.6051064,-0.74727225,-2.9578903,2.2897449,0.03644192,-0.21387792,0.5353094,1.2732033,0.43111825,-1.61403,-2.231528,3.0328639,-2.6564856,12.141426,1.4977472,1
18.0,18,-1.8271719,-1.5913523,-0.24524616,-0.34916568,-1.9559774,-1.5776526,-0.642221,-2.891348,2.2863176,-0.010686368,-0.20496118,0.49745238,1.2901124,0.28047854,-1.6540346,-2.2071087,3.0317183,-2.640755,12.150141,1.511083,1
18.0,18,-1.7528607,-1.6299695,-0.1628771,-0.36180332,-1.9292996,-1.6030644,-0.7355087,-2.9605665,2.205003,-0.00063446723,-0.23705122,0.5147274,1.3034858,0.47028047,-1.6063185,-2.2235312,3.054194,-2.6650116,12.13232,1.4559706,1
18.0,18,-1.7505841,-1.6303453,-0.16172425,-0.3630146,-1.9297974,-1.5974579,-0.743777,-2.968832,2.2235599,-0.0017018057,-0.23107156,0.5140779,1.2967345,0.4697461,-1.6086335,-2.2260928,3.05607,-2.6624162,12.127578,1.4444996,1
16.0,16,-2.2788792,-0.99565744,-0.8779474,-0.8629155,-1.8128183,-3.370125,-2.2856944,-1.3843778,-0.40677205,0.38164663,0.5199127,4.9767995,-2.001101,-1.3565274,-0.15544842,-0.6437688,11.8478155,1.738751,1.3714072,-0.32606235,1
16.0,16,-2.298534,-1.0000738,-0.8883724,-0.8532317,-1.8311476,-3.3829427,-2.303606,-1.413968,-0.38372582,0.3763291,0.5679996,4.977663,-1.9842917,-1.356783,-0.16117212,-0.6604703,11.850298,1.7749621,1.3828428,-0.3188637,1
16.0,16,-2.3272645,-1.0082445,-0.9081445,-0.8397329,-1.8657039,-3.404501,-2.2987843,-1.4663265,-0.34693632,0.36285567,0.6420755,5.004725,-1.9632548,-1.3424507,-0.17590739,-0.67675626,11.847241,1.7866359,1.4011637,-0.30451968,1
16.0,16,-2.3483586,-1.01754,-0.9181716,-0.83068794,-1.8888603,-3.4223673,-2.3181412,-1.4920695,-0.31873417,0.35985914,0.69590414,4.9970694,-1.9403139,-1.3469895,-0.17898762,-0.69902974,11.850437,1.8234477,1.413257,-0.29096666,1
16.0,16,-2.311373,-1.0036964,-0.894809,-0.8472494,-1.8433644,-3.391745,-2.315223,-1.4320076,-0.36837432,0.37385777,0.598973,4.977047,-1.972629,-1.3575646,-0.16457981,-0.67210436,11.851979,1.7984825,1.3902723,-0.31368405,1
16.0,16,-2.2982025,-0.9996929,-0.8886223,-0.8531725,-1.8300682,-3.3822348,-2.303173,-1.413702,-0.38486075,0.37553957,0.56730825,4.979416,-1.9854897,-1.3567504,-0.16093603,-0.659113,11.849994,1.7742115,1.3817809,-0.31968904,1
7.0,7,-1.4617054,-1.7773503,-0.34410793,-1.0778859,0.2711218,1.2955623,6.5915766,10.483827,-4.4879,-2.2875545,-1.6502272,0.21092528,-2.7163153,-1.6558274,-2.7429957,3.0919259,-1.2192874,-3.994953,-3.4460087,1.1530982,1
7.0,7,-1.5144665,-1.8126634,-0.3620398,-1.1015497,0.3081503,1.3087405,6.533423,10.491342,-4.492313,-2.2959046,-1.6641926,0.1931133,-2.7221925,-1.6282681,-2.5974143,3.1827047,-1.2853763,-4.0083423,-3.4869843,1.0695702,1
7.0,7,-1.5782326,-1.9325569,-0.4411959,-1.1967827,0.43225718,1.0959003,6.6532464,10.200477,-4.511357,-2.26155,-1.611365,0.13082029,-2.7568758,-1.5410715,-2.343086,3.5248191,-1.5032964,-4.2284417,-3.522159,1.795585,1
7.0,7,-1.4432254,-1.8767096,-0.38654816,-1.1865051,0.3979739,1.0085435,6.728088,10.203201,-4.4852705,-2.1639984,-1.5734296,0.112694755,-2.73256,-1.5827115,-2.6542425,3.2583113,-1.3831229,-4.1899266,-3.4421163,2.2326515,1
7.0,7,-1.5612986,-1.8520591,-0.38735896,-1.1239659,0.35134178,1.3180391,6.4858184,10.485521,-4.4997177,-2.3117902,-1.6737624,0.18966463,-2.7293575,-1.6013563,-2.4647653,3.2840211,-1.3476015,-4.023775,-3.5271473,0.9977043,1
7.0,7,-1.4971056,-1.8065877,-0.36226732,-1.0961463,0.3016087,1.2950945,6.554174,10.47835,-4.490944,-2.294757,-1.6549298,0.20462182,-2.7274373,-1.6340544,-2.6421385,3.1737573,-1.2681909,-4.0061684,-3.4794316,1.1048102,1
17.0,17,-2.5650709,1.218095,-0.89259195,-1.5688685,-1.1337452,-0.43734595,-2.3095834,0.9868803,0.009145226,-1.1514193,1.2259401,-0.37649143,1.4736289,-0.40728086,-2.102979,-0.42144078,0.90927535,12.482275,-3.1816664,-2.5643075,1
17.0,17,-2.5676298,1.2180623,-0.8904064,-1.565189,-1.1383966,-0.4355129,-2.302983,0.9693335,0.017855283,-1.1572505,1.2607071,-0.37496316,1.4660039,-0.40195912,-2.105899,-0.41456586,0.8792105,12.485209,-3.191228,-2.5658565,1
17.0,17,-2.5874588,1.2098129,-0.9020893,-1.5561242,-1.1551957,-0.4542815,-2.2768145,0.90874326,0.05468444,-1.1773051,1.3772568,-0.36953315,1.4799961,-0.38746494,-2.105916,-0.40425333,0.7786317,12.49122,-3.2096562,-2.552794,1
17.0,17,-2.610774,1.2004334,-0.92249393,-1.5439748,-1.177975,-0.48865646,-2.2388453,0.8267188,0.09930673,-1.2037104,1.5154897,-0.3644734,1.5212725,-0.3701402,-2.1062148,-0.3906875,0.6520149,12.490339,-3.2259455,-2.5292833,1
17.0,17,-2.5778887,1.2119654,-0.89275885,-1.5589523,-1.1471192,-0.43965468,-2.289543,0.93207705,0.039232846,-1.1703023,1.3436073,-0.3698389,1.455696,-0.39085603,-2.1080334,-0.40564394,0.81582296,12.492592,-3.2087193,-2.5630167,1
17.0,17,-2.5717714,1.2145206,-0.89357376,-1.5638903,-1.140146,-0.439175,-2.2989383,0.9581365,0.025280993,-1.1610156,1.28788,-0.3732214,1.4649359,-0.39879572,-2.10546,-0.41412774,0.8599959,12.488261,-3.1956954,-2.5629504,1
9.0,9,-0.4244915,4.181563,-0.22912103,-2.9007874,0.29637957,2.1975708,-1.3028672,0.14525488,-1.4304533,6.845913,-1.1719147,-4.516894,-0.11401798,-1.3523443,-2.3293,0.44320822,-0.8826936,5.9716787,-4.455254,-1.329713,1
9.0,9,-0.42568693,4.163439,-0.21659012,-2.9058301,0.29782304,2.1728976,-1.2959139,0.14192852,-1.421442,6.869954,-1.1708711,-4.51556,-0.12680738,-1.3605579,-2.3288677,0.45278788,-0.87195265,5.96504,-4.4540386,-1.3136692,1
9.0,9,-0.4107885,4.1117854,-0.24171408,-2.892776,0.29611534,2.1507602,-1.2513788,0.18580306,-1.4166781,6.9639816,-1.1926756,-4.5029974,-0.056767225,-1.3860484,-2.387095,0.44381005,-0.8645651,5.8347387,-4.4136825,-1.2431072,1
9.0,9,-0.31781068,4.0664544,-0.19993882,-2.9095433,0.2503621,2.057017,-1.0523447,0.2933594,-1.3092272,7.18528,-1.1014444,-4.542038,-0.2737779,-1.6544553,-2.4825437,0.5252911,-0.87482023,5.5083275,-4.4027185,-1.0149409,1
9.0,9,-0.4179558,4.1464233,-0.20364593,-2.9110277,0.29443735,2.1447861,-1.2726332,0.14908394,-1.4052271,6.9096045,-1.1623303,-4.5183334,-0.15543166,-1.3909637,-2.3389096,0.46678215,-0.863644,5.9308815,-4.451187,-1.2797778,1
9.0,9,-0.42229858,4.1663694,-0.21737029,-2.905521,0.29577458,2.1735227,-1.2903657,0.14584409,-1.4192249,6.8729672,-1.1671408,-4.5173635,-0.1343951,-1.368832,-2.3324225,0.4539736,-0.8736555,5.956967,-4.4539213,-1.3083524,1
14.0,4,-4.029048,1.6172242,-3.90646,-1.0279421,5.684509,3.4987993,4.853344,0.7778971,-5.094413,-5.0844717,-1.0559739,3.6764877,-4.7245746,-0.7075171,3.0677829,5.1018763,-1.984228,-0.44846573,-3.7504687,-3.8447373,0
14.0,4,-4.0328074,1.5781562,-3.9064116,-1.0149858,5.6884274,3.4806755,4.8294454,0.7695651,-5.0952435,-5.1043706,-1.031384,3.7101576,-4.722218,-0.73693794,3.1106842,5.133208,-1.9886303,-0.45070085,-3.7376404,-3.834955,0
14.0,4,-4.067942,1.5529624,-3.897453,-0.96386695,5.556426,3.4515984,4.7400126,0.72643936,-5.056793,-5.158614,-0.93999714,3.7730775,-4.731269,-0.71876746,3.18605,5.2505,-2.0321703,-0.44816664,-3.7265205,-3.8298573,0
14.0,4,-4.0897055,1.5260216,-3.8899906,-0.9131924,5.5031133,3.368097,4.64194,0.68305564,-5.0554433,-5.197991,-0.8621072,3.860572,-4.7430153,-0.7711478,3.2775028,5.356745,-2.0308611,-0.43882594,-3.690312,-3.8089147,0
14.0,4,-4.0348287,1.5609859,-3.9059863,-1.0069755,5.689591,3.4682288,4.8146634,0.76452386,-5.096562,-5.1142764,-1.0182223,3.7288268,-4.722037,-0.7535692,3.132543,5.1512365,-1.9895692,-0.45097223,-3.7301106,-3.8293924,0
14.0,4,-4.030547,1.5930772,-3.9067736,-1.0203848,5.688498,3.487844,4.840126,0.77265394,-5.0950727,-5.0964127,-1.041631,3.6964846,-4.722711,-0.72581255,3.0932534,5.119862,-1.9867623,-0.44987282,-3.7425866,-3.838726,0
16.0,16,-1.3746092,-2.4330537,-0.25229782,-1.1556562,0.86546475,-1.2788099,-1.9054832,2.4383342,-1.9477235,1.7259492,-3.0602574,1.9176263,-0.92659783,-3.4140038,-0.019768417,0.77181035,10.328275,1.3848411,-0.62644535,-1.2536579,1
16.0,16,-1.3761345,-2.441211,-0.24783067,-1.1407568,0.87904847,-1.2874591,-1.9091384,2.4183474,-1.9456888,1.7209637,-3.0487707,1.9249065,-0.9307261,-3.4214766,-0.017458536,0.775743,10.332279,1.3880159,-0.628709,-1.260285,1
16.0,16,-1.3706667,-2.4387934,-0.25477937,-1.1532826,0.8816408,-1.2849817,-1.907839,2.4277701,-1.9533905,1.7250978,-3.0581963,1.9192406,-0.9362126,-3.4181304,-0.01443328,0.7938059,10.324337,1.3809141,-0.6288976,-1.2572883,1
16.0,16,-1.3750671,-2.4479268,-0.2511428,-1.1382327,0.8957628,-1.2998875,-1.9143568,2.3986797,-1.949854,1.7204653,-3.0393918,1.9322432,-0.9457534,-3.4234142,-0.011852317,0.80031425,10.332412,1.3878753,-0.62892103,-1.2628547,1
16.0,16,-1.3767778,-2.4471445,-0.24479909,-1.1301979,0.88886446,-1.2929609,-1.911413,2.4051692,-1.9446126,1.717208,-3.0413914,1.9293451,-0.93307084,-3.4270878,-0.01547651,0.7790603,10.334366,1.3891078,-0.63063973,-1.2653445,1
16.0,16,-1.3754545,-2.4394708,-0.24853615,-1.1436868,0.8759717,-1.2855448,-1.9083692,2.4225798,-1.9461151,1.7219251,-3.0513558,1.9231298,-0.92958415,-3.4200375,-0.018070415,0.7752761,10.3312435,1.3868357,-0.6283336,-1.2589442,1
0.0,0,10.522002,5.8560605,0.5589767,2.0699592,1.0435864,-0.21725982,1.0708588,2.4459362,-3.575589,-0.19081384,-1.083945,-2.9010174,-2.738271,-2.9258842,-4.7979054,0.9051936,-1.2444408,-2.8101392,-4.0219116,-2.0294821,1
0.0,0,10.531918,5.8462515,0.5596618,2.07433,1.0470799,-0.22169054,1.0669652,2.4353755,-3.5708745,-0.19905531,-1.0737195,-2.8955605,-2.738863,-2.9322975,-4.794898,0.9059164,-1.2422148,-2.813561,-4.0173526,-2.0291717,1
0.0,0,10.554372,5.84694,0.5660559,2.0908134,1.0384377,-0.22589058,1.0523336,2.3966916,-3.5533075,-0.21089254,-1.0517673,-2.8910103,-2.7406924,-2.9366364,-4.790978,0.90009725,-1.2437254,-2.8067021,-4.0065346,-2.0309474,1
0.0,0,10.589499,5.791548,0.5781226,2.106355,1.040962,-0.25067675,1.0175565,2.3704658,-3.5401685,-0.24161237,-1.000976,-2.8580608,-2.7486174,-2.9502661,-4.7810926,0.91066134,-1.2188133,-2.8331275,-3.982922,-2.023706,1
0.0,0,10.53491,5.8432302,0.5599167,2.0756185,1.0480788,-0.22315723,1.0657587,2.4322422,-3.5694659,-0.20159204,-1.0706122,-2.8937757,-2.738946,-2.9342477,-4.7940626,0.9061324,-1.2414438,-2.8146727,-4.0158386,-2.0289392,1
0.0,0,10.525132,5.8545036,0.5587794,2.0717237,1.0447263,-0.21832597,1.0706258,2.4414678,-3.5736117,-0.19352522,-1.0811305,-2.8996208,-2.7378416,-2.928604,-4.797092,0.9048136,-1.2447124,-2.8103645,-4.020522,-2.0295398,1
9.0,9,-0.42882448,1.6118836,3.278736,-3.2106857,-0.23146087,-1.3294964,-1.9665036,-0.813116,0.88720804,10.819368,-2.5775585,-2.4742987,0.59736997,-0.15953217,1.350741,-1.8164142,0.51928484,-0.8691772,-2.6000671,0.72912717,1
9.0,9,-0.4313716,1.6061271,3.2730753,-3.2108617,-0.23136127,-1.3304638,-1.9661934,-0.8132496,0.8848562,10.820742,-2.5750868,-2.4714587,0.5999086,-0.1561549,1.3521119,-1.819158,0.5218217,-0.8717369,-2.5938773,0.7321979,1
9.0,9,-0.4289709,1.6048688,3.2662342,-3.2083962,-0.23287368,-1.3352747,-1.965267,-0.82355905,0.89874077,10.827318,-2.5736554,-2.46969,0.60403836,-0.15848564,1.342556,-1.8191671,0.520584,-0.87967527,-2.5874372,0.7445444,1
9.0,9,-0.4115782,1.6358589,3.3085444,-3.2185783,-0.22158462,-1.3097587,-1.9539809,-0.8049413,0.90210754,10.817202,-2.5828576,-2.4885437,0.5738437,-0.17425612,1.327059,-1.8015445,0.49132723,-0.86911213,-2.6376934,0.70472956,1
9.0,9,-0.43085417,1.6059961,3.2746236,-3.2124088,-0.2300295,-1.3274564,-1.9642065,-0.81128234,0.8845743,10.8208885,-2.5742335,-2.4718556,0.59764206,-0.15578583,1.3501751,-1.8188616,0.51931095,-0.8727494,-2.5958161,0.7292983,1
9.0,9,-0.43027675,1.6081759,3.2757382,-3.2115116,-0.230815,-1.3288062,-1.9655316,-0.8120626,0.88525367,10.820167,-2.5756078,-2.4727159,0.59800225,-0.1572091,1.3510367,-1.818037,0.519853,-0.8710133,-2.597107,0.72990996,1
12.0,12,-1.0080663,-1.423635,-2.132512,-0.6343685,1.0621729,1.9945562,1.5927131,1.92378,-1.3254443,-0.67489755,-2.896808,-1.5225654,10.527038,-0.8908844,-1.7975636,-2.7801766,-1.0928438,-3.356337,2.5225816,-0.5534363,1
12.0,12,-1.0509768,-1.4134974,-2.0959425,-0.6434988,0.96273655,2.1870878,1.6023828,1.8855095,-1.1887126,-0.63649064,-2.8995543,-1.5814476,10.552576,-0.9109367,-1.7433184,-2.7954793,-1.1906612,-3.3692288,2.3890738,-0.62095124,1
12.0,12,-1.3601058,-1.4122547,-2.2672358,-0.597985,0.7130678,2.3057492,2.4880712,1.6277674,-0.95859087,-0.7328484,-2.773836,-1.8150179,10.675121,-0.81134254,-1.603719,-2.6982691,-1.7610321,-3.7034185,2.157547,-0.47044048,1
12.0,12,-1.5514816,-1.4792972,-2.0354528,-0.74176896,0.42808628,2.822201,1.6660078,1.1740826,-0.28898326,-0.38946673,-2.7967556,-1.9524941,10.875894,-0.6245893,-0.803337,-2.6526923,-2.122776,-3.545376,1.5339051,-0.7381721,1
12.0,12,-1.0759693,-1.4035861,-2.0707517,-0.6455022,0.8880666,2.3198729,1.6303728,1.8569021,-1.1063596,-0.61109513,-2.9001143,-1.618948,10.553469,-0.9333078,-1.7224449,-2.8101878,-1.2353,-3.3906717,2.3243747,-0.66544664,1
12.0,12,-1.0353837,-1.4126214,-2.1071534,-0.63780296,0.98463213,2.136253,1.6293793,1.890739,-1.2333603,-0.6500277,-2.897398,-1.5662769,10.535784,-0.9165818,-1.7776561,-2.7949445,-1.148799,-3.3779373,2.4471903,-0.6014978,1
2.0,2,-0.57364476,4.131205,10.638219,-0.6050657,-1.6200674,0.75377935,-0.99521774,-1.9494437,2.2673702,2.0526083,-2.51651,-3.0329304,-0.23150072,0.42907518,-0.5150112,-0.976694,-2.4296837,-0.40978223,-2.325244,-2.5197923,1
2.0,2,-0.5743201,4.1326556,10.637155,-0.6060231,-1.6206131,0.75389206,-0.99541205,-1.9501061,2.2684839,2.0543785,-2.516526,-3.033354,-0.23199865,0.4291147,-0.5143647,-0.976552,-2.4302008,-0.4092519,-2.325594,-2.5200932,1
2.0,2,-0.5765368,4.1252217,10.638576,-0.61253774,-1.6234887,0.75109977,-0.99903256,-1.952536,2.2801402,2.0675564,-2.513955,-3.0342095,-0.23318458,0.42671776,-0.5146198,-0.97990173,-2.4279435,-0.40686068,-2.3206244,-2.517977,1
2.0,2,-0.5742732,4.1195583,10.6427355,-0.6070548,-1.6255829,0.75690395,-0.9974957,-1.9515432,2.2775586,2.0588052,-2.5123131,-3.038108,-0.23199157,0.41867453,-0.5079688,-0.96925074,-2.429362,-0.4086283,-2.3322177,-2.5181708,1
2.0,2,-0.57468045,4.132586,10.636976,-0.60633534,-1.6215273,0.75461936,-0.995563,-1.9506781,2.2697105,2.0553024,-2.5161562,-3.034278,-0.23226525,0.42783183,-0.5129318,-0.9751435,-2.4306872,-0.40895012,-2.3271637,-2.520195,1
2.0,2,-0.5741511,4.1325006,10.637327,-0.6057217,-1.620352,0.7537995,-0.99532443,-1.9499282,2.2680311,2.0538347,-2.5166116,-3.033148,-0.23183282,0.42925733,-0.5146388,-0.97676575,-2.43007,-0.40945742,-2.325294,-2.520014,1
3.0,3,-0.53548133,2.640695,1.7802916,10.254701,0.04581619,0.8897136,0.95181227,-0.9538393,-2.8219416,-1.8210746,-3.2266052,0.74898213,-0.2782676,-1.330135,0.6760601,-0.17673637,-1.0075289,-0.7930051,-3.689704,-2.8892393,1
3.0,3,-0.5350846,2.6391253,1.7800864,10.256086,0.046609934,0.8899095,0.9496588,-0.95358354,-2.8218634,-1.8216336,-3.2254791,0.751193,-0.27854788,-1.3316689,0.6758181,-0.17577474,-1.0070765,-0.7927695,-3.6895633,-2.8890443,1
3.0,3,-0.53584313,2.640889,1.779664,10.254524,0.045656405,0.8898702,0.9509321,-0.9542992,-2.8222756,-1.8210067,-3.2265375,0.7495912,-0.2784418,-1.3284795,0.6766794,-0.17673579,-1.0079141,-0.7922037,-3.6897182,-2.8898532,1
3.0,3,-0.5355012,2.639981,1.7800256,10.255862,0.0473059,0.89062583,0.947236,-0.95476013,-2.8214848,-1.821459,-3.2249207,0.7510612,-0.2790577,-1.3314391,0.6787603,-0.17485681,-1.0087881,-0.79266745,-3.6898127,-2.8897495,1
3.0,3,-0.5346358,2.6375527,1.7801265,10.257588,0.04788347,0.89027166,0.9470473,-0.9533567,-2.821482,-1.8221613,-3.2241302,0.7532453,-0.27893606,-1.3343812,0.6763729,-0.17440604,-1.0069487,-0.79304004,-3.689475,-2.8886592,1
3.0,3,-0.53518236,2.6395764,1.7802292,10.255741,0.046522666,0.88991475,0.9500587,-0.953701,-2.8217905,-1.8214837,-3.2257063,0.75054145,-0.27850875,-1.3315436,0.6761372,-0.17591134,-1.0073134,-0.7929509,-3.6896229,-2.8890722,1
15.0,15,-1.3594213,-2.9613662,-1.7137403,-2.8119996,3.1026914,-1.9218427,-0.68704873,1.2212343,-3.137618,0.044149946,-0.5099914,-0.7329988,-2.8585398,-1.4861084,3.36715,10.597626,-0.7845064,-1.9108891,-2.8480196,-0.480254,1
15.0,15,-1.3479733,-2.945716,-1.7121061,-2.773996,3.021631,-1.9399116,-0.6846581,1.1780436,-3.1226556,0.0338839,-0.46263033,-0.7283584,-2.8654017,-1.4522921,3.3351877,10.644164,-0.7919122,-1.9288787,-2.8213167,-0.46927676,1
15.0,15,-1.3238695,-2.9279778,-1.7235944,-2.7454357,2.9544263,-1.9533914,-0.700584,1.1540554,-3.120721,0.04913224,-0.43268833,-0.7263776,-2.8723202,-1.4169362,3.2961369,10.67406,-0.78035694,-1.9535865,-2.7909074,-0.46136326,1
15.0,15,-1.3007448,-2.9136016,-1.7279354,-2.6936877,2.8467968,-1.9907093,-0.71546024,1.0942267,-3.105835,0.033279195,-0.34306878,-0.70612437,-2.8975184,-1.3747972,3.2405717,10.732781,-0.7703523,-1.9709011,-2.7382112,-0.44904903,1
15.0,15,-1.3423098,-2.9399374,-1.711919,-2.7570455,2.986017,-1.9496346,-0.6854837,1.1584597,-3.116473,0.028257363,-0.43762562,-0.7244262,-2.8706734,-1.4381198,3.3194885,10.664673,-0.7930672,-1.9356266,-2.8075552,-0.46476558,1
15.0,15,-1.3503019,-2.9496832,-1.7126973,-2.7823677,3.0394733,-1.9370928,-0.6862645,1.1869667,-3.125998,0.035771593,-0.4715346,-0.7284465,-2.864589,-1.4601203,3.3422234,10.634125,-0.7893143,-1.9244033,-2.826377,-0.4718514,1
10.0,10,-0.5529419,-1.793897,-1.8339617,1.5163659,-0.37609708,-2.5228817,-1.6551219,-3.1779163,1.8898411,-2.2851017,10.436275,1.1868162,1.127514,-1.1998986,-1.1510142,-1.4457871,0.71382236,-0.5413564,-2.166997,-0.40305415,1
10.0,10,-0.5429902,-1.7465581,-1.7417811,1.5799702,-0.70653766,-2.5046768,-1.6430128,-3.1666846,1.9981598,-2.2914042,10.526957,1.088147,1.0713755,-1.1415981,-1.211506,-1.3773341,0.6524181,-0.61064744,-2.1157498,-0.35483,1
10.0,10,-0.37432608,-1.563927,-1.5973032,1.7975864,-1.4229922,-2.3128428,-1.4776225,-3.0129097,2.2748733,-2.3293338,10.572232,0.6123991,0.9837999,-1.080889,-1.3320432,-1.0214186,0.14112459,-1.0731571,-2.1092978,-0.22046292,1
10.0,10,-0.3336185,-1.5194076,-1.5429084,1.8601719,-1.7755898,-2.2831733,-1.4686681,-2.9359376,2.389689,-2.360266,10.613987,0.48230284,0.9185445,-1.0370182,-1.3760409,-0.861535,0.030162483,-1.2025927,-2.053533,-0.16045251,1
10.0,10,-0.5198226,-1.6952382,-1.6517849,1.6465018,-1.0272766,-2.480356,-1.6268977,-3.1454918,2.1037948,-2.2967787,10.602062,0.9792607,1.0177524,-1.0900528,-1.2755446,-1.3048067,0.5785123,-0.6828456,-2.074194,-0.30699596,1
10.0,10,-0.51733005,-1.7262776,-1.7222047,1.6034726,-0.75838315,-2.4819043,-1.626237,-3.1552951,2.0177069,-2.293628,10.534253,1.0403249,1.0604788,-1.1371733,-1.2296228,-1.3524417,0.5949958,-0.63892156,-2.1265025,-0.35108468,1
14.0,14,-3.551508,-1.5219003,-0.7617848,-2.3957903,-0.1442684,0.34330076,-2.0326278,1.4207599,-4.102473,2.0086627,-2.031359,-1.6228606,1.6882685,4.490284,9.663263,0.9686935,-1.2132554,-1.017952,-2.0751824,-1.0632367,1
14.0,14,-3.5352268,-1.5499716,-0.7570019,-2.41505,-0.08448965,0.33648247,-2.098158,1.4607829,-4.108406,2.060841,-2.0324616,-1.5772444,1.6566166,4.3518057,9.711641,1.0154008,-1.1716664,-0.98362446,-2.1090398,-1.0775132,1
14.0,14,-3.51196,-1.7146448,-0.9229669,-2.4933822,0.015460961,0.20194456,-2.182577,1.4116036,-4.0068164,2.2534318,-1.9003617,-1.5801739,1.6811838,3.8951583,9.860492,1.2539531,-1.0976384,-1.0196124,-2.0553584,-0.9555637,1
14.0,14,-3.4572499,-1.778465,-0.9488461,-2.5750067,0.20959109,0.09683544,-2.3394692,1.4446486,-3.9681861,2.4715836,-1.8587472,-1.5038464,1.5353805,3.375286,10.005822,1.5113857,-0.9702911,-0.90746576,-2.1699586,-0.9722645,1
14.0,14,-3.5257425,-1.5794065,-0.78213096,-2.4594965,-0.0025156364,0.29544085,-2.1655536,1.4676726,-4.085871,2.1398017,-2.008342,-1.5445555,1.5979874,4.1089463,9.813952,1.13656,-1.1223772,-0.9191741,-2.154111,-1.0785316,1
14.0,14,-3.5383778,-1.5546143,-0.77205074,-2.4300494,-0.06684125,0.32041037,-2.1072192,1.4479147,-4.0942216,2.078679,-2.0194454,-1.5803258,1.6397036,4.2838736,9.746708,1.0584142,-1.1629831,-0.9624723,-2.1190386,-1.0716493,1
13.0,13,-1.7601359,5.769978,-2.2672274,-1.1909465,-0.48137537,0.9073132,-2.18024,-3.6792102,-1.1819795,-2.743869,-0.4833612,-0.504681,-0.47734073,9.029316,0.52593887,0.42107907,-2.3284466,4.863811,-3.4673605,-4.8755026,1
13.0,13,-1.7607319,5.7756095,-2.2672055,-1.1886387,-0.47924653,0.907826,-2.1815295,-3.6813445,-1.1805947,-2.7449818,-0.48209026,-0.50271183,-0.48050112,9.021806,0.5283004,0.42122295,-2.3296375,4.869032,-3.469409,-4.877278,1
13.0,13,-1.765902,5.7466555,-2.263755,-1.2001076,-0.49128953,0.90875113,-2.1987238,-3.6796126,-1.1672065,-2.7339458,-0.4765561,-0.49478865,-0.47901618,9.053741,0.52888703,0.4211907,-2.3268437,4.864338,-3.4621954,-4.8731003,1
13.0,13,-1.7633808,5.8453016,-2.268623,-1.1585124,-0.48538187,0.92259496,-2.210497,-3.6828063,-1.1802047,-2.7402933,-0.47495916,-0.47712204,-0.51405823,8.953881,0.5183188,0.4392294,-2.3346307,4.9208903,-3.4845319,-4.8888564,1
13.0,13,-1.7609954,5.783098,-2.2675083,-1.1854558,-0.4774007,0.9085756,-2.1827478,-3.6828108,-1.1802466,-2.7459836,-0.4811125,-0.5007095,-0.48430216,9.012857,0.529619,0.42207596,-2.330718,4.8749385,-3.4718218,-4.8790417,1
13.0,13,-1.7603558,5.7740803,-2.2672715,-1.1892058,-0.4797909,0.90738046,-2.1806588,-3.6806033,-1.1813897,-2.7447202,-0.4826755,-0.5034485,-0.4795583,9.023995,0.52742624,0.4212167,-2.3291867,4.867272,-3.4687643,-4.87659,1
14.0,5,-2.865912,-3.6593506,-2.534039,-2.7030559,1.8521211,8.261958,-3.1577768,1.3543122,-0.29766542,-2.7583344,-0.9828814,-0.11518256,0.8312282,3.6149006,6.4487123,1.4959736,-2.1688614,0.052769564,-4.5590315,-4.9459624,0
14.0,5,-2.8612335,-3.640627,-2.512757,-2.6930594,1.8486142,8.323268,-3.166895,1.4662861,-0.35326546,-2.725293,-1.0304446,-0.14757247,0.73656124,3.464781,6.4939394,1.6465505,-2.2168248,0.07560517,-4.6269197,-4.9027267,0
14.0,5,-2.876708,-3.6735437,-2.554887,-2.7601123,1.8228247,8.153523,-3.2608502,1.2948076,-0.26291394,-2.7529693,-0.9268642,-0.10922487,0.7377408,3.6532362,6.441713,1.7750117,-2.2699585,0.34872043,-4.7004714,-4.9378753,0
14.0,5,-2.8277524,-3.5464516,-2.5093567,-2.7321742,1.9344813,8.395345,-3.2154129,1.6713012,-0.54648495,-2.6824434,-1.1091729,-0.32690114,0.37041822,3.0130622,6.5089903,2.4141276,-2.4505532,0.4913697,-5.00729,-4.8493876,0
14.0,5,-2.8549352,-3.6210802,-2.4966538,-2.6836414,1.850223,8.375307,-3.1693482,1.5492035,-0.39663976,-2.7003784,-1.0701376,-0.18288296,0.66040987,3.3426468,6.5253034,1.7650676,-2.253349,0.095460504,-4.6814003,-4.8714495,0
14.0,5,-2.8623476,-3.6437604,-2.516393,-2.6949067,1.8495402,8.313665,-3.165911,1.4497769,-0.345952,-2.7305052,-1.0226232,-0.14215676,0.7485533,3.4858208,6.4897404,1.62654,-2.210165,0.07342762,-4.617526,-4.9079337,0
5.0,5,-1.5443219,-0.611726,-0.6126056,-0.44697893,-0.42638388,11.2675495,-1.4885087,4.027683,0.17608148,-0.95240235,-1.8793437,-1.6088804,-0.6926206,0.29558015,-0.009223126,1.6036606,-1.4826643,-2.1683857,-4.576389,-4.788059,1
5.0,5,-1.5790873,-0.59980947,-0.5810044,-0.45722762,-0.49878374,11.272974,-1.5265635,3.893889,0.23027012,-0.9570569,-1.8369302,-1.6288801,-0.70223117,0.3244049,0.053650826,1.7129903,-1.5180998,-2.1759555,-4.5527363,-4.828242,1
5.0,5,-1.4720244,-0.6564178,-0.8098801,-0.48226857,-0.36118415,11.243371,-1.3442326,4.225009,0.17472169,-0.77963823,-2.0312128,-1.6482446,-0.61101574,0.28536743,-0.17837892,1.3850583,-1.4255282,-2.1297016,-4.622411,-4.6247716,1
5.0,5,-1.5750257,-0.6146466,-0.72864425,-0.5198699,-0.6110654,11.265582,-1.47555,3.7908964,0.36843193,-0.77959657,-1.9053125,-1.716007,-0.65323746,0.38952076,0.011419982,1.7435453,-1.5398145,-2.152133,-4.5299726,-4.7625666,1
5.0,5,-1.625041,-0.57905334,-0.54587847,-0.47024062,-0.59625405,11.274859,-1.5728471,3.7246287,0.30221838,-0.9610141,-1.7810073,-1.6549624,-0.7164785,0.35874856,0.1325852,1.8563176,-1.5671442,-2.1845944,-4.524185,-4.8749657,1
5.0,5,-1.5904553,-0.5915488,-0.57733965,-0.45939946,-0.5311946,11.272111,-1.5357324,3.8574328,0.25223938,-0.9543607,-1.8244325,-1.637183,-0.7018568,0.33236045,0.07080132,1.7441727,-1.5325698,-2.1781282,-4.545243,-4.8363147,1
2.0,2,0.50289404,1.0976353,7.501584,-0.24045213,-0.63068825,-1.7674055,6.0751605,-1.0719337,0.07369302,-2.652835,-2.440094,-2.8581703,1.4490435,-0.82182044,-3.7429585,-0.9008573,-1.2905332,-3.7095232,2.4458456,3.9178383,1
2.0,2,0.4967563,1.09654,7.492088,-0.24200948,-0.642387,-1.7657803,6.0774813,-1.0757658,0.06928256,-2.656339,-2.4433284,-2.8577554,1.4553174,-0.79702216,-3.7436666,-0.90191513,-1.2889292,-3.7146952,2.4577975,3.917791,1
2.0,2,0.48437217,1.0768943,7.4836183,-0.25030345,-0.63232136,-1.7812476,6.0819707,-1.0737224,0.0824696,-2.6523092,-2.4257271,-2.8436484,1.4490479,-0.83066815,-3.739316,-0.90281695,-1.290629,-3.711938,2.4917274,3.9618125,1
2.0,2,0.5094149,1.0951664,7.531091,-0.23563255,-0.6023182,-1.7709051,6.0587792,-1.0741816,0.099150896,-2.6450396,-2.4273655,-2.857065,1.435228,-0.8848014,-3.7367032,-0.90445954,-1.2941227,-3.6938446,2.4348845,3.9129007,1
2.0,2,0.49637964,1.0958819,7.495365,-0.24066876,-0.6394106,-1.7665241,6.0750804,-1.0777116,0.074584484,-2.6555302,-2.44096,-2.8572204,1.45391,-0.8054945,-3.7426972,-0.9032421,-1.290145,-3.7123237,2.459972,3.9178147,1
2.0,2,0.49918917,1.0968593,7.4965754,-0.24108545,-0.63722,-1.7666261,6.0761275,-1.0744332,0.07200633,-2.6547036,-2.441579,-2.857753,1.4523461,-0.80851156,-3.7432764,-0.90159243,-1.2898858,-3.7121983,2.4531364,3.9181678,1
7.0,7,1.0204022,-1.5798488,-0.033351935,-1.56444,-0.8585304,1.098499,5.362375,10.465004,-2.2146802,-1.4829631,-1.9828193,-1.7674121,0.9738911,-1.7200202,-2.8084993,1.2180344,-2.7275681,-4.6975408,-4.204377,1.3445654,1
7.0,7,1.0283443,-1.5745586,-0.03793203,-1.5610604,-0.8607156,1.0966755,5.3716307,10.456884,-2.2126992,-1.4903475,-1.9798338,-1.7683011,0.9785662,-1.7224857,-2.8116667,1.2204771,-2.7345474,-4.7019606,-4.2030306,1.342096,1
7.0,7,1.0757632,-1.5636783,-0.035020433,-1.5572157,-0.85873735,1.0886986,5.390177,10.4435,-2.213383,-1.4949769,-1.9774549,-1.7751839,0.9662413,-1.7315041,-2.8316464,1.2203327,-2.744576,-4.7057743,-4.2074447,1.3540208,1
7.0,7,1.075473,-1.5650411,-0.036530465,-1.557249,-0.8578668,1.0888647,5.397166,10.442302,-2.2172124,-1.5002102,-1.9767514,-1.773455,0.9646868,-1.7299889,-2.8316987,1.2238445,-2.7467036,-4.708473,-4.2043047,1.3546062,1
7.0,7,1.016491,-1.5754623,-0.048526354,-1.5578486,-0.86135846,1.1007781,5.396845,10.449416,-2.2175915,-1.5068171,-1.9763807,-1.7658004,0.98631173,-1.7200685,-2.81005,1.2270802,-2.7435186,-4.7112336,-4.1931777,1.3348671,1
7.0,7,1.0277208,-1.5765638,-0.034738854,-1.5627643,-0.85955536,1.0963004,5.365153,10.460518,-2.2134745,-1.4864187,-1.9812113,-1.7678307,0.9753614,-1.7217159,-2.8106596,1.2197058,-2.7310603,-4.6995597,-4.204484,1.3448466,1
14.0,14,-0.5691568,1.0653168,-1.3738823,-1.6404817,1.6573386,1.3043549,-3.2469938,0.1467245,-2.900158,0.9979193,0.34282276,-2.2849405,0.33263266,0.62672997,10.644588,1.0556349,-1.711693,-2.1759615,-3.4263978,-2.7699935,1
14.0,14,-0.59192765,1.032494,-1.4220719,-1.6234438,1.6542301,1.3500295,-3.267892,0.07482222,-2.8587084,0.87543243,0.3859423,-2.24248,0.28584027,0.5853568,10.731289,1.1637726,-1.7273486,-2.1733606,-3.4214506,-2.7962918,1
14.0,14,-0.48719898,0.93022615,-1.5588778,-1.5102042,1.5836573,1.5137517,-3.402491,-0.27839252,-2.6119194,0.5991231,0.5233,-2.1286116,0.17118134,0.4056502,10.939439,1.4870378,-1.7799665,-2.3028939,-3.377684,-2.904249,1
14.0,14,-0.37509063,0.70488536,-1.667011,-1.5072279,1.6641669,1.7031804,-3.5169177,-0.5605712,-2.391761,0.12204093,0.75803936,-2.0680394,-0.09511334,0.116161406,11.1623,2.0053303,-1.9018203,-2.308116,-3.3700733,-3.02883,1
14.0,14,-0.60198724,1.0074501,-1.4587969,-1.6114498,1.6570545,1.388175,-3.2853723,0.01226607,-2.8225315,0.7747805,0.42243978,-2.2133036,0.23979354,0.5441863,10.799595,1.2560849,-1.7394118,-2.1685746,-3.4190927,-2.820399,1
14.0,14,-0.57401854,1.0405599,-1.4111919,-1.6319355,1.668665,1.3420964,-3.264966,0.08872165,-2.8678756,0.8984534,0.37960103,-2.2592096,0.28439155,0.5858261,10.711121,1.1425668,-1.7235684,-2.1658413,-3.4260077,-2.7975926,1
18.0,18,-1.9084492,-0.9685478,1.9387821,0.20030014,-2.7235281,-3.2996187,-0.6838074,-4.100031,2.0578797,0.8334517,-0.6370121,0.41902286,1.5573815,0.24208356,-1.8210821,-2.170424,2.9663787,-2.0641296,12.196711,3.7304544,1
18.0,18,-1.9044077,-0.96482956,1.9377538,0.19992244,-2.710046,-3.3025823,-0.6649479,-4.0982375,2.0283604,0.8262639,-0.6482006,0.41860053,1.5692275,0.2467239,-1.8195684,-2.1651227,2.9581313,-2.0715296,12.195865,3.7304451,1
18.0,18,-1.9198275,-0.94687015,1.8759388,0.19715044,-2.7067397,-3.2632685,-0.66642535,-4.1201425,2.0591192,0.8521591,-0.64911425,0.41546425,1.5262228,0.2718773,-1.8231982,-2.1609378,2.973346,-2.0697432,12.194398,3.6544507,1
18.0,18,-1.83915,-0.93683594,2.0254917,0.17688951,-2.6967149,-3.376064,-0.5727423,-4.0622134,1.8280308,0.7490346,-0.7131422,0.41382298,1.6619357,0.32888108,-1.7826983,-2.121286,2.8583765,-2.1332414,12.183834,3.8324025,1
18.0,18,-1.8975195,-0.9609959,1.9433664,0.19956708,-2.6980631,-3.3098738,-0.64485073,-4.094971,1.9935133,0.81574553,-0.6607252,0.41783592,1.5856173,0.2530741,-1.8165542,-2.1590853,2.9460256,-2.0804894,12.194505,3.737676,1
18.0,18,-1.9043713,-0.96554255,1.9394093,0.20019533,-2.7112067,-3.3034728,-0.66586494,-4.0977697,2.029301,0.8260432,-0.64745146,0.4186762,1.5697906,0.24593465,-1.8194991,-2.1657,2.9581244,-2.0711107,12.196008,3.7328537,1
1.0,1,1.1554453,11.90598,-0.71513826,2.620713,-1.821836,1.6519244,0.58621776,-1.5254155,-2.7193868,0.06560892,-1.5570376,-2.1262004,-1.6629225,0.6866886,-2.182113,0.5077463,-2.7090683,0.62644243,-2.901031,-2.8630216,1
1.0,1,1.1607298,11.907549,-0.71319175,2.6280417,-1.8236417,1.6536667,0.58756363,-1.5259244,-2.7177222,0.058964264,-1.5527179,-2.124031,-1.6675968,0.6738466,-2.1808448,0.51212764,-2.7125869,0.6232003,-2.9006643,-2.8630235,1
1.0,1,1.1728363,11.912738,-0.7086199,2.6429996,-1.8378686,1.6561246,0.5850072,-1.5280124,-2.7040272,0.056370433,-1.5422599,-2.12332,-1.6695284,0.655105,-2.190368,0.5120109,-2.7183845,0.62426007,-2.8966522,-2.8604753,1
1.0,1,1.2044291,11.92203,-0.6851073,2.6779943,-1.8595047,1.6659596,0.5829821,-1.5219198,-2.6907427,0.032170597,-1.5122163,-2.1155543,-1.6996037,0.5793396,-2.1773703,0.5433183,-2.7396612,0.57707167,-2.89229,-2.8575847,1
1.0,1,1.162725,11.908058,-0.7129229,2.6313658,-1.8236619,1.6540546,0.5887707,-1.5263153,-2.7174892,0.055705402,-1.5511717,-2.122721,-1.6694444,0.66868085,-2.1806884,0.5135677,-2.7138214,0.6228798,-2.9005113,-2.8629353,1
1.0,1,1.1580814,11.906697,-0.7145844,2.6249404,-1.8221053,1.6524887,0.58759576,-1.525839,-2.7189527,0.061558936,-1.5549288,-2.124609,-1.6653595,0.67990977,-2.18182,0.5097204,-2.7107387,0.6256594,-2.900805,-2.8628936,1
16.0,16,-1.733116,-1.7675263,0.2579292,-0.12203877,-3.296543,-2.7155828,0.3509034,1.0311704,-0.30351633,1.3297178,-1.2395722,2.5961325,-0.68625194,-2.0141416,-1.2310785,-1.6495941,11.17672,-1.0919853,1.7603664,0.18743742,1
16.0,16,-1.7365618,-1.7661928,0.25733566,-0.11281967,-3.3012424,-2.7194715,0.33215535,1.0040615,-0.28703678,1.3316301,-1.2254899,2.6054308,-0.681027,-2.0136895,-1.2307565,-1.6529752,11.1849375,-1.0825208,1.7634383,0.18936694,1
16.0,16,-1.7689253,-1.7733053,0.23954774,-0.049746946,-3.3282838,-2.7328663,0.29511058,0.85733163,-0.20556575,1.3320135,-1.1664755,2.6974726,-0.662427,-1.9984972,-1.2331063,-1.6656204,11.210991,-1.0678043,1.7762063,0.18481717,1
16.0,16,-1.7722967,-1.7731587,0.23767757,-0.047806293,-3.334919,-2.7309127,0.30966297,0.8445902,-0.19425619,1.3348039,-1.1688784,2.6956103,-0.6583254,-1.9935994,-1.2367009,-1.6673738,11.206038,-1.0771204,1.7792293,0.18351746,1
16.0,16,-1.7418922,-1.7667419,0.25545663,-0.09834987,-3.3058789,-2.7236066,0.31208718,0.9724741,-0.26999068,1.3323096,-1.2098323,2.624597,-0.67672867,-2.012619,-1.229255,-1.6559768,11.194399,-1.0734346,1.7658049,0.19019783,1
16.0,16,-1.7396011,-1.7682483,0.25595278,-0.10504018,-3.3021462,-2.7201173,0.3286395,0.9940388,-0.28397578,1.3303248,-1.2222064,2.619438,-0.68129176,-2.0124505,-1.2291546,-1.6527,11.187448,-1.0821419,1.7630681,0.18785919,1
1.0,1,0.019383028,8.05821,-2.4132266,5.5598774,0.6916226,0.35848013,3.8214922,-1.7848479,-3.6362197,-3.2058394,-2.7640817,0.897968,-2.4583662,0.2248206,-1.88117,0.5448859,-0.5308999,2.1920655,-3.8973112,-4.597322,1
1.0,1,0.020268261,8.05971,-2.4123526,5.5652637,0.692581,0.35882312,3.8192444,-1.783951,-3.636775,-3.205916,-2.763684,0.9012951,-2.45923,0.21890341,-1.8810571,0.54477197,-0.531618,2.1919754,-3.8967395,-4.5956182,1
1.0,1,0.020197764,8.074089,-2.4146876,5.552248,0.68138355,0.36197624,3.809238,-1.7899283,-3.6298442,-3.2063107,-2.7558208,0.89002264,-2.46157,0.23931082,-1.8791043,0.5470043,-0.54587454,2.2028506,-3.8988595,-4.5964923,1
1.0,1,0.023051016,8.071737,-2.415275,5.577754,0.6959474,0.35919926,3.7943208,-1.7855735,-3.6395836,-3.2087326,-2.7572248,0.919459,-2.4698365,0.20725973,-1.8775343,0.55395097,-0.5354981,2.2073689,-3.8967156,-4.592381,1
1.0,1,0.020897076,8.060329,-2.4119627,5.5689244,0.69377786,0.3588333,3.817303,-1.7833343,-3.6375241,-3.2060657,-2.76361,0.90434146,-2.4601195,0.21464346,-1.8810022,0.54522276,-0.53140855,2.1922832,-3.896412,-4.5946813,1
1.0,1,0.02006501,8.059056,-2.4126854,5.563291,0.69247615,0.35858783,3.8197303,-1.7842832,-3.636744,-3.2059238,-2.7639537,0.9004561,-2.459092,0.22095124,-1.8811836,0.5451701,-0.5310518,2.1922274,-3.8970122,-4.596362,1
11.0,11,-2.3538778,-3.0500584,-1.1815797,1.2140588,-0.35529882,-3.1576455,-0.48245245,0.2760597,-1.9948019,-2.0814826,2.4344294,10.299159,0.21253836,3.3715084,-2.5844047,-1.0054071,3.9781747,-1.3542807,0.40613037,-1.4804995,1
11.0,11,-2.3772283,-3.0228794,-1.2019744,1.2959607,-0.35098204,-3.17745,-0.54827374,0.1373532,-1.9179312,-2.1440063,2.6745794,10.356618,0.15265323,3.2808368,-2.5855649,-0.98068184,3.9075341,-1.2307572,0.3734631,-1.4927324,1
11.0,11,-2.3922062,-2.9259946,-1.252255,1.6717192,-0.3230713,-3.1644485,-0.5510906,-0.18128213,-1.6907641,-2.3212333,3.3139877,10.405095,-0.024508387,2.939886,-2.6274083,-0.8499452,3.4875734,-1.13348,0.24029917,-1.5274553,1
11.0,11,-2.4233694,-2.9232938,-1.2535342,1.7022691,-0.3788432,-3.20191,-0.5333076,-0.21150863,-1.6319746,-2.313368,3.400884,10.440706,-0.071723476,2.8349426,-2.6774795,-0.8717286,3.5731003,-1.0780991,0.26776335,-1.5047103,1
11.0,11,-2.3924687,-3.0050204,-1.2135066,1.3465414,-0.3559519,-3.1889198,-0.5894619,0.05211663,-1.8690302,-2.1835895,2.824473,10.387118,0.11837481,3.2285292,-2.5870788,-0.9664097,3.8642285,-1.1552663,0.35297188,-1.4986206,1
11.0,11,-2.3735824,-3.0244222,-1.2008258,1.2896401,-0.34840575,-3.1728337,-0.5439745,0.14928465,-1.9272943,-2.1401281,2.6518404,10.350653,0.16023791,3.2943184,-2.582448,-0.9812205,3.9061985,-1.244618,0.37330303,-1.4933083,1
16.0,16,-1.8971875,-1.3163382,-0.32654232,-0.92119986,-2.4829068,-2.6582832,1.2089105,2.0276787,-0.99946284,1.010445,-1.6782848,1.3564467,-0.12681991,-3.011411,-1.8081306,-1.7502395,10.811525,1.5102798,1.2706933,-0.4841983,1
16.0,16,-1.9083239,-1.309586,-0.3317557,-0.9083579,-2.4824066,-2.6669672,1.1859795,1.9899416,-0.991168,1.0037018,-1.6655432,1.380443,-0.122687116,-3.0155127,-1.8118609,-1.7537254,10.822773,1.5776005,1.2710606,-0.4969203,1
16.0,16,-1.9348545,-1.2967901,-0.34930152,-0.88033485,-2.4856656,-2.6856139,1.1792696,1.9017458,-0.9718181,0.9857254,-1.6350381,1.4228683,-0.10176552,-3.0263665,-1.8276237,-1.766996,10.837156,1.6942723,1.2792385,-0.52081156,1
16.0,16,-1.9400162,-1.2954541,-0.3519898,-0.87500024,-2.4891171,-2.6898694,1.1737155,1.8823436,-0.9650694,0.98283195,-1.627809,1.4314417,-0.09453477,-3.0254061,-1.8276683,-1.7706226,10.840285,1.7132422,1.2818904,-0.52384305,1
16.0,16,-1.9156961,-1.3045981,-0.33447164,-0.89904845,-2.48206,-2.6732872,1.1631029,1.9616747,-0.98421097,0.999787,-1.6560236,1.3980161,-0.12029608,-3.0168507,-1.8134516,-1.7560159,10.832176,1.6285268,1.2709022,-0.5060354,1
16.0,16,-1.907219,-1.310402,-0.3309906,-0.909573,-2.4826589,-2.6662438,1.185745,1.9935353,-0.991657,1.0046417,-1.6667606,1.3788145,-0.12328872,-3.0146174,-1.8106942,-1.7532399,10.822316,1.5718089,1.2709478,-0.4955919,1
6.0,6,-1.9952881,0.1887267,-0.4539507,-1.2266331,-2.1611795,0.9526898,10.688686,3.1424706,-0.18827859,-1.0630578,-0.18101561,-2.5832496,-0.06574036,-2.157498,-3.7982097,-1.1620028,0.5028022,-3.7441576,-1.5354338,-0.18834797,1
6.0,6,-1.9998376,0.18875203,-0.45299906,-1.2186686,-2.1625159,0.95054984,10.6961,3.1205869,-0.19012049,-1.0716782,-0.17265093,-2.5560803,-0.08192931,-2.1548395,-3.7921538,-1.1456382,0.4955237,-3.7366443,-1.543648,-0.1899947,1
6.0,6,-2.040201,0.19429275,-0.48300773,-1.1833371,-2.1591349,0.98567605,10.732133,3.0090234,-0.15160647,-1.1181635,-0.10291714,-2.4963167,-0.13645026,-2.0896401,-3.7484303,-1.083718,0.3498302,-3.6895533,-1.5987412,-0.20648077,1
6.0,6,-2.053207,0.19801319,-0.49340963,-1.1727406,-2.1620932,0.99543923,10.743212,2.9743783,-0.14178237,-1.132635,-0.08243371,-2.4750738,-0.15449604,-2.065238,-3.732551,-1.0590681,0.30171144,-3.674596,-1.6170248,-0.21085784,1
6.0,6,-2.003612,0.19004953,-0.45511508,-1.2097242,-2.1601832,0.9519833,10.704897,3.0974364,-0.18931723,-1.0822875,-0.1638661,-2.534894,-0.09440553,-2.1530268,-3.7861137,-1.1306471,0.4806775,-3.7284362,-1.5516773,-0.19330776,1
6.0,6,-1.9979638,0.18945551,-0.4540816,-1.2205313,-2.1614323,0.95115495,10.694753,3.1261659,-0.18994492,-1.0707002,-0.17567384,-2.564354,-0.075149626,-2.1567538,-3.793465,-1.1496065,0.49629408,-3.7388887,-1.5411152,-0.1896656,1
8.0,8,-2.2346725,0.48844433,2.2094326,-0.8894268,-5.3685207,0.4206516,-2.6057968,-4.8176985,11.57836,2.866046,0.13226888,-2.6633193,2.0914063,1.051797,-2.501207,-2.420568,-0.9620858,-0.27104005,2.133214,-0.46575525,1
8.0,8,-2.2326355,0.49058595,2.2119858,-0.89236856,-5.3734636,0.42285085,-2.6023996,-4.8173366,11.57835,2.864982,0.12783936,-2.670029,2.1075845,1.0588752,-2.5010827,-2.419522,-0.9733066,-0.27486363,2.1215925,-0.4694499,1
8.0,8,-2.2405016,0.49328822,2.2092083,-0.8876668,-5.3929033,0.41367814,-2.5870352,-4.8277264,11.572462,2.8350177,0.14390889,-2.6666987,2.110943,1.0635836,-2.5032363,-2.4176538,-0.963836,-0.2954884,2.1641817,-0.4714851,1
8.0,8,-2.2194529,0.51584107,2.2688892,-0.9101461,-5.4206195,0.4305609,-2.5661058,-4.816638,11.573729,2.8575368,0.09719961,-2.725391,2.2099514,1.0975301,-2.5066736,-2.4212701,-1.0370089,-0.31452557,2.05119,-0.49106908,1
8.0,8,-2.2306006,0.4921502,2.212636,-0.8951137,-5.3770666,0.42549866,-2.5998251,-4.816549,11.578556,2.8643715,0.12390103,-2.6758947,2.1219287,1.0652514,-2.5007555,-2.417889,-0.98387486,-0.27747,2.1091614,-0.47289768,1
8.0,8,-2.232906,0.4894958,2.2089202,-0.89195603,-5.3712993,0.42328036,-2.6038063,-4.8168616,11.578689,2.8655348,0.12861142,-2.668358,2.1047647,1.057979,-2.5007997,-2.4190226,-0.97204584,-0.27306482,2.1216512,-0.468729,1
4.0,4,-1.1433892,-2.0416198,-3.4557114,-4.086939,10.717317,0.3432466,2.5914588,-1.1196364,-3.938461,-2.3801067,-1.1971993,0.959986,-3.3867211,-3.5392594,4.7774873,3.9634821,0.7586415,0.83459103,-2.6108923,-2.8768034,1
4.0,4,-1.1508694,-2.0453916,-3.4521508,-4.079389,10.707235,0.31741637,2.572821,-1.1253699,-3.9442375,-2.3834772,-1.1824462,0.9994982,-3.4111757,-3.547112,4.7802076,4.008478,0.75697714,0.85392326,-2.6091657,-2.8711348,1
4.0,4,-1.1653311,-2.079352,-3.4643009,-4.081835,10.648076,0.28958008,2.5301824,-1.1852415,-3.91545,-2.4152935,-1.1392908,1.0037144,-3.4022932,-3.4834373,4.840092,4.1179886,0.6954386,0.84627426,-2.6258798,-2.8740203,1
4.0,4,-1.2025518,-2.0645697,-3.44886,-4.0574684,10.597894,0.1826737,2.4657555,-1.2035729,-3.9472215,-2.4192865,-1.0858852,1.1349827,-3.5060449,-3.523621,4.813467,4.285223,0.7231739,0.9262959,-2.6085973,-2.8520238,1
4.0,4,-1.1555372,-2.0465436,-3.4497669,-4.075055,10.700995,0.3010199,2.561071,-1.1285554,-3.9483383,-2.3850114,-1.1736615,1.0232804,-3.4268746,-3.552348,4.7808557,4.0354824,0.7576972,0.8664061,-2.6076527,-2.8676,1
4.0,4,-1.1491301,-2.0447004,-3.452816,-4.0808377,10.709228,0.32255435,2.5762162,-1.1243496,-3.9429758,-2.3826513,-1.1855179,0.9916478,-3.405819,-3.54583,4.780185,3.9994066,0.757361,0.8497174,-2.6095881,-2.8722856,1
9.0,9,-0.527047,0.83388644,2.9590774,-3.353368,-1.0893785,-0.25420034,-1.2640401,-0.113666534,1.0225472,10.814192,-2.2425244,-2.9188259,0.3219357,0.86222565,1.0015742,-0.80675226,-0.34871292,-2.4529772,-2.751657,-0.51014787,1
9.0,9,-0.5270524,0.83392495,2.9591622,-3.3533652,-1.0893499,-0.25418153,-1.2640002,-0.11365619,1.0224993,10.814189,-2.2425296,-2.9188216,0.32184166,0.86217105,1.0015258,-0.806747,-0.3486988,-2.452884,-2.7516603,-0.5101644,1
9.0,9,-0.5269692,0.83383447,2.9586825,-3.353391,-1.0895665,-0.2541735,-1.2641102,-0.11388129,1.023048,10.814407,-2.2424688,-2.9188445,0.3219719,0.86237884,1.0012797,-0.80680984,-0.34862155,-2.4529905,-2.7516284,-0.5100302,1
9.0,9,-0.5270754,0.8334958,2.9591806,-3.353595,-1.0894561,-0.2540741,-1.2640384,-0.11334981,1.0226339,10.813909,-2.242361,-2.9193487,0.3219989,0.86260945,1.0019252,-0.8062099,-0.34913367,-2.4534373,-2.7520618,-0.5103885,1
9.0,9,-0.52705866,0.8339253,2.9592175,-3.353377,-1.0893402,-0.25416368,-1.2639815,-0.11363335,1.0224776,10.814164,-2.242523,-2.9188514,0.32179624,0.86216414,1.00153,-0.80670786,-0.3487187,-2.4528644,-2.7516866,-0.5101906,1
9.0,9,-0.527053,0.8339255,2.9591517,-3.3533642,-1.0893568,-0.25418606,-1.2640135,-0.113663614,1.0225062,10.814183,-2.2425344,-2.9188178,0.32185942,0.8621771,1.0015534,-0.80674696,-0.34870028,-2.4529042,-2.7516594,-0.5101623,1
11.0,11,-2.0084174,-0.8593413,-0.4437874,2.6837943,0.5632366,-1.6782725,-1.3455195,-1.1191382,-1.7755692,-0.5880364,-0.39010116,10.846865,-0.7371331,0.009808198,-0.9752041,-0.12295691,5.4642396,-1.1428016,-0.30003768,-1.8802513,1
11.0,11,-2.0365882,-0.8212474,-0.43297803,2.7757416,0.5166942,-1.6513215,-1.3147976,-1.1223572,-1.7513285,-0.61248195,-0.30940676,10.8653345,-0.7406499,-0.019706711,-1.0199324,-0.12085757,5.3622556,-1.1567705,-0.33452126,-1.8677069,1
11.0,11,-2.0775304,-0.7535225,-0.41874743,3.0300097,0.4481772,-1.5622374,-1.2392569,-1.1238912,-1.7020717,-0.7051763,-0.114268966,10.908334,-0.748715,-0.064326316,-1.1183317,-0.09328918,5.0161514,-1.1930766,-0.44504684,-1.8540264,1
11.0,11,-2.0388868,-0.8040495,-0.42307287,2.9006376,0.50774366,-1.5890484,-1.2756852,-1.1037639,-1.7438015,-0.67046946,-0.2597333,10.893398,-0.75678194,-0.002146896,-1.0482134,-0.069396354,5.1291513,-1.1920174,-0.39207464,-1.8692105,1
11.0,11,-2.0564868,-0.79199606,-0.42494416,2.8521898,0.48339444,-1.6283346,-1.290636,-1.1255189,-1.7328659,-0.63435715,-0.24403244,10.878744,-0.74243534,-0.04363337,-1.0549539,-0.119933985,5.276438,-1.1670274,-0.3647872,-1.8602809,1
11.0,11,-2.0362384,-0.8207972,-0.43467993,2.7825632,0.52284765,-1.6472025,-1.3130181,-1.1224623,-1.7529056,-0.6174884,-0.3037279,10.868586,-0.7398531,-0.019320205,-1.0202148,-0.11983328,5.3451757,-1.1554902,-0.3405272,-1.8707426,1
11.0,11,-3.276778,-2.0222342,-1.1756543,2.836378,0.8317702,-2.2542408,-1.5155915,0.051292982,-2.7354252,-2.301469,1.0207647,11.542508,-1.8738244,-1.2958792,1.6644397,2.2852252,3.476616,1.5129834,-0.9199503,-2.3435283,1
11.0,11,-3.2860005,-2.0230572,-1.1783991,2.853952,0.8209685,-2.2594755,-1.5074426,0.048215482,-2.7288084,-2.3044236,1.0373147,11.544457,-1.87157,-1.3087848,1.641338,2.279628,3.4859443,1.5179784,-0.91350144,-2.3352501,1
11.0,11,-3.289122,-2.0215464,-1.1831342,2.8569174,0.8142484,-2.2635586,-1.5006125,0.048203062,-2.7236125,-2.3022254,1.0497816,11.550533,-1.8680314,-1.307205,1.6181138,2.2655392,3.4931517,1.5152407,-0.9048315,-2.3286667,1
11.0,11,-3.3019388,-2.0226986,-1.1873289,2.8805132,0.79933584,-2.2718031,-1.4893756,0.044041637,-2.71381,-2.3060136,1.0735472,11.553307,-1.8650742,-1.3257685,1.5848538,2.2571516,3.5074236,1.5231506,-0.89539844,-2.3171651,1
11.0,11,-3.2925806,-2.0236557,-1.1804245,2.8660352,0.813213,-2.2635162,-1.501669,0.04593866,-2.7238693,-2.3063717,1.0492961,11.545911,-1.8700373,-1.3181164,1.624638,2.2755563,3.4931107,1.521769,-0.90871406,-2.3293064,1
11.0,11,-3.28483,-2.0229216,-1.1779696,2.851598,0.8223146,-2.258848,-1.5085355,0.048539158,-2.7295802,-2.304006,1.0351628,11.544248,-1.8718536,-1.3071631,1.6442523,2.280224,3.4849608,1.5175197,-0.9143019,-2.3363478,1
14.0,14,-3.0533757,-3.2518947,-2.9431005,-1.6391511,4.7864375,1.9710476,0.25774384,2.3361354,-3.631664,-4.2745585,2.002506,1.0882893,0.38854197,-1.4734952,8.803423,-1.3925949,0.004961867,2.3196955,-3.1157837,-2.6164868,1
14.0,14,-3.0666783,-3.2493174,-2.9610848,-1.6368595,4.8141174,1.9503083,0.16809317,2.1333506,-3.5806246,-4.255416,2.048008,1.1092892,0.38132173,-1.4664435,8.887145,-1.331168,-0.0061467383,2.38457,-3.0907726,-2.6371248,1
14.0,14,-3.1355023,-3.2617404,-3.0380688,-1.6532841,4.8134236,1.8216412,0.063583724,1.6367929,-3.4613647,-4.16373,2.104835,1.1659286,0.5068367,-1.4062841,9.059975,-1.1965334,-0.03936192,2.5182416,-3.038939,-2.6445158,1
14.0,14,-3.1806996,-3.2491727,-3.0751503,-1.6923243,4.8502436,1.7032247,-0.118580684,1.2124562,-3.354267,-4.071939,2.2307234,1.2241012,0.50390446,-1.3742477,9.148352,-1.1621697,0.061645567,2.7504377,-2.9797974,-2.681534,1
14.0,14,-3.0736477,-3.2460334,-2.969803,-1.640085,4.830864,1.9330622,0.11172525,2.0167034,-3.5498917,-4.238889,2.0782108,1.1218063,0.37323385,-1.4619184,8.927078,-1.3082511,0.0029087216,2.4332907,-3.0749216,-2.649967,1
14.0,14,-3.0608556,-3.2492485,-2.9555693,-1.6385353,4.8096933,1.9545507,0.19246417,2.1931365,-3.5958953,-4.2597966,2.035849,1.1025677,0.3812845,-1.469601,8.859026,-1.3538384,0.002397187,2.3708684,-3.0983133,-2.6321855,1
4.0,6,-2.0816102,1.3626612,-3.6421971,0.28842413,4.2387695,3.4471312,8.933212,0.55909795,-3.96715,-3.1954134,0.6446615,0.56419176,-2.935622,-2.5437293,-1.26831,-1.3704729,1.351462,-0.89731944,-2.9045873,-3.4602628,0
4.0,6,-2.084667,1.32515,-3.6633224,0.31987506,4.307967,3.4259758,8.87529,0.4574738,-3.974942,-3.2305915,0.69225276,0.65063417,-2.9396582,-2.5572197,-1.1928387,-1.3594228,1.3610009,-0.87128663,-2.8898487,-3.4807937,0
4.0,6,-2.080792,1.2546691,-3.711061,0.34582117,4.388765,3.4174273,8.819748,0.3040421,-3.9661787,-3.314425,0.77385545,0.72275555,-2.9129121,-2.503319,-1.0232742,-1.3084475,1.2463895,-0.8484011,-2.9159665,-3.5231488,0
4.0,6,-2.1040015,1.1285353,-3.8072834,0.46327716,4.6511264,3.280237,8.510586,-0.0893891,-4.0005713,-3.446721,1.0167919,1.0775883,-2.969084,-2.5223176,-0.71811545,-1.2899255,1.3387523,-0.6770471,-2.8744316,-3.6022215,0
4.0,6,-2.087142,1.3069739,-3.6749423,0.33626595,4.3447323,3.4122329,8.841812,0.4048583,-3.9801977,-3.2481174,0.71860033,0.697833,-2.9443138,-2.5642762,-1.1546707,-1.3548474,1.3711748,-0.8546176,-2.8820438,-3.4913259,0
4.0,6,-2.0832157,1.3419089,-3.6556556,0.3081862,4.2813215,3.43196,8.895935,0.49659002,-3.9730046,-3.2166147,0.6745113,0.6183447,-2.9397988,-2.551756,-1.2244958,-1.3639852,1.3607839,-0.87914443,-2.8956285,-3.472886,0
11.0,11,-1.9099814,-0.9412995,-0.39188224,2.81862,0.3526587,-1.7766483,-1.478207,-1.0674319,-1.7620687,-0.5833106,-0.72459126,10.619575,-0.8443833,-0.1900377,-1.1158495,-0.15445942,6.3028336,-0.91468495,-0.0668592,-1.902541,1
11.0,11,-1.9359592,-0.9032981,-0.3837213,2.911346,0.30386493,-1.753663,-1.4550692,-1.0743886,-1.7398515,-0.6076019,-0.65935695,10.637502,-0.8429571,-0.21886303,-1.1601887,-0.16174388,6.235175,-0.9219557,-0.094841376,-1.8976277,1
11.0,11,-1.9712038,-0.83188,-0.37545204,3.1795323,0.25996667,-1.6620228,-1.3904333,-1.0835196,-1.711935,-0.7096821,-0.49377924,10.707458,-0.84098655,-0.25038457,-1.2525638,-0.14467305,5.904383,-0.945645,-0.20917061,-1.9121699,1
11.0,11,-1.9351686,-0.8834267,-0.3778754,3.046094,0.31784943,-1.6896572,-1.4211671,-1.0667188,-1.7444538,-0.67022616,-0.6159418,10.684464,-0.8494996,-0.1956451,-1.1871276,-0.122866444,6.0014725,-0.94662666,-0.1611397,-1.9158902,1
11.0,11,-1.9536678,-0.8753261,-0.37819004,2.9851003,0.2731521,-1.7335572,-1.4373522,-1.0791943,-1.7253172,-0.628232,-0.6081976,10.652852,-0.8420414,-0.23981215,-1.192294,-0.1659861,6.172457,-0.9267925,-0.12088299,-1.8968914,1
11.0,11,-1.9360548,-0.90249723,-0.38543242,2.9212613,0.31103057,-1.7484864,-1.45282,-1.0743515,-1.7423056,-0.61426455,-0.6531415,10.643678,-0.8420137,-0.21792774,-1.161202,-0.1599371,6.2135863,-0.92057323,-0.101990595,-1.9017328,1
11.0,11,-2.6520782,-0.85638577,-0.6490418,5.442599,0.86566865,-1.039937,-1.4690589,-0.08852652,-3.6671789,-0.6230548,-1.2226468,9.16638,-0.475446,-0.72490823,4.2767806,-0.51354116,2.6079285,-1.7582808,-0.8762183,-2.5697904,1
11.0,11,-2.6556718,-0.8613741,-0.6523218,5.435621,0.86374617,-1.0429386,-1.4748337,-0.08727348,-3.6616535,-0.6244541,-1.2093096,9.17941,-0.47626862,-0.73441267,4.274608,-0.51194143,2.6150422,-1.7563492,-0.86991966,-2.5642567,1
11.0,11,-2.6603894,-0.86719686,-0.6571514,5.418471,0.8614804,-1.0466139,-1.4837128,-0.08641049,-3.656143,-0.62270534,-1.1958188,9.192686,-0.4766342,-0.7379992,4.280113,-0.5104912,2.6225233,-1.7555697,-0.8626303,-2.5594997,1
11.0,11,-2.658838,-0.86115026,-0.6546708,5.414982,0.862739,-1.0425589,-1.4834461,-0.0887985,-3.6626306,-0.6168389,-1.2097366,9.175569,-0.47482935,-0.7201049,4.296349,-0.51234466,2.6127098,-1.7600651,-0.8688414,-2.5667748,1
11.0,11,-2.6591246,-0.8653381,-0.6552256,5.430498,0.86212987,-1.0443732,-1.479876,-0.0860212,-3.6570787,-0.6254444,-1.1980519,9.188413,-0.47675538,-0.74356383,4.2753205,-0.5105211,2.620083,-1.7558144,-0.8650138,-2.5593843,1
11.0,11,-2.6550066,-0.86013234,-0.6515707,5.437347,0.8641514,-1.0419898,-1.4736966,-0.08754183,-3.6629307,-0.6240629,-1.2122726,9.175957,-0.47601324,-0.7324803,4.275845,-0.5122908,2.6131687,-1.7570503,-0.8714284,-2.5654671,1
16.0,15,2.0796735,-3.084195,-1.8225406,0.112870164,0.19751261,-1.5070148,-2.3518708,5.0829186,-2.3511024,-4.08349,4.045002,0.7652387,-1.281494,0.11193611,-0.2501632,5.306038,0.34635127,-3.7542665,-3.3687673,-1.2781417,0
16.0,15,2.0582027,-3.098818,-1.8330208,0.13093004,0.17984381,-1.5308858,-2.3692565,4.9966946,-2.3218217,-4.1180534,4.123727,0.788557,-1.281218,0.114368066,-0.22228512,5.3314605,0.34308833,-3.7393546,-3.3549633,-1.2881725,0
16.0,15,1.9293365,-3.2635634,-1.9308927,0.07276516,0.107323244,-1.636618,-2.4003234,4.6354446,-2.2191565,-4.2860036,4.501262,0.940009,-1.3081257,0.19324379,-0.031034052,5.5099893,0.274929,-3.628659,-3.2243009,-1.2814505,0
16.0,15,2.0265963,-3.2076542,-1.9255617,0.06079746,0.12672302,-1.6081722,-2.3581896,4.748581,-2.2713616,-4.2527347,4.3756495,0.8837962,-1.3242174,0.17779906,-0.0781483,5.5285397,0.22572796,-3.665251,-3.2569451,-1.2629986,0
16.0,15,1.9877656,-3.1586065,-1.8552625,0.13969699,0.15078583,-1.5737214,-2.405091,4.852551,-2.2689006,-4.1781235,4.2789006,0.8505548,-1.2790394,0.1318702,-0.16063565,5.3598676,0.3615417,-3.7032979,-3.3144784,-1.303856,0
16.0,15,2.0666232,-3.092044,-1.8273005,0.12352161,0.1857661,-1.5210123,-2.362159,5.030425,-2.333368,-4.104689,4.091902,0.7797307,-1.281314,0.11376652,-0.2337339,5.322144,0.34435505,-3.746967,-3.3602552,-1.2835302,0
15.0,15,-0.3529343,-0.7869408,-3.467983,-2.5145323,4.1510825,-0.4713806,0.046228237,0.24047239,-2.4143674,-2.212668,-0.030182723,-2.5316982,1.3696526,0.12669025,0.6172408,7.565777,-1.9350796,-2.9184847,-3.8807664,-2.5258186,1
15.0,15,-0.36745727,-0.78970784,-3.4616022,-2.518979,4.1242647,-0.49085414,0.041105617,0.16797894,-2.3904552,-2.233637,0.019853946,-2.5364478,1.3651584,0.13193955,0.64797676,7.587573,-1.9456344,-2.8866482,-3.8675485,-2.5307705,1
15.0,15,-0.35689694,-0.735236,-3.4709394,-2.5039349,4.100176,-0.4814673,0.030499868,0.102632955,-2.3072455,-2.1605308,-0.039860293,-2.5780747,1.4416752,0.16955335,0.6169406,7.4874654,-1.917999,-2.8857162,-3.8833208,-2.5528963,1
15.0,15,-0.37327528,-0.7469478,-3.4227164,-2.4898734,3.9437459,-0.4976747,0.014659505,-0.100253254,-2.2234552,-2.2058012,0.17172474,-2.586286,1.3235215,0.20439239,0.6540606,7.638195,-2.002072,-2.8342707,-3.8401427,-2.560412,1
15.0,15,-0.3811538,-0.792079,-3.4500766,-2.5200002,4.0808353,-0.505348,0.034842245,0.08584547,-2.360129,-2.253723,0.08544336,-2.542362,1.3443424,0.14176525,0.6765733,7.6242943,-1.964707,-2.8571632,-3.8524313,-2.535961,1
15.0,15,-0.3706035,-0.78747034,-3.4467483,-2.5109293,4.0738225,-0.48938894,0.035784986,0.10665816,-2.363758,-2.243797,0.07894693,-2.54246,1.3259553,0.1462214,0.6558846,7.6340995,-1.9717286,-2.8761697,-3.8568897,-2.5345907,1
1.0,1,-1.8011577,11.548012,-0.5112476,2.2038543,-1.980356,0.88139063,0.8477628,-1.9379363,-1.9501122,0.07677658,-0.4256839,-0.22915162,-1.1191887,-0.5826954,-0.4576403,0.44345915,-2.4517877,0.757198,-2.2822394,-2.5481744,1
1.0,1,-1.8012489,11.547956,-0.51111346,2.2038558,-1.9803917,0.8813473,0.8476239,-1.9379741,-1.9501253,0.07690565,-0.42538545,-0.22898553,-1.1194438,-0.5827287,-0.45741245,0.4434957,-2.4518063,0.75717574,-2.282292,-2.54814,1
1.0,1,-1.8014923,11.548306,-0.5114209,2.203627,-1.9809959,0.88188845,0.8471771,-1.9387195,-1.9486898,0.07666859,-0.426204,-0.22952682,-1.1183541,-0.5825893,-0.4560569,0.44334936,-2.4523172,0.7567825,-2.2819648,-2.5485055,1
1.0,1,-1.8031515,11.547142,-0.5129029,2.2057467,-1.9835765,0.88193613,0.84623367,-1.9377769,-1.9485165,0.07237409,-0.421951,-0.22601074,-1.1188862,-0.58475673,-0.4536919,0.44623733,-2.4522874,0.7534255,-2.281189,-2.5474274,1
1.0,1,-1.8013177,11.547901,-0.5110584,2.203886,-1.9804318,0.88129586,0.84756255,-1.9379591,-1.9501516,0.07691476,-0.42515948,-0.2288382,-1.1195682,-0.582799,-0.45730448,0.44355842,-2.4518,0.7571018,-2.2823033,-2.5480866,1
1.0,1,-1.8011717,11.547995,-0.51107794,2.2037618,-1.9802628,0.88130367,0.8477354,-1.9379711,-1.9501547,0.07705043,-0.4256123,-0.22914682,-1.1193138,-0.5826746,-0.4576283,0.44337392,-2.4517782,0.7572807,-2.2822938,-2.5481567,1
14.0,14,-1.8961159,-3.4818034,-2.061486,-3.3357522,4.234834,1.713123,-4.7282896,-2.0030189,-0.5645534,-1.5311103,-0.19385964,0.70838237,0.8347418,1.5745414,10.84979,2.2109385,-0.35969377,0.9596733,-3.3802123,-3.5385947,1
14.0,14,-1.9006308,-3.432362,-2.0541048,-3.334742,4.2402663,1.7339487,-4.7611523,-1.9766859,-0.5818678,-1.5041116,-0.18842074,0.7077398,0.76896316,1.5072286,10.870298,2.2822843,-0.4048674,1.0136585,-3.4365559,-3.534552,1
14.0,14,-1.8753724,-3.500838,-2.05904,-3.3217022,4.2177424,1.4892592,-4.794999,-2.1045518,-0.5795121,-1.4949907,-0.1372877,0.7646537,0.8229107,1.5900539,10.871268,2.4021761,-0.39785045,0.9868453,-3.3600626,-3.4153185,1
14.0,14,-1.8892373,-3.35557,-2.044102,-3.323459,4.211117,1.5062536,-4.8702703,-2.0503418,-0.64225596,-1.4242135,-0.10835341,0.76769304,0.6759083,1.3859315,10.928161,2.5865831,-0.48850274,1.118733,-3.4723682,-3.4091825,1
14.0,14,-1.9032488,-3.3932493,-2.0489326,-3.334356,4.2449303,1.7506211,-4.7836566,-1.9579376,-0.5965024,-1.484974,-0.18359658,0.704624,0.7212212,1.4505895,10.885735,2.337702,-0.43973035,1.0523373,-3.4769382,-3.5312133,1
14.0,14,-1.9001713,-3.4393504,-2.0548291,-3.3348844,4.239171,1.7317572,-4.756802,-1.9799231,-0.5791122,-1.5073369,-0.1891582,0.70787454,0.77599066,1.5161362,10.868125,2.2746944,-0.39961535,1.0072763,-3.4303598,-3.5346076,1
0.0,1,8.716172,9.741252,1.2345994,2.3058524,-0.82311225,-0.1892561,-0.10567649,-0.9379382,-1.5559409,0.060145352,-1.5040586,-3.6084242,-1.75652,-1.0573729,-4.5215864,-0.9816569,-2.2011418,0.5581029,-3.870638,-2.5126724,0
0.0,1,8.712403,9.74426,1.234807,2.3081088,-0.823719,-0.18870232,-0.10496445,-0.9391167,-1.5575863,0.058866847,-1.5039351,-3.6072538,-1.7595223,-1.056535,-4.5210867,-0.97941524,-2.200944,0.55864066,-3.8701286,-2.5135603,0
0.0,1,8.712482,9.744811,1.2339846,2.3082561,-0.82380766,-0.19035706,-0.10438861,-0.94159234,-1.5542201,0.061371867,-1.5041485,-3.60819,-1.7580621,-1.0593331,-4.5213146,-0.9824078,-2.2005012,0.56177616,-3.8689241,-2.5126457,0
0.0,1,8.731847,9.7315,1.2434676,2.3171422,-0.82483155,-0.18974242,-0.10746853,-0.93059534,-1.5677607,0.051791582,-1.4965843,-3.6004944,-1.7747611,-1.0638494,-4.5258784,-0.9632899,-2.1962152,0.5374796,-3.865201,-2.5107267,0
0.0,1,8.711714,9.744922,1.2353765,2.3093622,-0.82399315,-0.18849018,-0.10481493,-0.9391316,-1.5588124,0.057948474,-1.5035924,-3.6064522,-1.7613982,-1.0564344,-4.5210524,-0.97775435,-2.200679,0.55783826,-3.8697362,-2.5137773,0
0.0,1,8.713834,9.743179,1.2350543,2.307381,-0.8235005,-0.1889511,-0.105221525,-0.9385706,-1.5572172,0.05916911,-1.5039979,-3.6075287,-1.7586161,-1.056959,-4.5212336,-0.9800371,-2.2009459,0.5581999,-3.870201,-2.513093,0
3.0,3,-1.6341064,7.0590396,0.44905674,7.508123,-1.283775,0.075092934,0.623601,-0.49161536,-4.367889,0.61061394,-3.1776013,2.35161,-0.98025817,0.90034,0.89884317,-1.691392,-0.08449087,-1.2479625,-2.561582,-3.0559363,1
3.0,3,-1.6341078,7.0591984,0.44909185,7.507882,-1.283843,0.07513997,0.62362427,-0.49164802,-4.367861,0.6107528,-3.177673,2.3513808,-0.9802435,0.9005898,0.8988626,-1.6914468,-0.08462048,-1.247978,-2.5615788,-3.0559614,1
3.0,3,-1.6342174,7.0596604,0.44883937,7.5072985,-1.2838688,0.075335026,0.62332493,-0.49170104,-4.367949,0.6110162,-3.1776252,2.351179,-0.9803456,0.9009227,0.89941263,-1.6913515,-0.0848959,-1.2479169,-2.5616107,-3.0560577,1
3.0,3,-1.6343505,7.059772,0.44857734,7.507238,-1.2836525,0.07551952,0.62281644,-0.4916641,-4.3680897,0.6110946,-3.1774282,2.3515987,-0.98052967,0.9003478,0.9002596,-1.69097,-0.0848861,-1.2480412,-2.5616627,-3.0560634,1
3.0,3,-1.63408,7.059188,0.4491474,7.507867,-1.2838551,0.075131685,0.623679,-0.49165732,-4.367832,0.6107866,-3.1777174,2.3513246,-0.9802239,0.9006648,0.89876735,-1.691486,-0.08464921,-1.2480016,-2.5615706,-3.0559592,1
3.0,3,-1.6340511,7.0590954,0.44917297,7.507985,-1.2838428,0.0750882,0.6237338,-0.4916552,-4.367825,0.610724,-3.1777172,2.351381,-0.98021036,0.90064853,0.89862466,-1.691512,-0.08460721,-1.247983,-2.5615654,-3.0559497,1
5.0,5,0.39474198,0.16419998,-1.4714589,-0.7273493,7.811114,9.110306,3.9044309,0.74882644,-2.8596451,-1.369873,-2.9234123,-2.4977114,-0.9642743,-2.186726,-1.1890469,-1.3873168,-1.0380614,-1.2278665,-3.3471594,-5.0526414,1
5.0,5,0.39890137,0.16844568,-1.451325,-0.73081696,7.8329296,9.143762,3.784383,0.7452855,-2.8478384,-1.358866,-2.92747,-2.4803784,-0.9952108,-2.161531,-1.1679101,-1.3587592,-1.0440345,-1.1646174,-3.3862352,-5.0828238,1
5.0,5,0.3692542,0.14578384,-1.5242999,-0.71756214,7.630779,9.20027,4.026901,0.8566273,-2.8450072,-1.3636289,-2.9107933,-2.5330927,-0.8787914,-2.1431828,-1.2497082,-1.4899094,-1.0577486,-1.3595729,-3.292451,-4.9828105,1
5.0,5,0.37870282,0.14917523,-1.4803387,-0.72443235,7.689718,9.278448,3.744825,0.84766483,-2.8183033,-1.3375514,-2.9201884,-2.4855955,-0.9519809,-2.0805013,-1.1970634,-1.4222133,-1.0779952,-1.2186811,-3.3797054,-5.048782,1
5.0,5,0.40146944,0.17053235,-1.4343698,-0.7337076,7.852742,9.172472,3.681239,0.74347925,-2.8379893,-1.3498319,-2.9302936,-2.4641793,-1.0224566,-2.1394095,-1.1476291,-1.3329366,-1.0519289,-1.1121552,-3.4199624,-5.1073112,1
5.0,5,0.4002979,0.16554645,-1.4474697,-0.7314741,7.8439803,9.152907,3.7506526,0.7445746,-2.8449957,-1.3559794,-2.9275038,-2.4720497,-1.0044898,-2.152476,-1.1586736,-1.3493841,-1.0512904,-1.1529412,-3.3961296,-5.0877695,1
5.0,5,0.1536118,1.6942654,-3.675961,-0.55873734,7.6979547,8.229344,1.7409815,-0.70872205,-3.564126,-3.6167502,-2.624998,-1.9428153,-3.057782,-0.4207492,1.9727688,3.2769406,-3.4776914,-0.058956034,-4.504861,-5.5902295,1
5.0,5,0.16224429,1.6575356,-3.6759908,-0.55429095,7.725736,8.209833,1.7364374,-0.71766794,-3.5742157,-3.632056,-2.615882,-1.9230815,-3.0768166,-0.45426995,2.0047433,3.318291,-3.480171,-0.059913866,-4.5017133,-5.5805535,1
5.0,5,0.16648224,1.6330103,-3.6899283,-0.5419601,7.642079,8.227278,1.6777188,-0.7557251,-3.5421493,-3.6729455,-2.5907621,-1.9125718,-3.0785422,-0.40860146,2.059864,3.4116013,-3.52536,-0.029837705,-4.518975,-5.5969954,1
5.0,5,0.21171558,1.5774974,-3.6847494,-0.5198262,7.7279606,8.084597,1.5767462,-0.8645037,-3.5979848,-3.7220762,-2.5288336,-1.8507496,-3.1755483,-0.51639557,2.2414546,3.6202605,-3.527826,-0.012414157,-4.5098543,-5.5853906,1
5.0,5,0.16861475,1.6387595,-3.6756585,-0.551577,7.743556,8.194811,1.7313424,-0.7250793,-3.5816576,-3.6404552,-2.6099875,-1.9117314,-3.089637,-0.47527093,2.0250742,3.3447416,-3.4808125,-0.05974043,-4.499893,-5.575096,1
5.0,5,0.15938804,1.6726402,-3.6760027,-0.5559598,7.7159667,8.216178,1.7394402,-0.71452224,-3.5708222,-3.6260123,-2.6193767,-1.9307022,-3.0696309,-0.44192797,1.990829,3.301666,-3.4786408,-0.059472494,-4.5027275,-5.5838413,1
2.0,9,-0.33794898,1.0454811,3.8304515,-2.6640286,-1.8124892,-0.72566164,-2.7123532,0.11889586,1.8325456,10.687744,-2.4183023,-2.8780825,0.4491632,-0.14465506,1.0382208,-1.8815869,0.42902428,-0.99338853,-3.0296936,2.2650902,0
2.0,9,-0.33833224,1.0412009,3.8250895,-2.664495,-1.8081058,-0.72569066,-2.708251,0.11957711,1.8277851,10.6906185,-2.4169571,-2.876086,0.4529572,-0.14355773,1.0343627,-1.8862418,0.430484,-0.995847,-3.0237045,2.2697513,0
2.0,9,-0.3312251,1.0368661,3.822029,-2.663997,-1.805351,-0.7343165,-2.7059712,0.108086646,1.8426644,10.69427,-2.4113426,-2.8761084,0.45466208,-0.14313126,1.0211596,-1.8809803,0.4232027,-1.006674,-3.0235167,2.2943847,0
2.0,9,-0.32062033,1.0468707,3.859905,-2.677941,-1.7944869,-0.7064768,-2.7095428,0.12423375,1.833925,10.679885,-2.4216678,-2.891652,0.4300652,-0.14300749,1.0467806,-1.8554589,0.40126818,-1.007014,-3.070148,2.2327228,0
2.0,9,-0.3364492,1.0399933,3.8281715,-2.6671054,-1.8036566,-0.72094417,-2.706309,0.12174258,1.8246591,10.690304,-2.417521,-2.8776052,0.45111746,-0.14263417,1.035717,-1.8842928,0.4268906,-0.9982072,-3.0280266,2.263169,0
2.0,9,-0.33778095,1.0422208,3.8269176,-2.6653197,-1.808062,-0.7241803,-2.7090118,0.12020281,1.8281499,10.689539,-2.4174657,-2.8772876,0.45138812,-0.14357173,1.0364314,-1.8840824,0.4287706,-0.99545324,-3.027134,2.2665465,0
17.0,6,-2.6260207,2.6522174,0.65156704,-0.07888362,-6.0002594,-2.4945412,4.909202,-1.6606269,-0.8927711,0.8617863,1.5011142,-2.0411935,4.795753,2.7944896,-2.662669,-3.826241,2.3599384,-2.2622287,2.5179224,-0.08177708,0
17.0,6,-2.6936674,2.863485,0.68373185,-0.06727597,-6.003226,-2.4977767,4.8409905,-1.7902092,-0.87629354,0.9197129,1.6213272,-2.030168,4.6194787,2.6606684,-2.4988163,-3.8028133,2.3619614,-1.9735721,2.3227835,-0.22314951,0
17.0,6,-3.2575464,4.204442,-0.29144764,-0.64227796,-4.5737877,-1.9217856,4.2451596,-2.577438,-1.3915695,1.6335707,0.77163446,-2.1014426,3.698131,3.3136976,1.7807643,-3.103517,0.653574,-2.2065966,0.1328156,-0.8754045,0
17.0,6,-3.2374535,4.22788,-0.33423758,-0.69216985,-4.539952,-1.9390647,4.3595653,-2.3997757,-1.5227077,1.6455048,0.72519565,-2.2480989,3.603458,3.3659887,1.7121146,-3.1216497,0.6852651,-2.2180214,0.17736475,-0.72330296,0
17.0,6,-2.7769816,3.1093657,0.7248837,-0.047742993,-6.0164647,-2.491587,4.7625456,-1.9828873,-0.8299927,0.9836303,1.7426819,-1.9880661,4.4187937,2.525654,-2.3192868,-3.7616122,2.354222,-1.6227827,2.0757685,-0.4095847,0
17.0,6,-2.6785777,2.8109348,0.68190354,-0.06493798,-6.013076,-2.498952,4.8639984,-1.7370403,-0.8879603,0.8961974,1.6072448,-2.0456588,4.630486,2.6638193,-2.5642595,-3.801819,2.392634,-2.0046282,2.3716202,-0.17627917,0
18.0,18,-2.6866531,-2.4529495,-0.54469264,-1.039299,-3.173996,-2.8497179,-0.069834396,-3.98423,0.6752374,0.92519057,-0.53401554,0.20566088,5.4722753,6.18273,-1.3021891,-2.5045617,0.9002865,-3.7628903,10.170837,3.4374533,1
18.0,18,-2.7201111,-2.44995,-0.53677994,-1.0473319,-3.2246997,-2.8921587,0.012869328,-4.022105,0.71691513,0.87686867,-0.48621783,0.1842534,5.458475,6.2070246,-1.3291286,-2.4813848,0.85165095,-3.75123,10.151072,3.5851603,1
18.0,18,-2.783573,-2.4501243,-0.6000028,-0.9756275,-3.1347384,-3.091461,-0.02073212,-3.942417,0.6559865,1.0867089,-0.4400592,0.40214112,5.203329,5.8357735,-1.2843379,-2.446953,0.9535783,-3.6738827,10.422103,3.9718118,1
18.0,18,-3.0838974,-2.566074,-0.53194964,-1.2574073,-3.5166645,-3.1520662,-0.0589592,-4.088715,0.99666893,1.8498089,-0.52135855,-0.14004022,6.614058,6.656903,-1.176958,-2.7451115,0.32089198,-3.701842,9.196056,3.955332,1
18.0,18,-2.7707965,-2.4597442,-0.52515113,-1.0771959,-3.2916844,-2.937805,0.08063095,-4.0694227,0.78247863,0.8906547,-0.44969532,0.123927146,5.5511065,6.2941394,-1.3542087,-2.4812815,0.75801927,-3.7393503,10.051333,3.7141578,1
18.0,18,-2.7236788,-2.4531937,-0.53631574,-1.0548574,-3.229874,-2.8873377,0.006326452,-4.023473,0.7194809,0.8908739,-0.49258932,0.17169614,5.490911,6.2400093,-1.3270177,-2.4879026,0.836352,-3.7532322,10.120483,3.5707784,1
10.0,10,-3.1926296,-3.2308,-2.8955958,1.0722964,-1.6896162,-1.0672638,-1.4941111,-0.5660079,0.38718218,-3.2047293,10.665754,4.2033,-0.8867884,-0.5470315,2.4876926,0.39170235,-0.78904027,0.003778927,-2.3371587,-0.39387408,1
10.0,10,-3.1834443,-3.2170937,-2.8935173,1.0502018,-1.698765,-1.0800089,-1.4969385,-0.60489154,0.41953853,-3.2024124,10.692131,4.137713,-0.89654756,-0.53699595,2.4906552,0.40997076,-0.81333864,0.0329228,-2.3399372,-0.3832902,1
10.0,10,-3.1603827,-3.186859,-2.8912146,1.0513829,-1.7438809,-1.1745247,-1.4557273,-0.66510975,0.48152682,-3.198302,10.743364,4.0701566,-0.9018754,-0.5335088,2.4382176,0.4133268,-0.8218088,0.05280396,-2.310637,-0.3315119,1
10.0,10,-3.1395564,-3.1615496,-2.8820944,1.0177846,-1.7759817,-1.2179488,-1.4598844,-0.7463256,0.5489786,-3.1932886,10.798833,3.974908,-0.924308,-0.51528347,2.4245853,0.41706,-0.82423335,0.10496233,-2.2881942,-0.3128228,1
10.0,10,-3.177908,-3.209177,-2.8919256,1.0377148,-1.7044626,-1.0875736,-1.4990294,-0.62756985,0.4381642,-3.2009516,10.707308,4.101213,-0.9024942,-0.531227,2.4921212,0.41905922,-0.8253029,0.049446244,-2.3404336,-0.37762675,1
10.0,10,-3.1852283,-3.22024,-2.893624,1.0556321,-1.6971501,-1.0774868,-1.4967651,-0.596242,0.41212675,-3.2028184,10.686389,4.1544285,-0.8946285,-0.53929627,2.4893584,0.40402552,-0.8055126,0.025923215,-2.3381557,-0.38618937,1
4.0,4,-0.33612627,-0.8584062,-3.4278061,-2.7710083,11.457046,2.3984544,0.23703866,0.43689916,-5.1241503,-2.6800265,-1.7413579,1.4955311,-1.3226022,-0.3648827,2.9007933,1.1878622,-1.869431,3.9739118,-4.54748,-5.167708,1
4.0,4,-0.3439809,-0.7634219,-3.4099765,-2.7566745,11.386391,2.4868145,0.13613707,0.31554985,-5.0523577,-2.6058836,-1.7265626,1.4037623,-1.3848851,-0.37755585,2.8330574,1.1851283,-1.8130231,4.229877,-4.594202,-5.241126,1
4.0,4,-0.2739389,-0.9059653,-3.5118883,-2.819107,11.497563,2.0432653,0.37126154,0.33459452,-5.2152977,-2.620961,-1.8083974,1.5565997,-1.152981,-0.24063618,3.0400786,1.2403438,-1.921993,3.6798398,-4.3921685,-5.0041823,1
4.0,4,-0.30159858,-0.47856992,-3.4444184,-2.7567406,11.156678,2.350888,-0.06050639,-0.21403754,-4.9054275,-2.2613072,-1.7211301,1.1305305,-1.4615197,-0.2943871,2.7211485,1.2717524,-1.6726967,4.8738585,-4.587172,-5.278552,1
4.0,4,-0.3496994,-0.6902111,-3.396891,-2.7464926,11.327083,2.5491178,0.058021333,0.22157754,-4.9971285,-2.5475268,-1.714498,1.330594,-1.4307028,-0.38093746,2.7877367,1.1901768,-1.7774863,4.4203296,-4.631734,-5.2945375,1
4.0,4,-0.34346104,-0.7674657,-3.4117696,-2.7579167,11.389482,2.480633,0.1399293,0.31568378,-5.054831,-2.6077657,-1.7270261,1.4072205,-1.3810744,-0.37417114,2.8414369,1.1889172,-1.8186836,4.215173,-4.592622,-5.2375765,1
7.0,5,-3.2460191,-2.2378922,-0.25834566,-1.0533053,-0.08260586,7.525312,-3.407773,1.3471894,-0.64832354,-3.785646,2.494564,-0.4223819,-2.057371,1.1832124,3.2934797,6.4004245,-1.8525146,-0.98493254,-4.9069567,-5.268419,0
7.0,5,-3.2677515,-2.2239647,-0.24675925,-1.0666198,-0.078578286,7.527779,-3.4020774,1.3506961,-0.66229945,-3.797647,2.46078,-0.4244173,-2.0618181,1.1754237,3.3310962,6.428102,-1.8703231,-0.90833807,-4.9278436,-5.2794805,0
7.0,5,-3.1496391,-2.0712886,-0.6360833,-1.1008695,0.48822764,8.363956,-2.4260025,2.0889237,-1.554035,-3.4112988,0.66917235,-0.51711154,-2.4080555,1.2257708,3.6003265,6.9383497,-1.9578333,-1.8960819,-5.129777,-4.9872155,0
7.0,5,-3.0236893,-2.1234808,-0.7028213,-1.0635535,0.5473336,8.373948,-2.4147205,2.1823943,-1.588751,-3.3238647,0.66154903,-0.52647436,-2.4287674,1.237451,3.4658852,6.901013,-1.8858967,-2.229841,-5.143698,-4.8471107,0
7.0,5,-3.3078802,-2.2038283,-0.22973171,-1.0848737,-0.07075166,7.5272055,-3.3932142,1.3496387,-0.6865752,-3.8185253,2.4051754,-0.42374885,-2.0683692,1.1567885,3.4069922,6.479199,-1.9006166,-0.78133655,-4.962055,-5.2948446,0
7.0,5,-3.257805,-2.2270582,-0.2511548,-1.0640014,-0.08042636,7.526225,-3.4057033,1.3512701,-0.6577428,-3.7926228,2.4750037,-0.4261169,-2.062209,1.1795185,3.3132443,6.4174848,-1.862156,-0.9325597,-4.9203687,-5.277371,0
13.0,13,-1.8602226,0.5784278,-0.46960253,-3.2534516,-1.6194493,-0.42986503,-1.8064971,-1.1876717,-1.2711107,1.2715901,-1.5687914,-0.991382,0.4007714,12.311623,-0.25049224,0.2856317,-1.7985828,-0.12101979,-2.468782,1.9665058,1
13.0,13,-1.8600372,0.5784401,-0.46743643,-3.25381,-1.61907,-0.42901766,-1.8067464,-1.1883829,-1.270013,1.272775,-1.5686607,-0.99074644,0.3999762,12.312675,-0.25160608,0.28459185,-1.7986588,-0.12199969,-2.4695706,1.9631962,1
13.0,13,-1.8582981,0.5779846,-0.47364926,-3.2516596,-1.6229291,-0.4363653,-1.802587,-1.1927396,-1.2615371,1.2681152,-1.5608028,-0.98994786,0.40709645,12.308101,-0.2590266,0.2847119,-1.8037783,-0.12442941,-2.4668045,1.9861103,1
13.0,13,-1.8585162,0.5873656,-0.4626494,-3.2619717,-1.6202549,-0.43770152,-1.7973218,-1.1872959,-1.2536391,1.2932355,-1.5566827,-1.0028282,0.4008792,12.299341,-0.2714237,0.2745308,-1.8057529,-0.12377671,-2.4853916,1.9935485,1
13.0,13,-1.8599325,0.57910836,-0.46540928,-3.254812,-1.6187173,-0.42879984,-1.8064723,-1.1885641,-1.2685418,1.2753963,-1.5681052,-0.99128115,0.39919475,12.312592,-0.25333536,0.28314444,-1.7989224,-0.1225676,-2.4713354,1.9621781,1
13.0,13,-1.8599895,0.5782148,-0.46777266,-3.253043,-1.6193464,-0.4288708,-1.8067834,-1.1884968,-1.2704698,1.2713956,-1.5689234,-0.99043906,0.40002388,12.312918,-0.25115862,0.28523746,-1.7987034,-0.121808656,-2.4688969,1.963138,1
3.0,3,0.6393043,2.321439,1.4653726,10.957558,0.41652307,1.4329668,-0.27390373,-0.3208081,-2.40207,-1.460468,-2.632828,1.7426583,-0.66797626,-1.9957594,-1.3524919,0.18844524,-1.3966626,-0.76440084,-3.4834023,-2.565324,1
3.0,3,0.638679,2.3201292,1.4669428,10.956063,0.4176558,1.4326245,-0.27422297,-0.3176988,-2.4050534,-1.4569262,-2.633427,1.7553195,-0.6702085,-1.995781,-1.3564414,0.18634912,-1.3932023,-0.7670019,-3.480579,-2.5656493,1
3.0,3,0.6403085,2.3217504,1.4633077,10.951074,0.42411444,1.4317006,-0.27406907,-0.31315958,-2.4118564,-1.4449317,-2.641578,1.7741895,-0.6747099,-1.9885798,-1.3646214,0.17997317,-1.3914813,-0.763927,-3.476438,-2.5663745,1
3.0,3,0.6566186,2.3465996,1.4489524,10.976107,0.39249378,1.4337937,-0.27862048,-0.32917926,-2.3687406,-1.4708421,-2.5800624,1.7119396,-0.6717642,-2.0423086,-1.3595886,0.21275581,-1.4188864,-0.80238587,-3.4885588,-2.5507712,1
3.0,3,0.6440035,2.3267496,1.4610796,10.970791,0.39851525,1.4338756,-0.2780996,-0.3223898,-2.381463,-1.4755782,-2.593011,1.7374076,-0.669197,-2.0338209,-1.353021,0.20827097,-1.4024478,-0.7983264,-3.4844022,-2.5566335,1
3.0,3,0.64072037,2.3233624,1.4650383,10.960718,0.4120721,1.4331365,-0.27484357,-0.32124946,-2.3973143,-1.4635849,-2.6233966,1.7409675,-0.668406,-2.0045764,-1.353333,0.19254982,-1.398007,-0.772235,-3.4836307,-2.563273,1
4.0,4,-0.011991642,-1.1277442,-3.2259116,-2.285603,12.133274,1.9060465,3.918488,-0.35836512,-4.537865,-2.1700463,-1.4993284,-0.24481274,-3.1781754,-2.7396958,0.7845392,0.8731158,-0.5956295,2.6601384,-2.9185019,-3.298781,1
4.0,4,-0.004993424,-1.1258262,-3.2216804,-2.2795024,12.126234,1.8838667,3.8661969,-0.41804668,-4.5135217,-2.1650376,-1.4738508,-0.22505802,-3.1736887,-2.7266119,0.78180337,0.8689575,-0.57819706,2.7242565,-2.907751,-3.3177822,1
4.0,4,0.0051386505,-1.1237364,-3.2391827,-2.2768106,12.1326275,1.9206424,3.9080808,-0.390879,-4.52682,-2.180296,-1.4840328,-0.2440538,-3.1479545,-2.7056584,0.77139103,0.8394416,-0.60299844,2.6544437,-2.9061723,-3.3114398,1
4.0,4,0.011295043,-1.1147842,-3.2266157,-2.2667391,12.113505,1.8674208,3.8053112,-0.5055536,-4.478353,-2.165637,-1.4336598,-0.20428672,-3.1444986,-2.6929324,0.7684258,0.8224551,-0.55187434,2.7983515,-2.884954,-3.3479853,1
4.0,4,-0.0007875711,-1.1233323,-3.2178814,-2.2751718,12.11976,1.8654518,3.8261461,-0.46401578,-4.4944134,-2.1605554,-1.4541045,-0.20967375,-3.1703486,-2.7178793,0.7796227,0.86351323,-0.56201506,2.7764874,-2.8990955,-3.3324609,1
4.0,4,-0.0048392564,-1.1257544,-3.2215,-2.2792308,12.125895,1.8827262,3.8640785,-0.42063284,-4.512466,-2.16479,-1.4726862,-0.22413033,-3.1735232,-2.726197,0.7817917,0.86868984,-0.57725304,2.7271028,-2.9072561,-3.3185732,1
13.0,12,-2.3193886,-0.6189584,-0.98331714,-2.1405156,-2.4031348,1.1046586,-2.0392916,3.516284,0.84324133,1.0879209,-2.621135,-2.7270868,10.250021,5.053669,-0.3495955,-2.3950546,-3.0929813,-0.7199003,-1.8418583,-0.37004092,0
13.0,12,-2.3165948,-0.6196679,-0.982734,-2.139757,-2.3949559,1.1099466,-2.0388417,3.517676,0.83479255,1.0861055,-2.6209621,-2.7237113,10.246921,5.061301,-0.3482565,-2.395035,-3.102753,-0.7210938,-1.8452368,-0.3733926,0
13.0,12,-2.315323,-0.57175404,-0.9641252,-2.1651587,-2.4516568,1.1453166,-2.1146193,3.4120283,0.9330778,1.1685604,-2.6123261,-2.7410142,10.22382,5.1965055,-0.3892416,-2.4067502,-3.1299696,-0.70105726,-1.8525339,-0.40882787,0
13.0,12,-2.2880075,-0.6069805,-1.0873132,-2.0683656,-2.350277,0.9780471,-2.0062785,3.3457494,0.9866139,0.94140077,-2.5435646,-2.7415292,10.522539,4.5753546,-0.27268463,-2.2500365,-3.1556635,-0.5835462,-1.8618171,-0.3874096,0
13.0,12,-2.3107052,-0.6216121,-1.0029058,-2.123657,-2.376081,1.0914277,-2.0266418,3.5026104,0.84305906,1.0516077,-2.6070995,-2.7209132,10.292824,4.975917,-0.33086038,-2.369137,-3.1214457,-0.7021197,-1.8514626,-0.37602833,0
13.0,12,-2.316011,-0.6208074,-0.9875554,-2.1360013,-2.3913887,1.1046237,-2.0354252,3.5158103,0.8364693,1.0778049,-2.6181607,-2.7232838,10.257669,5.0396314,-0.3437907,-2.3891795,-3.104596,-0.71711427,-1.8458922,-0.37275875,0
3.0,3,-0.4827043,2.8505633,-0.17635117,10.866199,0.64861244,0.92395604,-0.013521954,-0.7873074,-3.3245068,-2.6027503,-1.7984551,1.7100831,-1.034138,-2.3662574,0.81651807,0.47399077,-0.92413265,0.89715075,-3.8560843,-3.0143235,1
3.0,3,-0.48259875,2.8487737,-0.17635855,10.867484,0.6487711,0.92385703,-0.014804482,-0.78724575,-3.3240054,-2.603425,-1.7959347,1.7121916,-1.0342999,-2.3688514,0.81549835,0.4751151,-0.92341346,0.896377,-3.855297,-3.0134919,1
3.0,3,-0.48261434,2.8486152,-0.17741157,10.867857,0.64906895,0.9239747,-0.015632585,-0.78730506,-3.3239856,-2.6035237,-1.7944,1.7136308,-1.0347748,-2.36977,0.81509066,0.47557628,-0.923597,0.89686584,-3.8550096,-3.0134034,1
3.0,3,-0.4824075,2.8457139,-0.17813338,10.870182,0.6495619,0.92397183,-0.018226072,-0.78726435,-3.323047,-2.6045256,-1.7892594,1.7177868,-1.0352881,-2.374781,0.81335473,0.4776622,-0.92279214,0.89560896,-3.8535032,-3.0118594,1
3.0,3,-0.48248556,2.8472595,-0.17631666,10.868574,0.6488984,0.9237742,-0.01584737,-0.787195,-3.3235652,-2.6039782,-1.7938389,1.713891,-1.0344201,-2.3710675,0.81463957,0.47607854,-0.9228266,0.8956366,-3.8546276,-3.0127392,1
3.0,3,-0.48257512,2.848906,-0.1763144,10.867395,0.6487452,0.9238767,-0.014700696,-0.7872551,-3.324022,-2.6033716,-1.796142,1.7119874,-1.0342778,-2.368633,0.81551886,0.47503725,-0.923487,0.8964107,-3.8553686,-3.0135524,1
4.0,0,6.6433206,1.4987224,-1.8208884,0.74204105,1.8437955,-0.0759625,0.48116785,6.469153,-3.6377726,-2.4195108,0.4523812,-1.1018702,-2.7629464,-3.6942053,-3.0611987,4.029143,-0.9153318,-2.7559426,-5.929768,-0.4147493,0
4.0,0,6.6444144,1.4665425,-1.8212014,0.76860625,1.8402461,-0.06529489,0.42381668,6.3892994,-3.5916781,-2.452192,0.5211535,-1.1138028,-2.7697585,-3.6814277,-3.0159192,4.1132345,-0.9757139,-2.7606976,-5.966595,-0.44705093,0
4.0,0,6.61276,1.5868299,-1.8014675,0.5643175,1.6737556,-0.15419659,0.5866664,6.3312783,-3.3908093,-2.4128003,0.4266605,-1.3930898,-2.6651897,-3.5026402,-2.991389,4.3845277,-1.4926705,-2.683911,-6.0582123,-0.19798857,0
4.0,0,6.5823317,1.4929584,-1.8173002,0.5999731,1.6859035,-0.19563219,0.49591815,6.179229,-3.3599231,-2.4914029,0.55011004,-1.340226,-2.7146642,-3.4794645,-2.8962073,4.591539,-1.5153279,-2.713422,-6.067973,-0.25937173,0
4.0,0,6.6427526,1.4330345,-1.8206112,0.79362726,1.8373951,-0.057507686,0.36900294,6.31224,-3.5473444,-2.485406,0.58955044,-1.1250927,-2.7749407,-3.667933,-2.9706907,4.194612,-1.0349416,-2.7659285,-6.0007544,-0.4762365,0
4.0,0,6.63905,1.4619533,-1.825839,0.76623034,1.8449829,-0.073927954,0.43087167,6.3981814,-3.6055114,-2.4532084,0.51625395,-1.0963715,-2.7752602,-3.684123,-3.0192692,4.110149,-0.9531017,-2.7639682,-5.954807,-0.4480032,0
5.0,5,-0.26920143,-1.5929294,-2.1340928,-1.5413156,8.211715,9.181387,1.1930525,4.47479,-4.6691236,-2.1361017,-2.7595336,-0.22564818,-0.7403777,-0.98837215,1.0911694,1.2323605,-3.0074623,-1.9405457,-4.9350085,-5.0076036,1
5.0,5,-0.25331333,-1.5432231,-2.1472163,-1.5393108,8.2648735,9.219393,1.1429901,4.251004,-4.6376133,-2.0837586,-2.7605536,-0.26486328,-0.7892396,-0.9546162,1.1282951,1.2703594,-2.9900796,-1.8738852,-4.945949,-5.066774,1
5.0,5,-0.19913551,-1.5697447,-2.3064935,-1.6237578,8.67682,8.873669,1.3551278,4.0207753,-4.835216,-2.077679,-2.7671423,-0.16292876,-0.7375666,-0.99695915,1.2886089,1.3127956,-3.0495572,-1.9095595,-4.871229,-5.0038486,1
5.0,4,-0.11038135,-1.3610588,-2.3797882,-1.6436933,8.920893,8.902536,1.1820338,3.1250794,-4.717364,-1.8667243,-2.74625,-0.33139554,-0.938562,-0.8780119,1.4075603,1.4641825,-2.9715643,-1.5683055,-4.9050274,-5.219229,0
5.0,5,-0.24303792,-1.5097604,-2.1542861,-1.5371735,8.29591,9.244861,1.1086566,4.1071806,-4.614916,-2.0496037,-2.7608497,-0.29119185,-0.8231257,-0.93254346,1.1492004,1.2929189,-2.976263,-1.8266917,-4.952959,-5.10571,1
5.0,5,-0.2557652,-1.5507572,-2.1458023,-1.539686,8.257469,9.214184,1.1505708,4.2822747,-4.6425,-2.0911388,-2.760388,-0.25918388,-0.78215617,-0.9591116,1.123917,1.2665292,-2.9933248,-1.8847803,-4.944773,-5.058078,1
15.0,15,-2.2737954,-1.4798393,-2.7270904,-1.8052676,3.6437426,4.5072975,2.0492141,2.7649465,-5.124631,-3.699796,-0.6898284,0.15010937,-3.5587635,1.8159719,0.9868376,8.782766,-3.3056064,-1.5015455,-3.6430416,-4.14002,1
15.0,15,-2.2175188,-1.4184262,-2.6725574,-1.816315,3.587677,4.4983964,1.8954489,2.678824,-5.0709314,-3.6677687,-0.7203221,0.16771619,-3.527476,1.8522117,0.9338354,8.847624,-3.2910035,-1.3722881,-3.6832385,-4.1871123,1
15.0,15,-1.9546058,-1.3866949,-2.8641748,-1.9898206,3.390009,3.7227945,1.846796,2.0376055,-4.90443,-3.423119,-0.64620763,0.33251348,-3.602659,2.1576552,1.008071,9.257785,-3.1330097,-1.6913977,-3.3709807,-3.758442,1
15.0,15,-1.7112755,-1.3179275,-2.5950558,-2.0540988,3.1485057,3.288787,1.1579907,1.4626889,-4.54763,-3.3870316,-0.48642159,0.40514955,-3.5230799,2.31166,1.1511765,9.691354,-3.1235108,-1.3615335,-3.546719,-3.7530308,1
15.0,15,-2.1498575,-1.3926713,-2.5835054,-1.8263113,3.511077,4.4337106,1.6505189,2.510307,-4.9577355,-3.6676815,-0.6921299,0.19656803,-3.5038764,1.8994613,0.9750141,8.992444,-3.2926157,-1.250615,-3.7570124,-4.2252483,1
15.0,15,-2.2091098,-1.4377694,-2.6459699,-1.8152893,3.570413,4.4670377,1.826694,2.6248538,-5.0294223,-3.6873324,-0.68535423,0.17456831,-3.5315914,1.8597293,0.9911748,8.904571,-3.3010998,-1.3671025,-3.7114081,-4.1862683,1
1.0,1,0.7040844,11.695176,-1.2298695,2.610036,-1.6403786,1.5889329,0.50826937,-1.5200673,-3.0616496,-0.10936481,-1.150952,-1.7933706,-1.974152,1.1449347,-2.0210738,0.5162168,-2.5884376,1.0430341,-2.985005,-2.8947713,1
1.0,1,0.7127509,11.698222,-1.2271984,2.6197197,-1.6434283,1.5928775,0.5081722,-1.520167,-3.0588207,-0.11626673,-1.1443119,-1.793542,-1.9812657,1.1248238,-2.0178056,0.5243145,-2.594953,1.0376815,-2.9864693,-2.895701,1
1.0,1,0.7299081,11.704479,-1.2270441,2.6382964,-1.6593297,1.6022177,0.5005289,-1.5208328,-3.0420732,-0.12135497,-1.1297915,-1.7971584,-1.9844043,1.1002454,-2.028691,0.52931136,-2.6076324,1.0442373,-2.9854531,-2.8962615,1
1.0,1,0.7758963,11.72322,-1.197933,2.6835854,-1.687714,1.6200494,0.49112338,-1.5092678,-3.022339,-0.1422033,-1.0849144,-1.8003083,-2.0244536,0.9855462,-2.0021744,0.5737478,-2.6444335,0.9820279,-2.9902782,-2.8964636,1
1.0,1,0.7171087,11.699617,-1.2261432,2.6250489,-1.6444796,1.5944775,0.5087649,-1.5203922,-3.0577517,-0.12021564,-1.1410909,-1.793182,-1.9849585,1.1145656,-2.0165987,0.5282778,-2.597989,1.0355452,-2.987103,-2.8960238,1
1.0,1,0.7094916,11.696975,-1.2284082,2.6165307,-1.6418978,1.591006,0.508828,-1.5202514,-3.0602005,-0.11409967,-1.1468563,-1.7930298,-1.9787546,1.1321889,-2.0194821,0.52120113,-2.5923166,1.04009,-2.9858003,-2.8951612,1
15.0,15,-2.3386805,-0.9679297,-2.5389137,-2.183137,0.423813,0.77791554,-1.5581796,-2.164123,-0.64308435,-1.5635413,-0.2960425,-1.0239246,-2.461688,1.1060019,6.437867,11.086205,-1.7278901,-2.887879,-2.7563968,-1.5231401,1
15.0,15,-2.3250206,-0.9773369,-2.536942,-2.178638,0.42730433,0.769677,-1.5621482,-2.1683774,-0.6321464,-1.576604,-0.27572566,-1.0165268,-2.4682443,1.0996583,6.4163547,11.093337,-1.7314996,-2.8899124,-2.7522836,-1.5318468,1
15.0,15,-2.2993648,-0.95337844,-2.54102,-2.1901839,0.37971634,0.72394323,-1.5428436,-2.1309876,-0.60410106,-1.4961991,-0.27150986,-1.0319351,-2.5083447,1.1304615,6.222424,11.139917,-1.7095239,-2.8692992,-2.7988586,-1.4662715,1
15.0,15,-2.2505655,-0.97889256,-2.5388856,-2.178384,0.3706806,0.69860417,-1.5618563,-2.1281016,-0.5518335,-1.526715,-0.20253241,-1.0122412,-2.5356357,1.1305097,6.1180573,11.162909,-1.7224519,-2.8835003,-2.798141,-1.492283,1
15.0,15,-2.3117723,-0.98649955,-2.5359187,-2.174538,0.42814705,0.76258546,-1.5667837,-2.1699216,-0.6198775,-1.5886056,-0.25607628,-1.0090853,-2.4752555,1.0967082,6.3925405,11.100081,-1.7352071,-2.8937256,-2.7490559,-1.5402671,1
15.0,15,-2.318103,-0.981339,-2.537625,-2.1773958,0.42406014,0.766169,-1.5648783,-2.165343,-0.62398475,-1.5800366,-0.26630667,-1.0128231,-2.47351,1.102672,6.3987966,11.097221,-1.7332939,-2.8938804,-2.752324,-1.5347909,1
18.0,18,-1.8701218,-1.7274021,0.49183422,-0.54050094,-2.5738723,-1.4063706,-2.4185374,-4.643753,6.1048045,0.70696,0.6263122,-0.13133737,1.8788501,-0.02645291,-1.8672376,-2.5568957,2.7113922,-1.8046554,10.677381,0.35269418,1
18.0,18,-1.8715878,-1.7329936,0.48834705,-0.5430404,-2.574878,-1.4058802,-2.424462,-4.646292,6.111141,0.70922077,0.62835556,-0.12930508,1.8830338,-0.01399995,-1.8663028,-2.5590842,2.7093623,-1.8058718,10.67195,0.34853873,1
18.0,18,-1.8779341,-1.7208558,0.4579456,-0.520977,-2.5677822,-1.3968078,-2.369431,-4.6330605,6.048641,0.6959055,0.6221939,-0.115202665,1.8580447,-0.01704536,-1.8803736,-2.5538237,2.7042637,-1.8110919,10.71683,0.3667639,1
18.0,18,-1.8483856,-1.6747338,0.4598173,-0.492248,-2.520968,-1.4254667,-2.2802086,-4.5761833,5.8745184,0.6479912,0.57801664,-0.12073015,1.8606327,-0.15232493,-1.8899945,-2.53076,2.7512853,-1.8105174,10.827753,0.41923714,1
18.0,18,-1.8690155,-1.732355,0.48132908,-0.5375971,-2.5660052,-1.4088879,-2.411417,-4.638643,6.082186,0.7023579,0.62306523,-0.12461099,1.8839906,-0.0191691,-1.8682182,-2.55721,2.7115464,-1.8085582,10.69068,0.35497957,1
18.0,18,-1.8707523,-1.7317282,0.4897222,-0.5418674,-2.5731573,-1.406822,-2.4227383,-4.644841,6.106934,0.7083804,0.62713575,-0.12883154,1.8816262,-0.018611778,-1.8661938,-2.5582948,2.7102988,-1.8056248,10.675143,0.35064802,1
18.0,18,-2.3268318,-1.0119143,-0.6920833,-0.3326877,-2.1068757,-1.5997319,0.9213644,-2.7619977,2.110042,-0.27166915,-0.2665903,0.12186721,2.0346937,-0.5600567,-1.9574915,-2.1606169,2.585545,-2.7002563,12.177834,1.6644435,1
18.0,18,-2.322828,-1.0160184,-0.68572843,-0.33055946,-2.1101184,-1.6077965,0.901401,-2.7655163,2.1157618,-0.26580852,-0.26582435,0.124852225,2.0323155,-0.55410314,-1.9522743,-2.1643558,2.5936522,-2.6992347,12.180945,1.6708101,1
18.0,18,-2.3456616,-1.0092673,-0.7055321,-0.33182368,-2.1212583,-1.616683,0.93138415,-2.7762198,2.1241183,-0.25129572,-0.26551595,0.13119942,2.0431101,-0.5334444,-1.9565667,-2.1629314,2.5546618,-2.7022207,12.188934,1.7011288,1
18.0,18,-2.341235,-0.99012125,-0.7291007,-0.34481093,-2.0788481,-1.5702906,1.0230108,-2.7282567,2.037469,-0.29649487,-0.28463203,0.11695136,2.0478656,-0.5827156,-1.9817417,-2.1336992,2.5543988,-2.706662,12.166332,1.6454319,1
18.0,18,-2.323843,-1.0145994,-0.68837225,-0.33055937,-2.1081297,-1.610284,0.90723777,-2.7632768,2.1049583,-0.2668371,-0.26902512,0.12636085,2.0372527,-0.55095494,-1.951001,-2.1618423,2.5891461,-2.700631,12.182632,1.6744679,1
18.0,18,-2.3241644,-1.014538,-0.68787736,-0.33107474,-2.108925,-1.6043603,0.9078563,-2.764921,2.1141264,-0.26782802,-0.2660302,0.124263465,2.0323994,-0.55627877,-1.9540293,-2.1625423,2.5907593,-2.699419,12.179831,1.6681061,1
6.0,6,-1.8940762,0.45556962,-1.6036496,-0.2752584,-0.3049778,1.752858,11.584921,3.0472667,-2.1241128,-2.7428653,-0.59081477,-2.0857747,0.695978,-3.367024,-2.9846275,-0.037787385,-1.2687069,-2.8805406,-1.2100009,-0.5469613,1
6.0,6,-1.8930103,0.4383172,-1.5722802,-0.2634367,-0.30745623,1.7904017,11.579371,3.1243548,-2.1376677,-2.7488725,-0.6031328,-2.0453236,0.62527734,-3.399446,-2.988998,-0.008710219,-1.2716103,-2.8640475,-1.2755446,-0.56759614,1
6.0,6,-1.8701143,0.32950908,-1.5390568,-0.21105109,0.027464509,1.855628,11.647831,2.9780636,-2.167823,-2.7838974,-0.58874613,-1.7822146,0.08962938,-3.3891711,-2.777445,0.24455544,-1.4142623,-2.9316769,-1.5340909,-0.45460498,1
6.0,6,-1.874953,0.30054367,-1.5446713,-0.20685326,0.127334,1.8240846,11.663268,2.8814042,-2.1806223,-2.7803996,-0.5732454,-1.726133,-0.05105245,-3.3422313,-2.6582437,0.3394934,-1.4677037,-3.0018196,-1.5837501,-0.3757538,1
6.0,6,-1.865849,0.41438994,-1.5400201,-0.23326723,-0.24841818,1.854668,11.591596,3.1268446,-2.126784,-2.7595701,-0.60197175,-1.9480968,0.44392395,-3.437034,-3.0049782,0.058842234,-1.2907298,-2.8435774,-1.3719349,-0.5697836,1
6.0,6,-1.8853215,0.44156182,-1.5750185,-0.2582776,-0.29956666,1.7898746,11.586709,3.089663,-2.127369,-2.7469814,-0.597668,-2.0340247,0.6011854,-3.393287,-2.9922009,0.0013300274,-1.2739686,-2.869735,-1.2716477,-0.5574972,1
12.0,12,-1.4629943,-0.50303346,-1.6451732,-0.97783655,-1.3598225,-1.2063992,1.1518368,-1.302936,1.5812856,-0.326133,-1.4109061,-2.809652,12.595716,1.7717099,-1.0889235,-2.7790542,-3.5124097,-1.5472002,1.8203511,1.4258907,1
12.0,12,-1.4630444,-0.49973565,-1.6465926,-0.977453,-1.3639096,-1.2067081,1.1574641,-1.3045084,1.5782548,-0.32908985,-1.4093341,-2.8099003,12.594434,1.7750286,-1.0893416,-2.7779803,-3.514198,-1.5484066,1.8232237,1.4257318,1
12.0,12,-1.4730455,-0.49272096,-1.6531903,-0.97367936,-1.381532,-1.2121513,1.1789234,-1.3255004,1.5877953,-0.33404323,-1.3994619,-2.807111,12.591237,1.7768272,-1.0987043,-2.7811725,-3.5117517,-1.5537708,1.8554407,1.4327582,1
12.0,12,-1.4521317,-0.47944278,-1.6549566,-0.9781415,-1.369979,-1.20558,1.1984934,-1.307284,1.5358361,-0.35819206,-1.4060266,-2.8121839,12.584459,1.7870696,-1.0862528,-2.7626948,-3.5260231,-1.5534724,1.8387992,1.413903,1
12.0,12,-1.4621409,-0.4957844,-1.6478251,-0.9770084,-1.3678794,-1.2070842,1.1637084,-1.3056165,1.5733078,-0.33290577,-1.4079131,-2.8102684,12.592882,1.778744,-1.0894005,-2.7760017,-3.5167081,-1.5497166,1.8256023,1.4253516,1
12.0,12,-1.4628255,-0.5001459,-1.6460675,-0.9774227,-1.363505,-1.2068665,1.1561636,-1.3040968,1.5786048,-0.3284248,-1.4095794,-2.8099024,12.594646,1.7748609,-1.089206,-2.7779434,-3.5142522,-1.5482053,1.8221929,1.4261595,1
9.0,9,-0.90463054,1.2799203,3.6989274,-3.9683316,-0.058328263,-0.19960317,-1.5926012,-0.34629628,0.9449771,10.554676,-2.0002847,-2.1479976,0.22554713,1.3857262,0.5532315,-1.9708654,-0.54275453,-1.5399183,-2.8975286,0.026267903,1
9.0,9,-0.90544796,1.2780347,3.698533,-3.9685428,-0.058338188,-0.19808736,-1.5932117,-0.34617892,0.94520295,10.554273,-2.0000286,-2.1462805,0.22623688,1.3877511,0.55275834,-1.972181,-0.54245275,-1.5399764,-2.8972282,0.025225664,1
9.0,9,-0.9028033,1.2719498,3.6914122,-3.9682224,-0.057372786,-0.20045903,-1.5919074,-0.34663862,0.95191956,10.558453,-1.9963436,-2.1451292,0.23090842,1.3804231,0.54987514,-1.9750649,-0.54232556,-1.5428412,-2.894043,0.033109233,1
9.0,9,-0.9042746,1.2864933,3.7146137,-3.967426,-0.064797945,-0.19096145,-1.5892857,-0.34235546,0.9522588,10.552627,-2.0019224,-2.1574194,0.21917827,1.3770105,0.54853773,-1.963104,-0.5493562,-1.5399551,-2.9057121,0.018083593,1
9.0,9,-0.9059571,1.2780638,3.7003856,-3.968552,-0.059169613,-0.19621393,-1.59324,-0.3456847,0.94588643,10.553657,-2.00023,-2.146464,0.22575724,1.3881373,0.55214894,-1.9718726,-0.5430569,-1.5399889,-2.8980942,0.023438929,1
9.0,9,-0.9053391,1.2787046,3.699178,-3.968481,-0.058551364,-0.19812858,-1.5930531,-0.34611776,0.9452082,10.554212,-2.000211,-2.1468751,0.22587502,1.387355,0.55280244,-1.9716493,-0.542695,-1.5399823,-2.8975434,0.025089255,1
17.0,17,-2.6347802,-3.2040057,-2.906848,-1.2982424,4.229021,-1.2558428,2.2161915,5.676852,-4.3969774,-3.9676778,2.3671513,2.6878004,-2.8746436,-3.2144365,-2.2085574,0.061697207,5.436561,7.189434,-3.2923775,-2.9566803,1
17.0,17,-2.6199794,-3.1139984,-2.8649874,-1.28136,4.1329226,-1.2424811,1.98518,5.4262056,-4.3088374,-3.9334176,2.3728085,2.7705226,-2.8860562,-3.1452265,-2.2478914,0.04626943,5.5619254,7.468141,-3.2468905,-3.0258687,1
17.0,17,-2.6756358,-3.0999098,-3.1038022,-1.147319,4.3734937,-1.4365411,2.1112084,4.4177074,-4.1261344,-4.1455545,2.8188505,3.199516,-2.6680331,-3.1747189,-2.1406074,-0.060937293,5.2469363,8.14552,-3.1777105,-3.0839112,1
17.0,17,-2.670141,-2.90187,-3.1713028,-1.0038475,4.324369,-1.5486889,1.8144152,3.1617298,-3.7816594,-4.2076774,3.1433914,3.6279228,-2.4440591,-3.0087364,-2.08602,-0.17678592,5.0992603,8.982844,-2.9957252,-3.2080646,1
17.0,17,-2.6168532,-2.9925892,-2.8327234,-1.2400684,4.0446267,-1.208449,1.7078056,5.0376287,-4.1773825,-3.9236555,2.431243,2.910242,-2.891406,-3.0592594,-2.2865515,0.023408668,5.630894,7.9024944,-3.2113276,-3.128078,1
17.0,17,-2.628051,-3.1067944,-2.8760438,-1.2699126,4.1441274,-1.2376235,1.9805033,5.3716106,-4.2945952,-3.9506047,2.4031188,2.7987185,-2.882537,-3.144374,-2.2480874,0.04265923,5.531858,7.5328984,-3.2536383,-3.0386271,1
2.0,2,0.9342983,2.6732867,10.486398,1.411665,-1.7951279,0.17624938,-0.42369014,-2.8513234,4.481322,-0.74271286,-1.8475028,-3.1243742,0.80877894,-0.94599277,-1.6528866,-0.50199175,-2.3052208,-2.043194,-2.3496995,-1.6952199,1
2.0,2,0.93735445,2.672197,10.487936,1.4127717,-1.792796,0.17560527,-0.41872352,-2.848367,4.476787,-0.7408544,-1.8515638,-3.1262572,0.8117314,-0.94504833,-1.6578137,-0.5040435,-2.304624,-2.0452266,-2.3530383,-1.693754,1
2.0,2,0.9299288,2.669284,10.484358,1.4065468,-1.7973905,0.1773858,-0.42694694,-2.8546352,4.4938073,-0.74070245,-1.8442656,-3.1244135,0.81052166,-0.9436573,-1.6540433,-0.5052043,-2.3074222,-2.0410197,-2.3437915,-1.695332,1
2.0,2,0.931357,2.6739233,10.484946,1.4107069,-1.7972399,0.17713267,-0.42759484,-2.8540752,4.486436,-0.7436009,-1.8443276,-3.123066,0.8067625,-0.94565123,-1.6501039,-0.5015703,-2.3062997,-2.0410678,-2.3461862,-1.6966797,1
2.0,2,0.93781424,2.6720104,10.488057,1.4131769,-1.7925582,0.17550904,-0.41801298,-2.8481426,4.476548,-0.74052805,-1.8520836,-3.1264458,0.8120629,-0.94493204,-1.658738,-0.5044543,-2.3047466,-2.0455008,-2.3532305,-1.6934433,1
2.0,2,0.9364872,2.6725922,10.4875345,1.4126042,-1.7935339,0.17572609,-0.42028892,-2.8492548,4.4779887,-0.7414478,-1.8502868,-3.1255355,0.8105764,-0.94552284,-1.6561369,-0.50315917,-2.3047733,-2.0447228,-2.352089,-1.6940571,1
3.0,3,-0.5461297,2.2086935,1.7899567,10.408199,0.19801694,0.7719904,0.6094844,-0.8127316,-2.9242895,-1.5832152,-2.985855,0.8496392,-0.2137278,-1.4609951,0.7642356,-0.6144376,-0.7421561,-0.62204385,-3.4420404,-2.7469351,1
3.0,3,-0.545487,2.2064908,1.789567,10.41005,0.1995435,0.7722465,0.6065689,-0.8122575,-2.924015,-1.5840605,-2.9841094,0.85291743,-0.21422604,-1.4638135,0.7638602,-0.61351585,-0.74137586,-0.6215128,-3.4417024,-2.746614,1
3.0,3,-0.546072,2.207,1.7890067,10.409367,0.19937703,0.7722936,0.60649985,-0.812544,-2.924426,-1.5835507,-2.9844239,0.85276634,-0.21440637,-1.4623998,0.7650013,-0.6137817,-0.7418752,-0.62100476,-3.4416952,-2.7470543,1
3.0,3,-0.54530203,2.204134,1.7881523,10.4122715,0.2025631,0.7730718,0.60070103,-0.812071,-2.9234874,-1.5842943,-2.981219,0.85814023,-0.21563208,-1.4684472,0.7664654,-0.61182696,-0.74149925,-0.6207641,-3.4412436,-2.7465813,1
3.0,3,-0.54472435,2.2040884,1.7891537,10.412322,0.20172557,0.77266103,0.6029214,-0.81161624,-2.9233377,-1.5848545,-2.9818723,0.856748,-0.2148869,-1.4684857,0.76414156,-0.6121671,-0.74067163,-0.62156343,-3.4413614,-2.7460198,1
3.0,3,-0.5456097,2.2069535,1.789674,10.409743,0.1993714,0.77224344,0.6069768,-0.812355,-2.9239643,-1.5838585,-2.9843605,0.85231715,-0.21416773,-1.4636326,0.76415205,-0.61360854,-0.74159163,-0.62175447,-3.4417782,-2.7466457,1
14.0,6,-3.443544,0.24366513,1.9035057,2.236519,-2.7004905,0.119570985,5.80049,4.1464725,-3.502476,-2.3904428,-1.3010665,-3.9113753,3.7572665,-1.6296115,-0.20513305,-1.0392407,-0.5779184,0.5533951,-1.8014461,-1.0038033,0
14.0,6,-3.4810815,0.22007829,1.9552777,2.2269719,-2.6339004,0.14780648,5.549593,4.1523128,-3.5259273,-2.4531748,-1.3434415,-3.8676999,3.8070354,-1.6088272,-0.18313779,-0.88021785,-0.6453327,0.92000145,-1.9567037,-1.0982645,0
14.0,6,-3.5815222,0.15536709,1.3151362,2.1726747,-1.9545224,0.15841608,5.7913766,3.939665,-3.9090614,-2.6547053,-1.2333058,-3.878226,3.7343037,-1.6153798,0.5067483,-0.24788079,-1.4508888,0.6621655,-1.9518881,-1.0103672,0
14.0,6,-3.6292086,0.1124463,1.552429,2.334642,-1.7533247,0.18329427,5.1345754,3.7583811,-3.9637702,-2.882048,-1.2915015,-3.7816024,3.7276053,-1.5783895,0.7732502,0.26898295,-1.6390314,1.2818396,-2.3881202,-1.2370865,0
14.0,6,-3.5081522,0.22610074,2.0441222,2.2658417,-2.5644317,0.17898622,5.310544,4.1134562,-3.5407486,-2.5183144,-1.3761338,-3.833014,3.799076,-1.6002061,-0.11952206,-0.7148616,-0.71862394,1.2100013,-2.1262937,-1.1894692,0
14.0,6,-3.4824274,0.24743459,2.0181956,2.2821271,-2.6252804,0.15395907,5.493743,4.1062775,-3.518605,-2.4718983,-1.3453859,-3.872823,3.7683263,-1.6153325,-0.12783447,-0.83925545,-0.6650931,0.9263289,-2.0138826,-1.114521,0
2.0,18,-2.1349044,-0.5117733,-0.11317605,-2.3609195,-1.5652049,-2.503121,5.1027613,-2.251031,-2.101604,-2.1612754,-1.4119959,-0.9090534,1.7917819,3.5037017,-1.4618156,0.22822832,0.0807289,-2.964245,8.368111,5.523914,0
2.0,18,-2.136291,-0.5139344,-0.10864566,-2.355788,-1.5698493,-2.503888,5.093749,-2.256274,-2.0938377,-2.1585476,-1.4080677,-0.9057224,1.7911586,3.500019,-1.4627805,0.2198902,0.08741537,-2.9653826,8.38554,5.520044,0
2.0,18,-2.170498,-0.5548639,-0.107357755,-2.316463,-1.578049,-2.5592864,5.073139,-2.2523308,-2.0222297,-2.1191611,-1.3413484,-0.8418558,1.7100877,3.3709102,-1.496718,0.2193391,0.12746106,-2.9594119,8.477526,5.6977224,0
2.0,18,-2.1123242,-0.49864817,-0.09744317,-2.3680956,-1.509505,-2.5810492,5.284775,-2.1947203,-2.0643005,-2.1236963,-1.3619853,-0.90097576,1.7397469,3.2478516,-1.5860518,0.28379434,0.024258222,-2.9730296,8.302737,5.744452,0
2.0,18,-2.1320345,-0.5091095,-0.100113705,-2.354182,-1.5654484,-2.5180635,5.126334,-2.2503707,-2.0800807,-2.1521776,-1.3970773,-0.9061378,1.7851753,3.4534874,-1.4889421,0.2230533,0.07642307,-2.9679694,8.3823185,5.55188,0
2.0,18,-2.1322153,-0.5098602,-0.10499337,-2.3580332,-1.564161,-2.5113857,5.1182275,-2.2495613,-2.0907197,-2.1572428,-1.4044645,-0.9086577,1.7885855,3.4751112,-1.4775383,0.22605857,0.077339865,-2.9666135,8.372887,5.539941,0
7.0,7,-1.2905409,-1.1900831,-1.2115077,-1.699763,0.3617398,1.8589785,3.343369,11.576799,-4.183768,-2.1479437,-2.9914503,-1.466548,-0.56744385,-1.2596723,-0.24460062,0.01925133,-1.388703,1.7916154,-4.427934,-0.82093716,1
7.0,7,-1.2940295,-1.1935958,-1.2165769,-1.7048306,0.3679715,1.8554004,3.3431835,11.575846,-4.1855493,-2.148443,-2.987353,-1.4635689,-0.5725579,-1.2556345,-0.23753025,0.025433162,-1.3938582,1.7953277,-4.43351,-0.81767434,1
7.0,7,-1.3862633,-1.2964354,-1.356213,-1.7867596,0.42434302,1.7241303,3.635508,11.573535,-4.3362384,-2.1845605,-2.953428,-1.3998543,-0.5400523,-1.1318458,-0.06904162,0.14019917,-1.5222242,1.4698967,-4.4201493,-0.59093314,1
7.0,7,-1.3321297,-1.2333263,-1.2829778,-1.7145417,0.32269153,1.7597938,3.6754496,11.588454,-4.3231874,-2.1576586,-3.0302396,-1.4620985,-0.459363,-1.1945702,-0.18481508,0.058737434,-1.4464979,1.3920188,-4.328437,-0.6104918,1
7.0,7,-1.300885,-1.2017998,-1.2258235,-1.7146648,0.38005507,1.8501544,3.3403373,11.57412,-4.1873984,-2.1513517,-2.9780438,-1.4565952,-0.58118623,-1.246968,-0.22185177,0.033367664,-1.4034424,1.8026117,-4.443877,-0.8134758,1
7.0,7,-1.2925239,-1.1921526,-1.2138999,-1.7024577,0.3643304,1.8571035,3.343217,11.57641,-4.1842895,-2.1482923,-2.9889812,-1.4649233,-0.57037145,-1.257353,-0.24065566,0.022299873,-1.3912971,1.7930846,-4.430646,-0.8188837,1
3.0,3,0.31375208,1.592941,1.9969034,11.186581,-0.2837636,1.1235343,-0.58147496,-1.1238132,-1.7295501,-2.5641606,-0.6596867,0.50530154,-0.17915934,-2.194551,-0.6579993,0.35337055,-1.2161804,-1.3672954,-3.6222816,-2.4445832,1
3.0,3,0.31376114,1.5921217,1.9959087,11.187083,-0.28472173,1.1232584,-0.582069,-1.1240841,-1.7288777,-2.5647166,-0.65657854,0.50610447,-0.1790805,-2.1947436,-0.6590048,0.35315108,-1.2158027,-1.367664,-3.6220264,-2.444176,1
3.0,3,0.31437105,1.5928543,1.9944909,11.187827,-0.28494832,1.1233855,-0.5823501,-1.1239719,-1.7285627,-2.5638108,-0.6550368,0.5067533,-0.17969173,-2.1953428,-0.6606692,0.35177115,-1.2156537,-1.366708,-3.621735,-2.4441938,1
3.0,3,0.31296894,1.5900621,1.9940531,11.1876135,-0.28973997,1.1215149,-0.5866893,-1.1274809,-1.7235547,-2.5689075,-0.6378349,0.50799626,-0.17881146,-2.1986058,-0.65700924,0.35705075,-1.2175891,-1.3780314,-3.6209612,-2.4429426,1
3.0,3,0.3120694,1.5871226,1.9937446,11.187551,-0.2900243,1.1211668,-0.5859773,-1.1267788,-1.7242998,-2.5706465,-0.6392047,0.50874406,-0.17747155,-2.1968787,-0.65715826,0.35804492,-1.2162999,-1.3776153,-3.621139,-2.442012,1
3.0,3,0.31343228,1.5916257,1.9961305,11.186889,-0.2852974,1.1229886,-0.582585,-1.1245704,-1.7282724,-2.5656054,-0.654618,0.5061469,-0.1788411,-2.1951032,-0.65806687,0.35422602,-1.2161437,-1.369477,-3.6219969,-2.4440098,1
9.0,9,-1.3568548,1.3748418,3.6664438,-4.2966866,-0.58822286,-0.68617487,-1.938515,-0.21976684,0.67194,10.197528,-2.6346622,-3.1347833,-0.6054958,1.9051348,2.123926,-1.3342246,-0.24467385,0.16393559,-2.6469388,-0.4608517,1
9.0,9,-1.3570474,1.3738874,3.6653204,-4.296732,-0.5879576,-0.68714845,-1.9384608,-0.22097865,0.67234915,10.19838,-2.6338856,-3.1341472,-0.60489494,1.906274,2.122672,-1.335579,-0.2439255,0.1641998,-2.6454086,-0.45995352,1
9.0,9,-1.3536304,1.3665979,3.6545632,-4.298217,-0.58498734,-0.6941426,-1.9370759,-0.22060022,0.6761062,10.206201,-2.6299286,-3.1324687,-0.60140014,1.898951,2.1196623,-1.3368999,-0.24178396,0.1617176,-2.6411257,-0.44776747,1
9.0,9,-1.3529372,1.3740515,3.6644204,-4.2978106,-0.58837986,-0.6882041,-1.9369955,-0.21752699,0.67690754,10.201223,-2.6342843,-3.1371195,-0.60646975,1.8937832,2.124581,-1.3280495,-0.24660411,0.16044745,-2.6495843,-0.45404363,1
9.0,9,-1.3564087,1.3735759,3.6648967,-4.2969337,-0.5879921,-0.687743,-1.9381468,-0.22105145,0.67347276,10.199227,-2.6336238,-3.1344714,-0.60499823,1.9045408,2.1224065,-1.3347532,-0.24410419,0.1636402,-2.645494,-0.45856187,1
9.0,9,-1.3566312,1.3741606,3.6656156,-4.296811,-0.58810323,-0.6870727,-1.9383161,-0.22056909,0.6727895,10.198467,-2.6340873,-3.134593,-0.6052297,1.9049039,2.1230547,-1.334535,-0.2443404,0.163787,-2.6460981,-0.45958483,1
14.0,14,-2.9689045,-0.17555487,-1.5419694,-2.322317,0.7566803,3.3484092,-1.7682427,4.515503,-2.4699585,1.1588546,-2.5460865,-2.0119996,1.175834,0.74601054,8.987334,-0.8580832,-1.0388671,0.05662664,-4.305459,-2.126823,1
14.0,14,-2.93213,-0.18361267,-1.5759499,-2.3294084,0.85057664,3.3493426,-1.8228636,4.3698545,-2.4360402,1.0740283,-2.505168,-1.9783826,1.1270725,0.692542,9.132467,-0.7496338,-1.0636675,0.038894564,-4.3352947,-2.1891625,1
14.0,14,-2.7850363,-0.332154,-1.6669766,-2.330193,0.9213563,3.325246,-2.1179776,3.561538,-2.0670452,1.2686901,-2.4231567,-1.8780612,1.239687,0.755451,9.622087,-0.6303881,-1.0172999,-0.6584536,-4.139811,-2.0925117,1
14.0,14,-2.6822207,-0.40912932,-1.7695594,-2.3081126,1.1129786,3.3646243,-2.2559881,3.1370652,-1.9141902,0.9821483,-2.283968,-1.7742867,1.0998851,0.56458914,9.988543,-0.20357305,-1.1194386,-0.77999216,-4.2272587,-2.260697,1
14.0,14,-2.899881,-0.19929081,-1.6049502,-2.3327823,0.9294758,3.3460634,-1.8623453,4.2645025,-2.407723,1.0005584,-2.467492,-1.9485472,1.083179,0.64175117,9.245128,-0.6570084,-1.0845317,0.011801742,-4.3607473,-2.2345126,1
14.0,14,-2.9323716,-0.1793626,-1.5729427,-2.3316073,0.84441286,3.3534596,-1.8251599,4.363559,-2.4320383,1.0887817,-2.513043,-1.9845684,1.1326041,0.6989361,9.127678,-0.758463,-1.0599502,0.038881313,-4.332628,-2.1877728,1
3.0,3,0.12853283,0.35956752,2.1729763,11.299252,-0.7299157,0.7866579,-0.3943283,-0.5839909,-1.418633,-1.981147,-0.42965344,1.3715595,0.44707432,-1.636644,-2.1490736,-1.0004523,0.043263987,-1.527234,-3.233716,-1.6867645,1
3.0,3,0.12748742,0.35784867,2.172086,11.299597,-0.7313327,0.7849995,-0.39533418,-0.5858481,-1.4164658,-1.9834079,-0.42176005,1.371873,0.44693887,-1.6382596,-2.1481125,-0.99968183,0.043085366,-1.5282048,-3.2340174,-1.6863573,1
3.0,3,0.1270781,0.35727924,2.1712332,11.299936,-0.73192406,0.78395057,-0.39585137,-0.58692694,-1.4153851,-1.984633,-0.41657892,1.3719466,0.4465833,-1.6396319,-2.1474605,-0.9991805,0.042503424,-1.5288086,-3.2343268,-1.6861323,1
3.0,3,0.12618238,0.35603938,2.1695528,11.30066,-0.73382294,0.7816505,-0.39709955,-0.58971643,-1.4124647,-1.9877493,-0.4043227,1.3716464,0.44577107,-1.642256,-2.1462047,-0.9978323,0.04099498,-1.5304161,-3.2351813,-1.6856195,1
3.0,3,0.1263291,0.35585716,2.1711025,11.299972,-0.733031,0.7830565,-0.39650834,-0.5880839,-1.4138737,-1.9861501,-0.41250893,1.3720412,0.44679937,-1.6400961,-2.146938,-0.9986632,0.042752862,-1.5294008,-3.2344003,-1.6858863,1
3.0,3,0.12777136,0.35832608,2.1722665,11.299521,-0.7310578,0.7854628,-0.39507985,-0.585364,-1.4169813,-1.9828045,-0.423708,1.3717752,0.44694722,-1.6377794,-2.1484642,-0.9999064,0.043146133,-1.5279778,-3.233965,-1.6864356,1
18.0,18,-1.7897799,-1.6485525,-0.008197576,-0.82972616,-2.4990828,-0.86684453,-2.0391264,-3.444204,4.5070324,0.100810066,0.2141205,0.058006477,1.5243676,1.5941753,-1.6515887,-2.4774354,1.9444789,-2.2940133,11.258699,0.07076924,1
18.0,18,-1.7829083,-1.6566482,0.0025463607,-0.8331125,-2.4918003,-0.8758949,-2.0498488,-3.445049,4.4662113,0.1021156,0.20154464,0.06748366,1.5214485,1.6383616,-1.6399214,-2.47463,1.955469,-2.3034554,11.262344,0.06958503,1
18.0,18,-1.815276,-1.646085,-0.045575887,-0.8125821,-2.5067103,-0.86434376,-2.0300462,-3.4352317,4.5733776,0.13382158,0.2313725,0.07563506,1.4985181,1.531342,-1.6638173,-2.4848783,1.929928,-2.2821834,11.264629,0.11226746,1
18.0,18,-1.8126769,-1.6181914,-0.058216356,-0.81320053,-2.5117962,-0.8474487,-1.9822953,-3.4142542,4.6125054,0.10103679,0.24708676,0.035412688,1.5279148,1.3916532,-1.6964066,-2.4806175,1.9326888,-2.257537,11.266119,0.09676022,1
18.0,18,-1.7841916,-1.6545223,-0.0025204476,-0.8291969,-2.4907756,-0.8786133,-2.035327,-3.4398298,4.4601593,0.10187258,0.2005615,0.06647776,1.5266757,1.6154674,-1.6435002,-2.4746535,1.9571145,-2.3036106,11.272868,0.07964577,1
18.0,18,-1.7855625,-1.653516,-0.0012997668,-0.83097523,-2.494367,-0.8722186,-2.0437298,-3.4448624,4.481666,0.10142253,0.20657524,0.06401022,1.5217732,1.6182194,-1.6450784,-2.4755764,1.9518625,-2.2997496,11.2619095,0.07091781,1
9.0,9,-0.96329415,-0.5934946,2.6600924,-3.2412484,0.048071615,-1.5809492,-1.4484093,-0.1974788,-0.16904995,10.823608,-2.624067,-1.8217558,1.5304904,2.0629253,-0.029652297,-2.272139,0.66158,-1.7118227,-0.97184885,1.397021,1
9.0,9,-0.96161354,-0.5933914,2.6616619,-3.242317,0.04974293,-1.5772991,-1.4460287,-0.19467498,-0.16971329,10.824581,-2.62139,-1.8215764,1.5214448,2.0596485,-0.031383045,-2.271061,0.66050637,-1.7083423,-0.974317,1.3935094,1
9.0,9,-0.96184623,-0.60892344,2.6548736,-3.2336235,0.03945285,-1.5895386,-1.4478511,-0.2039098,-0.1519545,10.82879,-2.62399,-1.8210766,1.5534841,2.0594382,-0.044190064,-2.278007,0.6615707,-1.7208741,-0.9540997,1.413825,1
9.0,9,-0.9529196,-0.600963,2.6708941,-3.2319648,0.052162517,-1.573024,-1.4317999,-0.17103545,-0.15903766,10.828219,-2.643192,-1.8472155,1.5626098,2.0196192,-0.05268515,-2.270159,0.652883,-1.7098179,-0.99647903,1.402538,1
9.0,9,-0.9595916,-0.59351444,2.663652,-3.2422233,0.051330857,-1.5745732,-1.443091,-0.19070959,-0.16938424,10.825498,-2.621456,-1.8239717,1.519009,2.053214,-0.033928417,-2.2704413,0.659308,-1.7060238,-0.9781462,1.3916864,1
9.0,9,-0.96162,-0.5930417,2.6616268,-3.2420824,0.049754787,-1.5776948,-1.4461956,-0.19475839,-0.16958772,10.8245125,-2.6218545,-1.8219509,1.5227566,2.058767,-0.030661836,-2.2711303,0.6606348,-1.7087942,-0.9746155,1.3937653,1
13.0,13,-1.4138393,0.91207325,-0.22488818,-2.1837704,-1.1928142,1.9475905,-2.8730884,-0.83996356,-2.0543296,-0.53789717,-2.1520882,-0.4031186,0.09185517,12.205781,-0.05173475,0.31456512,-1.9159364,0.7514294,-1.3481977,-3.2765553,1
13.0,13,-1.4153383,0.912929,-0.22454606,-2.1841621,-1.1918895,1.9456713,-2.8735652,-0.8467289,-2.0498464,-0.5380549,-2.1498656,-0.4041118,0.08978443,12.205345,-0.050703604,0.31485385,-1.9173384,0.76076686,-1.3491372,-3.2808533,1
13.0,13,-1.4139534,0.8932377,-0.23202616,-2.2060263,-1.1767647,1.9673682,-2.891557,-0.8257207,-2.0603194,-0.4949883,-2.149854,-0.39873227,0.08806107,12.195784,-0.058861755,0.3123159,-1.9177834,0.77641636,-1.3498702,-3.2858124,1
13.0,13,-1.4285202,0.96816474,-0.2957024,-2.2357674,-1.1546453,2.0055366,-2.9378345,-0.8552093,-2.0495005,-0.5096641,-2.1078024,-0.44980088,0.050174013,12.163623,-0.033487298,0.34299296,-1.9383024,0.9542749,-1.4349203,-3.3404047,1
13.0,13,-1.4186153,0.92205095,-0.23257641,-2.190232,-1.1873654,1.9493263,-2.8803706,-0.8546463,-2.0459993,-0.53800344,-2.142746,-0.4110612,0.08294584,12.200957,-0.046271816,0.3190088,-1.9206086,0.79090476,-1.3606155,-3.2910168,1
13.0,13,-1.4149313,0.91200197,-0.22223946,-2.1812906,-1.1937658,1.9431652,-2.871057,-0.8475915,-2.0492837,-0.5397549,-2.1512156,-0.4026394,0.09029105,12.206758,-0.051218074,0.31464532,-1.9169414,0.75512385,-1.3467367,-3.2789237,1
17.0,6,-2.9338644,1.0494397,-0.34124315,0.13808246,-4.557532,-0.8481686,6.5775733,0.7746879,-0.33052057,-1.3623073,0.29541096,1.426348,1.9379327,-3.19317,-5.502436,-2.1947422,5.4964204,2.9799683,1.2368433,-1.3726327,0
17.0,6,-3.012943,1.0664926,-0.33428693,0.16659717,-4.564019,-0.85440177,6.498823,0.70996594,-0.2728902,-1.384515,0.42468786,1.6324142,1.8298928,-3.1657166,-5.50511,-2.2058136,5.445843,3.235747,1.1079394,-1.4344268,0
17.0,6,-3.391023,1.1539842,-0.6161644,0.2793314,-3.9571304,-0.5351851,7.621656,0.50059974,-0.20319682,-1.8795756,0.99533236,1.8625684,1.6122316,-3.045216,-5.1722736,-2.0268674,3.6946821,3.2608218,0.18362589,-1.5012234,0
17.0,6,-3.4379985,1.1301426,-0.6874306,0.25455636,-3.801614,-0.5000476,7.856287,0.5248738,-0.26480186,-1.9620643,1.0377865,1.8412548,1.5271293,-3.0334811,-5.026614,-1.9842467,3.4924796,3.0979974,0.07775526,-1.4474131,0
17.0,6,-3.1022332,1.0871998,-0.33033913,0.20796531,-4.565253,-0.84909296,6.442862,0.6288875,-0.20118245,-1.4195238,0.57919276,1.8482052,1.7278956,-3.1260543,-5.509263,-2.2124214,5.325452,3.5102184,0.9459982,-1.5042245,0
17.0,6,-3.0130625,1.0661398,-0.33358914,0.16736668,-4.5672092,-0.8546562,6.4956226,0.70871025,-0.2726342,-1.382799,0.42272615,1.6338094,1.8291509,-3.1663668,-5.5045586,-2.2045531,5.4517107,3.2360191,1.1104308,-1.4340918,0
1.0,1,1.6815524,11.65794,0.0063744485,1.2934523,-1.5990953,0.02412146,0.905119,-3.832918,0.08248784,2.736309,-2.1741004,-3.9377012,-1.880353,-0.9322454,-0.324507,-0.18339375,-2.3747826,1.0652585,-2.506647,-2.5555646,1
1.0,1,1.6863422,11.65619,-0.0364428,1.3049691,-1.5830909,0.070094556,0.9404536,-3.8339636,0.07748246,2.6535711,-2.1722565,-3.9368968,-1.8862829,-0.9651237,-0.27414885,-0.15572311,-2.392325,1.0612222,-2.5495667,-2.5759573,1
1.0,1,1.8878216,11.641133,-0.26460803,1.1956606,-1.5360546,0.085691854,0.7280353,-3.7804294,0.15450697,2.479564,-2.1786897,-4.035524,-1.9919189,-0.88772345,-0.060814057,0.124379314,-2.5002995,1.2807108,-2.985487,-2.498958,1
1.0,1,1.9628842,11.634896,-0.397743,1.2176013,-1.4356875,0.22549352,0.81550527,-3.6384585,-0.1489271,2.189013,-2.2196727,-4.0287366,-2.0882485,-0.9141186,0.20208296,0.37464988,-2.5377197,1.1669909,-3.1682954,-2.594226,1
1.0,1,1.6999665,11.656005,-0.08476059,1.3122362,-1.5573889,0.11761705,0.9699651,-3.814285,0.030533513,2.5603251,-2.1797593,-3.9351912,-1.9061507,-0.9873371,-0.19865796,-0.10082669,-2.4052007,1.0517396,-2.6131182,-2.6025155,1
1.0,1,1.6864874,11.658056,-0.015246278,1.3021554,-1.587877,0.046618357,0.93154556,-3.8318298,0.07446834,2.6864038,-2.1716638,-3.9353004,-1.8842633,-0.95269156,-0.30561864,-0.1683145,-2.3835695,1.0630308,-2.5284624,-2.5651886,1
2.0,2,1.2653301,1.6480674,10.687913,2.0864625,-1.6632438,-0.5161234,-0.696825,-2.550299,2.110687,-0.77291214,-1.7060833,-2.7845774,-0.22638182,-0.84811676,-0.33321872,1.9685494,-1.6071678,-3.4690735,-2.9143348,-1.0366726,1
2.0,2,1.2665576,1.6481984,10.68938,2.0863013,-1.6631138,-0.51688147,-0.6950845,-2.5491302,2.1109698,-0.7713971,-1.7074714,-2.7850046,-0.22498626,-0.8482258,-0.3369533,1.9653103,-1.6062458,-3.4683619,-2.9144578,-1.0358276,1
2.0,2,1.2629685,1.6475542,10.687562,2.0843291,-1.6639528,-0.5158216,-0.69836634,-2.551637,2.11328,-0.7721803,-1.7053417,-2.784207,-0.22756137,-0.8473939,-0.33068237,1.9707433,-1.6084998,-3.4693115,-2.9133606,-1.0363795,1
2.0,2,1.265136,1.6493623,10.687477,2.0877001,-1.6632,-0.51540583,-0.69716823,-2.5506802,2.110274,-0.7735588,-1.7063044,-2.7845728,-0.2267026,-0.8480834,-0.3326261,1.9684707,-1.6075993,-3.4685764,-2.9145904,-1.0378002,1
2.0,2,1.2667463,1.648403,10.689798,2.0862257,-1.6631858,-0.51705754,-0.6946201,-2.5489595,2.1113832,-0.77082753,-1.7079263,-2.7851503,-0.22465095,-0.84817696,-0.33806422,1.9643753,-1.6061616,-3.4681058,-2.914381,-1.0355608,1
2.0,2,1.2660029,1.6482325,10.688836,2.0863826,-1.6631857,-0.51654035,-0.6957666,-2.5496314,2.110945,-0.7719486,-1.7069801,-2.7848496,-0.22552745,-0.84813005,-0.33553085,1.966482,-1.6066589,-3.4685564,-2.9143782,-1.0361952,1
10.0,10,-4.3909063,-2.3831234,-3.4877772,-0.5662048,-3.216169,-2.7536666,-3.0830045,-0.40934008,0.11325681,-2.9362342,8.11144,0.45084992,0.6345699,0.15531957,5.175186,2.1136525,-0.4224227,4.89817,-2.2484546,-1.2636684,1
10.0,10,-4.368733,-2.3411217,-3.4563906,-0.60268867,-3.213535,-2.7799823,-3.083976,-0.47895855,0.16745083,-2.9327638,8.184294,0.4253951,0.5344516,0.17632808,4.990797,2.205743,-0.44770437,5.07885,-2.2992916,-1.2881008,1
10.0,10,-4.1288996,-2.1680036,-3.6401846,-0.7137894,-3.3021126,-2.9696276,-2.9473562,-0.7656076,0.5564031,-2.8926094,8.437231,0.05399367,0.3806484,0.34743297,4.4320636,2.7775283,-0.81031954,4.717724,-2.3738055,-1.1726658,1
10.0,10,-4.023459,-2.0100358,-3.5122802,-0.8195467,-3.2918487,-2.9999688,-2.9562705,-0.9580475,0.73066616,-2.8283465,8.576825,-0.029435875,0.07278607,0.4149897,3.8434901,3.0408769,-0.8806593,5.213253,-2.5322967,-1.2600151,1
10.0,10,-4.3632154,-2.3251853,-3.4361405,-0.61754966,-3.2101467,-2.786647,-3.088548,-0.499543,0.18227558,-2.9289596,8.204153,0.4211005,0.4958614,0.18221632,4.918758,2.229257,-0.44879097,5.171464,-2.3206143,-1.3025743,1
10.0,10,-4.3676066,-2.3394017,-3.455965,-0.60367876,-3.2127132,-2.7778673,-3.0837584,-0.47879103,0.16650239,-2.9320307,8.180976,0.42121515,0.53434974,0.17779602,4.9943104,2.211074,-0.45265383,5.0766306,-2.3025956,-1.2885389,1
5.0,5,-0.97245324,-1.9093175,-1.5297023,-1.2625868,4.6105804,10.478445,-1.0514971,2.9877894,-2.981362,-1.5881789,-1.8598653,-1.0006303,0.8955758,-0.03977132,4.0050683,1.0579104,-2.9242642,-3.5477388,-4.187286,-4.6188946,1
5.0,5,-0.9499463,-1.8714501,-1.5360328,-1.2751594,4.672787,10.539166,-1.0819248,2.780849,-2.9349291,-1.5402646,-1.8542211,-1.0349535,0.7829415,-0.017634824,3.996643,1.1274239,-2.9150298,-3.464042,-4.2195816,-4.6867166,1
5.0,5,-0.8330827,-1.8480052,-1.694298,-1.3165519,5.2306643,10.3571615,-0.90994513,2.2373528,-3.120316,-1.3882242,-1.9480987,-0.9816129,0.812138,0.037445515,4.080832,1.1159171,-2.9628994,-3.414216,-4.183714,-4.7207036,1
5.0,5,-0.7396797,-1.6125529,-1.723984,-1.3676112,5.547013,10.510313,-1.0127413,1.4928406,-3.0065246,-1.2364743,-1.9293498,-1.1259937,0.34509373,0.11816086,3.904402,1.3992611,-2.9321523,-2.8239143,-4.3936076,-5.051986,1
5.0,5,-0.9345058,-1.8410549,-1.5377321,-1.2811596,4.708614,10.581857,-1.1047369,2.6540647,-2.904146,-1.5112344,-1.851553,-1.0597588,0.70783913,-0.0034055635,3.9812136,1.167908,-2.9069,-3.3969355,-4.243927,-4.7342844,1
5.0,5,-0.9553654,-1.880789,-1.534956,-1.2735701,4.6596255,10.527137,-1.076297,2.8202462,-2.94276,-1.5504028,-1.8535943,-1.0282389,0.80483174,-0.022205569,4.0022216,1.1156965,-2.9175508,-3.4835565,-4.2123013,-4.6725154,1
0.0,0,11.570722,2.4051213,0.19029437,-0.85556895,2.0902936,0.19673827,0.04913968,2.9460409,-1.9602958,0.082543164,-1.3595836,-2.830601,0.14538926,-2.8422348,-3.880837,-0.23063186,-1.8412797,-2.7975035,-3.9851737,-2.2470841,1
0.0,0,11.58009,2.4049623,0.19328183,-0.8499989,2.0863233,0.19171357,0.04080203,2.9346075,-1.9569365,0.08152725,-1.350416,-2.8275442,0.13448735,-2.8367908,-3.8799293,-0.22683343,-1.8387048,-2.796501,-3.9813132,-2.2451477,1
0.0,0,11.5913515,2.415357,0.19929263,-0.84266776,2.068771,0.19009525,0.038215175,2.919117,-1.9409004,0.08816178,-1.3468199,-2.832075,0.13175371,-2.8300483,-3.8885431,-0.23075297,-1.8485073,-2.7849045,-3.9806542,-2.2389274,1
0.0,0,11.6106615,2.3635528,0.21005753,-0.8482592,2.0737307,0.16851574,0.004400566,2.9227188,-1.9538904,0.0821034,-1.3176396,-2.8044603,0.09315902,-2.8041224,-3.875703,-0.20149034,-1.8221146,-2.80684,-3.9603534,-2.2224731,1
0.0,0,11.584831,2.4029226,0.19506042,-0.8478472,2.0847723,0.18870893,0.035932362,2.9298902,-1.956041,0.080818325,-1.3453915,-2.8251708,0.12839146,-2.8334692,-3.8790653,-0.22410564,-1.8365377,-2.7969892,-3.9788275,-2.2436144,1
0.0,0,11.577041,2.4054992,0.19270626,-0.8517184,2.0871108,0.19324574,0.04367867,2.9382699,-1.9579309,0.08178499,-1.3536254,-2.8286312,0.1384743,-2.8385906,-3.8804536,-0.2283677,-1.8396273,-2.7968602,-3.9824061,-2.2454374,1
12.0,12,-2.0083268,0.46662197,0.12233348,-0.720511,-3.291231,-2.3686106,2.3922875,-4.942025,4.429526,0.5331378,-0.43388775,-2.5571423,9.097329,1.4712853,-3.5339396,-3.8250678,-0.89496833,-2.647884,7.2457585,0.48875138,1
12.0,12,-2.0325062,0.7491647,0.05955711,-0.74898446,-3.2167056,-2.2361257,2.590321,-4.9930983,4.6435113,0.46187466,-0.41892466,-2.6845915,9.299939,1.3218845,-3.5227559,-3.830878,-1.2166951,-2.424402,6.555999,0.31352672,1
12.0,12,-2.5611129,1.4818116,0.0008190274,-0.98855,-3.2056313,-1.8836789,2.2822385,-5.7683167,6.7053924,1.2887783,0.03858132,-3.1609426,8.405043,1.3775442,-3.0623686,-4.1148143,-2.0700867,-1.6021167,4.693623,-0.02542237,1
12.0,12,-2.576761,2.233153,-0.12979865,-1.0955648,-2.8694751,-1.6136361,2.6877353,-5.7796726,6.3037767,0.9620932,-0.11502258,-3.4273062,8.373758,1.0897954,-2.4851067,-3.8696585,-2.303273,-1.104335,3.358017,-0.5672311,1
12.0,12,-2.0557692,1.0157101,0.0035198182,-0.7799143,-3.142406,-2.1025462,2.7767785,-5.0150633,4.7861094,0.39873183,-0.4216705,-2.8111854,9.453019,1.1980292,-3.4834514,-3.8187528,-1.4939181,-2.207173,5.8957753,0.15333325,1
12.0,12,-2.012981,0.6504041,0.08972463,-0.72972137,-3.2428648,-2.2874491,2.5260828,-4.9876657,4.560346,0.4733261,-0.4258401,-2.6281545,9.232272,1.3684522,-3.536996,-3.8249447,-1.0986142,-2.5078719,6.813635,0.38370112,1
18.0,9,-1.1906774,1.1318076,3.0812361,-3.4731648,-2.1999204,0.61729294,-2.7297325,-2.8675559,8.421441,8.909786,-0.52469504,-2.8088944,-0.30262572,0.023596518,-1.1220075,-1.7484896,-1.3926134,-0.06815226,-1.7543048,-0.8880129,0
18.0,9,-1.1891923,1.1142367,3.0615134,-3.475756,-2.1834707,0.60349685,-2.7224667,-2.8624148,8.41605,8.924967,-0.5191931,-2.7987463,-0.2890462,0.022958241,-1.1484647,-1.7769363,-1.3783076,-0.058008976,-1.7353058,-0.8710943,0
18.0,9,-1.1929846,1.0948471,3.016529,-3.4485366,-2.2108958,0.61317265,-2.7409902,-2.8940504,8.496559,8.875955,-0.49166456,-2.7830753,-0.28171748,0.011348769,-1.149755,-1.7710415,-1.390361,-0.082099326,-1.6771826,-0.8587257,0
18.0,9,-1.1977851,1.1552299,3.1202798,-3.4710677,-2.2306292,0.6454356,-2.7418442,-2.8655264,8.425957,8.886522,-0.5318673,-2.8244245,-0.3253438,0.024500206,-1.0781142,-1.7074201,-1.4139667,-0.08942617,-1.7770891,-0.9210632,0
18.0,9,-1.1926268,1.1158043,3.0712163,-3.4756842,-2.1912563,0.6124669,-2.7254927,-2.860126,8.421113,8.915778,-0.5187982,-2.8010337,-0.294495,0.023696184,-1.140445,-1.7687682,-1.3842096,-0.06225758,-1.7372115,-0.88161397,0
18.0,9,-1.1921455,1.1251776,3.07834,-3.4748034,-2.1966853,0.6162343,-2.727976,-2.8635626,8.420494,8.912376,-0.52237254,-2.8057384,-0.29943687,0.023907632,-1.1288378,-1.7567402,-1.389372,-0.066264816,-1.7474535,-0.8864578,0
0.0,0,11.645455,1.6619278,1.6111021,-0.6717155,1.7950122,-1.0731353,-1.8707026,0.17356479,-1.7272208,-0.89849514,0.84525776,-2.7268772,-1.8623185,-2.4150784,-2.262172,2.7249608,-1.0128322,-3.09612,-2.8926287,-2.4457996,1
0.0,0,11.6544485,1.6583682,1.6115859,-0.66662765,1.7935666,-1.0738969,-1.8702949,0.16752194,-1.7227645,-0.9019728,0.847936,-2.72196,-1.8583865,-2.4134912,-2.258675,2.7096608,-1.0132504,-3.097326,-2.8883567,-2.4440248,1
0.0,0,11.683219,1.6839526,1.6270754,-0.63933897,1.7658813,-1.0762506,-1.8593136,0.13094741,-1.7106297,-0.89988816,0.83642936,-2.7344081,-1.8493953,-2.4129279,-2.2651405,2.6704872,-0.99759924,-3.0944972,-2.8679442,-2.431685,1
0.0,0,11.72685,1.6377362,1.645361,-0.6067875,1.7490582,-1.1120477,-1.8678081,0.09413962,-1.6932493,-0.94519866,0.88959825,-2.6904542,-1.8303918,-2.3833094,-2.229578,2.576055,-0.9904238,-3.1106124,-2.829537,-2.4057665,1
0.0,0,11.659338,1.6573905,1.6117226,-0.66378295,1.7923517,-1.0738472,-1.869745,0.16550776,-1.720281,-0.90295464,0.848639,-2.7196138,-1.8561693,-2.4131663,-2.2578979,2.701323,-1.0138726,-3.0977614,-2.88661,-2.4429464,1
0.0,0,11.650803,1.6618344,1.6106498,-0.6688654,1.7937386,-1.0719075,-1.8697063,0.17201285,-1.7241639,-0.89852047,0.8448503,-2.7249033,-1.8597254,-2.4154592,-2.2621872,2.7162156,-1.0141323,-3.0962145,-2.8913412,-2.4449809,1
6.0,6,-2.7886896,1.2585772,-2.9345088,-0.38510174,-0.34781978,0.2193375,10.808417,0.42446974,-2.5739589,-2.8261104,-0.36264637,-1.7234523,2.7333248,-1.204281,-1.3307629,-0.007073818,-1.9983001,-3.0513902,1.3320376,-0.37529138,1
6.0,6,-2.790809,1.2599709,-2.9354682,-0.38550645,-0.3497148,0.2106314,10.802668,0.41304445,-2.5754561,-2.8261669,-0.36108875,-1.7193537,2.7341325,-1.1977327,-1.319902,0.0029272158,-1.9988528,-3.0482228,1.3308792,-0.3764814,1
6.0,6,-2.81211,1.2773112,-2.93105,-0.3958799,-0.40792122,0.13969211,10.767574,0.31772453,-2.5576108,-2.7932742,-0.33300444,-1.7101436,2.7119298,-1.1311722,-1.2478092,0.054671258,-1.9892652,-3.0480483,1.3216066,-0.34058544,1
6.0,6,-2.8042154,1.2741758,-2.9280736,-0.39451778,-0.4073227,0.17127416,10.792852,0.3715167,-2.5508966,-2.7961333,-0.33928117,-1.7247329,2.7033985,-1.156823,-1.296256,0.023017937,-1.9905314,-3.0630333,1.3259753,-0.32923394,1
6.0,6,-2.7947652,1.2644671,-2.9381194,-0.38609618,-0.35799447,0.19554883,10.792436,0.39501303,-2.5768273,-2.8262079,-0.35709968,-1.7129682,2.7324746,-1.1833084,-1.3012539,0.02294595,-2.001983,-3.045121,1.3266585,-0.3759841,1
6.0,6,-2.7922177,1.2604166,-2.93618,-0.3858409,-0.34960923,0.2048766,10.798539,0.40446046,-2.5767949,-2.8262703,-0.3601524,-1.7165418,2.7356904,-1.19359,-1.3119018,0.008984165,-1.9989469,-3.0453298,1.3302611,-0.37827983,1
10.0,10,-2.722523,-2.403838,-1.4561548,1.6434518,-3.3234627,-2.4550984,-1.3613434,-2.3409817,2.2147508,-2.946201,11.666649,2.0840428,-0.29431447,-0.33636278,-0.30361873,-0.2634959,0.35998857,0.7954251,-1.2131507,-0.1948421,1
10.0,10,-2.724516,-2.403822,-1.4576252,1.6390035,-3.3228745,-2.4546492,-1.3606654,-2.3408713,2.2153897,-2.946596,11.667029,2.084822,-0.29517692,-0.33580285,-0.30188692,-0.260922,0.35778922,0.79654294,-1.2129877,-0.1949031,1
10.0,10,-2.727777,-2.4037294,-1.4602407,1.6325082,-3.3221998,-2.453394,-1.3591529,-2.340204,2.2163186,-2.947431,11.667418,2.086337,-0.29692295,-0.33488613,-0.29896528,-0.2560606,0.35381496,0.79639363,-1.2126546,-0.19498895,1
10.0,10,-2.7340012,-2.402589,-1.465879,1.6228688,-3.322672,-2.4538825,-1.3579307,-2.3396463,2.2183557,-2.9470992,11.668477,2.090188,-0.29725248,-0.33596987,-0.29684368,-0.2536472,0.35324574,0.80292183,-1.2106993,-0.19465327,1
10.0,10,-2.7270162,-2.4036906,-1.4595395,1.6339993,-3.322245,-2.45306,-1.3591007,-2.340137,2.2160487,-2.947289,11.667243,2.0857651,-0.29710573,-0.3348348,-0.29937792,-0.25619444,0.35362816,0.7950418,-1.2129558,-0.19503467,1
10.0,10,-2.7246299,-2.4037836,-1.4577203,1.6389477,-3.3228803,-2.4542441,-1.3603607,-2.3406434,2.2153792,-2.9466863,11.666951,2.0848494,-0.2955334,-0.33566314,-0.30166036,-0.26022863,0.3571316,0.7955439,-1.2130563,-0.19492753,1
14.0,14,-1.3761058,-3.4390619,-2.5378692,-3.3955214,6.81074,4.2052813,-2.3314025,-0.82913285,-1.5668613,-2.3072524,-1.1854875,0.085992396,0.43969327,-0.4193141,9.278304,0.766604,0.41843724,0.02842182,-3.8365679,-4.71913,1
14.0,14,-1.3902582,-3.4106014,-2.5345147,-3.388861,6.817867,4.229345,-2.3553073,-0.82688737,-1.5737067,-2.3030825,-1.1908345,0.11392379,0.39686596,-0.4278406,9.303973,0.81991744,0.36239135,0.05518759,-3.8753257,-4.726036,1
14.0,14,-1.3710452,-3.5385923,-2.54088,-3.409742,6.772682,3.8627884,-2.4890442,-0.99282515,-1.4964,-2.2903838,-1.0798789,0.18038307,0.47674793,-0.33771157,9.463402,0.97673523,0.3360954,-0.019228697,-3.7698965,-4.547048,1
14.0,14,-1.3937311,-3.4511611,-2.5323887,-3.4027739,6.8198004,3.889362,-2.549403,-0.98539186,-1.5463606,-2.2673004,-1.108001,0.24196261,0.37480685,-0.38006634,9.497964,1.0820792,0.261523,0.0672446,-3.8498182,-4.581002,1
14.0,14,-1.4003673,-3.3856306,-2.5323122,-3.3833551,6.8247523,4.249831,-2.374558,-0.8231858,-1.5818704,-2.2989008,-1.1972946,0.13597791,0.364219,-0.4348982,9.319902,0.8573485,0.32354617,0.077488564,-3.9058857,-4.734305,1
14.0,14,-1.3885825,-3.41419,-2.5346642,-3.3893561,6.816279,4.227936,-2.3529418,-0.8267534,-1.5723428,-2.3037198,-1.1901611,0.11081308,0.40124983,-0.4263869,9.3013525,0.8145005,0.36786485,0.051859245,-3.871573,-4.7253385,1
13.0,5,-0.73921597,-2.0933266,-3.683503,-2.0780365,5.886006,7.3030105,-0.9678256,0.4211512,-1.7058451,-2.8052883,-1.8076124,-1.6226714,0.47363836,2.0174077,5.091411,2.0221002,-3.3642695,-1.303649,-5.9683647,-4.904807,0
13.0,5,-0.7011726,-2.056728,-3.6537545,-2.0539048,5.9425044,7.3835673,-0.9840688,0.37441254,-1.7122953,-2.7984607,-1.8240138,-1.5931197,0.38654494,2.017584,5.0076494,2.0467577,-3.376102,-1.252179,-5.9786077,-4.972881,0
13.0,5,-0.7700833,-2.051204,-3.6883094,-2.0656247,5.75738,7.237261,-1.1214981,0.29990363,-1.6542126,-2.7939074,-1.7972382,-1.5626056,0.47243857,2.2362328,5.109126,2.1487374,-3.4265468,-1.1920367,-5.9952693,-4.95678,0
13.0,5,-0.62717116,-1.9684176,-3.6109414,-2.0131063,6.0852394,7.454413,-1.0724697,0.1316985,-1.734598,-2.7743404,-1.8483851,-1.4888663,0.16877343,2.1138039,4.8521624,2.2261443,-3.425952,-1.052832,-5.991461,-5.1727986,0
13.0,5,-0.66800046,-2.0268128,-3.6287136,-2.0351987,5.997194,7.4492664,-0.99415416,0.3313983,-1.7207611,-2.7908723,-1.8377768,-1.5687923,0.30923238,2.0131483,4.937165,2.0710561,-3.3842278,-1.2095958,-5.9850073,-5.031262,0
13.0,5,-0.7055261,-2.0628853,-3.658902,-2.0586689,5.9392424,7.368893,-0.9802508,0.3783752,-1.7127923,-2.7999885,-1.8216356,-1.5983645,0.39864627,2.0145237,5.0216517,2.0450673,-3.3731763,-1.2590883,-5.9762793,-4.9639254,0
14.0,14,-3.5421915,-1.1414254,-1.3906457,-1.6369449,-0.50059783,3.1591275,1.0914556,6.471474,-3.4193769,-0.7136616,-1.6004633,-1.5424142,2.3805299,1.0164934,7.511535,-1.8756807,-2.112989,-1.1665931,-3.018218,-1.2244723,1
14.0,14,-3.5272746,-1.1079696,-1.416571,-1.6812747,-0.3553434,3.3245006,0.8955932,6.380324,-3.4099746,-0.7559986,-1.6391461,-1.5399872,2.1986492,0.95955485,7.7106853,-1.6981664,-2.1425872,-0.9788258,-3.1577554,-1.3854055,1
14.0,14,-3.4635398,-1.2841276,-1.5847543,-1.7653726,-0.089988016,3.360081,0.051627733,5.1347537,-2.992306,-0.3080802,-1.6383861,-1.2986879,2.182511,1.1638721,8.794604,-1.5065321,-1.9054604,-1.4877461,-3.0391064,-1.3553683,1
14.0,14,-3.3600006,-1.2969866,-1.8653306,-1.9477769,0.58587873,3.8281078,-0.8251052,3.9716,-2.6552277,-0.5131338,-1.5251398,-1.103291,1.6986485,0.8626102,9.844922,-0.65308,-2.0150192,-1.1752712,-3.336894,-1.8769536,1
14.0,14,-3.5194473,-1.086061,-1.4546716,-1.7160882,-0.21582758,3.4648006,0.68919736,6.246608,-3.3879845,-0.796864,-1.6539694,-1.5101705,2.0201578,0.91335016,7.941017,-1.5189053,-2.1622872,-0.82826525,-3.278039,-1.5220267,1
14.0,14,-3.5272746,-1.1118511,-1.4234421,-1.6816547,-0.3452997,3.3187556,0.88536584,6.366361,-3.4075027,-0.75658715,-1.6347482,-1.5312891,2.1908636,0.95618945,7.735119,-1.6897014,-2.1393774,-0.9868759,-3.1584096,-1.3837168,1
8.0,8,-0.97116137,1.2065357,4.242376,0.13071181,-2.886286,0.7696122,-2.0710976,-4.4757166,9.263992,0.35192305,-0.5564163,-3.2256653,5.2749977,-0.3772608,-0.60625196,-0.8992117,-4.196692,-1.9563028,-0.19320871,-3.4056883,1
8.0,8,-0.9760958,1.2000682,4.230943,0.12630539,-2.8863842,0.7687178,-2.0715418,-4.4760404,9.26937,0.3547932,-0.5568485,-3.223795,5.289049,-0.37482035,-0.61159384,-0.9065988,-4.195675,-1.951743,-0.18384406,-3.4010892,1
8.0,8,-0.98756814,1.1979191,4.195234,0.11692591,-2.8937292,0.7702216,-2.0736723,-4.4827485,9.281747,0.34847018,-0.5429883,-3.214834,5.2843957,-0.37352133,-0.60345423,-0.9019919,-4.196251,-1.9547008,-0.14989835,-3.4002,1
8.0,8,-0.96401846,1.2142652,4.256083,0.13404365,-2.8841841,0.7715066,-2.0720477,-4.47565,9.258735,0.3474812,-0.5540545,-3.2271698,5.2515907,-0.382276,-0.5978013,-0.8901653,-4.1968846,-1.9614373,-0.20056859,-3.4133923,1
8.0,8,-0.97771335,1.1996719,4.227058,0.12572639,-2.8881698,0.76827717,-2.0724845,-4.477349,9.272179,0.35571057,-0.55542064,-3.2229764,5.289219,-0.37347353,-0.6120857,-0.90779907,-4.1952105,-1.9508759,-0.17973985,-3.4001973,1
8.0,8,-0.9741585,1.2032397,4.236224,0.12852104,-2.8870575,0.76903915,-2.0715833,-4.476236,9.267618,0.3539927,-0.55634046,-3.224577,5.2818294,-0.37540954,-0.60941374,-0.9032403,-4.1959834,-1.9537071,-0.18809256,-3.4028842,1
3.0,3,0.1406954,0.6012767,1.385172,11.269164,-0.5593145,1.0880162,-0.4683799,-0.39616853,-1.8334564,-2.3469298,-1.0957445,1.0808707,0.41752505,-1.7394667,-1.4994692,-0.15365534,-0.1971086,-1.0368997,-3.5681849,-1.940868,1
3.0,3,0.1405949,0.60002184,1.3848019,11.269657,-0.56023663,1.0867865,-0.46934623,-0.39780524,-1.8319308,-2.3488128,-1.0900024,1.0805651,0.41745782,-1.7403264,-1.4986852,-0.1528043,-0.19764955,-1.0386114,-3.5682077,-1.9404058,1
3.0,3,0.14076316,0.59999824,1.3835139,11.270155,-0.56047755,1.0861673,-0.46977597,-0.39867955,-1.8313209,-2.3499715,-1.0860705,1.080035,0.41700748,-1.7412014,-1.4981085,-0.15183583,-0.19897647,-1.0392629,-3.56855,-1.9399478,1
3.0,3,0.14105722,0.5989689,1.3823149,11.271008,-0.56188273,1.0846047,-0.47111398,-0.40111515,-1.8291527,-2.3528738,-1.077107,1.0789092,0.41655284,-1.7423364,-1.4971128,-0.15011755,-0.20089194,-1.0417486,-3.568963,-1.9391125,1
3.0,3,0.14055073,0.59871143,1.3844633,11.27018,-0.5612495,1.0854368,-0.4703567,-0.39963037,-1.8302346,-2.3509176,-1.0837313,1.0800785,0.41738927,-1.7412379,-1.497811,-0.15184487,-0.19834553,-1.040561,-3.5682535,-1.9399034,1
3.0,3,0.14063215,0.6002678,1.3848473,11.26956,-0.56014675,1.087111,-0.46922177,-0.39744604,-1.8322227,-2.3484087,-1.091132,1.0806556,0.41746214,-1.7400274,-1.4989432,-0.15296859,-0.19752426,-1.0382851,-3.5682197,-1.9404747,1
3.0,1,-1.0659451,8.290194,-1.7615341,8.185003,-1.6895375,0.55068696,2.010427,-0.5899342,-3.5828912,-0.9571391,-2.1097708,-0.052910216,-1.5541943,-0.8650024,0.39984348,-1.2538171,-0.47161812,0.618942,-3.2541747,-2.8857126,0
3.0,1,-1.0660552,8.290447,-1.7615404,8.184866,-1.6895136,0.5510783,2.009832,-0.5899991,-3.5829976,-0.9570679,-2.1098242,-0.05280379,-1.5543579,-0.8650095,0.40078226,-1.2534193,-0.47185618,0.6185931,-3.2542324,-2.8858213,0
3.0,1,-1.066333,8.292868,-1.7626839,8.183161,-1.6898514,0.5525087,2.0072846,-0.59084094,-3.583094,-0.9569148,-2.109067,-0.053065553,-1.5550717,-0.8629734,0.40305236,-1.2525008,-0.47352517,0.6192562,-3.2545056,-2.8866048,0
3.0,1,-1.0657475,8.2907505,-1.7626766,8.186854,-1.6884422,0.5521684,2.0056689,-0.5905628,-3.5842032,-0.958383,-2.1085079,-0.04960872,-1.5558808,-0.86690307,0.4044078,-1.2505953,-0.47194397,0.6178666,-3.2541928,-2.886244,0
3.0,1,-1.066,8.290418,-1.761482,8.185001,-1.6894178,0.55108374,2.0097022,-0.59002745,-3.5830417,-0.9571,-2.1098514,-0.052653383,-1.5544251,-0.8651521,0.40085152,-1.253301,-0.4718309,0.61853665,-3.2542286,-2.885834,0
3.0,1,-1.0659548,8.29045,-1.7614348,8.184739,-1.6895576,0.550803,2.0103312,-0.59002125,-3.582846,-0.9569992,-2.109899,-0.053082936,-1.5542233,-0.86474997,0.39995125,-1.2537997,-0.47180462,0.61895394,-3.254212,-2.8857899,0
18.0,18,-1.2346795,-1.4635968,0.14148612,-0.44339615,-1.3347636,-2.3815491,-1.0233208,-0.30994564,-0.8878086,-0.92428064,-1.8239812,0.19540627,4.689157,1.0362072,-1.3919762,-2.1330748,2.7448943,-2.984433,10.74496,2.063909,1
18.0,18,-1.2253392,-1.468603,0.14118044,-0.43673453,-1.3143547,-2.3830545,-1.0270804,-0.33218256,-0.8975206,-0.92266715,-1.8237349,0.20049253,4.6969404,1.0528626,-1.3905362,-2.133796,2.7262301,-2.9867933,10.749243,2.0686488,1
18.0,18,-1.3296373,-1.4177372,0.022981483,-0.38944423,-1.3782243,-2.3776202,-1.069309,-0.48254013,-0.56370854,-0.85889024,-1.7713189,0.15452924,5.112087,1.0737484,-1.443303,-2.268561,2.31593,-2.9584951,10.831105,2.1886172,1
18.0,18,-1.4200792,-1.252769,-0.17597231,-0.41291803,-1.4167627,-2.374999,-0.93260354,-0.13817862,-0.70800424,-1.0439461,-1.8519832,0.089836866,5.4857526,0.77836156,-1.3998959,-2.1806707,2.2047439,-2.8573418,10.579793,2.201625,1
18.0,18,-1.2338616,-1.4502993,0.10779044,-0.4217731,-1.2955205,-2.3851542,-1.0120838,-0.33774838,-0.9083825,-0.94158256,-1.8261868,0.19678037,4.7781987,1.0399668,-1.384934,-2.1345353,2.6555378,-2.9781117,10.74148,2.0905933,1
18.0,18,-1.2264864,-1.4680961,0.14282487,-0.43648836,-1.318054,-2.3823416,-1.0258992,-0.33147794,-0.89835596,-0.9233461,-1.8231403,0.2010201,4.6888356,1.051144,-1.38917,-2.1321132,2.7330017,-2.9868286,10.750499,2.067397,1
17.0,17,-1.5609689,1.9883776,-0.6449421,-1.1953917,0.2989254,1.4568799,-1.3785195,1.3312185,-1.2906033,-0.9376713,-0.9659629,-0.6960655,0.4883634,-0.40172094,-3.0201168,1.090442,-0.46694666,11.651062,-3.6167603,-3.555318,1
17.0,17,-1.5591141,1.9922752,-0.63632756,-1.1931399,0.2917501,1.4720489,-1.3787322,1.3634737,-1.3004926,-0.9332276,-0.9995128,-0.69735783,0.488805,-0.40447658,-3.022825,1.0843191,-0.4532314,11.6370535,-3.6142983,-3.5578065,1
17.0,17,-1.555041,1.9952327,-0.66656494,-1.1981311,0.2710656,1.4386343,-1.3630588,1.2748713,-1.277284,-0.9382116,-0.91909415,-0.68181926,0.51926243,-0.37215823,-3.035178,1.1300311,-0.52877563,11.634781,-3.625422,-3.5535574,1
17.0,17,-1.5564051,1.9892501,-0.7070185,-1.2087593,0.2701723,1.3888035,-1.3464661,1.153558,-1.244481,-0.95070285,-0.8043371,-0.6710317,0.5453037,-0.3419497,-3.0371118,1.1839538,-0.615563,11.647933,-3.640851,-3.5450933,1
17.0,17,-1.560329,1.987771,-0.64770323,-1.1973826,0.28741556,1.45384,-1.3771757,1.3011901,-1.2823282,-0.94361514,-0.9196857,-0.6827746,0.48432595,-0.3822065,-3.02372,1.1133515,-0.50606364,11.649166,-3.6312823,-3.5619185,1
17.0,17,-1.5605309,1.9880694,-0.6464839,-1.1964617,0.29480764,1.4547148,-1.3777144,1.3155578,-1.2860054,-0.93993944,-0.9440829,-0.69087046,0.4870302,-0.39319378,-3.0214972,1.1005049,-0.48559678,11.651157,-3.6233654,-3.5579062,1
13.0,13,-1.2587638,1.3659192,-0.8544361,-1.7344775,-1.9540193,1.9794247,-1.959472,0.55670136,-2.1013498,-1.2985682,-2.1999297,-1.6335309,2.6118279,12.032794,-0.48319036,-0.7210055,-2.519827,-0.64551675,-1.9811698,-2.0923855,1
13.0,13,-1.2568643,1.3671212,-0.85406935,-1.7360938,-1.9514353,1.9785373,-1.9611976,0.5553315,-2.1003714,-1.2995828,-2.198548,-1.6346111,2.6210399,12.030347,-0.4849752,-0.7235794,-2.5236218,-0.64301145,-1.9834722,-2.0939927,1
13.0,13,-1.2578063,1.3657242,-0.8603964,-1.7375411,-1.9502091,1.9878412,-1.9657924,0.5517633,-2.1009667,-1.2954942,-2.1994898,-1.6243,2.5940688,12.039193,-0.480751,-0.71630937,-2.519925,-0.63823384,-1.9746544,-2.0964737,1
13.0,13,-1.232969,1.378771,-0.8653006,-1.7473017,-1.951632,1.9621416,-1.9683309,0.55932987,-2.0922396,-1.3067117,-2.1842067,-1.6625001,2.771016,11.988207,-0.51597464,-0.7567264,-2.558402,-0.64141226,-2.001523,-2.0817773,1
13.0,13,-1.25404,1.3695352,-0.85392547,-1.7374741,-1.9495173,1.9764769,-1.9629486,0.55375266,-2.0993316,-1.3010039,-2.1966288,-1.637514,2.6356032,12.026179,-0.48803064,-0.7267701,-2.528564,-0.6404447,-1.9868072,-2.094485,1
13.0,13,-1.257951,1.3670925,-0.8538422,-1.7353758,-1.9515004,1.9792705,-1.960994,0.554531,-2.1009789,-1.2992952,-2.1989849,-1.6332704,2.6131225,12.032373,-0.48329428,-0.7213419,-2.5220041,-0.64242375,-1.9828147,-2.0944133,1
4.0,7,-4.0810003,-3.8553677,-3.4527476,-3.072775,4.5743375,-0.2328893,4.8204255,9.19568,-5.241496,-2.2056527,-1.91763,-1.5001745,1.5685083,-2.0586429,2.1705673,0.8917315,0.05217205,0.30169624,-3.128336,-0.27501476,0
4.0,7,-4.1032305,-3.8826728,-3.536226,-3.0831354,4.7348166,-0.31235775,4.7702303,9.018623,-5.2789392,-2.3063447,-1.8792708,-1.4495844,1.6392237,-2.084797,2.2963614,0.9961515,0.0036527738,0.44555947,-3.1346035,-0.29785576,0
4.0,7,-4.1295276,-3.890034,-3.729884,-3.093678,5.0290327,-0.43066207,4.7168546,8.512737,-5.28159,-2.5795329,-1.7991922,-1.4108735,1.9488649,-2.0729027,2.617205,1.1293833,-0.22786446,0.82508016,-3.2032752,-0.37619573,0
4.0,7,-4.15049,-3.9230087,-3.7788734,-3.1274729,5.137918,-0.521732,4.616747,8.378668,-5.291809,-2.6089194,-1.7594984,-1.3642846,1.9537591,-2.1018124,2.690473,1.1724124,-0.1442133,0.97589034,-3.1746283,-0.3911975,0
4.0,7,-4.1069107,-3.8876805,-3.5483668,-3.0868497,4.759702,-0.32614455,4.758062,8.990565,-5.2838473,-2.3190467,-1.873566,-1.4415376,1.6474012,-2.0898614,2.3156075,1.0104866,0.004250534,0.47110012,-3.133862,-0.30166355,0
4.0,7,-4.098139,-3.8758495,-3.5148835,-3.0811903,4.6935263,-0.29210803,4.780477,9.065119,-5.269447,-2.2793987,-1.8901888,-1.462322,1.621011,-2.0783179,2.2649848,0.96798396,0.019811455,0.4088084,-3.1321092,-0.29208866,0
7.0,6,-1.793246,-0.82668114,-1.6320949,-1.5410839,0.99913293,0.8856475,9.5279455,8.928139,-3.4585843,-2.7828887,-0.88971645,-0.66358435,-1.4120103,-2.3412488,-3.499178,1.830206,-2.648473,-3.3019974,-3.0847068,0.25095442,0
7.0,6,-1.7825414,-0.8354416,-1.6541588,-1.5446342,1.0448397,0.84517694,9.545652,8.869038,-3.4868996,-2.8071964,-0.88066083,-0.6216859,-1.4433371,-2.3470643,-3.4759383,1.9158962,-2.656752,-3.31165,-3.0781255,0.24759439,0
7.0,6,-1.7858839,-0.7740463,-1.7735323,-1.5378226,1.0612518,0.68998283,9.750084,8.394502,-3.5003288,-2.8602092,-0.83089435,-0.5781852,-1.4516169,-2.283465,-3.3399498,2.263824,-2.7967114,-3.3514054,-3.0535245,0.2833552,0
7.0,6,-1.7827147,-0.7468011,-1.7883346,-1.5374801,1.0193292,0.6716235,9.774388,8.332625,-3.4799109,-2.849118,-0.82919943,-0.6033724,-1.4276354,-2.2593813,-3.3254755,2.3010237,-2.8346543,-3.35847,-3.0610113,0.31662074,0
7.0,6,-1.759552,-0.84369296,-1.6839781,-1.5505997,1.0964928,0.78309345,9.558249,8.794857,-3.518808,-2.8367064,-0.86660486,-0.57188463,-1.4790518,-2.3490314,-3.445419,2.0305648,-2.6741226,-3.3199086,-3.078484,0.2540793,0
7.0,6,-1.7833893,-0.8363518,-1.6552538,-1.5448682,1.0482523,0.84392494,9.5481615,8.865097,-3.488997,-2.8085632,-0.88035184,-0.61883837,-1.4457762,-2.3480065,-3.4746253,1.9201498,-2.656036,-3.3125763,-3.0764022,0.24598554,0
16.0,16,-1.3867269,-0.9049277,-0.81949097,-1.5797226,0.24906138,-2.9059896,-2.9480283,1.1858311,-1.6786779,0.7856877,-1.0631438,2.7082272,-2.5540967,-2.0658474,0.1532794,-0.78234375,11.344094,3.5256705,0.010007413,-0.7895305,1
16.0,16,-1.4062579,-0.8866527,-0.8238482,-1.5800081,0.22532019,-2.9070828,-2.999377,1.1385084,-1.6499704,0.77567375,-1.0352682,2.7120116,-2.5393794,-2.0433545,0.13824758,-0.7895799,11.331973,3.6621678,0.0008191671,-0.8161295,1
16.0,16,-1.4198345,-0.8996894,-0.87503594,-1.5861347,0.25142965,-2.9679217,-3.0227988,1.0235574,-1.6345488,0.75930715,-0.97982967,2.7621694,-2.5117447,-2.0216856,0.17102288,-0.7878522,11.351465,3.6966991,0.037422754,-0.7912035,1
16.0,16,-1.4371514,-0.88390696,-0.8758526,-1.5865355,0.2324875,-2.964755,-3.0626516,0.98782766,-1.6098279,0.75236964,-0.96214163,2.761632,-2.498026,-2.008067,0.15727398,-0.79309815,11.335848,3.8198512,0.026728991,-0.8180156,1
16.0,16,-1.4209912,-0.8729437,-0.8265937,-1.5801365,0.20782283,-2.9066832,-3.0364017,1.1041459,-1.6287825,0.76851594,-1.0157262,2.7138884,-2.5282476,-2.0278037,0.12626825,-0.79405457,11.321792,3.7651184,-0.006383162,-0.83684444,1
16.0,16,-1.4063324,-0.8863751,-0.82501596,-1.5801653,0.22747481,-2.9069657,-3.000908,1.1391305,-1.6510185,0.7745038,-1.0335754,2.7125323,-2.541094,-2.0435438,0.13889149,-0.7885968,11.331239,3.664562,-0.0017232783,-0.8167707,1
14.0,14,-2.5358725,0.6716263,-0.56819105,0.80128735,0.096438006,2.5218782,-3.0318296,-0.26608625,-1.2460394,-3.5644057,-0.8021603,-2.2286158,-0.2828756,-1.6675658,10.090179,5.290397,-1.7097043,0.46606034,-3.8723474,-4.127926,1
14.0,14,-2.5038764,0.64438707,-0.5443343,0.77339464,0.06489142,2.549277,-3.0830677,-0.46964908,-1.1412342,-3.5442278,-0.73702204,-2.2045066,-0.2906853,-1.6423049,10.116959,5.4106026,-1.7436644,0.27001008,-3.8010187,-4.126371,1
14.0,14,-2.5871449,0.50394326,-0.6875905,0.5736154,-0.099332385,2.8290505,-3.1307476,0.02541523,-1.1679283,-3.4120564,-0.8475397,-2.2616446,-0.28659105,-1.5500269,10.016025,5.452904,-1.6721538,0.30971834,-3.9498181,-4.190794,1
14.0,14,-2.4525323,0.48036405,-0.6904245,0.5283904,-0.22933587,2.988254,-3.2964818,-0.77128726,-0.7503799,-3.3260026,-0.62544394,-2.2085712,-0.33846635,-1.4401226,10.0161,5.967688,-1.8442298,-0.45188883,-3.6984076,-4.2215114,1
14.0,14,-2.4756281,0.630177,-0.53182507,0.75608027,0.03978854,2.5747612,-3.1217866,-0.6340163,-1.0565674,-3.5268,-0.688948,-2.1881337,-0.2977134,-1.6191075,10.132031,5.5076685,-1.7749915,0.11144399,-3.74514,-4.12739,1
14.0,14,-2.4918504,0.65066177,-0.5589841,0.7699527,0.04291943,2.577825,-3.1035285,-0.5684223,-1.0868306,-3.5325165,-0.7214203,-2.199657,-0.29336572,-1.6157508,10.127748,5.4663033,-1.7699127,0.17891002,-3.7666426,-4.1308856,1
7.0,6,-1.234595,-0.7171191,-2.2959154,-1.2809026,2.9635444,1.5364608,10.9519825,6.7291737,-4.264052,-3.1384587,-1.111339,-0.043236945,-1.9796207,-3.263705,-3.6337698,1.8039511,-1.8373454,-3.533161,-2.3899984,-0.6731035,0
7.0,6,-1.2068156,-0.7398081,-2.3235662,-1.2754579,3.0653448,1.5059643,10.950002,6.637459,-4.2989492,-3.168975,-1.1125606,0.039521206,-2.006534,-3.2746086,-3.6015892,1.8721904,-1.8422577,-3.5176506,-2.3824449,-0.7062308,0
7.0,6,-1.1580759,-0.7577153,-2.425829,-1.2544159,3.2073672,1.388676,10.993012,6.2495737,-4.329524,-3.2388432,-1.0951227,0.149715,-1.9698443,-3.2043025,-3.4394915,2.1169803,-2.0008233,-3.4474328,-2.3919492,-0.7400507,0
7.0,6,-1.1758863,-0.7225513,-2.4149785,-1.2580975,3.103905,1.3950062,11.019727,6.263015,-4.2916822,-3.2131302,-1.0944756,0.06588271,-1.9270501,-3.173155,-3.4450226,2.104993,-2.0444603,-3.46081,-2.400836,-0.6937827,0
7.0,6,-1.1687378,-0.7684809,-2.3576283,-1.2713416,3.1780362,1.4670196,10.936603,6.54286,-4.339568,-3.2039733,-1.1144638,0.13887346,-2.0372403,-3.2809238,-3.560304,1.9628158,-1.857873,-3.5003386,-2.3857322,-0.73908746,0
7.0,6,-1.2062342,-0.7396805,-2.3235075,-1.2755318,3.0653145,1.5063276,10.949347,6.6385636,-4.299416,-3.1691194,-1.1132411,0.039698698,-2.0069277,-3.2745948,-3.60169,1.8736006,-1.8425083,-3.518911,-2.382771,-0.70582414,0
10.0,10,-3.9520757,-1.8528028,-3.1223533,1.4248629,-3.0168414,-2.415939,-1.0358298,-1.4900213,1.2166575,-2.3065922,11.142555,4.6289973,-0.8194824,-0.17812692,-0.99696803,-0.16727084,0.48458034,2.5246167,-1.8476866,0.23622802,1
10.0,10,-3.9434323,-1.8640678,-3.1176682,1.4250138,-3.0292873,-2.4145253,-1.0314885,-1.4916455,1.2313924,-2.3031852,11.151948,4.5950356,-0.81045943,-0.17384633,-0.9903743,-0.1549834,0.46649086,2.4774985,-1.8392583,0.25093397,1
10.0,10,-3.9332802,-1.8666861,-3.1192045,1.4322338,-3.0466435,-2.4094362,-1.020413,-1.4849153,1.2403086,-2.3022194,11.153833,4.571821,-0.7988621,-0.16436648,-0.99027073,-0.13847572,0.44409418,2.4143074,-1.8338863,0.26977426,1
10.0,10,-3.9152465,-1.8952321,-3.1055257,1.4327166,-3.083238,-2.4127488,-1.0093032,-1.4897033,1.2802715,-2.2992055,11.174804,4.49723,-0.77441984,-0.1513891,-0.9761541,-0.1145891,0.41134185,2.2969246,-1.8044481,0.3101425,1
10.0,10,-3.9380798,-1.8717779,-3.114219,1.4251128,-3.0379555,-2.4141936,-1.0288409,-1.4931086,1.241533,-2.301361,11.158216,4.5734158,-0.80444425,-0.1708087,-0.98604417,-0.14778559,0.45593333,2.4465678,-1.8326156,0.2607219,1
10.0,10,-3.9450283,-1.8625866,-3.1179686,1.4250586,-3.0282538,-2.4151149,-1.032343,-1.4915305,1.2297671,-2.3039155,11.150625,4.6008296,-0.8115265,-0.17416966,-0.9914447,-0.15787473,0.470281,2.4841964,-1.8395982,0.24896953,1
18.0,18,-1.5561895,-0.9936962,3.0870457,0.627433,-3.367594,-3.2111325,-0.5185759,-4.0266128,2.1047688,-0.023302455,-0.90043974,-0.120705366,2.1423602,0.66395247,-1.6755402,-2.336194,2.6929858,-2.4505875,11.667577,3.4630883,1
18.0,18,-1.5519133,-0.9924456,3.08825,0.62946033,-3.356598,-3.2136743,-0.5007574,-4.018788,2.0759797,-0.033041514,-0.9091907,-0.1212001,2.1511283,0.6665665,-1.6745632,-2.3327518,2.6872754,-2.4583728,11.664835,3.4648244,1
18.0,18,-1.5669556,-0.97950184,3.0348587,0.62127805,-3.365939,-3.2003257,-0.52354705,-4.0535603,2.1303318,-0.0012391862,-0.8995678,-0.120540604,2.1317477,0.6759973,-1.6753212,-2.3318028,2.6984975,-2.4436376,11.677298,3.4218,1
18.0,18,-1.4970514,-1.0006796,3.098995,0.6124477,-3.3231118,-3.2524846,-0.35802746,-3.9162345,1.8577094,-0.12470259,-0.96684635,-0.11921783,2.2434533,0.6860234,-1.6581495,-2.3140166,2.6771052,-2.5462425,11.635003,3.5163674,1
18.0,18,-1.5462122,-0.99203503,3.09229,0.6312439,-3.3459914,-3.2173958,-0.4799053,-4.0071945,2.0422204,-0.045845877,-0.9189478,-0.12162061,2.161859,0.6690647,-1.6731479,-2.3292487,2.681639,-2.4683597,11.660789,3.4699876,1
18.0,18,-1.5527031,-0.992888,3.0897853,0.6295455,-3.3578906,-3.2133749,-0.5027413,-4.0191007,2.0792098,-0.032286584,-0.9080831,-0.12109776,2.1495864,0.66578007,-1.6748627,-2.333282,2.6877606,-2.4573069,11.664885,3.4657729,1
10.0,10,-2.7515914,-2.7400432,-2.6376667,1.0978817,-1.4876976,-2.9098814,-1.0919439,-1.2491751,-1.1739295,-3.8962436,8.718356,5.4903603,-0.74057907,4.4106765,-0.44481584,1.3321602,-1.2886956,0.043052018,-1.9379283,-1.2626029,1
10.0,10,-2.7349136,-2.700355,-2.6340365,1.0446985,-1.5057459,-2.9078012,-1.1618541,-1.3779811,-1.048321,-3.872713,8.920915,5.257474,-0.82659245,4.295432,-0.438755,1.4298799,-1.3509625,0.26376188,-2.0284085,-1.2522084,1
10.0,10,-2.6800947,-2.5273159,-2.7461154,1.0604419,-1.555059,-3.131868,-0.9694565,-1.4719695,-0.95137906,-3.773848,9.197394,4.8486433,-1.006455,3.9127693,-0.57179666,1.6720053,-1.4916201,0.52591485,-2.0342016,-1.0301015,1
10.0,10,-2.6292849,-2.4448643,-2.729859,0.9343174,-1.5506847,-3.0821135,-1.1165575,-1.6695783,-0.73068786,-3.7101648,9.524389,4.4338737,-1.175856,3.6445887,-0.5682086,1.8370024,-1.5594064,0.96603775,-2.2069607,-1.0307747,1
10.0,10,-2.7269397,-2.6813064,-2.6320348,1.0198984,-1.5117664,-2.904128,-1.1942288,-1.4367567,-0.9933437,-3.8613043,9.009167,5.1507754,-0.8638086,4.24447,-0.43641916,1.473877,-1.3785056,0.3652777,-2.0699086,-1.2495427,1
10.0,10,-2.738335,-2.7088885,-2.633979,1.0540168,-1.5028677,-2.906637,-1.1507834,-1.3549595,-1.070828,-3.8783393,8.883777,5.3026414,-0.8098793,4.3185086,-0.4398138,1.4082872,-1.3361477,0.2230775,-2.0101557,-1.2561027,1
3.0,3,0.89480317,2.0476372,0.7417235,11.189096,-0.41805804,0.5000802,-0.3988433,-1.1984324,-2.2758672,-1.6841714,-1.3191587,0.11559811,0.2670843,-1.9921106,-2.0015936,-1.7718729,0.7095608,1.1417091,-2.4035397,-2.5798159,1
3.0,3,0.9106902,2.0561447,0.74001145,11.197,-0.42265043,0.4962722,-0.41073257,-1.2066514,-2.2578273,-1.687101,-1.2852699,0.11883758,0.25985137,-2.015681,-2.013992,-1.7749121,0.7083024,1.1344186,-2.4050927,-2.5780983,1
3.0,3,0.9222486,2.0657878,0.73481184,11.206127,-0.42520884,0.4955662,-0.42074448,-1.2132907,-2.2399287,-1.6882194,-1.2565978,0.12844655,0.25007427,-2.035055,-2.0280037,-1.7767525,0.7008911,1.1283898,-2.4042473,-2.578076,1
3.0,3,0.94083846,2.0790646,0.7296529,11.217689,-0.429975,0.4941246,-0.43584728,-1.2245829,-2.214717,-1.6932621,-1.2097353,0.13290368,0.23756382,-2.0633094,-2.0429187,-1.7785801,0.68929535,1.117987,-2.406376,-2.5770981,1
3.0,3,0.9243777,2.0642602,0.73799103,11.204174,-0.4263197,0.4936887,-0.42100763,-1.2144684,-2.2418308,-1.6905735,-1.2540046,0.120335355,0.25283757,-2.035422,-2.023794,-1.7767591,0.70394236,1.1273619,-2.4067044,-2.576792,1
3.0,3,0.9098382,2.0564294,0.73964036,11.196708,-0.4219534,0.49691692,-0.40977764,-1.206435,-2.258634,-1.6873356,-1.2864006,0.11749561,0.2598914,-2.0142522,-2.0125916,-1.774027,0.70586467,1.1348329,-2.4058285,-2.5782754,1
3.0,3,0.4211485,2.589485,0.60021895,10.925947,0.25097528,0.9420009,-0.1367786,-1.1554323,-2.776084,-1.9172835,-1.5527142,-0.17584622,-0.48116645,-1.5115548,-1.0464839,-0.90006447,-0.8358082,1.5250807,-3.222211,-2.8472934,1
3.0,3,0.42880568,2.5889933,0.60080194,10.933527,0.2522996,0.94051415,-0.1439102,-1.1564317,-2.7668464,-1.9181485,-1.5378851,-0.16878353,-0.48476952,-1.5324736,-1.0553498,-0.90067285,-0.8317032,1.5226104,-3.2220736,-2.8456962,1
3.0,3,0.4345486,2.589523,0.5986905,10.939745,0.2535792,0.93912965,-0.14912844,-1.1570988,-2.7594185,-1.917632,-1.5269226,-0.16103183,-0.4875894,-1.5483031,-1.0634964,-0.9022269,-0.82923996,1.5213224,-3.2199993,-2.8447063,1
3.0,3,0.44231603,2.588799,0.5974312,10.947699,0.2561914,0.9377064,-0.15619591,-1.1585066,-2.7490103,-1.9183443,-1.510285,-0.15409613,-0.49128473,-1.5714437,-1.0719224,-0.90245175,-0.82633775,1.5181718,-3.2200084,-2.8424933,1
3.0,3,0.43502495,2.5883164,0.6005079,10.939976,0.25390556,0.9392469,-0.14979862,-1.1573721,-2.7588072,-1.9190663,-1.5245745,-0.16327748,-0.48760223,-1.5511382,-1.061909,-0.9008305,-0.8287239,1.5202166,-3.2222157,-2.8440547,1
3.0,3,0.42779902,2.5889893,0.6004632,10.932686,0.2522734,0.9406228,-0.14298467,-1.1563171,-2.767859,-1.918118,-1.5393116,-0.16985095,-0.48432875,-1.5305047,-1.053885,-0.9004266,-0.8324086,1.5228356,-3.2221575,-2.8457282,1
2.0,2,-1.2826706,2.757371,8.066872,-2.3142257,-1.4410295,2.1942933,-2.0644298,0.06416313,0.61007553,6.7715354,-3.091072,-2.96799,-0.32100815,0.90084547,1.6649284,-1.0085878,-1.1632022,-0.99222577,-4.346668,-2.9642882,1
2.0,2,-1.2839676,2.7556798,8.0628395,-2.3162246,-1.4399562,2.1937873,-2.0648558,0.064681396,0.60867894,6.775777,-3.0908296,-2.9659107,-0.32049173,0.90331316,1.6648545,-1.0111665,-1.1613802,-0.99162626,-4.3450894,-2.9640408,1
2.0,2,-1.2846123,2.75368,8.057825,-2.3195152,-1.4386092,2.1919453,-2.0646198,0.06387395,0.6091897,6.7840333,-3.0900989,-2.9642723,-0.31986693,0.90476495,1.663054,-1.0142726,-1.1591736,-0.991655,-4.342834,-2.9617589,1
2.0,2,-1.2779588,2.7640693,8.084686,-2.3073947,-1.446028,2.1992095,-2.0616727,0.06024764,0.6199173,6.754025,-3.0910473,-2.975487,-0.32145798,0.89337635,1.660001,-0.9988783,-1.1730042,-0.9979068,-4.3530474,-2.9655726,1
2.0,2,-1.2838057,2.7562802,8.064602,-2.315521,-1.4404871,2.1947057,-2.0646076,0.064197704,0.60964596,6.7737765,-3.0908015,-2.9663415,-0.320361,0.9032442,1.6640302,-1.0104839,-1.1624132,-0.9922532,-4.34559,-2.9645176,1
2.0,2,-1.2835749,2.7563035,8.064233,-2.3155282,-1.4403452,2.1940277,-2.0647075,0.06439914,0.6092044,6.774347,-3.090926,-2.9666457,-0.3206876,0.90262496,1.664768,-1.0102531,-1.1620536,-0.99188316,-4.345625,-2.9640732,1
7.0,5,-1.5379336,0.4725272,0.02379924,-0.19231461,-0.1919854,8.094029,2.8063595,7.7936487,-2.5559614,-2.2017002,-3.2498267,-1.5276715,-1.1130123,-1.2464648,-3.7731519,0.6280041,-1.8289914,3.0545363,-4.751319,-4.061853,0
7.0,5,-1.5644817,0.50122,0.08080846,-0.21851407,-0.25488287,7.928864,2.6864765,7.8239627,-2.5355034,-2.2108607,-3.2419462,-1.4968966,-1.1766833,-1.2057651,-3.7144527,0.7117105,-1.8524517,3.309717,-4.822848,-4.049113,0
7.0,7,-1.714087,0.2781474,-0.13068056,-0.16503578,-0.013585404,7.521276,4.624226,7.9148374,-2.8609896,-2.5776315,-3.2472672,-1.4816078,-1.3453664,-1.5910031,-4.0042753,0.7565175,-2.113202,2.6425853,-4.6439586,-3.6755235,1
7.0,5,-1.6456631,0.16555542,-0.37419248,-0.09983352,0.3543861,8.118425,5.2523828,7.591249,-2.9215326,-2.5982404,-3.2417243,-1.6429766,-1.0808617,-1.7204427,-4.157426,0.4352831,-2.1078777,1.6968864,-4.3982697,-3.7459505,0
7.0,7,-1.6047163,0.53862673,0.16864116,-0.24564613,-0.36560103,7.656879,2.5413969,7.892873,-2.508811,-2.2197337,-3.235428,-1.4451306,-1.294421,-1.1666038,-3.632677,0.8340604,-1.8651048,3.674208,-4.917032,-4.006742,1
7.0,5,-1.5633273,0.4935158,0.07505195,-0.20400368,-0.2624101,7.950485,2.7545388,7.825699,-2.5426536,-2.2114258,-3.2409205,-1.4968321,-1.1759475,-1.2242765,-3.7502804,0.6980675,-1.8414935,3.2450173,-4.795829,-4.040141,0
15.0,15,-0.50587714,-1.2792108,-2.9721868,-1.9633476,0.36075962,-0.6103407,0.3574947,0.7260001,-3.030021,-3.4064538,2.335719,-0.49885142,-2.595423,2.150078,1.2518816,10.253387,-3.4616091,-1.4598758,-3.4804025,-0.4559026,1
15.0,15,-0.50130635,-1.2797508,-2.960517,-1.976213,0.3719986,-0.58234876,0.32789958,0.73592985,-3.0311692,-3.4026635,2.3317707,-0.49745968,-2.6050887,2.1581202,1.2411624,10.25589,-3.4634676,-1.4172486,-3.5074182,-0.49451852,1
15.0,15,-0.45358127,-1.2331637,-3.0492325,-1.9444402,0.24027106,-0.9173601,0.4882295,0.6603948,-2.9627008,-3.3249514,2.3967063,-0.51935565,-2.5032597,2.2072096,1.1160123,10.131617,-3.4459279,-1.5501713,-3.3078084,-0.16998912,1
15.0,15,-0.42548603,-1.2300473,-3.0057456,-1.933503,0.14992563,-0.95237154,0.3922388,0.6683348,-2.8185263,-3.2974932,2.4663553,-0.5771143,-2.5114322,2.2060952,1.0715927,10.113259,-3.470467,-1.4406282,-3.4353805,-0.10864745,1
15.0,15,-0.49545106,-1.282813,-2.9362853,-1.9765111,0.35847774,-0.56134665,0.28059065,0.7450042,-2.9954708,-3.399513,2.346634,-0.51399404,-2.6181524,2.1557403,1.2357899,10.259102,-3.471418,-1.3641489,-3.5661516,-0.51051295,1
15.0,15,-0.5005344,-1.2817801,-2.949888,-1.9714959,0.36071205,-0.57756,0.31099415,0.7384316,-3.0103245,-3.4033935,2.3409324,-0.50762874,-2.6094599,2.1522722,1.2442545,10.258299,-3.4680119,-1.4019659,-3.5336466,-0.49119246,1
17.0,17,-1.7465109,1.6582875,-0.41764766,-1.2612256,-0.43461713,1.1312081,-1.4125265,3.269061,-1.6388452,-0.7637726,-1.4883604,-0.6918447,0.6838177,-0.7295354,-2.747253,0.47594142,0.40139377,11.313637,-3.5307097,-3.008163,1
17.0,17,-1.7413086,1.6664679,-0.4136353,-1.2608067,-0.43573597,1.139601,-1.4142964,3.257451,-1.6354407,-0.762795,-1.4893101,-0.6935801,0.6790167,-0.72567135,-2.7520957,0.48735726,0.39087653,11.311449,-3.53484,-3.015275,1
17.0,17,-1.7314479,1.7038027,-0.42193967,-1.2562073,-0.43609455,1.1596233,-1.4267168,3.1301956,-1.5803922,-0.76459855,-1.412066,-0.6969278,0.6542466,-0.69370234,-2.7675352,0.53159803,0.29261637,11.359863,-3.562992,-3.0426972,1
17.0,17,-1.7294775,1.7204558,-0.43363112,-1.2573063,-0.43835714,1.1546956,-1.4250365,3.064841,-1.5500613,-0.7614539,-1.384996,-0.7060897,0.6782415,-0.6817725,-2.771607,0.544434,0.23911129,11.381358,-3.5656066,-3.0433683,1
17.0,17,-1.7362045,1.6833563,-0.4156791,-1.257359,-0.43149033,1.1542274,-1.4216645,3.1998446,-1.6110374,-0.76433307,-1.4484805,-0.69286686,0.65249926,-0.71026546,-2.7593572,0.5083813,0.34495765,11.338473,-3.5530572,-3.0314884,1
17.0,17,-1.7409325,1.6728668,-0.41769212,-1.258773,-0.43142453,1.1443403,-1.4181122,3.2250552,-1.6209261,-0.76425904,-1.4606988,-0.6921901,0.6636043,-0.7176132,-2.7539225,0.49445492,0.365578,11.33179,-3.5448937,-3.0218484,1
0.0,1,8.268341,8.789941,0.05658897,1.6281427,-0.1770604,0.84257257,-0.37626278,-1.9956299,-1.1540527,-0.33392516,-0.07151087,-3.689896,-1.7543932,-2.8347056,-3.803597,1.334879,-2.3997319,-0.85234106,-4.083044,-3.172835,0
0.0,1,8.272095,8.791894,0.0573531,1.6340604,-0.18018535,0.8417633,-0.3766992,-1.9945341,-1.1548357,-0.335619,-0.06762966,-3.6873407,-1.7589253,-2.8362703,-3.8045266,1.3331869,-2.3988729,-0.85250616,-4.081818,-3.171449,0
0.0,1,8.269395,8.798418,0.057419136,1.6381351,-0.19151938,0.84483933,-0.37666023,-1.9988172,-1.1473317,-0.33353665,-0.06913947,-3.6907754,-1.7559431,-2.8357399,-3.8063195,1.3292315,-2.3983178,-0.847929,-4.0791163,-3.170744,0
0.0,1,8.3091955,8.781377,0.070105724,1.6688584,-0.2051073,0.8301284,-0.39001697,-1.9773335,-1.1654439,-0.3503379,-0.025765114,-3.6690092,-1.8071564,-2.8562872,-3.8135746,1.3575896,-2.3822417,-0.88748264,-4.0663743,-3.1544342,0
0.0,1,8.274802,8.7922945,0.058099397,1.637381,-0.18187115,0.8409792,-0.3771863,-1.993394,-1.1557103,-0.3367553,-0.06483046,-3.6856837,-1.7622092,-2.8375833,-3.805205,1.3332416,-2.3980632,-0.8537631,-4.0809,-3.1703339,0
0.0,1,8.270124,8.791703,0.057024673,1.6313983,-0.17880401,0.84225106,-0.37611693,-1.9950728,-1.1543857,-0.33467728,-0.06995862,-3.6886485,-1.7563057,-2.8354335,-3.8042867,1.3331219,-2.3995001,-0.85185504,-4.0823693,-3.172056,0
7.0,7,-1.4386251,-2.0966547,-0.087483995,-1.1503847,0.33567816,1.4053164,5.821625,10.567507,-4.7905145,-2.4234393,-1.8787239,0.42114285,-2.6803548,-1.4144651,-1.8153765,3.4285464,-1.0922644,-4.6146708,-3.390637,1.4556481,1
7.0,7,-1.459712,-2.108751,-0.09408336,-1.1549534,0.34502184,1.4168819,5.7955675,10.568066,-4.7945347,-2.4345696,-1.8764206,0.4245429,-2.6845028,-1.3959329,-1.7669971,3.4541612,-1.1076478,-4.617037,-3.4056134,1.4110888,1
7.0,7,-1.5168031,-2.1726828,-0.13350143,-1.202854,0.34500575,1.2884729,5.829101,10.340684,-4.75806,-2.4510932,-1.7987808,0.38814777,-2.718049,-1.299968,-1.6002978,3.73052,-1.2868176,-4.716451,-3.456369,1.8884861,1
7.0,7,-1.4429123,-2.1289237,-0.08859663,-1.1833583,0.30516717,1.2358253,5.934627,10.34306,-4.738195,-2.3912606,-1.8014219,0.36642784,-2.7033439,-1.3648335,-1.7889448,3.579748,-1.2319236,-4.7028203,-3.3799357,2.1461647,1
7.0,7,-1.4809903,-2.129224,-0.110356934,-1.1648268,0.3643924,1.4218663,5.75595,10.560677,-4.7986655,-2.4492648,-1.8696748,0.43205947,-2.6917093,-1.3673421,-1.7008774,3.5075014,-1.1343256,-4.6206675,-3.435934,1.3623161,1
7.0,7,-1.4491084,-2.110432,-0.09607395,-1.1578059,0.34898102,1.4053884,5.7915206,10.565188,-4.792059,-2.4305367,-1.8731742,0.42502138,-2.684738,-1.3956078,-1.7756538,3.4602554,-1.1089877,-4.6139627,-3.4125252,1.430496,1
18.0,18,-1.3136611,-0.6810078,0.6127574,-0.7773842,-3.7475345,-2.038522,2.205398,-3.2164013,-1.5638391,-0.49327183,-1.6439259,-0.8755811,4.683767,5.6510696,-1.6918429,-1.8764942,2.4369175,-4.1350474,7.7414103,0.12489387,1
18.0,18,-1.3330536,-0.6613547,0.5744999,-0.78908086,-3.7811098,-2.0322812,2.3143766,-3.2681584,-1.5019624,-0.49706644,-1.5971236,-0.9189772,4.7549963,5.5780616,-1.7202743,-1.888592,2.3996618,-4.119783,7.7140136,0.09341988,1
18.0,18,-1.4992496,-0.7448203,0.45134002,-0.93678063,-3.6415393,-2.0570505,2.3158472,-3.3675752,-1.4516288,-0.6801659,-1.4854144,-0.82295024,4.462961,6.113669,-1.4814389,-1.8283335,1.9813414,-4.1961937,7.8570857,0.4068491,1
18.0,18,-1.4880191,-0.75788563,0.34626025,-1.0381021,-3.794754,-1.9173648,2.4848418,-3.508469,-1.1811241,-0.5745299,-1.415809,-1.0470976,5.164166,6.003718,-1.6161563,-1.9070785,1.8696456,-4.132489,7.307471,-0.09796595,1
18.0,18,-1.356978,-0.641003,0.50889516,-0.8146278,-3.8190594,-2.0138557,2.4595258,-3.3479095,-1.4004341,-0.49584088,-1.5303835,-0.98472804,4.9033585,5.478406,-1.76527,-1.9117099,2.3310127,-4.093223,7.6458735,0.013380701,1
18.0,18,-1.3355023,-0.65851474,0.5665136,-0.79234177,-3.7875159,-2.0293634,2.3302057,-3.277312,-1.4908289,-0.49579868,-1.5905557,-0.92747617,4.7733874,5.5700107,-1.7252873,-1.8904357,2.3930063,-4.1167393,7.7012334,0.08118809,1
13.0,13,-1.4646485,2.948317,-1.6935053,-2.1864524,-1.9220314,0.059602775,-0.47561902,-2.2806177,-2.137946,-2.173716,-2.2308614,-0.807225,1.8215073,11.188796,0.1421029,0.7601058,-0.7121664,-0.4450557,-1.9112468,-3.0972407,1
13.0,13,-1.4620364,2.99194,-1.7078495,-2.1896617,-1.8978708,0.053168364,-0.48740208,-2.295397,-2.1442955,-2.1875982,-2.2248178,-0.78684807,1.814384,11.168763,0.15069835,0.76504356,-0.71552294,-0.41917035,-1.9352292,-3.1149523,1
13.0,13,-1.4642832,2.950477,-1.7117803,-2.1889253,-1.8799428,0.06716317,-0.5594285,-2.2866356,-2.13945,-2.1824496,-2.2141151,-0.75352293,1.7718076,11.216995,0.18336806,0.793632,-0.7431045,-0.3907515,-1.9413455,-3.1139874,1
13.0,13,-1.4598832,3.0901227,-1.7561238,-2.1959674,-1.7949159,0.04968714,-0.6733057,-2.3027515,-2.1767287,-2.2086742,-2.185234,-0.62569696,1.7051557,11.187852,0.2093192,0.82338667,-0.7544058,-0.30046293,-2.0181842,-3.1467237,1
13.0,13,-1.4598716,3.026636,-1.7186087,-2.1910768,-1.8795522,0.04791925,-0.49513823,-2.3072627,-2.1493819,-2.198634,-2.2202797,-0.77090484,1.8079022,11.152329,0.1566096,0.76896346,-0.71798074,-0.3984085,-1.9541117,-3.1289852,1
13.0,13,-1.4623345,2.9849193,-1.7052218,-2.1880627,-1.9028826,0.05436472,-0.48232728,-2.2936864,-2.1429172,-2.1858063,-2.2263882,-0.7918897,1.815412,11.170857,0.14883593,0.76439244,-0.71495813,-0.42353466,-1.9314053,-3.112753,1
17.0,17,-1.410684,1.5224904,-0.5273153,-1.581451,0.7736519,1.320525,-3.999084,1.3994517,-0.8243038,-0.6274129,0.7994582,-0.04484278,-2.7875276,-0.6465736,-2.1337318,-0.22674462,3.7023268,11.391502,-4.5919557,-3.9980454,1
17.0,17,-1.4393207,1.5080489,-0.5533644,-1.6090568,0.7729478,1.3331401,-3.9656067,1.319133,-0.75086474,-0.59920055,0.89121455,-0.06991809,-2.7586734,-0.5889793,-2.1273355,-0.23734936,3.5161984,11.496843,-4.623456,-4.005041,1
17.0,17,-1.3753331,1.4573358,-0.7518299,-1.6840754,1.1311494,1.2183409,-3.8729718,1.1772466,-0.8026158,-0.582822,1.0077211,-0.16335735,-2.747483,-0.609282,-2.0208383,-0.25879937,3.2155738,11.688806,-4.716345,-3.9650872,1
17.0,17,-1.4535718,1.4361566,-0.7459126,-1.7045938,1.0226282,1.1949416,-3.83502,1.1111135,-0.6855316,-0.5536122,1.0955586,-0.13832742,-2.6873038,-0.5392338,-2.016163,-0.28603497,3.0606325,11.804492,-4.694534,-3.9581687,1
17.0,17,-1.463064,1.4956139,-0.5682327,-1.6276081,0.7661597,1.3293594,-3.9433055,1.2693025,-0.70083785,-0.5823274,0.9492269,-0.07897399,-2.736352,-0.5516748,-2.1192794,-0.24713302,3.4012637,11.5673485,-4.6358767,-4.0062256,1
17.0,17,-1.4353409,1.5101943,-0.54957414,-1.6052203,0.77156174,1.3294232,-3.9709659,1.3301344,-0.7610666,-0.6028111,0.87839437,-0.06532882,-2.7627666,-0.5975588,-2.1285443,-0.23649357,3.5458424,11.481992,-4.6174645,-4.0032425,1
3.0,3,0.23167667,0.6277293,2.5205219,11.128737,-0.9806819,1.0560392,-0.46565378,-0.7237811,-1.1518252,-2.1372802,-0.20554298,0.8131505,0.41805914,-1.2655425,-2.2058477,-0.6955201,-0.57238275,-1.8172252,-3.5255857,-1.842671,1
3.0,3,0.23030722,0.62527865,2.5199645,11.128501,-0.98308825,1.0540705,-0.4670161,-0.7258182,-1.1487334,-2.139874,-0.19537622,0.81285787,0.41838312,-1.2674043,-2.204279,-0.6945761,-0.5727796,-1.8189368,-3.5260649,-1.8421011,1
3.0,3,0.22988853,0.624856,2.5197825,11.128328,-0.9843693,1.0531492,-0.4676584,-0.72701466,-1.1470166,-2.140941,-0.1890141,0.8119379,0.4181283,-1.2685535,-2.2035244,-0.6941142,-0.5741214,-1.820074,-3.5266562,-1.8419127,1
3.0,3,0.2278113,0.62179035,2.5196002,11.127441,-0.9897181,1.0490793,-0.47038573,-0.7322775,-1.1399292,-2.146127,-0.16490096,0.8085334,0.41783386,-1.2724777,-2.199914,-0.691683,-0.5781675,-1.82468,-3.5284786,-1.841086,1
3.0,3,0.22800106,0.6209384,2.519229,11.128011,-0.9870424,1.0505947,-0.46938223,-0.72955966,-1.1434315,-2.1445177,-0.17835718,0.8120072,0.41915405,-1.2706352,-2.2010152,-0.69269663,-0.57356864,-1.8220333,-3.5267262,-1.8411885,1
3.0,3,0.23067918,0.6259703,2.52004,11.128551,-0.98263896,1.0545996,-0.46665257,-0.72525895,-1.149436,-2.1391785,-0.1976141,0.8129123,0.41819328,-1.2668453,-2.2049193,-0.6948637,-0.5727275,-1.8185414,-3.5260463,-1.8421866,1
2.0,2,0.1306018,5.004342,9.398996,1.2947907,-2.2218874,1.1819067,-0.8680962,-3.0288734,4.477806,-0.018416531,-2.050823,-3.4283497,-0.064602345,0.3590818,-1.4014943,-0.60200286,-2.9667456,-0.80438393,-3.5917397,-3.3339372,1
2.0,2,0.13192476,5.0059357,9.398654,1.2950294,-2.2192159,1.1809273,-0.8653769,-3.0280173,4.475046,-0.016615342,-2.0529518,-3.4288998,-0.06526892,0.36387902,-1.4066479,-0.60472864,-2.9668858,-0.8034813,-3.5941725,-3.3344376,1
2.0,2,0.12657091,5.001227,9.396275,1.287868,-2.2228775,1.1831523,-0.87042934,-3.0317602,4.488869,-0.014130865,-2.0479305,-3.4288447,-0.06388128,0.3644092,-1.4042008,-0.6057781,-2.9687603,-0.8010576,-3.5891619,-3.3354897,1
2.0,2,0.12824415,5.001975,9.39915,1.2936609,-2.2250824,1.1832637,-0.871702,-3.0302966,4.482564,-0.019613754,-2.047955,-3.4275908,-0.06386867,0.35491008,-1.396308,-0.60001916,-2.9668596,-0.804617,-3.5880203,-3.333693,1
2.0,2,0.13211831,5.0059867,9.398632,1.2951447,-2.2189531,1.180757,-0.86514044,-3.0280948,4.475079,-0.016344227,-2.0530858,-3.4288971,-0.06537332,0.36430556,-1.407345,-0.6051586,-2.9669576,-0.80332816,-3.5941586,-3.3344183,1
2.0,2,0.13181527,5.0055647,9.398918,1.2952286,-2.2199004,1.1810853,-0.8660043,-3.0281932,4.4755306,-0.017093554,-2.0524871,-3.4286804,-0.06523687,0.362266,-1.4052169,-0.60382336,-2.9667737,-0.8039683,-3.5936017,-3.3341117,1
2.0,2,-0.42031735,0.6701106,11.062372,0.16791101,-1.1671599,1.8471533,-1.0422902,-0.83014673,1.1364713,0.76345336,-2.2848194,-3.3638022,0.5544585,0.97714585,-0.35630262,-0.3237113,-1.8583937,-1.2929467,-3.1621895,-2.6099222,1
2.0,2,-0.4205284,0.67084116,11.062379,0.16716449,-1.1672566,1.847176,-1.0423716,-0.82973266,1.1366302,0.7648394,-2.2852898,-3.3638742,0.5540002,0.9768577,-0.35595164,-0.3239184,-1.8584685,-1.2928444,-3.162376,-2.6100826,1
2.0,2,-0.42129755,0.6673614,11.062687,0.16291039,-1.1673211,1.8469794,-1.042597,-0.8275457,1.1379647,0.77075154,-2.2858217,-3.3653474,0.5540127,0.9770506,-0.35618165,-0.32429773,-1.8582404,-1.2919011,-3.1623468,-2.6092408,1
2.0,2,-0.4225516,0.66631764,11.06033,0.16441901,-1.1693174,1.8473083,-1.0430193,-0.83615893,1.140906,0.76356083,-2.2809277,-3.3671188,0.55617464,0.97868675,-0.35070416,-0.31362635,-1.8605641,-1.2960366,-3.1679645,-2.6102085,1
2.0,2,-0.4208714,0.6708665,11.062124,0.16657896,-1.1675702,1.847226,-1.0425024,-0.83034146,1.1372013,0.7652672,-2.2850192,-3.3642583,0.55399245,0.9768581,-0.35508588,-0.32278916,-1.8587751,-1.2931768,-3.1631594,-2.6102452,1
2.0,2,-0.42053857,0.6706778,11.062315,0.16729732,-1.1673037,1.847195,-1.0423886,-0.8300225,1.1367059,0.76450115,-2.2850807,-3.3639252,0.5541134,0.97691864,-0.35584185,-0.32359648,-1.858514,-1.292957,-3.1625085,-2.6100924,1
14.0,14,-2.3429837,-0.27830303,-1.1332498,-3.607337,2.7407668,0.28695756,-3.112677,0.18588,-2.8594854,0.39182365,-1.1181678,1.4338318,-0.05551672,1.302973,11.535085,1.6534768,-1.196924,-0.83600754,-2.938342,-2.7732072,1
14.0,14,-2.3445184,-0.28267753,-1.1349406,-3.6095362,2.7377577,0.28703335,-3.1130967,0.18733276,-2.8571541,0.39614806,-1.1121514,1.4329871,-0.05549714,1.2893478,11.538569,1.6642519,-1.1976734,-0.8401441,-2.937612,-2.7682953,1
14.0,14,-2.3551102,-0.28161955,-1.1522582,-3.6227002,2.7280145,0.29610747,-3.1224532,0.16481553,-2.8345718,0.40653378,-1.0919656,1.4100374,-0.05635333,1.2861365,11.549962,1.6857421,-1.2064507,-0.8404582,-2.9377708,-2.7647152,1
14.0,14,-2.367186,-0.28679964,-1.1700554,-3.6256063,2.7220628,0.289848,-3.1256833,0.180878,-2.8338706,0.4047947,-1.0553901,1.4421653,-0.063513055,1.1958798,11.562605,1.7486656,-1.2148814,-0.84737027,-2.9348688,-2.7454724,1
14.0,14,-2.345898,-0.2850166,-1.1368508,-3.6102405,2.736206,0.28632882,-3.1133146,0.18994895,-2.8566809,0.3974906,-1.1068399,1.4361975,-0.056034416,1.2753365,11.540999,1.6739312,-1.1984721,-0.84280646,-2.9369283,-2.7645652,1
14.0,14,-2.3443131,-0.28166282,-1.1347936,-3.6089284,2.7384481,0.2867619,-3.1130476,0.18739381,-2.857897,0.39503217,-1.1129332,1.4341319,-0.055676743,1.2906358,11.537938,1.6629335,-1.1975871,-0.8393269,-2.9376922,-2.7690978,1
8.0,8,-2.4197838,0.5268951,0.18085122,-0.8962221,-5.818566,0.7391322,-3.197452,-4.26727,10.193582,2.8013656,0.4204492,-1.963512,-0.30029488,4.0663276,-1.6984224,-0.6153775,-0.84666103,-0.9930438,1.9155023,-1.309767,1
8.0,8,-2.419797,0.5270219,0.17903873,-0.89757293,-5.8185916,0.7401387,-3.1971598,-4.2654467,10.191265,2.8002994,0.4200386,-1.9639337,-0.30016974,4.071493,-1.6974285,-0.6110939,-0.8501543,-0.9953532,1.9111822,-1.3118232,1
8.0,8,-2.4260015,0.52565974,0.17161876,-0.89983875,-5.8176055,0.7428615,-3.1938584,-4.2657657,10.18732,2.7975817,0.42025486,-1.9603009,-0.30312812,4.072174,-1.6956046,-0.609185,-0.8440993,-0.9977001,1.9214561,-1.3133007,1
8.0,8,-2.4241729,0.52542746,0.16983674,-0.91027445,-5.8241916,0.74552417,-3.1934347,-4.2567835,10.178381,2.781993,0.4137881,-1.9603641,-0.28943697,4.1022663,-1.6898136,-0.5949208,-0.8573354,-1.0118014,1.9031948,-1.3252927,1
8.0,8,-2.4198222,0.52710027,0.1778121,-0.8988743,-5.818885,0.74091744,-3.1969604,-4.2638564,10.189277,2.7989833,0.4194821,-1.9641706,-0.29976404,4.076149,-1.6964865,-0.60759956,-0.8528455,-0.9974997,1.9076382,-1.3135545,1
8.0,8,-2.4197378,0.5270259,0.17958398,-0.897396,-5.8187323,0.7399022,-3.1973045,-4.265619,10.191516,2.8003895,0.4199807,-1.9638909,-0.30021942,4.071053,-1.697525,-0.61157787,-0.8496903,-0.9951564,1.911544,-1.311397,1
14.0,14,-3.5706773,0.35472193,-1.2467593,-0.7410198,-1.5171487,0.046870206,-1.1237605,3.64736,-3.634458,1.0423745,-1.8300983,-0.8726598,1.8177031,0.996443,9.279105,-0.06437248,-0.6659185,-0.9312756,-2.684464,-0.3600094,1
14.0,14,-3.5395653,0.35268825,-1.2464353,-0.78083724,-1.4139874,0.11302916,-1.2222614,3.6341126,-3.6042588,1.0095401,-1.8676993,-0.8959884,1.7844763,0.94681567,9.365161,0.018628525,-0.7195514,-0.85733384,-2.758697,-0.46758944,1
14.0,14,-3.2438707,0.08486024,-1.5132059,-1.1538079,-0.98100626,0.42274603,-1.7845327,3.2612445,-2.8649867,1.2704718,-1.7487081,-1.0487355,1.5931987,0.7108493,9.874119,0.24685183,-0.9246913,-1.1932766,-3.0950327,-0.58726853,1
14.0,14,-3.0476034,0.10551511,-1.5470771,-1.2140113,-0.80919373,0.51011693,-2.2034311,2.8320189,-2.5083082,1.1798593,-1.6651922,-1.1304802,1.2989968,0.50263184,10.264602,0.8993608,-1.1101652,-1.3152448,-3.3729177,-0.8507821,1
14.0,14,-3.500116,0.3585252,-1.2508368,-0.8104917,-1.3177063,0.14375113,-1.3265587,3.5778303,-3.567938,0.98855567,-1.8838503,-0.9041479,1.7353458,0.902237,9.464751,0.114262015,-0.7559476,-0.8223433,-2.8208885,-0.54666394,1
14.0,14,-3.528194,0.35817546,-1.2476972,-0.77142924,-1.4084735,0.08787082,-1.2315397,3.602021,-3.604365,1.0178746,-1.854658,-0.8825711,1.7658596,0.94695026,9.384448,0.03543265,-0.7112026,-0.8920205,-2.7522688,-0.4511055,1
11.0,3,0.007659748,1.6418911,1.1563964,10.295246,0.9758864,1.4342701,-0.6260572,-0.21378767,-2.9854305,-1.3175119,-2.1959558,4.0095153,-0.9821314,-1.5347807,-1.1874764,0.05797326,-0.9513372,-0.35300493,-3.4348636,-2.9501624,0
11.0,3,0.0066493377,1.6454941,1.1507294,10.300583,0.9705668,1.4340986,-0.6229594,-0.21543325,-2.9780493,-1.3180586,-2.1789596,4.019722,-0.9826243,-1.5556011,-1.1925478,0.059451044,-0.9466823,-0.36693045,-3.4313846,-2.9472218,0
11.0,3,0.0037498325,1.6477454,1.1373818,10.309211,0.963517,1.4339294,-0.6177706,-0.21699567,-2.9635801,-1.32147,-2.150967,4.038529,-0.98158425,-1.5914081,-1.1986327,0.062237516,-0.9400433,-0.39057088,-3.4237485,-2.9417646,0
11.0,3,0.0034501702,1.6527848,1.1244206,10.311224,0.96288466,1.4323678,-0.6139741,-0.21574496,-2.9549005,-1.3189938,-2.1364386,4.0540247,-0.9826035,-1.610485,-1.2050494,0.059190176,-0.9397786,-0.40084425,-3.4164877,-2.9402075,0
11.0,3,0.005318776,1.6494014,1.1396947,10.320767,0.9574657,1.4358363,-0.61565274,-0.2204658,-2.9560552,-1.3287358,-2.141511,4.0204387,-0.978736,-1.6016667,-1.1999489,0.064462535,-0.94462854,-0.39487427,-3.425849,-2.9392176,0
11.0,3,0.0068036243,1.6453965,1.1495246,10.306093,0.96810555,1.4348185,-0.6216641,-0.21665238,-2.9730704,-1.3220856,-2.1728556,4.0140553,-0.9806791,-1.5633113,-1.1928449,0.060623564,-0.94861907,-0.37052038,-3.4311442,-2.9456832,0
16.0,16,-0.78843737,-1.6353585,-0.77095544,-0.77827805,-0.5937029,-2.4967494,-3.1471944,0.6817836,-1.3273716,1.3187661,-0.8733604,2.4900177,-1.7048683,-1.4318094,0.4013538,-0.16746733,11.418785,-0.5081889,0.66792905,-0.09958673,1
16.0,16,-0.81415784,-1.622643,-0.76660115,-0.7682017,-0.65514266,-2.5195737,-3.17819,0.58072996,-1.2680736,1.3058038,-0.79856443,2.5203073,-1.6881795,-1.4214274,0.4150867,-0.15856975,11.434371,-0.5005384,0.6795245,-0.099667154,1
16.0,16,-0.8320074,-1.6070454,-0.7903396,-0.75820524,-0.75802827,-2.5087166,-3.2191725,0.47347844,-1.1886003,1.2924342,-0.6768687,2.5549462,-1.6785616,-1.3839564,0.44909695,-0.10589538,11.42362,-0.6106348,0.6689838,-0.072084285,1
16.0,16,-0.81666017,-1.6170069,-0.79714286,-0.7642708,-0.7137867,-2.490294,-3.1966565,0.5414587,-1.2318279,1.2998525,-0.7287404,2.536361,-1.6853564,-1.3898257,0.442336,-0.107882,11.409973,-0.62313163,0.6556268,-0.07091731,1
16.0,16,-0.83974504,-1.6088352,-0.76202786,-0.756213,-0.7219444,-2.5420537,-3.2114933,0.47850704,-1.2059089,1.2909468,-0.7120614,2.5502658,-1.6719705,-1.4106697,0.42958888,-0.15041903,11.448286,-0.49969342,0.6887232,-0.09939007,1
16.0,16,-0.81224453,-1.6225783,-0.7703368,-0.76097393,-0.6659114,-2.5202324,-3.188672,0.5624421,-1.2600356,1.2994055,-0.7746488,2.5214133,-1.6886157,-1.4177098,0.42063108,-0.149164,11.4335,-0.5134091,0.676648,-0.099864565,1
3.0,3,-0.08737906,2.6424804,1.732552,10.649616,0.18300377,1.1153656,0.18835817,-1.0720676,-2.6890917,-2.1667314,-2.6867294,1.0530326,-0.5877184,-1.1332761,-0.32657132,0.3089355,-1.3678696,-0.25498557,-3.868843,-3.0100136,1
3.0,3,-0.08733989,2.640536,1.732131,10.651184,0.18364659,1.1157994,0.18577413,-1.0712763,-2.6886842,-2.1680636,-2.6838317,1.0563008,-0.5882801,-1.1357452,-0.3272155,0.31046173,-1.3677889,-0.25525534,-3.8685684,-3.009748,1
3.0,3,-0.08757723,2.6434917,1.7304002,10.648817,0.18371716,1.1160154,0.1864504,-1.072267,-2.690652,-2.1665661,-2.6869721,1.0557581,-0.5893823,-1.1300894,-0.3265216,0.30975366,-1.3689905,-0.251754,-3.8694358,-3.0116978,1
3.0,3,-0.088158555,2.638426,1.7298682,10.654665,0.18774101,1.1175894,0.1772821,-1.0708722,-2.6873624,-2.170643,-2.675089,1.0631182,-0.59121054,-1.1449519,-0.32200417,0.31560844,-1.3715926,-0.25606224,-3.8685102,-3.009904,1
3.0,3,-0.08738647,2.6376655,1.7321023,10.653807,0.1848408,1.1163027,0.18235034,-1.07028,-2.6873434,-2.1699743,-2.6790814,1.0597719,-0.58868724,-1.1415439,-0.32677248,0.31268775,-1.3679789,-0.25710216,-3.8680215,-3.0087385,1
3.0,3,-0.08737817,2.6408784,1.7323201,10.651007,0.1836142,1.1157308,0.18614693,-1.071461,-2.6886084,-2.167866,-2.6841295,1.0555888,-0.58816355,-1.1357555,-0.3268095,0.3102537,-1.3679106,-0.25545266,-3.8685951,-3.009718,1
0.0,0,9.371168,4.5093555,-1.0718675,5.5634627,0.5535307,-0.61453456,0.37009764,0.74674904,-2.4913762,-1.5098606,0.24809873,-3.372632,-2.0419672,-2.743167,-3.1928706,1.2286135,-1.3963169,-2.0663815,-4.8083663,-2.3304663,1
0.0,0,9.369486,4.511398,-1.0708559,5.5680723,0.55302286,-0.61493325,0.36993462,0.74416715,-2.4914837,-1.5105617,0.24842587,-3.3716478,-2.0426135,-2.7449296,-3.1924646,1.2276711,-1.3952187,-2.0663865,-4.807226,-2.329614,1
0.0,0,9.376984,4.5112896,-1.070291,5.559641,0.55127674,-0.61470234,0.36759216,0.743538,-2.4886339,-1.5088226,0.25161168,-3.3714542,-2.0442984,-2.7420666,-3.1944296,1.2289741,-1.3981177,-2.066819,-4.806155,-2.3296123,1
0.0,0,9.383215,4.487999,-1.0628966,5.566285,0.556336,-0.6208832,0.35611534,0.739523,-2.4883142,-1.5131943,0.26282215,-3.364664,-2.0434787,-2.7528102,-3.1897078,1.2348688,-1.3875127,-2.0785506,-4.7992263,-2.3244047,1
0.0,0,9.369749,4.5105786,-1.0699835,5.5693455,0.55317104,-0.6154179,0.36912024,0.743271,-2.4914248,-1.5109125,0.24915251,-3.3710346,-2.0427346,-2.745985,-3.1922283,1.227815,-1.3943733,-2.0671017,-4.806483,-2.32907,1
0.0,0,9.370656,4.5106974,-1.0711404,5.56536,0.5532056,-0.6147023,0.37001163,0.74547744,-2.4913967,-1.5100958,0.24808356,-3.3722515,-2.0422804,-2.7439322,-3.192908,1.228145,-1.3959125,-2.0663161,-4.8077817,-2.330085,1
3.0,3,-0.7737452,2.3720138,0.9174151,10.08351,0.33186844,0.8430926,0.774348,-0.75886315,-3.307903,-2.0949352,-3.248246,2.1990068,-0.6352849,-1.0562527,1.0135114,0.39706412,-0.924656,-0.5121477,-3.780912,-3.1573439,1
3.0,3,-0.7733309,2.3696353,0.91744846,10.085409,0.33326197,0.843361,0.77118385,-0.7581987,-3.3075266,-2.0957434,-3.2463608,2.2028306,-0.6357319,-1.0595658,1.0127487,0.39851415,-0.9238163,-0.5119591,-3.7803745,-3.1567295,1
3.0,3,-0.7741666,2.3706017,0.9158501,10.083618,0.33306846,0.84324884,0.771269,-0.7587758,-3.3085337,-2.0953176,-3.2471268,2.20341,-0.6361548,-1.0557332,1.0145321,0.39809877,-0.9246796,-0.5108472,-3.780562,-3.1579995,1
3.0,3,-0.77394104,2.3691068,0.9156566,10.08603,0.3358539,0.84452194,0.76566195,-0.7586056,-3.3075259,-2.0960739,-3.2441368,2.2070744,-0.6371257,-1.061424,1.0166398,0.40068907,-0.92583483,-0.5112756,-3.7801008,-3.1572194,1
3.0,3,-0.7729237,2.3675776,0.9176471,10.087455,0.33489457,0.843855,0.767903,-0.7575874,-3.3068943,-2.0964675,-3.2443357,2.2059777,-0.6361734,-1.0638006,1.012638,0.4001386,-0.92343944,-0.5122124,-3.7799082,-3.1558793,1
3.0,3,-0.7734028,2.3701901,0.9174964,10.085109,0.3330641,0.84338194,0.77167743,-0.7583665,-3.3075185,-2.095584,-3.2466557,2.20196,-0.63565665,-1.0591687,1.0130589,0.39829624,-0.9241106,-0.5120864,-3.7804847,-3.1568053,1
15.0,4,-0.5740534,-4.626914,-3.5948997,-1.9694544,8.93225,-1.3301313,0.043863893,3.7394783,-5.36051,-0.4461448,-1.2990782,0.82621825,-3.1809149,-3.1122816,1.8012339,5.737447,3.1190765,-0.43322536,-2.2147827,-1.7531984,0
15.0,4,-0.55875754,-4.629097,-3.6015692,-1.941643,8.9335,-1.3604527,0.0036026686,3.6456711,-5.3451223,-0.47543427,-1.2458028,0.8380268,-3.1807153,-3.108056,1.8247846,5.7845263,3.1092265,-0.4101739,-2.2139616,-1.7673446,0
15.0,4,-0.52393836,-4.6169567,-3.6276336,-1.9481575,8.940029,-1.3906403,-0.012435526,3.534868,-5.334331,-0.5092395,-1.1843122,0.8317334,-3.1969078,-3.0788798,1.8496752,5.925243,2.9939055,-0.38348794,-2.2188225,-1.7687417,0
15.0,4,-0.5199408,-4.62862,-3.640593,-1.8922418,8.940981,-1.4750055,-0.1314404,3.3007798,-5.284876,-0.5607193,-1.0577624,0.87883854,-3.1842644,-3.0733356,1.90871,5.9738555,3.042373,-0.28260228,-2.1923752,-1.8027072,0
15.0,4,-0.55193985,-4.630634,-3.6048305,-1.9266709,8.933788,-1.3774133,-0.019759297,3.5937963,-5.336145,-0.4903511,-1.216973,0.8455104,-3.1800752,-3.1060688,1.837909,5.807332,3.1077192,-0.3957688,-2.212182,-1.7750654,0
15.0,4,-0.5636982,-4.6292615,-3.5997462,-1.9485314,8.932226,-1.3536972,0.010880873,3.6671646,-5.348019,-0.46754798,-1.2584584,0.8363381,-3.1801043,-3.1091378,1.8197937,5.7717614,3.115403,-0.4143137,-2.2130446,-1.7641764,0
15.0,15,-0.48607513,-0.20535094,-2.856955,0.6539095,1.7442088,2.070958,-1.2180443,3.4582596,-3.5680122,-2.9853342,-0.424654,-1.5443387,-2.0317588,-1.1755146,0.91249883,9.13039,-1.4634762,-1.8328674,-4.2928443,-3.4349315,1
15.0,15,-0.48556772,-0.20545009,-2.8250637,0.5855916,1.6904255,2.0480416,-1.2599633,3.2416718,-3.4873648,-2.998948,-0.3311186,-1.5156968,-2.0904477,-1.1601024,0.94626117,9.250791,-1.4276665,-1.9163711,-4.1994433,-3.4257767,1
15.0,15,-0.50581145,-0.3291692,-2.9905229,0.41293862,1.9509395,2.2350657,-1.1296849,3.76365,-3.6333282,-2.8175237,-0.63318837,-1.5596919,-2.0572338,-1.1279287,0.7496308,9.060663,-1.3718748,-1.8905225,-4.284997,-3.3154645,1
15.0,15,-0.34237307,0.051760573,-2.8581696,0.3118819,1.3355912,2.4698596,-1.4125074,2.3705277,-3.0532894,-2.7598476,-0.19971761,-1.5741993,-2.4969606,-0.9378123,0.77374935,9.725595,-1.3321161,-2.2817307,-3.8723946,-3.4165938,1
15.0,15,-0.46414673,-0.15598682,-2.7978551,0.5471413,1.5860032,2.0732682,-1.3137456,2.980351,-3.379137,-2.9950106,-0.23708934,-1.5044179,-2.1735468,-1.1270591,0.95928204,9.385267,-1.4090717,-2.009267,-4.1054564,-3.4335196,1
15.0,15,-0.44879436,-0.109938495,-2.8167439,0.6098553,1.5625374,2.1248186,-1.3033526,3.031588,-3.3910809,-2.9772234,-0.28083754,-1.5306904,-2.1694877,-1.1135902,0.9285836,9.353858,-1.4470013,-1.9898924,-4.1432667,-3.4543433,1
12.0,12,-1.3484448,-0.25927874,-1.6245813,-0.98337644,-1.8898292,-1.0729222,1.2683705,-1.2518728,2.0483627,-0.14582212,-1.311537,-3.009992,12.520219,1.633603,-1.2867731,-2.6822488,-3.831872,-1.568186,1.4412339,1.521896,1
12.0,12,-1.3484629,-0.25610405,-1.6264473,-0.98259926,-1.8930625,-1.0733074,1.274179,-1.2525704,2.0447774,-0.14936581,-1.3100619,-3.0096676,12.518752,1.6357703,-1.2870394,-2.6802928,-3.83396,-1.5694256,1.4439782,1.521789,1
12.0,12,-1.3599728,-0.24807099,-1.6316134,-0.97845805,-1.9110993,-1.0767566,1.294034,-1.2683569,2.0551014,-0.14807855,-1.3023502,-3.0096505,12.514487,1.6366556,-1.2935249,-2.6809227,-3.8358374,-1.5723327,1.4621743,1.5288655,1
12.0,12,-1.3446418,-0.24185538,-1.6369556,-0.97837216,-1.9006162,-1.0772699,1.3135053,-1.2519805,2.0103536,-0.17662714,-1.3053999,-3.0054183,12.510035,1.6437331,-1.2874526,-2.6687102,-3.841847,-1.580349,1.4679021,1.5227656,1
12.0,12,-1.3480194,-0.25294927,-1.6281264,-0.9817177,-1.8960655,-1.0739892,1.2800366,-1.2527442,2.040282,-0.15331812,-1.3087587,-3.0091722,12.51723,1.637958,-1.2872638,-2.6780488,-3.8360996,-1.5708928,1.4468058,1.5221342,1
12.0,12,-1.3483336,-0.2567793,-1.6257914,-0.98269415,-1.8926905,-1.0733846,1.2724801,-1.252237,2.045782,-0.14827731,-1.3103796,-3.0097616,12.519079,1.6354278,-1.2870812,-2.6806526,-3.8336666,-1.569091,1.4429699,1.5223104,1
2.0,2,1.3175547,3.658725,10.206497,1.8531525,-1.7519033,1.3159243,-1.2779927,-2.2537062,2.9563925,1.0052962,-2.0386753,-3.973947,-1.0929929,0.3981225,-0.3809258,0.61438304,-2.687521,-3.137078,-4.492188,-2.633207,1
2.0,2,1.317757,3.6592462,10.206482,1.8536187,-1.7519058,1.3157748,-1.2776533,-2.253626,2.9562392,1.0054414,-2.0388105,-3.9738204,-1.093151,0.39823312,-0.38176817,0.6139333,-2.6874425,-3.1369767,-4.4922647,-2.6331604,1
2.0,2,1.3174568,3.6584735,10.206612,1.8524278,-1.7520016,1.3160821,-1.2780178,-2.253598,2.9571211,1.006131,-2.0387433,-3.9740615,-1.0930579,0.39848608,-0.38123554,0.61395425,-2.6876068,-3.1370177,-4.492189,-2.633174,1
2.0,2,1.3174005,3.658539,10.2065115,1.8528469,-1.7519425,1.3160075,-1.2781495,-2.2537599,2.9565928,1.0054435,-2.038652,-3.9740288,-1.0929443,0.3981756,-0.3806574,0.6144693,-2.687564,-3.1370375,-4.492156,-2.633239,1
2.0,2,1.31778,3.6593528,10.20648,1.8536764,-1.7519208,1.3157445,-1.2775939,-2.2536187,2.956252,1.0055279,-2.0388424,-3.9738035,-1.0931928,0.3982783,-0.38194796,0.6138314,-2.6874301,-3.1369421,-4.4922757,-2.63315,1
2.0,2,1.3177261,3.6591487,10.206483,1.8535417,-1.7519093,1.3157821,-1.2777119,-2.2536411,2.9562557,1.0054108,-2.0387762,-3.9738357,-1.0931395,0.3982072,-0.38161165,0.6140444,-2.6874518,-3.1370158,-4.492248,-2.6331563,1
16.0,11,-1.0355479,-1.9003494,-1.3985314,-1.1673471,3.3566449,-2.316692,-2.574275,0.5993132,-3.0555785,-1.9530103,-0.9804058,9.959347,-1.637957,1.052131,0.44925758,0.5947422,5.89752,1.4999647,-1.086263,-3.285016,0
16.0,11,-1.0710284,-1.8590581,-1.4002063,-1.1372677,3.325952,-2.3338797,-2.5809014,0.50284433,-3.0068264,-1.9528129,-0.8819074,10.017091,-1.6564306,0.9650231,0.42430833,0.5956008,5.9343195,1.5745281,-1.0868175,-3.2697754,0
16.0,11,-1.1660092,-1.7542498,-1.4645706,-1.0494782,3.2383919,-2.29741,-2.5793555,0.30455312,-2.8950698,-2.0093439,-0.6225273,10.184439,-1.6450425,0.94458956,0.32805935,0.626675,5.7857842,1.7174795,-1.1317121,-3.2895675,0
16.0,11,-1.2043631,-1.716921,-1.4543405,-1.0092273,3.1936247,-2.3326557,-2.579745,0.22104149,-2.851079,-1.9931345,-0.5250939,10.231197,-1.667662,0.8186428,0.29656956,0.6053949,5.8729825,1.7971389,-1.1155938,-3.2606447,0
16.0,11,-1.0993509,-1.827304,-1.4050546,-1.1136905,3.3058722,-2.347014,-2.5869327,0.42964092,-2.9713538,-1.9536139,-0.8017935,10.060584,-1.6688182,0.8985776,0.40583256,0.5940614,5.9574666,1.6399977,-1.0921776,-3.2610533,0
16.0,11,-1.0716444,-1.8566701,-1.4034327,-1.1362092,3.332001,-2.330028,-2.5838687,0.4972161,-3.0063412,-1.9558038,-0.8760954,10.019256,-1.6578856,0.963137,0.42832294,0.59794587,5.927073,1.5815476,-1.0930984,-3.2746048,0
14.0,14,-2.5196393,-0.53308094,-1.728811,-3.945984,3.1944647,0.8974858,-2.8919125,1.4005426,-2.5468678,-1.0246918,-0.17436442,0.57873565,-0.5936895,-1.7467757,10.971189,4.8335805,-2.687899,0.8654953,-4.4427457,-2.7983334,1
14.0,14,-2.516708,-0.5528537,-1.7310747,-3.9506574,3.169438,0.88137114,-2.8908002,1.3739741,-2.5387862,-1.0020134,-0.14640935,0.56067455,-0.58388126,-1.7549835,10.971125,4.88398,-2.692203,0.8280368,-4.4396086,-2.7874725,1
14.0,14,-2.5443068,-0.50100327,-1.7913815,-3.945978,3.0695267,0.9087758,-2.9032927,1.2589478,-2.443608,-1.0246434,-0.05660937,0.48400128,-0.5892487,-1.7882782,10.938551,5.0826917,-2.7606623,0.81960964,-4.4719644,-2.8224604,1
14.0,14,-2.5703566,-0.51525664,-1.8339908,-3.9259133,2.9340236,0.8809013,-2.875819,1.1547763,-2.3948896,-1.0312172,0.07998941,0.4110367,-0.5909134,-1.8746028,10.905685,5.350176,-2.8088026,0.7152004,-4.45845,-2.795106,1
14.0,14,-2.5177696,-0.55926746,-1.7350879,-3.9503858,3.1518593,0.8738052,-2.8892124,1.3575025,-2.5330803,-0.9958945,-0.12792954,0.550349,-0.58051175,-1.7638448,10.970018,4.918179,-2.6969063,0.8099383,-4.437097,-2.7824328,1
14.0,14,-2.5175788,-0.5470878,-1.7307248,-3.9490962,3.1749444,0.8851711,-2.8909893,1.379739,-2.5406854,-1.0078968,-0.15284628,0.56491286,-0.58637947,-1.7537684,10.971139,4.872335,-2.6913362,0.8376714,-4.4402666,-2.7902966,1
10.0,10,-4.222971,-1.9859102,-2.0502727,1.3993442,-3.5257132,-3.8983765,-1.776406,-2.234906,1.9444543,-2.4459426,11.339151,3.9971611,-0.66477793,-0.68616104,-1.018479,0.19592042,1.9179181,2.968276,-0.8513298,0.20151983,1
10.0,10,-4.2217755,-1.9882357,-2.0505974,1.3994367,-3.5252466,-3.8964531,-1.7755157,-2.234608,1.9456823,-2.446816,11.340361,3.996527,-0.66336954,-0.6847035,-1.0174645,0.19468905,1.915621,2.9634087,-0.8510681,0.20159574,1
10.0,10,-4.220182,-1.9898782,-2.0531008,1.3987452,-3.5265753,-3.8933003,-1.7734693,-2.232671,1.9470491,-2.4483147,11.341903,3.9950054,-0.66154027,-0.68332386,-1.0160233,0.19491963,1.9117476,2.9549534,-0.8503249,0.20205936,1
10.0,10,-4.2191205,-1.991235,-2.0544302,1.3986017,-3.5278912,-3.8911002,-1.7719982,-2.231538,1.9480022,-2.4498475,11.342989,3.9946258,-0.66048,-0.6825646,-1.0147754,0.19514987,1.9098277,2.9477584,-0.84911907,0.20239775,1
10.0,10,-4.2214904,-1.9887822,-2.0506544,1.3994586,-3.5251768,-3.8959844,-1.775298,-2.2345433,1.945975,-2.4470558,11.34065,3.9963934,-0.66304487,-0.6843614,-1.0172015,0.19441769,1.9150921,2.9621613,-0.8509724,0.20161572,1
10.0,10,-4.2222724,-1.9872124,-2.0504408,1.3993839,-3.5255177,-3.897234,-1.7758623,-2.234717,1.9451737,-2.4464524,11.339854,3.9967873,-0.6639672,-0.68531823,-1.017896,0.19522509,1.9165796,2.9653227,-0.85115635,0.20157059,1
19.0,19,-2.1910474,-2.5874944,2.7736712,-1.4872184,-1.4561964,-4.017215,0.07535513,0.9054946,-0.90514654,-0.42138582,-0.37028682,-1.3730357,5.1165957,1.478548,-0.5782969,-0.9484734,-0.69234204,-3.223791,3.9568443,10.032522,1
19.0,19,-2.1847908,-2.5888495,2.78465,-1.4832691,-1.455685,-4.025355,0.08781482,0.9105375,-0.9042421,-0.41676325,-0.36928543,-1.3706696,5.099631,1.454633,-0.5829464,-0.9441444,-0.6956277,-3.2150967,3.9598484,10.048003,1
19.0,19,-2.2155304,-2.5905929,2.7576115,-1.4593542,-1.4705209,-4.0385776,0.09220229,0.86908066,-0.88006985,-0.3982052,-0.35811824,-1.3387002,5.0911574,1.4509442,-0.5834608,-0.9503532,-0.6742529,-3.1969903,4.012306,10.096286,1
19.0,19,-2.1456015,-2.5606894,2.91413,-1.4532408,-1.5945737,-3.9623566,0.22232749,1.1027737,-0.9332648,-0.4565666,-0.303152,-1.3018345,4.6591377,1.4728057,-0.68493617,-0.89695245,-0.71861964,-3.240616,3.9631548,10.248256,1
19.0,19,-2.1760414,-2.5873318,2.8042383,-1.4793504,-1.466484,-4.0260653,0.10747786,0.93107116,-0.90683067,-0.41727403,-0.3637779,-1.3649648,5.0528164,1.439634,-0.5946766,-0.9371169,-0.7004291,-3.2118893,3.960586,10.074101,1
19.0,19,-2.1829646,-2.5878043,2.7894728,-1.4830095,-1.4602948,-4.0231557,0.092521444,0.9180286,-0.9055693,-0.41870275,-0.36741993,-1.3692685,5.0855246,1.4558802,-0.5865444,-0.94232756,-0.6970117,-3.216287,3.9585009,10.054164,1
0.0,0,8.659223,5.815633,-0.68886495,0.97721696,2.7235332,1.6528689,4.214509,2.691658,-2.7865427,0.70329964,-2.8890636,-3.9204726,-2.454851,-4.1620674,-4.819454,0.31770936,-2.4491603,-1.6097225,-5.4725356,-3.0169547,1
0.0,0,8.67934,5.805379,-0.69133747,0.98570687,2.7305067,1.6453749,4.21404,2.6844,-2.7878797,0.68752885,-2.8765402,-3.9095285,-2.4554572,-4.1702414,-4.8221073,0.31705153,-2.4472585,-1.6171622,-5.4630303,-3.0143027,1
0.0,0,8.738808,5.789247,-0.6850372,0.9991269,2.723702,1.6431196,4.1733084,2.6615677,-2.7620437,0.6896773,-2.8565059,-3.907924,-2.4709892,-4.1657457,-4.8251147,0.3191002,-2.4529321,-1.6092393,-5.463769,-3.0136125,1
0.0,0,8.851497,5.7070646,-0.66560453,1.0073186,2.7430742,1.5937138,4.1158614,2.7259438,-2.8135176,0.66053534,-2.8215723,-3.8535113,-2.481745,-4.17513,-4.830138,0.33761263,-2.4257991,-1.6801194,-5.4376426,-2.9862525,1
0.0,0,8.685615,5.8026595,-0.6920844,0.98851895,2.7324517,1.6427402,4.2139173,2.6816914,-2.7881436,0.6823583,-2.8725083,-3.9060624,-2.4551725,-4.172927,-4.823047,0.31655756,-2.4466445,-1.6192881,-5.459781,-3.013363,1
0.0,0,8.663535,5.8164544,-0.690789,0.98157,2.7250714,1.6510512,4.2174087,2.682844,-2.7836497,0.6959939,-2.8841054,-3.9177206,-2.4529576,-4.1661477,-4.820877,0.31520155,-2.4497504,-1.6092046,-5.468087,-3.0168135,1
16.0,16,-2.1543295,-1.9307333,-0.12138572,-0.8476815,-0.5812699,-1.4093885,-1.4246501,1.4705727,-1.2036551,1.5749774,-3.3435674,3.8721414,-0.8689701,-3.0660431,0.32870117,0.2305854,10.63602,2.1607656,-0.39262205,-1.2635584,1
16.0,16,-2.162439,-1.9323533,-0.119616434,-0.8314211,-0.5719866,-1.4152453,-1.4253814,1.4587542,-1.2011027,1.5727867,-3.3301313,3.8966343,-0.8772564,-3.0732448,0.31513214,0.22302787,10.642002,2.1703868,-0.38991114,-1.2650102,1
16.0,16,-2.1624749,-1.9334522,-0.13098533,-0.8549381,-0.5665019,-1.4187967,-1.4273345,1.4600167,-1.208108,1.5734985,-3.3327844,3.9012244,-0.88732064,-3.0637434,0.33117005,0.24531466,10.637256,2.1694765,-0.39008638,-1.2619803,1
16.0,16,-2.1731398,-1.9356073,-0.13271828,-0.8438077,-0.55460846,-1.4286844,-1.4312701,1.4442986,-1.2067845,1.5711632,-3.3151996,3.9369338,-0.9016816,-3.0660758,0.31980702,0.24322179,10.643784,2.1804895,-0.38542944,-1.2616943,1
16.0,16,-2.168164,-1.9339979,-0.11830981,-0.81783897,-0.56407183,-1.4184849,-1.4247596,1.4505079,-1.1997998,1.5707793,-3.3215559,3.9135032,-0.88321424,-3.0801966,0.305262,0.21882965,10.645607,2.1772084,-0.3890666,-1.2667724,1
16.0,16,-2.1609752,-1.9321601,-0.11978924,-0.83350265,-0.5737597,-1.4137391,-1.4246833,1.4608583,-1.2015322,1.573,-3.3331106,3.8916612,-0.87538254,-3.0725467,0.31738776,0.22501732,10.640574,2.1683822,-0.3908181,-1.2650415,1
2.0,2,-0.5053462,4.4478726,8.915155,2.1601849,-1.5430388,1.2441276,-0.6943667,-2.4050508,1.6125711,1.1760448,-3.0909872,-3.2627783,-1.0645088,3.9494104,-1.6058154,-0.688862,-2.6651902,-0.4745007,-4.5976315,-3.6579258,1
2.0,2,-0.50731295,4.444636,8.908407,2.150737,-1.5431352,1.2468851,-0.6936943,-2.4040194,1.6097637,1.177038,-3.094309,-3.262138,-1.0631088,3.97185,-1.610812,-0.69176775,-2.6655793,-0.47262225,-4.596849,-3.660042,1
2.0,2,-0.50708616,4.4465313,8.916919,2.15503,-1.5414311,1.2404411,-0.6950577,-2.4099505,1.6218123,1.1858447,-3.0873165,-3.2635522,-1.0686721,3.9454694,-1.6034968,-0.68849206,-2.6689186,-0.47179332,-4.597195,-3.6571147,1
2.0,2,-0.5045965,4.450525,8.925084,2.170683,-1.5425944,1.2409477,-0.69664913,-2.4071672,1.6182178,1.1755553,-3.0852983,-3.2629945,-1.0656163,3.9191542,-1.5971191,-0.68568575,-2.6652951,-0.4764268,-4.597686,-3.6558778,1
2.0,2,-0.50727,4.4440804,8.90761,2.1503396,-1.5429261,1.246787,-0.6933852,-2.4043574,1.6096181,1.1777437,-3.0945654,-3.2621784,-1.0631734,3.9740672,-1.6115925,-0.69217926,-2.6657898,-0.4726183,-4.596614,-3.6600502,1
2.0,2,-0.50658,4.4457893,8.911042,2.154128,-1.54311,1.2457329,-0.69398063,-2.404391,1.6107302,1.1770917,-3.0931056,-3.262278,-1.0638903,3.9635825,-1.6089457,-0.6905374,-2.6653783,-0.47356644,-4.5970755,-3.6590803,1
3.0,3,0.6668,2.782687,0.57064855,10.990502,0.14356524,1.0158999,-0.4264505,-1.3742344,-2.2236154,-1.9994025,-1.0109845,0.86644197,-0.7790427,-1.1360433,-2.1695216,-0.9487322,-1.264414,1.5037713,-3.1669292,-3.0306935,1
3.0,3,0.67463875,2.785689,0.5699576,10.99941,0.14135662,1.0113266,-0.43133432,-1.3777183,-2.1995218,-1.9983494,-0.98283803,0.87045646,-0.78166354,-1.1712811,-2.1839976,-0.95616,-1.2621348,1.4971954,-3.164227,-3.0249548,1
3.0,3,0.678195,2.7864268,0.56570244,11.0067,0.1402556,1.0068346,-0.43497145,-1.3812739,-2.177978,-1.9969715,-0.96165395,0.8792416,-0.7837154,-1.1995066,-2.1954832,-0.9634479,-1.2596605,1.49297,-3.156899,-3.0216892,1
3.0,3,0.68480444,2.7884672,0.56286204,11.015832,0.13743378,1.0017297,-0.43938082,-1.3853459,-2.1512463,-1.9957078,-0.9325187,0.8855114,-0.78679,-1.2359693,-2.2101176,-0.97086006,-1.25771,1.4860739,-3.1521559,-3.015356,1
3.0,3,0.68100643,2.7878923,0.56848645,11.007037,0.13970122,1.0072738,-0.4352973,-1.3811705,-2.1780655,-1.9977971,-0.95713425,0.87235904,-0.783867,-1.2030696,-2.1950836,-0.9616697,-1.2613566,1.4917755,-3.162469,-3.0193372,1
3.0,3,0.6736963,2.7854497,0.56966376,10.9984665,0.14173384,1.0117445,-0.43069118,-1.3775771,-2.2017899,-1.9985157,-0.9853361,0.8690141,-0.7813241,-1.1681228,-2.1818087,-0.9550679,-1.2630622,1.4981109,-3.1646953,-3.025313,1
7.0,7,-0.86916065,-2.1874502,-0.43506092,-1.2200954,1.9557285,3.5464435,2.6269433,11.141586,-4.5416574,-1.3038222,-2.112689,-0.35666618,-3.5261517,-1.1006584,-3.0123315,2.8174262,-0.5982444,-1.0139555,-4.44704,-0.93279916,1
7.0,7,-0.9082998,-2.195213,-0.41595787,-1.230808,1.896763,3.4871285,2.6466968,11.146651,-4.5299473,-1.3252804,-2.1026514,-0.3472663,-3.5237296,-1.0873076,-2.9563074,2.8845305,-0.63068163,-1.0403881,-4.443293,-0.9540837,1
7.0,7,-0.9225161,-2.4409487,-0.5767091,-1.3330547,2.2395885,3.4066098,3.1026597,11.13123,-4.6888075,-1.2917022,-2.1478908,-0.35118797,-3.6230514,-1.1333921,-2.6486585,3.1753848,-0.8884559,-1.7589009,-4.507512,-0.5077023,1
7.0,7,-0.85169196,-2.3864663,-0.55041265,-1.3115859,2.2531524,3.4867592,3.0773342,11.169348,-4.678386,-1.2159181,-2.1722863,-0.40187535,-3.5705752,-1.1526121,-2.8112805,2.9463599,-0.8204958,-1.6833987,-4.5165987,-0.3847998,1
7.0,7,-0.9234271,-2.2396138,-0.42706704,-1.2535247,1.9157827,3.428288,2.656632,11.147044,-4.537935,-1.3393428,-2.0911696,-0.32410857,-3.534961,-1.0794469,-2.8799608,2.963181,-0.66228604,-1.0979713,-4.448343,-0.9645874,1
7.0,7,-0.88855684,-2.2118435,-0.43353248,-1.2349669,1.9428992,3.4963717,2.6392732,11.145763,-4.5417614,-1.3134738,-2.1040776,-0.3429897,-3.5294337,-1.0914097,-2.9591227,2.8739989,-0.6246981,-1.0530103,-4.4479556,-0.93558556,1
13.0,13,-1.5396608,0.71664244,0.47688788,-2.4183362,-1.0619053,1.6659648,-2.310455,-0.0037739389,-2.1068633,0.30222982,-1.8839775,0.22382018,-1.077861,12.241116,-0.74920464,0.20928362,-1.4734193,-0.88013256,-2.0753307,-2.3938627,1
13.0,13,-1.5399262,0.7155775,0.47817874,-2.419673,-1.0619111,1.6660421,-2.3105822,-0.0034239069,-2.1058795,0.3031471,-1.8827832,0.22332804,-1.0776591,12.2410755,-0.74964345,0.20853354,-1.473564,-0.8804669,-2.0758905,-2.3940132,1
13.0,13,-1.5389805,0.71513486,0.47642303,-2.4185252,-1.0608059,1.6665995,-2.3107173,-0.0037494488,-2.1068952,0.3028369,-1.8849832,0.22388016,-1.0778985,12.24129,-0.74816716,0.20964764,-1.4748777,-0.8796356,-2.0746136,-2.3940485,1
13.0,13,-1.540976,0.70806825,0.4786024,-2.4261885,-1.0656763,1.6665295,-2.3121321,8.783862e-05,-2.099413,0.30355188,-1.8726313,0.21768169,-1.0758011,12.24341,-0.7531568,0.2068266,-1.473155,-0.8819039,-2.079699,-2.3885756,1
13.0,13,-1.5402625,0.7143636,0.479249,-2.4211564,-1.0622795,1.666088,-2.310757,-0.0028871633,-2.1046405,0.30395702,-1.8810254,0.2224691,-1.0774221,12.241192,-0.7503805,0.20786303,-1.4735962,-0.88086605,-2.0767384,-2.3936324,1
13.0,13,-1.5399413,0.7158152,0.4780811,-2.4195116,-1.0618674,1.6659858,-2.3105202,-0.0034629852,-2.1060443,0.30324987,-1.8829504,0.2233755,-1.0777376,12.241035,-0.74964845,0.20864059,-1.4735792,-0.88042754,-2.0759244,-2.393951,1
16.0,16,-2.4544334,-1.5818388,-0.38151157,-0.6547014,-2.6533816,-2.952955,-1.269459,1.1599143,-0.33363703,1.1850064,-1.2322632,2.629467,-0.05123117,-2.416137,-1.0007864,-1.6537818,11.214051,3.376903,0.9966999,-0.48731688,1
16.0,16,-2.4679883,-1.58067,-0.38697392,-0.6424957,-2.6500025,-2.9585364,-1.289544,1.1313262,-0.32321578,1.174247,-1.2129694,2.6521828,-0.045010462,-2.4163706,-1.007651,-1.6577139,11.213435,3.4384694,0.9910279,-0.49830306,1
16.0,16,-2.5045705,-1.5799948,-0.40526342,-0.6116038,-2.6465821,-2.9755101,-1.3185066,1.0494791,-0.29340014,1.1448765,-1.1595266,2.7070906,-0.019514179,-2.4181135,-1.0284479,-1.6725676,11.212076,3.5785198,0.98388124,-0.5236872,1
16.0,16,-2.4883752,-1.5815798,-0.39949822,-0.6270706,-2.65653,-2.9702291,-1.2833526,1.0787587,-0.3024495,1.1595136,-1.1822149,2.678595,-0.021750277,-2.4174047,-1.0226635,-1.6709361,11.214666,3.4907887,0.99637043,-0.50723785,1
16.0,16,-2.4788132,-1.5797316,-0.3911475,-0.6326348,-2.6467133,-2.962797,-1.3078232,1.1074753,-0.3143896,1.1654351,-1.1967161,2.6706195,-0.04024662,-2.4159598,-1.0130392,-1.6607473,11.2129345,3.4895902,0.98595184,-0.5074191,1
16.0,16,-2.4663084,-1.5809525,-0.3861348,-0.64392954,-2.6504455,-2.957753,-1.2885381,1.1349891,-0.32438725,1.1757236,-1.2153258,2.6499968,-0.04611858,-2.4159446,-1.0062902,-1.6570338,11.213648,3.4310396,0.9916277,-0.49684992,1
13.0,13,-2.7399502,-0.33278602,-0.5650541,-4.573516,-0.38561592,-1.3230312,-2.7949352,-1.2093079,-2.1241612,4.218275,-2.086694,-0.41792965,2.7657073,11.096596,1.0658901,-1.062596,-0.34050524,-0.9396051,-0.5893481,0.30235758,1
13.0,13,-2.7631938,-0.32592136,-0.5686824,-4.6188226,-0.35441208,-1.33374,-2.804988,-1.1967022,-2.1148078,4.2840137,-2.0849476,-0.44720113,2.7881696,11.036189,1.0991448,-1.0757859,-0.34218723,-0.9017667,-0.6294399,0.31075177,1
13.0,13,-2.7978587,-0.32112154,-0.56735593,-4.6359086,-0.31094447,-1.4404932,-2.8259635,-1.2298449,-2.0788074,4.576457,-2.0718021,-0.3803283,2.8950753,10.820224,1.1266686,-1.1590987,-0.32161552,-0.9811853,-0.5533196,0.4202547,1
13.0,13,-2.8410358,-0.17173478,-0.58920395,-4.7157497,-0.2883562,-1.4251621,-2.829112,-1.1940529,-2.091342,4.6536403,-2.0846202,-0.47623798,2.9241302,10.71601,1.2086662,-1.170986,-0.33512348,-0.9271034,-0.6938079,0.3790261,1
13.0,13,-2.7744453,-0.32864836,-0.5692608,-4.6431093,-0.33821002,-1.3370285,-2.8104541,-1.1879202,-2.1098268,4.312497,-2.0841513,-0.46584043,2.7945905,11.009431,1.1158462,-1.0785526,-0.34353018,-0.87526214,-0.65348953,0.31600887,1
13.0,13,-2.7554512,-0.33399874,-0.5664772,-4.606014,-0.3635233,-1.330312,-2.8013923,-1.2007773,-2.1165025,4.2586217,-2.0845134,-0.4400026,2.7788243,11.0590725,1.0878106,-1.0696903,-0.3419636,-0.9090206,-0.6172437,0.30943415,1
11.0,15,-1.2132844,-2.9946685,-2.5885801,2.6081824,1.8788307,-1.9819927,-0.503543,2.7758052,-1.9500936,-4.642895,3.548521,0.32494053,-1.08393,-0.6146312,1.0622407,6.699436,-1.465261,-4.0427904,-3.197721,0.19290197,0
11.0,15,-1.2883028,-2.951455,-2.6199164,2.6486502,1.8178821,-2.01525,-0.48336923,2.5872872,-1.9190629,-4.7003603,3.6149292,0.35950345,-1.0847341,-0.62358314,1.1468899,6.800223,-1.4692309,-4.014257,-3.1556153,0.13463072,0
11.0,15,-1.6308581,-2.7415917,-2.9219267,2.461498,1.6217718,-2.0926757,-0.13669005,2.2674303,-2.0154831,-4.8141866,3.567076,0.39754397,-1.1950105,-0.55975944,1.4269421,7.3639584,-1.5915961,-3.8733518,-2.9646788,0.14052804,0
11.0,15,-1.4158523,-2.6825945,-2.8906555,2.4129388,1.7134054,-2.0534196,-0.053112045,2.6103568,-2.1154878,-4.706584,3.3447855,0.23332009,-1.2124652,-0.5698484,1.252386,7.3046293,-1.7485522,-3.9538076,-3.1130104,0.36182663,0
11.0,15,-1.4904599,-2.9876177,-2.6878946,2.6386588,1.7558553,-2.0614896,-0.4906057,2.3571749,-1.8962157,-4.7782454,3.7365148,0.4980464,-1.1070313,-0.6165883,1.3071016,6.938006,-1.3570361,-3.9433343,-3.0372672,0.004198242,0
11.0,15,-1.2890998,-2.981917,-2.611836,2.6314826,1.8298943,-2.0078928,-0.505833,2.6256769,-1.9239278,-4.688991,3.6132011,0.37235293,-1.0892918,-0.6154941,1.1373582,6.777011,-1.439748,-4.018468,-3.1502218,0.13453582,0
16.0,16,-1.801294,-1.7418872,-0.665139,-0.5953099,-1.6282556,-3.607392,-2.511909,-0.6503829,-0.5085916,0.957194,-0.25586623,4.062022,-0.91538095,-1.5292534,-0.37438452,-1.2859033,11.906314,1.9989996,1.6216749,-0.15876016,1
16.0,16,-1.8042454,-1.7265155,-0.6627453,-0.5881693,-1.6574174,-3.5987945,-2.5434065,-0.67945105,-0.48961282,0.95021236,-0.22423512,4.0627284,-0.91089064,-1.5237565,-0.37736776,-1.291552,11.906875,2.033514,1.6230919,-0.16334635,1
16.0,16,-1.8391045,-1.7228388,-0.6729864,-0.54991025,-1.7299005,-3.612466,-2.5682056,-0.7626439,-0.43953466,0.9250593,-0.1344038,4.138758,-0.8851052,-1.4984198,-0.38938168,-1.302155,11.908792,2.0457728,1.6414698,-0.15775728,1
16.0,16,-1.8476002,-1.7226404,-0.6735708,-0.5409988,-1.7499815,-3.6141825,-2.5675368,-0.77783936,-0.42712083,0.9213855,-0.11851252,4.153449,-0.8772091,-1.4925717,-0.394413,-1.3038069,11.908244,2.0409284,1.6451231,-0.15594885,1
16.0,16,-1.8066947,-1.7152338,-0.6613192,-0.5822821,-1.6794441,-3.592842,-2.566893,-0.70043325,-0.47592437,0.94450736,-0.20036644,4.0641823,-0.90722716,-1.5192025,-0.3799165,-1.296009,11.907054,2.0599465,1.6237432,-0.16721727,1
16.0,16,-1.8075501,-1.726883,-0.6651552,-0.58437234,-1.6610541,-3.6009471,-2.5482445,-0.6876534,-0.4866134,0.9464954,-0.21415779,4.0722127,-0.90974283,-1.5215323,-0.37741262,-1.2925893,11.907433,2.0387192,1.6242596,-0.16362078,1
9.0,9,-1.8121305,-0.15197834,2.8729327,-2.318636,-1.3687378,-2.1986206,-0.4287843,0.97844255,-1.7265526,8.428913,-2.639248,-1.8347902,3.6043925,2.7107122,2.2929275,-3.6116714,-0.050486214,-3.247804,0.8744349,1.6172534,1
9.0,9,-1.8276906,-0.081628524,2.83221,-2.341,-1.2934787,-2.1488419,-0.39431167,1.0427153,-1.8537678,8.307213,-2.6588244,-1.8252714,3.6046355,2.7061896,2.4666789,-3.56841,-0.10439086,-3.2362492,0.7142464,1.521308,1
9.0,9,-1.7569588,0.0025449023,2.669745,-2.3735626,-1.1257589,-2.058608,-0.9515292,0.70113015,-1.604503,8.702152,-2.695849,-1.6008338,3.1953886,2.780244,2.7962399,-3.323902,-0.028707534,-3.1375644,0.41492498,1.3636101,1
9.0,9,-1.7725518,0.33240426,2.1927593,-2.526027,-0.5990125,-1.582349,-1.2751324,1.0804863,-2.2230942,7.960215,-2.8462179,-1.3747405,2.9270844,2.6486754,4.36019,-2.7862098,-0.21206394,-3.0565321,-0.67998916,0.63864416,1
9.0,9,-1.8456544,0.031205095,2.763099,-2.379029,-1.1514252,-2.0638466,-0.37880236,1.1311777,-2.041462,8.129928,-2.6947021,-1.7858808,3.5767663,2.6917253,2.7665908,-3.4775083,-0.18967772,-3.2137213,0.4362391,1.3611988,1
9.0,9,-1.8343922,-0.06294768,2.814827,-2.353999,-1.2796719,-2.134731,-0.40444267,1.0568346,-1.8784896,8.2873125,-2.6652334,-1.8331941,3.5886328,2.705431,2.531519,-3.5487974,-0.10569946,-3.2144406,0.6671618,1.4929082,1
5.0,5,-2.209015,-0.9041211,-1.7884046,-0.3456701,-0.50615275,9.131628,6.355459,6.164378,-1.626239,-1.9727486,-1.7233118,-1.9764347,0.35977775,-1.1192311,-2.2786994,-1.7015432,-1.0088674,-4.7934003,-2.443603,-2.8959193,1
5.0,5,-2.211125,-0.9222069,-1.800157,-0.34742615,-0.48407176,9.208079,6.338358,6.0444493,-1.5934607,-1.9740199,-1.7325137,-1.9642274,0.3685682,-1.1079174,-2.1921706,-1.6629719,-1.0565432,-4.8138185,-2.4630303,-2.92488,1
5.0,5,-2.263966,-0.9538374,-1.8402215,-0.3516505,-0.5554928,9.169584,6.512938,5.882442,-1.481587,-2.0223205,-1.6637256,-1.9854634,0.46925136,-1.0011687,-2.1475008,-1.5981477,-1.2858406,-4.842139,-2.5210667,-2.8836272,1
5.0,5,-2.2365668,-0.96838176,-1.853538,-0.3452085,-0.36799124,9.329456,6.568425,5.5670114,-1.507615,-2.0580263,-1.7021754,-1.9425179,0.38919267,-1.0038495,-1.9601544,-1.4854121,-1.3933816,-4.8717074,-2.5783873,-2.9899085,1
5.0,5,-2.2097666,-0.9305883,-1.8055382,-0.34754205,-0.464892,9.253461,6.3314786,5.971705,-1.5789884,-1.9744427,-1.7390705,-1.9578813,0.3684517,-1.1027745,-2.1405365,-1.6393154,-1.0861367,-4.824931,-2.476975,-2.943158,1
5.0,5,-2.2096436,-0.9156822,-1.7972721,-0.34629828,-0.48638347,9.190724,6.34339,6.070899,-1.6032723,-1.9747477,-1.7312952,-1.9677565,0.36500514,-1.1124499,-2.2146156,-1.673008,-1.0420284,-4.808286,-2.4565334,-2.9200425,1
1.0,1,-0.9438808,11.303506,-1.8545601,3.2965612,-1.2562716,1.9202452,0.8916678,-1.6570748,-3.0323265,-1.7357031,-1.4007919,-0.43119335,-1.7079594,0.1985016,-0.99001336,0.9474802,-2.6119406,2.085987,-2.5333948,-3.1370778,1
1.0,1,-0.94424367,11.302725,-1.8553638,3.2987046,-1.2558591,1.922694,0.89013803,-1.6563169,-3.0328164,-1.7392635,-1.3998008,-0.4293943,-1.7096039,0.19426666,-0.98476124,0.9507084,-2.613819,2.085221,-2.5341163,-3.1378145,1
1.0,1,-0.94034946,11.304905,-1.8562467,3.302592,-1.2655216,1.9280794,0.87968117,-1.6573429,-3.0228567,-1.7397643,-1.3932794,-0.43551904,-1.7104442,0.19174825,-0.985535,0.9515124,-2.6200216,2.0984187,-2.5364108,-3.1401124,1
1.0,1,-0.9367446,11.306301,-1.8466362,3.322714,-1.2914964,1.9414749,0.8771502,-1.6410756,-3.021559,-1.7491146,-1.3804188,-0.42882442,-1.7193195,0.14836453,-0.97161984,0.9849715,-2.6326053,2.047848,-2.5294967,-3.1288965,1
1.0,1,-0.9441936,11.302432,-1.8553727,3.3004313,-1.2564358,1.9240562,0.88948816,-1.6554438,-3.0330849,-1.7411308,-1.3989156,-0.42829823,-1.7106649,0.19082402,-0.98209345,0.95321035,-2.6150029,2.08316,-2.5341778,-3.137711,1
1.0,1,-0.9439266,11.303116,-1.854903,3.2978535,-1.2559253,1.9212124,0.891055,-1.6566733,-3.0327337,-1.737475,-1.4002446,-0.4301166,-1.7088581,0.1961085,-0.9875231,0.94907176,-2.6127748,2.0854874,-2.5337062,-3.1373413,1
13.0,13,-1.4711214,0.91579807,1.2960458,-2.2810087,-1.1565624,1.781709,-2.2208216,-0.390198,-1.9835624,0.5509302,-1.8529859,0.18839282,-0.9818063,12.04031,-0.8966261,0.0104660895,-1.4977366,-1.6444709,-1.9195907,-2.5982194,1
13.0,13,-1.4712455,0.91575426,1.2967443,-2.2812963,-1.1564754,1.7819479,-2.2208147,-0.3901637,-1.9832984,0.55139154,-1.8528539,0.18818714,-0.9818066,12.040071,-0.8967433,0.010212937,-1.4978839,-1.6445419,-1.9198991,-2.598501,1
13.0,13,-1.4710574,0.9143113,1.2953142,-2.2814748,-1.1561155,1.7815075,-2.220909,-0.3898936,-1.9836227,0.5512736,-1.8529545,0.18875724,-0.98141825,12.040712,-0.8960178,0.010228105,-1.4980396,-1.6445509,-1.9189172,-2.5977893,1
13.0,13,-1.471688,0.913962,1.2996126,-2.2837546,-1.1573102,1.7832978,-2.220918,-0.38892916,-1.9804069,0.553191,-1.8497952,0.1860175,-0.9821687,12.039659,-0.89874446,0.009071716,-1.4977484,-1.6462932,-1.9221416,-2.5979216,1
13.0,13,-1.4713618,0.9157161,1.2975935,-2.2816684,-1.156517,1.7822564,-2.2207928,-0.3900713,-1.9828395,0.55189276,-1.8525143,0.18779026,-0.9818859,12.039812,-0.89707875,0.009964403,-1.4979894,-1.644758,-1.9203851,-2.5986764,1
13.0,13,-1.4712266,0.91580635,1.2967042,-2.2812817,-1.1564894,1.7819254,-2.2207947,-0.3901819,-1.9833022,0.55139655,-1.8528593,0.18815139,-0.9818248,12.040088,-0.89677405,0.010253234,-1.4978938,-1.6445581,-1.919909,-2.5984437,1
