true_label,predicted_label,prob_class_0,prob_class_1,prob_class_2,prob_class_3,prob_class_4,prob_class_5,prob_class_6,prob_class_7,prob_class_8,prob_class_9,prob_class_10,prob_class_11,prob_class_12,prob_class_13,prob_class_14,prob_class_15,prob_class_16,prob_class_17,prob_class_18,prob_class_19,correct
18.0,18,-3.8164775,-7.302422,-5.9779415,-12.66571,-5.1418157,-11.68601,-4.2809362,0.65674365,7.2005444,7.724559,-3.292317,-1.7533878,6.2250724,3.2427702,-11.822134,-9.220673,3.396113,3.9440064,18.858595,12.590586,1
18.0,18,-3.8151543,-7.3010902,-5.977743,-12.6643095,-5.14288,-11.68587,-4.280819,0.65697587,7.2003145,7.7247057,-3.2918034,-1.7528695,6.223861,3.2408648,-11.822725,-9.2207,3.3955374,3.9444537,18.858597,12.592701,1
18.0,18,-3.8135674,-7.2994523,-5.9812536,-12.66248,-5.1443963,-11.682493,-4.2773747,0.6608051,7.199624,7.7223015,-3.287055,-1.747976,6.2172675,3.236493,-11.823228,-9.222839,3.3975434,3.9487677,18.8539,12.596004,1
18.0,18,-3.8166234,-7.3025236,-5.981639,-12.665694,-5.1419725,-11.68291,-4.2776184,0.6602174,7.199766,7.721815,-3.288971,-1.7499202,6.2209926,3.2412133,-11.822552,-9.222991,3.3989563,3.9474554,18.85471,12.590981,1
18.0,18,-3.8197248,-7.305647,-5.9821177,-12.66892,-5.1395082,-11.683167,-4.2780256,0.65955675,7.20083,7.721634,-3.2890582,-1.7500771,6.222714,3.245462,-11.820176,-9.222628,3.4002023,3.9466898,18.853409,12.586012,1
18.0,18,-3.8178155,-7.3037653,-5.9787683,-12.667062,-5.1407547,-11.685516,-4.280429,0.6571747,7.2008533,7.7239723,-3.2921224,-1.753167,6.2252893,3.244165,-11.821575,-9.221036,3.396946,3.9443386,18.857958,12.588889,1
0.0,1,13.651952,14.794166,7.0769567,8.083297,-5.4754863,-0.85038316,-1.2182618,-4.3902736,1.133736,4.7420826,3.1174264,-0.25788224,-2.7727752,-6.143451,2.1349974,4.9988766,-6.438714,-10.930696,-7.583087,-0.98307467,0
0.0,1,13.651684,14.794134,7.0771,8.083414,-5.4751353,-0.85018665,-1.2184134,-4.390334,1.133558,4.7419634,3.1173184,-0.25771976,-2.7729383,-6.143612,2.13533,4.9991984,-6.4388137,-10.930643,-7.5831904,-0.9832289,0
0.0,1,13.651498,14.794135,7.077119,8.083565,-5.4748964,-0.84994245,-1.2184355,-4.3902817,1.1333575,4.74178,3.1172998,-0.25753546,-2.773162,-6.1438313,2.1355178,4.999379,-6.438828,-10.930489,-7.583325,-0.98327553,0
0.0,1,13.650936,14.794946,7.0778294,8.084886,-5.4737234,-0.84864163,-1.2187552,-4.39051,1.1322708,4.7408614,3.117142,-0.25646532,-2.7742195,-6.144894,2.1367576,5.0005856,-6.439131,-10.930616,-7.5843763,-0.9839965,0
0.0,1,13.651214,14.79451,7.077523,8.084097,-5.474368,-0.8494867,-1.2187229,-4.390487,1.1329156,4.741475,3.1171541,-0.25701487,-2.773583,-6.144258,2.1361117,4.9999585,-6.4389896,-10.930646,-7.5836854,-0.98357415,0
0.0,1,13.652067,14.794161,7.0767584,8.083278,-5.475695,-0.85044134,-1.2181153,-4.3901496,1.1337732,4.742069,3.1175375,-0.25792956,-2.77277,-6.1434484,2.134759,4.998645,-6.438581,-10.930603,-7.583029,-0.9829078,0
2.0,2,5.5292244,8.818226,18.943687,4.0212536,-3.27086,-3.6903656,-12.694231,-15.706634,4.829454,8.090665,-0.14232564,3.4968019,5.8277173,2.5316453,4.076093,6.8513803,-11.980221,-10.319466,-4.376539,-2.876583,1
2.0,2,5.5290527,8.81806,18.943478,4.0210595,-3.27071,-3.690464,-12.6943035,-15.7064705,4.829373,8.090733,-0.14237928,3.4969301,5.8275037,2.531495,4.076256,6.851491,-11.980077,-10.319305,-4.3764477,-2.8764763,1
2.0,2,5.529173,8.818176,18.94364,4.0211926,-3.2708316,-3.6904008,-12.694261,-15.706606,4.8294353,8.090687,-0.1423254,3.496848,5.82767,2.53163,4.076143,6.8514023,-11.980164,-10.31943,-4.376541,-2.8765805,1
2.0,2,5.52912,8.818123,18.943577,4.0211353,-3.2707753,-3.6903954,-12.694245,-15.706537,4.829444,8.090693,-0.14235282,3.4968634,5.8276067,2.5315714,4.0761538,6.8514104,-11.980161,-10.319361,-4.3764715,-2.8765073,1
2.0,2,5.5288634,8.817879,18.943226,4.0208435,-3.2705336,-3.690602,-12.694407,-15.70628,4.829249,8.090825,-0.14246607,3.4970713,5.827252,2.531296,4.0764575,6.8516464,-11.979908,-10.319131,-4.3763256,-2.8763413,1
2.0,2,5.5291724,8.818166,18.943663,4.021199,-3.2708504,-3.690329,-12.694189,-15.706612,4.829519,8.090643,-0.14230037,3.4968138,5.827717,2.5316792,4.0760484,6.8513093,-11.980217,-10.319404,-4.3765154,-2.8765585,1
9.0,9,5.0425525,2.0087655,5.199171,-7.655038,-7.728241,-12.896128,-8.68987,-6.491599,8.491776,13.727549,1.2966075,0.6990025,2.1689987,1.2587471,-0.89982545,0.058121305,-1.7094777,-5.3169193,3.6246438,5.3647866,1
9.0,9,5.0425525,2.0087655,5.199171,-7.655038,-7.728241,-12.896128,-8.68987,-6.491599,8.491776,13.727549,1.2966075,0.6990025,2.1689987,1.2587471,-0.89982545,0.058121305,-1.7094777,-5.3169193,3.6246438,5.3647866,1
9.0,9,5.0425525,2.0087655,5.199171,-7.655038,-7.728241,-12.896128,-8.68987,-6.491599,8.491776,13.727549,1.2966075,0.6990025,2.1689987,1.2587471,-0.89982545,0.058121305,-1.7094777,-5.3169193,3.6246438,5.3647866,1
9.0,9,5.0425525,2.0087655,5.199171,-7.655038,-7.728241,-12.896128,-8.68987,-6.491599,8.491776,13.727549,1.2966075,0.6990025,2.1689987,1.2587471,-0.89982545,0.058121305,-1.7094777,-5.3169193,3.6246438,5.3647866,1
9.0,9,5.0425525,2.0087655,5.199171,-7.655038,-7.728241,-12.896128,-8.68987,-6.491599,8.491776,13.727549,1.2966075,0.6990025,2.1689987,1.2587471,-0.89982545,0.058121305,-1.7094777,-5.3169193,3.6246438,5.3647866,1
9.0,9,5.0425525,2.0087655,5.199171,-7.655038,-7.728241,-12.896128,-8.68987,-6.491599,8.491776,13.727549,1.2966075,0.6990025,2.1689987,1.2587471,-0.89982545,0.058121305,-1.7094777,-5.3169193,3.6246438,5.3647866,1
8.0,8,2.523813,-1.3013247,1.3236166,-10.415342,-6.216864,-6.953791,-0.83685434,-2.3331091,12.131478,8.500858,1.0211236,-2.609655,5.321057,5.408017,-8.1220875,-7.82911,-1.4029189,-2.3377883,7.2810073,4.8504605,1
8.0,8,2.523724,-1.3014135,1.3235055,-10.415322,-6.2169175,-6.953837,-0.8368635,-2.3331192,12.131426,8.500764,1.0211147,-2.609671,5.321201,5.408134,-8.122246,-7.829248,-1.4028174,-2.3377278,7.2811513,4.850492,1
8.0,8,2.5249302,-1.3001753,1.3246473,-10.41444,-6.2177873,-6.9558625,-0.83859956,-2.333697,12.130582,8.502615,1.0190538,-2.6109319,5.3214984,5.4058285,-8.122937,-7.8279376,-1.4039167,-2.3384738,7.284348,4.8535147,1
8.0,8,2.5250938,-1.3000135,1.3248256,-10.414251,-6.2179327,-6.955997,-0.8387393,-2.3338325,12.130551,8.50273,1.0189382,-2.611053,5.3215985,5.4056926,-8.1230545,-7.8278704,-1.4040921,-2.3385713,7.284576,4.853763,1
8.0,8,2.524762,-1.3003432,1.3244625,-10.414434,-6.2178206,-6.9558578,-0.838562,-2.333688,12.130513,8.50242,1.0190619,-2.6109452,5.321716,5.4060507,-8.123162,-7.828165,-1.4037592,-2.338358,7.2845044,4.8534884,1
8.0,8,2.5237062,-1.3014321,1.3234862,-10.415336,-6.216904,-6.9538198,-0.8368428,-2.3331006,12.131427,8.500746,1.0211041,-2.6096797,5.3212104,5.4081426,-8.122267,-7.8292675,-1.4028107,-2.337711,7.2811723,4.850493,1
9.0,9,4.7360425,1.1773237,3.531435,-8.67595,-8.362765,-13.912192,-7.992158,-5.2458034,8.870984,14.030084,0.11994696,-0.7500485,2.8562098,0.8178553,-3.4737427,-1.634658,-1.037388,-4.4888825,7.448937,7.977574,1
9.0,9,4.736051,1.177339,3.5314302,-8.675845,-8.3628845,-13.9124365,-7.992402,-5.245919,8.870862,14.030184,0.11995649,-0.74996126,2.856205,0.8177783,-3.4736972,-1.6345595,-1.037334,-4.4888773,7.4490247,7.977735,1
9.0,9,4.7353487,1.1765985,3.530655,-8.676262,-8.36255,-13.911724,-7.99148,-5.2452993,8.871003,14.029276,0.119603634,-0.7504741,2.856944,0.818453,-3.474919,-1.6357199,-1.0370694,-4.4882665,7.4500365,7.9777465,1
9.0,9,4.736051,1.177339,3.5314302,-8.675845,-8.3628845,-13.9124365,-7.992402,-5.245919,8.870862,14.030184,0.11995649,-0.74996126,2.856205,0.8177783,-3.4736972,-1.6345595,-1.037334,-4.4888773,7.4490247,7.977735,1
9.0,9,4.736051,1.177339,3.5314302,-8.675845,-8.3628845,-13.9124365,-7.992402,-5.245919,8.870862,14.030184,0.11995649,-0.74996126,2.856205,0.8177783,-3.4736972,-1.6345595,-1.037334,-4.4888773,7.4490247,7.977735,1
9.0,9,4.7359962,1.1772877,3.531373,-8.675815,-8.362924,-13.9124975,-7.992462,-5.245951,8.870818,14.030153,0.1199851,-0.7499157,2.8562455,0.8178212,-3.4737291,-1.6345937,-1.0372752,-4.4888306,7.4490666,7.9777675,1
7.0,7,-1.1872487,-3.408996,-16.675169,-7.849274,6.505588,7.317299,14.760182,16.982332,0.48335183,-4.1526833,1.7552178,-4.3041234,-10.178613,-7.867198,-1.7288156,-3.2691064,6.71736,6.5076146,-0.62467074,-0.9094264,1
7.0,7,-1.1847876,-3.4065557,-16.672625,-7.8484135,6.5062933,7.322912,14.765266,16.982456,0.4860804,-4.155111,1.7567292,-4.3062134,-10.177494,-7.8644843,-1.7293422,-3.2708018,6.7150474,6.504876,-0.62995243,-0.9150564,1
7.0,7,-1.1760111,-3.399787,-16.66567,-7.84917,6.5101724,7.3451505,14.787467,16.985773,0.49867272,-4.164031,1.7642221,-4.3143373,-10.175125,-7.8530965,-1.7300127,-3.2781637,6.707629,6.495996,-0.6525531,-0.93829936,1
7.0,7,-1.1770711,-3.402207,-16.668299,-7.8521476,6.511551,7.3474064,14.791079,16.988152,0.5007615,-4.165458,1.7663041,-4.314578,-10.175789,-7.850557,-1.7294803,-3.2800698,6.7089877,6.497251,-0.655576,-0.94158596,1
7.0,7,-1.1851008,-3.4074845,-16.673552,-7.849506,6.506499,7.323825,14.766773,16.98322,0.487069,-4.155757,1.7577939,-4.3063216,-10.177493,-7.8631663,-1.7294605,-3.2719164,6.715636,6.5053735,-0.6312897,-0.9164068,1
7.0,7,-1.1863728,-3.408009,-16.674097,-7.848285,6.5052066,7.3184757,14.761101,16.98175,0.48383796,-4.153413,1.7554941,-4.3048525,-10.177618,-7.866325,-1.7295578,-3.2697365,6.7165465,6.5066442,-0.6255419,-0.9105448,1
9.0,9,5.801417,2.5765817,5.048226,-8.250081,-7.8807054,-12.164139,-6.871172,-5.6165166,9.49795,13.63946,0.7336924,-0.882722,2.6432552,1.4396181,-2.3876975,-1.1920915,-1.8194852,-6.0882087,4.502967,5.298376,1
9.0,9,5.8011017,2.5762978,5.0479455,-8.250278,-7.880489,-12.163919,-6.8709497,-5.616286,9.497951,13.639198,0.73359513,-0.8827456,2.6433315,1.4397526,-2.3879008,-1.1923385,-1.8193548,-6.087959,4.503201,5.2983537,1
9.0,9,5.80748,2.5854464,5.0575933,-8.242024,-7.8842397,-12.172187,-6.8828974,-5.6244054,9.493221,13.647361,0.73168063,-0.88011754,2.639987,1.4309886,-2.3802798,-1.1806905,-1.8238684,-6.0949655,4.5020056,5.302946,1
9.0,9,5.797191,2.572692,5.043866,-8.25389,-7.876537,-12.159716,-6.8668146,-5.612553,9.498387,13.635494,0.7341238,-0.88178647,2.642498,1.4423013,-2.3876894,-1.194743,-1.816777,-6.0853524,4.501554,5.294439,1
9.0,9,5.8056517,2.581974,5.0539513,-8.245166,-7.8838325,-12.170612,-6.8792906,-5.621633,9.494977,13.645409,0.732332,-0.8813969,2.6413312,1.4337525,-2.3834016,-1.1848396,-1.8221773,-6.0922074,4.5033665,5.302646,1
9.0,9,5.8014107,2.5765817,5.0482273,-8.250086,-7.880694,-12.164135,-6.8711767,-5.616517,9.497945,13.639459,0.73369765,-0.88270676,2.643242,1.4396172,-2.3876746,-1.1920784,-1.8194788,-6.0882106,4.5029435,5.298358,1
10.0,10,-0.7989009,-1.912759,-7.364981,0.008771896,-4.5916085,-1.5215824,0.72904444,1.2763612,0.30778491,-1.7522054,9.385299,4.641914,-3.0224051,0.1270203,-2.0997338,-4.2854867,6.538014,5.022462,-5.666692,0.07652682,1
10.0,10,-0.7989009,-1.912759,-7.364981,0.008771896,-4.5916085,-1.5215824,0.72904444,1.2763612,0.30778491,-1.7522054,9.385299,4.641914,-3.0224051,0.1270203,-2.0997338,-4.2854867,6.538014,5.022462,-5.666692,0.07652682,1
10.0,10,-0.7989009,-1.912759,-7.364981,0.008771896,-4.5916085,-1.5215824,0.72904444,1.2763612,0.30778491,-1.7522054,9.385299,4.641914,-3.0224051,0.1270203,-2.0997338,-4.2854867,6.538014,5.022462,-5.666692,0.07652682,1
10.0,10,-0.7989009,-1.912759,-7.364981,0.008771896,-4.5916085,-1.5215824,0.72904444,1.2763612,0.30778491,-1.7522054,9.385299,4.641914,-3.0224051,0.1270203,-2.0997338,-4.2854867,6.538014,5.022462,-5.666692,0.07652682,1
10.0,10,-0.7989009,-1.912759,-7.364981,0.008771896,-4.5916085,-1.5215824,0.72904444,1.2763612,0.30778491,-1.7522054,9.385299,4.641914,-3.0224051,0.1270203,-2.0997338,-4.2854867,6.538014,5.022462,-5.666692,0.07652682,1
10.0,10,-0.7989009,-1.912759,-7.364981,0.008771896,-4.5916085,-1.5215824,0.72904444,1.2763612,0.30778491,-1.7522054,9.385299,4.641914,-3.0224051,0.1270203,-2.0997338,-4.2854867,6.538014,5.022462,-5.666692,0.07652682,1
1.0,1,13.023108,15.232632,7.4531136,9.432795,-4.702175,0.27039906,-1.488224,-4.6207447,0.011371136,3.673639,3.2882874,0.71537626,-3.5303936,-6.8953004,2.9722352,5.8047976,-6.4555874,-10.644042,-8.623547,-1.5735588,1
1.0,1,13.023046,15.232569,7.4531393,9.432771,-4.702123,0.270398,-1.4882724,-4.6207724,0.011366487,3.6736405,3.2882638,0.7153815,-3.5303693,-6.895275,2.97228,5.804841,-6.455618,-10.644012,-8.623535,-1.5735815,1
1.0,1,13.023211,15.232652,7.4530325,9.432788,-4.7023563,0.27032912,-1.4881608,-4.6207223,0.011425257,3.6736493,3.2883632,0.71535456,-3.5303273,-6.8952355,2.9720492,5.8046174,-6.455523,-10.644027,-8.623499,-1.5734521,1
1.0,1,13.023098,15.232628,7.4530535,9.432856,-4.702267,0.2703811,-1.4882438,-4.6207557,0.011339188,3.6735806,3.2883444,0.7154684,-3.5303755,-6.895287,2.972121,5.804689,-6.4555373,-10.643961,-8.623501,-1.5734441,1
1.0,1,13.023254,15.232697,7.4530277,9.432777,-4.7023835,0.2703012,-1.4881493,-4.620712,0.011441588,3.6736813,3.288356,0.71534765,-3.5303435,-6.8952546,2.9720364,5.8046055,-6.455509,-10.644074,-8.623482,-1.5734341,1
1.0,1,13.023123,15.232614,7.4530926,9.432759,-4.7022047,0.27036718,-1.4882102,-4.6207333,0.011402488,3.6736631,3.2882903,0.7153472,-3.5303717,-6.895278,2.9722016,5.8047643,-6.4555798,-10.644041,-8.623516,-1.5735362,1
16.0,18,-3.2322247,-6.678534,-5.4461775,-11.928538,-5.381107,-11.535149,-4.541335,0.36784038,6.8578963,7.764249,-3.04185,-1.4290107,5.9116664,2.7583673,-11.472242,-8.729661,2.9947271,3.8428628,18.11415,12.670697,0
16.0,18,-3.232254,-6.6785645,-5.446151,-11.928588,-5.3810616,-11.535162,-4.5413427,0.36782703,6.857909,7.764268,-3.0419288,-1.429088,5.9117417,2.7584152,-11.472245,-8.729644,2.9947047,3.8428185,18.114222,12.670649,0
16.0,18,-3.2320628,-6.67837,-5.446295,-11.92839,-5.381252,-11.535042,-4.541214,0.36796436,6.857814,7.764166,-3.0415912,-1.4287719,5.911368,2.7581701,-11.472228,-8.729722,2.9948583,3.8429778,18.11382,12.67078,0
16.0,18,-3.232188,-6.6785054,-5.446107,-11.92863,-5.381043,-11.535164,-4.541293,0.36786923,6.857959,7.7643375,-3.042026,-1.4292034,5.911735,2.7583432,-11.472274,-8.729623,2.9946423,3.8427455,18.114323,12.670695,0
16.0,18,-3.2322233,-6.678532,-5.4461775,-11.928541,-5.3810906,-11.535135,-4.5413294,0.36784396,6.8578997,7.764246,-3.0418377,-1.4289984,5.9116483,2.758369,-11.472209,-8.729643,2.994722,3.842858,18.11411,12.670669,0
16.0,18,-3.2321846,-6.678496,-5.446055,-11.92853,-5.3811126,-11.535228,-4.5414248,0.36775097,6.857951,7.7643576,-3.0418992,-1.4290651,5.911693,2.7583492,-11.472181,-8.729567,2.9946218,3.8427718,18.114197,12.670718,0
13.0,12,-0.45313674,-3.541634,4.6124544,-3.0057027,-7.9155264,-7.7477217,-7.6513157,-10.702949,4.560607,2.7188945,1.0463926,-1.7043794,16.861992,14.5226965,-9.559812,-7.3543053,-1.2492293,-2.263952,5.22245,-1.8456051,0
13.0,12,-0.4533077,-3.5418072,4.612273,-3.0059311,-7.9153485,-7.7475595,-7.651147,-10.702776,4.5606775,2.718792,1.0464916,-1.7042607,16.861853,14.522797,-9.559695,-7.354375,-1.2490871,-2.2638276,5.2222543,-1.8458087,0
13.0,12,-0.45302266,-3.5414042,4.6130505,-3.0038843,-7.916688,-7.748906,-7.653043,-10.7046795,4.5592027,2.7185895,1.0465429,-1.7042733,16.863659,14.52354,-9.560135,-7.3539968,-1.2490332,-2.2643285,5.2225204,-1.8458035,0
13.0,12,-0.45714802,-3.5452433,4.6082354,-3.0070603,-7.911908,-7.7441893,-7.6482754,-10.699516,4.5598674,2.7155333,1.0487493,-1.703025,16.858484,14.522402,-9.557146,-7.354171,-1.2463905,-2.2601287,5.2187114,-1.8488188,0
13.0,12,-0.45311338,-3.541614,4.6124573,-3.0057044,-7.915545,-7.7477303,-7.651306,-10.702948,4.5606184,2.7189066,1.0463966,-1.704388,16.861988,14.522694,-9.559822,-7.354315,-1.249224,-2.2639718,5.222448,-1.8456028,0
13.0,12,-0.45376712,-3.5422573,4.6117506,-3.006472,-7.9147973,-7.7469687,-7.6505404,-10.702196,4.5608907,2.718446,1.0467864,-1.7040237,16.86133,14.522889,-9.559371,-7.354528,-1.2487655,-2.263417,5.221701,-1.8463092,0
3.0,3,5.101797,9.7019,4.26643,18.932,-3.337701,2.6592546,-5.517721,-8.209767,-8.120904,-5.65137,7.9146886,4.860157,-1.3113675,-4.5136857,4.7603745,7.3871455,-3.853963,-3.3405592,-12.37948,-4.712916,1
3.0,3,5.1017504,9.701853,4.266412,18.931957,-3.3377006,2.6592352,-5.5177374,-8.2097645,-8.120893,-5.651365,7.9146953,4.860181,-1.3113669,-4.51367,4.760364,7.3871226,-3.8539317,-3.340519,-12.379457,-4.712896,1
3.0,3,5.101797,9.7019,4.26643,18.932,-3.337701,2.6592546,-5.517721,-8.209767,-8.120904,-5.65137,7.9146886,4.860157,-1.3113675,-4.5136857,4.7603745,7.3871455,-3.853963,-3.3405592,-12.37948,-4.712916,1
3.0,3,5.101797,9.7019,4.26643,18.932,-3.337701,2.6592546,-5.517721,-8.209767,-8.120904,-5.65137,7.9146886,4.860157,-1.3113675,-4.5136857,4.7603745,7.3871455,-3.853963,-3.3405592,-12.37948,-4.712916,1
3.0,3,5.101793,9.701894,4.2664304,18.931988,-3.337707,2.6592379,-5.5177336,-8.2097645,-8.120904,-5.6513567,7.914681,4.860158,-1.3113672,-4.5136933,4.760368,7.387145,-3.8539586,-3.340553,-12.379457,-4.712893,1
3.0,3,5.1017423,9.701843,4.266425,18.931946,-3.337713,2.6592252,-5.5177507,-8.209778,-8.120881,-5.6513543,7.914698,4.8601894,-1.3113577,-4.513657,4.760353,7.3871098,-3.8539267,-3.340513,-12.379452,-4.7128887,1
11.0,11,-5.7516413,-2.0856457,-1.845437,0.9371362,0.6866288,0.98328215,-6.1841793,-3.1976805,-2.1465378,-3.5072746,5.509487,12.877184,-1.8703744,1.2829294,1.0504961,-1.1532679,1.9044532,5.932725,-3.98271,0.46691507,1
11.0,11,-5.7516413,-2.0856457,-1.845437,0.9371362,0.6866288,0.98328215,-6.1841793,-3.1976805,-2.1465378,-3.5072746,5.509487,12.877184,-1.8703744,1.2829294,1.0504961,-1.1532679,1.9044532,5.932725,-3.98271,0.46691507,1
11.0,11,-5.7516413,-2.0856457,-1.845437,0.9371362,0.6866288,0.98328215,-6.1841793,-3.1976805,-2.1465378,-3.5072746,5.509487,12.877184,-1.8703744,1.2829294,1.0504961,-1.1532679,1.9044532,5.932725,-3.98271,0.46691507,1
11.0,11,-5.7516413,-2.0856457,-1.845437,0.9371362,0.6866288,0.98328215,-6.1841793,-3.1976805,-2.1465378,-3.5072746,5.509487,12.877184,-1.8703744,1.2829294,1.0504961,-1.1532679,1.9044532,5.932725,-3.98271,0.46691507,1
11.0,11,-5.7516413,-2.0856457,-1.845437,0.9371362,0.6866288,0.98328215,-6.1841793,-3.1976805,-2.1465378,-3.5072746,5.509487,12.877184,-1.8703744,1.2829294,1.0504961,-1.1532679,1.9044532,5.932725,-3.98271,0.46691507,1
11.0,11,-5.7516413,-2.0856457,-1.845437,0.9371362,0.6866288,0.98328215,-6.1841793,-3.1976805,-2.1465378,-3.5072746,5.509487,12.877184,-1.8703744,1.2829294,1.0504961,-1.1532679,1.9044532,5.932725,-3.98271,0.46691507,1
3.0,3,4.110254,8.540947,3.9671183,17.058025,-3.2612078,2.346112,-5.6261597,-7.956009,-7.3229094,-5.3164544,7.5075374,5.3381495,-0.8193748,-3.6291153,3.8413649,6.178157,-3.3526711,-2.5392,-11.14514,-4.0650916,1
3.0,3,4.110254,8.540947,3.9671183,17.058025,-3.2612078,2.346112,-5.6261597,-7.956009,-7.3229094,-5.3164544,7.5075374,5.3381495,-0.8193748,-3.6291153,3.8413649,6.178157,-3.3526711,-2.5392,-11.14514,-4.0650916,1
3.0,3,4.110254,8.540947,3.9671183,17.058025,-3.2612078,2.346112,-5.6261597,-7.956009,-7.3229094,-5.3164544,7.5075374,5.3381495,-0.8193748,-3.6291153,3.8413649,6.178157,-3.3526711,-2.5392,-11.14514,-4.0650916,1
3.0,3,4.110254,8.540947,3.9671183,17.058025,-3.2612078,2.346112,-5.6261597,-7.956009,-7.3229094,-5.3164544,7.5075374,5.3381495,-0.8193748,-3.6291153,3.8413649,6.178157,-3.3526711,-2.5392,-11.14514,-4.0650916,1
3.0,3,4.110254,8.540947,3.9671183,17.058025,-3.2612078,2.346112,-5.6261597,-7.956009,-7.3229094,-5.3164544,7.5075374,5.3381495,-0.8193748,-3.6291153,3.8413649,6.178157,-3.3526711,-2.5392,-11.14514,-4.0650916,1
3.0,3,4.110254,8.540947,3.9671183,17.058025,-3.2612078,2.346112,-5.6261597,-7.956009,-7.3229094,-5.3164544,7.5075374,5.3381495,-0.8193748,-3.6291153,3.8413649,6.178157,-3.3526711,-2.5392,-11.14514,-4.0650916,1
19.0,8,0.36565787,-3.4108267,-1.243769,-11.37505,-5.6975217,-7.0627503,-0.60413647,-1.2959558,11.326259,7.155481,1.1416304,-1.8414322,5.650686,6.3890853,-8.969643,-9.190835,0.625716,-0.49715358,8.431932,4.9723334,0
19.0,8,0.36565787,-3.4108267,-1.243769,-11.37505,-5.6975217,-7.0627503,-0.60413647,-1.2959558,11.326259,7.155481,1.1416304,-1.8414322,5.650686,6.3890853,-8.969643,-9.190835,0.625716,-0.49715358,8.431932,4.9723334,0
19.0,8,0.36411577,-3.4123802,-1.2448527,-11.37606,-5.697085,-7.0627236,-0.60376954,-1.2960598,11.325555,7.1541452,1.1411643,-1.8421992,5.653229,6.392126,-8.970563,-9.192157,0.62755597,-0.4973902,8.432167,4.9696193,0
19.0,8,0.3651175,-3.4113674,-1.2440995,-11.375194,-5.6976585,-7.0630813,-0.60425806,-1.2962785,11.325649,7.154928,1.1411138,-1.8420838,5.652377,6.3905225,-8.970498,-9.191502,0.62654746,-0.4974516,8.432579,4.971345,0
19.0,8,0.36562365,-3.4108725,-1.2436594,-11.37508,-5.6975527,-7.0627704,-0.6041038,-1.2961155,11.326185,7.1553664,1.1413826,-1.8418127,5.6513076,6.3895545,-8.969936,-9.191011,0.62578154,-0.4974149,8.432131,4.9719486,0
19.0,8,0.36565787,-3.4108267,-1.243769,-11.37505,-5.6975217,-7.0627503,-0.60413647,-1.2959558,11.326259,7.155481,1.1416304,-1.8414322,5.650686,6.3890853,-8.969643,-9.190835,0.625716,-0.49715358,8.431932,4.9723334,0
9.0,9,5.0104814,2.2549858,4.536539,-8.5868,-6.421582,-11.349464,-6.557599,-4.5328817,9.1391115,13.329424,-0.33792305,-0.7518841,1.6442388,0.05840391,-2.1250148,-0.6420034,-2.2979271,-5.284223,5.757422,6.269856,1
9.0,9,5.0106483,2.2551715,4.5367,-8.586665,-6.4216437,-11.349512,-6.5576878,-4.532994,9.139096,13.329519,-0.3378718,-0.75184953,1.6441668,0.05832082,-2.1248627,-0.64184403,-2.2980142,-5.2843814,5.757239,6.2698064,1
9.0,9,5.01049,2.2549667,4.536512,-8.586792,-6.421638,-11.349514,-6.557617,-4.5328946,9.139148,13.329445,-0.33786702,-0.7518581,1.6442245,0.0584051,-2.1250324,-0.64203227,-2.2979224,-5.2841897,5.757432,6.2699237,1
9.0,9,5.0103397,2.2547698,4.5363693,-8.586981,-6.421593,-11.349435,-6.5574656,-4.532773,9.139233,13.329353,-0.3378954,-0.7519318,1.6443237,0.05854398,-2.125223,-0.64225066,-2.297835,-5.284039,5.7575803,6.26993,1
9.0,9,5.010464,2.2549453,4.5364947,-8.586811,-6.4216127,-11.349468,-6.557576,-4.5328727,9.139157,13.329407,-0.33787227,-0.7518693,1.6442417,0.05843538,-2.1250563,-0.64206624,-2.297916,-5.284176,5.7574344,6.269893,1
9.0,9,5.010486,2.2549863,4.536537,-8.586799,-6.421592,-11.349483,-6.5576115,-4.532885,9.139109,13.329435,-0.33792162,-0.7518822,1.6442357,0.058395803,-2.1250143,-0.64199877,-2.2979255,-5.2842207,5.7574296,6.269873,1
5.0,5,-2.0720093,2.2325616,-2.327274,4.3119345,11.583642,17.08497,9.660236,6.085115,-2.026051,-10.440299,3.051653,1.1042222,-7.2594213,-4.78803,5.9661717,4.268946,-4.2449675,2.145281,-12.128191,-11.106431,1
5.0,5,-2.0720298,2.2325535,-2.3270605,4.3118753,11.5836735,17.084425,9.659656,6.0848665,-2.0261102,-10.439811,3.0514328,1.1042423,-7.2595105,-4.788276,5.966574,4.26946,-4.2451077,2.1451209,-12.12792,-11.106185,1
5.0,5,-2.0721402,2.2324553,-2.327275,4.3117795,11.583744,17.084538,9.659756,6.0850267,-2.0261226,-10.439915,3.0516367,1.1045069,-7.2597737,-4.788309,5.966699,4.2694073,-4.244923,2.1453145,-12.128183,-11.10624,1
5.0,5,-2.0732636,2.231381,-2.3275218,4.3105073,11.584778,17.084167,9.659378,6.0850487,-2.0260086,-10.439667,3.0509748,1.1042953,-7.259357,-4.787494,5.967441,4.269817,-4.2445908,2.1451743,-12.127735,-11.107218,1
5.0,5,-2.0720093,2.2325616,-2.327274,4.3119345,11.583642,17.08497,9.660236,6.085115,-2.026051,-10.440299,3.051653,1.1042222,-7.2594213,-4.78803,5.9661717,4.268946,-4.2449675,2.145281,-12.128191,-11.106431,1
5.0,5,-2.07198,2.232611,-2.3269653,4.3119235,11.583641,17.084341,9.659557,6.084782,-2.026116,-10.43973,3.0513954,1.1042162,-7.259486,-4.7883096,5.9666142,4.269542,-4.245169,2.1450434,-12.127884,-11.106152,1
7.0,7,-2.4816773,-4.7968206,-18.156673,-8.296268,6.832177,7.838102,15.336102,17.517712,0.3006698,-5.4258842,2.3595443,-3.7832313,-9.789659,-6.675646,-2.2492378,-4.40392,7.7807355,7.70363,-0.7252228,-1.4849052,1
7.0,7,-2.4811532,-4.7963057,-18.156057,-8.2956295,6.831753,7.8386455,15.3365345,17.517235,0.3010639,-5.426276,2.359904,-3.7835593,-9.78902,-6.675015,-2.2497385,-4.404401,7.7802577,7.7031345,-0.7257509,-1.4854331,1
7.0,7,-2.4788759,-4.794234,-18.15435,-8.295181,6.8311934,7.840343,15.338764,17.517166,0.30274868,-5.4262857,2.3601594,-3.7853208,-9.78851,-6.674523,-2.2505424,-4.405163,7.778876,7.7010255,-0.7272563,-1.4869406,1
7.0,7,-2.4786828,-4.793481,-18.153503,-8.295947,6.8332105,7.8414035,15.339029,17.518059,0.3024193,-5.4256315,2.358945,-3.7853236,-9.790289,-6.6762953,-2.248394,-4.403041,7.7780623,7.7003584,-0.7281728,-1.4878078,1
7.0,7,-2.481101,-4.796135,-18.156097,-8.296385,6.8325105,7.838699,15.336681,17.517933,0.30099523,-5.425683,2.3592956,-3.7836423,-9.790011,-6.676001,-2.2489219,-4.4036016,7.7802806,7.7029505,-0.72574306,-1.4854233,1
7.0,7,-2.481939,-4.7971377,-18.157028,-8.296385,6.832062,7.8377376,15.335865,17.517748,0.3005365,-5.425845,2.3595774,-3.7830744,-9.789644,-6.675628,-2.2493432,-4.4040294,7.7810473,7.7039285,-0.7248852,-1.4845822,1
10.0,10,-0.127961,-0.2647804,-5.1596227,2.8509693,-5.444187,-2.2154868,-1.8275383,-1.254909,-0.3270465,-1.4638486,10.025106,6.461279,-3.161903,-0.5201028,-0.9568006,-2.7641933,4.9431753,4.2111554,-6.4458203,0.9252885,1
10.0,10,-0.12746455,-0.26384383,-5.1586533,2.8516607,-5.444345,-2.2159,-1.8284941,-1.2557027,-0.32740772,-1.4634063,10.024744,6.4617085,-3.161882,-0.5204726,-0.9563458,-2.7634475,4.942641,4.21033,-6.4458117,0.9254673,1
10.0,10,-0.12786348,-0.264436,-5.159294,2.851256,-5.4440484,-2.215357,-1.8277216,-1.255086,-0.3271135,-1.46385,10.024961,6.4614954,-3.1620226,-0.52031606,-0.9566184,-2.7639425,4.942843,4.2109356,-6.445813,0.92536944,1
10.0,10,-0.12614585,-0.26209784,-5.1568017,2.8534393,-5.444791,-2.2157366,-1.8292723,-1.2571964,-0.32777238,-1.463362,10.024759,6.4618616,-3.1612635,-0.5203113,-0.95578897,-2.762535,4.941354,4.2087073,-6.4469295,0.92467505,1
10.0,10,-0.1279005,-0.2646649,-5.159551,2.8511014,-5.444168,-2.2154262,-1.8275309,-1.254948,-0.327088,-1.4638832,10.025112,6.4612713,-3.161933,-0.52015376,-0.9567361,-2.764115,4.94312,4.211064,-6.44591,0.9252177,1
10.0,10,-0.12747295,-0.26395643,-5.1588492,2.8516731,-5.444392,-2.2158952,-1.8283153,-1.2555823,-0.327479,-1.4634895,10.024853,6.4614716,-3.1618586,-0.52043986,-0.9563724,-2.7634835,4.9428477,4.2103868,-6.4459457,0.92528254,1
14.0,14,2.0534868,2.4533591,0.92923796,1.6014752,4.832186,0.6145095,-1.4428883,-0.7623502,-0.8381008,2.3262982,3.005231,-1.2237242,-5.2205386,-4.193313,11.47497,10.771934,-2.8674135,-4.1973853,-10.263556,-8.95404,1
14.0,14,2.0539694,2.4539917,0.9301466,1.6023936,4.8319,0.6143914,-1.4434869,-0.76309216,-0.83837974,2.326429,3.0050688,-1.2238036,-5.220198,-4.193526,11.475048,10.772443,-2.8681226,-4.197823,-10.263584,-8.9538765,1
14.0,14,2.05294,2.4530056,0.92912185,1.6013916,4.8327284,0.6146689,-1.4431839,-0.7623037,-0.83837736,2.3261497,3.0053005,-1.2231706,-5.2209744,-4.193471,11.475658,10.7724,-2.8673463,-4.197,-10.26391,-8.954245,1
14.0,14,2.052966,2.4527764,0.9286276,1.6007967,4.832491,0.6145299,-1.4427004,-0.7619206,-0.8379172,2.3262825,3.0055692,-1.2233309,-5.2210765,-4.1932406,11.4753475,10.771833,-2.866868,-4.196924,-10.263893,-8.954237,1
14.0,14,2.054297,2.4539375,0.9294754,1.6018367,4.8315516,0.6149846,-1.4419715,-0.7624067,-0.8374442,2.3260372,3.0056252,-1.2243787,-5.2200303,-4.192802,11.474119,10.771099,-2.8676987,-4.1979165,-10.263868,-8.954326,1
14.0,14,2.053169,2.4531522,0.92915976,1.6014192,4.832518,0.61434335,-1.4433148,-0.76233757,-0.8384627,2.3263807,3.0050406,-1.2234305,-5.2207828,-4.193591,11.4754305,10.772412,-2.8673744,-4.1971707,-10.263472,-8.953941,1
19.0,19,2.8099632,-0.57786036,-4.992011,-5.359832,-11.054727,-11.5926285,-4.816662,0.31692943,5.555903,8.305267,2.5866203,3.597927,-0.7128111,-4.0910945,-11.362758,-8.365758,2.6156306,5.206626,12.794418,18.84412,1
19.0,19,2.8097126,-0.57812023,-4.992331,-5.3601513,-11.054497,-11.592391,-4.8162994,0.31724343,5.5558186,8.304981,2.5863676,3.5976734,-0.7125324,-4.0908136,-11.363077,-8.366079,2.6158972,5.20672,12.79467,18.84385,1
19.0,19,2.809282,-0.5786389,-4.993199,-5.361128,-11.053897,-11.591552,-4.814971,0.31826267,5.5557175,8.304176,2.5856152,3.5967927,-0.7117113,-4.0899725,-11.364132,-8.367143,2.6165936,5.206776,12.795303,18.84297,1
19.0,19,2.8092835,-0.57853615,-4.992909,-5.3606853,-11.054129,-11.591998,-4.8157043,0.3178223,5.555626,8.304509,2.58595,3.5973282,-0.71217215,-4.0904565,-11.363624,-8.366623,2.6164086,5.206944,12.795111,18.843498,1
19.0,19,2.809778,-0.5780525,-4.9921913,-5.3600416,-11.0546255,-11.592549,-4.816517,0.31708106,5.5558615,8.305135,2.5864882,3.5978231,-0.71264994,-4.09093,-11.362953,-8.365956,2.615809,5.2067275,12.794598,18.844023,1
19.0,19,2.810075,-0.5777441,-4.9918714,-5.3596888,-11.054826,-11.59274,-4.8168335,0.31678495,5.5559406,8.305394,2.586731,3.598052,-0.7129315,-4.0912123,-11.362608,-8.36561,2.6155028,5.206579,12.794306,18.844242,1
2.0,2,5.6622367,8.94887,19.245272,4.2135005,-3.424175,-3.3778121,-12.432069,-15.851871,5.1411414,7.9176073,-0.12746596,3.240066,6.164628,2.7363935,3.6069207,6.492918,-12.322402,-10.382762,-4.237077,-2.8154926,1
2.0,2,5.6622367,8.94887,19.245272,4.2135005,-3.424175,-3.3778121,-12.432069,-15.851871,5.1411414,7.9176073,-0.12746596,3.240066,6.164628,2.7363935,3.6069207,6.492918,-12.322402,-10.382762,-4.237077,-2.8154926,1
2.0,2,5.66233,8.948966,19.245369,4.2135925,-3.4242852,-3.3779378,-12.432201,-15.852023,5.1410527,7.917663,-0.12741852,3.2400854,6.1647134,2.7364807,3.6070037,6.492999,-12.322341,-10.382917,-4.2372417,-2.81565,1
2.0,2,5.6622415,8.948874,19.245275,4.2135053,-3.424178,-3.3778114,-12.432069,-15.851875,5.141141,7.9176073,-0.12746406,3.2400646,6.1646314,2.7363973,3.6069207,6.492919,-12.322403,-10.382768,-4.2370825,-2.8154974,1
2.0,2,5.6622505,8.948884,19.245287,4.213517,-3.4241908,-3.3778224,-12.432081,-15.851891,5.1411343,7.917611,-0.1274581,3.2400665,6.164642,2.7364063,3.606926,6.4929237,-12.322399,-10.382783,-4.2370973,-2.8155107,1
2.0,2,5.6622367,8.94887,19.245272,4.2135005,-3.424175,-3.3778121,-12.432069,-15.851871,5.1411414,7.9176073,-0.12746596,3.240066,6.164628,2.7363935,3.6069207,6.492918,-12.322402,-10.382762,-4.237077,-2.8154926,1
16.0,16,-4.603861,-6.74446,-15.27333,-6.048763,-3.075071,-4.1172137,3.4124825,7.150199,-2.5038967,-1.8183093,6.8415203,0.9799373,-3.2709804,-0.08393067,-3.8026512,-6.1343145,15.036485,7.2412543,-1.5801919,-1.1352596,1
16.0,16,-4.6038685,-6.7444744,-15.273344,-6.048749,-3.0751088,-4.11723,3.4124796,7.1501803,-2.5038934,-1.8183279,6.8415375,0.97993267,-3.270934,-0.083886325,-3.8027008,-6.1343617,15.036505,7.241263,-1.5801688,-1.1352527,1
16.0,16,-4.6040025,-6.744616,-15.2735,-6.0487995,-3.0751693,-4.117352,3.412412,7.150183,-2.503942,-1.818368,6.841536,0.9799831,-3.2708406,-0.0837931,-3.802834,-6.134496,15.036656,7.241376,-1.5799861,-1.1351497,1
16.0,16,-4.603901,-6.7445226,-15.273449,-6.048726,-3.0751379,-4.1172113,3.4125473,7.150204,-2.503921,-1.8184338,6.8415427,0.9798821,-3.2708163,-0.083773315,-3.8028295,-6.1344857,15.03657,7.2412825,-1.5801024,-1.1352851,1
16.0,16,-4.603861,-6.74446,-15.27333,-6.048763,-3.075071,-4.1172137,3.4124825,7.150199,-2.5038967,-1.8183093,6.8415203,0.9799373,-3.2709804,-0.08393067,-3.8026512,-6.1343145,15.036485,7.2412543,-1.5801919,-1.1352596,1
16.0,16,-4.603861,-6.74446,-15.27333,-6.048763,-3.075071,-4.1172137,3.4124825,7.150199,-2.5038967,-1.8183093,6.8415203,0.9799373,-3.2709804,-0.08393067,-3.8026512,-6.1343145,15.036485,7.2412543,-1.5801919,-1.1352596,1
15.0,14,-0.53193504,4.1963024,4.124483,5.4581976,9.366395,1.9189677,-6.493271,-3.0114114,-5.5968657,1.4408174,0.7193562,3.2219532,-8.270893,-8.275398,17.622807,17.58134,-5.016044,-4.571474,-11.600641,-9.693642,0
15.0,14,-0.5319316,4.1963058,4.124487,5.4582014,9.366391,1.9189637,-6.4932747,-3.011414,-5.5968676,1.4408202,0.7193527,3.2219505,-8.270889,-8.2754,17.622805,17.581343,-5.016047,-4.5714774,-11.600636,-9.693637,0
15.0,14,-0.53194577,4.1962924,4.124468,5.458187,9.366406,1.9189758,-6.4932632,-3.0113974,-5.596867,1.4408102,0.7193582,3.2219605,-8.270903,-8.275399,17.62281,17.581339,-5.0160356,-4.571463,-11.600647,-9.6936455,0
15.0,14,-0.531949,4.196289,4.124465,5.4581842,9.366408,1.918978,-6.4932604,-3.0113938,-5.5968666,1.4408088,0.7193583,3.2219617,-8.2709055,-8.2754,17.62281,17.581337,-5.016034,-4.57146,-11.600645,-9.693644,0
15.0,14,-0.5319355,4.196302,4.124482,5.4581976,9.366395,1.9189675,-6.493271,-3.0114105,-5.5968666,1.4408171,0.71935594,3.2219532,-8.270893,-8.275398,17.622808,17.58134,-5.016044,-4.571473,-11.600641,-9.693642,0
15.0,14,-0.5319405,4.1962976,4.1244755,5.458193,9.366401,1.9189689,-6.49327,-3.0114048,-5.5968695,1.4408154,0.719355,3.2219572,-8.270897,-8.2754,17.62281,17.58134,-5.0160394,-4.57147,-11.600643,-9.693642,0
6.0,6,0.4445122,-2.005649,-14.153393,-5.437937,3.9880385,10.181,17.28571,14.543254,2.986125,-6.7016935,4.3840346,-5.5914435,-6.3240714,-3.2544012,-5.0864024,-7.1401243,5.380814,4.9064455,-3.573306,-4.075055,1
6.0,6,0.4460693,-2.0043273,-14.152297,-5.437183,3.9873736,10.181286,17.286146,14.542715,2.986683,-6.701367,4.3845477,-5.591987,-6.3239512,-3.2542753,-5.086192,-7.139904,5.3799987,4.905164,-3.574668,-4.075819,1
6.0,6,0.44514567,-2.0052228,-14.155087,-5.439233,3.990451,10.181144,17.286507,14.54595,2.9849381,-6.70076,4.3825374,-5.591788,-6.3269916,-3.257279,-5.083625,-7.1374016,5.380855,4.9060435,-3.5735056,-4.0751967,1
6.0,6,0.44343084,-2.006641,-14.157492,-5.4412117,3.9928288,10.18074,17.286343,14.548357,2.9835458,-6.7003946,4.3808537,-5.5912175,-6.3291736,-3.2594407,-5.082121,-7.1359544,5.382071,4.9074388,-3.57174,-4.074141,1
6.0,6,0.44523114,-2.0049725,-14.154212,-5.438287,3.9900906,10.182432,17.287228,14.545204,2.9855785,-6.701908,4.3829865,-5.5921254,-6.325681,-3.2559981,-5.084845,-7.1385736,5.380034,4.905904,-3.5738444,-4.0758395,1
6.0,6,0.44401962,-2.006178,-14.153025,-5.437875,3.98688,10.18017,17.28489,14.542221,2.9864664,-6.7015734,4.384602,-5.591103,-6.323109,-3.2534466,-5.0873847,-7.141101,5.3813195,4.906874,-3.5728848,-4.0745516,1
1.0,1,12.221857,15.225175,7.8611746,9.71155,-4.5118666,-0.28718966,-3.1678522,-5.4788017,-0.65099466,3.6981056,2.9262013,2.465705,-3.515224,-6.895334,3.3253963,6.155148,-6.492933,-10.42364,-7.976559,-0.8358752,1
1.0,1,12.221857,15.225175,7.8611746,9.71155,-4.5118666,-0.28718966,-3.1678522,-5.4788017,-0.65099466,3.6981056,2.9262013,2.465705,-3.515224,-6.895334,3.3253963,6.155148,-6.492933,-10.42364,-7.976559,-0.8358752,1
1.0,1,12.220628,15.224335,7.861784,9.712181,-4.51142,-0.28716898,-3.1693642,-5.479938,-0.65192044,3.697507,2.9262862,2.466804,-3.5145755,-6.8946695,3.326067,6.1558037,-6.493153,-10.422832,-7.9769573,-0.8363145,1
1.0,1,12.220959,15.224778,7.86112,9.712252,-4.5115037,-0.28692538,-3.168702,-5.479157,-0.6519965,3.697372,2.926354,2.466916,-3.5153747,-6.8954678,3.3257666,6.155501,-6.492799,-10.42273,-7.9767942,-0.8357222,1
1.0,1,12.221766,15.2251215,7.861206,9.7115755,-4.511809,-0.28717685,-3.167948,-5.478855,-0.65105283,3.698069,2.926186,2.4657924,-3.5152082,-6.895317,3.3254485,6.1552014,-6.49296,-10.423578,-7.9765596,-0.835879,1
1.0,1,12.221856,15.225175,7.8611736,9.71155,-4.511867,-0.2871899,-3.1678524,-5.4788017,-0.65099514,3.6981058,2.9262013,2.4657054,-3.515224,-6.895334,3.3253968,6.155148,-6.492932,-10.42364,-7.976559,-0.83587545,1
16.0,10,-3.1208699,-5.0201225,-8.849913,-1.856243,-3.7447357,-1.9727118,0.3357433,2.6534085,0.71259713,-1.3219192,8.900393,4.726455,-4.010185,-1.2954051,-2.6606178,-4.4870944,6.502237,8.788686,-2.8740268,3.3876643,0
16.0,10,-3.1271284,-5.023875,-8.848833,-1.8414652,-3.7350342,-1.9521163,0.3433441,2.648629,0.7020414,-1.3440118,8.914288,4.727653,-4.005256,-1.2800229,-2.6462603,-4.480874,6.5045733,8.789089,-2.9107203,3.3495288,0
16.0,10,-3.187344,-5.0779424,-8.883059,-1.8544346,-3.6741858,-1.9175849,0.3458575,2.6863182,0.69028246,-1.3654623,8.921303,4.7589555,-4.068747,-1.3272676,-2.5990205,-4.4464407,6.497683,8.865832,-2.9161906,3.371818,0
16.0,10,-3.2100751,-5.102321,-8.905012,-1.8750783,-3.648154,-1.9025159,0.3599677,2.7194054,0.7026377,-1.3658695,8.910444,4.762004,-4.1019206,-1.3630974,-2.60107,-4.4462056,6.484526,8.906949,-2.8800757,3.4180684,0
16.0,10,-3.1190982,-5.0195074,-8.852255,-1.8592458,-3.742045,-1.9641623,0.34770358,2.6615427,0.7206235,-1.3245723,8.895681,4.719288,-4.0105486,-1.2989402,-2.6713257,-4.495141,6.4951286,8.791252,-2.86228,3.3966799,0
16.0,10,-3.11592,-5.01629,-8.848234,-1.8564426,-3.7481308,-1.9709775,0.34117377,2.653853,0.71684015,-1.322195,8.898287,4.7205567,-4.0047636,-1.2923055,-2.668952,-4.493519,6.500011,8.784185,-2.869579,3.3884368,0
11.0,16,-3.3340218,-5.5910244,-13.398323,-4.2679777,-5.495723,-5.631232,1.559324,4.7825074,-1.5716964,-0.77840585,8.04171,1.8833597,-2.6470222,0.057228386,-4.49243,-6.428246,13.727132,6.7708626,-1.4293021,0.86006576,0
11.0,16,-3.3368,-5.593692,-13.399765,-4.271222,-5.4935412,-5.629798,1.5608406,4.784023,-1.5727714,-0.78002137,8.040152,1.882225,-2.6450362,0.060004056,-4.4930987,-6.4295464,13.729942,6.771595,-1.4294027,0.85611564,0
11.0,16,-3.3653443,-5.6219006,-13.429906,-4.2999096,-5.4723735,-5.6151643,1.5845826,4.8066673,-1.5900856,-0.805121,8.0256605,1.8649309,-2.6223006,0.09082228,-4.5054584,-6.4484816,13.768471,6.778287,-1.4274203,0.8119319,0
11.0,16,-3.382005,-5.6381173,-13.449546,-4.322599,-5.454447,-5.6091294,1.5983169,4.826846,-1.6026653,-0.81351227,8.009184,1.8512659,-2.616662,0.097317755,-4.508292,-6.452301,13.791351,6.782478,-1.4195011,0.79162747,0
11.0,16,-3.3367631,-5.593772,-13.401001,-4.270906,-5.4936266,-5.629991,1.561394,4.7847137,-1.5733379,-0.7804975,8.039881,1.8815237,-2.6448336,0.059819996,-4.493751,-6.4299064,13.730542,6.7716327,-1.4284822,0.8564008,0
11.0,16,-3.3363602,-5.5933366,-13.400501,-4.270177,-5.494654,-5.6312423,1.5599215,4.7837887,-1.5727457,-0.7794017,8.041071,1.8830967,-2.6461706,0.058775723,-4.492924,-6.429309,13.73,6.771963,-1.4287703,0.8582943,0
5.0,5,-3.0525348,1.2575397,-3.4721756,3.35472,12.417903,18.067287,10.802305,7.1372285,-2.1139774,-11.459767,2.8264766,0.95318604,-7.0154305,-4.073526,5.393331,3.3366287,-3.439527,2.8747437,-11.931776,-11.867273,1
5.0,5,-3.0525348,1.2575392,-3.4721766,3.3547196,12.417901,18.067287,10.802305,7.1372294,-2.1139774,-11.459768,2.8264773,0.9531863,-7.01543,-4.0735254,5.39333,3.3366277,-3.439526,2.8747447,-11.931776,-11.867273,1
5.0,5,-3.0525303,1.2575433,-3.4721756,3.3547268,12.417897,18.067295,10.802312,7.1372294,-2.113976,-11.459774,2.8264852,0.95318925,-7.0154314,-4.073524,5.3933234,3.3366208,-3.4395266,2.8747466,-11.931786,-11.867273,1
5.0,5,-3.0524867,1.2575862,-3.4722037,3.3547792,12.417853,18.067354,10.802378,7.137265,-2.1139965,-11.459831,2.8265305,0.95320916,-7.015455,-4.073549,5.393264,3.3365622,-3.4395056,2.8747768,-11.931831,-11.867252,1
5.0,5,-3.0525362,1.257536,-3.4721808,3.3547182,12.417902,18.067293,10.802312,7.137234,-2.1139736,-11.459772,2.8264804,0.9531871,-7.015433,-4.073526,5.3933253,3.336622,-3.4395268,2.8747513,-11.931774,-11.867269,1
5.0,5,-3.0525281,1.2575445,-3.47219,3.3547282,12.417895,18.06731,10.802334,7.1372466,-2.1139765,-11.459787,2.8264885,0.953189,-7.0154376,-4.073532,5.3933063,3.3366044,-3.4395227,2.8747609,-11.931782,-11.867262,1
6.0,6,0.7517839,-0.44519377,-13.2092705,-4.459321,6.04938,12.354105,18.053654,14.984837,2.401497,-7.508072,3.5068803,-5.402624,-7.5738897,-4.5217915,-3.4176464,-5.4844985,4.064031,3.7028315,-4.763029,-5.5183663,1
6.0,6,0.75174624,-0.44442606,-13.208301,-4.458417,6.0498405,12.354955,18.053518,14.984261,2.4013171,-7.508563,3.5068192,-5.4022055,-7.573997,-4.5219035,-3.41717,-5.4840345,4.0634346,3.702252,-4.763694,-5.5190415,1
6.0,6,0.75170857,-0.44275868,-13.206236,-4.4571486,6.051374,12.356868,18.05345,14.983552,2.4010239,-7.5091906,3.50623,-5.401525,-7.5747933,-4.5227,-3.41568,-5.482585,4.0621,3.7009022,-4.7650604,-5.5205293,1
6.0,6,0.7515535,-0.44269526,-13.206153,-4.4572706,6.0517697,12.356979,18.05336,14.983674,2.4009018,-7.5091066,3.5059943,-5.401371,-7.5751576,-4.5230513,-3.415288,-5.4822135,4.0620565,3.7008612,-4.765074,-5.5205736,1
6.0,6,0.7514518,-0.44405997,-13.207857,-4.4583864,6.050748,12.355473,18.053366,14.984354,2.4010334,-7.5085754,3.5063272,-5.401828,-7.5747066,-4.522601,-3.4163196,-5.4832163,4.063174,3.7019866,-4.763912,-5.5193553,1
6.0,6,0.751857,-0.4452802,-13.209351,-4.4592915,6.0491457,12.354012,18.053707,14.9847765,2.4015784,-7.508113,3.5070095,-5.402741,-7.573644,-4.521554,-3.4178944,-5.484735,4.0640693,3.7028782,-4.762984,-5.518334,1
9.0,9,4.1929564,0.6555033,2.881575,-10.316182,-6.543578,-11.484206,-5.553975,-3.5780118,9.737805,13.008347,0.19764853,-1.0083064,2.106061,1.453332,-2.9504814,-2.1736786,-0.84701633,-4.3450046,5.8537126,5.74775,1
9.0,9,4.193057,0.6556089,2.8816714,-10.3161125,-6.5436287,-11.484269,-5.5540524,-3.578095,9.737767,13.008414,0.19767094,-1.0082978,2.1060524,1.4533138,-2.9503841,-2.173576,-0.8470336,-4.345122,5.8535914,5.747681,1
9.0,9,4.1920867,0.65461004,2.8804245,-10.31756,-6.5427856,-11.48677,-5.556164,-3.5768616,9.736586,13.010621,0.19584107,-1.0076851,2.1037827,1.4498737,-2.9491525,-2.171476,-0.8465675,-4.3436007,5.8568153,5.751425,1
9.0,9,4.1907053,0.65322185,2.8789272,-10.31944,-6.541675,-11.489092,-5.55801,-3.5753458,9.735303,13.012584,0.19355536,-1.007424,2.1019397,1.4467182,-2.9483957,-2.1697404,-0.84583354,-4.3418975,5.8606157,5.755033,1
9.0,9,4.1924806,0.6550636,2.8810005,-10.316919,-6.5430427,-11.485022,-5.5546913,-3.5774763,9.7372465,13.009077,0.19709826,-1.007902,2.1050916,1.4522638,-2.9496205,-2.1727607,-0.8465469,-4.3445497,5.8543286,5.7484956,1
9.0,9,4.1920776,0.6545378,2.8807364,-10.316913,-6.5430875,-11.483201,-5.552782,-3.5772405,9.738218,13.007334,0.1974914,-1.0087131,2.1066747,1.4541907,-2.9516487,-2.1750214,-0.8467028,-4.344197,5.8544216,5.7475343,1
17.0,10,0.26348025,-1.5579966,-8.378455,-1.5819967,-4.3172317,-1.6208434,2.941256,3.7947285,0.99927914,-0.46393687,7.7216635,1.5292498,-4.1025596,-2.2547596,-3.1889405,-4.3762617,6.768027,4.7247014,-3.3736506,1.5626247,0
17.0,10,0.24622135,-1.5707084,-8.406172,-1.5965562,-4.305599,-1.637012,2.9344347,3.8141587,0.97976196,-0.45968348,7.70381,1.5307015,-4.1153684,-2.2738292,-3.1861563,-4.3692703,6.7916474,4.735764,-3.3444786,1.578769,0
17.0,10,0.2271425,-1.5865277,-8.4456415,-1.6099075,-4.285808,-1.6321602,2.9530327,3.8466218,0.96071696,-0.4730813,7.693412,1.521064,-4.1291847,-2.2860737,-3.1846766,-4.3696275,6.8219132,4.7480903,-3.3323784,1.5718615,0
17.0,10,0.19686346,-1.6178614,-8.487302,-1.6252074,-4.2737465,-1.642848,2.9526904,3.8700378,0.94123316,-0.48244995,7.6838675,1.5211389,-4.1344833,-2.293563,-3.1909785,-4.37463,6.8511524,4.7773786,-3.3016052,1.5870652,0
17.0,10,0.22968034,-1.5895578,-8.430463,-1.6112856,-4.301375,-1.6402292,2.9413364,3.8287961,0.97637784,-0.4652092,7.7049713,1.5302433,-4.1187057,-2.2713118,-3.1914022,-4.3792424,6.8129115,4.751022,-3.3356106,1.5798821,0
17.0,10,0.25778455,-1.56333,-8.388901,-1.5881562,-4.315039,-1.6249764,2.9424171,3.8019812,0.99568534,-0.46341354,7.719269,1.5287083,-4.1068516,-2.2586336,-3.189445,-4.377283,6.7779922,4.728964,-3.3672152,1.5656047,0
17.0,17,-11.061435,-11.426079,-12.215027,-4.828058,1.8985382,1.1820655,0.31496418,5.309566,-1.4843687,-5.2621775,6.2978125,6.7562046,-3.9356818,-0.8347463,-3.1047916,-5.2527094,7.87657,15.24589,1.1504064,4.018047,1
17.0,17,-11.061365,-11.425985,-12.214973,-4.827927,1.8984997,1.1820216,0.314906,5.3095164,-1.4843968,-5.2621202,6.2979074,6.7562346,-3.9358277,-0.83488625,-3.104638,-5.2525635,7.876557,15.245841,1.1502528,4.0180435,1
17.0,17,-11.061208,-11.425851,-12.214951,-4.8273554,1.8984046,1.1819975,0.3148415,5.3094335,-1.4845783,-5.2621145,6.298354,6.75618,-3.936298,-0.8353556,-3.1041179,-5.2520514,7.8765225,15.245903,1.1496215,4.0179563,1
17.0,17,-11.06098,-11.425699,-12.214885,-4.826628,1.8982297,1.1818662,0.31467843,5.309301,-1.4847769,-5.2619796,6.299015,6.7561297,-3.9370332,-0.83607703,-3.103329,-5.2512836,7.876471,15.246034,1.1487217,4.0179195,1
17.0,17,-11.061463,-11.426116,-12.215253,-4.827651,1.8986013,1.1821611,0.31512833,5.309729,-1.4846178,-5.2623134,6.2981544,6.7559767,-3.93615,-0.83520967,-3.1043732,-5.252307,7.876755,15.246056,1.1498978,4.017843,1
17.0,17,-11.061442,-11.426136,-12.214953,-4.8281426,1.8985034,1.1820204,0.3148744,5.309502,-1.4842786,-5.262115,6.297788,6.7562847,-3.9356012,-0.83466643,-3.1048603,-5.2527714,7.8764606,15.245952,1.1505122,4.018184,1
0.0,9,9.123141,5.84284,10.2213955,-2.8347714,-9.649678,-9.163673,-6.2430143,-8.997573,9.943623,11.979193,1.5677536,-3.1163058,5.7977057,2.4695234,-3.9536984,-1.0266252,-6.6353326,-8.049315,1.9636631,3.850007,0
0.0,9,9.123199,5.842947,10.221477,-2.8345265,-9.649728,-9.163595,-6.243063,-8.99767,9.94345,11.979073,1.5678377,-3.1162353,5.797726,2.4695148,-3.953651,-1.0265552,-6.635332,-8.049332,1.9634404,3.8498878,0
0.0,9,9.124342,5.8438587,10.22045,-2.834877,-9.650672,-9.16408,-6.2419205,-8.99654,9.943693,11.979635,1.5682015,-3.1167507,5.7966685,2.4685378,-3.9542456,-1.0272225,-6.634109,-8.049868,1.9633904,3.8504348,0
0.0,9,9.125105,5.845495,10.222859,-2.8311715,-9.650821,-9.162569,-6.2432127,-8.998942,9.941095,11.977834,1.5693662,-3.1156178,5.797653,2.4693997,-3.9524646,-1.0253456,-6.6347466,-8.050845,1.958832,3.8469381,0
0.0,9,9.123199,5.842946,10.221474,-2.8345284,-9.649728,-9.163596,-6.243063,-8.997667,9.943452,11.9790745,1.5678372,-3.1162357,5.797724,2.4695137,-3.953651,-1.0265558,-6.63533,-8.049332,1.9634423,3.8498893,0
0.0,9,9.123199,5.842947,10.221477,-2.834523,-9.649727,-9.163593,-6.243065,-8.997673,9.943449,11.979071,1.5678382,-3.1162353,5.7977285,2.4695175,-3.953651,-1.0265551,-6.635335,-8.049332,1.963439,3.8498864,0
2.0,2,6.2301574,9.511369,19.679502,4.80404,-4.088783,-3.8993957,-12.933998,-16.548588,4.784298,8.105183,0.22398925,3.3184004,6.5332108,3.0907712,3.836698,6.728053,-12.073849,-11.089648,-5.032452,-3.4225948,1
2.0,2,6.2301574,9.511369,19.679502,4.80404,-4.088783,-3.8993957,-12.933998,-16.548588,4.784298,8.105183,0.22398925,3.3184004,6.5332108,3.0907712,3.836698,6.728053,-12.073849,-11.089648,-5.032452,-3.4225948,1
2.0,2,6.2301574,9.511369,19.679502,4.80404,-4.088783,-3.8993957,-12.933998,-16.548588,4.784298,8.105183,0.22398925,3.3184004,6.5332108,3.0907712,3.836698,6.728053,-12.073849,-11.089648,-5.032452,-3.4225948,1
2.0,2,6.2301574,9.511369,19.679502,4.80404,-4.088783,-3.8993957,-12.933998,-16.548588,4.784298,8.105183,0.22398925,3.3184004,6.5332108,3.0907712,3.836698,6.728053,-12.073849,-11.089648,-5.032452,-3.4225948,1
2.0,2,6.2301574,9.511369,19.679502,4.80404,-4.088783,-3.8993957,-12.933998,-16.548588,4.784298,8.105183,0.22398925,3.3184004,6.5332108,3.0907712,3.836698,6.728053,-12.073849,-11.089648,-5.032452,-3.4225948,1
2.0,2,6.2301574,9.511369,19.679502,4.80404,-4.088783,-3.8993957,-12.933998,-16.548588,4.784298,8.105183,0.22398925,3.3184004,6.5332108,3.0907712,3.836698,6.728053,-12.073849,-11.089648,-5.032452,-3.4225948,1
14.0,14,-1.401599,1.3556327,0.18687165,1.6431441,10.108238,6.745177,1.3181875,2.232188,-1.4152502,-1.6885066,0.15189266,-0.35720372,-6.7541213,-6.421148,10.464515,10.311876,-5.341406,-1.0180612,-7.2302976,-7.5088153,1
14.0,14,-1.401599,1.3556327,0.18687165,1.6431441,10.108238,6.745177,1.3181875,2.232188,-1.4152502,-1.6885066,0.15189266,-0.35720372,-6.7541213,-6.421148,10.464515,10.311876,-5.341406,-1.0180612,-7.2302976,-7.5088153,1
14.0,14,-1.4025104,1.3556067,0.18758333,1.6438348,10.109427,6.7453556,1.3168261,2.2316144,-1.4162725,-1.6886053,0.15146422,-0.35614777,-6.754891,-6.4220486,10.466208,10.313639,-5.3419175,-1.0178424,-7.2306647,-7.5089984,1
14.0,14,-1.401599,1.3556327,0.18687165,1.6431441,10.108238,6.745177,1.3181875,2.232188,-1.4152502,-1.6885066,0.15189266,-0.35720372,-6.7541213,-6.421148,10.464515,10.311876,-5.341406,-1.0180612,-7.2302976,-7.5088153,1
14.0,14,-1.401599,1.3556327,0.18687165,1.6431441,10.108238,6.745177,1.3181875,2.232188,-1.4152502,-1.6885066,0.15189266,-0.35720372,-6.7541213,-6.421148,10.464515,10.311876,-5.341406,-1.0180612,-7.2302976,-7.5088153,1
14.0,14,-1.401599,1.3556327,0.18687165,1.6431441,10.108238,6.745177,1.3181875,2.232188,-1.4152502,-1.6885066,0.15189266,-0.35720372,-6.7541213,-6.421148,10.464515,10.311876,-5.341406,-1.0180612,-7.2302976,-7.5088153,1
8.0,9,3.8782876,0.34653127,0.88360345,-8.515272,-7.467811,-9.064441,-3.2840755,-1.786227,9.434504,10.170036,0.92449236,-0.46610653,1.7903992,0.16204768,-7.028461,-5.418119,-1.036371,-0.8791488,8.001722,9.5874195,0
8.0,9,3.8778532,0.34610343,0.8837899,-8.515766,-7.467299,-9.064339,-3.2841413,-1.7864076,9.434999,10.170139,0.92457366,-0.46604943,1.7904271,0.16256267,-7.027845,-5.4178863,-1.0365897,-0.87927693,8.001394,9.586755,0
8.0,9,3.8907409,0.3592602,0.8756231,-8.502593,-7.482754,-9.074975,-3.290416,-1.7798163,9.421674,10.176193,0.9299092,-0.45371568,1.7701477,0.13388509,-7.0315957,-5.4150705,-1.0289912,-0.8704322,8.004435,9.617014,0
8.0,9,3.8879118,0.3568089,0.8633703,-8.500187,-7.4864206,-9.077892,-3.2911398,-1.7736571,9.413781,10.172666,0.93463135,-0.44527185,1.7622277,0.1267789,-7.0341563,-5.4182754,-1.0184991,-0.8602417,8.005592,9.626521,0
8.0,9,3.8851924,0.3537326,0.8780502,-8.506748,-7.477612,-9.072505,-3.2898839,-1.7832191,9.424699,10.173618,0.92815614,-0.45746422,1.7786285,0.14535671,-7.029864,-5.4157004,-1.0302991,-0.8734363,8.003078,9.605199,0
8.0,9,3.8775408,0.3457749,0.88368213,-8.516155,-7.4668508,-9.063788,-3.2835727,-1.786075,9.435313,10.169825,0.9242294,-0.46649015,1.7907237,0.162839,-7.0282316,-5.418251,-1.0367976,-0.87913245,8.001844,9.5865965,0
3.0,3,5.5304837,9.201688,11.102134,12.437728,-5.4650064,-2.0464532,-10.294749,-13.370117,-1.3876966,0.8428471,4.644017,5.3542113,4.2521234,0.92012507,2.1899188,4.9915056,-7.759774,-6.6857867,-6.693014,-2.04231,1
3.0,3,5.5304837,9.201688,11.102134,12.437728,-5.4650064,-2.0464532,-10.294749,-13.370117,-1.3876966,0.8428471,4.644017,5.3542113,4.2521234,0.92012507,2.1899188,4.9915056,-7.759774,-6.6857867,-6.693014,-2.04231,1
3.0,3,5.5304837,9.201688,11.102134,12.437728,-5.4650064,-2.0464532,-10.294749,-13.370117,-1.3876966,0.8428471,4.644017,5.3542113,4.2521234,0.92012507,2.1899188,4.9915056,-7.759774,-6.6857867,-6.693014,-2.04231,1
3.0,3,5.5304837,9.201688,11.102134,12.437728,-5.4650064,-2.0464532,-10.294749,-13.370117,-1.3876966,0.8428471,4.644017,5.3542113,4.2521234,0.92012507,2.1899188,4.9915056,-7.759774,-6.6857867,-6.693014,-2.04231,1
3.0,3,5.5304837,9.201688,11.102134,12.437728,-5.4650064,-2.0464532,-10.294749,-13.370117,-1.3876966,0.8428471,4.644017,5.3542113,4.2521234,0.92012507,2.1899188,4.9915056,-7.759774,-6.6857867,-6.693014,-2.04231,1
3.0,3,5.5304837,9.201688,11.102134,12.437728,-5.4650064,-2.0464532,-10.294749,-13.370117,-1.3876966,0.8428471,4.644017,5.3542113,4.2521234,0.92012507,2.1899188,4.9915056,-7.759774,-6.6857867,-6.693014,-2.04231,1
4.0,4,-7.9282765,-3.3661895,-3.472095,-2.7527862,16.30166,9.490597,2.0928938,5.376236,-3.076253,-4.487485,-1.6746168,2.2465253,-8.315639,-5.3087215,12.981275,10.680396,-2.4398923,2.1657279,-6.8332977,-10.678811,1
4.0,4,-7.9282765,-3.3661895,-3.472095,-2.7527862,16.30166,9.490597,2.0928938,5.376236,-3.076253,-4.487485,-1.6746168,2.2465253,-8.315639,-5.3087215,12.981275,10.680396,-2.4398923,2.1657279,-6.8332977,-10.678811,1
4.0,4,-7.9282765,-3.3661895,-3.472095,-2.7527862,16.30166,9.490597,2.0928938,5.376236,-3.076253,-4.487485,-1.6746168,2.2465253,-8.315639,-5.3087215,12.981275,10.680396,-2.4398923,2.1657279,-6.8332977,-10.678811,1
4.0,4,-7.9282765,-3.3661895,-3.472095,-2.7527862,16.30166,9.490597,2.0928938,5.376236,-3.076253,-4.487485,-1.6746168,2.2465253,-8.315639,-5.3087215,12.981275,10.680396,-2.4398923,2.1657279,-6.8332977,-10.678811,1
4.0,4,-7.9282765,-3.3661895,-3.472095,-2.7527862,16.30166,9.490597,2.0928938,5.376236,-3.076253,-4.487485,-1.6746168,2.2465253,-8.315639,-5.3087215,12.981275,10.680396,-2.4398923,2.1657279,-6.8332977,-10.678811,1
4.0,4,-7.9282765,-3.3661895,-3.472095,-2.7527862,16.30166,9.490597,2.0928938,5.376236,-3.076253,-4.487485,-1.6746168,2.2465253,-8.315639,-5.3087215,12.981275,10.680396,-2.4398923,2.1657279,-6.8332977,-10.678811,1
3.0,3,-0.011064008,3.5458202,-2.1223683,8.913767,-2.4887183,1.7709396,-1.8032815,-3.004579,-5.1703577,-5.513384,6.791939,4.611386,-0.8308058,-1.1002495,-0.0072228014,0.33630297,3.1428304,0.41694313,-7.353,-3.9572768,1
3.0,3,-0.011064008,3.5458202,-2.1223683,8.913767,-2.4887183,1.7709396,-1.8032815,-3.004579,-5.1703577,-5.513384,6.791939,4.611386,-0.8308058,-1.1002495,-0.0072228014,0.33630297,3.1428304,0.41694313,-7.353,-3.9572768,1
3.0,3,-0.010943368,3.5459585,-2.1222932,8.913974,-2.488774,1.7708905,-1.8033382,-3.004647,-5.1704516,-5.5133495,6.7919674,4.6113124,-0.8308567,-1.100385,-0.0071213543,0.33646676,3.142787,0.4168399,-7.3530946,-3.9572968,1
3.0,3,-0.011448577,3.545216,-2.123448,8.912528,-2.4887266,1.7705677,-1.802727,-3.003719,-5.170067,-5.5131598,6.7919025,4.6112256,-0.83108187,-1.1001296,-0.007604748,0.33560583,3.1439466,0.41723734,-7.3525066,-3.957165,1
3.0,3,-0.011064008,3.5458202,-2.1223683,8.913767,-2.4887183,1.7709396,-1.8032815,-3.004579,-5.1703577,-5.513384,6.791939,4.611386,-0.8308058,-1.1002495,-0.0072228014,0.33630297,3.1428304,0.41694313,-7.353,-3.9572768,1
3.0,3,-0.011064008,3.5458202,-2.1223683,8.913767,-2.4887183,1.7709396,-1.8032815,-3.004579,-5.1703577,-5.513384,6.791939,4.611386,-0.8308058,-1.1002495,-0.0072228014,0.33630297,3.1428304,0.41694313,-7.353,-3.9572768,1
17.0,17,-7.717014,-6.732066,-8.828592,-1.7221582,2.5459309,2.4284673,-0.8027334,2.9987411,-2.5591917,-5.492466,5.6214685,8.316149,-3.3622742,-0.21428639,-0.50014997,-2.6739557,4.781213,10.44444,-2.076776,0.9480379,1
17.0,17,-7.717001,-6.7319856,-8.828484,-1.7221237,2.5459797,2.4285285,-0.80276465,2.998687,-2.5591874,-5.4924765,5.621424,8.31621,-3.3622713,-0.21428412,-0.5001133,-2.673919,4.7811313,10.444368,-2.0767984,0.9480024,1
17.0,17,-7.7175803,-6.7331038,-8.829854,-1.7227312,2.545997,2.4283454,-0.8021319,2.9995894,-2.559404,-5.492764,5.6215215,8.315483,-3.3622103,-0.21422571,-0.50061774,-2.6744199,4.7820945,10.445326,-2.0762987,0.94812435,1
17.0,17,-7.716512,-6.731064,-8.827405,-1.7216446,2.5459578,2.4285524,-0.8033987,2.9979115,-2.5591497,-5.4922113,5.621299,8.316851,-3.3622513,-0.21425742,-0.49962747,-2.6734412,4.780442,10.443506,-2.0772367,0.9478013,1
17.0,17,-7.717433,-6.733052,-8.82981,-1.7225196,2.5457482,2.4282725,-0.8021141,2.999523,-2.5592022,-5.492665,5.621828,8.315457,-3.362409,-0.21442693,-0.50062555,-2.674424,4.781968,10.445439,-2.0764036,0.9484157,1
17.0,17,-7.717029,-6.7320633,-8.828589,-1.7221488,2.5459797,2.428532,-0.8026899,2.9987655,-2.5591993,-5.4925046,5.6214533,8.316128,-3.3622851,-0.21429783,-0.5001393,-2.673945,4.781198,10.444442,-2.0767937,0.94799715,1
6.0,7,-0.64196664,-2.7242618,-15.431739,-6.7762585,5.755715,8.362108,15.351511,15.733742,1.219953,-5.0716095,2.8832598,-4.45242,-8.884306,-6.0443745,-2.2768705,-4.2115984,6.262967,5.575348,-2.4286294,-2.7427552,0
6.0,7,-0.6418777,-2.7241578,-15.431613,-6.7762146,5.755735,8.362219,15.3515835,15.733704,1.2200097,-5.0716257,2.8832705,-4.452472,-8.884286,-6.0443416,-2.2768357,-4.211572,6.2628684,5.575233,-2.428763,-2.7428901,0
6.0,7,-0.6426248,-2.7249837,-15.432658,-6.7768745,5.756044,8.361436,15.351057,15.734276,1.2195512,-5.0713167,2.882986,-4.452039,-8.884885,-6.0449386,-2.2765567,-4.2113066,6.2635446,5.576073,-2.4278347,-2.7419643,0
6.0,7,-0.6415555,-2.7238908,-15.431738,-6.77647,5.756215,8.362744,15.352221,15.734312,1.2199963,-5.071647,2.8830388,-4.452754,-8.884735,-6.044723,-2.2765203,-4.2113066,6.2627378,5.5750213,-2.4291205,-2.7432644,0
6.0,7,-0.64175385,-2.7240481,-15.431498,-6.7761073,5.755625,8.36224,15.351606,15.733606,1.220044,-5.071638,2.8833232,-4.45253,-8.884183,-6.04426,-2.2769008,-4.2116194,6.262816,5.5751233,-2.4288578,-2.742967,0
6.0,7,-0.64196664,-2.7242618,-15.431739,-6.7762585,5.755715,8.362108,15.351511,15.733742,1.219953,-5.0716095,2.8832598,-4.45242,-8.884306,-6.0443745,-2.2768705,-4.2115984,6.262967,5.575348,-2.4286294,-2.7427552,0
17.0,17,-9.862823,-11.40952,-12.872455,-5.442955,0.91699386,0.7268428,1.2201799,5.5425725,-1.1919788,-5.2630906,6.270887,5.5333204,-2.162858,0.94978935,-4.420884,-6.5320883,8.23238,14.440766,1.2504196,3.1938047,1
17.0,17,-9.863451,-11.410111,-12.872669,-5.443533,0.9173348,0.7268898,1.2201433,5.5429115,-1.1917876,-5.2629824,6.2707014,5.533504,-2.1632361,0.9494309,-4.420949,-6.5321693,8.232434,14.4415,1.2510033,3.1944451,1
17.0,17,-9.867675,-11.414116,-12.8769655,-5.4469175,0.92094934,0.7288136,1.2228634,5.547196,-1.1930381,-5.265111,6.2684593,5.5319247,-2.1638935,0.94878274,-4.4220314,-6.533299,8.235211,14.444943,1.2541432,3.1942072,1
17.0,17,-9.87082,-11.417317,-12.881364,-5.450223,0.92338896,0.7288242,1.2246243,5.551149,-1.1944233,-5.265746,6.266722,5.5306053,-2.1653764,0.9473575,-4.4223127,-6.5336847,8.238715,14.447511,1.2568574,3.19452,1
17.0,17,-9.865898,-11.412649,-12.875087,-5.4454417,0.9192753,0.72837335,1.2221003,5.545219,-1.1924754,-5.2647295,6.269443,5.532121,-2.1626153,0.95003873,-4.4222016,-6.533418,8.234042,14.443442,1.252675,3.1936073,1
17.0,17,-9.862822,-11.409572,-12.872407,-5.442965,0.9167987,0.7265621,1.2199683,5.5424776,-1.1919078,-5.262839,6.2710567,5.533397,-2.163059,0.9495931,-4.420775,-6.5319843,8.232455,14.440884,1.2503798,3.194057,1
18.0,18,-3.3553376,-6.808004,-5.4288435,-12.115836,-5.2846675,-11.52486,-4.517214,0.30831012,6.9471207,7.751501,-3.0124273,-1.4675044,6.0468354,3.0631409,-11.358402,-8.75007,3.0924542,3.7308624,17.94454,12.28699,1
18.0,18,-3.3550122,-6.807669,-5.4287863,-12.115425,-5.2849045,-11.524732,-4.5172777,0.3082479,6.9472303,7.7515445,-3.0116124,-1.4667255,6.045974,3.0627074,-11.357845,-8.749839,3.09235,3.7310517,17.943512,12.287162,1
18.0,18,-3.354223,-6.807001,-5.428878,-12.11588,-5.2846727,-11.524258,-4.5163517,0.30884275,6.9489765,7.7522855,-3.0100775,-1.4658593,6.043507,3.0618057,-11.356148,-8.749354,3.0918283,3.7306583,17.941498,12.287052,1
18.0,18,-3.353925,-6.8066745,-5.428916,-12.115275,-5.284944,-11.523778,-4.516312,0.3088065,6.9491024,7.752051,-3.0086184,-1.4644445,6.0421824,3.061357,-11.355296,-8.749168,3.0917964,3.7311995,17.939602,12.287078,1
18.0,18,-3.354581,-6.8073506,-5.429345,-12.116125,-5.284701,-11.524395,-4.5161886,0.3091596,6.948406,7.751953,-3.0109649,-1.4665817,6.04446,3.0620723,-11.357302,-8.74998,3.092372,3.7308362,17.942884,12.287291,1
18.0,18,-3.355285,-6.807948,-5.428756,-12.115792,-5.2846446,-11.52482,-4.517226,0.30829224,6.947115,7.751523,-3.012457,-1.4675184,6.0468135,3.0630774,-11.358365,-8.749998,3.0923572,3.7308412,17.944513,12.2870035,1
16.0,16,-6.1042776,-8.069884,-15.54181,-7.3623276,-2.9980946,-4.7691617,2.7251923,7.119771,-2.5680704,-1.5996771,6.3529897,1.3115871,-2.8019295,0.3853665,-4.4395494,-6.787363,16.116442,8.221502,-0.35455298,-0.65985745,1
16.0,16,-6.1042423,-8.06985,-15.541741,-7.3623066,-2.9981112,-4.769136,2.7251933,7.1197286,-2.5680423,-1.5996752,6.3529973,1.3115824,-2.8018947,0.3854013,-4.4395566,-6.7873697,16.116394,8.221466,-0.35459113,-0.6598887,1
16.0,16,-6.10438,-8.069944,-15.541593,-7.362098,-2.998522,-4.7694564,2.7247765,7.1192794,-2.567999,-1.5996599,6.3532453,1.3118591,-2.8016224,0.38567168,-4.439792,-6.7876043,16.116488,8.221586,-0.35448456,-0.659645,1
16.0,16,-6.1042647,-8.069758,-15.541604,-7.3621817,-2.9980357,-4.768814,2.7254086,7.1196756,-2.568047,-1.5999396,6.3529654,1.3114396,-2.8016691,0.38562232,-4.4396987,-6.78751,16.116367,8.221322,-0.35472703,-0.6602537,1
16.0,16,-6.1044426,-8.07004,-15.54178,-7.3622594,-2.998443,-4.769536,2.7247837,7.119431,-2.568059,-1.5996208,6.3531437,1.3118631,-2.8016787,0.3856178,-4.43978,-6.7875953,16.116589,8.221652,-0.35432982,-0.65956634,1
16.0,16,-6.1042776,-8.069884,-15.54181,-7.3623276,-2.9980946,-4.7691617,2.7251923,7.119771,-2.5680704,-1.5996771,6.3529897,1.3115871,-2.8019295,0.3853665,-4.4395494,-6.787363,16.116442,8.221502,-0.35455298,-0.65985745,1
7.0,7,-4.079709,-6.305554,-19.371788,-8.409686,5.889782,5.5815816,13.26904,16.806734,-0.26736557,-5.116853,2.7542722,-2.3995843,-9.49193,-6.378487,-2.76289,-4.941645,9.194502,9.125108,1.1367197,0.4691363,1
7.0,7,-4.0264697,-6.2298656,-19.286617,-8.384743,5.942084,5.651036,13.30201,16.793144,-0.24131787,-5.1114025,2.728742,-2.4313784,-9.507328,-6.393596,-2.7004445,-4.8796825,9.109543,9.036591,1.0694404,0.3893898,1
7.0,7,-3.9733603,-6.1638203,-19.243938,-8.3897,6.033808,5.750678,13.3824005,16.840622,-0.23322213,-5.11879,2.6790195,-2.4882545,-9.548173,-6.4341874,-2.6299345,-4.8094134,9.038673,8.960026,1.0029037,0.29408032,1
7.0,7,-3.9569566,-6.150768,-19.242802,-8.406393,6.0608783,5.772424,13.407649,16.867485,-0.2316637,-5.111894,2.6612325,-2.5046778,-9.5697565,-6.455482,-2.6089368,-4.788501,9.025328,8.9463625,0.989676,0.27760726,1
7.0,7,-4.063186,-6.287011,-19.37181,-8.416969,5.9289436,5.6214743,13.3072405,16.838444,-0.27116573,-5.1247005,2.7329388,-2.4228244,-9.511823,-6.398271,-2.73922,-4.9180117,9.176501,9.104966,1.1163304,0.43585473,1
7.0,7,-4.0779004,-6.3057375,-19.374538,-8.412116,5.889642,5.5819325,13.271931,16.810764,-0.26764643,-5.1159487,2.754228,-2.4008102,-9.494449,-6.380992,-2.763345,-4.942045,9.195998,9.126653,1.1361396,0.4703954,1
11.0,11,-5.0157866,-1.5185794,-2.3116245,2.171379,0.39677072,1.2757869,-5.4929943,-3.0363061,-2.607504,-4.0668936,6.2427697,12.218982,-2.0896602,1.0713797,1.3943954,-0.82131505,2.076783,5.4759064,-5.149944,-0.37817436,1
11.0,11,-5.0157866,-1.5185794,-2.3116245,2.171379,0.39677072,1.2757869,-5.4929943,-3.0363061,-2.607504,-4.0668936,6.2427697,12.218982,-2.0896602,1.0713797,1.3943954,-0.82131505,2.076783,5.4759064,-5.149944,-0.37817436,1
11.0,11,-5.0157866,-1.5185794,-2.3116245,2.171379,0.39677072,1.2757869,-5.4929943,-3.0363061,-2.607504,-4.0668936,6.2427697,12.218982,-2.0896602,1.0713797,1.3943954,-0.82131505,2.076783,5.4759064,-5.149944,-0.37817436,1
11.0,11,-5.0157866,-1.5185794,-2.3116245,2.171379,0.39677072,1.2757869,-5.4929943,-3.0363061,-2.607504,-4.0668936,6.2427697,12.218982,-2.0896602,1.0713797,1.3943954,-0.82131505,2.076783,5.4759064,-5.149944,-0.37817436,1
11.0,11,-5.0157866,-1.5185794,-2.3116245,2.171379,0.39677072,1.2757869,-5.4929943,-3.0363061,-2.607504,-4.0668936,6.2427697,12.218982,-2.0896602,1.0713797,1.3943954,-0.82131505,2.076783,5.4759064,-5.149944,-0.37817436,1
11.0,11,-5.0157866,-1.5185794,-2.3116245,2.171379,0.39677072,1.2757869,-5.4929943,-3.0363061,-2.607504,-4.0668936,6.2427697,12.218982,-2.0896602,1.0713797,1.3943954,-0.82131505,2.076783,5.4759064,-5.149944,-0.37817436,1
6.0,6,1.9962026,-0.10680777,-12.118492,-4.215793,3.5645726,9.613058,16.066587,13.065029,2.5018182,-5.6652822,4.622733,-5.3498673,-6.6247296,-3.653294,-3.1899993,-5.1902776,4.6976867,2.8357866,-5.7954726,-5.495274,1
6.0,6,1.9942743,-0.10793114,-12.119041,-4.2160177,3.5652952,9.612621,16.065302,13.064939,2.5012121,-5.6654882,4.6224694,-5.3484097,-6.625392,-3.653861,-3.1896086,-5.189995,4.6982713,2.8371463,-5.79428,-5.494122,1
6.0,6,1.982641,-0.10936254,-12.118079,-4.2115154,3.571183,9.611923,16.05464,13.05943,2.4911938,-5.6703234,4.620629,-5.336926,-6.6270103,-3.6539972,-3.1824982,-5.1844463,4.704576,2.8380244,-5.7952733,-5.4987597,1
6.0,6,1.9808465,-0.11431503,-12.132215,-4.221549,3.5826569,9.625641,16.07519,13.07935,2.4949384,-5.677644,4.612843,-5.3470464,-6.630956,-3.6583533,-3.1905544,-5.1919675,4.703116,2.8443472,-5.7843766,-5.4958167,1
6.0,6,1.9946737,-0.10825342,-12.121975,-4.218008,3.568449,9.616833,16.071016,13.069922,2.502327,-5.667431,4.620595,-5.3512254,-6.6266475,-3.6551394,-3.1910725,-5.1913805,4.6971335,2.837887,-5.792578,-5.4941893,1
6.0,6,1.996141,-0.10667884,-12.118332,-4.2155843,3.5644386,9.612849,16.066236,13.064713,2.5015473,-5.665285,4.622771,-5.3496695,-6.624603,-3.653172,-3.189885,-5.1901684,4.6979256,2.8355894,-5.7956486,-5.495506,1
13.0,13,-1.9972308,-5.0751185,3.1021585,-4.2994103,-7.030095,-6.777035,-6.877637,-10.024548,5.088581,1.6130345,2.7536952,0.13531077,15.952311,16.030706,-8.48651,-8.152664,0.13480511,-1.112718,2.9562793,-3.6659107,1
13.0,13,-1.9972289,-5.07512,3.102131,-4.2994394,-7.030098,-6.77704,-6.8776073,-10.024519,5.08859,1.6130383,2.7536821,0.1352874,15.952311,16.030708,-8.486537,-8.15269,0.13483253,-1.1127266,2.956307,-3.6659076,1
13.0,13,-1.9971802,-5.075075,3.1021547,-4.2994347,-7.030123,-6.777062,-6.87761,-10.024522,5.0886188,1.6130841,2.7536964,0.13528788,15.952267,16.030664,-8.486515,-8.152671,0.13481608,-1.1127583,2.9562898,-3.6658797,1
13.0,13,-1.9970558,-5.0749507,3.1022792,-4.2993145,-7.030232,-6.7771716,-6.8777037,-10.024616,5.0885715,1.6131687,2.7535787,0.1351651,15.952381,16.030594,-8.486621,-8.152632,0.13472155,-1.1128631,2.9564693,-3.6657403,1
13.0,13,-1.9972222,-5.0751095,3.1021652,-4.299409,-7.0300984,-6.777038,-6.877639,-10.0245495,5.088587,1.6130428,2.7536979,0.13531232,15.952301,16.030697,-8.486504,-8.152658,0.13479903,-1.1127236,2.9562755,-3.6659048,1
13.0,13,-1.9972308,-5.0751185,3.1021585,-4.2994103,-7.030095,-6.777035,-6.877637,-10.024548,5.088581,1.6130345,2.7536952,0.13531077,15.952311,16.030706,-8.48651,-8.152664,0.13480511,-1.112718,2.9562793,-3.6659107,1
8.0,8,3.6517894,-0.16708112,2.7654705,-10.025977,-6.243795,-6.9952226,-1.1441509,-2.795889,12.052257,9.312607,0.38273644,-3.2853274,5.337905,4.72837,-7.578529,-6.7451596,-2.3989282,-3.4396272,6.91546,4.6222243,1
8.0,8,3.6525607,-0.1663425,2.7656765,-10.026158,-6.2441173,-6.995999,-1.1445082,-2.7958615,12.052511,9.313742,0.38312197,-3.284947,5.3366203,4.7273917,-7.5774417,-6.744326,-2.3987753,-3.440255,6.91468,4.622466,1
8.0,8,3.6637983,-0.15547144,2.7696505,-10.026301,-6.2500463,-7.009766,-1.1526188,-2.7961423,12.055351,9.331704,0.3846817,-3.2813735,5.3192744,4.708695,-7.5658116,-6.731864,-2.4002771,-3.4471757,6.913304,4.6356096,1
8.0,8,3.6610005,-0.15828979,2.764328,-10.033679,-6.245455,-7.009537,-1.1508406,-2.7902036,12.057733,9.334455,0.38813245,-3.2754412,5.307773,4.704249,-7.5572505,-6.728857,-2.3962224,-3.4440844,6.90734,4.6348352,1
8.0,8,3.6543224,-0.1646527,2.7656727,-10.026426,-6.2452836,-6.999327,-1.1465274,-2.7954507,12.0533495,9.317752,0.38371515,-3.2834086,5.331878,4.7225213,-7.5748916,-6.7417254,-2.399021,-3.4405997,6.9152913,4.626921,1
8.0,8,3.6516182,-0.16725636,2.765442,-10.025961,-6.2436857,-6.994743,-1.1437718,-2.7958856,12.052302,9.312104,0.38276088,-3.2855086,5.3384027,4.7289557,-7.578889,-6.7455807,-2.3989227,-3.4395788,6.915345,4.6217213,1
17.0,17,-3.6921616,-5.1556144,-8.89659,-1.4737002,-1.5458579,1.5479798,2.5685873,3.3401456,0.20678675,-4.2252507,7.9527907,3.9095368,-2.227007,0.73398274,-3.2441802,-5.227006,5.480305,8.42452,-3.6500316,0.28159803,1
17.0,10,-3.4094543,-4.8576193,-8.684863,-1.3494984,-1.840574,1.3231668,2.4147213,3.0489922,0.16909218,-4.107114,8.030984,3.927765,-1.9865011,1.0028646,-3.2467017,-5.2535486,5.5920534,7.988825,-3.8992124,-0.011307657,0
17.0,10,-2.827159,-4.2377315,-8.215139,-1.0572429,-2.6551094,0.24964231,1.4475529,2.2249305,-0.030295014,-3.434873,8.282774,4.4062276,-1.7998194,1.2303398,-2.921324,-4.9691334,5.8804975,7.1859374,-4.310676,-0.10010791,0
17.0,10,-2.7500067,-4.162242,-8.132373,-1.0066926,-2.772699,0.18461156,1.3955705,2.1067379,-0.023641825,-3.4153972,8.316658,4.4070516,-1.6760464,1.3540947,-2.972269,-5.0197678,5.900596,7.069424,-4.364805,-0.17509723,0
17.0,10,-3.1793025,-4.619945,-8.493816,-1.1464446,-2.4158819,0.5814796,1.7514708,2.4985304,-0.013464928,-3.7627954,8.238363,4.2440095,-1.7640467,1.2428932,-3.151005,-5.1776533,5.8915863,7.624325,-4.0706444,-0.02340132,0
17.0,17,-3.6607995,-5.121951,-8.874819,-1.4445616,-1.6215553,1.4718974,2.5081234,3.2698028,0.18515015,-4.2042074,7.978399,3.9320064,-2.1684058,0.7973822,-3.2556849,-5.2428894,5.526649,8.363078,-3.6771626,0.24714357,1
2.0,2,6.151753,9.443274,19.649242,4.8254766,-4.1048875,-3.9543574,-13.017713,-16.598944,4.745464,8.078488,0.23935568,3.3745646,6.582434,3.1425633,3.8232856,6.712057,-12.03866,-11.035055,-4.9850297,-3.3946493,1
2.0,2,6.151753,9.443274,19.649242,4.8254766,-4.1048875,-3.9543574,-13.017713,-16.598944,4.745464,8.078488,0.23935568,3.3745646,6.582434,3.1425633,3.8232856,6.712057,-12.03866,-11.035055,-4.9850297,-3.3946493,1
2.0,2,6.151753,9.443274,19.649242,4.8254766,-4.1048875,-3.9543574,-13.017713,-16.598944,4.745464,8.078488,0.23935568,3.3745646,6.582434,3.1425633,3.8232856,6.712057,-12.03866,-11.035055,-4.9850297,-3.3946493,1
2.0,2,6.151753,9.443274,19.649242,4.8254766,-4.1048875,-3.9543574,-13.017713,-16.598944,4.745464,8.078488,0.23935568,3.3745646,6.582434,3.1425633,3.8232856,6.712057,-12.03866,-11.035055,-4.9850297,-3.3946493,1
2.0,2,6.151753,9.443274,19.649242,4.8254766,-4.1048875,-3.9543574,-13.017713,-16.598944,4.745464,8.078488,0.23935568,3.3745646,6.582434,3.1425633,3.8232856,6.712057,-12.03866,-11.035055,-4.9850297,-3.3946493,1
2.0,2,6.151753,9.443274,19.649242,4.8254766,-4.1048875,-3.9543574,-13.017713,-16.598944,4.745464,8.078488,0.23935568,3.3745646,6.582434,3.1425633,3.8232856,6.712057,-12.03866,-11.035055,-4.9850297,-3.3946493,1
12.0,12,-2.231249,-5.293433,2.9701877,-4.3513136,-6.9010935,-6.6641865,-6.8055334,-9.955092,4.9183383,1.3681214,2.5098639,-0.04193926,16.304396,16.23947,-8.776605,-8.330455,0.21265617,-0.981064,3.2936587,-3.7339299,1
12.0,12,-2.231249,-5.293433,2.9701877,-4.3513136,-6.9010935,-6.6641865,-6.8055334,-9.955092,4.9183383,1.3681214,2.5098639,-0.04193926,16.304396,16.23947,-8.776605,-8.330455,0.21265617,-0.981064,3.2936587,-3.7339299,1
12.0,12,-2.2312605,-5.293444,2.9701748,-4.351324,-6.9010863,-6.6641803,-6.805523,-9.955083,4.918334,1.3681109,2.5098548,-0.04194665,16.304405,16.239481,-8.776617,-8.330469,0.21266738,-0.9810595,3.2936702,-3.7339377,1
12.0,12,-2.2313545,-5.2935348,2.9700432,-4.351451,-6.9010153,-6.664111,-6.8054295,-9.954992,4.918391,1.3680568,2.509986,-0.04182279,16.304277,16.239552,-8.776514,-8.330518,0.21279863,-0.98099774,3.2934823,-3.7340784,1
12.0,12,-2.231249,-5.293433,2.9701877,-4.3513136,-6.9010935,-6.6641865,-6.8055334,-9.955092,4.9183383,1.3681214,2.5098639,-0.04193926,16.304396,16.23947,-8.776605,-8.330455,0.21265617,-0.981064,3.2936587,-3.7339299,1
12.0,12,-2.231249,-5.293433,2.9701877,-4.3513136,-6.9010935,-6.6641865,-6.8055334,-9.955092,4.9183383,1.3681214,2.5098639,-0.04193926,16.304396,16.23947,-8.776605,-8.330455,0.21265617,-0.981064,3.2936587,-3.7339299,1
3.0,3,5.672173,9.880487,5.2486362,16.441135,-4.1383486,1.4147637,-5.8748035,-8.597342,-6.0135193,-3.7346487,7.0831256,4.981227,-0.44792318,-3.3838801,3.5768404,6.0210023,-4.1611314,-4.3516884,-10.718603,-3.6808555,1
3.0,3,5.672173,9.880487,5.2486362,16.441135,-4.1383486,1.4147637,-5.8748035,-8.597342,-6.0135193,-3.7346487,7.0831256,4.981227,-0.44792318,-3.3838801,3.5768404,6.0210023,-4.1611314,-4.3516884,-10.718603,-3.6808555,1
3.0,3,5.672173,9.880487,5.2486362,16.441135,-4.1383486,1.4147637,-5.8748035,-8.597342,-6.0135193,-3.7346487,7.0831256,4.981227,-0.44792318,-3.3838801,3.5768404,6.0210023,-4.1611314,-4.3516884,-10.718603,-3.6808555,1
3.0,3,5.672173,9.880487,5.2486362,16.441135,-4.1383486,1.4147637,-5.8748035,-8.597342,-6.0135193,-3.7346487,7.0831256,4.981227,-0.44792318,-3.3838801,3.5768404,6.0210023,-4.1611314,-4.3516884,-10.718603,-3.6808555,1
3.0,3,5.672173,9.880487,5.2486362,16.441135,-4.1383486,1.4147637,-5.8748035,-8.597342,-6.0135193,-3.7346487,7.0831256,4.981227,-0.44792318,-3.3838801,3.5768404,6.0210023,-4.1611314,-4.3516884,-10.718603,-3.6808555,1
3.0,3,5.672173,9.880487,5.2486362,16.441135,-4.1383486,1.4147637,-5.8748035,-8.597342,-6.0135193,-3.7346487,7.0831256,4.981227,-0.44792318,-3.3838801,3.5768404,6.0210023,-4.1611314,-4.3516884,-10.718603,-3.6808555,1
12.0,12,-2.0632074,-5.039177,3.2367,-4.0168085,-7.061097,-6.840406,-7.0633554,-10.210454,4.725156,1.4454844,2.3107224,-0.17615855,16.525597,16.134396,-8.887281,-8.191379,0.065299064,-1.2034315,3.5353723,-3.5845547,1
12.0,12,-2.0632074,-5.039177,3.2367,-4.0168085,-7.061097,-6.840406,-7.0633554,-10.210454,4.725156,1.4454844,2.3107224,-0.17615855,16.525597,16.134396,-8.887281,-8.191379,0.065299064,-1.2034315,3.5353723,-3.5845547,1
12.0,12,-2.0632074,-5.039177,3.2367,-4.0168085,-7.061097,-6.840406,-7.0633554,-10.210454,4.725156,1.4454844,2.3107224,-0.17615855,16.525597,16.134396,-8.887281,-8.191379,0.065299064,-1.2034315,3.5353723,-3.5845547,1
12.0,12,-2.0632074,-5.039177,3.2367,-4.0168085,-7.061097,-6.840406,-7.0633554,-10.210454,4.725156,1.4454844,2.3107224,-0.17615855,16.525597,16.134396,-8.887281,-8.191379,0.065299064,-1.2034315,3.5353723,-3.5845547,1
12.0,12,-2.0632074,-5.039177,3.2367,-4.0168085,-7.061097,-6.840406,-7.0633554,-10.210454,4.725156,1.4454844,2.3107224,-0.17615855,16.525597,16.134396,-8.887281,-8.191379,0.065299064,-1.2034315,3.5353723,-3.5845547,1
12.0,12,-2.0632074,-5.039177,3.2367,-4.0168085,-7.061097,-6.840406,-7.0633554,-10.210454,4.725156,1.4454844,2.3107224,-0.17615855,16.525597,16.134396,-8.887281,-8.191379,0.065299064,-1.2034315,3.5353723,-3.5845547,1
8.0,18,2.055561,-0.7969214,1.6502799,-8.437649,-6.882756,-11.551197,-6.3953247,-3.5542715,9.344154,11.384539,-1.1202569,-0.8132123,3.2269058,0.14772564,-6.832417,-4.156875,-2.1505294,-1.1136535,12.3118305,11.642744,0
8.0,18,2.0560129,-0.7964697,1.6507097,-8.437432,-6.8829246,-11.551366,-6.395563,-3.5544798,9.344261,11.38496,-1.1200857,-0.8130623,3.2264833,0.14729851,-6.831961,-4.1564174,-2.1508262,-1.1139398,12.311398,11.642873,0
8.0,18,2.0564094,-0.79601085,1.6509374,-8.437372,-6.8830214,-11.551945,-6.3961296,-3.5544727,9.344269,11.385811,-1.1200113,-0.8126091,3.225368,0.14612252,-6.8311496,-4.155568,-2.1510277,-1.1140251,12.311274,11.64369,0
8.0,18,2.0564153,-0.7960243,1.6509556,-8.437357,-6.883076,-11.552096,-6.3962917,-3.554577,9.344194,11.385883,-1.1199365,-0.81252277,3.225369,0.14617616,-6.830998,-4.1554594,-2.1509476,-1.1140678,12.311123,11.643593,0
8.0,18,2.055561,-0.7969214,1.6502794,-8.437649,-6.882756,-11.551197,-6.3953257,-3.554271,9.344153,11.384539,-1.1202569,-0.8132123,3.2269058,0.1477254,-6.832417,-4.1568747,-2.1505294,-1.1136532,12.3118305,11.642745,0
8.0,18,2.0554428,-0.79704475,1.6500434,-8.437906,-6.882654,-11.551325,-6.3953485,-3.5540793,9.344116,11.384656,-1.1202374,-0.8130666,3.2266212,0.14758343,-6.832215,-4.156787,-2.1502888,-1.113553,12.311794,11.642776,0
15.0,15,-0.036868528,4.6314816,4.504966,5.899595,8.939933,1.791389,-6.569474,-3.3577793,-5.622938,1.5214953,0.757105,2.960404,-7.9180827,-8.176396,17.405243,17.564516,-5.217225,-4.980642,-11.698601,-9.742201,1
15.0,15,-0.036876038,4.6314745,4.5049543,5.899587,8.939939,1.7913852,-6.569477,-3.3577702,-5.622946,1.5214963,0.75710356,2.9604125,-7.918093,-8.176405,17.405249,17.564522,-5.2172155,-4.9806314,-11.698597,-9.742195,1
15.0,15,-0.03683789,4.631507,4.504986,5.8996205,8.939906,1.7913888,-6.5694695,-3.3577936,-5.6229353,1.5214958,0.7571074,2.9603858,-7.9180617,-8.176393,17.405218,17.564508,-5.2172403,-4.980658,-11.698599,-9.742193,1
15.0,15,-0.0368938,4.6314745,4.504966,5.8995996,8.939958,1.7914453,-6.5694466,-3.3577762,-5.6229315,1.5214517,0.75713277,2.9604363,-7.918094,-8.176373,17.405254,17.5645,-5.2172217,-4.9806275,-11.698652,-9.742245,1
15.0,15,-0.03688474,4.631466,4.504944,5.8995786,8.939944,1.7913873,-6.569474,-3.3577626,-5.6229467,1.5214934,0.7571069,2.9604197,-7.9181027,-8.176405,17.405254,17.564522,-5.2172074,-4.9806237,-11.698601,-9.742197,1
15.0,15,-0.036876276,4.6314745,4.5049534,5.8995876,8.939937,1.7913857,-6.569475,-3.3577707,-5.622946,1.5214958,0.75710404,2.9604125,-7.918093,-8.176405,17.405249,17.56452,-5.2172155,-4.9806314,-11.698597,-9.742195,1
17.0,17,-9.552108,-11.350028,-12.2151,-6.9443183,-0.15231042,-0.8908649,0.08911872,5.0915685,0.22223091,-3.4397688,5.7233133,6.356741,-2.0576844,0.8498083,-5.5180793,-7.4486513,7.8177857,14.496287,3.4133644,5.825027,1
17.0,17,-9.552108,-11.350028,-12.2151,-6.9443183,-0.15231042,-0.8908649,0.08911872,5.0915685,0.22223091,-3.4397688,5.7233133,6.356741,-2.0576844,0.8498083,-5.5180793,-7.4486513,7.8177857,14.496287,3.4133644,5.825027,1
17.0,17,-9.552108,-11.350028,-12.2151,-6.9443183,-0.15231042,-0.8908649,0.08911872,5.0915685,0.22223091,-3.4397688,5.7233133,6.356741,-2.0576844,0.8498083,-5.5180793,-7.4486513,7.8177857,14.496287,3.4133644,5.825027,1
17.0,17,-9.552108,-11.350028,-12.2151,-6.9443183,-0.15231042,-0.8908649,0.08911872,5.0915685,0.22223091,-3.4397688,5.7233133,6.356741,-2.0576844,0.8498083,-5.5180793,-7.4486513,7.8177857,14.496287,3.4133644,5.825027,1
17.0,17,-9.552108,-11.350028,-12.2151,-6.9443183,-0.15231042,-0.8908649,0.08911872,5.0915685,0.22223091,-3.4397688,5.7233133,6.356741,-2.0576844,0.8498083,-5.5180793,-7.4486513,7.8177857,14.496287,3.4133644,5.825027,1
17.0,17,-9.552108,-11.350028,-12.2151,-6.9443183,-0.15231042,-0.8908649,0.08911872,5.0915685,0.22223091,-3.4397688,5.7233133,6.356741,-2.0576844,0.8498083,-5.5180793,-7.4486513,7.8177857,14.496287,3.4133644,5.825027,1
1.0,1,13.530873,14.416573,7.6853304,6.371918,-5.4553046,-2.6680217,-2.6858733,-5.0978,2.049777,6.514171,2.0111067,-0.11270428,-2.0265768,-5.402216,2.4072728,5.271028,-6.8895583,-11.789221,-5.86573,-0.29683894,1
1.0,1,13.530873,14.416573,7.6853304,6.371918,-5.4553046,-2.6680217,-2.6858733,-5.0978,2.049777,6.514171,2.0111067,-0.11270428,-2.0265768,-5.402216,2.4072728,5.271028,-6.8895583,-11.789221,-5.86573,-0.29683894,1
1.0,1,13.530411,14.416137,7.684723,6.371438,-5.4550443,-2.668625,-2.6863441,-5.097447,2.0493803,6.514504,2.0108385,-0.1123445,-2.0270872,-5.4027214,2.4076533,5.2713914,-6.889051,-11.788806,-5.865203,-0.2963099,1
1.0,1,13.530531,14.416998,7.6851864,6.3728533,-5.454405,-2.6672204,-2.6854582,-5.0974417,2.0489888,6.5135403,2.0111477,-0.11295724,-2.0276256,-5.4032836,2.4083774,5.272101,-6.8892646,-11.789491,-5.866631,-0.29781872,1
1.0,1,13.530873,14.416573,7.6853304,6.371918,-5.4553046,-2.6680217,-2.6858733,-5.0978,2.049777,6.514171,2.0111067,-0.11270428,-2.0265768,-5.402216,2.4072728,5.271028,-6.8895583,-11.789221,-5.86573,-0.29683894,1
1.0,1,13.530873,14.416573,7.6853304,6.371918,-5.4553046,-2.6680217,-2.6858733,-5.0978,2.049777,6.514171,2.0111067,-0.11270428,-2.0265768,-5.402216,2.4072728,5.271028,-6.8895583,-11.789221,-5.86573,-0.29683894,1
6.0,6,-0.93426853,-0.5919728,-10.754795,-4.290474,8.251657,11.206133,14.50486,12.633528,1.5077342,-6.2852497,2.04952,-4.314241,-7.635875,-4.6117105,0.4302182,-1.7069016,2.8895597,2.1800802,-5.0426254,-7.2225504,1
6.0,6,-0.9330756,-0.5914804,-10.75571,-4.2906537,8.250327,11.206455,14.506826,12.634569,1.5087973,-6.285439,2.0500395,-4.315373,-7.635694,-4.6116667,0.42802116,-1.7089574,2.8899474,2.1801078,-5.0419817,-7.221585,1
6.0,6,-0.93298155,-0.5926124,-10.756464,-4.2928743,8.24934,11.203609,14.50641,12.634395,1.5102612,-6.2834024,2.049584,-4.3172517,-7.634319,-4.6102195,0.4274945,-1.7095573,2.8908787,2.1790318,-5.0400286,-7.22146,1
6.0,6,-0.9322826,-0.5922618,-10.759122,-4.293871,8.248614,11.203845,14.508688,12.637075,1.509925,-6.2837296,2.0498161,-4.3174806,-7.6358,-4.6115317,0.42581174,-1.711362,2.8932028,2.1797836,-5.0395336,-7.220297,1
6.0,6,-0.9332269,-0.5916871,-10.755715,-4.290846,8.250432,11.206315,14.506701,12.634517,1.5088161,-6.285352,2.0499153,-4.31547,-7.635533,-4.611502,0.4280977,-1.7088846,2.8899534,2.1800985,-5.041843,-7.221686,1
6.0,6,-0.9333381,-0.59150255,-10.7556715,-4.29072,8.250705,11.206517,14.506642,12.634644,1.5086755,-6.285388,2.049837,-4.3151336,-7.6360517,-4.61202,0.4283764,-1.7086154,2.8898888,2.1801817,-5.0418735,-7.221479,1
8.0,8,2.9389691,-0.7505988,3.6692429,-8.008095,-6.637789,-6.4830604,-2.0325196,-4.507796,10.66951,7.4243336,-0.45185614,-4.095193,8.970231,6.8121467,-9.649084,-7.584571,-3.3107994,-3.0364268,8.363689,4.2447643,1
8.0,8,2.9432933,-0.7470695,3.66545,-8.014341,-6.6386933,-6.4859014,-2.0277848,-4.500261,10.676852,7.4323225,-0.45094085,-4.095364,8.957269,6.8010416,-9.647408,-7.5844145,-3.3098612,-3.037221,8.3667965,4.25445,1
8.0,8,3.0996444,-0.61691165,3.540228,-8.183185,-6.7147155,-6.639672,-1.918815,-4.2796965,10.901273,7.7179356,-0.42664194,-4.1016197,8.54523,6.4138703,-9.619131,-7.5783997,-3.2768767,-3.066552,8.527493,4.6409526,1
8.0,8,3.0851145,-0.64584386,3.3590946,-8.381221,-6.6840167,-6.6594977,-1.7891223,-4.0895944,11.041582,7.805505,-0.32659435,-4.0177956,8.260799,6.2920985,-9.532292,-7.619739,-3.1430297,-3.0209935,8.472071,4.707672,1
8.0,8,2.9373348,-0.75688565,3.6162663,-8.067322,-6.6293073,-6.487106,-1.9901164,-4.4493194,10.714728,7.451243,-0.4233687,-4.0735874,8.884883,6.773544,-9.626652,-7.5989504,-3.2737212,-3.0239398,8.350435,4.2679753,1
8.0,8,2.9345448,-0.754825,3.6667552,-8.0107765,-6.6341686,-6.4790864,-2.0304427,-4.506702,10.668498,7.4198895,-0.4498632,-4.092876,8.971416,6.8178344,-9.646966,-7.5859313,-3.307633,-3.0343044,8.357904,4.2367425,1
18.0,18,-3.8872945,-7.3730264,-5.8050146,-12.760284,-5.003516,-11.761882,-4.321846,0.6086937,7.0945234,7.7622967,-3.9617305,-2.3707352,6.836945,3.3666825,-12.213315,-9.23532,3.2032518,3.7528026,19.664473,12.642845,1
18.0,18,-3.8871572,-7.372888,-5.80499,-12.760146,-5.003633,-11.761888,-4.3218603,0.608688,7.0945024,7.7623243,-3.9616065,-2.3706217,6.8367877,3.3665266,-12.213287,-9.235292,3.2032337,3.7528222,19.66434,12.642969,1
18.0,18,-3.887345,-7.3730903,-5.805109,-12.76061,-5.003385,-11.761866,-4.321663,0.60882676,7.0945063,7.7623024,-3.961882,-2.370956,6.837099,3.3669295,-12.213299,-9.235381,3.2035217,3.7525866,19.664396,12.642375,1
18.0,18,-3.887143,-7.3728843,-5.8050575,-12.760379,-5.0035696,-11.761887,-4.3217115,0.6087915,7.094454,7.7623377,-3.961719,-2.370802,6.8369074,3.3667064,-12.213284,-9.235339,3.2034812,3.7526143,19.66424,12.642581,1
18.0,18,-3.887264,-7.3730054,-5.8050537,-12.760483,-5.0034795,-11.761918,-4.321747,0.6087502,7.094457,7.7623262,-3.9618182,-2.370891,6.837072,3.3668742,-12.213276,-9.235336,3.2035007,3.7525704,19.664328,12.642435,1
18.0,18,-3.8872945,-7.3730264,-5.8050146,-12.760284,-5.003516,-11.761882,-4.321846,0.6086937,7.0945234,7.7622967,-3.9617305,-2.3707352,6.836945,3.3666825,-12.213315,-9.23532,3.2032518,3.7528026,19.664473,12.642845,1
14.0,14,-1.8663402,2.3848257,2.609321,3.433999,9.807329,2.204218,-5.6754274,-2.0980382,-4.763438,1.0545928,1.7607791,4.0549254,-8.660168,-6.9233923,17.782627,16.402584,-3.5868492,-3.316158,-12.517992,-10.619381,1
14.0,14,-1.8663402,2.3848257,2.609321,3.433999,9.807329,2.204218,-5.6754274,-2.0980382,-4.763438,1.0545928,1.7607791,4.0549254,-8.660168,-6.9233923,17.782627,16.402584,-3.5868492,-3.316158,-12.517992,-10.619381,1
14.0,14,-1.8663445,2.384821,2.6093183,3.4339957,9.807331,2.20422,-5.6754246,-2.0980358,-4.7634363,1.0545912,1.7607816,4.0549254,-8.66017,-6.92339,17.782625,16.402582,-3.5868454,-3.3161538,-12.517996,-10.619385,1
14.0,14,-1.8663377,2.3848286,2.6093235,3.4340014,9.807329,2.2042181,-5.6754274,-2.0980382,-4.763438,1.0545936,1.7607764,4.054923,-8.660167,-6.9233947,17.782625,16.402586,-3.5868514,-3.3161602,-12.51799,-10.61938,1
14.0,14,-1.8663402,2.3848257,2.609321,3.433999,9.807329,2.204218,-5.6754274,-2.0980382,-4.763438,1.0545928,1.7607791,4.0549254,-8.660168,-6.9233923,17.782627,16.402584,-3.5868492,-3.316158,-12.517992,-10.619381,1
14.0,14,-1.8663402,2.3848257,2.609321,3.433999,9.807329,2.204218,-5.6754274,-2.0980382,-4.763438,1.0545928,1.7607791,4.0549254,-8.660168,-6.9233923,17.782627,16.402584,-3.5868492,-3.316158,-12.517992,-10.619381,1
10.0,10,1.093197,0.45887178,-4.3832393,2.3378108,-4.948875,-0.6833014,-0.2928447,-0.77260864,0.93286526,-1.5528781,9.733032,5.745809,-2.8755546,-0.025084078,-1.2435596,-3.1602986,3.301665,3.4645224,-7.0194488,0.27710527,1
10.0,10,1.093197,0.45887178,-4.3832393,2.3378108,-4.948875,-0.6833014,-0.2928447,-0.77260864,0.93286526,-1.5528781,9.733032,5.745809,-2.8755546,-0.025084078,-1.2435596,-3.1602986,3.301665,3.4645224,-7.0194488,0.27710527,1
10.0,10,1.093197,0.45887178,-4.3832393,2.3378108,-4.948875,-0.6833014,-0.2928447,-0.77260864,0.93286526,-1.5528781,9.733032,5.745809,-2.8755546,-0.025084078,-1.2435596,-3.1602986,3.301665,3.4645224,-7.0194488,0.27710527,1
10.0,10,1.093197,0.45887178,-4.3832393,2.3378108,-4.948875,-0.6833014,-0.2928447,-0.77260864,0.93286526,-1.5528781,9.733032,5.745809,-2.8755546,-0.025084078,-1.2435596,-3.1602986,3.301665,3.4645224,-7.0194488,0.27710527,1
10.0,10,1.093197,0.45887178,-4.3832393,2.3378108,-4.948875,-0.6833014,-0.2928447,-0.77260864,0.93286526,-1.5528781,9.733032,5.745809,-2.8755546,-0.025084078,-1.2435596,-3.1602986,3.301665,3.4645224,-7.0194488,0.27710527,1
10.0,10,1.093197,0.45887178,-4.3832393,2.3378108,-4.948875,-0.6833014,-0.2928447,-0.77260864,0.93286526,-1.5528781,9.733032,5.745809,-2.8755546,-0.025084078,-1.2435596,-3.1602986,3.301665,3.4645224,-7.0194488,0.27710527,1
9.0,9,6.1332364,3.1963878,6.2219934,-6.8230505,-8.502679,-13.218944,-8.885593,-7.149856,8.550209,14.181796,1.0137905,0.0366441,2.657926,1.0020859,-1.3517895,0.18169628,-2.2651792,-6.4033523,3.853374,5.5978,1
9.0,9,6.1332364,3.1963878,6.2219934,-6.8230505,-8.502679,-13.218944,-8.885593,-7.149856,8.550209,14.181796,1.0137905,0.0366441,2.657926,1.0020859,-1.3517895,0.18169628,-2.2651792,-6.4033523,3.853374,5.5978,1
9.0,9,6.1332364,3.1963878,6.2219934,-6.8230505,-8.502679,-13.218944,-8.885593,-7.149856,8.550209,14.181796,1.0137905,0.0366441,2.657926,1.0020859,-1.3517895,0.18169628,-2.2651792,-6.4033523,3.853374,5.5978,1
9.0,9,6.1332364,3.1963878,6.2219934,-6.8230505,-8.502679,-13.218944,-8.885593,-7.149856,8.550209,14.181796,1.0137905,0.0366441,2.657926,1.0020859,-1.3517895,0.18169628,-2.2651792,-6.4033523,3.853374,5.5978,1
9.0,9,6.1332364,3.1963878,6.2219934,-6.8230505,-8.502679,-13.218944,-8.885593,-7.149856,8.550209,14.181796,1.0137905,0.0366441,2.657926,1.0020859,-1.3517895,0.18169628,-2.2651792,-6.4033523,3.853374,5.5978,1
9.0,9,6.1332364,3.1963878,6.2219934,-6.8230505,-8.502679,-13.218944,-8.885593,-7.149856,8.550209,14.181796,1.0137905,0.0366441,2.657926,1.0020859,-1.3517895,0.18169628,-2.2651792,-6.4033523,3.853374,5.5978,1
3.0,3,5.206761,9.572517,4.618171,17.57745,-3.964082,1.9471571,-5.756768,-8.349825,-7.0506573,-4.7217827,7.5580707,5.094271,-0.8516853,-3.9865775,3.7487812,6.3406873,-3.8279047,-3.406813,-11.218922,-3.6950574,1
3.0,3,5.206761,9.572517,4.618171,17.57745,-3.964082,1.9471571,-5.756768,-8.349825,-7.0506573,-4.7217827,7.5580707,5.094271,-0.8516853,-3.9865775,3.7487812,6.3406873,-3.8279047,-3.406813,-11.218922,-3.6950574,1
3.0,3,5.206761,9.572517,4.618171,17.57745,-3.964082,1.9471571,-5.756768,-8.349825,-7.0506573,-4.7217827,7.5580707,5.094271,-0.8516853,-3.9865775,3.7487812,6.3406873,-3.8279047,-3.406813,-11.218922,-3.6950574,1
3.0,3,5.206761,9.572517,4.618171,17.57745,-3.964082,1.9471571,-5.756768,-8.349825,-7.0506573,-4.7217827,7.5580707,5.094271,-0.8516853,-3.9865775,3.7487812,6.3406873,-3.8279047,-3.406813,-11.218922,-3.6950574,1
3.0,3,5.206761,9.572517,4.618171,17.57745,-3.964082,1.9471571,-5.756768,-8.349825,-7.0506573,-4.7217827,7.5580707,5.094271,-0.8516853,-3.9865775,3.7487812,6.3406873,-3.8279047,-3.406813,-11.218922,-3.6950574,1
3.0,3,5.206761,9.572517,4.618171,17.57745,-3.964082,1.9471571,-5.756768,-8.349825,-7.0506573,-4.7217827,7.5580707,5.094271,-0.8516853,-3.9865775,3.7487812,6.3406873,-3.8279047,-3.406813,-11.218922,-3.6950574,1
18.0,9,5.507053,1.9859658,4.6465187,-8.27469,-8.219139,-12.5478525,-7.066269,-5.5348773,9.729813,13.694065,0.7185303,-0.92173135,2.806952,1.2556784,-3.147495,-1.6676145,-2.0330706,-5.212431,5.732604,6.7145505,0
18.0,9,5.5069118,1.9858272,4.6463804,-8.274749,-8.219078,-12.547783,-7.0661917,-5.5347867,9.729825,13.693953,0.7185061,-0.9217285,2.8069854,1.255722,-3.1476173,-1.6677436,-2.0330327,-5.212282,5.732758,6.714624,0
18.0,9,5.5073004,1.9861857,4.6467423,-8.274445,-8.219371,-12.547847,-7.0662355,-5.535061,9.729893,13.694061,0.71854794,-0.92191637,2.8071885,1.2557654,-3.1477222,-1.6677222,-2.0332503,-5.212624,5.7326384,6.714581,0
18.0,9,5.5072103,1.9861137,4.6467,-8.274588,-8.219193,-12.547614,-7.066043,-5.5349402,9.729957,13.693943,0.7185701,-0.9219035,2.8071394,1.255861,-3.147659,-1.66777,-2.0332222,-5.212594,5.73246,6.714339,0
18.0,9,5.5071425,1.9860383,4.646591,-8.274668,-8.219164,-12.547754,-7.0661488,-5.534875,9.729902,13.694042,0.71853435,-0.9218279,2.8070025,1.2557149,-3.1475763,-1.667682,-2.0331547,-5.212497,5.732576,6.7145085,0
18.0,9,5.507053,1.9859658,4.6465187,-8.27469,-8.219139,-12.5478525,-7.066269,-5.5348773,9.729813,13.694065,0.7185303,-0.92173135,2.806952,1.2556784,-3.147495,-1.6676145,-2.0330706,-5.212431,5.732604,6.7145505,0
6.0,6,0.40480536,-1.6287526,-14.439971,-6.1187906,5.8253074,10.3552,17.173986,15.7862015,2.1317787,-5.9930525,2.9937139,-5.505192,-8.205512,-5.3953614,-3.161096,-5.0434074,5.0737424,4.6460786,-3.3333187,-3.9268174,1
6.0,6,0.40311652,-1.6291829,-14.440296,-6.11889,5.82691,10.354083,17.171623,15.786299,2.1300359,-5.992328,2.9925218,-5.5033507,-8.207504,-5.3976836,-3.1588411,-5.040967,5.0741835,4.646829,-3.3321662,-3.925478,1
6.0,6,0.3891917,-1.648053,-14.462286,-6.137193,5.8326855,10.337704,17.16339,15.799681,2.1228323,-5.9841614,2.987011,-5.497588,-8.218326,-5.407268,-3.1535668,-5.0367994,5.089028,4.6639867,-3.3151734,-3.9092999,1
6.0,6,0.3851748,-1.656021,-14.474846,-6.145776,5.83698,10.33261,17.163881,15.809671,2.119556,-5.981476,2.9827676,-5.4983506,-8.22371,-5.4132395,-3.1522353,-5.0349927,5.0938644,4.671704,-3.3058617,-3.9013054,1
6.0,6,0.4007607,-1.6345366,-14.448313,-6.1246877,5.8287506,10.3503275,17.171978,15.792349,2.1284785,-5.990363,2.9904397,-5.504012,-8.210378,-5.400665,-3.158555,-5.0405726,5.0776954,4.6517773,-3.326509,-3.9204974,1
6.0,6,0.4040274,-1.6301631,-14.442177,-6.120319,5.826032,10.35368,17.173416,15.787861,2.1309876,-5.9920764,2.9928622,-5.505013,-8.20691,-5.3969946,-3.1604147,-5.0425515,5.0746512,4.647534,-3.3314133,-3.9248323,1
5.0,5,-4.045995,0.34130472,-3.279996,2.1654084,13.2284775,16.135447,8.862293,6.509483,-2.5245614,-10.018948,1.6684163,0.8356137,-6.7653637,-3.9562447,7.0004144,4.9985633,-3.1343205,2.3000238,-10.901199,-12.199581,1
5.0,5,-4.045995,0.34130472,-3.279996,2.1654084,13.2284775,16.135447,8.862293,6.509483,-2.5245614,-10.018948,1.6684163,0.8356137,-6.7653637,-3.9562447,7.0004144,4.9985633,-3.1343205,2.3000238,-10.901199,-12.199581,1
5.0,5,-4.0430503,0.34405935,-3.277474,2.1684878,13.226167,16.137808,8.86443,6.5077386,-2.523119,-10.020571,1.6701293,0.83419895,-6.7629857,-3.9541388,6.997965,4.996393,-3.1362553,2.2979467,-10.903688,-12.201379,1
5.0,5,-4.044381,0.34284198,-3.2791758,2.1671808,13.227106,16.136892,8.86364,6.509004,-2.5241055,-10.020048,1.6697388,0.83544934,-6.7647986,-3.9556353,6.999093,4.9972486,-3.1349173,2.299462,-10.90292,-12.200153,1
5.0,5,-4.0444427,0.3427549,-3.2786741,2.1670284,13.227272,16.136717,8.863445,6.508586,-2.5237775,-10.019811,1.6693226,0.8348706,-6.764136,-3.9551578,6.999115,4.9974093,-3.135365,2.2989507,-10.902498,-12.200499,1
5.0,5,-4.045995,0.34130472,-3.279996,2.1654084,13.2284775,16.135447,8.862293,6.509483,-2.5245614,-10.018948,1.6684163,0.8356137,-6.7653637,-3.9562447,7.0004144,4.9985633,-3.1343205,2.3000238,-10.901199,-12.199581,1
6.0,6,2.01703,0.21542335,-11.838324,-3.8346097,4.139918,9.874087,15.812479,13.186729,2.6534252,-5.444972,4.3966722,-4.9160285,-7.637993,-4.856931,-2.5365105,-4.3924966,3.692697,3.033903,-5.407266,-4.4783754,1
6.0,6,2.0175893,0.21689332,-11.836355,-3.8325322,4.1399026,9.874488,15.811277,13.185034,2.652937,-5.4451294,4.397123,-4.9150934,-7.638174,-4.8572226,-2.5351465,-4.3910656,3.6914754,3.0328062,-5.4089346,-4.4791894,1
6.0,6,2.0000145,0.20409465,-11.840799,-3.8380425,4.141187,9.857053,15.787882,13.179152,2.6427026,-5.438434,4.3970823,-4.897632,-7.6445227,-4.861424,-2.5244844,-4.382494,3.7043982,3.0445912,-5.402865,-4.4700727,1
6.0,6,1.991634,0.19134164,-11.847335,-3.8473408,4.1355934,9.83736,15.771936,13.176795,2.642661,-5.426735,4.3999066,-4.8888984,-7.649014,-4.864535,-2.5209475,-4.380104,3.7121396,3.0562835,-5.3933277,-4.4539876,1
6.0,6,2.0136764,0.2118423,-11.839868,-3.836278,4.139686,9.869306,15.807184,13.186007,2.6520228,-5.4424286,4.3966002,-4.912778,-7.6398096,-4.8589387,-2.5346806,-4.390565,3.6943545,3.0377812,-5.404177,-4.47358,1
6.0,6,2.015549,0.2129221,-11.840821,-3.837278,4.1401663,9.873768,15.813713,13.188657,2.654066,-5.4451275,4.3962445,-4.916778,-7.6375985,-4.8562355,-2.5382838,-4.3944793,3.6942153,3.0359514,-5.405023,-4.477254,1
17.0,17,-8.505096,-9.938109,-12.180087,-4.9206514,1.6643912,1.8886299,2.5669358,6.368629,-0.8683642,-4.798549,6.4482694,4.453364,-4.1356807,-1.0147071,-2.7681508,-4.9057426,7.4158278,13.364414,-0.65361726,2.235176,1
17.0,17,-8.504737,-9.937451,-12.179199,-4.920491,1.664544,1.8878658,2.5656197,6.368237,-0.86830294,-4.7971816,6.4483705,4.45445,-4.1374617,-1.0164771,-2.7664053,-4.904025,7.415119,13.364296,-0.65408194,2.2362704,1
17.0,17,-8.506346,-9.938767,-12.180954,-4.9219227,1.6679932,1.8916728,2.5691938,6.371348,-0.86862886,-4.7996917,6.446474,4.4525814,-4.137509,-1.016557,-2.7670949,-4.9046783,7.414956,13.365403,-0.6531528,2.2345564,1
17.0,17,-8.506244,-9.938595,-12.180811,-4.9219637,1.6681585,1.8918366,2.569353,6.371449,-0.86862457,-4.799622,6.4463944,4.4524174,-4.137701,-1.0167501,-2.7668748,-4.904464,7.4149284,13.365208,-0.6533897,2.2342978,1
17.0,17,-8.506194,-9.938574,-12.180923,-4.921929,1.6680042,1.8916981,2.5693629,6.3714347,-0.86867034,-4.7996216,6.446457,4.4523554,-4.13762,-1.0166678,-2.766969,-4.904561,7.415113,13.365135,-0.65338373,2.2342558,1
17.0,17,-8.5057125,-9.938436,-12.181252,-4.921154,1.666729,1.8909261,2.5690024,6.3707366,-0.86862266,-4.799847,6.4471536,4.45259,-4.1366286,-1.0156713,-2.7678893,-4.905466,7.415278,13.364968,-0.65314174,2.2346692,1
7.0,7,-2.715525,-4.7479744,-17.753597,-8.042789,6.517102,6.817173,14.060325,16.841442,0.026944995,-4.7732396,2.2425468,-3.2610111,-9.977909,-7.162488,-1.8860507,-3.8303318,7.836123,7.705929,-0.19948912,-0.67913693,1
7.0,7,-2.7139547,-4.7463355,-17.75206,-8.042436,6.5176663,6.818649,14.061502,16.841515,0.027543068,-4.773077,2.2422836,-3.2619371,-9.978241,-7.162853,-1.8852763,-3.8295205,7.834678,7.70431,-0.2011435,-0.6806399,1
7.0,7,-2.722977,-4.7571673,-17.76512,-8.044946,6.5123467,6.807309,14.054781,16.842524,0.023434281,-4.77388,2.2447956,-3.2565532,-9.976278,-7.160586,-1.89154,-3.836076,7.8457685,7.715075,-0.18940878,-0.66947216,1
7.0,7,-2.7187903,-4.751758,-17.758694,-8.045082,6.5176377,6.8171515,14.062082,16.844263,0.026039243,-4.7755775,2.24198,-3.2613788,-9.9766245,-7.160872,-1.8893857,-3.8339174,7.839659,7.7092657,-0.195755,-0.67802614,1
7.0,7,-2.716203,-4.7488966,-17.754807,-8.043127,6.5164986,6.8155017,14.059196,16.841446,0.0265491,-4.772724,2.2429047,-3.260211,-9.978243,-7.1626997,-1.8860171,-3.8304062,7.8371987,7.7068343,-0.1985414,-0.67779773,1
7.0,7,-2.7146204,-4.7469625,-17.752832,-8.042489,6.5175095,6.817904,14.06084,16.841558,0.027044296,-4.7730937,2.2423203,-3.261394,-9.978336,-7.1629934,-1.8853958,-3.829614,7.835343,7.7050242,-0.20039344,-0.6798484,1
17.0,17,-7.6180677,-7.4890566,-7.8296747,-2.42845,0.46404022,0.9997825,-1.212436,2.0134785,-1.2193211,-4.0932727,6.7603636,7.240534,-2.7389965,0.2521115,-1.5477035,-3.5992868,5.5568495,10.978881,-2.3131294,1.5124686,1
17.0,17,-7.6195874,-7.489278,-7.829438,-2.4287326,0.4657206,0.9997861,-1.2137854,2.013432,-1.2203757,-4.0931196,6.759615,7.242054,-2.7404418,0.25093967,-1.5456853,-3.597541,5.5572248,10.979086,-2.3132615,1.5121844,1
17.0,17,-7.6216927,-7.488902,-7.8294387,-2.4278903,0.47130334,1.007293,-1.2085631,2.01646,-1.2213777,-4.0975895,6.75855,7.2400146,-2.7425323,0.24951476,-1.5438173,-3.5962646,5.556815,10.979019,-2.316642,1.5064721,1
17.0,17,-7.6225524,-7.4921427,-7.8332205,-2.4309564,0.4716937,1.0070403,-1.2057207,2.0198674,-1.2212151,-4.0977087,6.7581058,7.2365685,-2.742146,0.24973053,-1.545435,-3.5977156,5.558976,10.981357,-2.3149993,1.506537,1
17.0,17,-7.6193585,-7.4898014,-7.8305607,-2.4290786,0.4659713,1.0011675,-1.2113842,2.014923,-1.2198993,-4.09409,6.7597175,7.24018,-2.7401452,0.25115663,-1.5468628,-3.598629,5.557343,10.979623,-2.3132372,1.5116258,1
17.0,17,-7.617993,-7.488943,-7.8295393,-2.4284182,0.46402293,0.9997774,-1.2125041,2.0133932,-1.2192868,-4.0932117,6.760375,7.240621,-2.739029,0.25210124,-1.5476282,-3.59923,5.556773,10.97878,-2.3132176,1.5124493,1
2.0,2,6.0198445,9.297212,19.47065,4.5264015,-3.5637746,-3.3386905,-12.4088545,-16.059671,5.048669,7.8761787,-0.048360825,3.1154594,6.3573213,2.9078605,3.700625,6.60408,-12.420245,-10.803768,-4.6335588,-3.2283506,1
2.0,2,6.019838,9.297205,19.470644,4.526394,-3.5637672,-3.338676,-12.408842,-16.05966,5.048681,7.8761735,-0.048362732,3.115456,6.3573165,2.907856,3.7006154,6.6040697,-12.420253,-10.803757,-4.633547,-3.2283394,1
2.0,2,6.0198545,9.297224,19.47065,4.526413,-3.563782,-3.3387167,-12.408882,-16.059685,5.0486455,7.876192,-0.04835701,3.115471,6.3573146,2.9078543,3.7006526,6.604108,-12.420232,-10.803784,-4.6335783,-3.2283611,1
2.0,2,6.0198455,9.297212,19.47067,4.5263987,-3.5637786,-3.3386333,-12.4088,-16.059668,5.048725,7.876154,-0.048353195,3.1154323,6.3573413,2.9078808,3.7005668,6.604025,-12.420281,-10.803754,-4.633544,-3.2283394,1
2.0,2,6.019851,9.297217,19.47067,4.5264063,-3.5637853,-3.3386524,-12.408819,-16.059677,5.048709,7.8761616,-0.048350334,3.115439,6.3573422,2.9078817,3.700584,6.6040406,-12.420271,-10.803765,-4.6335583,-3.2283506,1
2.0,2,6.0198393,9.297208,19.470646,4.5263968,-3.563768,-3.3386788,-12.408845,-16.059662,5.048679,7.876175,-0.048362255,3.1154573,6.3573155,2.907855,3.7006183,6.6040726,-12.420253,-10.80376,-4.6335487,-3.2283394,1
16.0,16,-6.009483,-7.7001495,-14.887739,-6.4491763,-3.856906,-5.632121,1.3778915,6.04486,-2.2552466,-1.0496495,7.1068716,2.5703156,-3.3439193,-0.15858954,-4.189919,-6.5404944,15.592537,8.460536,-0.22810888,0.84570295,1
16.0,16,-6.009483,-7.7001495,-14.887739,-6.4491763,-3.856906,-5.632121,1.3778915,6.04486,-2.2552466,-1.0496495,7.1068716,2.5703156,-3.3439193,-0.15858954,-4.189919,-6.5404944,15.592537,8.460536,-0.22810888,0.84570295,1
16.0,16,-6.0095005,-7.7001476,-14.887765,-6.4490757,-3.8569129,-5.6321273,1.3778675,6.0448365,-2.2553205,-1.0496955,7.1069245,2.5703225,-3.3439412,-0.15861148,-4.1898646,-6.5404406,15.592574,8.460545,-0.22818112,0.8456555,1
16.0,16,-6.009471,-7.7001314,-14.887829,-6.449165,-3.856736,-5.6319904,1.3780859,6.0450063,-2.255499,-1.0497608,7.1068196,2.570035,-3.3439288,-0.15859741,-4.189711,-6.5402946,15.592761,8.460386,-0.2284429,0.8451653,1
16.0,16,-6.009483,-7.7001495,-14.887739,-6.4491763,-3.856906,-5.632121,1.3778915,6.04486,-2.2552466,-1.0496495,7.1068716,2.5703156,-3.3439193,-0.15858954,-4.189919,-6.5404944,15.592537,8.460536,-0.22810888,0.84570295,1
16.0,16,-6.009483,-7.7001495,-14.887739,-6.4491763,-3.856906,-5.632121,1.3778915,6.04486,-2.2552466,-1.0496495,7.1068716,2.5703156,-3.3439193,-0.15858954,-4.189919,-6.5404944,15.592537,8.460536,-0.22810888,0.84570295,1
18.0,18,-3.9484422,-7.418579,-7.5420475,-12.833965,-5.0436482,-10.2205105,-2.8331907,2.1277466,7.155738,6.6176887,-1.3618274,0.1817081,3.9791617,2.6480327,-11.356111,-10.012591,4.6260743,5.447344,16.361088,12.361073,1
18.0,18,-3.946295,-7.416418,-7.5406747,-12.831832,-5.045373,-10.221359,-2.8340898,2.1268802,7.155051,6.6185637,-1.3619776,0.18143964,3.9789977,2.6462145,-11.35674,-10.011923,4.6250577,5.4465537,16.361496,12.363057,1
18.0,18,-3.9442356,-7.4142647,-7.544194,-12.830277,-5.0468235,-10.217594,-2.829381,2.1313572,7.1509876,6.614689,-1.3616929,0.18175685,3.977757,2.6438751,-11.361249,-10.015501,4.6288705,5.44886,16.36,12.363705,1
18.0,18,-3.9492176,-7.419303,-7.5461884,-12.835552,-5.0425234,-10.216432,-2.828372,2.1322553,7.153519,6.6138315,-1.3611813,0.18243623,3.9780278,2.6484518,-11.358152,-10.015791,4.6303215,5.4497237,16.358438,12.358425,1
18.0,18,-3.9503038,-7.4204082,-7.5461693,-12.836212,-5.0419497,-10.216905,-2.8290381,2.131709,7.154541,6.614175,-1.3608589,0.1828314,3.9780202,2.6491892,-11.357279,-10.01551,4.6298814,5.4499507,16.358717,12.358334,1
18.0,18,-3.9484289,-7.418578,-7.541396,-12.8339815,-5.043598,-10.221044,-2.8338144,2.1271408,7.156109,6.6182785,-1.3621376,0.18138957,3.9794784,2.6481261,-11.3557625,-10.012078,4.6254463,5.4468703,16.361547,12.361183,1
13.0,13,-3.520252,-6.2719183,1.6395599,-5.2123394,-5.5687194,-5.3683333,-5.6992836,-8.830783,4.9789777,0.28823787,3.3057952,0.8673098,15.105046,16.566696,-7.7753806,-8.527055,1.2464935,-0.13470073,1.7911258,-5.202556,1
13.0,13,-3.5202472,-6.271923,1.639561,-5.21233,-5.568746,-5.3683615,-5.6993084,-8.830805,4.9789844,0.28824908,3.305811,0.8673247,15.105055,16.566706,-7.7753882,-8.5270605,1.2464914,-0.1346937,1.7911351,-5.2025313,1
13.0,13,-3.5198543,-6.2711406,1.6406621,-5.211397,-5.5689006,-5.368486,-5.7001534,-8.8316965,4.9785924,0.28838736,3.305418,0.86750996,15.105444,16.566507,-7.775252,-8.526471,1.2457211,-0.13529618,1.7912631,-5.2023563,1
13.0,13,-3.520066,-6.2713394,1.6400956,-5.212781,-5.5684867,-5.368217,-5.69952,-8.830858,4.979635,0.28875166,3.3057666,0.8683808,15.104223,16.56634,-7.774908,-8.52694,1.2460128,-0.13504381,1.7910028,-5.2020946,1
13.0,13,-3.5202482,-6.2719145,1.6395644,-5.212343,-5.568721,-5.3683367,-5.6992836,-8.830783,4.9789834,0.28824526,3.3057904,0.8673099,15.105042,16.566692,-7.7753835,-8.527055,1.2464918,-0.13470502,1.7911332,-5.2025485,1
13.0,13,-3.520322,-6.2720203,1.6395677,-5.2123246,-5.5687456,-5.368343,-5.6993494,-8.830867,4.978949,0.28816944,3.305812,0.86734056,15.105207,16.566862,-7.7754464,-8.527119,1.2464869,-0.13463219,1.7911444,-5.2025895,1
12.0,12,-1.9250772,-4.977249,3.2348318,-4.00828,-7.2221103,-7.0020537,-7.0769377,-10.220512,4.7354293,1.5533867,2.2262716,-0.34469175,16.648428,16.112555,-9.0682955,-8.25876,0.062476903,-1.2778018,3.7542243,-3.4208841,1
12.0,12,-1.9250772,-4.977249,3.2348318,-4.00828,-7.2221103,-7.0020537,-7.0769377,-10.220512,4.7354293,1.5533867,2.2262716,-0.34469175,16.648428,16.112555,-9.0682955,-8.25876,0.062476903,-1.2778018,3.7542243,-3.4208841,1
12.0,12,-1.9250772,-4.977249,3.2348318,-4.00828,-7.2221103,-7.0020537,-7.0769377,-10.220512,4.7354293,1.5533867,2.2262716,-0.34469175,16.648428,16.112555,-9.0682955,-8.25876,0.062476903,-1.2778018,3.7542243,-3.4208841,1
12.0,12,-1.9250772,-4.977249,3.2348318,-4.00828,-7.2221103,-7.0020537,-7.0769377,-10.220512,4.7354293,1.5533867,2.2262716,-0.34469175,16.648428,16.112555,-9.0682955,-8.25876,0.062476903,-1.2778018,3.7542243,-3.4208841,1
12.0,12,-1.9250772,-4.977249,3.2348318,-4.00828,-7.2221103,-7.0020537,-7.0769377,-10.220512,4.7354293,1.5533867,2.2262716,-0.34469175,16.648428,16.112555,-9.0682955,-8.25876,0.062476903,-1.2778018,3.7542243,-3.4208841,1
12.0,12,-1.9250772,-4.977249,3.2348318,-4.00828,-7.2221103,-7.0020537,-7.0769377,-10.220512,4.7354293,1.5533867,2.2262716,-0.34469175,16.648428,16.112555,-9.0682955,-8.25876,0.062476903,-1.2778018,3.7542243,-3.4208841,1
15.0,14,-1.2684189,3.3811688,3.3893642,4.52418,9.86308,2.2666833,-6.0524435,-2.5039113,-5.3293614,1.0827193,0.98758614,3.6511736,-8.421657,-7.629725,17.748884,17.09321,-4.430615,-4.051182,-11.923479,-10.259373,0
15.0,14,-1.2684189,3.3811688,3.3893642,4.52418,9.86308,2.2666833,-6.0524435,-2.5039113,-5.3293614,1.0827193,0.98758614,3.6511736,-8.421657,-7.629725,17.748884,17.09321,-4.430615,-4.051182,-11.923479,-10.259373,0
15.0,14,-1.268516,3.381065,3.3892508,4.5240717,9.863162,2.266757,-6.052356,-2.5038211,-5.329344,1.0826497,0.9876218,3.6512136,-8.421692,-7.629658,17.748905,17.093153,-4.4305305,-4.051108,-11.923538,-10.259465,0
15.0,14,-1.2684338,3.381153,3.389348,4.524165,9.863097,2.2667015,-6.0524197,-2.5038874,-5.329362,1.0827057,0.9875643,3.6511517,-8.421651,-7.6297297,17.748861,17.093195,-4.4306145,-4.051167,-11.923449,-10.259365,0
15.0,14,-1.2684194,3.381168,3.3893633,4.52418,9.86308,2.2666833,-6.0524435,-2.5039105,-5.3293614,1.0827191,0.98758614,3.651174,-8.421658,-7.629725,17.748884,17.09321,-4.430614,-4.051182,-11.923481,-10.259374,0
15.0,14,-1.2684189,3.3811688,3.3893642,4.52418,9.86308,2.2666833,-6.0524435,-2.5039113,-5.3293614,1.0827193,0.98758614,3.6511736,-8.421657,-7.629725,17.748884,17.09321,-4.430615,-4.051182,-11.923479,-10.259373,0
6.0,6,0.50948125,-1.8858446,-14.836433,-5.71227,5.0667667,10.438492,17.587282,15.504391,2.3513932,-6.669859,3.762176,-5.6612344,-7.2566986,-4.1865883,-4.059365,-6.123159,5.3582544,4.776548,-3.629119,-4.311468,1
6.0,6,0.50776106,-1.8874754,-14.838201,-5.7140975,5.068036,10.436917,17.585913,15.505679,2.3502908,-6.668784,3.7611556,-5.66017,-7.258513,-4.1883583,-4.057939,-6.121808,5.3595967,4.7781196,-3.6274648,-4.3098373,1
6.0,6,0.50853497,-1.8869087,-14.837926,-5.713808,5.0678782,10.437601,17.586782,15.50577,2.3506227,-6.669077,3.7613325,-5.660768,-7.2581935,-4.1880107,-4.058246,-6.12212,5.3591914,4.777559,-3.628109,-4.3105097,1
6.0,6,0.510706,-1.8852795,-14.836208,-5.7121806,5.06644,10.440088,17.58952,15.504874,2.3524795,-6.670676,3.762447,-5.6628137,-7.255627,-4.1854677,-4.0607705,-6.1245537,5.3574905,4.7759,-3.629785,-4.312571,1
6.0,6,0.5091706,-1.8861066,-14.836823,-5.712614,5.0669904,10.43778,17.58661,15.50455,2.350851,-6.669407,3.7619689,-5.6608186,-7.257241,-4.1871037,-4.058664,-6.1224957,5.358757,4.776737,-3.6289742,-4.31122,1
6.0,6,0.50942045,-1.8857905,-14.836388,-5.712438,5.0671296,10.438663,17.587337,15.504595,2.351336,-6.6697826,3.7619572,-5.6612005,-7.2570243,-4.186908,-4.0590587,-6.122864,5.3581715,4.7765245,-3.6291554,-4.3115206,1
8.0,8,2.503751,-1.3131146,1.4112362,-10.642865,-5.8908944,-6.8692555,-0.8648304,-2.1341772,12.185208,8.730655,0.85532796,-2.5373302,4.883969,4.9723754,-7.7454653,-7.4541388,-1.6260087,-2.2345722,7.2702374,5.0206532,1
8.0,8,2.5035315,-1.313334,1.4110533,-10.642928,-5.890804,-6.869037,-0.86463606,-2.134097,12.18522,8.730354,0.8553703,-2.5373383,4.8841634,4.9726715,-7.7456636,-7.4544134,-1.6259029,-2.23441,7.2702584,5.020478,1
8.0,8,2.5036123,-1.3132528,1.4111375,-10.6430645,-5.8906517,-6.868976,-0.8645843,-2.1339731,12.185273,8.730511,0.85527253,-2.5373673,4.8839254,4.9724345,-7.74546,-7.454212,-1.6260098,-2.234462,7.270187,5.0204883,1
8.0,8,2.5035064,-1.3133364,1.4107629,-10.643668,-5.8904405,-6.8699174,-0.8652282,-2.1335752,12.18488,8.731413,0.8548095,-2.537138,4.883019,4.971375,-7.744739,-7.453393,-1.6255515,-2.2343771,7.2707133,5.021211,1
8.0,8,2.5033357,-1.3135446,1.4110497,-10.642876,-5.890611,-6.8681283,-0.8639709,-2.134085,12.185593,8.729619,0.8558645,-2.537242,4.884437,4.973451,-7.7458367,-7.4549646,-1.6260413,-2.2342412,7.269509,5.0196824,1
8.0,8,2.503751,-1.3131146,1.4112362,-10.642865,-5.8908944,-6.8692555,-0.8648304,-2.1341772,12.185208,8.730655,0.85532796,-2.5373302,4.883969,4.9723754,-7.7454653,-7.4541388,-1.6260087,-2.2345722,7.2702374,5.0206532,1
17.0,17,-5.237292,-6.009061,-7.9705257,-0.3071761,-1.2310544,2.0700533,0.8020232,1.8197569,0.057160735,-5.2039003,8.457571,6.209332,-1.8387278,1.2632446,-3.1665921,-5.2385373,4.174207,10.063365,-3.335917,1.4561088,1
17.0,17,-5.2377667,-6.009507,-7.9709744,-0.30745268,-1.2306999,2.0702052,0.80222964,1.8201352,0.056920648,-5.2041507,8.457393,6.2091727,-1.8387629,1.2632182,-3.1666245,-5.2385826,4.17458,10.063722,-3.3357136,1.4559581,1
17.0,17,-5.2444706,-6.0163774,-7.977213,-0.31350958,-1.2256308,2.0721397,0.80520344,1.8263901,0.056130767,-5.2061567,8.454096,6.207897,-1.8403517,1.2616367,-3.168459,-5.2404485,4.177835,10.070304,-3.3295531,1.4583106,1
17.0,17,-5.2484026,-6.0209975,-7.981364,-0.31917274,-1.2256432,2.0675733,0.8033943,1.8286437,0.0548563,-5.203883,8.4523735,6.2079854,-1.8407372,1.2613397,-3.169362,-5.241499,4.1836658,10.073342,-3.3251157,1.4605391,1
17.0,17,-5.2376585,-6.009485,-7.9707513,-0.307505,-1.2309341,2.069943,0.8019147,1.8199092,0.05716145,-5.20386,8.457464,6.209429,-1.8387715,1.263196,-3.1666815,-5.2386208,4.174327,10.063799,-3.335537,1.4564385,1
17.0,17,-5.237292,-6.009061,-7.9705257,-0.3071761,-1.2310544,2.0700533,0.8020232,1.8197569,0.057160735,-5.2039003,8.457571,6.209332,-1.8387278,1.2632446,-3.1665921,-5.2385373,4.174207,10.063365,-3.335917,1.4561088,1
5.0,5,-3.7800817,0.38321006,-4.2701488,2.4135044,12.955523,18.605213,11.663336,7.818194,-2.206399,-12.181989,2.2668564,0.29558647,-6.082275,-3.0384402,4.5432525,2.4138443,-2.7742012,3.1772199,-11.321178,-12.670929,1
5.0,5,-3.7800875,0.3831911,-4.2701583,2.4134848,12.955522,18.605196,11.663333,7.818196,-2.2063909,-12.181978,2.2668524,0.2955711,-6.082265,-3.0384293,4.5432515,2.4138424,-2.7741952,3.1772223,-11.321165,-12.670927,1
5.0,5,-3.779892,0.38340694,-4.270092,2.413742,12.955383,18.6054,11.663495,7.818197,-2.2063918,-12.18212,2.2670221,0.29562092,-6.082333,-3.038505,4.543136,2.4137378,-2.774265,3.177221,-11.32139,-12.670905,1
5.0,5,-3.7802742,0.38299614,-4.2701616,2.4132464,12.955673,18.605005,11.663163,7.81815,-2.2063794,-12.181838,2.266667,0.29548895,-6.0821447,-3.0383081,4.5433817,2.4139678,-2.7741642,3.1771662,-11.320967,-12.671021,1
5.0,5,-3.780082,0.38320792,-4.2701464,2.413503,12.955523,18.605213,11.663336,7.818192,-2.2063951,-12.181988,2.2668562,0.29558063,-6.082271,-3.038436,4.5432534,2.4138443,-2.7742033,3.1772172,-11.321178,-12.670932,1
5.0,5,-3.7800817,0.38321006,-4.2701488,2.4135044,12.955523,18.605213,11.663336,7.818194,-2.206399,-12.181989,2.2668564,0.29558647,-6.082275,-3.0384402,4.5432525,2.4138443,-2.7742012,3.1772199,-11.321178,-12.670929,1
13.0,13,-2.5776722,-5.634007,2.1907654,-4.969037,-6.5637655,-6.3204226,-6.14935,-9.317194,5.1664934,1.1082823,2.9871163,0.2895019,15.67845,16.413948,-8.455987,-8.636344,0.9034269,-0.7649042,2.6310015,-4.311298,1
13.0,13,-2.5776722,-5.634007,2.1907654,-4.969037,-6.5637655,-6.3204226,-6.14935,-9.317194,5.1664934,1.1082823,2.9871163,0.2895019,15.67845,16.413948,-8.455987,-8.636344,0.9034269,-0.7649042,2.6310015,-4.311298,1
13.0,13,-2.5776722,-5.634007,2.1907654,-4.969037,-6.5637655,-6.3204226,-6.14935,-9.317194,5.1664934,1.1082823,2.9871163,0.2895019,15.67845,16.413948,-8.455987,-8.636344,0.9034269,-0.7649042,2.6310015,-4.311298,1
13.0,13,-2.5776722,-5.634007,2.1907654,-4.969037,-6.5637655,-6.3204226,-6.14935,-9.317194,5.1664934,1.1082823,2.9871163,0.2895019,15.67845,16.413948,-8.455987,-8.636344,0.9034269,-0.7649042,2.6310015,-4.311298,1
13.0,13,-2.5776722,-5.634007,2.1907654,-4.969037,-6.5637655,-6.3204226,-6.14935,-9.317194,5.1664934,1.1082823,2.9871163,0.2895019,15.67845,16.413948,-8.455987,-8.636344,0.9034269,-0.7649042,2.6310015,-4.311298,1
13.0,13,-2.5776722,-5.634007,2.1907654,-4.969037,-6.5637655,-6.3204226,-6.14935,-9.317194,5.1664934,1.1082823,2.9871163,0.2895019,15.67845,16.413948,-8.455987,-8.636344,0.9034269,-0.7649042,2.6310015,-4.311298,1
3.0,3,1.7949278,6.103509,3.18215,12.997282,-2.6735523,1.9780128,-5.8091335,-7.248499,-5.8151813,-4.7401648,7.0329156,6.9590693,-0.5217352,-1.9085782,2.7917056,4.043466,-1.9355127,-0.83545953,-9.601259,-3.39892,1
3.0,3,1.7948139,6.103372,3.182025,12.996978,-2.6734126,1.978061,-5.8090696,-7.2483544,-5.815088,-4.740161,7.032832,6.959192,-0.5217552,-1.9084764,2.7916808,4.04335,-1.9354798,-0.83537424,-9.6011505,-3.398898,1
3.0,3,1.7947373,6.103297,3.1819057,12.996918,-2.6733277,1.97809,-5.80902,-7.248253,-5.81513,-4.7402,7.0328145,6.9591928,-0.5218222,-1.9085155,2.791717,4.043364,-1.9354105,-0.8353044,-9.601135,-3.3989134,1
3.0,3,1.7947373,6.103297,3.1819057,12.996918,-2.6733277,1.97809,-5.80902,-7.248253,-5.81513,-4.7402,7.0328145,6.9591928,-0.5218222,-1.9085155,2.791717,4.043364,-1.9354105,-0.8353044,-9.601135,-3.3989134,1
3.0,3,1.7947576,6.1033216,3.181943,12.996965,-2.6733615,1.9780834,-5.8090343,-7.2482905,-5.8151345,-4.740201,7.0328264,6.959173,-0.5217949,-1.9085104,2.7917008,4.0433645,-1.9354227,-0.83532286,-9.601147,-3.3989172,1
3.0,3,1.7947366,6.1032968,3.1819062,12.996916,-2.6733286,1.97809,-5.80902,-7.248254,-5.81513,-4.740199,7.0328145,6.9591928,-0.5218203,-1.9085145,2.7917156,4.0433626,-1.9354103,-0.8353039,-9.601135,-3.3989127,1
9.0,9,6.181748,4.177611,7.976841,-5.318405,-7.3192015,-10.861334,-8.291734,-7.6147146,8.758619,12.992172,0.25084972,-0.22955394,2.9655294,0.59803873,-1.5394914,0.5568466,-4.618669,-6.727247,3.9689717,5.40255,1
9.0,9,6.1812224,4.1764226,7.9752674,-5.319619,-7.319576,-10.861786,-8.290995,-7.6137366,8.7593355,12.992202,0.25116873,-0.2297957,2.965497,0.5983693,-1.5405834,0.5554886,-4.6177883,-6.726168,3.9701061,5.403563,1
9.0,9,6.1823545,4.177848,7.976693,-5.3184834,-7.320018,-10.862335,-8.291986,-7.614776,8.75863,12.992865,0.25083518,-0.22996318,2.9656725,0.59785765,-1.5398328,0.5567566,-4.618337,-6.7275615,3.9694195,5.4031243,1
9.0,9,6.1815534,4.1775875,7.9771004,-5.3182573,-7.318755,-10.860828,-8.291709,-7.61475,8.758539,12.9919,0.25072265,-0.22942996,2.9654832,0.59799045,-1.5392538,0.5570874,-4.6190586,-6.727134,3.9687963,5.402342,1
9.0,9,6.1815534,4.1775875,7.9771004,-5.3182573,-7.318755,-10.860828,-8.291709,-7.61475,8.758539,12.9919,0.25072265,-0.22942996,2.9654832,0.59799045,-1.5392538,0.5570874,-4.6190586,-6.727134,3.9687963,5.402342,1
9.0,9,6.1815534,4.1775875,7.9771004,-5.3182573,-7.318755,-10.860828,-8.291709,-7.61475,8.758539,12.9919,0.25072265,-0.22942996,2.9654832,0.59799045,-1.5392538,0.5570874,-4.6190586,-6.727134,3.9687963,5.402342,1
13.0,12,-1.8331116,-4.8887877,3.2034163,-4.1289687,-7.212618,-7.0258584,-6.9585104,-10.090761,4.7949386,1.6666245,2.1505976,-0.46609163,16.537783,15.983925,-9.071915,-8.250973,0.120028764,-1.3847394,3.8046565,-3.4032357,0
13.0,12,-1.8331116,-4.8887877,3.2034163,-4.1289687,-7.212618,-7.0258584,-6.9585104,-10.090761,4.7949386,1.6666245,2.1505976,-0.46609163,16.537783,15.983925,-9.071915,-8.250973,0.120028764,-1.3847394,3.8046565,-3.4032357,0
13.0,12,-1.8331116,-4.8887877,3.2034163,-4.1289687,-7.212618,-7.0258584,-6.9585104,-10.090761,4.7949386,1.6666245,2.1505976,-0.46609163,16.537783,15.983925,-9.071915,-8.250973,0.120028764,-1.3847394,3.8046565,-3.4032357,0
13.0,12,-1.8331116,-4.8887877,3.2034163,-4.1289687,-7.212618,-7.0258584,-6.9585104,-10.090761,4.7949386,1.6666245,2.1505976,-0.46609163,16.537783,15.983925,-9.071915,-8.250973,0.120028764,-1.3847394,3.8046565,-3.4032357,0
13.0,12,-1.8331116,-4.8887877,3.2034163,-4.1289687,-7.212618,-7.0258584,-6.9585104,-10.090761,4.7949386,1.6666245,2.1505976,-0.46609163,16.537783,15.983925,-9.071915,-8.250973,0.120028764,-1.3847394,3.8046565,-3.4032357,0
13.0,12,-1.8331116,-4.8887877,3.2034163,-4.1289687,-7.212618,-7.0258584,-6.9585104,-10.090761,4.7949386,1.6666245,2.1505976,-0.46609163,16.537783,15.983925,-9.071915,-8.250973,0.120028764,-1.3847394,3.8046565,-3.4032357,0
19.0,19,2.4373662,-0.9381038,-5.005715,-5.5212564,-10.947634,-11.972981,-5.1648817,0.06940231,5.5824633,8.457142,2.5584488,3.49124,-0.5189189,-3.8161368,-11.079475,-8.158487,2.7663496,5.1340632,12.910585,18.586079,1
19.0,19,2.4378839,-0.9375979,-5.0053105,-5.520801,-10.948091,-11.973257,-5.16525,0.06898865,5.58253,8.45745,2.5588515,3.4916086,-0.51917326,-3.8163452,-11.079191,-8.158235,2.7661157,5.133798,12.910072,18.586273,1
19.0,19,2.4350433,-0.9402884,-5.008397,-5.522655,-10.94567,-11.970997,-5.1624002,0.07178292,5.581224,8.454648,2.557407,3.4896998,-0.51801455,-3.8150628,-11.080757,-8.159917,2.7685473,5.1355276,12.911406,18.584007,1
19.0,19,2.4364812,-0.93893087,-5.0068197,-5.521804,-10.946866,-11.972207,-5.1639013,0.07040939,5.5819635,8.456202,2.5580945,3.4907198,-0.5187491,-3.8158731,-11.079908,-8.1589985,2.7672405,5.1347003,12.910849,18.585365,1
19.0,19,2.4366128,-0.93880033,-5.0067296,-5.521625,-10.947005,-11.972219,-5.163945,0.070310086,5.5819387,8.456194,2.5581782,3.4907627,-0.51872814,-3.8158934,-11.07995,-8.159006,2.7671833,5.1346583,12.910767,18.585417,1
19.0,19,2.4374099,-0.9380642,-5.005686,-5.5212317,-10.947681,-11.972997,-5.1649065,0.06936607,5.5824747,8.457154,2.5584784,3.4912863,-0.5189091,-3.8161168,-11.079487,-8.1585045,2.766333,5.1340427,12.910553,18.586094,1
6.0,6,0.09702735,-2.277038,-15.293641,-6.882376,6.015246,9.651172,16.947645,16.37587,1.9451631,-5.5244923,2.7498107,-5.4825854,-8.642319,-5.8201175,-2.9032984,-4.7971487,5.5305314,5.1723514,-2.6898794,-3.2981,1
6.0,6,0.09986143,-2.274054,-15.28978,-6.8790884,6.013479,9.65443,16.949997,16.373138,1.947646,-5.5264173,2.751761,-5.484257,-8.639221,-5.8167257,-2.9051735,-4.7991877,5.5275292,5.1692166,-2.69339,-3.3016195,1
6.0,6,0.10256128,-2.2711678,-15.28628,-6.8759565,6.0119023,9.658277,16.95298,16.370876,1.9499985,-5.5288496,2.7536821,-5.4860153,-8.636087,-5.8132014,-2.9074228,-4.801675,5.5248446,5.166311,-2.697024,-3.3054483,1
6.0,6,0.101602,-2.2725968,-15.288118,-6.8772144,6.012071,9.658111,16.953615,16.372072,1.9496161,-5.529351,2.7534933,-5.486189,-8.635795,-5.812689,-2.9083436,-4.8027554,5.5262837,5.1675386,-2.696095,-3.305245,1
6.0,6,0.09812121,-2.2759604,-15.292062,-6.881117,6.0144763,9.652515,16.948664,16.37465,1.9463886,-5.5253267,2.750784,-5.4832873,-8.640885,-5.8183866,-2.9040854,-4.7981377,5.5293064,5.17105,-2.6914568,-3.2997527,1
6.0,6,0.095722005,-2.2785463,-15.295223,-6.883947,6.015917,9.649644,16.946556,16.376785,1.9445482,-5.52355,2.7493854,-5.481736,-8.643599,-5.821135,-2.9022582,-4.7963357,5.5317435,5.1736646,-2.6887288,-3.2968392,1
18.0,18,-3.8219364,-6.991906,-5.5196958,-12.348905,-4.92013,-11.534844,-4.44621,0.4576963,6.9664726,7.667345,-3.8653255,-2.010292,6.490505,3.039794,-11.934711,-8.978622,3.042856,3.6339264,19.339386,12.637992,1
18.0,18,-3.8219364,-6.991906,-5.5196958,-12.348905,-4.92013,-11.534844,-4.44621,0.4576963,6.9664726,7.667345,-3.8653255,-2.010292,6.490505,3.039794,-11.934711,-8.978622,3.042856,3.6339264,19.339386,12.637992,1
18.0,18,-3.8219163,-6.991892,-5.519735,-12.348889,-4.920154,-11.534818,-4.44617,0.45773396,6.966448,7.6673155,-3.8652978,-2.0102725,6.4904795,3.0397727,-11.934745,-8.97866,3.0428908,3.6339588,19.339355,12.638007,1
18.0,18,-3.8219354,-6.9919033,-5.519692,-12.348903,-4.920129,-11.534841,-4.446209,0.45769534,6.9664717,7.667344,-3.8653245,-2.010291,6.490504,3.0397954,-11.934708,-8.9786215,3.0428555,3.6339245,19.33938,12.637984,1
18.0,18,-3.8219364,-6.991906,-5.5196958,-12.348905,-4.92013,-11.534844,-4.44621,0.4576963,6.9664726,7.667345,-3.8653255,-2.010292,6.490505,3.039794,-11.934711,-8.978622,3.042856,3.6339264,19.339386,12.637992,1
18.0,18,-3.8219364,-6.991906,-5.5196958,-12.348905,-4.92013,-11.534844,-4.44621,0.4576963,6.9664726,7.667345,-3.8653255,-2.010292,6.490505,3.039794,-11.934711,-8.978622,3.042856,3.6339264,19.339386,12.637992,1
4.0,4,-8.261555,-3.9458885,-4.53429,-2.9153209,16.381744,10.810707,3.9490001,6.199986,-3.4764943,-6.2079725,-1.7683868,0.9808003,-6.7529674,-3.7185209,11.2783165,8.974116,-1.3989877,2.3773186,-6.9255066,-12.316383,1
4.0,4,-8.261483,-3.9457874,-4.534234,-2.9152017,16.381697,10.810778,3.949033,6.199955,-3.4765139,-6.208029,-1.7683439,0.9808198,-6.7529693,-3.7185388,11.278279,8.974093,-1.3990203,2.3772871,-6.925586,-12.316397,1
4.0,4,-8.261587,-3.9460192,-4.5341983,-2.915631,16.381773,10.810047,3.948417,6.199816,-3.476387,-6.2073145,-1.7683654,0.98100007,-6.753331,-3.7187636,11.27899,8.974687,-1.3990037,2.3772337,-6.9255376,-12.3162,1
4.0,4,-8.261834,-3.946938,-4.535368,-2.916866,16.381128,10.809688,3.949108,6.2001567,-3.4767241,-6.2079563,-1.7686348,0.98028195,-6.7511535,-3.7163658,11.277216,8.972766,-1.397314,2.3771665,-6.9250727,-12.317482,1
4.0,4,-8.261557,-3.9458895,-4.5342903,-2.9153228,16.381744,10.810704,3.9489987,6.199985,-3.4764938,-6.2079716,-1.7683876,0.98080003,-6.7529664,-3.7185192,11.278315,8.974115,-1.3989868,2.3773189,-6.925505,-12.316384,1
4.0,4,-8.26155,-3.9458818,-4.534284,-2.9153132,16.38174,10.810709,3.9489996,6.1999817,-3.4764943,-6.207974,-1.7683835,0.9808016,-6.7529664,-3.7185214,11.278316,8.974116,-1.3989912,2.3773155,-6.925513,-12.316385,1
5.0,5,-3.0096123,0.053732514,-5.8516846,2.0248485,11.553229,18.361202,12.976233,8.905874,-2.0966043,-12.463518,3.0011928,-0.34602475,-5.747412,-2.7141204,2.7073522,0.63007724,-1.6238443,4.0099053,-11.089203,-11.893734,1
5.0,5,-3.0096123,0.053732514,-5.8516846,2.0248485,11.553229,18.361202,12.976233,8.905874,-2.0966043,-12.463518,3.0011928,-0.34602475,-5.747412,-2.7141204,2.7073522,0.63007724,-1.6238443,4.0099053,-11.089203,-11.893734,1
5.0,5,-3.010142,0.053819776,-5.851033,2.0252693,11.554025,18.361784,12.975753,8.905457,-2.09695,-12.463871,3.0009441,-0.34545708,-5.747567,-2.714239,2.708105,0.6307887,-1.6243584,4.0098653,-11.089556,-11.894205,1
5.0,5,-3.0095026,0.053490758,-5.8523083,2.024425,11.553036,18.361254,12.976866,8.906509,-2.096253,-12.463513,3.0012624,-0.3463235,-5.7475657,-2.714269,2.7067285,0.62946486,-1.6236691,4.0103292,-11.088722,-11.893132,1
5.0,5,-3.0096123,0.053732514,-5.8516846,2.0248485,11.553229,18.361202,12.976233,8.905874,-2.0966043,-12.463518,3.0011928,-0.34602475,-5.747412,-2.7141204,2.7073522,0.63007724,-1.6238443,4.0099053,-11.089203,-11.893734,1
5.0,5,-3.0096123,0.053732514,-5.8516846,2.0248485,11.553229,18.361202,12.976233,8.905874,-2.0966043,-12.463518,3.0011928,-0.34602475,-5.747412,-2.7141204,2.7073522,0.63007724,-1.6238443,4.0099053,-11.089203,-11.893734,1
8.0,8,3.0231621,-0.62440896,2.467101,-9.952455,-5.9771733,-7.7184486,-2.429852,-3.0672765,11.565757,9.717155,1.17759,-1.6570014,3.9647412,4.0683255,-5.817572,-5.555665,-2.023897,-2.7512412,5.8892884,4.853373,1
8.0,8,3.0231621,-0.62440896,2.467101,-9.952455,-5.9771733,-7.7184486,-2.429852,-3.0672765,11.565757,9.717155,1.17759,-1.6570014,3.9647412,4.0683255,-5.817572,-5.555665,-2.023897,-2.7512412,5.8892884,4.853373,1
8.0,8,3.0231621,-0.62440896,2.467101,-9.952455,-5.9771733,-7.7184486,-2.429852,-3.0672765,11.565757,9.717155,1.17759,-1.6570014,3.9647412,4.0683255,-5.817572,-5.555665,-2.023897,-2.7512412,5.8892884,4.853373,1
8.0,8,3.0231621,-0.62440896,2.467101,-9.952455,-5.9771733,-7.7184486,-2.429852,-3.0672765,11.565757,9.717155,1.17759,-1.6570014,3.9647412,4.0683255,-5.817572,-5.555665,-2.023897,-2.7512412,5.8892884,4.853373,1
8.0,8,3.0231621,-0.62440896,2.467101,-9.952455,-5.9771733,-7.7184486,-2.429852,-3.0672765,11.565757,9.717155,1.17759,-1.6570014,3.9647412,4.0683255,-5.817572,-5.555665,-2.023897,-2.7512412,5.8892884,4.853373,1
8.0,8,3.0231621,-0.62440896,2.467101,-9.952455,-5.9771733,-7.7184486,-2.429852,-3.0672765,11.565757,9.717155,1.17759,-1.6570014,3.9647412,4.0683255,-5.817572,-5.555665,-2.023897,-2.7512412,5.8892884,4.853373,1
19.0,19,3.6449783,0.40764618,-3.7791352,-6.0635815,-9.58129,-10.802538,-4.24203,0.36224446,5.607272,8.836807,1.7597263,2.5937057,-0.7959558,-3.7260296,-9.271768,-6.6439652,2.0284684,2.9416714,10.777395,15.672159,1
19.0,19,3.6449783,0.40764618,-3.7791352,-6.0635815,-9.58129,-10.802538,-4.24203,0.36224446,5.607272,8.836807,1.7597263,2.5937057,-0.7959558,-3.7260296,-9.271768,-6.6439652,2.0284684,2.9416714,10.777395,15.672159,1
19.0,19,3.6449697,0.40763533,-3.7791371,-6.063592,-9.581288,-10.802537,-4.242028,0.36224493,5.607279,8.836807,1.7597219,2.5936997,-0.7959477,-3.726021,-9.271775,-6.6439724,2.0284693,2.9416761,10.777407,15.672161,1
19.0,19,3.644969,0.40763414,-3.7791362,-6.063595,-9.581286,-10.802538,-4.2420273,0.36224613,5.6072803,8.836806,1.7597203,2.5936973,-0.79594624,-3.72602,-9.271776,-6.6439734,2.0284688,2.9416752,10.777409,15.672159,1
19.0,19,3.6449783,0.40764618,-3.7791352,-6.0635815,-9.58129,-10.802538,-4.24203,0.36224446,5.607272,8.836807,1.7597263,2.5937057,-0.7959558,-3.7260296,-9.271768,-6.6439652,2.0284684,2.9416714,10.777395,15.672159,1
19.0,19,3.6449783,0.40764618,-3.7791352,-6.0635815,-9.58129,-10.802538,-4.24203,0.36224446,5.607272,8.836807,1.7597263,2.5937057,-0.7959558,-3.7260296,-9.271768,-6.6439652,2.0284684,2.9416714,10.777395,15.672159,1
6.0,6,0.56012994,-1.4901303,-14.299098,-5.747033,5.71097,10.822718,17.541008,15.595458,2.3678808,-6.4334354,3.3547397,-5.5713916,-7.8792205,-4.8849034,-3.3673956,-5.3832283,4.8398905,4.4933386,-3.7922204,-4.385316,1
6.0,6,0.56012994,-1.4901303,-14.299098,-5.747033,5.71097,10.822718,17.541008,15.595458,2.3678808,-6.4334354,3.3547397,-5.5713916,-7.8792205,-4.8849034,-3.3673956,-5.3832283,4.8398905,4.4933386,-3.7922204,-4.385316,1
6.0,6,0.5606199,-1.489451,-14.2981415,-5.7461925,5.710708,10.823604,17.54148,15.594767,2.3683448,-6.434019,3.3551588,-5.571626,-7.87852,-4.8841085,-3.3677394,-5.383635,4.839195,4.492647,-3.7930942,-4.386239,1
6.0,6,0.5601043,-1.4897734,-14.298662,-5.746516,5.7112546,10.823798,17.541601,15.59529,2.3679094,-6.434276,3.354741,-5.5715237,-7.878753,-4.884381,-3.3677058,-5.383581,4.8395762,4.493009,-3.792693,-4.386196,1
6.0,6,0.56012994,-1.4901303,-14.299098,-5.747033,5.71097,10.822718,17.541008,15.595458,2.3678808,-6.4334354,3.3547397,-5.5713916,-7.8792205,-4.8849034,-3.3673956,-5.3832283,4.8398905,4.4933386,-3.7922204,-4.385316,1
6.0,6,0.56021947,-1.4900454,-14.298979,-5.746933,5.7109065,10.8228245,17.541092,15.595373,2.3679595,-6.433505,3.3548064,-5.5714498,-7.879106,-4.8847795,-3.3674705,-5.383308,4.8397994,4.4932494,-3.792336,-4.3854322,1
4.0,4,-8.882659,-4.509971,-4.8865566,-3.4874663,17.250504,11.794037,4.9658165,6.934942,-3.162365,-6.8297453,-2.438211,0.18695712,-6.4191756,-3.5194829,10.649973,8.453925,-1.6192087,2.7283323,-6.065702,-12.50347,1
4.0,4,-8.882656,-4.509968,-4.88655,-3.4874618,17.250504,11.79404,4.9658175,6.934937,-3.1623616,-6.8297462,-2.4382105,0.18695319,-6.4191704,-3.519479,10.649972,8.453924,-1.6192143,2.7283268,-6.065704,-12.503475,1
4.0,4,-8.882794,-4.510089,-4.886586,-3.4876366,17.250576,11.79378,4.9655476,6.9348736,-3.162475,-6.82959,-2.4383044,0.1870662,-6.41917,-3.5194335,10.650183,8.454096,-1.6190683,2.7282913,-6.065658,-12.503542,1
4.0,4,-8.882893,-4.5102844,-4.886953,-3.487822,17.250652,11.794124,4.9660635,6.935271,-3.1623693,-6.8298817,-2.4382734,0.1869055,-6.4191628,-3.5193596,10.6498165,8.453684,-1.618934,2.728574,-6.065543,-12.503514,1
4.0,4,-8.882679,-4.509991,-4.886576,-3.487489,17.250519,11.794023,4.965805,6.934957,-3.162372,-6.8297358,-2.4382215,0.18696475,-6.419192,-3.5194974,10.649986,8.453937,-1.6191952,2.7283487,-6.065682,-12.503458,1
4.0,4,-8.882659,-4.509971,-4.8865566,-3.4874663,17.250504,11.794037,4.9658165,6.934942,-3.162365,-6.8297453,-2.438211,0.18695712,-6.4191756,-3.5194829,10.649973,8.453925,-1.6192087,2.7283323,-6.065702,-12.50347,1
17.0,17,-8.540757,-10.186653,-12.844996,-4.7263536,1.0686179,1.8802731,2.9919083,6.382836,-0.69160116,-5.480255,6.484931,4.21619,-2.9979272,-0.02760595,-4.305279,-6.30522,7.5740848,13.555411,0.41463172,2.6943765,1
17.0,17,-8.5277195,-10.172566,-12.836565,-4.7153063,1.074888,1.9017489,3.009847,6.384861,-0.6893767,-5.49119,6.483739,4.2043514,-2.9933367,-0.023953974,-4.3053117,-6.3043075,7.5604253,13.54164,0.4002912,2.675497,1
17.0,17,-8.536306,-10.180325,-12.844965,-4.722458,1.0828354,1.9064987,3.016003,6.3933954,-0.6927351,-5.4963984,6.4785757,4.2005215,-2.993194,-0.023481667,-4.307441,-6.3067875,7.5669384,13.547153,0.40537453,2.6718104,1
17.0,17,-8.545502,-10.187377,-12.848553,-4.7196503,1.0860543,1.9076524,3.011906,6.391988,-0.6980132,-5.5025597,6.4796515,4.205371,-2.9917188,-0.021420538,-4.3066463,-6.306505,7.569298,13.554851,0.40679574,2.671886,1
17.0,17,-8.54248,-10.187678,-12.845604,-4.7275743,1.0718735,1.8848362,2.995598,6.384776,-0.69215095,-5.4837375,6.482879,4.21406,-2.9957209,-0.025246084,-4.306757,-6.3068047,7.5742474,13.555362,0.41457593,2.6901367,1
17.0,17,-8.540534,-10.18683,-12.845972,-4.7278786,1.0673462,1.8770266,2.9903474,6.3832564,-0.6912035,-5.4774394,6.4854093,4.2170978,-3.0002694,-0.029681623,-4.304291,-6.3044815,7.575752,13.555734,0.41549814,2.6969485,1
1.0,1,12.959316,14.876835,7.3714924,9.1300335,-4.707463,0.15872827,-1.577184,-4.606807,0.1194793,3.7499368,3.2416258,0.71978486,-3.2749987,-6.621547,2.8572114,5.6902103,-6.6020813,-10.371182,-8.436638,-1.4158287,1
1.0,1,12.959316,14.876835,7.3714924,9.1300335,-4.707463,0.15872827,-1.577184,-4.606807,0.1194793,3.7499368,3.2416258,0.71978486,-3.2749987,-6.621547,2.8572114,5.6902103,-6.6020813,-10.371182,-8.436638,-1.4158287,1
1.0,1,12.960805,14.875771,7.369602,9.127547,-4.7098475,0.15661743,-1.575747,-4.60555,0.12141526,3.751575,3.2421725,0.71769744,-3.2738962,-6.620367,2.8546858,5.687691,-6.600921,-10.37086,-8.435032,-1.414274,1
1.0,1,12.962147,14.881194,7.3718557,9.131811,-4.7059793,0.16253448,-1.573163,-4.6042514,0.11938465,3.7489853,3.2413287,0.71871257,-3.2786822,-6.625315,2.8583093,5.691334,-6.602889,-10.373756,-8.439236,-1.4172733,1
1.0,1,12.959316,14.876835,7.3714924,9.1300335,-4.707463,0.15872827,-1.577184,-4.606807,0.1194793,3.7499368,3.2416258,0.71978486,-3.2749987,-6.621547,2.8572114,5.6902103,-6.6020813,-10.371182,-8.436638,-1.4158287,1
1.0,1,12.959316,14.876835,7.3714924,9.1300335,-4.707463,0.15872827,-1.577184,-4.606807,0.1194793,3.7499368,3.2416258,0.71978486,-3.2749987,-6.621547,2.8572114,5.6902103,-6.6020813,-10.371182,-8.436638,-1.4158287,1
10.0,10,0.19388048,-0.36381757,-5.3769355,3.51923,-4.693239,-0.90045905,-0.7739412,-0.8809447,-1.0533322,-2.6678824,9.884151,5.3452296,-2.3105679,0.17539972,-0.76025593,-2.4221156,4.4331636,4.0489655,-7.5017753,-0.8665243,1
10.0,10,0.19388048,-0.36381757,-5.3769355,3.51923,-4.693239,-0.90045905,-0.7739412,-0.8809447,-1.0533322,-2.6678824,9.884151,5.3452296,-2.3105679,0.17539972,-0.76025593,-2.4221156,4.4331636,4.0489655,-7.5017753,-0.8665243,1
10.0,10,0.19388048,-0.36381757,-5.3769355,3.51923,-4.693239,-0.90045905,-0.7739412,-0.8809447,-1.0533322,-2.6678824,9.884151,5.3452296,-2.3105679,0.17539972,-0.76025593,-2.4221156,4.4331636,4.0489655,-7.5017753,-0.8665243,1
10.0,10,0.19393604,-0.36367786,-5.3767405,3.5194044,-4.693253,-0.9004697,-0.77411586,-0.88110054,-1.0533298,-2.6678324,9.884165,5.345389,-2.310644,0.17528433,-0.760152,-2.4219816,4.432971,4.04892,-7.501796,-0.8663917,1
10.0,10,0.19388048,-0.36381757,-5.3769355,3.51923,-4.693239,-0.90045905,-0.7739412,-0.8809447,-1.0533322,-2.6678824,9.884151,5.3452296,-2.3105679,0.17539972,-0.76025593,-2.4221156,4.4331636,4.0489655,-7.5017753,-0.8665243,1
10.0,10,0.19388048,-0.36381757,-5.3769355,3.51923,-4.693239,-0.90045905,-0.7739412,-0.8809447,-1.0533322,-2.6678824,9.884151,5.3452296,-2.3105679,0.17539972,-0.76025593,-2.4221156,4.4331636,4.0489655,-7.5017753,-0.8665243,1
3.0,3,5.4010096,9.984421,4.3822055,19.055012,-3.3768055,2.680209,-5.433797,-8.194249,-8.101532,-5.566511,7.8130774,4.7013044,-1.3235799,-4.647825,4.7551045,7.478018,-4.0389023,-3.59145,-12.3593445,-4.682393,1
3.0,3,5.4010096,9.984422,4.3822055,19.055012,-3.376805,2.680209,-5.433797,-8.194249,-8.101532,-5.56651,7.8130774,4.7013044,-1.3235799,-4.6478252,4.755105,7.478018,-4.0389023,-3.59145,-12.3593445,-4.682393,1
3.0,3,5.401014,9.984423,4.3821945,19.054985,-3.3768206,2.6801832,-5.433799,-8.194244,-8.101518,-5.5664873,7.8130736,4.7013106,-1.3235885,-4.647831,4.7550907,7.4780016,-4.0388856,-3.591452,-12.359318,-4.682365,1
3.0,3,5.4010153,9.984425,4.3822103,19.055008,-3.3768108,2.6802053,-5.433799,-8.194254,-8.101529,-5.566505,7.8130784,4.701312,-1.3235775,-4.647822,4.7551017,7.478013,-4.0389037,-3.5914528,-12.3593445,-4.6823893,1
3.0,3,5.401011,9.984422,4.3822045,19.055012,-3.376804,2.680209,-5.433795,-8.194249,-8.101532,-5.56651,7.813077,4.7013044,-1.32358,-4.647826,4.7551055,7.4780188,-4.038902,-3.591451,-12.359343,-4.6823926,1
3.0,3,5.4010096,9.984421,4.3822055,19.055012,-3.3768055,2.680209,-5.433797,-8.194249,-8.101532,-5.566511,7.8130774,4.7013044,-1.3235799,-4.647825,4.7551045,7.478018,-4.0389023,-3.59145,-12.3593445,-4.682393,1
19.0,19,-0.43406075,-3.8704457,-6.778096,-9.862977,-7.2604055,-9.415477,-2.3041956,2.423944,6.555378,6.9198723,1.1849232,2.2854033,0.42767155,-0.8520846,-10.674309,-9.3269005,4.1175246,5.48977,12.621565,14.236389,1
19.0,19,-0.43406075,-3.8704457,-6.778096,-9.862977,-7.2604055,-9.415477,-2.3041956,2.423944,6.555378,6.9198723,1.1849232,2.2854033,0.42767155,-0.8520846,-10.674309,-9.3269005,4.1175246,5.48977,12.621565,14.236389,1
19.0,19,-0.43406075,-3.8704457,-6.778096,-9.862977,-7.2604055,-9.415477,-2.3041956,2.423944,6.555378,6.9198723,1.1849232,2.2854033,0.42767155,-0.8520846,-10.674309,-9.3269005,4.1175246,5.48977,12.621565,14.236389,1
19.0,19,-0.43406075,-3.8704457,-6.778096,-9.862977,-7.2604055,-9.415477,-2.3041956,2.423944,6.555378,6.9198723,1.1849232,2.2854033,0.42767155,-0.8520846,-10.674309,-9.3269005,4.1175246,5.48977,12.621565,14.236389,1
19.0,19,-0.43406075,-3.8704457,-6.778096,-9.862977,-7.2604055,-9.415477,-2.3041956,2.423944,6.555378,6.9198723,1.1849232,2.2854033,0.42767155,-0.8520846,-10.674309,-9.3269005,4.1175246,5.48977,12.621565,14.236389,1
19.0,19,-0.43406075,-3.8704457,-6.778096,-9.862977,-7.2604055,-9.415477,-2.3041956,2.423944,6.555378,6.9198723,1.1849232,2.2854033,0.42767155,-0.8520846,-10.674309,-9.3269005,4.1175246,5.48977,12.621565,14.236389,1
6.0,6,0.6170594,-1.8301743,-14.913126,-5.81728,5.222338,10.624521,17.838594,15.778391,2.4948716,-6.62465,3.7045212,-5.737068,-7.539325,-4.4693327,-4.0128446,-6.0726895,5.1773434,4.8407583,-3.5761054,-4.131213,1
6.0,6,0.61918396,-1.8278397,-14.910577,-5.8158016,5.221866,10.626459,17.840006,15.777382,2.496192,-6.62499,3.705076,-5.7381005,-7.538705,-4.468732,-4.013043,-6.0728483,5.1753497,4.838601,-3.5783188,-4.1330166,1
6.0,6,0.6263496,-1.8194026,-14.901376,-5.811122,5.2214146,10.633823,17.845062,15.774391,2.5005603,-6.6259804,3.706252,-5.7415624,-7.5375037,-4.467574,-4.0127397,-6.0724435,5.1682,4.830815,-3.5862274,-4.139697,1
6.0,6,0.63149124,-1.8122696,-14.894083,-5.809205,5.223871,10.640375,17.849295,15.77388,2.5034451,-6.6256723,3.7052398,-5.743999,-7.5394917,-4.469529,-4.0099063,-6.06964,5.162507,4.8242674,-3.5924273,-4.145197,1
6.0,6,0.6179624,-1.829161,-14.912144,-5.817216,5.222602,10.625007,17.83893,15.778406,2.4953337,-6.624091,3.7044091,-5.737319,-7.540048,-4.470054,-4.0120826,-6.071931,5.176522,4.839888,-3.5769656,-4.131585,1
6.0,6,0.6166715,-1.8306483,-14.913588,-5.8174124,5.222262,10.624174,17.83834,15.778444,2.4946594,-6.6247206,3.704537,-5.7369065,-7.5391965,-4.469209,-4.013016,-6.0728583,5.177697,4.8411927,-3.5756922,-4.1308994,1
9.0,9,6.0675535,2.680632,4.755095,-8.445375,-7.800931,-12.519253,-6.9970474,-5.3782725,9.309284,14.021782,0.8926481,-0.68516016,2.0397797,1.0868232,-1.6330491,-0.63626707,-1.5782182,-6.247316,3.9613614,5.1242805,1
9.0,9,6.0675273,2.6807256,4.7552214,-8.44549,-7.8006163,-12.518839,-6.9967604,-5.378158,9.30929,14.021615,0.8925333,-0.68524957,2.0397735,1.0869291,-1.6329136,-0.6362202,-1.5782443,-6.2475023,3.961052,5.1237545,1
9.0,9,6.070682,2.6852117,4.758933,-8.441631,-7.80122,-12.520626,-7.0001154,-5.3806143,9.307007,14.023886,0.89104044,-0.68512344,2.0386305,1.0832899,-1.6300609,-0.6314949,-1.5806454,-6.2510724,3.9604325,5.1245914,1
9.0,9,6.067796,2.6816444,4.754359,-8.445563,-7.798163,-12.51827,-6.996685,-5.3765264,9.307503,14.021823,0.8913555,-0.68468237,2.0371552,1.0844629,-1.629767,-0.6332327,-1.5782837,-6.2482452,3.9599957,5.1228137,1
9.0,9,6.066392,2.679132,4.7532835,-8.447003,-7.7997785,-12.518121,-6.9953594,-5.376518,9.3096285,14.020803,0.8924389,-0.68547785,2.039651,1.0874033,-1.6336695,-0.63742113,-1.5774363,-6.246089,3.961885,5.12387,1
9.0,9,6.0674024,2.6804233,4.754884,-8.445535,-7.800843,-12.518957,-6.996684,-5.3780856,9.309449,14.021511,0.89272463,-0.6852406,2.039906,1.0870945,-1.633299,-0.6366236,-1.5781527,-6.247146,3.961369,5.1241355,1
15.0,15,-0.14167936,4.5507894,4.4949284,5.726041,9.216875,2.2669156,-6.004381,-2.822325,-5.4666004,1.3102591,-0.41220474,2.0331845,-7.360588,-8.592671,16.031254,16.958906,-5.86221,-4.641721,-9.685997,-8.55162,1
15.0,15,-0.14167936,4.5507894,4.4949284,5.726041,9.216875,2.2669156,-6.004381,-2.822325,-5.4666004,1.3102591,-0.41220474,2.0331845,-7.360588,-8.592671,16.031254,16.958906,-5.86221,-4.641721,-9.685997,-8.55162,1
15.0,15,-0.14167936,4.5507894,4.4949284,5.726041,9.216875,2.2669156,-6.004381,-2.822325,-5.4666004,1.3102591,-0.41220474,2.0331845,-7.360588,-8.592671,16.031254,16.958906,-5.86221,-4.641721,-9.685997,-8.55162,1
15.0,15,-0.14167936,4.5507894,4.4949284,5.726041,9.216875,2.2669156,-6.004381,-2.822325,-5.4666004,1.3102591,-0.41220474,2.0331845,-7.360588,-8.592671,16.031254,16.958906,-5.86221,-4.641721,-9.685997,-8.55162,1
15.0,15,-0.14167936,4.5507894,4.4949284,5.726041,9.216875,2.2669156,-6.004381,-2.822325,-5.4666004,1.3102591,-0.41220474,2.0331845,-7.360588,-8.592671,16.031254,16.958906,-5.86221,-4.641721,-9.685997,-8.55162,1
15.0,15,-0.14167936,4.5507894,4.4949284,5.726041,9.216875,2.2669156,-6.004381,-2.822325,-5.4666004,1.3102591,-0.41220474,2.0331845,-7.360588,-8.592671,16.031254,16.958906,-5.86221,-4.641721,-9.685997,-8.55162,1
3.0,3,4.2246637,8.363229,3.5339422,14.639287,-3.312691,1.700208,-5.1546125,-7.3307056,-5.843705,-4.184688,7.363008,5.70057,-1.1135625,-2.8601315,3.6926117,5.2085204,-2.6340556,-3.1675682,-10.80537,-4.136152,1
3.0,3,4.2246637,8.363229,3.5339422,14.639287,-3.312691,1.700208,-5.1546125,-7.3307056,-5.843705,-4.184688,7.363008,5.70057,-1.1135625,-2.8601315,3.6926117,5.2085204,-2.6340556,-3.1675682,-10.80537,-4.136152,1
3.0,3,4.2246637,8.363229,3.5339422,14.639287,-3.312691,1.700208,-5.1546125,-7.3307056,-5.843705,-4.184688,7.363008,5.70057,-1.1135625,-2.8601315,3.6926117,5.2085204,-2.6340556,-3.1675682,-10.80537,-4.136152,1
3.0,3,4.2246637,8.363229,3.5339422,14.639287,-3.312691,1.700208,-5.1546125,-7.3307056,-5.843705,-4.184688,7.363008,5.70057,-1.1135625,-2.8601315,3.6926117,5.2085204,-2.6340556,-3.1675682,-10.80537,-4.136152,1
3.0,3,4.2246637,8.363229,3.5339422,14.639287,-3.312691,1.700208,-5.1546125,-7.3307056,-5.843705,-4.184688,7.363008,5.70057,-1.1135625,-2.8601315,3.6926117,5.2085204,-2.6340556,-3.1675682,-10.80537,-4.136152,1
3.0,3,4.2246637,8.363229,3.5339422,14.639287,-3.312691,1.700208,-5.1546125,-7.3307056,-5.843705,-4.184688,7.363008,5.70057,-1.1135625,-2.8601315,3.6926117,5.2085204,-2.6340556,-3.1675682,-10.80537,-4.136152,1
7.0,6,1.0173337,-1.3757422,-14.184646,-5.504618,4.846069,9.424328,16.381361,15.003763,2.308507,-5.443143,3.950448,-5.01294,-8.335416,-5.314978,-2.7234159,-4.7612615,4.936561,4.4991565,-4.0699415,-3.5854564,0
7.0,6,1.0168144,-1.3764338,-14.18559,-5.505499,4.846521,9.424325,16.381771,15.004672,2.3083324,-5.4432163,3.9499362,-5.0131907,-8.335559,-5.3151755,-2.7237484,-4.7615514,4.937102,4.4997725,-4.0690765,-3.5850973,0
7.0,6,1.016435,-1.3768518,-14.186096,-5.505847,4.8465285,9.423374,16.380955,15.004772,2.3079433,-5.4426627,3.9498954,-5.012651,-8.3361435,-5.3157206,-2.7231863,-4.7610335,4.937614,4.5001917,-4.0687003,-3.5844183,0
7.0,6,1.0162529,-1.377097,-14.186405,-5.5060863,4.846745,9.423862,16.381556,15.005194,2.3080812,-5.4430466,3.9497154,-5.0129604,-8.335948,-5.31556,-2.7237117,-4.7615232,4.937615,4.5004644,-4.0683403,-3.5844047,0
7.0,6,1.0164022,-1.3768942,-14.186069,-5.505823,4.8465557,9.423603,16.381144,15.004802,2.3080392,-5.4428353,3.9498806,-5.012752,-8.335993,-5.3155966,-2.723409,-4.7612305,4.9375033,4.5002646,-4.0686283,-3.5844333,0
7.0,6,1.0169139,-1.3762317,-14.185289,-5.5050993,4.846328,9.42413,16.381351,15.004267,2.3082495,-5.4431186,3.9501522,-5.0128975,-8.335626,-5.315245,-2.7234914,-4.7612944,4.9369617,4.499662,-4.0693398,-3.5850394,0
17.0,17,-9.838497,-10.676639,-12.736662,-4.647094,1.5083696,1.0029652,1.0385526,5.734688,-1.5130771,-5.1588,6.3619,6.066806,-3.8027682,-0.70061,-3.1939921,-5.3308916,7.94614,14.283782,0.80991924,3.558106,1
17.0,17,-9.838497,-10.676639,-12.736662,-4.647094,1.5083696,1.0029652,1.0385526,5.734688,-1.5130771,-5.1588,6.3619,6.066806,-3.8027682,-0.70061,-3.1939921,-5.3308916,7.94614,14.283782,0.80991924,3.558106,1
17.0,17,-9.838995,-10.67724,-12.737114,-4.6477356,1.5082524,1.002785,1.0388169,5.735027,-1.5128988,-5.158772,6.3618264,6.066462,-3.8026257,-0.70047444,-3.194581,-5.331482,7.9468017,14.284236,0.8104956,3.5583186,1
17.0,17,-9.839136,-10.677364,-12.73715,-4.647868,1.5082375,1.0026827,1.0387361,5.735039,-1.5128707,-5.158699,6.3618083,6.0665145,-3.8026686,-0.7005151,-3.1946218,-5.3315268,7.9469066,14.284361,0.8106346,3.5584583,1
17.0,17,-9.838497,-10.676639,-12.736662,-4.647094,1.5083696,1.0029652,1.0385526,5.734688,-1.5130771,-5.1588,6.3619,6.066806,-3.8027682,-0.70061,-3.1939921,-5.3308916,7.94614,14.283782,0.80991924,3.558106,1
17.0,17,-9.838497,-10.676639,-12.736662,-4.647094,1.5083696,1.0029652,1.0385526,5.734688,-1.5130771,-5.1588,6.3619,6.066806,-3.8027682,-0.70061,-3.1939921,-5.3308916,7.94614,14.283782,0.80991924,3.558106,1
4.0,4,-8.531991,-4.199519,-4.5566187,-3.4991486,16.472445,11.304109,4.423113,6.4174438,-2.555678,-6.42667,-2.069656,1.1456912,-6.3749213,-3.289012,10.166731,7.8458805,-1.9481932,2.755935,-5.7326627,-11.426026,1
4.0,4,-8.531701,-4.1991787,-4.556773,-3.4987888,16.472252,11.304585,4.423645,6.4177256,-2.5556135,-6.427012,-2.0693874,1.1457654,-6.3752046,-3.2892988,10.16634,7.8455,-1.9482343,2.756083,-5.7328196,-11.425748,1
4.0,4,-8.531221,-4.1986012,-4.5564775,-3.498508,16.472256,11.30472,4.4236736,6.41777,-2.5556278,-6.426787,-2.069265,1.1459324,-6.375829,-3.28992,10.166799,7.845955,-1.9484946,2.755821,-5.7333436,-11.425685,1
4.0,4,-8.5311365,-4.198491,-4.5560913,-3.4989786,16.472235,11.303459,4.4223804,6.4171987,-2.5561495,-6.425793,-2.0696769,1.1462957,-6.375751,-3.2898202,10.167828,7.846946,-1.9481004,2.75509,-5.7335405,-11.42613,1
4.0,4,-8.531925,-4.199261,-4.556595,-3.4991245,16.47281,11.304568,4.423476,6.417771,-2.555677,-6.426778,-2.0698109,1.1456424,-6.3753505,-3.2894454,10.166912,7.846059,-1.9483436,2.7558472,-5.7327757,-11.426096,1
4.0,4,-8.532011,-4.1994367,-4.55672,-3.499042,16.472548,11.304558,4.423527,6.4176793,-2.5555449,-6.4269724,-2.0696445,1.1456668,-6.375037,-3.289134,10.166441,7.845598,-1.9483175,2.7560742,-5.732541,-11.425871,1
12.0,12,-1.040613,-3.8461943,4.376299,-2.8137748,-7.71333,-7.4319186,-7.7767677,-10.928692,4.278684,2.064743,1.5805273,-0.9362167,16.901705,15.168428,-9.218389,-7.4892955,-0.7864461,-2.0469701,4.394341,-2.658976,1
12.0,12,-1.0406373,-3.846251,4.376113,-2.8138115,-7.713276,-7.431796,-7.776552,-10.92848,4.278679,2.0646622,1.5805919,-0.9362899,16.90154,15.1683,-9.218401,-7.489337,-0.78634346,-2.0468404,4.39428,-2.6589723,1
12.0,12,-1.0413754,-3.8469524,4.374064,-2.8146205,-7.7121572,-7.4301624,-7.7742167,-10.9262,4.2788124,2.0636551,1.5817014,-0.9362639,16.899199,15.167278,-9.217622,-7.4895997,-0.78485143,-2.0456574,4.392554,-2.6599634,1
12.0,12,-1.0433204,-3.8493037,4.371615,-2.8151517,-7.7113805,-7.429284,-7.773201,-10.925114,4.277926,2.0617247,1.5830157,-0.93590343,16.89923,15.168657,-9.217347,-7.490369,-0.78280604,-2.0436635,4.3910365,-2.661845,1
12.0,12,-1.0409242,-3.8466482,4.375562,-2.8138466,-7.713187,-7.4316354,-7.7762537,-10.9281645,4.2784743,2.0643053,1.5808609,-0.93635166,16.901447,15.168387,-9.218397,-7.4894743,-0.7859043,-2.0464346,4.394013,-2.6592383,1
12.0,12,-1.04072,-3.8463416,4.376095,-2.8138096,-7.713278,-7.431829,-7.776623,-10.928543,4.2786436,2.0646117,1.5805904,-0.9362601,16.901663,15.168429,-9.218433,-7.4893727,-0.786325,-2.0467985,4.394319,-2.659007,1
4.0,4,-5.6164746,-1.9980618,-4.0831447,-1.3626007,14.221769,13.14884,6.7949486,6.7607594,-1.6734155,-7.398703,-0.04970646,0.8640046,-6.7512774,-3.8040376,8.107627,5.9778385,-2.9101548,2.7706459,-7.762406,-10.60418,1
4.0,4,-5.6164784,-1.9980692,-4.08315,-1.3626095,14.221769,13.148834,6.7949476,6.7607613,-1.6734124,-7.398699,-0.049707413,0.86400175,-6.7512755,-3.8040347,8.107627,5.9778376,-2.9101522,2.7706482,-7.762402,-10.604179,1
4.0,4,-5.6171284,-1.9991807,-4.083842,-1.3637518,14.222065,13.147733,6.794487,6.761024,-1.6733531,-7.397966,-0.05006218,0.8635104,-6.7512083,-3.8038888,8.108109,5.978245,-2.9096029,2.7709138,-7.761654,-10.604131,1
4.0,4,-5.620084,-2.0018039,-4.0852604,-1.3655505,14.224746,13.146379,6.79309,6.7617555,-1.6745557,-7.397258,-0.05151272,0.86287844,-6.752106,-3.80466,8.110926,5.9808693,-2.9083393,2.7716854,-7.7604623,-10.605126,1
4.0,4,-5.6170917,-1.9987527,-4.0834613,-1.3632697,14.2222395,13.148178,6.7944403,6.7608447,-1.6735538,-7.3982515,-0.050106525,0.8638315,-6.751341,-3.8040748,8.1082325,5.978406,-2.9098558,2.7707522,-7.761919,-10.604262,1
4.0,4,-5.6164746,-1.9980618,-4.0831447,-1.3626007,14.221769,13.14884,6.7949486,6.7607594,-1.6734155,-7.398703,-0.04970646,0.8640046,-6.7512774,-3.8040376,8.107627,5.9778385,-2.9101548,2.7706459,-7.762406,-10.60418,1
1.0,1,11.826572,14.078075,5.568647,9.644696,-5.3717484,-0.9909818,-2.2753987,-4.4083514,-1.114612,3.2412872,4.087714,1.661607,-3.852672,-6.972664,2.7097156,5.3267236,-4.414085,-9.263636,-8.1437435,-0.75531167,1
1.0,1,11.826394,14.078083,5.5687294,9.644931,-5.371645,-0.9908888,-2.2755804,-4.4085145,-1.1147724,3.2411075,4.087735,1.6618423,-3.8526635,-6.9726424,2.7098248,5.326819,-4.4141273,-9.263591,-8.143803,-0.755372,1
1.0,1,11.826395,14.078083,5.568729,9.64493,-5.3716455,-0.99088883,-2.2755804,-4.4085145,-1.1147724,3.2411072,4.087736,1.6618421,-3.852663,-6.972643,2.709824,5.326818,-4.4141273,-9.263589,-8.143804,-0.7553715,1
1.0,1,11.826395,14.078083,5.568729,9.64493,-5.3716455,-0.99088883,-2.2755804,-4.4085145,-1.1147724,3.2411072,4.087736,1.6618421,-3.852663,-6.972643,2.709824,5.326818,-4.4141273,-9.263589,-8.143804,-0.7553715,1
1.0,1,11.826395,14.078083,5.568729,9.64493,-5.3716455,-0.99088883,-2.2755804,-4.4085145,-1.1147724,3.2411072,4.087736,1.6618421,-3.852663,-6.972643,2.709824,5.326818,-4.4141273,-9.263589,-8.143804,-0.7553715,1
1.0,1,11.826574,14.078069,5.568637,9.644693,-5.3717637,-0.99099684,-2.275402,-4.408353,-1.1146089,3.2412918,4.0877185,1.6616037,-3.852663,-6.9726577,2.7097008,5.3267107,-4.4140778,-9.263628,-8.143729,-0.7552976,1
0.0,0,15.477563,13.422391,4.0319414,6.1400995,-8.838389,-2.900192,0.77175,-2.7160113,2.6101532,5.5940065,4.634218,-2.1546688,-1.4157817,-4.6116776,-1.4015403,1.4299138,-4.5784883,-9.628306,-6.389934,0.98328644,1
0.0,0,15.4775,13.4222975,4.0319266,6.140085,-8.838376,-2.9001744,0.77173567,-2.716018,2.6101503,5.5939717,4.634232,-2.1546621,-1.4157399,-4.611635,-1.4015636,1.4298916,-4.5785046,-9.628209,-6.3899174,0.9833036,1
0.0,0,15.477437,13.422376,4.0318995,6.140333,-8.838318,-2.9000926,0.77174044,-2.7160423,2.6100001,5.5938253,4.6342793,-2.1546516,-1.4158263,-4.61174,-1.4014654,1.4299971,-4.578445,-9.628249,-6.390016,0.9831962,1
0.0,0,15.477258,13.422785,4.032501,6.1410513,-8.837564,-2.8993375,0.77172625,-2.7161608,2.6095233,5.593469,4.634019,-2.1547375,-1.4162567,-4.6123953,-1.4006964,1.4309194,-4.578883,-9.62848,-6.390559,0.98259336,1
0.0,0,15.477415,13.42225,4.031892,6.140174,-8.838372,-2.9001734,0.77169526,-2.716047,2.6100783,5.5938997,4.634266,-2.154642,-1.4157349,-4.6116433,-1.4015566,1.4299076,-4.5784616,-9.628145,-6.3899174,0.98330206,1
0.0,0,15.477497,13.422319,4.0319524,6.140107,-8.838355,-2.9001539,0.7717273,-2.7160275,2.610138,5.5939636,4.634222,-2.1546488,-1.4157538,-4.6116514,-1.4015386,1.4299178,-4.57852,-9.628226,-6.3899336,0.9832873,1
8.0,9,3.1657035,-0.5340327,1.7053984,-10.7045355,-5.993531,-9.293524,-2.9644353,-1.7837516,10.850268,11.162924,-1.3209856,-2.8930163,3.4702587,1.373152,-7.1529593,-5.201396,-2.0083778,-2.2516286,10.282375,8.543768,0
8.0,9,3.1693394,-0.5305009,1.7108542,-10.704022,-5.9938426,-9.294517,-2.9661818,-1.786894,10.851965,11.16659,-1.3202763,-2.8936563,3.469431,1.3730917,-7.147961,-5.1970253,-2.011136,-2.2568126,10.27688,8.539732,0
8.0,9,3.1680877,-0.53176177,1.7091621,-10.704516,-5.993366,-9.29328,-2.9646494,-1.7855839,10.8518715,11.164876,-1.3207304,-2.8941135,3.4702678,1.3737698,-7.1501346,-5.1990547,-2.0104754,-2.2552903,10.278669,8.54031,0
8.0,9,3.1691735,-0.53070426,1.7102393,-10.703617,-5.993996,-9.292884,-2.964483,-1.7862867,10.85252,11.165009,-1.3198347,-2.8939595,3.470059,1.3738184,-7.1498165,-5.1989226,-2.0113025,-2.2560265,10.277212,8.5399065,0
8.0,9,3.167268,-0.5325781,1.7082499,-10.704692,-5.993273,-9.293322,-2.9646752,-1.7853007,10.851872,11.164431,-1.3203499,-2.8935003,3.4700599,1.3739257,-7.1503534,-5.199554,-2.0100272,-2.2543356,10.279076,8.540847,0
8.0,9,3.1641216,-0.5355737,1.7028168,-10.704692,-5.993404,-9.293051,-2.9636118,-1.7820876,10.849535,11.161355,-1.3213716,-2.8926334,3.4702315,1.3725872,-7.155351,-5.203351,-2.0073292,-2.248953,10.285255,8.546363,0
15.0,15,1.6127162,6.194718,6.477895,7.5307913,7.244373,0.60183316,-7.6640882,-5.0087166,-5.6445675,2.4840798,-0.07070112,1.5697796,-6.2479396,-8.432534,16.047218,17.70662,-6.569654,-6.408171,-10.161631,-8.435297,1
15.0,15,1.6127162,6.194718,6.477895,7.5307913,7.244373,0.60183316,-7.6640882,-5.0087166,-5.6445675,2.4840798,-0.07070112,1.5697796,-6.2479396,-8.432534,16.047218,17.70662,-6.569654,-6.408171,-10.161631,-8.435297,1
15.0,15,1.6127162,6.194718,6.477895,7.5307913,7.244373,0.60183316,-7.6640882,-5.0087166,-5.6445675,2.4840798,-0.07070112,1.5697796,-6.2479396,-8.432534,16.047218,17.70662,-6.569654,-6.408171,-10.161631,-8.435297,1
15.0,15,1.6127162,6.194718,6.477895,7.5307913,7.244373,0.60183316,-7.6640882,-5.0087166,-5.6445675,2.4840798,-0.07070112,1.5697796,-6.2479396,-8.432534,16.047218,17.70662,-6.569654,-6.408171,-10.161631,-8.435297,1
15.0,15,1.6127162,6.194718,6.477895,7.5307913,7.244373,0.60183316,-7.6640882,-5.0087166,-5.6445675,2.4840798,-0.07070112,1.5697796,-6.2479396,-8.432534,16.047218,17.70662,-6.569654,-6.408171,-10.161631,-8.435297,1
15.0,15,1.6127162,6.194718,6.477895,7.5307913,7.244373,0.60183316,-7.6640882,-5.0087166,-5.6445675,2.4840798,-0.07070112,1.5697796,-6.2479396,-8.432534,16.047218,17.70662,-6.569654,-6.408171,-10.161631,-8.435297,1
9.0,9,3.593866,0.469329,3.4749641,-9.818629,-5.7652125,-9.700221,-4.998417,-4.0323873,9.888185,11.601109,0.91960907,-0.36267102,2.4972072,2.723555,-2.5011287,-2.3942745,-1.3122685,-4.2260876,4.003205,3.82691,1
9.0,9,3.593828,0.46927333,3.4749198,-9.818662,-5.765206,-9.700173,-4.99835,-4.0323505,9.888215,11.601055,0.91960037,-0.36270964,2.4972615,2.7236078,-2.5012224,-2.3943658,-1.3122623,-4.2260365,4.003268,3.826923,1
9.0,9,3.593866,0.469329,3.4749641,-9.818629,-5.7652125,-9.700221,-4.998417,-4.0323873,9.888185,11.601109,0.91960907,-0.36267102,2.4972072,2.723555,-2.5011287,-2.3942745,-1.3122685,-4.2260876,4.003205,3.82691,1
9.0,9,3.593866,0.469329,3.4749641,-9.818629,-5.7652125,-9.700221,-4.998417,-4.0323873,9.888185,11.601109,0.91960907,-0.36267102,2.4972072,2.723555,-2.5011287,-2.3942745,-1.3122685,-4.2260876,4.003205,3.82691,1
9.0,9,3.593866,0.469329,3.4749641,-9.818629,-5.7652125,-9.700221,-4.998417,-4.0323873,9.888185,11.601109,0.91960907,-0.36267102,2.4972072,2.723555,-2.5011287,-2.3942745,-1.3122685,-4.2260876,4.003205,3.82691,1
9.0,9,3.593866,0.469329,3.4749641,-9.818629,-5.7652125,-9.700221,-4.998417,-4.0323873,9.888185,11.601109,0.91960907,-0.36267102,2.4972072,2.723555,-2.5011287,-2.3942745,-1.3122685,-4.2260876,4.003205,3.82691,1
9.0,19,1.0646428,-2.2446632,-5.2235165,-6.8865166,-9.6652975,-11.614373,-4.9511375,0.27675256,5.762347,8.051078,1.3258164,2.7186284,0.81112707,-2.4521232,-11.388599,-8.501449,2.806331,5.184492,14.164719,17.559502,0
9.0,19,1.064427,-2.2448854,-5.223517,-6.8867965,-9.665087,-11.614417,-4.9511185,0.27675447,5.762416,8.051096,1.3255,2.7183156,0.8114642,-2.4518533,-11.388681,-8.501485,2.806328,5.1843762,14.1650715,17.559298,0
9.0,19,1.0635046,-2.2458606,-5.223268,-6.8881416,-9.664134,-11.614857,-4.951256,0.27654395,5.763012,8.0515175,1.3240802,2.7168555,0.8129287,-2.4506464,-11.388771,-8.501396,2.8060756,5.183633,14.166706,17.558409,0
9.0,19,1.0646366,-2.2446752,-5.2234335,-6.8865004,-9.665285,-11.614415,-4.951233,0.2766622,5.762398,8.051137,1.3258662,2.7186823,0.81109965,-2.4521108,-11.3884735,-8.501354,2.8062472,5.1844754,14.16464,17.559483,0
9.0,19,1.0646428,-2.2446632,-5.2235165,-6.8865166,-9.6652975,-11.614373,-4.9511375,0.27675256,5.762347,8.051078,1.3258164,2.7186284,0.81112707,-2.4521232,-11.388599,-8.501449,2.806331,5.184492,14.164719,17.559502,0
9.0,19,1.0642228,-2.2450929,-5.2234616,-6.8870444,-9.664875,-11.614467,-4.9511585,0.2767037,5.762531,8.051156,1.325273,2.7181005,0.8117044,-2.4516191,-11.388638,-8.501439,2.8062632,5.1842704,14.165308,17.559101,0
14.0,14,-1.5556206,3.0684133,2.3252368,3.4383907,9.73384,2.1519952,-5.170871,-1.6222833,-4.628483,1.2510645,1.5953516,3.8038778,-9.324964,-7.658265,17.63617,16.285353,-3.1604295,-3.8926308,-12.176512,-10.363128,1
14.0,14,-1.555789,3.0682745,2.3252482,3.4382725,9.733963,2.1520848,-5.170871,-1.6222895,-4.628443,1.25101,1.5953827,3.8039613,-9.324968,-7.658155,17.636257,16.28535,-3.1604002,-3.8925495,-12.176619,-10.3632765,1
14.0,14,-1.5548376,3.0692453,2.3261838,3.439272,9.733241,2.151366,-5.1716003,-1.6230081,-4.6287827,1.2516112,1.594758,3.8033047,-9.324416,-7.6587725,17.63584,16.28584,-3.1611557,-3.8933084,-12.175722,-10.362383,1
14.0,14,-1.5561098,3.0679345,2.3249235,3.4379292,9.734137,2.152274,-5.1706324,-1.622053,-4.628351,1.250812,1.5955313,3.8041053,-9.32505,-7.657924,17.63625,16.285103,-3.1601014,-3.8922846,-12.176773,-10.363503,1
14.0,14,-1.5561047,3.0679197,2.3246555,3.4377499,9.734206,2.1523545,-5.170393,-1.6218103,-4.628176,1.2508187,1.5957824,3.8042731,-9.325443,-7.6579995,17.63645,16.285057,-3.159935,-3.892252,-12.177067,-10.363592,1
14.0,14,-1.555772,3.0683274,2.325376,3.4387245,9.734321,2.1524713,-5.1710005,-1.6224083,-4.6287284,1.2507076,1.5955755,3.8043118,-9.325165,-7.65821,17.636879,16.285872,-3.160818,-3.8924534,-12.17729,-10.3636265,1
5.0,5,-2.3516378,1.5064656,-3.4231372,3.4896564,11.455168,17.138174,10.307417,6.751432,-2.0869632,-10.827038,3.4430404,1.163473,-7.0548363,-4.0103908,5.531281,3.4043367,-3.180877,2.6803691,-12.484083,-11.63299,1
5.0,5,-2.3518255,1.5067865,-3.4225836,3.4900222,11.455572,17.138474,10.307152,6.7509856,-2.087264,-10.82729,3.4428034,1.1636058,-7.054619,-4.0101614,5.5317206,3.4047496,-3.1810055,2.6798065,-12.484457,-11.633825,1
5.0,5,-2.352268,1.5079262,-3.421084,3.4914055,11.456808,17.140165,10.307138,6.750008,-2.0882187,-10.828696,3.4421046,1.1637429,-7.0538163,-4.0094423,5.5323853,3.4054363,-3.1814232,2.6782773,-12.485609,-11.636424,1
5.0,5,-2.3521168,1.5076016,-3.4217248,3.4909854,11.456511,17.140131,10.307592,6.750693,-2.087718,-10.828503,3.4424043,1.1638386,-7.054409,-4.0099845,5.5318666,3.404904,-3.181487,2.679149,-12.485117,-11.635141,1
5.0,5,-2.3520207,1.5075108,-3.421661,3.4909754,11.456129,17.139269,10.307028,6.750169,-2.0881443,-10.828194,3.4424,1.1634612,-7.0536923,-4.0093145,5.5321283,3.4051874,-3.1809022,2.6785557,-12.485428,-11.636001,1
5.0,5,-2.3517268,1.5067216,-3.422771,3.489976,11.455386,17.138363,10.307247,6.7510962,-2.087274,-10.827262,3.4428875,1.1634941,-7.054583,-4.010155,5.5315466,3.404604,-3.1808658,2.6799128,-12.484419,-11.633708,1
0.0,0,14.67004,13.766601,5.697136,6.608453,-7.701789,-2.9669878,-0.737289,-4.127881,2.4768224,5.8584156,3.7106824,-1.7265729,-1.1023932,-4.473344,0.00029042363,2.9191947,-5.6096053,-10.753785,-6.149723,0.15839434,1
0.0,0,14.67005,13.766614,5.697153,6.6084433,-7.701776,-2.9669745,-0.7372784,-4.1278744,2.476829,5.858427,3.710672,-1.7265815,-1.102407,-4.4733577,0.00030568242,2.919209,-5.609616,-10.753801,-6.1497364,0.15838146,1
0.0,0,14.668713,13.768882,5.69985,6.6112823,-7.6990438,-2.9642649,-0.7387703,-4.1292505,2.4748697,5.856805,3.7098365,-1.7236708,-1.1043925,-4.475368,0.0031809509,2.9220097,-5.6109385,-10.754842,-6.151614,0.15685081,1
0.0,0,14.669862,13.765174,5.696179,6.6071587,-7.7027497,-2.9688656,-0.7376064,-4.1279716,2.4776835,5.8593583,3.7107577,-1.7276615,-1.1011182,-4.4720745,-0.000595361,2.918327,-5.6090417,-10.753522,-6.1482134,0.15904331,1
0.0,0,14.67004,13.766601,5.697136,6.608453,-7.701789,-2.9669878,-0.737289,-4.127881,2.4768224,5.8584156,3.7106824,-1.7265729,-1.1023932,-4.473344,0.00029042363,2.9191947,-5.6096053,-10.753785,-6.149723,0.15839434,1
0.0,0,14.67004,13.766601,5.697136,6.608453,-7.701789,-2.9669878,-0.737289,-4.127881,2.4768224,5.8584156,3.7106824,-1.7265729,-1.1023932,-4.473344,0.00029042363,2.9191947,-5.6096053,-10.753785,-6.149723,0.15839434,1
19.0,19,2.3303866,-1.0870712,-4.7503953,-7.7577486,-8.522585,-9.519391,-2.7608006,1.5441092,6.6902304,8.15881,2.1937509,2.6427965,-1.2897075,-3.0331576,-9.369614,-7.652602,2.5484695,4.1356297,10.3857765,14.938334,1
19.0,19,2.3303866,-1.0870712,-4.7503953,-7.7577486,-8.522585,-9.519391,-2.7608006,1.5441092,6.6902304,8.15881,2.1937509,2.6427965,-1.2897075,-3.0331576,-9.369614,-7.652602,2.5484695,4.1356297,10.3857765,14.938334,1
19.0,19,2.3303866,-1.0870712,-4.7503953,-7.7577486,-8.522585,-9.519391,-2.7608006,1.5441092,6.6902304,8.15881,2.1937509,2.6427965,-1.2897075,-3.0331576,-9.369614,-7.652602,2.5484695,4.1356297,10.3857765,14.938334,1
19.0,19,2.3303866,-1.0870712,-4.7503953,-7.7577486,-8.522585,-9.519391,-2.7608006,1.5441092,6.6902304,8.15881,2.1937509,2.6427965,-1.2897075,-3.0331576,-9.369614,-7.652602,2.5484695,4.1356297,10.3857765,14.938334,1
19.0,19,2.3303866,-1.0870712,-4.7503953,-7.7577486,-8.522585,-9.519391,-2.7608006,1.5441092,6.6902304,8.15881,2.1937509,2.6427965,-1.2897075,-3.0331576,-9.369614,-7.652602,2.5484695,4.1356297,10.3857765,14.938334,1
19.0,19,2.3303866,-1.0870712,-4.7503953,-7.7577486,-8.522585,-9.519391,-2.7608006,1.5441092,6.6902304,8.15881,2.1937509,2.6427965,-1.2897075,-3.0331576,-9.369614,-7.652602,2.5484695,4.1356297,10.3857765,14.938334,1
19.0,19,2.4047492,-0.873289,-3.5985684,-7.00165,-9.007551,-11.659617,-5.0934772,-0.3739759,6.146221,9.209687,1.0621088,1.9945147,0.5149864,-2.3655994,-9.09526,-6.527911,1.8824943,2.6982663,12.073462,15.142429,1
19.0,19,2.4051135,-0.8728597,-3.5986557,-7.0011125,-9.007693,-11.65954,-5.0934687,-0.37400714,6.1458063,9.209479,1.0623664,1.9947442,0.5148101,-2.365722,-9.09502,-6.527714,1.8826088,2.698044,12.072853,15.142153,1
19.0,19,2.405919,-0.87190735,-3.5988789,-7.000325,-9.007668,-11.658707,-5.092798,-0.37351313,6.14525,9.208952,1.0629002,1.9952358,0.513888,-2.3663867,-9.094566,-6.5274496,1.8826951,2.6978545,12.071398,15.14169,1
19.0,19,2.4061391,-0.8716717,-3.5988097,-7.000103,-9.007808,-11.658747,-5.092867,-0.3735563,6.14515,9.209009,1.0630207,1.9953651,0.5137011,-2.366601,-9.094463,-6.527324,1.8826662,2.697797,12.071192,15.1417885,1
19.0,19,2.4055493,-0.8723545,-3.5983853,-7.000996,-9.007586,-11.659098,-5.0931654,-0.37377372,6.1459675,9.209603,1.0625648,1.994967,0.51403975,-2.3663664,-9.094636,-6.5274215,1.8822945,2.6979773,12.0722065,15.142227,1
19.0,19,2.4047492,-0.873289,-3.5985684,-7.00165,-9.007551,-11.659617,-5.0934772,-0.3739759,6.146221,9.209687,1.0621088,1.9945147,0.5149864,-2.3655994,-9.09526,-6.527911,1.8824943,2.6982663,12.073462,15.142429,1
4.0,4,-6.562798,-2.1615233,-3.3316374,-1.0928446,15.363527,12.778885,5.455271,5.9317145,-2.306972,-7.0999794,-0.48700285,1.1799434,-7.085669,-4.048518,10.093022,7.838199,-3.0557861,2.1712968,-8.243205,-11.738087,1
4.0,4,-6.562798,-2.1615233,-3.3316374,-1.0928446,15.363527,12.778885,5.455271,5.9317145,-2.306972,-7.0999794,-0.48700285,1.1799434,-7.085669,-4.048518,10.093022,7.838199,-3.0557861,2.1712968,-8.243205,-11.738087,1
4.0,4,-6.557903,-2.1570258,-3.3267794,-1.0878102,15.359873,12.783573,5.459483,5.9283376,-2.303577,-7.1030846,-0.48398638,1.1769156,-7.080706,-4.0436516,10.08868,7.8340564,-3.0596962,2.167218,-8.2477665,-11.742307,1
4.0,4,-6.5597696,-2.1587481,-3.328949,-1.0897138,15.361203,12.781885,5.458048,5.9298854,-2.3051076,-7.102087,-0.4850645,1.1782002,-7.0827365,-4.0456295,10.09017,7.8354597,-3.0579033,2.1689975,-8.24609,-11.740611,1
4.0,4,-6.562798,-2.1615233,-3.3316374,-1.0928446,15.363527,12.778885,5.455271,5.9317145,-2.306972,-7.0999794,-0.48700285,1.1799434,-7.085669,-4.048518,10.093022,7.838199,-3.0557861,2.1712968,-8.243205,-11.738087,1
4.0,4,-6.562798,-2.1615233,-3.3316374,-1.0928446,15.363527,12.778885,5.455271,5.9317145,-2.306972,-7.0999794,-0.48700285,1.1799434,-7.085669,-4.048518,10.093022,7.838199,-3.0557861,2.1712968,-8.243205,-11.738087,1
19.0,16,-4.2869477,-6.949114,-13.919741,-8.921945,-3.0659885,-3.7041574,3.5366309,8.181343,2.971109,0.810767,5.7608767,3.1294909,-5.6469164,-2.8045282,-6.3994174,-8.341925,10.04212,9.920394,4.270568,7.699778,0
19.0,16,-4.2992153,-6.9573607,-13.935793,-8.91149,-3.0549023,-3.695644,3.5459645,8.189326,2.9473577,0.79338163,5.770093,3.1188736,-5.6533065,-2.8054047,-6.3805747,-8.328103,10.067741,9.922424,4.240613,7.661836,0
19.0,16,-4.304468,-6.961187,-13.944608,-8.908425,-3.0480428,-3.6897438,3.553044,8.195329,2.9365363,0.78404707,5.7715416,3.1120856,-5.6543465,-2.8045578,-6.3742294,-8.323505,10.078779,9.922677,4.229606,7.6438613,0
19.0,16,-4.290368,-6.9509935,-13.925528,-8.916938,-3.0610816,-3.6997983,3.541074,8.185155,2.9626951,0.8043683,5.7645493,3.1253185,-5.651395,-2.8071196,-6.391181,-8.335422,10.049882,9.92101,4.2587323,7.6864905,0
19.0,16,-4.2956953,-6.9550977,-13.930876,-8.915039,-3.0585868,-3.6985817,3.5427606,8.186655,2.9549494,0.798808,5.7671113,3.1225204,-5.6508727,-2.8046877,-6.3870354,-8.332993,10.059826,9.922055,4.2506785,7.6741977,0
19.0,16,-4.298397,-6.9569373,-13.934017,-8.912945,-3.0564973,-3.6971586,3.5443466,8.188021,2.9498832,0.7953954,5.7691355,3.1203322,-5.652082,-2.8047354,-6.3830013,-8.330024,10.065518,9.922456,4.24422,7.666075,0
0.0,0,16.060133,12.793314,4.844202,3.3703604,-9.087019,-4.469153,0.4121046,-2.9756484,4.9262414,7.873292,3.3589916,-3.3464265,-0.052265644,-3.3393884,-2.0528831,0.88604677,-5.7842565,-10.565496,-4.195919,1.8748536,1
0.0,0,16.060152,12.793334,4.8442073,3.370377,-9.087029,-4.469165,0.41209126,-2.9756615,4.9262238,7.873294,3.358997,-3.3464174,-0.052262306,-3.339384,-2.05287,0.8860588,-5.784249,-10.565519,-4.195942,1.8748353,1
0.0,0,16.06066,12.793782,4.8441343,3.3704252,-9.087296,-4.469434,0.41212547,-2.9756095,4.9261537,7.873522,3.3590028,-3.346436,-0.05234337,-3.3394656,-2.0528374,0.8860922,-5.784105,-10.565982,-4.1960716,1.8747988,1
0.0,0,16.061049,12.793921,4.845046,3.36897,-9.087386,-4.4706397,0.41127157,-2.9762566,4.927392,7.8750653,3.3580306,-3.3465042,-0.051546812,-3.3386545,-2.0528665,0.8860582,-5.784921,-10.567161,-4.1947293,1.8752561,1
0.0,0,16.060074,12.793248,4.8443093,3.3702946,-9.086963,-4.469222,0.41200495,-2.9757564,4.92631,7.8733683,3.3589237,-3.3464918,-0.0521549,-3.339283,-2.0528123,0.8861202,-5.7843404,-10.56557,-4.1958604,1.8747764,1
0.0,0,16.060133,12.793314,4.844202,3.3703604,-9.087019,-4.469153,0.4121046,-2.9756484,4.9262414,7.873292,3.3589916,-3.3464265,-0.052265644,-3.3393884,-2.0528831,0.88604677,-5.7842565,-10.565496,-4.195919,1.8748536,1
15.0,15,3.7155373,7.7502136,7.29951,7.2469625,4.089333,0.28036794,-7.5956564,-5.6133857,-4.5142465,2.8909779,0.8261932,3.5548005,-5.221795,-7.3140264,12.623743,14.3129835,-6.524623,-6.2435975,-9.856646,-5.9724483,1
15.0,15,3.715491,7.7501764,7.29947,7.2469444,4.089394,0.2803805,-7.5956516,-5.6133523,-4.51427,2.890964,0.8261883,3.554803,-5.2218347,-7.3140473,12.623806,14.313029,-6.524605,-6.2435756,-9.856663,-5.972482,1
15.0,15,3.7146485,7.7494965,7.2986,7.2468414,4.090635,0.2807443,-7.5954304,-5.612635,-4.5149,2.890561,0.82610214,3.5546699,-5.2226987,-7.3146234,12.625078,14.314051,-6.524241,-6.243153,-9.857094,-5.9732413,1
15.0,15,3.7147548,7.749531,7.299136,7.2464924,4.0902953,0.28009778,-7.5960236,-5.613138,-4.5145245,2.8911843,0.8257506,3.5546565,-5.2221904,-7.314335,12.6247835,14.3139305,-6.5245233,-6.2434525,-9.856373,-5.9727607,1
15.0,15,3.715356,7.750042,7.299491,7.246749,4.089513,0.28019646,-7.595846,-5.613395,-4.5142407,2.8911333,0.82603514,3.5548158,-5.2218194,-7.314036,12.623944,14.313169,-6.5246315,-6.243592,-9.856466,-5.9724307,1
15.0,15,3.7155373,7.7502136,7.29951,7.2469625,4.089333,0.28036794,-7.5956564,-5.6133857,-4.5142465,2.8909779,0.8261932,3.5548005,-5.221795,-7.3140264,12.623743,14.3129835,-6.524623,-6.2435975,-9.856646,-5.9724483,1
18.0,18,-3.7602289,-7.2439003,-5.7651243,-12.599252,-5.1238313,-11.775098,-4.363717,0.5798832,7.09143,7.795395,-3.8312764,-2.2425199,6.6748276,3.1950407,-12.18592,-9.198643,3.1418738,3.7954333,19.564047,12.823582,1
18.0,18,-3.7602165,-7.243886,-5.7650623,-12.599225,-5.1238346,-11.775124,-4.363776,0.5798241,7.0914435,7.795431,-3.831263,-2.2425017,6.6748247,3.1950388,-12.185861,-9.1985855,3.1418233,3.795407,19.564014,12.823574,1
18.0,18,-3.761643,-7.245305,-5.765378,-12.600698,-5.1225147,-11.774863,-4.363488,0.5799905,7.0912733,7.7949023,-3.832625,-2.2437172,6.6766486,3.1968956,-12.186117,-9.198882,3.14234,3.7951205,19.564978,12.821644,1
18.0,18,-3.7616918,-7.2453547,-5.7653513,-12.600735,-5.1224713,-11.774884,-4.3635178,0.57996523,7.0913324,7.7949324,-3.8326697,-2.2437544,6.67668,3.1969147,-12.186108,-9.198863,3.142274,3.7951195,19.565073,12.821675,1
18.0,18,-3.7617805,-7.245449,-5.7654924,-12.600882,-5.122395,-11.774818,-4.363368,0.58010876,7.0913286,7.794854,-3.8327641,-2.2438564,6.6767488,3.1969876,-12.186234,-9.198995,3.1423898,3.7951543,19.5652,12.821613,1
18.0,18,-3.7602193,-7.2438917,-5.765114,-12.599242,-5.123839,-11.775105,-4.3637276,0.57987344,7.0914316,7.7954025,-3.8312688,-2.2425127,6.6748204,3.1950336,-12.185911,-9.198633,3.1418662,3.7954285,19.564037,12.823587,1
2.0,2,4.021659,6.795476,15.878294,1.0923588,-2.0390813,-4.2308164,-11.674186,-12.733054,5.403325,8.786882,-0.9195249,3.5979967,3.6055121,0.7093547,3.8504605,6.309181,-10.697394,-8.073596,-1.6980383,-0.26555914,1
2.0,2,4.0226474,6.7970047,15.880936,1.0947819,-2.0396397,-4.2294602,-11.674422,-12.735165,5.4033976,8.785909,-0.91907835,3.597785,3.6071782,0.71055514,3.850173,6.309272,-10.699239,-8.07493,-1.699646,-0.26708335,1
2.0,2,4.0202947,6.7933235,15.87468,1.0890236,-2.0383728,-4.2325425,-11.673708,-12.7301445,5.4034176,8.7881365,-0.9200454,3.5982432,3.6032882,0.70780116,3.8506646,6.3088436,-10.694955,-8.07167,-1.6957974,-0.26339263,1
2.0,2,4.0200815,6.793038,15.874153,1.0885465,-2.0382519,-4.232887,-11.67375,-12.729744,5.4033384,8.788378,-0.9201517,3.598341,3.602903,0.7075065,3.8508048,6.3089085,-10.694538,-8.071427,-1.6954849,-0.2630841,1
2.0,2,4.0228467,6.797074,15.880972,1.0947914,-2.0398586,-4.229429,-11.674219,-12.735193,5.40359,8.785895,-0.9189575,3.5975866,3.6073718,0.71076244,3.8499303,6.309024,-10.699262,-8.075037,-1.6997151,-0.26716036,1
2.0,2,4.0207143,6.7939873,15.875643,1.0899336,-2.0386126,-4.2322774,-11.673987,-12.730961,5.4032784,8.787933,-0.9199424,3.598216,3.6038113,0.7081135,3.8507304,6.3090744,-10.695499,-8.072298,-1.6963999,-0.2639584,1
12.0,8,1.9942539,-0.9008403,4.49368,-7.7476854,-4.9711776,-3.936403,-1.4039955,-4.8702655,10.869506,5.8485117,0.7718513,-2.4908104,8.30655,7.979276,-7.7118564,-7.0666366,-3.772454,-2.9521973,4.7961516,1.1533725,0
12.0,8,1.9942073,-0.90083086,4.4936876,-7.747467,-4.971359,-3.9366572,-1.4042718,-4.8705125,10.86919,5.848433,0.7717594,-2.4908504,8.30694,7.9795012,-7.712011,-7.066666,-3.7722592,-2.952317,4.796305,1.1532736,0
12.0,8,1.99424,-0.9007821,4.4938364,-7.747725,-4.9709897,-3.9362588,-1.403925,-4.8702435,10.869268,5.8484144,0.7713959,-2.4911747,8.306925,7.979378,-7.7120223,-7.066593,-3.7724783,-2.9523995,4.7963824,1.1530912,0
12.0,8,1.9943054,-0.90078115,4.4937963,-7.7475734,-4.9712296,-3.9364672,-1.4041266,-4.870399,10.869422,5.848537,0.7718456,-2.4908032,8.306632,7.9793057,-7.711805,-7.066545,-3.7724943,-2.952269,4.7960887,1.1533191,0
12.0,8,1.9942902,-0.9008198,4.493682,-7.7477202,-4.9711785,-3.9364004,-1.4039582,-4.870231,10.869544,5.848549,0.7718464,-2.490838,8.306511,7.979241,-7.7118526,-7.066634,-3.7724657,-2.9522135,4.7961507,1.1533909,0
12.0,8,1.9942213,-0.9008622,4.493701,-7.7473125,-4.97147,-3.9366791,-1.4043837,-4.8706098,10.869401,5.84848,0.77212894,-2.490519,8.306637,7.979365,-7.711846,-7.0666285,-3.7724538,-2.95209,4.796113,1.1535857,0
15.0,15,0.08213894,4.4190736,4.5275736,5.3762355,8.556956,1.0424044,-6.884758,-3.4358618,-5.569454,2.0231364,0.039544106,2.3964145,-7.065713,-7.898464,16.58019,17.194502,-5.217047,-5.0644336,-10.370724,-9.07042,1
15.0,15,0.08213894,4.4190736,4.5275736,5.3762355,8.556956,1.0424044,-6.884758,-3.4358618,-5.569454,2.0231364,0.039544106,2.3964145,-7.065713,-7.898464,16.58019,17.194502,-5.217047,-5.0644336,-10.370724,-9.07042,1
15.0,15,0.081759736,4.4187727,4.527214,5.3760805,8.5573225,1.042759,-6.8844757,-3.4355714,-5.569501,2.022813,0.039765596,2.396595,-7.066027,-7.8984194,16.580479,17.194508,-5.2167706,-5.0641565,-10.371138,-9.070826,1
15.0,15,0.08186655,4.4188185,4.5273027,5.3760424,8.557206,1.042599,-6.8845444,-3.4356287,-5.5695276,2.0229187,0.0394907,2.3963554,-7.0657105,-7.898357,16.580185,17.194412,-5.216845,-5.0642695,-10.370722,-9.070652,1
15.0,15,0.08213894,4.4190736,4.5275736,5.3762355,8.556956,1.0424044,-6.884758,-3.4358618,-5.569454,2.0231364,0.039544106,2.3964145,-7.065713,-7.898464,16.58019,17.194502,-5.217047,-5.0644336,-10.370724,-9.07042,1
15.0,15,0.08213894,4.4190736,4.5275736,5.3762355,8.556956,1.0424044,-6.884758,-3.4358618,-5.569454,2.0231364,0.039544106,2.3964145,-7.065713,-7.898464,16.58019,17.194502,-5.217047,-5.0644336,-10.370724,-9.07042,1
0.0,0,13.861093,13.032648,4.9600506,6.90663,-6.8373427,-1.5288692,0.10056734,-3.1659112,1.8602068,4.6896744,4.0793033,-1.5007077,-1.9909914,-5.2280545,0.1987904,3.0232615,-5.4681168,-9.170968,-6.841988,0.09567934,1
0.0,0,13.861093,13.032648,4.9600506,6.90663,-6.8373427,-1.5288692,0.10056734,-3.1659112,1.8602068,4.6896744,4.0793033,-1.5007077,-1.9909914,-5.2280545,0.1987904,3.0232615,-5.4681168,-9.170968,-6.841988,0.09567934,1
0.0,0,13.861255,13.033035,4.960256,6.9070296,-6.837145,-1.5283675,0.100684285,-3.165922,1.859963,4.68936,4.079364,-1.5004224,-1.9911916,-5.228199,0.1990231,3.0234518,-5.468308,-9.171097,-6.842524,0.09537083,1
0.0,0,13.862891,13.032699,4.9563613,6.9073563,-6.8413444,-1.5296955,0.10245639,-3.1645057,1.8596535,4.688318,4.082491,-1.4997481,-1.9907264,-5.226934,0.19526634,3.0191607,-5.464818,-9.169229,-6.8431387,0.09716672,1
0.0,0,13.861093,13.032648,4.9600506,6.90663,-6.8373427,-1.5288692,0.10056734,-3.1659112,1.8602068,4.6896744,4.0793033,-1.5007077,-1.9909914,-5.2280545,0.1987904,3.0232615,-5.4681168,-9.170968,-6.841988,0.09567934,1
0.0,0,13.861093,13.032648,4.9600506,6.90663,-6.8373427,-1.5288692,0.10056734,-3.1659112,1.8602068,4.6896744,4.0793033,-1.5007077,-1.9909914,-5.2280545,0.1987904,3.0232615,-5.4681168,-9.170968,-6.841988,0.09567934,1
14.0,14,-2.6826255,1.5060781,2.3875217,2.5234566,9.635209,2.0948424,-5.66642,-2.08504,-4.3805037,1.0129743,2.0187967,4.332239,-8.376091,-6.2218223,17.256355,15.553275,-2.827108,-2.6338308,-12.388626,-10.666225,1
14.0,14,-2.6826499,1.5060791,2.3875642,2.523456,9.635196,2.094836,-5.666456,-2.0850756,-4.380498,1.0129817,2.018793,4.332268,-8.376081,-6.2218165,17.256342,15.553265,-2.827104,-2.633825,-12.388615,-10.666209,1
14.0,14,-2.6827931,1.5059744,2.3874855,2.523323,9.635321,2.094952,-5.666398,-2.0850186,-4.380424,1.0129058,2.018903,4.3324575,-8.376199,-6.2217236,17.256462,15.553222,-2.8270335,-2.6337428,-12.388792,-10.6663475,1
14.0,14,-2.6826375,1.5061668,2.3873816,2.52355,9.635484,2.0951343,-5.6662407,-2.0848684,-4.3806114,1.0127594,2.0188298,4.332379,-8.376321,-6.221905,17.2566,15.55341,-2.827142,-2.6338677,-12.388887,-10.666456,1
14.0,14,-2.682617,1.5060828,2.3875227,2.5234632,9.635205,2.0948381,-5.666421,-2.0850413,-4.3805056,1.0129781,2.018795,4.33223,-8.376091,-6.2218275,17.256355,15.55328,-2.8271122,-2.633835,-12.388624,-10.66622,1
14.0,14,-2.6826255,1.5060781,2.3875217,2.5234566,9.635209,2.0948424,-5.66642,-2.08504,-4.3805037,1.0129743,2.0187967,4.332239,-8.376091,-6.2218223,17.256355,15.553275,-2.827108,-2.6338308,-12.388626,-10.666225,1
7.0,7,-2.294474,-4.3572617,-17.671265,-7.594527,6.598265,7.6166773,14.715777,16.933203,0.19189286,-5.277334,2.6901317,-3.2453423,-10.085163,-6.9724402,-1.7753689,-3.9368083,7.483321,7.5020823,-1.1295097,-1.2936728,1
7.0,7,-2.2947366,-4.357489,-17.671547,-7.59468,6.598371,7.616405,14.715522,16.933327,0.19171417,-5.27722,2.690052,-3.2451196,-10.085407,-6.972684,-1.7752106,-3.9366562,7.4835277,7.5023403,-1.1292379,-1.293355,1
7.0,7,-2.2929811,-4.3561225,-17.6704,-7.5944204,6.5978074,7.618153,14.717892,16.933392,0.19324028,-5.277733,2.6902795,-3.2470045,-10.084244,-6.971535,-1.7766335,-3.938029,7.482492,7.500776,-1.13028,-1.2949014,1
7.0,7,-2.2934024,-4.3566427,-17.670769,-7.5937204,6.5969887,7.6175895,14.717272,16.932673,0.19298029,-5.27826,2.6909003,-3.2465906,-10.083328,-6.9706244,-1.7773657,-3.9387517,7.4828715,7.5012918,-1.12995,-1.2945583,1
7.0,7,-2.2944956,-4.357418,-17.67152,-7.5948396,6.5983095,7.6168003,14.716167,16.933506,0.19202125,-5.2774153,2.690009,-3.2456532,-10.085012,-6.9722915,-1.7756937,-3.9371283,7.4834585,7.5021405,-1.1292858,-1.2937238,1
7.0,7,-2.2946243,-4.3576546,-17.671772,-7.5946865,6.5979447,7.6166024,14.716107,16.93335,0.1920265,-5.2776246,2.6902347,-3.2456322,-10.08461,-6.97189,-1.7761574,-3.9375854,7.483662,7.5023513,-1.1290433,-1.2935512,1
8.0,8,2.2924829,-1.3850311,1.3974367,-11.294543,-5.0922375,-7.069859,-1.5985594,-2.0347786,12.155488,9.5177,2.0220728,-0.65660286,2.5422916,4.215631,-4.740277,-5.699134,-1.2060723,-2.134917,4.5030003,3.978549,1
8.0,8,2.2924829,-1.3850311,1.3974367,-11.294543,-5.0922375,-7.069859,-1.5985594,-2.0347786,12.155488,9.5177,2.0220728,-0.65660286,2.5422916,4.215631,-4.740277,-5.699134,-1.2060723,-2.134917,4.5030003,3.978549,1
8.0,8,2.2924829,-1.3850311,1.3974367,-11.294543,-5.0922375,-7.069859,-1.5985594,-2.0347786,12.155488,9.5177,2.0220728,-0.65660286,2.5422916,4.215631,-4.740277,-5.699134,-1.2060723,-2.134917,4.5030003,3.978549,1
8.0,8,2.2924829,-1.3850311,1.3974367,-11.294543,-5.0922375,-7.069859,-1.5985594,-2.0347786,12.155488,9.5177,2.0220728,-0.65660286,2.5422916,4.215631,-4.740277,-5.699134,-1.2060723,-2.134917,4.5030003,3.978549,1
8.0,8,2.2924829,-1.3850311,1.3974367,-11.294543,-5.0922375,-7.069859,-1.5985594,-2.0347786,12.155488,9.5177,2.0220728,-0.65660286,2.5422916,4.215631,-4.740277,-5.699134,-1.2060723,-2.134917,4.5030003,3.978549,1
8.0,8,2.2924867,-1.3850282,1.3974398,-11.294545,-5.092235,-7.069857,-1.5985575,-2.0347776,12.15549,9.517702,2.0220706,-0.6566062,2.5422902,4.215629,-4.740273,-5.69913,-1.2060733,-2.1349218,4.502996,3.9785442,1
11.0,11,-4.11665,-0.27139854,-0.9030745,1.865808,0.9458996,0.9838268,-6.5326834,-3.525427,-2.6376138,-2.8719022,5.411892,13.109851,-2.7292352,0.41730565,2.8482575,0.6433202,0.9826069,4.1965375,-5.603956,-0.4436192,1
11.0,11,-4.1168504,-0.2715996,-0.90320814,1.8658464,0.9455993,0.9833788,-6.5330677,-3.5256464,-2.6377397,-2.871829,5.412031,13.110048,-2.729095,0.4174387,2.8481345,0.64319825,0.98293257,4.1967025,-5.603768,-0.44339508,1
11.0,11,-4.1159863,-0.27061093,-0.90277135,1.867322,0.94531703,0.9837684,-6.532693,-3.526214,-2.6387439,-2.8725107,5.412483,13.1091,-2.728413,0.41802174,2.8487236,0.6438446,0.9833435,4.1952987,-5.6057954,-0.4458434,1
11.0,11,-4.1168666,-0.27162665,-0.9031341,1.8648865,0.9464307,0.98377055,-6.532694,-3.5250075,-2.637465,-2.871489,5.411273,13.10988,-2.7294865,0.41707402,2.848445,0.6434921,0.98256385,4.1965976,-5.6034355,-0.44340914,1
11.0,11,-4.1168284,-0.27160585,-0.9029287,1.8655529,0.94549096,0.98330146,-6.533166,-3.525864,-2.6375418,-2.871728,5.411802,13.1100235,-2.728578,0.41792423,2.8477907,0.6428852,0.98284674,4.1965046,-5.6034985,-0.4434647,1
11.0,11,-4.116711,-0.2714507,-0.9031246,1.8657732,0.94592273,0.9837944,-6.532715,-3.525411,-2.6376638,-2.8719106,5.411865,13.109867,-2.7292237,0.41731673,2.8482623,0.64332473,0.9826684,4.19657,-5.6039176,-0.44362444,1
17.0,17,-10.497357,-10.962514,-13.674696,-5.3017974,1.7303957,1.311497,2.1974149,6.605203,-1.7821666,-5.7260513,5.942582,5.012984,-3.5280218,-0.42371947,-4.0363035,-6.212877,9.601102,14.05186,1.2603927,2.5610118,1
17.0,17,-10.497357,-10.962514,-13.674696,-5.3017974,1.7303957,1.311497,2.1974149,6.605203,-1.7821666,-5.7260513,5.942582,5.012984,-3.5280218,-0.42371947,-4.0363035,-6.212877,9.601102,14.05186,1.2603927,2.5610118,1
17.0,17,-10.497357,-10.962514,-13.674696,-5.3017974,1.7303957,1.311497,2.1974149,6.605203,-1.7821666,-5.7260513,5.942582,5.012984,-3.5280218,-0.42371947,-4.0363035,-6.212877,9.601102,14.05186,1.2603927,2.5610118,1
17.0,17,-10.497357,-10.962514,-13.674696,-5.3017974,1.7303957,1.311497,2.1974149,6.605203,-1.7821666,-5.7260513,5.942582,5.012984,-3.5280218,-0.42371947,-4.0363035,-6.212877,9.601102,14.05186,1.2603927,2.5610118,1
17.0,17,-10.497357,-10.962514,-13.674696,-5.3017974,1.7303957,1.311497,2.1974149,6.605203,-1.7821666,-5.7260513,5.942582,5.012984,-3.5280218,-0.42371947,-4.0363035,-6.212877,9.601102,14.05186,1.2603927,2.5610118,1
17.0,17,-10.497357,-10.962514,-13.674696,-5.3017974,1.7303957,1.311497,2.1974149,6.605203,-1.7821666,-5.7260513,5.942582,5.012984,-3.5280218,-0.42371947,-4.0363035,-6.212877,9.601102,14.05186,1.2603927,2.5610118,1
16.0,16,-3.5184548,-5.134429,-12.148654,-2.6540632,-4.585378,-3.5876906,1.7845936,3.8616827,-1.9668573,-2.373289,8.62542,2.4033017,-2.2027228,0.92212945,-3.5699081,-5.8235817,12.546231,6.4691005,-3.6691804,-1.290739,1
16.0,16,-3.5175693,-5.133476,-12.147562,-2.6538436,-4.5853295,-3.5880601,1.7836831,3.861274,-1.9664048,-2.3720627,8.625582,2.4042938,-2.2041652,0.92076975,-3.5684714,-5.822203,12.544944,6.4687243,-3.6697993,-1.2897472,1
16.0,16,-3.5159853,-5.131117,-12.138908,-2.6486144,-4.5858088,-3.585975,1.7785316,3.8540556,-1.9655026,-2.3722677,8.6277685,2.4089441,-2.2023218,0.92276746,-3.5652056,-5.8189344,12.537083,6.4680414,-3.6751676,-1.2905972,1
16.0,16,-3.5179102,-5.1331234,-12.14112,-2.651193,-4.5847893,-3.5859258,1.7797587,3.855941,-1.965962,-2.3728495,8.626492,2.4078982,-2.2016687,0.9235714,-3.5664902,-5.82036,12.539526,6.4690495,-3.673344,-1.291255,1
16.0,16,-3.517264,-5.1327705,-12.143408,-2.650653,-4.5857463,-3.5856593,1.7824206,3.8573678,-1.9662057,-2.37418,8.626728,2.4053779,-2.2006946,0.9242371,-3.5687318,-5.8223844,12.541533,6.468201,-3.6726594,-1.2922583,1
16.0,16,-3.5185184,-5.13449,-12.14871,-2.6540847,-4.5853653,-3.5876536,1.7846546,3.8617117,-1.9668876,-2.3733633,8.625414,2.403239,-2.2026527,0.9222031,-3.5699706,-5.823647,12.546316,6.469123,-3.6691737,-1.2908287,1
19.0,19,2.5455108,-0.8574234,-4.7475615,-5.616844,-11.00951,-12.122646,-5.3286734,-0.12786618,5.7454534,8.65892,2.4144459,3.449067,-0.30699313,-3.6646717,-11.122347,-8.152131,2.5593162,4.9206667,13.081709,18.633644,1
19.0,19,2.5465515,-0.8563745,-4.7469006,-5.615691,-11.010417,-12.123067,-5.329302,-0.12848964,5.745493,8.659457,2.415381,3.449851,-0.30792916,-3.6656058,-11.1217375,-8.151518,2.5588162,4.920439,13.080675,18.634413,1
19.0,19,2.547066,-0.8558481,-4.7471046,-5.6150227,-11.010948,-12.122756,-5.329014,-0.12830725,5.7452655,8.659157,2.416132,3.4504375,-0.30859172,-3.6661165,-11.121854,-8.151741,2.5590258,4.920742,13.079842,18.634752,1
19.0,19,2.546436,-0.85649097,-4.747126,-5.6158085,-11.010327,-12.122799,-5.3289804,-0.12828603,5.7453747,8.6591425,2.415337,3.4497437,-0.3077284,-3.6653428,-11.121982,-8.151808,2.5590715,4.9205046,13.080618,18.63409,1
19.0,19,2.5460448,-0.85687923,-4.7474713,-5.6161985,-11.010003,-12.122669,-5.3287706,-0.1279296,5.7453847,8.659009,2.4150307,3.4495897,-0.30768502,-3.6653438,-11.122204,-8.151998,2.559196,4.9208107,13.081156,18.634235,1
19.0,19,2.5458078,-0.8571241,-4.74739,-5.6165085,-11.009777,-12.12275,-5.3288393,-0.12803212,5.7454576,8.659052,2.4147277,3.4493084,-0.30726707,-3.6649375,-11.12219,-8.151978,2.559186,4.9206204,13.081404,18.63387,1
17.0,17,-9.21233,-10.7718725,-12.122375,-4.844224,0.426435,0.5126224,0.804809,4.9796605,-0.739889,-4.762064,6.7644005,5.9000974,-2.6259465,0.4781075,-4.0558023,-6.1544037,7.4867625,14.185251,0.8047949,3.771874,1
17.0,17,-9.212123,-10.771739,-12.122151,-4.8442264,0.4261443,0.5122351,0.8044201,4.979382,-0.7397791,-4.761717,6.76449,5.900351,-2.6259499,0.47811073,-4.0557275,-6.1543293,7.486645,14.185143,0.80480134,3.77216,1
17.0,17,-9.214843,-10.774895,-12.125704,-4.8475,0.42713302,0.5093259,0.8030325,4.9817805,-0.7410699,-4.760002,6.7635436,5.9010653,-2.6284595,0.47570473,-4.0546145,-6.153359,7.4898696,14.188081,0.80756295,3.7748542,1
17.0,17,-9.222516,-10.783753,-12.134993,-4.8542986,0.43157214,0.5070165,0.80347455,4.9888635,-0.74445903,-4.7599974,6.7611985,5.900321,-2.6324654,0.4718997,-4.0535083,-6.152507,7.496708,14.196279,0.81316733,3.77808,1
17.0,17,-9.212593,-10.772296,-12.122856,-4.844646,0.42642498,0.5121034,0.80457973,4.979936,-0.7400192,-4.761745,6.7643704,5.90017,-2.6262655,0.47780627,-4.055659,-6.1542797,7.4871926,14.185645,0.8051189,3.7722945,1
17.0,17,-9.211842,-10.771359,-12.121834,-4.8439016,0.42607296,0.51255983,0.8046496,4.979207,-0.7396647,-4.7619033,6.764561,5.900212,-2.6257572,0.47829396,-4.055835,-6.1544285,7.486409,14.184772,0.80451,3.7718167,1
15.0,15,0.9183007,5.5692234,5.746153,7.0860033,7.5654006,0.39502364,-7.858433,-4.6597095,-5.879204,2.3953784,0.025342941,2.1335325,-6.6893544,-8.524856,16.34766,17.727396,-5.974045,-5.8047895,-10.026426,-8.266358,1
15.0,15,0.91829044,5.5692096,5.7461166,7.0861883,7.5651655,0.3947819,-7.858651,-4.6598725,-5.879304,2.3953784,0.025358677,2.1335766,-6.6891775,-8.524814,16.347452,17.727293,-5.973994,-5.8047333,-10.026165,-8.266089,1
15.0,15,0.9181861,5.5690866,5.7459917,7.0859756,7.5653396,0.3949315,-7.8584833,-4.6597037,-5.8792267,2.39533,0.02542305,2.133628,-6.6893272,-8.524774,16.34759,17.727282,-5.9739094,-5.8046546,-10.026354,-8.266276,1
15.0,15,0.9181128,5.5690126,5.7458944,7.0858994,7.565384,0.39494473,-7.858451,-4.659637,-5.879221,2.3953063,0.025457859,2.133684,-6.689391,-8.524765,16.347622,17.727257,-5.973832,-5.80459,-10.026382,-8.266298,1
15.0,15,0.91825455,5.5691795,5.7460966,7.0859604,7.5654364,0.39503747,-7.8584156,-4.6596704,-5.8792057,2.3953602,0.025362015,2.1335697,-6.6893954,-8.524851,16.347689,17.727388,-5.974002,-5.80475,-10.026449,-8.2663765,1
15.0,15,0.9182417,5.569165,5.7460756,7.085943,7.565448,0.39504188,-7.858407,-4.6596537,-5.8792048,2.395356,0.025366783,2.1335788,-6.6894107,-8.524851,16.347698,17.727385,-5.973987,-5.8047376,-10.026455,-8.266382,1
6.0,6,0.749757,-0.9798044,-13.776003,-4.9879446,5.675682,11.3279085,17.574438,15.154544,2.3789487,-6.8360343,3.6283414,-5.3444877,-7.7886004,-4.7359276,-3.285648,-5.347563,4.438536,4.1569304,-4.365255,-4.77441,1
6.0,6,0.74998015,-0.9794127,-13.775532,-4.98759,5.675698,11.32832,17.574604,15.1543045,2.3790727,-6.836216,3.6284027,-5.3445497,-7.7884793,-4.735812,-3.2856443,-5.3475537,4.4381967,4.1565857,-4.3656244,-4.7747693,1
6.0,6,0.7509908,-0.97784996,-13.773728,-4.986498,5.675859,11.330069,17.57559,15.153638,2.3797588,-6.836829,3.6285083,-5.3450956,-7.788049,-4.7353983,-3.2857099,-5.347601,4.4368362,4.155131,-4.3670225,-4.7762623,1
6.0,6,0.7511787,-0.97769094,-13.773628,-4.986583,5.6759467,11.330645,17.576277,15.153847,2.3800483,-6.837104,3.6284122,-5.345549,-7.78779,-4.7351418,-3.286121,-5.348001,4.4366794,4.154924,-4.367091,-4.776634,1
6.0,6,0.74991053,-0.9795351,-13.775726,-4.987776,5.6757274,11.328183,17.57459,15.154459,2.3790545,-6.8361163,3.6283484,-5.3445463,-7.7885947,-4.7359204,-3.285631,-5.347547,4.4383297,4.156696,-4.365464,-4.774614,1
6.0,6,0.7498321,-0.9798677,-13.776094,-4.988005,5.675527,11.327745,17.574425,15.154559,2.379004,-6.8359356,3.6284204,-5.3445344,-7.7885737,-4.7359,-3.2857194,-5.347631,4.4385877,4.1569858,-4.3652134,-4.7742877,1
11.0,11,-5.3739367,-1.552296,-1.5769087,1.3092835,1.0087758,1.2162127,-6.2538347,-3.0916348,-2.0694232,-3.2802744,5.5247254,13.217247,-2.765532,0.37191933,1.7568269,-0.43490723,1.1974002,5.81088,-4.2366047,0.90384215,1
11.0,11,-5.3739367,-1.552296,-1.5769087,1.3092835,1.0087758,1.2162127,-6.2538347,-3.0916348,-2.0694232,-3.2802744,5.5247254,13.217247,-2.765532,0.37191933,1.7568269,-0.43490723,1.1974002,5.81088,-4.2366047,0.90384215,1
11.0,11,-5.3739367,-1.552296,-1.5769087,1.3092835,1.0087758,1.2162127,-6.2538347,-3.0916348,-2.0694232,-3.2802744,5.5247254,13.217247,-2.765532,0.37191933,1.7568269,-0.43490723,1.1974002,5.81088,-4.2366047,0.90384215,1
11.0,11,-5.3739367,-1.552296,-1.5769087,1.3092835,1.0087758,1.2162127,-6.2538347,-3.0916348,-2.0694232,-3.2802744,5.5247254,13.217247,-2.765532,0.37191933,1.7568269,-0.43490723,1.1974002,5.81088,-4.2366047,0.90384215,1
11.0,11,-5.3739367,-1.552296,-1.5769087,1.3092835,1.0087758,1.2162127,-6.2538347,-3.0916348,-2.0694232,-3.2802744,5.5247254,13.217247,-2.765532,0.37191933,1.7568269,-0.43490723,1.1974002,5.81088,-4.2366047,0.90384215,1
11.0,11,-5.3739367,-1.552296,-1.5769087,1.3092835,1.0087758,1.2162127,-6.2538347,-3.0916348,-2.0694232,-3.2802744,5.5247254,13.217247,-2.765532,0.37191933,1.7568269,-0.43490723,1.1974002,5.81088,-4.2366047,0.90384215,1
2.0,2,6.269364,9.546332,19.542187,4.9096937,-4.242711,-3.9825997,-12.969023,-16.528233,4.6339736,8.054337,0.33960712,3.4369836,6.484785,3.0474896,3.7732782,6.660786,-11.883118,-11.015889,-5.10215,-3.3502893,1
2.0,2,6.269364,9.546332,19.542187,4.9096937,-4.242711,-3.9825997,-12.969023,-16.528233,4.6339736,8.054337,0.33960712,3.4369836,6.484785,3.0474896,3.7732782,6.660786,-11.883118,-11.015889,-5.10215,-3.3502893,1
2.0,2,6.269364,9.546332,19.542187,4.9096937,-4.242711,-3.9825997,-12.969023,-16.528233,4.6339736,8.054337,0.33960712,3.4369836,6.484785,3.0474896,3.7732782,6.660786,-11.883118,-11.015889,-5.10215,-3.3502893,1
2.0,2,6.269364,9.546332,19.542187,4.9096937,-4.242711,-3.9825997,-12.969023,-16.528233,4.6339736,8.054337,0.33960712,3.4369836,6.484785,3.0474896,3.7732782,6.660786,-11.883118,-11.015889,-5.10215,-3.3502893,1
2.0,2,6.269364,9.546332,19.542187,4.9096937,-4.242711,-3.9825997,-12.969023,-16.528233,4.6339736,8.054337,0.33960712,3.4369836,6.484785,3.0474896,3.7732782,6.660786,-11.883118,-11.015889,-5.10215,-3.3502893,1
2.0,2,6.269364,9.546332,19.542187,4.9096937,-4.242711,-3.9825997,-12.969023,-16.528233,4.6339736,8.054337,0.33960712,3.4369836,6.484785,3.0474896,3.7732782,6.660786,-11.883118,-11.015889,-5.10215,-3.3502893,1
12.0,13,-2.249138,-5.3413863,2.7397351,-4.6646276,-6.824319,-6.580996,-6.5690317,-9.721035,5.2024813,1.4496603,2.8974333,0.25141478,15.780085,16.201078,-8.424445,-8.357083,0.44184688,-0.9381668,2.7566113,-3.93624,0
12.0,13,-2.249138,-5.3413863,2.7397351,-4.6646276,-6.824319,-6.580996,-6.5690317,-9.721035,5.2024813,1.4496603,2.8974333,0.25141478,15.780085,16.201078,-8.424445,-8.357083,0.44184688,-0.9381668,2.7566113,-3.93624,0
12.0,13,-2.248968,-5.341218,2.7398586,-4.6646013,-6.82437,-6.5810394,-6.5690536,-9.721058,5.2025933,1.4498343,2.8975148,0.25146365,15.779863,16.200893,-8.424282,-8.35695,0.44174436,-0.9382717,2.7564607,-3.9361668,0
12.0,13,-2.2489173,-5.3411694,2.7401342,-4.664354,-6.824413,-6.581098,-6.569276,-9.721277,5.202341,1.4497952,2.8971095,0.2511574,15.780375,16.200935,-8.424585,-8.356886,0.44147018,-0.9383282,2.7569423,-3.9360056,0
12.0,13,-2.249138,-5.3413863,2.7397351,-4.6646276,-6.824319,-6.580996,-6.5690317,-9.721035,5.2024813,1.4496603,2.8974333,0.25141478,15.780085,16.201078,-8.424445,-8.357083,0.44184688,-0.9381668,2.7566113,-3.93624,0
12.0,13,-2.249138,-5.3413863,2.7397351,-4.6646276,-6.824319,-6.580996,-6.5690317,-9.721035,5.2024813,1.4496603,2.8974333,0.25141478,15.780085,16.201078,-8.424445,-8.357083,0.44184688,-0.9381668,2.7566113,-3.93624,0
7.0,5,-4.033175,-1.7706052,-7.870922,-0.5278071,11.677117,15.481135,11.5321455,9.934111,-2.7170386,-10.60127,2.1251369,-0.097614765,-6.444263,-3.3558338,3.419992,1.2760874,0.26996687,4.9790835,-9.122999,-10.42116,0
7.0,5,-4.03646,-1.7705117,-7.8650203,-0.52636874,11.681634,15.481485,11.525858,9.928954,-2.719102,-10.601025,2.1224747,-0.09433043,-6.442964,-3.3545253,3.426147,1.2821264,0.2664236,4.97679,-9.124567,-10.425223,0
7.0,5,-4.046005,-1.7764257,-7.8588705,-0.5311558,11.690897,15.473423,11.508883,9.92132,-2.7245822,-10.594709,2.1148443,-0.087813735,-6.441871,-3.3533278,3.440775,1.2964025,0.2642924,4.975364,-9.122107,-10.429183,0
7.0,5,-4.045531,-1.7796077,-7.8674088,-0.5363641,11.688062,15.4686985,11.511549,9.927754,-2.7243872,-10.592009,2.1154723,-0.08952236,-6.4452567,-3.3566666,3.4375038,1.2931285,0.27038565,4.9795127,-9.117458,-10.422805,0
7.0,5,-4.041605,-1.7735349,-7.8620405,-0.5287725,11.686761,15.477769,11.51725,9.925381,-2.7221136,-10.59804,2.118445,-0.09055781,-6.4429297,-3.354437,3.433724,1.2895217,0.26527312,4.9764705,-9.12318,-10.426873,0
7.0,5,-4.037522,-1.7711939,-7.8644395,-0.52675784,11.682395,15.480222,11.523505,9.927917,-2.7201734,-10.600296,2.1217718,-0.09317553,-6.4427905,-3.3543282,3.427866,1.2837974,0.26653376,4.976766,-9.124504,-10.425622,0
16.0,16,-3.773992,-4.756407,-12.341085,-2.8110404,-4.307431,-3.113691,2.286902,4.092425,-1.759622,-2.8707566,8.057671,2.5263762,-1.8951629,1.252454,-4.3915377,-6.675024,12.713872,5.978919,-2.714664,-1.2615702,1
16.0,16,-3.773992,-4.756407,-12.341085,-2.8110404,-4.307431,-3.113691,2.286902,4.092425,-1.759622,-2.8707566,8.057671,2.5263762,-1.8951629,1.252454,-4.3915377,-6.675024,12.713872,5.978919,-2.714664,-1.2615702,1
16.0,16,-3.773992,-4.756407,-12.341085,-2.8110404,-4.307431,-3.113691,2.286902,4.092425,-1.759622,-2.8707566,8.057671,2.5263762,-1.8951629,1.252454,-4.3915377,-6.675024,12.713872,5.978919,-2.714664,-1.2615702,1
16.0,16,-3.773992,-4.756407,-12.341085,-2.8110404,-4.307431,-3.113691,2.286902,4.092425,-1.759622,-2.8707566,8.057671,2.5263762,-1.8951629,1.252454,-4.3915377,-6.675024,12.713872,5.978919,-2.714664,-1.2615702,1
16.0,16,-3.773992,-4.756407,-12.341085,-2.8110404,-4.307431,-3.113691,2.286902,4.092425,-1.759622,-2.8707566,8.057671,2.5263762,-1.8951629,1.252454,-4.3915377,-6.675024,12.713872,5.978919,-2.714664,-1.2615702,1
16.0,16,-3.773992,-4.756407,-12.341085,-2.8110404,-4.307431,-3.113691,2.286902,4.092425,-1.759622,-2.8707566,8.057671,2.5263762,-1.8951629,1.252454,-4.3915377,-6.675024,12.713872,5.978919,-2.714664,-1.2615702,1
14.0,14,-0.9779648,3.7713342,3.7119713,5.014354,9.694434,2.1189563,-6.30744,-2.7708437,-5.5218554,1.227911,1.0362426,3.6083407,-8.544583,-7.9580655,17.988716,17.485497,-4.5862,-4.3202806,-12.132683,-10.228918,1
14.0,14,-0.97796565,3.7713332,3.7119608,5.0143533,9.694438,2.1189663,-6.3074293,-2.7708337,-5.5218573,1.2279034,1.036249,3.6083465,-8.544593,-7.9580665,17.988722,17.485495,-4.5861945,-4.320276,-12.132694,-10.228924,1
14.0,14,-0.9779642,3.7713342,3.711954,5.0143538,9.69444,2.1189692,-6.3074265,-2.7708285,-5.5218596,1.2278996,1.0362515,3.6083484,-8.544597,-7.9580684,17.988722,17.485493,-4.586191,-4.3202744,-12.132698,-10.228926,1
14.0,14,-0.9779518,3.7713466,3.7119708,5.014366,9.694428,2.1189592,-6.307437,-2.7708416,-5.521861,1.22791,1.0362426,3.6083379,-8.544586,-7.958075,17.988716,17.4855,-4.586203,-4.3202853,-12.132685,-10.228912,1
14.0,14,-0.9780026,3.7712965,3.7119331,5.014317,9.694463,2.1189876,-6.3074102,-2.7708142,-5.521842,1.227885,1.036271,3.6083708,-8.544609,-7.9580417,17.988737,17.48548,-4.586169,-4.320251,-12.132723,-10.228954,1
14.0,14,-0.9779578,3.7713408,3.7119856,5.0143614,9.694424,2.1189458,-6.307452,-2.7708552,-5.5218554,1.2279222,1.0362357,3.608333,-8.544575,-7.9580717,17.98871,17.4855,-4.586207,-4.3202863,-12.132669,-10.228904,1
8.0,9,4.6223526,1.8258305,4.7078695,-7.883174,-7.149557,-11.337019,-6.7925606,-5.1346455,9.675508,12.877532,0.014565468,-0.63341177,2.3928595,0.40867883,-3.5031476,-1.691127,-2.9053836,-4.390659,6.957932,7.7208486,0
8.0,9,4.6222086,1.8256807,4.707742,-7.8832836,-7.149415,-11.336466,-6.791991,-5.134459,9.67578,12.877091,0.014644623,-0.6335771,2.3930964,0.4090863,-3.5035272,-1.6916313,-2.905414,-4.390559,6.957886,7.7205424,0
8.0,9,4.62191,1.8253459,4.7073774,-7.8834815,-7.1493106,-11.336484,-6.791898,-5.134198,9.675736,12.876967,0.014419556,-0.63368535,2.3931947,0.409046,-3.5038843,-1.6918797,-2.9053044,-4.390202,6.958524,7.7209306,0
8.0,9,4.621864,1.8252583,4.7072515,-7.8835745,-7.149299,-11.336342,-6.7916603,-5.134053,9.675911,12.876867,0.0144228935,-0.63378465,2.3932285,0.40909678,-3.5041237,-1.6921277,-2.905333,-4.3900905,6.958706,7.721048,0
8.0,9,4.6220336,1.8254699,4.7074623,-7.8836455,-7.1492248,-11.33653,-6.7918787,-5.1341476,9.67559,12.877102,0.01424408,-0.63384545,2.393221,0.40905386,-3.503707,-1.6916922,-2.9051561,-4.390481,6.958331,7.7205567,0
8.0,9,4.622414,1.8259296,4.707967,-7.8831835,-7.1495147,-11.336852,-6.7924194,-5.1346893,9.675528,12.877434,0.014634848,-0.6334475,2.3929458,0.40890044,-3.503065,-1.6911509,-2.9053216,-4.3908715,6.957576,7.7203918,0
6.0,6,0.9501739,-1.3419894,-14.312347,-5.8044496,5.5479007,11.252266,18.272713,15.815336,2.691204,-6.651437,3.4151459,-6.114091,-7.533151,-4.546642,-3.9000812,-5.8947806,4.7205625,4.318007,-3.922346,-4.676731,1
6.0,6,0.95088094,-1.3409191,-14.31107,-5.8034115,5.547763,11.253425,18.273294,15.814638,2.6916318,-6.6520243,3.415409,-6.114397,-7.5325885,-4.5461125,-3.9003289,-5.894995,4.7196307,4.3170495,-3.9233534,-4.677753,1
6.0,6,0.9489196,-1.3451936,-14.316163,-5.806053,5.5462046,11.251516,18.27417,15.816538,2.6919818,-6.6528063,3.417378,-6.114004,-7.5316644,-4.543645,-3.9027565,-5.8985605,4.7232094,4.3207855,-3.9219046,-4.676332,1
6.0,6,0.9457684,-1.3515197,-14.323868,-5.8121233,5.545866,11.2466955,18.273731,15.820883,2.6913056,-6.650984,3.4173675,-6.1136174,-7.5330443,-4.543983,-3.9037504,-5.9003344,4.728485,4.32623,-3.9174166,-4.6720786,1
6.0,6,0.94987684,-1.3427829,-14.313322,-5.805212,5.5477624,11.251764,18.272844,15.815899,2.6912365,-6.651286,3.4152424,-6.1141553,-7.5331936,-4.546516,-3.9003654,-5.8951864,4.7211967,4.3186793,-3.9218745,-4.67629,1
6.0,6,0.9510967,-1.3406253,-14.310776,-5.803328,5.5478597,11.253546,18.273333,15.814594,2.6916862,-6.651911,3.4152932,-6.1144967,-7.5326915,-4.5462823,-3.9001515,-5.8947687,4.7193885,4.316763,-3.9234905,-4.67787,1
10.0,10,0.6220313,0.48329306,-4.9981985,4.0867386,-5.51409,-1.5380166,-1.0687516,-1.3642408,-0.8555771,-2.0922642,10.718981,5.6067142,-3.1826496,-0.44349867,-0.2635031,-2.1595044,5.10079,3.3434937,-8.41143,-0.9510059,1
10.0,10,0.6220313,0.48329306,-4.9981985,4.0867386,-5.51409,-1.5380166,-1.0687516,-1.3642408,-0.8555771,-2.0922642,10.718981,5.6067142,-3.1826496,-0.44349867,-0.2635031,-2.1595044,5.10079,3.3434937,-8.41143,-0.9510059,1
10.0,10,0.6220313,0.48329306,-4.9981985,4.0867386,-5.51409,-1.5380166,-1.0687516,-1.3642408,-0.8555771,-2.0922642,10.718981,5.6067142,-3.1826496,-0.44349867,-0.2635031,-2.1595044,5.10079,3.3434937,-8.41143,-0.9510059,1
10.0,10,0.6220313,0.48329306,-4.9981985,4.0867386,-5.51409,-1.5380166,-1.0687516,-1.3642408,-0.8555771,-2.0922642,10.718981,5.6067142,-3.1826496,-0.44349867,-0.2635031,-2.1595044,5.10079,3.3434937,-8.41143,-0.9510059,1
10.0,10,0.6220313,0.48329306,-4.9981985,4.0867386,-5.51409,-1.5380166,-1.0687516,-1.3642408,-0.8555771,-2.0922642,10.718981,5.6067142,-3.1826496,-0.44349867,-0.2635031,-2.1595044,5.10079,3.3434937,-8.41143,-0.9510059,1
10.0,10,0.6220313,0.48329306,-4.9981985,4.0867386,-5.51409,-1.5380166,-1.0687516,-1.3642408,-0.8555771,-2.0922642,10.718981,5.6067142,-3.1826496,-0.44349867,-0.2635031,-2.1595044,5.10079,3.3434937,-8.41143,-0.9510059,1
5.0,5,-2.4367442,1.9221388,-2.215228,3.8651814,11.919478,16.29022,8.830933,5.833545,-2.1824746,-9.801787,2.5860171,1.1249865,-7.278114,-4.8720307,6.682324,5.015964,-4.186526,1.9189987,-11.70648,-11.128035,1
5.0,5,-2.4367442,1.9221388,-2.215228,3.8651814,11.919478,16.29022,8.830933,5.833545,-2.1824746,-9.801787,2.5860171,1.1249865,-7.278114,-4.8720307,6.682324,5.015964,-4.186526,1.9189987,-11.70648,-11.128035,1
5.0,5,-2.4367442,1.9221388,-2.215228,3.8651814,11.919478,16.29022,8.830933,5.833545,-2.1824746,-9.801787,2.5860171,1.1249865,-7.278114,-4.8720307,6.682324,5.015964,-4.186526,1.9189987,-11.70648,-11.128035,1
5.0,5,-2.4367442,1.9221388,-2.215228,3.8651814,11.919478,16.29022,8.830933,5.833545,-2.1824746,-9.801787,2.5860171,1.1249865,-7.278114,-4.8720307,6.682324,5.015964,-4.186526,1.9189987,-11.70648,-11.128035,1
5.0,5,-2.4367442,1.9221388,-2.215228,3.8651814,11.919478,16.29022,8.830933,5.833545,-2.1824746,-9.801787,2.5860171,1.1249865,-7.278114,-4.8720307,6.682324,5.015964,-4.186526,1.9189987,-11.70648,-11.128035,1
5.0,5,-2.4367442,1.9221388,-2.215228,3.8651814,11.919478,16.29022,8.830933,5.833545,-2.1824746,-9.801787,2.5860171,1.1249865,-7.278114,-4.8720307,6.682324,5.015964,-4.186526,1.9189987,-11.70648,-11.128035,1
16.0,16,-5.1230245,-7.0914555,-14.306666,-6.0096974,-3.0690343,-4.18767,2.4130828,6.3037786,-2.33174,-1.6077604,6.945276,1.763277,-3.131948,0.057911217,-3.5591278,-5.886444,14.458216,7.7725415,-1.6461942,-0.73375696,1
16.0,16,-5.1236877,-7.0919867,-14.30611,-6.0095224,-3.0690086,-4.187986,2.4118717,6.303006,-2.331882,-1.6076341,6.945432,1.7642467,-3.1318994,0.05796224,-3.5587506,-5.886063,14.457812,7.7732873,-1.6461241,-0.7331678,1
16.0,16,-5.121511,-7.0899096,-14.304939,-6.01017,-3.0668511,-4.1854796,2.4145045,6.304942,-2.3311663,-1.606915,6.944379,1.7623649,-3.1342072,0.055655777,-3.5565434,-5.8838534,14.455914,7.7713904,-1.6483645,-0.73507136,1
16.0,16,-5.114952,-7.083874,-14.30303,-6.009079,-3.062484,-4.1777086,2.4230201,6.3093266,-2.3299642,-1.6081283,6.942735,1.7564404,-3.1370406,0.052818596,-3.5532134,-5.8804655,14.451111,7.765445,-1.6547687,-0.74208254,1
16.0,16,-5.1234355,-7.091794,-14.306489,-6.0096884,-3.069122,-4.187971,2.4124362,6.3034024,-2.3317857,-1.6076531,6.9453654,1.7637813,-3.131909,0.057950318,-3.5590649,-5.886382,14.458173,7.772973,-1.6459913,-0.7333252,1
16.0,16,-5.125292,-7.0934463,-14.306729,-6.0093913,-3.0702279,-4.1899357,2.409665,6.301774,-2.3322964,-1.6075783,6.9460173,1.7658926,-3.131065,0.058797657,-3.559675,-5.886998,14.458927,7.774809,-1.6444995,-0.73131174,1
11.0,11,-5.1915097,-1.3739818,-1.4408481,1.6445837,0.6062764,0.9139369,-6.5517025,-3.469792,-2.1243834,-3.2223854,5.7906046,13.379598,-2.5977407,0.55184585,1.7381463,-0.46373227,1.258364,5.6338744,-4.4274597,0.8988436,1
11.0,11,-5.191565,-1.3740164,-1.4408814,1.6444354,0.60639346,0.9138271,-6.5518456,-3.4697063,-2.1243906,-3.2222137,5.790494,13.379753,-2.5979743,0.551606,1.7383068,-0.46356836,1.2583189,5.6339626,-4.427306,0.89909595,1
11.0,11,-5.190928,-1.3733374,-1.4413888,1.6453111,0.60709584,0.91416556,-6.5515814,-3.4691033,-2.1251616,-3.2223766,5.7905474,13.379738,-2.5991726,0.5503954,1.7397082,-0.4621667,1.2579288,5.633592,-4.4281797,0.89876765,1
11.0,11,-5.191185,-1.3736266,-1.4408206,1.644618,0.6066588,0.91396075,-6.551818,-3.4695394,-2.1244073,-3.2220626,5.7904167,13.379892,-2.5984888,0.55108756,1.738812,-0.46305636,1.2578436,5.6337543,-4.4274864,0.8992558,1
11.0,11,-5.1915097,-1.3739818,-1.4408481,1.6445837,0.6062764,0.9139369,-6.5517025,-3.469792,-2.1243834,-3.2223854,5.7906046,13.379598,-2.5977407,0.55184585,1.7381463,-0.46373227,1.258364,5.6338744,-4.4274597,0.8988436,1
11.0,11,-5.1915097,-1.3739818,-1.4408481,1.6445837,0.6062764,0.9139369,-6.5517025,-3.469792,-2.1243834,-3.2223854,5.7906046,13.379598,-2.5977407,0.55184585,1.7381463,-0.46373227,1.258364,5.6338744,-4.4274597,0.8988436,1
1.0,0,14.0669365,14.046072,6.056898,6.9377394,-6.4470034,-1.690126,-0.61295265,-3.7310576,1.9695749,5.304681,3.339489,-0.9903525,-2.2811265,-5.6397696,0.8351102,3.726776,-6.004748,-10.349729,-6.5760384,0.075012505,0
1.0,0,14.067246,14.04595,6.0566044,6.937541,-6.4475646,-1.6904092,-0.6127369,-3.7309542,1.9698143,5.3047895,3.3397164,-0.9905623,-2.2808142,-5.6394534,0.8345268,3.7262068,-6.004569,-10.349597,-6.575874,0.075304925,0
1.0,0,14.066354,14.045857,6.0571594,6.9378586,-6.4463367,-1.689724,-0.6132425,-3.7311592,1.9693142,5.304436,3.3392744,-0.99001515,-2.2813544,-5.639997,0.83562016,3.727276,-6.005014,-10.349446,-6.576116,0.0748567,0
1.0,0,14.067436,14.045927,6.0564337,6.937509,-6.4478755,-1.690521,-0.6125864,-3.7308896,1.9699073,5.3047986,3.339869,-0.99067676,-2.2806697,-5.6393113,0.83421314,3.7259033,-6.0044565,-10.349538,-6.5758376,0.07543504,0
1.0,0,14.066687,14.04602,6.057015,6.9379435,-6.4468317,-1.6900516,-0.61317503,-3.7312272,1.9693685,5.304538,3.3394823,-0.9901811,-2.281152,-5.639799,0.8353336,3.7269945,-6.0047545,-10.349673,-6.57615,0.074863374,0
1.0,0,14.066816,14.045882,6.056834,6.937713,-6.447101,-1.6902518,-0.6130655,-3.7311332,1.9695531,5.3046665,3.3395572,-0.9903265,-2.280992,-5.639635,0.83502114,3.7266881,-6.004662,-10.34957,-6.5759706,0.07507396,0
18.0,18,-1.2595096,-4.7216487,-4.831023,-9.90446,-7.3670506,-12.322409,-5.2714005,-0.18241802,6.9983068,8.695051,-1.3864298,-0.010067344,3.8610773,0.47113496,-11.198043,-8.257307,2.3736901,3.9124243,17.062384,15.191023,1
18.0,18,-1.2592531,-4.7213936,-4.831069,-9.904218,-7.367295,-12.322388,-5.271348,-0.18235174,6.9982767,8.695065,-1.3861685,-0.009841204,3.8607378,0.4708131,-11.198068,-8.257341,2.3737156,3.9125144,17.062164,15.191321,1
18.0,18,-1.2626587,-4.724812,-4.8311853,-9.907745,-7.3640094,-12.322159,-5.2711315,-0.1823298,6.998824,8.694571,-1.3897076,-0.012994528,3.8648477,0.47467345,-11.198474,-8.257595,2.373692,3.9117792,17.065569,15.187935,1
18.0,18,-1.2614597,-4.7236137,-4.830918,-9.9065485,-7.365119,-12.322401,-5.27141,-0.18254104,6.998796,8.694961,-1.3885002,-0.011935711,3.8634362,0.4733631,-11.198107,-8.257296,2.3735008,3.9118636,17.064386,15.189077,1
18.0,18,-1.2599254,-4.72206,-4.830891,-9.904877,-7.366594,-12.322393,-5.2714796,-0.18252626,6.9984064,8.695056,-1.3868632,-0.010433793,3.8615832,0.47162896,-11.197933,-8.257193,2.3735652,3.9122741,17.062704,15.190526,1
18.0,18,-1.2613676,-4.723534,-4.8316402,-9.906531,-7.3653655,-12.322105,-5.2707777,-0.1819016,6.998554,8.694533,-1.3883026,-0.011809707,3.8631558,0.47312397,-11.198741,-8.257955,2.3741236,3.912264,17.064415,15.189382,1
4.0,4,-8.298593,-4.058089,-4.738775,-3.2893558,16.694904,10.66056,4.071102,6.7913713,-3.0986366,-5.676338,-2.2875729,0.6429857,-7.4795256,-4.856023,11.224045,9.236468,-1.8821272,2.7625692,-5.727739,-10.963642,1
4.0,4,-8.29861,-4.05811,-4.7387943,-3.28938,16.694916,10.660565,4.0711136,6.791388,-3.0986328,-5.6763463,-2.2875762,0.642985,-7.479523,-4.85601,11.224041,9.236456,-1.8821138,2.762582,-5.727732,-10.96365,1
4.0,4,-8.298809,-4.058405,-4.7391205,-3.2897234,16.69502,10.660488,4.0711737,6.791615,-3.0985975,-5.676315,-2.28754,0.6430675,-7.4796576,-4.855978,11.224098,9.236384,-1.8818848,2.762809,-5.7276816,-10.963617,1
4.0,4,-8.29863,-4.0581346,-4.7388163,-3.2894034,16.694925,10.660564,4.0711193,6.7913957,-3.0986376,-5.6763554,-2.2875714,0.64298666,-7.4795165,-4.855985,11.224047,9.236449,-1.8820885,2.7625892,-5.727744,-10.96368,1
4.0,4,-8.298608,-4.058108,-4.738791,-3.289377,16.694916,10.6605625,4.071109,6.791384,-3.0986347,-5.676343,-2.2875767,0.6429852,-7.479523,-4.8560123,11.224043,9.236461,-1.882115,2.7625792,-5.7277327,-10.963649,1
4.0,4,-8.29861,-4.05811,-4.738795,-3.28938,16.694916,10.660565,4.0711136,6.791388,-3.0986338,-5.6763463,-2.2875762,0.64298487,-7.479524,-4.856011,11.224042,9.236457,-1.8821137,2.762582,-5.727732,-10.96365,1
5.0,5,-2.5402496,1.3316244,-3.9572597,3.368267,11.596602,18.081482,11.399992,7.544954,-1.9540795,-11.568987,3.3081913,0.847051,-7.026077,-4.1250396,4.4418273,2.4413476,-3.0798397,3.3243973,-11.934679,-11.234276,1
5.0,5,-2.5402706,1.3316923,-3.9571338,3.3683548,11.596679,18.081541,11.399931,7.5448713,-1.9541093,-11.569011,3.308138,0.84707415,-7.026067,-4.125057,4.4419036,2.4414423,-3.0799313,3.3243196,-11.934698,-11.234341,1
5.0,5,-2.5405796,1.3312942,-3.9584808,3.3680687,11.596894,18.082914,11.401574,7.5461683,-1.9542836,-11.570353,3.3086586,0.8472847,-7.0263658,-4.124792,4.441006,2.44013,-3.079019,3.3253012,-11.935263,-11.234733,1
5.0,5,-2.5406387,1.3313019,-3.9586,3.368061,11.59697,18.0831,11.401765,7.54633,-1.9543864,-11.570539,3.308532,0.8472177,-7.0263076,-4.1248016,4.440792,2.4399683,-3.0789247,3.325355,-11.935122,-11.234741,1
5.0,5,-2.5401723,1.3317109,-3.9573727,3.3683748,11.596518,18.08166,11.400196,7.5450926,-1.9541353,-11.569155,3.3082824,0.8470906,-7.0261464,-4.1251173,4.4416294,2.44116,-3.0797577,3.324507,-11.934742,-11.234198,1
5.0,5,-2.5402427,1.3316578,-3.9572024,3.3683019,11.596615,18.081463,11.399944,7.5449104,-1.9540938,-11.568965,3.3081484,0.84703684,-7.0260577,-4.1250587,4.4418483,2.441396,-3.0798814,3.324351,-11.934643,-11.234269,1
3.0,3,4.972361,9.528566,4.145521,18.76743,-3.363539,2.7397058,-5.3649807,-8.138826,-7.9856653,-5.729796,8.104578,4.9024696,-1.3354553,-4.3478165,4.704507,7.1849403,-3.6732707,-3.2000957,-12.546783,-4.84517,1
3.0,3,4.972361,9.528566,4.145521,18.76743,-3.363539,2.7397058,-5.3649807,-8.138826,-7.9856653,-5.729796,8.104578,4.9024696,-1.3354553,-4.3478165,4.704507,7.1849403,-3.6732707,-3.2000957,-12.546783,-4.84517,1
3.0,3,4.972361,9.528566,4.145521,18.76743,-3.363539,2.7397058,-5.3649807,-8.138826,-7.9856653,-5.729796,8.104578,4.9024696,-1.3354553,-4.3478165,4.704507,7.1849403,-3.6732707,-3.2000957,-12.546783,-4.84517,1
3.0,3,4.972361,9.528566,4.145521,18.76743,-3.363539,2.7397058,-5.3649807,-8.138826,-7.9856653,-5.729796,8.104578,4.9024696,-1.3354553,-4.3478165,4.704507,7.1849403,-3.6732707,-3.2000957,-12.546783,-4.84517,1
3.0,3,4.972361,9.528566,4.145521,18.76743,-3.363539,2.7397058,-5.3649807,-8.138826,-7.9856653,-5.729796,8.104578,4.9024696,-1.3354553,-4.3478165,4.704507,7.1849403,-3.6732707,-3.2000957,-12.546783,-4.84517,1
3.0,3,4.972361,9.528566,4.145521,18.76743,-3.363539,2.7397058,-5.3649807,-8.138826,-7.9856653,-5.729796,8.104578,4.9024696,-1.3354553,-4.3478165,4.704507,7.1849403,-3.6732707,-3.2000957,-12.546783,-4.84517,1
10.0,10,0.47398555,0.23575023,-4.698516,3.7863808,-5.3575807,-1.3589072,-1.3653519,-1.616901,-0.5984498,-2.2372928,10.187478,6.010006,-2.3577008,0.23037976,-0.90857625,-2.6559184,4.2938695,3.5969918,-7.473832,-0.3628868,1
10.0,10,0.47398555,0.23575023,-4.698516,3.7863808,-5.3575807,-1.3589072,-1.3653519,-1.616901,-0.5984498,-2.2372928,10.187478,6.010006,-2.3577008,0.23037976,-0.90857625,-2.6559184,4.2938695,3.5969918,-7.473832,-0.3628868,1
10.0,10,0.4739861,0.23573813,-4.6985245,3.7863655,-5.357599,-1.3589301,-1.3653588,-1.616903,-0.59844327,-2.2372794,10.187485,6.0100045,-2.3576932,0.23038965,-0.9085866,-2.6559303,4.293884,3.596998,-7.473825,-0.36287618,1
10.0,10,0.47398221,0.23577535,-4.698439,3.7863917,-5.357579,-1.3589373,-1.3654408,-1.6169709,-0.59848106,-2.2372675,10.187443,6.0100546,-2.3576636,0.230402,-0.90854716,-2.6558783,4.293848,3.596954,-7.4738345,-0.36290282,1
10.0,10,0.47397316,0.23564193,-4.6985874,3.7863255,-5.3576694,-1.3590276,-1.3653798,-1.6169019,-0.598472,-2.237246,10.187544,6.0099435,-2.357655,0.23043466,-0.9085866,-2.6559355,4.2939863,3.5970547,-7.4738703,-0.3629101,1
10.0,10,0.47398555,0.23575023,-4.698516,3.7863808,-5.3575807,-1.3589072,-1.3653519,-1.616901,-0.5984498,-2.2372928,10.187478,6.010006,-2.3577008,0.23037976,-0.90857625,-2.6559184,4.2938695,3.5969918,-7.473832,-0.3628868,1
2.0,9,4.339587,3.0354948,6.1367035,-7.1132793,-5.5146265,-9.748278,-7.385475,-6.4283357,8.593209,11.948049,1.7875991,2.0089207,0.9875965,1.7041831,1.0149889,0.67395496,-2.0545123,-6.402695,0.44800603,1.9365203,0
2.0,9,4.339565,3.0361814,6.1375136,-7.112504,-5.5142393,-9.748259,-7.3863134,-6.4288797,8.592617,11.948171,1.7872455,2.0094671,0.9871391,1.7034206,1.0158377,0.6750164,-2.05495,-6.403137,0.4478221,1.9365344,0
2.0,9,4.339008,3.0311098,6.1317773,-7.1175785,-5.5165815,-9.748835,-7.3815765,-6.4253926,8.596,11.947334,1.7896198,2.0066097,0.98986185,1.7082434,1.010684,0.66838515,-2.0517426,-6.3995967,0.4492818,1.9368634,0
2.0,9,4.339427,3.0349355,6.136183,-7.1137114,-5.5149474,-9.748414,-7.385149,-6.428126,8.593529,11.947941,1.7878623,2.0087202,0.9879657,1.7047272,1.0143805,0.67322433,-2.0541658,-6.4022727,0.44825697,1.936656,0
2.0,9,4.3390803,3.0316248,6.1323895,-7.117091,-5.516254,-9.748571,-7.3818874,-6.4256945,8.595719,11.947315,1.7893964,2.0068417,0.98961854,1.7078471,1.0112059,0.6690129,-2.0521379,-6.3999734,0.44899297,1.9366493,0
2.0,9,4.3396606,3.0365076,6.1378655,-7.1122255,-5.5140643,-9.748094,-7.386445,-6.4290323,8.592488,11.9481735,1.7871282,2.0095658,0.9869871,1.7031832,1.0161324,0.67537117,-2.055201,-6.403381,0.44763553,1.9364076,0
7.0,7,-3.164672,-5.376341,-18.128544,-8.214876,5.482586,5.153691,12.721941,16.337406,-0.102544546,-4.0202703,2.6676836,-2.5063038,-10.067366,-7.338982,-2.155805,-4.0410724,8.639215,8.48648,0.6251223,0.80293566,1
7.0,7,-3.1637366,-5.375572,-18.12929,-8.214656,5.4841056,5.1554947,12.723914,16.338991,-0.102829695,-4.02114,2.667047,-2.5073133,-10.068031,-7.3396244,-2.155132,-4.0403996,8.638302,8.485783,0.6244576,0.80177766,1
7.0,7,-3.164287,-5.3765144,-18.13089,-8.215948,5.4852467,5.1567044,12.725742,16.340689,-0.10272813,-4.02209,2.6667597,-2.5079532,-10.068059,-7.3390384,-2.1554518,-4.0411777,8.63893,8.486334,0.6244478,0.8007522,1
7.0,7,-3.1629558,-5.375296,-18.130281,-8.215281,5.485417,5.1571517,12.726155,16.340805,-0.10258663,-4.0217457,2.6667838,-2.5083055,-10.068787,-7.3399024,-2.1545913,-4.040202,8.637852,8.485405,0.6235156,0.80050737,1
7.0,7,-3.164446,-5.3762107,-18.129963,-8.215063,5.4844203,5.1556664,12.724167,16.339355,-0.10310149,-4.02166,2.666821,-2.5073643,-10.067667,-7.3391647,-2.1555502,-4.0408955,8.638918,8.4862,0.6249144,0.8015259,1
7.0,7,-3.1642675,-5.375901,-18.128618,-8.214687,5.4831567,5.154427,12.722643,16.337868,-0.10273707,-4.020629,2.6673648,-2.5067372,-10.067482,-7.339153,-2.155546,-4.0407677,8.638857,8.486024,0.62477374,0.8022855,1
7.0,7,-2.7200089,-4.9664946,-18.577692,-8.556649,6.9152584,7.220781,14.861441,17.735596,0.064255595,-5.004709,2.249594,-3.3867679,-10.421561,-7.3011465,-1.8500032,-4.023286,8.132054,7.95464,-0.32122636,-0.8434419,1
7.0,7,-2.7118602,-4.958282,-18.568235,-8.555049,6.916455,7.2295947,14.868953,17.734816,0.06963754,-5.004692,2.2491379,-3.392694,-10.420653,-7.300287,-1.8493223,-4.0224595,8.1242895,7.9463143,-0.32966566,-0.8517367,1
7.0,7,-2.7025354,-4.9467173,-18.554419,-8.547423,6.9166427,7.2459693,14.881125,17.730274,0.07645416,-5.011943,2.250032,-3.4011016,-10.412144,-7.291924,-1.8543074,-4.027161,8.113607,7.93413,-0.34129047,-0.8672015,1
7.0,7,-2.699941,-4.943206,-18.550081,-8.546934,6.918648,7.2518573,14.885639,17.73034,0.07848501,-5.0135493,2.2487254,-3.404241,-10.410691,-7.2905087,-1.8546875,-4.0274773,8.110229,7.9301124,-0.34477305,-0.8726761,1
7.0,7,-2.719175,-4.964348,-18.574879,-8.554394,6.915904,7.2257905,14.86478,17.734392,0.06519437,-5.0083146,2.2493885,-3.3887196,-10.418072,-7.297707,-1.8523786,-4.025594,8.130122,7.9520283,-0.3233149,-0.8481714,1
7.0,7,-2.7219033,-4.968171,-18.57951,-8.556902,6.915197,7.2192745,14.85997,17.735659,0.063079715,-5.0050254,2.249539,-3.38553,-10.42148,-7.3010564,-1.8502948,-4.0236096,8.133651,7.956261,-0.31944275,-0.84204334,1
13.0,13,-2.9375665,-6.016485,2.013257,-5.119211,-6.337989,-6.0957856,-6.129616,-9.272926,5.2575426,0.9112678,3.4240537,0.7360121,15.384962,16.59741,-8.048015,-8.59606,1.0156848,-0.37533003,2.0293577,-4.61583,1
13.0,13,-2.9375665,-6.016485,2.013257,-5.119211,-6.337989,-6.0957856,-6.129616,-9.272926,5.2575426,0.9112678,3.4240537,0.7360121,15.384962,16.59741,-8.048015,-8.59606,1.0156848,-0.37533003,2.0293577,-4.61583,1
13.0,13,-2.9375374,-6.0164647,2.0132189,-5.1192446,-6.3380213,-6.0958204,-6.1295815,-9.27289,5.2575693,0.9112986,3.4240475,0.73598254,15.384947,16.597391,-8.048054,-8.596099,1.0157244,-0.37535697,2.0294023,-4.615797,1
13.0,13,-2.9372427,-6.0161777,2.0135722,-5.1189833,-6.3382864,-6.0960817,-6.129858,-9.27317,5.2575006,0.9115141,3.4237833,0.73577404,15.385249,16.597286,-8.048299,-8.5960245,1.015442,-0.3755979,2.0298126,-4.6154504,1
13.0,13,-2.9373677,-6.016291,2.0135088,-5.119011,-6.338181,-6.0959754,-6.12982,-9.273134,5.25746,0.9113987,3.423818,0.7358221,15.385249,16.597357,-8.048243,-8.596026,1.0154835,-0.3755024,2.0297167,-4.6155796,1
13.0,13,-2.937567,-6.016486,2.0132565,-5.119212,-6.3379884,-6.0957847,-6.129616,-9.272926,5.2575426,0.91126734,3.4240537,0.73601186,15.384964,16.59741,-8.048015,-8.59606,1.0156848,-0.37532932,2.029358,-4.6158304,1
4.0,4,-7.79071,-3.5188417,-3.850081,-2.656427,16.247967,10.028807,3.15673,5.895224,-3.1852598,-5.1110296,-2.224112,0.7521274,-7.3146596,-4.9809966,11.683223,9.916085,-2.4032712,2.1889865,-5.971372,-10.8464155,1
4.0,4,-7.790738,-3.5188723,-3.8501134,-2.6564603,16.247986,10.028822,3.1567512,5.8952494,-3.185257,-5.1110463,-2.224112,0.75213134,-7.3146625,-4.9809794,11.683219,9.916067,-2.4032483,2.1890075,-5.9713717,-10.846434,1
4.0,4,-7.790708,-3.5188713,-3.850119,-2.6564448,16.247946,10.028845,3.1568058,5.8952394,-3.1852608,-5.1110916,-2.2240949,0.75206447,-7.314568,-4.9808865,11.683153,9.916004,-2.4032202,2.188978,-5.9714074,-10.8465185,1
4.0,4,-7.7904315,-3.51861,-3.849784,-2.6562095,16.247696,10.028492,3.1564167,5.8949194,-3.185256,-5.110752,-2.2240853,0.7521002,-7.314592,-4.9810786,11.683305,9.916284,-2.4034452,2.188759,-5.9713883,-10.846266,1
4.0,4,-7.790721,-3.5188546,-3.8500948,-2.6564403,16.247974,10.028814,3.15674,5.8952355,-3.1852589,-5.1110373,-2.224112,0.7521291,-7.314662,-4.98099,11.683222,9.916078,-2.4032624,2.1889958,-5.971371,-10.846422,1
4.0,4,-7.790723,-3.5188565,-3.8500967,-2.6564422,16.247976,10.028814,3.1567404,5.8952365,-3.1852584,-5.111038,-2.224112,0.7521297,-7.3146625,-4.98099,11.683222,9.916077,-2.4032617,2.188997,-5.9713707,-10.846423,1
1.0,1,8.404701,11.434429,9.971906,6.831968,-2.216571,-1.2591953,-5.715065,-7.1459956,0.5213822,5.22514,1.4204371,1.6059473,-2.1655354,-5.526442,5.2228894,7.9884186,-7.4064345,-9.11953,-6.553452,-1.861717,1
1.0,1,8.405726,11.435274,9.97092,6.8324413,-2.2167075,-1.2587988,-5.7140493,-7.144977,0.5210223,5.2247906,1.4205976,1.6058817,-2.166285,-5.527204,5.2227077,7.988263,-7.4062877,-9.119761,-6.5537057,-1.8614175,1
1.0,1,8.404653,11.434405,9.972131,6.8319592,-2.2165015,-1.2592618,-5.7152395,-7.14622,0.5214158,5.225215,1.4203842,1.6059,-2.1653643,-5.526254,5.223064,7.988578,-7.4065404,-9.119706,-6.553537,-1.8619685,1
1.0,1,8.4096155,11.438816,9.962959,6.835801,-2.2134993,-1.2556167,-5.7087564,-7.1371236,0.51539904,5.2216244,1.4205426,1.6061312,-2.1735463,-5.5344386,5.226197,7.991745,-7.4049644,-9.119668,-6.556421,-1.8611803,1
1.0,1,8.404947,11.434605,9.971554,6.8320403,-2.2164893,-1.2591734,-5.7148285,-7.145669,0.52123,5.2251067,1.4204061,1.6058567,-2.1657863,-5.526695,5.2230134,7.9885454,-7.406381,-9.11965,-6.55349,-1.8617086,1
1.0,1,8.406974,11.436267,9.969007,6.833056,-2.2162383,-1.2582695,-5.712653,-7.143095,0.51999897,5.2242746,1.4205756,1.6057354,-2.1678433,-5.5287614,5.223251,7.9888134,-7.405989,-9.120009,-6.55414,-1.8612201,1
1.0,1,11.455113,13.849601,6.4933395,9.238418,-4.3833537,-1.1810851,-3.0348217,-5.0126038,-0.8580338,3.7940445,3.2291741,1.3276806,-3.441348,-6.669332,3.7788181,6.465184,-5.4226155,-9.949563,-7.80356,-1.3936865,1
1.0,1,11.45505,13.84955,6.4933314,9.238464,-4.3833504,-1.181073,-3.0348573,-5.0126405,-0.8580736,3.7939885,3.2292066,1.3277112,-3.4413161,-6.669294,3.778821,6.465183,-5.422603,-9.949506,-7.803581,-1.3937075,1
1.0,1,11.455169,13.849535,6.4932203,9.238222,-4.3834705,-1.1812761,-3.034797,-5.0125036,-0.85795224,3.7942128,3.2291448,1.3275731,-3.4413538,-6.6693654,3.7787066,6.465094,-5.4225116,-9.949531,-7.803386,-1.3935153,1
1.0,1,11.455157,13.849422,6.493439,9.237878,-4.3832335,-1.1813903,-3.0348547,-5.0125685,-0.8576914,3.7945127,3.228888,1.3272578,-3.441214,-6.6692286,3.7789512,6.46534,-5.422772,-9.949788,-7.803255,-1.393729,1
1.0,1,11.455084,13.849576,6.4933305,9.238418,-4.3833466,-1.1810987,-3.0348506,-5.0126095,-0.85805476,3.7940407,3.2291713,1.3277004,-3.4413476,-6.669333,3.7788281,6.465194,-5.4226065,-9.949536,-7.803548,-1.3936741,1
1.0,1,11.455027,13.849549,6.4933324,9.238477,-4.3833284,-1.1810656,-3.0348763,-5.0126457,-0.8580929,3.793976,3.229203,1.3277417,-3.4413323,-6.6693053,3.7788439,6.4652004,-5.4226007,-9.9495,-7.8035846,-1.3937104,1
12.0,12,-1.4808338,-4.414389,3.7951207,-3.2507427,-7.3017893,-7.1502914,-7.334447,-10.38812,4.338481,1.8379827,1.6646655,-1.0639657,16.619978,15.145362,-9.099436,-7.571524,-0.5036515,-1.5585699,4.3347654,-2.8359692,1
12.0,12,-1.4808218,-4.4143777,3.7951226,-3.2507334,-7.301805,-7.150304,-7.3344507,-10.388124,4.338491,1.8379939,1.6646765,-1.06396,16.619963,15.145348,-9.099436,-7.571523,-0.5036559,-1.5585742,4.334767,-2.8359478,1
12.0,12,-1.4789791,-4.4124355,3.797288,-3.2489238,-7.3025174,-7.1509676,-7.335305,-10.388867,4.338194,1.8393359,1.6626958,-1.0659775,16.620409,15.142839,-9.100409,-7.5702043,-0.5061313,-1.5596118,4.3374686,-2.8331873,1
12.0,12,-1.4806693,-4.4141655,3.7953196,-3.250665,-7.3014565,-7.14996,-7.334161,-10.38776,4.338583,1.8381493,1.6642848,-1.0643903,16.619478,15.144466,-9.099363,-7.571144,-0.5041758,-1.558488,4.335142,-2.8354497,1
12.0,12,-1.4808338,-4.414389,3.7951207,-3.2507427,-7.3017893,-7.1502914,-7.334447,-10.38812,4.338481,1.8379827,1.6646655,-1.0639657,16.619978,15.145362,-9.099436,-7.571524,-0.5036515,-1.5585699,4.3347654,-2.8359692,1
12.0,12,-1.4808338,-4.414389,3.7951207,-3.2507427,-7.3017893,-7.1502914,-7.334447,-10.38812,4.338481,1.8379827,1.6646655,-1.0639657,16.619978,15.145362,-9.099436,-7.571524,-0.5036515,-1.5585699,4.3347654,-2.8359692,1
18.0,18,-0.6601315,-3.7448187,-1.5826141,-8.307808,-7.5101247,-10.689895,-5.0403814,-3.3861897,7.037053,6.93937,-1.2472892,-1.8032004,8.704323,5.6270304,-11.3883295,-8.687265,1.4488921,0.45135993,13.862917,8.815634,1
18.0,18,-0.65986973,-3.7445493,-1.5823087,-8.307589,-7.5103,-10.690066,-5.0406103,-3.3864508,7.037071,6.939586,-1.2471824,-1.8031424,8.704256,5.626926,-11.388114,-8.687022,1.4487298,0.45111984,13.862677,8.815628,1
18.0,18,-0.6627794,-3.749219,-1.5915078,-8.310446,-7.5118413,-10.694218,-5.0413,-3.380922,7.0331554,6.939612,-1.2472525,-1.8005198,8.700909,5.622759,-11.391327,-8.689571,1.4552059,0.45891315,13.868813,8.824194,1
18.0,18,-0.65572065,-3.7352333,-1.5601734,-8.298341,-7.505445,-10.673683,-5.0359926,-3.401632,7.045971,6.931939,-1.24333,-1.8075813,8.71707,5.64529,-11.381753,-8.684964,1.4340769,0.43330282,13.8412,8.7862625,1
18.0,18,-0.6605366,-3.7489872,-1.5939573,-8.310505,-7.515371,-10.700037,-5.0441437,-3.3792,7.0316834,6.9439607,-1.2481971,-1.8004616,8.697858,5.6163635,-11.392875,-8.688496,1.4559093,0.46171921,13.874512,8.834028,1
18.0,18,-0.66035205,-3.7449698,-1.5826625,-8.308038,-7.5098352,-10.689722,-5.040249,-3.3860784,7.0371394,6.9392886,-1.2474108,-1.8032507,8.704329,5.627144,-11.388251,-8.687273,1.4489043,0.45135492,13.862959,8.815408,1
18.0,18,-4.356517,-7.7768126,-5.4222775,-12.6364565,-4.5281725,-11.472516,-4.7098894,0.18808398,6.7793713,7.4166193,-4.1411257,-2.2813067,7.393707,3.9162889,-11.868711,-8.88174,2.8679338,3.8950145,19.404816,11.980384,1
18.0,18,-4.3565235,-7.7768183,-5.422268,-12.636449,-4.5281653,-11.47251,-4.709899,0.18807325,6.779363,7.4166126,-4.141126,-2.2813025,7.3937173,3.9162993,-11.868704,-8.881731,2.8679266,3.8950164,19.404804,11.98037,1
18.0,18,-4.3565598,-7.7768507,-5.4222803,-12.636427,-4.5281467,-11.472478,-4.709903,0.18807873,6.77936,7.416576,-4.1411176,-2.281269,7.3937073,3.916285,-11.868718,-8.881742,2.8678951,3.8950837,19.40483,11.98042,1
18.0,18,-4.3565598,-7.7768507,-5.4222736,-12.63643,-4.528142,-11.472478,-4.7099066,0.18807325,6.779357,7.4165783,-4.1411204,-2.2812734,7.3937144,3.9162946,-11.86871,-8.881734,2.8678975,3.8950737,19.404818,11.9804,1
18.0,18,-4.3565564,-7.776846,-5.422277,-12.636427,-4.528149,-11.472481,-4.7099047,0.18807706,6.779361,7.4165797,-4.1411166,-2.28127,7.3937054,3.9162831,-11.868716,-8.881739,2.8678951,3.8950803,19.404827,11.980423,1
18.0,18,-4.3565335,-7.776828,-5.422263,-12.636452,-4.528155,-11.472505,-4.7099037,0.18806943,6.779366,7.4166093,-4.141129,-2.281301,7.39372,3.9163036,-11.868698,-8.881727,2.867917,3.8950226,19.404806,11.980368,1
2.0,2,6.111937,9.402135,19.648157,4.6643972,-3.8574262,-3.7224014,-12.802428,-16.39693,4.895418,8.071386,0.10263777,3.2593641,6.444831,3.003681,3.8555493,6.7471256,-12.225089,-10.9784,-4.880494,-3.3487804,1
2.0,2,6.111937,9.402135,19.648157,4.6643972,-3.8574262,-3.7224014,-12.802428,-16.39693,4.895418,8.071386,0.10263777,3.2593641,6.444831,3.003681,3.8555493,6.7471256,-12.225089,-10.9784,-4.880494,-3.3487804,1
2.0,2,6.111937,9.402135,19.648157,4.6643972,-3.8574262,-3.7224014,-12.802428,-16.39693,4.895418,8.071386,0.10263777,3.2593641,6.444831,3.003681,3.8555493,6.7471256,-12.225089,-10.9784,-4.880494,-3.3487804,1
2.0,2,6.111937,9.402135,19.648157,4.6643972,-3.8574262,-3.7224014,-12.802428,-16.39693,4.895418,8.071386,0.10263777,3.2593641,6.444831,3.003681,3.8555493,6.7471256,-12.225089,-10.9784,-4.880494,-3.3487804,1
2.0,2,6.111937,9.402135,19.648157,4.6643972,-3.8574262,-3.7224014,-12.802428,-16.39693,4.895418,8.071386,0.10263777,3.2593641,6.444831,3.003681,3.8555493,6.7471256,-12.225089,-10.9784,-4.880494,-3.3487804,1
2.0,2,6.111937,9.402135,19.648157,4.6643972,-3.8574262,-3.7224014,-12.802428,-16.39693,4.895418,8.071386,0.10263777,3.2593641,6.444831,3.003681,3.8555493,6.7471256,-12.225089,-10.9784,-4.880494,-3.3487804,1
18.0,18,-3.0958173,-6.5878277,-5.085777,-12.069871,-5.5803194,-12.218457,-4.9226284,0.03594193,7.3801427,8.462979,-3.372107,-1.8834723,6.0803094,2.6152785,-11.540582,-8.566487,2.5937495,3.4110363,19.001114,13.257051,1
18.0,18,-3.0956461,-6.587656,-5.0856514,-12.069707,-5.58045,-12.218526,-4.9227324,0.035845846,7.3801746,8.463095,-3.3719745,-1.883356,6.0801396,2.615103,-11.540471,-8.56637,2.5936399,3.4109943,19.000969,13.257199,1
18.0,18,-3.094977,-6.5869846,-5.085165,-12.069023,-5.5810094,-12.218857,-4.923192,0.035426944,7.3802676,8.463547,-3.371429,-1.882872,6.079504,2.6144433,-11.540038,-8.565914,2.5932431,3.4108274,19.000395,13.25778,1
18.0,18,-3.0950177,-6.5870266,-5.0851126,-12.069058,-5.580981,-12.218918,-4.923258,0.035356134,7.380288,8.463586,-3.371489,-1.8829349,6.0796084,2.6145306,-11.540011,-8.565879,2.5932155,3.410761,19.000456,13.257714,1
18.0,18,-3.0950623,-6.5870695,-5.085239,-12.069055,-5.580981,-12.218838,-4.923173,0.035455793,7.3802795,8.463493,-3.3714223,-1.8828524,6.0795217,2.6144848,-11.540079,-8.565974,2.5932698,3.4109027,19.000456,13.257805,1
18.0,18,-3.095522,-6.587531,-5.085552,-12.069521,-5.5806046,-12.218644,-4.922888,0.035712093,7.3802156,8.463201,-3.3718057,-1.8831977,6.0799875,2.6149607,-11.540366,-8.566271,2.5935383,3.41099,19.000858,13.257388,1
19.0,18,-3.7506897,-7.235691,-5.603555,-12.616121,-5.1002617,-11.880261,-4.4881783,0.44614133,7.2275357,7.946415,-3.8777404,-2.3031864,6.7040043,3.2021165,-12.076624,-9.074307,2.97053,3.681191,19.642326,12.852047,0
19.0,18,-3.7506812,-7.2356825,-5.6035285,-12.616118,-5.100263,-11.880277,-4.488198,0.4461206,7.227548,7.946436,-3.8777409,-2.3031902,6.7040067,3.2021165,-12.076604,-9.074286,2.9705102,3.681172,19.64232,12.852042,0
19.0,18,-3.7505434,-7.235568,-5.6022983,-12.616199,-5.1001,-11.880987,-4.4891434,0.44507465,7.2282453,7.9474335,-3.8780046,-2.3035612,6.7043376,3.2023766,-12.075632,-9.073275,2.969479,3.6802287,19.642374,12.851727,0
19.0,18,-3.750507,-7.2355213,-5.6022263,-12.616141,-5.100104,-11.8809595,-4.48917,0.445021,7.2282066,7.9474187,-3.877993,-2.3035498,6.7043633,3.2023988,-12.075592,-9.07323,2.9694538,3.680185,19.642275,12.8516445,0
19.0,18,-3.7506468,-7.235648,-5.603402,-12.61609,-5.1002655,-11.880332,-4.4882927,0.44601235,7.2275944,7.94652,-3.8777423,-2.3032007,6.704023,3.2021265,-12.076506,-9.074183,2.970411,3.681087,19.642284,12.852015,0
19.0,18,-3.7506897,-7.23569,-5.6035547,-12.61612,-5.1002617,-11.880262,-4.488179,0.44614086,7.2275352,7.946415,-3.8777394,-2.303186,6.704004,3.202116,-12.076622,-9.0743065,2.97053,3.6811914,19.642324,12.852045,0
1.0,1,13.685512,14.970844,7.4932337,8.312931,-5.239991,-0.6146941,-1.3357642,-4.664917,1.08059,4.6493173,3.0326626,-0.24353385,-2.637436,-6.0078487,2.4482436,5.3100495,-6.784498,-11.215984,-7.892303,-1.4188666,1
1.0,1,13.685512,14.970844,7.4932337,8.312931,-5.239991,-0.6146941,-1.3357642,-4.664917,1.08059,4.6493173,3.0326626,-0.24353385,-2.637436,-6.0078487,2.4482436,5.3100495,-6.784498,-11.215984,-7.892303,-1.4188666,1
1.0,1,13.685545,14.970825,7.4931755,8.312874,-5.2400336,-0.614745,-1.335729,-4.6648736,1.0806239,4.6493583,3.0326672,-0.24358213,-2.637432,-6.007845,2.4482005,5.3100066,-6.784466,-11.215978,-7.8922615,-1.4188263,1
1.0,1,13.685516,14.970849,7.4931984,8.312913,-5.2399774,-0.61471325,-1.3357385,-4.664883,1.0805963,4.649338,3.0326505,-0.24357736,-2.6374664,-6.00788,2.4482632,5.3100686,-6.7844763,-11.216008,-7.892285,-1.4188721,1
1.0,1,13.685505,14.970848,7.4932327,8.312938,-5.2399874,-0.6146957,-1.335772,-4.6649203,1.0805832,4.6493154,3.0326602,-0.24352479,-2.6374416,-6.0078545,2.4482489,5.310055,-6.784497,-11.215984,-7.8922997,-1.4188639,1
1.0,1,13.685512,14.970844,7.4932337,8.312931,-5.239991,-0.6146941,-1.3357642,-4.664917,1.08059,4.6493173,3.0326626,-0.24353385,-2.637436,-6.0078487,2.4482436,5.3100495,-6.784498,-11.215984,-7.892303,-1.4188666,1
3.0,3,5.287919,9.846117,4.1472206,18.772308,-3.3121278,2.718348,-5.2393837,-7.9401164,-7.979391,-5.5458336,7.8543353,4.7257004,-1.5290489,-4.7183766,4.7181897,7.3354397,-3.8433483,-3.4425628,-12.317926,-4.615875,1
3.0,3,5.287919,9.846117,4.1472206,18.772308,-3.3121278,2.718348,-5.2393837,-7.9401164,-7.979391,-5.5458336,7.8543353,4.7257004,-1.5290489,-4.7183766,4.7181897,7.3354397,-3.8433483,-3.4425628,-12.317926,-4.615875,1
3.0,3,5.288129,9.846297,4.1472735,18.772354,-3.312208,2.718355,-5.239252,-7.940069,-7.9793253,-5.5457573,7.85431,4.7255163,-1.5290784,-4.7184787,4.7181334,7.33544,-3.8433976,-3.4427264,-12.317928,-4.615863,1
3.0,3,5.2875304,9.84576,4.1472354,18.772198,-3.3120263,2.7183762,-5.2395954,-7.9402485,-7.979435,-5.5459576,7.854398,4.725955,-1.5289288,-4.7181463,4.71822,7.3353863,-3.8432846,-3.442239,-12.317949,-4.615922,1
3.0,3,5.287919,9.846117,4.1472206,18.772308,-3.3121278,2.718348,-5.2393837,-7.9401164,-7.979391,-5.5458336,7.8543353,4.7257004,-1.5290489,-4.7183766,4.7181897,7.3354397,-3.8433483,-3.4425628,-12.317926,-4.615875,1
3.0,3,5.287919,9.846117,4.1472206,18.772308,-3.3121278,2.718348,-5.2393837,-7.9401164,-7.979391,-5.5458336,7.8543353,4.7257004,-1.5290489,-4.7183766,4.7181897,7.3354397,-3.8433483,-3.4425628,-12.317926,-4.615875,1
5.0,5,-3.008799,1.1745093,-2.508665,2.9768796,12.050878,15.696102,8.405189,5.5988107,-2.2237573,-9.621288,2.7132857,1.3524681,-6.785335,-3.744432,7.170619,5.0029864,-3.3888035,1.7786148,-12.160751,-12.22304,1
5.0,5,-3.008796,1.1745114,-2.5086646,2.976882,12.050875,15.696102,8.405191,5.598811,-2.2237563,-9.62129,2.713288,1.3524668,-6.785334,-3.7444315,7.170615,5.002982,-3.388804,1.7786149,-12.160755,-12.223039,1
5.0,5,-3.006831,1.176284,-2.5085974,2.9789906,12.0490055,15.69811,8.407341,5.5990577,-2.2236838,-9.623037,2.715119,1.3526313,-6.785194,-3.7442217,7.1684737,5.0008507,-3.3888102,1.7787482,-12.162823,-12.223122,1
5.0,5,-3.0088336,1.1743467,-2.508369,2.9766586,12.050771,15.695385,8.404553,5.5983753,-2.223516,-9.620656,2.713273,1.3524296,-6.7852664,-3.7443383,7.1710734,5.003413,-3.388946,1.7783787,-12.160635,-12.222972,1
5.0,5,-3.008798,1.1745166,-2.5086527,2.976891,12.050878,15.696096,8.405177,5.598801,-2.223761,-9.621282,2.7132883,1.3524715,-6.7853446,-3.744444,7.1706343,5.003003,-3.3888075,1.7786095,-12.160763,-12.22304,1
5.0,5,-3.008796,1.1745114,-2.5086646,2.976882,12.050875,15.696102,8.405191,5.598811,-2.2237563,-9.62129,2.713288,1.3524668,-6.785334,-3.7444315,7.170615,5.002982,-3.388804,1.7786149,-12.160755,-12.223039,1
18.0,18,-3.8303788,-7.257662,-5.961334,-12.574521,-5.08817,-11.527219,-4.289921,0.6462072,7.2265925,7.6577616,-2.9832788,-1.3830835,5.8814974,3.1527648,-11.514156,-9.108608,3.385548,4.053203,18.368904,12.49296,1
18.0,18,-3.830385,-7.2576685,-5.961216,-12.5745535,-5.088124,-11.527285,-4.289979,0.64614594,7.2266326,7.6578465,-2.9834867,-1.3832816,5.88166,3.1527753,-11.514224,-9.108559,3.3854074,4.053107,18.369179,12.49302,1
18.0,18,-3.8299978,-7.257286,-5.960534,-12.574208,-5.0883718,-11.527787,-4.290453,0.6456615,7.226536,7.658297,-2.984263,-1.3840698,5.8823814,3.1526115,-11.514619,-9.10827,3.384821,4.052536,18.370214,12.493489,1
18.0,18,-3.8305974,-7.2578764,-5.9617434,-12.574705,-5.088057,-11.526962,-4.2896376,0.64649117,7.226548,7.6574664,-2.982987,-1.3827852,5.8812737,3.1529112,-11.514107,-9.108844,3.3859353,4.053485,18.36851,12.492694,1
18.0,18,-3.830654,-7.2579527,-5.961648,-12.574851,-5.087949,-11.5270405,-4.2896605,0.64647377,7.2266684,7.657591,-2.9832706,-1.3830696,5.8814626,3.1529388,-11.514197,-9.10881,3.3857656,4.0533886,18.368914,12.492779,1
18.0,18,-3.830343,-7.2576227,-5.9612923,-12.574473,-5.0882034,-11.527252,-4.289969,0.64616096,7.2265854,7.65779,-2.9832535,-1.3830582,5.8814826,3.1527438,-11.514123,-9.108569,3.3855267,4.053178,18.368868,12.492971,1
16.0,16,-4.5194583,-5.7740846,-12.027317,-4.242108,-2.7729023,-1.7639034,2.96498,4.8102283,-1.7862438,-3.2388897,7.0185905,1.983221,-1.41486,1.754091,-4.2185946,-6.4914165,12.201277,6.651565,-2.834435,-2.339496,1
16.0,16,-4.519443,-5.7740626,-12.027261,-4.2420435,-2.7729208,-1.76384,2.9649775,4.810163,-1.7861999,-3.238956,7.018603,1.9832683,-1.4147668,1.7541828,-4.218672,-6.49149,12.201167,6.6515646,-2.8344078,-2.3394701,1
16.0,16,-4.520818,-5.774286,-12.025709,-4.2385907,-2.770566,-1.7593131,2.9653256,4.809097,-1.7862915,-3.2426658,7.019078,1.9850014,-1.4143096,1.7545929,-4.2184033,-6.491119,12.196865,6.6534743,-2.8351722,-2.339458,1
16.0,16,-4.520269,-5.773767,-12.025608,-4.238492,-2.7709525,-1.7594721,2.9655268,4.8089967,-1.7861928,-3.2425365,7.0191255,1.9847366,-1.4140785,1.754827,-4.2185984,-6.491319,12.197022,6.6527925,-2.8353686,-2.3397944,1
16.0,16,-4.5195484,-5.774125,-12.0274935,-4.242065,-2.7729115,-1.7639985,2.9649231,4.810262,-1.7863549,-3.2389436,7.01859,1.983296,-1.4148847,1.754066,-4.218615,-6.4914417,12.20142,6.6516085,-2.8343155,-2.3394206,1
16.0,16,-4.5194583,-5.7740846,-12.027317,-4.242108,-2.7729023,-1.7639034,2.96498,4.8102283,-1.7862438,-3.2388897,7.0185905,1.983221,-1.41486,1.754091,-4.2185946,-6.4914165,12.201277,6.651565,-2.834435,-2.339496,1
7.0,7,-1.4029822,-3.6334014,-17.039982,-7.685157,6.6132827,8.827162,16.22257,17.189165,0.99937713,-5.6034718,2.570417,-4.416231,-9.5022545,-6.398296,-2.4685235,-4.6033673,6.8928075,6.603171,-1.7051347,-2.3667946,1
7.0,7,-1.409785,-3.6377258,-17.044956,-7.692696,6.6217246,8.822443,16.216455,17.195034,0.9936322,-5.5981255,2.5643132,-4.410769,-9.513135,-6.4090724,-2.458554,-4.5937185,6.8971214,6.607822,-1.7003798,-2.361664,1
7.0,7,-1.2892535,-3.5224142,-16.910332,-7.585747,6.554492,8.943443,16.319862,17.116955,1.081863,-5.659624,2.621925,-4.4913926,-9.404657,-6.302053,-2.5402687,-4.6716294,6.7898755,6.494351,-1.818349,-2.4788249,1
7.0,7,-1.2587426,-3.4922647,-16.87499,-7.5605807,6.5405,8.974845,16.345802,17.098614,1.1038641,-5.673313,2.6344357,-4.5114017,-9.380552,-6.27828,-2.5573723,-4.687851,6.7618656,6.4647717,-1.8490145,-2.5089853,1
7.0,7,-1.3677353,-3.5995722,-17.000443,-7.654436,6.5942554,8.86277,16.252949,17.166733,1.025153,-5.621129,2.5867686,-4.439916,-9.471041,-6.367501,-2.4918542,-4.625599,6.861343,6.569802,-1.7397393,-2.4012995,1
7.0,7,-1.3954355,-3.6262503,-17.03164,-7.678395,6.6089573,8.834919,16.229311,17.184269,1.0049587,-5.607607,2.5740805,-4.421493,-9.495066,-6.3912044,-2.474035,-4.6086297,6.8861456,6.596062,-1.7124847,-2.3743305,1
17.0,17,-10.2677145,-11.137269,-11.455568,-5.3207974,0.93210673,0.21239716,-0.5145074,4.5474367,-0.62405884,-4.236689,6.2799315,7.3025384,-3.2910242,-0.22233933,-3.6550522,-5.7410784,7.121707,14.921799,1.7632828,5.117165,1
17.0,17,-10.2677145,-11.137269,-11.455568,-5.3207974,0.93210673,0.21239716,-0.5145074,4.5474367,-0.62405884,-4.236689,6.2799315,7.3025384,-3.2910242,-0.22233933,-3.6550522,-5.7410784,7.121707,14.921799,1.7632828,5.117165,1
17.0,17,-10.2677145,-11.137269,-11.455568,-5.3207984,0.93210673,0.21239716,-0.5145074,4.547437,-0.62405884,-4.236689,6.2799315,7.3025384,-3.2910247,-0.22233933,-3.6550522,-5.7410784,7.121707,14.921801,1.7632828,5.117165,1
17.0,17,-10.267718,-11.137304,-11.455606,-5.3207846,0.9320985,0.2123934,-0.5144878,4.547458,-0.62407005,-4.2366986,6.279962,7.3025017,-3.2910366,-0.22235483,-3.6550448,-5.741068,7.1217194,14.921842,1.7632616,5.117166,1
17.0,17,-10.2677145,-11.137269,-11.455568,-5.3207974,0.93210673,0.21239716,-0.5145074,4.5474367,-0.62405884,-4.236689,6.2799315,7.3025384,-3.2910242,-0.22233933,-3.6550522,-5.7410784,7.121707,14.921799,1.7632828,5.117165,1
17.0,17,-10.2677145,-11.137269,-11.455568,-5.3207974,0.93210673,0.21239716,-0.5145074,4.5474367,-0.62405884,-4.236689,6.2799315,7.3025384,-3.2910242,-0.22233933,-3.6550522,-5.7410784,7.121707,14.921799,1.7632828,5.117165,1
9.0,9,6.2244163,3.8108459,4.9295464,-6.3561726,-7.042005,-11.064937,-7.1618166,-5.5107703,7.6589966,12.648348,1.70298,1.0013603,0.6642834,0.13331503,0.051549762,0.7088237,-1.7308383,-6.2342935,1.4121757,3.9747725,1
9.0,9,6.2244163,3.8108459,4.9295464,-6.3561726,-7.042005,-11.064937,-7.1618166,-5.5107703,7.6589966,12.648348,1.70298,1.0013603,0.6642834,0.13331503,0.051549762,0.7088237,-1.7308383,-6.2342935,1.4121757,3.9747725,1
9.0,9,6.2248797,3.8112922,4.9295483,-6.3562,-7.0419617,-11.064959,-7.161583,-5.5105734,7.6590085,12.648568,1.7028798,1.0011364,0.66402376,0.13306373,0.05181226,0.7090739,-1.7308494,-6.2348113,1.4119425,3.9745364,1
9.0,9,6.2244163,3.8108459,4.9295464,-6.3561726,-7.042005,-11.064937,-7.1618166,-5.5107703,7.6589966,12.648348,1.70298,1.0013603,0.6642834,0.13331503,0.051549762,0.7088237,-1.7308383,-6.2342935,1.4121757,3.9747725,1
9.0,9,6.2244163,3.8108459,4.9295464,-6.3561726,-7.042005,-11.064937,-7.1618166,-5.5107703,7.6589966,12.648348,1.70298,1.0013603,0.6642834,0.13331503,0.051549762,0.7088237,-1.7308383,-6.2342935,1.4121757,3.9747725,1
9.0,9,6.2244163,3.8108459,4.9295464,-6.3561726,-7.042005,-11.064937,-7.1618166,-5.5107703,7.6589966,12.648348,1.70298,1.0013603,0.6642834,0.13331503,0.051549762,0.7088237,-1.7308383,-6.2342935,1.4121757,3.9747725,1
14.0,14,-0.4892338,3.4018931,3.2107582,4.2694216,8.843872,1.7705669,-5.5724106,-2.42512,-5.135456,1.250865,0.6123301,2.3996983,-7.0021386,-6.8762145,16.098345,15.989116,-4.3032074,-4.3049035,-10.891922,-9.887481,1
14.0,14,-0.4892338,3.4018931,3.2107582,4.2694216,8.843872,1.7705669,-5.5724106,-2.42512,-5.135456,1.250865,0.6123301,2.3996983,-7.0021386,-6.8762145,16.098345,15.989116,-4.3032074,-4.3049035,-10.891922,-9.887481,1
14.0,14,-0.4892338,3.4018931,3.2107582,4.2694216,8.843872,1.7705669,-5.5724106,-2.42512,-5.135456,1.250865,0.6123301,2.3996983,-7.0021386,-6.8762145,16.098345,15.989116,-4.3032074,-4.3049035,-10.891922,-9.887481,1
14.0,14,-0.4892338,3.4018931,3.2107582,4.2694216,8.843872,1.7705669,-5.5724106,-2.42512,-5.135456,1.250865,0.6123301,2.3996983,-7.0021386,-6.8762145,16.098345,15.989116,-4.3032074,-4.3049035,-10.891922,-9.887481,1
14.0,14,-0.4892338,3.4018931,3.2107582,4.2694216,8.843872,1.7705669,-5.5724106,-2.42512,-5.135456,1.250865,0.6123301,2.3996983,-7.0021386,-6.8762145,16.098345,15.989116,-4.3032074,-4.3049035,-10.891922,-9.887481,1
14.0,14,-0.4892338,3.4018931,3.2107582,4.2694216,8.843872,1.7705669,-5.5724106,-2.42512,-5.135456,1.250865,0.6123301,2.3996983,-7.0021386,-6.8762145,16.098345,15.989116,-4.3032074,-4.3049035,-10.891922,-9.887481,1
16.0,16,-3.9935424,-5.3341193,-13.582833,-4.784951,-2.775853,-3.6370857,2.7016988,6.2518067,-2.547027,-1.5635467,6.6398396,1.5564582,-3.9035025,-1.0767903,-2.8349721,-4.9007826,13.604124,6.361969,-2.155386,-0.9947887,1
16.0,16,-3.9936464,-5.3343196,-13.583202,-4.785137,-2.7757866,-3.6370711,2.7019012,6.252067,-2.5470386,-1.5636413,6.6398597,1.5563916,-3.9035387,-1.0767386,-2.8350494,-4.9009275,13.604331,6.3621197,-2.1553032,-0.99480325,1
16.0,16,-3.9916666,-5.331645,-13.580885,-4.7822595,-2.775613,-3.6354926,2.701976,6.2507358,-2.5470476,-1.5640154,6.641046,1.5568818,-3.9045935,-1.0774946,-2.8328073,-4.898919,13.602167,6.3601274,-2.1589212,-0.9966603,1
16.0,16,-3.995179,-5.3342123,-13.582428,-4.7833467,-2.7753541,-3.6373274,2.6991377,6.250383,-2.5475073,-1.5637174,6.642117,1.5608331,-3.9065514,-1.0781543,-2.8317394,-4.8989086,13.604179,6.363258,-2.1578517,-0.99414796,1
16.0,16,-3.993593,-5.3342276,-13.583107,-4.785124,-2.775726,-3.6369674,2.7019734,6.2520633,-2.5470548,-1.5636659,6.639814,1.5563164,-3.9035149,-1.076716,-2.8350008,-4.900878,13.604309,6.3619914,-2.155425,-0.9949965,1
16.0,16,-3.9937189,-5.3342767,-13.583133,-4.7850595,-2.7756355,-3.6369054,2.7019336,6.252046,-2.547176,-1.563786,6.6397796,1.5563678,-3.903481,-1.076689,-2.8349738,-4.900848,13.60435,6.3620367,-2.1554213,-0.99507326,1
0.0,0,14.514798,12.491588,4.0653033,5.6662107,-8.069105,-2.8791256,0.45818853,-2.7701252,2.816874,5.6196055,4.2439523,-2.34122,-1.2786375,-4.4913497,-1.0452923,1.790462,-4.9303646,-9.127383,-5.7442713,1.0245633,1
0.0,0,14.514798,12.491588,4.0653033,5.6662107,-8.069105,-2.8791256,0.45818853,-2.7701252,2.816874,5.6196055,4.2439523,-2.34122,-1.2786375,-4.4913497,-1.0452923,1.790462,-4.9303646,-9.127383,-5.7442713,1.0245633,1
0.0,0,14.514908,12.491945,4.0654535,5.66651,-8.068974,-2.8788822,0.4582231,-2.7701504,2.8166947,5.6194696,4.243947,-2.3410625,-1.2788527,-4.491555,-1.0450748,1.7906659,-4.9304204,-9.127605,-5.7445703,1.02436,1
0.0,0,14.516128,12.492363,4.06408,5.666711,-8.071292,-2.8798878,0.45871663,-2.7698157,2.816646,5.619407,4.245193,-2.3406162,-1.278508,-4.491006,-1.0469669,1.7886533,-4.928922,-9.127313,-5.744622,1.0254588,1
0.0,0,14.514798,12.491588,4.0653033,5.6662107,-8.069105,-2.8791256,0.45818853,-2.7701252,2.816874,5.6196055,4.2439523,-2.34122,-1.2786375,-4.4913497,-1.0452923,1.790462,-4.9303646,-9.127383,-5.7442713,1.0245633,1
0.0,0,14.514798,12.491588,4.0653033,5.6662107,-8.069105,-2.8791256,0.45818853,-2.7701252,2.816874,5.6196055,4.2439523,-2.34122,-1.2786375,-4.4913497,-1.0452923,1.790462,-4.9303646,-9.127383,-5.7442713,1.0245633,1
9.0,9,4.0312557,1.4040043,4.3254814,-8.967835,-6.0096593,-10.5518465,-6.391247,-4.8889813,9.395301,12.423052,1.154074,0.5750276,1.55273,1.7118421,-1.1065297,-0.97638726,-1.5115594,-4.88355,3.254744,4.085999,1
9.0,9,4.0312557,1.4040043,4.3254814,-8.967835,-6.0096593,-10.5518465,-6.391247,-4.8889813,9.395301,12.423052,1.154074,0.5750276,1.55273,1.7118421,-1.1065297,-0.97638726,-1.5115594,-4.88355,3.254744,4.085999,1
9.0,9,4.0312557,1.4040043,4.3254814,-8.967835,-6.0096593,-10.5518465,-6.391247,-4.8889813,9.395301,12.423052,1.154074,0.5750276,1.55273,1.7118421,-1.1065297,-0.97638726,-1.5115594,-4.88355,3.254744,4.085999,1
9.0,9,4.0312557,1.4040043,4.3254814,-8.967835,-6.0096593,-10.5518465,-6.391247,-4.8889813,9.395301,12.423052,1.154074,0.5750276,1.55273,1.7118421,-1.1065297,-0.97638726,-1.5115594,-4.88355,3.254744,4.085999,1
9.0,9,4.0312557,1.4040043,4.3254814,-8.967835,-6.0096593,-10.5518465,-6.391247,-4.8889813,9.395301,12.423052,1.154074,0.5750276,1.55273,1.7118421,-1.1065297,-0.97638726,-1.5115594,-4.88355,3.254744,4.085999,1
9.0,9,4.0312557,1.4040043,4.3254814,-8.967835,-6.0096593,-10.5518465,-6.391247,-4.8889813,9.395301,12.423052,1.154074,0.5750276,1.55273,1.7118421,-1.1065297,-0.97638726,-1.5115594,-4.88355,3.254744,4.085999,1
12.0,12,-1.6742504,-4.6351743,3.6136131,-3.5718422,-7.3925395,-7.174743,-7.3672743,-10.503017,4.5428376,1.6983342,2.0087013,-0.53145325,16.787653,15.83589,-9.125395,-7.996925,-0.21146938,-1.515459,3.9961348,-3.1701899,1
12.0,12,-1.6744462,-4.635343,3.6135693,-3.5718398,-7.3924246,-7.174627,-7.3672934,-10.503028,4.5427876,1.6981647,2.00866,-0.53138685,16.787775,15.836014,-9.125463,-7.9969916,-0.21150872,-1.5152904,3.9962316,-3.1701953,1
12.0,12,-1.6777056,-4.638964,3.6103005,-3.5749702,-7.3902726,-7.1726537,-7.365427,-10.501138,4.54335,1.6958656,2.0107567,-0.52908504,16.787025,15.839134,-9.124222,-7.998735,-0.20881888,-1.5127575,3.9931884,-3.1736805,1
12.0,12,-1.6781539,-4.639847,3.6091099,-3.5761733,-7.3901505,-7.172632,-7.3646975,-10.500351,4.5437875,1.6957445,2.0114589,-0.5288249,16.78663,15.8398,-9.124064,-7.9993916,-0.20775148,-1.512245,3.992478,-3.1743424,1
12.0,12,-1.6756512,-4.6367736,3.6121507,-3.5732474,-7.3916507,-7.1739373,-7.366455,-10.502183,4.5431046,1.6973631,2.0096316,-0.5304704,16.78735,15.837284,-9.124889,-7.997723,-0.2102606,-1.5143535,3.9948258,-3.1716924,1
12.0,12,-1.6748899,-4.635868,3.612874,-3.5724683,-7.3920865,-7.1743007,-7.366784,-10.502525,4.542991,1.6978791,2.0091963,-0.53100777,16.787304,15.836367,-9.125084,-7.9972506,-0.21087334,-1.5149331,3.9954486,-3.1708708,1
2.0,2,5.481116,8.984822,17.383919,6.531679,-4.1159415,-2.9598558,-11.511754,-15.173833,3.2273974,6.195657,1.5868822,2.8633206,5.197294,1.7510185,3.7063203,6.5672903,-10.234219,-9.501344,-6.048001,-3.662288,1
2.0,2,5.481116,8.984822,17.383919,6.531679,-4.1159415,-2.9598558,-11.511754,-15.173833,3.2273974,6.195657,1.5868822,2.8633206,5.197294,1.7510185,3.7063203,6.5672903,-10.234219,-9.501344,-6.048001,-3.662288,1
2.0,2,5.481116,8.984822,17.383919,6.531679,-4.1159415,-2.9598558,-11.511754,-15.173833,3.2273974,6.195657,1.5868822,2.8633206,5.197294,1.7510185,3.7063203,6.5672903,-10.234219,-9.501344,-6.048001,-3.662288,1
2.0,2,5.481116,8.984822,17.383919,6.531679,-4.1159415,-2.9598558,-11.511754,-15.173833,3.2273974,6.195657,1.5868822,2.8633206,5.197294,1.7510185,3.7063203,6.5672903,-10.234219,-9.501344,-6.048001,-3.662288,1
2.0,2,5.481116,8.984822,17.383919,6.531679,-4.1159415,-2.9598558,-11.511754,-15.173833,3.2273974,6.195657,1.5868822,2.8633206,5.197294,1.7510185,3.7063203,6.5672903,-10.234219,-9.501344,-6.048001,-3.662288,1
2.0,2,5.481116,8.984822,17.383919,6.531679,-4.1159415,-2.9598558,-11.511754,-15.173833,3.2273974,6.195657,1.5868822,2.8633206,5.197294,1.7510185,3.7063203,6.5672903,-10.234219,-9.501344,-6.048001,-3.662288,1
3.0,3,5.3786035,9.982793,4.436352,19.140884,-3.2090702,2.7780826,-5.521454,-8.2132225,-8.263631,-5.633191,7.755195,4.787964,-1.3522418,-4.6902323,4.9567513,7.691833,-4.1632533,-3.5628412,-12.487587,-4.787426,1
3.0,3,5.3786035,9.982793,4.436352,19.140884,-3.2090702,2.7780826,-5.521454,-8.2132225,-8.263631,-5.633191,7.755195,4.787964,-1.3522418,-4.6902323,4.9567513,7.691833,-4.1632533,-3.5628412,-12.487587,-4.787426,1
3.0,3,5.3787003,9.982884,4.4364243,19.140945,-3.2090738,2.778167,-5.521373,-8.213235,-8.263593,-5.633215,7.755207,4.787896,-1.352216,-4.690211,4.956751,7.6918364,-4.1633315,-3.562933,-12.487675,-4.787514,1
3.0,3,5.378595,9.982781,4.4364786,19.140778,-3.2090437,2.7780519,-5.5215483,-8.213281,-8.263583,-5.6330957,7.7551227,4.7880187,-1.3522075,-4.6902003,4.95678,7.6918645,-4.1633286,-3.5628555,-12.487555,-4.7874017,1
3.0,3,5.3786035,9.982793,4.436352,19.140884,-3.2090702,2.7780826,-5.521454,-8.2132225,-8.263631,-5.633191,7.755195,4.787964,-1.3522418,-4.6902323,4.9567513,7.691833,-4.1632533,-3.5628412,-12.487587,-4.787426,1
3.0,3,5.3786035,9.982793,4.436352,19.140884,-3.2090702,2.7780826,-5.521454,-8.2132225,-8.263631,-5.633191,7.755195,4.787964,-1.3522418,-4.6902323,4.9567513,7.691833,-4.1632533,-3.5628412,-12.487587,-4.787426,1
15.0,15,0.76030964,4.5136924,4.5949283,4.411738,7.6525283,0.75328034,-6.291709,-3.388294,-4.7605114,2.249554,-0.68730617,1.5587361,-5.303296,-6.551796,14.406109,15.383283,-5.2881722,-5.5490365,-8.798965,-8.557679,1
15.0,15,0.76030964,4.5136924,4.5949283,4.411738,7.6525283,0.75328034,-6.291709,-3.388294,-4.7605114,2.249554,-0.68730617,1.5587361,-5.303296,-6.551796,14.406109,15.383283,-5.2881722,-5.5490365,-8.798965,-8.557679,1
15.0,15,0.7602443,4.5136476,4.5948863,4.411701,7.6526012,0.75328237,-6.2917347,-3.388261,-4.7605524,2.2495468,-0.6873336,1.5587825,-5.3033442,-6.5518255,14.406173,15.383331,-5.288148,-5.548998,-8.798956,-8.557685,1
15.0,15,0.76054317,4.513919,4.5951457,4.411765,7.652302,0.753017,-6.291999,-3.3885005,-4.7603974,2.2498477,-0.687232,1.5590211,-5.303401,-6.551879,14.406192,15.383352,-5.2883086,-5.549176,-8.798991,-8.557402,1
15.0,15,0.76030964,4.5136924,4.5949283,4.411738,7.6525283,0.75328034,-6.291709,-3.388294,-4.7605114,2.249554,-0.68730617,1.5587361,-5.303296,-6.551796,14.406109,15.383283,-5.2881722,-5.5490365,-8.798965,-8.557679,1
15.0,15,0.76030964,4.5136924,4.5949283,4.411738,7.6525283,0.75328034,-6.291709,-3.388294,-4.7605114,2.249554,-0.68730617,1.5587361,-5.303296,-6.551796,14.406109,15.383283,-5.2881722,-5.5490365,-8.798965,-8.557679,1
10.0,10,-2.0111938,-1.8913683,-5.5788417,1.6750817,-3.8879876,-0.9966137,-1.7285537,-0.8583019,-0.59460866,-2.7441409,8.873749,7.059512,-1.9460692,0.83960646,-1.734762,-3.6279514,4.7172976,5.524024,-5.109265,0.67067224,1
10.0,10,-2.0110078,-1.8912994,-5.579282,1.6753187,-3.8879464,-0.9962672,-1.7277845,-0.85781276,-0.59471405,-2.7444916,8.873714,7.058707,-1.9460495,0.8394162,-1.7350798,-3.6281085,4.717452,5.523969,-5.1091976,0.6704584,1
10.0,10,-2.0100784,-1.8898715,-5.5749025,1.6763847,-3.8874695,-0.9953526,-1.7309129,-0.86153805,-0.59452546,-2.7447133,8.872652,7.0619845,-1.942912,0.8426184,-1.7345188,-3.6274924,4.713002,5.5224295,-5.10992,0.6697369,1
10.0,10,-2.010013,-1.8894082,-5.574832,1.6771529,-3.8866727,-0.9944562,-1.7305839,-0.86111915,-0.5944694,-2.7449915,8.8727,7.0622897,-1.9442374,0.8412325,-1.7337414,-3.6266732,4.712006,5.5226817,-5.1100793,0.67035097,1
10.0,10,-2.0109456,-1.8911802,-5.578972,1.6753135,-3.887985,-0.9964097,-1.7281883,-0.85818124,-0.59476125,-2.7443843,8.873745,7.0591216,-1.9458784,0.83973867,-1.7348366,-3.6279805,4.717351,5.523743,-5.1094823,0.67022425,1
10.0,10,-2.011498,-1.8917845,-5.579726,1.67506,-3.8877628,-0.9964303,-1.7278908,-0.8575916,-0.59495366,-2.7445152,8.873861,7.0588684,-1.9463814,0.8392804,-1.7347612,-3.6279533,4.7179914,5.5243998,-5.1093383,0.6703636,1
14.0,14,-1.061745,3.680716,3.5783424,4.8507905,9.719173,2.129275,-6.2108297,-2.6731176,-5.4435425,1.2173123,1.1071337,3.6526847,-8.616634,-7.8942924,17.992805,17.382936,-4.432629,-4.2767572,-12.185432,-10.298073,1
14.0,14,-1.061745,3.680716,3.5783424,4.8507905,9.719173,2.129275,-6.2108297,-2.6731176,-5.4435425,1.2173123,1.1071337,3.6526847,-8.616634,-7.8942924,17.992805,17.382936,-4.432629,-4.2767572,-12.185432,-10.298073,1
14.0,14,-1.0617279,3.6807342,3.578371,4.8508058,9.719158,2.1292508,-6.2108526,-2.6731389,-5.443546,1.217334,1.1071088,3.6526618,-8.6166115,-7.8943048,17.992792,17.382946,-4.432648,-4.2767773,-12.185394,-10.298048,1
14.0,14,-1.0619278,3.680534,3.5781875,4.850582,9.719282,2.1293585,-6.210723,-2.673003,-5.443458,1.2172422,1.1072235,3.6527858,-8.616715,-7.89418,17.99285,17.38283,-4.4324784,-4.276631,-12.18553,-10.298197,1
14.0,14,-1.061745,3.680716,3.5783424,4.8507905,9.719173,2.129275,-6.2108297,-2.6731176,-5.4435425,1.2173123,1.1071337,3.6526847,-8.616634,-7.8942924,17.992805,17.382936,-4.432629,-4.2767572,-12.185432,-10.298073,1
14.0,14,-1.061745,3.680716,3.5783424,4.8507905,9.719173,2.129275,-6.2108297,-2.6731176,-5.4435425,1.2173123,1.1071337,3.6526847,-8.616634,-7.8942924,17.992805,17.382936,-4.432629,-4.2767572,-12.185432,-10.298073,1
13.0,12,-0.5033385,-3.7581873,2.1139097,-8.305128,-4.8172965,-5.1012654,-2.5389953,-4.6916404,9.007205,4.5589557,0.24228287,-2.146923,10.251088,9.629407,-8.963955,-8.088539,-1.8427495,-0.73846406,6.988022,1.5589874,0
13.0,12,-0.502207,-3.7571769,2.113593,-8.306062,-4.8176036,-5.1021295,-2.5385048,-4.690426,9.008495,4.5608807,0.24217033,-2.1470528,10.2485485,9.6268015,-8.963545,-8.088095,-1.8429445,-0.7388099,6.9889555,1.5613391,0
13.0,12,-0.4997607,-3.7553778,2.1093063,-8.312324,-4.8174467,-5.1038795,-2.5338998,-4.6832137,9.014688,4.5668955,0.24286461,-2.1468964,10.23749,9.617914,-8.962207,-8.088506,-1.8415253,-0.7385176,6.9917927,1.56913,0
13.0,12,-0.4993897,-3.7551117,2.106195,-8.314351,-4.8185773,-5.1066985,-2.5333958,-4.680465,9.016497,4.569643,0.24289346,-2.1463418,10.233232,9.61369,-8.962994,-8.089369,-1.8399018,-0.7376104,6.995834,1.5750704,0
13.0,12,-0.50148886,-3.7566185,2.1130934,-8.307163,-4.817452,-5.102076,-2.5372505,-4.6888223,9.010028,4.562092,0.24178338,-2.1476068,10.246476,9.624571,-8.96385,-8.088279,-1.8434803,-0.7386696,6.9903903,1.563638,0
13.0,12,-0.50334865,-3.758195,2.1139169,-8.305109,-4.8173013,-5.101279,-2.5390277,-4.691666,9.007181,4.5589476,0.24229205,-2.146904,10.251106,9.629427,-8.963941,-8.088527,-1.8427424,-0.73846143,6.9880023,1.5589688,0
14.0,14,-1.6988951,2.9081883,2.7159233,3.7970085,10.185054,2.8132737,-5.5192385,-1.9563689,-4.925538,0.6960841,1.5683415,4.550273,-8.971042,-7.2263055,17.880602,16.4992,-4.0255966,-3.4612367,-12.568575,-10.507595,1
14.0,14,-1.6988951,2.9081883,2.7159233,3.7970085,10.185054,2.8132737,-5.5192385,-1.9563689,-4.925538,0.6960841,1.5683415,4.550273,-8.971042,-7.2263055,17.880602,16.4992,-4.0255966,-3.4612367,-12.568575,-10.507595,1
14.0,14,-1.6988951,2.9081883,2.7159233,3.7970085,10.185054,2.8132737,-5.5192385,-1.9563689,-4.925538,0.6960841,1.5683415,4.550273,-8.971042,-7.2263055,17.880602,16.4992,-4.0255966,-3.4612367,-12.568575,-10.507595,1
14.0,14,-1.6988951,2.9081883,2.7159233,3.7970085,10.185054,2.8132737,-5.5192385,-1.9563689,-4.925538,0.6960841,1.5683415,4.550273,-8.971042,-7.2263055,17.880602,16.4992,-4.0255966,-3.4612367,-12.568575,-10.507595,1
14.0,14,-1.6988951,2.9081883,2.7159233,3.7970085,10.185054,2.8132737,-5.5192385,-1.9563689,-4.925538,0.6960841,1.5683415,4.550273,-8.971042,-7.2263055,17.880602,16.4992,-4.0255966,-3.4612367,-12.568575,-10.507595,1
14.0,14,-1.6988951,2.9081883,2.7159233,3.7970085,10.185054,2.8132737,-5.5192385,-1.9563689,-4.925538,0.6960841,1.5683415,4.550273,-8.971042,-7.2263055,17.880602,16.4992,-4.0255966,-3.4612367,-12.568575,-10.507595,1
5.0,5,-2.7509997,0.3177743,-5.8040934,2.2802467,11.2113905,17.985003,12.685817,8.79389,-2.038393,-12.124685,3.2588367,-0.071911454,-6.20954,-3.2134786,2.871266,0.81979,-1.671392,4.023709,-11.109604,-11.3058815,1
5.0,5,-2.751097,0.31799304,-5.8037744,2.2805288,11.211654,17.985294,12.685699,8.793724,-2.038525,-12.124842,3.2587624,-0.071691155,-6.2096725,-3.2136173,2.8715334,0.8200557,-1.6715988,4.0235806,-11.10981,-11.306072,1
5.0,5,-2.7510498,0.31676853,-5.8056955,2.279046,11.210716,17.98414,12.686415,8.79491,-2.0379395,-12.124313,3.2590916,-0.07236922,-6.2095504,-3.2133408,2.8702402,0.8186703,-1.670422,4.024635,-11.108564,-11.304781,1
5.0,5,-2.7517056,0.3178916,-5.8035464,2.2806776,11.212402,17.985693,12.685287,8.793601,-2.0388956,-12.125105,3.2586153,-0.07100415,-6.2101016,-3.213882,2.872292,0.82067275,-1.6717705,4.0237837,-11.110102,-11.306329,1
5.0,5,-2.7506983,0.31755865,-5.804613,2.2798548,11.210875,17.984745,12.686346,8.794279,-2.0380034,-12.124548,3.258957,-0.07246697,-6.2092757,-3.213276,2.8704863,0.81907475,-1.6711416,4.023883,-11.109142,-11.305464,1
5.0,5,-2.7509997,0.3177743,-5.8040934,2.2802467,11.2113905,17.985003,12.685817,8.79389,-2.038393,-12.124685,3.2588367,-0.071911454,-6.20954,-3.2134786,2.871266,0.81979,-1.671392,4.023709,-11.109604,-11.3058815,1
2.0,9,3.0965686,1.8916855,6.0064106,-7.7622175,-3.9040024,-6.8723807,-5.121458,-5.220915,9.214898,9.947075,0.2026074,0.37697136,2.6122842,2.5519717,-1.4330523,-1.1284332,-3.3059669,-5.1539917,2.6433337,1.986053,0
2.0,9,3.0953448,1.887957,6.001445,-7.766675,-3.9044664,-6.873283,-5.1184473,-5.2173643,9.216162,9.946861,0.2026813,0.37495112,2.6132913,2.5539513,-1.4361793,-1.1322564,-3.3027549,-5.151484,2.6459637,1.9868383,0
2.0,9,3.0961516,1.8903983,6.0044756,-7.7640095,-3.904061,-6.872434,-5.119952,-5.21942,9.21548,9.94684,0.20269847,0.3761443,2.612615,2.552875,-1.4342136,-1.1300195,-3.3046095,-5.1532593,2.6440184,1.985903,0
2.0,9,3.0961306,1.8903658,6.00447,-7.7640095,-3.9040692,-6.872474,-5.1200047,-5.219436,9.215467,9.946859,0.20270443,0.37617278,2.612607,2.5528598,-1.4341987,-1.1299988,-3.3046143,-5.1532173,2.644041,1.9859533,0
2.0,9,3.095507,1.888856,6.002731,-7.7655144,-3.904165,-6.872989,-5.119335,-5.218286,9.215704,9.946859,0.2026217,0.3756281,2.612936,2.5533838,-1.4351764,-1.1311061,-3.3035858,-5.152057,2.6452131,1.9865634,0
2.0,9,3.0963342,1.8904223,6.0045595,-7.763941,-3.9043567,-6.872627,-5.1200304,-5.219585,9.215566,9.946953,0.20284152,0.37605917,2.6127954,2.5530214,-1.4343361,-1.1301101,-3.304635,-5.1533065,2.6439633,1.9859552,0
7.0,0,7.3254547,5.7719336,-3.4229732,-0.5465707,-2.0824358,0.22760278,3.568546,4.394425,2.959484,3.1458304,3.3807664,0.83454216,-6.8304224,-7.272525,-0.5143907,0.16275077,-1.8421558,-1.091331,-2.173225,4.3451533,0
7.0,0,7.581739,6.07834,-3.0770845,-0.27529794,-2.2402782,0.14494455,3.392895,4.1296873,2.9584937,3.284086,3.416996,0.8322411,-6.8116198,-7.3534536,-0.40666345,0.3464711,-2.0382504,-1.3557105,-2.3367867,4.3289647,0
7.0,0,8.050494,6.848633,-2.254265,0.44782758,-2.4840543,-0.012806237,2.8527343,3.3932116,2.7989979,3.4927938,3.5857582,1.0869989,-6.831045,-7.4257474,0.13076213,0.9136615,-2.3420367,-2.1122892,-3.0345225,3.9287238,0
7.0,0,8.470742,7.55203,-1.3965254,1.1624393,-2.6446645,-0.041305184,2.3774908,2.6890805,2.5991383,3.6191244,3.685279,1.2460061,-6.767981,-7.4708104,0.62330914,1.481086,-2.7017086,-2.7967772,-3.7252429,3.461598,0
7.0,0,7.6023774,6.2667313,-2.7840004,-0.03283,-2.2021425,0.04474747,3.0315707,3.845833,2.8173585,3.3826108,3.4176571,1.0632241,-6.9105988,-7.4747033,-0.06509206,0.6987173,-2.1728535,-1.5254514,-2.520546,4.2687254,0
7.0,0,7.3072047,5.7582946,-3.4392276,-0.56087005,-2.0682468,0.2284463,3.5683215,4.4045625,2.9573064,3.1417534,3.379716,0.8474724,-6.8408794,-7.271833,-0.50551665,0.1626967,-1.8300982,-1.0815902,-2.1701415,4.342872,0
14.0,5,-0.8568161,3.2013235,0.4797665,4.838573,10.38395,13.168484,5.884507,3.1970801,-1.9649621,-7.0382795,1.4661664,-0.21474373,-5.805019,-5.2171383,7.213185,6.9317684,-5.8657055,-0.35937268,-10.114613,-9.951607,0
14.0,5,-0.8559845,3.2022095,0.48037875,4.839527,10.383254,13.169025,5.8849487,3.1967409,-1.9648637,-7.0386724,1.4663974,-0.21501744,-5.804545,-5.217036,7.2123227,6.931212,-5.866166,-0.3597626,-10.114874,-9.951538,0
14.0,5,-0.8485226,3.209426,0.48433554,4.847459,10.376983,13.17197,5.8880806,3.1947663,-1.9649671,-7.040882,1.467978,-0.21780968,-5.8016086,-5.2180715,7.2054105,6.9275208,-5.869497,-0.36235148,-10.115963,-9.949102,0
14.0,5,-0.85402566,3.2036147,0.4741143,4.842172,10.382121,13.186174,5.903429,3.2058346,-1.9623874,-7.0527334,1.4711796,-0.21686769,-5.803254,-5.2137117,7.197789,6.915439,-5.864738,-0.35353523,-10.11861,-9.9531555,0
14.0,5,-0.85656977,3.201592,0.4802965,4.8388023,10.383722,13.167881,5.8838396,3.19652,-1.9650255,-7.037773,1.4660115,-0.21483576,-5.804828,-5.217201,7.2134957,6.9322677,-5.865951,-0.3598488,-10.114517,-9.951546,0
14.0,5,-0.8559049,3.2021527,0.479545,4.8396387,10.382848,13.169953,5.8861084,3.197284,-1.965124,-7.039811,1.4673927,-0.21466506,-5.8044615,-5.216248,7.211657,6.93002,-5.8650804,-0.3593244,-10.116287,-9.952555,0
18.0,18,-3.8168123,-7.304228,-5.8423147,-12.831265,-4.931129,-11.399868,-4.027175,0.73055184,7.4319906,7.6877604,-3.3559651,-1.9161009,6.244844,3.3494267,-11.774258,-9.238323,3.2131848,3.838823,18.746716,12.332979,1
18.0,18,-3.8168137,-7.3042293,-5.8423166,-12.831267,-4.931127,-11.399867,-4.027174,0.73055327,7.431991,7.6877594,-3.3559642,-1.9161004,6.2448444,3.3494282,-11.774258,-9.238324,3.2131853,3.8388236,18.746716,12.332977,1
18.0,18,-3.8168123,-7.3042283,-5.8423166,-12.831268,-4.931127,-11.399863,-4.027173,0.7305528,7.4319973,7.6877604,-3.3559527,-1.9160908,6.244833,3.3494277,-11.774247,-9.238322,3.2131863,3.8388245,18.746698,12.3329735,1
18.0,18,-3.8168123,-7.3042283,-5.8423166,-12.831268,-4.931127,-11.399863,-4.0271726,0.7305528,7.431997,7.6877604,-3.3559532,-1.9160913,6.2448335,3.3494277,-11.774248,-9.238323,3.213185,3.8388247,18.746698,12.332973,1
18.0,18,-3.8168128,-7.3042293,-5.8423166,-12.831268,-4.931127,-11.399864,-4.027172,0.73055255,7.4319963,7.6877594,-3.3559537,-1.9160918,6.2448344,3.3494282,-11.774249,-9.238324,3.2131863,3.8388255,18.746698,12.3329735,1
18.0,18,-3.8168132,-7.3042293,-5.8423176,-12.831268,-4.931127,-11.399864,-4.0271716,0.7305528,7.4319963,7.6877594,-3.3559542,-1.9160923,6.2448344,3.3494287,-11.774249,-9.238324,3.213186,3.8388247,18.746698,12.332973,1
1.0,1,13.62553,14.838138,6.707206,8.934563,-5.628971,-0.1323624,-0.7991638,-4.177346,0.56299376,3.833542,3.689148,0.031267047,-2.9653316,-6.3358426,1.8462758,4.720655,-6.2137995,-10.269917,-8.248269,-1.0250828,1
1.0,1,13.625465,14.838153,6.7072277,8.93465,-5.628922,-0.13231921,-0.7992084,-4.1773844,0.56293494,3.8334801,3.6891503,0.031334043,-2.9653616,-6.3358736,1.846323,4.7207003,-6.213802,-10.26991,-8.248289,-1.025104,1
1.0,1,13.6245985,14.838179,6.708153,8.935328,-5.628099,-0.1317797,-0.8002596,-4.1781983,0.56226885,3.832992,3.6888852,0.032461047,-2.9654207,-6.3359427,1.8471689,4.7215357,-6.214329,-10.26974,-8.248644,-1.0254675,1
1.0,1,13.625065,14.836455,6.7072744,8.933043,-5.629506,-0.13383958,-0.800086,-4.178047,0.5639807,3.8345032,3.688911,0.030686855,-2.9635468,-6.334063,1.8456268,4.7200456,-6.2141376,-10.269421,-8.246933,-1.0246105,1
1.0,1,13.625361,14.837981,6.707349,8.934571,-5.628948,-0.13240442,-0.79941785,-4.177555,0.5629448,3.8335156,3.6891396,0.03142667,-2.9651542,-6.3356643,1.8463068,4.7206864,-6.2138786,-10.269797,-8.248259,-1.0250951,1
1.0,1,13.62553,14.838138,6.707206,8.934563,-5.628971,-0.1323624,-0.7991638,-4.177346,0.56299376,3.833542,3.689148,0.031267047,-2.9653316,-6.3358426,1.8462758,4.720655,-6.2137995,-10.269917,-8.248269,-1.0250828,1
16.0,16,-5.161138,-4.413358,-8.740889,-2.8396552,-2.483048,-2.7830124,-1.524414,1.680272,-1.5353469,-1.9352646,6.6542835,6.6049542,-2.5019288,0.6555659,-2.3168266,-4.5988917,9.419515,6.3888054,-1.959408,0.5385304,1
16.0,16,-5.1614013,-4.41334,-8.740425,-2.8396199,-2.4826992,-2.7827497,-1.5247161,1.6799883,-1.5353211,-1.9353495,6.6540484,6.605313,-2.5018468,0.6556445,-2.316658,-4.598721,9.419097,6.388804,-1.9593253,0.538508,1
16.0,16,-5.160293,-4.412993,-8.741576,-2.8391924,-2.483739,-2.7829273,-1.5233458,1.680956,-1.534962,-1.9352498,6.6551037,6.604227,-2.5026846,0.65480286,-2.3171563,-4.5992084,9.4197035,6.3889294,-1.9598224,0.5390077,1
16.0,16,-5.160974,-4.4172087,-8.75453,-2.844332,-2.4862275,-2.7876337,-1.5159684,1.6899105,-1.5379058,-1.9351768,6.6557994,6.5950103,-2.5038981,0.6536557,-2.320756,-4.6030264,9.433432,6.389985,-1.9577066,0.53630954,1
16.0,16,-5.161189,-4.4137387,-8.741592,-2.8398275,-2.483212,-2.7831726,-1.5239952,1.6807915,-1.5353135,-1.9352558,6.6545296,6.6045265,-2.5022106,0.65528136,-2.3170133,-4.5990753,9.4199505,6.389251,-1.9592748,0.5388089,1
16.0,16,-5.161138,-4.413358,-8.740889,-2.8396552,-2.483048,-2.7830124,-1.524414,1.680272,-1.5353469,-1.9352646,6.6542835,6.6049542,-2.5019288,0.6555659,-2.3168266,-4.5988917,9.419515,6.3888054,-1.959408,0.5385304,1
1.0,1,11.399524,13.742918,5.528284,9.186179,-5.0368743,-1.5321925,-2.9450314,-4.5115156,-1.183288,3.6501207,3.6745436,1.9885763,-3.926354,-7.042098,3.1135437,5.717458,-4.4298754,-9.209888,-7.5482526,-0.4402051,1
1.0,1,11.399524,13.742918,5.528284,9.186179,-5.0368743,-1.5321925,-2.9450314,-4.5115156,-1.183288,3.6501207,3.6745436,1.9885763,-3.926354,-7.042098,3.1135437,5.717458,-4.4298754,-9.209888,-7.5482526,-0.4402051,1
1.0,1,11.399622,13.742896,5.5283165,9.186042,-5.0368714,-1.5321674,-2.9449105,-4.5114317,-1.1832057,3.6502142,3.674519,1.9883946,-3.926351,-7.042109,3.113546,5.7174754,-4.4299107,-9.209902,-7.5483155,-0.44026846,1
1.0,1,11.399251,13.742838,5.528385,9.18638,-5.036672,-1.5320468,-2.9452245,-4.51166,-1.183499,3.649924,3.674557,1.9887947,-3.9263892,-7.0421104,3.1137583,5.717651,-4.429901,-9.209768,-7.5483966,-0.44035503,1
1.0,1,11.399524,13.742918,5.528284,9.186179,-5.0368743,-1.5321925,-2.9450314,-4.5115156,-1.183288,3.6501207,3.6745436,1.9885763,-3.926354,-7.042098,3.1135437,5.717458,-4.4298754,-9.209888,-7.5482526,-0.4402051,1
1.0,1,11.399524,13.742918,5.528284,9.186179,-5.0368743,-1.5321925,-2.9450314,-4.5115156,-1.183288,3.6501207,3.6745436,1.9885763,-3.926354,-7.042098,3.1135437,5.717458,-4.4298754,-9.209888,-7.5482526,-0.4402051,1
11.0,10,-0.78047836,0.26323453,-4.0735655,3.242569,-3.8903658,-0.88146174,-2.3798366,-1.5401909,-0.46500242,-2.0294342,8.901102,7.814066,-3.5178623,-1.0657592,-0.46922,-2.1297822,3.3013787,4.2154584,-5.692998,1.4575722,0
11.0,10,-0.78002244,0.2637372,-4.0730386,3.2427206,-3.8907309,-0.882047,-2.3805058,-1.5407254,-0.46506715,-2.02888,8.901148,7.8144174,-3.517887,-1.0657947,-0.4688224,-2.129381,3.3012807,4.214898,-5.6933045,1.4575756,0
11.0,10,-0.7808185,0.2650643,-4.066777,3.2428622,-3.8912003,-0.8847826,-2.3882422,-1.5467623,-0.46561277,-2.0260508,8.900581,7.8207283,-3.5168824,-1.064214,-0.46554685,-2.1265714,3.299286,4.213297,-5.694816,1.4576983,0
11.0,10,-0.7819028,0.26463124,-4.06557,3.2419844,-3.8901322,-0.88467705,-2.3900514,-1.5476272,-0.46545458,-2.0257366,8.899633,7.823072,-3.5167518,-1.0638094,-0.46497157,-2.126188,3.297996,4.2138767,-5.6939216,1.4586501,0
11.0,10,-0.78072566,0.26361763,-4.071831,3.2430797,-3.889559,-0.8813397,-2.3818493,-1.5416912,-0.4657383,-2.0293794,8.90042,7.815871,-3.517322,-1.0652544,-0.4679449,-2.128467,3.2999225,4.215093,-5.6934614,1.4572091,0
11.0,10,-0.78044987,0.2633193,-4.0734615,3.242724,-3.8903916,-0.8815392,-2.379974,-1.5402906,-0.4651326,-2.0293913,8.901064,7.8140373,-3.5178723,-1.0658745,-0.46913457,-2.1296203,3.301367,4.215393,-5.693014,1.4575732,0
16.0,16,-4.5011716,-3.975778,-12.13581,-4.6311336,0.3444487,-0.1273461,4.2190847,6.8459034,-3.185443,-3.148805,5.0977683,1.4950509,-4.4585137,-1.2943237,-1.2901331,-3.658266,12.709746,4.756753,-3.8986146,-4.4300036,1
16.0,16,-4.501173,-3.97578,-12.13581,-4.6311326,0.3444482,-0.1273467,4.219083,6.8459034,-3.1854434,-3.1488044,5.0977683,1.4950514,-4.4585137,-1.2943227,-1.2901338,-3.658267,12.709748,4.756754,-3.898614,-4.430003,1
16.0,16,-4.5004883,-3.9742937,-12.134527,-4.630109,0.34548712,-0.12572283,4.219576,6.8457155,-3.185574,-3.1493316,5.09742,1.495186,-4.459027,-1.2948401,-1.2891109,-3.657248,12.708419,4.755557,-3.8999007,-4.4312224,1
16.0,16,-4.501836,-3.9796777,-12.1405115,-4.634552,0.34170747,-0.13164192,4.219268,6.8479676,-3.1850157,-3.1470668,5.098702,1.4933465,-4.4577417,-1.2935216,-1.2927603,-3.6608734,12.713551,4.759807,-3.895547,-4.4269595,1
16.0,16,-4.5011535,-3.9757023,-12.135717,-4.6310606,0.344491,-0.12726301,4.219081,6.8458567,-3.1854496,-3.1488433,5.0977573,1.4950826,-4.458517,-1.2943263,-1.2900921,-3.6582253,12.709672,4.7566924,-3.8986778,-4.4300656,1
16.0,16,-4.501173,-3.97578,-12.13581,-4.6311326,0.3444482,-0.1273467,4.219083,6.8459034,-3.1854434,-3.1488044,5.0977683,1.4950514,-4.4585137,-1.2943227,-1.2901338,-3.658267,12.709748,4.756754,-3.898614,-4.430003,1
6.0,6,1.6685009,-0.7510396,-12.923189,-4.8854666,3.8005912,9.089998,15.903019,13.779683,2.473195,-5.206102,4.303821,-5.2656007,-7.2887473,-4.483221,-3.136689,-5.0039387,4.791842,3.692911,-4.7517242,-4.199896,1
6.0,6,1.6698182,-0.74900544,-12.920131,-4.8826094,3.796364,9.086544,15.899197,13.7745495,2.4718962,-5.205191,4.3058734,-5.264601,-7.2855515,-4.4800196,-3.1366594,-5.003976,4.793944,3.6896386,-4.7548013,-4.2027745,1
6.0,6,1.6708336,-0.74738085,-12.91395,-4.877342,3.7865238,9.076262,15.887272,13.760963,2.4682174,-5.202447,4.313941,-5.2588606,-7.2787404,-4.469879,-3.1322756,-5.0023246,4.8010383,3.6835907,-4.766909,-4.2125974,1
6.0,6,1.6761596,-0.7413907,-12.909861,-4.8726797,3.7855594,9.084227,15.895123,13.758945,2.4683013,-5.208955,4.314554,-5.265255,-7.270206,-4.460984,-3.1363242,-5.00659,4.80015,3.6748538,-4.7749453,-4.22668,1
6.0,6,1.671878,-0.7474613,-12.917862,-4.8808246,3.7958643,9.088508,15.900278,13.773116,2.4729142,-5.2059975,4.3074436,-5.2651677,-7.284483,-4.478306,-3.1360333,-5.0037923,4.7917843,3.6880317,-4.758604,-4.2056327,1
6.0,6,1.668249,-0.7513956,-12.923265,-4.885627,3.8006294,9.089711,15.902607,13.779693,2.4733624,-5.2057834,4.3039923,-5.2651563,-7.2892613,-4.48366,-3.1363864,-5.0036902,4.7916436,3.6935008,-4.75152,-4.199117,1
8.0,8,1.5373363,-2.240293,0.23270202,-11.650859,-5.1655564,-6.0903316,0.030874014,-1.396341,12.325705,7.8810215,1.7071301,-1.7966269,4.434095,6.0247693,-7.160038,-8.039066,-0.3674328,-1.7562693,5.777488,3.3281016,1
8.0,8,1.5373363,-2.240293,0.23270202,-11.650859,-5.1655564,-6.0903316,0.030874014,-1.396341,12.325705,7.8810215,1.7071301,-1.7966269,4.434095,6.0247693,-7.160038,-8.039066,-0.3674328,-1.7562693,5.777488,3.3281016,1
8.0,8,1.5373363,-2.240293,0.23270202,-11.650859,-5.1655564,-6.0903316,0.030874014,-1.396341,12.325705,7.8810215,1.7071301,-1.7966269,4.434095,6.0247693,-7.160038,-8.039066,-0.3674328,-1.7562693,5.777488,3.3281016,1
8.0,8,1.5373363,-2.240293,0.23270202,-11.650859,-5.1655564,-6.0903316,0.030874014,-1.396341,12.325705,7.8810215,1.7071301,-1.7966269,4.434095,6.0247693,-7.160038,-8.039066,-0.3674328,-1.7562693,5.777488,3.3281016,1
8.0,8,1.5373363,-2.240293,0.23270202,-11.650859,-5.1655564,-6.0903316,0.030874014,-1.396341,12.325705,7.8810215,1.7071301,-1.7966269,4.434095,6.0247693,-7.160038,-8.039066,-0.3674328,-1.7562693,5.777488,3.3281016,1
8.0,8,1.5373363,-2.240293,0.23270202,-11.650859,-5.1655564,-6.0903316,0.030874014,-1.396341,12.325705,7.8810215,1.7071301,-1.7966269,4.434095,6.0247693,-7.160038,-8.039066,-0.3674328,-1.7562693,5.777488,3.3281016,1
4.0,15,-1.5899938,2.957346,3.0365076,4.072479,10.279304,3.3421285,-4.590534,-1.6533589,-5.3136816,0.09375101,-0.6153624,1.7399775,-6.646601,-6.9977665,15.343137,15.594701,-4.664808,-3.839564,-9.569971,-10.033028,0
4.0,15,-1.5902681,2.9570775,3.0362272,4.072205,10.279527,3.3423936,-4.5902815,-1.6531484,-5.3135576,0.09353167,-0.6151228,1.7402124,-6.6467843,-6.9975486,15.343284,15.594539,-4.6645885,-3.8393536,-9.570322,-10.03335,0
4.0,15,-1.5880501,2.9591937,3.0384064,4.074422,10.277278,3.3406558,-4.5920134,-1.6555138,-5.3142858,0.09461647,-0.6149614,1.7395195,-6.645246,-6.997276,15.343145,15.595375,-4.66515,-3.8415794,-9.571032,-10.033632,0
4.0,15,-1.5872957,2.960125,3.0393033,4.0753493,10.276263,3.3379257,-4.595112,-1.6572621,-5.315462,0.096545875,-0.61399364,1.74131,-6.646505,-6.998198,15.346046,15.597968,-4.6645303,-3.8426435,-9.573015,-10.033779,0
4.0,15,-1.5902315,2.9570947,3.0362415,4.072221,10.279497,3.3424861,-4.5901,-1.6530987,-5.3136816,0.09337145,-0.6154983,1.7397593,-6.6462727,-6.9973664,15.342769,15.59428,-4.664594,-3.839458,-9.569851,-10.033379,0
4.0,15,-1.5899993,2.957343,3.0365057,4.0724754,10.279304,3.3421237,-4.590538,-1.6533633,-5.3136935,0.0937466,-0.6153641,1.7399778,-6.646588,-6.9977508,15.343139,15.594701,-4.664791,-3.839571,-9.569981,-10.033051,0
9.0,9,7.088205,4.1258645,6.7896395,-6.5969086,-9.147925,-13.754418,-8.919511,-7.4803753,8.725413,14.825765,0.84977174,-0.5834198,2.8714256,0.8702623,-1.5003029,0.29176006,-2.308882,-7.5248985,3.8484645,5.494247,1
9.0,9,7.088205,4.1258645,6.7896395,-6.5969086,-9.147925,-13.754418,-8.919511,-7.4803753,8.725413,14.825765,0.84977174,-0.5834198,2.8714256,0.8702623,-1.5003029,0.29176006,-2.308882,-7.5248985,3.8484645,5.494247,1
9.0,9,7.088205,4.1258645,6.7896395,-6.5969086,-9.147925,-13.754418,-8.919511,-7.4803753,8.725413,14.825765,0.84977174,-0.5834198,2.8714256,0.8702623,-1.5003029,0.29176006,-2.308882,-7.5248985,3.8484645,5.494247,1
9.0,9,7.088205,4.1258645,6.7896395,-6.5969086,-9.147925,-13.754418,-8.919511,-7.4803753,8.725413,14.825765,0.84977174,-0.5834198,2.8714256,0.8702623,-1.5003029,0.29176006,-2.308882,-7.5248985,3.8484645,5.494247,1
9.0,9,7.088205,4.1258645,6.7896395,-6.5969086,-9.147925,-13.754418,-8.919511,-7.4803753,8.725413,14.825765,0.84977174,-0.5834198,2.8714256,0.8702623,-1.5003029,0.29176006,-2.308882,-7.5248985,3.8484645,5.494247,1
9.0,9,7.088205,4.1258645,6.7896395,-6.5969086,-9.147925,-13.754418,-8.919511,-7.4803753,8.725413,14.825765,0.84977174,-0.5834198,2.8714256,0.8702623,-1.5003029,0.29176006,-2.308882,-7.5248985,3.8484645,5.494247,1
11.0,11,-4.3424716,-0.53153646,-1.0470204,2.1154168,0.636004,0.7873854,-6.6092014,-3.424334,-2.0721378,-2.5936584,5.9557276,13.281986,-3.6395783,-0.5689054,2.7566,0.60703313,0.72545815,5.0547576,-5.1301026,1.0248811,1
11.0,11,-4.342069,-0.5313072,-1.0473139,2.1160524,0.6357554,0.7876945,-6.6086082,-3.4242148,-2.07232,-2.5941105,5.956271,13.281519,-3.6395483,-0.5687923,2.7566106,0.6069795,0.72566295,5.054569,-5.1309276,1.0242074,1
11.0,11,-4.3421206,-0.5312449,-1.0472441,2.1157875,0.6363522,0.7882306,-6.608322,-3.4239585,-2.0723329,-2.5943327,5.955761,13.281489,-3.6394234,-0.5686725,2.7566328,0.607013,0.7253113,5.054415,-5.1307507,1.0239308,1
11.0,11,-4.341439,-0.5302607,-1.0476227,2.116495,0.637092,0.78838795,-6.6083374,-3.4231765,-2.072393,-2.5939317,5.9555035,13.28216,-3.6414962,-0.57094544,2.7577937,0.6083245,0.72412527,5.0543537,-5.130273,1.025603,1
11.0,11,-4.34284,-0.5317856,-1.0472366,2.1151783,0.6365255,0.78782946,-6.60888,-3.4239933,-2.072209,-2.5940003,5.955348,13.281841,-3.639485,-0.56884736,2.7564607,0.60692084,0.7254231,5.0549326,-5.1297455,1.0247462,1
11.0,11,-4.342967,-0.5319921,-1.0469923,2.114915,0.63606393,0.7874281,-6.609173,-3.4244103,-2.0721235,-2.5938296,5.9554553,13.281801,-3.6389003,-0.56822246,2.7561147,0.6065422,0.725837,5.054868,-5.129782,1.0244982,1
11.0,11,-4.543452,-0.7386178,0.33824182,0.30482876,2.2082918,0.17837006,-7.34083,-3.9558706,-1.9884719,-1.2977583,3.7929754,11.756495,-2.2586713,0.55455416,4.2069297,2.2261398,0.15153244,2.9905584,-4.7242064,-1.352509,1
11.0,11,-4.543401,-0.7385441,0.3379799,0.30471027,2.2083852,0.17850012,-7.3406925,-3.9555118,-1.988664,-1.2977715,3.793091,11.756826,-2.2592087,0.55417496,4.2071395,2.2262285,0.15178421,2.9907684,-4.7245383,-1.3524373,1
11.0,11,-4.543879,-0.7390529,0.33719027,0.3046708,2.2080548,0.17852134,-7.340564,-3.955259,-1.9887038,-1.2982459,3.7936723,11.757483,-2.259368,0.55435044,4.2065864,2.2254236,0.15243092,2.9916582,-4.724438,-1.3519077,1
11.0,11,-4.544789,-0.739864,0.33501542,0.30403733,2.2085521,0.1806212,-7.3385487,-3.9531872,-1.9886814,-1.300122,3.7948356,11.75924,-2.2609134,0.55408746,4.205589,2.2234724,0.15358964,2.9940274,-4.7251873,-1.3512874,1
11.0,11,-4.543452,-0.7386178,0.33824182,0.30482876,2.2082918,0.17837006,-7.34083,-3.9558706,-1.9884719,-1.2977583,3.7929754,11.756495,-2.2586713,0.55455416,4.2069297,2.2261398,0.15153244,2.9905584,-4.7242064,-1.352509,1
11.0,11,-4.543452,-0.7386178,0.33824182,0.30482876,2.2082918,0.17837006,-7.34083,-3.9558706,-1.9884719,-1.2977583,3.7929754,11.756495,-2.2586713,0.55455416,4.2069297,2.2261398,0.15153244,2.9905584,-4.7242064,-1.352509,1
14.0,4,-5.7976246,-1.4329404,-1.9952855,-0.75886834,13.914861,8.912473,1.4575839,3.7409031,-3.1476998,-4.156876,-0.10692978,2.8064656,-7.8874946,-4.9928904,12.633681,10.444119,-2.6585143,1.0356326,-8.919149,-10.823053,0
14.0,4,-5.7976246,-1.4329404,-1.9952855,-0.75886834,13.914861,8.912473,1.4575839,3.7409031,-3.1476998,-4.156876,-0.10692978,2.8064656,-7.8874946,-4.9928904,12.633681,10.444119,-2.6585143,1.0356326,-8.919149,-10.823053,0
14.0,4,-5.7976246,-1.4329404,-1.9952855,-0.75886834,13.914861,8.912473,1.4575839,3.7409031,-3.1476998,-4.156876,-0.10692978,2.8064656,-7.8874946,-4.9928904,12.633681,10.444119,-2.6585143,1.0356326,-8.919149,-10.823053,0
14.0,4,-5.797508,-1.432834,-1.9952265,-0.75872445,13.914775,8.912607,1.457721,3.740884,-3.1476626,-4.156977,-0.10685539,2.806388,-7.887428,-4.9928517,12.633558,10.444017,-2.6585789,1.0355917,-8.919243,-10.8231,0
14.0,4,-5.7981596,-1.433401,-1.9955617,-0.75945425,13.915265,8.911771,1.4568698,3.7410219,-3.1479998,-4.1563506,-0.10737872,2.8067589,-7.887865,-4.993294,12.634275,10.44472,-2.6582236,1.0358564,-8.918566,-10.82267,0
14.0,4,-5.797999,-1.433278,-1.9956009,-0.7592025,13.915171,8.912031,1.4571912,3.7411582,-3.147983,-4.156543,-0.107307196,2.8065357,-7.8878837,-4.993449,12.63401,10.444567,-2.6583247,1.035943,-8.918559,-10.822548,0
4.0,5,-5.239234,-1.407736,-4.2546325,-0.030483127,13.726093,13.937264,7.345896,6.8001475,-2.2874093,-8.344623,0.96012914,1.199322,-7.1835732,-4.1128893,7.9805007,5.757345,-2.4924178,3.0263946,-9.191086,-11.029066,0
4.0,5,-5.239234,-1.407736,-4.2546325,-0.030483127,13.726093,13.937264,7.345896,6.8001475,-2.2874093,-8.344623,0.96012914,1.199322,-7.1835732,-4.1128893,7.9805007,5.757345,-2.4924178,3.0263946,-9.191086,-11.029066,0
4.0,5,-5.2381787,-1.4057306,-4.2540817,-0.027758956,13.725886,13.941509,7.3491564,6.800523,-2.287763,-8.348141,0.96106386,1.1988833,-7.182712,-4.1120644,7.9782386,5.7551475,-2.492846,3.0259488,-9.193314,-11.031131,0
4.0,5,-5.2396293,-1.4082144,-4.253842,-0.031351686,13.726426,13.934459,7.3429947,6.7989326,-2.287414,-8.342113,0.9595884,1.1998881,-7.1842866,-4.1135783,7.983167,5.759944,-2.4927244,3.025666,-9.190615,-11.028565,0
4.0,5,-5.2396717,-1.4080743,-4.2547946,-0.030827045,13.72655,13.937277,7.3458443,6.800323,-2.2874532,-8.344623,0.95978415,1.199263,-7.1836085,-4.11293,7.980655,5.7574964,-2.4923782,3.0265253,-9.190689,-11.029087,0
4.0,5,-5.2393785,-1.4078792,-4.254682,-0.030647516,13.726228,13.937142,7.345786,6.800175,-2.2874203,-8.3445215,0.96000767,1.1993036,-7.1835976,-4.1129136,7.9806256,5.757466,-2.492391,3.0264206,-9.190935,-11.029049,0
11.0,11,-4.625896,-0.9020654,-1.0860423,1.8525791,0.035677563,0.27649325,-6.9423923,-3.757616,-1.7953724,-2.4673998,6.1486425,13.501119,-3.1573215,-0.04916197,2.0631604,-0.111613646,1.0878043,5.3596916,-4.614659,1.5091331,1
11.0,11,-4.6259685,-0.9021282,-1.0860751,1.8525615,0.035680782,0.27645272,-6.942443,-3.757622,-1.7953767,-2.4673967,6.1486344,13.501153,-3.157323,-0.049170792,2.0631423,-0.11162652,1.0878229,5.3597584,-4.6145744,1.5092101,1
11.0,11,-4.625328,-0.90142787,-1.0859103,1.8528304,0.035600793,0.2761857,-6.942546,-3.7575777,-1.7954353,-2.466901,6.148713,13.501193,-3.1580486,-0.04991615,2.06381,-0.11095478,1.0876985,5.359196,-4.6150126,1.5092804,1
11.0,11,-4.624358,-0.89995086,-1.0861939,1.8540072,0.037235748,0.27714258,-6.941923,-3.7563694,-1.7961382,-2.4668207,6.148258,13.5011,-3.1606684,-0.052777708,2.0661364,-0.108467236,1.0864449,5.3584695,-4.6157722,1.5094283,1
11.0,11,-4.6259437,-0.90209925,-1.0859294,1.8524876,0.035562646,0.27634424,-6.9425573,-3.7577674,-1.7953433,-2.4673066,6.14863,13.501192,-3.1571789,-0.049014866,2.0630856,-0.11169244,1.0878814,5.359662,-4.614608,1.5091386,1
11.0,11,-4.625954,-0.9021666,-1.0861896,1.8526425,0.03564931,0.276511,-6.9423075,-3.7575576,-1.7954046,-2.4674988,6.1487308,13.501034,-3.1573148,-0.049155295,2.063106,-0.11166753,1.0878868,5.359803,-4.6146646,1.5091274,1
11.0,11,-4.7807045,-1.080877,-2.2997637,2.54851,0.9223106,1.3821969,-5.7209387,-2.910928,-3.1052594,-4.0239167,6.03755,12.535042,-2.7114844,0.4240219,2.3145778,0.11128877,1.7438542,5.180191,-5.51327,-0.5105594,1
11.0,11,-4.7807045,-1.080877,-2.2997637,2.54851,0.9223106,1.3821969,-5.7209387,-2.910928,-3.1052594,-4.0239167,6.03755,12.535042,-2.7114844,0.4240219,2.3145778,0.11128877,1.7438542,5.180191,-5.51327,-0.5105594,1
11.0,11,-4.7807045,-1.080877,-2.2997637,2.54851,0.9223106,1.3821969,-5.7209387,-2.910928,-3.1052594,-4.0239167,6.03755,12.535042,-2.7114844,0.4240219,2.3145778,0.11128877,1.7438542,5.180191,-5.51327,-0.5105594,1
11.0,11,-4.7807045,-1.080877,-2.2997637,2.54851,0.9223106,1.3821969,-5.7209387,-2.910928,-3.1052594,-4.0239167,6.03755,12.535042,-2.7114844,0.4240219,2.3145778,0.11128877,1.7438542,5.180191,-5.51327,-0.5105594,1
11.0,11,-4.7807045,-1.080877,-2.2997637,2.54851,0.9223106,1.3821969,-5.7209387,-2.910928,-3.1052594,-4.0239167,6.03755,12.535042,-2.7114844,0.4240219,2.3145778,0.11128877,1.7438542,5.180191,-5.51327,-0.5105594,1
11.0,11,-4.7807045,-1.080877,-2.2997637,2.54851,0.9223106,1.3821969,-5.7209387,-2.910928,-3.1052594,-4.0239167,6.03755,12.535042,-2.7114844,0.4240219,2.3145778,0.11128877,1.7438542,5.180191,-5.51327,-0.5105594,1
16.0,7,5.5881805,2.5307817,-7.872462,-4.2720327,-1.0172524,1.8167808,8.649013,9.1397,3.2660623,1.2285932,0.41014183,-4.407305,-4.273123,-6.2879443,-6.1940317,-4.2592373,0.5332918,1.2192655,3.563848,5.1684203,0
16.0,7,5.59696,2.5397491,-7.86992,-4.261979,-1.0187693,1.8220654,8.652085,9.13687,3.2695184,1.2269591,0.42490995,-4.399791,-4.2842665,-6.2896194,-6.180295,-4.252816,0.52897966,1.2134411,3.53969,5.1589594,0
16.0,7,5.5841465,2.5320435,-7.9396706,-4.249131,-0.9527448,1.9069905,8.741785,9.208927,3.2592669,1.1626048,0.46490145,-4.4039474,-4.357183,-6.312514,-6.1210265,-4.2328215,0.5465343,1.2286382,3.4498367,5.0818243,0
16.0,7,5.499179,2.4588444,-8.083583,-4.270281,-0.8333347,2.0000827,8.845567,9.338414,3.2067096,1.0682842,0.4708612,-4.4201393,-4.446759,-6.3599024,-6.0638156,-4.2098365,0.6115767,1.3048328,3.4161954,5.01654,0
16.0,7,5.5683804,2.5148969,-7.9143066,-4.2709217,-0.9811525,1.8500104,8.684181,9.178112,3.251912,1.1980717,0.42031205,-4.409949,-4.3073473,-6.3047357,-6.168545,-4.247724,0.5494312,1.2383922,3.5389428,5.1423006,0
16.0,7,5.5888405,2.5313587,-7.8699102,-4.2718325,-1.0197134,1.8138456,8.645598,9.1368,3.2665238,1.2308421,0.40996182,-4.4062004,-4.271546,-6.287337,-6.194899,-4.2593417,0.5326469,1.2186817,3.5652723,5.170658,0
15.0,15,1.0476503,5.7613153,5.8392925,7.006705,8.095955,1.0133579,-7.3928595,-4.294536,-5.8236513,2.2773912,-0.12755442,1.9950578,-7.0791383,-8.83617,16.71264,18.033495,-6.297243,-5.9147925,-10.3976,-8.61168,1
15.0,15,1.0476503,5.7613153,5.8392925,7.006705,8.095955,1.0133579,-7.3928595,-4.294536,-5.8236513,2.2773912,-0.12755442,1.9950578,-7.0791383,-8.83617,16.71264,18.033495,-6.297243,-5.9147925,-10.3976,-8.61168,1
15.0,15,1.0476747,5.7613397,5.8393164,7.006727,8.09594,1.0133641,-7.392853,-4.294554,-5.8236427,2.2773898,-0.12755299,1.9950395,-7.0791173,-8.836158,16.712627,18.03349,-6.2972627,-5.914817,-10.397606,-8.611689,1
15.0,15,1.0479796,5.7616296,5.8396187,7.0070105,8.095694,1.0131817,-7.393012,-4.2947793,-5.823691,2.2775517,-0.12771893,1.9947896,-7.0788913,-8.836271,16.712446,18.03357,-6.297493,-5.9150662,-10.397364,-8.611474,1
15.0,15,1.0476503,5.7613153,5.8392925,7.006705,8.095955,1.0133579,-7.3928595,-4.294536,-5.8236513,2.2773912,-0.12755442,1.9950578,-7.0791383,-8.83617,16.71264,18.033495,-6.297243,-5.9147925,-10.3976,-8.61168,1
15.0,15,1.0476503,5.7613153,5.8392925,7.006705,8.095955,1.0133579,-7.3928595,-4.294536,-5.8236513,2.2773912,-0.12755442,1.9950578,-7.0791383,-8.83617,16.71264,18.033495,-6.297243,-5.9147925,-10.3976,-8.61168,1
1.0,0,15.0702715,14.006973,5.322921,6.7265854,-8.200176,-3.045111,-0.4267425,-3.8727403,2.4232135,5.7967057,3.986376,-1.6902491,-1.2120138,-4.5814977,-0.44832936,2.4782677,-5.2677674,-10.690037,-6.217032,0.45879263,0
1.0,0,15.07027,14.006975,5.3229227,6.7265873,-8.200175,-3.0451097,-0.42674363,-3.8727415,2.423213,5.7967052,3.9863756,-1.6902479,-1.2120147,-4.581498,-0.44832763,2.4782693,-5.2677674,-10.690037,-6.2170324,0.4587918,0
1.0,0,15.070304,14.006908,5.322841,6.7265034,-8.200243,-3.045178,-0.42669785,-3.8726902,2.4232583,5.796749,3.9863977,-1.6903225,-1.2119753,-4.5814586,-0.44840178,2.478197,-5.267725,-10.689994,-6.2169857,0.45883888,0
1.0,0,15.070268,14.006983,5.3229284,6.726596,-8.200167,-3.0451,-0.4267432,-3.8727412,2.4232059,5.7966995,3.986375,-1.6902419,-1.212023,-4.581507,-0.44832024,2.4782765,-5.2677693,-10.690037,-6.21704,0.4587868,0
1.0,0,15.070268,14.006983,5.32293,6.7265964,-8.200167,-3.045099,-0.42674428,-3.8727424,2.4232068,5.796699,3.986374,-1.6902403,-1.2120234,-4.581507,-0.44831887,2.478278,-5.267771,-10.690039,-6.2170405,0.45878655,0
1.0,0,15.070271,14.006975,5.322923,6.726586,-8.200176,-3.0451105,-0.42674285,-3.8727412,2.4232142,5.7967057,3.9863749,-1.6902488,-1.2120144,-4.581498,-0.44832793,2.4782689,-5.2677674,-10.690036,-6.2170324,0.4587925,0
14.0,14,-1.4324219,3.2415957,2.9989767,4.3892,10.088119,2.7339807,-5.6157837,-2.0607584,-5.199891,0.7866996,1.2682177,3.987957,-8.935248,-7.8149157,17.788364,16.883772,-4.340867,-3.6231806,-12.186611,-10.164113,1
14.0,14,-1.4324219,3.2415957,2.9989767,4.3892,10.088119,2.7339807,-5.6157837,-2.0607584,-5.199891,0.7866996,1.2682177,3.987957,-8.935248,-7.8149157,17.788364,16.883772,-4.340867,-3.6231806,-12.186611,-10.164113,1
14.0,14,-1.4325944,3.2414231,2.998787,4.3890405,10.088262,2.734123,-5.615632,-2.0606103,-5.1998563,0.78657013,1.2683195,3.9880462,-8.935347,-7.81482,17.788437,16.883696,-4.3407207,-3.6230447,-12.186768,-10.164288,1
14.0,14,-1.4329516,3.2410097,2.9983292,4.3884935,10.088608,2.7346575,-5.6150694,-2.060027,-5.199371,0.78631145,1.2683893,3.988328,-8.935708,-7.814853,17.78814,16.883158,-4.3408155,-3.62241,-12.186466,-10.163848,1
14.0,14,-1.4324219,3.2415957,2.9989767,4.3892,10.088119,2.7339807,-5.6157837,-2.0607584,-5.199891,0.7866996,1.2682177,3.987957,-8.935248,-7.8149157,17.788364,16.883772,-4.340867,-3.6231806,-12.186611,-10.164113,1
14.0,14,-1.4324219,3.2415957,2.9989767,4.3892,10.088119,2.7339807,-5.6157837,-2.0607584,-5.199891,0.7866996,1.2682177,3.987957,-8.935248,-7.8149157,17.788364,16.883772,-4.340867,-3.6231806,-12.186611,-10.164113,1
0.0,1,13.33823,15.180437,7.323495,9.038362,-5.398645,-0.51218665,-1.6618555,-4.820967,0.48702085,4.1454287,3.3098078,0.5778722,-2.9746828,-6.3545017,2.337203,5.192204,-6.3394985,-10.881122,-7.96206,-1.0784595,0
0.0,1,13.338035,15.180656,7.323641,9.038786,-5.398313,-0.5117906,-1.6619418,-4.821,0.4866413,4.145112,3.309798,0.5782281,-2.9750395,-6.3548584,2.337552,5.192542,-6.3395243,-10.881083,-7.962387,-1.0786376,0
0.0,1,13.338669,15.180304,7.322994,9.038114,-5.39916,-0.51227146,-1.6612425,-4.8205433,0.48728627,4.1454673,3.3101063,0.5773851,-2.9745426,-6.3543487,2.3365965,5.191609,-6.339261,-10.880904,-7.9620547,-1.0782487,0
0.0,1,13.337627,15.180375,7.323453,9.038986,-5.39795,-0.51146334,-1.6618994,-4.8208323,0.48628557,4.1447597,3.3098664,0.57830054,-2.9753127,-6.3551283,2.3378308,5.1928115,-6.3394227,-10.88064,-7.9626126,-1.0787807,0
0.0,1,13.338027,15.180666,7.323655,9.038791,-5.398296,-0.5117812,-1.6619529,-4.821006,0.48663306,4.145111,3.3097894,0.57824206,-2.97505,-6.354869,2.3375711,5.192561,-6.339533,-10.881086,-7.9623933,-1.078644,0
0.0,1,13.338049,15.180673,7.3236446,9.038771,-5.398306,-0.51178926,-1.6619309,-4.820986,0.48664898,4.1451283,3.3097868,0.5782207,-2.975058,-6.354877,2.337562,5.1925516,-6.339526,-10.881099,-7.962388,-1.078638,0
3.0,3,4.9726996,9.298318,5.1164093,16.184849,-3.1454723,2.1447763,-5.7324038,-8.307564,-6.477782,-4.289114,6.817739,5.0702214,-0.46398807,-3.2084322,4.1494155,6.444447,-4.1686664,-3.9207885,-11.166378,-4.542786,1
3.0,3,4.9726996,9.298318,5.1164093,16.184849,-3.1454723,2.1447763,-5.7324038,-8.307564,-6.477782,-4.289114,6.817739,5.0702214,-0.46398807,-3.2084322,4.1494155,6.444447,-4.1686664,-3.9207885,-11.166378,-4.542786,1
3.0,3,4.9726996,9.298318,5.1164093,16.184849,-3.1454723,2.1447763,-5.7324038,-8.307564,-6.477782,-4.289114,6.817739,5.0702214,-0.46398807,-3.2084322,4.1494155,6.444447,-4.1686664,-3.9207885,-11.166378,-4.542786,1
3.0,3,4.9726996,9.298318,5.1164093,16.184849,-3.1454723,2.1447763,-5.7324038,-8.307564,-6.477782,-4.289114,6.817739,5.0702214,-0.46398807,-3.2084322,4.1494155,6.444447,-4.1686664,-3.9207885,-11.166378,-4.542786,1
3.0,3,4.9726996,9.298318,5.1164093,16.184849,-3.1454723,2.1447763,-5.7324038,-8.307564,-6.477782,-4.289114,6.817739,5.0702214,-0.46398807,-3.2084322,4.1494155,6.444447,-4.1686664,-3.9207885,-11.166378,-4.542786,1
3.0,3,4.9726996,9.298318,5.1164093,16.184849,-3.1454723,2.1447763,-5.7324038,-8.307564,-6.477782,-4.289114,6.817739,5.0702214,-0.46398807,-3.2084322,4.1494155,6.444447,-4.1686664,-3.9207885,-11.166378,-4.542786,1
5.0,5,-3.66337,0.38297784,-4.8144784,2.2098103,12.683305,18.56702,11.843682,8.289898,-2.4206986,-12.2576,2.331586,0.69268227,-6.3497643,-3.2937264,4.072789,1.9470824,-2.3481443,3.6394167,-11.118071,-12.049034,1
5.0,5,-3.6635652,0.38263547,-4.814894,2.209522,12.683446,18.566996,11.84391,8.29027,-2.4206562,-12.2576,2.3315277,0.6924511,-6.349908,-3.293871,4.072722,1.9470155,-2.3479743,3.6397192,-11.117796,-12.048864,1
5.0,5,-3.6630237,0.38324046,-4.815751,2.2106903,12.683216,18.5689,11.845885,8.291561,-2.420784,-12.259043,2.3324814,0.6924778,-6.3510795,-3.2950568,4.071702,1.9460337,-2.3479264,3.6408045,-11.118595,-12.0482,1
5.0,5,-3.6629784,0.38365602,-4.815121,2.211194,12.683386,18.569153,11.845591,8.291112,-2.4208393,-12.259112,2.3325067,0.6927775,-6.351189,-3.295169,4.0721235,1.9464489,-2.3483505,3.6404767,-11.118992,-12.048452,1
5.0,5,-3.6630833,0.3834344,-4.8145776,2.2105699,12.683301,18.567999,11.844465,8.290325,-2.4206595,-12.258209,2.332067,0.69282174,-6.3505077,-3.294479,4.072578,1.9468881,-2.348444,3.6398256,-11.118563,-12.048664,1
5.0,5,-3.6635075,0.38274693,-4.8149056,2.2097192,12.683431,18.567192,11.844041,8.290322,-2.4207225,-12.257758,2.3316333,0.69249797,-6.3500175,-3.293983,4.0726924,1.9469883,-2.3479838,3.6397736,-11.11796,-12.048874,1
5.0,5,-0.7372178,2.944531,-1.3502429,4.12425,9.94488,14.656058,8.058882,5.0561395,-1.6835366,-8.384649,2.1959584,0.51457584,-6.295238,-5.0566716,5.134418,4.405249,-4.8309226,1.1980264,-10.131113,-9.075533,1
5.0,5,-0.73726994,2.944488,-1.3502816,4.1241984,9.944923,14.6560545,8.058868,5.056168,-1.6835471,-8.384649,2.195947,0.51462054,-6.295272,-5.056677,5.1344514,4.4052596,-4.830894,1.1980613,-10.131102,-9.075532,1
5.0,5,-0.73866117,2.943153,-1.3512986,4.1234937,9.946394,14.6568985,8.059609,5.057013,-1.683762,-8.385486,2.1958637,0.51422,-6.2955165,-5.05634,5.1352115,4.40555,-4.8303604,1.1987659,-10.131449,-9.0768585,1
5.0,5,-0.7416363,2.940555,-1.35282,4.1214957,9.949516,14.657905,8.060253,5.0583057,-1.6840228,-8.386465,2.1947803,0.51362944,-6.2956343,-5.0555778,5.1366925,4.4062996,-4.8295918,1.1997008,-10.130932,-9.078974,1
5.0,5,-0.7374354,2.9443336,-1.3501111,4.1240263,9.945129,14.655752,8.0585165,5.055981,-1.6835164,-8.384365,2.195689,0.5144876,-6.2951655,-5.0566406,5.134774,4.4056273,-4.8310413,1.1978934,-10.130861,-9.075602,1
5.0,5,-0.7372178,2.944531,-1.3502429,4.12425,9.94488,14.656058,8.058882,5.0561395,-1.6835366,-8.384649,2.1959584,0.51457584,-6.295238,-5.0566716,5.134418,4.405249,-4.8309226,1.1980264,-10.131113,-9.075533,1
2.0,9,3.7757201,0.8233532,3.6173735,-9.549159,-5.8096967,-9.809452,-5.4094954,-4.447005,9.9057665,11.766848,2.1316898,0.8575982,1.4657034,2.7859664,-0.9159721,-1.6705865,-0.97577214,-4.588239,1.8359156,2.7898903,0
2.0,9,3.7757201,0.8233532,3.6173735,-9.549159,-5.8096967,-9.809452,-5.4094954,-4.447005,9.9057665,11.766848,2.1316898,0.8575982,1.4657034,2.7859664,-0.9159721,-1.6705865,-0.97577214,-4.588239,1.8359156,2.7898903,0
2.0,9,3.7757201,0.8233532,3.6173735,-9.549159,-5.8096967,-9.809452,-5.4094954,-4.447005,9.9057665,11.766848,2.1316898,0.8575982,1.4657034,2.7859664,-0.9159721,-1.6705865,-0.97577214,-4.588239,1.8359156,2.7898903,0
2.0,9,3.7757201,0.8233532,3.6173735,-9.549159,-5.8096967,-9.809452,-5.4094954,-4.447005,9.9057665,11.766848,2.1316898,0.8575982,1.4657034,2.7859664,-0.9159721,-1.6705865,-0.97577214,-4.588239,1.8359156,2.7898903,0
2.0,9,3.7757201,0.8233532,3.6173735,-9.549159,-5.8096967,-9.809452,-5.4094954,-4.447005,9.9057665,11.766848,2.1316898,0.8575982,1.4657034,2.7859664,-0.9159721,-1.6705865,-0.97577214,-4.588239,1.8359156,2.7898903,0
2.0,9,3.7757201,0.8233532,3.6173735,-9.549159,-5.8096967,-9.809452,-5.4094954,-4.447005,9.9057665,11.766848,2.1316898,0.8575982,1.4657034,2.7859664,-0.9159721,-1.6705865,-0.97577214,-4.588239,1.8359156,2.7898903,0
17.0,10,-1.8505957,-3.690796,-8.348477,-1.0901865,-3.005879,0.67888623,2.9335158,2.9462783,0.6343403,-3.2864408,8.403926,2.8438945,-1.9879531,0.8133877,-3.4760256,-5.3422422,5.83163,6.646958,-4.5004067,-0.320957,0
17.0,10,-1.851887,-3.692544,-8.350187,-1.0912297,-3.0030854,0.68144363,2.9362097,2.949594,0.634979,-3.2870786,8.403507,2.8423488,-1.9910607,0.81011814,-3.4750984,-5.341183,5.8305545,6.649825,-4.4997644,-0.31957954,0
17.0,10,-1.8576314,-3.6980124,-8.354145,-1.09025,-3.0002942,0.6828508,2.9352639,2.950466,0.63081205,-3.2914777,8.404636,2.8440628,-1.9907587,0.8112772,-3.4736595,-5.340436,5.8332634,6.655389,-4.500747,-0.32146734,0
17.0,10,-1.8561804,-3.696869,-8.356493,-1.0962819,-2.9944804,0.6831476,2.939193,2.960029,0.63501513,-3.2834587,8.402643,2.8421023,-2.0078797,0.79408485,-3.4654465,-5.3323,5.8309107,6.65788,-4.499003,-0.31271583,0
17.0,10,-1.8530684,-3.6936812,-8.352205,-1.0902957,-3.0024397,0.6819126,2.936684,2.9505017,0.6336434,-3.2886987,8.403649,2.8421519,-1.9911311,0.8098268,-3.4753492,-5.3412724,5.8312964,6.6512585,-4.499099,-0.31937808,0
17.0,10,-1.8502665,-3.6904945,-8.348672,-1.0907922,-3.005558,0.6799442,2.9351904,2.9471543,0.635175,-3.2868166,8.40344,2.8428137,-1.9876888,0.8136286,-3.4770598,-5.34325,5.8314457,6.646492,-4.4998684,-0.32128316,0
18.0,18,-3.1609747,-6.611217,-6.3913565,-11.714768,-5.8341317,-11.214663,-3.8376942,1.1407439,6.393282,7.1218987,-2.930284,-1.3263301,5.756741,2.3756418,-12.647596,-9.716573,3.7460208,4.5417447,18.588852,13.453394,1
18.0,18,-3.1609719,-6.611214,-6.3913593,-11.714765,-5.834136,-11.214659,-3.8376913,1.1407477,6.393278,7.121895,-2.9302793,-1.3263258,5.7567363,2.3756375,-12.647599,-9.716575,3.7460246,4.5417495,18.588848,13.453398,1
18.0,18,-3.160979,-6.6112227,-6.391352,-11.714772,-5.834127,-11.214665,-3.8376982,1.1407396,6.393285,7.1219015,-2.9302902,-1.3263358,5.756748,2.3756475,-12.647594,-9.716569,3.746017,4.5417404,18.58886,13.453388,1
18.0,18,-3.1609747,-6.611219,-6.3913407,-11.714772,-5.8341293,-11.214676,-3.8377075,1.1407298,6.3932896,7.121912,-2.9302926,-1.3263396,5.7567515,2.3756478,-12.647588,-9.71656,3.7460093,4.541731,18.588861,13.453389,1
18.0,18,-3.1609747,-6.611217,-6.3913536,-11.71477,-5.8341317,-11.214663,-3.8376954,1.1407422,6.3932824,7.1218996,-2.9302845,-1.326331,5.756742,2.3756425,-12.647595,-9.716571,3.7460208,4.5417438,18.588852,13.453393,1
18.0,18,-3.1609714,-6.611213,-6.39136,-11.714765,-5.8341365,-11.214661,-3.8376915,1.1407472,6.393278,7.121896,-2.9302783,-1.3263248,5.756736,2.3756368,-12.647598,-9.716576,3.7460256,4.5417495,18.588848,13.453398,1
10.0,10,0.5591535,-0.3202212,-5.2279406,1.8413706,-5.1604133,-0.72116446,0.21822965,-0.42812505,0.96477985,-2.004052,9.957808,5.3923388,-2.316596,0.76750046,-2.0013323,-4.0979986,4.2358804,3.9242988,-6.791554,-0.06987536,1
10.0,10,0.5591535,-0.3202212,-5.2279406,1.8413706,-5.1604133,-0.72116446,0.21822965,-0.42812505,0.96477985,-2.004052,9.957808,5.3923388,-2.316596,0.76750046,-2.0013323,-4.0979986,4.2358804,3.9242988,-6.791554,-0.06987536,1
10.0,10,0.55915284,-0.3202213,-5.227941,1.8413701,-5.1604123,-0.7211657,0.2182287,-0.4281256,0.9647793,-2.0040517,9.957808,5.392339,-2.316596,0.7675014,-2.0013316,-4.0979986,4.235881,3.924299,-6.7915535,-0.06987536,1
10.0,10,0.55911046,-0.32024992,-5.227821,1.8413134,-5.1605463,-0.7212675,0.21806824,-0.42829368,0.9649059,-2.0039964,9.957806,5.3925014,-2.3164358,0.7676659,-2.0015135,-4.09818,4.23582,3.9243314,-6.7913737,-0.069686234,1
10.0,10,0.5591535,-0.3202212,-5.2279406,1.8413706,-5.1604133,-0.72116446,0.21822965,-0.42812505,0.96477985,-2.004052,9.957808,5.3923388,-2.316596,0.76750046,-2.0013323,-4.0979986,4.2358804,3.9242988,-6.791554,-0.06987536,1
10.0,10,0.5591535,-0.3202212,-5.2279406,1.8413706,-5.1604133,-0.72116446,0.21822965,-0.42812505,0.96477985,-2.004052,9.957808,5.3923388,-2.316596,0.76750046,-2.0013323,-4.0979986,4.2358804,3.9242988,-6.791554,-0.06987536,1
4.0,4,-6.340152,-1.8224629,-2.6130633,-0.8064345,15.121314,10.925432,3.5665576,5.122399,-2.9124012,-5.586217,-1.288557,1.0420065,-7.318382,-5.2035832,11.051841,9.478377,-3.3401947,1.5828106,-7.2164817,-10.686241,1
4.0,4,-6.3395424,-1.8219062,-2.6125078,-0.80591357,15.120797,10.925759,3.5668914,5.121941,-2.91215,-5.5864816,-1.28831,1.0416626,-7.3176646,-5.202925,11.051313,9.477908,-3.3404884,1.5822095,-7.216944,-10.6867895,1
4.0,4,-6.3389497,-1.8213457,-2.6120648,-0.8051348,15.120369,10.926535,3.567559,5.121691,-2.9118338,-5.587035,-1.2877717,1.0414042,-7.3173156,-5.202555,11.0507965,9.477394,-3.340921,1.5819434,-7.2176824,-10.687209,1
4.0,4,-6.3390436,-1.8214353,-2.6121814,-0.80524886,15.120426,10.92651,3.5675352,5.121768,-2.9118633,-5.5870304,-1.2877426,1.0415395,-7.317426,-5.2025743,11.050876,9.477401,-3.340812,1.582041,-7.2177186,-10.687198,1
4.0,4,-6.3395925,-1.8219489,-2.6126971,-0.80582595,15.120881,10.926173,3.5672543,5.122183,-2.912077,-5.5867786,-1.2880554,1.0417856,-7.3179317,-5.203033,11.051256,9.477734,-3.3404896,1.5824986,-7.2172036,-10.686774,1
4.0,4,-6.3401237,-1.8224372,-2.612965,-0.80650055,15.1212635,10.925093,3.5662625,5.122264,-2.9124918,-5.585967,-1.2887669,1.0419393,-7.318266,-5.2036138,11.051902,9.478549,-3.3401825,1.5826485,-7.2162323,-10.686148,1
7.0,7,-1.850024,-4.247946,-17.538074,-6.8927765,5.1475854,6.434835,13.930321,15.94257,0.5730909,-4.8788505,3.6095057,-2.9842696,-9.571796,-6.4614434,-2.258763,-4.4113946,7.532947,7.405646,-1.0359685,-0.5308792,1
7.0,7,-1.729881,-4.1225905,-17.420168,-6.863596,5.187804,6.5722675,14.047497,15.953047,0.63221717,-4.8852377,3.594482,-3.0679016,-9.583927,-6.474483,-2.225698,-4.376333,7.42003,7.284381,-1.1630304,-0.65413135,1
7.0,7,-1.6823813,-4.075273,-17.369385,-6.876821,5.2247353,6.661658,14.134687,15.976398,0.67220163,-4.9004803,3.5678947,-3.134005,-9.569773,-6.4606233,-2.2316124,-4.381165,7.3677206,7.225164,-1.2082877,-0.73317,1
7.0,7,-1.7408819,-4.1326327,-17.429392,-6.9128084,5.2420106,6.624768,14.107206,16.000196,0.6419071,-4.902069,3.5489993,-3.1132684,-9.575053,-6.465516,-2.2349586,-4.385557,7.4163084,7.273705,-1.1492393,-0.6987948,1
7.0,7,-1.8373035,-4.231194,-17.532356,-6.9264455,5.20423,6.4837594,13.977883,15.989828,0.58019066,-4.8744936,3.571608,-3.0125098,-9.606677,-6.4962993,-2.2298594,-4.382531,7.5097423,7.3869786,-1.0475159,-0.55950946,1
7.0,7,-1.8358642,-4.2337866,-17.52374,-6.885544,5.147203,6.4445605,13.937507,15.938578,0.57995725,-4.8775644,3.6114998,-2.990499,-9.572287,-6.4621053,-2.254466,-4.406825,7.5196815,7.392347,-1.0500305,-0.5407824,1
13.0,13,-3.1964486,-6.2772584,1.4664587,-5.5164795,-6.127156,-5.8875194,-5.65232,-8.814282,5.3376126,0.69073707,3.5303926,0.7120794,15.190367,16.72781,-8.087076,-8.891416,1.4885248,-0.23263128,1.9226553,-4.915128,1
13.0,13,-3.1964486,-6.2772584,1.4664587,-5.5164795,-6.127156,-5.8875194,-5.65232,-8.814282,5.3376126,0.69073707,3.5303926,0.7120794,15.190367,16.72781,-8.087076,-8.891416,1.4885248,-0.23263128,1.9226553,-4.915128,1
13.0,13,-3.1964486,-6.2772584,1.4664587,-5.5164795,-6.127156,-5.8875194,-5.65232,-8.814282,5.3376126,0.69073707,3.5303926,0.7120794,15.190367,16.72781,-8.087076,-8.891416,1.4885248,-0.23263128,1.9226553,-4.915128,1
13.0,13,-3.196449,-6.2772584,1.4664596,-5.5164795,-6.1271553,-5.8875194,-5.65232,-8.814282,5.3376126,0.6907373,3.5303926,0.71207976,15.190367,16.727812,-8.087075,-8.891414,1.4885247,-0.23263164,1.9226551,-4.9151287,1
13.0,13,-3.1964486,-6.2772584,1.4664587,-5.5164795,-6.127156,-5.8875194,-5.65232,-8.814282,5.3376126,0.69073707,3.5303926,0.7120794,15.190367,16.72781,-8.087076,-8.891416,1.4885248,-0.23263128,1.9226553,-4.915128,1
13.0,13,-3.1964486,-6.2772584,1.4664587,-5.5164795,-6.127156,-5.8875194,-5.65232,-8.814282,5.3376126,0.69073707,3.5303926,0.7120794,15.190367,16.72781,-8.087076,-8.891416,1.4885248,-0.23263128,1.9226553,-4.915128,1
3.0,3,5.8758855,10.426295,4.7804837,18.911087,-3.0549905,3.0441296,-5.060156,-8.0428,-7.85336,-5.3595314,7.553763,4.326575,-1.4780642,-4.8097525,5.0924306,7.824028,-4.5153284,-4.1522503,-12.693361,-5.1146116,1
3.0,3,5.8758855,10.426295,4.7804837,18.911087,-3.0549905,3.0441296,-5.060156,-8.0428,-7.85336,-5.3595314,7.553763,4.326575,-1.4780642,-4.8097525,5.0924306,7.824028,-4.5153284,-4.1522503,-12.693361,-5.1146116,1
3.0,3,5.8758664,10.426277,4.7804585,18.911095,-3.0550122,3.0440981,-5.060178,-8.04281,-7.853366,-5.359536,7.5537724,4.3265886,-1.4780499,-4.8097396,5.0924087,7.824008,-4.515306,-4.152234,-12.693329,-5.1145835,1
3.0,3,5.875992,10.426404,4.780593,18.911121,-3.054904,3.0443285,-5.060006,-8.042739,-7.853363,-5.3595634,7.553757,4.326477,-1.4781435,-4.809837,5.092521,7.8241253,-4.515418,-4.152315,-12.693581,-5.114783,1
3.0,3,5.8758855,10.426295,4.7804837,18.911087,-3.0549905,3.0441296,-5.060156,-8.0428,-7.85336,-5.3595314,7.553763,4.326575,-1.4780642,-4.8097525,5.0924306,7.824028,-4.5153284,-4.1522503,-12.693361,-5.1146116,1
3.0,3,5.8758855,10.426295,4.7804837,18.911087,-3.0549905,3.0441296,-5.060156,-8.0428,-7.85336,-5.3595314,7.553763,4.326575,-1.4780642,-4.8097525,5.0924306,7.824028,-4.5153284,-4.1522503,-12.693361,-5.1146116,1
4.0,4,-7.8873773,-3.9826574,-4.9710193,-3.1707945,16.048922,11.060866,4.8777256,6.739326,-3.0060287,-6.320256,-1.5862429,0.33535683,-6.64339,-3.6059058,10.520012,8.229972,-1.2876399,2.492573,-6.7684555,-12.154652,1
4.0,4,-7.8873944,-3.9824986,-4.970814,-3.1705294,16.049015,11.060953,4.8775396,6.739179,-3.006156,-6.320288,-1.5862112,0.33557498,-6.643577,-3.606111,10.5202675,8.230239,-1.2877868,2.4925444,-6.7686367,-12.154652,1
4.0,4,-7.887422,-3.9831824,-4.9716406,-3.1716347,16.048737,11.060455,4.878072,6.7397647,-3.0057125,-6.3200097,-1.5863998,0.33483136,-6.643042,-3.6055193,10.519475,8.229414,-1.2872179,2.492728,-6.7678266,-12.154481,1
4.0,4,-7.8872743,-3.9814963,-4.9696403,-3.1689672,16.04937,11.061817,4.877021,6.7384157,-3.0066204,-6.3207626,-1.5859227,0.33647788,-6.6442513,-3.6068735,10.521187,8.231213,-1.2886788,2.4922676,-6.7697425,-12.154889,1
4.0,4,-7.8873773,-3.982656,-4.9710183,-3.1707926,16.04892,11.060869,4.8777266,6.739326,-3.0060291,-6.320257,-1.5862422,0.33535767,-6.643391,-3.605907,10.520012,8.229972,-1.2876406,2.4925737,-6.768457,-12.154652,1
4.0,4,-7.88738,-3.9826765,-4.9710393,-3.1708245,16.048916,11.06085,4.877734,6.7393384,-3.0060186,-6.3202467,-1.5862491,0.33534098,-6.6433787,-3.6058917,10.519996,8.229955,-1.2876256,2.4925785,-6.768434,-12.154648,1
13.0,12,-1.904547,-4.9446673,3.386345,-3.9214678,-7.187072,-6.9527917,-7.1622066,-10.303835,4.7442827,1.57563,2.2293034,-0.29116738,16.612268,16.042196,-8.979305,-8.141466,-0.114025444,-1.2491152,3.700591,-3.3687122,0
13.0,12,-1.904557,-4.944677,3.3863378,-3.9214697,-7.187067,-6.9527874,-7.1622057,-10.303833,4.7442756,1.5756199,2.2293,-0.2911688,16.612278,16.042208,-8.97931,-8.141471,-0.11401972,-1.249109,3.7005944,-3.3687205,0
13.0,12,-1.9045436,-4.944668,3.3863401,-3.921473,-7.1870756,-6.9527955,-7.162202,-10.303831,4.744285,1.575633,2.229303,-0.2911719,16.612268,16.042196,-8.979309,-8.141471,-0.11402115,-1.2491167,3.700594,-3.3687117,0
13.0,12,-1.9044898,-4.9446154,3.386385,-3.9214292,-7.1871223,-6.952843,-7.162241,-10.303868,4.744275,1.5756748,2.2292838,-0.29120004,16.612288,16.042166,-8.979323,-8.141448,-0.11404738,-1.2491608,3.700626,-3.3686695,0
13.0,12,-1.9045293,-4.9446545,3.386341,-3.921476,-7.1870847,-6.952805,-7.162199,-10.303829,4.744289,1.5756452,2.2293036,-0.291178,16.61226,16.04219,-8.979307,-8.14147,-0.11401388,-1.249132,3.700591,-3.368711,0
13.0,12,-1.9045122,-4.9446373,3.386375,-3.92143,-7.18711,-6.9528317,-7.16224,-10.303867,4.744267,1.5756536,2.2292802,-0.29119694,16.612303,16.042181,-8.979332,-8.141457,-0.11404714,-1.2491404,3.7006354,-3.368674,0
3.0,3,4.9716806,9.546859,4.6133513,18.701443,-3.5268848,2.402715,-5.883934,-8.57853,-7.8982487,-5.420986,7.8925753,5.0112586,-0.9907869,-4.177694,4.615701,7.2335443,-3.918126,-3.3179796,-12.216967,-4.6013403,1
3.0,3,4.9716806,9.546859,4.6133513,18.701443,-3.5268848,2.402715,-5.883934,-8.57853,-7.8982487,-5.420986,7.8925753,5.0112586,-0.9907869,-4.177694,4.615701,7.2335443,-3.918126,-3.3179796,-12.216967,-4.6013403,1
3.0,3,4.9716973,9.546875,4.6132607,18.701515,-3.5268667,2.4027793,-5.8838406,-8.578452,-7.898307,-5.421061,7.892624,5.0112185,-0.99085486,-4.177755,4.6157236,7.2335596,-3.918077,-3.3179595,-12.217045,-4.601389,1
3.0,3,4.971731,9.546912,4.6133676,18.701569,-3.5269058,2.4027767,-5.883875,-8.578545,-7.8982744,-5.421054,7.8926077,5.0111775,-0.9907564,-4.1776986,4.6156807,7.233551,-3.918157,-3.3180172,-12.217024,-4.601399,1
3.0,3,4.9716806,9.546859,4.6133513,18.701443,-3.5268848,2.402715,-5.883934,-8.57853,-7.8982487,-5.420986,7.8925753,5.0112586,-0.9907869,-4.177694,4.615701,7.2335443,-3.918126,-3.3179796,-12.216967,-4.6013403,1
3.0,3,4.9716806,9.546859,4.6133513,18.701443,-3.5268848,2.402715,-5.883934,-8.57853,-7.8982487,-5.420986,7.8925753,5.0112586,-0.9907869,-4.177694,4.615701,7.2335443,-3.918126,-3.3179796,-12.216967,-4.6013403,1
4.0,6,-1.7048527,0.36998707,-9.773235,-2.1235635,9.125043,12.121508,12.757946,11.840443,-0.40041637,-7.16721,2.2359602,-1.443581,-9.410542,-6.5307164,2.0909896,0.03564463,2.3883743,2.9708095,-6.1984615,-6.5698805,0
4.0,6,-1.7127781,0.370332,-9.7619095,-2.1129987,9.137608,12.134524,12.750853,11.83233,-0.40897512,-7.177281,2.2341046,-1.4343115,-9.409537,-6.529301,2.1027431,0.047019344,2.37845,2.972559,-6.20946,-6.5813375,0
4.0,6,-1.752425,0.35931665,-9.716834,-2.0778112,9.193072,12.179745,12.712389,11.796631,-0.44389248,-7.213129,2.224408,-1.3956388,-9.402135,-6.5191913,2.1577554,0.099760994,2.3357952,2.985984,-6.250505,-6.6270967,0
4.0,6,-1.7614694,0.34350216,-9.719912,-2.0948174,9.198913,12.160188,12.69676,11.795302,-0.43910408,-7.1960382,2.2178297,-1.3963968,-9.403997,-6.5203805,2.1705189,0.11188291,2.3334827,2.990698,-6.2363935,-6.6178126,0
4.0,6,-1.7128619,0.36560977,-9.766097,-2.122804,9.136262,12.124222,12.748851,11.834898,-0.40370536,-7.167837,2.2316344,-1.4387735,-9.410595,-6.530283,2.1034656,0.047637325,2.380426,2.9721038,-6.200834,-6.575376,0
4.0,6,-1.7027853,0.37122065,-9.774908,-2.1248112,9.122735,12.12013,12.760212,11.842188,-0.39867687,-7.165804,2.2362285,-1.4454709,-9.411182,-6.531572,2.0883965,0.03321598,2.390048,2.969694,-6.1967034,-6.567967,0
5.0,5,-3.7095044,0.4225744,-1.942921,1.8829327,12.487786,13.148685,5.9742928,4.629046,-2.3784494,-7.554515,1.5022154,1.1229601,-6.5809283,-3.9599907,8.813222,6.9224615,-3.449945,1.0616401,-10.707293,-11.858585,1
5.0,5,-3.7095044,0.4225744,-1.942921,1.8829327,12.487786,13.148685,5.9742928,4.629046,-2.3784494,-7.554515,1.5022154,1.1229601,-6.5809283,-3.9599907,8.813222,6.9224615,-3.449945,1.0616401,-10.707293,-11.858585,1
5.0,5,-3.7088995,0.4231208,-1.9427933,1.8835533,12.487134,13.148849,5.9745064,4.6289144,-2.3785372,-7.554714,1.5027307,1.123102,-6.5809474,-3.9600372,8.812864,6.922137,-3.449883,1.0615617,-10.707893,-11.858531,1
5.0,5,-3.7086904,0.4232517,-1.9425795,1.8836889,12.4869585,13.148878,5.974578,4.6287384,-2.3783464,-7.554698,1.5028142,1.1229157,-6.580726,-3.9598536,8.812731,6.922038,-3.4500828,1.0613761,-10.707968,-11.858615,1
5.0,5,-3.7095044,0.4225744,-1.942921,1.8829327,12.487786,13.148685,5.9742928,4.629046,-2.3784494,-7.554515,1.5022154,1.1229601,-6.5809283,-3.9599907,8.813222,6.9224615,-3.449945,1.0616401,-10.707293,-11.858585,1
5.0,5,-3.7095044,0.4225744,-1.942921,1.8829327,12.487786,13.148685,5.9742928,4.629046,-2.3784494,-7.554515,1.5022154,1.1229601,-6.5809283,-3.9599907,8.813222,6.9224615,-3.449945,1.0616401,-10.707293,-11.858585,1
15.0,14,-1.3178064,3.368329,4.0275197,4.536392,9.107343,1.5230527,-6.7524414,-3.2205446,-5.0867786,1.6561635,1.1662655,3.67068,-8.141315,-7.5586143,17.446692,16.94379,-4.233607,-4.070089,-11.706091,-9.822191,0
15.0,14,-1.3178064,3.368329,4.0275197,4.536392,9.107343,1.5230527,-6.7524414,-3.2205446,-5.0867786,1.6561635,1.1662655,3.67068,-8.141315,-7.5586143,17.446692,16.94379,-4.233607,-4.070089,-11.706091,-9.822191,0
15.0,14,-1.3178911,3.3682408,4.027448,4.5363045,9.1073885,1.5230954,-6.7523966,-3.2204964,-5.086746,1.6561241,1.166321,3.6707392,-8.141355,-7.558561,17.446716,16.943743,-4.233538,-4.0700183,-11.706156,-9.822251,0
15.0,14,-1.3182669,3.3678622,4.0271177,4.535902,9.1076355,1.5233169,-6.7521696,-3.2202463,-5.086604,1.6559455,1.1665585,3.6710095,-8.141582,-7.558351,17.446875,16.943562,-4.233234,-4.069714,-11.706467,-9.822536,0
15.0,14,-1.3178064,3.368329,4.0275197,4.536392,9.107343,1.5230527,-6.7524414,-3.2205446,-5.0867786,1.6561635,1.1662655,3.67068,-8.141315,-7.5586143,17.446692,16.94379,-4.233607,-4.070089,-11.706091,-9.822191,0
15.0,14,-1.3178064,3.368329,4.0275197,4.536392,9.107343,1.5230527,-6.7524414,-3.2205446,-5.0867786,1.6561635,1.1662655,3.67068,-8.141315,-7.5586143,17.446692,16.94379,-4.233607,-4.070089,-11.706091,-9.822191,0
1.0,0,12.806777,12.481492,4.1432743,7.7456837,-7.370259,-2.7833438,-1.505421,-3.753619,0.3675437,4.3772807,4.486385,-0.20482934,-2.076146,-5.4149857,0.35859236,3.2284133,-4.0632634,-8.337681,-6.4802012,0.7627893,0
1.0,0,12.806777,12.481492,4.1432743,7.7456837,-7.370259,-2.7833438,-1.505421,-3.753619,0.3675437,4.3772807,4.486385,-0.20482934,-2.076146,-5.4149857,0.35859236,3.2284133,-4.0632634,-8.337681,-6.4802012,0.7627893,0
1.0,0,12.807109,12.479297,4.1409087,7.741847,-7.371296,-2.786176,-1.5049793,-3.7515416,0.36824757,4.3798733,4.486144,-0.20665848,-2.0765483,-5.415354,0.35807332,3.2278976,-4.0611506,-8.336387,-6.478809,0.76422745,0
1.0,0,12.808101,12.481217,4.141629,7.742606,-7.3705645,-2.78488,-1.5041089,-3.7512,0.3685242,4.3796353,4.4855604,-0.20651424,-2.077486,-5.4163938,0.35841402,3.2283044,-4.0622473,-8.337818,-6.478986,0.7640982,0
1.0,0,12.806777,12.481492,4.1432743,7.7456837,-7.370259,-2.7833438,-1.505421,-3.753619,0.3675437,4.3772807,4.486385,-0.20482934,-2.076146,-5.4149857,0.35859236,3.2284133,-4.0632634,-8.337681,-6.4802012,0.7627893,0
1.0,0,12.806777,12.481492,4.1432743,7.7456837,-7.370259,-2.7833438,-1.505421,-3.753619,0.3675437,4.3772807,4.486385,-0.20482934,-2.076146,-5.4149857,0.35859236,3.2284133,-4.0632634,-8.337681,-6.4802012,0.7627893,0
15.0,15,0.19031028,4.93379,4.9983773,6.1912165,8.761484,1.2828493,-7.1554766,-3.7395434,-5.8215566,1.9643326,0.25637686,2.6750598,-7.6792297,-8.54777,17.352505,17.97805,-5.5699625,-5.295226,-11.027773,-9.229115,1
15.0,15,0.19031028,4.93379,4.9983773,6.1912165,8.761484,1.2828493,-7.1554766,-3.7395434,-5.8215566,1.9643326,0.25637686,2.6750598,-7.6792297,-8.54777,17.352505,17.97805,-5.5699625,-5.295226,-11.027773,-9.229115,1
15.0,15,0.19031028,4.93379,4.9983773,6.1912165,8.761484,1.2828493,-7.1554766,-3.7395434,-5.8215566,1.9643326,0.25637686,2.6750598,-7.6792297,-8.54777,17.352505,17.97805,-5.5699625,-5.295226,-11.027773,-9.229115,1
15.0,15,0.19031028,4.93379,4.9983773,6.1912165,8.761484,1.2828493,-7.1554766,-3.7395434,-5.8215566,1.9643326,0.25637686,2.6750598,-7.6792297,-8.54777,17.352505,17.97805,-5.5699625,-5.295226,-11.027773,-9.229115,1
15.0,15,0.19031028,4.93379,4.9983773,6.1912165,8.761484,1.2828493,-7.1554766,-3.7395434,-5.8215566,1.9643326,0.25637686,2.6750598,-7.6792297,-8.54777,17.352505,17.97805,-5.5699625,-5.295226,-11.027773,-9.229115,1
15.0,15,0.19031028,4.93379,4.9983773,6.1912165,8.761484,1.2828493,-7.1554766,-3.7395434,-5.8215566,1.9643326,0.25637686,2.6750598,-7.6792297,-8.54777,17.352505,17.97805,-5.5699625,-5.295226,-11.027773,-9.229115,1
18.0,18,-3.083069,-6.4521003,-5.2640114,-11.972007,-5.476897,-11.673525,-4.51229,0.32101473,7.2734547,8.0718975,-3.0751123,-1.5460514,5.7120056,2.5197215,-11.506327,-8.739913,2.793573,3.595581,18.398996,13.005432,1
18.0,18,-3.0827897,-6.4518332,-5.2638645,-11.971787,-5.477088,-11.673527,-4.512342,0.32092747,7.2735415,8.072021,-3.074779,-1.5457908,5.7116456,2.5194836,-11.506096,-8.739773,2.7934616,3.595546,18.398548,13.005539,1
18.0,18,-3.0822904,-6.451325,-5.26366,-11.971262,-5.477525,-11.673653,-4.5124893,0.32079348,7.2734027,8.07216,-3.0745778,-1.5456225,5.711378,2.5190034,-11.506151,-8.73966,2.7933195,3.595485,18.398384,13.006009,1
18.0,18,-3.0817053,-6.4508095,-5.26317,-11.970998,-5.477781,-11.673685,-4.5126047,0.3205472,7.273795,8.07259,-3.0739994,-1.5452646,5.7107024,2.5186057,-11.505514,-8.739235,2.7929018,3.5952318,18.397469,13.006069,1
18.0,18,-3.082256,-6.4513397,-5.263509,-11.971416,-5.4774184,-11.673589,-4.512459,0.3207303,7.2736998,8.072302,-3.0743642,-1.545525,5.7111773,2.5190876,-11.505777,-8.739505,2.7931774,3.595379,18.397955,13.005746,1
18.0,18,-3.0828254,-6.4518676,-5.263896,-11.971804,-5.477074,-11.673527,-4.512334,0.32094082,7.273521,8.071995,-3.0748105,-1.5458115,5.711689,2.5195115,-11.506136,-8.739802,2.7934866,3.595562,18.398603,13.005537,1
18.0,18,-3.7852929,-7.1187124,-5.5715017,-12.460041,-5.018372,-11.668562,-4.4548845,0.44321832,7.044774,7.7500587,-3.8238854,-2.1208162,6.6216455,3.1810613,-11.991245,-9.038762,3.0531101,3.66889,19.370724,12.643967,1
18.0,18,-3.7851427,-7.1185236,-5.571295,-12.459787,-5.0184674,-11.668551,-4.455044,0.44303307,7.044756,7.750106,-3.8236647,-2.1205788,6.6214614,3.180945,-11.991005,-9.038571,3.0529718,3.6688452,19.37035,12.643959,1
18.0,18,-3.7851498,-7.1184893,-5.571378,-12.459733,-5.0184584,-11.668402,-4.4549274,0.4431208,7.0446434,7.7499466,-3.8236203,-2.1205091,6.6214323,3.1809466,-11.99107,-9.03866,3.0530858,3.6689055,19.370226,12.643876,1
18.0,18,-3.7847545,-7.1182137,-5.571129,-12.459542,-5.018787,-11.668665,-4.4550877,0.44292507,7.0448027,7.750272,-3.8234696,-2.1205473,6.621328,3.18075,-11.991003,-9.038517,3.0528588,3.6687279,19.370136,12.644148,1
18.0,18,-3.7847574,-7.118245,-5.57113,-12.459599,-5.018782,-11.668709,-4.4550924,0.44293365,7.0448675,7.750332,-3.8235006,-2.1205978,6.6213317,3.180739,-11.991011,-9.038513,3.0528202,3.668726,19.370224,12.644208,1
18.0,18,-3.785228,-7.1186066,-5.5713654,-12.45984,-5.0184054,-11.668502,-4.455002,0.44308886,7.044733,7.7500396,-3.8236957,-2.1205807,6.621489,3.1809845,-11.991039,-9.038616,3.0530114,3.6689148,19.370396,12.643936,1
6.0,6,0.70058113,-1.5205141,-14.540982,-5.53794,5.3374085,11.077672,18.030777,15.615782,2.5446687,-6.8851995,3.6859531,-5.7853475,-7.4028764,-4.3301125,-4.0418077,-6.105536,4.9515696,4.5481315,-3.8579593,-4.5367465,1
6.0,6,0.7025854,-1.5175213,-14.537585,-5.5358677,5.337713,11.080531,18.032139,15.614474,2.545679,-6.8859625,3.686208,-5.786033,-7.4025292,-4.329783,-4.0413194,-6.1050262,4.9490514,4.545444,-3.8608336,-4.5393543,1
6.0,6,0.70507497,-1.5136458,-14.5333805,-5.5342007,5.339103,11.083696,18.033377,15.613592,2.54663,-6.8857727,3.6858287,-5.7865176,-7.4038424,-4.331086,-4.039027,-6.1027575,4.94589,4.5420485,-3.8644953,-4.5422063,1
6.0,6,0.7075427,-1.5103277,-14.529705,-5.5322795,5.3394666,11.086695,18.035002,15.612425,2.5479012,-6.8862267,3.6860337,-5.7874675,-7.4037495,-4.3310046,-4.0382957,-6.102003,4.9430666,4.539042,-3.867692,-4.5449514,1
6.0,6,0.70194525,-1.518483,-14.538717,-5.5367765,5.3378315,11.079556,18.031673,15.615102,2.5453258,-6.88549,3.6859665,-5.785793,-7.4029794,-4.3302217,-4.04118,-6.1049013,4.949855,4.5463166,-3.8598917,-4.538431,1
6.0,6,0.6996295,-1.5217532,-14.542345,-5.5385685,5.3372397,11.07658,18.030157,15.616158,2.544179,-6.8851137,3.685912,-5.7849665,-7.4028363,-4.3300705,-4.0421453,-6.105879,4.9526205,4.5492625,-3.856759,-4.5357356,1
12.0,12,0.11843972,-3.0073676,4.782244,-3.870933,-7.6049604,-7.3096557,-6.785942,-9.983576,5.577806,3.3580668,1.0153744,-1.809414,15.763384,13.826621,-9.225847,-7.330187,-1.578671,-2.6787298,4.9152,-1.7019143,1
12.0,12,0.11838703,-3.0074105,4.7822537,-3.8709419,-7.6048937,-7.309589,-6.7859335,-9.983568,5.577789,3.3580184,1.0153551,-1.8093997,15.763397,13.826641,-9.225827,-7.330172,-1.5787003,-2.678687,4.9151835,-1.7019541,1
12.0,12,0.11802618,-3.0076947,4.782287,-3.8704798,-7.605012,-7.3097577,-6.786474,-9.984093,5.5771914,3.3575869,1.0153269,-1.8092586,15.764193,13.827264,-9.226003,-7.3302155,-1.5785378,-2.6785557,4.915256,-1.7022657,1
12.0,12,0.11850862,-3.0072384,4.7825127,-3.8715353,-7.6040626,-7.3087077,-6.785136,-9.9828005,5.5783257,3.3582044,1.0147872,-1.8098058,15.762659,13.825806,-9.225645,-7.3299093,-1.5794284,-2.6786244,4.915407,-1.7017031,1
12.0,12,0.118610665,-3.0071802,4.7824917,-3.870903,-7.6048613,-7.30953,-6.7858744,-9.9835205,5.577899,3.3582025,1.0151411,-1.8096057,15.76329,13.82631,-9.225864,-7.330034,-1.5790185,-2.678808,4.9153953,-1.7016878,1
12.0,12,0.11843614,-3.00737,4.7822475,-3.870913,-7.604976,-7.309672,-6.785964,-9.983599,5.577789,3.35806,1.0153778,-1.809409,15.763409,13.826638,-9.225854,-7.3301888,-1.5786642,-2.6787314,4.9152026,-1.7019172,1
9.0,12,0.377948,-2.6140704,4.14357,-3.694285,-6.4473805,-5.7801905,-4.8494377,-8.21593,5.7761364,3.2371612,1.8515956,-2.6036134,12.7584,11.353856,-7.4255037,-5.975953,-1.3929247,-2.3510942,2.8110971,-2.4500403,0
9.0,12,0.37794375,-2.614077,4.1435566,-3.6942902,-6.4474015,-5.7802176,-4.8494577,-8.21595,5.776128,3.2371607,1.8516245,-2.6035824,12.758413,11.353897,-7.4254932,-5.9759645,-1.3928856,-2.3511047,2.8110614,-2.4500735,0
9.0,12,0.37824523,-2.6137824,4.143749,-3.6942308,-6.447539,-5.780336,-4.849497,-8.216007,5.7761564,3.2373915,1.8516184,-2.6036496,12.758299,11.35372,-7.4253907,-5.9758153,-1.3929396,-2.3513672,2.810925,-2.4500656,0
9.0,12,0.377948,-2.6140704,4.14357,-3.694285,-6.4473805,-5.7801905,-4.8494377,-8.21593,5.7761364,3.2371612,1.8515956,-2.6036134,12.7584,11.353856,-7.4255037,-5.975953,-1.3929247,-2.3510942,2.8110971,-2.4500403,0
9.0,12,0.377948,-2.6140704,4.14357,-3.694285,-6.4473805,-5.7801905,-4.8494377,-8.21593,5.7761364,3.2371612,1.8515956,-2.6036134,12.7584,11.353856,-7.4255037,-5.975953,-1.3929247,-2.3510942,2.8110971,-2.4500403,0
9.0,12,0.37794352,-2.6140766,4.143557,-3.6942897,-6.4474015,-5.780217,-4.8494577,-8.215949,5.776129,3.237161,1.8516241,-2.6035829,12.758412,11.353895,-7.4254937,-5.9759645,-1.3928864,-2.3511043,2.8110619,-2.450073,0
17.0,17,-8.082424,-9.943436,-13.468126,-5.6351337,-1.4804293,-2.1827867,0.8842679,5.479496,-1.0098342,-3.1157105,7.1010275,4.806069,-3.091629,0.04987377,-4.3488884,-6.53895,10.51337,12.538163,0.90052354,3.5518823,1
17.0,17,-8.08277,-9.94376,-13.468418,-5.6352963,-1.4800634,-2.1824229,0.8845943,5.4798756,-1.0098134,-3.1159697,7.1009116,4.8059525,-3.091793,0.04970473,-4.348982,-6.539038,10.513358,12.538572,0.90077066,3.5520005,1
17.0,17,-8.082092,-9.943143,-13.469274,-5.6356196,-1.4808235,-2.18387,0.8845682,5.4802628,-1.0102955,-3.1151137,7.100933,4.8054624,-3.0922413,0.04928392,-4.348746,-6.538863,10.515017,12.537479,0.90068114,3.5516682,1
17.0,17,-8.08133,-9.942426,-13.469423,-5.6353555,-1.4815991,-2.1845665,0.8847003,5.480167,-1.0104665,-3.1147385,7.101241,4.8049655,-3.0922399,0.04929179,-4.348726,-6.53887,10.515852,12.53648,0.90014887,3.551087,1
17.0,17,-8.080919,-9.942047,-13.468671,-5.635013,-1.482015,-2.184793,0.88413525,5.479419,-1.0103048,-3.11449,7.101436,4.8053393,-3.0918865,0.049646676,-4.348636,-6.5387692,10.515348,12.536125,0.89980376,3.5510907,1
17.0,17,-8.082587,-9.943594,-13.468184,-5.635215,-1.4803562,-2.182871,0.8841245,5.4795,-1.0099429,-3.1156902,7.1009855,4.8061566,-3.0916529,0.049851835,-4.3488035,-6.538868,10.513455,12.538303,0.9005772,3.5519161,1
2.0,2,5.5890613,8.857212,19.110992,4.061459,-3.1791792,-2.950977,-11.977446,-15.524397,5.37485,7.715041,-0.2475996,3.0654554,6.106789,2.6769392,3.365652,6.25949,-12.528132,-10.207953,-3.9964077,-2.6891756,1
2.0,2,5.5890613,8.857212,19.110992,4.061459,-3.1791792,-2.950977,-11.977446,-15.524397,5.37485,7.715041,-0.2475996,3.0654554,6.106789,2.6769392,3.365652,6.25949,-12.528132,-10.207953,-3.9964077,-2.6891756,1
2.0,2,5.5890565,8.857208,19.110989,4.061455,-3.1791747,-2.9509728,-11.977442,-15.524391,5.374853,7.7150397,-0.24760151,3.0654554,6.1067853,2.6769361,3.3656502,6.259488,-12.528135,-10.207948,-3.9964015,-2.689169,1
2.0,2,5.5890603,8.857211,19.110992,4.0614576,-3.179178,-2.9509737,-11.977442,-15.524393,5.374852,7.7150393,-0.24760032,3.0654545,6.106789,2.67694,3.3656507,6.259488,-12.528135,-10.2079525,-3.9964063,-2.6891747,1
2.0,2,5.5890546,8.857205,19.110981,4.06145,-3.17917,-2.9509761,-11.977442,-15.524384,5.37485,7.7150426,-0.24760532,3.0654573,6.1067786,2.6769288,3.3656554,6.259493,-12.5281315,-10.207945,-3.9963968,-2.689165,1
2.0,2,5.5890613,8.857212,19.110992,4.061459,-3.1791792,-2.950977,-11.977446,-15.524397,5.37485,7.715041,-0.2475996,3.0654554,6.106789,2.6769392,3.365652,6.25949,-12.528132,-10.207953,-3.9964077,-2.6891756,1
3.0,3,5.5874944,10.17442,4.690819,19.089523,-3.1554306,2.9354608,-5.385726,-8.230808,-8.104559,-5.548925,7.680803,4.650482,-1.3296875,-4.6726646,5.005313,7.747364,-4.3837857,-3.7929232,-12.634434,-4.956038,1
3.0,3,5.5874944,10.17442,4.690819,19.089523,-3.1554306,2.9354608,-5.385726,-8.230808,-8.104559,-5.548925,7.680803,4.650482,-1.3296875,-4.6726646,5.005313,7.747364,-4.3837857,-3.7929232,-12.634434,-4.956038,1
3.0,3,5.5874944,10.17442,4.690819,19.089523,-3.1554306,2.9354608,-5.385726,-8.230808,-8.104559,-5.548925,7.680803,4.650482,-1.3296875,-4.6726646,5.005313,7.747364,-4.3837857,-3.7929232,-12.634434,-4.956038,1
3.0,3,5.5874944,10.17442,4.690819,19.089523,-3.1554306,2.9354608,-5.385726,-8.230808,-8.104559,-5.548925,7.680803,4.650482,-1.3296875,-4.6726646,5.005313,7.747364,-4.3837857,-3.7929232,-12.634434,-4.956038,1
3.0,3,5.5874944,10.17442,4.690819,19.089523,-3.1554306,2.9354608,-5.385726,-8.230808,-8.104559,-5.548925,7.680803,4.650482,-1.3296875,-4.6726646,5.005313,7.747364,-4.3837857,-3.7929232,-12.634434,-4.956038,1
3.0,3,5.5874944,10.17442,4.690819,19.089523,-3.1554306,2.9354608,-5.385726,-8.230808,-8.104559,-5.548925,7.680803,4.650482,-1.3296875,-4.6726646,5.005313,7.747364,-4.3837857,-3.7929232,-12.634434,-4.956038,1
14.0,14,-1.7190334,2.997066,3.5769157,4.2071733,9.586885,2.002817,-6.3687077,-2.833703,-5.0450068,1.2725258,1.4335977,4.005904,-8.487189,-7.3629346,17.790878,16.868853,-3.9833093,-3.7482827,-12.243731,-10.332212,1
14.0,14,-1.7190334,2.997066,3.5769157,4.2071733,9.586885,2.002817,-6.3687077,-2.833703,-5.0450068,1.2725258,1.4335977,4.005904,-8.487189,-7.3629346,17.790878,16.868853,-3.9833093,-3.7482827,-12.243731,-10.332212,1
14.0,14,-1.7190317,2.997068,3.5769167,4.2071743,9.586886,2.002817,-6.3687077,-2.8337028,-5.0450068,1.272526,1.4335966,4.0059047,-8.487188,-7.362935,17.790876,16.868853,-3.9833088,-3.7482839,-12.243731,-10.332212,1
14.0,14,-1.7190332,2.997064,3.5769367,4.2071695,9.58686,2.0027907,-6.3687305,-2.833724,-5.045,1.2725458,1.4335915,4.0058985,-8.487168,-7.3629317,17.790855,16.868841,-3.983306,-3.7482812,-12.243706,-10.332189,1
14.0,14,-1.7190334,2.997066,3.5769157,4.2071733,9.586885,2.002817,-6.3687077,-2.833703,-5.0450068,1.2725258,1.4335977,4.005904,-8.487189,-7.3629346,17.790878,16.868853,-3.9833093,-3.7482827,-12.243731,-10.332212,1
14.0,14,-1.7190334,2.997066,3.5769157,4.2071733,9.586885,2.002817,-6.3687077,-2.833703,-5.0450068,1.2725258,1.4335977,4.005904,-8.487189,-7.3629346,17.790878,16.868853,-3.9833093,-3.7482827,-12.243731,-10.332212,1
2.0,11,-4.100367,-0.46859264,5.4854126,-3.6267102,4.077003,-2.663748,-10.249791,-6.2803807,1.8551323,4.5497627,0.34979916,9.347358,-1.8369516,0.31399447,7.6655087,6.1361685,-3.778294,-0.9323409,-2.4202352,-1.625788,0
2.0,11,-4.0982556,-0.46643293,5.4867415,-3.6250052,4.0760794,-2.6642926,-10.250424,-6.2811,1.8542919,4.550616,0.34979188,9.347017,-1.837412,0.31262535,7.6662908,6.13765,-3.7789855,-0.9338692,-2.4213777,-1.625767,0
2.0,11,-4.100079,-0.46826696,5.4840393,-3.625707,4.077499,-2.662485,-10.248478,-6.27908,1.8541598,4.548355,0.34976304,9.347211,-1.8374933,0.31317776,7.6650605,6.1359515,-3.7782738,-0.9317606,-2.4201913,-1.6255388,0
2.0,11,-4.106156,-0.4742509,5.476819,-3.627276,4.0788045,-2.660142,-10.245982,-6.276042,1.8531543,4.5425005,0.35191536,9.35019,-1.8365873,0.31686956,7.661512,6.1302776,-3.773706,-0.9253405,-2.4184163,-1.625283,0
2.0,11,-4.1057954,-0.47401047,5.4789505,-3.6286585,4.0784373,-2.6616673,-10.247192,-6.27738,1.854797,4.5448627,0.35135746,9.349424,-1.836193,0.31720132,7.6622787,6.131067,-3.774416,-0.92687565,-2.4180954,-1.6254838,0
2.0,11,-4.0954375,-0.46375823,5.4924564,-3.6258402,4.0760503,-2.6661394,-10.25262,-6.2836547,1.856667,4.5554442,0.34777164,9.344842,-1.837475,0.31115896,7.668978,6.141398,-3.7828484,-0.9380315,-2.4215293,-1.6259742,0
7.0,7,-3.2491534,-5.656247,-18.603868,-8.110359,5.414728,5.407267,13.128767,16.37459,0.2254057,-4.5346355,3.120613,-2.444159,-9.727819,-6.610659,-2.443342,-4.6167164,8.585257,8.61234,0.509737,0.5705219,1
7.0,7,-3.1841257,-5.593368,-18.550253,-8.099263,5.437993,5.458261,13.173075,16.379799,0.25268888,-4.5234556,3.1094432,-2.4798684,-9.742791,-6.6253943,-2.4091473,-4.5820985,8.523156,8.547188,0.45181894,0.5186439,1
7.0,7,-3.1622179,-5.5706215,-18.542843,-8.119293,5.5014806,5.518197,13.231844,16.419353,0.2581998,-4.5354075,3.0671868,-2.5278378,-9.748318,-6.630757,-2.3805017,-4.553422,8.48711,8.503911,0.43280506,0.45475084,1
7.0,7,-3.1837485,-5.5917125,-18.559942,-8.143858,5.5208673,5.5216384,13.238546,16.435408,0.25402725,-4.5412226,3.0481458,-2.5349288,-9.740985,-6.6234756,-2.3867254,-4.559742,8.4981,8.514012,0.45608997,0.45081645,1
7.0,7,-3.2607696,-5.6666217,-18.622833,-8.128551,5.4446874,5.421187,13.14506,16.399584,0.21631181,-4.543131,3.099028,-2.45536,-9.732058,-6.6148233,-2.4362316,-4.609817,8.588875,8.614193,0.5216551,0.5578118,1
7.0,7,-3.2485704,-5.655773,-18.602142,-8.111454,5.4142146,5.404147,13.12541,16.373482,0.22610569,-4.53072,3.1206167,-2.4423404,-9.73052,-6.613365,-2.4404297,-4.6138306,8.584447,8.612181,0.5097835,0.57322603,1
3.0,3,5.3862915,9.954316,4.201421,18.88387,-3.4241803,2.5327904,-5.3852825,-8.050639,-8.039329,-5.4503074,7.791396,4.683148,-1.4499139,-4.7508297,4.6943865,7.3960257,-3.8658986,-3.5772116,-12.184877,-4.5193987,1
3.0,3,5.3862567,9.954284,4.201433,18.883862,-3.4241812,2.5327873,-5.385311,-8.050664,-8.0393305,-5.4503145,7.7914042,4.6831703,-1.4498923,-4.750803,4.694383,7.396019,-3.865895,-3.5771835,-12.184881,-4.519402,1
3.0,3,5.386433,9.954452,4.2013807,18.88393,-3.4241595,2.532843,-5.3851643,-8.050552,-8.039344,-5.4503126,7.791383,4.6830664,-1.4499931,-4.7509246,4.694429,7.39608,-3.8659308,-3.577329,-12.184937,-4.5194435,1
3.0,3,5.3863063,9.954338,4.201414,18.883907,-3.4241273,2.5328534,-5.3852453,-8.050618,-8.039356,-5.4503503,7.791405,4.683142,-1.4499401,-4.7508397,4.6944485,7.396076,-3.865925,-3.5772338,-12.1849575,-4.5194764,1
3.0,3,5.3863025,9.954321,4.2013884,18.883827,-3.4241998,2.5327566,-5.3852663,-8.050609,-8.039306,-5.4502735,7.791391,4.6831355,-1.4499395,-4.750854,4.6943665,7.3960037,-3.8658662,-3.5772207,-12.184841,-4.519361,1
3.0,3,5.386379,9.954394,4.2013984,18.883858,-3.424185,2.5327842,-5.3852205,-8.050582,-8.039306,-5.4502664,7.7913704,4.683093,-1.4499623,-4.7508903,4.69439,7.3960385,-3.8659043,-3.5772908,-12.184866,-4.519389,1
9.0,9,5.8169703,2.9587893,6.0299397,-7.1290274,-7.916069,-13.833243,-9.73689,-7.07112,7.71416,14.633768,0.594761,0.4289918,2.1560922,0.5001783,-0.1516495,1.3634735,-1.9410001,-6.3931904,3.6895194,5.372709,1
9.0,9,5.8171597,2.9589639,6.030143,-7.1289554,-7.9161134,-13.833279,-9.73695,-7.071218,7.7140923,14.633875,0.5947145,0.42889833,2.1561337,0.50014883,-0.15153697,1.3636403,-1.941066,-6.393391,3.689342,5.3725495,1
9.0,9,5.817201,2.958981,6.030156,-7.128914,-7.916243,-13.833415,-9.737032,-7.0712786,7.714076,14.633939,0.59470034,0.42885602,2.1562066,0.5001388,-0.15163782,1.3636038,-1.9410406,-6.3934016,3.6894674,5.3726773,1
9.0,9,5.816828,2.9585881,6.029675,-7.1291513,-7.916,-13.833001,-9.736577,-7.0709476,7.7143574,14.633526,0.5949663,0.4290495,2.1560798,0.5004092,-0.1517699,1.3631697,-1.9409314,-6.393004,3.6894202,5.372602,1
9.0,9,5.8169494,2.95858,6.029683,-7.1292486,-7.915895,-13.832507,-9.736082,-7.0708604,7.7145996,14.633248,0.5953052,0.42900002,2.1561465,0.500869,-0.15165904,1.3629848,-1.9409614,-6.3931127,3.6886477,5.371859,1
9.0,9,5.817002,2.9587855,6.029935,-7.129016,-7.916195,-13.833375,-9.736953,-7.0711627,7.714161,14.633831,0.59475553,0.42894864,2.1561604,0.50018066,-0.15175417,1.3634199,-1.9409643,-6.393185,3.6896386,5.37283,1
14.0,14,-1.8223653,2.4451427,1.6313266,2.8664281,9.883321,5.0861588,-2.8508556,-0.36890545,-3.6803384,-1.0247362,1.6538327,4.6140933,-8.230433,-6.260394,14.410087,12.934128,-4.079819,-1.8449235,-11.25684,-9.225716,1
14.0,14,-1.8232532,2.444469,1.6309756,2.8656163,9.88433,5.084931,-2.8521328,-0.3686507,-3.6811566,-1.0237622,1.6525548,4.6140428,-8.231007,-6.2614493,14.411298,12.935673,-4.079529,-1.8447977,-11.255489,-9.22514,1
14.0,14,-1.822847,2.4446359,1.6326421,2.8650002,9.883266,5.080964,-2.856377,-0.3712379,-3.6803474,-1.020288,1.6533167,4.6163692,-8.231935,-6.2615695,14.414407,12.938126,-4.0801415,-1.8459548,-11.256067,-9.224017,1
14.0,14,-1.822815,2.4447384,1.6303304,2.8660502,9.883821,5.086967,-2.8499527,-0.3679569,-3.6806498,-1.0255752,1.653773,4.6142244,-8.23061,-6.2602954,14.409662,12.9335,-4.0792203,-1.8443018,-11.256819,-9.225958,1
14.0,14,-1.8224407,2.4449635,1.6317385,2.8659053,9.882846,5.083956,-2.8531635,-0.36993423,-3.6801205,-1.0229244,1.6542252,4.6156516,-8.231304,-6.2608027,14.411712,12.935378,-4.0798173,-1.845038,-11.25688,-9.224651,1
14.0,14,-1.8223841,2.4452767,1.6314458,2.8666525,9.8837,5.086605,-2.8504932,-0.36879972,-3.6806245,-1.0250962,1.6533419,4.613401,-8.230028,-6.2603326,14.409952,12.934253,-4.079947,-1.8452545,-11.256676,-9.226281,1
3.0,3,4.1144314,8.531633,3.3164973,16.395596,-3.1762226,1.2932482,-6.138439,-7.4417777,-7.6032915,-4.3411026,7.4910946,5.787432,-2.139141,-4.7124257,4.876122,7.0033755,-2.5524356,-2.550635,-11.168194,-3.567638,1
3.0,3,4.114381,8.531567,3.3163052,16.395405,-3.1762292,1.2931333,-6.1383686,-7.4416075,-7.6032333,-4.340993,7.491115,5.787416,-2.1393328,-4.712553,4.876139,7.003339,-2.5522308,-2.5505865,-11.168121,-3.567542,1
3.0,3,4.1144643,8.531645,3.3165712,16.395508,-3.1762385,1.2931664,-6.138549,-7.441829,-7.603261,-4.3410063,7.4910097,5.7875047,-2.1390781,-4.712384,4.8761015,7.0033736,-2.552512,-2.550663,-11.168089,-3.567543,1
3.0,3,4.1144843,8.531692,3.3164864,16.39568,-3.1762135,1.2933223,-6.1383457,-7.4417486,-7.6033077,-4.3411636,7.4911084,5.7873464,-2.139141,-4.712444,4.8761163,7.0033827,-2.552453,-2.5506852,-11.168249,-3.56771,1
3.0,3,4.114409,8.531596,3.3163261,16.395454,-3.176253,1.2931492,-6.1383486,-7.4416246,-7.6032324,-4.3410096,7.4911294,5.7873816,-2.1393147,-4.7125516,4.87612,7.0033317,-2.5522454,-2.5506094,-11.1681385,-3.5675573,1
3.0,3,4.1144314,8.531633,3.3164973,16.395596,-3.1762226,1.2932482,-6.138439,-7.4417777,-7.6032915,-4.3411026,7.4910946,5.787432,-2.139141,-4.7124257,4.876122,7.0033755,-2.5524356,-2.550635,-11.168194,-3.567638,1
18.0,18,-2.4496617,-5.876844,-4.5404944,-11.425218,-5.7933054,-11.506334,-4.8211956,-0.29327694,7.9798083,8.462558,-1.4602726,-0.27304518,4.3890147,2.2590358,-9.968765,-8.0178175,2.212198,3.4568932,16.008093,12.619041,1
18.0,18,-2.4496617,-5.876844,-4.5404944,-11.425218,-5.7933054,-11.506334,-4.8211956,-0.29327694,7.9798083,8.462558,-1.4602726,-0.27304518,4.3890147,2.2590358,-9.968765,-8.0178175,2.212198,3.4568932,16.008093,12.619041,1
18.0,18,-2.4496617,-5.876844,-4.5404944,-11.425218,-5.7933054,-11.506334,-4.8211956,-0.29327694,7.9798083,8.462558,-1.4602726,-0.27304518,4.3890147,2.2590358,-9.968765,-8.0178175,2.212198,3.4568932,16.008093,12.619041,1
18.0,18,-2.4496617,-5.876844,-4.5404944,-11.425218,-5.7933054,-11.506334,-4.8211956,-0.29327694,7.9798083,8.462558,-1.4602726,-0.27304518,4.3890147,2.2590358,-9.968765,-8.0178175,2.212198,3.4568932,16.008093,12.619041,1
18.0,18,-2.4496617,-5.876844,-4.5404944,-11.425218,-5.7933054,-11.506334,-4.8211956,-0.29327694,7.9798083,8.462558,-1.4602726,-0.27304518,4.3890147,2.2590358,-9.968765,-8.0178175,2.212198,3.4568932,16.008093,12.619041,1
18.0,18,-2.4496617,-5.876844,-4.5404944,-11.425218,-5.7933054,-11.506334,-4.8211956,-0.29327694,7.9798083,8.462558,-1.4602726,-0.27304518,4.3890147,2.2590358,-9.968765,-8.0178175,2.212198,3.4568932,16.008093,12.619041,1
9.0,9,5.622298,2.7578912,5.3315306,-8.10387,-7.5876303,-12.766976,-8.031354,-5.98404,8.990725,14.245726,0.9797307,0.24823475,1.5133361,0.63863534,-0.7745582,0.14125012,-1.6885937,-6.138861,3.6462798,5.287005,1
9.0,9,5.622274,2.7577925,5.3314238,-8.103992,-7.587626,-12.766947,-8.0312395,-5.983933,8.990814,14.24572,0.9797547,0.24818838,1.5133237,0.638663,-0.77463377,0.14114653,-1.688572,-6.1387672,3.6463304,5.2870545,1
9.0,9,5.6222897,2.7578182,5.3314543,-8.103972,-7.5876355,-12.7669525,-8.03125,-5.983949,8.990813,14.245729,0.9797361,0.248173,1.5133356,0.63864905,-0.7746465,0.14115356,-1.688592,-6.1387873,3.6463513,5.2870703,1
9.0,9,5.622198,2.75777,5.331417,-8.103981,-7.5875545,-12.766891,-8.031254,-5.9839416,8.990777,14.245657,0.9797751,0.24827123,1.5132934,0.63868755,-0.77456284,0.14117335,-1.6885469,-6.1387486,3.646253,5.2869706,1
9.0,9,5.622384,2.7578912,5.331506,-8.103906,-7.587741,-12.767036,-8.031292,-5.984014,8.990808,14.245782,0.9797323,0.24811769,1.5133985,0.638648,-0.77469945,0.1411495,-1.688608,-6.138861,3.6463866,5.2871127,1
9.0,9,5.6223264,2.7578492,5.331476,-8.103952,-7.587656,-12.76697,-8.03126,-5.9839644,8.990808,14.245748,0.9797332,0.24815655,1.5133432,0.63864213,-0.7746421,0.14116882,-1.6886026,-6.13882,3.6463408,5.287067,1
13.0,13,-3.871506,-6.866886,1.293908,-5.6858835,-5.5881658,-5.355699,-5.61106,-8.768366,5.1971445,0.115841925,3.6011658,1.1090692,15.352486,17.223658,-7.9290233,-8.986223,1.5063784,0.28133792,1.6483505,-5.39601,1
13.0,13,-3.8715084,-6.86689,1.2939059,-5.685886,-5.588165,-5.3556976,-5.611059,-8.768364,5.197145,0.115840495,3.601168,1.1090709,15.352486,17.223661,-7.9290223,-8.986225,1.5063813,0.28134006,1.6483486,-5.396011,1
13.0,13,-3.8714645,-6.8668528,1.2939523,-5.68585,-5.588205,-5.355738,-5.6110954,-8.768402,5.1971335,0.11587292,3.60113,1.1090325,15.352533,17.223646,-7.9290614,-8.986217,1.5063431,0.2813092,1.6484084,-5.395962,1
13.0,13,-3.8714821,-6.866869,1.2939371,-5.6858654,-5.58819,-5.355723,-5.611084,-8.768389,5.1971407,0.115861475,3.6011443,1.1090486,15.352515,17.223652,-7.9290476,-8.986219,1.506354,0.28132313,1.648387,-5.3959775,1
13.0,13,-3.871455,-6.8668447,1.2939655,-5.6858463,-5.588214,-5.3557467,-5.611106,-8.768411,5.1971374,0.11588317,3.6011252,1.1090305,15.352537,17.223642,-7.9290657,-8.986214,1.5063319,0.28130382,1.6484189,-5.395948,1
13.0,13,-3.8715088,-6.86689,1.2939047,-5.685886,-5.588165,-5.3556986,-5.611059,-8.768364,5.1971445,0.11583954,3.6011686,1.1090705,15.352487,17.223661,-7.929024,-8.986225,1.5063823,0.28134102,1.6483488,-5.396012,1
17.0,17,-8.463602,-9.884171,-12.575152,-3.4661708,1.5672402,3.2514083,3.8316295,6.3392224,-1.2132698,-6.6806736,6.720856,3.437296,-2.6929493,0.12085062,-4.0792785,-5.9617023,7.1902423,13.329008,-0.75691795,1.2222924,1
17.0,17,-8.460302,-9.881166,-12.572539,-3.4639878,1.5659021,3.255383,3.8353746,6.337761,-1.2105871,-6.6831207,6.7226233,3.4357572,-2.6897388,0.12507492,-4.0816174,-5.9647303,7.187613,13.325653,-0.7606044,1.2181065,1
17.0,17,-8.464673,-9.885386,-12.577838,-3.4706872,1.5731623,3.2629392,3.8434904,6.3454566,-1.2089292,-6.68764,6.719485,3.4341273,-2.6907802,0.12640125,-4.083545,-5.96844,7.1885605,13.328993,-0.7583144,1.2153149,1
17.0,17,-8.473656,-9.893791,-12.590696,-3.4821715,1.5875119,3.2627628,3.84394,6.359725,-1.2156099,-6.6863794,6.708181,3.436038,-2.7011962,0.114747345,-4.0773673,-5.9614067,7.1917305,13.337888,-0.7456188,1.2232127,1
17.0,17,-8.466107,-9.886428,-12.578159,-3.4691987,1.5706404,3.253006,3.8335125,6.342727,-1.2139806,-6.6817603,6.7186303,3.4370117,-2.6941442,0.119981825,-4.0792394,-5.9619284,7.1914067,13.330936,-0.7546017,1.2223778,1
17.0,17,-8.464583,-9.885208,-12.575399,-3.4675515,1.5670519,3.250223,3.8306568,6.339213,-1.2130464,-6.679695,6.720934,3.4380507,-2.6934958,0.12064344,-4.0790386,-5.9617424,7.191243,13.329897,-0.75640416,1.2231302,1
1.0,1,13.36313,13.875575,6.75786,6.6189957,-5.899593,-0.96879315,-0.8902484,-3.9851935,2.5883403,5.083706,2.9067519,-0.013145924,-2.255016,-5.5595136,0.40349826,3.2664816,-6.9312816,-9.798543,-5.688951,0.98255616,1
1.0,1,13.368861,13.879962,6.7620354,6.620712,-5.908241,-0.9788667,-0.8973752,-3.992874,2.5871882,5.089354,2.907885,-0.013299584,-2.2485735,-5.554063,0.4029028,3.2666132,-6.928303,-9.80663,-5.69068,0.98010164,1
1.0,1,13.405988,13.871373,6.733877,6.5978847,-5.9787774,-1.0466499,-0.9007256,-3.9981062,2.6048975,5.1230235,2.9263656,-0.040783048,-2.206932,-5.5157504,0.3544626,3.2217987,-6.895484,-9.816251,-5.666845,1.0044079,1
1.0,1,13.411867,13.861026,6.712884,6.583946,-5.993255,-1.0563953,-0.8877481,-3.984772,2.6154642,5.1268234,2.932744,-0.04976964,-2.2029822,-5.509928,0.3341107,3.2005217,-6.8858037,-9.805797,-5.653595,1.0203896,1
1.0,1,13.376201,13.868536,6.7435274,6.606505,-5.9266753,-0.9938549,-0.8882718,-3.98394,2.5984168,5.096077,2.9141948,-0.024708152,-2.2386928,-5.5437512,0.38105974,3.2450116,-6.919099,-9.798051,-5.676073,0.9956623,1
1.0,1,13.369132,13.870259,6.748144,6.610074,-5.910274,-0.9775648,-0.8840314,-3.979667,2.596016,5.0889807,2.909428,-0.021674395,-2.2492802,-5.5540776,0.3908871,3.2544405,-6.9270597,-9.795468,-5.6801276,0.99133927,1
2.0,2,5.894084,9.162345,19.425098,4.373722,-3.4663718,-3.086117,-12.142833,-15.918188,5.2264853,7.7286987,-0.11011028,2.9939737,6.448838,3.008287,3.4405434,6.341177,-12.47533,-10.659989,-4.4601955,-3.195895,1
2.0,2,5.894084,9.162345,19.425098,4.373722,-3.4663718,-3.086117,-12.142833,-15.918188,5.2264853,7.7286987,-0.11011028,2.9939737,6.448838,3.008287,3.4405434,6.341177,-12.47533,-10.659989,-4.4601955,-3.195895,1
2.0,2,5.894084,9.162345,19.425098,4.373722,-3.4663718,-3.086117,-12.142833,-15.918188,5.2264853,7.7286987,-0.11011028,2.9939737,6.448838,3.008287,3.4405434,6.341177,-12.47533,-10.659989,-4.4601955,-3.195895,1
2.0,2,5.894084,9.162345,19.425098,4.373722,-3.4663718,-3.086117,-12.142833,-15.918188,5.2264853,7.7286987,-0.11011028,2.9939737,6.448838,3.008287,3.4405434,6.341177,-12.47533,-10.659989,-4.4601955,-3.195895,1
2.0,2,5.894084,9.162345,19.425098,4.373722,-3.4663718,-3.086117,-12.142833,-15.918188,5.2264853,7.7286987,-0.11011028,2.9939737,6.448838,3.008287,3.4405434,6.341177,-12.47533,-10.659989,-4.4601955,-3.195895,1
2.0,2,5.894084,9.162345,19.425098,4.373722,-3.4663718,-3.086117,-12.142833,-15.918188,5.2264853,7.7286987,-0.11011028,2.9939737,6.448838,3.008287,3.4405434,6.341177,-12.47533,-10.659989,-4.4601955,-3.195895,1
10.0,14,-1.7127208,2.070868,0.8705784,2.3323598,8.619222,1.1145134,-4.7153606,-1.057674,-3.8221598,1.5984342,2.4366832,3.6871872,-9.208716,-7.0012746,16.52685,14.77169,-1.8943719,-3.1023936,-11.556774,-9.510925,0
10.0,14,-1.7126733,2.070838,0.8705498,2.3325572,8.618913,1.1142356,-4.7155704,-1.057849,-3.822257,1.5984535,2.4367068,3.6871514,-9.208465,-7.001209,16.526573,14.771562,-1.894343,-3.102317,-11.556492,-9.510625,0
10.0,14,-1.7128253,2.0701923,0.86987126,2.332486,8.617795,1.1132534,-4.715893,-1.0580484,-3.8221855,1.5985231,2.4371583,3.6871347,-9.207762,-7.000626,16.525455,14.770553,-1.8936529,-3.1016643,-11.555672,-9.509702,0
10.0,14,-1.7132723,2.0697584,0.86939967,2.3318071,8.618279,1.1136897,-4.7153826,-1.0575651,-3.821867,1.5983064,2.4374561,3.6874356,-9.208217,-7.000379,16.5258,14.770351,-1.8932717,-3.1013978,-11.556215,-9.510262,0
10.0,14,-1.7131566,2.0702977,0.8699528,2.3318353,8.619365,1.1146638,-4.71502,-1.0573181,-3.8219423,1.598186,2.4370828,3.6874747,-9.208893,-7.0008807,16.526875,14.771276,-1.8938861,-3.1019452,-11.557066,-9.51119,0
10.0,14,-1.7126626,2.07089,0.8705872,2.3326333,8.619015,1.1143322,-4.715564,-1.0578481,-3.822318,1.598397,2.4366798,3.6871734,-9.2085,-7.001243,16.526678,14.7716675,-1.8944217,-3.1023562,-11.556576,-9.510714,0
5.0,5,-2.3758974,1.1224333,-3.2728767,2.981414,10.831722,14.798378,8.325515,5.9836116,-2.2190714,-9.087091,3.4587238,1.6415349,-7.3998265,-4.4517155,6.6158123,4.54302,-2.8488748,2.5946863,-12.025034,-10.67566,1
5.0,5,-2.376128,1.1224049,-3.2719588,2.9812832,10.831752,14.797145,8.323962,5.9824586,-2.2192283,-9.086136,3.4583828,1.6416758,-7.39942,-4.4513683,6.6168966,4.54412,-2.8489456,2.5938475,-12.025064,-10.676193,1
5.0,5,-2.377784,1.1181473,-3.2790718,2.9772053,10.832143,14.796396,8.326873,5.9882393,-2.2193213,-9.08641,3.4583936,1.6411586,-7.4017878,-4.4533157,6.614502,4.5414724,-2.8458374,2.5993009,-12.021242,-10.671624,1
5.0,5,-2.3779411,1.1180154,-3.2788563,2.9770327,10.832181,14.79614,8.326563,5.9879622,-2.2192407,-9.086211,3.4582791,1.6411271,-7.4015527,-4.4530573,6.61465,4.541597,-2.8458505,2.5991294,-12.021154,-10.671805,1
5.0,5,-2.3773258,1.1192541,-3.2776308,2.9783082,10.832186,14.797427,8.32704,5.9873233,-2.219183,-9.086979,3.4584577,1.641118,-7.40122,-4.4528136,6.6145163,4.541534,-2.846668,2.5982203,-12.022203,-10.672777,1
5.0,5,-2.3757203,1.1231301,-3.2716901,2.9820771,10.831575,14.797968,8.324417,5.9824595,-2.2193928,-9.086732,3.4587045,1.6420016,-7.399635,-4.4516006,6.6165967,4.543841,-2.8491158,2.5937788,-12.025698,-10.676277,1
0.0,0,15.814699,12.8331375,4.8243475,3.6784105,-8.8695,-3.9890463,0.49567282,-2.874009,4.6538663,7.4595175,3.4695415,-2.972725,-0.37257862,-3.619987,-1.9894434,0.91612744,-5.743502,-10.229468,-4.449919,1.887855,1
0.0,0,15.814837,12.833271,4.824349,3.6784773,-8.869521,-3.9890573,0.49569452,-2.8740065,4.653812,7.459529,3.4695485,-2.9727368,-0.37259483,-3.619996,-1.9893745,0.9161911,-5.743502,-10.229611,-4.450032,1.8877556,1
0.0,0,15.814167,12.832745,4.824315,3.6784372,-8.869262,-3.988492,0.49565864,-2.8739483,4.653731,7.4590054,3.469656,-2.9721303,-0.37263453,-3.6199374,-1.9896474,0.9158542,-5.7435803,-10.22866,-4.4499564,1.8880997,1
0.0,0,15.812745,12.834395,4.8268023,3.6800828,-8.866814,-3.9869006,0.4939425,-2.8754292,4.6522274,7.4583025,3.4689803,-2.9697833,-0.3743223,-3.6211987,-1.9863329,0.91873085,-5.7440805,-10.230141,-4.452118,1.8857582,1
0.0,0,15.81475,12.833243,4.8240623,3.6787033,-8.869563,-3.9888365,0.49588668,-2.873771,4.6535435,7.4592347,3.4697604,-2.9726043,-0.37287843,-3.6202762,-1.9894633,0.9160991,-5.7432275,-10.229252,-4.4502316,1.8878577,1
0.0,0,15.814708,12.833145,4.8243465,3.678409,-8.869504,-3.9890504,0.4956758,-2.8740065,4.653867,7.4595213,3.4695406,-2.9727278,-0.3725798,-3.6199884,-1.9894428,0.9161283,-5.743502,-10.229477,-4.4499207,1.8878534,1
12.0,12,-1.3102925,-4.4733844,3.1784697,-4.4292245,-7.4456964,-7.2444787,-6.7449703,-9.822297,5.4737315,2.3406,2.684789,-0.16733873,15.427258,15.320288,-8.549904,-8.078324,0.106290966,-1.5851564,3.2563481,-3.0187695,1
12.0,12,-1.3103387,-4.4734297,3.1784372,-4.4292397,-7.4456735,-7.244456,-6.744954,-9.822285,5.4737067,2.3405516,2.6847696,-0.16735053,15.427309,15.320337,-8.549938,-8.078359,0.10631874,-1.585131,3.2563725,-3.018804,1
12.0,12,-1.3102567,-4.473363,3.1784043,-4.4293723,-7.445644,-7.244419,-6.7448263,-9.822156,5.4738774,2.3406682,2.6848712,-0.16729438,15.427023,15.32019,-8.5498,-8.078327,0.10632363,-1.5851593,3.2562184,-3.0187817,1
12.0,12,-1.310444,-4.473507,3.1786032,-4.4288726,-7.4457564,-7.2444854,-6.7452784,-9.822628,5.473516,2.3403764,2.6848402,-0.16720092,15.427597,15.3205185,-8.549965,-8.0783,0.10614696,-1.5850037,3.2563663,-3.018774,1
12.0,12,-1.3103188,-4.473412,3.1784573,-4.429247,-7.445664,-7.244453,-6.7449474,-9.8222685,5.4737177,2.3405778,2.68473,-0.16738129,15.427294,15.320288,-8.549949,-8.078343,0.10628012,-1.5851339,3.2564235,-3.0187538,1
12.0,12,-1.3102925,-4.4733844,3.1784697,-4.4292245,-7.4456964,-7.2444787,-6.7449703,-9.822297,5.4737315,2.3406,2.684789,-0.16733873,15.427258,15.320288,-8.549904,-8.078324,0.106290966,-1.5851564,3.2563481,-3.0187695,1
18.0,18,0.03989391,-3.4131937,-1.4565886,-9.141054,-7.0578513,-11.637482,-5.9749365,-2.3967588,8.635143,9.685478,-0.24321079,0.18496394,3.7449403,1.3653016,-8.407766,-6.2447243,-0.18168148,1.7961532,13.397308,12.569629,1
18.0,18,0.042704508,-3.4105406,-1.4519125,-9.139942,-7.057786,-11.634771,-5.9732485,-2.398843,8.637673,9.685589,-0.24279499,0.18271065,3.7467523,1.3673971,-8.407021,-6.2441564,-0.18529615,1.7924366,13.393478,12.565386,1
18.0,18,0.044041082,-3.4092102,-1.4525453,-9.140545,-7.05804,-11.635101,-5.97274,-2.3973596,8.637641,9.6869335,-0.24208355,0.18377185,3.7434092,1.3646755,-8.405587,-6.243217,-0.18439445,1.7923533,13.391912,12.566342,1
18.0,18,0.04261963,-3.4105706,-1.4542593,-9.14078,-7.058083,-11.636203,-5.9736156,-2.3969312,8.636578,9.686589,-0.24245405,0.18439412,3.7435536,1.3644753,-8.406295,-6.243674,-0.18315277,1.7938505,13.393927,12.5679,1
18.0,18,0.044742152,-3.4085584,-1.4515742,-9.140282,-7.058195,-11.634769,-5.9724894,-2.3978539,8.638121,9.687094,-0.2420249,0.18323457,3.743835,1.3650804,-8.405479,-6.2430897,-0.18504402,1.7914406,13.391209,12.565529,1
18.0,18,0.0408998,-3.412291,-1.4555949,-9.141292,-7.0577555,-11.636592,-5.973859,-2.3967621,8.636138,9.685707,-0.24306297,0.18418157,3.744936,1.3656406,-8.407514,-6.244729,-0.18233916,1.7949375,13.396023,12.5682955,1
0.0,0,14.848797,13.835425,4.858479,7.076154,-7.771659,-1.8659472,0.3516283,-3.157378,1.9348836,4.897476,4.421826,-1.4008974,-1.9199253,-5.103787,-0.3519821,2.443031,-5.09968,-9.7495,-7.1442924,0.2348314,1
0.0,0,14.848759,13.835261,4.858311,7.076074,-7.771725,-1.8660078,0.35169363,-3.1572955,1.9349217,4.8974624,4.421879,-1.4009813,-1.9198697,-5.1037292,-0.35210446,2.442911,-5.099613,-9.749346,-7.144195,0.23492658,1
0.0,0,14.848874,13.835357,4.8583946,7.0759983,-7.77174,-1.8660157,0.35171807,-3.157298,1.93499,4.8975534,4.421845,-1.4009973,-1.9198734,-5.103715,-0.35208264,2.4429197,-5.0996547,-9.749472,-7.144245,0.23487997,1
0.0,0,14.848767,13.83526,4.8582926,7.0760703,-7.7717404,-1.8660197,0.35170412,-3.1572862,1.9349244,4.897467,4.4218874,-1.4009911,-1.919871,-5.103729,-0.35211548,2.442898,-5.099596,-9.74935,-7.144193,0.23493075,1
0.0,0,14.848737,13.835331,4.8584247,7.0761495,-7.771623,-1.865911,0.35165262,-3.1573384,1.9348736,4.897428,4.4218273,-1.400921,-1.9199172,-5.1037917,-0.35200527,2.4430196,-5.0996995,-9.74939,-7.14425,0.23487127,1
0.0,0,14.848777,13.83525,4.8582907,7.076047,-7.771748,-1.8660321,0.3517096,-3.1572819,1.934943,4.8974824,4.421883,-1.4010092,-1.9198576,-5.1037164,-0.35212663,2.4428885,-5.0996017,-9.74935,-7.144178,0.23493797,1
6.0,6,1.4732672,-0.5811236,-13.41274,-5.050767,5.41331,12.0172615,18.642265,15.299098,2.9835382,-7.038876,3.6204164,-6.3231273,-7.1344943,-4.1771464,-4.062108,-6.0284576,4.063176,3.636863,-4.637442,-5.372563,1
6.0,6,1.4733902,-0.5807154,-13.4122,-5.050236,5.4133253,12.017748,18.642347,15.2987175,2.9836087,-7.0392036,3.6205668,-6.3230376,-7.134327,-4.1769423,-4.0620904,-6.028469,4.0628343,3.6365304,-4.6379075,-5.373002,1
6.0,6,1.4739127,-0.5800382,-13.411188,-5.0488386,5.412826,12.019562,18.643522,15.297802,2.9842615,-7.040802,3.6216311,-6.3233,-7.1329055,-4.1751075,-4.063078,-6.0297484,4.0620604,3.635915,-4.6395693,-5.3747635,1
6.0,6,1.474381,-0.5798886,-13.41095,-5.0485754,5.4123573,12.019918,18.644056,15.297597,2.984662,-7.0410986,3.6219738,-6.323791,-7.1322093,-4.174405,-4.0637107,-6.030365,4.0617824,3.6357124,-4.6399136,-5.375149,1
6.0,6,1.4733406,-0.58132243,-13.412964,-5.0508814,5.4130177,12.017085,18.64238,15.299139,2.983666,-7.038868,3.6205688,-6.323304,-7.134241,-4.1768813,-4.0624385,-6.0287895,4.063307,3.6369998,-4.6373253,-5.3724537,1
6.0,6,1.4732503,-0.5807673,-13.412333,-5.050433,5.4135413,12.017527,18.642126,15.298881,2.9834275,-7.038972,3.6203408,-6.322905,-7.1346736,-4.177337,-4.061787,-6.028138,4.062955,3.6365898,-4.6376944,-5.372782,1
10.0,10,3.2807307,2.3259284,-3.0953813,3.6662736,-6.560611,-2.309152,-1.1704056,-1.8525342,0.35825092,-0.17739505,9.291705,4.3146534,-2.1253676,-0.67130965,-1.344305,-2.1896238,2.9415612,1.4552498,-6.9396825,0.46142703,1
10.0,10,3.2808065,2.3259985,-3.095339,3.6663122,-6.5606484,-2.3091426,-1.1703819,-1.8525404,0.3582973,-0.17738008,9.291658,4.3146114,-2.1253328,-0.6713378,-1.3443978,-2.189665,2.9414663,1.455213,-6.9395733,0.4615355,1
10.0,10,3.2809355,2.3260767,-3.095337,3.6663074,-6.560683,-2.3091342,-1.1702831,-1.8525006,0.35832012,-0.17734641,9.291671,4.314492,-2.125331,-0.6713378,-1.3443887,-2.1896548,2.941472,1.4551063,-6.9396634,0.46143895,1
10.0,10,3.2807896,2.326058,-3.0952983,3.6665034,-6.5605187,-2.3090816,-1.1703458,-1.8525146,0.35800397,-0.17740798,9.291735,4.314384,-2.125544,-0.6715701,-1.3439844,-2.1892478,2.9416802,1.4551029,-6.940067,0.4610501,1
10.0,10,3.280763,2.3259182,-3.095285,3.6662498,-6.560728,-2.3092313,-1.1704426,-1.8526194,0.35829425,-0.17732579,9.291714,4.314562,-2.1252513,-0.67123896,-1.3443938,-2.1896763,2.9415846,1.4552231,-6.9396696,0.46141893,1
10.0,10,3.2808304,2.3260255,-3.0952768,3.6663108,-6.5606174,-2.309133,-1.1703866,-1.8525625,0.3582462,-0.17735314,9.291673,4.3145623,-2.1253514,-0.67133623,-1.3442683,-2.1895537,2.9415092,1.4551375,-6.939756,0.4613436,1
14.0,14,-1.6366836,3.0535302,2.9944968,4.172818,10.244048,2.6680593,-5.712513,-2.156912,-5.1581235,0.8117536,1.3271574,4.0579,-8.869341,-7.5104547,18.07694,16.981764,-4.1958175,-3.7239225,-12.433386,-10.606295,1
14.0,14,-1.6367326,3.053482,2.9944258,4.172792,10.244086,2.668094,-5.7124777,-2.1568778,-5.158142,0.81170565,1.3272345,4.05795,-8.869395,-7.5104165,18.077019,16.98177,-4.195734,-3.7238941,-12.433523,-10.606412,1
14.0,14,-1.6367152,3.0534987,2.9944654,4.17279,10.24407,2.66808,-5.712493,-2.156892,-5.158121,0.8117309,1.3271792,4.057922,-8.869356,-7.51043,18.076956,16.98175,-4.195785,-3.723902,-12.433422,-10.606336,1
14.0,14,-1.6367104,3.053503,2.9944677,4.1727962,10.244066,2.6680768,-5.712496,-2.1568954,-5.158123,0.811734,1.3271828,4.0579214,-8.869358,-7.5104337,18.076962,16.981754,-4.1957855,-3.7239044,-12.433428,-10.606337,1
14.0,14,-1.6366836,3.0535302,2.9944968,4.172818,10.244048,2.6680593,-5.712513,-2.156912,-5.1581235,0.8117536,1.3271574,4.057899,-8.869341,-7.5104547,18.07694,16.981764,-4.1958175,-3.7239225,-12.433386,-10.606295,1
14.0,14,-1.6366997,3.0535135,2.994461,4.172818,10.244063,2.6680715,-5.7124987,-2.1568987,-5.1581416,0.8117307,1.3272069,4.057927,-8.869377,-7.510441,18.076996,16.98178,-4.195771,-3.7239144,-12.433477,-10.606365,1
13.0,10,-0.18994375,-1.7811233,-2.5939827,-0.9015633,-4.6895375,-2.0175152,-1.6736672,-2.6935837,2.2070267,-0.75359887,6.6052675,3.6864824,3.1933274,5.1530786,-3.8211687,-4.9982204,2.2732089,2.3381014,-3.1380553,-1.0473049,0
13.0,10,-0.19013067,-1.7812973,-2.5941706,-0.90160424,-4.6894674,-2.017479,-1.6736343,-2.6934984,2.2068892,-0.75375646,6.6052265,3.686481,3.1934123,5.153163,-3.8212593,-4.9983115,2.273374,2.338253,-3.1379592,-1.0473518,0
13.0,10,-0.17543818,-1.7667812,-2.6030965,-0.89000756,-4.6984067,-2.0128534,-1.6617904,-2.681677,2.2019343,-0.7555024,6.616757,3.6899142,3.172133,5.1321464,-3.8213875,-4.998607,2.2803,2.3404205,-3.1515026,-1.0383859,0
13.0,10,-0.18389381,-1.7699269,-2.6296287,-0.8808397,-4.6870284,-1.9989953,-1.6512518,-2.6550682,2.183914,-0.76747566,6.6298413,3.7079377,3.1276183,5.093065,-3.8054261,-4.987088,2.294572,2.3692286,-3.1667583,-1.0230633,0
13.0,10,-0.19015469,-1.7811617,-2.594027,-0.90145326,-4.689314,-2.017349,-1.6737732,-2.6935003,2.2068865,-0.7536903,6.605372,3.6868706,3.1928658,5.152714,-3.8208516,-4.997983,2.2731946,2.3383849,-3.1382363,-1.0471569,0
13.0,10,-0.18980362,-1.781001,-2.5941873,-0.9014769,-4.6895776,-2.0173976,-1.6734185,-2.6933148,2.2070255,-0.7536356,6.6053963,3.6864867,3.192967,5.1527276,-3.821187,-4.9982452,2.2732687,2.3382168,-3.1381345,-1.0470958,0
14.0,17,-9.953389,-10.841675,-12.669289,-5.2968216,1.3355716,0.6649414,0.86319935,5.725737,-1.1257945,-4.77068,6.124425,6.234634,-3.65315,-0.5403717,-3.6111474,-5.7514443,8.01855,14.369715,1.4618225,4.0917068,0
14.0,17,-9.953288,-10.841568,-12.66911,-5.296775,1.3355032,0.66487867,0.86304665,5.7255845,-1.1257328,-4.7705827,6.1244354,6.2347717,-3.6531239,-0.5403444,-3.611107,-5.7514005,8.01839,14.369634,1.4618003,4.0917907,0
14.0,17,-9.953697,-10.842174,-12.669767,-5.297308,1.3354532,0.66464597,0.86334014,5.726092,-1.1256698,-4.770507,6.12446,6.2343965,-3.6532974,-0.5405223,-3.6114168,-5.751715,8.019036,14.370176,1.4622378,4.0920863,0
14.0,17,-9.951784,-10.839911,-12.668097,-5.296331,1.335438,0.6648764,0.8627027,5.7250395,-1.1255482,-4.770075,6.124058,6.235359,-3.6530633,-0.5402649,-3.610565,-5.7508564,8.017166,14.367989,1.4613533,4.0916004,0
14.0,17,-9.953539,-10.841857,-12.669899,-5.2969856,1.335716,0.66509444,0.8638127,5.726311,-1.1259278,-4.770897,6.124401,6.234085,-3.6533327,-0.5405564,-3.6112862,-5.7515926,8.019115,14.369803,1.4618711,4.0914354,0
14.0,17,-9.953416,-10.841687,-12.669304,-5.296816,1.3356062,0.6649559,0.86319625,5.725752,-1.1258224,-4.7706957,6.1244183,6.2346425,-3.6531749,-0.5403951,-3.611115,-5.751414,8.0185585,14.369731,1.461813,4.0916934,0
8.0,8,2.3478038,-1.3061714,2.7948136,-9.667072,-5.338142,-4.92456,-0.5200877,-3.2760415,12.102726,7.177801,1.6260184,-2.2547894,6.2216587,6.994876,-7.248157,-7.4591107,-2.55673,-2.5284467,4.6562047,2.1848116,1
8.0,8,2.3478038,-1.3061714,2.7948136,-9.667072,-5.338142,-4.92456,-0.5200877,-3.2760415,12.102726,7.177801,1.6260184,-2.2547894,6.2216587,6.994876,-7.248157,-7.4591107,-2.55673,-2.5284467,4.6562047,2.1848116,1
8.0,8,2.3478482,-1.3061273,2.7948685,-9.667035,-5.3381624,-4.924561,-0.5201075,-3.2760732,12.102753,7.1778307,1.626048,-2.2547698,6.2216234,6.9948416,-7.248121,-7.459074,-2.5567822,-2.528467,4.656159,2.1848314,1
8.0,8,2.3478549,-1.3061252,2.7948785,-9.667013,-5.338185,-4.9245133,-0.5200429,-3.27609,12.102727,7.1777496,1.6259917,-2.2548847,6.221801,6.994968,-7.24826,-7.4591737,-2.5567656,-2.5285156,4.656215,2.184741,1
8.0,8,2.3478038,-1.3061714,2.7948136,-9.667072,-5.338142,-4.92456,-0.5200877,-3.2760415,12.102726,7.177801,1.6260184,-2.2547894,6.2216587,6.994876,-7.248157,-7.4591107,-2.55673,-2.5284467,4.6562047,2.1848116,1
8.0,8,2.3476799,-1.3062935,2.7946973,-9.667114,-5.338094,-4.9245,-0.520025,-3.275973,12.102723,7.1776934,1.62599,-2.254797,6.2217155,6.9949317,-7.2482753,-7.4592276,-2.5566936,-2.5283232,4.6563425,2.1848617,1
3.0,3,4.929481,9.368251,4.75717,17.729874,-3.7173686,2.0884116,-5.9776716,-8.535679,-7.194686,-4.894821,7.559407,5.233112,-0.76905775,-3.8874133,4.001265,6.579818,-4.0154004,-3.2361867,-11.350941,-3.8690662,1
3.0,3,4.929422,9.368196,4.757151,17.729832,-3.717343,2.0883987,-5.9776897,-8.535672,-7.1946964,-4.89482,7.5593953,5.2331233,-0.76905525,-3.8873997,4.001275,6.5798187,-4.0153666,-3.2361507,-11.350924,-3.869075,1
3.0,3,4.929421,9.368158,4.7572107,17.729736,-3.717409,2.0883126,-5.977746,-8.535748,-7.1946125,-4.894751,7.5593696,5.233103,-0.76892424,-3.8872702,4.0011954,6.5797415,-4.0153775,-3.2361848,-11.3508415,-3.8690596,1
3.0,3,4.929314,9.368036,4.757246,17.72953,-3.7174342,2.088292,-5.977765,-8.535763,-7.1944685,-4.8947034,7.559337,5.2331614,-0.7688395,-3.8871455,4.0010467,6.579565,-4.0153575,-3.2360928,-11.350695,-3.8689618,1
3.0,3,4.9295387,9.368318,4.7573147,17.729942,-3.7174284,2.088392,-5.977745,-8.535812,-7.1946516,-4.8947988,7.559399,5.2331195,-0.7689481,-3.8873358,4.0012345,6.579814,-4.015501,-3.23627,-11.350941,-3.8690746,1
3.0,3,4.9294486,9.368226,4.757166,17.729885,-3.7173536,2.088415,-5.9776897,-8.535688,-7.1947126,-4.8948407,7.559409,5.233124,-0.7690519,-3.887407,4.0012794,6.5798316,-4.01539,-3.2361643,-11.350948,-3.869081,1
3.0,3,6.3145385,10.351034,9.983901,12.379455,-2.586892,0.9805289,-7.0043926,-9.755945,-3.2000146,0.17303789,4.0395947,3.4925284,0.29116982,-3.0727963,5.077782,7.8568106,-6.9665723,-6.8341837,-9.968891,-4.635526,1
3.0,3,6.315245,10.351744,9.983039,12.38022,-2.586352,0.98096746,-7.003708,-9.755029,-3.2006745,0.1727212,4.0396733,3.4923878,0.28998786,-3.0739803,5.07869,7.857715,-6.9667106,-6.8344893,-9.969507,-4.6356688,1
3.0,3,6.3145084,10.350987,9.984403,12.379109,-2.5870454,0.98035437,-7.004607,-9.756247,-3.199637,0.173401,4.039509,3.4924889,0.2913853,-3.0725923,5.0776615,7.8567,-6.966691,-6.8342867,-9.968779,-4.6354713,1
3.0,3,6.314588,10.351073,9.984026,12.379363,-2.5869312,0.9805111,-7.004403,-9.755987,-3.1999092,0.173136,4.0395675,3.492519,0.29119468,-3.0727704,5.0777493,7.856778,-6.966617,-6.8342395,-9.9688835,-4.6355095,1
3.0,3,6.3151755,10.351672,9.983204,12.380144,-2.5864365,0.98089486,-7.003807,-9.755186,-3.2005496,0.17279506,4.039677,3.4923654,0.290142,-3.0738337,5.078598,7.8576274,-6.9667296,-6.834491,-9.969446,-4.635664,1
3.0,3,6.315225,10.351716,9.983268,12.380072,-2.586437,0.98088676,-7.003809,-9.7551775,-3.2005005,0.17287678,4.039644,3.4923706,0.29010457,-3.07387,5.0786147,7.8576446,-6.966759,-6.834529,-9.969454,-4.6356425,1
18.0,18,-3.9489462,-7.441864,-5.81347,-12.968881,-4.850691,-11.698778,-4.208805,0.7028204,7.1746655,7.7907495,-4.0909257,-2.5105896,6.871875,3.4304824,-12.18766,-9.233558,3.2084622,3.6868167,19.719772,12.494102,1
18.0,18,-3.9488552,-7.4417686,-5.8135066,-12.968677,-4.8508673,-11.69883,-4.208847,0.7027985,7.1745625,7.790705,-4.090881,-2.5105405,6.871876,3.430366,-12.187828,-9.233633,3.2084756,3.6868916,19.719872,12.494348,1
18.0,18,-3.946318,-7.43925,-5.8115335,-12.967715,-4.851462,-11.698648,-4.2087545,0.7026645,7.1745467,7.792062,-4.091331,-2.5112114,6.8707595,3.4281826,-12.187241,-9.232208,3.207034,3.685431,19.718914,12.494952,1
18.0,18,-3.9475195,-7.4404573,-5.811724,-12.968751,-4.8506703,-11.698978,-4.208924,0.7024585,7.1744514,7.7918353,-4.0926127,-2.5124092,6.872651,3.4298062,-12.187725,-9.232503,3.2073731,3.6850595,19.72041,12.493794,1
18.0,18,-3.9484804,-7.44141,-5.812607,-12.969106,-4.850449,-11.698898,-4.2088814,0.70260584,7.1746435,7.7912993,-4.0918965,-2.5116215,6.8724675,3.4304667,-12.187563,-9.232998,3.207972,3.6858482,19.72013,12.493585,1
18.0,18,-3.949033,-7.441949,-5.8135366,-12.968888,-4.8506923,-11.698809,-4.208829,0.70280826,7.174647,7.7906995,-4.090935,-2.5105877,6.871954,3.4305582,-12.187725,-9.23362,3.208506,3.6868677,19.71987,12.49412,1
17.0,10,-0.3932184,0.3490791,-2.4683676,2.7071729,-1.943226,2.690372,-0.2955404,-1.5738585,-0.27928972,-3.9479408,8.262471,6.711621,-1.2156794,1.9560616,-0.19684264,-2.3488498,1.7027725,3.072169,-8.57662,-3.3217924,0
17.0,10,-0.3913805,0.35079354,-2.4663708,2.7078085,-1.9448539,2.68815,-0.29742897,-1.5757072,-0.27992213,-3.9457383,8.263313,6.7115197,-1.216002,1.9557769,-0.19466315,-2.3467453,1.7036,3.0698133,-8.579599,-3.3236115,0
17.0,10,-0.3950485,0.34640458,-2.4708557,2.7038116,-1.9401534,2.69368,-0.29163694,-1.5695243,-0.27683866,-3.9489923,8.2607,6.7103295,-1.2172403,1.954447,-0.19896403,-2.35085,1.7009221,3.0758393,-8.572552,-3.3184729,0
17.0,10,-0.39508897,0.34630257,-2.4703202,2.703843,-1.9431093,2.6893585,-0.29611355,-1.5723473,-0.27664244,-3.9469543,8.261337,6.7138147,-1.2160985,1.9556227,-0.1998717,-2.3517678,1.7013189,3.076061,-8.570261,-3.3147798,0
17.0,10,-0.39253813,0.34956068,-2.4675243,2.7070823,-1.9446223,2.688291,-0.29745674,-1.5751567,-0.2791804,-3.9463344,8.262866,6.7126174,-1.2156403,1.9561243,-0.19639432,-2.3484228,1.702989,3.0715737,-8.57674,-3.320945,0
17.0,10,-0.39149594,0.35074875,-2.4664016,2.708305,-1.9460763,2.6866226,-0.2990503,-1.5769051,-0.28017104,-3.945468,8.26373,6.712792,-1.2152197,1.9565706,-0.19518894,-2.3472772,1.7039853,3.0698493,-8.578867,-3.3225813,0
13.0,12,-2.1465662,-5.2027144,3.0545187,-4.22666,-7.017314,-6.7929063,-6.9202538,-10.0681925,4.8215966,1.4091883,2.4062295,-0.143808,16.47451,16.245417,-8.890081,-8.317417,0.18956557,-1.0862068,3.451952,-3.6641588,0
13.0,12,-2.1465662,-5.2027144,3.0545187,-4.22666,-7.017314,-6.7929063,-6.9202538,-10.0681925,4.8215966,1.4091883,2.4062295,-0.143808,16.47451,16.245417,-8.890081,-8.317417,0.18956557,-1.0862068,3.451952,-3.6641588,0
13.0,12,-2.1465662,-5.2027144,3.0545187,-4.22666,-7.017314,-6.7929063,-6.9202538,-10.0681925,4.8215966,1.4091883,2.4062295,-0.143808,16.47451,16.245417,-8.890081,-8.317417,0.18956557,-1.0862068,3.451952,-3.6641588,0
13.0,12,-2.1465662,-5.2027144,3.0545187,-4.22666,-7.017314,-6.7929063,-6.9202538,-10.0681925,4.8215966,1.4091883,2.4062295,-0.143808,16.47451,16.245417,-8.890081,-8.317417,0.18956557,-1.0862068,3.451952,-3.6641588,0
13.0,12,-2.1465662,-5.2027144,3.0545187,-4.22666,-7.017314,-6.7929063,-6.9202538,-10.0681925,4.8215966,1.4091883,2.4062295,-0.143808,16.47451,16.245417,-8.890081,-8.317417,0.18956557,-1.0862068,3.451952,-3.6641588,0
13.0,12,-2.1465662,-5.2027144,3.0545187,-4.22666,-7.017314,-6.7929063,-6.9202538,-10.0681925,4.8215966,1.4091883,2.4062295,-0.143808,16.47451,16.245417,-8.890081,-8.317417,0.18956557,-1.0862068,3.451952,-3.6641588,0
4.0,4,-5.8431044,-3.162445,-5.375637,-3.9402714,13.218158,8.777899,5.122943,6.4609294,-1.9960607,-4.762892,-0.81853366,-0.6498188,-5.585356,-2.4853714,8.871044,6.5523605,0.07648912,1.0599275,-6.5752087,-11.758509,1
4.0,4,-5.84296,-3.1624217,-5.3757353,-3.9403825,13.217985,8.777794,5.1230907,6.461011,-1.9959034,-4.7627945,-0.81849265,-0.6499835,-5.5853105,-2.4853241,8.870859,6.552177,0.076560885,1.0598638,-6.5751123,-11.758425,1
4.0,4,-5.8447523,-3.1632218,-5.3744555,-3.939271,13.219927,8.778988,5.1211557,6.459788,-1.99761,-4.7639933,-0.81893134,-0.6480869,-5.585171,-2.4851887,8.872823,6.5541396,0.075353414,1.0609704,-6.5761876,-11.759441,1
4.0,4,-5.8437634,-3.1627593,-5.3758707,-3.9401112,13.219321,8.779205,5.123663,6.461554,-1.9961468,-4.763759,-0.81886005,-0.64992774,-5.5857673,-2.4858012,8.871205,6.552536,0.075954944,1.060507,-6.575045,-11.758635,1
4.0,4,-5.84296,-3.1624217,-5.3757353,-3.9403825,13.217985,8.777794,5.1230907,6.461011,-1.9959034,-4.7627945,-0.81849265,-0.6499835,-5.5853105,-2.4853241,8.870859,6.552177,0.076560885,1.0598638,-6.5751123,-11.758425,1
4.0,4,-5.8431087,-3.162448,-5.375635,-3.9402695,13.218162,8.777902,5.122939,6.460928,-1.9960643,-4.7628937,-0.8185344,-0.64981496,-5.585357,-2.4853716,8.871048,6.5523643,0.07648674,1.0599309,-6.5752096,-11.75851,1
7.0,7,-1.8615617,-4.2705064,-17.40645,-8.359374,6.4181237,7.2951274,14.960275,17.17855,0.6789737,-4.524657,2.2252378,-4.0154233,-9.980448,-7.1563563,-2.0905356,-4.0228195,7.3848658,7.202703,-0.62885976,-1.0211203,1
7.0,7,-1.8599995,-4.268881,-17.404682,-8.358347,6.417855,7.2963963,14.961187,17.177868,0.6798278,-4.5247984,2.2255487,-4.016209,-9.980039,-7.1560163,-2.0905266,-4.0227365,7.38337,7.201166,-0.6303909,-1.022361,1
7.0,7,-1.8524361,-4.2615952,-17.398731,-8.356302,6.4214277,7.3081245,14.971931,17.179361,0.6848668,-4.528083,2.226503,-4.0220194,-9.979783,-7.153539,-2.0884755,-4.022279,7.375958,7.193113,-0.6413841,-1.0340874,1
7.0,7,-1.8633066,-4.2720604,-17.408047,-8.360878,6.4217567,7.2985682,14.963125,17.18011,0.6796726,-4.527254,2.2256646,-4.0154977,-9.980452,-7.1536164,-2.0884326,-4.0228434,7.384867,7.202344,-0.63172984,-1.0263133,1
7.0,7,-1.8642478,-4.2730694,-17.40861,-8.360591,6.418104,7.2923694,14.957617,17.178572,0.6777991,-4.523988,2.225305,-4.0132957,-9.981195,-7.156759,-2.0899782,-4.0225706,7.38707,7.2050877,-0.62675023,-1.0188618,1
7.0,7,-1.8654141,-4.2744055,-17.410116,-8.361261,6.417898,7.2910595,14.956768,17.179026,0.6771045,-4.5238132,2.2251458,-4.0127373,-9.981349,-7.1570525,-2.0903966,-4.022894,7.388359,7.2064834,-0.6251874,-1.0174017,1
16.0,16,-5.6597958,-7.6853466,-14.73385,-5.9801917,-3.763554,-5.0196424,1.731394,5.859775,-2.4357448,-1.673944,7.2322087,2.2185874,-2.5324728,0.657065,-4.2581058,-6.5857024,15.064594,8.299033,-0.89955235,-0.06275433,1
16.0,16,-5.6598144,-7.685359,-14.733927,-5.980336,-3.7634828,-5.0196238,1.7314947,5.859925,-2.4356909,-1.6738873,7.232132,2.2185335,-2.5325937,0.6569441,-4.2581162,-6.5857134,15.064634,8.299051,-0.8994489,-0.06268066,1
16.0,16,-5.657269,-7.6829414,-14.733076,-5.9800167,-3.7623754,-5.0178285,1.7338183,5.861196,-2.4354563,-1.6735089,7.231717,2.2166374,-2.5340934,0.65545374,-4.2563457,-6.5839543,15.063475,8.296589,-0.90202785,-0.065056026,1
16.0,16,-5.6503453,-7.6764164,-14.728328,-5.9767475,-3.7612853,-5.0141706,1.7366598,5.860921,-2.4346848,-1.6723945,7.2323194,2.2141085,-2.5365486,0.6530283,-4.2514052,-6.5789967,15.058393,8.290583,-0.90988684,-0.070253074,1
16.0,16,-5.6590924,-7.6847258,-14.73374,-5.9800763,-3.7634628,-5.0192695,1.7320538,5.8600645,-2.4356642,-1.6739149,7.2321653,2.2180192,-2.5326405,0.6568995,-4.2578955,-6.585492,15.064433,8.298339,-0.900136,-0.063394964,1
16.0,16,-5.6597958,-7.6853466,-14.73385,-5.9801917,-3.763554,-5.0196424,1.731394,5.859775,-2.4357448,-1.673944,7.2322087,2.2185874,-2.5324728,0.657065,-4.2581058,-6.5857024,15.064594,8.299033,-0.89955235,-0.06275433,1
14.0,14,-0.58650285,4.037522,3.7893233,5.287223,9.356495,2.0902634,-6.1898317,-2.8028738,-5.52365,1.241066,1.0644772,3.3814077,-8.390535,-8.033781,17.651663,17.334578,-4.714432,-4.4204674,-12.047283,-10.004024,1
14.0,14,-0.58654314,4.037484,3.7892504,5.287191,9.356528,2.0904975,-6.1896105,-2.80281,-5.5235405,1.2408829,1.064678,3.3814988,-8.390573,-8.0336075,17.651653,17.334406,-4.7143664,-4.42042,-12.047573,-10.004255,1
14.0,14,-0.5864422,4.0375695,3.7893515,5.287266,9.356437,2.090225,-6.189849,-2.8029006,-5.5236635,1.2410908,1.0644717,3.3813763,-8.390506,-8.033794,17.651632,17.334578,-4.714443,-4.420504,-12.047268,-10.003995,1
14.0,14,-0.5864753,4.037522,3.7893028,5.2872176,9.356447,2.090224,-6.1898365,-2.8028858,-5.5236616,1.2410755,1.0645199,3.3814106,-8.390515,-8.033736,17.651665,17.33456,-4.7143784,-4.4204855,-12.047342,-10.004068,1
14.0,14,-0.5862153,4.037768,3.7895598,5.2874713,9.356238,2.090171,-6.189886,-2.8030655,-5.5236464,1.2411423,1.0644424,3.3812141,-8.390318,-8.033775,17.651472,17.334557,-4.714595,-4.4206758,-12.047213,-10.003937,1
14.0,14,-0.5863722,4.0376215,3.7893767,5.2873154,9.356368,2.0901988,-6.1898527,-2.8029268,-5.523674,1.2411051,1.0644786,3.381342,-8.39047,-8.033796,17.651587,17.334564,-4.714452,-4.42054,-12.047268,-10.003976,1
7.0,7,-0.13233812,-2.557005,-15.827181,-7.206312,6.07702,8.397518,15.95266,16.741758,1.0541238,-4.7074122,1.808647,-5.491944,-9.08215,-7.0704327,-2.7488194,-4.0300317,5.912984,5.6230855,-1.1414292,-1.8159575,1
7.0,7,-0.13013752,-2.55481,-15.824578,-7.2044125,6.076093,8.400888,15.955496,16.74044,1.0563468,-4.709197,1.8103764,-5.493238,-9.080274,-7.067779,-2.7501616,-4.0319176,5.910903,5.6208663,-1.1449151,-1.8192961,1
7.0,7,-0.12934728,-2.5558786,-15.825053,-7.206106,6.077674,8.420869,15.975384,16.742746,1.0689133,-4.7228403,1.8241957,-5.4936724,-9.07645,-7.049745,-2.7537596,-4.0462284,5.910295,5.6196237,-1.166811,-1.8408487,1
7.0,7,-0.12303753,-2.5522723,-15.819962,-7.2032366,6.0760393,8.447568,16.001768,16.74198,1.0860418,-4.740596,1.8405907,-5.4991646,-9.065818,-7.024968,-2.7630427,-4.066009,5.904821,5.6133475,-1.1937168,-1.8687274,1
7.0,7,-0.13228197,-2.5570283,-15.827169,-7.206359,6.0770445,8.398158,15.953289,16.741804,1.054602,-4.7078223,1.8091861,-5.4918904,-9.0820875,-7.0698447,-2.7488742,-4.0304823,5.912924,5.623048,-1.1422348,-1.8166475,1
7.0,7,-0.13121624,-2.5561805,-15.826091,-7.205583,6.0766835,8.401526,15.956442,16.741396,1.0567371,-4.7099915,1.8112203,-5.4926105,-9.080678,-7.066858,-2.7500358,-4.0328097,5.911924,5.621976,-1.1456761,-1.8200893,1
10.0,10,-0.9811434,-1.0692891,-6.255197,1.4433751,-2.9932015,0.8246061,0.958671,0.9504794,0.2551366,-3.2129884,8.883652,5.707081,-3.1841455,-0.085540235,-1.6178529,-3.744146,4.1966376,4.9346304,-5.867518,-0.062374353,1
10.0,10,-0.9805512,-1.0688962,-6.255103,1.4434888,-2.9935129,0.8243794,0.95878196,0.95051193,0.25531995,-3.212594,8.883898,5.706864,-3.1844873,-0.0858742,-1.617615,-3.7439137,4.19656,4.934299,-5.8679047,-0.06232989,1
10.0,10,-0.97995704,-1.06816,-6.2544136,1.443645,-2.99341,0.8245253,0.9586878,0.9504007,0.2557081,-3.21209,8.883884,5.707131,-3.1851926,-0.08657026,-1.6170473,-3.7433515,4.195794,4.9338574,-5.8682423,-0.06201136,1
10.0,10,-0.9772559,-1.0652261,-6.2491965,1.4437101,-2.9951735,0.8233116,0.95568204,0.94692373,0.2583748,-3.208921,8.883997,5.709837,-3.185028,-0.08629441,-1.6163344,-3.7426639,4.1919675,4.9315176,-5.8689475,-0.060055673,1
10.0,10,-0.97897977,-1.066515,-6.2511177,1.4439473,-2.9942598,0.82394785,0.9564228,0.9478148,0.25679147,-3.2107944,8.88365,5.7092214,-3.1843386,-0.08567411,-1.6168733,-3.7431834,4.1937428,4.9323635,-5.8684134,-0.06132251,1
10.0,10,-0.9809405,-1.0690178,-6.2548566,1.4435172,-2.9934366,0.82447356,0.9584342,0.9501022,0.25516522,-3.2129185,8.883657,5.7072296,-3.1838293,-0.085228086,-1.6179376,-3.744226,4.1965456,4.93428,-5.86761,-0.06251061,1
18.0,18,-3.060314,-6.560839,-5.530383,-12.365423,-5.2897367,-11.126734,-3.8095071,0.77899945,7.5002804,7.8150787,-2.8612661,-1.6035775,5.5436053,2.7295084,-11.554859,-9.072557,2.989644,3.7128532,17.863316,12.513373,1
18.0,18,-3.060228,-6.5607543,-5.5303707,-12.365395,-5.289754,-11.126659,-3.8094327,0.77905095,7.500268,7.8150682,-2.8612285,-1.6035575,5.543521,2.7294362,-11.554848,-9.072555,2.9896474,3.7128441,17.863197,12.513358,1
18.0,18,-3.0617769,-6.562283,-5.5320215,-12.366524,-5.2889366,-11.126144,-3.8088238,0.77995265,7.500201,7.814102,-2.8607025,-1.6027387,5.543224,2.7303348,-11.554712,-9.07335,2.9909792,3.714039,17.862833,12.512566,1
18.0,18,-3.0618517,-6.5623565,-5.5321527,-12.366614,-5.288865,-11.126022,-3.8087153,0.78006446,7.5002546,7.814028,-2.860519,-1.6025513,5.543019,2.730344,-11.554583,-9.073385,2.9910812,3.7141588,17.862574,12.512465,1
18.0,18,-3.060664,-6.561195,-5.5308833,-12.365844,-5.289397,-11.126148,-3.8089283,0.77944314,7.5004644,7.81464,-2.8607569,-1.6031483,5.543195,2.7298322,-11.554611,-9.072876,2.9900665,3.7132132,17.86249,12.512738,1
18.0,18,-3.060086,-6.560617,-5.530262,-12.365339,-5.289783,-11.126553,-3.8093348,0.7790514,7.500316,7.8150682,-2.8612018,-1.6036059,5.5434957,2.729402,-11.554857,-9.072554,2.9895627,3.7127585,17.863068,12.513302,1
10.0,10,-0.27192688,-0.020773053,-3.4453387,3.5399113,-4.5480824,-0.5800266,-2.192819,-2.6334212,-0.85259736,-2.7891212,9.763521,7.1077323,-1.2592893,1.7193477,-0.4907458,-2.5270622,3.694879,3.4592214,-8.18673,-1.733309,1
10.0,10,-0.27192688,-0.020773053,-3.4453387,3.5399113,-4.5480824,-0.5800266,-2.192819,-2.6334212,-0.85259736,-2.7891212,9.763521,7.1077323,-1.2592893,1.7193477,-0.4907458,-2.5270622,3.694879,3.4592214,-8.18673,-1.733309,1
10.0,10,-0.27192688,-0.020773053,-3.4453387,3.5399113,-4.5480824,-0.5800266,-2.192819,-2.6334212,-0.85259736,-2.7891212,9.763521,7.1077323,-1.2592893,1.7193477,-0.4907458,-2.5270622,3.694879,3.4592214,-8.18673,-1.733309,1
10.0,10,-0.27192688,-0.020773053,-3.4453387,3.5399113,-4.5480824,-0.5800266,-2.192819,-2.6334212,-0.85259736,-2.7891212,9.763521,7.1077323,-1.2592893,1.7193477,-0.4907458,-2.5270622,3.694879,3.4592214,-8.18673,-1.733309,1
10.0,10,-0.27192688,-0.020773053,-3.4453387,3.5399113,-4.5480824,-0.5800266,-2.192819,-2.6334212,-0.85259736,-2.7891212,9.763521,7.1077323,-1.2592893,1.7193477,-0.4907458,-2.5270622,3.694879,3.4592214,-8.18673,-1.733309,1
10.0,10,-0.27192688,-0.020773053,-3.4453387,3.5399113,-4.5480824,-0.5800266,-2.192819,-2.6334212,-0.85259736,-2.7891212,9.763521,7.1077323,-1.2592893,1.7193477,-0.4907458,-2.5270622,3.694879,3.4592214,-8.18673,-1.733309,1
3.0,3,5.333074,9.816483,3.9069853,18.506851,-3.6225238,2.285159,-5.2398043,-7.8447104,-7.8018675,-5.262085,7.876221,4.6303325,-1.5706024,-4.758044,4.4609814,7.0715775,-3.4956462,-3.496116,-11.955423,-4.291411,1
3.0,3,5.333074,9.816483,3.9069853,18.506851,-3.6225238,2.285159,-5.2398043,-7.8447104,-7.8018675,-5.262085,7.876221,4.6303325,-1.5706024,-4.758044,4.4609814,7.0715775,-3.4956462,-3.496116,-11.955423,-4.291411,1
3.0,3,5.333074,9.816483,3.9069853,18.506851,-3.6225238,2.285159,-5.2398043,-7.8447104,-7.8018675,-5.262085,7.876221,4.6303325,-1.5706024,-4.758044,4.4609814,7.0715775,-3.4956462,-3.496116,-11.955423,-4.291411,1
3.0,3,5.333074,9.816483,3.9069853,18.506851,-3.6225238,2.285159,-5.2398043,-7.8447104,-7.8018675,-5.262085,7.876221,4.6303325,-1.5706024,-4.758044,4.4609814,7.0715775,-3.4956462,-3.496116,-11.955423,-4.291411,1
3.0,3,5.333074,9.816483,3.9069853,18.506851,-3.6225238,2.285159,-5.2398043,-7.8447104,-7.8018675,-5.262085,7.876221,4.6303325,-1.5706024,-4.758044,4.4609814,7.0715775,-3.4956462,-3.496116,-11.955423,-4.291411,1
3.0,3,5.333074,9.816483,3.9069853,18.506851,-3.6225238,2.285159,-5.2398043,-7.8447104,-7.8018675,-5.262085,7.876221,4.6303325,-1.5706024,-4.758044,4.4609814,7.0715775,-3.4956462,-3.496116,-11.955423,-4.291411,1
3.0,3,5.2369094,9.804588,4.111022,18.80745,-3.3767111,2.50936,-5.439287,-8.026467,-8.077331,-5.4812613,7.815549,4.775527,-1.4728578,-4.721189,4.723848,7.384208,-3.7788906,-3.434882,-12.169632,-4.50373,1
3.0,3,5.2369094,9.804588,4.111022,18.80745,-3.3767111,2.50936,-5.439287,-8.026467,-8.077331,-5.4812613,7.815549,4.775527,-1.4728578,-4.721189,4.723848,7.384208,-3.7788906,-3.434882,-12.169632,-4.50373,1
3.0,3,5.2369094,9.804588,4.111022,18.80745,-3.3767111,2.50936,-5.439287,-8.026467,-8.077331,-5.4812613,7.815549,4.775527,-1.4728578,-4.721189,4.723848,7.384208,-3.7788906,-3.434882,-12.169632,-4.50373,1
3.0,3,5.2369094,9.804588,4.111022,18.80745,-3.3767111,2.50936,-5.439287,-8.026467,-8.077331,-5.4812613,7.815549,4.775527,-1.4728578,-4.721189,4.723848,7.384208,-3.7788906,-3.434882,-12.169632,-4.50373,1
3.0,3,5.2369094,9.804588,4.111022,18.80745,-3.3767111,2.50936,-5.439287,-8.026467,-8.077331,-5.4812613,7.815549,4.775527,-1.4728578,-4.721189,4.723848,7.384208,-3.7788906,-3.434882,-12.169632,-4.50373,1
3.0,3,5.2369094,9.804588,4.111022,18.80745,-3.3767111,2.50936,-5.439287,-8.026467,-8.077331,-5.4812613,7.815549,4.775527,-1.4728578,-4.721189,4.723848,7.384208,-3.7788906,-3.434882,-12.169632,-4.50373,1
2.0,2,6.1858964,9.47315,19.724218,4.777279,-4.0030336,-3.7846925,-12.861124,-16.534353,4.8790097,8.061766,0.18164086,3.2625012,6.567407,3.12083,3.8023686,6.6983438,-12.1959095,-11.067775,-4.9686346,-3.4222684,1
2.0,2,6.1858964,9.47315,19.724218,4.777279,-4.0030336,-3.7846925,-12.861124,-16.534353,4.8790097,8.061766,0.18164086,3.2625012,6.567407,3.12083,3.8023686,6.6983438,-12.1959095,-11.067775,-4.9686346,-3.4222684,1
2.0,2,6.1858964,9.47315,19.724218,4.777279,-4.0030336,-3.7846925,-12.861124,-16.534353,4.8790097,8.061766,0.18164086,3.2625012,6.567407,3.12083,3.8023686,6.6983438,-12.1959095,-11.067775,-4.9686346,-3.4222684,1
2.0,2,6.1858964,9.47315,19.724218,4.777279,-4.0030336,-3.7846925,-12.861124,-16.534353,4.8790097,8.061766,0.18164086,3.2625012,6.567407,3.12083,3.8023686,6.6983438,-12.1959095,-11.067775,-4.9686346,-3.4222684,1
2.0,2,6.1858964,9.47315,19.724218,4.777279,-4.0030336,-3.7846925,-12.861124,-16.534353,4.8790097,8.061766,0.18164086,3.2625012,6.567407,3.12083,3.8023686,6.6983438,-12.1959095,-11.067775,-4.9686346,-3.4222684,1
2.0,2,6.1858964,9.47315,19.724218,4.777279,-4.0030336,-3.7846925,-12.861124,-16.534353,4.8790097,8.061766,0.18164086,3.2625012,6.567407,3.12083,3.8023686,6.6983438,-12.1959095,-11.067775,-4.9686346,-3.4222684,1
7.0,7,-2.2133996,-4.473844,-18.053408,-8.242057,6.724156,7.2574162,14.807707,17.469107,0.30111098,-4.7432566,2.461399,-3.3774834,-10.636666,-7.5191092,-1.5687821,-3.7369404,7.69509,7.5950513,-0.79841614,-0.86403483,1
7.0,7,-2.2100155,-4.470269,-18.049244,-8.240482,6.724118,7.2615857,14.811117,17.468153,0.30344927,-4.744179,2.4616718,-3.380053,-10.635211,-7.5176816,-1.5694516,-3.7375352,7.6917777,7.591426,-0.8020892,-0.86796945,1
7.0,7,-2.2037256,-4.463254,-18.040733,-8.238335,6.7257886,7.2730074,14.820853,17.467361,0.30839002,-4.7480297,2.4606957,-3.3873324,-10.630295,-7.512853,-1.5723364,-3.7402318,7.685038,7.5833163,-0.8094311,-0.87897605,1
7.0,7,-2.2008338,-4.4603825,-18.037277,-8.236782,6.7255445,7.278067,14.825516,17.466585,0.31080258,-4.750469,2.4609218,-3.3908815,-10.626857,-7.5094647,-1.5749612,-3.742743,7.682259,7.579901,-0.8125212,-0.8839039,1
7.0,7,-2.2136066,-4.4737597,-18.053125,-8.242817,6.7254686,7.259372,14.809465,17.469923,0.3012731,-4.7442427,2.460329,-3.3787246,-10.63587,-7.5183253,-1.5693312,-3.7374766,7.694897,7.594438,-0.798578,-0.865946,1
7.0,7,-2.2133262,-4.473818,-18.053387,-8.241929,6.724015,7.2575316,14.807862,17.469032,0.30119157,-4.7434263,2.4614964,-3.3776083,-10.636408,-7.5188546,-1.5690362,-3.7371867,7.6950574,7.5950036,-0.79845023,-0.86414856,1
15.0,15,1.8145638,6.460408,6.7848415,7.8141003,7.200726,0.76859885,-7.630416,-5.189177,-5.624832,2.4142466,-0.09659386,1.4601202,-6.0998244,-8.395712,16.00482,17.752262,-6.833671,-6.638637,-10.274887,-8.561304,1
15.0,15,1.8145643,6.4604106,6.7848434,7.814106,7.2007213,0.7685961,-7.630419,-5.189182,-5.624834,2.4142454,-0.09659243,1.4601208,-6.09982,-8.39571,16.004816,17.75226,-6.833672,-6.638637,-10.274883,-8.5613,1
15.0,15,1.8145882,6.4604316,6.784874,7.814128,7.2006993,0.768598,-7.630417,-5.1892037,-5.624823,2.4142473,-0.09659243,1.460101,-6.0997934,-8.395699,16.004793,17.75225,-6.833691,-6.638658,-10.274883,-8.5613,1
15.0,15,1.8145745,6.460419,6.784855,7.8141174,7.200712,0.76859826,-7.630418,-5.1891913,-5.624829,2.4142444,-0.096590996,1.4601135,-6.0998087,-8.395703,16.004807,17.752258,-6.8336797,-6.6386466,-10.274885,-8.561301,1
15.0,15,1.8145703,6.460413,6.784853,7.814108,7.2007117,0.7685959,-7.630417,-5.1891885,-5.624827,2.414246,-0.096590996,1.4601132,-6.09981,-8.395702,16.004805,17.752254,-6.8336754,-6.638641,-10.274883,-8.5613,1
15.0,15,1.8145748,6.460419,6.784855,7.8141117,7.2007155,0.76860183,-7.630413,-5.1891875,-5.624827,2.4142454,-0.09659147,1.4601117,-6.0998125,-8.395704,16.004808,17.752258,-6.8336797,-6.6386466,-10.274889,-8.561306,1
17.0,17,-9.078706,-9.851885,-10.527956,-6.0346923,-0.14869015,-0.9504433,-1.1997256,3.8575785,0.43545437,-2.8505251,5.860676,8.018427,-2.9417057,0.16546607,-4.356674,-6.4617987,6.7781863,13.469726,2.6944811,6.1599426,1
17.0,17,-9.078706,-9.851885,-10.527956,-6.0346923,-0.14869015,-0.9504433,-1.1997256,3.8575785,0.43545437,-2.8505251,5.860676,8.018427,-2.9417057,0.16546607,-4.356674,-6.4617987,6.7781863,13.469726,2.6944811,6.1599426,1
17.0,17,-9.078706,-9.851885,-10.527956,-6.0346923,-0.14869015,-0.9504433,-1.1997256,3.8575785,0.43545437,-2.8505251,5.860676,8.018427,-2.9417057,0.16546607,-4.356674,-6.4617987,6.7781863,13.469726,2.6944811,6.1599426,1
17.0,17,-9.078705,-9.85188,-10.527943,-6.034684,-0.14868888,-0.9504417,-1.1997385,3.857566,0.4354546,-2.850524,5.860676,8.018438,-2.9417048,0.16546679,-4.356667,-6.4617906,6.7781725,13.469725,2.6944764,6.1599445,1
17.0,17,-9.078706,-9.851885,-10.527956,-6.0346923,-0.14869015,-0.9504433,-1.1997256,3.8575785,0.43545437,-2.8505251,5.860676,8.018427,-2.9417057,0.16546607,-4.356674,-6.4617987,6.7781863,13.469726,2.6944811,6.1599426,1
17.0,17,-9.078706,-9.851885,-10.527956,-6.0346923,-0.14869015,-0.9504433,-1.1997256,3.8575785,0.43545437,-2.8505251,5.860676,8.018427,-2.9417057,0.16546607,-4.356674,-6.4617987,6.7781863,13.469726,2.6944811,6.1599426,1
0.0,1,13.585911,15.141974,7.184623,8.704444,-5.3227525,-0.3403542,-1.1940186,-4.420858,0.7163097,4.265722,3.2533898,0.18847549,-3.1015353,-6.476936,2.2741716,5.135807,-6.439482,-10.842662,-8.005773,-1.0862608,0
0.0,1,13.585966,15.142069,7.1846533,8.704358,-5.322703,-0.34038305,-1.19399,-4.420806,0.716372,4.2658324,3.253303,0.1884383,-3.101633,-6.477035,2.2742314,5.1358647,-6.439493,-10.842793,-8.005718,-1.0862467,0
0.0,1,13.586151,15.141658,7.1846247,8.703439,-5.322894,-0.34110123,-1.1940091,-4.420825,0.7171077,4.2665777,3.2530274,0.18772829,-3.101071,-6.4764743,2.2740264,5.1356716,-6.4396644,-10.843094,-8.005045,-1.0861337,0
0.0,1,13.586673,15.141536,7.183937,8.70331,-5.3238144,-0.34145415,-1.1934444,-4.4204874,0.7173663,4.2665963,3.2535198,0.1872828,-3.1007624,-6.4761643,2.2730885,5.1347537,-6.439179,-10.8428545,-8.004911,-1.0857246,0
0.0,1,13.586191,15.141364,7.1844416,8.703205,-5.323071,-0.3412413,-1.1939186,-4.420741,0.7172396,4.26664,3.2531106,0.18753827,-3.100843,-6.476241,2.273793,5.135444,-6.439631,-10.842874,-8.00494,-1.0860257,0
0.0,1,13.585936,15.141979,7.184616,8.704425,-5.322775,-0.34036988,-1.1940033,-4.420848,0.7163302,4.265739,3.253391,0.18845773,-3.1015277,-6.4769278,2.2741504,5.1357865,-6.4394784,-10.842672,-8.005763,-1.0862495,0
7.0,7,-2.2703073,-4.441529,-18.031355,-8.238201,6.723028,6.6107383,14.043327,17.359406,0.12908912,-4.147971,2.5241916,-2.788372,-11.407665,-8.281502,-0.8446343,-3.0312603,7.702226,7.7604003,-0.7572036,-0.19355005,1
7.0,7,-2.2632267,-4.4309373,-18.019346,-8.232517,6.72529,6.618566,14.04578,17.35565,0.13217759,-4.1473594,2.5243733,-2.7891512,-11.410617,-8.2844515,-0.83900857,-3.0256565,7.693209,7.751447,-0.76729965,-0.20037955,1
7.0,7,-2.27907,-4.439661,-18.029018,-8.257713,6.763326,6.664204,14.089405,17.386475,0.12667394,-4.175807,2.4941232,-2.8168626,-11.395222,-8.269359,-0.8536656,-3.0400875,7.7004504,7.74811,-0.76199174,-0.2421593,1
7.0,7,-2.307792,-4.4627905,-18.053179,-8.287906,6.798741,6.697241,14.123949,17.418598,0.11571932,-4.2050657,2.463811,-2.8383346,-11.376767,-8.251156,-0.87381315,-3.0601346,7.7192845,7.7575583,-0.74126935,-0.27206606,1
7.0,7,-2.2876198,-4.455553,-18.046394,-8.256599,6.7448287,6.631242,14.064923,17.379486,0.12224233,-4.1659956,2.5056806,-2.8017898,-11.39667,-8.270689,-0.85684824,-3.0433872,7.7137704,7.766205,-0.7448232,-0.21200174,1
7.0,7,-2.2676957,-4.438873,-18.028467,-8.235556,6.7208247,6.6084304,14.04024,17.356695,0.13006079,-4.1451097,2.5263846,-2.7862363,-11.410247,-8.284066,-0.8417957,-3.028443,7.6998944,7.759129,-0.7594595,-0.1911475,1
18.0,18,-2.515259,-5.977004,-6.079699,-11.423131,-6.1653647,-11.285693,-3.9228654,1.0310186,6.5887933,7.5312123,-2.2643485,-0.79587495,4.854461,1.8118145,-11.9640255,-9.294638,3.6269345,4.302209,17.49598,13.5050335,1
18.0,18,-2.5155466,-5.977282,-6.0802774,-11.423378,-6.1651826,-11.2852545,-3.9224129,1.031444,6.5886374,7.5307226,-2.2639546,-0.79547584,4.8541975,1.8120697,-11.963964,-9.294974,3.6275346,4.302583,17.495316,13.504515,1
18.0,18,-2.5186017,-5.9802666,-6.0863376,-11.427843,-6.1614237,-11.278905,-3.9158618,1.0374237,6.5874057,7.5254908,-2.2605133,-0.79197824,4.850614,1.814745,-11.96223,-9.298057,3.6339111,4.306018,17.48685,13.496794,1
18.0,18,-2.5207675,-5.982434,-6.08816,-11.430161,-6.159549,-11.277577,-3.9141223,1.0389775,6.586972,7.5238075,-2.2618632,-0.7931801,4.8523517,1.8170283,-11.963308,-9.299568,3.635627,4.3066087,17.487814,13.494311,1
18.0,18,-2.5173075,-5.979022,-6.0831246,-11.425645,-6.163299,-11.28252,-3.9193819,1.0342356,6.5879674,7.528221,-2.2634587,-0.7948817,4.85366,1.8135939,-11.964188,-9.296782,3.6303024,4.3041177,17.493214,13.501383,1
18.0,18,-2.5153263,-5.977078,-6.0794916,-11.423165,-6.1653676,-11.285999,-3.923089,1.0308095,6.5887604,7.53137,-2.2649488,-0.796456,4.8551126,1.8119721,-11.964409,-9.2946415,3.6267323,4.301965,17.496885,13.505218,1
13.0,12,-2.2367413,-5.306529,3.037963,-4.3845444,-6.7941394,-6.546231,-6.775691,-9.929435,4.974703,1.3741302,2.5404353,0.01217258,16.19124,16.184975,-8.641214,-8.238581,0.095431596,-0.9326289,3.1559634,-3.7726886,0
13.0,12,-2.2367413,-5.306529,3.037963,-4.3845444,-6.7941394,-6.546231,-6.775691,-9.929435,4.974703,1.3741302,2.5404353,0.01217258,16.19124,16.184975,-8.641214,-8.238581,0.095431596,-0.9326289,3.1559634,-3.7726886,0
13.0,12,-2.2367704,-5.306535,3.0380588,-4.3843775,-6.7941747,-6.5462728,-6.7758236,-9.9295635,4.974536,1.3740535,2.5402336,0.012038827,16.191544,16.185032,-8.641422,-8.238595,0.09533468,-0.9326282,3.1562638,-3.7725885,0
13.0,12,-2.237469,-5.3071885,3.0375257,-4.3848934,-6.7935047,-6.545572,-6.7753525,-9.929091,4.974741,1.3735454,2.54069,0.012602687,16.191013,16.185299,-8.640949,-8.238739,0.09559944,-0.93199164,3.1555314,-3.7731621,0
13.0,12,-2.2370083,-5.3067336,3.037889,-4.384448,-6.7939634,-6.5460525,-6.7756824,-9.92942,4.974507,1.3738446,2.5402865,0.01210618,16.19146,16.185076,-8.641357,-8.23863,0.09541336,-0.9324259,3.15617,-3.7727294,0
13.0,12,-2.2367144,-5.3065047,3.0379753,-4.3845253,-6.794167,-6.5462584,-6.77571,-9.929453,4.97471,1.3741555,2.5404549,0.01218462,16.19122,16.184958,-8.6412,-8.238567,0.09542695,-0.9326448,3.155949,-3.772668,0
17.0,17,-9.941277,-11.229837,-13.030699,-5.39663,0.8526269,0.28114432,0.99837387,5.7881017,-1.0959414,-4.687539,6.493323,5.7725625,-3.445753,-0.33929855,-3.8871005,-6.0205913,8.5145235,14.631463,1.3603652,4.047392,1
17.0,17,-9.941698,-11.229929,-13.029923,-5.396663,0.8532156,0.28123027,0.997264,5.7875924,-1.0958499,-4.6872706,6.4930143,5.773918,-3.4461641,-0.33966917,-3.8864326,-6.0199428,8.513401,14.631953,1.3606982,4.048331,1
17.0,17,-9.941568,-11.229831,-13.030712,-5.395538,0.8543819,0.2827739,0.9986055,5.788278,-1.0974206,-4.689003,6.492989,5.77268,-3.445706,-0.33917946,-3.885563,-6.0191054,8.513733,14.631419,1.3588376,4.0453887,1
17.0,17,-9.943761,-11.232032,-13.033491,-5.398002,0.85523343,0.28297466,1.0005685,5.790999,-1.0970291,-4.689335,6.4922643,5.771301,-3.4467063,-0.34017628,-3.8871598,-6.020745,8.516167,14.633481,1.3614151,4.0465775,1
17.0,17,-9.940572,-11.228973,-13.028937,-5.3956466,0.8525243,0.28116137,0.9969145,5.7865577,-1.0958964,-4.6872573,6.493435,5.7739244,-3.4453645,-0.3389098,-3.8862548,-6.0197153,8.512701,14.63089,1.3595808,4.0475106,1
17.0,17,-9.940502,-11.228904,-13.028939,-5.3957453,0.85220385,0.28069383,0.9966842,5.7865367,-1.095656,-4.686782,6.4936247,5.7740808,-3.4458385,-0.33937496,-3.8861895,-6.0196652,8.512844,14.63097,1.3597522,4.048131,1
3.0,3,5.061135,9.488506,4.0198517,17.352642,-3.629559,1.4365711,-5.953087,-7.8400598,-7.5672407,-4.317399,7.399491,5.0796685,-1.7566079,-4.897515,4.5681486,7.139363,-3.2355433,-3.364074,-11.228737,-3.599039,1
3.0,3,5.061135,9.488506,4.0198517,17.352642,-3.629559,1.4365711,-5.953087,-7.8400598,-7.5672407,-4.317399,7.399491,5.0796685,-1.7566079,-4.897515,4.5681486,7.139363,-3.2355433,-3.364074,-11.228737,-3.599039,1
3.0,3,5.061135,9.488506,4.0198517,17.352642,-3.629559,1.4365711,-5.953087,-7.8400598,-7.5672407,-4.317399,7.399491,5.0796685,-1.7566079,-4.897515,4.5681486,7.139363,-3.2355433,-3.364074,-11.228737,-3.599039,1
3.0,3,5.0611606,9.488532,4.019867,17.352657,-3.6295524,1.4365833,-5.953081,-7.8400598,-7.5672426,-4.3174,7.399479,5.079663,-1.7566023,-4.8975167,4.568153,7.1393747,-3.2355719,-3.3640978,-11.228741,-3.5990453,1
3.0,3,5.061135,9.488506,4.0198517,17.352642,-3.629559,1.4365711,-5.953087,-7.8400598,-7.5672407,-4.317399,7.399491,5.0796685,-1.7566079,-4.897515,4.5681486,7.139363,-3.2355433,-3.364074,-11.228737,-3.599039,1
3.0,3,5.061135,9.488506,4.0198517,17.352642,-3.629559,1.4365711,-5.953087,-7.8400598,-7.5672407,-4.317399,7.399491,5.0796685,-1.7566079,-4.897515,4.5681486,7.139363,-3.2355433,-3.364074,-11.228737,-3.599039,1
2.0,2,6.156008,9.447003,19.668081,4.7220325,-3.8664935,-3.6954277,-12.775453,-16.41285,4.887176,8.046929,0.115676165,3.2240486,6.466454,3.0178761,3.8607068,6.758092,-12.247609,-11.028292,-4.927419,-3.4031422,1
2.0,2,6.156008,9.447003,19.668081,4.7220325,-3.8664935,-3.6954277,-12.775453,-16.41285,4.887176,8.046929,0.115676165,3.2240486,6.466454,3.0178761,3.8607068,6.758092,-12.247609,-11.028292,-4.927419,-3.4031422,1
2.0,2,6.156008,9.447003,19.668081,4.7220325,-3.8664935,-3.6954277,-12.775453,-16.41285,4.887176,8.046929,0.115676165,3.2240486,6.466454,3.0178761,3.8607068,6.758092,-12.247609,-11.028292,-4.927419,-3.4031422,1
2.0,2,6.156008,9.447003,19.668081,4.7220325,-3.8664935,-3.6954277,-12.775453,-16.41285,4.887176,8.046929,0.115676165,3.2240486,6.466454,3.0178761,3.8607068,6.758092,-12.247609,-11.028292,-4.927419,-3.4031422,1
2.0,2,6.156008,9.447003,19.668081,4.7220325,-3.8664935,-3.6954277,-12.775453,-16.41285,4.887176,8.046929,0.115676165,3.2240486,6.466454,3.0178761,3.8607068,6.758092,-12.247609,-11.028292,-4.927419,-3.4031422,1
2.0,2,6.156008,9.447003,19.668081,4.7220325,-3.8664935,-3.6954277,-12.775453,-16.41285,4.887176,8.046929,0.115676165,3.2240486,6.466454,3.0178761,3.8607068,6.758092,-12.247609,-11.028292,-4.927419,-3.4031422,1
2.0,2,6.2113137,9.5091715,19.68896,4.9526777,-4.12401,-3.7636168,-12.8437605,-16.5812,4.7839394,7.9464455,0.31439912,3.283824,6.6036935,3.1560676,3.7372184,6.633891,-12.096585,-11.038247,-5.101625,-3.4778519,1
2.0,2,6.2113137,9.5091715,19.68896,4.9526777,-4.12401,-3.7636168,-12.8437605,-16.5812,4.7839394,7.9464455,0.31439912,3.283824,6.6036935,3.1560676,3.7372184,6.633891,-12.096585,-11.038247,-5.101625,-3.4778519,1
2.0,2,6.2113137,9.5091715,19.68896,4.9526777,-4.12401,-3.7636168,-12.8437605,-16.5812,4.7839394,7.9464455,0.31439912,3.283824,6.6036935,3.1560676,3.7372184,6.633891,-12.096585,-11.038247,-5.101625,-3.4778519,1
2.0,2,6.2113137,9.5091715,19.68896,4.9526777,-4.12401,-3.7636168,-12.8437605,-16.5812,4.7839394,7.9464455,0.31439912,3.283824,6.6036935,3.1560676,3.7372184,6.633891,-12.096585,-11.038247,-5.101625,-3.4778519,1
2.0,2,6.2113137,9.5091715,19.68896,4.9526777,-4.1240096,-3.7636168,-12.8437605,-16.5812,4.7839394,7.9464455,0.314399,3.2838235,6.6036935,3.1560674,3.7372184,6.633891,-12.096585,-11.038247,-5.101625,-3.4778519,1
2.0,2,6.2113137,9.5091715,19.68896,4.9526777,-4.12401,-3.7636168,-12.8437605,-16.5812,4.7839394,7.9464455,0.31439912,3.283824,6.6036935,3.1560676,3.7372184,6.633891,-12.096585,-11.038247,-5.101625,-3.4778519,1
14.0,10,1.423679,0.4779246,-4.179339,0.5618309,-2.0549016,1.3930767,2.4918964,1.411013,0.9883499,-1.3657112,7.754761,2.0028949,-3.425345,-0.884816,0.46187767,-1.245882,2.901226,1.9807836,-8.116629,-3.2419806,0
14.0,10,1.423679,0.4779246,-4.179339,0.5618309,-2.0549016,1.3930767,2.4918964,1.411013,0.9883499,-1.3657112,7.754761,2.0028949,-3.425345,-0.884816,0.46187767,-1.245882,2.901226,1.9807836,-8.116629,-3.2419806,0
14.0,10,1.423679,0.4779246,-4.179339,0.5618309,-2.0549016,1.3930767,2.4918964,1.411013,0.9883499,-1.3657112,7.754761,2.0028949,-3.425345,-0.884816,0.46187767,-1.245882,2.901226,1.9807836,-8.116629,-3.2419806,0
14.0,10,1.42425,0.47866267,-4.1781197,0.561641,-2.0536804,1.3932946,2.492017,1.4105669,0.9879204,-1.3653955,7.7531533,2.000938,-3.4240003,-0.883959,0.46303567,-1.2443763,2.9005747,1.9783123,-8.117079,-3.24487,0
14.0,10,1.4242392,0.4784673,-4.177941,0.5610473,-2.0537703,1.3929887,2.4917984,1.4105386,0.98858416,-1.3647835,7.7533507,2.0012867,-3.4244351,-0.88411397,0.46325806,-1.2443638,2.9003496,1.9785347,-8.117032,-3.2443163,0
14.0,10,1.423679,0.4779246,-4.179339,0.5618309,-2.0549016,1.3930767,2.4918964,1.411013,0.9883499,-1.3657112,7.754761,2.0028949,-3.425345,-0.884816,0.46187767,-1.245882,2.901226,1.9807836,-8.116629,-3.2419806,0
8.0,19,2.014968,-1.2953076,-1.4978582,-8.995806,-7.316694,-10.260568,-4.0106277,-0.73602045,8.686466,9.910462,0.2919376,0.32662237,1.2243017,-0.9343936,-8.174116,-6.1722355,0.14486709,1.3073184,11.430641,12.704369,0
8.0,19,2.0149884,-1.2952462,-1.4983598,-8.995604,-7.3168736,-10.260494,-4.010517,-0.73563695,8.686053,9.910222,0.29212463,0.32703936,1.2238524,-0.9348783,-8.174343,-6.1724305,0.14526334,1.307818,11.430634,12.704896,0
8.0,19,2.0154176,-1.2947581,-1.498695,-8.994954,-7.317386,-10.260578,-4.0106096,-0.7353771,8.685454,9.910154,0.29255748,0.32768142,1.2230345,-0.93583745,-8.174395,-6.172368,0.14560822,1.3082591,11.430288,12.70572,0
8.0,19,2.01466,-1.2956111,-1.4991971,-8.995563,-7.316966,-10.260311,-4.010228,-0.7351786,8.685808,9.909722,0.2925781,0.32750547,1.2234976,-0.93496794,-8.174613,-6.172901,0.14584473,1.3085802,11.430532,12.705202,0
8.0,19,2.0153093,-1.294895,-1.4980763,-8.995382,-7.3169956,-10.260603,-4.0106893,-0.73576736,8.685979,9.910461,0.2921741,0.32709837,1.2236097,-0.9352097,-8.174076,-6.172097,0.14512113,1.3076096,11.430365,12.704959,0
8.0,19,2.0147884,-1.2954917,-1.4981493,-8.995906,-7.3166156,-10.260445,-4.0104733,-0.7358221,8.686427,9.91028,0.29204118,0.32674396,1.2241949,-0.9343621,-8.174167,-6.1723914,0.14506724,1.3075595,11.430599,12.704358,0
14.0,14,-1.4123224,3.3000746,3.6057234,4.552877,9.667744,2.2077127,-6.2044926,-2.7863274,-5.1911554,1.1264284,1.3741199,3.8496046,-8.481651,-7.469641,17.881554,17.049767,-4.238604,-3.9878318,-12.388239,-10.480843,1
14.0,14,-1.4124403,3.2999606,3.6056423,4.5527596,9.667795,2.2076845,-6.2045193,-2.786277,-5.1911573,1.1264405,1.3741292,3.8496795,-8.481714,-7.469644,17.881598,17.04976,-4.238513,-3.9877331,-12.388224,-10.480826,1
14.0,14,-1.4122962,3.3001032,3.605754,4.552905,9.667726,2.207657,-6.204549,-2.7863505,-5.191186,1.1264734,1.3740727,3.8495822,-8.481643,-7.4696937,17.881554,17.049812,-4.238629,-3.9878528,-12.388172,-10.480781,1
14.0,14,-1.4123535,3.3000474,3.6057167,4.552848,9.667755,2.2076771,-6.204529,-2.786327,-5.191165,1.1264546,1.3740999,3.849617,-8.481662,-7.4696584,17.88157,17.049788,-4.2385874,-3.9878147,-12.388205,-10.480817,1
14.0,14,-1.4123952,3.300003,3.6057043,4.552804,9.66774,2.2076576,-6.204545,-2.7863262,-5.191151,1.1264644,1.3741176,3.8496466,-8.4816675,-7.4696455,17.881552,17.049753,-4.238545,-3.987767,-12.388193,-10.480793,1
14.0,14,-1.4123273,3.3000698,3.6057215,4.552872,9.667746,2.207711,-6.2044945,-2.7863262,-5.1911545,1.1264296,1.3741201,3.8496075,-8.481652,-7.469641,17.881556,17.049767,-4.2386007,-3.98783,-12.388237,-10.480843,1
11.0,11,-4.781282,-1.2853998,-2.7737226,3.376779,0.4414487,1.3670795,-5.2749767,-2.9486465,-3.6897454,-4.599692,6.7443986,11.576441,-2.3833044,0.65222174,2.2399354,0.09772341,2.6165786,5.217084,-6.4139576,-1.5417631,1
11.0,11,-4.7812276,-1.2851938,-2.7735586,3.3765702,0.44159922,1.3666306,-5.2756577,-2.9487636,-3.6898317,-4.5991774,6.744126,11.57714,-2.3837333,0.6518225,2.2404382,0.098201886,2.61637,5.2169647,-6.4137025,-1.5412269,1
11.0,11,-4.781346,-1.2866101,-2.7733974,3.3736596,0.43951046,1.3664167,-5.274111,-2.948823,-3.6864119,-4.5986805,6.744599,11.576139,-2.3811831,0.6549328,2.236235,0.093638435,2.6168196,5.2177,-6.4117556,-1.5401312,1
11.0,11,-4.780827,-1.2863714,-2.7732654,3.3742995,0.43915176,1.3671229,-5.273201,-2.9488072,-3.6859255,-4.599178,6.745119,11.575399,-2.3808725,0.6551743,2.2356584,0.09313415,2.616333,5.2176485,-6.4121866,-1.5403628,1
11.0,11,-4.781115,-1.2851084,-2.7735476,3.3770714,0.4413848,1.3670421,-5.2750654,-2.948807,-3.6899157,-4.599682,6.7444158,11.576394,-2.3833175,0.65214187,2.2400994,0.097932056,2.6166053,5.2167788,-6.4141946,-1.5419965,1
11.0,11,-4.781282,-1.2853998,-2.7737226,3.376779,0.4414487,1.3670795,-5.2749767,-2.9486465,-3.6897454,-4.599692,6.7443986,11.576441,-2.3833044,0.65222174,2.2399354,0.09772341,2.6165786,5.217084,-6.4139576,-1.5417631,1
16.0,16,-4.929524,-7.0565653,-15.843467,-6.234263,-2.5906532,-4.0543704,3.4614727,7.6215577,-2.8131456,-1.964911,6.5945525,1.1012596,-3.6015787,-0.4082269,-3.5732796,-5.91215,15.139552,7.60053,-1.251478,-0.9294366,1
16.0,16,-4.9296184,-7.0566564,-15.84349,-6.2344007,-2.5907183,-4.0544987,3.461407,7.6215396,-2.8131342,-1.9648387,6.5945296,1.1012579,-3.6015272,-0.4081747,-3.5733588,-5.912232,15.139712,7.6005683,-1.2513783,-0.929403,1
16.0,16,-4.929319,-7.056347,-15.843627,-6.234267,-2.5900424,-4.0537663,3.4620469,7.622092,-2.8132577,-1.9651163,6.5942893,1.1009735,-3.6019492,-0.4085948,-3.5729136,-5.911783,15.139258,7.6003585,-1.2517221,-0.9298007,1
16.0,16,-4.930966,-7.058053,-15.843118,-6.235015,-2.5929291,-4.057002,3.4591238,7.619646,-2.8128138,-1.9640193,6.595263,1.1022828,-3.5998645,-0.40651602,-3.5750027,-5.9138856,15.141383,7.6015515,-1.2500317,-0.9280707,1
16.0,16,-4.9298387,-7.0568843,-15.843519,-6.2341847,-2.591184,-4.054962,3.4608853,7.6211047,-2.8131409,-1.9648395,6.594813,1.101639,-3.6012392,-0.40788907,-3.5736516,-5.912522,15.139856,7.600849,-1.2511013,-0.9289519,1
16.0,16,-4.9301696,-7.0572453,-15.843695,-6.2344384,-2.5914989,-4.055302,3.4607174,7.6209593,-2.8131227,-1.9648671,6.5948215,1.1016538,-3.6007695,-0.40742248,-3.5741746,-5.9130445,15.14032,7.6010413,-1.2506826,-0.9288389,1
3.0,3,5.3550353,9.839437,4.7309713,18.243668,-3.7081788,2.2100253,-5.739358,-8.429315,-7.518161,-4.958817,7.727414,4.929501,-1.1119113,-4.28148,4.4483013,7.0562043,-3.9304843,-3.646783,-12.018276,-4.361568,1
3.0,3,5.3550353,9.839437,4.7309713,18.243668,-3.7081788,2.2100253,-5.739358,-8.429315,-7.518161,-4.958817,7.727414,4.929501,-1.1119113,-4.28148,4.4483013,7.0562043,-3.9304843,-3.646783,-12.018276,-4.361568,1
3.0,3,5.3550353,9.839437,4.7309713,18.243668,-3.7081788,2.2100253,-5.739358,-8.429315,-7.518161,-4.958817,7.727414,4.929501,-1.1119113,-4.28148,4.4483013,7.0562043,-3.9304843,-3.646783,-12.018276,-4.361568,1
3.0,3,5.3550353,9.839437,4.7309713,18.243668,-3.7081788,2.2100253,-5.739358,-8.429315,-7.518161,-4.958817,7.727414,4.929501,-1.1119113,-4.28148,4.4483013,7.0562043,-3.9304843,-3.646783,-12.018276,-4.361568,1
3.0,3,5.3550353,9.839437,4.7309713,18.243668,-3.7081788,2.2100253,-5.739358,-8.429315,-7.518161,-4.958817,7.727414,4.929501,-1.1119113,-4.28148,4.4483013,7.0562043,-3.9304843,-3.646783,-12.018276,-4.361568,1
3.0,3,5.3550353,9.839437,4.7309713,18.243668,-3.7081788,2.2100253,-5.739358,-8.429315,-7.518161,-4.958817,7.727414,4.929501,-1.1119113,-4.28148,4.4483013,7.0562043,-3.9304843,-3.646783,-12.018276,-4.361568,1
0.0,1,14.277102,15.235226,6.186906,8.537271,-6.7674546,-1.560075,-0.9692518,-4.237498,1.0115005,4.668047,3.756529,-0.16255844,-2.7121243,-6.092268,1.1204759,3.9940097,-5.4710536,-11.038993,-7.3366957,-0.29969025,0
0.0,1,14.277102,15.235226,6.186906,8.537271,-6.7674546,-1.560075,-0.9692518,-4.237498,1.0115005,4.668047,3.756529,-0.16255844,-2.7121243,-6.092268,1.1204759,3.9940097,-5.4710536,-11.038993,-7.3366957,-0.29969025,0
0.0,1,14.277102,15.235226,6.186906,8.537271,-6.7674546,-1.560075,-0.9692518,-4.237498,1.0115005,4.668047,3.756529,-0.16255844,-2.7121243,-6.092268,1.1204759,3.9940097,-5.4710536,-11.038993,-7.3366957,-0.29969025,0
0.0,1,14.277102,15.235226,6.186906,8.537271,-6.7674546,-1.560075,-0.9692518,-4.237498,1.0115005,4.668047,3.756529,-0.16255844,-2.7121243,-6.092268,1.1204759,3.9940097,-5.4710536,-11.038993,-7.3366957,-0.29969025,0
0.0,1,14.277102,15.235226,6.186906,8.537271,-6.7674546,-1.560075,-0.9692518,-4.237498,1.0115005,4.668047,3.756529,-0.16255844,-2.7121243,-6.092268,1.1204759,3.9940097,-5.4710536,-11.038993,-7.3366957,-0.29969025,0
0.0,1,14.277102,15.235226,6.186906,8.537271,-6.7674546,-1.560075,-0.9692518,-4.237498,1.0115005,4.668047,3.756529,-0.16255844,-2.7121243,-6.092268,1.1204759,3.9940097,-5.4710536,-11.038993,-7.3366957,-0.29969025,0
3.0,3,5.5454426,10.110554,4.597703,18.93586,-3.2417595,2.8267736,-5.3572474,-8.213658,-7.9689207,-5.487892,7.7474875,4.6743717,-1.3210212,-4.565649,4.9236465,7.5881305,-4.2435284,-3.8030357,-12.575018,-4.9304385,1
3.0,3,5.545423,10.110538,4.5977006,18.935867,-3.2417603,2.8267665,-5.3572598,-8.213671,-7.9689302,-5.4879017,7.7474914,4.6743717,-1.321011,-4.565643,4.923645,7.5881324,-4.2435217,-3.8030236,-12.57501,-4.9304376,1
3.0,3,5.545442,10.110554,4.597703,18.93586,-3.241759,2.826774,-5.3572454,-8.213658,-7.9689207,-5.4878936,7.7474875,4.6743717,-1.3210211,-4.5656486,4.923646,7.588131,-4.2435274,-3.8030355,-12.57502,-4.9304385,1
3.0,3,5.5454426,10.110554,4.597703,18.93586,-3.2417595,2.8267736,-5.3572474,-8.213658,-7.9689207,-5.487892,7.7474875,4.6743717,-1.3210212,-4.565649,4.9236465,7.5881305,-4.2435284,-3.8030357,-12.575018,-4.9304385,1
3.0,3,5.545435,10.110549,4.5976954,18.935867,-3.24175,2.8267622,-5.3572607,-8.213659,-7.968935,-5.4878926,7.747477,4.674372,-1.3210218,-4.565657,4.9236574,7.5881476,-4.243531,-3.8030355,-12.575003,-4.9304304,1
3.0,3,5.545445,10.110557,4.59776,18.935848,-3.2417543,2.8267815,-5.357259,-8.213694,-7.968894,-5.4878793,7.747475,4.674355,-1.3209865,-4.5656185,4.923651,7.5881386,-4.2435675,-3.8030603,-12.575026,-4.930465,1
15.0,15,-2.5490825,1.9120734,2.0312266,2.9885812,11.518988,5.618848,-2.1579046,0.2066966,-3.98628,-1.1843169,-1.255259,0.9224138,-6.795999,-7.1810646,13.487982,13.803136,-5.4730806,-2.2437673,-7.7031083,-8.88018,1
15.0,15,-2.5488389,1.9122974,2.0313063,2.9888031,11.518594,5.617829,-2.1588852,0.20618734,-3.98694,-1.1837728,-1.2550311,0.9228368,-6.7961297,-7.1811185,13.488816,13.803893,-5.472527,-2.244201,-7.703776,-8.880539,1
15.0,15,-2.5416896,1.9196333,2.0387774,2.9962666,11.510419,5.606211,-2.1713104,0.19561836,-3.99226,-1.1763167,-1.2521224,0.9257337,-6.7948184,-7.18168,13.496133,13.812517,-5.471357,-2.252889,-7.711299,-8.88308,1
15.0,15,-2.535188,1.9264868,2.045642,3.0031557,11.502521,5.5931416,-2.185227,0.18478557,-3.998897,-1.1682866,-1.2492132,0.92964077,-6.7938724,-7.1820416,13.505133,13.822351,-5.46864,-2.2618296,-7.7196765,-8.8867,1
15.0,15,-2.5413864,1.9199686,2.0392475,2.9965777,11.51014,5.6059446,-2.1716495,0.1952357,-3.9922552,-1.176048,-1.2522585,0.92561054,-6.794622,-7.181802,13.496054,13.812684,-5.4716697,-2.2531855,-7.711097,-8.882818,1
15.0,15,-2.5490825,1.9120734,2.0312266,2.9885812,11.518988,5.618848,-2.1579046,0.2066966,-3.98628,-1.1843169,-1.255259,0.9224138,-6.795999,-7.1810646,13.487982,13.803136,-5.4730806,-2.2437673,-7.7031083,-8.88018,1
15.0,15,0.77553254,5.375712,5.314666,6.6706157,8.285342,1.7306693,-6.6125,-3.9541066,-5.496111,1.634553,0.64820004,2.345899,-7.2160487,-8.070104,16.819674,17.450188,-5.8496785,-5.6358323,-11.527918,-9.599245,1
15.0,15,0.77553254,5.375712,5.314666,6.6706157,8.285342,1.7306693,-6.6125,-3.9541066,-5.496111,1.634553,0.64820004,2.345899,-7.2160487,-8.070104,16.819674,17.450188,-5.8496785,-5.6358323,-11.527918,-9.599245,1
15.0,15,0.77553254,5.375712,5.314666,6.6706157,8.285342,1.7306693,-6.6125,-3.9541066,-5.496111,1.634553,0.64820004,2.345899,-7.2160487,-8.070104,16.819674,17.450188,-5.8496785,-5.6358323,-11.527918,-9.599245,1
15.0,15,0.77553254,5.375712,5.314666,6.6706157,8.285342,1.7306693,-6.6125,-3.9541066,-5.496111,1.634553,0.64820004,2.345899,-7.2160487,-8.070104,16.819674,17.450188,-5.8496785,-5.6358323,-11.527918,-9.599245,1
15.0,15,0.77553254,5.375712,5.314666,6.6706157,8.285342,1.7306693,-6.6125,-3.9541066,-5.496111,1.634553,0.64820004,2.345899,-7.2160487,-8.070104,16.819674,17.450188,-5.8496785,-5.6358323,-11.527918,-9.599245,1
15.0,15,0.77553254,5.375712,5.314666,6.6706157,8.285342,1.7306693,-6.6125,-3.9541066,-5.496111,1.634553,0.64820004,2.345899,-7.2160487,-8.070104,16.819674,17.450188,-5.8496785,-5.6358323,-11.527918,-9.599245,1
12.0,12,0.020120189,-3.0900593,4.9766855,-2.8574884,-8.370141,-8.113044,-7.8964806,-11.062605,4.7606683,3.0862324,1.1664846,-1.6225508,16.941256,14.578381,-9.587502,-7.362863,-1.3703371,-2.7329013,5.1218863,-1.7262964,1
12.0,12,0.02011685,-3.0900612,4.976693,-2.8574862,-8.3701315,-8.113033,-7.8964825,-11.062607,4.760667,3.0862284,1.166483,-1.6225485,16.941256,14.578381,-9.587494,-7.362855,-1.370348,-2.7328978,5.1218786,-1.7263017,1
12.0,12,0.019923374,-3.090271,4.9764185,-2.857642,-8.370094,-8.113006,-7.8963795,-11.062501,4.760661,3.0860798,1.1666174,-1.6224397,16.941265,14.578595,-9.587517,-7.3630366,-1.370072,-2.7327688,5.121778,-1.7264771,1
12.0,12,0.019755408,-3.0904102,4.9764566,-2.8575535,-8.369994,-8.112915,-7.8964863,-11.062605,4.7605157,3.085907,1.1665883,-1.6223758,16.941442,14.578757,-9.587502,-7.363005,-1.3701189,-2.732653,5.1217513,-1.7266037,1
12.0,12,0.019975826,-3.0902114,4.976513,-2.8576221,-8.370065,-8.112971,-7.896391,-11.062515,4.760691,3.086129,1.1666074,-1.6224355,16.941198,14.578516,-9.5874405,-7.36295,-1.3701729,-2.7327988,5.1217275,-1.7264624,1
12.0,12,0.020120189,-3.0900593,4.9766855,-2.8574884,-8.370141,-8.113044,-7.8964806,-11.062605,4.7606683,3.0862324,1.1664846,-1.6225508,16.941256,14.578381,-9.587502,-7.362863,-1.3703371,-2.7329013,5.1218863,-1.7262964,1
2.0,2,5.9641194,9.26959,19.466091,4.7729993,-4.0701537,-4.0628967,-13.127648,-16.538136,4.64529,8.061868,0.22373986,3.4883318,6.515919,3.0725603,3.820961,6.7103596,-11.910466,-10.831454,-4.8117685,-3.2163842,1
2.0,2,5.9641194,9.26959,19.466091,4.7729993,-4.0701537,-4.0628967,-13.127648,-16.538136,4.64529,8.061868,0.22373986,3.4883318,6.515919,3.0725603,3.820961,6.7103596,-11.910466,-10.831454,-4.8117685,-3.2163842,1
2.0,2,5.9641194,9.26959,19.466091,4.7729993,-4.0701537,-4.0628967,-13.127648,-16.538136,4.64529,8.061868,0.22373986,3.4883318,6.515919,3.0725603,3.820961,6.7103596,-11.910466,-10.831454,-4.8117685,-3.2163842,1
2.0,2,5.9641194,9.26959,19.466091,4.7729993,-4.0701537,-4.0628967,-13.127648,-16.538136,4.64529,8.061868,0.22373986,3.4883318,6.515919,3.0725603,3.820961,6.7103596,-11.910466,-10.831454,-4.8117685,-3.2163842,1
2.0,2,5.9641194,9.26959,19.466091,4.7729993,-4.0701537,-4.0628967,-13.127648,-16.538136,4.64529,8.061868,0.22373986,3.4883318,6.515919,3.0725603,3.820961,6.7103596,-11.910466,-10.831454,-4.8117685,-3.2163842,1
2.0,2,5.9641194,9.26959,19.466091,4.7729993,-4.0701537,-4.0628967,-13.127648,-16.538136,4.64529,8.061868,0.22373986,3.4883318,6.515919,3.0725603,3.820961,6.7103596,-11.910466,-10.831454,-4.8117685,-3.2163842,1
16.0,10,-1.5791051,-2.52178,-8.121884,0.116627276,-4.4071097,-0.99799705,1.2210526,1.3459923,-0.33537245,-3.1118357,9.09288,4.3109856,-1.5208812,1.6171207,-3.2040105,-5.3802977,7.323849,5.1436267,-5.1900096,-0.9700096,0
16.0,10,-1.5791583,-2.5218601,-8.121942,0.11663705,-4.40709,-0.9978818,1.2212136,1.3460201,-0.33547008,-3.112009,9.092882,4.3107705,-1.5206704,1.6173291,-3.2041008,-5.3803883,7.3240047,5.1435947,-5.1901364,-0.97035533,0
16.0,10,-1.5767853,-2.5188575,-8.117404,0.11831123,-4.4081593,-0.9978407,1.2190194,1.3427056,-0.33420157,-3.1107445,9.09308,4.312788,-1.5198269,1.6181142,-3.203279,-5.3794756,7.3204894,5.1410527,-5.1917043,-0.97025615,0
16.0,10,-1.5808238,-2.5233293,-8.124432,0.11499834,-4.406179,-0.9986434,1.2215462,1.3478242,-0.3365271,-3.112082,9.092002,4.310493,-1.5214796,1.6165841,-3.2041583,-5.3805456,7.3264503,5.14461,-5.188538,-0.9700598,0
16.0,10,-1.5786749,-2.5214071,-8.121372,0.11667174,-4.4074287,-0.9981583,1.2208097,1.3455844,-0.33509302,-3.1115618,9.092888,4.3111615,-1.5205998,1.6173944,-3.2041202,-5.380392,7.3234644,5.143235,-5.1900616,-0.9699169,0
16.0,10,-1.5791051,-2.52178,-8.121884,0.116627276,-4.4071097,-0.99799705,1.2210526,1.3459923,-0.33537245,-3.1118357,9.09288,4.3109856,-1.5208812,1.6171207,-3.2040105,-5.3802977,7.323849,5.1436267,-5.1900096,-0.9700096,0
14.0,10,4.807876,4.467089,-0.010370612,3.398963,1.3968129,4.2810636,3.6827962,0.8798908,0.3336481,-0.9373327,4.9167795,-2.201757,-3.6004658,-3.0314143,4.6901393,4.4792695,-2.4009495,-3.1449397,-10.592602,-7.575873,0
14.0,10,4.8077035,4.4669065,-0.010441899,3.398755,1.3970244,4.281133,3.6828682,0.8799671,0.33374667,-0.93734485,4.9167666,-2.2017908,-3.6005034,-3.0313106,4.6903005,4.4793196,-2.4009304,-3.1449134,-10.592659,-7.576074,0
14.0,10,4.8076844,4.4668736,-0.010681987,3.398734,1.3969393,4.2812705,3.683079,0.88017976,0.33374894,-0.937496,4.9169116,-2.2016525,-3.600658,-3.0313938,4.690086,4.479053,-2.400762,-3.1446698,-10.59267,-7.575887,0
14.0,10,4.8080144,4.4673805,-0.010025859,3.3993373,1.3970728,4.28126,3.6827385,0.87971306,0.33345222,-0.9374059,4.916588,-2.2019691,-3.6004043,-3.031513,4.690491,4.479739,-2.4012842,-3.145326,-10.592817,-7.576278,0
14.0,10,4.807876,4.467089,-0.010370612,3.398963,1.3968129,4.2810636,3.6827962,0.8798908,0.3336481,-0.9373327,4.9167795,-2.201757,-3.6004658,-3.0314143,4.6901393,4.4792695,-2.4009495,-3.1449397,-10.592602,-7.575873,0
14.0,10,4.807876,4.467089,-0.010370612,3.398963,1.3968129,4.2810636,3.6827962,0.8798908,0.3336481,-0.9373327,4.9167795,-2.201757,-3.6004658,-3.0314143,4.6901393,4.4792695,-2.4009495,-3.1449397,-10.592602,-7.575873,0
10.0,10,1.0323265,0.10574752,-5.4367137,2.1930761,-5.1030807,-0.63562626,0.61711526,0.10766986,1.2119112,-1.6758409,10.17318,5.1567435,-3.5366364,-0.591034,-1.5741191,-3.569594,3.8582149,4.0118556,-6.814704,0.7380753,1
10.0,10,1.0323265,0.10574752,-5.4367137,2.1930761,-5.1030807,-0.63562626,0.61711526,0.10766986,1.2119112,-1.6758409,10.17318,5.1567435,-3.5366364,-0.591034,-1.5741191,-3.569594,3.8582149,4.0118556,-6.814704,0.7380753,1
10.0,10,1.0323265,0.10574752,-5.4367137,2.1930761,-5.1030807,-0.63562626,0.61711526,0.10766986,1.2119112,-1.6758409,10.17318,5.1567435,-3.5366364,-0.591034,-1.5741191,-3.569594,3.8582149,4.0118556,-6.814704,0.7380753,1
10.0,10,1.0323265,0.10574752,-5.4367137,2.1930761,-5.1030807,-0.63562626,0.61711526,0.10766986,1.2119112,-1.6758409,10.17318,5.1567435,-3.5366364,-0.591034,-1.5741191,-3.569594,3.8582149,4.0118556,-6.814704,0.7380753,1
10.0,10,1.0323265,0.10574752,-5.4367137,2.1930761,-5.1030807,-0.63562626,0.61711526,0.10766986,1.2119112,-1.6758409,10.17318,5.1567435,-3.5366364,-0.591034,-1.5741191,-3.569594,3.8582149,4.0118556,-6.814704,0.7380753,1
10.0,10,1.0323265,0.10574752,-5.4367137,2.1930761,-5.1030807,-0.63562626,0.61711526,0.10766986,1.2119112,-1.6758409,10.17318,5.1567435,-3.5366364,-0.591034,-1.5741191,-3.569594,3.8582149,4.0118556,-6.814704,0.7380753,1
19.0,19,1.073797,-2.396371,-4.961823,-9.057023,-7.521484,-9.356972,-2.736837,1.3412479,7.733918,8.053464,2.5362358,2.9533818,-0.9921318,-1.4354994,-8.438327,-7.739175,2.5855327,4.143457,9.870541,13.472524,1
19.0,19,1.0737764,-2.396391,-4.9618607,-9.057034,-7.5214767,-9.356972,-2.736831,1.3412741,7.733903,8.053452,2.5362306,2.9533947,-0.99214494,-1.4355142,-8.438343,-7.739189,2.5855548,4.1434903,9.870571,13.472552,1
19.0,19,1.0758653,-2.3942885,-4.9612536,-9.055143,-7.5226593,-9.35634,-2.7362635,1.3413159,7.733271,8.053259,2.536931,2.9535534,-0.9929527,-1.4368925,-8.438668,-7.7390466,2.5851216,4.142976,9.869139,13.47307,1
19.0,19,1.0751804,-2.3950024,-4.960719,-9.056088,-7.5219693,-9.3565235,-2.7365515,1.340834,7.734066,8.053684,2.5366578,2.9531457,-0.99240935,-1.4359074,-8.437956,-7.7386928,2.5847988,4.1425004,9.869133,13.472004,1
19.0,19,1.0721446,-2.398066,-4.9616346,-9.058926,-7.5200477,-9.357067,-2.7369628,1.3409139,7.734978,8.053686,2.5355382,2.952592,-0.99096715,-1.4335728,-8.437579,-7.739043,2.5854793,4.143062,9.871017,13.470652,1
19.0,19,1.0737764,-2.3963928,-4.9618244,-9.057044,-7.52147,-9.35698,-2.7368443,1.3412455,7.733927,8.05347,2.5362234,2.9533753,-0.99212134,-1.4354866,-8.438324,-7.739174,2.5855324,4.14346,9.870562,13.472519,1
0.0,0,14.481443,12.990607,5.2262106,5.2557306,-7.317975,-3.0038965,-0.14396936,-3.2666242,3.2290812,6.388744,3.316574,-2.3858194,-1.3530502,-4.690357,-0.20934573,2.6985552,-5.7480416,-10.197839,-5.347416,0.7347074,1
0.0,0,14.481587,12.990938,5.226373,5.256046,-7.3179417,-3.0038311,-0.1440413,-3.2667687,3.2289028,6.3886757,3.3165834,-2.385736,-1.3531077,-4.6904182,-0.20912603,2.6987703,-5.7480717,-10.198163,-5.347689,0.73443896,1
0.0,0,14.481858,12.990611,5.226854,5.25552,-7.3188853,-3.0056598,-0.14506638,-3.2679932,3.229456,6.38978,3.316598,-2.386549,-1.3515549,-4.688848,-0.20912185,2.6987514,-5.747829,-10.199312,-5.3473735,0.7337385,1
0.0,0,14.485676,12.985717,5.220483,5.2500424,-7.326836,-3.0111187,-0.14091164,-3.2650669,3.2340837,6.392308,3.3198242,-2.3925347,-1.3461078,-4.683268,-0.21786341,2.6901863,-5.7447033,-10.196003,-5.34363,0.7379789,1
0.0,0,14.481906,12.9896,5.225619,5.2542286,-7.3191977,-3.0054915,-0.14387482,-3.2666185,3.2303085,6.3898625,3.3166726,-2.3870392,-1.3517063,-4.6890087,-0.21054819,2.6973844,-5.7477617,-10.197818,-5.346216,0.73533064,1
0.0,0,14.481482,12.990685,5.2262783,5.2558084,-7.317981,-3.0038893,-0.14400488,-3.2666876,3.2290368,6.388734,3.3165846,-2.3858023,-1.3530385,-4.6903453,-0.20928767,2.698611,-5.7480493,-10.197926,-5.347509,0.73461455,1
16.0,16,-4.775291,-5.9077563,-14.081627,-4.9871464,-2.6112528,-3.7812898,2.4090974,6.284697,-2.7858305,-1.8226213,6.86169,2.175207,-4.071197,-0.89399594,-2.6908607,-5.040455,14.2356,6.8882136,-2.1413217,-1.0187011,1
16.0,16,-4.775322,-5.9077845,-14.081654,-4.9871483,-2.6112485,-3.781296,2.4090898,6.284701,-2.7858458,-1.8226376,6.861688,2.175212,-4.0711865,-0.8939869,-2.690873,-5.0404663,14.2356205,6.88824,-2.1412983,-1.0186934,1
16.0,16,-4.774527,-5.906888,-14.080612,-4.985875,-2.6120625,-3.7816598,2.4081974,6.283577,-2.78548,-1.8222315,6.86252,2.1760454,-4.07154,-0.8943457,-2.6904192,-5.04,14.2345915,6.8879013,-2.1419604,-1.017942,1
16.0,16,-4.7749853,-5.9073133,-14.081052,-4.9865527,-2.6114786,-3.7813447,2.408679,6.2841773,-2.785748,-1.8224661,6.862008,2.1755958,-4.071419,-0.89421695,-2.6905012,-5.040095,14.235125,6.8880143,-2.1417575,-1.0185342,1
16.0,16,-4.7750344,-5.9074197,-14.081154,-4.986392,-2.6118648,-3.7817762,2.4082992,6.283942,-2.7856846,-1.8223433,6.862266,2.1759148,-4.071417,-0.8942124,-2.69065,-5.040245,14.235172,6.888241,-2.1415062,-1.017971,1
16.0,16,-4.775291,-5.907757,-14.081627,-4.9871473,-2.6112535,-3.7812917,2.409097,6.284696,-2.78583,-1.8226199,6.86169,2.1752076,-4.0711975,-0.89399666,-2.6908598,-5.0404553,14.2356,6.888214,-2.1413214,-1.0187001,1
2.0,2,5.8936644,9.200502,19.383833,4.496654,-3.7773707,-4.052289,-13.109831,-16.343695,4.5999956,8.182648,0.058716297,3.4920135,6.3028955,2.9329789,4.126042,6.95513,-11.87948,-10.85958,-4.853462,-3.3445528,1
2.0,2,5.8936644,9.200502,19.383833,4.496654,-3.7773707,-4.052289,-13.109831,-16.343695,4.5999956,8.182648,0.058716297,3.4920135,6.3028955,2.9329789,4.126042,6.95513,-11.87948,-10.85958,-4.853462,-3.3445528,1
2.0,2,5.8936644,9.200502,19.383833,4.496654,-3.7773707,-4.052289,-13.109831,-16.343695,4.5999956,8.182648,0.058716297,3.4920135,6.3028955,2.9329789,4.126042,6.95513,-11.87948,-10.85958,-4.853462,-3.3445528,1
2.0,2,5.8936644,9.200502,19.383833,4.496654,-3.7773707,-4.052289,-13.109831,-16.343695,4.5999956,8.182648,0.058716297,3.4920135,6.3028955,2.9329789,4.126042,6.95513,-11.87948,-10.85958,-4.853462,-3.3445528,1
2.0,2,5.8936644,9.200502,19.383833,4.496654,-3.7773707,-4.052289,-13.109831,-16.343695,4.5999956,8.182648,0.058716297,3.4920135,6.3028955,2.9329789,4.126042,6.95513,-11.87948,-10.85958,-4.853462,-3.3445528,1
2.0,2,5.8936644,9.200502,19.383833,4.496654,-3.7773707,-4.052289,-13.109831,-16.343695,4.5999956,8.182648,0.058716297,3.4920135,6.3028955,2.9329789,4.126042,6.95513,-11.87948,-10.85958,-4.853462,-3.3445528,1
3.0,3,5.1038814,9.698324,4.20463,18.863918,-3.2799685,2.6011512,-5.550255,-8.139163,-8.14952,-5.5880556,7.825417,4.8796296,-1.378102,-4.604855,4.8029485,7.448341,-3.863976,-3.3363912,-12.26433,-4.613658,1
3.0,3,5.1038814,9.698324,4.20463,18.863918,-3.2799685,2.6011512,-5.550255,-8.139163,-8.14952,-5.5880556,7.825417,4.8796296,-1.378102,-4.604855,4.8029485,7.448341,-3.863976,-3.3363912,-12.26433,-4.613658,1
3.0,3,5.103869,9.698314,4.204644,18.86393,-3.2799604,2.6011617,-5.550269,-8.139182,-8.149531,-5.5880685,7.825418,4.87964,-1.3780869,-4.604842,4.802956,7.44835,-3.863988,-3.3363798,-12.264341,-4.6136694,1
3.0,3,5.1038756,9.69832,4.2046423,18.863937,-3.2799573,2.6011665,-5.5502644,-8.139177,-8.149534,-5.5880723,7.825417,4.8796363,-1.3780898,-4.604846,4.80296,7.448355,-3.8639932,-3.3363853,-12.264345,-4.613673,1
3.0,3,5.103881,9.698324,4.20463,18.863918,-3.2799685,2.6011512,-5.550254,-8.139163,-8.149519,-5.5880556,7.8254166,4.8796296,-1.3781018,-4.6048555,4.8029494,7.4483414,-3.863976,-3.3363912,-12.26433,-4.6136575,1
3.0,3,5.1038814,9.698324,4.20463,18.863918,-3.2799685,2.6011512,-5.550255,-8.139163,-8.14952,-5.5880556,7.825417,4.8796296,-1.378102,-4.604855,4.8029485,7.448341,-3.863976,-3.3363912,-12.26433,-4.613658,1
7.0,7,-2.7957168,-5.2238536,-18.65451,-7.73864,5.4960227,5.878642,13.618698,16.667185,0.12632084,-4.7466826,3.2700617,-2.5782247,-10.091832,-6.974885,-2.2865787,-4.454489,8.397119,8.46469,-0.012627125,0.3784142,1
7.0,7,-2.7884572,-5.2169476,-18.64863,-7.7375364,5.498846,5.8883405,13.628078,16.668888,0.1300031,-4.7486954,3.2686248,-2.585136,-10.090452,-6.9735,-2.286433,-4.454233,8.390724,8.457124,-0.01988244,0.3691314,1
7.0,7,-2.7761958,-5.2055707,-18.647038,-7.7492094,5.526973,5.928963,13.671048,16.694353,0.13339818,-4.7630987,3.2493832,-2.6149454,-10.087757,-6.9708943,-2.2860243,-4.4534698,8.378799,8.438931,-0.033011436,0.3317955,1
7.0,7,-2.7835257,-5.2124557,-18.66253,-7.772565,5.557206,5.945703,13.691441,16.723297,0.1254257,-4.76758,3.2265863,-2.6280046,-10.096979,-6.980017,-2.277648,-4.445284,8.383622,8.439577,-0.026666164,0.31720644,1
7.0,7,-2.7971961,-5.2253637,-18.660847,-7.748094,5.5107646,5.892273,13.634229,16.681484,0.123873234,-4.753026,3.2592018,-2.588488,-10.092042,-6.9750943,-2.2862446,-4.4541264,8.397696,8.462503,-0.01172471,0.3661788,1
7.0,7,-2.7961962,-5.224325,-18.654911,-7.738837,5.4960265,5.8786397,13.6187725,16.667276,0.12618601,-4.747032,3.2699704,-2.5782728,-10.091387,-6.9744387,-2.287078,-4.4549894,8.397534,8.465019,-0.01219058,0.3783806,1
13.0,12,-2.436178,-5.3993716,2.9881434,-4.274694,-6.7480526,-6.518099,-6.8821287,-10.02997,4.79582,1.170392,2.5162177,0.11768496,16.372833,16.365805,-8.697846,-8.297412,0.20370737,-0.88250273,3.2017226,-3.89499,0
13.0,12,-2.436178,-5.3993716,2.9881434,-4.274694,-6.7480526,-6.518099,-6.8821287,-10.02997,4.79582,1.170392,2.5162177,0.11768496,16.372833,16.365805,-8.697846,-8.297412,0.20370737,-0.88250273,3.2017226,-3.89499,0
13.0,12,-2.436178,-5.3993716,2.9881434,-4.274694,-6.7480526,-6.518099,-6.8821287,-10.02997,4.79582,1.170392,2.5162177,0.11768496,16.372833,16.365805,-8.697846,-8.297412,0.20370737,-0.88250273,3.2017226,-3.89499,0
13.0,12,-2.436155,-5.3993473,2.9881692,-4.274671,-6.74807,-6.518116,-6.882147,-10.029987,4.795814,1.1704085,2.5161996,0.11766732,16.372849,16.36579,-8.69786,-8.2973995,0.20368591,-0.882521,3.2017488,-3.8949645,0
13.0,12,-2.436178,-5.3993716,2.9881434,-4.274694,-6.7480526,-6.518099,-6.8821287,-10.02997,4.79582,1.170392,2.5162177,0.11768496,16.372833,16.365805,-8.697846,-8.297412,0.20370737,-0.88250273,3.2017226,-3.89499,0
13.0,12,-2.436178,-5.3993716,2.9881434,-4.274694,-6.7480526,-6.518099,-6.8821287,-10.02997,4.79582,1.170392,2.5162177,0.11768496,16.372833,16.365805,-8.697846,-8.297412,0.20370737,-0.88250273,3.2017226,-3.89499,0
16.0,16,-6.557893,-8.409445,-15.798225,-6.9402604,-3.540579,-5.3637733,2.014502,6.620897,-2.6433592,-1.7413292,6.7375903,1.9760525,-2.5707653,0.6110018,-4.8588595,-7.204689,16.336506,8.734166,0.24274135,0.18824011,1
16.0,16,-6.558088,-8.409691,-15.798308,-6.9405117,-3.540652,-5.363833,2.014512,6.620965,-2.6431723,-1.7412777,6.737581,1.9760888,-2.570737,0.61102825,-4.85914,-7.2049665,16.336573,8.734458,0.24307084,0.18858081,1
16.0,16,-6.5577903,-8.409287,-15.798109,-6.9401245,-3.5405047,-5.363698,2.0145164,6.620829,-2.6435452,-1.7413836,6.7375712,1.9759482,-2.5707145,0.6110559,-4.858643,-7.204481,16.336557,8.7339115,0.2423985,0.18779236,1
16.0,16,-6.5580096,-8.409369,-15.79797,-6.940079,-3.5405605,-5.3637543,2.0142791,6.620769,-2.643311,-1.7412028,6.7377486,1.9763224,-2.571218,0.6105507,-4.8585887,-7.204428,16.336397,8.734341,0.24259377,0.18852359,1
16.0,16,-6.55815,-8.409759,-15.798348,-6.940553,-3.5406613,-5.3638396,2.0145116,6.620983,-2.6431384,-1.7412896,6.737579,1.9761109,-2.570725,0.6110392,-4.8592153,-7.205039,16.336584,8.734543,0.24316955,0.18867618,1
16.0,16,-6.5582848,-8.40976,-15.798316,-6.940287,-3.540665,-5.3638616,2.0143006,6.620797,-2.6432996,-1.741427,6.737662,1.9763091,-2.5706973,0.6110669,-4.8591337,-7.204962,16.336594,8.734588,0.24312091,0.18866402,1
13.0,13,-4.0970035,-6.922626,1.3574504,-5.6252017,-5.346311,-5.120437,-5.690153,-8.790715,5.2777376,0.025965989,3.839388,1.5679957,14.914381,17.049469,-7.5309157,-8.795676,1.3866353,0.4941054,1.2956676,-5.3991036,1
13.0,13,-4.0974126,-6.922974,1.3570739,-5.6254716,-5.3459573,-5.120131,-5.689953,-8.790447,5.277843,0.025734961,3.8398004,1.5684747,14.913861,17.049524,-7.530461,-8.795669,1.386903,0.49446946,1.2950821,-5.399433,1
13.0,13,-4.0970335,-6.922674,1.3573638,-5.6252174,-5.346313,-5.120446,-5.690138,-8.790695,5.2777424,0.025951445,3.8395524,1.5680877,14.914265,17.049494,-7.530777,-8.795649,1.3867439,0.4941433,1.2954445,-5.3992205,1
13.0,13,-4.0971494,-6.922759,1.3572973,-5.6252885,-5.3461895,-5.120343,-5.6901035,-8.790624,5.2778006,0.025909722,3.8396502,1.5682561,14.914071,17.049452,-7.5306306,-8.795616,1.3867481,0.49426562,1.2953143,-5.399237,1
13.0,13,-4.09732,-6.9229126,1.3570942,-5.625421,-5.346071,-5.120246,-5.689987,-8.790506,5.2777743,0.025775969,3.8397784,1.5683615,14.913984,17.04958,-7.5305142,-8.7956705,1.3869766,0.4943505,1.2950845,-5.3995023,1
13.0,13,-4.0970273,-6.9225197,1.3576392,-5.6250844,-5.346221,-5.1203585,-5.6903,-8.790825,5.277782,0.025992692,3.839405,1.5682405,14.914203,17.049314,-7.5307493,-8.795527,1.3864168,0.49411923,1.2956238,-5.3989654,1
11.0,7,1.7077613,-0.8246113,-11.35626,-5.149573,1.7490716,4.3244424,9.87522,10.803419,2.5409079,-1.9582591,3.4943697,-1.0770441,-6.8248615,-4.9331346,-3.1732361,-4.2921896,3.1193616,4.4863973,-0.8308451,1.7606697,0
11.0,7,1.7045503,-0.82376707,-11.349836,-5.1418686,1.7471209,4.322032,9.862864,10.792208,2.5413022,-1.9571571,3.5093234,-1.0581905,-6.834926,-4.9330807,-3.1568086,-4.283747,3.118819,4.4884944,-0.8509655,1.7566934,0
11.0,7,1.6754905,-0.8394482,-11.349897,-5.124977,1.7614126,4.325597,9.83343,10.773974,2.5279317,-1.9678042,3.5527925,-1.0025805,-6.873065,-4.935197,-3.095248,-4.250803,3.1306856,4.5101266,-0.91870654,1.7289851,0
11.0,7,1.6353848,-0.8723999,-11.3898325,-5.1342235,1.8049554,4.3589144,9.85839,10.804901,2.5006704,-2.0040245,3.568822,-0.99638593,-6.900777,-4.933551,-3.054313,-4.233454,3.1685572,4.5352516,-0.9700989,1.6687276,0
11.0,7,1.6898504,-0.8375815,-11.373198,-5.149149,1.7674447,4.33995,9.884726,10.814752,2.5302396,-1.9747171,3.5096974,-1.0677594,-6.844543,-4.9348407,-3.148081,-4.281426,3.1363556,4.498283,-0.86353594,1.7324996,0
11.0,7,1.7119102,-0.82142246,-11.359951,-5.1515794,1.751007,4.329733,9.886219,10.810792,2.543295,-1.9598556,3.492672,-1.0849587,-6.826798,-4.935224,-3.1759403,-4.294776,3.120232,4.482679,-0.83102876,1.7572174,0
16.0,16,-4.3333015,-4.5956364,-8.9509735,-1.0502613,-3.183356,-1.7603946,-0.5248344,1.5638484,-1.4271225,-3.0668952,8.3077755,5.8390675,-2.203332,0.9467189,-2.5468783,-4.771071,8.438196,7.261532,-3.6104968,0.227467,1
16.0,16,-4.332043,-4.59496,-8.951477,-1.0501871,-3.1848588,-1.7611196,-0.52384084,1.5636256,-1.4275764,-3.0671535,8.30806,5.837233,-2.201244,0.9488223,-2.5480766,-4.772289,8.44006,7.2595744,-3.611477,0.22489625,1
16.0,16,-4.341144,-4.6043696,-8.958738,-1.0590509,-3.1808712,-1.7650499,-0.5263243,1.569104,-1.429418,-3.0651772,8.30452,5.8392425,-2.2049856,0.9451485,-2.5480099,-4.772368,8.446088,7.2686214,-3.6027,0.23163992,1
16.0,16,-4.337835,-4.6004133,-8.955189,-1.0553055,-3.1816657,-1.7631211,-0.5261186,1.5668021,-1.4283608,-3.0656385,8.305684,5.839806,-2.2047992,0.94528645,-2.547179,-4.7714577,8.4422655,7.265627,-3.6056924,0.23053378,1
16.0,16,-4.3332043,-4.595561,-8.951236,-1.0505614,-3.1834993,-1.7606547,-0.5246953,1.5640249,-1.4271411,-3.0667672,8.307616,5.838885,-2.2032075,0.9468505,-2.5471132,-4.7713165,8.438628,7.2612567,-3.6102624,0.22737318,1
16.0,16,-4.3321767,-4.5946565,-8.95029,-1.0496433,-3.1842875,-1.7606952,-0.5248598,1.5630678,-1.4270197,-3.066742,8.30814,5.8387504,-2.2025006,0.9475525,-2.5471,-4.7712874,8.438147,7.26025,-3.6113558,0.22657126,1
9.0,9,3.0424128,-0.56171536,1.8937119,-11.026728,-5.9193873,-10.328891,-4.242277,-2.601814,10.144988,11.788485,-0.44703436,-1.7342414,3.0065145,2.1242511,-4.799394,-3.823527,-0.815825,-3.122792,7.681066,6.2877855,1
9.0,9,3.042386,-0.561743,1.8936847,-11.02676,-5.9193573,-10.328861,-4.24224,-2.60178,10.144991,11.78846,-0.44705868,-1.7342619,3.006527,2.1242638,-4.79942,-3.8235528,-0.8158146,-3.122772,7.6810956,6.2877765,1
9.0,9,3.0431776,-0.5608803,1.8945655,-11.026057,-5.9199924,-10.329931,-4.243457,-2.6027005,10.144502,11.789363,-0.44697952,-1.7340299,3.0063848,2.1237936,-4.7985682,-3.822462,-0.81594515,-3.123641,7.680507,6.2877793,1
9.0,9,3.0435178,-0.5605128,1.8949829,-11.025696,-5.920223,-10.329756,-4.2434645,-2.6031568,10.144632,11.7892685,-0.44634962,-1.7337502,3.0064034,2.124248,-4.798129,-3.8223603,-0.81598425,-3.1240928,7.679272,6.2869163,1
9.0,9,3.0424128,-0.56171536,1.8937119,-11.026728,-5.9193873,-10.328891,-4.242277,-2.601814,10.144988,11.788485,-0.44703436,-1.7342414,3.0065145,2.1242511,-4.799394,-3.823527,-0.815825,-3.122792,7.681066,6.2877855,1
9.0,9,3.042287,-0.56183887,1.8935808,-11.026785,-5.9193377,-10.328871,-4.242242,-2.601733,10.144978,11.788413,-0.44707394,-1.7342352,3.0065312,2.12426,-4.7994895,-3.8236158,-0.8157773,-3.1226594,7.681231,6.2878823,1
5.0,5,-3.3225553,0.9155592,-3.3882036,2.8035707,12.329094,16.358683,9.1440115,6.5092316,-2.5304575,-10.287012,2.642385,1.5456023,-7.1591477,-4.092228,6.592296,4.4142704,-2.9566333,2.5704799,-11.841988,-11.811205,1
5.0,5,-3.3222249,0.91590154,-3.3880339,2.8039837,12.3288145,16.359034,9.144327,6.5091243,-2.5304427,-10.287325,2.6426406,1.5455366,-7.1589494,-4.0920343,6.5919805,4.4139667,-2.9566984,2.5703232,-11.84239,-11.811448,1
5.0,5,-3.3206475,0.9173373,-3.388105,2.8053489,12.327604,16.36036,9.14568,6.50979,-2.5301633,-10.287995,2.6440086,1.5463306,-7.160263,-4.0933294,6.5908866,4.4129095,-2.9571424,2.5710404,-11.843569,-11.809989,1
5.0,5,-3.318627,0.9193758,-3.3895817,2.8079638,12.326344,16.366766,9.15217,6.5128846,-2.5293903,-10.292827,2.646109,1.5461732,-7.1609306,-4.0940375,6.5854096,4.4076014,-2.9577098,2.5733984,-11.844984,-11.808646,1
5.0,5,-3.321958,0.9162239,-3.3879833,2.8042083,12.328824,16.359512,9.144679,6.5094314,-2.5301733,-10.287381,2.6428463,1.5458146,-7.159646,-4.0927315,6.5919094,4.4139066,-2.9571285,2.570638,-11.842466,-11.8107605,1
5.0,5,-3.3226533,0.91546655,-3.3882413,2.8034654,12.329158,16.35857,9.143912,6.5092177,-2.530527,-10.286966,2.6422958,1.5455872,-7.159087,-4.0921655,6.5923657,4.4143357,-2.9565454,2.570455,-11.841923,-11.811286,1
1.0,1,13.407237,14.796793,6.6761045,8.483603,-5.323646,-0.9485267,-1.2282909,-4.2860146,0.73220265,4.52936,3.2173748,-0.35529554,-3.0853906,-6.4643984,2.4709203,5.3175225,-6.0253005,-10.993912,-7.6614437,-1.1992567,1
1.0,1,13.407237,14.796793,6.6761045,8.483603,-5.323646,-0.9485267,-1.2282909,-4.2860146,0.73220265,4.52936,3.2173748,-0.35529554,-3.0853906,-6.4643984,2.4709203,5.3175225,-6.0253005,-10.993912,-7.6614437,-1.1992567,1
1.0,1,13.40695,14.796393,6.675848,8.483633,-5.3235474,-0.94844,-1.2282733,-4.285909,0.732022,4.5291343,3.2174985,-0.35531163,-3.0853753,-6.4643683,2.4709392,5.317535,-6.0251927,-10.993459,-7.6615024,-1.1992702,1
1.0,1,13.407953,14.795833,6.6749973,8.4823265,-5.32507,-0.9497653,-1.2275407,-4.2855163,0.7333243,4.5301075,3.2178109,-0.3567096,-3.0842729,-6.4632673,2.4693694,5.3160076,-6.024792,-10.9935665,-7.660509,-1.1985381,1
1.0,1,13.407212,14.796788,6.676112,8.483618,-5.3236227,-0.948515,-1.2283103,-4.286023,0.7321813,4.5293465,3.21737,-0.35527182,-3.0854025,-6.46441,2.4709437,5.3175454,-6.0253034,-10.993902,-7.661449,-1.1992626,1
1.0,1,13.407237,14.796793,6.6761045,8.483603,-5.323646,-0.9485267,-1.2282909,-4.2860146,0.73220265,4.52936,3.2173748,-0.35529554,-3.0853906,-6.4643984,2.4709203,5.3175225,-6.0253005,-10.993912,-7.6614437,-1.1992567,1
13.0,13,-2.6912434,-5.7098727,2.6267748,-4.5936365,-6.5788255,-6.3505273,-6.656377,-9.803772,4.9231772,1.0121899,2.86939,0.40147412,16.108118,16.58537,-8.45316,-8.42768,0.5177504,-0.6481263,2.7226796,-4.247188,1
13.0,13,-2.6912487,-5.7098784,2.6267695,-4.59364,-6.578821,-6.350524,-6.656374,-9.803768,4.9231734,1.0121839,2.8693867,0.4014716,16.108126,16.585375,-8.453163,-8.427685,0.5177543,-0.64812285,2.7226827,-4.2471933,1
13.0,13,-2.691243,-5.7098727,2.6267748,-4.5936365,-6.578825,-6.3505273,-6.656377,-9.803772,4.9231772,1.0121906,2.869391,0.4014746,16.108118,16.58537,-8.453159,-8.42768,0.5177494,-0.64812607,2.7226791,-4.247187,1
13.0,13,-2.6912434,-5.7098727,2.6267748,-4.5936365,-6.5788255,-6.3505273,-6.656377,-9.803772,4.9231772,1.0121899,2.86939,0.40147412,16.108118,16.58537,-8.45316,-8.42768,0.5177504,-0.6481263,2.7226796,-4.247188,1
13.0,13,-2.6912434,-5.7098727,2.6267748,-4.5936365,-6.5788255,-6.3505273,-6.656377,-9.803772,4.9231772,1.0121899,2.86939,0.40147412,16.108118,16.58537,-8.45316,-8.42768,0.5177504,-0.6481263,2.7226796,-4.247188,1
13.0,13,-2.6912434,-5.7098727,2.6267748,-4.5936365,-6.5788255,-6.3505273,-6.656377,-9.803772,4.9231772,1.0121899,2.86939,0.40147412,16.108118,16.58537,-8.45316,-8.42768,0.5177504,-0.6481263,2.7226796,-4.247188,1
