true_label,predicted_label,prob_class_0,prob_class_1,prob_class_2,prob_class_3,prob_class_4,prob_class_5,prob_class_6,prob_class_7,prob_class_8,prob_class_9,prob_class_10,prob_class_11,prob_class_12,prob_class_13,prob_class_14,prob_class_15,prob_class_16,prob_class_17,prob_class_18,prob_class_19,correct
18.0,18,-1.319109,-0.66931957,-3.6975675,-0.53846353,-1.0007385,1.852082,-1.1881139,0.63853997,1.5792387,1.1086863,-2.512121,2.8295865,-1.1773629,0.16047302,-2.385889,-2.2312963,-0.78899455,2.401217,13.352557,3.672456,1
18.0,18,-1.3188144,-0.66966844,-3.6982026,-0.5379921,-1.0007695,1.8525028,-1.1868572,0.64100546,1.575994,1.1077533,-2.5120263,2.8294647,-1.1763132,0.1609212,-2.3856957,-2.2318082,-0.789014,2.4019723,13.351474,3.672188,1
18.0,18,-1.3186707,-0.6694027,-3.6981187,-0.53794783,-1.0000536,1.8526299,-1.1866125,0.64151984,1.5756084,1.106993,-2.5120027,2.829306,-1.1775835,0.16049133,-2.38567,-2.2315304,-0.7884457,2.4025958,13.351418,3.671888,1
18.0,18,-1.3186822,-0.6693824,-3.698094,-0.53796506,-1.0000414,1.8526174,-1.1866564,0.64144063,1.575731,1.1070154,-2.5120049,2.8293078,-1.1776506,0.16046856,-2.3856769,-2.2315075,-0.78843606,2.4025764,13.351455,3.6718876,1
18.0,18,-1.3186865,-0.66942763,-3.6981258,-0.5379546,-1.0000902,1.8526448,-1.186605,0.64149714,1.5756065,1.1070368,-2.5120096,2.829293,-1.1775113,0.16052078,-2.3856587,-2.231527,-0.7884931,2.402527,13.351422,3.6719477,1
18.0,18,-1.318702,-0.6694963,-3.6981435,-0.53795785,-1.000192,1.8526484,-1.1866169,0.6413979,1.5755906,1.1071506,-2.512029,2.8293114,-1.1772864,0.16057731,-2.385649,-2.23154,-0.7885731,2.402414,13.351423,3.6720557,1
0.0,0,12.598425,3.786179,1.0343319,-1.9369152,-3.2868874,-1.9613959,0.9924451,-3.0686023,-1.4204364,0.59954715,-1.7139953,-1.6491376,3.9984584,-1.4001514,-1.9607295,-2.4254959,-0.7698144,-1.6844641,-0.38227865,-3.0641174,1
0.0,0,12.598861,3.7875395,1.0349382,-1.9375311,-3.2855694,-1.9620574,0.99064183,-3.0690408,-1.4175129,0.59784955,-1.7141393,-1.6493024,3.9970732,-1.4029815,-1.9611303,-2.4252806,-0.7688723,-1.6840408,-0.37951502,-3.0631156,1
0.0,0,12.598702,3.7874353,1.0349073,-1.9373652,-3.2860289,-1.9617225,0.9905981,-3.068947,-1.4173979,0.5983154,-1.7144384,-1.6495506,3.9974482,-1.402854,-1.9611589,-2.4254518,-0.7692118,-1.6841469,-0.379158,-3.062886,1
0.0,0,12.598703,3.7873697,1.0348846,-1.9373316,-3.2860072,-1.9617709,0.99069023,-3.0689662,-1.4176252,0.5982649,-1.7143595,-1.6494552,3.9975295,-1.4026654,-1.9610907,-2.4254205,-0.7691997,-1.6841729,-0.37946558,-3.063013,1
0.0,0,12.598755,3.7873962,1.034897,-1.9373835,-3.2858527,-1.961884,0.9907141,-3.0689979,-1.4176779,0.5981081,-1.714255,-1.6493698,3.997409,-1.4026997,-1.9610778,-2.4253633,-0.76908225,-1.6841389,-0.379606,-3.0630956,1
0.0,0,12.598804,3.7874336,1.0349069,-1.937428,-3.2857099,-1.9619836,0.99070287,-3.0690327,-1.4176662,0.5979509,-1.7141759,-1.6493009,3.9973063,-1.4027728,-1.9610738,-2.425309,-0.7689759,-1.6841111,-0.37966198,-3.063143,1
2.0,2,-2.3915708,-2.0414443,9.780057,-0.81940144,0.062113866,-3.1716397,1.374538,-1.3433914,-0.034116957,2.276598,-0.26929012,-2.8415036,-0.3604006,-2.39902,0.5122481,1.2401068,-0.18984157,-2.9928355,-1.9050944,8.311717,1
2.0,2,-2.3915763,-2.0414338,9.7800255,-0.81940985,0.062086344,-3.1716356,1.3745208,-1.3433926,-0.03411934,2.2766328,-0.26929513,-2.841504,-0.3604322,-2.3990343,0.51224506,1.24013,-0.18984918,-2.9928236,-1.9050949,8.311748,1
2.0,2,-2.3915708,-2.0414362,9.780031,-0.8194174,0.06209542,-3.1716282,1.3745183,-1.3434038,-0.0341208,2.2766454,-0.26929912,-2.8415,-0.360433,-2.3990417,0.5122457,1.2401398,-0.1898438,-2.9928155,-1.9051144,8.311728,1
2.0,2,-2.3915708,-2.041435,9.78004,-0.8194158,0.06209588,-3.1716285,1.3745204,-1.3434039,-0.034120116,2.2766438,-0.2692978,-2.8414996,-0.3604279,-2.3990378,0.5122463,1.240136,-0.18984435,-2.9928186,-1.9051224,8.311715,1
2.0,2,-2.3915722,-2.0414367,9.780039,-0.81941354,0.062091887,-3.1716304,1.3745223,-1.3433996,-0.034120668,2.2766428,-0.26929677,-2.8415008,-0.3604269,-2.399035,0.5122452,1.240132,-0.18984637,-2.9928203,-1.9051149,8.311722,1
2.0,2,-2.39157,-2.041435,9.78005,-0.8194134,0.062089503,-3.1716294,1.3745252,-1.3434006,-0.034118656,2.2766504,-0.2692951,-2.8415,-0.3604209,-2.3990307,0.5122427,1.2401276,-0.18984768,-2.9928215,-1.905127,8.311698,1
9.0,2,-1.2421296,-1.9051037,9.788077,-1.9978663,-1.9474725,-2.1009386,1.5845548,-1.2311468,0.55554515,6.3870597,-0.7173006,-2.5521448,-0.9351033,-3.704551,-1.8240924,0.6518435,-0.3471307,-2.201333,-0.7195172,5.9440374,0
9.0,2,-1.2421249,-1.9051018,9.788083,-1.9978689,-1.9474746,-2.1009371,1.5845572,-1.2311479,0.55554825,6.387067,-0.71730053,-2.552143,-0.93509656,-3.7045443,-1.8240967,0.6518393,-0.3471308,-2.2013335,-0.7195271,5.944008,0
9.0,2,-1.2421235,-1.905101,9.788089,-1.9978701,-1.9474761,-2.1009367,1.584557,-1.2311487,0.5555498,6.387071,-0.71730155,-2.5521424,-0.9350949,-3.704543,-1.824099,0.6518379,-0.34713107,-2.2013326,-0.7195308,5.943996,0
9.0,2,-1.2421252,-1.9051006,9.788091,-1.9978685,-1.9474747,-2.1009378,1.5845575,-1.2311493,0.5555503,6.3870645,-0.7172998,-2.5521426,-0.9350955,-3.7045429,-1.8240973,0.6518381,-0.3471303,-2.2013323,-0.71952975,5.944001,0
9.0,2,-1.2421257,-1.9051024,9.788083,-1.9978681,-1.947475,-2.1009376,1.5845566,-1.2311475,0.55554813,6.387067,-0.7173005,-2.5521433,-0.93509746,-3.7045457,-1.8240967,0.6518393,-0.34713048,-2.201333,-0.71952546,5.94401,0
9.0,2,-1.2421259,-1.9051011,9.78809,-1.9978677,-1.9474732,-2.1009388,1.5845565,-1.2311492,0.55554855,6.387062,-0.71729916,-2.5521424,-0.9350963,-3.704543,-1.8240962,0.65183896,-0.34712952,-2.2013335,-0.71952826,5.9440074,0
8.0,8,-0.99836135,-1.3984993,0.746424,-3.011694,-3.0255513,-2.8504982,-3.7511284,-4.331749,11.69467,9.438151,-0.6560226,-1.4223225,0.2955504,-2.2224436,-3.069457,-0.46106178,-0.9471978,-0.030727485,1.7265246,-0.4356957,1
8.0,8,-1.0056878,-1.3998317,0.752331,-3.0110452,-3.0225263,-2.853733,-3.7510736,-4.3289447,11.7048,9.427351,-0.6537518,-1.4215522,0.28969523,-2.222212,-3.0708246,-0.46383423,-0.9398527,-0.02970978,1.7345684,-0.43541798,1
8.0,8,-1.009739,-1.4019021,0.7547413,-3.0102983,-3.0209205,-2.8548505,-3.7509212,-4.3279047,11.708835,9.423115,-0.65271527,-1.4207921,0.28706926,-2.2231221,-3.0717862,-0.4647833,-0.93624973,-0.029092917,1.7384899,-0.4339314,1
8.0,8,-1.0090437,-1.4015015,0.7542955,-3.0103645,-3.021185,-2.8547812,-3.7510426,-4.328044,11.708232,9.423696,-0.65287995,-1.4209279,0.28738415,-2.2230895,-3.0715022,-0.4645936,-0.9368603,-0.029282408,1.7378905,-0.43387946,1
8.0,8,-1.0081137,-1.4009095,0.7537263,-3.0105522,-3.0215762,-2.854598,-3.7511473,-4.3282332,11.707352,9.4246,-0.6531025,-1.421127,0.2878225,-2.222861,-3.071196,-0.46434224,-0.9377059,-0.029445307,1.7370367,-0.43412554,1
8.0,8,-1.00719,-1.4004309,0.75306785,-3.0107865,-3.022032,-2.8542445,-3.7511985,-4.3284836,11.7061825,9.425875,-0.65334976,-1.4212872,0.2882712,-2.2226074,-3.0709832,-0.4639945,-0.93862534,-0.029481368,1.7360734,-0.43446755,1
9.0,9,-1.0719447,-2.8871682,0.24942662,-3.0477078,-3.3862338,-2.0463877,-2.7365117,-4.051242,9.569047,11.044243,-0.7417472,-0.75679785,1.4638743,-1.5593132,-3.753272,-0.008703895,-1.1735122,0.3076453,0.65172577,-2.0659142,1
9.0,9,-1.0763379,-2.87956,0.25976098,-3.045062,-3.38878,-2.058319,-2.7424836,-4.0464344,9.595899,11.030475,-0.73991865,-0.76114213,1.4468106,-1.5642642,-3.754739,-0.013262939,-1.1662781,0.30553326,0.66353434,-2.0572832,1
9.0,9,-1.0795494,-2.874409,0.27031535,-3.0406415,-3.388375,-2.0724206,-2.7495255,-4.0447464,9.625439,11.0135355,-0.73803926,-0.7642849,1.4333527,-1.5760046,-3.7558482,-0.017951123,-1.1560348,0.30172056,0.6770146,-2.0441349,1
9.0,9,-1.0789719,-2.8751855,0.26880834,-3.0412405,-3.388375,-2.070478,-2.748578,-4.045159,9.62117,11.015991,-0.7383201,-0.7637766,1.4353065,-1.5745399,-3.755692,-0.017288301,-1.157379,0.3023125,0.67512435,-2.0458622,1
9.0,9,-1.0782816,-2.876193,0.26660448,-3.0421975,-3.3885376,-2.0675113,-2.7471108,-4.045494,9.614892,11.019653,-0.7387217,-0.76312274,1.437983,-1.571947,-3.7554805,-0.016314425,-1.1595417,0.30317023,0.6722867,-2.048685,1
9.0,9,-1.0776488,-2.8771594,0.26448604,-3.0431137,-3.3886988,-2.064672,-2.745704,-4.0457854,9.608885,11.023149,-0.7391014,-0.7625039,1.4404855,-1.5694789,-3.755265,-0.01535612,-1.1616209,0.30400234,0.6695793,-2.0513496,1
7.0,7,-3.1573606,-2.7342107,0.5929647,1.4153606,-0.54388905,-3.1970463,4.2400875,11.005351,0.46116638,-2.7343817,3.3078408,-2.8134048,-3.1041563,-2.0994773,-1.566112,-2.317359,4.34704,-0.6368583,-1.9647173,0.8575322,1
7.0,7,-3.1523626,-2.7159383,0.58794314,1.4183722,-0.53013015,-3.165774,4.2374225,11.0310545,0.4562362,-2.7311587,3.2628813,-2.8307972,-3.0828097,-2.0722463,-1.5518476,-2.333718,4.312826,-0.65085983,-1.9574564,0.85053843,1
7.0,7,-3.1330914,-2.64598,0.58128774,1.3979428,-0.45500174,-2.967618,4.3513174,11.229955,0.41189814,-2.6959088,3.0413387,-2.935861,-3.0070596,-1.9627553,-1.4880204,-2.333882,3.9782193,-0.8268043,-1.9453218,0.82149416,1
7.0,7,-3.132878,-2.6450965,0.5816729,1.3959016,-0.45269272,-2.9660342,4.353387,11.233076,0.41150594,-2.696075,3.040639,-2.937492,-3.0068815,-1.9623078,-1.4868292,-2.3328135,3.970833,-0.8289159,-1.9456794,0.8217089,1
7.0,7,-3.135881,-2.6557016,0.5819095,1.4003778,-0.46528733,-3.0025074,4.327632,11.196672,0.4201817,-2.7033327,3.079354,-2.9189653,-3.0184152,-1.9796903,-1.4969282,-2.3370194,4.0338945,-0.7932828,-1.9466178,0.82677937,1
7.0,7,-3.1393645,-2.6675622,0.5803155,1.4105003,-0.48472252,-3.037885,4.3001146,11.156743,0.42831922,-2.707699,3.1151638,-2.8976831,-3.0284057,-1.9939537,-1.5092995,-2.343936,4.107395,-0.7574566,-1.9462641,0.8302034,1
9.0,8,-2.0173926,-0.0058219167,1.5094543,-1.6478832,-2.8389997,-0.7068954,-2.6381395,-1.8623823,11.805304,3.407908,-0.78434855,0.026901983,-0.7620758,0.33876765,-4.0608826,-2.1824043,-0.5048448,-0.732567,7.4620247,-1.586466,0
9.0,8,-2.0129964,0.0162271,1.4960387,-1.6377724,-2.8387108,-0.7087083,-2.6358082,-1.8209358,11.779331,3.3504243,-0.79124624,0.030220434,-0.7695714,0.3790829,-4.0500455,-2.1955605,-0.50503427,-0.72843474,7.485938,-1.5887859,0
9.0,8,-2.012554,0.017573465,1.4832163,-1.6336527,-2.8297172,-0.7027293,-2.631395,-1.8107768,11.764598,3.3339653,-0.79733706,0.035000995,-0.7788912,0.37796128,-4.050225,-2.195635,-0.50202155,-0.7195017,7.5179195,-1.577424,0
9.0,8,-2.0130315,0.017089713,1.4856043,-1.6349031,-2.8319867,-0.70334923,-2.6325169,-1.8133442,11.767917,3.338352,-0.7960978,0.034041032,-0.7770129,0.37836197,-4.050045,-2.1950648,-0.5030659,-0.721612,7.510696,-1.5800176,0
9.0,8,-2.0130568,0.01737244,1.4877241,-1.635507,-2.833821,-0.7045981,-2.6333935,-1.8143699,11.770154,3.3402307,-0.7950722,0.033247747,-0.7753746,0.3797499,-4.049715,-2.1954286,-0.50371236,-0.723242,7.505086,-1.5822567,0
9.0,8,-2.0130193,0.017526116,1.4900004,-1.6360701,-2.8354294,-0.7058685,-2.6341648,-1.8155701,11.772485,3.3421977,-0.7940246,0.032369547,-0.77371,0.38063574,-4.0495024,-2.1957002,-0.50424653,-0.7248638,7.4995327,-1.5843476,0
10.0,11,0.47699228,0.20485112,-0.42645982,5.1054263,-2.4120412,-5.5356827,-2.9699297,-3.769886,-0.84527344,-2.2899647,7.8001027,12.092247,-1.4381181,0.89918596,-1.7599418,-1.2292286,3.0711868,-0.61767465,-2.287505,-1.053261,0
10.0,11,0.44100848,0.19130817,-0.3545924,4.993622,-2.4104872,-5.5716224,-2.904689,-3.6820853,-0.8433188,-2.2800744,8.094517,11.954508,-1.4666954,0.93333685,-1.7853104,-1.242418,2.9468305,-0.58253205,-2.3555636,-1.0495042,0
10.0,11,0.46566013,0.19123036,-0.3785547,5.033382,-2.4214323,-5.569603,-2.907774,-3.706023,-0.84526485,-2.2807987,8.031366,11.982751,-1.4517281,0.91719055,-1.7820817,-1.2301699,2.967189,-0.6078876,-2.334997,-1.0463892,0
10.0,11,0.45567864,0.19235277,-0.36332494,5.013214,-2.418501,-5.5742693,-2.903778,-3.6921155,-0.84502864,-2.2802625,8.074834,11.962564,-1.4596803,0.92496693,-1.7857592,-1.2379879,2.9551601,-0.5948315,-2.3475351,-1.0469912,0
10.0,11,0.45117566,0.19298485,-0.3567217,5.0046196,-2.4176729,-5.5775084,-2.904337,-3.6876347,-0.8442659,-2.280634,8.09286,11.954562,-1.4641806,0.9272784,-1.7880318,-1.2428496,2.9564,-0.5867797,-2.3523388,-1.04678,0
10.0,11,0.45647916,0.19454084,-0.35676828,5.008885,-2.4241207,-5.587131,-2.9106514,-3.6944234,-0.8424372,-2.2824004,8.0971985,11.953398,-1.4683121,0.9198861,-1.7934278,-1.2481775,2.9837463,-0.580184,-2.3495905,-1.0426127,0
1.0,1,10.07458,12.705833,2.1401463,-0.25367588,-1.032461,-1.3599111,-2.9210734,-1.9373354,-1.4626207,-1.2910405,-1.9904847,-0.63510376,-1.2558128,-0.23284335,-0.75611436,-1.2767555,-2.9075084,-2.9007912,-1.1859565,-0.0883167,1
1.0,1,10.066419,12.710207,2.1424532,-0.2533903,-1.0292709,-1.3589032,-2.9247465,-1.935902,-1.4579579,-1.2909638,-1.9903911,-0.6357619,-1.2604625,-0.23361567,-0.75560284,-1.2754385,-2.908327,-2.9003153,-1.184857,-0.0843087,1
1.0,1,10.060444,12.713267,2.1439066,-0.2519083,-1.0280088,-1.3580501,-2.9268818,-1.9343798,-1.4563464,-1.291206,-1.9901375,-0.63596034,-1.2637544,-0.23307292,-0.75492996,-1.2744607,-2.9091578,-2.9005754,-1.1852121,-0.08136456,1
1.0,1,10.062252,12.712329,2.1434371,-0.25222582,-1.0284673,-1.3583258,-2.9262216,-1.9348247,-1.45699,-1.2912167,-1.9901702,-0.6358524,-1.2627152,-0.23308234,-0.75505996,-1.2747502,-2.908943,-2.900566,-1.185238,-0.08227481,1
1.0,1,10.064382,12.711239,2.1428957,-0.2527483,-1.0289028,-1.3586279,-2.9254596,-1.935376,-1.4575721,-1.2911462,-1.9902475,-0.6357537,-1.261541,-0.2332522,-0.75529385,-1.2750883,-2.9086556,-2.9004815,-1.1851194,-0.08334127,1
1.0,1,10.06595,12.710431,2.1423829,-0.2531845,-1.0291041,-1.358858,-2.9249463,-1.9358401,-1.4579711,-1.2911478,-1.9902643,-0.635572,-1.2606486,-0.23331879,-0.75543845,-1.2752943,-2.9084718,-2.9004123,-1.1849664,-0.084192485,1
16.0,16,-0.98069143,-2.476808,0.0780037,1.619829,-1.3271209,-3.9964845,-1.3168956,-2.6177835,0.37891355,-2.0864286,1.7150856,2.0982232,-2.2480252,-3.3082495,-2.7545104,-1.7344468,14.372903,4.5831666,-0.31306157,0.30403647,1
16.0,16,-0.97135466,-2.4755309,0.08686373,1.6356403,-1.3424375,-4.0128655,-1.3073969,-2.631042,0.39637592,-2.0745866,1.7393224,2.0818377,-2.2311375,-3.3041322,-2.7703123,-1.7399166,14.376141,4.5456376,-0.30972865,0.31012538,1
16.0,16,-0.9655174,-2.4795904,0.090495154,1.6516188,-1.3458253,-4.0234265,-1.2871752,-2.6340616,0.40139657,-2.07362,1.7388388,2.0753684,-2.2237954,-3.3040073,-2.7753205,-1.7319559,14.376571,4.506587,-0.31276524,0.314018,1
16.0,16,-0.96694756,-2.478389,0.089637436,1.6480017,-1.3456023,-4.0211287,-1.2931204,-2.6339183,0.4004514,-2.0736103,1.7396811,2.0777612,-2.2255251,-3.303923,-2.7743366,-1.7342541,14.376594,4.5164886,-0.31176618,0.31306702,1
16.0,16,-0.96812916,-2.4770925,0.088990584,1.6445835,-1.3454516,-4.018918,-1.2986711,-2.633842,0.3998781,-2.0734267,1.7405031,2.0792956,-2.2268112,-3.303756,-2.773481,-1.7366076,14.3766,4.5253735,-0.31071365,0.31230262,1
16.0,16,-0.9683992,-2.4766023,0.088704646,1.6445649,-1.3458371,-4.0185947,-1.300788,-2.6342678,0.3997929,-2.073526,1.7402968,2.0810988,-2.2272787,-3.3036814,-2.7731133,-1.7369673,14.376637,4.526965,-0.31033108,0.31219786,1
13.0,5,-1.7083584,3.3043618,-0.8726465,-4.7774525,3.476423,8.715656,-0.105598286,-0.026317123,0.49799255,6.0843344,-2.541481,-2.4432209,-3.0283034,-1.4859238,-0.70508575,4.834724,-5.182728,-2.1783864,-1.5564938,-1.3501505,0
13.0,5,-1.7700669,3.2182539,-0.88710386,-4.779074,3.4385805,8.749353,-0.07011749,-0.018039484,0.49015737,6.099615,-2.5320501,-2.4274817,-3.0130963,-1.4483049,-0.72151667,4.87242,-5.161758,-2.1606345,-1.5489668,-1.3949031,0
13.0,5,-1.7904063,3.1939137,-0.87202436,-4.782297,3.4196932,8.75918,-0.056116104,-0.010116694,0.50244653,6.1303267,-2.5360956,-2.4529288,-2.9983077,-1.4383076,-0.7442742,4.860759,-5.163334,-2.1570218,-1.5423717,-1.3935622,0
13.0,5,-1.7819059,3.20635,-0.8767569,-4.7811627,3.4277852,8.754644,-0.063189715,-0.0148153575,0.49935997,6.1187124,-2.5346649,-2.443841,-3.0034764,-1.4424638,-0.73643166,4.8640394,-5.1641645,-2.1588714,-1.543998,-1.3923202,0
13.0,5,-1.7757822,3.2140226,-0.88110954,-4.780299,3.4330938,8.751337,-0.06767887,-0.017386746,0.49602982,6.1099105,-2.5333965,-2.4363403,-3.0078375,-1.4452127,-0.7299364,4.867216,-5.1638613,-2.1599143,-1.5457352,-1.3925372,0
13.0,5,-1.7774856,3.209373,-0.88448566,-4.7807174,3.4286726,8.750084,-0.066545516,-0.016124185,0.49337742,6.1097775,-2.5315087,-2.431717,-3.0097687,-1.4418513,-0.7284049,4.8707314,-5.160739,-2.1581178,-1.5462648,-1.3971684,0
3.0,3,0.85157555,-0.2939078,3.1504304,12.507108,-1.0116117,-2.7200058,0.111498564,-1.1335341,-0.41621745,-2.8621151,-2.3423915,1.4336369,1.6516832,-2.0726714,-1.6350846,-2.3119507,6.4976945,-0.9534452,-1.3507202,-0.50615156,1
3.0,3,0.847901,-0.2887889,3.1827378,12.498044,-1.0082906,-2.7242672,0.10606238,-1.1371638,-0.4041157,-2.8643591,-2.349641,1.4248583,1.6636426,-2.0621657,-1.6248251,-2.310568,6.4817286,-0.96186304,-1.3579476,-0.5059122,1
3.0,3,0.8476804,-0.28854993,3.1801777,12.500519,-1.0099258,-2.7237644,0.106059104,-1.1372445,-0.40342787,-2.8652778,-2.3501787,1.4266366,1.6643171,-2.060813,-1.6232611,-2.3081093,6.479164,-0.96581256,-1.3582357,-0.5056944,1
3.0,3,0.8479562,-0.28875905,3.1793175,12.500372,-1.0095292,-2.723693,0.10614808,-1.1369696,-0.40410706,-2.8647196,-2.3497953,1.4266331,1.6637529,-2.0614302,-1.624417,-2.3093095,6.4802628,-0.9640028,-1.3575795,-0.50579995,1
3.0,3,0.84804136,-0.28886586,3.1804962,12.499246,-1.0088104,-2.723926,0.10615119,-1.1369531,-0.40439448,-2.8643408,-2.3495555,1.4258347,1.6634529,-2.062038,-1.6250693,-2.3103447,6.481419,-0.96229815,-1.3574854,-0.5058915,1
3.0,3,0.848238,-0.28917962,3.1794004,12.49923,-1.0091162,-2.7239757,0.10606554,-1.1369959,-0.40472868,-2.8640175,-2.3493934,1.4260514,1.663278,-2.0623376,-1.6255587,-2.310879,6.4825506,-0.96133536,-1.3570663,-0.5059954,1
11.0,11,0.90829307,-0.7120425,-2.239874,7.363539,-1.8353622,-2.6622698,-2.0601368,-4.2344184,-1.9566897,-0.97433764,0.16802996,12.977178,-0.18092321,0.042642552,-1.5045716,-0.38110292,2.7710576,-0.72770816,-0.36761495,-1.9315655,1
11.0,11,0.89426094,-0.70941234,-2.2377422,7.3417993,-1.8323965,-2.6537056,-2.0662198,-4.227279,-1.9496781,-0.9679752,0.1727617,12.982191,-0.18026794,0.058942616,-1.4976388,-0.37805265,2.7383018,-0.7238647,-0.36864552,-1.9397414,1
11.0,11,0.89814043,-0.71284264,-2.240644,7.347661,-1.8314996,-2.6526158,-2.0597963,-4.2282557,-1.9517128,-0.96753937,0.16811994,12.979151,-0.17813492,0.0541403,-1.4995104,-0.37556672,2.7406428,-0.7272807,-0.36757115,-1.9387047,1
11.0,11,0.8961447,-0.71089983,-2.2388923,7.345527,-1.8324085,-2.6531274,-2.0629895,-4.2273984,-1.950681,-0.96753806,0.17082481,12.980647,-0.17884095,0.056942888,-1.4986578,-0.3772477,2.7384343,-0.72576624,-0.36830908,-1.9394233,1
11.0,11,0.89480656,-0.7095587,-2.237715,7.3438563,-1.8327811,-2.6535382,-2.0652697,-4.22697,-1.9499464,-0.96770495,0.17242679,12.981648,-0.1795485,0.058643155,-1.49801,-0.37831473,2.737475,-0.72458214,-0.3687289,-1.9398229,1
11.0,11,0.8987346,-0.70906323,-2.2378118,7.349621,-1.8346258,-2.6563313,-2.0647998,-4.2282524,-1.9520917,-0.96978956,0.1730627,12.981062,-0.17944954,0.05548849,-1.4997138,-0.38004857,2.7449381,-0.7256341,-0.36905977,-1.9376755,1
3.0,3,2.1463065,0.6561674,-2.6276107,13.773397,-1.7780104,-1.7505094,-0.07072118,-0.7126279,-3.503704,-1.659036,-0.44921017,8.11585,-0.22869045,-1.5685766,-2.9257514,-1.897214,2.8952312,-0.7220522,-0.4291375,-0.88386405,1
3.0,3,2.1471376,0.66108966,-2.6163003,13.780772,-1.7754755,-1.754155,-0.07073626,-0.7088613,-3.504015,-1.6616111,-0.44902787,8.101513,-0.23324382,-1.5722152,-2.926051,-1.9042484,2.9040987,-0.7198796,-0.43038538,-0.8787468,1
3.0,3,2.1458013,0.6590686,-2.6169634,13.780637,-1.7751758,-1.7534152,-0.07017245,-0.7089643,-3.5040164,-1.6614287,-0.4493603,8.102028,-0.23271038,-1.5723708,-2.9258058,-1.9034706,2.903868,-0.7196702,-0.42997226,-0.87879324,1
3.0,3,2.146148,0.6596617,-2.616494,13.780785,-1.7755845,-1.7539759,-0.070488684,-0.7089977,-3.5039055,-1.6615175,-0.44900873,8.101969,-0.23296991,-1.5722451,-2.925985,-1.9040099,2.9043381,-0.7196476,-0.43016845,-0.878702,1
3.0,3,2.1466734,0.66049176,-2.6161225,13.780926,-1.7757186,-1.7543024,-0.070656896,-0.70884573,-3.503893,-1.661603,-0.44882783,8.101566,-0.23321046,-1.5722241,-2.9261432,-1.9044106,2.9044852,-0.7197136,-0.43036744,-0.8786528,1
3.0,3,2.1476529,0.66202885,-2.6153684,13.780832,-1.7757286,-1.7550813,-0.0718649,-0.7099145,-3.503986,-1.6619332,-0.44898745,8.102243,-0.23371881,-1.5719111,-2.9256575,-1.9048692,2.9052093,-0.7197838,-0.4304422,-0.8784202,1
19.0,19,-2.9837606,0.19637634,1.2346483,-1.6738713,-2.174902,-4.0370145,-3.4223697,-1.4940952,5.0954423,3.0447693,0.0034672013,-2.5067282,-3.7582028,-2.9939513,-0.12199605,1.0612141,-0.76414454,-1.0503249,4.89761,13.13574,1
19.0,19,-2.9880238,0.18868472,1.2354615,-1.6790797,-2.1783636,-4.0375233,-3.4246294,-1.4993783,5.106009,3.0595703,0.0024136743,-2.5068254,-3.7569368,-2.994471,-0.12601556,1.0612391,-0.76369435,-1.0457746,4.900066,13.129534,1
19.0,19,-2.9898002,0.18294647,1.23576,-1.678945,-2.17752,-4.037312,-3.4238596,-1.5008695,5.1079235,3.0608664,0.0009986525,-2.5062573,-3.7553892,-2.9954457,-0.12548661,1.0627061,-0.7620723,-1.0451416,4.8988886,13.129388,1
19.0,19,-2.989357,0.18419462,1.23568,-1.6785123,-2.1772945,-4.0371113,-3.423624,-1.5001835,5.1062903,3.0595655,0.0012155315,-2.5062938,-3.7557714,-2.9953065,-0.12512244,1.0628353,-0.7623858,-1.0455351,4.8985667,13.130073,1
19.0,19,-2.9889853,0.18551657,1.235623,-1.67849,-2.1774468,-4.037075,-3.4237177,-1.4997752,5.1055603,3.0591993,0.0015179059,-2.5064108,-3.7561722,-2.9950924,-0.12517236,1.0626422,-0.76278836,-1.045689,4.898694,13.130213,1
19.0,19,-2.988659,0.18677235,1.2355945,-1.6785144,-2.1776347,-4.037071,-3.4238653,-1.4994463,5.105053,3.058984,0.0017953431,-2.5065293,-3.7565522,-2.9948895,-0.12526788,1.0624297,-0.76316816,-1.0458093,4.898846,13.130251,1
9.0,9,-2.0368423,-1.6158233,2.1029696,-4.523244,-4.269375,-1.331466,-1.7307426,-1.7699169,4.9674044,12.819105,-0.1172214,-1.7255664,-2.9382129,-0.81487656,-4.511622,-0.65636,-0.36653197,3.858498,1.3191684,-0.9375089,1
9.0,9,-2.0394518,-1.6172081,2.105896,-4.5241904,-4.2696204,-1.331,-1.7292429,-1.7687863,4.968524,12.817819,-0.11733417,-1.7271706,-2.9351285,-0.8098368,-4.510938,-0.6551575,-0.36853495,3.8564286,1.3179214,-0.9419026,1
9.0,9,-2.039703,-1.6181034,2.1073153,-4.5237513,-4.2694235,-1.3312879,-1.7289741,-1.7692766,4.969289,12.818395,-0.117817275,-1.7282389,-2.9342668,-0.81083995,-4.510648,-0.6552877,-0.36842197,3.8555064,1.3179827,-0.9410037,1
9.0,9,-2.039537,-1.6176419,2.1064632,-4.5239167,-4.2693872,-1.3311692,-1.7291813,-1.7691661,4.968855,12.818138,-0.11749463,-1.7276082,-2.9348583,-0.8106547,-4.5108137,-0.65521926,-0.36833888,3.85615,1.3179984,-0.94123024,1
9.0,9,-2.039444,-1.6172771,2.1058724,-4.5241003,-4.2694573,-1.3310459,-1.7292906,-1.7689682,4.9685345,12.817899,-0.117287055,-1.7271584,-2.9352179,-0.8102403,-4.510934,-0.6551562,-0.3683816,3.8565433,1.3179728,-0.941611,1
9.0,9,-2.0394197,-1.6171736,2.1057842,-4.524156,-4.2695312,-1.3310528,-1.7293231,-1.7689027,4.968541,12.8178215,-0.11725503,-1.727091,-2.9352305,-0.8100166,-4.510955,-0.6551724,-0.36843592,3.8565605,1.3179603,-0.9417752,1
5.0,14,-2.8799934,0.0030351696,-2.8365448,-2.2285786,3.8631885,7.1825533,-2.3937397,0.6134455,-2.294396,-2.3747432,-3.0207314,-3.0273752,-0.008017504,0.73074096,11.858683,7.1869354,-4.95876,-0.5305301,-2.85023,-1.549003,0
5.0,14,-2.876036,-0.0024065855,-2.8345962,-2.2225611,3.8534849,7.1654177,-2.3929052,0.6059049,-2.2970228,-2.3774955,-3.0155761,-3.0221715,-0.0068712914,0.7240435,11.867862,7.194322,-4.951373,-0.5347986,-2.853878,-1.5456378,0
5.0,14,-2.8761554,-0.002780858,-2.8352485,-2.2226033,3.8528252,7.166595,-2.3920949,0.6052236,-2.2974687,-2.3765445,-3.0157723,-3.0217495,-0.007481032,0.72344124,11.867079,7.196206,-4.951291,-0.53536415,-2.8537152,-1.5461639,0
5.0,14,-2.8763196,-0.0023382935,-2.8351254,-2.222901,3.853327,7.1669564,-2.392491,0.60587746,-2.2972088,-2.3767617,-3.015902,-3.0222182,-0.007363365,0.7240647,11.86691,7.1951,-4.9516077,-0.5346934,-2.8535314,-1.5460702,0
5.0,14,-2.8762615,-0.0022825631,-2.834915,-2.2228081,3.8533988,7.166455,-2.3927193,0.6060124,-2.2970889,-2.3770533,-3.0157964,-3.0222657,-0.0071778307,0.72420555,11.867219,7.19464,-4.9515815,-0.5346252,-2.8536339,-1.545901,0
5.0,14,-2.876203,-0.002291623,-2.8348103,-2.2227707,3.8536055,7.1662555,-2.3927739,0.60602725,-2.2970312,-2.377195,-3.0157838,-3.022272,-0.0070498073,0.72416806,11.86737,7.194461,-4.951595,-0.5347182,-2.8537078,-1.5458531,0
7.0,7,-2.702758,-2.115918,-1.0351291,0.9001875,0.97262776,2.2772439,6.2045937,13.119815,-2.6728902,-0.9370988,-0.37307057,-2.66465,-1.5946301,-0.26926252,-0.068147555,-2.3950229,-2.1719084,-1.8355469,-0.95146286,-0.008832395,1
7.0,7,-2.7004542,-2.114496,-1.0346059,0.9013432,0.9684345,2.2714412,6.2043853,13.119591,-2.672089,-0.93740225,-0.37100556,-2.66552,-1.5911906,-0.26723725,-0.06133047,-2.3948262,-2.1780674,-1.8368839,-0.9529362,-0.0072593503,1
7.0,7,-2.6992574,-2.1146133,-1.0352648,0.9027442,0.96652263,2.2691803,6.206234,13.11958,-2.6713862,-0.9370567,-0.37016273,-2.6665037,-1.588746,-0.26759326,-0.05766614,-2.3933141,-2.1818314,-1.837799,-0.9526726,-0.0077532046,1
7.0,7,-2.6992495,-2.1146612,-1.0351559,0.9027688,0.9665874,2.2690933,6.206326,13.119569,-2.6713839,-0.9371353,-0.37005544,-2.6664722,-1.5886517,-0.2675471,-0.05782565,-2.3935025,-2.1817071,-1.8378341,-0.9528397,-0.007847201,1
7.0,7,-2.6992652,-2.1145647,-1.0349102,0.90267456,0.96660405,2.2688882,6.206031,13.119553,-2.6715202,-0.93731034,-0.36992756,-2.6663697,-1.5887997,-0.26733014,-0.057890795,-2.3938158,-2.1814387,-1.8377864,-0.95319647,-0.007600028,1
7.0,7,-2.6992795,-2.1145227,-1.0347816,0.9026514,0.9666233,2.2687778,6.205883,13.119556,-2.6716292,-0.93742234,-0.36984783,-2.6663225,-1.5889174,-0.2672475,-0.05790629,-2.3939586,-2.181252,-1.8377494,-0.95341355,-0.007447511,1
10.0,11,-1.4545748,-2.4509294,-3.2221816,2.4897602,-1.2120492,-2.4364707,-4.417213,-4.345356,-3.6250083,1.6296029,1.5529863,11.678277,-1.300262,-0.026379086,-1.0071529,-0.84198123,3.3815506,7.027858,0.14744905,-0.9615214,0
10.0,11,-1.4557657,-2.450993,-3.2219033,2.488513,-1.2088791,-2.4387538,-4.4187016,-4.347153,-3.6247094,1.6268694,1.5557836,11.678502,-1.303513,-0.028749034,-1.0074513,-0.8382012,3.3836591,7.028394,0.1473833,-0.9571273,0
10.0,11,-1.4558209,-2.4509912,-3.2220023,2.4881065,-1.208272,-2.4388874,-4.418932,-4.347273,-3.6247995,1.6266801,1.5559872,11.67817,-1.3039805,-0.029375598,-1.0074784,-0.837791,3.3840625,7.029099,0.14759237,-0.9565777,0
10.0,11,-1.4557074,-2.4509654,-3.222021,2.488115,-1.2084109,-2.4387748,-4.418839,-4.347161,-3.6248357,1.6268249,1.5559587,11.678138,-1.3037758,-0.029270038,-1.0075029,-0.83808106,3.3839545,7.029203,0.14760119,-0.95688564,0
10.0,11,-1.4557518,-2.4509819,-3.2219627,2.4882467,-1.208523,-2.43878,-4.418802,-4.347203,-3.624767,1.6268165,1.5559275,11.678296,-1.3037183,-0.029093511,-1.0074954,-0.8380471,3.3838642,7.028862,0.14748293,-0.9569633,0
10.0,11,-1.4557807,-2.4509974,-3.2219079,2.4884462,-1.2087636,-2.4387693,-4.418734,-4.347195,-3.6247053,1.626847,1.5558267,11.678467,-1.3035979,-0.028848581,-1.0074764,-0.8381087,3.3837388,7.0284753,0.14738572,-0.95707726,0
14.0,14,-3.4763854,-1.0614554,-1.4879577,-0.14933364,-0.9342261,0.989891,-3.5191588,-1.4654298,0.28268546,-2.6551874,-0.30968106,-0.8535872,1.4447405,4.677526,12.188102,3.0495884,-2.4072657,-0.9328712,-2.9853535,-0.114586905,1
14.0,14,-3.476356,-1.0616001,-1.4890262,-0.1479375,-0.93550295,0.9888855,-3.5195446,-1.4662594,0.2812984,-2.6554904,-0.30952778,-0.8510978,1.4441473,4.6797333,12.187703,3.0511575,-2.4074755,-0.93292475,-2.9852169,-0.11442615,1
14.0,14,-3.4764154,-1.0616145,-1.4892054,-0.14768153,-0.93587893,0.98845047,-3.5197008,-1.4665216,0.28108525,-2.655531,-0.30941918,-0.8504334,1.4440063,4.6805954,12.187506,3.0514698,-2.407525,-0.9329805,-2.9851644,-0.11436275,1
14.0,14,-3.476382,-1.0616232,-1.4892187,-0.1476921,-0.9357783,0.98861486,-3.5196586,-1.4664793,0.2811183,-2.6555192,-0.3094769,-0.85058755,1.4440377,4.680248,12.187587,3.0515275,-2.4075258,-0.93297744,-2.9851935,-0.114399776,1
14.0,14,-3.4763603,-1.0616149,-1.489141,-0.14779748,-0.93564236,0.9887664,-3.5196016,-1.4663795,0.281198,-2.6555014,-0.30951312,-0.85084033,1.4440942,4.6799526,12.187656,3.0513823,-2.407508,-0.93295324,-2.9852111,-0.11441921,1
14.0,14,-3.4763477,-1.0616258,-1.4892237,-0.1476823,-0.93580306,0.98860013,-3.5196636,-1.4664998,0.28108266,-2.655511,-0.30948418,-0.8505848,1.4440655,4.680264,12.187589,3.051522,-2.407541,-0.93296844,-2.9852042,-0.11439696,1
19.0,19,-2.2529268,-2.094358,0.02321805,-0.13968499,-0.23855571,-1.9143581,-0.51648235,0.19259284,-0.46920332,-0.8181666,-1.3257502,-1.4105217,-3.7753668,-3.9620354,-0.0035485092,1.3070471,3.098779,-0.30178154,3.998646,13.600259,1
19.0,19,-2.252891,-2.094809,0.023574296,-0.1391907,-0.23868044,-1.914577,-0.51660144,0.19167171,-0.46871182,-0.8183743,-1.3264753,-1.409877,-3.7750173,-3.9626534,-0.0045107,1.30608,3.1024008,-0.3014373,3.9988606,13.599121,1
19.0,19,-2.2534268,-2.0949123,0.023666743,-0.13942206,-0.23844953,-1.9136579,-0.51619655,0.1933186,-0.4694663,-0.8183702,-1.3258725,-1.4103794,-3.7753413,-3.962076,-0.003936031,1.3058629,3.0999403,-0.30107015,3.998977,13.599864,1
19.0,19,-2.253339,-2.0950613,0.023715112,-0.13925697,-0.23852314,-1.9137723,-0.5161107,0.19306691,-0.4692844,-0.8184591,-1.3261693,-1.4102259,-3.7751768,-3.9623475,-0.0043311836,1.3055502,3.101299,-0.3010693,3.9990914,13.599416,1
19.0,19,-2.2531784,-2.0949955,0.02368563,-0.13921793,-0.2385938,-1.9140328,-0.5162116,0.19268912,-0.46910733,-0.8184514,-1.3262745,-1.4101405,-3.7751105,-3.9624717,-0.004441522,1.305646,3.1017575,-0.30118743,3.9990413,13.599282,1
19.0,19,-2.2530966,-2.0948608,0.023617,-0.13930383,-0.2385978,-1.9141098,-0.51620275,0.19279584,-0.46917304,-0.81843543,-1.3261439,-1.4102902,-3.7751553,-3.9623969,-0.0042833155,1.3058562,3.101197,-0.30128154,3.9989235,13.599472,1
2.0,2,0.011837249,2.1421225,13.062562,-0.015508488,1.2327043,-2.4628003,0.17558359,-2.242328,1.9658599,0.27757764,0.74480265,-1.4081876,-0.07416799,-1.2749228,-1.8341446,-0.9347314,0.58141583,-3.2169173,-3.1291835,0.066373646,1
2.0,2,0.011838102,2.142121,13.062567,-0.015513636,1.2327017,-2.4627998,0.17558724,-2.2423277,1.9658535,0.27758357,0.7448027,-1.408186,-0.074173056,-1.2749196,-1.8341439,-0.9347296,0.58141565,-3.216916,-3.1291838,0.06637429,1
2.0,2,0.011838005,2.1421213,13.062566,-0.015513971,1.2327031,-2.4627993,0.17558758,-2.2423277,1.965854,0.27758318,0.7448035,-1.408186,-0.07417381,-1.2749202,-1.8341432,-0.9347284,0.5814158,-3.216916,-3.129183,0.06637405,1
2.0,2,0.011838161,2.1421218,13.062566,-0.015512645,1.2327018,-2.4627995,0.17558706,-2.242328,1.9658535,0.27758235,0.74480313,-1.408186,-0.07417373,-1.2749194,-1.8341432,-0.9347294,0.5814162,-3.2169154,-3.1291835,0.06637433,1
2.0,2,0.011837904,2.1421213,13.062564,-0.015512273,1.2327032,-2.4627995,0.17558634,-2.242328,1.965855,0.27758098,0.74480325,-1.4081855,-0.074172825,-1.2749201,-1.834143,-0.9347295,0.58141613,-3.2169158,-3.1291833,0.066373825,1
2.0,2,0.011837677,2.1421216,13.062564,-0.015514031,1.2327025,-2.4627995,0.1755868,-2.2423284,1.9658555,0.27758145,0.7448032,-1.4081854,-0.07417309,-1.2749199,-1.8341428,-0.9347289,0.5814154,-3.2169156,-3.1291828,0.06637396,1
16.0,16,-0.64219815,-2.414206,-0.84955084,4.855857,-2.2098804,-5.7860527,-2.1280682,-4.2371407,-0.77973086,-2.9462526,4.0197287,8.736436,-2.4848812,-2.1310916,-2.4579499,-1.418557,12.541726,3.0794973,-1.0536764,-0.50802016,1
16.0,16,-0.5776285,-2.46477,-0.8097645,4.8841643,-2.2501397,-5.8200965,-1.9744117,-4.215741,-0.73819345,-2.9333863,4.0039144,8.51254,-2.4420404,-2.1975572,-2.517715,-1.3928428,12.660669,2.8940594,-1.0588285,-0.45498344,1
16.0,16,-0.5510686,-2.484632,-0.80428976,4.908042,-2.2548769,-5.8254743,-1.9063206,-4.2101903,-0.7310145,-2.9326208,3.972391,8.450281,-2.4206033,-2.2162719,-2.5332654,-1.3769015,12.685839,2.8110554,-1.0611483,-0.44011542,1
16.0,16,-0.55623007,-2.4807258,-0.80459684,4.9035535,-2.2555878,-5.82511,-1.9202394,-4.2113523,-0.7319499,-2.9320843,3.981079,8.462,-2.424706,-2.2126198,-2.5311432,-1.3806627,12.681498,2.8273246,-1.0608295,-0.4429707,1
16.0,16,-0.5596017,-2.4778533,-0.80439734,4.8999453,-2.2561471,-5.824964,-1.9300975,-4.2120676,-0.73210126,-2.9317,3.987295,8.468465,-2.427483,-2.2104933,-2.5297828,-1.3836346,12.679515,2.8389132,-1.060556,-0.44466522,1
16.0,16,-0.5637272,-2.4735587,-0.804658,4.8972797,-2.2566483,-5.8234115,-1.9429898,-4.213273,-0.7319239,-2.930826,3.9897535,8.477036,-2.4303324,-2.2075417,-2.5272923,-1.3868335,12.676874,2.8512044,-1.0593337,-0.44670022,1
15.0,15,-2.4423707,-1.9840817,-2.4202976,-1.0126433,1.0858804,0.60600424,-2.4332213,-3.1901124,-2.139075,-1.1943578,-1.1804651,2.1425657,-2.4790738,-1.6468682,8.452781,11.827589,-1.5065687,-1.4297588,-2.937571,0.13640991,1
15.0,15,-2.441839,-1.9844376,-2.4195952,-1.0123749,1.0864198,0.60390574,-2.4326696,-3.191206,-2.1383607,-1.1945732,-1.1796993,2.1433697,-2.479301,-1.6475232,8.45106,11.827915,-1.5051607,-1.4301819,-2.9377818,0.13664351,1
15.0,15,-2.4418504,-1.9843096,-2.4196765,-1.0125642,1.0866174,0.6041532,-2.4328876,-3.1911473,-2.1383789,-1.1944577,-1.1800154,2.1431632,-2.4792662,-1.6475722,8.45116,11.827941,-1.5053102,-1.4299365,-2.9376545,0.13662797,1
15.0,15,-2.4418988,-1.9843174,-2.419716,-1.0125324,1.0865467,0.60425305,-2.432908,-3.191098,-2.138438,-1.1944877,-1.1799818,2.1431844,-2.4792492,-1.6475133,8.45129,11.827891,-1.5053577,-1.4299154,-2.937672,0.136603,1
15.0,15,-2.4418924,-1.9843512,-2.4196897,-1.0124849,1.0864924,0.604179,-2.432846,-3.191112,-2.1384296,-1.1945157,-1.1798999,2.1432297,-2.4792573,-1.6475035,8.451261,11.8278885,-1.5053179,-1.4299864,-2.9377055,0.1366101,1
15.0,15,-2.4418712,-1.9843663,-2.419664,-1.0124639,1.0864832,0.60411865,-2.4327903,-3.191136,-2.1384056,-1.1945179,-1.1798686,2.1432555,-2.4792752,-1.6475112,8.451182,11.8279085,-1.5052885,-1.4300561,-2.9377189,0.13662168,1
6.0,6,-1.0186195,-5.0190763,-1.3228376,-1.3211399,4.343279,-1.8459636,10.324885,4.517307,-2.7057235,-1.3624521,8.5618305,-1.8988647,-3.9948514,-3.3759067,-3.3145971,1.1332113,1.6784459,1.5417067,-2.0397413,-1.4057333,1
6.0,6,-0.96547437,-5.030956,-1.3207706,-1.2679417,4.380185,-1.8541901,10.451784,4.571087,-2.7051,-1.3780303,8.41102,-1.9424399,-3.9443157,-3.3828435,-3.3305051,1.1134022,1.661526,1.4001414,-2.0315459,-1.4003048,1
6.0,6,-0.9612262,-5.030914,-1.3329841,-1.260889,4.4420958,-1.8927112,10.446189,4.6101384,-2.6821353,-1.4113379,8.39233,-1.9746776,-3.913334,-3.4096951,-3.3178744,1.0731589,1.6706886,1.4137968,-2.0079162,-1.3800545,1
6.0,6,-0.9564202,-5.0317955,-1.330086,-1.2545909,4.434235,-1.8977343,10.4497795,4.607437,-2.6825418,-1.4111925,8.392832,-1.9713668,-3.9097092,-3.406676,-3.3203013,1.0704861,1.6727093,1.405245,-2.010091,-1.3804121,1
6.0,6,-0.9556215,-5.030988,-1.326198,-1.257779,4.418476,-1.8974359,10.439832,4.5924735,-2.6844988,-1.4055351,8.41064,-1.9617136,-3.9147522,-3.4005513,-3.3234851,1.0739175,1.6771325,1.4115745,-2.0150368,-1.3842474,1
6.0,6,-0.9638728,-5.027686,-1.3257403,-1.2708312,4.407237,-1.9002167,10.406675,4.5747623,-2.6822236,-1.4025956,8.451833,-1.950581,-3.924012,-3.3976905,-3.3219318,1.0746801,1.6847907,1.4462084,-2.01611,-1.3859649,1
1.0,1,7.558711,13.116274,3.5297177,-0.92829186,-0.83633447,-1.086235,-3.633501,-0.7425356,-0.85116524,0.38701493,-2.4055753,-1.5789002,-3.701332,-0.73586535,-1.0752367,-1.3136485,-2.7835221,-1.4110909,-0.7154149,0.7328035,1
1.0,1,7.558533,13.116159,3.5300498,-0.92858267,-0.8363678,-1.0860561,-3.6335,-0.74248445,-0.85093975,0.3876326,-2.4057312,-1.5790181,-3.7015254,-0.7359516,-1.0754721,-1.3137151,-2.7834458,-1.4107751,-0.71530753,0.7324001,1
1.0,1,7.5581303,13.116199,3.530265,-0.9284589,-0.83627105,-1.0860286,-3.6335232,-0.74239206,-0.85093445,0.38765275,-2.4057095,-1.5791194,-3.7016048,-0.73590213,-1.0753766,-1.3136576,-2.783495,-1.4108742,-0.7154791,0.73267823,1
1.0,1,7.558293,13.116201,3.5301406,-0.92847586,-0.83629143,-1.0860424,-3.6335225,-0.7424417,-0.85095793,0.38758123,-2.4057057,-1.5790416,-3.7015622,-0.73589134,-1.0753807,-1.3136643,-2.7834902,-1.4108533,-0.71542877,0.73256576,1
1.0,1,7.558449,13.116181,3.5300608,-0.92852354,-0.83633614,-1.0860561,-3.633512,-0.74247384,-0.8509627,0.38757867,-2.4057143,-1.579009,-3.7015316,-0.73591274,-1.0754188,-1.313689,-2.7834692,-1.4108166,-0.71536595,0.7324675,1
1.0,1,7.558493,13.11618,3.530021,-0.9285502,-0.8363415,-1.0860463,-3.6335094,-0.74249226,-0.850948,0.38758916,-2.4057176,-1.5789702,-3.7015336,-0.7359132,-1.075448,-1.3136876,-2.7834613,-1.4107867,-0.71531373,0.73238045,1
16.0,16,-1.4206426,-2.7576256,-0.021203466,2.93003,-0.8085977,-2.5729628,-1.7087673,-4.1211004,-0.11753945,-1.402039,-0.96940124,6.8390517,-1.509228,-2.8261795,-2.565148,-0.57215637,12.428479,2.0226905,-0.59534115,-0.1890155,1
16.0,16,-1.4343342,-2.7666092,-0.039231047,2.9451227,-0.81765866,-2.5429826,-1.6984175,-4.098042,-0.14396086,-1.4020172,-0.99783117,6.853532,-1.5234234,-2.8281722,-2.5653005,-0.568627,12.412992,2.024275,-0.5617922,-0.15717,1
16.0,16,-1.4402126,-2.771414,-0.051421378,2.951469,-0.8267002,-2.5313854,-1.6920389,-4.07759,-0.15690893,-1.4023303,-1.0084556,6.858263,-1.5331312,-2.831099,-2.570248,-0.57139564,12.410953,2.029726,-0.5425742,-0.14289422,1
16.0,16,-1.4402194,-2.7713058,-0.051472016,2.9520864,-0.82691497,-2.5313437,-1.6923504,-4.077991,-0.15720336,-1.4024016,-1.0084176,6.859339,-1.5330478,-2.8306708,-2.5700965,-0.5715175,12.410442,2.0296478,-0.5424804,-0.14295088,1
16.0,16,-1.4379267,-2.7698686,-0.04889376,2.9505355,-0.8263805,-2.536501,-1.6940767,-4.081154,-0.15321878,-1.4024013,-1.0037594,6.8579454,-1.5309327,-2.8302314,-2.5704992,-0.5725261,12.412775,2.0290537,-0.54718983,-0.14763485,1
16.0,16,-1.4338865,-2.7673843,-0.0450088,2.9479797,-0.825838,-2.545914,-1.697117,-4.0860996,-0.14623387,-1.4021745,-0.9950498,6.856798,-1.5276121,-2.8295774,-2.5717335,-0.57429665,12.416737,2.0281658,-0.55543625,-0.15668859,1
11.0,16,-1.5028048,-2.6183646,-0.31960833,2.5705676,-1.3413513,-1.1217835,-1.0307212,-2.768754,-0.049800787,-1.2843251,-2.1347952,5.8834805,-2.0013838,-2.688766,-2.518588,-0.55600446,12.293148,3.0830426,-0.15331754,-2.0176253,0
11.0,16,-1.5026253,-2.618524,-0.32025555,2.5699384,-1.3423489,-1.1205152,-1.0294477,-2.7659738,-0.05027956,-1.283678,-2.1356173,5.881395,-2.0015054,-2.6893275,-2.519575,-0.5565411,12.293657,3.0832703,-0.15202168,-2.017879,0
11.0,16,-1.5021474,-2.618776,-0.3208602,2.5698855,-1.3440949,-1.1211529,-1.0290165,-2.7641683,-0.05128138,-1.2827681,-2.135409,5.880419,-2.0015082,-2.6894636,-2.5204606,-0.55729026,12.294688,3.0837188,-0.1518017,-2.0176518,0
11.0,16,-1.5021758,-2.6187527,-0.32085344,2.569922,-1.343994,-1.1211045,-1.0290685,-2.76431,-0.051248793,-1.2828219,-2.1354246,5.880571,-2.0015044,-2.6894257,-2.5204039,-0.5572483,12.294591,3.0836983,-0.15179065,-2.0176768,0
11.0,16,-1.5021707,-2.6187382,-0.32078305,2.5699806,-1.3439447,-1.1212629,-1.0291736,-2.7645116,-0.051259447,-1.2828884,-2.135314,5.8806987,-2.0014875,-2.6893742,-2.520332,-0.557246,12.294606,3.0837176,-0.15191731,-2.017636,0
11.0,16,-1.5021478,-2.6187131,-0.32076594,2.5701804,-1.3439974,-1.1216068,-1.02945,-2.7649312,-0.05130099,-1.2829063,-2.1350958,5.8812304,-2.0014744,-2.6892238,-2.5202448,-0.557233,12.294553,3.083742,-0.15212032,-2.0176032,0
5.0,5,-3.1945155,-0.3255736,-3.4973357,-2.8496418,2.8125606,11.868838,-0.9505933,-0.76508,-2.7669659,0.8772063,-4.0479093,-2.7729888,0.031055905,0.2059155,7.448781,6.3521514,-4.882812,0.6621299,-1.3248365,-2.5979166,1
5.0,5,-3.194489,-0.3291813,-3.4981785,-2.8436189,2.8043392,11.853112,-0.95633245,-0.76727194,-2.7691684,0.8662431,-4.0442615,-2.7723813,0.029425118,0.20067434,7.471916,6.364914,-4.8778515,0.65908384,-1.3288705,-2.5898643,1
5.0,5,-3.1941912,-0.32924005,-3.4988132,-2.8436604,2.8039942,11.853087,-0.9558355,-0.76748514,-2.7691944,0.8668195,-4.0440683,-2.7721753,0.029860921,0.20073573,7.471185,6.3655276,-4.8780513,0.65851426,-1.3291434,-2.5904756,1
5.0,5,-3.1942897,-0.32881892,-3.4985485,-2.8440022,2.8044715,11.854209,-0.9556477,-0.7672333,-2.7690938,0.86719507,-4.0443645,-2.772182,0.029592436,0.20093071,7.469771,6.3645782,-4.878167,0.65896964,-1.328612,-2.5906203,1
5.0,5,-3.1944284,-0.3289642,-3.4983377,-2.8438754,2.8045018,11.853848,-0.9559264,-0.76720583,-2.7691145,0.86687165,-4.0443616,-2.772286,0.029458731,0.20086248,7.470533,6.36463,-4.878061,0.6591021,-1.3286903,-2.5903215,1
5.0,5,-3.1945481,-0.32962418,-3.4985144,-2.8433614,2.8038752,11.852211,-0.95630205,-0.7674349,-2.7692854,0.8664297,-4.0439906,-2.7722971,0.029389199,0.20057772,7.47252,6.3661523,-4.877876,0.65870917,-1.3294498,-2.5899668,1
6.0,7,-2.2902431,-4.605042,-1.9936241,0.815371,1.9022154,1.0792418,11.080032,12.083684,-3.191771,-0.4890945,1.7881073,-3.3789465,-2.6346247,-2.7494626,-2.283595,0.10464111,-1.5521545,-2.0072894,-1.2372043,0.16673408,0
6.0,7,-2.293559,-4.606527,-1.9863716,0.82179606,1.892261,1.0786575,11.067841,12.090955,-3.1891727,-0.488267,1.7902961,-3.3754673,-2.6225264,-2.7444134,-2.2842333,0.08307491,-1.5476346,-2.0025418,-1.2318043,0.16709659,0
6.0,7,-2.3041952,-4.6075106,-1.9759582,0.8301528,1.8790911,1.0807034,11.045343,12.106262,-3.1862514,-0.48648238,1.7883966,-3.370643,-2.6088095,-2.7334375,-2.2796228,0.053352304,-1.5430659,-1.9958142,-1.224043,0.1693456,0
6.0,7,-2.3063293,-4.6066146,-1.975136,0.83072597,1.8766586,1.0814005,11.040462,12.109551,-3.1854956,-0.4860332,1.7873169,-3.3697577,-2.6074653,-2.7314506,-2.278163,0.049914233,-1.5434113,-1.9950384,-1.2230463,0.17035185,0
6.0,7,-2.3022037,-4.6079154,-1.976364,0.8295549,1.8798425,1.0793936,11.048682,12.1038265,-3.1864154,-0.4868595,1.7902197,-3.3710716,-2.6087754,-2.734259,-2.2810347,0.054931648,-1.5428241,-1.996338,-1.225054,0.16817604,0
6.0,7,-2.2945096,-4.610456,-1.9794099,0.82717854,1.886998,1.0759008,11.065044,12.092516,-3.1885285,-0.48860067,1.7952003,-3.3737047,-2.6123066,-2.7400274,-2.2860126,0.06629389,-1.5421368,-1.9991323,-1.229186,0.16413502,0
9.0,9,0.9564189,-2.3462803,3.6779501,-3.1870494,-3.4772923,-1.3215568,0.1555414,-1.9328449,0.8566572,12.787922,-1.8503296,-0.78771985,-0.4705179,-2.1837294,-4.4971194,-1.252627,-0.18184048,1.1613833,1.2317199,0.41155234,1
9.0,9,0.94084156,-2.3370287,3.6929495,-3.201004,-3.5024614,-1.3338526,0.14830813,-1.9279411,0.86920714,12.796698,-1.8525895,-0.79587746,-0.46843213,-2.114369,-4.5005164,-1.265074,-0.19162248,1.1574327,1.229937,0.40048146,1
9.0,9,0.94398916,-2.342721,3.6883564,-3.1927488,-3.4973366,-1.3299298,0.1549937,-1.9260035,0.86469084,12.794616,-1.8523253,-0.7948857,-0.46969554,-2.1344013,-4.5004683,-1.260123,-0.18837334,1.1550137,1.2297598,0.40391687,1
9.0,9,0.9428178,-2.3410227,3.689426,-3.1954,-3.4990263,-1.331154,0.15190649,-1.9274485,0.8671817,12.7955,-1.8521312,-0.79477215,-0.4696021,-2.1297483,-4.5006175,-1.2616652,-0.18908386,1.1566622,1.2310331,0.40322092,1
9.0,9,0.9418475,-2.3393993,3.6906996,-3.1977918,-3.5005753,-1.332311,0.15000685,-1.92797,0.86849916,12.796147,-1.8522285,-0.79507345,-0.46923268,-2.1236954,-4.5006695,-1.263117,-0.19005612,1.1573317,1.2310708,0.40216807,1
9.0,9,0.9412316,-2.3383853,3.6915998,-3.1992707,-3.5015686,-1.3330135,0.14937025,-1.9277642,0.8687282,12.796499,-1.8524655,-0.7955085,-0.46883923,-2.1187282,-4.5006266,-1.2640582,-0.19086869,1.1572777,1.2304097,0.40121475,1
17.0,16,-0.8496439,-3.3249996,0.30579868,3.629146,-1.688331,-4.1830792,-0.12902915,-1.6002125,-0.010771576,-1.2741824,2.087738,5.916315,-2.0263662,-3.88548,-4.1118674,-0.9027377,12.946525,0.778643,-1.6293987,-0.49248984,0
17.0,16,-0.85789454,-3.3364692,0.29999816,3.64222,-1.6925362,-4.1748347,-0.11229332,-1.5715996,-0.02199975,-1.273405,2.0864053,5.9248986,-2.031699,-3.892837,-4.119784,-0.9056583,12.938374,0.77609,-1.6229706,-0.4900402,0
17.0,16,-0.86437804,-3.3477588,0.29806116,3.6579154,-1.6966447,-4.180081,-0.09327641,-1.5418936,-0.031355996,-1.2789488,2.1092782,5.9284606,-2.037675,-3.8999383,-4.129621,-0.9127017,12.933729,0.77401245,-1.6240505,-0.48635522,0
17.0,16,-0.8644959,-3.3475251,0.29798225,3.657254,-1.6963925,-4.1786437,-0.09382559,-1.5427063,-0.031148154,-1.2784352,2.1063907,5.9280567,-2.0373302,-3.8997476,-4.1291413,-0.9124927,12.933952,0.77426714,-1.6232327,-0.48647237,0
17.0,16,-0.86306506,-3.3460586,0.2988566,3.6561773,-1.6963906,-4.180792,-0.09583667,-1.5460732,-0.029818688,-1.2787782,2.1084764,5.927667,-2.036675,-3.8987176,-4.1284757,-0.91232526,12.934658,0.7741459,-1.6246403,-0.4869559,0
17.0,16,-0.86020654,-3.3429034,0.30074337,3.653465,-1.6959242,-4.1848073,-0.100125834,-1.5534484,-0.026824404,-1.2794812,2.1119049,5.9259496,-2.0351884,-3.896583,-4.126822,-0.91195804,12.936593,0.7742191,-1.6273688,-0.4878604,0
17.0,17,-1.0137031,-1.5337697,-2.7674487,-2.9507067,0.94462025,-1.3707682,-3.020982,-1.2920544,-2.8334577,0.339971,8.569972,3.1124601,-3.2755911,-2.3034835,-1.1990862,-1.5023808,3.9611516,13.227648,0.54198074,-1.367934,1
17.0,17,-1.0046954,-1.5355153,-2.774335,-2.9753895,0.97235596,-1.3478547,-3.0189505,-1.2852533,-2.8261285,0.3538732,8.499992,3.0285408,-3.2628534,-2.319829,-1.1865079,-1.5072694,3.9886346,13.264704,0.5697561,-1.3626903,1
17.0,17,-1.0047356,-1.5375774,-2.7724016,-2.9754026,0.97123915,-1.3555452,-3.0176623,-1.2857816,-2.8217614,0.3494221,8.509671,3.024813,-3.262712,-2.3201015,-1.1866453,-1.5080757,3.9955957,13.262173,0.5679514,-1.3624257,1
17.0,17,-1.0045229,-1.5367042,-2.7732716,-2.9757683,0.97232026,-1.3517569,-3.0177445,-1.2853857,-2.8237152,0.35166723,8.504614,3.0250456,-3.262509,-2.319881,-1.1866947,-1.5080501,3.9928617,13.263736,0.5691788,-1.3628328,1
17.0,17,-1.0043838,-1.5360862,-2.7738848,-2.9758427,0.97284114,-1.3492864,-3.0181913,-1.2852352,-2.824965,0.35317856,8.500922,3.025551,-3.262374,-2.3200214,-1.1866349,-1.5080628,3.991236,13.2649355,0.5700151,-1.362894,1
17.0,17,-1.0040725,-1.535929,-2.7740865,-2.975048,0.9725037,-1.3494335,-3.0194314,-1.2856357,-2.8248787,0.35350662,8.498292,3.0258045,-3.2618954,-2.3209367,-1.1864506,-1.5091189,3.9929345,13.266457,0.5707315,-1.362541,1
0.0,12,7.4401927,-0.7557641,-0.37547407,-1.312246,-4.048648,-1.535893,-0.22928223,-2.6407042,2.7463424,0.7549883,-2.3941896,-1.9156122,9.973764,-0.45679078,-1.4688973,-2.8088017,-1.4361401,-2.1585538,2.8104067,-1.3332644,0
0.0,12,7.436287,-0.75551814,-0.37687847,-1.3136439,-4.048108,-1.5368193,-0.2348869,-2.6403873,2.755494,0.7549571,-2.395971,-1.9187737,9.969591,-0.45961818,-1.4685813,-2.8100626,-1.4364979,-2.1576538,2.8220086,-1.3222541,0
0.0,12,7.4351816,-0.75488394,-0.37656316,-1.3153725,-4.0481653,-1.5375476,-0.23771593,-2.6408565,2.762557,0.7562062,-2.3971736,-1.9209881,9.966235,-0.46215215,-1.469112,-2.810763,-1.4367162,-2.157831,2.8281033,-1.3172498,0
0.0,12,7.4356837,-0.75488937,-0.37647057,-1.3148696,-4.048138,-1.5374662,-0.23694474,-2.6408117,2.7605088,0.7556848,-2.3967803,-1.9203956,9.9671755,-0.46147987,-1.4689094,-2.810557,-1.4366286,-2.1578736,2.8261578,-1.3186255,0
0.0,12,7.436132,-0.75513136,-0.3765861,-1.3141207,-4.048103,-1.5371909,-0.23580454,-2.6406205,2.7575476,0.7550885,-2.396264,-1.9194772,9.968606,-0.46041253,-1.4686521,-2.8102682,-1.4365345,-2.1578064,2.8235965,-1.3206433,0
0.0,12,7.4364896,-0.75516415,-0.37680444,-1.3136117,-4.048001,-1.5370102,-0.23516496,-2.6404183,2.7554002,0.75452197,-2.3959713,-1.91896,9.969275,-0.4597726,-1.4684285,-2.8101025,-1.4364635,-2.1576428,2.8223646,-1.3214357,0
2.0,2,-0.99723804,-1.0420793,11.542507,-1.666046,-1.4526696,-2.519457,1.1122556,-2.0498676,1.1017952,4.3386164,-0.07059898,-1.9235293,-0.65692043,-3.2231643,-1.6890309,0.5477,0.3873371,-2.1262045,-2.1481097,4.015789,1
2.0,2,-0.9970451,-1.0418776,11.5429735,-1.6660497,-1.4527229,-2.5194662,1.1123054,-2.0498965,1.1020427,4.338603,-0.0704348,-1.9234252,-0.6566044,-3.2228825,-1.689222,0.5473327,0.38738054,-2.1261504,-2.1484265,4.014541,1
2.0,2,-0.9970477,-1.0418712,11.542979,-1.6660469,-1.4527245,-2.51948,1.112294,-2.0499034,1.1020534,4.3385835,-0.07042717,-1.9234238,-0.65660936,-3.2228847,-1.6892182,0.54732996,0.38739115,-2.1261435,-2.148424,4.0145535,1
2.0,2,-0.9970536,-1.0418766,11.542968,-1.6660464,-1.4527248,-2.5194807,1.1122915,-2.0499022,1.1020477,4.3385835,-0.07043057,-1.9234267,-0.6566185,-3.2228925,-1.689213,0.5473394,0.38739017,-2.1261463,-2.148417,4.01459,1
2.0,2,-0.99705106,-1.0418801,11.542961,-1.6660479,-1.4527247,-2.5194721,1.1122994,-2.0498986,1.1020422,4.338596,-0.07043486,-1.9234267,-0.65661395,-3.2228909,-1.6892164,0.54733926,0.38738412,-2.1261482,-2.1484194,4.0145745,1
2.0,2,-0.99704427,-1.0418768,11.542975,-1.6660486,-1.4527239,-2.5194683,1.112305,-2.0498972,1.1020448,4.338603,-0.07043242,-1.9234246,-0.6566028,-3.2228808,-1.6892228,0.5473297,0.3873827,-2.1261475,-2.1484303,4.014532,1
14.0,14,-2.944436,-1.3187125,-2.0016873,-0.46998328,-1.52012,0.15357505,-3.2849953,-1.1203456,-1.321528,-2.0057354,-0.43837592,-1.0576566,0.86407715,4.7731214,11.94214,5.604786,-2.4235723,-1.028469,-3.9374793,-0.4186831,1
14.0,14,-2.9436076,-1.3185154,-2.000923,-0.46691,-1.5220065,0.15038711,-3.284699,-1.1216017,-1.3216676,-2.007025,-0.43930882,-1.0562505,0.8642781,4.771469,11.942212,5.6074734,-2.4216096,-1.0299368,-3.9364288,-0.41694173,1
14.0,14,-2.9437127,-1.3176663,-1.9999216,-0.4659412,-1.5238113,0.14772525,-3.2850945,-1.1220689,-1.3207073,-2.0072212,-0.43984768,-1.0554354,0.8644239,4.774312,11.941268,5.6073756,-2.4212656,-1.0311085,-3.9357476,-0.41604468,1
14.0,14,-2.943586,-1.317891,-2.000129,-0.46605855,-1.5234797,0.14816296,-3.2849567,-1.1220322,-1.3209491,-2.007143,-0.43973753,-1.0556521,0.8644812,4.7734222,11.941429,5.6076407,-2.4212885,-1.0308937,-3.935936,-0.41621655,1
14.0,14,-2.9435706,-1.318149,-2.0004551,-0.4663911,-1.5229132,0.14900863,-3.2848485,-1.1218666,-1.32125,-2.0070693,-0.43955067,-1.0559033,0.86443347,4.7726207,11.941706,5.6076093,-2.4214196,-1.0305007,-3.9361608,-0.4165148,1
14.0,14,-2.9434998,-1.3180226,-2.000312,-0.4661767,-1.5232698,0.14830893,-3.284963,-1.1218568,-1.3211334,-2.0070956,-0.43950716,-1.0557936,0.864642,4.7732415,11.941457,5.6073284,-2.4213495,-1.0305353,-3.9361696,-0.41637415,1
8.0,8,-2.2602289,-0.10234952,1.1498682,-2.3479784,-4.6758347,-2.8431952,-1.2621099,2.4060006,9.534873,4.9971,-0.28570926,-1.5219605,1.0311686,5.0883675,-2.5909855,-1.4729578,-3.2205706,-3.3155813,-0.7490875,-3.210017,1
8.0,8,-2.2398908,-0.09475699,1.162142,-2.3396978,-4.6664867,-2.8428655,-1.2626752,2.3926542,9.56666,5.0165257,-0.30879107,-1.5253551,1.0110608,5.0283065,-2.6135566,-1.4652195,-3.2050705,-3.3239896,-0.7311608,-3.2090828,1
8.0,8,-2.1913135,-0.1071015,1.2039298,-2.3103068,-4.6301837,-2.8424244,-1.2591475,2.3423967,9.686017,5.050116,-0.3532497,-1.5512296,0.99967116,4.8111405,-2.6596823,-1.4307367,-3.1649718,-3.3587255,-0.6965492,-3.2059228,1
8.0,8,-2.1990476,-0.106557675,1.1982594,-2.3152537,-4.6358027,-2.842751,-1.2602055,2.3484106,9.670081,5.045494,-0.34563133,-1.5481992,1.0029098,4.842213,-2.6523476,-1.4357296,-3.171304,-3.353225,-0.70203835,-3.2062438,1
8.0,8,-2.2102907,-0.10370317,1.1888537,-2.3223603,-4.6445346,-2.843045,-1.261297,2.35962,9.642917,5.037986,-0.335101,-1.5423179,1.0055866,4.8926673,-2.641722,-1.443888,-3.1807277,-3.3450167,-0.71004033,-3.2069666,1
8.0,8,-2.2231634,-0.09927005,1.1776309,-2.3308158,-4.655039,-2.8433836,-1.2629129,2.372727,9.610006,5.0306616,-0.3237084,-1.534766,1.0065724,4.9531374,-2.6301506,-1.4538656,-3.1913097,-3.3347228,-0.7184898,-3.2075417,1
3.0,2,-0.855828,1.1150707,13.162867,-0.68037426,-2.1503088,-3.4405847,-0.4418602,-1.5241836,2.6570566,2.577155,0.87567633,-2.2578657,-0.34963128,-1.048232,-1.2397572,-1.7893358,1.0654349,-1.273599,-3.720179,0.11324336,0
3.0,2,-0.8556222,1.1151621,13.163067,-0.6807215,-2.149999,-3.440779,-0.4419757,-1.524454,2.6573853,2.5759928,0.8758895,-2.257453,-0.34894037,-1.047403,-1.2394686,-1.7897043,1.0654831,-1.273647,-3.7200818,0.11245793,0
3.0,2,-0.8556289,1.1151993,13.163065,-0.6807703,-2.1499822,-3.440827,-0.44201177,-1.5244861,2.6575236,2.5759456,0.8759038,-2.257445,-0.34895965,-1.0474491,-1.2394804,-1.7897009,1.0654997,-1.2736703,-3.7200258,0.112510026,0
3.0,2,-0.85563236,1.1151849,13.163066,-0.6807369,-2.1499884,-3.4408095,-0.4419942,-1.524467,2.6574633,2.5759597,0.8759004,-2.2574496,-0.348958,-1.0474372,-1.2394735,-1.7896981,1.0654951,-1.2736673,-3.7200544,0.11250067,0
3.0,2,-0.85562485,1.1151764,13.163069,-0.68070614,-2.1499996,-3.4407728,-0.4419722,-1.5244454,2.6573677,2.5759857,0.87588793,-2.257453,-0.34894785,-1.0473986,-1.2394642,-1.7896975,1.0654776,-1.273655,-3.7200913,0.112466335,0
3.0,2,-0.8556198,1.1151617,13.163074,-0.6806697,-2.1500025,-3.440746,-0.4419484,-1.524425,2.6572773,2.5759845,0.8758834,-2.2574492,-0.34892505,-1.0473506,-1.2394465,-1.7897032,1.0654656,-1.2736486,-3.7201316,0.11242485,0
4.0,14,-2.614053,0.8093504,-1.2397671,-1.6578403,5.7588463,4.995332,-1.5062604,6.458798,-1.3485581,-3.111575,-2.4063895,-3.7512946,1.4277589,2.6559227,8.509655,-0.0036067218,-5.3924875,-0.5256341,-2.5929751,-1.4080901,0
4.0,14,-2.6114502,0.8084625,-1.2375157,-1.6557792,5.758693,4.984388,-1.5146757,6.443786,-1.3489634,-3.1160035,-2.4026132,-3.7483273,1.4317039,2.6517687,8.528528,0.003522776,-5.3896646,-0.5261117,-2.5985699,-1.4063666,0
4.0,14,-2.6111183,0.8085318,-1.2371436,-1.6555904,5.760096,4.9837947,-1.5146599,6.4430785,-1.348703,-3.1163154,-2.4026656,-3.7483375,1.431975,2.650525,8.52941,0.004549831,-5.3898478,-0.5274746,-2.5990102,-1.4064033,0
4.0,14,-2.611306,0.8084872,-1.2373525,-1.6555572,5.758956,4.9838543,-1.5148475,6.443341,-1.3489002,-3.1162512,-2.402527,-3.7482753,1.4317653,2.6510959,8.529444,0.004365459,-5.389674,-0.52679944,-2.5989397,-1.406352,0
4.0,14,-2.6113653,0.8084051,-1.2373974,-1.6555136,5.7584233,4.9837594,-1.5151645,6.4429517,-1.3489822,-3.1162868,-2.402397,-3.7481549,1.4318362,2.6513388,8.529984,0.0044344664,-5.3895626,-0.5265276,-2.5990438,-1.4063104,0
4.0,14,-2.6112707,0.8084763,-1.2373568,-1.6557287,5.7592907,4.9840245,-1.5148098,6.4432573,-1.3488779,-3.116177,-2.402589,-3.7483063,1.4318887,2.651271,8.529071,0.0039266497,-5.3896747,-0.5264909,-2.5987859,-1.4063478,0
3.0,3,0.57353127,-1.1400533,-0.31258002,11.036438,-1.9600363,-3.6335423,-1.7876717,-2.322386,-1.1384503,-2.361658,-0.95041376,2.620806,0.8934075,-1.8169832,-1.1974413,-3.2195082,9.949905,3.0985584,0.045767717,-0.27590078,1
3.0,3,0.562388,-1.126616,-0.3067372,11.0395975,-1.9624777,-3.6138966,-1.8107541,-2.3221824,-1.1197493,-2.354595,-1.0283847,2.5884852,0.9393318,-1.7413702,-1.1462603,-3.2152689,9.877213,3.0940108,0.05740439,-0.27637652,1
3.0,3,0.56342316,-1.125944,-0.31259665,11.053996,-1.9732726,-3.6110327,-1.8067164,-2.3225117,-1.116387,-2.3516765,-1.0399737,2.592729,0.94596803,-1.7326651,-1.1412715,-3.2071705,9.863669,3.0687072,0.056957684,-0.27390647,1
3.0,3,0.5631417,-1.1264663,-0.31139776,11.048577,-1.9692492,-3.612426,-1.808203,-2.3225389,-1.1178861,-2.3526561,-1.0343591,2.592118,0.94276744,-1.7367172,-1.1441429,-3.2104468,9.869682,3.0789385,0.05738791,-0.27483454,1
3.0,3,0.5628562,-1.1265923,-0.3095143,11.044745,-1.9659979,-3.6131992,-1.8091888,-2.322271,-1.1190183,-2.353497,-1.031007,2.5908656,0.94085896,-1.7391067,-1.1458156,-3.2130163,9.873247,3.0862794,0.057486765,-0.27557194,1
3.0,3,0.56304646,-1.1276271,-0.3105465,11.046474,-1.9671988,-3.6153984,-1.8091686,-2.3229015,-1.1199061,-2.3532748,-1.0257788,2.5956042,0.9384371,-1.7414826,-1.1488335,-3.2143502,9.8762665,3.0867233,0.05743853,-0.27524883,1
17.0,17,-1.9327055,-0.89154065,-3.1047878,-1.6381133,0.6670036,4.01231,-0.6324293,5.0041785,-3.8379462,0.60789436,-0.13412353,-0.101640694,-2.7994158,-3.2123547,0.23552321,-0.7295341,1.0714948,11.164735,0.5133243,-1.7117273,1
17.0,17,-1.9317814,-0.8914499,-3.1045866,-1.6368757,0.66696066,4.0077934,-0.634457,5.003213,-3.837248,0.6062656,-0.1318734,-0.0993236,-2.7986708,-3.212923,0.23613748,-0.7312941,1.073203,11.166443,0.5132426,-1.7115889,1
17.0,17,-1.9316188,-0.89141065,-3.1044388,-1.6366129,0.6671518,4.0068483,-0.63457733,5.003554,-3.8370512,0.6058266,-0.1315538,-0.09926864,-2.798566,-3.2130797,0.23620543,-0.7316348,1.0734203,11.166465,0.5131368,-1.7114574,1
17.0,17,-1.93167,-0.89144105,-3.1044686,-1.6366062,0.6670209,4.007036,-0.6344587,5.003573,-3.8371155,0.6059366,-0.13163573,-0.09924179,-2.798634,-3.2130613,0.23608935,-0.7315504,1.0734296,11.166395,0.51315403,-1.7115049,1
17.0,17,-1.9316833,-0.89145136,-3.1045048,-1.6366322,0.66695166,4.0071254,-0.634526,5.0034065,-3.8371427,0.6059934,-0.13162343,-0.09914221,-2.7986288,-3.2130387,0.23611233,-0.7315249,1.0734428,11.166478,0.5131796,-1.7115415,1
17.0,17,-1.9317093,-0.8914498,-3.104543,-1.636724,0.6669508,4.007338,-0.6345824,5.003226,-3.8371723,0.6060762,-0.13166365,-0.09914397,-2.7986195,-3.2130058,0.23617159,-0.73145586,1.0733824,11.166541,0.51320744,-1.7115649,1
6.0,6,-0.27239978,-5.3657556,-1.5687728,-0.5407798,4.7187433,-0.9605022,12.37884,4.2399545,-3.0826209,-1.3041778,4.863586,-2.0367227,-2.5616574,-2.7734363,-3.0129373,1.7467225,0.6302038,-1.5532988,-2.77075,-1.7902404,1
6.0,6,-0.3099287,-5.358911,-1.5655951,-0.5744203,4.78995,-0.9673382,12.362043,4.297069,-3.0528114,-1.3269496,4.8706307,-2.091999,-2.5457013,-2.7786615,-3.002115,1.7298254,0.60044795,-1.5428193,-2.7651277,-1.7638302,1
6.0,6,-0.37929887,-5.3538218,-1.5584514,-0.6188579,4.87163,-0.98528636,12.322645,4.3690066,-3.0105255,-1.3615303,4.9208446,-2.1555276,-2.5326216,-2.786225,-2.9872622,1.7004777,0.57690454,-1.501727,-2.7596998,-1.7279848,1
6.0,6,-0.3691813,-5.355664,-1.55922,-0.61321175,4.8557873,-0.98645175,12.326636,4.357992,-3.0163867,-1.3566828,4.920185,-2.1469522,-2.5320837,-2.784446,-2.990422,1.7017045,0.583106,-1.5032346,-2.7610736,-1.7327636,1
6.0,6,-0.34803012,-5.357705,-1.5609455,-0.6008023,4.828647,-0.98438,12.337403,4.3369236,-3.0284917,-1.3462728,4.909507,-2.1292512,-2.533675,-2.7811992,-2.9954245,1.7077382,0.5913767,-1.5128824,-2.7631648,-1.7430258,1
6.0,6,-0.34730425,-5.3597846,-1.5604808,-0.59790814,4.8114614,-0.9902793,12.33607,4.3322644,-3.0308514,-1.3416873,4.9205027,-2.1213174,-2.5405169,-2.779298,-2.9969563,1.708064,0.5985165,-1.507423,-2.7634387,-1.7454764,1
17.0,16,-0.827369,-2.3272161,0.10294649,2.5762177,-2.4964466,-3.6288645,-2.4029455,-3.1877913,-0.41644827,-1.017553,-0.03451276,5.851709,-1.4453337,-2.7514415,-2.9690228,-2.1079633,13.338847,5.3606787,-0.57441074,-1.7821308,0
17.0,16,-0.82788366,-2.3267202,0.09918459,2.579073,-2.4985073,-3.6279733,-2.4035718,-3.1870193,-0.42006072,-1.0185423,-0.034374993,5.8612976,-1.4453957,-2.7496367,-2.9698117,-2.1077826,13.335274,5.3637257,-0.57170796,-1.7853932,0
17.0,16,-0.8285836,-2.3261538,0.0956779,2.5800846,-2.499305,-3.6271458,-2.4052718,-3.1869106,-0.4237284,-1.0188179,-0.032530054,5.868784,-1.4471782,-2.7486255,-2.9701197,-2.1080368,13.332674,5.3698254,-0.5696092,-1.787432,0
17.0,16,-0.8285288,-2.3261573,0.09582594,2.5802422,-2.4993746,-3.6272233,-2.4052415,-3.1870258,-0.42360395,-1.0188262,-0.03263064,5.8688493,-1.4470009,-2.7485185,-2.9701288,-2.1080513,13.332667,5.3693843,-0.56970227,-1.7874547,0
17.0,16,-0.82841086,-2.326217,0.0964603,2.5797634,-2.4991713,-3.627625,-2.4051757,-3.1871638,-0.42296797,-1.0187767,-0.03218643,5.8675013,-1.4468938,-2.748759,-2.9701993,-2.108186,13.33329,5.3689036,-0.5701294,-1.7870216,0
17.0,16,-0.8282982,-2.3263054,0.097398475,2.578688,-2.4986014,-3.6281502,-2.4051704,-3.1873326,-0.42204133,-1.018624,-0.03134648,5.8649564,-1.447079,-2.749318,-2.9701927,-2.1084003,13.33442,5.368708,-0.570818,-1.7861261,0
18.0,18,-1.2621537,-0.12446911,-3.9031115,-0.57929254,-1.1557579,1.8597226,-2.1074731,0.11554606,2.469253,1.5006719,-2.2478917,3.7640324,-1.4134732,0.32321206,-2.3551111,-2.4395907,-0.83626163,3.920509,12.656105,1.123832,1
18.0,18,-1.2621313,-0.12444149,-3.9031005,-0.579193,-1.1557114,1.8596339,-2.1073515,0.11605227,2.4687924,1.5003229,-2.2478054,3.7639897,-1.4135897,0.3231598,-2.3550088,-2.4397507,-0.8361965,3.9206636,12.656033,1.1241345,1
18.0,18,-1.2620984,-0.12441304,-3.9031167,-0.57926285,-1.1555275,1.8597385,-2.1071548,0.11639404,2.4686682,1.5001428,-2.2478147,3.763649,-1.4138144,0.32302973,-2.355018,-2.4396904,-0.8361581,3.9206605,12.656123,1.1242639,1
18.0,18,-1.2620978,-0.12441657,-3.9031155,-0.5792571,-1.1555383,1.8597329,-2.107167,0.11636774,2.4686692,1.5001531,-2.2478158,3.763674,-1.4137871,0.32304153,-2.3550158,-2.4396925,-0.8361628,3.9206598,12.656119,1.1242533,1
18.0,18,-1.2620986,-0.12441704,-3.9031126,-0.5792463,-1.1555545,1.8597163,-2.1071815,0.116353706,2.4686658,1.5001563,-2.2478094,3.7637074,-1.413769,0.32305488,-2.355012,-2.4397073,-0.8361652,3.9206636,12.656106,1.1242489,1
18.0,18,-1.2621017,-0.12442062,-3.9031084,-0.57923144,-1.1555775,1.8596967,-2.1072052,0.116321325,2.4686623,1.5001658,-2.247804,3.7637548,-1.4137387,0.32307136,-2.3550057,-2.4397197,-0.8361677,3.9206686,12.656092,1.1242493,1
16.0,16,-1.125202,-3.0641649,0.03387233,2.5946808,-2.217745,-5.705836,-1.2978607,-1.9146546,0.6484603,-2.3119996,3.191944,3.176415,-2.1608016,-3.3357408,-2.8999078,-2.052402,14.190186,4.215204,-0.6413186,0.078001305,1
16.0,16,-1.1371938,-3.058083,0.031796813,2.5733929,-2.2132535,-5.7065196,-1.2662002,-1.8485126,0.67745274,-2.3187,3.1382244,3.0575395,-2.151889,-3.3044558,-2.8890755,-2.0408256,14.175908,4.1793156,-0.62748975,0.112527475,1
16.0,16,-1.1463636,-3.052986,0.028668895,2.566074,-2.2148988,-5.70551,-1.2548369,-1.8077937,0.69382215,-2.3222275,3.1062315,2.99601,-2.148517,-3.2885766,-2.8809285,-2.035169,14.167005,4.161835,-0.6189583,0.13273764,1
16.0,16,-1.144786,-3.053475,0.028818265,2.5671918,-2.2144716,-5.705784,-1.2570099,-1.8147144,0.69194865,-2.3214393,3.1100936,3.004767,-2.1479814,-3.2899585,-2.8823562,-2.036225,14.168238,4.164626,-0.61957353,0.12968396,1
16.0,16,-1.1428393,-3.054272,0.029364757,2.5684543,-2.2139552,-5.706369,-1.2600359,-1.8236617,0.6892585,-2.320674,3.1168246,3.0165725,-2.1479363,-3.2923722,-2.8839345,-2.0377676,14.169914,4.168591,-0.620962,0.12576738,1
16.0,16,-1.1408321,-3.054496,0.029915988,2.570073,-2.213609,-5.7076273,-1.2664367,-1.8349295,0.6870091,-2.3199627,3.126406,3.0302532,-2.1475017,-3.2948704,-2.8847914,-2.0405731,14.171726,4.175081,-0.62245154,0.121676594,1
7.0,7,-2.734694,-4.2127156,-1.9034284,0.9372095,1.2467434,1.3993431,8.958325,12.64225,-3.1452534,0.3191163,1.7946067,-3.2862916,-3.279329,-3.4405928,-1.782296,1.2976432,-1.2311735,-1.9026855,-1.7217312,0.6757733,1
7.0,7,-2.770912,-4.204618,-1.8686494,0.9346704,1.2121447,1.4993505,8.872095,12.693506,-3.112735,0.33810222,1.7033845,-3.2768383,-3.20744,-3.3638694,-1.8003731,1.1043781,-1.2518572,-1.8662869,-1.6293763,0.6922485,1
7.0,7,-2.7711496,-4.19767,-1.8380058,0.9276337,1.1953807,1.4899578,8.894353,12.738814,-3.083383,0.31311208,1.7103211,-3.2958124,-3.1499846,-3.2746139,-1.837384,0.91868293,-1.2698113,-1.8347218,-1.5712941,0.66891474,1
7.0,7,-2.774539,-4.1972413,-1.8377469,0.924996,1.193766,1.493175,8.895542,12.744393,-3.0795555,0.31117463,1.7057691,-3.2962415,-3.144086,-3.2626042,-1.8380811,0.90179485,-1.274489,-1.8324119,-1.5639235,0.6642575,1
7.0,7,-2.7707744,-4.1980767,-1.8399898,0.92609847,1.195216,1.4815997,8.902622,12.741516,-3.0802534,0.3088225,1.7168329,-3.2972515,-3.1483655,-3.2680094,-1.8395203,0.91122943,-1.2721066,-1.8337404,-1.5696608,0.66290194,1
7.0,7,-2.761778,-4.200906,-1.8456897,0.929143,1.2007405,1.4566852,8.917552,12.730601,-3.0848827,0.3058529,1.7412016,-3.2993474,-3.1625483,-3.2889311,-1.8400844,0.94829303,-1.264759,-1.8393453,-1.5881584,0.66353667,1
11.0,3,-0.102430366,-1.6543977,-2.340117,12.408044,-2.3206954,-2.8672113,-0.73593086,-1.8222696,-3.283694,-1.5639461,2.2798097,11.128946,-0.35379413,-0.35595575,-2.482927,-1.7116314,3.10113,0.40619323,-0.84062225,-1.6096196,0
11.0,3,-0.099161364,-1.6549256,-2.337531,12.430402,-2.323403,-2.8721967,-0.73202354,-1.8165989,-3.2831366,-1.5674361,2.276057,11.1098175,-0.35591683,-0.36751238,-2.489802,-1.7206491,3.124263,0.4094007,-0.83830863,-1.600403,0
11.0,3,-0.09955039,-1.6551977,-2.3380315,12.428657,-2.323221,-2.872082,-0.73252124,-1.817346,-3.2830513,-1.5672188,2.276744,11.111455,-0.35593036,-0.36686182,-2.4893417,-1.719856,3.123322,0.40953204,-0.8382444,-1.6009588,0
11.0,3,-0.099566236,-1.6551858,-2.337937,12.428572,-2.3232656,-2.8722591,-0.7325684,-1.8173387,-3.283046,-1.5672666,2.2771757,11.111551,-0.3560218,-0.36682585,-2.489481,-1.7200332,3.1234474,0.4096968,-0.83832216,-1.6010214,0
11.0,3,-0.09944214,-1.6550914,-2.337741,12.429158,-2.3233316,-2.8723311,-0.73240834,-1.8170756,-3.283078,-1.5673536,2.2770255,11.111011,-0.35603938,-0.3670454,-2.4896636,-1.7203397,3.123794,0.40969345,-0.83836424,-1.6008469,0
11.0,3,-0.09907382,-1.6548144,-2.337591,12.429941,-2.3234615,-2.8721385,-0.7322161,-1.8168808,-3.2830725,-1.5673555,2.2758088,11.110287,-0.35581967,-0.3672586,-2.489707,-1.720627,3.1241379,0.40926245,-0.8382245,-1.600529,0
6.0,6,-0.5700715,-6.004824,-1.6466898,-0.35193425,2.4700243,-1.7922502,12.754491,5.5543857,-1.925862,0.53579867,3.3701243,-2.1524425,-2.2002387,-2.416781,-3.1661737,1.6446398,-0.2043315,-3.1989965,-2.3417053,-1.0601683,1
6.0,6,-0.57937354,-6.006565,-1.6445594,-0.35289413,2.468426,-1.8019009,12.751696,5.580456,-1.9168823,0.53279614,3.3721914,-2.1620939,-2.1986446,-2.416594,-3.1663775,1.6345115,-0.20715521,-3.202932,-2.3377793,-1.048811,1
6.0,6,-0.59709084,-6.010295,-1.6423695,-0.35651368,2.4662147,-1.8156132,12.7438345,5.615897,-1.8975636,0.5329757,3.3750005,-2.174264,-2.197377,-2.4172919,-3.1661773,1.6242255,-0.21533366,-3.2112992,-2.3315985,-1.0304192,1
6.0,6,-0.5937618,-6.0101147,-1.642747,-0.35596323,2.4660215,-1.8137889,12.74543,5.610246,-1.9014461,0.53296906,3.375005,-2.1724803,-2.1963673,-2.4169352,-3.166456,1.6247822,-0.21337414,-3.2091324,-2.332412,-1.033435,1
6.0,6,-0.58737826,-6.009142,-1.64329,-0.35464418,2.4661057,-1.8100783,12.748473,5.5995536,-1.9087554,0.5323855,3.3747542,-2.1690369,-2.195532,-2.4162796,-3.1667137,1.6265004,-0.20987365,-3.2055235,-2.334326,-1.0394297,1
6.0,6,-0.5882243,-6.0084987,-1.6424183,-0.3539005,2.4636443,-1.8126254,12.747577,5.601316,-1.9085038,0.5296538,3.3781068,-2.1689005,-2.195712,-2.4150462,-3.1646507,1.627168,-0.21047199,-3.2061787,-2.3366554,-1.0393767,1
13.0,13,-2.4821186,1.5968596,-0.46808818,-2.5767832,-3.2416334,-2.129076,-1.8835479,-0.14626907,1.0839745,0.7096125,0.05298979,1.1984961,0.52428854,13.6921425,-0.124160804,-2.2867765,-2.5158763,-0.87134373,0.095373295,-0.64268875,1
13.0,13,-2.482329,1.5973763,-0.4679818,-2.5775073,-3.241592,-2.1283238,-1.8835776,-0.14558895,1.0843999,0.7112723,0.052453883,1.1972411,0.5235424,13.691988,-0.12445963,-2.2868984,-2.5168834,-0.8712359,0.095289595,-0.6429704,1
13.0,13,-2.4824524,1.5974487,-0.46825355,-2.5777514,-3.2412314,-2.1277742,-1.8832663,-0.14535697,1.0840776,0.7115942,0.05243788,1.1965894,0.52361774,13.692102,-0.12440058,-2.286787,-2.5175445,-0.8712636,0.094988056,-0.64310145,1
13.0,13,-2.4824476,1.5974002,-0.4681901,-2.577679,-3.2413085,-2.1279178,-1.8833698,-0.14544703,1.084143,0.7114604,0.052487977,1.1967638,0.5236412,13.692095,-0.12437169,-2.2868152,-2.5173676,-0.87123895,0.095036425,-0.6430681,1
13.0,13,-2.4824193,1.597372,-0.46811995,-2.5776086,-3.2414014,-2.1280684,-1.8834589,-0.14551905,1.0842235,0.7113548,0.052505784,1.1969447,0.5236342,13.692071,-0.12437587,-2.286845,-2.5171862,-0.871228,0.095110066,-0.64303184,1
13.0,13,-2.48244,1.5973129,-0.46803638,-2.5775356,-3.241473,-2.128164,-1.8835369,-0.14556487,1.0842763,0.71128035,0.052523725,1.197082,0.52362835,13.692054,-0.12435455,-2.2868743,-2.5170355,-0.8712062,0.095152505,-0.6430105,1
8.0,8,-1.0616933,-0.6597429,2.674687,-0.937524,-2.4202793,-3.0157208,-1.4671179,-0.6808716,12.627259,2.3841271,0.04758241,-1.603907,0.5113934,-1.5945083,-3.114703,-0.46282476,-0.7475941,-3.9086454,2.0597222,-1.1519214,1
8.0,8,-1.0589683,-0.6486644,2.681339,-0.9342882,-2.4213178,-3.0178623,-1.4730965,-0.66585845,12.625253,2.3695588,0.044500366,-1.6098566,0.51274216,-1.5903828,-3.111363,-0.4681183,-0.74820316,-3.9103634,2.0585678,-1.1504121,1
8.0,8,-1.0600863,-0.6485739,2.681575,-0.9391379,-2.4164069,-3.010591,-1.4799327,-0.6817136,12.631359,2.3798208,0.038706355,-1.609326,0.5103751,-1.5958848,-3.11397,-0.46423638,-0.7454529,-3.903579,2.0674453,-1.149773,1
8.0,8,-1.0600744,-0.6491142,2.6810708,-0.9384722,-2.4174132,-3.0117877,-1.4781843,-0.67895496,12.630203,2.3785229,0.040002525,-1.6092469,0.51057404,-1.5949894,-3.1137874,-0.46475226,-0.7460208,-3.904791,2.0661104,-1.1499001,1
8.0,8,-1.0596793,-0.64865464,2.6812315,-0.9371157,-2.4188073,-3.0137815,-1.4766285,-0.67399085,12.628514,2.37522,0.04139681,-1.6096834,0.51118,-1.5933504,-3.1130495,-0.4660843,-0.7467458,-3.9065936,2.0638895,-1.1499633,1
8.0,8,-1.0592036,-0.6475566,2.6817927,-0.93593836,-2.4198859,-3.015359,-1.4760581,-0.66965836,12.627209,2.37193,0.04214429,-1.610345,0.5117158,-1.591918,-3.1122048,-0.46723652,-0.7472799,-3.9079664,2.062143,-1.149928,1
17.0,16,-3.3000336,-4.1430106,-1.2583991,-0.77160656,3.143305,5.4749384,2.1697319,-1.1479844,-0.9031344,0.9928398,-3.2075815,3.087213,-2.8218105,-4.531879,-1.549543,5.044856,6.9946647,-0.24487187,-0.9959264,-1.7937465,0
17.0,16,-3.3007,-4.1428485,-1.2579106,-0.7733833,3.1434262,5.477286,2.1707337,-1.1452394,-0.90284747,0.9936722,-3.208353,3.0841894,-2.8221915,-4.531889,-1.5500497,5.0438576,6.9934797,-0.24469467,-0.99491876,-1.7933164,0
17.0,16,-3.3015378,-4.143329,-1.2646422,-0.767896,3.1428277,5.4828186,2.170319,-1.1437986,-0.90781474,0.99312353,-3.210108,3.0937748,-2.8226376,-4.5299053,-1.5489907,5.044749,6.987662,-0.24359642,-0.9910142,-1.7955647,0
17.0,16,-3.3025649,-4.1434016,-1.2679543,-0.7664528,3.1429098,5.4879847,2.1708136,-1.1412691,-0.910307,0.9935282,-3.2116344,3.0967515,-2.8231997,-4.5288386,-1.548529,5.044982,6.982955,-0.24295436,-0.98819375,-1.7965053,0
17.0,16,-3.3028352,-4.143423,-1.268873,-0.7660548,3.1429834,5.4893484,2.170912,-1.1407338,-0.91098297,0.99366874,-3.2119985,3.0976949,-2.8233566,-4.5285716,-1.548336,5.04524,6.981524,-0.24285965,-0.9875182,-1.7967709,0
17.0,16,-3.302077,-4.1433897,-1.2667722,-0.76674956,3.142897,5.48569,2.170458,-1.1427171,-0.9093979,0.993257,-3.210924,3.0961065,-2.8229332,-4.5292444,-1.5485889,5.045129,6.9848456,-0.24324204,-0.9894419,-1.7962253,0
2.0,2,-0.31941077,1.3289716,13.230624,-0.98882776,0.20689987,-2.6634645,0.71047187,-2.2303083,1.6283164,0.55307287,0.6939933,-1.4850584,0.6406486,-0.8416477,-0.98859316,-0.84517974,0.4349623,-2.620214,-3.5074553,0.43092158,1
2.0,2,-0.31942335,1.3289827,13.23064,-0.9888353,0.20682955,-2.663488,0.7104262,-2.2303097,1.6283714,0.55304474,0.6940163,-1.4850333,0.6406626,-0.84155864,-0.9886078,-0.84522957,0.4349725,-2.6201878,-3.507421,0.43087393,1
2.0,2,-0.3194221,1.3289825,13.230639,-0.9888365,0.2068262,-2.6634896,0.7104251,-2.2303102,1.6283722,0.5530466,0.69401693,-1.4850338,0.6406617,-0.8415608,-0.98860985,-0.8452311,0.43497464,-2.6201847,-3.5074189,0.4308737,1
2.0,2,-0.31942266,1.3289831,13.230641,-0.9888347,0.20682894,-2.6634881,0.7104259,-2.2303097,1.6283714,0.5530441,0.69401705,-1.485034,0.64066184,-0.8415623,-0.9886083,-0.8452296,0.4349736,-2.6201868,-3.5074213,0.43087512,1
2.0,2,-0.31942305,1.3289834,13.23064,-0.9888345,0.2068315,-2.6634877,0.7104263,-2.2303097,1.6283698,0.553043,0.69401586,-1.485034,0.64066225,-0.8415599,-0.98860717,-0.84522885,0.434972,-2.6201882,-3.5074222,0.43087488,1
2.0,2,-0.31942356,1.3289831,13.2306385,-0.9888356,0.20683129,-2.6634867,0.7104266,-2.2303102,1.6283705,0.55304384,0.69401515,-1.4850334,0.6406637,-0.8415561,-0.9886071,-0.84522927,0.4349705,-2.620189,-3.50742,0.4308738,1
12.0,12,-0.1795549,-2.5132058,1.04602,-0.19432561,-1.3089556,0.5799311,-1.6523869,-3.4871933,1.5987852,1.222259,-0.92214614,0.70828944,14.1257305,2.5992322,0.29364008,-1.4345093,-2.6424482,-2.5089922,-2.9012735,-3.145762,1
12.0,12,-0.19387914,-2.516729,1.0440146,-0.20097074,-1.305105,0.58640254,-1.6557468,-3.4851358,1.6085835,1.2314861,-0.9276946,0.70703757,14.123068,2.5944693,0.29083258,-1.4309225,-2.643058,-2.5049381,-2.894243,-3.1443954,1
12.0,12,-0.19583024,-2.5171533,1.0443546,-0.20368326,-1.3037056,0.5895511,-1.6575911,-3.485177,1.612862,1.2372353,-0.9308338,0.7057101,14.12176,2.5886095,0.28910914,-1.4304461,-2.6435182,-2.5040555,-2.8924172,-3.1440024,1
12.0,12,-0.19506851,-2.5169635,1.0443497,-0.202787,-1.3041232,0.58852303,-1.6570964,-3.485222,1.6114432,1.2354535,-0.9298346,0.70613253,14.122147,2.5903158,0.2896679,-1.4306074,-2.6433716,-2.5043943,-2.8930485,-3.144059,1
12.0,12,-0.19451252,-2.516839,1.0442299,-0.20198466,-1.3045458,0.5875655,-1.656574,-3.4852178,1.6101553,1.2337463,-0.92888725,0.70655006,14.122531,2.5921152,0.29018623,-1.4307404,-2.6432405,-2.5046475,-2.893577,-3.1441636,1
12.0,12,-0.19419186,-2.5167778,1.0440309,-0.20133288,-1.3049054,0.5867588,-1.6560814,-3.485171,1.6090293,1.2322634,-0.9280474,0.70693654,14.122867,2.593835,0.29062852,-1.4308207,-2.643134,-2.5047975,-2.893983,-3.144285,1
3.0,3,8.133602,0.07996783,-2.8514879,9.017064,-3.1617806,-3.23959,1.7382816,-3.0708745,-3.9081936,-0.8417726,-0.4707469,7.306389,1.7065278,-1.3354104,-3.15998,-2.333872,2.8375437,-1.4632027,-0.23322284,-2.3899581,1
3.0,3,8.131779,0.080705315,-2.851459,9.015823,-3.1614993,-3.2386038,1.7345986,-3.0741003,-3.907386,-0.8407684,-0.47384307,7.310489,1.7048184,-1.3342646,-3.1595273,-2.3332546,2.8392768,-1.462793,-0.23121303,-2.3886874,1
3.0,3,8.131608,0.08075586,-2.8515532,9.016051,-3.161545,-3.238566,1.7343864,-3.0740747,-3.9073741,-0.8407766,-0.4738093,7.310755,1.7048038,-1.3341701,-3.1594253,-2.3332164,2.839058,-1.4627489,-0.23122883,-2.3886938,1
3.0,3,8.131571,0.08070433,-2.8515372,9.016121,-3.1615343,-3.2385798,1.7344502,-3.0740433,-3.9073706,-0.8407877,-0.47379786,7.310681,1.7048243,-1.3341742,-3.1594565,-2.3332489,2.8391194,-1.4627516,-0.23122889,-2.3886752,1
3.0,3,8.131708,0.080674484,-2.8514705,9.0159235,-3.161497,-3.2386048,1.7345935,-3.0740783,-3.9073792,-0.8407782,-0.47382852,7.3105006,1.7048284,-1.3342505,-3.1595263,-2.333265,2.8392801,-1.4627858,-0.23121548,-2.388672,1
3.0,3,8.13169,0.080636665,-2.8514209,9.01588,-3.1614518,-3.2386,1.7346367,-3.0741456,-3.9073598,-0.8407574,-0.4739243,7.310429,1.7047982,-1.3342675,-3.1595836,-2.3332946,2.8394752,-1.4627893,-0.23114866,-2.3886156,1
12.0,12,-1.6121573,-2.045101,0.18954681,-0.31341028,-2.3850715,-0.23726062,-3.0258358,-3.5006833,4.570152,1.4146026,-1.0041077,0.409021,13.6881,5.068234,0.6167513,-1.8956947,-3.5988438,-2.8610713,-2.2355642,-2.8240433,1
12.0,12,-1.6121787,-2.0450432,0.18952064,-0.31337738,-2.3850865,-0.23727307,-3.0258505,-3.5006936,4.5700383,1.414538,-1.0041043,0.40907615,13.68808,5.068487,0.616785,-1.8957176,-3.5988731,-2.8610773,-2.235604,-2.824064,1
12.0,12,-1.612182,-2.0450377,0.18951637,-0.31337523,-2.38509,-0.2372738,-3.0258555,-3.5006943,4.5700397,1.4145418,-1.0041101,0.4090792,13.688071,5.0685067,0.61678255,-1.8957216,-3.598875,-2.861078,-2.2356017,-2.8240652,1
12.0,12,-1.6121818,-2.045041,0.18951716,-0.31337732,-2.385091,-0.23727357,-3.025857,-3.5006936,4.570046,1.4145452,-1.0041103,0.40907574,13.68807,5.0684953,0.6167818,-1.8957201,-3.5988746,-2.8610773,-2.2355993,-2.8240643,1
12.0,12,-1.6121798,-2.0450425,0.18951865,-0.31337786,-2.3850882,-0.23727313,-3.0258546,-3.5006938,4.5700464,1.4145446,-1.0041088,0.40907398,13.688076,5.0684876,0.6167818,-1.8957194,-3.5988727,-2.861078,-2.2356007,-2.8240638,1
12.0,12,-1.6121783,-2.0450432,0.18952063,-0.3133787,-2.3850865,-0.23727368,-3.0258532,-3.500691,4.570048,1.4145435,-1.0041064,0.40907198,13.688078,5.0684786,0.6167829,-1.8957174,-3.598872,-2.8610775,-2.2356024,-2.8240626,1
8.0,2,0.2198088,-1.1871457,12.1181965,-1.0329477,-1.3581911,-2.9150245,1.161824,-2.0649977,4.6129622,3.1883588,0.06446058,-1.9342623,2.1066139,-2.130117,-3.1819017,-1.8578135,0.9534812,-2.386231,-1.6917351,-1.3517337,0
8.0,2,0.21974716,-1.1873074,12.118068,-1.0330569,-1.3583184,-2.9149978,1.1617488,-2.0651214,4.6130705,3.188855,0.06445647,-1.9342725,2.106524,-2.130245,-3.1819665,-1.8577509,0.9534262,-2.3861012,-1.6917343,-1.3516777,0
8.0,2,0.21972449,-1.1873376,12.118028,-1.0330861,-1.3583158,-2.9150066,1.1617264,-2.0651753,4.613144,3.1889303,0.064459346,-1.9342531,2.106468,-2.1303115,-3.1820097,-1.8577584,0.95346224,-2.3860521,-1.6916373,-1.3516234,0
8.0,2,0.21972907,-1.1873323,12.118039,-1.0330795,-1.3583175,-2.9150045,1.1617314,-2.0651646,4.613118,3.1889162,0.06446055,-1.9342583,2.1064844,-2.1302924,-3.1819937,-1.8577499,0.9534497,-2.3860693,-1.6916745,-1.3516356,0
8.0,2,0.2197361,-1.1873201,12.118055,-1.0330694,-1.358316,-2.915002,1.1617384,-2.0651464,4.6131,3.188883,0.0644586,-1.9342637,2.1065006,-2.1302724,-3.181981,-1.857752,0.9534414,-2.3860838,-1.6916972,-1.3516531,0
8.0,2,0.2197411,-1.1873095,12.118061,-1.0330621,-1.358317,-2.915002,1.1617416,-2.065132,4.6130857,3.1888583,0.06446128,-1.93427,2.106518,-2.1302497,-3.181965,-1.8577487,0.9534274,-2.3860989,-1.6917287,-1.3516706,0
15.0,14,-2.2066631,-1.9769298,-2.2678282,-0.6598757,-0.38180402,0.32818133,-1.783538,-1.4085125,-2.2806022,-1.5768458,-0.39706,-0.15363683,-1.663089,-1.2414614,11.104181,10.162392,-2.170517,-2.1881542,-3.3187487,0.7724376,0
15.0,14,-2.206078,-1.9773213,-2.2667525,-0.6595902,-0.38104096,0.32572782,-1.7837546,-1.4105057,-2.279721,-1.577557,-0.39689782,-0.15260632,-1.6630875,-1.2421623,11.1033945,10.162959,-2.1690438,-2.1883788,-3.3189967,0.7733498,0
15.0,14,-2.2060702,-1.9773238,-2.2668831,-0.65972346,-0.38072267,0.32568157,-1.7836885,-1.4107033,-2.2797444,-1.577352,-0.39727086,-0.15222456,-1.6633657,-1.2423295,11.102782,10.1637745,-2.1691773,-2.1886377,-3.3187869,0.7733687,0
15.0,14,-2.206106,-1.9773048,-2.266895,-0.65970516,-0.3808368,0.32579973,-1.7837117,-1.4105816,-2.2797685,-1.5773702,-0.39719182,-0.15234752,-1.6632931,-1.2422439,11.1029625,10.16355,-2.1692102,-2.1885593,-3.3188186,0.77331877,0
15.0,14,-2.2060883,-1.9773139,-2.266832,-0.6596613,-0.3809029,0.32574654,-1.7837287,-1.410577,-2.2797391,-1.5774417,-0.39709368,-0.15242602,-1.663217,-1.2422209,11.103101,10.163358,-2.1691394,-2.1885011,-3.3188787,0.7733357,0
15.0,14,-2.2060742,-1.977324,-2.2668014,-0.6596459,-0.38089678,0.32569784,-1.7837328,-1.4106076,-2.2797246,-1.5774739,-0.3970606,-0.15243201,-1.6632054,-1.2422343,11.103128,10.163315,-2.1690936,-2.1884892,-3.3189058,0.77336,0
17.0,10,-2.9609666,-3.6624975,-2.171461,-1.3360072,-0.8820386,0.36499602,0.3096826,-1.0853487,1.6161203,-0.9724737,8.845296,0.93400854,4.1960115,-2.1442568,-2.1530073,0.29260176,2.2798605,7.150969,-2.0581732,-3.659234,0
17.0,10,-2.9604938,-3.6704583,-2.154461,-1.3333637,-0.8852151,0.35465175,0.3168844,-1.0953261,1.634475,-0.9713941,8.846651,0.9217858,4.235518,-2.1247973,-2.1448877,0.29228783,2.258347,7.1116858,-2.072864,-3.6626406,0
17.0,10,-2.960942,-3.671389,-2.150745,-1.331594,-0.88660884,0.3505051,0.3159842,-1.0981888,1.640407,-0.97134596,8.846838,0.9209819,4.2412686,-2.1223118,-2.1430204,0.29404956,2.2555192,7.103725,-2.0755973,-3.6628292,0
17.0,10,-2.9607258,-3.671841,-2.1506627,-1.33147,-0.8861569,0.3504038,0.3168152,-1.097845,1.6382989,-0.9720214,8.8482,0.9214575,4.24124,-2.1226344,-2.14352,0.2932102,2.256562,7.1042113,-2.075844,-3.662515,0
17.0,10,-2.9605176,-3.671609,-2.1518407,-1.33213,-0.8856249,0.35173786,0.31727445,-1.0968196,1.6360061,-0.97210747,8.848389,0.9217417,4.239387,-2.123422,-2.144217,0.2924403,2.2575738,7.106918,-2.0749898,-3.6624336,0
17.0,10,-2.9603539,-3.6713495,-2.1532907,-1.3328792,-0.8852565,0.35315305,0.31779265,-1.0955768,1.6337451,-0.9719618,8.8481655,0.92177576,4.2376595,-2.1238475,-2.144937,0.29150915,2.2583299,7.109979,-2.0739856,-3.6624389,0
1.0,0,11.915892,6.5714517,3.156251,-3.3239484,-3.0863798,-2.08717,-0.93752015,-2.3590713,-0.28626877,3.4532123,-1.9415127,-2.7868843,-0.03595097,-2.046316,-3.2388287,-3.2262187,-1.046461,0.106329754,1.3181269,-1.9811575,0
1.0,0,11.912285,6.572511,3.1636155,-3.3260143,-3.0870712,-2.0877666,-0.9389924,-2.3589165,-0.28601313,3.4587445,-1.9418197,-2.788404,-0.0390694,-2.0458994,-3.239333,-3.226896,-1.0464194,0.107727155,1.3166485,-1.9799907,0
1.0,0,11.911938,6.5716248,3.1649456,-3.3260403,-3.0875852,-2.0879009,-0.93860847,-2.3591108,-0.2866175,3.4598215,-1.9417099,-2.788686,-0.038937196,-2.0466328,-3.2393732,-3.2267916,-1.0460515,0.10773021,1.3160585,-1.9793035,0
1.0,0,11.912316,6.571934,3.1642327,-3.3258836,-3.0873322,-2.087832,-0.9386482,-2.3591099,-0.28651404,3.4589493,-1.9417253,-2.7884953,-0.038745604,-2.046409,-3.239226,-3.2267604,-1.0461404,0.10758428,1.3161778,-1.9796199,0
1.0,0,11.912466,6.5722733,3.1636536,-3.325871,-3.0871303,-2.0877764,-0.9387962,-2.359026,-0.28626052,3.4585147,-1.9417678,-2.7883751,-0.03878875,-2.0461068,-3.2392192,-3.226805,-1.0462912,0.10758487,1.3164353,-1.9799086,0
1.0,0,11.912492,6.572544,3.163345,-3.3258984,-3.086988,-2.0877383,-0.93893826,-2.3589563,-0.28606114,3.4583418,-1.9418049,-2.788322,-0.03889693,-2.04588,-3.2392416,-3.226847,-1.046416,0.10762073,1.3166152,-1.9800928,0
6.0,4,0.24642459,-3.6909618,-1.4156604,-2.720397,11.925613,2.4915442,7.2488923,2.217777,-3.397343,-3.1411061,-0.64787406,-3.4491155,-2.0475447,-4.6923,0.06801557,1.9846865,3.9413803,0.008831812,-1.4020981,-1.7686551,0
6.0,4,0.25498727,-3.682267,-1.3987048,-2.713675,11.90079,2.4614017,7.2230067,2.175316,-3.3791957,-3.1440806,-0.65226746,-3.4401577,-2.0501792,-4.6947713,0.06259533,1.9806489,4.006818,0.015542729,-1.4047878,-1.771206,0
6.0,4,0.2603538,-3.6777635,-1.4098005,-2.7185051,11.92611,2.472697,7.232739,2.1855826,-3.388317,-3.141922,-0.6449873,-3.4387665,-2.0441206,-4.688663,0.06903551,1.9828601,3.9518259,0.009419395,-1.4017894,-1.7746842,0
6.0,4,0.2599299,-3.6803827,-1.4068799,-2.7163923,11.916434,2.4680598,7.2317967,2.1843216,-3.3864024,-3.142588,-0.64705104,-3.4404058,-2.0445976,-4.6904206,0.066005684,1.9805585,3.9697351,0.01135434,-1.402965,-1.7736853,0
6.0,4,0.2581875,-3.681766,-1.403376,-2.7147489,11.908336,2.4642544,7.2287416,2.181107,-3.3834875,-3.1432192,-0.64924127,-3.4407773,-2.0465221,-4.6922846,0.06393238,1.9797323,3.9872718,0.013325794,-1.4038471,-1.7726686,0
6.0,4,0.25505283,-3.6829586,-1.3981221,-2.712111,11.897052,2.4580705,7.2235193,2.1756277,-3.3787138,-3.143855,-0.65192115,-3.4403722,-2.049965,-4.694682,0.061209504,1.9786832,4.012744,0.016273571,-1.4046736,-1.7715597,0
8.0,8,-1.8280592,-0.9090032,1.0485059,-0.98788244,-1.3581052,-0.19294009,0.1367379,3.6214137,10.7932625,1.5576376,-0.9907941,-2.280351,-0.5940801,-2.3710594,-3.1905684,-0.7797862,-1.2062455,-3.4712489,3.26588,-1.1748158,1
8.0,8,-1.8271917,-0.90655684,1.0500596,-0.98744524,-1.3574983,-0.19202772,0.1336801,3.6192608,10.794106,1.556254,-0.9912986,-2.280131,-0.59288585,-2.369803,-3.1892812,-0.77867335,-1.2074559,-3.4723928,3.264232,-1.1755753,1
8.0,8,-1.8269145,-0.9080415,1.0493164,-0.9936446,-1.3525072,-0.18923783,0.12966873,3.6013482,10.80359,1.5653735,-0.99229044,-2.278374,-0.5928128,-2.372099,-3.1927843,-0.7750317,-1.2079988,-3.4706504,3.2727993,-1.1761491,1
8.0,8,-1.827003,-0.9080293,1.0491979,-0.99276954,-1.3534167,-0.189841,0.13051744,3.6042295,10.802048,1.5641216,-0.9921562,-2.2786314,-0.59315157,-2.371943,-3.1924121,-0.77555525,-1.207703,-3.4706547,3.272034,-1.1759045,1
8.0,8,-1.8270558,-0.90770113,1.0493176,-0.99141634,-1.3545554,-0.19048968,0.13138637,3.6081793,10.799942,1.5621175,-0.99196833,-2.279009,-0.59326065,-2.3714693,-3.19166,-0.7763144,-1.2075361,-3.4709656,3.2703137,-1.1757392,1
8.0,8,-1.8269603,-0.9071854,1.0496362,-0.990288,-1.3554682,-0.19105661,0.13173412,3.6109056,10.798438,1.5603791,-0.9918072,-2.2792747,-0.5932549,-2.3709881,-3.1909058,-0.7766461,-1.207511,-3.471405,3.268736,-1.1756556,1
18.0,18,-1.429664,-0.423152,-3.375644,-0.3522154,-0.96373904,1.1787522,-2.1539266,-0.42000866,2.106048,0.9576533,-2.1400485,3.6970232,-1.7096955,-0.014271124,-2.1604466,-2.1987946,-0.5116763,3.1576676,13.225602,3.814089,1
18.0,18,-1.4295859,-0.423144,-3.3758419,-0.3521344,-0.96365684,1.1787676,-2.153787,-0.4195384,2.105176,0.95738006,-2.1398177,3.6971893,-1.7098702,-0.014321721,-2.1603627,-2.1988983,-0.5115414,3.158167,13.225349,3.814185,1
18.0,18,-1.4295409,-0.42310232,-3.3758323,-0.35219598,-0.9634118,1.1789017,-2.1535914,-0.41929486,2.1051755,0.9572219,-2.1398406,3.6969433,-1.7101471,-0.014456055,-2.16041,-2.198818,-0.51142323,3.1583006,13.225382,3.8139343,1
18.0,18,-1.4295454,-0.42310828,-3.3758216,-0.3521949,-0.9634274,1.1788949,-2.153603,-0.41932878,2.1052005,0.9572382,-2.139849,3.696951,-1.7101212,-0.014448299,-2.1604102,-2.1988163,-0.5114295,3.158274,13.225389,3.8139486,1
18.0,18,-1.4295455,-0.42311335,-3.3758311,-0.35218656,-0.9634509,1.1788843,-2.153617,-0.41933843,2.1051695,0.9572478,-2.1398416,3.6969829,-1.710088,-0.014431982,-2.160402,-2.1988275,-0.51144296,3.1582701,13.225379,3.8139737,1
18.0,18,-1.429548,-0.42312047,-3.3758361,-0.35217506,-0.9634832,1.1788675,-2.1536386,-0.41936338,2.1051443,0.9572629,-2.1398342,3.697018,-1.7100462,-0.014414272,-2.1603944,-2.1988409,-0.51145583,3.158261,13.225368,3.8140118,1
14.0,14,-2.6423779,-0.90277755,-0.99283886,-0.70445323,-0.90218806,0.13756135,-3.172428,-0.7200547,0.040663842,-1.6559552,1.0113732,-2.0712929,-0.6713616,-0.44056347,11.876807,4.7490005,-2.2499774,-1.4529853,-4.069412,2.2486305,1
14.0,14,-2.6396239,-0.90884256,-1.000089,-0.70451176,-0.90975064,0.13790539,-3.1739368,-0.7260087,0.028443675,-1.6453264,1.0109023,-2.063063,-0.6610732,-0.42860368,11.878669,4.7489614,-2.2527514,-1.4467123,-4.07303,2.2366724,1
14.0,14,-2.6394236,-0.9124009,-1.001547,-0.703506,-0.9117316,0.1361729,-3.1739302,-0.7276649,0.023971815,-1.6438597,1.0104467,-2.059442,-0.65860623,-0.4252408,11.880764,4.749803,-2.251054,-1.444897,-4.072891,2.2332814,1
14.0,14,-2.639524,-0.91124874,-1.0008988,-0.7036253,-0.911151,0.13617492,-3.1738684,-0.72712886,0.025560167,-1.6446798,1.0108825,-2.0604706,-0.6595723,-0.42644396,11.880069,4.749663,-2.2513485,-1.4456444,-4.0728354,2.2345977,1
14.0,14,-2.639541,-0.910143,-1.0004544,-0.7038396,-0.91068584,0.13643391,-3.17386,-0.7266589,0.026888873,-1.6451435,1.0111606,-2.061454,-0.6603595,-0.42744863,11.8793745,4.7495103,-2.251818,-1.4462361,-4.0729065,2.235654,1
14.0,14,-2.639521,-0.90931034,-1.0003471,-0.7042531,-0.9101906,0.13742241,-3.1739028,-0.7263179,0.027771387,-1.6451373,1.011036,-2.062389,-0.66061765,-0.4280322,11.878883,4.7491283,-2.2525392,-1.4464756,-4.0731053,2.236083,1
10.0,10,-1.6878566,-3.02375,0.54987663,-0.084817484,-0.27328083,-4.8087587,-0.47605085,-0.84473014,-0.5977655,-0.99933153,14.033989,3.081013,-2.5380518,-1.3532499,-3.041614,-1.2413013,5.24625,5.0086617,-2.5836408,-1.0975205,1
10.0,10,-1.6880394,-3.0243113,0.55073816,-0.08126766,-0.2750223,-4.810934,-0.47769928,-0.84648025,-0.5968327,-1.0007669,14.03294,3.0827549,-2.5374382,-1.3540565,-3.0426555,-1.2430034,5.2527866,5.0088534,-2.583578,-1.0972573,1
10.0,10,-1.6879718,-3.0241597,0.5508464,-0.081210494,-0.27488518,-4.8107743,-0.4774081,-0.8462831,-0.5969923,-1.0008451,14.033209,3.0827758,-2.5372293,-1.3537847,-3.0424867,-1.2428632,5.251535,5.0083985,-2.5837433,-1.0972724,1
10.0,10,-1.6879561,-3.024141,0.5508937,-0.08113089,-0.27495956,-4.8108883,-0.47742927,-0.8463085,-0.596935,-1.0009342,14.033193,3.082806,-2.5372155,-1.3537384,-3.0424964,-1.2429147,5.251678,5.008319,-2.583708,-1.0972428,1
10.0,10,-1.6879874,-3.024192,0.55083984,-0.081187464,-0.2750252,-4.8109527,-0.47755337,-0.84638,-0.59687036,-1.0009009,14.033092,3.082801,-2.537299,-1.3538179,-3.0425537,-1.2429725,5.2521424,5.0085177,-2.583625,-1.097236,1
10.0,10,-1.6880034,-3.0241675,0.5508098,-0.08134078,-0.27509966,-4.8110075,-0.47764415,-0.84639555,-0.59682935,-1.0009017,14.033074,3.082825,-2.5373282,-1.3537232,-3.0425313,-1.2430115,5.252215,5.008627,-2.58353,-1.0972313,1
9.0,9,-0.20479572,-1.4316039,7.8562875,-2.898529,-3.6723552,-1.1004702,0.5718538,-1.2380304,1.0794924,10.888873,-1.9059206,-2.2596052,-1.1698631,-2.7065177,-2.7498102,-0.2887751,-0.81988525,-0.10415311,-0.79024583,1.1871128,1
9.0,9,-0.2048001,-1.4315947,7.8563147,-2.8985276,-3.672364,-1.1004758,0.5718501,-1.2380267,1.0794976,10.888857,-1.9059201,-2.2596078,-1.1698474,-2.7064817,-2.7498004,-0.28878546,-0.819894,-0.10415904,-0.7902631,1.1870807,1
9.0,9,-0.20480049,-1.4315939,7.8563185,-2.898527,-3.6723654,-1.1004765,0.5718491,-1.2380265,1.079498,10.888856,-1.90592,-2.259609,-1.169845,-2.7064764,-2.749799,-0.2887867,-0.8198961,-0.104160056,-0.79026616,1.1870759,1
9.0,9,-0.20479925,-1.4315971,7.8563013,-2.8985274,-3.6723669,-1.1004727,0.5718483,-1.2380252,1.0794971,10.888868,-1.9059247,-2.2596078,-1.1698477,-2.7064822,-2.7498016,-0.2887857,-0.81989694,-0.104155466,-0.7902595,1.1870804,1
9.0,9,-0.20479922,-1.431596,7.856307,-2.8985274,-3.6723652,-1.1004738,0.5718483,-1.238026,1.0794978,10.888865,-1.9059236,-2.2596076,-1.1698484,-2.7064817,-2.7498012,-0.28878546,-0.8198965,-0.10415639,-0.7902608,1.1870799,1
9.0,9,-0.20479952,-1.4315958,7.856308,-2.8985271,-3.6723657,-1.100475,0.5718484,-1.2380258,1.0794985,10.8888645,-1.9059229,-2.259608,-1.1698481,-2.7064807,-2.7498002,-0.28878617,-0.81989634,-0.10415645,-0.7902615,1.1870798,1
3.0,3,0.9381679,-0.65570897,-1.1944631,14.577674,-2.3681717,-2.2870858,0.70784503,0.06698062,-2.774258,-1.0462967,-0.3748394,5.0938644,-0.032204065,-1.3625842,-2.6868234,-2.1959293,3.5310502,-0.68054867,-0.7146373,-0.17223254,1
3.0,3,0.93885916,-0.6543591,-1.1912546,14.577767,-2.3681405,-2.287294,0.7071796,0.06633533,-2.7737682,-1.0470109,-0.37647423,5.0935564,-0.03252513,-1.3620547,-2.686927,-2.1975873,3.532762,-0.68147236,-0.7147679,-0.17197654,1
3.0,3,0.9386404,-0.65478814,-1.1917481,14.577751,-2.3681426,-2.287285,0.7072237,0.06626327,-2.7737875,-1.0470442,-0.37630066,5.0938344,-0.03245406,-1.3622004,-2.6868193,-2.197325,3.5328424,-0.6813504,-0.71465236,-0.17194682,1
3.0,3,0.9386239,-0.6546694,-1.1914947,14.577783,-2.368192,-2.2873118,0.70713913,0.06623146,-2.7737494,-1.0470119,-0.3763573,5.093817,-0.032431744,-1.361979,-2.686799,-2.19746,3.5327666,-0.6814066,-0.7147114,-0.17196657,1
3.0,3,0.93869084,-0.6544769,-1.1912404,14.577805,-2.3682013,-2.287318,0.707094,0.066244684,-2.7737336,-1.0469943,-0.37643877,5.093716,-0.032457307,-1.3618659,-2.6868207,-2.197582,3.5327091,-0.68147105,-0.7147718,-0.17197755,1
3.0,3,0.9386076,-0.654181,-1.1906854,14.5778885,-2.368239,-2.2873118,0.7068982,0.06617346,-2.7736936,-1.046968,-0.37658048,5.093691,-0.03249369,-1.3614932,-2.6867049,-2.197719,3.5324938,-0.6816232,-0.71490926,-0.17196152,1
18.0,18,-2.3324766,-1.1326183,-1.8197871,-0.028941687,0.52921116,0.06823582,-0.98509544,-0.6402813,-0.60646784,-0.73379177,-1.3179787,1.9227515,-3.9330912,-1.6280456,-1.0682802,0.20442945,0.99168485,1.3642372,11.116043,10.463341,1
18.0,18,-2.3325517,-1.1326281,-1.8195926,-0.028999358,0.5293112,0.06812833,-0.98514134,-0.6403291,-0.6064277,-0.73385656,-1.3179668,1.9225664,-3.9331336,-1.6281407,-1.0681556,0.20453914,0.9917056,1.364193,11.115861,10.463633,1
18.0,18,-2.3325646,-1.132648,-1.8194919,-0.02903933,0.5293937,0.06805238,-0.98518056,-0.64040977,-0.6063637,-0.73388183,-1.3179766,1.9224812,-3.9331324,-1.6282129,-1.0681419,0.20455897,0.991808,1.3642097,11.11581,10.463721,1
18.0,18,-2.332562,-1.1326452,-1.8195035,-0.029033441,0.5293848,0.068059936,-0.9851749,-0.6404008,-0.6063737,-0.73388016,-1.3179724,1.9224929,-3.9331322,-1.6282039,-1.0681449,0.20455624,0.99179703,1.3642068,11.115816,10.463709,1
18.0,18,-2.3325593,-1.1326413,-1.8195223,-0.029025823,0.5293708,0.068073265,-0.9851683,-0.6403886,-0.60638326,-0.7338755,-1.3179704,1.9225106,-3.9331348,-1.6281908,-1.0681481,0.2045525,0.9917798,1.364204,11.1158285,10.463694,1
18.0,18,-2.3325536,-1.1326379,-1.8195424,-0.029018898,0.5293553,0.068084344,-0.98516595,-0.64038163,-0.6063859,-0.733868,-1.3179698,1.9225342,-3.933133,-1.6281769,-1.0681573,0.2045419,0.9917675,1.3642076,11.115849,10.463665,1
6.0,7,-3.2373354,-3.3477526,0.9458819,2.7563055,-0.30600026,-3.3519635,4.463329,9.187779,0.86393565,-2.7215834,1.7297302,-2.3635323,-2.8585951,-2.702803,-1.1341593,-0.06901251,6.010673,-2.876841,-2.6157494,0.90037924,0
6.0,7,-3.2354755,-3.3447044,0.9398648,2.7641454,-0.3062444,-3.346852,4.4604454,9.194894,0.8589268,-2.7206285,1.7191429,-2.365095,-2.8520977,-2.6933784,-1.1323729,-0.08339715,6.0122285,-2.872359,-2.6103864,0.899663,0
6.0,7,-3.2502894,-3.2995055,0.92376703,2.7036083,-0.2296881,-3.1682856,4.6304483,9.500268,0.7866506,-2.6849787,1.5909821,-2.505311,-2.8157694,-2.5795329,-1.0589018,-0.08189368,5.602293,-3.0072563,-2.6209257,0.8753489,0
6.0,7,-3.250488,-3.2974489,0.9262455,2.6981845,-0.2238827,-3.1687171,4.629737,9.502734,0.788643,-2.6871183,1.5921748,-2.5091243,-2.8159165,-2.5803857,-1.056108,-0.079018995,5.5951266,-3.008705,-2.6228476,0.87547135,0
6.0,7,-3.2468045,-3.306251,0.9307135,2.7112513,-0.23900701,-3.2123485,4.587007,9.432516,0.80678445,-2.697319,1.6218506,-2.4785128,-2.8236344,-2.6063023,-1.0709637,-0.08010967,5.6902914,-2.9766417,-2.6206977,0.881767,0
6.0,7,-3.2426279,-3.3190675,0.92488486,2.7403026,-0.27228692,-3.2510655,4.548213,9.364565,0.817001,-2.6990113,1.6459172,-2.438422,-2.828393,-2.6223183,-1.09216,-0.09403006,5.7932014,-2.9420094,-2.6113524,0.88720685,0
5.0,15,-3.2072716,-0.621687,-3.0311408,-0.8040787,-0.9204161,4.670707,-1.2937548,1.0415184,-1.5829424,-0.47070777,-2.7132368,-2.6828597,-3.4832613,-0.18530527,6.8476114,10.333602,-1.234906,-0.28879008,-2.4685738,0.36186984,0
5.0,15,-3.2052345,-0.6213367,-3.0299194,-0.8018124,-0.92096364,4.67447,-1.2908902,1.0452774,-1.5826107,-0.47228736,-2.7158148,-2.689691,-3.481721,-0.19391097,6.846375,10.331104,-1.2328742,-0.28637433,-2.467082,0.36235222,0
5.0,15,-3.20537,-0.6217773,-3.0300405,-0.8016364,-0.9200933,4.6733036,-1.291045,1.0439758,-1.5829014,-0.47305578,-2.7154832,-2.6885285,-3.481394,-0.19282225,6.8484635,10.331916,-1.233033,-0.287762,-2.4678118,0.36260548,0
5.0,15,-3.2054148,-0.62173605,-3.0299103,-0.80145013,-0.9201729,4.6730723,-1.2911336,1.0445119,-1.5830398,-0.4732381,-2.7154648,-2.6888194,-3.481629,-0.19292416,6.8483367,10.331545,-1.2326163,-0.28722844,-2.4678051,0.36276785,0
5.0,15,-3.2053528,-0.6215905,-3.029885,-0.80151546,-0.9205028,4.6734867,-1.2910767,1.0448825,-1.5829124,-0.4729342,-2.7155764,-2.6891658,-3.4817073,-0.19329904,6.847615,10.331318,-1.2326081,-0.28682637,-2.4675512,0.3626561,0
5.0,15,-3.205257,-0.62143266,-3.030006,-0.80177295,-0.9209633,4.6741753,-1.2910178,1.0448097,-1.5826136,-0.4722892,-2.715682,-2.689194,-3.481613,-0.19354793,6.8467402,10.331368,-1.2330093,-0.28678414,-2.4672256,0.36233032,0
6.0,11,0.23109539,-1.2227143,-3.1681435,0.6786027,4.588254,0.9568616,2.2911692,-0.110439174,-4.189243,-1.4978038,2.229312,6.897574,-3.1099474,-2.5985208,2.6977966,6.8408327,-2.4585507,-3.822175,-4.7775655,-1.9196395,0
6.0,11,0.18624184,-1.2389688,-3.1681657,0.6883848,4.6252537,0.96223307,2.2737446,-0.12707852,-4.1731157,-1.5227994,2.2467165,6.9364114,-3.105885,-2.6036534,2.6877122,6.8314276,-2.4348996,-3.8035326,-4.753366,-1.9188933,0
6.0,11,0.15118703,-1.2446485,-3.1680675,0.68775094,4.668697,0.9793718,2.2592819,-0.13724194,-4.1615252,-1.544774,2.2507126,6.9518094,-3.1072643,-2.6117415,2.6918857,6.833591,-2.4260352,-3.7921169,-4.7364087,-1.9160799,0
6.0,11,0.1598201,-1.2424551,-3.1681252,0.6887223,4.6553364,0.9732712,2.258679,-0.13772613,-4.1629605,-1.5384781,2.2496295,6.9515333,-3.105528,-2.6083403,2.6901538,6.8319683,-2.426724,-3.7939441,-4.7396135,-1.9167362,0
6.0,11,0.16380534,-1.2433892,-3.1682513,0.690861,4.645938,0.9683638,2.260357,-0.1373344,-4.164101,-1.5349973,2.2515051,6.953094,-3.104433,-2.606363,2.687239,6.830057,-2.4258907,-3.7946353,-4.741277,-1.9175206,0
6.0,11,0.16413146,-1.2465553,-3.1684098,0.69336224,4.640957,0.9654135,2.2643874,-0.13569802,-4.165264,-1.5340422,2.255099,6.9547625,-3.1043339,-2.6060026,2.684263,6.828682,-2.4246101,-3.7947934,-4.7420025,-1.9182826,0
17.0,17,-1.0611612,-1.7695051,-1.4761621,-3.149042,1.6592636,-1.1299965,-3.1083853,-1.4492966,-2.4926083,1.104491,5.8081956,0.28332135,-2.8698704,-2.7346091,-0.75861186,-1.835325,5.6435475,13.860587,0.8824294,-0.781291,1
17.0,17,-1.0546734,-1.7925844,-1.6261086,-3.0832295,1.5720793,-1.128012,-3.077686,-1.4129008,-2.470358,1.0693343,5.7674894,0.23828897,-2.856502,-2.705562,-0.7728151,-1.8585542,5.7565875,13.892822,0.9428977,-0.81216973,1
17.0,17,-1.050151,-1.8009822,-1.6898307,-3.063645,1.5377139,-1.1287947,-3.0705829,-1.4009235,-2.4576995,1.0556297,5.7549753,0.22843298,-2.8494759,-2.7043924,-0.77625847,-1.8609785,5.797344,13.904957,0.96277684,-0.8250014,1
17.0,17,-1.0506666,-1.7992609,-1.6859896,-3.0741882,1.54262,-1.120993,-3.0668943,-1.3986455,-2.4620993,1.0633664,5.7582326,0.22834739,-2.8531356,-2.7015991,-0.77874726,-1.8586184,5.7807245,13.904237,0.9617026,-0.82549924,1
17.0,17,-1.0520128,-1.7981384,-1.6781938,-3.0729263,1.5454495,-1.1216,-3.067128,-1.3994318,-2.4639883,1.0638449,5.7583995,0.22800781,-2.8536942,-2.6973822,-0.77859807,-1.8612082,5.778251,13.902922,0.9607007,-0.82374007,1
17.0,17,-1.0551366,-1.7970213,-1.6623725,-3.0562367,1.5452019,-1.1342456,-3.0738854,-1.4046459,-2.463473,1.0561142,5.757116,0.2304182,-2.851209,-2.6898298,-0.7757787,-1.8710024,5.791328,13.900611,0.9588536,-0.8176778,1
7.0,7,-3.5549722,-3.6213014,-1.1412599,0.2754113,0.3188707,1.0337806,5.237337,11.2455845,-1.5580777,-1.7040944,-0.82090443,-3.5334651,-3.3724806,-1.9615484,-1.2618966,-0.72353816,5.3302813,0.19157904,-0.9306508,-0.34579948,1
7.0,7,-3.561024,-3.6232932,-1.1704874,0.24719994,0.42509466,1.1395118,5.308423,11.335095,-1.5932846,-1.7025226,-0.8267814,-3.56584,-3.369024,-1.9955329,-1.2429807,-0.69732887,5.162777,0.15612574,-0.9151869,-0.35920146,1
7.0,7,-3.5632834,-3.6201384,-1.1918361,0.2299208,0.48410177,1.2076416,5.3524065,11.401678,-1.6190412,-1.7013756,-0.82962126,-3.5858662,-3.363989,-2.0072412,-1.2310913,-0.6855427,5.038132,0.13512631,-0.9013708,-0.36644742,1
7.0,7,-3.5624938,-3.619647,-1.1884491,0.23336293,0.47054502,1.194678,5.343381,11.391924,-1.6151912,-1.7012928,-0.8289202,-3.5819223,-3.3640897,-2.0026155,-1.2331303,-0.68950427,5.057638,0.13986501,-0.9032885,-0.36484295,1
7.0,7,-3.5623732,-3.62034,-1.1838567,0.23713912,0.45685378,1.1793939,5.3332467,11.377252,-1.6090821,-1.7011843,-0.82811,-3.5772283,-3.36521,-1.9991544,-1.2356925,-0.6920635,5.085178,0.14417557,-0.9064369,-0.3632575,1
7.0,7,-3.564692,-3.621941,-1.1791934,0.24073745,0.44096026,1.1619444,5.32075,11.3589525,-1.5995884,-1.699792,-0.8263893,-3.570869,-3.3672059,-1.9921494,-1.2381821,-0.69289804,5.1180067,0.14643784,-0.9107845,-0.36169407,1
17.0,17,-1.6183971,-1.0531907,-2.6273012,1.4267778,-0.34923324,-0.52253026,-4.5031743,-2.9579227,-3.4733517,0.32362622,3.472521,9.609954,-2.3990655,-0.7980642,-0.81177825,-1.8835212,3.5163538,10.744793,-0.16206446,-2.1580243,1
17.0,17,-1.6113524,-1.0463703,-2.6297047,1.4293538,-0.36151478,-0.5231983,-4.4945745,-2.9458482,-3.4773319,0.3315271,3.4680927,9.60453,-2.3979435,-0.7924143,-0.81472176,-1.8932179,3.5043592,10.747812,-0.14768097,-2.1607401,1
17.0,17,-1.6101474,-1.0354892,-2.6395736,1.4148544,-0.35670862,-0.50386083,-4.487503,-2.9253573,-3.4829478,0.33740306,3.460929,9.578137,-2.3992732,-0.79065436,-0.80599123,-1.8960618,3.4734573,10.765661,-0.12789443,-2.155464,1
17.0,17,-1.6095568,-1.0379953,-2.6352782,1.4235401,-0.36235484,-0.5138472,-4.4887815,-2.9318001,-3.4809487,0.33558053,3.4662135,9.591642,-2.397937,-0.7879828,-0.8100619,-1.8971729,3.481221,10.755275,-0.1345984,-2.1585765,1
17.0,17,-1.6094016,-1.0406647,-2.6326394,1.427252,-0.36447904,-0.5195026,-4.4901896,-2.9366653,-3.4796376,0.33449394,3.469072,9.598361,-2.3977091,-0.78840095,-0.8129802,-1.8970444,3.4892788,10.75101,-0.13926989,-2.1602244,1
17.0,17,-1.609482,-1.0416584,-2.6339965,1.4174393,-0.36070478,-0.51591915,-4.4899783,-2.9345176,-3.4806015,0.33655638,3.4757178,9.588705,-2.4006598,-0.7943517,-0.8148039,-1.8957163,3.4911392,10.761726,-0.13828573,-2.1591413,1
2.0,2,-0.39203882,1.0842175,12.791605,0.3214857,2.5003438,-2.677837,0.4625998,-2.2626593,1.9290811,-1.20562,-0.2737867,-1.4810712,1.880362,-0.6055859,-0.37984484,-1.1587871,0.6247272,-2.783228,-3.5050058,0.15304314,1
2.0,2,-0.39203903,1.0842162,12.791607,0.32149315,2.5003376,-2.6778393,0.4625982,-2.2626598,1.9290745,-1.205618,-0.2737895,-1.4810687,1.8803636,-0.60557836,-0.3798439,-1.1587905,0.62473,-2.7832263,-3.5050073,0.15304439,1
2.0,2,-0.3920387,1.0842164,12.791606,0.3214901,2.500342,-2.677839,0.46259826,-2.2626605,1.9290714,-1.2056166,-0.27379072,-1.4810692,1.8803631,-0.6055772,-0.37984246,-1.1587898,0.62472975,-2.783224,-3.5050063,0.15304452,1
2.0,2,-0.39203897,1.0842164,12.791607,0.3214926,2.5003376,-2.6778405,0.4625981,-2.26266,1.9290739,-1.2056171,-0.27378973,-1.4810686,1.8803633,-0.6055773,-0.3798434,-1.1587899,0.6247298,-2.783226,-3.5050073,0.15304463,1
2.0,2,-0.39203894,1.0842162,12.791607,0.3214923,2.5003376,-2.6778393,0.4625976,-2.2626598,1.9290745,-1.205618,-0.27378964,-1.4810688,1.8803638,-0.605578,-0.37984344,-1.1587898,0.62472993,-2.7832263,-3.5050075,0.1530442,1
2.0,2,-0.3920394,1.0842161,12.791608,0.32149094,2.500337,-2.6778405,0.4625975,-2.2626598,1.9290744,-1.2056167,-0.2737898,-1.4810684,1.880364,-0.60557646,-0.37984312,-1.15879,0.6247288,-2.7832267,-3.5050068,0.15304433,1
16.0,16,-0.7526256,-2.677259,0.13440011,3.741236,-1.7875807,-4.647441,-1.5658883,-2.7055812,0.8401447,-2.149024,1.3008997,3.1481583,-1.4603287,-2.9731736,-2.4708872,-1.7710387,14.06634,2.6653545,-0.5543063,0.14781097,1
16.0,16,-0.76109165,-2.6998348,0.0637154,3.8510485,-1.903006,-4.629314,-1.4935127,-2.616861,0.84467715,-2.0880158,1.198133,3.117717,-1.4472429,-2.90767,-2.51958,-1.7719855,14.039683,2.5476315,-0.5001888,0.19113801,1
16.0,16,-0.77235985,-2.7241697,0.02448459,3.9072354,-1.9492123,-4.5964117,-1.4108151,-2.527089,0.83958966,-2.054062,1.1019188,3.0642912,-1.4452413,-2.8892434,-2.5419288,-1.7497549,14.016171,2.454894,-0.4780769,0.2196207,1
16.0,16,-0.7694447,-2.7164624,0.033219293,3.890303,-1.9440148,-4.6105003,-1.4386659,-2.5527248,0.8425488,-2.0617385,1.1351748,3.0827072,-1.4475996,-2.8909504,-2.5386336,-1.7590812,14.024001,2.4844782,-0.4811255,0.21330965,1
16.0,16,-0.7666031,-2.7106404,0.041102424,3.8805559,-1.936573,-4.6200867,-1.4602604,-2.5755658,0.8439848,-2.0687616,1.1598533,3.0991387,-1.4472343,-2.8924441,-2.5347552,-1.7663733,14.02943,2.5066557,-0.48515722,0.20679843,1
16.0,16,-0.7627718,-2.707143,0.040151343,3.8982966,-1.9411654,-4.6318846,-1.4851886,-2.6068149,0.8431527,-2.070918,1.1814116,3.1367266,-1.4384661,-2.8781598,-2.534836,-1.7800617,14.031132,2.5197024,-0.48526016,0.19984856,1
18.0,18,-1.8280084,-1.2277051,-3.4913337,-0.25810713,-0.8286419,1.5010644,-0.4578871,1.4696538,-0.33252153,0.63231206,-1.8697208,2.1391335,-2.559214,-0.7370268,-1.6970105,-1.4358819,-0.8226914,1.9142612,12.462947,7.6354504,1
18.0,18,-1.8271614,-1.2281829,-3.492837,-0.25777143,-0.8292345,1.5010437,-0.4565276,1.4713172,-0.33482596,0.63270134,-1.8677983,2.1409016,-2.557377,-0.73567915,-1.697877,-1.4371967,-0.82362074,1.9155898,12.462152,7.631819,1
18.0,18,-1.825902,-1.2269529,-3.4946232,-0.25745797,-0.8281486,1.5025108,-0.4579922,1.4682512,-0.33460775,0.6329155,-1.8676711,2.1467772,-2.556595,-0.73302424,-1.6990644,-1.4385616,-0.82287395,1.9193898,12.46434,7.6217623,1
18.0,18,-1.8259218,-1.2269535,-3.4945722,-0.25746292,-0.8281565,1.5025145,-0.45797408,1.468247,-0.33455136,0.63292444,-1.8677071,2.1466668,-2.556632,-0.7330674,-1.6990412,-1.4385096,-0.8228976,1.9192634,12.464349,7.6219196,1
18.0,18,-1.8260405,-1.2270811,-3.494397,-0.25749528,-0.8282874,1.5024548,-0.45767367,1.4686964,-0.33461955,0.63293886,-1.8676729,2.145963,-2.5566776,-0.7332695,-1.6988927,-1.4383476,-0.8231615,1.9186924,12.464093,7.622909,1
18.0,18,-1.8262137,-1.2272584,-3.4940464,-0.25755715,-0.828451,1.5022926,-0.4573719,1.4691138,-0.33452597,0.63295025,-1.8677738,2.1448958,-2.5568023,-0.73370314,-1.6987202,-1.4380534,-0.8233426,1.9178482,12.463819,7.6245537,1
13.0,13,-3.0623808,1.5643439,0.120033994,-2.980882,-3.5445004,-1.1434901,-2.1333952,0.8777945,1.6369257,1.4431423,-0.8478412,-0.5715214,1.1206088,13.649544,0.40266037,-2.2967644,-3.5365257,-0.81496876,-0.3575643,-0.81739765,1
13.0,13,-3.0626383,1.5621644,0.12047079,-2.978184,-3.5435047,-1.1453915,-2.1334095,0.87725085,1.6358923,1.4381406,-0.84727114,-0.5682351,1.1226544,13.651122,0.4042129,-2.2962556,-3.5344768,-0.81596226,-0.35787117,-0.8174963,1
13.0,13,-3.062854,1.56066,0.12243435,-2.976085,-3.5430586,-1.147229,-2.1334407,0.87624836,1.6360528,1.4351238,-0.8473192,-0.56683874,1.1246673,13.65239,0.40509158,-2.2969728,-3.5329044,-0.8169812,-0.3581855,-0.8170052,1
13.0,13,-3.0627134,1.5613075,0.12163292,-2.976848,-3.5431697,-1.1465838,-2.133518,0.8763228,1.636062,1.4359876,-0.847207,-0.56710935,1.1238708,13.651948,0.40480703,-2.2965353,-3.5334427,-0.81664133,-0.35800156,-0.8172267,1
13.0,13,-3.0626156,1.5619223,0.12080151,-2.9776957,-3.5433385,-1.1458405,-2.1335156,0.87669647,1.6359935,1.4371635,-0.84716666,-0.5676215,1.1230441,13.651436,0.40445983,-2.2962043,-3.534072,-0.8162302,-0.3578635,-0.8174418,1
13.0,13,-3.06252,1.561998,0.12048112,-2.9778097,-3.5433586,-1.1457624,-2.1335132,0.8768696,1.6358826,1.4372766,-0.847127,-0.5675861,1.1228985,13.651369,0.40440282,-2.2961693,-3.534108,-0.8161355,-0.35781446,-0.81752753,1
12.0,12,-0.06706822,-2.3662894,4.839639,-1.313372,-2.0033722,-0.35872576,-0.9117612,-3.0096583,4.4955926,1.876102,-0.4122319,-0.9337151,12.774803,1.2955312,-0.6689267,-1.623181,-3.161626,-2.8426764,-4.2876835,-3.5970192,1
12.0,12,-0.06646848,-2.3659065,4.839692,-1.314147,-2.0038102,-0.35873836,-0.911456,-3.0098634,4.4965835,1.8776039,-0.41210845,-0.93416184,12.773904,1.2957544,-0.6695668,-1.6230607,-3.1624386,-2.842278,-4.288189,-3.5981953,1
12.0,12,-0.066538125,-2.3659444,4.840213,-1.3141315,-2.0038507,-0.35911384,-0.9116525,-3.0098817,4.496857,1.877848,-0.41206932,-0.93420285,12.773523,1.2953084,-0.6696781,-1.623097,-3.162232,-2.8422542,-4.288286,-3.5979059,1
12.0,12,-0.066541396,-2.3659427,4.840151,-1.3141067,-2.0038297,-0.35906962,-0.9116307,-3.0098763,4.496786,1.8777629,-0.41206592,-0.93418574,12.773593,1.2953695,-0.6696392,-1.6230888,-3.16224,-2.842273,-4.288276,-3.5979218,1
12.0,12,-0.06651216,-2.3659258,4.8399596,-1.3141191,-2.0038192,-0.3589345,-0.9115601,-3.009871,4.4967036,1.8776824,-0.4120836,-0.9341755,12.773729,1.2955304,-0.66960406,-1.6230782,-3.162318,-2.8422809,-4.2882366,-3.5980332,1
12.0,12,-0.066500776,-2.365917,4.8398867,-1.3141141,-2.0038085,-0.35888204,-0.9115279,-3.0098674,4.4966493,1.8776289,-0.41208088,-0.934168,12.77379,1.2956021,-0.6695793,-1.6230689,-3.1623468,-2.8422909,-4.2882323,-3.598077,1
15.0,14,-2.4571557,-2.4725616,-2.167457,2.1879907,1.4872667,-1.2270738,-1.7779784,-0.4784602,-2.6362424,-3.8483744,0.55917555,2.2951295,0.0036278246,1.0197645,12.287293,5.094379,-1.5494114,-1.8258327,-4.006626,0.041555595,0
15.0,14,-2.456031,-2.4745831,-2.1707213,2.1988213,1.4788054,-1.2295171,-1.7800784,-0.48315078,-2.6401803,-3.844489,0.5550623,2.3147366,0.00070265215,1.0162921,12.281397,5.099203,-1.5473601,-1.8269395,-4.0054116,0.04065315,0
15.0,14,-2.4556792,-2.4759362,-2.1715147,2.2001793,1.4817119,-1.2294145,-1.7794023,-0.48405844,-2.641029,-3.8456583,0.55526125,2.3148472,0.0024555689,1.0160819,12.281368,5.0979104,-1.5457559,-1.8261225,-4.004693,0.040212784,0
15.0,14,-2.455951,-2.4755144,-2.1710532,2.1997614,1.4793377,-1.2297375,-1.7797643,-0.48373935,-2.6406362,-3.8448498,0.55533963,2.3152022,0.0015969342,1.0163083,12.281185,5.098468,-1.5462468,-1.8264381,-4.0049305,0.040509593,0
15.0,14,-2.4560626,-2.4750922,-2.1707962,2.199318,1.4784406,-1.2297744,-1.7799684,-0.48344982,-2.6403573,-3.844492,0.55528927,2.3151255,0.0010636961,1.016389,12.281201,5.098851,-1.5467423,-1.8266913,-4.0051537,0.040650297,0
15.0,14,-2.4556968,-2.4754941,-2.1721005,2.200655,1.4783021,-1.2295835,-1.78024,-0.48444733,-2.6409237,-3.8443599,0.55483,2.3184342,0.0011468148,1.0162659,12.280343,5.099245,-1.5468204,-1.8267757,-4.004657,0.040001895,0
6.0,6,-0.7970268,-5.791272,-1.9445869,0.48787886,5.024076,-0.15201226,11.998645,7.195021,-3.501951,-1.9353583,0.7524978,-3.596408,-2.3432517,-3.9669034,-2.9815876,0.21520123,4.9288054,-1.0236247,-0.9937014,-1.0739921,1
6.0,6,-0.7852424,-5.7902164,-1.9436831,0.49613178,4.99928,-0.15818426,12.016851,7.1961207,-3.4988928,-1.9242799,0.75834304,-3.5947738,-2.3304536,-3.9589946,-2.9929352,0.20905593,4.9067845,-1.0359278,-0.9914702,-1.0770091,1
6.0,6,-0.7785159,-5.789636,-1.944417,0.5004968,4.986513,-0.15945722,12.028444,7.198172,-3.4976704,-1.9168111,0.76075405,-3.5939846,-2.3225665,-3.9545696,-2.9997199,0.20609802,4.8901896,-1.0435917,-0.98856056,-1.0789118,1
6.0,6,-0.77908844,-5.789715,-1.9442968,0.500137,4.98761,-0.15952508,12.027302,7.1977024,-3.4977336,-1.9175694,0.760586,-3.5940177,-2.323251,-3.9550095,-2.9991095,0.20638964,4.892039,-1.0428373,-0.98889565,-1.0787196,1
6.0,6,-0.7794294,-5.789727,-1.9439996,0.5000652,4.9877234,-0.15991323,12.026589,7.197495,-3.4976757,-1.9180984,0.7606349,-3.594037,-2.3236723,-3.9551315,-2.998793,0.20636545,4.8935156,-1.0424157,-0.9893416,-1.0785508,1
6.0,6,-0.7792628,-5.78971,-1.9438039,0.5001965,4.9872723,-0.16035768,12.02662,7.1972237,-3.4975722,-1.9181609,0.76088804,-3.59398,-2.323632,-3.955038,-2.9988544,0.20624822,4.893853,-1.0424534,-0.9895914,-1.0785706,1
8.0,8,-1.5248823,-1.2475991,2.3708262,-1.8185294,-2.1186442,-3.332386,-2.8376796,-1.9815968,13.582127,4.2258825,-0.47114602,-1.598179,1.3887346,-1.5827936,-3.0456886,-1.6721128,-0.48269883,-2.473696,2.647316,-0.6554972,1
8.0,8,-1.5238535,-1.2458547,2.3720176,-1.8173258,-2.1182616,-3.3329277,-2.8373644,-1.9832766,13.582077,4.224773,-0.4706048,-1.5976822,1.385549,-1.5842801,-3.0461667,-1.6710116,-0.48126337,-2.4731467,2.6472678,-0.6556403,1
8.0,8,-1.5232447,-1.2450199,2.372249,-1.8165058,-2.1161244,-3.3331587,-2.837241,-1.9849943,13.5822,4.222708,-0.47004074,-1.5972159,1.382589,-1.5879874,-3.045767,-1.6700834,-0.47908178,-2.4719558,2.6481063,-0.6538698,1
8.0,8,-1.523342,-1.2451952,2.3722034,-1.8166468,-2.1163676,-3.3331642,-2.837289,-1.9848243,13.582198,4.222951,-0.47009748,-1.5972692,1.3830824,-1.5875378,-3.045773,-1.6702106,-0.47934705,-2.4720955,2.6480083,-0.6540395,1
8.0,8,-1.5234545,-1.2453579,2.372185,-1.8168087,-2.1168213,-3.33315,-2.837322,-1.9845085,13.582176,4.223364,-0.47019854,-1.5973556,1.3837008,-1.5867592,-3.0458572,-1.6703954,-0.47978482,-2.4723418,2.6478252,-0.65441316,1
8.0,8,-1.523556,-1.2455065,2.3721766,-1.8169502,-2.1172173,-3.3331592,-2.8373573,-1.984276,13.582162,4.223742,-0.47027594,-1.597426,1.3842101,-1.5861095,-3.0459287,-1.6705265,-0.4801471,-2.4725368,2.647667,-0.6547136,1
17.0,10,-4.565293,-1.1326802,-3.7383046,-1.3757461,-0.24524526,3.7084389,-4.30617,-0.79783094,-2.8523338,-1.5065862,7.8391776,4.889436,-3.1335633,1.5637872,3.442139,1.0341887,1.2431839,6.5602612,-1.7038424,-1.9796212,0
17.0,10,-4.5686264,-1.1418808,-3.7341633,-1.3707359,-0.25947586,3.6749463,-4.3150606,-0.80766153,-2.8480115,-1.5056105,7.8577614,4.908365,-3.1383123,1.5534581,3.4319289,1.0303128,1.2679132,6.576943,-1.6989459,-1.9727386,0
17.0,10,-4.5719023,-1.1414831,-3.7356856,-1.3764471,-0.25638404,3.6886663,-4.3141446,-0.80449533,-2.8489602,-1.5040848,7.845664,4.900165,-3.1394782,1.548686,3.4372036,1.0345315,1.2657738,6.5827136,-1.695188,-1.9726435,0
17.0,10,-4.570444,-1.1423763,-3.7345383,-1.3730898,-0.25906366,3.6794205,-4.3152227,-0.8067438,-2.848178,-1.5044383,7.853415,4.9056845,-3.1393476,1.5501435,3.4332402,1.0317483,1.2687563,6.5814724,-1.6966057,-1.9722137,0
17.0,10,-4.5694013,-1.1427011,-3.7339137,-1.3709613,-0.2603434,3.6743162,-4.315726,-0.8081235,-2.847779,-1.5050148,7.857719,4.908936,-3.138923,1.5514374,3.4314928,1.030375,1.2697833,6.579605,-1.69784,-1.9721049,0
17.0,10,-4.569069,-1.1419408,-3.734367,-1.3713934,-0.25886202,3.677447,-4.3149447,-0.80755836,-2.8481367,-1.5055598,7.8557343,4.907388,-3.138186,1.5522232,3.433202,1.0312257,1.267313,6.5773854,-1.6984842,-1.972701,0
5.0,5,-1.0168716,1.7434084,-3.4090893,-2.1990664,3.8581731,12.096863,1.5818807,-0.5096126,-1.9932148,1.2600293,-3.2171712,-1.8416438,-0.50037414,-1.3748808,0.87229943,6.523189,-4.458426,-0.97860396,-1.9602238,-4.7026277,1
5.0,5,-1.0174203,1.736299,-3.4126194,-2.196791,3.8456442,12.092057,1.5884149,-0.5054925,-1.9941256,1.2621673,-3.2184045,-1.8459511,-0.4984276,-1.3726588,0.8783929,6.5307755,-4.4605675,-0.98124015,-1.9631631,-4.7030277,1
5.0,5,-1.0170599,1.7360895,-3.4132156,-2.196632,3.8476253,12.091218,1.5884564,-0.5065726,-1.9948373,1.2614172,-3.2181406,-1.8452464,-0.49950466,-1.3737661,0.87980247,6.5334973,-4.4604254,-0.9820633,-1.9638892,-4.703004,1
5.0,5,-1.0172557,1.7364405,-3.4128036,-2.1968699,3.84769,12.091822,1.588093,-0.5064054,-1.9945729,1.2615854,-3.2182026,-1.8453046,-0.49929103,-1.3735542,0.8790904,6.5322423,-4.4603243,-0.9815822,-1.9634542,-4.7029395,1
5.0,5,-1.0173556,1.736552,-3.412617,-2.1969478,3.8473957,12.092096,1.5880015,-0.5061984,-1.9944086,1.2617412,-3.218259,-1.8454285,-0.49907532,-1.3733371,0.8787165,6.53154,-4.460326,-0.98134685,-1.9632438,-4.7029233,1
5.0,5,-1.0171063,1.736406,-3.412921,-2.1966505,3.846745,12.091581,1.5883423,-0.50618863,-1.9944458,1.2617036,-3.2182148,-1.8454587,-0.49896613,-1.3731894,0.87897515,6.5320373,-4.460477,-0.9816835,-1.963537,-4.7030745,1
13.0,13,-2.8423836,1.5227933,3.7453408,-2.5155053,-3.9381688,-1.6997229,-1.8278192,0.022664431,1.0869997,1.5344164,-0.65563095,0.40798923,0.54307175,13.107008,-0.0074992133,-2.4697623,-2.8138773,-1.0349419,-0.982262,-1.1219764,1
13.0,13,-2.8419886,1.5232947,3.7458296,-2.51525,-3.9378684,-1.70007,-1.8282256,0.022208478,1.0876269,1.5329671,-0.65545994,0.40851954,0.5434482,13.106959,-0.007386769,-2.4697592,-2.8135257,-1.0353254,-0.9822406,-1.1220499,1
13.0,13,-2.8419628,1.5233159,3.74679,-2.515394,-3.9380243,-1.7001685,-1.8281338,0.022171658,1.0876558,1.5333753,-0.65545726,0.4083027,0.5433854,13.106594,-0.007569964,-2.4698226,-2.8134582,-1.035368,-0.9824642,-1.1221042,1
13.0,13,-2.841974,1.5233029,3.7463565,-2.515326,-3.9379504,-1.7001252,-1.8281724,0.02218512,1.0876378,1.5331835,-0.65545654,0.4084013,0.54341817,13.106761,-0.007486264,-2.4697952,-2.813486,-1.0353472,-0.98236424,-1.1220784,1
13.0,13,-2.8419898,1.5232912,3.7458458,-2.5152564,-3.9378746,-1.7000673,-1.8282194,0.022210587,1.0876242,1.532988,-0.65546256,0.40850988,0.54344594,13.106952,-0.007394309,-2.4697616,-2.8135283,-1.0353236,-0.98224366,-1.122051,1
13.0,13,-2.842005,1.5232835,3.7452364,-2.5151622,-3.9377716,-1.7000045,-1.8282837,0.022230323,1.0876142,1.5327115,-0.65546423,0.4086529,0.54348856,13.107176,-0.007275398,-2.4697187,-2.8135703,-1.0353024,-0.98209906,-1.1220155,1
3.0,11,4.217206,-2.1545777,-2.341587,9.520918,-3.1946766,-4.959886,0.22586812,-4.029241,-2.5673785,-1.7768853,2.7369509,10.215794,0.7222771,-1.465768,-3.348584,-1.8420622,6.3328385,-1.4029303,-0.77047646,-1.4258391,0
3.0,11,4.212934,-2.1521063,-2.341867,9.529539,-3.1918385,-4.9560127,0.22015698,-4.0332294,-2.5651357,-1.7764997,2.7256093,10.211841,0.72187334,-1.4656788,-3.347035,-1.8441043,6.340602,-1.400678,-0.76574266,-1.4208418,0
3.0,11,4.209355,-2.1529727,-2.342651,9.532939,-3.190976,-4.9549484,0.2193703,-4.0325,-2.5646977,-1.776295,2.7251232,10.212672,0.7213842,-1.4654608,-3.3465693,-1.8437315,6.340045,-1.4003401,-0.76491964,-1.4197475,0
3.0,11,4.21007,-2.1529977,-2.3424656,9.532374,-3.1912718,-4.955218,0.21984056,-4.0323563,-2.564865,-1.7763051,2.725422,10.2123995,0.7215824,-1.4655374,-3.3467634,-1.8438528,6.339982,-1.400478,-0.7651905,-1.4200563,0
3.0,11,4.211634,-2.1526377,-2.342095,9.5308895,-3.1916513,-4.9557185,0.22019781,-4.0326796,-2.56504,-1.7764133,2.7256749,10.211985,0.7217934,-1.4656476,-3.3469837,-1.8440341,6.340311,-1.4006215,-0.7655641,-1.4205256,0
3.0,11,4.212723,-2.1522295,-2.341954,9.529787,-3.1918771,-4.9559064,0.22027151,-4.0330176,-2.565175,-1.7764226,2.7255573,10.211903,0.7219114,-1.4656504,-3.3470743,-1.8440939,6.340392,-1.4006923,-0.7657081,-1.4208484,0
9.0,13,-2.0502434,-0.38391435,-2.290551,-2.2678154,-2.125235,-1.2255279,-3.8518364,-1.0864855,-0.99576503,1.3732513,-0.44151297,1.6576933,5.376169,11.294247,2.0042913,-2.98946,-3.3355856,4.576018,-0.529853,-1.6660687,0
9.0,13,-2.0524423,-0.3808995,-2.2875495,-2.2625766,-2.1237903,-1.2277546,-3.8531654,-1.0873256,-0.989584,1.358392,-0.44178715,1.6565626,5.3850174,11.299911,2.010177,-2.988986,-3.3355064,4.566124,-0.5337581,-1.6659423,0
9.0,13,-2.0520835,-0.3813746,-2.2875748,-2.2631338,-2.1240706,-1.2276642,-3.8531585,-1.0877609,-0.99007004,1.3605311,-0.4421886,1.6565118,5.3846006,11.298738,2.009191,-2.9889915,-3.335202,4.5678535,-0.53319055,-1.6661257,0
9.0,13,-2.0520935,-0.38144404,-2.2877862,-2.263222,-2.1240673,-1.2275877,-3.853127,-1.0878819,-0.9902503,1.3604949,-0.44188586,1.6567307,5.38444,11.298748,2.009182,-2.9889102,-3.3351722,4.567961,-0.5331837,-1.6661481,0
9.0,13,-2.0522335,-0.3812541,-2.287775,-2.2630093,-2.123957,-1.2276202,-3.8531246,-1.0876786,-0.9900648,1.3596748,-0.44174004,1.6567389,5.3845806,11.299205,2.00956,-2.9889197,-3.3352966,4.567294,-0.53339976,-1.6660728,0
9.0,13,-2.052388,-0.38102597,-2.287656,-2.262719,-2.1238542,-1.2277094,-3.8531444,-1.0874802,-0.98975915,1.3587632,-0.4417052,1.6566659,5.3848763,11.299676,2.0099378,-2.9889445,-3.3353882,4.5665617,-0.53363353,-1.6660115,0
13.0,13,-2.451905,0.3068024,5.8456397,-1.9230703,-3.5719392,-2.5634365,-2.3064463,-1.2163928,0.8364453,2.7120154,-1.854385,-0.024557471,2.8094227,12.066929,0.86162955,-2.6858757,-2.8040068,-0.44448006,-1.0795479,-0.37412834,1
13.0,13,-2.4518993,0.3068989,5.8457007,-1.9228452,-3.571781,-2.5635593,-2.3065906,-1.2164857,0.8366147,2.7114818,-1.8543808,-0.024455398,2.8096392,12.067001,0.8618184,-2.6859312,-2.803967,-0.44453698,-1.0795732,-0.3741125,1
13.0,13,-2.4518802,0.3068909,5.845829,-1.9228613,-3.5717766,-2.5635755,-2.3065631,-1.2164973,0.83660865,2.7115278,-1.8543829,-0.024480104,2.8096344,12.0669155,0.8617889,-2.6859293,-2.8039472,-0.44454846,-1.0796001,-0.37410942,1
13.0,13,-2.4518902,0.30689472,5.8457613,-1.9228569,-3.5717804,-2.5635648,-2.306576,-1.2164899,0.83661,2.7115083,-1.8543812,-0.024468288,2.8096328,12.06696,0.86180204,-2.68593,-2.803958,-0.444541,-1.0795848,-0.37411138,1
13.0,13,-2.451898,0.30689538,5.8457055,-1.9228507,-3.5717857,-2.5635574,-2.3065865,-1.2164843,0.83661014,2.7114985,-1.8543826,-0.024459317,2.8096337,12.066998,0.8618114,-2.6859307,-2.8039668,-0.4445351,-1.0795732,-0.3741128,1
13.0,13,-2.4519022,0.30690128,5.845674,-1.9228454,-3.5717852,-2.5635543,-2.3065925,-1.2164809,0.83661395,2.7114751,-1.8543772,-0.024450555,2.8096309,12.067018,0.8618198,-2.6859314,-2.8039708,-0.44453505,-1.0795684,-0.3741142,1
19.0,19,-2.5622869,-1.5795523,-0.3792135,-0.9695193,-0.05142881,-1.3375311,-1.4167969,0.8296937,0.23880415,-0.3524016,-1.0396447,-2.21908,-3.9910595,-3.5174427,1.000345,2.0909855,-0.16976333,0.03842374,3.6849747,14.002885,1
19.0,19,-2.561592,-1.5791091,-0.3803914,-0.97010314,-0.052118167,-1.3374224,-1.4166535,0.8312578,0.23703422,-0.3514554,-1.0399625,-2.219267,-3.9927928,-3.5183825,1.000234,2.0925255,-0.16999464,0.039940543,3.6833603,14.002255,1
19.0,19,-2.5615602,-1.5791587,-0.3794357,-0.9700536,-0.05218277,-1.3387642,-1.417008,0.8296547,0.23919734,-0.35104674,-1.0396407,-2.2195747,-3.9923646,-3.5186598,0.9999353,2.0927026,-0.16976297,0.03862127,3.6838405,14.00271,1
19.0,19,-2.5616057,-1.5791929,-0.37930927,-0.9700194,-0.05214856,-1.3388501,-1.4170644,0.8294226,0.23942159,-0.3510821,-1.0395919,-2.2195568,-3.9922268,-3.5186088,0.99993116,2.0926156,-0.16971722,0.038492884,3.6839666,14.002777,1
19.0,19,-2.5616415,-1.5792011,-0.37928206,-0.97001404,-0.052134432,-1.3388526,-1.417156,0.82926303,0.23950972,-0.35111833,-1.039574,-2.219478,-3.9921691,-3.5185685,0.9999458,2.0925713,-0.16968167,0.038521424,3.6840403,14.002785,1
19.0,19,-2.5616279,-1.5791618,-0.37942865,-0.97005904,-0.05216697,-1.3387263,-1.4172179,0.8293681,0.2393028,-0.3511237,-1.0396171,-2.2193792,-3.992294,-3.5185816,0.9999755,2.0926208,-0.16969235,0.03877432,3.6839676,14.002707,1
6.0,19,-3.0851607,-2.0793545,-1.4094603,-1.1019216,2.2301314,2.9575427,1.6578395,6.7852936,-2.486396,-1.2212456,-2.2391453,-3.7883918,-3.2467008,-2.9798675,0.85590786,0.13371634,-0.43073347,0.7738912,1.0884897,9.995694,0
6.0,19,-3.0848682,-2.0777905,-1.4024001,-1.1006548,2.2242265,2.9358318,1.6578568,6.7781224,-2.4807897,-1.2212006,-2.232021,-3.7929761,-3.252291,-2.981287,0.8592684,0.1466399,-0.43613458,0.7627029,1.0904841,10.018161,0
6.0,19,-3.0832226,-2.0732353,-1.3915486,-1.1010437,2.2150013,2.906982,1.6359751,6.738966,-2.4658196,-1.2210352,-2.2268388,-3.7916796,-3.2591107,-2.9871185,0.86556417,0.16389383,-0.43456838,0.7546662,1.1064489,10.0647745,0
6.0,19,-3.0830107,-2.0729375,-1.3914906,-1.1015384,2.2148283,2.9070435,1.6330394,6.73526,-2.4651089,-1.2209246,-2.2272594,-3.7908187,-3.2590115,-2.9875634,0.86573124,0.1636367,-0.4329569,0.75639427,1.1076846,10.06637,0
6.0,19,-3.0830736,-2.0734606,-1.3930359,-1.101917,2.2159126,2.9110427,1.6344544,6.7389436,-2.4671414,-1.220768,-2.228112,-3.7905457,-3.2579942,-2.9868839,0.8648024,0.16071911,-0.43176234,0.7593254,1.1057118,10.0602,0
6.0,19,-3.0835652,-2.0745578,-1.394528,-1.1012998,2.2170188,2.914024,1.6423526,6.7507076,-2.4706912,-1.2206506,-2.22761,-3.7924452,-3.2574675,-2.985215,0.8636138,0.15891437,-0.4342767,0.75841576,1.1006168,10.0510025,0
18.0,18,-1.498356,-0.7886368,-3.3568327,-0.6459759,-0.65041846,0.10263425,-1.432195,-0.26000485,1.067859,0.11449138,-1.7723837,1.1398431,-1.8472668,0.041586235,-1.1232966,-0.5238628,-1.3796066,0.8428977,12.947593,8.715637,1
18.0,18,-1.498383,-0.78867567,-3.3567557,-0.64607,-0.6504085,0.1025915,-1.4322156,-0.25998816,1.0680659,0.114536464,-1.7724177,1.139553,-1.847174,0.04148575,-1.1232613,-0.52385557,-1.3796442,0.8428184,12.947616,8.715817,1
18.0,18,-1.4984045,-0.7886924,-3.35671,-0.6460879,-0.6503899,0.10256144,-1.4322171,-0.25997442,1.0680813,0.11451837,-1.7724209,1.1394451,-1.8471707,0.04143612,-1.1232256,-0.5238269,-1.3796436,0.8427801,12.9475765,8.715971,1
18.0,18,-1.4983974,-0.78868765,-3.3567169,-0.6460787,-0.6503947,0.10256134,-1.4322165,-0.25997624,1.0680667,0.11451228,-1.7724136,1.139474,-1.8471674,0.041452087,-1.1232299,-0.5238339,-1.3796446,0.84278774,12.947578,8.715938,1
18.0,18,-1.4983932,-0.78868306,-3.3567274,-0.6460735,-0.6503981,0.10256746,-1.4322159,-0.2599782,1.0680581,0.11451374,-1.7724118,1.1394998,-1.8471713,0.041463353,-1.1232367,-0.5238387,-1.3796439,0.84279704,12.947587,8.715906,1
18.0,18,-1.4983859,-0.7886796,-3.3567312,-0.6460699,-0.6504046,0.102561764,-1.4322196,-0.25998208,1.0680639,0.114512235,-1.7724042,1.139516,-1.8471587,0.041474782,-1.1232421,-0.5238479,-1.3796496,0.84279805,12.947596,8.7158785,1
4.0,4,3.273031,0.6644136,0.5759396,-2.5977857,12.319798,0.96527654,1.5523381,-2.7016616,-1.1152786,-4.3099294,-1.6607217,-2.23334,0.9530737,-3.0462837,1.7497808,0.26950097,2.2641187,-0.5978558,-2.3184156,-1.6894277,1
4.0,4,3.2695308,0.662651,0.5766033,-2.5976994,12.319331,0.9642433,1.551276,-2.702181,-1.1141914,-4.310172,-1.661084,-2.2335556,0.95210445,-3.046979,1.7502532,0.27018428,2.268641,-0.59653205,-2.317978,-1.6868294,1
4.0,4,3.2642655,0.66142905,0.57676715,-2.59754,12.324008,0.96774465,1.5527819,-2.700491,-1.1139671,-4.3100095,-1.6603572,-2.2330208,0.9516467,-3.0460207,1.7519227,0.27229065,2.2620955,-0.5983647,-2.3189237,-1.6863136,1
4.0,4,3.265995,0.66206574,0.5769668,-2.5975919,12.322313,0.96641797,1.5518905,-2.7012243,-1.1138964,-4.3100495,-1.6606236,-2.233242,0.9516943,-3.046296,1.7515008,0.27149636,2.2644525,-0.59767944,-2.3186877,-1.686305,1
4.0,4,3.2673583,0.66234756,0.57689583,-2.597631,12.321114,0.9655221,1.5515417,-2.7016466,-1.1139704,-4.310097,-1.6608092,-2.2333765,0.9518282,-3.0465512,1.7510527,0.27096093,2.2661507,-0.59720767,-2.3184307,-1.686454,1
4.0,4,3.267791,0.6619443,0.57652646,-2.5976086,12.320593,0.9651638,1.5518565,-2.7016804,-1.1141456,-4.3101964,-1.6608676,-2.2333834,0.95199275,-3.0467966,1.75066,0.2708609,2.267244,-0.59693587,-2.3181562,-1.6866099,1
5.0,5,-2.0897505,1.4025271,-1.6152735,-1.8708601,2.3815641,13.567971,0.20179598,-0.4737144,-1.1310244,1.2264776,-4.3503375,-1.163221,0.98786736,-0.47641012,1.7743577,2.09914,-4.0550523,0.20912386,-0.053493626,-3.3147848,1
5.0,5,-2.0900972,1.402542,-1.6150566,-1.8701118,2.3809035,13.567606,0.20118408,-0.47378176,-1.131056,1.2258219,-4.3503084,-1.1626911,0.9883368,-0.47570413,1.7758993,2.098347,-4.0550537,0.2092353,-0.053742558,-3.314738,1
5.0,5,-2.0899913,1.4025924,-1.6150488,-1.8702391,2.3809426,13.567636,0.20124649,-0.47369063,-1.1311884,1.225729,-4.3503203,-1.1629313,0.9884045,-0.47569147,1.775952,2.0982685,-4.0550213,0.20932771,-0.053690292,-3.3147087,1
5.0,5,-2.0900092,1.4025674,-1.6150527,-1.8702446,2.3809495,13.567645,0.2012631,-0.47368363,-1.1311793,1.2257859,-4.350315,-1.1628709,0.98836714,-0.47570422,1.775833,2.0982516,-4.0550046,0.20936729,-0.05366715,-3.3147244,1
5.0,5,-2.0900443,1.4025573,-1.6150458,-1.8701893,2.380913,13.567626,0.20122595,-0.47370446,-1.1311529,1.2257807,-4.350311,-1.1627998,0.9883734,-0.47567794,1.7758799,2.0982327,-4.055011,0.2093563,-0.053686783,-3.3147295,1
5.0,5,-2.0900617,1.402564,-1.6150398,-1.8701435,2.3808918,13.567607,0.20118956,-0.4737325,-1.1311285,1.225752,-4.350312,-1.1627797,0.9883904,-0.47566283,1.775974,2.0982492,-4.055029,0.20930733,-0.05371827,-3.3147247,1
8.0,9,-1.2617537,-3.1332545,0.30640113,-3.171927,-3.5121596,-0.31822038,-3.1607802,-4.2500095,8.954456,10.885931,-1.1818254,-0.52507955,3.0575323,-2.4673593,-3.3381503,-0.4297781,-1.888004,-0.13990965,0.44988903,-0.90306705,0
8.0,9,-1.2617567,-3.1332948,0.30641997,-3.1721015,-3.5121725,-0.31835,-3.160759,-4.250036,8.954493,10.885932,-1.1816561,-0.5250616,3.0577083,-2.4669974,-3.338226,-0.42986202,-1.8879733,-0.13970739,0.4497909,-0.9035319,0
8.0,9,-1.2618018,-3.1332483,0.30651245,-3.172097,-3.5122044,-0.3185071,-3.1608489,-4.2500277,8.954711,10.88587,-1.1816247,-0.52509713,3.0575397,-2.46704,-3.338192,-0.42990714,-1.8878759,-0.13966753,0.44986975,-0.90345716,0
8.0,9,-1.2617974,-3.1332521,0.30651128,-3.172096,-3.512197,-0.3184917,-3.1608415,-4.250027,8.954697,10.885867,-1.1816293,-0.5250964,3.0575678,-2.4670434,-3.338189,-0.4299028,-1.8878887,-0.1396811,0.44985735,-0.9034607,0
8.0,9,-1.2617824,-3.1332674,0.30647925,-3.1720958,-3.5121868,-0.31843862,-3.1608121,-4.250031,8.954623,10.885891,-1.1816403,-0.5250843,3.0576196,-2.4670293,-3.3382013,-0.42988682,-1.887921,-0.13969356,0.44983184,-0.9034841,0
8.0,9,-1.2617726,-3.1332767,0.30646154,-3.1720948,-3.5121815,-0.3184055,-3.1607933,-4.2500324,8.954577,10.885901,-1.1816474,-0.52507746,3.0576553,-2.4670227,-3.3382072,-0.42987686,-1.8879418,-0.13970421,0.4498142,-0.9034974,0
19.0,19,-2.6670563,-1.8622497,1.2346507,-1.1707536,0.74207646,-2.1688256,-1.0496645,-0.76076245,-0.60557634,0.026303872,-0.749831,-2.2621152,-3.140362,-3.2744017,1.2585315,2.926212,0.14437985,-0.7173618,3.3818433,13.914411,1
19.0,19,-2.6670568,-1.862262,1.2348167,-1.1707536,0.74214005,-2.1687799,-1.0496808,-0.7608966,-0.60544026,0.026445722,-0.7500444,-2.262181,-3.1403549,-3.2745657,1.2585845,2.9263198,0.14443077,-0.7174465,3.3815434,13.914341,1
19.0,19,-2.667065,-1.8622895,1.2349911,-1.1708312,0.7422992,-2.1687593,-1.049701,-0.7610319,-0.6053758,0.026536858,-0.75011766,-2.2622416,-3.1403508,-3.2746792,1.2586322,2.9264185,0.14449325,-0.7174623,3.381239,13.914249,1
19.0,19,-2.6670678,-1.8622946,1.2349678,-1.170825,0.7422532,-2.168772,-1.0497066,-0.7610103,-0.60537744,0.026551772,-0.75009924,-2.2622325,-3.1403556,-3.2746599,1.2586234,2.9264007,0.14447147,-0.71745247,3.3812788,13.914265,1
19.0,19,-2.667065,-1.8622893,1.2349222,-1.1708066,0.74220973,-2.168778,-1.0497007,-0.76097304,-0.60539573,0.026530245,-0.75007653,-2.262216,-3.1403568,-3.2746277,1.2586101,2.9263728,0.14445296,-0.717446,3.3813603,13.914293,1
19.0,19,-2.6670668,-1.8622905,1.2349001,-1.1707972,0.7421707,-2.1687863,-1.0497005,-0.7609512,-0.605402,0.026534503,-0.75006133,-2.2622085,-3.1403584,-3.2746086,1.2586015,2.9263556,0.14443433,-0.71744174,3.3813992,13.914305,1
6.0,6,-1.7300642,-4.2668705,-0.7741673,-0.22807468,2.97783,-0.8153625,10.976389,10.739495,-0.9025234,0.019598965,1.3910642,-3.4253716,-3.076949,-1.6673766,-2.7785995,0.53222466,-1.5434971,-4.3927555,-2.3508856,-0.53449154,1
6.0,6,-1.7578274,-4.237783,-0.753786,-0.22769241,2.920294,-0.8313086,10.908651,10.804349,-0.871027,0.0077491626,1.3993595,-3.4436347,-3.0635314,-1.615602,-2.7616673,0.4821986,-1.5392522,-4.384157,-2.3492386,-0.53171027,1
6.0,6,-1.7556474,-4.237982,-0.75524855,-0.23110107,2.935745,-0.80943984,10.910959,10.802558,-0.86660236,0.024936646,1.3755823,-3.4465609,-3.0550096,-1.6195713,-2.7741656,0.4775687,-1.5455227,-4.3868766,-2.341882,-0.5373025,1
6.0,6,-1.7553205,-4.239158,-0.75756735,-0.23108698,2.9336627,-0.8151759,10.912236,10.800345,-0.86864513,0.023049496,1.3817489,-3.4446213,-3.0585115,-1.6192503,-2.7716143,0.48084116,-1.5460875,-4.3862543,-2.3430855,-0.5355553,1
6.0,6,-1.7563709,-4.23882,-0.7571295,-0.23029952,2.9287589,-0.821198,10.910641,10.801511,-0.8692941,0.018767495,1.3881385,-3.4439218,-3.06072,-1.6174008,-2.7681143,0.48165327,-1.5447179,-4.385478,-2.3449695,-0.5339951,1
6.0,6,-1.7613927,-4.235052,-0.7523642,-0.22892985,2.9185498,-0.8268288,10.900633,10.810325,-0.86493623,0.012966618,1.3930881,-3.4458501,-3.0599556,-1.611227,-2.7634401,0.4767468,-1.5417728,-4.384505,-2.3469942,-0.532507,1
4.0,4,0.62197334,0.94374186,-1.0575806,-2.7123349,13.594089,2.3995683,0.40134913,-2.863905,-1.3228431,-3.8139586,-0.59181994,-0.20519541,-1.4403675,-2.8883815,2.951335,3.0875711,-0.70244086,-0.1681492,-0.8944538,-1.3792987,1
4.0,4,0.6221436,0.9404168,-1.0621185,-2.7111912,13.594542,2.3989754,0.40472066,-2.8641293,-1.327874,-3.810656,-0.59142166,-0.20366348,-1.4451276,-2.8912385,2.9493449,3.0925214,-0.70071274,-0.16596828,-0.89319706,-1.3785943,1
4.0,4,0.62257427,0.9401166,-1.06252,-2.7109516,13.594535,2.3986168,0.40544736,-2.8641293,-1.328441,-3.8102705,-0.59125364,-0.20355,-1.4453738,-2.8915257,2.9488652,3.0927625,-0.70077413,-0.16593282,-0.8930359,-1.3785621,1
4.0,4,0.622432,0.9402374,-1.0622716,-2.7110484,13.594519,2.3986626,0.4051755,-2.8641293,-1.3281413,-3.81048,-0.5913109,-0.2036302,-1.4451804,-2.8913572,2.949084,3.0925653,-0.70074815,-0.16600321,-0.89313066,-1.3785671,1
4.0,4,0.6223374,0.94029653,-1.0622222,-2.7110882,13.59452,2.398754,0.4050125,-2.864135,-1.3280499,-3.8105447,-0.5913504,-0.20362549,-1.4451648,-2.8913124,2.9491825,3.0925448,-0.7007251,-0.16598952,-0.89315164,-1.3785738,1
4.0,4,0.62234396,0.94027156,-1.0624907,-2.7109976,13.594535,2.398875,0.40502262,-2.864168,-1.3283014,-3.8103995,-0.5913535,-0.20344622,-1.4454168,-2.8914385,2.9491045,3.0927851,-0.7007235,-0.1658573,-0.89306724,-1.3785836,1
17.0,16,-0.25213674,-2.8078136,1.1037462,2.5287542,-1.993133,-4.612764,-0.61304045,-2.2500226,0.614243,-1.5930321,2.0982723,3.4353957,-1.2297666,-3.0755093,-3.4465826,-1.7289112,13.797279,1.4702411,-1.8619667,-0.7516126,0
17.0,16,-0.25904733,-2.8146288,1.103806,2.5297508,-1.9913422,-4.611519,-0.59901196,-2.234124,0.6135207,-1.5949342,2.1043105,3.4248774,-1.2315258,-3.0797088,-3.450698,-1.730314,13.798434,1.4695361,-1.8612897,-0.7507316,0
17.0,16,-0.2643043,-2.819233,1.1043231,2.5300558,-1.9872974,-4.6117578,-0.58952916,-2.224329,0.61322564,-1.5976977,2.1137526,3.4163852,-1.2339134,-3.0832503,-3.453067,-1.7306229,13.7996025,1.4697744,-1.8624808,-0.74953,0
17.0,16,-0.26404878,-2.8189743,1.1043198,2.5300024,-1.9877003,-4.611372,-0.59001034,-2.2248015,0.61332977,-1.5973523,2.1122446,3.416638,-1.2335483,-3.0829597,-3.4529102,-1.7306917,13.799533,1.469697,-1.862102,-0.7496613,0
17.0,16,-0.26290917,-2.8182766,1.1046268,2.5303993,-1.9881808,-4.612819,-0.59136575,-2.2263505,0.6132227,-1.5976375,2.114073,3.418185,-1.2335086,-3.0825043,-3.4527261,-1.7308631,13.799346,1.4695692,-1.8628951,-0.74969375,0
17.0,16,-0.2610304,-2.8169596,1.1051015,2.5308263,-1.9885746,-4.6149793,-0.5938688,-2.2293103,0.6131599,-1.5980868,2.1169193,3.4204974,-1.2335236,-3.0817978,-3.4522173,-1.7309372,13.799077,1.469472,-1.8642168,-0.7496914,0
1.0,1,10.537948,11.060235,2.2154984,-1.0817908,-2.9411469,-2.79523,-3.0150769,-1.9020277,0.22255448,-1.0784217,-2.664459,-2.5082054,1.6929827,-0.36322358,-1.135627,-2.6036572,-2.6568441,-3.1076148,0.77444786,1.967574,1
1.0,1,10.517882,11.064022,2.213978,-1.0774615,-2.9387457,-2.797716,-3.0235841,-1.8970966,0.23017031,-1.0886743,-2.6644175,-2.508258,1.6895646,-0.3640103,-1.1320491,-2.6000187,-2.6591437,-3.1114407,0.79078144,1.9966656,1
1.0,1,10.510902,11.064618,2.2149909,-1.0746833,-2.938506,-2.7988806,-3.0259905,-1.8955235,0.23220561,-1.0928674,-2.6642091,-2.5089006,1.6876005,-0.36588174,-1.1304039,-2.5983896,-2.6592133,-3.1135972,0.7962982,2.0099256,1
1.0,1,10.513553,11.064303,2.214734,-1.0755239,-2.9385834,-2.7984717,-3.0250463,-1.8961519,0.23129566,-1.0914953,-2.6642485,-2.5086603,1.6884265,-0.3652506,-1.1309133,-2.598945,-2.6591444,-3.1129208,0.7941344,2.0051622,1
1.0,1,10.516392,11.064042,2.2142546,-1.076662,-2.9386504,-2.7980115,-3.024079,-1.8968012,0.23046017,-1.0898438,-2.6643202,-2.508361,1.6893315,-0.36439845,-1.1315693,-2.5996106,-2.6591377,-3.1120508,0.7918907,1.9996845,1
1.0,1,10.517279,11.064089,2.2139552,-1.0771725,-2.9386022,-2.797822,-3.0238323,-1.896982,0.23025109,-1.0892061,-2.6643658,-2.5082064,1.6896117,-0.36396688,-1.131832,-2.5998533,-2.6592152,-3.1116686,0.7911799,1.9976119,1
10.0,10,-1.3325293,-2.8426096,0.5875886,0.3602534,-0.20387901,-4.630138,2.2468193,0.6627798,-1.314079,-1.4611154,12.061563,5.467067,-3.5482948,-2.409653,-3.2621794,-0.7639025,0.55918926,2.3378763,-0.7429131,2.0199056,1
10.0,10,-1.3312331,-2.8414543,0.5901192,0.35836577,-0.20293956,-4.6317077,2.2462041,0.65926725,-1.31157,-1.4610626,12.063157,5.461781,-3.5523298,-2.410926,-3.2608893,-0.7593487,0.55924785,2.3350766,-0.7440995,2.0232184,1
10.0,10,-1.3306592,-2.8414242,0.5909329,0.35806656,-0.20277882,-4.632078,2.2467642,0.6585265,-1.3107455,-1.4609723,12.06369,5.4602537,-3.5525076,-2.4111881,-3.2607284,-0.75837064,0.5590495,2.3337498,-0.7447892,2.0231047,1
10.0,10,-1.3306681,-2.8415253,0.5908602,0.35817403,-0.20286617,-4.63201,2.2469494,0.6587808,-1.3108246,-1.4609646,12.063671,5.4603477,-3.5522304,-2.411141,-3.2608235,-0.7586159,0.55902624,2.3337584,-0.74480045,2.0228693,1
10.0,10,-1.3307134,-2.841477,0.5908504,0.3579496,-0.20273097,-4.631996,2.2469394,0.6588268,-1.3108442,-1.4609897,12.063794,5.4599686,-3.552664,-2.4112415,-3.2607698,-0.7583813,0.55910516,2.3338842,-0.74484813,2.0231724,1
10.0,10,-1.3307974,-2.841407,0.5907669,0.3576119,-0.20256035,-4.6319423,2.2468684,0.65891,-1.3109283,-1.4610193,12.063992,5.459542,-3.5532076,-2.4113522,-3.260705,-0.75812507,0.559245,2.3342175,-0.7449154,2.0234907,1
3.0,3,0.6497383,-0.21118513,1.2031882,14.08361,-0.71249163,-2.0723693,1.0853446,0.838347,-3.345743,-2.2075183,0.070434846,2.9725456,-0.80406636,-2.486447,-2.6810257,-2.8179615,4.3140426,-0.28894523,-1.7490447,0.23422039,1
3.0,3,0.6498904,-0.21086802,1.204116,14.0833025,-0.7126147,-2.0731962,1.0853645,0.83770865,-3.345126,-2.2074425,0.070210375,2.9717715,-0.8046421,-2.4864728,-2.681596,-2.818519,4.3171935,-0.2887796,-1.7486204,0.23429313,1
3.0,3,0.64986473,-0.2110166,1.2038169,14.083413,-0.7127075,-2.0732052,1.085338,0.837614,-3.3451731,-2.207446,0.070190445,2.9721801,-0.8045703,-2.4864063,-2.6816113,-2.818498,4.31725,-0.2887175,-1.7485348,0.23419532,1
3.0,3,0.64986926,-0.21094035,1.2039615,14.083361,-0.71265703,-2.073209,1.0853555,0.8376517,-3.3451366,-2.2074454,0.07019799,2.9719462,-0.8045973,-2.4864295,-2.6815944,-2.8185015,4.3172474,-0.28874987,-1.7485662,0.23425129,1
3.0,3,0.6498801,-0.21088141,1.2040745,14.083325,-0.71262246,-2.073205,1.0853667,0.837688,-3.3451178,-2.207443,0.070204735,2.9717908,-0.804625,-2.4864538,-2.6815898,-2.8185084,4.317222,-0.28877595,-1.7485977,0.23428857,1
3.0,3,0.6499039,-0.21079169,1.2041844,14.083304,-0.71258724,-2.0732129,1.0853791,0.83769155,-3.3450816,-2.2074468,0.07018498,2.9716423,-0.8046482,-2.4864593,-2.6815805,-2.8185081,4.317237,-0.28883082,-1.7486067,0.23432356,1
19.0,19,-2.7401395,-1.1217085,0.49352512,-0.108724475,-0.9697671,-1.8411832,-0.871711,0.43483457,-0.4004984,-0.109895766,-0.93954575,-1.564709,-2.8793554,-2.1433432,0.49771798,1.5417422,-0.910407,-0.97618026,7.20565,13.978211,1
19.0,19,-2.7402945,-1.1227435,0.49510214,-0.10905475,-0.96996397,-1.8414057,-0.87138516,0.4343427,-0.4007195,-0.10832572,-0.9397889,-1.5649908,-2.8792222,-2.1442018,0.4975118,1.5420629,-0.910014,-0.975992,7.204474,13.978365,1
19.0,19,-2.7403948,-1.1231141,0.4961618,-0.10925224,-0.96987396,-1.8417088,-0.8714269,0.4339583,-0.4004403,-0.10782242,-0.93982905,-1.5653217,-2.8791423,-2.1448379,0.49766997,1.542327,-0.9097671,-0.9761031,7.2033663,13.978675,1
19.0,19,-2.7403657,-1.1229546,0.49586406,-0.10918119,-0.96984994,-1.8416312,-0.87142354,0.43408278,-0.40052202,-0.10808174,-0.9397865,-1.5652567,-2.8791595,-2.1446514,0.49768424,1.542277,-0.9098473,-0.9761203,7.2035756,13.9786215,1
19.0,19,-2.7403316,-1.1228279,0.49550077,-0.10911384,-0.9698799,-1.8415265,-0.8714089,0.4342143,-0.4006194,-0.10825552,-0.9397722,-1.565142,-2.8791888,-2.144434,0.4976305,1.5421873,-0.9099308,-0.9760807,7.203955,13.978514,1
19.0,19,-2.7403085,-1.1227462,0.49525812,-0.10906911,-0.9698974,-1.8414543,-0.8713965,0.43430275,-0.40068626,-0.108370796,-0.93976444,-1.5650665,-2.8792043,-2.1442864,0.49759385,1.5421256,-0.9099886,-0.9760548,7.204211,13.978437,1
6.0,6,-1.7894424,-4.228629,-2.054685,0.797301,1.5013562,0.3536195,11.475803,11.471186,-3.1966932,-0.32178128,2.4044464,-3.202979,-2.859076,-2.780334,-2.4101412,0.95180327,-1.7275931,-2.4516697,-1.8880002,-0.13476846,1
6.0,7,-1.8594311,-4.256561,-2.045746,0.80214727,1.493801,0.39859146,11.4080515,11.565791,-3.1906104,-0.32608908,2.3562272,-3.207232,-2.8386683,-2.7634578,-2.39069,0.8711565,-1.7048551,-2.4130876,-1.8297327,-0.09684602,0
6.0,7,-1.9222639,-4.29162,-2.0305572,0.8014056,1.499907,0.43847972,11.366856,11.637817,-3.1888835,-0.33208972,2.317303,-3.2132816,-2.8206313,-2.7420163,-2.3780692,0.79147434,-1.674468,-2.3753333,-1.7774962,-0.07423568,0
6.0,7,-1.9220562,-4.2918124,-2.0302875,0.8019346,1.4992334,0.43739754,11.366667,11.637732,-3.188749,-0.33247465,2.3189502,-3.2125158,-2.8198473,-2.741447,-2.3787005,0.79009295,-1.6737905,-2.374856,-1.7775466,-0.074788205,0
6.0,7,-1.9099747,-4.2893248,-2.0318944,0.8020309,1.5009944,0.42855722,11.380053,11.621506,-3.1891716,-0.33335215,2.329201,-3.2122335,-2.821661,-2.7454202,-2.3842373,0.80118394,-1.6752205,-2.3796833,-1.785388,-0.08096422,0
6.0,7,-1.8918548,-4.285233,-2.0345144,0.8014969,1.5049645,0.41648084,11.401228,11.596342,-3.1902175,-0.3345065,2.3431733,-3.212415,-2.8254015,-2.7514007,-2.3918924,0.81933045,-1.6781371,-2.3875265,-1.7976059,-0.09055968,0
9.0,8,-1.9064313,-1.0042751,2.1233373,-2.1817358,-3.1274219,-1.4434148,-2.85083,-3.5723336,12.79297,5.840752,-0.004189343,-0.8365928,-0.08336274,-1.7097799,-3.6513903,-0.33036953,-0.75426424,-1.761054,3.4842393,-1.2286447,0
9.0,8,-1.9042751,-0.99124813,2.1284688,-2.1741028,-3.1213276,-1.4446517,-2.8505158,-3.559907,12.799466,5.8038926,-0.0013883421,-0.83824253,-0.07808989,-1.7000353,-3.645337,-0.3306973,-0.7575756,-1.7762238,3.4832013,-1.2333053,0
9.0,8,-1.9034884,-0.9855281,2.1310878,-2.1711557,-3.1149695,-1.4452116,-2.8516762,-3.556618,12.803755,5.788408,-0.0010091523,-0.83949107,-0.077176966,-1.6984755,-3.6446698,-0.3331254,-0.7553568,-1.7788087,3.4864786,-1.2331624,0
9.0,8,-1.9040829,-0.9872418,2.1298575,-2.1721838,-3.1168778,-1.4443471,-2.8515396,-3.5577302,12.802373,5.793118,-0.0012600729,-0.8390312,-0.07765381,-1.6988341,-3.6447527,-0.33187866,-0.75626564,-1.777963,3.485859,-1.2331167,0
9.0,8,-1.9042816,-0.98832196,2.1292408,-2.1727736,-3.1183145,-1.44416,-2.8513103,-3.5582843,12.80146,5.7960668,-0.001311467,-0.8387554,-0.077803105,-1.6989549,-3.644723,-0.33118385,-0.756938,-1.777662,3.48511,-1.2332286,0
9.0,8,-1.9042069,-0.98869073,2.1291678,-2.1729338,-3.1190565,-1.4444524,-2.8511555,-3.5583775,12.801103,5.7971153,-0.0012188191,-0.8386615,-0.07774983,-1.6989211,-3.6446056,-0.33098257,-0.757256,-1.7777338,3.4844584,-1.2333611,0
15.0,15,-3.4052312,-2.8215394,-3.125235,-0.59821117,-0.003279062,2.0790184,-1.0882851,-1.1473136,-2.5053425,0.06626837,-1.4275322,0.08300209,-3.0844588,-1.9160259,8.71401,12.033592,-1.2444688,-1.0478001,-3.5941045,-0.2946148,1
15.0,15,-3.3989065,-2.8184652,-3.1217246,-0.5999329,-0.0041303504,2.07579,-1.0841708,-1.1451578,-2.5080903,0.06218249,-1.428723,0.07530198,-3.0816555,-1.9181044,8.714934,12.035479,-1.2452388,-1.0547812,-3.593238,-0.28998202,1
15.0,15,-3.398249,-2.818071,-3.1212926,-0.6008346,-0.0041663516,2.0762079,-1.0834279,-1.1451405,-2.5072799,0.06294721,-1.4292517,0.073665254,-3.0816388,-1.9187355,8.713857,12.036343,-1.2459136,-1.0560716,-3.592669,-0.28941908,1
15.0,15,-3.3987036,-2.8183498,-3.1215281,-0.6004271,-0.004075067,2.0761147,-1.0838002,-1.1452541,-2.507533,0.062783055,-1.4290148,0.07451749,-3.0817065,-1.9184604,8.714225,12.035971,-1.245585,-1.0553616,-3.5929296,-0.28975388,1
15.0,15,-3.398952,-2.8184996,-3.1216917,-0.600099,-0.004059987,2.0759666,-1.084077,-1.1452637,-2.507823,0.062511146,-1.4288228,0.075125724,-3.0817156,-1.9182274,8.714617,12.035646,-1.2453396,-1.0548834,-3.5931396,-0.2899656,1
15.0,15,-3.3988483,-2.8184407,-3.1216676,-0.6000152,-0.0041140188,2.0758321,-1.0840522,-1.145188,-2.5080082,0.06231105,-1.4287819,0.0751518,-3.0816758,-1.9182044,8.714719,12.035618,-1.2452902,-1.0549273,-3.5931754,-0.28991923,1
3.0,3,1.1259601,-0.05125537,-2.8922093,13.047745,-2.830936,-1.6982498,-0.92795277,-1.6787363,-2.8174,-0.16974503,-0.75829273,8.966519,-0.1238959,0.08149525,-2.5141027,-1.2304016,2.2097528,-0.49469268,0.29009458,-0.49204686,1
3.0,3,1.1269554,-0.049795363,-2.892048,13.044341,-2.8315506,-1.6980982,-0.93075764,-1.6832178,-2.816868,-0.1695943,-0.7600303,8.971517,-0.123796225,0.08388335,-2.5129886,-1.2290449,2.208969,-0.4955662,0.29055336,-0.4923858,1
3.0,3,1.1268653,-0.04979225,-2.8919134,13.044478,-2.8316302,-1.6982173,-0.93073624,-1.6831263,-2.8168519,-0.16961522,-0.75992656,8.971385,-0.1238209,0.0839674,-2.5129726,-1.2291356,2.2090023,-0.49557352,0.2904794,-0.49232292,1
3.0,3,1.1268445,-0.049855966,-2.8919315,13.044493,-2.8315918,-1.6981906,-0.9307128,-1.6831253,-2.8168488,-0.16962662,-0.7599353,8.971357,-0.12379469,0.08394555,-2.512971,-1.2291288,2.2090242,-0.49556535,0.29049164,-0.4923299,1
3.0,3,1.1269238,-0.049829867,-2.8920245,13.044371,-2.8315423,-1.6981056,-0.9307431,-1.6832039,-2.8168623,-0.16960733,-0.7600174,8.971479,-0.12378472,0.08389209,-2.5129817,-1.22906,2.2089877,-0.49556404,0.2905458,-0.4923772,1
3.0,3,1.1269587,-0.049838897,-2.8920696,13.044246,-2.831493,-1.6980286,-0.9308115,-1.6833701,-2.8168528,-0.16960531,-0.7601151,8.971644,-0.12375128,0.08390919,-2.5129504,-1.2289742,2.2089674,-0.49558032,0.29058573,-0.4924166,1
7.0,16,-2.1369162,-3.056063,1.085258,3.8498154,-2.5173335,-3.6332815,0.7429913,1.6925303,1.6698515,-2.1715443,0.03651624,0.8704585,-1.8421923,-1.8297175,-2.6613278,-0.7165414,11.752505,-0.27827504,-1.3108764,0.41278717,0
7.0,16,-2.1665022,-3.0526557,1.0708534,3.8549416,-2.5275133,-3.6045725,0.7829617,1.8110219,1.6506035,-2.173804,0.0009749299,0.82390636,-1.8502072,-1.7584261,-2.651892,-0.73130983,11.68855,-0.30392745,-1.312479,0.42126417,0
7.0,16,-2.2263942,-3.0515852,1.0439581,3.8685718,-2.5435374,-3.548382,0.8833802,2.063846,1.6132555,-2.1781342,-0.064377345,0.7238156,-1.8635436,-1.6222067,-2.6358194,-0.76291037,11.54941,-0.37143853,-1.317596,0.4394914,0
7.0,16,-2.2188869,-3.04927,1.0463998,3.866007,-2.5466123,-3.5595613,0.86647856,2.0345163,1.618901,-2.1774423,-0.05400493,0.73683894,-1.862201,-1.631795,-2.6391203,-0.7651258,11.566893,-0.3593449,-1.3150429,0.43808958,0
7.0,16,-2.2045531,-3.047874,1.0497551,3.8657057,-2.5486584,-3.5758717,0.8381572,1.9744838,1.6269624,-2.1754076,-0.038015433,0.7638461,-1.8582715,-1.6553621,-2.6443594,-0.76393336,11.600906,-0.33944428,-1.3113297,0.43440047,0
7.0,16,-2.190962,-3.0478687,1.0466235,3.8748815,-2.5550413,-3.5905437,0.8123743,1.9171906,1.6302471,-2.1710443,-0.025683694,0.79485005,-1.8519187,-1.6701995,-2.6510072,-0.76767904,11.633366,-0.32048416,-1.3051705,0.4313458,0
17.0,17,-0.39847764,-0.985631,-3.9197407,-0.77111554,0.08959414,0.08344256,-3.4496121,-0.35292804,-3.8672996,1.6178527,0.6712564,5.1240797,-0.95273095,-1.3267572,-0.34551227,-2.0147827,2.440289,12.42335,1.6566997,-2.5952303,1
17.0,17,-0.39822534,-0.9851276,-3.9192054,-0.77107716,0.09219958,0.08132356,-3.449994,-0.35209674,-3.8671837,1.6151382,0.67376304,5.1244044,-0.95538485,-1.3289,-0.3460951,-2.0158207,2.443533,12.424717,1.6561918,-2.5950563,1
17.0,17,-0.39817315,-0.98500603,-3.9191704,-0.7711513,0.09251715,0.08135206,-3.449787,-0.3513096,-3.8672144,1.6148732,0.6736754,5.12387,-0.9557943,-1.329291,-0.346143,-2.0159626,2.4437451,12.424813,1.6562787,-2.5949502,1
17.0,17,-0.3981728,-0.9850523,-3.919192,-0.77118134,0.09221867,0.08136744,-3.4497883,-0.3513898,-3.8671324,1.6150619,0.673539,5.123852,-0.9555116,-1.3291242,-0.34619927,-2.0159464,2.4436784,12.424745,1.6563464,-2.5949824,1
17.0,17,-0.39820483,-0.9850961,-3.9191997,-0.7711508,0.092185676,0.081365205,-3.4498758,-0.35170853,-3.867146,1.6151247,0.6736137,5.124077,-0.9554204,-1.3290058,-0.34615898,-2.0158792,2.443598,12.424724,1.6562792,-2.5950136,1
17.0,17,-0.39821696,-0.98512673,-3.919217,-0.7711198,0.092079744,0.08139188,-3.4499137,-0.35189417,-3.8671544,1.6152157,0.6736031,5.1242046,-0.95531416,-1.3288953,-0.34612963,-2.0158334,2.4434998,12.424682,1.6562643,-2.5950398,1
4.0,4,-0.8659907,0.16934162,-0.20356892,-2.114455,13.004359,1.4676442,-1.305498,-3.1909778,0.4220249,-3.1379378,-1.1952568,0.5529178,-0.3705075,-1.5590761,3.5320437,3.727018,-1.9797336,-1.7204291,-1.6005023,-0.95069253,1
4.0,4,-0.8807888,0.15026918,-0.22395603,-2.125985,12.990931,1.4586895,-1.3020676,-3.2050405,0.4037507,-3.145398,-1.1809021,0.549082,-0.39681345,-1.5747333,3.596058,3.8212535,-1.9949012,-1.7300056,-1.6180447,-0.9480649,1
4.0,4,-0.88678366,0.14483261,-0.23110162,-2.130344,12.985887,1.457475,-1.3024915,-3.207765,0.39737156,-3.148282,-1.1808901,0.543749,-0.40574813,-1.5807301,3.6251593,3.8574293,-2.0030317,-1.7363384,-1.6249733,-0.9457436,1
4.0,4,-0.88584584,0.14516307,-0.22995116,-2.1293821,12.986537,1.4560919,-1.3028015,-3.2079487,0.39841706,-3.1481266,-1.1782503,0.5456318,-0.4043072,-1.5801982,3.6196337,3.8505,-2.0003078,-1.7335373,-1.6238124,-0.94600356,1
4.0,4,-0.88507175,0.14549878,-0.2291094,-2.1286824,12.987111,1.4555962,-1.3028058,-3.207969,0.39917353,-3.147893,-1.1769305,0.5469933,-0.403204,-1.5795525,3.6153257,3.8453305,-1.9985938,-1.7318479,-1.6229408,-0.94635665,1
4.0,4,-0.88437015,0.14608912,-0.22830035,-2.1280327,12.987711,1.4558498,-1.3030405,-3.207584,0.39993337,-3.1476288,-1.1769054,0.5477118,-0.40197203,-1.5787963,3.6119833,3.840558,-1.9975529,-1.7308189,-1.6222247,-0.94661975,1
12.0,16,0.2994212,-3.0759587,1.509223,3.1581345,-4.032706,-4.192647,-1.6138713,-4.565798,2.3607223,-0.2838121,-1.3180847,4.1430254,6.255892,0.117076404,-3.1401987,-2.4037983,10.043704,-0.7637244,-1.9587082,-2.7700136,0
12.0,16,0.29545817,-3.0757704,1.5072954,3.1579657,-4.028996,-4.191483,-1.6130676,-4.5628505,2.3595803,-0.28665704,-1.3175443,4.140859,6.2452464,0.110676296,-3.1409674,-2.4029686,10.054143,-0.75678676,-1.9553552,-2.76708,0
12.0,16,0.29366148,-3.0757852,1.5060453,3.1586673,-4.0273914,-4.191065,-1.6127254,-4.561382,2.3587132,-0.28779596,-1.3173385,4.1420035,6.238946,0.1067544,-3.1418855,-2.4025023,10.059344,-0.75357795,-1.953408,-2.765892,0
12.0,16,0.29397655,-3.0757978,1.5061736,3.158711,-4.027652,-4.1911173,-1.6127563,-4.561566,2.35876,-0.2876023,-1.3174092,4.142229,6.2396836,0.1071756,-3.1418593,-2.4025679,10.058595,-0.75409657,-1.9536262,-2.7661293,0
12.0,16,0.29434592,-3.075793,1.5064292,3.1584892,-4.027973,-4.191183,-1.6128389,-4.5618863,2.35895,-0.28737032,-1.3174781,4.1418858,6.241065,0.10801844,-3.1416245,-2.4026492,10.057494,-0.75471795,-1.9540365,-2.766374,0
12.0,16,0.29474014,-3.0757854,1.5067406,3.1582973,-4.0283437,-4.1912885,-1.6129202,-4.562223,2.3591807,-0.28710943,-1.3175088,4.1415024,6.2425637,0.108982675,-3.1413846,-2.4027674,10.0562935,-0.7554582,-1.9545115,-2.766629,0
4.0,4,-1.8972577,-1.4121733,-3.4926584,-3.9761038,10.285479,4.9509068,3.5233586,1.8329966,-3.1132102,-2.6684813,0.68474615,-0.19974639,-2.5913742,-2.4509943,4.558201,7.0016966,-2.686251,-2.6614873,-3.8872373,-2.3141434,1
4.0,4,-1.9382601,-1.462435,-3.505709,-3.985908,10.212259,4.926035,3.5664756,1.8707968,-3.123406,-2.624775,0.7068501,-0.21877842,-2.5971885,-2.438288,4.5496902,7.04751,-2.6879418,-2.6680405,-3.8876884,-2.307101,1
4.0,4,-1.9727819,-1.4985603,-3.514743,-3.994715,10.179384,4.937419,3.5991879,1.8936855,-3.125189,-2.5921113,0.7032632,-0.24660654,-2.596908,-2.4385219,4.5469866,7.0886774,-2.7011595,-2.6759357,-3.885922,-2.3044674,1
4.0,4,-1.9530785,-1.4777374,-3.5097215,-3.9906394,10.203079,4.9328136,3.5791578,1.8775213,-3.123264,-2.6103933,0.70241153,-0.23116268,-2.5936542,-2.4392633,4.5481315,7.066022,-2.6945488,-2.6708732,-3.885722,-2.306736,1
4.0,4,-1.9434279,-1.4676445,-3.50717,-3.9881139,10.211841,4.929422,3.5700543,1.8713565,-3.1228073,-2.6195374,0.70362693,-0.22333641,-2.5939825,-2.4391088,4.548913,7.0543947,-2.6907716,-2.6686945,-3.8862648,-2.3073852,1
4.0,4,-1.9483862,-1.4738375,-3.5083606,-3.9876401,10.197748,4.924774,3.5758202,1.8787551,-3.1247635,-2.6155913,0.7094446,-0.22511591,-2.5982893,-2.4368052,4.549371,7.058496,-2.689818,-2.6701577,-3.8880801,-2.305611,1
1.0,2,2.3750484,6.064312,12.396779,-2.4393404,-0.44912913,-2.5333185,-1.1711372,-1.7800561,0.20118389,0.9636858,0.122672185,-2.183073,-2.0183537,-1.3960481,-1.0603853,-1.2535762,-0.053288434,-0.49880433,-2.7820997,0.6525561,0
1.0,2,2.3746045,6.0637326,12.397099,-2.4391108,-0.44901225,-2.533387,-1.1708337,-1.7800975,0.20135641,0.9634221,0.122798674,-2.1829598,-2.0179775,-1.3958263,-1.0602851,-1.2534901,-0.053216267,-0.4991929,-2.782304,0.6524798,0
1.0,2,2.374585,6.0637174,12.397107,-2.4391005,-0.4490116,-2.533388,-1.1708258,-1.7800967,0.20136032,0.9634241,0.122802004,-2.1829574,-2.017973,-1.3958274,-1.0602838,-1.253484,-0.0532155,-0.49920487,-2.7823086,0.6524899,0
1.0,2,2.374608,6.063746,12.397096,-2.4391093,-0.44901177,-2.5333908,-1.1708418,-1.7800968,0.20135999,0.9634152,0.12279786,-2.1829603,-2.0179825,-1.3958275,-1.0602825,-1.2534913,-0.05322056,-0.499197,-2.7823017,0.65248895,0
1.0,2,2.3746212,6.0637507,12.397089,-2.4391186,-0.44901732,-2.5333877,-1.1708432,-1.780097,0.20135325,0.9634276,0.1227947,-2.182963,-2.0179875,-1.3958322,-1.0602885,-1.2534944,-0.05321869,-0.49918437,-2.7822962,0.6524826,0
1.0,2,2.3746135,6.0637455,12.397096,-2.4391115,-0.4490049,-2.5333855,-1.170837,-1.7800969,0.20135754,0.9634058,0.12279802,-2.1829607,-2.017973,-1.3958147,-1.06028,-1.2534944,-0.05321989,-0.4991935,-2.7823064,0.6524656,0
0.0,0,12.048733,6.9121356,-0.22878225,-1.7618188,-1.7650913,-0.9384012,0.07599534,-2.0415123,-3.3331008,1.5667813,-1.285274,-0.45074454,0.15311171,-0.8705504,-0.107678376,-0.8178285,-3.8427455,-3.020132,-3.2692473,-2.639908,1
0.0,0,12.02553,6.934719,-0.24119602,-1.7635539,-1.7449876,-0.91721576,0.060202375,-2.0388634,-3.3350163,1.5723208,-1.291122,-0.43571368,0.13649936,-0.8621833,-0.098887,-0.80153704,-3.865479,-3.0290153,-3.2731633,-2.6399035,1
0.0,0,12.0200405,6.948216,-0.24233413,-1.7656509,-1.7389636,-0.91047645,0.05135922,-2.0381892,-3.3329067,1.5732479,-1.2943215,-0.43542397,0.12862699,-0.86180866,-0.09619848,-0.79878616,-3.8722866,-3.0295515,-3.2717457,-2.6363795,1
0.0,0,12.022574,6.943825,-0.24125202,-1.7648169,-1.7417475,-0.9137718,0.053912915,-2.0386693,-3.3332822,1.5724586,-1.2932678,-0.4358514,0.13179816,-0.86183643,-0.0971601,-0.80026525,-3.8693426,-3.0292163,-3.2718005,-2.637361,1
0.0,0,12.023992,6.9400086,-0.2410271,-1.7642058,-1.7433702,-0.91558784,0.056386277,-2.0388703,-3.3339078,1.5722461,-1.2923552,-0.4357783,0.13395976,-0.8619059,-0.09787673,-0.8009043,-3.867529,-3.0291336,-3.272263,-2.6384075,1
0.0,0,12.02392,6.938094,-0.24160865,-1.7639543,-1.743454,-0.9155884,0.057787165,-2.038802,-3.33451,1.5725468,-1.2918702,-0.43517253,0.13451053,-0.86191183,-0.09808626,-0.8005399,-3.8673344,-3.0293438,-3.2729,-2.6391766,1
8.0,8,-1.5657501,-1.6815076,-0.71241945,-2.7719398,-3.3745384,-1.7802019,-1.9578031,-0.5142437,10.944468,7.8861914,-1.1112058,-0.7941889,0.25359973,0.025253348,-2.901372,0.2614215,-2.4263282,-1.9879586,0.63796103,-3.0203454,1
8.0,8,-1.5650364,-1.6619208,-0.6750357,-2.7593148,-3.3766825,-1.7966903,-1.9649231,-0.5116403,10.981349,7.8436675,-1.1054851,-0.8033825,0.2579733,0.027890041,-2.9083908,0.24195847,-2.4145374,-2.0039356,0.64972264,-3.0179205,1
8.0,8,-1.5584488,-1.6616682,-0.6541843,-2.7499175,-3.3614855,-1.80442,-1.9699168,-0.5383928,11.01665,7.8305645,-1.1072552,-0.80801356,0.25960833,-0.010685505,-2.923837,0.23415034,-2.3928955,-2.0037887,0.6704482,-3.001421,1
8.0,8,-1.5596564,-1.6633718,-0.6608219,-2.7529051,-3.3639388,-1.801892,-1.9692606,-0.5356558,11.007971,7.837616,-1.1073095,-0.8063904,0.25871193,-0.0045372937,-2.9207952,0.23709597,-2.3972945,-2.0016751,0.66662693,-3.0041063,1
8.0,8,-1.561535,-1.6637357,-0.6675336,-2.755935,-3.3684473,-1.7994789,-1.9679099,-0.52825177,10.997178,7.842397,-1.1068623,-0.804861,0.2581587,0.006702532,-2.91619,0.23961861,-2.4037385,-2.0012403,0.66056335,-3.0088916,1
8.0,8,-1.5634377,-1.662963,-0.6715378,-2.7579513,-3.372746,-1.798081,-1.9668708,-0.52072924,10.989069,7.844113,-1.1060853,-0.80403,0.25787073,0.01752808,-2.912249,0.24093516,-2.4091508,-2.0020106,0.6553673,-3.013312,1
15.0,15,-1.809726,-1.7611328,-2.4175615,-2.2194507,1.9579237,3.4467149,0.44542104,-3.0003269,-1.0585189,0.14466828,-2.7286155,0.673017,-3.6521275,-3.5733297,4.567671,12.160581,-2.651133,-2.0671546,-2.3347287,1.6555996,1
15.0,15,-1.8120469,-1.7686496,-2.4206648,-2.2252872,1.9658235,3.4449484,0.45380747,-2.9977026,-1.0624588,0.14056098,-2.7135952,0.67098796,-3.6579738,-3.5788114,4.562366,12.162716,-2.6445227,-2.05619,-2.334665,1.6530051,1
15.0,15,-1.8117628,-1.768682,-2.420897,-2.225087,1.9675051,3.4436607,0.45515513,-2.9972897,-1.0634216,0.13965149,-2.7114542,0.67195576,-3.6597316,-3.5795493,4.559645,12.163343,-2.6438324,-2.056261,-2.334394,1.6540686,1
15.0,15,-1.8116857,-1.7683947,-2.4207358,-2.2250326,1.9671489,3.4445102,0.45518565,-2.997318,-1.0629922,0.13986245,-2.7121882,0.6717436,-3.6592355,-3.5794492,4.559851,12.162948,-2.644374,-2.0566754,-2.3344095,1.653882,1
15.0,15,-1.8117721,-1.7684029,-2.4206777,-2.2250824,1.9666977,3.4447885,0.4547863,-2.9974356,-1.0627552,0.14009932,-2.7127378,0.67149657,-3.658779,-3.5792406,4.5606174,12.162806,-2.6445246,-2.056636,-2.3344874,1.6536027,1
15.0,15,-1.8118608,-1.768233,-2.4204416,-2.2249246,1.9654963,3.4445643,0.45356798,-2.9979172,-1.0621963,0.1407115,-2.7137592,0.67158926,-3.6579547,-3.5786412,4.561621,12.162624,-2.644663,-2.0567396,-2.3345428,1.6533941,1
9.0,9,-0.030778326,-3.7076752,0.8929254,-3.0643828,-3.083261,0.8648214,0.18575786,-1.9914647,0.6979566,13.153223,-1.9496385,-0.49262702,-0.7999335,-2.9151506,-3.6476462,0.5887072,-0.98269016,1.2623065,0.59687036,0.029260289,1
9.0,9,-0.030783262,-3.7076735,0.8929386,-3.0643811,-3.0832708,0.86480194,0.18574484,-1.9914666,0.69797987,13.153227,-1.9496361,-0.49263173,-0.7999531,-2.9151614,-3.6476457,0.58870053,-0.9826779,1.2623152,0.5968759,0.029273424,1
9.0,9,-0.030785996,-3.7076743,0.89294213,-3.0643816,-3.0832746,0.8647948,0.18574029,-1.9914683,0.69799024,13.153231,-1.9496344,-0.49263272,-0.7999598,-2.9151666,-3.647647,0.5886996,-0.98267406,1.2623173,0.5968804,0.029280934,1
9.0,9,-0.030785348,-3.7076747,0.8929402,-3.064382,-3.083273,0.864799,0.18574129,-1.991469,0.69798803,13.153228,-1.949635,-0.4926322,-0.7999557,-2.9151652,-3.6476476,0.58870023,-0.982676,1.2623162,0.5968785,0.029277522,1
9.0,9,-0.030783344,-3.707673,0.8929401,-3.0643804,-3.083272,0.8648011,0.18574333,-1.9914678,0.69798106,13.153228,-1.9496362,-0.49263173,-0.79995465,-2.9151642,-3.647646,0.5887006,-0.9826768,1.2623158,0.5968765,0.029276486,1
9.0,9,-0.030783381,-3.707674,0.89293945,-3.064381,-3.0832696,0.8648035,0.18574433,-1.9914674,0.69798046,13.153227,-1.9496361,-0.4926317,-0.7999509,-2.9151633,-3.6476464,0.58870065,-0.9826779,1.2623163,0.5968752,0.02927323,1
9.0,19,-1.4937959,-1.4324008,-0.25753236,-0.70334834,-1.5930653,-2.1209123,-1.4091738,0.2498234,-0.060496394,1.691964,-0.95416963,-1.6898088,-4.043192,-4.169043,0.26697022,1.7405534,-0.17561975,-0.4489641,3.8491201,13.841514,0
9.0,19,-1.4937525,-1.4323585,-0.2575292,-0.70339483,-1.593121,-2.1209068,-1.4092131,0.24982871,-0.060431544,1.6920809,-0.9541865,-1.689832,-4.043211,-4.169068,0.26694268,1.7405273,-0.17568685,-0.4489484,3.849113,13.841478,0
9.0,19,-1.4937493,-1.4323553,-0.2575292,-0.70339775,-1.5931236,-2.120907,-1.4092162,0.24982786,-0.060426015,1.6920878,-0.95418686,-1.6898333,-4.0432134,-4.169071,0.2669403,1.7405254,-0.1756907,-0.4489475,3.8491113,13.8414755,0
9.0,19,-1.4937501,-1.4323554,-0.25752947,-0.7033966,-1.593123,-2.1209073,-1.409216,0.24982886,-0.060426544,1.6920841,-0.95418596,-1.6898332,-4.0432124,-4.1690693,0.26694107,1.7405252,-0.1756902,-0.44894743,3.8491132,13.841478,0
9.0,19,-1.493749,-1.4323555,-0.25752887,-0.7033977,-1.5931238,-2.120907,-1.4092153,0.2498288,-0.06042711,1.6920885,-0.9541873,-1.6898338,-4.0432134,-4.169071,0.26694027,1.7405257,-0.17569068,-0.44894725,3.8491116,13.841476,0
9.0,19,-1.4937519,-1.4323559,-0.25752878,-0.70339566,-1.5931213,-2.1209075,-1.4092149,0.2498295,-0.06042769,1.6920809,-0.95418555,-1.6898327,-4.043211,-4.1690693,0.26694226,1.7405261,-0.1756892,-0.44894865,3.849112,13.841477,0
14.0,14,-2.6597552,-1.5666023,-1.6460379,-0.12826371,-0.4962552,1.1978831,-2.9440022,-0.9764272,-1.674568,-2.568938,-0.12886882,-1.2246873,0.76256573,1.0781841,12.948632,5.0629096,-2.0330822,-0.4115628,-3.5061963,0.1106008,1
14.0,14,-2.6577697,-1.5678644,-1.6453295,-0.12744161,-0.49618313,1.1932471,-2.9427469,-0.97755235,-1.6739748,-2.5697064,-0.12733616,-1.224019,0.76331353,1.0747119,12.948494,5.0626974,-2.0303302,-0.4125417,-3.5062654,0.11170858,1
14.0,14,-2.6578124,-1.5676807,-1.6454589,-0.12762617,-0.49592313,1.1938235,-2.9427311,-0.97729635,-1.6740326,-2.569717,-0.12764843,-1.2242643,0.7633288,1.0749474,12.948594,5.0627956,-2.0307086,-0.41264927,-3.5062232,0.11150333,1
14.0,14,-2.657868,-1.5676955,-1.6454432,-0.1275907,-0.4960204,1.1937969,-2.9427834,-0.97735137,-1.6740372,-2.5696905,-0.1275984,-1.2241937,0.7633067,1.0750048,12.948564,5.062764,-2.030677,-0.41256604,-3.5062315,0.111521244,1
14.0,14,-2.6578543,-1.5677403,-1.645412,-0.12754586,-0.49608454,1.1936576,-2.9427843,-0.97741145,-1.6740183,-2.5696826,-0.12752871,-1.2241424,0.76330054,1.0749373,12.948536,5.0627546,-2.0305896,-0.41255382,-3.5062423,0.111572295,1
14.0,14,-2.6578999,-1.567734,-1.6454147,-0.1275478,-0.4960908,1.1937057,-2.9428182,-0.97740555,-1.6740394,-2.5696821,-0.12751861,-1.2241247,0.7632885,1.0750074,12.948541,5.0627055,-2.0306046,-0.41249442,-3.506246,0.11156945,1
5.0,7,-3.795077,-4.339089,-3.1232603,-0.6807399,0.83838075,6.7371097,8.08271,10.053101,-2.885812,0.7899857,0.0089949025,-2.9808977,-3.8698528,-1.5410002,0.16262382,2.321958,-2.201501,-1.5441009,-1.3325908,-2.0433974,0
5.0,7,-3.8161485,-4.286691,-3.1056356,-0.6683498,0.81603074,6.7527633,7.978939,10.107957,-2.8636107,0.756642,-0.02480271,-2.9816124,-3.8434708,-1.5082121,0.22487974,2.2768056,-2.2245946,-1.5322697,-1.3233013,-2.032191,0
5.0,7,-3.8257668,-4.2506604,-3.1073382,-0.6702637,0.81443334,6.784808,7.916858,10.129275,-2.850029,0.7521274,-0.05162142,-2.9764814,-3.8303933,-1.4864177,0.25025946,2.2490575,-2.2462614,-1.5202956,-1.3004678,-2.0344245,0
5.0,7,-3.8240783,-4.256926,-3.1048267,-0.6682327,0.8120152,6.775138,7.9266562,10.128348,-2.8519928,0.75030494,-0.04643052,-2.9785962,-3.8315203,-1.4899546,0.24796897,2.2523835,-2.2413394,-1.5228988,-1.3069589,-2.032707,0
5.0,7,-3.822607,-4.2633677,-3.103076,-0.66673094,0.8109907,6.767086,7.9369917,10.126222,-2.8542633,0.7492489,-0.041295864,-2.9800932,-3.8331306,-1.4936545,0.24518782,2.2566738,-2.2369776,-1.5255747,-1.312817,-2.0314436,0
5.0,7,-3.8212492,-4.2692194,-3.1028264,-0.6663668,0.81195027,6.7623663,7.9470563,10.122617,-2.8566155,0.7500212,-0.036996465,-2.9806247,-3.8350031,-1.4969032,0.24151687,2.2612638,-2.2341058,-1.5279742,-1.3167316,-2.0312853,0
0.0,0,12.40104,3.7262423,0.70131934,-2.2833984,-2.9072404,-1.7004933,1.355982,-2.6150088,-1.925079,0.4788859,-1.7208785,-1.7498114,2.8046224,-1.5639592,-2.2904484,-2.4343445,-0.51489687,-0.8712938,1.1769754,-2.7421424,1
0.0,0,12.401183,3.72729,0.7021634,-2.2837968,-2.90676,-1.7005249,1.3554516,-2.614972,-1.9245214,0.4786113,-1.7211927,-1.7502006,2.8039112,-1.5642028,-2.290543,-2.4345157,-0.51500076,-0.8712537,1.1776751,-2.7418475,1
0.0,0,12.401154,3.727345,0.7022096,-2.2837443,-2.9069467,-1.7004842,1.3553528,-2.614971,-1.9245875,0.47880268,-1.7212485,-1.7502836,2.803952,-1.564134,-2.2905219,-2.4345934,-0.5150984,-0.87125343,1.1778041,-2.7416234,1
0.0,0,12.4011755,3.7273054,0.70219135,-2.283734,-2.9069252,-1.7005007,1.3554021,-2.614987,-1.9246029,0.47875738,-1.7212114,-1.7502474,2.8039863,-1.5641401,-2.2905054,-2.4345586,-0.5150647,-0.8712738,1.1776409,-2.7417226,1
0.0,0,12.401187,3.7272682,0.7021694,-2.283759,-2.9068463,-1.7005198,1.3554529,-2.6149862,-1.9245772,0.4786805,-1.7211827,-1.7502128,2.8039696,-1.5641669,-2.2905164,-2.4345264,-0.5150191,-0.87127125,1.1775776,-2.741826,1
0.0,0,12.401188,3.7272537,0.70214564,-2.2837658,-2.9068062,-1.7005254,1.3554711,-2.6149857,-1.9245598,0.47863686,-1.7211758,-1.7501899,2.803966,-1.5641831,-2.2905219,-2.434509,-0.51500225,-0.87127125,1.1775773,-2.741864,1
19.0,19,-2.7578142,-1.909083,4.3504004,-0.81883574,-0.793991,-2.3744895,-0.2730385,-0.5450781,-0.3400311,0.82201016,-0.6814724,-1.6750056,-3.094452,-3.427548,-0.018686375,1.7075894,0.335211,-0.6732044,4.8371773,13.17921,1
19.0,19,-2.7578652,-1.9094049,4.3508105,-0.81894517,-0.79386026,-2.3744333,-0.27293527,-0.5451567,-0.34007862,0.8220237,-0.68148524,-1.6746949,-3.0942836,-3.4274719,-0.018983575,1.7071846,0.33543783,-0.6726048,4.837938,13.178723,1
19.0,19,-2.7578547,-1.9093885,4.3511944,-0.819026,-0.7937707,-2.3745039,-0.27293736,-0.54528254,-0.34006032,0.8221131,-0.6814748,-1.6747947,-3.0942173,-3.4275653,-0.018919637,1.7072866,0.3354952,-0.67267346,4.8374248,13.1785965,1
19.0,19,-2.7578588,-1.9093543,4.3510313,-0.8189873,-0.7937962,-2.3744876,-0.27294797,-0.545232,-0.34005493,0.82205445,-0.68147236,-1.6747988,-3.094252,-3.427537,-0.018898873,1.707298,0.33545002,-0.67272043,4.8375106,13.178692,1
19.0,19,-2.7578607,-1.9093575,4.3508883,-0.81895715,-0.79382885,-2.374462,-0.27294838,-0.5451863,-0.34006092,0.82202077,-0.68147635,-1.6747658,-3.0942786,-3.4275045,-0.018918993,1.7072655,0.33542785,-0.672701,4.8376884,13.178742,1
19.0,19,-2.7578633,-1.9093592,4.350816,-0.8189425,-0.7938472,-2.3744493,-0.27294844,-0.5451623,-0.34006533,0.82200766,-0.68147945,-1.6747488,-3.0942907,-3.4274888,-0.018929826,1.7072495,0.33541548,-0.6726913,4.837777,13.178765,1
19.0,19,-2.3495312,-1.1719078,1.5360903,-1.1949731,2.7440844,-1.677515,-0.81588227,-1.3161391,-0.77976125,-1.7667482,-1.319125,-2.3038955,-2.6202302,-3.1084752,1.4123063,2.8775935,1.1094228,-1.0881677,3.7429583,13.299166,1
19.0,19,-2.3495474,-1.1718819,1.536313,-1.1949686,2.744047,-1.6774853,-0.8158731,-1.3161442,-0.7796808,-1.76664,-1.3192401,-2.3039904,-2.620178,-3.108549,1.4123915,2.8776226,1.109282,-1.0882826,3.7427142,13.29919,1
19.0,19,-2.3495502,-1.1719062,1.5364404,-1.1950166,2.744139,-1.6774849,-0.8158717,-1.3162044,-0.7796362,-1.7665926,-1.3192775,-2.3040562,-2.6201463,-3.1086164,1.4124287,2.8776548,1.1093091,-1.0883029,3.7425263,13.299134,1
19.0,19,-2.34955,-1.1719002,1.5364217,-1.1950138,2.7441285,-1.6774929,-0.8158758,-1.3161961,-0.7796441,-1.7666011,-1.3192561,-2.3040454,-2.6201558,-3.1086047,1.4124238,2.877653,1.1093048,-1.0882957,3.7425432,13.299141,1
19.0,19,-2.3495493,-1.1718944,1.5363896,-1.1950021,2.744107,-1.6774952,-0.81587636,-1.3161805,-0.77965564,-1.766613,-1.3192434,-2.3040302,-2.6201642,-3.1085882,1.412414,2.8776457,1.1092983,-1.0882893,3.7425895,13.299155,1
19.0,19,-2.3495502,-1.1718907,1.5363748,-1.1949975,2.7440946,-1.6775001,-0.8158783,-1.3161728,-0.7796607,-1.7666183,-1.3192313,-2.3040223,-2.6201713,-3.1085806,1.4124106,2.8776443,1.109293,-1.0882853,3.7426038,13.299162,1
4.0,7,-3.3658316,0.11249733,-2.2529275,-2.1227207,2.0777586,4.7087536,-1.269369,7.4351954,0.45283124,-1.2425722,-1.8331033,-3.7955916,-0.4842339,2.9717019,7.213556,2.2488687,-5.2419405,-2.1750433,-3.1621392,-2.222933,0
4.0,7,-3.3687367,0.12759925,-2.2511177,-2.0926297,1.9895089,4.6768894,-1.3290932,7.3785787,0.42838833,-1.2642895,-1.8281001,-3.7638516,-0.46688235,3.0140154,7.3005257,2.285099,-5.2269044,-2.1685138,-3.1777806,-2.2136085,0
4.0,7,-3.3695014,0.12749296,-2.2539382,-2.0910776,1.9917952,4.6791935,-1.328324,7.375228,0.42520884,-1.260861,-1.8307394,-3.7613328,-0.46207243,3.0172026,7.303428,2.2895,-5.2304683,-2.172035,-3.179983,-2.218455,0
4.0,7,-3.3693562,0.1281582,-2.2531185,-2.0909655,1.9879808,4.6779666,-1.3282931,7.3776236,0.42707667,-1.262885,-1.8293793,-3.7617736,-0.46542388,3.0163207,7.3010764,2.2891583,-5.2287335,-2.1712847,-3.178374,-2.216203,0
4.0,7,-3.369186,0.12824988,-2.2523518,-2.091137,1.9868914,4.6772456,-1.3291055,7.377736,0.4276158,-1.2638086,-1.8287457,-3.7621624,-0.46623793,3.0158415,7.301302,2.2882512,-5.227773,-2.170275,-3.1780288,-2.2149794,0
4.0,7,-3.368869,0.12784618,-2.2515242,-2.091665,1.9887102,4.6767316,-1.3304099,7.3761163,0.42723686,-1.2638109,-1.8287007,-3.7627163,-0.4646922,3.0157437,7.303378,2.28648,-5.227594,-2.169178,-3.1787958,-2.2147238,0
19.0,19,-1.3057357,-1.3804797,0.33384126,-0.522427,-1.6815301,-3.8798642,-1.8903317,-0.66024035,2.2515461,2.0768776,-0.10936765,-1.3726624,-3.6992438,-4.1382575,-0.80375516,0.8718387,0.2422358,-1.4520937,5.1034775,13.755527,1
19.0,19,-1.3047562,-1.3810165,0.3333822,-0.52452874,-1.6846392,-3.8818161,-1.8907031,-0.66057134,2.2577093,2.08233,-0.10882106,-1.3734998,-3.698321,-4.138354,-0.80645806,0.86994505,0.23971817,-1.4529209,5.1068215,13.753673,1
19.0,19,-1.3050934,-1.3826782,0.33239692,-0.52618456,-1.6865335,-3.8817058,-1.8920442,-0.6619564,2.2610734,2.0880508,-0.110168315,-1.3738102,-3.698346,-4.1390147,-0.8073192,0.87009645,0.23881194,-1.451827,5.10728,13.752466,1
19.0,19,-1.3050307,-1.3826324,0.33250776,-0.5261475,-1.6865369,-3.8817801,-1.8921099,-0.6620574,2.2611039,2.0881047,-0.110145986,-1.3737602,-3.698352,-4.13908,-0.8073357,0.87010056,0.23886296,-1.4518481,5.107128,13.7524185,1
19.0,19,-1.3049328,-1.3823602,0.3326725,-0.5259619,-1.6863753,-3.8819263,-1.8918948,-0.66181296,2.2608824,2.0873477,-0.10986332,-1.3737515,-3.6983042,-4.1389546,-0.80734223,0.8699414,0.23889408,-1.4520943,5.1072845,13.752538,1
19.0,19,-1.304814,-1.3820667,0.3328612,-0.52575254,-1.6861849,-3.8820632,-1.8916962,-0.66160166,2.2605898,2.0865777,-0.109589815,-1.3737189,-3.6982732,-4.1388516,-0.8073197,0.869822,0.23895249,-1.4523354,5.107338,13.752663,1
0.0,0,11.686007,1.973733,-0.04571326,-1.8967904,-1.6296532,-1.5841833,2.8682456,-2.1590958,-2.4547389,0.0051716566,-1.7354252,-2.5020185,4.9318776,-1.4133341,-2.2371144,-2.3025944,-0.016831838,-1.4827437,0.34918284,-2.684424,1
0.0,0,11.682061,1.9706606,-0.049373902,-1.896111,-1.6236297,-1.5852776,2.869361,-2.1562655,-2.4582245,-0.0014357492,-1.7356879,-2.5057127,4.930511,-1.4147098,-2.2365794,-2.3021321,-0.008423336,-1.4800795,0.35698524,-2.6769273,1
0.0,0,11.68264,1.9743086,-0.050026543,-1.896282,-1.6209122,-1.5844328,2.8643014,-2.1577806,-2.457245,-0.0041017495,-1.7373041,-2.5054858,4.9309964,-1.4152672,-2.2349365,-2.3024132,-0.010491615,-1.4797363,0.36227122,-2.6728764,1
0.0,0,11.682793,1.9735564,-0.04951074,-1.8962609,-1.6221285,-1.5847619,2.8655202,-2.1575592,-2.457342,-0.0030548722,-1.7368249,-2.5053897,4.9308968,-1.4150075,-2.2354012,-2.3024256,-0.010127757,-1.4798898,0.3601437,-2.6744552,1
0.0,0,11.682523,1.971986,-0.049238645,-1.896178,-1.6232697,-1.5851545,2.8676624,-2.156909,-2.4577792,-0.0019757822,-1.7361331,-2.5055146,4.930687,-1.4147724,-2.2360935,-2.3023114,-0.0091478005,-1.4800078,0.35791734,-2.676134,1
0.0,0,11.682001,1.9709247,-0.049497984,-1.8960769,-1.6233109,-1.5853572,2.8688252,-2.1563478,-2.4582605,-0.0019746646,-1.7358376,-2.505847,4.9304986,-1.4147747,-2.2363863,-2.3021824,-0.008110492,-1.4798888,0.3576846,-2.6762514,1
15.0,15,-0.81552035,-2.5254333,-2.9451187,-1.0495077,2.2586014,0.4912688,1.3081237,-2.3849208,-1.8512837,2.5056295,-1.2237105,2.7535968,-4.2182856,-4.1409707,2.8591218,11.931679,0.52746516,-2.3027897,-2.8279674,-0.88774824,1
15.0,15,-0.82126945,-2.5293586,-2.9408221,-1.0480437,2.2498841,0.49246228,1.305652,-2.385007,-1.8506203,2.5118058,-1.2289033,2.7451346,-4.213568,-4.1365128,2.8657153,11.933721,0.52666897,-2.3039653,-2.8290782,-0.8866899,1
15.0,15,-0.8241729,-2.5299096,-2.939438,-1.0501322,2.2490482,0.49543786,1.3053497,-2.3838153,-1.8508642,2.513777,-1.2304728,2.7396686,-4.2119966,-4.1346474,2.8701422,11.936437,0.5213125,-2.304203,-2.8300023,-0.8864298,1
15.0,15,-0.8230803,-2.5299754,-2.9399319,-1.048554,2.2489817,0.4937843,1.3050815,-2.3848429,-1.8506267,2.5127156,-1.2298256,2.7425337,-4.2123713,-4.135554,2.8682592,11.935147,0.5243251,-2.3042443,-2.8294518,-0.88627344,1
15.0,15,-0.82191706,-2.529764,-2.9404829,-1.0476778,2.2493248,0.49256915,1.3051703,-2.3853686,-1.8505139,2.5118873,-1.2291781,2.7447875,-4.2129874,-4.1363287,2.866469,11.934054,0.52652174,-2.3041513,-2.8290687,-0.88636005,1
15.0,15,-0.821893,-2.530452,-2.9402852,-1.0465649,2.2479281,0.4915864,1.305259,-2.3855865,-1.850388,2.5124433,-1.2296479,2.7451885,-4.2127266,-4.136242,2.8655636,11.93335,0.52853894,-2.3043976,-2.8287537,-0.8861905,1
18.0,18,-1.2780943,-0.68358886,-3.4440947,-0.57189536,-0.35109124,1.5224159,-1.289029,0.56806225,1.1849054,0.49442458,-2.3010116,2.8066113,-2.0475285,-0.5271864,-2.367771,-2.0425208,0.15890834,3.3369622,13.216416,4.1659985,1
18.0,18,-1.2777725,-0.6833774,-3.4444232,-0.57187855,-0.3506427,1.5224386,-1.2886473,0.56944454,1.1834294,0.49384022,-2.300573,2.8066556,-2.0473742,-0.52721715,-2.3676832,-2.0430808,0.15887533,3.3377745,13.215813,4.1655684,1
18.0,18,-1.2780546,-0.6834217,-3.4437633,-0.5721874,-0.34979972,1.5221924,-1.288738,0.5686624,1.1843929,0.49360114,-2.3005967,2.806097,-2.0483668,-0.5277966,-2.3676512,-2.0423553,0.15909931,3.3374953,13.216198,4.1665134,1
18.0,18,-1.2780579,-0.6834466,-3.443772,-0.57216114,-0.34986576,1.5221915,-1.2887588,0.56858706,1.1843804,0.4936353,-2.3006082,2.806158,-2.0483174,-0.5277758,-2.3676555,-2.0423548,0.15913318,3.3374712,13.216199,4.166532,1
18.0,18,-1.2780142,-0.6834455,-3.4438586,-0.5721231,-0.34994987,1.5222241,-1.2887305,0.5687024,1.1842014,0.4936443,-2.3005917,2.8062289,-2.0481844,-0.52770984,-2.3676534,-2.042447,0.15911804,3.3375237,13.216134,4.166425,1
18.0,18,-1.2779765,-0.683449,-3.4439354,-0.5720827,-0.35003766,1.5222505,-1.288712,0.56878775,1.1840382,0.49365842,-2.3005772,2.8063097,-2.048058,-0.5276481,-2.367654,-2.0425289,0.15911448,3.3375673,13.216077,4.1663337,1
2.0,2,0.26303378,-0.79184216,12.728852,-0.9623898,-0.33172834,-2.6541524,1.5853581,-1.8410883,2.2367594,1.7776365,0.11626918,-1.790894,2.6954122,-1.4982358,-1.9268734,-1.3700279,0.6391237,-2.7853403,-3.1115344,-0.8330693,1
2.0,2,0.263023,-0.7918551,12.728846,-0.9624022,-0.3317497,-2.6541467,1.5853664,-1.8410921,2.2367384,1.7776833,0.116274856,-1.7908927,2.6953807,-1.4982319,-1.926874,-1.370011,0.6391186,-2.7853262,-3.1115408,-0.8330614,1
2.0,2,0.26302204,-0.7918584,12.728847,-0.96240395,-0.33174118,-2.6541445,1.5853676,-1.8410964,2.2367318,1.7776893,0.116273485,-1.7908933,2.6953735,-1.4982383,-1.9268745,-1.3700079,0.63912374,-2.7853212,-3.1115417,-0.8330579,1
2.0,2,0.2630224,-0.7918558,12.7288475,-0.96240366,-0.33173725,-2.6541457,1.5853673,-1.8410968,2.236735,1.7776839,0.11627323,-1.7908934,2.695376,-1.4982382,-1.9268742,-1.3700092,0.63912416,-2.785323,-3.11154,-0.833058,1
2.0,2,0.26302272,-0.79185444,12.728847,-0.96240145,-0.33174333,-2.6541457,1.5853658,-1.8410939,2.236739,1.77768,0.11627466,-1.7908936,2.6953804,-1.4982334,-1.926874,-1.370011,0.6391207,-2.7853262,-3.111541,-0.8330611,1
2.0,2,0.26302156,-0.7918556,12.728849,-0.96240294,-0.33174756,-2.654146,1.5853671,-1.8410941,2.2367358,1.7776868,0.1162752,-1.790893,2.6953754,-1.4982326,-1.9268737,-1.3700081,0.6391193,-2.785325,-3.1115417,-0.83306,1
12.0,13,-2.8985083,0.33100528,0.26307908,-1.0179936,-3.043221,-1.206144,-2.1410224,-1.2016673,1.2761147,0.37529254,-0.99169713,0.32912824,5.404822,14.086367,1.0211596,-2.2270863,-3.9106174,-1.424746,-0.99615383,-1.3860943,0
12.0,13,-2.8985238,0.33119553,0.26301244,-1.0179433,-3.0433092,-1.2062101,-2.1410956,-1.2014397,1.2760394,0.3752644,-0.99176604,0.32925305,5.4039426,14.086496,1.0211316,-2.2271073,-3.9104762,-1.4245576,-0.99586976,-1.3858768,0
12.0,13,-2.8985245,0.3312113,0.26301786,-1.0179712,-3.0433183,-1.2062112,-2.1410928,-1.2014084,1.2760383,0.3752911,-0.9917708,0.32924134,5.403862,14.086513,1.0211169,-2.2271142,-3.9104657,-1.4245399,-0.995849,-1.3858721,0
12.0,13,-2.898525,0.33120656,0.26301607,-1.0179566,-3.0433137,-1.2062118,-2.141095,-1.201424,1.2760406,0.3752759,-0.99176764,0.32925084,5.403893,14.086505,1.0211233,-2.22711,-3.910469,-1.4245493,-0.9958576,-1.3858739,0
12.0,13,-2.8985248,0.3312006,0.26301548,-1.0179476,-3.0433109,-1.2062118,-2.1410966,-1.2014354,1.2760415,0.37526673,-0.9917658,0.32925427,5.4039235,14.086499,1.0211284,-2.2271082,-3.9104733,-1.4245569,-0.9958657,-1.3858759,0
12.0,13,-2.8985224,0.3312077,0.26301536,-1.017943,-3.043312,-1.2062165,-2.1410995,-1.2014381,1.2760432,0.3752569,-0.9917631,0.32926634,5.4039035,14.086504,1.0211294,-2.2271063,-3.9104671,-1.4245579,-0.9958619,-1.3858712,0
15.0,15,-2.2429307,-2.446019,-3.6876888,3.6469884,-2.686816,0.43266702,-1.6884764,-3.1460795,-1.9763498,2.32898,-1.941299,5.8943515,-1.0017782,1.3573616,5.10589,9.179142,-2.3962367,-2.348335,-2.271104,-0.89718807,1
15.0,15,-2.2413146,-2.4468095,-3.6875963,3.6514437,-2.6884534,0.43247202,-1.6873741,-3.1460598,-1.9767107,2.3299172,-1.9422318,5.8962774,-1.001207,1.3546019,5.1008353,9.178164,-2.3939095,-2.348707,-2.2701526,-0.8971569,1
15.0,15,-2.2422276,-2.4473355,-3.6869802,3.652256,-2.6903677,0.43121332,-1.6886164,-3.1463332,-1.9757442,2.3282077,-1.9415468,5.8971534,-0.9997752,1.3579736,5.1023836,9.175961,-2.393467,-2.348937,-2.2698233,-0.89669067,1
15.0,15,-2.241753,-2.4472864,-3.6872516,3.652861,-2.6903543,0.43121064,-1.6884582,-3.1464686,-1.9758253,2.3286085,-1.9417355,5.8977904,-0.9999337,1.3570732,5.101352,9.175858,-2.393183,-2.3488266,-2.2695715,-0.896788,1
15.0,15,-2.241453,-2.4471211,-3.687426,3.6526713,-2.6898403,0.43158367,-1.6880777,-3.1463997,-1.9760786,2.3292158,-1.9419724,5.8975897,-1.0003569,1.3560675,5.100713,9.176466,-2.3933024,-2.3487635,-2.2696314,-0.8969428,1
15.0,15,-2.241065,-2.447124,-3.68718,3.653975,-2.6910944,0.43127543,-1.6881638,-3.1466722,-1.9754332,2.3301256,-1.9423596,5.8986545,-0.9999,1.3564553,5.0983987,9.175359,-2.3928523,-2.3489404,-2.2689922,-0.8970544,1
0.0,0,13.080803,4.942692,0.26770455,-1.9110048,-2.036442,-2.0802379,1.2079738,-2.9535964,-2.7033136,1.0811847,-0.9921893,-1.490202,2.8130682,-0.9334684,-1.0944976,-2.2136414,-1.8626784,-1.9939812,-2.778768,-3.328324,1
0.0,0,13.084616,4.991035,0.2631622,-1.9235071,-2.022116,-2.0734975,1.1784856,-2.9619565,-2.6881075,1.0892494,-0.9992991,-1.4916486,2.798306,-0.93777853,-1.0892408,-2.208706,-1.8813524,-1.9931988,-2.7788017,-3.3251505,1
0.0,0,13.086901,5.004074,0.2626939,-1.9283481,-2.0200403,-2.0700939,1.1699665,-2.9651093,-2.6790893,1.0960072,-1.0037923,-1.4937207,2.7907465,-0.94601524,-1.091342,-2.2071793,-1.8854834,-1.9916152,-2.775429,-3.322595,1
0.0,0,13.086363,4.9995656,0.26351997,-1.9262962,-2.0212464,-2.071538,1.1728445,-2.9638567,-2.682365,1.0929403,-1.0025985,-1.4931214,2.7934268,-0.9429872,-1.0907925,-2.2080593,-1.8835812,-1.992283,-2.7758834,-3.3231046,1
0.0,0,13.085672,4.995551,0.26370648,-1.9247634,-2.021908,-2.072622,1.1755099,-2.9628353,-2.6852245,1.0907619,-1.0012262,-1.4924669,2.795721,-0.9403906,-1.0901293,-2.2085333,-1.8822719,-1.9927934,-2.7768898,-3.3238766,1
0.0,0,13.085249,4.996373,0.26312575,-1.9246536,-2.020882,-2.073011,1.1753552,-2.9626102,-2.6866987,1.0896544,-1.0002711,-1.491772,2.7961113,-0.93836427,-1.088771,-2.2082055,-1.8829995,-1.993153,-2.7782693,-3.3244603,1
14.0,14,-2.9486766,-1.7788299,-1.1654959,-0.08422715,-0.006920995,1.1500618,-2.691165,-0.6352531,-1.0662587,-2.8151088,0.4950377,-1.4238975,0.14226042,0.03768833,12.747614,4.291327,-1.4966972,-0.983999,-3.551658,1.0617447,1
14.0,14,-2.94712,-1.7810848,-1.1652055,-0.08416326,-0.0101718325,1.1418087,-2.6903596,-0.637011,-1.0685421,-2.8125248,0.49752745,-1.4240631,0.14151704,0.03699667,12.746999,4.2939663,-1.4932599,-0.9828099,-3.5522087,1.0643269,1
14.0,14,-2.9470587,-1.7817565,-1.1652253,-0.084997706,-0.009655656,1.1426587,-2.6899273,-0.6373241,-1.069508,-2.811848,0.49685028,-1.4250821,0.1418656,0.03656856,12.747242,4.294592,-1.4930736,-0.98230183,-3.5518656,1.0645298,1
14.0,14,-2.9471889,-1.7814066,-1.1652192,-0.084649354,-0.009934263,1.1422622,-2.6901574,-0.637218,-1.0690553,-2.8121843,0.49719816,-1.4245745,0.14165796,0.036843576,12.747138,4.2944508,-1.4932132,-0.9825642,-3.5520005,1.0644618,1
14.0,14,-2.9471858,-1.7812424,-1.1652027,-0.08436387,-0.0101872105,1.1417758,-2.6902726,-0.63714963,-1.0687966,-2.8123484,0.49747565,-1.4242382,0.14150347,0.036959045,12.747048,4.294343,-1.4931827,-0.9827087,-3.5521262,1.064456,1
14.0,14,-2.9471145,-1.7812555,-1.1652118,-0.084320866,-0.00993696,1.1422213,-2.6902351,-0.6370421,-1.0687709,-2.8124385,0.49730048,-1.4242731,0.14169848,0.03692355,12.747075,4.293911,-1.4932253,-0.98265254,-3.5521028,1.0642383,1
7.0,7,-3.385259,-2.3883624,-1.7467444,-0.09580848,2.713524,4.8551927,5.8781447,12.615531,-3.0817716,-0.6925318,-1.1274375,-2.8441129,-2.1702316,-0.7565631,-0.2678792,-1.3201737,-2.0586703,-1.1389419,-0.20697904,-0.5827164,1
7.0,7,-3.3821356,-2.386211,-1.7440429,-0.091942266,2.7015364,4.843253,5.8766737,12.6193075,-3.077794,-0.6916468,-1.125934,-2.8427184,-2.1659338,-0.75136787,-0.26895425,-1.327758,-2.0602033,-1.1424309,-0.20604378,-0.57938564,1
7.0,7,-3.380672,-2.3852384,-1.7432135,-0.090419695,2.6967123,4.838169,5.8761845,12.620871,-3.0758884,-0.69110286,-1.1252166,-2.8422494,-2.163834,-0.74919456,-0.26934075,-1.3309145,-2.0614896,-1.1442595,-0.20511138,-0.5777785,1
7.0,7,-3.3808367,-2.385425,-1.7432599,-0.09053618,2.6972144,4.838584,5.8763742,12.62076,-3.0761228,-0.69119114,-1.125241,-2.8423038,-2.164082,-0.749469,-0.26936278,-1.3305923,-2.0612364,-1.14406,-0.2052986,-0.57797086,1
7.0,7,-3.3808668,-2.3855324,-1.7431587,-0.09046765,2.6972094,4.8384275,5.876576,12.620839,-3.0761673,-0.6912418,-1.1251557,-2.8423107,-2.1641593,-0.74953806,-0.26943737,-1.3305805,-2.0610795,-1.1440783,-0.20547798,-0.5780082,1
7.0,7,-3.380914,-2.3856409,-1.7430753,-0.090435825,2.6972976,4.838378,5.876767,12.62087,-3.0762374,-0.69129467,-1.1250979,-2.8423295,-2.1642573,-0.74964136,-0.26948744,-1.3305147,-2.0609329,-1.1440816,-0.20565292,-0.5780477,1
8.0,8,-3.2057374,-0.7000459,1.4281278,-2.36773,-2.2656038,-3.944424,-4.088278,-1.7782295,10.948163,3.2601721,-0.1891874,-2.5632014,-2.3375626,-3.3041885,-0.24337718,0.42069304,-0.7029484,-1.6397947,3.881046,8.096657,1
8.0,8,-3.2059433,-0.7013256,1.4292632,-2.368568,-2.2665558,-3.9441135,-4.089599,-1.7811275,10.954905,3.264736,-0.18950948,-2.5615973,-2.3343987,-3.3029008,-0.24610491,0.4179011,-0.70229614,-1.6384685,3.8806741,8.087357,1
8.0,8,-3.20619,-0.702572,1.4293453,-2.3684368,-2.2668178,-3.9440634,-4.0898776,-1.78249,10.95639,3.2661164,-0.18984383,-2.5605774,-2.333492,-3.302835,-0.2472665,0.41736197,-0.70156807,-1.6378452,3.881168,8.085764,1
8.0,8,-3.2061694,-0.7023777,1.4292545,-2.3683815,-2.2667367,-3.9441023,-4.0897617,-1.7821474,10.95568,3.2656653,-0.18978119,-2.5607822,-2.3338616,-3.3029437,-0.24694411,0.41763657,-0.70167166,-1.6379745,3.8811588,8.0867,1
8.0,8,-3.2061155,-0.70207125,1.4292243,-2.3684015,-2.2666712,-3.9441247,-4.089685,-1.7817876,10.955231,3.265287,-0.18969168,-2.5610383,-2.33413,-3.302974,-0.24663219,0.41779727,-0.70184964,-1.6381266,3.881049,8.087219,1
8.0,8,-3.206041,-0.7017368,1.4292136,-2.3684227,-2.2665966,-3.9441566,-4.089607,-1.7814245,10.954824,3.2648847,-0.18958925,-2.5613077,-2.3343594,-3.3029907,-0.2463264,0.41792613,-0.7020366,-1.6383016,3.8809283,8.087667,1
11.0,11,-0.37864348,-1.5711247,-2.0629964,5.979099,-2.232216,-2.7067525,-2.5827475,-4.305982,-1.8058298,-0.76352817,0.23217918,13.171058,-0.68430173,0.30157858,-1.3935207,-0.6946501,4.521868,0.92489445,-0.01319864,-2.2896605,1
11.0,11,-0.37210768,-1.5814934,-2.0649295,6.0030694,-2.2418714,-2.7152574,-2.5720458,-4.313751,-1.8044394,-0.76660466,0.21435933,13.160598,-0.6823899,0.28027353,-1.4016789,-0.6885446,4.566312,0.91486907,-0.008615054,-2.28229,1
11.0,11,-0.36489636,-1.592377,-2.068115,6.0263367,-2.2515225,-2.725773,-2.562381,-4.3232512,-1.8022833,-0.77205503,0.19570033,13.14928,-0.6814369,0.25725448,-1.4100436,-0.6816474,4.6196523,0.904551,-0.0044081584,-2.2728205,1
11.0,11,-0.36747992,-1.5882175,-2.066225,6.018366,-2.248695,-2.7225037,-2.565971,-4.319666,-1.8029068,-0.76979584,0.20354015,13.153672,-0.68128705,0.26631978,-1.4074906,-0.68540525,4.5995736,0.9084267,-0.006138522,-2.2766302,1
11.0,11,-0.36976328,-1.584668,-2.065078,6.011094,-2.2456963,-2.7191834,-2.5690715,-4.3166127,-1.8035766,-0.76804614,0.20958428,13.157281,-0.68155974,0.27369407,-1.4049317,-0.68780124,4.582571,0.9117574,-0.0075051226,-2.2797048,1
11.0,11,-0.36967492,-1.5844593,-2.0643847,6.0112896,-2.2467482,-2.7208078,-2.570208,-4.317114,-1.8031248,-0.7693178,0.2107155,13.157159,-0.682328,0.27320498,-1.4060392,-0.6898029,4.5880904,0.91336983,-0.007894438,-2.2793608,1
17.0,17,-1.7534758,-1.2259594,-3.8837574,2.3837843,-1.0304302,-0.88207877,-3.3755028,-1.9524971,-3.869253,-0.09558004,2.7149742,9.8240595,-3.478792,-1.7266461,-1.4964474,-0.7833745,5.1995454,10.530686,1.305209,-3.3410237,1
17.0,17,-1.7513965,-1.2218332,-3.8868468,2.382517,-1.0242301,-0.8724174,-3.3733015,-1.9524927,-3.872231,-0.09545626,2.7115614,9.821392,-3.47971,-1.7286599,-1.49243,-0.7797239,5.189779,10.530908,1.3086635,-3.3437095,1
17.0,17,-1.7512013,-1.2213783,-3.8871903,2.382598,-1.0234739,-0.8710764,-3.373062,-1.9523834,-3.872661,-0.09556185,2.7107291,9.820867,-3.4798396,-1.7290744,-1.4916481,-0.7791175,5.1887107,10.530993,1.3089354,-3.3438878,1
17.0,17,-1.7510184,-1.2214752,-3.8870037,2.382911,-1.0239478,-0.87183064,-3.3730462,-1.952522,-3.872412,-0.095614895,2.7108214,9.821498,-3.4796705,-1.7288438,-1.492152,-0.77951163,5.1892247,10.530482,1.3089612,-3.3439481,1
17.0,17,-1.7511147,-1.2216316,-3.8869052,2.3829095,-1.0242028,-0.87223274,-3.3731284,-1.9525836,-3.8722832,-0.09556995,2.711101,9.821745,-3.4796104,-1.7286574,-1.4923637,-0.77967274,5.1894817,10.530382,1.3088512,-3.3439085,1
17.0,17,-1.7515278,-1.2219481,-3.8868403,2.3829262,-1.0245079,-0.87248665,-3.3733315,-1.9526898,-3.8722117,-0.09545261,2.7115304,9.82208,-3.4795425,-1.7283281,-1.4923229,-0.7796316,5.1895475,10.530245,1.3084904,-3.3437908,1
16.0,16,-0.8528136,-3.9871087,1.0594348,4.988679,-3.429468,-6.086223,0.17481858,-2.7957978,0.07168999,-2.1871529,5.5355053,7.294036,0.9712293,-2.4094267,-4.153496,-2.0564406,11.670658,0.8684132,-2.2135825,-2.2247663,1
16.0,16,-0.8537486,-3.9984274,1.0507845,4.996744,-3.4314842,-6.084431,0.1994742,-2.7855875,0.05822454,-2.1897883,5.5435486,7.306279,0.98368984,-2.4086022,-4.151695,-2.0485628,11.648427,0.85411406,-2.215246,-2.2331965,1
16.0,16,-0.8539815,-3.9998682,1.043572,5.0058203,-3.434411,-6.080016,0.2028972,-2.7857146,0.05003332,-2.1885748,5.5357723,7.328926,0.9863902,-2.4065661,-4.1500607,-2.0444157,11.6359215,0.84904426,-2.2119665,-2.2406132,1
16.0,16,-0.8537019,-3.9997213,1.044232,5.005649,-3.4344172,-6.08037,0.2026089,-2.7858946,0.05052737,-2.1886058,5.5365853,7.3281927,0.9867381,-2.4063463,-4.150252,-2.0448766,11.635906,0.8488256,-2.212458,-2.2404232,1
16.0,16,-0.8536898,-3.9998662,1.0459607,5.003623,-3.4337668,-6.0822406,0.20279476,-2.7854006,0.051935077,-2.1892445,5.5414367,7.3233385,0.9858986,-2.4066324,-4.1507072,-2.0456975,11.637466,0.849612,-2.2138922,-2.2386642,1
16.0,16,-0.8540216,-3.9998972,1.0483862,5.000591,-3.432665,-6.0853415,0.20265453,-2.7844975,0.053855274,-2.1902616,5.549578,7.3166122,0.9829984,-2.4071703,-4.151372,-2.0467618,11.640088,0.85141575,-2.2159166,-2.2356706,1
19.0,19,-2.8113203,-1.2814684,-0.0755415,-0.9764237,0.1272287,-1.3742019,-1.7985222,0.8954922,2.0610535,-1.0619375,-1.1111898,-2.6475782,-3.1703887,-3.1750998,1.1484214,1.0319511,-0.37790114,-0.6051246,4.7018833,13.904375,1
19.0,19,-2.8099127,-1.2799753,-0.072494194,-0.977064,0.12495308,-1.3770688,-1.7982103,0.8961735,2.065655,-1.059756,-1.1099995,-2.6505942,-3.170554,-3.1767209,1.1471701,1.0321985,-0.37862146,-0.6085158,4.696207,13.903848,1
19.0,19,-2.8102603,-1.2803353,-0.072046444,-0.97719795,0.12587994,-1.3775077,-1.7987646,0.8943929,2.0667882,-1.0596651,-1.11015,-2.6504576,-3.170041,-3.1768136,1.1473666,1.0325274,-0.3783147,-0.60882664,4.6968007,13.903942,1
19.0,19,-2.8103347,-1.2804286,-0.072145306,-0.97716403,0.12601693,-1.3774545,-1.7988247,0.8942029,2.0665998,-1.0597558,-1.1101938,-2.6502836,-3.170011,-3.1767352,1.1474491,1.0325578,-0.37823486,-0.60866463,4.697058,13.903994,1
19.0,19,-2.810374,-1.2804716,-0.072241336,-0.9771272,0.12604253,-1.3774123,-1.7988826,0.8941247,2.0664434,-1.059825,-1.1102172,-2.650134,-3.1700182,-3.1766717,1.1475005,1.0325544,-0.3781845,-0.6085112,4.6972485,13.904021,1
19.0,19,-2.8103015,-1.2803755,-0.07217724,-0.97711784,0.12583272,-1.377534,-1.7989217,0.89420533,2.0665684,-1.0597667,-1.1101549,-2.6501672,-3.1700733,-3.1767063,1.1474518,1.0325155,-0.37820023,-0.60854816,4.6970906,13.904003,1
17.0,17,-1.6131965,-2.7503612,-2.5056787,-2.7228045,1.7673862,-1.8670664,-1.2790829,1.2983257,-2.2981951,-0.17130074,4.845092,1.502645,-3.5377538,-5.0526786,-2.186453,-2.0043314,8.045513,13.144496,0.22386107,-1.2957473,1
17.0,17,-1.6120046,-2.7464924,-2.5006413,-2.7263021,1.7698785,-1.8795257,-1.2847294,1.3008373,-2.291308,-0.17604515,4.8565736,1.5021576,-3.5356607,-5.050205,-2.1868606,-2.010125,8.047396,13.14025,0.22343865,-1.2948965,1
17.0,17,-1.6124864,-2.7448447,-2.4966156,-2.7269304,1.7752168,-1.8892605,-1.2864676,1.3065761,-2.2865973,-0.18232201,4.863067,1.5014611,-3.5352106,-5.0505757,-2.1866143,-2.013981,8.049932,13.134634,0.221497,-1.2937998,1
17.0,17,-1.6120745,-2.7449305,-2.4968772,-2.7268536,1.7732185,-1.8883888,-1.2870677,1.3044744,-2.2867692,-0.18089722,4.8622093,1.5015451,-3.5347838,-5.050145,-2.1867523,-2.0137017,8.0507555,13.135613,0.22200847,-1.293956,1
17.0,17,-1.6119893,-2.7449956,-2.4978795,-2.727791,1.7724663,-1.8861837,-1.2868992,1.3033286,-2.2876287,-0.17929319,4.86242,1.5013888,-3.5350351,-5.0496635,-2.1867416,-2.012831,8.048627,13.137227,0.22259033,-1.2942249,1
17.0,17,-1.612296,-2.7452383,-2.499792,-2.7294748,1.7728593,-1.8819956,-1.2857072,1.3030564,-2.2894785,-0.17727926,4.8627863,1.5010167,-3.5361075,-5.049333,-2.1866446,-2.0110974,8.043835,13.1395,0.22319293,-1.2946794,1
15.0,15,-1.8733183,-1.6034675,-2.6844296,-1.7786989,2.1626306,3.8232508,-0.4168535,-3.7693415,-1.3026866,0.27549043,-3.2221026,2.259499,-2.9819672,-2.529846,3.729413,11.92841,-2.417364,-2.238931,-2.1708984,0.48475757,1
15.0,15,-1.8752456,-1.6067514,-2.6841707,-1.7846094,2.1686156,3.8203924,-0.41406494,-3.767334,-1.3034701,0.27267775,-3.213308,2.2540708,-2.9868777,-2.5346758,3.7287066,11.931883,-2.4139307,-2.2327905,-2.1710017,0.48764154,1
15.0,15,-1.875474,-1.6069221,-2.6838582,-1.7837781,2.1682518,3.8171587,-0.4152575,-3.7678266,-1.3036886,0.2723704,-3.2119298,2.2554002,-2.9873939,-2.5341728,3.7290537,11.932423,-2.4130702,-2.232818,-2.1713085,0.4884456,1
15.0,15,-1.8754408,-1.6066704,-2.6839283,-1.7836536,2.1679535,3.818228,-0.41513246,-3.767803,-1.3035188,0.27248013,-3.2124455,2.2555056,-2.9870436,-2.5340412,3.7288742,11.932022,-2.4134972,-2.233075,-2.171236,0.48818055,1
15.0,15,-1.875375,-1.6066338,-2.6840048,-1.7838705,2.1680627,3.8190236,-0.41482508,-3.7676764,-1.3034717,0.27255946,-3.2127993,2.255154,-2.986919,-2.5341735,3.728798,11.931894,-2.4137092,-2.2330701,-2.1711602,0.4879742,1
15.0,15,-1.8752595,-1.6065989,-2.684064,-1.7839853,2.1679268,3.8195784,-0.41472077,-3.7676501,-1.3033539,0.27278924,-3.213339,2.254875,-2.9866974,-2.534262,3.7288024,11.931767,-2.4138393,-2.2330627,-2.1710796,0.4877958,1
6.0,7,-3.1137102,-4.040267,-1.7312559,0.91379267,1.2840806,1.8852473,8.622303,13.031205,-3.0652566,-0.23743622,0.66177773,-2.7059965,-2.334235,-1.7678576,-1.3176867,-0.9201018,-1.801106,-1.7613823,-0.7177957,0.44687045,0
6.0,7,-3.1115987,-4.0413,-1.7294468,0.9168745,1.28316,1.8801047,8.62609,13.030035,-3.065233,-0.2399797,0.6670192,-2.704637,-2.330105,-1.7674485,-1.3210653,-0.92673886,-1.7989823,-1.7601768,-0.71706396,0.44582838,0
6.0,7,-3.1106386,-4.041333,-1.7266572,0.92014796,1.2813758,1.8785192,8.62523,13.029279,-3.0656254,-0.24272342,0.6698432,-2.7007983,-2.3244872,-1.7639242,-1.3220401,-0.9371986,-1.7961926,-1.7577213,-0.7142764,0.4423282,0
6.0,7,-3.110789,-4.0410137,-1.7267034,0.92002726,1.2811257,1.8792479,8.624212,13.029364,-3.065571,-0.24261941,0.66930777,-2.700385,-2.324439,-1.7636062,-1.3216766,-0.9375403,-1.7962147,-1.7575315,-0.71387124,0.44211876,0
6.0,7,-3.1104326,-4.0414114,-1.7269583,0.92009646,1.281334,1.877973,8.625747,13.029212,-3.0654712,-0.24267028,0.67022306,-2.7010612,-2.3246684,-1.7643838,-1.3223274,-0.936559,-1.7963922,-1.7579356,-0.71462774,0.44267944,0
6.0,7,-3.1098464,-4.042215,-1.72725,0.92002726,1.2820603,1.8757317,8.628975,13.028984,-3.0653949,-0.24265145,0.6717717,-2.7027268,-2.3253849,-1.7659111,-1.3237547,-0.9345072,-1.7966132,-1.7587123,-0.7160911,0.4437916,0
11.0,11,1.4106897,-0.04443479,-2.9517806,8.121265,-1.8870136,-2.2399702,-2.0224113,-3.635176,-2.4324827,-1.2326001,0.37112328,12.890503,-0.14316145,0.22389784,-1.517595,-0.24763696,1.7540152,-1.1173807,-0.3538508,-1.7565619,1
11.0,11,1.4142557,-0.04325673,-2.954135,8.147402,-1.889597,-2.2431376,-2.0206118,-3.6301217,-2.435847,-1.2358962,0.36783406,12.885873,-0.14523716,0.21526678,-1.5230104,-0.25361747,1.7663574,-1.1165786,-0.3525362,-1.7512167,1
11.0,11,1.4137886,-0.04563079,-2.9555442,8.151112,-1.8884355,-2.241296,-2.0187774,-3.6295865,-2.4373171,-1.2354299,0.3641579,12.884462,-0.14487264,0.21325184,-1.5229276,-0.25282365,1.7675681,-1.1159222,-0.35142785,-1.7508388,1
11.0,11,1.4132901,-0.04493757,-2.9547377,8.149502,-1.889095,-2.242088,-2.0195637,-3.6295834,-2.4365857,-1.2355171,0.3662294,12.885229,-0.14498727,0.21449351,-1.5229398,-0.25330538,1.7667383,-1.1160164,-0.3521222,-1.7511966,1
11.0,11,1.4132257,-0.044106796,-2.9540946,8.148211,-1.8895385,-2.2427323,-2.0202675,-3.629672,-2.43604,-1.2356746,0.36767516,12.885787,-0.14514735,0.21532278,-1.5229604,-0.25370318,1.7662225,-1.1161425,-0.35260594,-1.7514211,1
11.0,11,1.414904,-0.0426055,-2.953821,8.146824,-1.8901943,-2.244006,-2.0210238,-3.6305447,-2.4355311,-1.236085,0.36887345,12.886116,-0.14519176,0.2157334,-1.5231191,-0.25387543,1.766346,-1.1170057,-0.3527579,-1.7509924,1
2.0,2,-0.23930153,1.011024,13.010681,-1.1940254,0.8492289,-2.3983889,1.0237874,-2.4039485,1.5077611,0.7975343,0.4211366,-1.6453133,0.8128246,-1.3562175,-0.9989993,-0.506206,0.35971007,-2.7379916,-3.506693,0.6147815,1
2.0,2,-0.23929366,1.0110415,13.010704,-1.1940256,0.8491882,-2.3983908,1.0237625,-2.4039454,1.5078082,0.79752487,0.4211599,-1.6452963,0.81284845,-1.3561633,-0.999016,-0.5062549,0.3597064,-2.7379704,-3.506684,0.614683,1
2.0,2,-0.23929451,1.0110424,13.010704,-1.1940244,0.8491843,-2.3983908,1.0237613,-2.4039443,1.5078089,0.797525,0.4211616,-1.6452955,0.812847,-1.3561631,-0.99901694,-0.506255,0.35970712,-2.7379692,-3.5066843,0.6146838,1
2.0,2,-0.23929395,1.0110419,13.010704,-1.1940256,0.8491859,-2.3983908,1.0237626,-2.4039452,1.507808,0.7975253,0.4211609,-1.6452961,0.81284696,-1.356165,-0.9990166,-0.5062542,0.35970756,-2.737969,-3.5066838,0.6146852,1
2.0,2,-0.239294,1.0110414,13.010703,-1.1940253,0.84918797,-2.3983908,1.0237626,-2.4039454,1.5078074,0.7975247,0.42115963,-1.6452967,0.8128482,-1.3561648,-0.99901587,-0.506254,0.35970664,-2.737971,-3.5066838,0.6146851,1
2.0,2,-0.23929335,1.0110412,13.010704,-1.1940253,0.8491899,-2.39839,1.0237626,-2.4039452,1.507808,0.79752463,0.42115945,-1.6452965,0.8128503,-1.3561623,-0.9990163,-0.5062551,0.3597063,-2.7379706,-3.5066838,0.6146812,1
12.0,9,-1.1354077,-2.9376655,0.37965113,-3.93235,-3.5607646,-1.2068105,-3.536573,-5.3568544,7.254946,11.475561,-1.2791888,-0.0071987957,5.4215918,0.3327421,-3.772545,-1.7275152,-1.7487297,0.507813,1.7722732,-1.7991868,0
12.0,9,-1.1428726,-2.9420373,0.39095554,-3.9398832,-3.5606585,-1.2226106,-3.5327222,-5.3474193,7.300782,11.502799,-1.2737838,-0.022637416,5.3356805,0.29007065,-3.7963624,-1.7253356,-1.7211303,0.5277945,1.8044683,-1.782147,0
12.0,9,-1.1480796,-2.9468071,0.39358073,-3.9389732,-3.558449,-1.2245231,-3.5315282,-5.3453836,7.315097,11.507885,-1.2732456,-0.024890095,5.3162665,0.27278498,-3.8035746,-1.7232612,-1.7120718,0.5317956,1.8153666,-1.7754781,0
12.0,9,-1.146873,-2.9459238,0.39260253,-3.9389193,-3.5588343,-1.2235179,-3.5317347,-5.345968,7.3105025,11.506279,-1.2735574,-0.024031393,5.322544,0.27721736,-3.8014235,-1.7235503,-1.714668,0.5304744,1.812235,-1.7770976,0
12.0,9,-1.1455336,-2.9447632,0.39179847,-3.9390972,-3.559401,-1.2228676,-3.5320082,-5.346507,7.306324,11.504844,-1.273742,-0.02334375,5.3281274,0.28193563,-3.799387,-1.7240384,-1.7171849,0.5293334,1.809202,-1.7788607,0
12.0,9,-1.1442013,-2.943478,0.39111862,-3.9394472,-3.5599735,-1.2223557,-3.5322392,-5.346986,7.3024907,11.503611,-1.2738229,-0.022762757,5.3329673,0.28672725,-3.7975488,-1.7245582,-1.7195852,0.5283343,1.8063447,-1.7807581,0
7.0,4,-3.703073,-4.3162436,-3.7751386,-2.5851445,10.451871,6.43858,7.8786845,5.236736,-1.8270134,-0.90654206,0.16208842,-2.4735632,-4.066181,-4.688176,-1.0730537,5.0912766,-0.9379768,-0.532012,0.10846894,-2.50711,0
7.0,4,-3.7029889,-4.317558,-3.775525,-2.584235,10.450064,6.437253,7.881645,5.2394075,-1.8280697,-0.90632844,0.16260909,-2.4742095,-4.0658073,-4.6879163,-1.0741754,5.0898075,-0.9373705,-0.5320815,0.108510904,-2.5070155,0
7.0,4,-3.7026117,-4.3188224,-3.775972,-2.5833185,10.448881,6.435706,7.884624,5.2416573,-1.8296036,-0.9063184,0.16321902,-2.4747868,-4.065323,-4.6876683,-1.0750806,5.0883493,-0.9366714,-0.53201747,0.108358346,-2.5069387,0
7.0,4,-3.7026548,-4.3186717,-3.7759244,-2.5834346,10.44903,6.4358916,7.8842573,5.241387,-1.8294168,-0.90631944,0.16313913,-2.4747195,-4.065375,-4.687697,-1.0749674,5.0885143,-0.9367541,-0.53201497,0.108389966,-2.5069482,0
7.0,4,-3.7026997,-4.3186746,-3.775901,-2.5834305,10.44892,6.4359093,7.8842616,5.2414002,-1.8293121,-0.906289,0.16314994,-2.4747143,-4.065423,-4.6877127,-1.0750178,5.0885587,-0.93675387,-0.5320565,0.10840195,-2.5069444,0
7.0,4,-3.7027626,-4.318611,-3.7758756,-2.5834866,10.448904,6.4360347,7.8840847,5.2413535,-1.8291719,-0.90625936,0.16309178,-2.4746995,-4.065451,-4.687718,-1.0749899,5.0886207,-0.9368125,-0.5320685,0.10844713,-2.5069475,0
16.0,3,0.8542555,-1.337964,0.0339664,13.19242,-2.4799063,-4.0088205,-0.28354084,-2.0241592,-2.3856876,-2.8285682,0.42468843,6.54651,0.27942118,-2.003672,-1.8220762,-3.0662577,8.353366,-0.4108175,-1.2436248,-0.4870482,0
16.0,3,0.86196756,-1.346041,0.040150516,13.171867,-2.474152,-4.015943,-0.2609836,-2.0058312,-2.3715844,-2.8335226,0.42962104,6.422508,0.28251737,-2.0320575,-1.8463336,-3.0776558,8.43572,-0.37751833,-1.2348207,-0.4666498,0
16.0,3,0.8653713,-1.3464711,0.033268563,13.178094,-2.4761937,-4.0084457,-0.25818783,-2.010478,-2.370099,-2.8279743,0.41455552,6.4285574,0.28975764,-2.030542,-1.8381698,-3.0643232,8.415326,-0.39546674,-1.233859,-0.4663391,0
16.0,3,0.86339056,-1.3466408,0.03618095,13.175166,-2.4753346,-4.0118785,-0.25950694,-2.0085127,-2.370708,-2.830398,0.42172107,6.4263554,0.28645322,-2.0312037,-1.8420156,-3.0702267,8.424757,-0.38709295,-1.2343503,-0.46676847,0
16.0,3,0.8628768,-1.3463147,0.038159043,13.17366,-2.4746487,-4.0136156,-0.25985175,-2.0070193,-2.3710506,-2.831799,0.4252282,6.4235463,0.28476602,-2.0318096,-1.8444896,-3.073837,8.430119,-0.38248673,-1.2344713,-0.46664464,0
16.0,3,0.8629926,-1.3464891,0.036374174,13.173654,-2.4759157,-4.014823,-0.26164067,-2.0084863,-2.371582,-2.8312192,0.42726013,6.4296527,0.28400463,-2.0306034,-1.8456982,-3.0744002,8.429694,-0.3816933,-1.2335043,-0.46691582,0
14.0,14,-2.3218892,-1.8287605,-1.9948788,-0.3299529,0.48937318,1.4036012,-2.2630599,-0.86789966,-2.2013967,-2.5841856,-0.4655334,-1.4183626,0.25258055,0.123999484,13.058878,6.3620086,-2.4428725,-1.1884289,-3.707,0.41254467,1
14.0,14,-2.3189402,-1.8312857,-1.9936599,-0.32870132,0.4869052,1.3949974,-2.2603698,-0.8709346,-2.2006834,-2.585012,-0.46129546,-1.416445,0.25120178,0.11787226,13.056877,6.3663983,-2.4368339,-1.1895885,-3.7069051,0.41387278,1
14.0,14,-2.3187783,-1.8311745,-1.9939818,-0.32899618,0.4877015,1.3952379,-2.26006,-0.87046057,-2.200954,-2.584991,-0.46194908,-1.4166148,0.25121844,0.11793033,13.056963,6.367144,-2.437422,-1.1899751,-3.7070718,0.41336167,1
14.0,14,-2.318927,-1.8311094,-1.9938753,-0.32891262,0.4874103,1.3953567,-2.2602825,-0.8705461,-2.2008595,-2.5849826,-0.46181977,-1.4166049,0.25125968,0.118130006,13.056982,6.366749,-2.4373581,-1.1897852,-3.7070134,0.41349322,1
14.0,14,-2.3189561,-1.8311379,-1.9937838,-0.32882243,0.48717013,1.3952557,-2.2603576,-0.87067544,-2.2007823,-2.5849729,-0.46164235,-1.4165632,0.25125355,0.11810572,13.056951,6.366568,-2.4371958,-1.1896999,-3.7069771,0.41363406,1
14.0,14,-2.318993,-1.8311731,-1.9937565,-0.3287856,0.48711565,1.3952986,-2.2603974,-0.87074536,-2.2007551,-2.5849745,-0.4615653,-1.4165457,0.25126263,0.11808894,13.056953,6.366415,-2.4371428,-1.189636,-3.7069504,0.413719,1
8.0,9,-0.5189268,-1.7632927,6.5083113,-3.82376,-5.2373767,-3.1174364,-0.99321634,-2.2782478,3.2209268,11.762879,-0.97714573,-1.5946437,-0.329733,1.5622946,-4.435311,-2.6806376,0.03553136,1.7099645,0.7783361,-0.1769463,0
8.0,9,-0.52318233,-1.7592967,6.5040746,-3.8261633,-5.242709,-3.118507,-0.9963336,-2.2762175,3.2212489,11.76031,-0.97981167,-1.5935758,-0.32499197,1.5942388,-4.4336343,-2.6862962,0.028589528,1.7060343,0.77674353,-0.18155432,0
8.0,9,-0.5217958,-1.761637,6.5072565,-3.8238661,-5.240422,-3.1167023,-0.9923546,-2.2754211,3.2159522,11.760166,-0.97992224,-1.5935014,-0.32459778,1.5854243,-4.432915,-2.6831055,0.029621486,1.7041831,0.77443063,-0.17996435,0
8.0,9,-0.52211875,-1.7610844,6.506655,-3.824641,-5.240821,-3.1174445,-0.9938145,-2.276104,3.2186265,11.760319,-0.9794982,-1.5937192,-0.32505807,1.5860199,-4.4334254,-2.6840153,0.02992148,1.7053443,0.7755747,-0.18035804,0
8.0,9,-0.52271116,-1.7601008,6.50524,-3.8256311,-5.24179,-3.1182146,-0.99555385,-2.2764597,3.2209628,11.76044,-0.979431,-1.5937692,-0.32529902,1.5895987,-4.4337525,-2.6853688,0.02952649,1.7062364,0.7766297,-0.18101306,0
8.0,9,-0.52339345,-1.7590525,6.5041547,-3.8264382,-5.2428856,-3.1188285,-0.9967997,-2.276485,3.2222745,11.760108,-0.9796785,-1.5936377,-0.32483461,1.5951728,-4.4337907,-2.6867502,0.028557118,1.7061139,0.7769692,-0.1818887,0
6.0,6,1.0368958,-4.9348574,-2.231272,0.82060546,2.232226,-1.6662852,13.269732,4.3364277,-3.2495794,-0.78390986,2.633059,-1.6489156,-1.0572777,-1.4445516,-2.7935157,1.020532,0.834776,-2.5415738,-2.1209118,-2.331152,1
6.0,6,1.0468317,-4.9197836,-2.2262297,0.8006583,2.2646675,-1.6343966,13.286002,4.3570914,-3.2403014,-0.7799044,2.6013474,-1.6998019,-1.0283629,-1.450165,-2.7965071,1.0138572,0.80009764,-2.5431826,-2.127763,-2.3474936,1
6.0,6,1.0805418,-4.8868103,-2.212412,0.76794076,2.3318722,-1.5696927,13.315821,4.383894,-3.2183948,-0.7741239,2.5289273,-1.800325,-0.95446205,-1.4645863,-2.806993,0.9965299,0.73022705,-2.5577314,-2.1410124,-2.3804414,1
6.0,6,1.0849712,-4.885052,-2.2118542,0.7674303,2.3338723,-1.5679332,13.315807,4.3791595,-3.2170565,-0.77413356,2.525929,-1.8022542,-0.9486963,-1.4651849,-2.807944,0.99565613,0.7286878,-2.5587468,-2.1420891,-2.3827336,1
6.0,6,1.0781696,-4.8899803,-2.213323,0.76993227,2.3247476,-1.5765915,13.312136,4.376801,-3.2194529,-0.7747642,2.537513,-1.7900826,-0.96129113,-1.4643378,-2.8058617,0.9992545,0.73816,-2.5554457,-2.1397386,-2.3775272,1
6.0,6,1.0790955,-4.899006,-2.2192724,0.78253293,2.3039472,-1.5953393,13.300731,4.352482,-3.2256305,-0.7745709,2.552513,-1.7546096,-0.96866304,-1.457178,-2.8038402,1.0038968,0.75721425,-2.5536666,-2.1373866,-2.3742185,1
10.0,11,-2.9007282,-2.8355522,-2.699071,0.2333381,0.83004093,-3.1786897,-4.413124,-5.4046364,-2.1824462,-0.19042027,1.3956423,8.32136,-3.73142,-1.7956413,1.7272328,7.434688,2.3282557,2.6338665,-1.0362074,3.4771023,0
10.0,11,-2.900799,-2.834659,-2.6980984,0.22749022,0.834461,-3.177282,-4.4114766,-5.4038677,-2.1816225,-0.19285902,1.3972342,8.311665,-3.734842,-1.7996174,1.7309918,7.443335,2.3260818,2.632508,-1.0365071,3.481009,0
10.0,11,-2.9008188,-2.834736,-2.6981478,0.22735424,0.83464926,-3.1774018,-4.411723,-5.40394,-2.181689,-0.1927497,1.3973713,8.311726,-3.7349188,-1.7998029,1.7307205,7.442844,2.3265567,2.6332028,-1.0362674,3.48118,0
10.0,11,-2.9008036,-2.834777,-2.6981778,0.22756527,0.8345068,-3.1774964,-4.4117417,-5.4039593,-2.181718,-0.19268811,1.3974702,8.312162,-3.7348123,-1.7996453,1.7304709,7.4424515,2.3266442,2.6332746,-1.0362672,3.4810114,0
10.0,11,-2.900796,-2.834744,-2.6981661,0.22763957,0.8344301,-3.177415,-4.4116564,-5.4039445,-2.1816938,-0.19270356,1.3973261,8.312143,-3.7347493,-1.7995478,1.7306153,7.442668,2.3264453,2.632964,-1.03638,3.4808893,0
10.0,11,-2.9007976,-2.834734,-2.6981761,0.2278352,0.834223,-3.1773877,-4.4116464,-5.4039454,-2.1816895,-0.1926674,1.3971479,8.3123045,-3.7346256,-1.7993942,1.7306923,7.4426775,2.326339,2.632751,-1.0364494,3.4807603,0
5.0,5,-3.7395747,0.3426398,-3.7561748,-2.866446,0.431411,9.770766,-1.4953324,0.9086975,-1.7713989,0.39979035,-3.5421517,-3.3261597,-1.7131397,1.433535,6.3155565,7.465228,-4.1798553,1.6300043,-1.1790438,-1.6492884,1
5.0,5,-3.7367303,0.34187752,-3.7559116,-2.8642077,0.43313387,9.770648,-1.4957836,0.9030834,-1.774361,0.39686155,-3.543628,-3.3258977,-1.7097137,1.4277153,6.324339,7.467203,-4.177896,1.6305587,-1.1800381,-1.6486408,1
5.0,5,-3.7364123,0.3421138,-3.7558336,-2.864601,0.43368253,9.772016,-1.494909,0.9026476,-1.7737889,0.39784127,-3.544185,-3.3261268,-1.7095133,1.4273098,6.32239,7.467249,-4.1780405,1.6298524,-1.1796303,-1.6491468,1
5.0,5,-3.736586,0.34208432,-3.7558577,-2.8645015,0.43350735,9.771608,-1.4951062,0.90323246,-1.773957,0.3976159,-3.5439997,-3.3262553,-1.7098676,1.4273652,6.322494,7.4670377,-4.177842,1.6304164,-1.1796482,-1.6489226,1
5.0,5,-3.73667,0.34198254,-3.755878,-2.8643382,0.4332866,9.771094,-1.4954361,0.9032296,-1.7741435,0.39725453,-3.5438066,-3.326104,-1.7098498,1.4275132,6.3233266,7.467132,-4.1778293,1.6305219,-1.1798383,-1.6487608,1
5.0,5,-3.7367618,0.34190425,-3.7559001,-2.8642714,0.43307444,9.770729,-1.4956962,0.9030714,-1.7741752,0.39705288,-3.5436394,-3.325862,-1.7097329,1.4278483,6.323959,7.4672794,-4.177993,1.6303138,-1.1800177,-1.6487197,1
16.0,16,-0.56601554,-2.8272023,0.54500985,1.7899834,1.3849057,-3.739161,0.24606587,-1.8938187,0.2154735,-2.7559845,-0.68868166,0.43749592,-1.7474756,-3.8328972,-0.7483277,-0.06738524,13.205159,1.6464199,-1.2280344,0.23843974,1
16.0,16,-0.5664772,-2.8279672,0.54438186,1.7915171,1.3823544,-3.7397764,0.24907257,-1.8910218,0.21501714,-2.7555113,-0.6881984,0.4369311,-1.7499928,-3.8346655,-0.7507399,-0.06579241,13.20565,1.6448513,-1.2269212,0.23996899,1
16.0,16,-0.56648284,-2.828135,0.5442996,1.7917861,1.3825294,-3.7398648,0.24978654,-1.8907735,0.21485716,-2.7556045,-0.6881844,0.43679288,-1.7503729,-3.8349104,-0.7507981,-0.06526719,13.205482,1.6441824,-1.2268707,0.24024314,1
16.0,16,-0.5664411,-2.828045,0.54427046,1.791892,1.3820074,-3.739948,0.24931474,-1.8909729,0.2149646,-2.7554984,-0.68818396,0.43717125,-1.7501858,-3.8347733,-0.7508857,-0.06558998,13.205695,1.6444999,-1.2267784,0.24013788,1
16.0,16,-0.5664536,-2.8280146,0.5442578,1.7918509,1.3818728,-3.7399383,0.24913122,-1.8910211,0.21499714,-2.7554471,-0.6881857,0.43726024,-1.7501309,-3.8347287,-0.7509094,-0.06569351,13.20577,1.644674,-1.2267723,0.24008185,1
16.0,16,-0.56652915,-2.8280504,0.5442088,1.7917432,1.3818945,-3.7398887,0.24913375,-1.8909479,0.21496558,-2.7554078,-0.6881767,0.43722406,-1.7502202,-3.834762,-0.75091755,-0.065604,13.205786,1.6447595,-1.2268168,0.24007341,1
11.0,11,0.09663242,-1.048332,-2.4263358,10.7180605,-1.976682,-1.7683824,-1.0246738,-2.2597039,-3.2025821,-1.2531945,0.50395215,11.85475,0.045861796,0.32220092,-1.6241984,-0.98664,1.3575892,-0.39259416,-0.7012409,-2.0975432,1
11.0,11,0.10084499,-1.0498496,-2.423187,10.756092,-1.9820663,-1.7784935,-1.01787,-2.2497354,-3.2071495,-1.2582145,0.5082123,11.839438,0.041919265,0.30867222,-1.6358364,-0.9985957,1.3804554,-0.39034203,-0.7030547,-2.0859914,1
11.0,11,0.10074738,-1.0501114,-2.4236665,10.754827,-1.9816381,-1.778011,-1.0180489,-2.2503557,-3.2071216,-1.2579749,0.5075971,11.839963,0.042058557,0.30875486,-1.6353323,-0.9977989,1.3801314,-0.3903181,-0.70268685,-2.086181,1
11.0,11,0.10058995,-1.0501292,-2.4234946,10.754599,-1.9819337,-1.7783986,-1.0181872,-2.250331,-3.2069893,-1.2580028,0.5084607,11.840279,0.041994072,0.3090904,-1.6354907,-0.99806076,1.3800989,-0.39024204,-0.70289975,-2.0862756,1
11.0,11,0.10051816,-1.050054,-2.423307,10.75472,-1.982139,-1.7786163,-1.018219,-2.2501514,-3.2069378,-1.2580762,0.5089333,11.840296,0.04194081,0.30926204,-1.635654,-0.99836016,1.3800814,-0.3901945,-0.703081,-2.0863292,1
11.0,11,0.10117319,-1.049773,-2.4231586,10.756355,-1.9820713,-1.7787244,-1.017891,-2.2500088,-3.2071226,-1.2581594,0.5079991,11.839421,0.041824095,0.30832863,-1.6358981,-0.9985698,1.38096,-0.39049393,-0.7029403,-2.0856876,1
1.0,1,9.493053,12.447688,2.885534,-1.1647981,-1.0458648,-1.940136,-4.0373116,-2.1105075,-0.44965175,0.45608568,-1.7398801,-1.468338,-2.6591296,-1.7733375,-0.4157436,-1.3535058,-2.7990367,-1.9773505,-1.5708737,0.8562077,1
1.0,1,9.452755,12.463919,2.8903556,-1.1594503,-1.0325415,-1.9338887,-4.052337,-2.1044068,-0.4336894,0.4560644,-1.7406875,-1.4650584,-2.6751368,-1.7703702,-0.4117695,-1.3467464,-2.8037684,-1.9773163,-1.5677288,0.87115765,1
1.0,1,9.439451,12.468143,2.8929353,-1.1582687,-1.0307666,-1.9323463,-4.057243,-2.102488,-0.4262692,0.45856792,-1.7412921,-1.465498,-2.6813147,-1.7714213,-0.41163573,-1.3445144,-2.805058,-1.9772764,-1.5659754,0.8778943,1
1.0,1,9.442341,12.467207,2.892447,-1.1583853,-1.0313104,-1.9327236,-4.0560713,-2.1027443,-0.4281295,0.45786214,-1.7410955,-1.4654948,-2.6801212,-1.7711998,-0.41163075,-1.3449085,-2.8047566,-1.9773613,-1.5663897,0.8766014,1
1.0,1,9.445921,12.466065,2.8917613,-1.158671,-1.0318115,-1.9331455,-4.054733,-2.1032293,-0.43018672,0.45714873,-1.7409157,-1.4653908,-2.678483,-1.7709079,-0.4116533,-1.3454909,-2.8044076,-1.9773855,-1.566875,0.8748152,1
1.0,1,9.446758,12.465994,2.8913105,-1.1587147,-1.0313457,-1.9331126,-4.0544953,-2.1034172,-0.43097818,0.4566298,-1.740801,-1.4649738,-2.6779094,-1.7704731,-0.4114346,-1.3456222,-2.8044043,-1.9773284,-1.5671209,0.87393844,1
18.0,18,-1.2844524,-0.57505566,-3.7386894,-0.5889534,-0.6277272,1.8750849,-1.3477389,0.63930404,1.2880983,0.7786148,-2.3415303,2.934694,-1.7619132,-0.17556691,-2.2770875,-1.9884105,-0.4192545,3.3536441,13.151478,3.3776224,1
18.0,18,-1.2842757,-0.5749415,-3.7389913,-0.58875626,-0.6278634,1.8751135,-1.3475047,0.6400651,1.2872192,0.7784278,-2.3412876,2.9349923,-1.7617657,-0.17527322,-2.277011,-1.9887712,-0.41941154,3.3539133,13.151074,3.3771474,1
18.0,18,-1.2843405,-0.5749702,-3.7388384,-0.5889323,-0.62745327,1.8751475,-1.3474185,0.6400151,1.2873611,0.7782795,-2.3412604,2.9346266,-1.762206,-0.17557518,-2.277007,-1.988482,-0.41931188,3.3539844,13.151208,3.3774683,1
18.0,18,-1.2843459,-0.5749805,-3.738832,-0.58892787,-0.6274681,1.8751401,-1.3474346,0.6399613,1.2873847,0.77829236,-2.341273,2.934643,-1.7621919,-0.17557694,-2.2770088,-1.9884704,-0.4192956,3.3539639,13.151218,3.377493,1
18.0,18,-1.2843316,-0.57497483,-3.7388587,-0.58890337,-0.62751037,1.8751385,-1.3474318,0.6399932,1.2873288,0.7782981,-2.341265,2.934691,-1.7621415,-0.17553501,-2.2770042,-1.9885081,-0.41931343,3.353965,13.15119,3.3774498,1
18.0,18,-1.2843164,-0.57497185,-3.738889,-0.5888675,-0.6275742,1.8751299,-1.3474375,0.6400069,1.2872705,0.7783104,-2.3412576,2.9347632,-1.7620744,-0.17548385,-2.2770007,-1.9885541,-0.41932252,3.353961,13.151159,3.3774061,1
4.0,4,0.21034506,-0.6578851,-1.2290782,-2.565874,13.522535,1.6121657,1.1208465,-1.1807326,-1.688251,-3.9179425,-0.37766954,-0.70427316,1.060015,-2.1224017,3.4450374,2.4283776,-0.19916351,-0.63546133,-3.3888881,-1.7019838,1
4.0,4,0.2095195,-0.6593183,-1.2290338,-2.5661855,13.522923,1.6128404,1.1221623,-1.1806192,-1.6884975,-3.9174373,-0.37829858,-0.70487636,1.0602608,-2.123233,3.4449728,2.4299264,-0.1995368,-0.63586926,-3.3888266,-1.7018379,1
4.0,4,0.2083185,-0.6620914,-1.2294836,-2.5664597,13.524655,1.6163863,1.1259592,-1.1791044,-1.6897871,-3.917636,-0.3790327,-0.707308,1.0615128,-2.1242068,3.4454525,2.4315732,-0.20226611,-0.6364442,-3.3889577,-1.7026174,1
4.0,4,0.2087794,-0.6609715,-1.229135,-2.5662127,13.523889,1.6149085,1.1242212,-1.1799043,-1.6891881,-3.917616,-0.37873545,-0.70637536,1.0611087,-2.1237066,3.4453444,2.4305959,-0.2008563,-0.6360904,-3.388955,-1.7023172,1
4.0,4,0.20914575,-0.66013956,-1.2290032,-2.566135,13.523375,1.6138502,1.123098,-1.1803472,-1.6888031,-3.9175613,-0.37852088,-0.70565575,1.0607333,-2.1234221,3.4451923,2.4300985,-0.20004651,-0.63591933,-3.3889067,-1.7020863,1
4.0,4,0.20909038,-0.6601185,-1.229384,-2.5664067,13.523346,1.613714,1.1232274,-1.1801374,-1.688908,-3.9173055,-0.378445,-0.70519644,1.060489,-2.1235576,3.4450562,2.4309075,-0.20064192,-0.63621616,-3.3888404,-1.7019389,1
5.0,5,-2.1766434,0.8545449,-2.3344524,-2.7497256,6.7951217,13.727201,1.0053151,0.555459,-2.2693815,0.16980478,-3.6512172,-1.6447608,-0.27490655,-2.5627952,2.3582878,3.7197022,-4.673233,-1.1330832,-1.0155841,-2.7345488,1
5.0,5,-2.1809542,0.85109895,-2.3343122,-2.7492793,6.7950206,13.72769,1.0072587,0.55961055,-2.2709053,0.17090206,-3.6477995,-1.6479578,-0.27453306,-2.5631015,2.3547246,3.7207046,-4.6711392,-1.1299855,-1.015945,-2.7341163,1
5.0,5,-2.178257,0.84210813,-2.3334613,-2.7531872,6.787412,13.732113,1.0215706,0.5614895,-2.2716224,0.19260213,-3.6504982,-1.6508571,-0.26606533,-2.5599415,2.3175173,3.7090826,-4.66524,-1.1220144,-1.0063366,-2.7418818,1
5.0,5,-2.1784298,0.8462,-2.3332467,-2.7515807,6.790247,13.730674,1.0165848,0.5603472,-2.2710347,0.18452093,-3.6498566,-1.6497087,-0.267903,-2.560887,2.3293803,3.7118907,-4.667137,-1.1247829,-1.0090793,-2.7394345,1
5.0,5,-2.1792834,0.8487876,-2.3334596,-2.750497,6.7924056,13.729433,1.012402,0.55977887,-2.270795,0.17831875,-3.649059,-1.6489025,-0.27029315,-2.5617106,2.3400786,3.7151852,-4.668823,-1.1269814,-1.0117995,-2.737228,1
5.0,5,-2.1817236,0.8468372,-2.3345904,-2.7511113,6.791641,13.729273,1.0113318,0.56065005,-2.2713604,0.17905484,-3.6482239,-1.64916,-0.27328458,-2.5618281,2.3444726,3.718619,-4.6694427,-1.1268413,-1.0133711,-2.7363186,1
3.0,3,0.9479268,-0.8219181,0.19489487,13.979681,-2.638496,-3.0498338,-0.045581847,-1.4253695,-2.386231,-2.3341904,-1.2463331,4.3953314,0.8603199,-0.9026031,-0.9766552,-2.4835918,6.279388,-0.86361396,-0.9934646,-0.13603328,1
3.0,3,0.9444797,-0.81861204,0.19651373,13.977274,-2.6471028,-3.048486,-0.052812025,-1.429596,-2.3791857,-2.328978,-1.2609475,4.387423,0.86820954,-0.8798645,-0.96944237,-2.482197,6.272718,-0.8631242,-0.989344,-0.13701777,1
3.0,3,0.94506365,-0.819957,0.19008774,13.978447,-2.647629,-3.0470371,-0.052857697,-1.4312336,-2.3789024,-2.3275812,-1.2610767,4.391718,0.8686253,-0.88279027,-0.96758336,-2.4769893,6.269562,-0.8669188,-0.9891429,-0.13633761,1
3.0,3,0.94484526,-0.8196,0.19277631,13.977727,-2.6471999,-3.0477796,-0.052616164,-1.4304074,-2.3790205,-2.328211,-1.2608206,4.389747,0.86831295,-0.8820934,-0.96880925,-2.47952,6.2716537,-0.8650524,-0.98913765,-0.1366214,1
3.0,3,0.9447189,-0.8191678,0.19447674,13.9775,-2.647074,-3.0480769,-0.05256612,-1.4299551,-2.3790612,-2.3285017,-1.2608827,4.3885417,0.86826766,-0.88121194,-0.9694249,-2.4808922,6.2722554,-0.86407495,-0.9891542,-0.1368327,1
3.0,3,0.9447497,-0.8197099,0.1934432,13.977901,-2.647716,-3.0489845,-0.053153917,-1.4304537,-2.3792832,-2.3283417,-1.2593433,4.390989,0.8678195,-0.88138014,-0.9702232,-2.4815261,6.2728777,-0.86311597,-0.9886461,-0.13678966,1
10.0,10,-1.1079203,-4.0757213,0.52294827,-0.63740236,0.72087085,-3.580675,6.5079546,3.6032143,-1.2591927,-1.2873424,11.452993,0.5699072,-2.7506657,-3.0718412,-3.8055027,-0.36862373,-0.0940471,0.67225677,-1.4605955,1.9160042,1
10.0,10,-1.1054158,-4.073258,0.52595884,-0.63697124,0.7214849,-3.584094,6.5017347,3.5930886,-1.2562685,-1.2882717,11.4577055,0.57475454,-2.7541595,-3.0721843,-3.8044884,-0.36575484,-0.09056473,0.6722795,-1.4611834,1.9135841,1
10.0,10,-1.1048734,-4.0738955,0.5266025,-0.63634664,0.7217749,-3.5847104,6.5015173,3.5908914,-1.2554734,-1.2884588,11.458724,0.5766123,-2.7522528,-3.0720394,-3.804637,-0.36573136,-0.08955902,0.6719226,-1.4620212,1.9103551,1
10.0,10,-1.1048769,-4.0739117,0.5265512,-0.63627577,0.72163016,-3.5846093,6.5018773,3.5914516,-1.2555627,-1.288401,11.45848,0.5761867,-2.7521546,-3.0719929,-3.8046753,-0.36588442,-0.08977094,0.67172694,-1.4620423,1.9105021,1
10.0,10,-1.1047832,-4.073509,0.5264852,-0.636552,0.72170955,-3.5845218,6.50173,3.5914922,-1.2557136,-1.2883894,11.458499,0.5757461,-2.7532177,-3.072057,-3.804558,-0.3655423,-0.08982471,0.6719086,-1.461947,1.9110881,1
10.0,10,-1.1046851,-4.0729966,0.52627015,-0.6371156,0.7218385,-3.584295,6.501452,3.5914693,-1.2560103,-1.2883338,11.458672,0.57522374,-2.7545938,-3.0721102,-3.8044147,-0.36506057,-0.089848354,0.67248416,-1.4618955,1.9116572,1
2.0,19,-1.8046904,-2.4474545,0.5867898,-2.559018,-2.7821653,-1.6360999,-2.202816,-2.2472556,2.7908118,8.624405,-1.6400591,-1.8702627,-3.3917673,-4.8397408,-0.98927546,3.091983,-1.0328935,-0.5278276,1.2943561,9.460339,0
2.0,19,-1.8046815,-2.4474308,0.58665717,-2.5590734,-2.7822998,-1.6360447,-2.2029693,-2.2473702,2.7911034,8.624698,-1.6401522,-1.8701632,-3.3917446,-4.839736,-0.9893895,3.0919645,-1.0329256,-0.52775794,1.2943914,9.460024,0
2.0,19,-1.8046368,-2.4474354,0.5866898,-2.559085,-2.7823546,-1.636056,-2.2030063,-2.2474184,2.791234,8.624855,-1.640163,-1.8701456,-3.391715,-4.8397684,-0.98946685,3.0919054,-1.0329022,-0.5277384,1.2943673,9.45985,0
2.0,19,-1.8046378,-2.4474301,0.5866911,-2.5590866,-2.7823582,-1.6360598,-2.203008,-2.2474184,2.791235,8.624854,-1.6401582,-1.870146,-3.391715,-4.839764,-0.9894652,3.0919044,-1.0329056,-0.5277398,1.2943658,9.459853,0
2.0,19,-1.80465,-2.4474273,0.5866758,-2.5590878,-2.7823458,-1.6360544,-2.203001,-2.2474053,2.7912052,8.624824,-1.6401572,-1.8701494,-3.391723,-4.839752,-0.98944634,3.0919204,-1.0329176,-0.5277448,1.2943716,9.4598875,0
2.0,19,-1.8046474,-2.4474213,0.5866741,-2.559096,-2.7823558,-1.636051,-2.2030082,-2.2474093,2.7912185,8.624854,-1.6401553,-1.8701477,-3.3917177,-4.839743,-0.9894535,3.0919175,-1.03293,-0.52774644,1.2943608,9.459857,0
7.0,7,-3.0519698,-2.6918201,-1.7868066,-1.0620245,0.3185465,2.0851064,5.676572,12.487118,-0.39660445,2.0007885,-1.4377842,-3.6048567,-2.5663044,-1.0329994,-1.0046993,-0.8352339,-2.9334762,-2.1159494,-0.27471167,1.6313598,1
7.0,7,-3.0496836,-2.6826305,-1.7863483,-1.0703924,0.30487755,2.0892515,5.643079,12.474062,-0.37784234,2.022341,-1.4585456,-3.6048877,-2.5663414,-1.0320922,-1.0008047,-0.83591574,-2.9418218,-2.1129978,-0.2641841,1.6460317,1
7.0,7,-3.046438,-2.669503,-1.7873781,-1.0851003,0.2855713,2.0973423,5.588879,12.450873,-0.34894794,2.0579007,-1.4925021,-3.6062634,-2.5675607,-1.0357368,-0.9943748,-0.83303255,-2.952719,-2.1065085,-0.24760959,1.6741099,1
7.0,7,-3.0463448,-2.6702223,-1.7873095,-1.0842185,0.2869544,2.0969646,5.591974,12.452174,-0.3509995,2.055649,-1.4906042,-3.6062539,-2.5673006,-1.0357759,-0.99499077,-0.83357316,-2.951777,-2.1065137,-0.24830294,1.6730777,1
7.0,7,-3.046966,-2.6728528,-1.7869277,-1.0809293,0.29075027,2.0948853,5.6038027,12.457459,-0.3571786,2.0479171,-1.4830754,-3.6059246,-2.5668557,-1.0342894,-0.9963882,-0.8346321,-2.9497283,-2.1080208,-0.25189683,1.666539,1
7.0,7,-3.0485597,-2.676768,-1.7866367,-1.0765733,0.29551163,2.0913682,5.620847,12.464915,-0.36515895,2.0378344,-1.4720794,-3.6056943,-2.5669358,-1.0318552,-0.9977873,-0.8346979,-2.9474194,-2.1107361,-0.25775468,1.6563472,1
7.0,7,-3.908128,-4.024657,-1.8936834,0.25258452,1.7184119,4.635764,7.5426106,12.244744,-3.1384532,0.66774356,-0.48733443,-2.4450889,-2.8954291,-2.4456892,-0.797061,0.9003298,-2.0036936,-1.7137862,-0.561094,0.0032461584,1
7.0,7,-3.9083261,-4.017116,-1.8935617,0.24898331,1.7221309,4.656857,7.5323477,12.24001,-3.1366355,0.665405,-0.49328265,-2.4408798,-2.8918195,-2.4366658,-0.8000701,0.882952,-2.0054944,-1.7059741,-0.5452799,-0.0013355874,1
7.0,7,-3.8995945,-4.0126553,-1.8876338,0.25891852,1.711945,4.6275716,7.5439467,12.258136,-3.1354446,0.6545096,-0.48071557,-2.441406,-2.8850477,-2.4198074,-0.8150554,0.8406325,-1.9992445,-1.7023288,-0.5389433,-0.001804173,1
7.0,7,-3.8994906,-4.0125527,-1.8880355,0.25900292,1.7113708,4.627273,7.543488,12.258258,-3.1353328,0.6546651,-0.48057222,-2.441092,-2.8851662,-2.4197576,-0.8152198,0.8404155,-1.9990883,-1.7020528,-0.538648,-0.0017729849,1
7.0,7,-3.8994236,-4.0131335,-1.8885257,0.2593392,1.7105881,4.6254697,7.5436497,12.25856,-3.1353805,0.6552097,-0.4801539,-2.4411936,-2.8856637,-2.4208848,-0.8148572,0.8423608,-1.9989071,-1.7025492,-0.5398862,-0.0011672415,1
7.0,7,-3.8998046,-4.014426,-1.8891193,0.25934196,1.7103845,4.6241636,7.543957,12.258068,-3.1356626,0.656454,-0.48012027,-2.4416597,-2.8866465,-2.4235494,-0.81353587,0.8476142,-1.9989574,-1.70378,-0.54249865,-0.00021107867,1
13.0,13,-3.6487129,-2.5834324,-2.2655778,-2.7609863,-1.512998,-0.571116,5.313663,2.428156,-1.0883555,-0.7766997,5.4269657,-0.73877794,0.5132969,9.801012,-1.3693916,-0.58329237,-2.9183786,0.98031855,-1.6022682,-2.0462956,1
13.0,13,-3.638469,-2.582294,-2.2573528,-2.7477145,-1.5302814,-0.57428867,5.31155,2.4026172,-1.0700452,-0.7700532,5.3777366,-0.74437505,0.5902884,9.838036,-1.3569193,-0.58914924,-2.941768,0.9416084,-1.6172267,-2.063542,1
13.0,13,-3.6352475,-2.5832174,-2.2574425,-2.7396133,-1.5477673,-0.5661852,5.314039,2.3958197,-1.0527529,-0.7599566,5.3259606,-0.75518686,0.6496306,9.862954,-1.3482119,-0.5928666,-2.967013,0.91229135,-1.6269904,-2.0778813,1
13.0,13,-3.6352475,-2.5838597,-2.2577133,-2.7403216,-1.5463573,-0.5656815,5.3149147,2.3957894,-1.0540576,-0.7604662,5.329332,-0.7547908,0.6472009,9.860395,-1.3491467,-0.59244627,-2.9654627,0.9145701,-1.6265955,-2.077834,1
13.0,13,-3.6353939,-2.5837655,-2.2573807,-2.7414024,-1.5435795,-0.5672898,5.314509,2.3959296,-1.0567595,-0.7621532,5.3376184,-0.7529167,0.63898265,9.856843,-1.3504274,-0.59193444,-2.9614477,0.9188344,-1.6253651,-2.0758855,1
13.0,13,-3.63579,-2.5834703,-2.256874,-2.743068,-1.5392339,-0.5700177,5.3133745,2.3962522,-1.061172,-0.76510763,5.351421,-0.749645,0.62521154,9.851138,-1.352536,-0.5913916,-2.9544613,0.9262923,-1.6231923,-2.0725834,1
4.0,4,2.0173004,0.14308806,-0.8503383,-2.721477,13.658519,1.4130752,2.3782399,-1.281583,-1.8825998,-4.399438,-0.7760536,-1.2181476,0.32335624,-2.3331423,2.5862572,1.1600084,-0.39012823,-0.71189284,-2.1742034,-1.9658703,1
4.0,4,2.0003238,0.13453564,-0.8523434,-2.7237036,13.664375,1.4205537,2.3802373,-1.2782917,-1.88135,-4.3957176,-0.7759504,-1.2177521,0.3224616,-2.3323283,2.5910761,1.1704272,-0.39683986,-0.7130098,-2.1755245,-1.9643207,1
4.0,4,1.987883,0.12322986,-0.8533518,-2.7212996,13.669777,1.4276335,2.3942864,-1.2709337,-1.883782,-4.393415,-0.7720744,-1.2224411,0.32125401,-2.332439,2.5889106,1.1752164,-0.40369478,-0.7159388,-2.1765606,-1.9652605,1
4.0,4,1.9936439,0.12819442,-0.8524144,-2.72226,13.666937,1.4235862,2.387583,-1.2748505,-1.8823127,-4.3945103,-0.77382773,-1.2205327,0.32217523,-2.332236,2.5898821,1.1725887,-0.39951178,-0.7143878,-2.17618,-1.9647516,1
4.0,4,1.9975742,0.13175902,-0.8520909,-2.7230308,13.665209,1.4213088,2.3831036,-1.2772067,-1.8815266,-4.3952384,-0.7750614,-1.2190405,0.32257012,-2.3321977,2.5905814,1.1710771,-0.39729506,-0.7134439,-2.1758537,-1.9644455,1
4.0,4,1.9958197,0.13046671,-0.8535532,-2.7235882,13.665989,1.4222715,2.3836858,-1.2761111,-1.8819902,-4.394876,-0.7750272,-1.2181172,0.32235602,-2.3321693,2.591316,1.1728538,-0.39890105,-0.71361315,-2.1758456,-1.964246,1
1.0,13,0.30021232,7.126238,0.30328688,-2.3465884,-3.3653595,-1.7467957,-3.2325482,-1.0132676,1.0000399,1.185926,-0.5233738,1.4416857,-2.0934162,11.263969,-0.73836094,-1.9126856,-3.36403,-1.4443759,0.28069165,-0.19721751,0
1.0,13,0.28669807,7.111015,0.30715963,-2.359421,-3.372926,-1.7469157,-3.2337282,-1.0095845,1.0146596,1.208405,-0.5245957,1.4299378,-2.0956552,11.269109,-0.74228054,-1.919826,-3.362914,-1.4326131,0.28452447,-0.2026099,0
1.0,13,0.29360536,7.1287475,0.3102363,-2.3584082,-3.3730774,-1.7442183,-3.2381637,-1.0108894,1.0165313,1.2140992,-0.5252432,1.4261532,-2.1044986,11.254904,-0.7435594,-1.9182869,-3.3674254,-1.4337424,0.28215164,-0.2003742,0
1.0,13,0.29284233,7.125652,0.3094162,-2.3581212,-3.3726888,-1.7448329,-3.2371895,-1.0108154,1.0154912,1.2118342,-0.52508026,1.4274682,-2.1024725,11.257737,-0.7431063,-1.9183245,-3.3664703,-1.4339968,0.2825438,-0.20065498,0
1.0,13,0.2901755,7.11834,0.30811802,-2.3584692,-3.3725417,-1.7460048,-3.2352843,-1.0103176,1.0145767,1.2091694,-0.52489686,1.4291875,-2.0986893,11.263689,-0.74258775,-1.9189284,-3.364536,-1.4336418,0.2836138,-0.20155737,0
1.0,13,0.28667277,7.110977,0.30699998,-2.3592298,-3.3728688,-1.7469004,-3.2336679,-1.0097001,1.0144447,1.2081896,-0.52442557,1.4300619,-2.095459,11.269237,-0.74215955,-1.919671,-3.3629932,-1.4327496,0.2843955,-0.20256467,0
1.0,0,12.289873,5.403415,1.699303,-2.8185613,-3.4345546,-2.352784,-0.5504442,-3.3525121,1.3555104,0.43050832,-1.9096797,-2.434177,3.8098354,-1.4189991,-1.5509738,-2.9451625,-1.177911,-1.5808207,-0.38263115,-2.9964309,0
1.0,0,12.285471,5.4027133,1.7022872,-2.8218625,-3.4353523,-2.3548436,-0.5541085,-3.3527915,1.3674757,0.43171936,-1.9105526,-2.4388518,3.8128948,-1.4198271,-1.5510026,-2.9468799,-1.178568,-1.5806022,-0.37897035,-2.9957197,0
1.0,0,12.284181,5.402883,1.7034588,-2.8224137,-3.4354262,-2.3553607,-0.5557128,-3.3531723,1.3724174,0.43206638,-1.9108948,-2.44052,3.8137531,-1.421317,-1.55107,-2.9475448,-1.1785249,-1.5807956,-0.37767366,-2.9949293,0
1.0,0,12.284651,5.4026814,1.7030494,-2.822086,-3.4353614,-2.355213,-0.5551115,-3.3531072,1.3706557,0.43182248,-1.9107233,-2.4398446,3.8136067,-1.4208598,-1.551002,-2.9472678,-1.1784645,-1.5808272,-0.3782357,-2.9952052,0
1.0,0,12.285171,5.4025946,1.702576,-2.8218615,-3.4353347,-2.3550067,-0.55446583,-3.3529558,1.3686686,0.43167704,-1.9105781,-2.439166,3.8132737,-1.4202627,-1.5509751,-2.9470003,-1.1784743,-1.5807475,-0.37875515,-2.9955223,0
1.0,0,12.285415,5.4024425,1.7022963,-2.821819,-3.4353206,-2.3549306,-0.5540086,-3.3528438,1.3674483,0.43161893,-1.9104921,-2.4387982,3.813145,-1.4197484,-1.5509564,-2.9468188,-1.1785235,-1.5807009,-0.37907094,-2.9958112,0
12.0,13,-2.8751364,-3.2586458,-0.93794674,-2.5210147,-4.213853,0.5782284,-0.23275234,-0.5338407,3.6797206,6.4844904,-0.33455005,-1.0311067,7.627246,8.196484,-1.4486842,-2.1253743,-4.807956,-0.565887,-2.8901656,-3.404148,0
12.0,13,-2.8779263,-3.2470825,-0.9380162,-2.5239103,-4.214138,0.5734003,-0.23217873,-0.5252379,3.6777585,6.470657,-0.32880622,-1.0324938,7.6092052,8.223373,-1.4436035,-2.1283226,-4.810328,-0.5668641,-2.891488,-3.406074,0
12.0,13,-2.8758488,-3.2536554,-0.9373862,-2.5240912,-4.214455,0.57048076,-0.22800831,-0.52306545,3.6902711,6.484595,-0.3311734,-1.0364155,7.5991917,8.202618,-1.4486235,-2.121978,-4.8084474,-0.56877506,-2.8896096,-3.407419,0
12.0,13,-2.876466,-3.2525098,-0.9374334,-2.5237582,-4.213967,0.57203674,-0.22934912,-0.524857,3.6877296,6.4806223,-0.33070096,-1.0354035,7.604284,8.206068,-1.4473448,-2.1231267,-4.809179,-0.5683248,-2.8900867,-3.4072397,0
12.0,13,-2.8772132,-3.2500224,-0.9377578,-2.5236351,-4.2137723,0.5735232,-0.23103876,-0.5259974,3.6825705,6.4752,-0.32982492,-1.0338302,7.6088247,8.213885,-1.4453632,-2.125613,-4.809997,-0.5674418,-2.890871,-3.406679,0
12.0,13,-2.878245,-3.2470572,-0.9378119,-2.523825,-4.213806,0.57368034,-0.23236366,-0.5258344,3.6786458,6.469627,-0.32854068,-1.0326777,7.6102858,8.222934,-1.44338,-2.1278794,-4.810673,-0.5670791,-2.8915021,-3.4063036,0
18.0,18,-1.5276296,-0.7327755,-2.3603418,-0.68539464,0.3669371,0.39268094,-0.88935125,0.51088,0.80726856,-0.8344167,-1.8310769,1.363266,-3.1861413,-0.629681,-2.0309825,-1.1853284,1.197018,3.1549835,13.166284,6.084783,1
18.0,18,-1.5276405,-0.73268247,-2.3602777,-0.68553424,0.36716923,0.3928625,-0.8891734,0.51151305,0.8064918,-0.83471155,-1.8308753,1.3630327,-3.1860697,-0.62949395,-2.0307338,-1.1852751,1.1964325,3.1552334,13.165968,6.0849915,1
18.0,18,-1.5280286,-0.7329976,-2.3597167,-0.685909,0.36808094,0.39274794,-0.8894967,0.51038134,0.8070602,-0.83454835,-1.8307027,1.3627565,-3.1862044,-0.6303917,-2.0303223,-1.1842309,1.1961215,3.1552992,13.165891,6.0859575,1
18.0,18,-1.5279926,-0.7329709,-2.359814,-0.68586093,0.36800218,0.3927805,-0.88945585,0.5104923,0.8069689,-0.83457893,-1.8307276,1.3628178,-3.186207,-0.63030434,-2.030363,-1.184324,1.1961914,3.1552835,13.165887,6.085853,1
18.0,18,-1.5279303,-0.7329139,-2.3599353,-0.6857967,0.36784816,0.39282435,-0.88939387,0.51070356,0.80683774,-0.8346112,-1.830757,1.3628755,-3.1861854,-0.63013697,-2.0304244,-1.1844943,1.1962236,3.155274,13.165892,6.0856886,1
18.0,18,-1.5278846,-0.7328743,-2.3600254,-0.6857492,0.36774445,0.3928568,-0.8893446,0.5108606,0.80672944,-0.8346432,-1.8307774,1.3629183,-3.186174,-0.63001955,-2.030467,-1.1846141,1.1962584,3.155267,13.165895,6.0855684,1
18.0,18,-1.6960052,-0.5876518,-2.369958,-0.9556982,-0.24260758,0.828187,-0.72807455,1.4822915,1.7385265,-0.080391854,-1.9844131,0.7971722,-3.2000496,-0.9916363,-1.3063627,-1.6720034,-0.3962649,1.6712207,13.463138,7.0944805,1
18.0,18,-1.696046,-0.587463,-2.3699138,-0.95575637,-0.24318667,0.82767,-0.72833276,1.4826577,1.7393512,-0.08023867,-1.9840599,0.79692954,-3.1999245,-0.9916096,-1.3056846,-1.6722261,-0.39697528,1.6705817,13.463096,7.0947094,1
18.0,18,-1.696043,-0.5874523,-2.3699079,-0.9557591,-0.2432111,0.8276565,-0.72833544,1.4826776,1.7394036,-0.08022757,-1.9840513,0.79691195,-3.1999059,-0.9916068,-1.3056651,-1.6722435,-0.39701128,1.6705416,13.463103,7.0946927,1
18.0,18,-1.6960427,-0.58745825,-2.369911,-0.95575714,-0.24320008,0.82766134,-0.7283304,1.4826698,1.7393782,-0.08023329,-1.9840568,0.7969161,-3.199914,-0.99161035,-1.3056773,-1.6722356,-0.39699042,1.6705564,13.463106,7.0947046,1
18.0,18,-1.696047,-0.5874561,-2.3699093,-0.95576215,-0.24320884,0.82764864,-0.7283417,1.482666,1.7393957,-0.08022827,-1.9840486,0.7969126,-3.1999202,-0.99161077,-1.3056633,-1.6722326,-0.3970017,1.6705508,13.463101,7.094718,1
18.0,18,-1.6960582,-0.58745384,-2.3699007,-0.95577466,-0.24322714,0.8276146,-0.72836757,1.4826497,1.7394329,-0.080222175,-1.98403,0.79689914,-3.1999407,-0.9916183,-1.3056343,-1.67222,-0.39701578,1.6705359,13.463103,7.09477,1
2.0,2,-0.6972563,-0.27943397,12.821054,-1.4424144,0.2519799,-2.314013,1.5134965,-2.1239874,1.5701327,2.1383386,0.44787565,-1.6559738,1.146091,-0.9201328,-1.175278,-0.5193857,0.040159527,-2.8651314,-3.536779,0.25194672,1
2.0,2,-0.6972523,-0.27942407,12.821058,-1.4424173,0.2519683,-2.3140252,1.5134828,-2.1239994,1.5701505,2.1383386,0.44788668,-1.6559713,1.1460769,-0.9201563,-1.1752824,-0.5193917,0.04017726,-2.8651125,-3.5367725,0.2519497,1
2.0,2,-0.6972513,-0.2794233,12.821055,-1.4424151,0.25196958,-2.3140268,1.5134829,-2.1240013,1.5701518,2.138336,0.44788742,-1.6559722,1.146074,-0.92016613,-1.1752812,-0.5193903,0.040180515,-2.8651104,-3.5367744,0.25195414,1
2.0,2,-0.69725174,-0.27942234,12.821057,-1.4424144,0.25197127,-2.314027,1.5134835,-2.1240008,1.5701504,2.138335,0.4478871,-1.6559721,1.1460743,-0.9201646,-1.1752802,-0.51939017,0.040180076,-2.8651104,-3.5367754,0.25195438,1
2.0,2,-0.69725317,-0.27942038,12.821056,-1.4424154,0.2519701,-2.3140275,1.5134822,-2.1240005,1.5701519,2.1383314,0.4478882,-1.655971,1.1460757,-0.9201578,-1.1752802,-0.5193922,0.040178057,-2.865114,-3.5367737,0.25195205,1
2.0,2,-0.69725335,-0.27942178,12.821055,-1.4424152,0.2519687,-2.3140259,1.5134822,-2.124,1.5701512,2.1383343,0.44788775,-1.6559708,1.1460762,-0.92015606,-1.1752813,-0.51939255,0.04017741,-2.8651133,-3.5367737,0.25195122,1
18.0,18,-1.2360505,-0.9181663,-2.906095,-0.15054892,-0.21533175,0.89044887,-0.9472245,-0.47513822,0.99579066,0.29987538,-1.8970951,3.0806296,-2.64608,-0.9353312,-2.542162,-1.6504418,1.1437159,2.453967,13.2083,5.4487457,1
18.0,18,-1.2361059,-0.91808325,-2.9059546,-0.15060088,-0.21533987,0.8904036,-0.9473565,-0.47518766,0.99610615,0.29991847,-1.8971641,3.0805368,-2.6460226,-0.9352957,-2.542084,-1.6504852,1.1435097,2.45391,13.208415,5.448758,1
18.0,18,-1.2362136,-0.9180767,-2.905725,-0.1506729,-0.2151741,0.8903133,-0.94746315,-0.47533178,0.9963,0.29983866,-1.8972876,3.0803144,-2.6461196,-0.9354222,-2.5420117,-1.6504107,1.143627,2.4538515,13.208462,5.449152,1
18.0,18,-1.2361977,-0.91807634,-2.9057372,-0.15066704,-0.21518409,0.89031106,-0.9474602,-0.47533658,0.9962967,0.29984373,-1.897275,3.0803392,-2.6461098,-0.9354149,-2.5420268,-1.6504188,1.1436319,2.453857,13.20846,5.4491096,1
18.0,18,-1.2361826,-0.9180764,-2.9057627,-0.15066133,-0.21520168,0.8903211,-0.94744974,-0.4753252,0.99627835,0.29985368,-1.8972605,3.0803652,-2.646099,-0.93539995,-2.5420365,-1.6504266,1.1436183,2.4538634,13.208455,5.4490585,1
18.0,18,-1.2361568,-0.9180711,-2.9057875,-0.15064766,-0.21523446,0.89032286,-0.94744587,-0.4753285,0.99628603,0.2998734,-1.8972447,3.0804129,-2.6460743,-0.9353777,-2.5420573,-1.6504494,1.1436043,2.453863,13.208456,5.4489717,1
19.0,18,-1.5279251,-0.83152676,-2.907255,0.030433744,-0.71560496,-0.79894954,-2.1625705,-0.50979584,-1.2267824,0.22177501,-1.0759063,3.9415026,-2.1357987,0.74411666,-1.055682,-2.3120444,0.050227046,4.164362,11.705747,6.6689634,0
19.0,18,-1.5277367,-0.8311255,-2.9055753,0.029374424,-0.71316195,-0.80396664,-2.1634781,-0.5083261,-1.2348759,0.21537384,-1.0702903,3.9411619,-2.1322417,0.7483972,-1.0503842,-2.31283,0.049358793,4.166766,11.698016,6.6730156,0
19.0,18,-1.5269374,-0.83079,-2.904798,0.02944357,-0.71118224,-0.8024366,-2.16291,-0.50842965,-1.2318953,0.21528853,-1.0712167,3.9405446,-2.1341152,0.74437636,-1.0521513,-2.3129065,0.050819892,4.1679983,11.700777,6.6705856,0
19.0,18,-1.5270507,-0.8307872,-2.9049995,0.02948191,-0.71153337,-0.8024905,-2.1629539,-0.50840753,-1.2321076,0.21531838,-1.0712296,3.9406788,-2.1338704,0.74498963,-1.0520109,-2.312905,0.050618008,4.167706,11.700603,6.670707,0
19.0,18,-1.5272294,-0.8308337,-2.9051545,0.029468194,-0.71193725,-0.8028267,-2.1630588,-0.5083403,-1.2327758,0.21523067,-1.0710013,3.9407914,-2.1334558,0.7459211,-1.0515859,-2.3128963,0.050281893,4.1674066,11.699994,6.671242,0
19.0,18,-1.5274019,-0.8308799,-2.9053583,0.029473972,-0.71238494,-0.80308986,-2.1631622,-0.50830907,-1.233336,0.21522641,-1.0708505,3.9409432,-2.1330633,0.74680716,-1.0512424,-2.3128798,0.049971662,4.1670833,11.699488,6.6716805,0
1.0,0,12.420097,2.6519375,0.8536847,-1.6207467,-2.7308052,-2.2912128,1.8056927,-3.1472418,-1.335204,0.040665086,-1.2913917,-1.5245334,4.396721,-1.8805157,-1.5769951,-1.9794085,-0.26617208,-1.8886268,-1.5477922,-3.419054,0
1.0,0,12.421006,2.6556005,0.8546366,-1.6225927,-2.7309055,-2.2911742,1.8005306,-3.1479552,-1.3287613,0.040998522,-1.2936275,-1.5263646,4.3974295,-1.8818884,-1.5764447,-1.9795053,-0.26859355,-1.8890467,-1.5451639,-3.4182806,0
1.0,0,12.4212265,2.656288,0.85486704,-1.6226916,-2.730685,-2.2908108,1.7995739,-3.1482203,-1.3269585,0.041013934,-1.2943194,-1.5268769,4.397558,-1.8829286,-1.5764277,-1.9796369,-0.26893398,-1.8892256,-1.5445453,-3.4179695,0
1.0,0,12.421069,2.6559055,0.85486543,-1.6225549,-2.730763,-2.2909687,1.7998757,-3.1482096,-1.3275775,0.04091692,-1.2940534,-1.5266329,4.3977656,-1.88258,-1.5763959,-1.9796143,-0.26872224,-1.889206,-1.5448459,-3.418082,0
1.0,0,12.420968,2.6556203,0.8547915,-1.6225111,-2.7308602,-2.2911248,1.8002231,-3.1481194,-1.3282691,0.040896695,-1.2937803,-1.5264227,4.397772,-1.8821613,-1.5763934,-1.9795663,-0.26858404,-1.8891435,-1.5450919,-3.4182038,0
1.0,0,12.420947,2.6556082,0.8547501,-1.6226195,-2.73089,-2.2912705,1.8002921,-3.148058,-1.3285289,0.04090256,-1.2936548,-1.526372,4.3977013,-1.8818817,-1.5763762,-1.979479,-0.26860422,-1.8891052,-1.5451396,-3.4182844,0
3.0,11,0.26392007,-1.4761775,-1.8043411,9.962381,-1.3596392,-3.770062,-2.012967,-4.1718225,-2.1517055,-2.5654511,-0.03239227,10.784028,-0.9085734,-1.3696443,-1.7835258,-1.5068065,8.634184,0.45929927,-0.47607478,-1.0142587,0
3.0,11,0.2677214,-1.4809582,-1.7988262,9.972301,-1.3652458,-3.7770305,-2.0064826,-4.1700287,-2.1452205,-2.5675554,-0.035760537,10.748529,-0.909533,-1.3853676,-1.793566,-1.5136371,8.67842,0.46134013,-0.47433499,-1.0044299,0
3.0,11,0.2681238,-1.4818958,-1.8000004,9.974241,-1.3667662,-3.7761943,-2.0046935,-4.1695766,-2.1458008,-2.5661623,-0.036609426,10.748698,-0.90873146,-1.3858738,-1.7945732,-1.512383,8.676176,0.45969415,-0.4734386,-1.0038508,0
3.0,11,0.26792416,-1.4816775,-1.7995118,9.973673,-1.3669654,-3.7766075,-2.0052826,-4.1696754,-2.145494,-2.566417,-0.036056586,10.748678,-0.9089272,-1.3855791,-1.7945702,-1.5130035,8.677138,0.46028683,-0.4737092,-1.0040218,0
3.0,11,0.26763603,-1.4813517,-1.7991968,9.972563,-1.3664439,-3.7768247,-2.0060816,-4.1699433,-2.1452901,-2.5668051,-0.035656378,10.749224,-0.9092312,-1.3851278,-1.7941028,-1.5133042,8.677435,0.4609142,-0.47402534,-1.0043855,0
3.0,11,0.26783866,-1.4811238,-1.7991029,9.972738,-1.3664172,-3.7768204,-2.0060892,-4.1698937,-2.1453717,-2.5668797,-0.035717525,10.749231,-0.90923154,-1.3850768,-1.7940089,-1.5133857,8.677205,0.46075895,-0.47412694,-1.0043921,0
5.0,5,-2.3234794,-0.6897292,-1.8617706,-1.8592604,4.4858236,12.871608,-0.46219134,-0.39859894,-2.5280156,0.6173155,-4.211106,-1.5256916,0.9992558,-2.1404748,6.142536,2.4646208,-3.9350872,-0.22510073,-0.8260758,-1.998998,1
5.0,5,-2.3327909,-0.70264,-1.8613064,-1.8555502,4.4779096,12.851453,-0.47095776,-0.39846456,-2.5295026,0.6060434,-4.1977887,-1.5347469,0.9991829,-2.1429794,6.1874223,2.4769049,-3.9310076,-0.22356685,-0.83894217,-1.9886253,1
5.0,5,-2.3344433,-0.70389795,-1.8621544,-1.8557189,4.479235,12.849908,-0.47083384,-0.3974738,-2.5295691,0.6025854,-4.1951923,-1.5370765,0.998179,-2.1441917,6.19332,2.4815712,-3.9316325,-0.22613563,-0.8414396,-1.9869738,1
5.0,5,-2.3340192,-0.7025047,-1.8620385,-1.8554488,4.478181,12.851095,-0.4710077,-0.39751318,-2.5292222,0.6029888,-4.1960483,-1.5360259,0.9986353,-2.142739,6.1906905,2.4796722,-3.9316843,-0.22567363,-0.8404439,-1.9878314,1
5.0,5,-2.3339334,-0.7026293,-1.8617764,-1.855231,4.4774623,12.85065,-0.47145247,-0.39778444,-2.5292497,0.60336316,-4.1962414,-1.5357349,0.99890566,-2.14244,6.19101,2.4788532,-3.9313323,-0.224981,-0.8403141,-1.9878384,1
5.0,5,-2.3334513,-0.7033992,-1.8615128,-1.8555573,4.47825,12.850391,-0.47112876,-0.39821532,-2.5296094,0.6047306,-4.1967335,-1.535694,0.9988491,-2.1435037,6.1904216,2.4786136,-3.9310503,-0.22435749,-0.840047,-1.9878302,1
18.0,18,-1.1200686,-0.71653295,-2.875033,-0.5749459,-0.5432664,0.9125349,-0.82556105,-0.29066887,3.027169,0.79737043,-2.3062413,2.4521372,-2.5994995,-0.60353816,-2.7997787,-1.5388585,0.5305975,1.7271029,13.712724,3.7317965,1
18.0,18,-1.1200662,-0.7165264,-2.874992,-0.57496834,-0.5432866,0.9125355,-0.8255652,-0.29069862,3.0273342,0.7974295,-2.30626,2.4521012,-2.5994668,-0.6035462,-2.7998047,-1.5388724,0.53056884,1.7270372,13.712735,3.731693,1
18.0,18,-1.1200727,-0.71652955,-2.8749716,-0.5749764,-0.5432763,0.91253334,-0.82556355,-0.2907063,3.0273507,0.7974254,-2.306268,2.4520762,-2.5994713,-0.6035594,-2.7998004,-1.5388613,0.5305738,1.7270225,13.712734,3.7317243,1
18.0,18,-1.120071,-0.71652895,-2.8749757,-0.57497597,-0.5432787,0.9125328,-0.8255648,-0.290705,3.0273514,0.7974269,-2.3062658,2.452081,-2.599469,-0.60355645,-2.7998016,-1.5388646,0.5305723,1.7270263,13.712737,3.731714,1
18.0,18,-1.1200695,-0.71652836,-2.8749778,-0.57497466,-0.54328007,0.9125328,-0.82556444,-0.29070464,3.0273495,0.7974284,-2.3062656,2.4520843,-2.5994678,-0.60355455,-2.7998028,-1.5388665,0.5305719,1.7270275,13.71274,3.731709,1
18.0,18,-1.1200747,-0.71652204,-2.87497,-0.5749824,-0.54328007,0.91252726,-0.82557553,-0.29070473,3.0273736,0.79742795,-2.3062606,2.4520807,-2.5994709,-0.6035494,-2.7997963,-1.5388685,0.53056127,1.7270315,13.712738,3.7316985,1
16.0,16,-1.6162311,-2.5500836,-0.37013075,2.5877361,1.8590114,-4.073516,-2.7738807,-3.9928327,-0.3942329,-2.5973067,1.3680974,7.9942436,-2.1093173,-2.0766437,-1.676141,-1.279509,11.6427145,4.6367893,-1.6427448,-2.096695,1
16.0,16,-1.6189588,-2.5505922,-0.37025824,2.5869665,1.8644098,-4.071388,-2.7747407,-3.9965358,-0.39310777,-2.5956445,1.3711073,7.9974403,-2.1103585,-2.0770128,-1.6781443,-1.2758788,11.639581,4.6338186,-1.6424365,-2.0969462,1
16.0,16,-1.6191347,-2.5507479,-0.36955753,2.5855474,1.8672625,-4.070772,-2.7740111,-3.996839,-0.39222258,-2.596264,1.3700706,7.994271,-2.110095,-2.077973,-1.677212,-1.2748986,11.640384,4.6325765,-1.6427429,-2.0962863,1
16.0,16,-1.618941,-2.550702,-0.36971346,2.5859003,1.8661231,-4.071085,-2.7741835,-3.99657,-0.39244425,-2.5961874,1.3702434,7.9946437,-2.1101587,-2.077896,-1.6774147,-1.2753236,11.640663,4.6331296,-1.6425703,-2.096308,1
16.0,16,-1.6189271,-2.5506387,-0.37005422,2.5865674,1.8649573,-4.0712957,-2.774529,-3.9965177,-0.39285448,-2.5958562,1.3707576,7.996298,-2.1102824,-2.077393,-1.6778738,-1.2756994,11.6401005,4.6336093,-1.6424526,-2.096672,1
16.0,16,-1.6189959,-2.5506067,-0.3702425,2.5869386,1.864597,-4.0713034,-2.7746851,-3.9965715,-0.3930811,-2.595674,1.3710074,7.997438,-2.1103096,-2.0769794,-1.6780673,-1.2758093,11.639477,4.633665,-1.6424923,-2.0969746,1
7.0,7,-3.360711,-3.9978774,-2.0236683,0.71574056,1.0699658,2.309103,8.440382,12.9938755,-3.0574234,0.21739838,0.4892603,-2.8556547,-2.9301732,-2.2349882,-1.0668533,0.4705969,-1.8792973,-1.958492,-1.0273587,0.3303272,1
7.0,7,-3.362687,-3.9731302,-2.013546,0.71402264,1.0707023,2.3555024,8.384979,13.00467,-3.055653,0.21108346,0.45906442,-2.8386343,-2.9074504,-2.2061746,-1.0660758,0.39497948,-1.8771471,-1.9312795,-0.9834472,0.32289612,1
7.0,7,-3.3643315,-3.9592407,-1.9913536,0.7036123,1.07781,2.3801546,8.361915,13.016894,-3.0551004,0.19922787,0.44387755,-2.8298585,-2.8837852,-2.167276,-1.0754151,0.30787235,-1.8687657,-1.9076734,-0.9493802,0.31025663,1
7.0,7,-3.3638775,-3.9589596,-1.9909873,0.704066,1.0771714,2.3790994,8.361809,13.017119,-3.054856,0.19871116,0.4447978,-2.8289351,-2.8829796,-2.1662934,-1.0766766,0.3050304,-1.8680838,-1.9069903,-0.9486252,0.30978447,1
7.0,7,-3.3622172,-3.961165,-1.9928126,0.70586675,1.0758052,2.3710334,8.368504,13.016167,-3.054513,0.1992423,0.45025045,-2.8303885,-2.885573,-2.1703434,-1.0786345,0.31282717,-1.8679764,-1.9099362,-0.95349324,0.31106815,1
7.0,7,-3.3604734,-3.9648695,-1.995112,0.7075038,1.0747238,2.3598807,8.379211,13.014879,-3.0541759,0.19965117,0.4575227,-2.8334951,-2.889024,-2.1754334,-1.0802606,0.32448167,-1.8684756,-1.9146215,-0.9614178,0.3128222,1
17.0,17,-0.7217841,-1.6173298,-1.2872449,-1.7995712,1.1417818,-1.5929534,-3.5946224,-1.814558,-2.4222755,0.39781457,4.077201,0.4880856,-1.8628101,-2.6440463,-0.17675874,-2.4762568,6.7283535,13.843272,1.0968168,-0.9002272,1
17.0,17,-0.70666504,-1.598279,-1.2819606,-1.7059554,1.1217537,-1.6266338,-3.6160996,-1.835443,-2.3837223,0.3625583,3.9518287,0.44387656,-1.7953398,-2.5973558,-0.16137825,-2.514794,6.8165565,13.805293,1.1119475,-0.9073173,1
17.0,17,-0.6983635,-1.596521,-1.3010955,-1.6558485,1.1075789,-1.65239,-3.6306071,-1.8497075,-2.3647146,0.33103138,3.9281251,0.44517583,-1.7722096,-2.600166,-0.15092476,-2.5265095,6.8762565,13.789889,1.1160344,-0.9094827,1
17.0,17,-0.70048153,-1.5964023,-1.2934588,-1.6746169,1.1138572,-1.641043,-3.6238024,-1.8440073,-2.372218,0.34378064,3.9329524,0.44248372,-1.779889,-2.5993977,-0.1558187,-2.522142,6.8535395,13.795378,1.1149302,-0.909581,1
17.0,17,-0.7027019,-1.5967064,-1.287595,-1.6901742,1.1185584,-1.6323515,-3.6188173,-1.8394166,-2.3782818,0.35384774,3.9389133,0.44135872,-1.7867941,-2.5989895,-0.15930471,-2.5182872,6.834998,13.800066,1.1137664,-0.9092463,1
17.0,17,-0.706046,-1.5980499,-1.2824357,-1.6933111,1.1185614,-1.6340914,-3.6191134,-1.8391725,-2.380677,0.35571027,3.9487634,0.44485945,-1.7911612,-2.5938456,-0.1600857,-2.5193741,6.8297315,13.801537,1.1120903,-0.9070732,1
9.0,9,-1.5790482,-3.697928,0.6848081,-3.107233,-4.077765,0.27403948,0.07889643,-0.5861784,-0.0387193,13.126181,-0.98929626,-1.1210395,-1.9562403,-0.7571707,-3.055775,0.8571773,-1.2899171,2.4902337,-0.21845561,0.01992673,1
9.0,9,-1.5804766,-3.697962,0.6840608,-3.1078691,-4.07848,0.27431703,0.07883021,-0.5849776,-0.039438773,13.125659,-0.9886849,-1.1221706,-1.9552338,-0.753229,-3.0539567,0.8581563,-1.2920442,2.4897656,-0.22012916,0.018904295,1
9.0,9,-1.5803734,-3.697904,0.6843727,-3.1078324,-4.078427,0.274352,0.07886489,-0.58512485,-0.03925011,13.125792,-0.988861,-1.122441,-1.9549457,-0.75335294,-3.05395,0.8580933,-1.2921258,2.4894855,-0.22013792,0.018915769,1
9.0,9,-1.5803165,-3.697911,0.68428606,-3.107802,-4.078394,0.27435815,0.078900166,-0.58511287,-0.039361943,13.125753,-0.9888146,-1.1223031,-1.9550583,-0.75346535,-3.0540304,0.85809535,-1.2920367,2.4895823,-0.22010094,0.018922988,1
9.0,9,-1.5803492,-3.697931,0.6841922,-3.1078117,-4.078412,0.27434474,0.078887,-0.5850688,-0.039412383,13.125718,-0.9887635,-1.1222208,-1.9551467,-0.75342983,-3.054033,0.8581119,-1.29201,2.489666,-0.22009465,0.01892415,1
9.0,9,-1.5803983,-3.6979446,0.6841373,-3.1078339,-4.0784326,0.27434173,0.078885674,-0.5850176,-0.039455015,13.125683,-0.9887227,-1.1222085,-1.9551741,-0.753331,-3.053996,0.85814375,-1.2920382,2.4896982,-0.22012675,0.018903356,1
14.0,14,-3.6561046,-1.5484053,-3.0102887,0.648208,1.7605819,3.5480347,-2.7605603,-0.83003813,-2.2332962,-2.8023963,-0.78564394,2.2499313,-0.86390716,-0.39099905,12.235487,6.5768332,-3.133544,-1.4327494,-3.6130602,-0.53609717,1
14.0,14,-3.6648836,-1.5547512,-3.0125976,0.6269129,1.7687138,3.564113,-2.7552838,-0.8236141,-2.2279203,-2.7974226,-0.7904548,2.2173777,-0.8671499,-0.40082648,12.241449,6.5973215,-3.134649,-1.4315726,-3.6121347,-0.53160965,1
14.0,14,-3.6722555,-1.5638875,-3.0120714,0.60687584,1.7736529,3.5729973,-2.7492802,-0.8180621,-2.2225797,-2.794056,-0.7920112,2.1824336,-0.86727035,-0.4073468,12.251242,6.610291,-3.1309462,-1.4279388,-3.6115212,-0.5264399,1
14.0,14,-3.668912,-1.5600011,-3.0118337,0.6162513,1.7710575,3.5670938,-2.7520888,-0.82051146,-2.2248864,-2.7958822,-0.79072934,2.198081,-0.8671045,-0.40390372,12.247395,6.6039753,-3.132027,-1.4295058,-3.6120389,-0.5283862,1
14.0,14,-3.6665597,-1.5571798,-3.0119886,0.6229271,1.7690119,3.5638533,-2.7541044,-0.82241434,-2.226641,-2.7968256,-0.7902083,2.209691,-0.867108,-0.4017119,12.244157,6.5998287,-3.1330392,-1.4305971,-3.6121838,-0.53004354,1
14.0,14,-3.6662786,-1.5574883,-3.0126266,0.62526745,1.7652243,3.563464,-2.7548628,-0.8239158,-2.2274497,-2.795341,-0.7907615,2.2145667,-0.8673837,-0.40126,12.242183,6.599654,-3.1325076,-1.4299814,-3.6112883,-0.5309973,1
16.0,17,-1.4470265,-2.071918,-2.6545405,0.3116696,-0.5747814,-0.80950755,-3.1409888,-0.9934499,-2.8759484,-0.40709555,0.8613099,4.958393,-3.6895368,-3.48778,-1.9191841,-2.0407917,9.680983,11.994852,1.2449707,-1.1984237,0
16.0,17,-1.4448199,-2.0626955,-2.6731055,0.2904483,-0.5686034,-0.7825064,-3.1464453,-0.9779477,-2.8936746,-0.3917399,0.87110597,4.951431,-3.6926796,-3.4827564,-1.9146764,-2.0394716,9.623621,12.031552,1.2594295,-1.1990211,0
16.0,17,-1.4495547,-2.06441,-2.6691506,0.28819603,-0.55771255,-0.775866,-3.144258,-0.977352,-2.8898265,-0.39907825,0.86223465,4.9448347,-3.6924474,-3.4848735,-1.9127837,-2.0389569,9.632524,12.023361,1.2527529,-1.1945324,0
16.0,17,-1.44754,-2.062517,-2.6723514,0.2910195,-0.5655061,-0.78009605,-3.1479962,-0.97924703,-2.8928435,-0.39476472,0.86974233,4.955797,-3.692438,-3.4801807,-1.9143255,-2.040525,9.623652,12.028508,1.2557988,-1.1978105,0
16.0,17,-1.4462373,-2.0622835,-2.6727629,0.29195213,-0.56858265,-0.78300405,-3.1486573,-0.9801857,-2.8931386,-0.3931926,0.8723826,4.9575763,-3.6922917,-3.4797714,-1.9149735,-2.0407953,9.623071,12.029917,1.2571387,-1.1989431,0
16.0,17,-1.4463837,-2.0668607,-2.6621804,0.2938878,-0.5664317,-0.7953472,-3.145703,-0.9874933,-2.881593,-0.40075308,0.8704307,4.946772,-3.6902316,-3.4869373,-1.9159958,-2.0406759,9.65428,12.016615,1.2505271,-1.195709,0
0.0,0,13.134295,4.2605166,0.88686544,-1.6831417,-2.1567144,-2.5269656,1.3766602,-2.7359498,-3.1523674,0.61250556,-0.5771759,-1.0437567,1.5754331,-1.8793674,-1.2457641,-1.9020101,-0.8908993,-1.6675744,-2.3756015,-2.8839214,1
0.0,0,13.138487,4.2829714,0.88751113,-1.6865611,-2.1530151,-2.5291398,1.3597647,-2.740059,-3.147746,0.61754495,-0.5783223,-1.0417761,1.5642486,-1.8834177,-1.243296,-1.9007715,-0.8960846,-1.6666161,-2.3765936,-2.8785088,1
0.0,0,13.14034,4.2919717,0.88790417,-1.6893321,-2.1530855,-2.5286748,1.3526139,-2.7415848,-3.1437776,0.62111497,-0.58168113,-1.041975,1.5583161,-1.8868846,-1.2432991,-1.8996774,-0.89818543,-1.6659832,-2.3740234,-2.8752732,1
0.0,0,13.140017,4.2902756,0.8879323,-1.688687,-2.1530807,-2.528718,1.3541121,-2.7411559,-3.144676,0.6199194,-0.5811818,-1.0419798,1.5595886,-1.8860071,-1.243243,-1.8999327,-0.8977543,-1.6662517,-2.374259,-2.8758826,1
0.0,0,13.139534,4.287933,0.8878447,-1.6879424,-2.1530585,-2.5288358,1.3560034,-2.740733,-3.1457462,0.6189031,-0.58031535,-1.0419244,1.5611488,-1.8850653,-1.2432293,-1.9002206,-0.8972035,-1.6664417,-2.374901,-2.8767292,1
0.0,0,13.139276,4.2870126,0.8877191,-1.6873459,-2.1526728,-2.5292907,1.3567381,-2.7406566,-3.1466613,0.61834866,-0.5790923,-1.04154,1.5619447,-1.8843608,-1.2429731,-1.9004025,-0.89698535,-1.6664919,-2.3760571,-2.8773332,1
9.0,9,-2.5960135,-4.344318,4.6093926,-2.4273381,-2.2668443,-1.7993677,0.21560149,-2.0354896,0.91011935,9.224878,-1.3666773,-2.1829133,-2.0598469,-3.583868,-1.3356014,1.8083757,-0.5686185,-0.5865223,0.79601085,7.872828,1
9.0,9,-2.5959353,-4.344284,4.609116,-2.4273183,-2.2667625,-1.7992716,0.2155458,-2.0355318,0.9100087,9.224749,-1.3667505,-2.1828976,-2.0599287,-3.5840492,-1.3354865,1.8086149,-0.5686109,-0.58651704,0.7959478,7.873052,1
9.0,9,-2.5958774,-4.344298,4.6091723,-2.427303,-2.266743,-1.7992184,0.2155969,-2.0355408,0.9099421,9.224822,-1.3667794,-2.1828892,-2.0598812,-3.5840597,-1.3354821,1.8086295,-0.5686061,-0.5865209,0.7957945,7.872855,1
9.0,9,-2.5958734,-4.344305,4.6092,-2.427315,-2.2667642,-1.7992098,0.21560039,-2.0355463,0.9099637,9.224891,-1.3667821,-2.1828823,-2.0598695,-3.5840406,-1.335512,1.8086017,-0.56860733,-0.5865085,0.79577714,7.8727546,1
9.0,9,-2.5958886,-4.3443,4.6092,-2.4273255,-2.266776,-1.7992204,0.21558924,-2.0355456,0.9099887,9.224898,-1.3667736,-2.182885,-2.0598757,-3.5840306,-1.3355212,1.8085897,-0.5686116,-0.5865061,0.7958069,7.8727694,1
9.0,9,-2.5958893,-4.3443027,4.6092215,-2.4273324,-2.266789,-1.7992169,0.21559061,-2.0355506,0.91000533,9.224941,-1.366773,-2.1828825,-2.059868,-3.5840201,-1.3355386,1.8085743,-0.5686125,-0.58650017,0.795795,7.8727126,1
12.0,13,-0.5923128,-3.8345058,-1.1003523,-0.61216617,-3.0258002,-2.5491502,4.170142,-1.3337699,-0.42575094,1.1839529,0.74937457,2.1617312,8.092685,9.24971,-1.1469364,-0.6472257,-2.2589073,-4.36501,-2.8739996,-3.2205567,0
12.0,13,-0.62497073,-3.8437438,-1.0967679,-0.6018732,-3.0293891,-2.5752358,4.1593966,-1.34161,-0.39894006,1.1585946,0.7773657,2.1854594,8.090583,9.270068,-1.1724634,-0.66709715,-2.2205615,-4.346692,-2.852388,-3.21174,0
12.0,13,-0.645865,-3.841419,-1.0944471,-0.60305667,-3.0293708,-2.5795145,4.138518,-1.3517803,-0.38007239,1.149307,0.7784125,2.1958053,8.09682,9.287417,-1.1769446,-0.6737413,-2.2112522,-4.339437,-2.839135,-3.2071815,0
12.0,13,-0.6426649,-3.8414667,-1.0944808,-0.6027385,-3.0294178,-2.5782495,4.139971,-1.3516244,-0.3813309,1.1511805,0.77647865,2.1941164,8.098706,9.284191,-1.1761659,-0.6725816,-2.213272,-4.341144,-2.8406928,-3.2080543,0
12.0,13,-0.6397938,-3.8422744,-1.0947605,-0.60193485,-3.029613,-2.578421,4.1434913,-1.3501221,-0.38366374,1.1520674,0.7771335,2.1930768,8.097896,9.28132,-1.1764252,-0.67205405,-2.213628,-4.3420095,-2.8423185,-3.2086444,0
12.0,13,-0.6365714,-3.8438349,-1.0954884,-0.60089946,-3.029839,-2.5796206,4.14975,-1.3468078,-0.3881674,1.1523957,0.780345,2.192347,8.093647,9.278378,-1.1771492,-0.67170686,-2.212886,-4.3422203,-2.8446884,-3.2091486,0
2.0,2,0.28170434,2.8310742,13.057909,-1.2493801,0.37618962,-2.7694643,0.39241266,-2.0616019,0.8220261,0.26639575,0.29892734,-1.8030399,-0.20980743,-1.2870632,-0.6424747,-0.3679828,0.0011024391,-2.7810292,-3.3646955,2.0750384,1
2.0,2,0.28167966,2.8310122,13.0579405,-1.2493494,0.37625232,-2.7694578,0.39242834,-2.0616436,0.8221002,0.2663437,0.29896018,-1.8029871,-0.20970927,-1.2869896,-0.6424764,-0.36802894,0.0011406755,-2.7810407,-3.3647656,2.0748234,1
2.0,2,0.28167596,2.8310106,13.057938,-1.2493474,0.37624806,-2.7694628,0.3924253,-2.0616434,0.8221021,0.26634377,0.29896206,-1.8029873,-0.2097148,-1.2869965,-0.6424753,-0.36802614,0.0011425521,-2.7810402,-3.3647614,2.0748413,1
2.0,2,0.2816744,2.8310082,13.05794,-1.2493479,0.37624878,-2.769464,0.39242613,-2.0616426,0.8221025,0.26634377,0.29896244,-1.8029878,-0.20971575,-1.2869976,-0.64247435,-0.36802495,0.0011414345,-2.7810419,-3.364762,2.0748456,1
2.0,2,0.28167978,2.831014,13.05794,-1.2493492,0.37625057,-2.7694592,0.3924266,-2.0616434,0.82210034,0.26634353,0.29896018,-1.802987,-0.20971143,-1.2869911,-0.6424759,-0.3680284,0.0011400525,-2.7810404,-3.3647652,2.0748277,1
2.0,2,0.2816815,2.831016,13.057946,-1.2493478,0.37625507,-2.7694557,0.39242834,-2.0616446,0.8221025,0.2663396,0.29896113,-1.8029845,-0.2097055,-1.286984,-0.6424763,-0.36803204,0.0011398764,-2.7810402,-3.3647692,2.07481,1
3.0,3,1.225974,0.8289779,2.8811023,13.739182,-0.39744738,-2.3074336,1.0120552,0.31225935,-3.1616201,-2.2326846,-0.2506173,2.677948,-1.1779243,-2.4289386,-2.7781274,-2.83526,4.455727,-0.9401792,-1.9506409,0.13832647,1
3.0,3,1.2260878,0.8289474,2.8829453,13.738668,-0.39727184,-2.308244,1.0118614,0.310589,-3.1610177,-2.2329187,-0.2508111,2.6789217,-1.1777828,-2.4288833,-2.778246,-2.8354502,4.4576106,-0.94071466,-1.9507058,0.13821054,1
3.0,3,1.2260724,0.82878745,2.8825977,13.738763,-0.39734563,-2.3081815,1.0118996,0.31065962,-3.1610835,-2.2328854,-0.25084627,2.679027,-1.1777183,-2.4288816,-2.778279,-2.83546,4.457654,-0.9406279,-1.9506637,0.13815922,1
3.0,3,1.2260702,0.8288348,2.8827038,13.7387295,-0.397325,-2.3081963,1.0118909,0.310655,-3.1610665,-2.2328897,-0.25083098,2.6789684,-1.1777418,-2.4288828,-2.7782662,-2.8354566,4.457626,-0.9406482,-1.9506782,0.1381812,1
3.0,3,1.2260808,0.82890266,2.8828442,13.738688,-0.39729658,-2.3082166,1.0118783,0.31063706,-3.161046,-2.2329006,-0.25081697,2.6789212,-1.1777751,-2.4288895,-2.778258,-2.8354537,4.4576044,-0.9406785,-1.950697,0.13820125,1
3.0,3,1.2260858,0.8289869,2.8830104,13.738664,-0.39725298,-2.3082643,1.0118438,0.31055486,-3.1609888,-2.2329369,-0.25079978,2.6789165,-1.1777803,-2.4288657,-2.778225,-2.8354425,4.4575906,-0.9407483,-1.9507064,0.13822396,1
15.0,15,-2.4053051,-3.3437448,-2.909651,0.11062576,0.3663217,-0.15830041,0.42786932,-2.4483862,-2.3600826,1.5037684,-1.3667887,4.3519444,-3.6543531,-3.355997,3.8112383,11.935244,0.2311597,-2.06179,-2.1585238,-0.07184707,1
15.0,15,-2.4032888,-3.3427606,-2.905898,0.10615267,0.36341828,-0.15691254,0.4317835,-2.4449914,-2.356772,1.5079234,-1.3679254,4.331611,-3.6542802,-3.3604393,3.8132844,11.94203,0.22937363,-2.0667205,-2.1594927,-0.06714837,1
15.0,15,-2.4032714,-3.3412979,-2.9036736,0.100512564,0.36482844,-0.1529092,0.43406516,-2.4415698,-2.3550074,1.5101435,-1.370203,4.314915,-3.6538692,-3.3614166,3.8197887,11.948686,0.22199121,-2.070281,-2.1612625,-0.06424259,1
15.0,15,-2.4032826,-3.3418803,-2.9047017,0.10342388,0.36432022,-0.15468332,0.4326951,-2.4434154,-2.3558774,1.5089588,-1.3692158,4.3229847,-3.6537125,-3.3606067,3.8174312,11.945505,0.22475713,-2.0686994,-2.1605911,-0.065719366,1
15.0,15,-2.4033318,-3.3425105,-2.905722,0.1059376,0.3639367,-0.15638942,0.43161565,-2.4449897,-2.3567286,1.5078425,-1.368252,4.330616,-3.6538775,-3.3600872,3.8146732,11.9425125,0.22792327,-2.0670779,-2.1598392,-0.06707427,1
15.0,15,-2.4031203,-3.342699,-2.9057555,0.10656568,0.36254197,-0.15709333,0.43161708,-2.4451463,-2.3565512,1.5082902,-1.3678519,4.331235,-3.6538818,-3.3602939,3.8135655,11.942006,0.22897737,-2.066937,-2.159506,-0.06709398,1
10.0,16,-1.2548748,-3.6481292,0.9195684,2.2113552,-2.865892,-6.838775,-0.33100682,-2.1785178,-0.39383763,-2.3223698,9.998387,5.343135,-1.4489781,-2.4842978,-3.8961213,-2.109629,11.588692,4.315963,-2.4443166,-1.4533237,0
10.0,16,-1.2506542,-3.662525,0.931188,2.2428627,-2.871792,-6.8541665,-0.2965824,-2.1764796,-0.39466918,-2.3333826,10.026756,5.356445,-1.4130124,-2.4725628,-3.8921316,-2.0993698,11.5456,4.241274,-2.467633,-1.4531043,0
10.0,16,-1.2490966,-3.6679034,0.9342704,2.259464,-2.8759654,-6.862145,-0.2840799,-2.177379,-0.3973309,-2.3376718,10.043861,5.374668,-1.3997494,-2.466087,-3.8911748,-2.0949876,11.52128,4.210774,-2.4772027,-1.4553514,0
10.0,16,-1.2489786,-3.6674085,0.93416953,2.2579873,-2.875698,-6.8612947,-0.2852099,-2.1776183,-0.39709535,-2.3372536,10.042134,5.372986,-1.4003087,-2.4662826,-3.891246,-2.0955048,11.523426,4.2131195,-2.4765682,-1.4554381,0
10.0,16,-1.2495483,-3.666667,0.93408513,2.2532003,-2.873992,-6.8599324,-0.2859872,-2.175722,-0.3963554,-2.3365355,10.043167,5.3661027,-1.4035174,-2.4672744,-3.8911092,-2.0960004,11.525469,4.218324,-2.475618,-1.4539207,0
10.0,16,-1.2507442,-3.6652153,0.93367666,2.2458766,-2.871319,-6.85812,-0.28753823,-2.1724296,-0.39537185,-2.3353043,10.04648,5.3566613,-1.4099874,-2.468826,-3.891052,-2.0966864,11.527466,4.226955,-2.4739234,-1.4513955,0
14.0,14,-2.0092916,-2.302832,-2.8700361,-0.9821798,-0.44845513,0.04834129,-1.8868489,-0.8738685,-3.061223,-0.29491645,-0.57218033,-0.7580036,-1.1512051,-1.4806699,11.428894,7.904585,-2.4291284,-0.7339419,-3.1537404,2.3128514,1
14.0,14,-2.00885,-2.3020263,-2.8693676,-0.98032737,-0.44977894,0.048409883,-1.8870275,-0.87523687,-3.059886,-0.2986151,-0.57097554,-0.75849086,-1.1496723,-1.4799668,11.430774,7.905516,-2.428194,-0.7351545,-3.1546397,2.3108726,1
14.0,14,-2.0087228,-2.30204,-2.8693204,-0.98017025,-0.4498243,0.048374325,-1.8868812,-0.87509453,-3.0598307,-0.29852176,-0.5711112,-0.75864094,-1.1492147,-1.4797739,11.430853,7.9052043,-2.4283347,-0.73534393,-3.1546848,2.3105557,1
14.0,14,-2.008753,-2.30204,-2.8693118,-0.9801873,-0.4498196,0.048359364,-1.8869166,-0.8750893,-3.0598676,-0.2984811,-0.5710941,-0.75862324,-1.149316,-1.4798276,11.430811,7.9052424,-2.4283066,-0.7352939,-3.1546862,2.3106503,1
14.0,14,-2.0087452,-2.3020275,-2.8692472,-0.98012775,-0.44984648,0.0483682,-1.8869642,-0.8751461,-3.0597918,-0.29855168,-0.57106525,-0.7586767,-1.1492172,-1.4798163,11.430897,7.9051366,-2.4283113,-0.73528516,-3.1547158,2.3106484,1
14.0,14,-2.0087628,-2.3020382,-2.8692598,-0.9801656,-0.44982424,0.04837095,-1.8869804,-0.8751462,-3.05981,-0.2985102,-0.57106876,-0.7586578,-1.1492729,-1.4798443,11.430866,7.9051433,-2.4283137,-0.7352432,-3.1546996,2.3107078,1
13.0,13,-2.839057,0.56000674,2.3823314,-3.4148414,-5.2683783,-2.7974324,-2.7836454,-0.16824028,3.2736292,5.410337,-0.9340976,-1.1582772,1.1480622,12.299483,-0.9500038,-3.4242575,-2.7674737,-0.024553852,-0.35440382,-0.6842987,1
13.0,13,-2.8396058,0.5627721,2.37856,-3.4126396,-5.2649107,-2.7959442,-2.7837632,-0.16618223,3.271918,5.3981524,-0.9335653,-1.1566674,1.1500218,12.305843,-0.9458407,-3.4231951,-2.7687,-0.027517157,-0.35555348,-0.685502,1
13.0,13,-2.839786,0.5638147,2.3782141,-3.411363,-5.263315,-2.7956362,-2.7835402,-0.16594543,3.2713907,5.392837,-0.93357944,-1.1558458,1.1512902,12.308692,-0.94435805,-3.4230268,-2.7689595,-0.029433476,-0.35597062,-0.6857527,1
13.0,13,-2.839767,0.5637372,2.3780854,-3.411616,-5.263525,-2.7956824,-2.7836754,-0.16599269,3.271578,5.393502,-0.93349165,-1.1559728,1.1510762,12.308291,-0.94451743,-3.4230242,-2.7689376,-0.02907248,-0.35589844,-0.68577087,1
13.0,13,-2.8397052,0.56343013,2.378154,-3.4120038,-5.264006,-2.7957697,-2.7837484,-0.16604953,3.2717292,5.3950925,-0.93348414,-1.1562153,1.1506877,12.307439,-0.9449585,-3.423072,-2.7688637,-0.02848752,-0.35577032,-0.6857007,1
13.0,13,-2.8396776,0.5635815,2.3778348,-3.411919,-5.2638774,-2.795698,-2.7837849,-0.16589542,3.2716427,5.394538,-0.9334485,-1.1561209,1.1507468,12.307733,-0.94476753,-3.423025,-2.7689312,-0.028589444,-0.35579574,-0.68578404,1
14.0,5,-4.913098,-0.4574541,-3.7403715,-3.3114238,-0.7202556,7.783022,-1.273139,0.69495356,-0.32470793,1.6837728,-2.7581627,-2.0339901,-0.94183725,5.386276,4.7140903,7.7027755,-5.2436295,-0.96000713,-1.9053465,-2.343427,0
14.0,5,-4.9108796,-0.4616909,-3.7397573,-3.3020227,-0.7308588,7.7661295,-1.2747929,0.6957848,-0.3280277,1.6777265,-2.7567158,-2.0334778,-0.948001,5.3723946,4.7275634,7.723459,-5.238057,-0.96635556,-1.9106166,-2.33464,0
14.0,5,-4.9099116,-0.46331477,-3.7398617,-3.2998462,-0.7319965,7.762739,-1.2749691,0.6940959,-0.3289405,1.6763843,-2.756976,-2.0336332,-0.94766283,5.368519,4.732095,7.729593,-5.236992,-0.9687569,-1.9122581,-2.3330653,0
14.0,5,-4.9103026,-0.46244374,-3.7398078,-3.300868,-0.73158467,7.7643623,-1.2749337,0.6947002,-0.3285169,1.6770611,-2.756831,-2.0334322,-0.9479348,5.3702173,4.729823,7.7267976,-5.2374263,-0.96750534,-1.911358,-2.3337605,0
14.0,5,-4.910661,-0.46185985,-3.7397752,-3.3016746,-0.73113066,7.765629,-1.2748609,0.6953012,-0.32817486,1.6775657,-2.7567465,-2.0333812,-0.948016,5.3716645,4.7281604,7.7245326,-5.23783,-0.9666426,-1.9107648,-2.334362,0
14.0,5,-4.910754,-0.4618184,-3.7397664,-3.3018003,-0.7310052,7.765816,-1.2748365,0.69553703,-0.328092,1.6776251,-2.7567465,-2.033454,-0.94796336,5.3720007,4.7279735,7.724051,-5.2379394,-0.96656615,-1.9107417,-2.3345041,0
5.0,5,-1.944184,1.4252291,-2.2358658,-1.9202969,2.7842782,13.452906,0.7201868,-0.13473897,-1.9173788,1.179031,-3.9039898,-1.7382244,-0.13721348,-0.9738174,1.7848562,4.616579,-4.6790247,-0.7760967,-0.7799588,-3.221429,1
5.0,5,-1.9449923,1.4243022,-2.2365222,-1.9197364,2.781346,13.451674,0.7196825,-0.13488157,-1.9182451,1.1784927,-3.9038143,-1.7390606,-0.13703617,-0.9726875,1.7898834,4.619333,-4.680528,-0.77659756,-0.781533,-3.220878,1
5.0,5,-1.9448954,1.4242588,-2.2371333,-1.9198529,2.7808852,13.451501,0.7198823,-0.13479714,-1.9180933,1.178795,-3.9038951,-1.7388321,-0.13682792,-0.9723392,1.7894456,4.619369,-4.680831,-0.7767347,-0.78123784,-3.2210658,1
5.0,5,-1.9448832,1.4243261,-2.2369146,-1.9199408,2.7810233,13.45167,0.7198603,-0.13475847,-1.9180801,1.178795,-3.903947,-1.7388728,-0.13675323,-0.97230107,1.7892438,4.618854,-4.6807113,-0.7765393,-0.781102,-3.221032,1
5.0,5,-1.9449254,1.4243131,-2.2367957,-1.9199159,2.7810173,13.451682,0.71980596,-0.13476983,-1.9181346,1.1787268,-3.9039361,-1.7389506,-0.13676715,-0.9723096,1.7894571,4.6188498,-4.6806917,-0.7764977,-0.7811831,-3.2209768,1
5.0,5,-1.9449732,1.4242668,-2.2367635,-1.9198164,2.7809968,13.451609,0.7197504,-0.13481495,-1.91822,1.1786191,-3.9038897,-1.7390196,-0.13686273,-0.9724028,1.7898461,4.6191993,-4.6807165,-0.7765847,-0.78138244,-3.2209227,1
2.0,2,-1.5243156,-0.5024203,10.479869,-0.97398597,2.918443,-2.1270962,0.84430754,-0.76062524,2.5413816,-1.7811583,-1.2168639,-2.0039155,1.4207271,-2.2967796,-0.5718802,-1.1004747,-0.04686629,-2.9133878,2.4430583,6.1618195,1
2.0,2,-1.5242059,-0.5023678,10.480385,-0.9738435,2.9183114,-2.1272712,0.8443708,-0.7606719,2.5413375,-1.7811509,-1.2167467,-2.0039558,1.4210792,-2.2966475,-0.5717535,-1.1005006,-0.046885546,-2.913627,2.4421043,6.1612725,1
2.0,2,-1.524187,-0.50236136,10.480512,-0.97384846,2.9183104,-2.1273212,0.8443754,-0.76073843,2.541265,-1.781124,-1.2166995,-2.0039735,1.4210923,-2.29664,-0.5716993,-1.1004399,-0.046859402,-2.9136395,2.4418213,6.161181,1
2.0,2,-1.5241913,-0.5023615,10.480489,-0.97384584,2.9182994,-2.1273108,0.84437805,-0.7607152,2.541293,-1.781129,-1.2167033,-2.00397,1.421094,-2.2966352,-0.57171386,-1.1004585,-0.046880905,-2.913653,2.4418838,6.1611943,1
2.0,2,-1.5241969,-0.5023632,10.480456,-0.973845,2.918302,-2.1272972,0.844377,-0.7606971,2.541311,-1.7811358,-1.2167169,-2.0039656,1.4210889,-2.2966378,-0.57172793,-1.1004732,-0.04688705,-2.9136472,2.4419618,6.161221,1
2.0,2,-1.5241927,-0.5023595,10.480496,-0.9738383,2.9182744,-2.1273115,0.8443856,-0.7606945,2.5413167,-1.7811308,-1.2166969,-2.003969,1.4211075,-2.2966242,-0.5717203,-1.1004728,-0.046906177,-2.913678,2.441895,6.1611896,1
7.0,15,-4.090097,-5.1632376,-2.607416,-0.90940154,1.8289351,2.058085,6.713615,6.5991597,-2.665737,1.2837913,0.13373706,-0.94041157,-4.1689515,-3.1217825,2.977907,10.467993,-2.5426743,-4.0891604,-3.4558067,-0.70729905,0
7.0,15,-4.084878,-5.1919904,-2.641937,-0.89104545,1.7967472,1.980964,6.748742,6.6498656,-2.7223122,1.2880324,0.1953966,-0.9040767,-4.2064548,-3.1104367,2.9605393,10.426755,-2.5027113,-4.0529647,-3.4465673,-0.6918125,0
7.0,15,-4.1919174,-5.024439,-2.2479436,-1.1793834,2.3227112,2.9009275,6.5605927,6.189675,-2.2071254,1.2168429,-0.36740476,-1.2414553,-3.85717,-3.3533714,2.9642875,10.716064,-2.7536113,-4.332604,-3.4739912,-0.85787916,0
7.0,15,-4.214832,-4.9763503,-2.1594977,-1.2567769,2.4731414,3.125416,6.5227404,6.091141,-2.0706296,1.2002395,-0.52224725,-1.346669,-3.7673485,-3.3971367,2.9635227,10.761397,-2.8253522,-4.39839,-3.4743598,-0.90517527,0
7.0,15,-4.212306,-4.979701,-2.168381,-1.2497938,2.4591422,3.1040206,6.524927,6.1005473,-2.0818775,1.2022176,-0.5100063,-1.3387884,-3.775292,-3.3921478,2.9652202,10.758345,-2.820297,-4.393148,-3.474743,-0.9011665,0
7.0,15,-4.1818476,-5.0011306,-2.2765296,-1.1727955,2.2971518,2.8790817,6.522806,6.16862,-2.2068164,1.2306557,-0.38239107,-1.2402016,-3.8559008,-3.3213267,3.008195,10.746405,-2.7927358,-4.3288436,-3.4723463,-0.86350393,0
14.0,14,-3.2748668,-1.4129596,-1.3217021,-0.33207744,-0.5405484,1.3992666,-3.3370063,-0.8591952,-0.8602885,-1.9899893,0.600999,-1.3729223,-0.360019,0.13080724,12.431236,4.75515,-1.9478971,-1.0756222,-3.661409,1.3628752,1
14.0,14,-3.2752032,-1.4145731,-1.3219101,-0.33236223,-0.54883057,1.3910605,-3.3381236,-0.8612198,-0.86116886,-1.9847243,0.60347235,-1.3717153,-0.360667,0.13501772,12.429586,4.7576094,-1.9468789,-1.0740432,-3.6617815,1.3638613,1
14.0,14,-3.2768128,-1.4147145,-1.3222194,-0.33332533,-0.55152446,1.3916036,-3.339437,-0.86214626,-0.8613736,-1.9819586,0.6036797,-1.3715647,-0.36150432,0.1369851,12.428671,4.758929,-1.9478022,-1.0732685,-3.6614404,1.3643328,1
14.0,14,-3.2763634,-1.4146239,-1.3221455,-0.33280295,-0.55118954,1.3906732,-3.3390973,-0.86199474,-0.86128145,-1.983002,0.60394764,-1.3712633,-0.36126927,0.13680102,12.428908,4.758602,-1.9473251,-1.0734823,-3.6615121,1.3642082,1
14.0,14,-3.275906,-1.4146377,-1.3220625,-0.33244556,-0.55086744,1.3899359,-3.3387733,-0.8618465,-0.86124843,-1.9836836,0.60408443,-1.3711374,-0.36105332,0.13650571,12.429114,4.758315,-1.9469283,-1.0736313,-3.661611,1.3641113,1
14.0,14,-3.2755842,-1.4147743,-1.3219869,-0.33251452,-0.55012643,1.3904253,-3.3384976,-0.86166096,-0.8613135,-1.9838011,0.6037708,-1.3714623,-0.36079958,0.13590828,12.42929,4.7579517,-1.9469001,-1.0736661,-3.6616776,1.3639776,1
18.0,18,-0.9698101,-0.6810515,-1.6045288,-0.70738435,-1.1442804,-0.8679108,-1.5691955,-0.8264452,2.2796218,1.2385689,-1.7498742,2.1829567,-2.3310964,-0.18103652,-2.933475,-2.3317695,0.36398423,2.7549913,13.793815,5.2017984,1
18.0,18,-0.96987057,-0.6816349,-1.6018659,-0.70746154,-1.144003,-0.8683678,-1.5686966,-0.82660675,2.2802505,1.2393534,-1.7498919,2.1822855,-2.3316407,-0.18272112,-2.9343548,-2.3320856,0.36491102,2.7558317,13.793513,5.2016144,1
18.0,18,-0.9702711,-0.6822469,-1.600754,-0.70734227,-1.1436439,-0.8686931,-1.5686995,-0.8270386,2.281134,1.2395964,-1.7497404,2.181819,-2.3325393,-0.18473816,-2.9344337,-2.331701,0.36557147,2.7558198,13.793544,5.2033415,1
18.0,18,-0.9701967,-0.6820894,-1.6011391,-0.7073429,-1.1437061,-0.86859804,-1.5687277,-0.8269396,2.2809157,1.2394438,-1.7497672,2.18196,-2.3323402,-0.18426998,-2.9343483,-2.3317428,0.36540815,2.7557657,13.793555,5.2030525,1
18.0,18,-0.97005594,-0.6818733,-1.6015332,-0.70738167,-1.1438293,-0.86848176,-1.5687257,-0.826785,2.2805984,1.2393497,-1.7498204,2.1821277,-2.3320248,-0.18356146,-2.9343185,-2.3318772,0.36517867,2.7557697,13.793544,5.202447,1
18.0,18,-0.9699693,-0.68172663,-1.6018264,-0.70739853,-1.1439033,-0.8683966,-1.5687267,-0.8266778,2.2803745,1.2392588,-1.749853,2.182245,-2.3318233,-0.18308836,-2.9342794,-2.3319523,0.36502138,2.755758,13.793537,5.2020807,1
1.0,1,5.0407643,13.010943,2.4112463,-0.11007674,-0.19349664,-0.14356351,-3.7942727,-0.40091768,-0.7300225,0.10397469,-1.7338356,-1.1675059,-3.4217463,-0.2739398,-0.606931,-0.49944293,-3.559891,-2.7565324,-1.1819321,2.2539232,1
1.0,1,5.0276647,13.008318,2.4024966,-0.112948656,-0.19189167,-0.13469517,-3.7926536,-0.3979207,-0.7260067,0.10727739,-1.7321047,-1.1680495,-3.415195,-0.2681348,-0.6072769,-0.49500358,-3.5673957,-2.7588363,-1.1809757,2.2505593,1
1.0,1,5.019871,13.007515,2.4040325,-0.11126542,-0.19059071,-0.13320377,-3.7930028,-0.39695644,-0.7230415,0.10595603,-1.7312229,-1.1695747,-3.4131553,-0.26736608,-0.60656685,-0.4942832,-3.5677896,-2.7596998,-1.181838,2.253714,1
1.0,1,5.022901,13.007937,2.4036803,-0.11159723,-0.19095401,-0.13411129,-3.792969,-0.39747244,-0.7242977,0.10590237,-1.7313483,-1.1688519,-3.4138248,-0.2674867,-0.6066536,-0.49465668,-3.5674703,-2.7594643,-1.1816646,2.2526922,1
1.0,1,5.026241,13.008305,2.403001,-0.11225481,-0.19147673,-0.1348167,-3.792836,-0.3979211,-0.72562146,0.10631967,-1.7316445,-1.1681316,-3.4146328,-0.26770842,-0.60690385,-0.49496835,-3.5673068,-2.7591388,-1.1813252,2.251344,1
1.0,1,5.0280776,13.008483,2.4023259,-0.11282488,-0.1917468,-0.1349258,-3.7927196,-0.39817718,-0.7262509,0.106764644,-1.7318515,-1.1677182,-3.4149206,-0.26775235,-0.60710067,-0.49507982,-3.5674407,-2.7589726,-1.1810974,2.2502558,1
16.0,16,-1.0320773,-2.1969543,-0.9098641,4.2425747,-2.7592156,-5.235298,-4.1835957,-4.0840206,-1.1865282,-1.9296341,4.015781,10.215535,-2.069989,-1.7808912,-2.2209177,-2.9660802,11.34259,6.69367,-0.5455839,-1.7228417,1
16.0,16,-1.0045431,-2.2322645,-0.88412154,4.1501207,-2.743231,-5.263803,-4.1194496,-4.0287275,-1.1222109,-1.9409869,3.9379275,9.853842,-2.0957289,-1.9586095,-2.2828834,-2.9728417,11.678848,6.8069396,-0.50408006,-1.6593643,1
16.0,16,-0.9894385,-2.2529886,-0.87203175,4.100989,-2.736848,-5.272298,-4.079015,-3.9870877,-1.0849212,-1.9461455,3.8712742,9.640171,-2.1084068,-2.0618227,-2.3115394,-2.9728317,11.863853,6.861037,-0.47638425,-1.620527,1
16.0,16,-0.9918953,-2.2490742,-0.8736757,4.110626,-2.7381546,-5.2719183,-4.086809,-3.9963784,-1.092346,-1.9447718,3.8874388,9.68232,-2.105551,-2.0416203,-2.3074775,-2.973612,11.828328,6.8512807,-0.4822759,-1.6286842,1
16.0,16,-0.99490666,-2.244958,-0.87574124,4.1196604,-2.7390068,-5.271022,-4.0955186,-4.0054345,-1.0998242,-1.943618,3.9042678,9.7251625,-2.1029882,-2.0209565,-2.3023617,-2.974403,11.791291,6.8423047,-0.488342,-1.636653,1
16.0,16,-0.9983722,-2.2416253,-0.87788856,4.123094,-2.7376673,-5.2706647,-4.105812,-4.0134015,-1.1062803,-1.9424334,3.9267595,9.759848,-2.1014242,-2.004118,-2.2974372,-2.9772265,11.758785,6.84315,-0.49408808,-1.6432239,1
1.0,1,5.9315085,9.437222,8.483595,-3.0400283,-1.7384902,-1.8545389,-2.6417496,-1.2505894,-1.4368385,2.8820863,-1.0917553,-2.396868,-3.8871932,-1.8107814,-1.6549703,-2.0763535,-0.8463731,1.466118,-1.6824046,0.16366887,1
1.0,1,5.93087,9.436448,8.484873,-3.040039,-1.738393,-1.854675,-2.6413515,-1.2507412,-1.4366878,2.8819904,-1.0914923,-2.39687,-3.886866,-1.8107191,-1.6549737,-2.076173,-0.8460589,1.4658054,-1.6828084,0.16351713,1
1.0,1,5.9307814,9.436449,8.484929,-3.0400176,-1.7383927,-1.854674,-2.641366,-1.2507428,-1.4366531,2.88201,-1.091493,-2.3968754,-3.8868818,-1.8107285,-1.654966,-2.0761514,-0.84607196,1.4657655,-1.6828151,0.1635861,1
1.0,1,5.930841,9.436496,8.484869,-3.0400217,-1.7383887,-1.854672,-2.6413794,-1.250739,-1.4366663,2.881974,-1.091503,-2.3968713,-3.8868842,-1.8107135,-1.6549578,-2.0761664,-0.84608614,1.4657729,-1.6828028,0.16356446,1
1.0,1,5.930903,9.436476,8.4848385,-3.040042,-1.7383915,-1.8546753,-2.6413631,-1.2507409,-1.4366937,2.8819697,-1.0914983,-2.396867,-3.8868701,-1.810712,-1.6549665,-2.076182,-0.8460676,1.4658095,-1.6828007,0.16351277,1
1.0,1,5.930919,9.436468,8.484848,-3.0400448,-1.7383816,-1.8546742,-2.6413488,-1.2507441,-1.4367031,2.8819473,-1.0914919,-2.3968651,-3.8868556,-1.8107035,-1.6549661,-2.0761836,-0.8460586,1.4658123,-1.6828089,0.1634807,1
11.0,11,-1.0591009,-4.4506745,-3.626541,4.702545,-1.9413837,-2.4621055,3.7652984,1.9882792,-1.9855906,-1.2014264,2.188984,10.557317,0.95050985,-0.51023304,-3.2269735,-0.7934202,1.749707,-1.2719297,-0.0006615892,-2.330892,1
11.0,11,-1.0590752,-4.467307,-3.612161,4.7159305,-1.934434,-2.490538,3.7918391,1.9760189,-1.973295,-1.2207265,2.2635026,10.546515,0.99174476,-0.511717,-3.2231224,-0.79805493,1.7182208,-1.2815611,-0.014497243,-2.3333085,1
11.0,11,-1.0582713,-4.4703445,-3.6097035,4.7197847,-1.9321955,-2.4951243,3.7942774,1.9676824,-1.9702079,-1.2249501,2.2758565,10.546989,1.002195,-0.513307,-3.220853,-0.7984309,1.7128445,-1.2821449,-0.01567734,-2.3349135,1
11.0,11,-1.0591313,-4.471281,-3.6101418,4.718673,-1.9322404,-2.4938812,3.7969148,1.9726145,-1.9708915,-1.2239858,2.2740238,10.544425,1.0006343,-0.5138245,-3.2222104,-0.79880697,1.7136782,-1.2824702,-0.015547045,-2.3347614,1
11.0,11,-1.0592335,-4.4710546,-3.6103525,4.7181587,-1.9327025,-2.4940567,3.7975628,1.9748098,-1.9715911,-1.2237903,2.2739437,10.543756,0.9988896,-0.5133377,-3.2227426,-0.79890704,1.7141999,-1.2827076,-0.01611247,-2.3341901,1
11.0,11,-1.0583508,-4.4695406,-3.610431,4.718395,-1.9338667,-2.495761,3.7959216,1.9740044,-1.9726527,-1.2243317,2.2752414,10.545366,0.9962882,-0.5118888,-3.2226007,-0.79883397,1.7153805,-1.282586,-0.01750613,-2.3331697,1
16.0,11,-1.2827904,-2.4494328,-0.60061365,3.922081,-3.0227277,-5.8852224,-3.8294435,-4.683123,-0.13740577,-1.8022581,5.3829947,11.278336,-1.7352866,-1.0890735,-2.9802556,-2.2548957,10.397043,3.8208032,-0.78059715,-1.423633,0
16.0,11,-1.2864165,-2.48702,-0.58219886,3.8692882,-3.0462544,-5.9181724,-3.7883563,-4.6525545,-0.10705952,-1.8039582,5.3408446,11.110773,-1.7669612,-1.1765836,-3.0199864,-2.2529874,10.614175,3.872759,-0.7553466,-1.3821293,0
16.0,11,-1.2939817,-2.5160882,-0.5746409,3.8341432,-3.0702705,-5.9455023,-3.7594664,-4.622128,-0.08927862,-1.8020902,5.3290334,11.003008,-1.7927644,-1.234993,-3.0453005,-2.2519186,10.746296,3.9125507,-0.73476344,-1.3505657,0
16.0,11,-1.2915663,-2.5100913,-0.5753615,3.843046,-3.0668995,-5.9404097,-3.764668,-4.628534,-0.09253828,-1.8022988,5.329005,11.023474,-1.7866025,-1.2235291,-3.0408962,-2.2528577,10.722193,3.9036226,-0.7387533,-1.3571047,0
16.0,11,-1.2899994,-2.5046198,-0.5763531,3.8504226,-3.0633662,-5.9360075,-3.7702322,-4.634296,-0.09559606,-1.8025857,5.332425,11.04355,-1.7814806,-1.2123007,-3.0363681,-2.2536755,10.6975565,3.8959486,-0.7428026,-1.3629664,0
16.0,11,-1.2895112,-2.4995258,-0.5774473,3.8575687,-3.0606477,-5.93333,-3.7769408,-4.63958,-0.09852341,-1.8029475,5.3434677,11.065188,-1.7770346,-1.199866,-3.0313985,-2.25524,10.669279,3.8892272,-0.7475764,-1.3682958,0
6.0,6,-1.0346771,-5.96901,-1.6889547,-0.839462,2.9882317,-2.0474699,12.067203,5.8838034,-3.2344627,-0.7140348,5.22298,-2.0386405,-1.9821332,-1.781437,-1.8597068,1.1193062,-0.16239841,-2.161748,-3.2009046,-1.1088288,1
6.0,6,-1.0621884,-5.9688406,-1.6828024,-0.84622586,2.9817867,-2.0756025,12.043711,5.9341803,-3.2155302,-0.72600514,5.2458787,-2.0593822,-1.975399,-1.7741216,-1.8506691,1.0925294,-0.16293976,-2.1541424,-3.1959145,-1.0857985,1
6.0,6,-1.1084138,-5.9699674,-1.6771172,-0.86017495,2.9774723,-2.1078997,12.006259,6.007817,-3.1886413,-0.7417824,5.2745767,-2.0874586,-1.9663119,-1.7643167,-1.8313957,1.0619812,-0.1731791,-2.1474032,-3.1906652,-1.0512192,1
6.0,6,-1.1021403,-5.970081,-1.6776122,-0.85817164,2.9762254,-2.105222,12.010588,5.9979057,-3.1920412,-0.73962116,5.2724075,-2.0837471,-1.9660895,-1.7648176,-1.8341923,1.0646551,-0.17091809,-2.1473403,-3.1913605,-1.0557133,1
6.0,6,-1.0883123,-5.969882,-1.6788396,-0.85369635,2.9752827,-2.0978417,12.021027,5.9768295,-3.1996796,-0.7349847,5.265745,-2.0757186,-1.9675429,-1.7667441,-1.8402978,1.0716717,-0.16678198,-2.1482399,-3.1927178,-1.0656451,1
6.0,6,-1.0871693,-5.9694753,-1.6781138,-0.852393,2.9741774,-2.0986936,12.02117,5.9732924,-3.2001357,-0.7357933,5.267917,-2.0736258,-1.969737,-1.766755,-1.8399433,1.0735545,-0.16587813,-2.1479156,-3.1939535,-1.0670364,1
8.0,19,-1.4224708,-0.34769553,0.88010454,-2.2962418,-2.8698523,-3.1290638,-3.4797614,-2.5331514,3.7332265,6.7528796,-0.58054876,-2.0922234,-3.7363462,-3.828309,-0.7346007,1.9737773,-1.5433358,-1.1661798,2.7562673,11.41448,0
8.0,19,-1.4267157,-0.35106075,0.8787545,-2.2939534,-2.8674421,-3.1299343,-3.4784207,-2.53066,3.7333965,6.7430677,-0.5820555,-2.092054,-3.7384439,-3.8305366,-0.73224044,1.9763902,-1.5387844,-1.1644624,2.7598906,11.422254,0
8.0,19,-1.4275723,-0.35296175,0.8784392,-2.2936187,-2.8671649,-3.1294625,-3.47777,-2.5306969,3.732965,6.7429714,-0.582613,-2.0915658,-3.7383401,-3.8312135,-0.7321716,1.9771832,-1.5378726,-1.1639925,2.7599418,11.422641,0
8.0,19,-1.4273059,-0.35254362,0.87851745,-2.2936745,-2.8672326,-3.1295402,-3.4778693,-2.5306947,3.7329123,6.7430415,-0.5824651,-2.0916572,-3.7383456,-3.8310647,-0.7321905,1.9770133,-1.538091,-1.164124,2.759845,11.422523,0
8.0,19,-1.4270489,-0.3519915,0.87860745,-2.2937691,-2.867308,-3.1296723,-3.4780474,-2.530679,3.7330043,6.743067,-0.5822947,-2.0917985,-3.7383747,-3.8308635,-0.73220605,1.9767866,-1.538363,-1.1642668,2.7598207,11.422417,0
8.0,19,-1.4268173,-0.35153306,0.8786834,-2.293835,-2.8673599,-3.1297693,-3.4781678,-2.5306523,3.732994,6.7430625,-0.5821378,-2.0919132,-3.7383995,-3.8306887,-0.73220384,1.9766076,-1.5385956,-1.1643993,2.759774,11.422353,0
4.0,4,-0.36271924,-1.3964896,-0.7622154,-1.9267147,11.130659,-1.0661232,-0.20989686,-2.6249926,-1.0038415,-4.5390863,-1.0174464,0.7939449,0.7140841,-0.6527458,6.776111,2.5450385,1.0636672,-0.9124826,-3.3181105,-0.93278116,1
4.0,4,-0.36611858,-1.4006213,-0.76663643,-1.9258008,11.126694,-1.0676168,-0.21090364,-2.6260345,-1.0052328,-4.537163,-1.0187987,0.80082077,0.7111893,-0.6541468,6.781079,2.554918,1.0620424,-0.91472936,-3.3188512,-0.93106097,1
4.0,4,-0.36738256,-1.4019617,-0.7678606,-1.9267524,11.129469,-1.0653603,-0.20790567,-2.6223893,-1.0076581,-4.5370083,-1.0175306,0.79606044,0.7116169,-0.65298086,6.784835,2.5581915,1.0540661,-0.91568756,-3.3193448,-0.93105143,1
4.0,4,-0.3667608,-1.4014105,-0.7671421,-1.9257267,11.127391,-1.067098,-0.20971344,-2.6242976,-1.0063891,-4.5374093,-1.0180615,0.7985722,0.71154135,-0.65339065,6.78341,2.5560806,1.0588944,-0.91507065,-3.319141,-0.93093544,1
4.0,4,-0.3663304,-1.4009522,-0.7667228,-1.9254231,11.126496,-1.0678319,-0.21070081,-2.6255114,-1.0055796,-4.537459,-1.0184836,0.8001304,0.7114004,-0.65378684,6.7821307,2.554976,1.0615505,-0.9147451,-3.3189692,-0.9309443,1
4.0,4,-0.36648855,-1.4012127,-0.7672692,-1.9257983,11.126574,-1.0676976,-0.21055086,-2.625548,-1.0057298,-4.536976,-1.0186605,0.8007696,0.71106964,-0.6539129,6.782089,2.5561078,1.0607867,-0.9150442,-3.3189588,-0.9309191,1
9.0,9,0.41029844,-3.4520164,0.037178747,-2.4776843,-3.4985037,0.9077792,-0.27439725,-2.0125394,0.5585038,13.063193,-2.1333733,-0.111782536,-0.6126117,-3.1872957,-3.6313832,0.34015602,-1.1582048,1.2725077,0.83706087,0.5047562,1
9.0,9,0.41028854,-3.4520218,0.037181325,-2.4777079,-3.49852,0.9077499,-0.2744274,-2.012561,0.5585725,13.0632105,-2.1333656,-0.11178027,-0.6126113,-3.1872842,-3.6313968,0.34013397,-1.1581875,1.2725403,0.8370668,0.50473094,1
9.0,9,0.41028458,-3.452023,0.03718333,-2.4777095,-3.4985244,0.90773934,-0.27444005,-2.0125687,0.55859965,13.063214,-2.1333656,-0.111778915,-0.612619,-3.187295,-3.6313999,0.34013146,-1.1581786,1.2725438,0.8370751,0.50473946,1
9.0,9,0.41028512,-3.452023,0.03718368,-2.4777088,-3.4985216,0.9077423,-0.2744369,-2.0125668,0.5585939,13.063212,-2.1333673,-0.11177915,-0.612618,-3.1872947,-3.6313994,0.34013265,-1.1581808,1.2725414,0.83707345,0.5047399,1
9.0,9,0.41028705,-3.4520218,0.037183158,-2.4777074,-3.498521,0.90774566,-0.27443403,-2.0125651,0.5585862,13.063214,-2.133367,-0.11177871,-0.6126164,-3.1872938,-3.6313987,0.3401336,-1.1581827,1.272541,0.83707094,0.5047381,1
9.0,9,0.41028798,-3.4520211,0.03718072,-2.477708,-3.4985197,0.90775,-0.27443117,-2.012565,0.55857986,13.063213,-2.133366,-0.11177875,-0.6126115,-3.1872897,-3.6313975,0.34013444,-1.1581867,1.2725393,0.8370681,0.50473386,1
11.0,11,-0.3885985,-1.9760387,-1.4251934,5.7750735,-2.8577607,-2.8393502,-1.8933512,-4.0368285,-1.7112533,-0.97947055,0.5674693,12.501572,-0.25583932,-0.37784934,-2.6418893,-1.1696947,6.8778224,1.3380686,-0.0039825263,-3.2649226,1
11.0,11,-0.38775814,-1.9908721,-1.4285731,5.7796264,-2.863126,-2.8385727,-1.8702185,-4.0300765,-1.7045957,-0.9759838,0.5686728,12.492836,-0.23922122,-0.39279342,-2.6530986,-1.1675705,6.882094,1.3260816,0.008066682,-3.2724948,1
11.0,11,-0.38757998,-1.9925473,-1.4321623,5.779894,-2.863494,-2.8330865,-1.8644912,-4.0275884,-1.7029303,-0.97208136,0.56596357,12.493873,-0.23509571,-0.39437175,-2.654574,-1.1657959,6.8712974,1.322662,0.015308201,-3.2764468,1
11.0,11,-0.38747367,-1.9921408,-1.4316236,5.780124,-2.8634346,-2.8338284,-1.8652687,-4.0278025,-1.703555,-0.9726631,0.56699336,12.494289,-0.23534864,-0.39354038,-2.6542463,-1.1660478,6.871521,1.3225455,0.013775811,-3.2760546,1
11.0,11,-0.38739663,-1.9921421,-1.4304262,5.780418,-2.86353,-2.8358755,-1.8661698,-4.0284343,-1.7038463,-0.9738508,0.56856126,12.4938965,-0.23587437,-0.39339203,-2.654214,-1.1665747,6.87466,1.3227267,0.0116181355,-3.27507,1
11.0,11,-0.38721722,-1.9914689,-1.4288462,5.78078,-2.8634713,-2.8384905,-1.8680009,-4.029668,-1.7042212,-0.9751387,0.5710263,12.494366,-0.23675121,-0.3923447,-2.6536405,-1.1672001,6.8765454,1.3227525,0.008767236,-3.2737553,1
11.0,11,-1.1715788,-0.8284625,-1.6542513,4.922756,-0.22627465,-2.1785364,-3.1181045,-3.1050148,-2.1472554,-1.9315591,1.1714959,12.818611,-0.5153383,2.1161842,0.06364873,-1.3438069,1.7862957,1.8246683,-1.3740048,-2.991461,1
11.0,11,-1.1721029,-0.82907784,-1.6540983,4.9232273,-0.2256342,-2.1792278,-3.1180336,-3.1056542,-2.1470344,-1.9314672,1.1724299,12.818961,-0.5155749,2.1153483,0.06380193,-1.343204,1.7865174,1.8241625,-1.3743142,-2.991065,1
11.0,11,-1.1721792,-0.82911146,-1.6540489,4.923173,-0.22510926,-2.1792603,-3.1179848,-3.1057024,-2.1469755,-1.9316764,1.172356,12.818883,-0.5155811,2.1152315,0.06402375,-1.3430825,1.7865275,1.824004,-1.3744168,-2.9910111,1
11.0,11,-1.1721518,-0.82910573,-1.654072,4.9231825,-0.22527821,-2.1792562,-3.118,-3.1056893,-2.1470137,-1.9316134,1.1723824,12.818913,-0.5155932,2.1152618,0.06394269,-1.3431182,1.786556,1.8240759,-1.3743721,-2.991024,1
11.0,11,-1.1721241,-0.82909244,-1.6540898,4.923198,-0.22545388,-2.1792405,-3.1180165,-3.1056702,-2.1470325,-1.9315441,1.1723993,12.818941,-0.5155907,2.115302,0.06386581,-1.343161,1.7865546,1.8241316,-1.374337,-2.9910443,1
11.0,11,-1.172126,-0.82910645,-1.654096,4.9232173,-0.22552206,-2.1792526,-3.1180174,-3.1056743,-2.1470356,-1.9315045,1.172426,12.8189535,-0.51559705,2.1152992,0.06383801,-1.3431665,1.7865603,1.8241509,-1.3743265,-2.9910455,1
14.0,14,-3.4967022,-1.6632264,-1.5931022,0.0599142,0.55073094,2.8491192,-2.7966218,-0.43694443,-1.4335165,-2.7915828,0.0088622635,-0.968617,-0.32496864,-0.35773185,12.809269,5.0220428,-1.931652,-0.9287169,-3.5203156,0.5629344,1
14.0,14,-3.4955738,-1.6685439,-1.5927248,0.058436014,0.542673,2.8307905,-2.7976813,-0.4400132,-1.4325073,-2.7873125,0.011941112,-0.9679975,-0.32773072,-0.35721648,12.810187,5.0301795,-1.9258174,-0.92809176,-3.5212142,0.56617737,1
14.0,14,-3.4979854,-1.6689463,-1.5931789,0.052870877,0.54567623,2.8416524,-2.7976837,-0.43997788,-1.4325011,-2.7838576,0.007248617,-0.9727486,-0.3280372,-0.35810044,12.809983,5.032632,-1.9280937,-0.92651796,-3.5195303,0.5650498,1
14.0,14,-3.4973288,-1.668761,-1.5930588,0.05495374,0.5443743,2.8375995,-2.7978327,-0.44004473,-1.4324273,-2.785044,0.009001515,-0.9707317,-0.32795835,-0.3574751,12.810046,5.031809,-1.9274122,-0.9270205,-3.520152,0.5653961,1
14.0,14,-3.4966512,-1.6687032,-1.5929134,0.05658725,0.54336286,2.8341935,-2.7978687,-0.44009665,-1.4323905,-2.785994,0.010418571,-0.96928024,-0.32788563,-0.3571391,12.810115,5.0311427,-1.9266982,-0.9274561,-3.5206566,0.56573856,1
14.0,14,-3.496181,-1.6688223,-1.5927539,0.056721374,0.54366213,2.8340514,-2.7975557,-0.4399742,-1.4325894,-2.786258,0.010425544,-0.96956414,-0.32764527,-0.35747772,12.810173,5.0305285,-1.9263074,-0.92747796,-3.5206294,0.5657712,1
4.0,4,-1.4719296,2.0757902,-2.615925,-1.9674555,10.144336,7.9153657,-1.2904222,-0.3061097,-1.9970767,-3.8843281,-0.94138336,0.30379033,-0.5882106,-2.028415,6.9209085,4.14946,-4.742016,-2.2351525,-3.4346023,-1.8951521,1
4.0,4,-1.4800354,2.066295,-2.6237288,-1.9755664,10.135387,7.905285,-1.2874166,-0.30144644,-1.9984765,-3.879374,-0.93334967,0.30319116,-0.5887917,-2.0264544,6.9260473,4.1587353,-4.7418604,-2.2339907,-3.4355536,-1.8927544,1
4.0,4,-1.4910114,2.0640192,-2.6227953,-1.9831934,10.138863,7.9285035,-1.2807605,-0.2964351,-1.9942667,-3.8774369,-0.9415975,0.29086682,-0.5837735,-2.0255103,6.9187813,4.157988,-4.744566,-2.233632,-3.4267585,-1.8958099,1
4.0,4,-1.4860225,2.0662694,-2.6231322,-1.9800383,10.138349,7.916823,-1.2845778,-0.29881692,-1.9957364,-3.8785238,-0.9375468,0.2961841,-0.58583623,-2.0253153,6.921427,4.1577764,-4.7433124,-2.2335286,-3.4301064,-1.8941996,1
4.0,4,-1.4836869,2.066638,-2.6233315,-1.9783057,10.137464,7.912,-1.2859819,-0.29993397,-1.9966793,-3.8789282,-0.93582505,0.2988845,-0.5868964,-2.0255718,6.923086,4.157989,-4.742755,-2.2336276,-3.432047,-1.8935711,1
4.0,4,-1.4858519,2.063934,-2.6234717,-1.9785578,10.135708,7.9169693,-1.2840804,-0.29914734,-1.9968596,-3.8783011,-0.9373351,0.2978771,-0.5865933,-2.0263798,6.9238214,4.159258,-4.743209,-2.2338843,-3.4318812,-1.8942125,1
11.0,11,-0.39314255,-0.98724663,-1.8440008,5.451846,-2.445224,-1.0459367,-2.0244212,-3.421183,-1.8666953,-0.0064748526,0.6198174,12.997285,0.045367822,1.1866263,-1.7079262,-1.0073402,1.6001171,0.6680794,0.68002224,-3.9454827,1
11.0,11,-0.39281267,-0.9878028,-1.8451585,5.451764,-2.4450445,-1.0434417,-2.0223556,-3.4204593,-1.8647357,-0.004832834,0.61839026,12.995704,0.0471635,1.1857678,-1.7101169,-1.0084102,1.5987422,0.6680187,0.6856207,-3.9481792,1
11.0,11,-0.39290425,-0.9878238,-1.8456388,5.4513726,-2.4448051,-1.0420009,-2.0218298,-3.420332,-1.863268,-0.003670048,0.6174689,12.99486,0.047595672,1.1855398,-1.7105743,-1.0088091,1.5972431,0.66809356,0.688462,-3.9492452,1
11.0,11,-0.39288872,-0.9878092,-1.8456193,5.451448,-2.4448192,-1.0420581,-2.021853,-3.42029,-1.8634932,-0.003791552,0.6175295,12.994925,0.04759942,1.1856041,-1.7105069,-1.0087416,1.5972779,0.6680422,0.6881357,-3.9491515,1
11.0,11,-0.39284357,-0.98780626,-1.8454615,5.451584,-2.4448612,-1.0424304,-2.0219154,-3.4202924,-1.863827,-0.004057981,0.617886,12.995115,0.047571033,1.1856825,-1.7104162,-1.0086577,1.5974482,0.66791606,0.6874377,-3.9489362,1
11.0,11,-0.39281687,-0.9877848,-1.8451587,5.4517736,-2.4448962,-1.043029,-2.022068,-3.420348,-1.8641934,-0.0043965727,0.61850095,12.995381,0.04746852,1.1858158,-1.7101754,-1.00854,1.5975269,0.66770667,0.6863973,-3.9485855,1
11.0,3,0.20097683,-1.0430754,-2.31945,12.151114,-2.0513623,-1.7648003,-0.5868208,-1.6252254,-3.3987207,-1.530657,0.64059037,10.870168,0.1721525,-0.058647696,-1.9933641,-1.39892,1.6357399,-0.43664718,-0.81790674,-1.8245206,0
11.0,3,0.20453241,-1.0431098,-2.3181052,12.167909,-2.0523021,-1.7696327,-0.5834694,-1.6205218,-3.399971,-1.533102,0.6395526,10.858956,0.16861413,-0.06778806,-1.9999033,-1.4049691,1.6514032,-0.4345911,-0.8164862,-1.816569,0
11.0,3,0.20396234,-1.0433694,-2.3183496,12.165625,-2.0523562,-1.7695447,-0.5841442,-1.6212658,-3.3997726,-1.5328652,0.64033407,10.860892,0.16879836,-0.06658336,-1.9994462,-1.4045469,1.6503198,-0.43437478,-0.8165874,-1.817497,0
11.0,3,0.20406272,-1.0433401,-2.3182895,12.1660595,-2.0524049,-1.7696503,-0.5840196,-1.6211402,-3.3997848,-1.5329099,0.64033675,10.860573,0.16875868,-0.06677922,-1.9995672,-1.4046465,1.6505455,-0.4344363,-0.8165973,-1.8173048,0
11.0,3,0.20424227,-1.0432535,-2.3182063,12.166773,-2.052396,-1.7696843,-0.5838079,-1.6209009,-3.3998454,-1.5329859,0.64010835,10.859965,0.16869822,-0.06714963,-1.9997159,-1.4047884,1.6508806,-0.43450615,-0.81657135,-1.8170173,0
11.0,3,0.20460448,-1.0431377,-2.3181746,12.167689,-2.0523188,-1.7697474,-0.5835542,-1.6207557,-3.3999119,-1.533028,0.63956803,10.859225,0.16861051,-0.06776465,-1.9998885,-1.4048584,1.6514925,-0.43465814,-0.81644815,-1.816546,0
16.0,6,0.42360914,-5.1333876,-1.3082293,1.2532119,1.6512415,-3.826792,10.826057,4.0760765,-3.224705,-1.1350884,8.087935,0.6486348,-3.27345,-2.757037,-3.09464,1.6092924,1.6061113,-1.4790798,-3.2497525,-1.476714,0
16.0,6,0.4261507,-5.1371303,-1.316284,1.2145419,1.6898563,-3.765775,10.933969,4.1380024,-3.225518,-1.1143566,7.951444,0.5353889,-3.2813878,-2.7533824,-3.0935545,1.622722,1.5653019,-1.5113127,-3.2049963,-1.484872,0
16.0,6,0.43014,-5.139339,-1.3491287,1.1403564,1.7713522,-3.645804,11.134292,4.2695155,-3.2470946,-1.0571134,7.658622,0.3470392,-3.315931,-2.7599258,-3.0689437,1.7008182,1.4707361,-1.5900556,-3.1472723,-1.497636,0
16.0,6,0.4302959,-5.138983,-1.3502678,1.1396062,1.7728149,-3.6441753,11.135835,4.2711234,-3.2482722,-1.0556245,7.6549683,0.34662756,-3.3167899,-2.7608142,-3.0674534,1.7047118,1.468153,-1.5917109,-3.1485815,-1.4980383,0
16.0,6,0.43193465,-5.13922,-1.3432192,1.1514733,1.7596246,-3.6638312,11.106675,4.2490287,-3.2430255,-1.0672407,7.7018213,0.37196174,-3.3080292,-2.758923,-3.0746896,1.6846329,1.4867853,-1.5776004,-3.154024,-1.4962248,0
16.0,6,0.42515987,-5.1395483,-1.333912,1.1643777,1.7458359,-3.6832345,11.072958,4.2213507,-3.2308602,-1.0833735,7.759474,0.39215365,-3.301825,-2.7521746,-3.0824678,1.6587652,1.5102587,-1.5581561,-3.1523833,-1.4933816,0
15.0,15,-2.0412674,-2.6560097,-2.6619804,-1.1389323,1.0455354,-1.0357364,-0.21785107,-1.3778467,-2.438331,-0.6342533,-0.9898266,1.0639883,-3.3918424,-2.3203194,6.2050886,12.487371,-0.8890893,-2.3168416,-2.9142478,1.4157729,1
15.0,15,-2.03975,-2.6539612,-2.6521974,-1.1376022,1.050419,-1.0369782,-0.22286417,-1.3912317,-2.4301,-0.64027065,-0.98754567,1.0589093,-3.3844306,-2.327126,6.207884,12.487476,-0.88150144,-2.3114295,-2.9148872,1.4099907,1
15.0,15,-2.0397868,-2.6543663,-2.6517022,-1.1368033,1.0484513,-1.0379406,-0.22207074,-1.3893195,-2.4301808,-0.6391336,-0.9877107,1.05782,-3.3839417,-2.3268447,6.207745,12.4868145,-0.8811061,-2.3115814,-2.9147968,1.4099674,1
15.0,15,-2.0398176,-2.6541789,-2.6520042,-1.1371534,1.0489523,-1.0375841,-0.22246619,-1.38987,-2.4302444,-0.63927156,-0.9877363,1.0583929,-3.384202,-2.3266523,6.2076645,12.487019,-0.8814347,-2.3116286,-2.9147549,1.410047,1
15.0,15,-2.0398524,-2.6541605,-2.6520982,-1.1372515,1.0495574,-1.0373505,-0.22239769,-1.3900728,-2.4303267,-0.6397541,-0.98762375,1.0584763,-3.384346,-2.3268533,6.2078524,12.487191,-0.8814745,-2.3116336,-2.9148746,1.4100177,1
15.0,15,-2.0399413,-2.6543505,-2.6521087,-1.1370665,1.0500649,-1.037274,-0.22178684,-1.3896296,-2.4305787,-0.64039737,-0.9873968,1.0581447,-3.3844607,-2.327251,6.208237,12.487286,-0.8813213,-2.3117185,-2.9151473,1.409923,1
1.0,1,10.440712,12.260962,3.5012803,-0.7596773,-1.8740386,-1.596225,-2.443554,-1.8143705,-1.1878052,-0.63073325,-2.5126297,-1.6793858,-1.5851221,-1.0183254,-1.0079027,-1.6577414,-2.5107484,-2.4491417,-1.018154,-0.1806448,1
1.0,1,10.439475,12.261493,3.502899,-0.7601107,-1.8736444,-1.5962038,-2.4440167,-1.814169,-1.1869625,-0.63023716,-2.5126886,-1.6798264,-1.5864316,-1.0189357,-1.0080655,-1.6576928,-2.5104818,-2.4489121,-1.0180883,-0.17989524,1
1.0,1,10.438492,12.262009,3.5034163,-0.7601954,-1.8736798,-1.5962582,-2.4444845,-1.8138841,-1.186143,-0.62996835,-2.5127034,-1.6801506,-1.5871615,-1.019128,-1.0080014,-1.6576413,-2.5106626,-2.4488516,-1.0180802,-0.17933163,1
1.0,1,10.438735,12.261895,3.50325,-0.7601573,-1.8736846,-1.5962514,-2.4443808,-1.8139598,-1.1863332,-0.6300476,-2.5126998,-1.6800519,-1.5869696,-1.0190473,-1.0079957,-1.6576507,-2.5106397,-2.448876,-1.0180969,-0.17948689,1
1.0,1,10.439201,12.261638,3.503011,-0.7601288,-1.8736784,-1.5962286,-2.444158,-1.8140908,-1.1867069,-0.6301608,-2.512695,-1.6799141,-1.5866265,-1.018965,-1.0080298,-1.6576807,-2.5105572,-2.4489,-1.0180988,-0.17975102,1
1.0,1,10.439412,12.261537,3.5028787,-0.7600834,-1.8736471,-1.5962088,-2.4440591,-1.8141619,-1.186914,-0.63025415,-2.5126874,-1.6798102,-1.5864557,-1.018899,-1.0080398,-1.657682,-2.5105155,-2.4489243,-1.0181012,-0.17988482,1
14.0,14,-2.946878,-2.3006318,-2.4834313,0.13814558,0.34657842,1.480096,-1.838304,-0.20533694,-1.5043613,-3.02396,-0.2347281,-0.763322,-0.063882,0.47342578,12.762962,6.1045284,-1.3710635,-1.0332392,-3.62804,-0.43687376,1
14.0,14,-2.946698,-2.3014777,-2.4820106,0.13975267,0.34061497,1.4769156,-1.8382484,-0.20626445,-1.5034163,-3.021906,-0.23460259,-0.7633537,-0.06529675,0.47129104,12.7614765,6.107676,-1.3695811,-1.0341804,-3.6277742,-0.43534136,1
14.0,14,-2.946803,-2.3018463,-2.4819517,0.13903879,0.34059256,1.4776874,-1.8379228,-0.20688318,-1.5026746,-3.0209134,-0.23530246,-0.76460576,-0.06478997,0.47063634,12.761226,6.1090016,-1.3698024,-1.0348276,-3.6276696,-0.43542594,1
14.0,14,-2.9467447,-2.3016555,-2.4818213,0.13955238,0.34086767,1.4767143,-1.8381203,-0.20641015,-1.5029099,-3.021779,-0.23466212,-0.76381654,-0.06481661,0.4713095,12.761485,6.1074305,-1.3695072,-1.0343974,-3.6277628,-0.435332,1
14.0,14,-2.9467127,-2.3015523,-2.4818425,0.13975944,0.3408148,1.476527,-1.8382136,-0.20625088,-1.5031347,-3.0220227,-0.23448224,-0.76346505,-0.06499293,0.47145563,12.7615385,6.107137,-1.3694512,-1.034223,-3.627788,-0.43530318,1
14.0,14,-2.9467192,-2.3015475,-2.4819243,0.13968964,0.3404821,1.476973,-1.8382081,-0.20637505,-1.5032569,-3.0217166,-0.2346813,-0.76356506,-0.06520902,0.4711696,12.761418,6.1078076,-1.369578,-1.0342785,-3.6277385,-0.4353212,1
0.0,0,12.628275,6.626134,2.882152,-2.5740018,-2.6119726,-1.885836,-0.12504621,-2.8290539,-1.2143493,-0.08921173,-2.1486487,-2.2225077,1.6487356,-1.8834238,-1.8988006,-2.5410657,-1.0738444,-1.3544359,0.74314404,-1.8935616,1
0.0,0,12.62787,6.626722,2.8839328,-2.5742035,-2.6116028,-1.8860276,-0.12522022,-2.8291647,-1.2140777,-0.08969499,-2.148499,-2.2227123,1.6482922,-1.8836105,-1.8988233,-2.5410337,-1.0736789,-1.3546875,0.7431011,-1.8932106,1
0.0,0,12.627717,6.62729,2.8845983,-2.5743175,-2.6116905,-1.8861623,-0.12554495,-2.829187,-1.2136421,-0.08966896,-2.1485744,-2.2229154,1.6479855,-1.8837941,-1.8988423,-2.541116,-1.0737793,-1.3547904,0.74318516,-1.8927916,1
0.0,0,12.627781,6.6271305,2.8843858,-2.5742848,-2.6116915,-1.8861284,-0.12546325,-2.8291838,-1.2137412,-0.0896465,-2.1485603,-2.222865,1.6480871,-1.8837447,-1.8988323,-2.5411003,-1.07376,-1.3547604,0.7431177,-1.8929315,1
0.0,0,12.6278515,6.626856,2.8840613,-2.5742304,-2.6116514,-1.8860621,-0.12530513,-2.8291724,-1.2139549,-0.08965658,-2.1485233,-2.2227657,1.648237,-1.8836535,-1.898824,-2.541061,-1.0737113,-1.3547091,0.7430787,-1.8931344,1
0.0,0,12.627879,6.6267676,2.8839421,-2.57421,-2.611638,-1.88604,-0.12525457,-2.829167,-1.2140244,-0.08966015,-2.1485143,-2.2227323,1.6482847,-1.8836248,-1.8988205,-2.5410473,-1.0736982,-1.354692,0.74307334,-1.8931965,1
3.0,2,-1.3880198,2.4761093,8.852298,7.1615114,-2.5107458,-3.9404628,-1.8403221,-2.393881,0.91908246,-2.4957182,1.061572,4.4413137,0.4344542,6.237743,-0.989851,-2.680243,0.15241976,-3.06744,-2.7012537,-0.09483361,0
3.0,2,-1.3879132,2.4763093,8.852809,7.1603003,-2.5107079,-3.9405124,-1.8404821,-2.3941555,0.9193614,-2.4956915,1.0615327,4.44105,0.4345734,6.238047,-0.989686,-2.6802337,0.15228666,-3.0674632,-2.701241,-0.094880536,0
3.0,2,-1.3878998,2.476328,8.852852,7.1602764,-2.5106964,-3.9405172,-1.8404801,-2.3941596,0.91936785,-2.4956908,1.061537,4.441032,0.43456724,6.237998,-0.9896843,-2.680229,0.15229298,-3.0674686,-2.7012532,-0.09487639,0
3.0,2,-1.3879088,2.4763145,8.85282,7.160311,-2.5107005,-3.9405146,-1.8404793,-2.394152,0.91936165,-2.4956937,1.0615374,4.441046,0.43456668,6.2380147,-0.9896866,-2.6802304,0.15229255,-3.067464,-2.7012475,-0.09487736,0
3.0,2,-1.3879176,2.4763021,8.852783,7.160329,-2.5107107,-3.9405105,-1.8404803,-2.3941503,0.9193551,-2.495689,1.0615319,4.4410615,0.43457314,6.238048,-0.9896892,-2.6802328,0.15228635,-3.0674624,-2.7012384,-0.094881535,0
3.0,2,-1.3879346,2.4762847,8.852727,7.1603174,-2.5107286,-3.940502,-1.840491,-2.394152,0.9193582,-2.4956837,1.061524,4.4410777,0.4345871,6.2381363,-0.98968947,-2.680239,0.15226655,-3.0674567,-2.7012205,-0.0948911,0
5.0,4,-1.2766236,-1.8945671,-3.4024854,-3.136144,13.765394,4.801589,4.052197,0.43385437,-2.545553,-2.8398607,-0.053639434,-1.8105257,-2.5498667,-4.111174,1.4724728,4.976068,-0.5908618,0.42887285,-0.92814255,-2.6542752,0
5.0,4,-1.2772102,-1.8982674,-3.4050856,-3.135163,13.763715,4.80128,4.0599422,0.4391301,-2.5471406,-2.839164,-0.053561293,-1.8123021,-2.5521462,-4.112893,1.4699037,4.977862,-0.58977115,0.42813268,-0.9276463,-2.6544814,0
5.0,4,-1.2769082,-1.8989755,-3.405632,-3.1348398,13.763373,4.8008356,4.0618124,0.4399422,-2.5476415,-2.8389802,-0.05357603,-1.8125324,-2.5526483,-4.1132674,1.4692109,4.978263,-0.58949476,0.42784917,-0.9274244,-2.65441,0
5.0,4,-1.276983,-1.8987763,-3.4054675,-3.1349463,13.763485,4.80092,4.0612717,0.43969002,-2.547498,-2.8390179,-0.053598993,-1.8124621,-2.5525472,-4.113165,1.4694227,4.9781833,-0.589566,0.427924,-0.9274615,-2.6543837,0
5.0,4,-1.2770847,-1.8987076,-3.405403,-3.1350162,13.763523,4.801016,4.061009,0.43963388,-2.5474107,-2.8390322,-0.05361364,-1.8124576,-2.5525186,-4.1131234,1.4695376,4.978164,-0.5896058,0.42797357,-0.92748773,-2.6543822,0
5.0,4,-1.2770731,-1.898809,-3.4054754,-3.1349564,13.763458,4.8009763,4.06124,0.43973818,-2.5474586,-2.8390546,-0.053552844,-1.8124893,-2.5525281,-4.1131697,1.4694465,4.978162,-0.5895341,0.42796314,-0.9275093,-2.6544275,0
5.0,5,-0.8425279,3.9225783,-2.1530337,-2.6569488,7.1512046,10.54795,-1.9827778,-0.23647304,-1.4140407,-2.4116101,-1.9539409,-1.6828126,0.8707555,-0.22986186,5.910645,1.6996061,-5.573762,-1.9531657,-2.5744817,-2.4450407,1
5.0,5,-0.86091787,3.9111137,-2.1577828,-2.6583645,7.138774,10.540277,-1.9861652,-0.23398668,-1.4130108,-2.4153314,-1.9464208,-1.6850888,0.8713562,-0.22126932,5.9346433,1.713131,-5.576736,-1.9547764,-2.577519,-2.4396474,1
5.0,5,-0.87360936,3.8958967,-2.1574512,-2.6601498,7.141941,10.563675,-1.9721081,-0.23114823,-1.4130535,-2.4083948,-1.9549927,-1.689726,0.87880486,-0.22789468,5.922028,1.7174314,-5.5735664,-1.9548613,-2.5690958,-2.4453743,1
5.0,5,-0.8677852,3.9037387,-2.1576853,-2.6590672,7.1406403,10.552245,-1.9789144,-0.23247097,-1.4130627,-2.4121022,-1.9506195,-1.6874821,0.87571377,-0.22431456,5.927566,1.7153301,-5.5751486,-1.9548575,-2.5730727,-2.4427972,1
5.0,5,-0.86374384,3.9086845,-2.1578672,-2.6584733,7.139485,10.544294,-1.9836563,-0.23341666,-1.4130636,-2.4144948,-1.9476235,-1.6859587,0.87331,-0.22199754,5.9320426,1.7140256,-5.5762305,-1.9548211,-2.575932,-2.440846,1
5.0,5,-0.8635207,3.9078994,-2.1580176,-2.658721,7.138901,10.543356,-1.9842054,-0.2336105,-1.4131374,-2.4144309,-1.9472475,-1.685901,0.8726572,-0.22217368,5.934106,1.7143679,-5.5763087,-1.9546713,-2.576482,-2.440281,1
2.0,19,-2.2413502,-1.7449486,0.60643286,-1.1936438,-1.2413249,-2.1106536,-1.4820559,-0.5564237,1.173606,2.219523,-0.92029375,-2.3298273,-3.9179435,-4.52685,0.42920697,2.7252324,-0.16937707,-0.9494055,3.0003889,13.624206,0
2.0,19,-2.2413654,-1.7449588,0.60646975,-1.1937588,-1.2415041,-2.110755,-1.4822413,-0.5565601,1.17407,2.2199266,-0.9203403,-2.32984,-3.9180102,-4.52698,0.42908534,2.725186,-0.16938457,-0.94937474,3.0004716,13.62409,0
2.0,19,-2.2413628,-1.7449694,0.606499,-1.1937801,-1.2415321,-2.11077,-1.4822586,-0.5565905,1.1741337,2.220017,-0.9203474,-2.3298478,-3.918017,-4.527012,0.42905855,2.7251818,-0.1693819,-0.94937235,3.0004647,13.624062,0
2.0,19,-2.2413628,-1.7449661,0.60649693,-1.1937761,-1.2415267,-2.110768,-1.4822538,-0.5565846,1.1741202,2.2200015,-0.92034465,-2.3298466,-3.9180167,-4.527005,0.42906293,2.7251828,-0.16938293,-0.9493734,3.000463,13.624064,0
2.0,19,-2.2413645,-1.7449634,0.6064847,-1.1937691,-1.2415177,-2.1107628,-1.4822494,-0.5565749,1.1741008,2.21997,-0.92034334,-2.329844,-3.9180143,-4.526995,0.4290716,2.7251837,-0.16938278,-0.94937384,3.0004675,13.624077,0
2.0,19,-2.2413652,-1.7449617,0.6064797,-1.1937649,-1.2415128,-2.1107612,-1.4822465,-0.5565687,1.1740905,2.219954,-0.92034155,-2.3298428,-3.918012,-4.526989,0.42907658,2.7251832,-0.1693834,-0.94937456,3.00047,13.624081,0
17.0,16,2.054471,-2.169428,1.8412313,4.5995255,-3.5684772,-7.272429,0.33109695,-0.9823142,-0.7365305,-1.7163929,6.0644097,5.8426723,-1.206547,-3.487602,-4.5087,-2.0757582,10.892347,-0.6228494,-3.336726,-0.53125715,0
17.0,16,2.0390184,-2.1847503,1.8412001,4.609069,-3.567164,-7.2730637,0.3577466,-0.9467901,-0.7392816,-1.7176102,6.088359,5.8391542,-1.2081416,-3.492793,-4.517453,-2.079576,10.874221,-0.6299141,-3.3382883,-0.52971846,0
17.0,16,2.0260522,-2.1978242,1.8447278,4.617705,-3.5614128,-7.2760763,0.38363492,-0.91674054,-0.74130535,-1.7226771,6.121452,5.828765,-1.2099214,-3.4981225,-4.5244255,-2.0845037,10.858396,-0.63449246,-3.3430629,-0.52779317,0
17.0,16,2.025031,-2.197944,1.8444386,4.6173015,-3.5614536,-7.2744384,0.38218635,-0.9181753,-0.7402964,-1.7221266,6.1163015,5.8285313,-1.2097571,-3.4981406,-4.524344,-2.0846126,10.861941,-0.6337353,-3.3416111,-0.52795166,0
17.0,16,2.0287302,-2.1956062,1.8446959,4.6163254,-3.562203,-7.2760468,0.38002157,-0.9213712,-0.74104637,-1.7221988,6.117402,5.8295927,-1.2094321,-3.4972882,-4.5233536,-2.0840776,10.860507,-0.63392985,-3.3426814,-0.528169,0
17.0,16,2.0348964,-2.1916127,1.8453131,4.6147194,-3.5630481,-7.278845,0.3764875,-0.9268059,-0.742278,-1.7225893,6.120072,5.830942,-1.2090485,-3.4959924,-4.5216465,-2.083196,10.85813,-0.6341184,-3.3446963,-0.5284485,0
18.0,18,-1.631394,-1.1189517,-0.90569884,-1.0232232,-1.2334806,-0.73250526,-1.7550467,-1.232442,4.2261167,1.8249104,-1.715202,1.2528106,-2.6472478,-0.9638386,-2.9851327,-1.9441992,0.4485884,2.6126835,13.806962,5.7728405,1
18.0,18,-1.627344,-1.113557,-0.90232533,-1.0213847,-1.2294413,-0.7322951,-1.7505084,-1.2253468,4.225334,1.810636,-1.7146903,1.2509552,-2.64557,-0.95915234,-2.9864182,-1.9486893,0.45158517,2.6126885,13.806583,5.760842,1
18.0,18,-1.628132,-1.114419,-0.9000282,-1.0213621,-1.2278346,-0.73233384,-1.7503494,-1.2263211,4.226309,1.8100162,-1.7151915,1.2502036,-2.6449516,-0.96092474,-2.9853847,-1.947046,0.45090446,2.612136,13.805685,5.762819,1
18.0,18,-1.6280701,-1.1142449,-0.9013438,-1.0213317,-1.2283103,-0.7320543,-1.7505801,-1.2261652,4.225902,1.8104221,-1.7151502,1.2506535,-2.6452613,-0.9604292,-2.985458,-1.9472247,0.45088053,2.612372,13.806029,5.7624793,1
18.0,18,-1.6278924,-1.1140258,-0.9021375,-1.0213234,-1.2287468,-0.73197716,-1.7506695,-1.2259244,4.2255898,1.8106323,-1.7150401,1.2509223,-2.645463,-0.9599507,-2.985678,-1.9476022,0.4510172,2.6125498,13.8062935,5.7619967,1
18.0,18,-1.6277969,-1.1139491,-0.9021973,-1.0213408,-1.2289264,-0.73208076,-1.7506603,-1.2258153,4.225485,1.8106649,-1.7149488,1.2509371,-2.6455019,-0.9597905,-2.985806,-1.947818,0.45112324,2.6125808,13.806357,5.761893,1
10.0,11,-0.12123453,1.2344205,-1.8237003,2.050691,-0.7461697,2.2755973,-0.76778245,-3.1138165,-2.4189942,-1.7445911,4.1411667,8.80614,-0.35416082,5.813068,-0.31866825,0.5235001,-4.0722795,-3.241945,-2.8369057,-2.4290583,0
10.0,11,-0.1412346,1.2025951,-1.8123444,2.062661,-0.7023529,2.3074162,-0.7317055,-3.1009998,-2.4161465,-1.76297,4.187099,8.810213,-0.36729828,5.75317,-0.34006822,0.5371278,-4.0618134,-3.2406778,-2.8316646,-2.446037,0
10.0,11,-0.1479231,1.1968021,-1.8097502,2.0675993,-0.6970514,2.3079963,-0.73210794,-3.1003904,-2.4149346,-1.7657398,4.195586,8.817032,-0.3701424,5.744339,-0.34315485,0.5363461,-4.055349,-3.2366855,-2.8298757,-2.447908,0
10.0,11,-0.14546451,1.1978809,-1.8101649,2.0662513,-0.70109093,2.3028307,-0.73192084,-3.1002202,-2.4152367,-1.7646496,4.19715,8.815129,-0.36939684,5.748403,-0.34306353,0.53584766,-4.056567,-3.2374022,-2.8315282,-2.4463534,0
10.0,11,-0.14313254,1.1997812,-1.8111471,2.0644064,-0.70221555,2.303815,-0.7310995,-3.1002696,-2.415748,-1.7638576,4.1937256,8.812377,-0.36840522,5.7509127,-0.34200832,0.53650737,-4.059138,-3.2390926,-2.832025,-2.446019,0
10.0,11,-0.14153609,1.202016,-1.8121061,2.0632086,-0.70295066,2.3059733,-0.73189336,-3.1009376,-2.41605,-1.7631099,4.1887918,8.810928,-0.3673589,5.7530336,-0.34053546,0.5366455,-4.060942,-3.2400963,-2.8318737,-2.4459882,0
4.0,4,-1.2836488,0.18653539,-0.2471632,-1.8206931,11.1147995,3.9104106,-1.4090792,0.7495203,0.2771272,-3.169242,-3.0316534,-3.0961735,2.449021,-0.7011151,8.286365,1.7473204,-4.9269056,-2.4839618,-2.4379418,-0.744958,1
4.0,4,-1.2943981,0.18166946,-0.2562461,-1.8054931,11.031526,3.8964632,-1.4544475,0.75475967,0.25882435,-3.1783428,-3.0189438,-3.0974398,2.456635,-0.68523705,8.388235,1.7633101,-4.92935,-2.4644966,-2.4629233,-0.734009,1
4.0,4,-1.2963991,0.18159707,-0.2570584,-1.8046277,11.028938,3.8988607,-1.4522221,0.7625917,0.25665164,-3.178757,-3.0187154,-3.0991042,2.454842,-0.6831256,8.390856,1.763024,-4.9312134,-2.4668715,-2.4642885,-0.73513824,1
4.0,4,-1.2959466,0.18214731,-0.25675946,-1.8055773,11.030323,3.8990386,-1.4531051,0.76001763,0.25756204,-3.1785605,-3.0192685,-3.098738,2.4552808,-0.6826683,8.389331,1.7629656,-4.9310184,-2.4661965,-2.4634836,-0.7352414,1
4.0,4,-1.2955158,0.18210295,-0.25661576,-1.8056835,11.030579,3.8984408,-1.4537913,0.7581627,0.2579849,-3.1784835,-3.0192573,-3.0983489,2.4557197,-0.6832075,8.389177,1.7631559,-4.9305744,-2.465579,-2.4632783,-0.73491687,1
4.0,4,-1.2946497,0.18178754,-0.25624096,-1.8056123,11.0330105,3.8974152,-1.4526274,0.75683254,0.2586626,-3.1782725,-3.01919,-3.0978677,2.4558823,-0.6851388,8.386366,1.7628809,-4.9297605,-2.465704,-2.4626758,-0.73459685,1
7.0,7,-4.6017003,-4.012357,-1.5507679,-1.0832533,4.01874,8.079191,7.567072,9.693945,-2.7589402,0.64925545,-1.073503,-2.3493161,-2.8650224,-2.4519932,-0.66740197,2.5904233,-2.4233239,-1.7751775,-0.53800493,-1.3324859,1
7.0,7,-4.600789,-4.009284,-1.5547398,-1.0840793,4.0131736,8.0815735,7.560334,9.696547,-2.7569625,0.6505705,-1.0754225,-2.3475034,-2.8648205,-2.4492087,-0.668697,2.5830882,-2.4240227,-1.770629,-0.5301382,-1.3314928,1
7.0,7,-4.591574,-4.007733,-1.5539874,-1.0542682,3.9951596,8.036068,7.5807924,9.75636,-2.7682533,0.63323313,-1.0615524,-2.3531945,-2.859383,-2.4293613,-0.6826264,2.5163577,-2.4139078,-1.7682623,-0.5230135,-1.3237936,1
7.0,7,-4.5903563,-4.003351,-1.5596722,-1.0518858,3.9881124,8.037533,7.5725555,9.763103,-2.766832,0.63250875,-1.063948,-2.3512654,-2.8584726,-2.4238687,-0.6827274,2.504253,-2.4148774,-1.7627723,-0.5129186,-1.3230581,1
7.0,7,-4.590973,-4.0047855,-1.5576673,-1.053544,3.9911613,8.038455,7.5748205,9.759064,-2.766918,0.6331062,-1.0634961,-2.3517783,-2.8588402,-2.4261987,-0.68248934,2.5098405,-2.4147766,-1.7646364,-0.51636803,-1.3235786,1
7.0,7,-4.5927896,-4.009424,-1.5514528,-1.0577465,4.0003343,8.039931,7.5825806,9.74805,-2.7677724,0.63451046,-1.0618447,-2.3534856,-2.8599675,-2.4330711,-0.68160766,2.5263755,-2.4141908,-1.7706679,-0.52746236,-1.3251331,1
13.0,13,-2.8954244,0.3571849,-1.1706823,-3.0350134,-3.534882,-1.398649,-1.3690885,0.37140626,0.96078855,2.3059978,0.5269078,1.2779317,0.85089946,13.487688,-0.19655862,-1.913531,-3.325541,-0.50034815,-0.7430309,-2.101336,1
13.0,13,-2.8953714,0.35671562,-1.1708959,-3.0356543,-3.5355976,-1.3986368,-1.3687776,0.37208638,0.9612186,2.308327,0.52717215,1.2774646,0.8505571,13.486942,-0.1970818,-1.9134072,-3.3261352,-0.5000752,-0.74373126,-2.102231,1
13.0,13,-2.8953857,0.3565058,-1.1710486,-3.0359807,-3.5358481,-1.3985275,-1.3686686,0.37226716,0.9613145,2.3093178,0.5273033,1.2773008,0.85037386,13.486637,-0.19728723,-1.9133263,-3.3263893,-0.49990797,-0.7439854,-2.1025877,1
13.0,13,-2.8953784,0.35657203,-1.1710008,-3.0358884,-3.5357676,-1.3985552,-1.3687044,0.37219882,0.961278,2.3090158,0.52727276,1.2773489,0.85042864,13.4867325,-0.19722389,-1.913357,-3.326312,-0.49994862,-0.7439111,-2.1024778,1
13.0,13,-2.8953733,0.35664192,-1.170951,-3.0357819,-3.5356834,-1.3985897,-1.3687406,0.37213692,0.9612437,2.308687,0.52723247,1.277403,0.8504905,13.486837,-0.19715543,-1.9133842,-3.3262303,-0.5000018,-0.7438299,-2.1023612,1
13.0,13,-2.8953617,0.35675085,-1.1708736,-3.03562,-3.5355544,-1.3986423,-1.3687955,0.37203982,0.9611892,2.3081856,0.52717495,1.2774839,0.850583,13.486989,-0.19705023,-1.9134285,-3.326105,-0.5000808,-0.74370813,-2.1021821,1
3.0,3,0.5564358,-0.24402265,-1.0224286,13.307574,-0.1082982,-2.0997734,-0.7132515,-1.406487,-3.614946,-2.7167692,-0.54011184,9.055924,-0.63117486,-1.1838002,-1.3545562,-2.093439,3.5238676,-0.317936,-1.1563822,-1.1690916,1
3.0,3,0.56014884,-0.24611925,-1.015113,13.32606,-0.1130255,-2.107398,-0.7048687,-1.4004536,-3.6140168,-2.7176032,-0.5381857,9.029882,-0.63293475,-1.1959572,-1.3631356,-2.1000996,3.5479343,-0.31883955,-1.1565692,-1.1581182,1
3.0,3,0.55988455,-0.2469137,-1.0166851,13.324771,-0.11470483,-2.1074128,-0.70554346,-1.4016341,-3.6138415,-2.7166655,-0.5379767,9.033027,-0.63221455,-1.1946427,-1.3633363,-2.0996077,3.5471842,-0.31847444,-1.1558475,-1.1588914,1
3.0,3,0.559886,-0.24676691,-1.0161625,13.32516,-0.1144516,-2.1075265,-0.705388,-1.401316,-3.613836,-2.7168996,-0.5379333,9.032188,-0.6323925,-1.1949512,-1.3633757,-2.099879,3.5475903,-0.31850734,-1.1560578,-1.158663,1
3.0,3,0.5599211,-0.24652721,-1.0156893,13.325395,-0.113950744,-2.1075177,-0.70527893,-1.401025,-3.6138778,-2.717187,-0.5379719,9.031464,-0.63261634,-1.195252,-1.3632897,-2.1000433,3.5477664,-0.3185728,-1.1562886,-1.1585163,1
3.0,3,0.56005394,-0.24642925,-1.015532,13.325636,-0.11383082,-2.1075873,-0.70516324,-1.400945,-3.613877,-2.7172766,-0.53801733,9.031032,-0.6326932,-1.1954807,-1.3633481,-2.1001105,3.5480626,-0.31865507,-1.1563215,-1.1583573,1
4.0,11,-2.670977,-0.79770696,-0.8513414,0.9911864,6.2224236,2.6721659,-2.3303592,-3.8296862,0.54491764,-0.90824217,-0.8966,8.590828,-0.33880845,1.5071865,0.5652416,1.173915,-0.08937055,-0.9854342,-3.5119884,-3.759595,0
4.0,11,-2.679197,-0.8164115,-0.8574503,0.9770654,6.230818,2.6827676,-2.317464,-3.835907,0.53222954,-0.891838,-0.8964456,8.584458,-0.3522477,1.4965588,0.56282043,1.2070463,-0.08307737,-0.98622334,-3.516518,-3.7577975,0
4.0,11,-2.6804795,-0.81750804,-0.8569657,0.97143877,6.237602,2.6876726,-2.3146226,-3.8354692,0.5333136,-0.8890816,-0.89882463,8.577088,-0.35222796,1.4951105,0.5651081,1.2124404,-0.08782856,-0.9893062,-3.5183437,-3.7576227,0
4.0,11,-2.6797223,-0.81681484,-0.8568974,0.9739231,6.2352996,2.6853604,-2.3157942,-3.8355203,0.5328521,-0.8908679,-0.8978436,8.579937,-0.35187382,1.4957281,0.5643361,1.2095448,-0.08558798,-0.98792845,-3.5177414,-3.7577956,0
4.0,11,-2.6793685,-0.81661326,-0.85720205,0.97591466,6.2326365,2.6836627,-2.3167677,-3.8357623,0.5323411,-0.891613,-0.89696175,8.582746,-0.35211796,1.4961884,0.56339854,1.2079247,-0.08377513,-0.9867717,-3.5170305,-3.7578232,0
4.0,11,-2.679321,-0.8164719,-0.8572908,0.97633564,6.2319098,2.6833975,-2.3170612,-3.8357818,0.53239644,-0.8916506,-0.89682513,8.583349,-0.35216197,1.49638,0.563211,1.2075648,-0.08367218,-0.98661715,-3.516809,-3.7578108,0
13.0,13,-2.8059802,1.0007005,-0.413279,-2.2703266,-3.7622516,-2.4480147,-1.9247199,0.7595798,1.2303447,0.44027185,0.33043483,1.2119079,0.32162532,13.488994,0.017398579,-2.4579592,-2.0031621,-0.7269663,0.009778582,-0.51364577,1
13.0,13,-2.8062022,1.0007917,-0.4133576,-2.270965,-3.7620087,-2.4470284,-1.9242542,0.7606096,1.2307212,0.44134784,0.32970357,1.2112728,0.32126838,13.488944,0.017495526,-2.4575174,-2.0045285,-0.727783,0.009491898,-0.51447403,1
13.0,13,-2.8063638,1.0004603,-0.4144004,-2.270908,-3.7617557,-2.4470787,-1.9230309,0.7617379,1.2302978,0.4411897,0.3301179,1.2117764,0.32029253,13.488541,0.017104944,-2.4569197,-2.0045502,-0.7284938,0.009429343,-0.5146171,1
13.0,13,-2.8062768,1.000595,-0.4140406,-2.2709374,-3.7618017,-2.4470706,-1.9234091,0.76128435,1.2304493,0.4412241,0.32997894,1.2116272,0.32062948,13.488684,0.017145595,-2.4571304,-2.0045235,-0.72827184,0.009480365,-0.51456505,1
13.0,13,-2.806219,1.000718,-0.4136562,-2.2709613,-3.7619002,-2.4470544,-1.923854,0.7609094,1.2306144,0.44127047,0.32981893,1.2114161,0.32097578,13.488817,0.017269148,-2.4573662,-2.004495,-0.7279977,0.009512909,-0.514502,1
13.0,13,-2.8061373,1.0008128,-0.41333333,-2.2709405,-3.7619333,-2.4470375,-1.9242439,0.76022315,1.2306789,0.44141114,0.32974783,1.2114887,0.32139483,13.489034,0.01751039,-2.4574223,-2.0046299,-0.72792244,0.009459309,-0.5145355,1
3.0,3,2.6340382,7.1122727,-0.7432973,8.882641,0.52784187,0.805674,-0.9879371,0.15054429,-1.5161531,2.3645751,-2.5929322,-0.097224325,-0.7733073,-0.4578793,-1.9354694,0.19874032,-2.4861252,-1.5953453,-2.2850964,-2.064963,1
3.0,3,2.6334033,7.110607,-0.74398404,8.885861,0.52685714,0.805209,-0.98773146,0.15016867,-1.516804,2.363672,-2.5927773,-0.094669476,-0.7735148,-0.4580089,-1.9356701,0.1988764,-2.4848282,-1.5953296,-2.2846937,-2.0648215,1
3.0,3,2.6333778,7.1105685,-0.7439896,8.885933,0.52683526,0.80520076,-0.98772556,0.15016232,-1.516819,2.363662,-2.5927708,-0.094617926,-0.773526,-0.45800692,-1.9356773,0.19888224,-2.484799,-1.5953295,-2.284691,-2.0648172,1
3.0,3,2.633413,7.11062,-0.74396694,8.885888,0.5268812,0.80520284,-0.98773235,0.15016311,-1.5168176,2.363647,-2.5927699,-0.09465798,-0.77351385,-0.45801073,-1.9356766,0.19885215,-2.4848127,-1.5953293,-2.2846947,-2.064819,1
3.0,3,2.6334305,7.110666,-0.7439581,8.885776,0.5268872,0.80521655,-0.98774076,0.15017629,-1.5167856,2.3636942,-2.5927815,-0.094739236,-0.77351254,-0.458005,-1.9356666,0.19886413,-2.484862,-1.5953307,-2.284704,-2.064825,1
3.0,3,2.6333838,7.110529,-0.7440192,8.88599,0.52685213,0.8052029,-0.9877108,0.15014906,-1.5168362,2.3636227,-2.5927756,-0.094580084,-0.77349365,-0.45801902,-1.9356695,0.19888647,-2.4847865,-1.5953269,-2.2846766,-2.0648336,1
4.0,4,-4.407555,-3.5409777,-0.17489699,-3.486283,9.323392,8.385803,3.7679722,0.53471196,-2.8416808,-1.4590294,-2.4775643,-2.0021417,-2.08724,-4.2107506,3.1687326,9.087507,-2.200992,-2.0110934,-2.569007,0.84265906,1
4.0,4,-4.4017806,-3.5374706,-0.168919,-3.4834294,9.335167,8.388663,3.7727425,0.53651685,-2.8453624,-1.4680146,-2.477575,-2.0149877,-2.075527,-4.207939,3.1704957,9.074955,-2.208703,-2.0170398,-2.5686967,0.8547841,1
4.0,4,-4.390347,-3.532072,-0.15919653,-3.4783711,9.361295,8.390829,3.7834535,0.54351413,-2.8536737,-1.4843721,-2.475847,-2.0395968,-2.0531754,-4.2039847,3.1759064,9.054971,-2.2247455,-2.0295348,-2.5732503,0.8697894,1
4.0,4,-4.3904138,-3.532092,-0.16017391,-3.4792752,9.362618,8.388449,3.7808046,0.5395543,-2.8526673,-1.4849088,-2.4765513,-2.0368288,-2.0541513,-4.2046404,3.176319,9.05501,-2.2225616,-2.0281682,-2.5710323,0.8729861,1
4.0,4,-4.3942266,-3.5341845,-0.1620626,-3.4801195,9.353203,8.388135,3.778384,0.5389743,-2.8516693,-1.4807146,-2.4772713,-2.0310254,-2.0603943,-4.205363,3.1748586,9.060167,-2.217706,-2.0244708,-2.5691001,0.871606,1
4.0,4,-4.4008675,-3.5382278,-0.1622508,-3.4791486,9.332998,8.391504,3.7800696,0.5471166,-2.8532796,-1.472644,-2.476629,-2.0281932,-2.068426,-4.204999,3.1724973,9.069712,-2.214569,-2.0215647,-2.5711977,0.864501,1
5.0,14,-0.98820174,-2.2183993,-0.43928993,-1.7487417,7.781087,3.174404,-2.8343916,-3.068448,-0.105058074,0.54235697,-3.0123065,-1.7279828,2.3879824,-4.874967,8.963271,3.5967755,-2.9843428,0.74517274,-1.9498992,0.6069181,0
5.0,14,-1.0102874,-2.247476,-0.44098642,-1.7012674,7.6073136,3.08336,-2.8780074,-3.0651116,-0.12622926,0.49432874,-2.938291,-1.7239082,2.403212,-4.84232,9.10032,3.6093905,-2.9440813,0.78771317,-1.9943322,0.64063394,0
5.0,14,-1.0173383,-2.2518587,-0.4447968,-1.6857729,7.573499,3.0667086,-2.8846507,-3.0590103,-0.1309315,0.47391903,-2.9220812,-1.7250144,2.402804,-4.830355,9.139427,3.618507,-2.941217,0.7769675,-2.0081875,0.65090686,0
5.0,14,-1.0163063,-2.250802,-0.44469434,-1.6899225,7.5821123,3.073154,-2.8826587,-3.0602243,-0.13035315,0.47829682,-2.926566,-1.7248558,2.4017005,-4.832869,9.130997,3.6173675,-2.9429135,0.7784676,-2.0046988,0.6483768,0
5.0,14,-1.0148853,-2.2500749,-0.443818,-1.6932613,7.5885415,3.0765793,-2.881427,-3.0616696,-0.12950903,0.48286748,-2.9298463,-1.7245476,2.4017954,-4.8354697,9.122897,3.6153548,-2.943258,0.78147495,-2.001737,0.64620715,0
5.0,14,-1.0124223,-2.2490015,-0.44211978,-1.6964555,7.596278,3.0777204,-2.8802474,-3.0633821,-0.12782049,0.4882341,-2.9330428,-1.7241821,2.4030845,-4.8387446,9.112566,3.612206,-2.9427645,0.785048,-1.9986755,0.64381456,0
15.0,15,-1.4819163,-2.3964453,-2.716474,-2.2856789,3.9182327,1.9261358,2.2680647,-1.6630784,-2.0830011,0.5125091,-1.9951304,0.3468027,-4.865177,-3.9864733,3.126584,12.407008,-2.8518734,-2.5922015,-2.5234964,2.125305,1
15.0,15,-1.4835913,-2.40118,-2.7163148,-2.2877338,3.932302,1.9240874,2.2833462,-1.65179,-2.086326,0.5067333,-1.9865854,0.33891955,-4.8736916,-3.994739,3.120198,12.404726,-2.8495717,-2.5910268,-2.5224369,2.1317255,1
15.0,15,-1.4844737,-2.404002,-2.7167504,-2.2885368,3.9387043,1.9228625,2.292007,-1.6453602,-2.088215,0.5046172,-1.9827803,0.33586317,-4.8775377,-3.9980426,3.1159656,12.403355,-2.8490708,-2.5914352,-2.5217354,2.1344805,1
15.0,15,-1.4841831,-2.403706,-2.7167492,-2.2885091,3.9382439,1.923248,2.2918031,-1.6457214,-2.0880666,0.5048748,-1.9830147,0.33600324,-4.8774137,-3.99802,3.1158485,12.4032345,-2.8493018,-2.5913944,-2.5217664,2.1343627,1
15.0,15,-1.4840162,-2.403211,-2.7166035,-2.2884333,3.937369,1.923429,2.2903879,-1.6468197,-2.0877109,0.50509274,-1.9834871,0.33635154,-4.8769336,-3.9976954,3.1164868,12.403428,-2.8492496,-2.5911562,-2.5218332,2.1341012,1
15.0,15,-1.4838983,-2.4023983,-2.7163591,-2.288239,3.9353774,1.9233268,2.2871327,-1.64928,-2.0868688,0.50571495,-1.9847068,0.33757395,-4.875602,-3.9965427,3.1176083,12.403914,-2.8488948,-2.5907886,-2.5217443,2.1333134,1
1.0,1,4.362732,12.758678,2.6213384,-0.18975203,-0.19437422,0.32146573,-4.445856,-1.0384547,-0.35388917,1.0327728,-1.8292402,-0.6391649,-3.9228747,-0.9374245,-0.2984286,-0.13709034,-3.5387063,-2.2116036,-1.5039564,1.8868387,1
1.0,1,4.343182,12.753859,2.6163886,-0.19001624,-0.19407648,0.33176824,-4.448165,-1.0379908,-0.34828708,1.0405438,-1.8300937,-0.63584006,-3.9239495,-0.93419194,-0.2983956,-0.1291946,-3.5430539,-2.2125108,-1.5026628,1.8861798,1
1.0,1,4.3353915,12.7529545,2.6181698,-0.18865284,-0.19204238,0.33393294,-4.4483023,-1.0368813,-0.34573022,1.0402088,-1.8299173,-0.6368604,-3.9232547,-0.9330404,-0.29820696,-0.12844841,-3.543348,-2.2132287,-1.5032706,1.8880496,1
1.0,1,4.338617,12.753337,2.617405,-0.18910316,-0.19296566,0.33282477,-4.448295,-1.0374556,-0.34692004,1.0402452,-1.8297616,-0.63625735,-3.9235563,-0.9333699,-0.29820618,-0.12869026,-3.543268,-2.2129562,-1.5031221,1.8873087,1
1.0,1,4.3416057,12.753674,2.616653,-0.18962686,-0.19380207,0.3319805,-4.4482675,-1.03792,-0.34792995,1.0404096,-1.8297911,-0.63578886,-3.9238474,-0.9337791,-0.29826474,-0.12892057,-3.5431852,-2.2126806,-1.5028894,1.8865626,1
1.0,1,4.3426356,12.753722,2.6160848,-0.19004533,-0.19417605,0.33201548,-4.448359,-1.0381737,-0.34810588,1.0407914,-1.8299779,-0.635544,-3.9239213,-0.93395317,-0.29829293,-0.12892862,-3.543295,-2.2125173,-1.502666,1.8860425,1
15.0,15,-2.2385771,-2.717039,-3.5074449,-0.8994548,-0.31457016,-0.37849128,-0.91916686,-1.9472587,-3.0699065,0.6924434,-1.6977675,0.595442,-3.6989799,-2.9667087,6.45134,11.543896,2.5814703,-0.752269,-2.385132,1.4568115,1
15.0,15,-2.2367926,-2.7166052,-3.5067472,-0.8929746,-0.31726924,-0.37917674,-0.91634446,-1.9461683,-3.0697548,0.69100755,-1.6995002,0.5934949,-3.695726,-2.9659836,6.45209,11.541663,2.5848863,-0.7568544,-2.3853557,1.4536004,1
15.0,15,-2.2368057,-2.7166016,-3.506762,-0.8930737,-0.31720874,-0.37910378,-0.9163183,-1.9461464,-3.0697458,0.69109535,-1.6995244,0.59344906,-3.695733,-2.9659998,6.4520655,11.541741,2.5847225,-0.7568583,-2.385343,1.4536158,1
15.0,15,-2.2368531,-2.7166293,-3.5067759,-0.89327013,-0.3171188,-0.37909532,-0.91639566,-1.94621,-3.0697377,0.69112754,-1.6994616,0.5934929,-3.695833,-2.9660633,6.4519587,11.5418215,2.5846808,-0.756686,-2.385329,1.453746,1
15.0,15,-2.23685,-2.71662,-3.5067735,-0.89323664,-0.3171443,-0.37911242,-0.9164037,-1.9461927,-3.069751,0.6911016,-1.6994573,0.5935075,-3.6958284,-2.9660344,6.452016,11.541795,2.5846868,-0.7567086,-2.38534,1.4537265,1
15.0,15,-2.2368534,-2.7166097,-3.5067728,-0.89324325,-0.31714728,-0.37911016,-0.91641605,-1.9461737,-3.0697615,0.6910941,-1.6994537,0.5935173,-3.6958323,-2.9660077,6.45208,11.541792,2.584636,-0.75672334,-2.3853471,1.4537177,1
18.0,18,-1.871201,-0.92125857,-3.123313,-0.6890625,-0.729956,-0.31748348,-1.6073221,-0.688937,2.1486888,0.6361758,-1.6652323,1.7558862,-3.1786199,-0.38314444,-1.7103126,-0.7577279,-0.5184769,1.2701405,13.375128,8.395079,1
18.0,18,-1.871319,-0.92134726,-3.123157,-0.68922216,-0.72992516,-0.31756407,-1.6073854,-0.6889552,2.14901,0.6362815,-1.6652757,1.7554817,-3.1786547,-0.38336745,-1.7102356,-0.75763404,-0.5185115,1.2700586,13.375099,8.395518,1
18.0,18,-1.871396,-0.9214066,-3.123052,-0.6892615,-0.72990394,-0.31765953,-1.6074023,-0.68894273,2.1490333,0.6362629,-1.6652659,1.7552698,-3.1786933,-0.38347796,-1.7101446,-0.75754344,-0.5185113,1.2699921,13.375008,8.39592,1
18.0,18,-1.8713865,-0.92140067,-3.1230621,-0.68924993,-0.72991,-0.317666,-1.6074044,-0.6889468,2.1490338,0.63625604,-1.6652602,1.7553062,-3.1786866,-0.3834553,-1.7101573,-0.7575638,-0.5185034,1.2700049,13.375024,8.395862,1
18.0,18,-1.8713713,-0.92138886,-3.1230845,-0.68923956,-0.7299153,-0.3176505,-1.6074008,-0.6889472,2.1490226,0.63625556,-1.6652588,1.7553498,-3.1786773,-0.38343036,-1.7101732,-0.7575826,-0.5185037,1.2700185,13.375036,8.395785,1
18.0,18,-1.8713651,-0.92138463,-3.1230931,-0.68923545,-0.72992414,-0.31765884,-1.6074091,-0.68895805,2.1490576,0.63626254,-1.6652566,1.7553859,-3.1786673,-0.38341096,-1.7101928,-0.7576094,-0.5184965,1.2700337,13.375064,8.395709,1
18.0,18,-1.1878701,-0.47643155,-3.194776,-1.1030413,-0.9422437,0.67700124,-1.6998254,-1.0674459,5.4267225,1.9428391,-2.1778064,2.6972966,-2.180823,-0.2171938,-2.985712,-1.7022985,-0.283489,1.8272296,13.323197,1.5547907,1
18.0,18,-1.1878924,-0.47645193,-3.1946478,-1.1031507,-0.9422038,0.6769852,-1.6998571,-1.0675696,5.4271345,1.9429665,-2.177845,2.6971476,-2.1807294,-0.2172838,-2.9857616,-1.7022763,-0.28348595,1.8271253,13.323136,1.5546079,1
18.0,18,-1.1878972,-0.47645575,-3.1946394,-1.1031613,-0.94219065,0.6769925,-1.6998527,-1.0675755,5.427149,1.9429705,-2.177852,2.6971202,-2.1807327,-0.21730085,-2.9857605,-1.7022645,-0.28348854,1.827106,13.323147,1.5546362,1
18.0,18,-1.1878961,-0.47645408,-3.1946392,-1.10316,-0.9421949,0.67698765,-1.6998552,-1.0675749,5.427152,1.94297,-2.1778493,2.697127,-2.180731,-0.2172953,-2.9857612,-1.7022675,-0.28348714,1.827112,13.323139,1.554624,1
18.0,18,-1.1878953,-0.4764532,-3.1946383,-1.1031584,-0.94219804,0.67698437,-1.6998574,-1.0675743,5.4271545,1.94297,-2.1778476,2.6971304,-2.1807299,-0.21729273,-2.9857633,-1.7022712,-0.28348538,1.827116,13.323137,1.5546149,1
18.0,18,-1.1879013,-0.47644776,-3.1946244,-1.103168,-0.9422018,0.6769698,-1.6998723,-1.0675782,5.4272003,1.9429746,-2.1778414,2.69712,-2.1807303,-0.21729122,-2.9857621,-1.7022762,-0.2834834,1.8271241,13.32313,1.5545881,1
6.0,6,-0.048054088,-4.984339,-1.5553137,0.9169489,2.223933,-1.1513128,13.1781435,7.430184,-3.3085413,-1.0572326,4.2859683,-2.5716653,-1.9903871,-2.5716193,-3.2912836,0.43956465,-0.033058815,-2.0581312,-2.1451213,-1.4726393,1
6.0,6,-0.09881919,-5.026458,-1.5466996,0.9245634,2.1922526,-1.1353921,13.172041,7.563404,-3.3121815,-1.0486779,4.2496867,-2.6010544,-1.9549534,-2.5759146,-3.2894065,0.38223422,-0.03546759,-2.0532799,-2.1126907,-1.4354411,1
6.0,6,-0.15002102,-5.058307,-1.5332423,0.93463457,2.1773198,-1.121524,13.161968,7.661011,-3.3120866,-1.047329,4.2392535,-2.623923,-1.9320419,-2.573646,-3.284145,0.33796358,-0.03864115,-2.045136,-2.0925305,-1.4100873,1
6.0,6,-0.1492427,-5.058621,-1.532027,0.93615794,2.1745908,-1.12535,13.160081,7.6594195,-3.311652,-1.0478673,4.2451797,-2.621647,-1.9313426,-2.5729854,-3.2849889,0.33636844,-0.03693718,-2.0446458,-2.0939083,-1.4103214,1
6.0,6,-0.13743316,-5.05419,-1.5322813,0.93520147,2.175364,-1.1324575,13.160363,7.6348205,-3.310946,-1.048632,4.2549386,-2.6158445,-1.9340873,-2.572664,-3.2873685,0.34309322,-0.032780882,-2.0448909,-2.0991797,-1.4161137,1
6.0,6,-0.12401209,-5.0470834,-1.5335804,0.9341548,2.1799715,-1.1389477,13.161559,7.601987,-3.3096323,-1.0502918,4.2655096,-2.609104,-1.93931,-2.5718658,-3.2892547,0.35447943,-0.029737595,-2.0454438,-2.105815,-1.4242175,1
12.0,12,-0.09873896,-2.2209225,-0.32423338,0.59197867,-2.7170286,-0.08131018,-2.138661,-2.0570827,1.7449739,-0.08754906,-1.185055,1.7673876,13.931757,3.6519213,0.11755865,-2.262618,-2.5759459,-1.6085099,-1.2078564,-3.0613499,1
12.0,12,-0.09864188,-2.2210128,-0.32454246,0.5920356,-2.7168713,-0.08059265,-2.138436,-2.0564022,1.7453012,-0.0872674,-1.1854413,1.7665836,13.931748,3.6505826,0.117422305,-2.26265,-2.5760095,-1.6088357,-1.2074403,-3.060905,1
12.0,12,-0.09834075,-2.2210746,-0.32482812,0.5921257,-2.7168863,-0.08036389,-2.138339,-2.056192,1.7452339,-0.08715594,-1.1855959,1.766633,13.931593,3.6496894,0.117146954,-2.2626662,-2.575876,-1.6086333,-1.2068535,-3.0607736,1
12.0,12,-0.09845149,-2.2210495,-0.3246818,0.592073,-2.7168558,-0.08045961,-2.1384306,-2.0562859,1.7454381,-0.08720027,-1.1855328,1.7665914,13.9316435,3.649802,0.11723122,-2.2626693,-2.5758843,-1.6087136,-1.2070135,-3.0607939,1
12.0,12,-0.09853702,-2.2210307,-0.32459226,0.5920445,-2.7168512,-0.080533214,-2.1384661,-2.0563538,1.7454756,-0.08723542,-1.185485,1.7665819,13.931687,3.6500435,0.11730874,-2.262666,-2.575917,-1.6087699,-1.2071785,-3.0608344,1
12.0,12,-0.0986436,-2.2210171,-0.32449663,0.5920069,-2.7168264,-0.08059445,-2.138513,-2.056422,1.7455573,-0.08726826,-1.185432,1.7665426,13.931728,3.650232,0.117389455,-2.2626584,-2.5759418,-1.6088324,-1.2073399,-3.0608509,1
9.0,9,0.7267298,-3.6757832,2.5156126,-2.5704284,-3.1900845,0.036571346,0.84704685,-1.2903131,-0.22726181,12.359819,-1.7970531,-0.7158576,-0.30978838,-3.332312,-3.938126,-0.2240659,-0.36140624,1.865727,0.22231561,-0.5223271,1
9.0,9,0.7267192,-3.6757762,2.5157208,-2.5704572,-3.1901033,0.036549814,0.8470305,-1.2903414,-0.22717512,12.359824,-1.7970343,-0.71589607,-0.30973867,-3.3323007,-3.9381464,-0.22408842,-0.36140478,1.8657238,0.2222538,-0.5223881,1
9.0,9,0.72671676,-3.6757755,2.515737,-2.5704536,-3.1901052,0.03653901,0.8470241,-1.2903486,-0.2271547,12.359822,-1.7970331,-0.71589595,-0.30974808,-3.33232,-3.9381506,-0.22408995,-0.36139202,1.865723,0.22225735,-0.52237755,1
9.0,9,0.7267185,-3.6757748,2.5157366,-2.570455,-3.1901042,0.03654275,0.84702694,-1.2903472,-0.22716391,12.359821,-1.7970328,-0.7158964,-0.30974194,-3.332314,-3.9381495,-0.22409059,-0.36139557,1.8657247,0.22225344,-0.5223828,1
9.0,9,0.7267185,-3.6757748,2.51573,-2.5704563,-3.1901028,0.036546133,0.8470288,-1.2903445,-0.22716889,12.359823,-1.7970335,-0.7158969,-0.3097412,-3.332306,-3.938148,-0.22408925,-0.3614002,1.8657238,0.2222527,-0.5223858,1
9.0,9,0.7267187,-3.6757743,2.5157316,-2.570458,-3.190103,0.03654749,0.8470293,-1.2903447,-0.22717004,12.359821,-1.7970328,-0.71589804,-0.3097369,-3.332304,-3.9381478,-0.22408977,-0.36140198,1.8657238,0.22225028,-0.52238935,1
17.0,16,-1.5953703,-2.7158048,-0.7425637,-1.436163,3.5456004,-4.315113,-3.3820732,-3.025538,0.35763183,-1.8480129,8.1099825,1.4404773,-2.2824497,-4.0212283,-1.2687312,-1.5725846,9.935479,9.564363,-0.57323873,-0.5816662,0
17.0,16,-1.6021338,-2.7099848,-0.7733869,-1.4120829,3.5314744,-4.3369346,-3.3614583,-2.9581704,0.3741351,-1.8667811,8.130458,1.3891201,-2.2602997,-3.9803154,-1.262998,-1.612666,9.910057,9.571274,-0.5582682,-0.569744,0
17.0,16,-1.6066117,-2.706001,-0.79312825,-1.337194,3.499574,-4.3723917,-3.3573978,-2.9159625,0.40377578,-1.9031483,8.0967655,1.3595709,-2.2302794,-3.9594593,-1.254707,-1.6511009,9.9611635,9.541817,-0.547287,-0.55418843,0
17.0,16,-1.6057037,-2.706722,-0.791017,-1.3584993,3.5065722,-4.3640184,-3.3552828,-2.9207354,0.39493597,-1.8928661,8.115081,1.3634583,-2.236941,-3.9584606,-1.2575876,-1.6455529,9.937942,9.554744,-0.5485656,-0.55818707,0
17.0,16,-1.6050284,-2.7079673,-0.7887644,-1.3772761,3.5103352,-4.355756,-3.354547,-2.9267826,0.3862178,-1.8824145,8.129628,1.3682863,-2.2442129,-3.9592834,-1.2603388,-1.6393255,9.920496,9.567327,-0.5497117,-0.56187576,0
17.0,16,-1.6044906,-2.7106452,-0.78801894,-1.3828747,3.4994,-4.3510914,-3.3563795,-2.9340057,0.37573317,-1.8722805,8.145933,1.377151,-2.2504241,-3.9560368,-1.2634299,-1.6384585,9.912298,9.583223,-0.54900455,-0.5648516,0
2.0,2,-0.38725117,0.69522655,13.040044,-0.75856227,0.7282945,-2.5518928,1.1649963,-2.2295928,1.8736076,-0.10649373,0.63381773,-1.5101465,1.5618478,-0.84675837,-0.82162696,-0.5948014,0.30599368,-3.3762577,-3.7181025,0.2784142,1
2.0,2,-0.38724658,0.695225,13.040044,-0.7585565,0.7283143,-2.551889,1.1649975,-2.2295954,1.873581,-0.10649045,0.6338057,-1.5101459,1.5618508,-0.8467526,-0.8216176,-0.5948054,0.30600083,-3.3762484,-3.7181082,0.2784098,1
2.0,2,-0.38724655,0.69522464,13.040041,-0.75855815,0.7283229,-2.5518873,1.1649975,-2.229598,1.8735756,-0.106489345,0.63380235,-1.5101475,1.5618498,-0.84675527,-0.82161456,-0.59480405,0.30600232,-3.3762462,-3.7181098,0.27841395,1
2.0,2,-0.3872471,0.69522446,13.040042,-0.758558,0.72831726,-2.5518885,1.1649973,-2.2295961,1.8735791,-0.10648902,0.6338049,-1.510147,1.5618498,-0.8467539,-0.82161593,-0.59480435,0.3060008,-3.376248,-3.7181091,0.2784124,1
2.0,2,-0.3872474,0.69522464,13.040044,-0.7585577,0.72831255,-2.5518892,1.1649972,-2.2295954,1.8735828,-0.10648988,0.6338066,-1.510146,1.561851,-0.8467524,-0.82161814,-0.5948049,0.3060002,-3.3762488,-3.7181082,0.27841038,1
2.0,2,-0.38724682,0.69522476,13.040042,-0.75855917,0.7283176,-2.5518887,1.1649977,-2.2295964,1.8735791,-0.106488064,0.63380486,-1.5101466,1.56185,-0.84675246,-0.8216167,-0.59480554,0.3060004,-3.3762465,-3.7181094,0.27840975,1
3.0,3,0.70861846,-0.923391,-0.2133873,14.469357,-1.7121832,-2.1895895,0.84469676,-0.548578,-2.6722686,-1.7676787,-0.74203426,4.853242,-0.008263116,-1.8824204,-2.5154867,-1.8374456,4.79644,-1.0931174,-1.1483736,-0.15649468,1
3.0,3,0.70919985,-0.92307687,-0.21221162,14.468767,-1.711834,-2.1893458,0.84446925,-0.551093,-2.6710699,-1.7679616,-0.7431442,4.8544674,-0.0069710845,-1.8817978,-2.51601,-1.837906,4.798188,-1.0941608,-1.1485512,-0.15741323,1
3.0,3,0.70909786,-0.92341995,-0.21293108,14.468777,-1.7120692,-2.1893876,0.8443872,-0.5509637,-2.6712124,-1.7677654,-0.7431163,4.8548837,-0.0070812153,-1.8819243,-2.5159874,-1.8376799,4.798173,-1.0939404,-1.1483468,-0.15733385,1
3.0,3,0.7091196,-0.92332566,-0.21271457,14.468779,-1.7120173,-2.1893833,0.84441376,-0.5509923,-2.671155,-1.7678189,-0.743127,4.8547072,-0.007035692,-1.8818765,-2.5159943,-1.8377522,4.7981954,-1.094004,-1.1483995,-0.15734811,1
3.0,3,0.7091595,-0.9232003,-0.21245001,14.468773,-1.711926,-2.189372,0.84444696,-0.5510278,-2.6711104,-1.7678967,-0.7431293,4.854556,-0.007006363,-1.881839,-2.516009,-1.83785,4.798212,-1.0940722,-1.148475,-0.15737711,1
3.0,3,0.7091928,-0.92307824,-0.2122363,14.468771,-1.7118795,-2.189326,0.84445477,-0.55113745,-2.6710348,-1.7679214,-0.7431851,4.8544836,-0.006914952,-1.8817534,-2.5160003,-1.8378488,4.79813,-1.094212,-1.1485298,-0.15741563,1
14.0,14,-2.2335823,-1.9205256,-1.101922,0.08541619,-0.87062126,-1.0486954,-1.9353218,-0.7723639,-1.4430814,-2.2122316,1.1011647,-1.2267989,-1.2550794,-1.3021485,11.996867,6.9756846,-1.4923443,-1.7859452,-3.6145444,2.185974,1
14.0,14,-2.232249,-1.9201738,-1.0971566,0.08533238,-0.87107366,-1.0537634,-1.9348432,-0.7734364,-1.440003,-2.2130268,1.1050062,-1.2282634,-1.2565815,-1.3049321,11.994873,6.972289,-1.4901774,-1.7859225,-3.613482,2.1901453,1
14.0,14,-2.231864,-1.9200518,-1.0959839,0.085268684,-0.8713765,-1.0548482,-1.9348503,-0.77372664,-1.4392194,-2.2131283,1.1055992,-1.2286094,-1.2564248,-1.3052003,11.9945965,6.971336,-1.4897088,-1.785831,-3.6131978,2.190486,1
14.0,14,-2.2318614,-1.9200466,-1.0960631,0.0853579,-0.87140495,-1.0549078,-1.9348173,-0.7737168,-1.4392083,-2.2131286,1.1056844,-1.2285457,-1.2564675,-1.3052443,11.994553,6.971317,-1.4897499,-1.78588,-3.6132488,2.1905732,1
14.0,14,-2.231855,-1.9200504,-1.0960116,0.085390925,-0.87136924,-1.0550297,-1.9347776,-0.77373344,-1.4391668,-2.2131617,1.1058384,-1.2285606,-1.2566221,-1.305397,11.99446,6.9712863,-1.4897029,-1.7859039,-3.6132517,2.1908088,1
14.0,14,-2.2318842,-1.9200671,-1.0959946,0.085376136,-0.87128067,-1.0550691,-1.9347355,-0.7737129,-1.4391882,-2.2132015,1.1059552,-1.2285856,-1.2568247,-1.3055464,11.9943905,6.9713407,-1.4896756,-1.7859275,-3.6132452,2.191071,1
2.0,18,-2.8570979,-2.3992598,-1.8067826,-0.3642692,3.3484237,-0.35187507,-1.2056205,-0.97009504,-1.1086711,-4.1189556,-2.8245919,0.7614874,-3.5673225,-2.7710855,0.35067,-0.07479734,7.63381,5.309694,7.9650335,7.0083575,0
2.0,18,-2.8570528,-2.3996105,-1.8054887,-0.36420792,3.3483994,-0.35266557,-1.2051879,-0.9704233,-1.108222,-4.1193576,-2.8247628,0.76063675,-3.56729,-2.7721024,0.35047188,-0.07421213,7.635975,5.308784,7.9628816,7.008403,0
2.0,18,-2.8570552,-2.3996718,-1.8052353,-0.36419886,3.3484135,-0.35280192,-1.2051014,-0.97048813,-1.1081176,-4.1194415,-2.8247883,0.76048523,-3.5672736,-2.7722666,0.3504476,-0.074112654,7.636326,5.3086023,7.962524,7.0084033,0
2.0,18,-2.8570702,-2.3996677,-1.8052521,-0.3642164,3.3484132,-0.35280892,-1.2051309,-0.97048366,-1.1081079,-4.1194334,-2.8247857,0.76047236,-3.5672796,-2.7722535,0.3504822,-0.074106365,7.636243,5.30861,7.962549,7.0084906,0
2.0,18,-2.8570738,-2.3996613,-1.8052763,-0.364222,3.3484116,-0.35280296,-1.205151,-0.9704804,-1.1081134,-4.1194215,-2.8247786,0.7604834,-3.567278,-2.7722354,0.35049304,-0.074116625,7.636191,5.308635,7.962584,7.008515,0
2.0,18,-2.857063,-2.3996384,-1.8053654,-0.36421788,3.3484013,-0.35274574,-1.2051648,-0.97044915,-1.1081617,-4.1193924,-2.8247747,0.76053894,-3.5672877,-2.7721844,0.35048297,-0.074151516,7.6361003,5.3086925,7.962711,7.0084805,0
7.0,7,-3.9988928,-4.025128,-2.1172953,-0.10852441,1.8023684,5.277986,7.146107,11.899056,-3.1165924,0.8651001,-0.35172346,-2.2716706,-2.941939,-2.3801055,-0.78256416,1.4114019,-1.9966867,-1.7270259,-0.9904071,-0.47006002,1
7.0,7,-3.9918857,-4.0113926,-2.109597,-0.09645916,1.7911214,5.2763953,7.1403112,11.913514,-3.1102724,0.85600936,-0.357297,-2.2684498,-2.9238493,-2.3513966,-0.7965761,1.3439007,-1.9969032,-1.7149904,-0.9627208,-0.47458804,1
7.0,7,-3.9753032,-4.0035396,-2.1039743,-0.058799256,1.7616364,5.2107606,7.1630974,11.962851,-3.1092443,0.8339929,-0.33086774,-2.2769532,-2.9104786,-2.323921,-0.8198033,1.2620394,-1.992244,-1.7072339,-0.9488448,-0.46638528,1
7.0,7,-3.9751446,-4.0026655,-2.1039658,-0.057583902,1.7609751,5.2107453,7.1629524,11.9638195,-3.1088932,0.83314323,-0.3310724,-2.276609,-2.9096904,-2.3220503,-0.82059497,1.2581811,-1.9925816,-1.7064055,-0.94682413,-0.46669683,1
7.0,7,-3.9750466,-4.0037355,-2.105015,-0.05860893,1.7606927,5.2088227,7.1630445,11.963673,-3.1093605,0.8341227,-0.32992154,-2.2768865,-2.9113376,-2.3244636,-0.819662,1.2631642,-1.9920833,-1.7071772,-0.9492513,-0.46596587,1
7.0,7,-3.9757218,-4.006443,-2.106681,-0.062069986,1.7618922,5.208003,7.163049,11.961183,-3.1104736,0.8367527,-0.32874033,-2.2774067,-2.9148905,-2.3304334,-0.816867,1.2764076,-1.9913001,-1.7093452,-0.9550753,-0.4648752,1
3.0,3,0.42759186,-0.2930043,0.1223996,14.619503,-1.4286367,-2.2316837,0.8369956,0.49480522,-3.1025827,-2.0289934,0.55820996,4.3549514,-0.6351772,-2.1861882,-2.3392563,-2.6020765,3.5668492,-0.50216025,-1.3501712,0.3271436,1
3.0,3,0.42946398,-0.29155046,0.123673305,14.61827,-1.42694,-2.2333426,0.83846736,0.49652725,-3.1004217,-2.0284002,0.5573551,4.343853,-0.6365829,-2.1881971,-2.3430955,-2.6042292,3.575172,-0.5005338,-1.3481866,0.33024305,1
3.0,3,0.42899808,-0.29218063,0.122769535,14.61862,-1.4274857,-2.233147,0.83790237,0.49590188,-3.1010866,-2.0284889,0.5573421,4.3472643,-0.6364396,-2.1874783,-2.3423502,-2.6037543,3.5740576,-0.5006907,-1.3482146,0.32952586,1
3.0,3,0.42905632,-0.29214406,0.122924626,14.618552,-1.427421,-2.2332034,0.8380599,0.4960443,-3.1009576,-2.0284672,0.55747813,4.346542,-0.63643897,-2.1876276,-2.3425539,-2.6038775,3.5743282,-0.50060636,-1.3482318,0.32966393,1
3.0,3,0.42922378,-0.29192215,0.12325695,14.618419,-1.4272236,-2.2332776,0.8382728,0.49627626,-3.1007137,-2.028434,0.55749255,4.345277,-0.6364894,-2.1878932,-2.342833,-2.6040556,3.5747497,-0.5005424,-1.3482223,0.3299293,1
3.0,3,0.42951152,-0.2917303,0.123120025,14.618417,-1.4272029,-2.2333071,0.8383126,0.49623322,-3.100766,-2.0284312,0.5572957,4.3451905,-0.63650143,-2.1878755,-2.3429506,-2.6040883,3.5749602,-0.5005535,-1.3481414,0.3298869,1
9.0,2,-0.83352,-2.135496,8.910335,-2.4727528,-2.8423064,-1.5926478,1.3785702,-0.9704559,0.4858903,8.548553,-1.1522844,-2.4382393,-1.0521041,-3.7644968,-2.2943234,0.30587256,-0.47851318,-1.3033285,-0.6709131,4.3203473,0
9.0,2,-0.83351123,-2.135487,8.910354,-2.472759,-2.8423114,-1.5926415,1.3785678,-0.9704575,0.48590186,8.548575,-1.1522868,-2.4382353,-1.0520929,-3.7644823,-2.2943313,0.3058629,-0.47851613,-1.3033227,-0.67093736,4.320279,0
9.0,2,-0.8335101,-2.1354866,8.910354,-2.4727602,-2.8423126,-1.5926411,1.3785669,-0.9704589,0.48590305,8.548583,-1.1522874,-2.438235,-1.0520935,-3.7644818,-2.294333,0.30586195,-0.47851557,-1.3033205,-0.67093724,4.3202744,0
9.0,2,-0.8335117,-2.1354873,8.910355,-2.4727573,-2.8423092,-1.5926435,1.3785677,-0.97045904,0.48590133,8.54857,-1.1522852,-2.4382348,-1.0520924,-3.7644827,-2.2943306,0.30586362,-0.4785145,-1.3033245,-0.6709369,4.320284,0
9.0,2,-0.8335113,-2.1354864,8.910358,-2.4727583,-2.8423092,-1.5926435,1.3785691,-0.97045976,0.48590252,8.548566,-1.1522835,-2.4382343,-1.0520908,-3.7644818,-2.2943306,0.30586308,-0.47851443,-1.3033258,-0.67093956,4.3202796,0
9.0,2,-0.83351153,-2.1354883,8.91035,-2.47276,-2.842312,-1.5926418,1.3785671,-0.970458,0.48590115,8.548577,-1.1522869,-2.4382348,-1.0520934,-3.7644818,-2.2943313,0.30586314,-0.4785153,-1.3033215,-0.6709348,4.3202825,0
14.0,14,-2.6567996,-2.3538928,-1.213194,-0.045369823,0.349686,1.701339,-2.439883,-0.71793294,-1.5367414,-2.399267,-0.07195156,-1.6010578,0.5326315,-0.43841934,12.779732,3.881459,-1.1893954,-0.43051976,-3.248671,0.79491603,1
14.0,14,-2.6561794,-2.353845,-1.2087644,-0.040844705,0.33703867,1.673013,-2.44164,-0.71901673,-1.5349164,-2.3984122,-0.06138517,-1.5996106,0.527373,-0.43477783,12.779328,3.8870223,-1.1818845,-0.43051973,-3.2540772,0.8007846,1
14.0,14,-2.6567416,-2.3539839,-1.2092117,-0.04211776,0.33736238,1.6742768,-2.4415262,-0.7191942,-1.5358002,-2.3968592,-0.06198191,-1.6004081,0.52600694,-0.43536803,12.779716,3.890466,-1.1824955,-0.43101448,-3.2546647,0.80021095,1
14.0,14,-2.6566606,-2.3536654,-1.2089579,-0.04157652,0.33710808,1.6734095,-2.4415271,-0.7189929,-1.5354826,-2.397943,-0.061464176,-1.6000304,0.5262646,-0.43476763,12.779673,3.8893158,-1.1821392,-0.43098998,-3.254529,0.8004349,1
14.0,14,-2.6564934,-2.3535926,-1.2087326,-0.041092206,0.33677587,1.6725051,-2.441583,-0.7189324,-1.5351837,-2.3984623,-0.061072446,-1.5997493,0.5265592,-0.43448415,12.779547,3.8883624,-1.1818041,-0.43085647,-3.2544487,0.8007022,1
14.0,14,-2.6562319,-2.3539455,-1.2088134,-0.04102118,0.33700672,1.6730579,-2.4416046,-0.7190813,-1.5350769,-2.3980415,-0.06144817,-1.5997359,0.5272166,-0.43487594,12.779357,3.8875613,-1.1819246,-0.43054003,-3.2541885,0.80064833,1
3.0,3,0.79321396,-0.43123066,-1.7828768,14.601834,-2.270029,-2.227881,0.4854108,0.18829857,-3.1590452,-1.2237303,0.4943333,5.7397013,-0.12614435,-1.1757201,-2.85038,-2.3212383,3.25012,-0.25680828,-0.82212377,-0.2932303,1
3.0,3,0.7943238,-0.4294419,-1.779695,14.602018,-2.2696323,-2.2280056,0.4851963,0.18863408,-3.158487,-1.2238848,0.49235865,5.736906,-0.12753636,-1.1770731,-2.850959,-2.3226075,3.252622,-0.25703126,-0.82166123,-0.2921883,1
3.0,3,0.79398465,-0.43021044,-1.7798789,14.601971,-2.2693768,-2.2279358,0.48566586,0.18893069,-3.1584225,-1.2239046,0.49267328,5.7363577,-0.12742314,-1.177725,-2.851124,-2.3225088,3.2529182,-0.25678986,-0.82159376,-0.292014,1
3.0,3,0.7940633,-0.43003815,-1.7798963,14.601981,-2.2695165,-2.2279937,0.4854861,0.18879208,-3.1584435,-1.2238885,0.49262795,5.7366757,-0.12743613,-1.1774614,-2.851079,-2.322552,3.2528589,-0.256834,-0.82160664,-0.292099,1
3.0,3,0.79417896,-0.42976007,-1.7798073,14.602,-2.2696087,-2.228027,0.48532236,0.18869911,-3.1584628,-1.22388,0.49252445,5.736835,-0.12748131,-1.177224,-2.8510237,-2.3226035,3.2527633,-0.25691563,-0.8216373,-0.29215544,1
3.0,3,0.794398,-0.42937997,-1.7798587,14.602006,-2.2697754,-2.228034,0.48500246,0.18840683,-3.158526,-1.2238827,0.49230048,5.737457,-0.12751524,-1.1768711,-2.8509147,-2.322577,3.252585,-0.25706396,-0.8216261,-0.29229724,1
18.0,18,-1.0517514,-0.15256725,-1.8781174,-1.1063752,-0.8229915,0.42996526,-1.2549058,-0.51758045,5.9464455,1.3256022,-2.050423,1.734674,-2.4431021,-0.44439715,-3.4643338,-2.119584,0.36482275,1.3110083,13.329389,1.6693103,1
18.0,18,-1.0517533,-0.15249805,-1.8778574,-1.1064993,-0.8230154,0.42988095,-1.2549765,-0.51767004,5.9470196,1.3257126,-2.050377,1.7344831,-2.4430194,-0.44443247,-3.46441,-2.119591,0.36477366,1.3108517,13.329219,1.6689829,1
18.0,18,-1.0517715,-0.15250486,-1.8778255,-1.1065043,-0.82300234,0.42986357,-1.2549798,-0.51766956,5.947018,1.325684,-2.0503683,1.7344558,-2.4430375,-0.44444272,-3.4643915,-2.119576,0.3647758,1.3108468,13.329237,1.6690569,1
18.0,18,-1.0517648,-0.1525,-1.8778244,-1.1065067,-0.8230073,0.42986393,-1.2549803,-0.51767135,5.9470367,1.3256953,-2.0503683,1.7344571,-2.4430285,-0.44443935,-3.4644017,-2.1195853,0.36477622,1.3108438,13.329222,1.6690217,1
18.0,18,-1.0517601,-0.1524982,-1.877831,-1.1065059,-0.8230115,0.42986783,-1.254979,-0.5176716,5.947038,1.3257021,-2.050371,1.7344637,-2.4430234,-0.444437,-3.4644082,-2.1195877,0.36477676,1.3108455,13.32922,1.6690018,1
18.0,18,-1.0517637,-0.15248422,-1.877782,-1.1065272,-0.82301843,0.42984426,-1.2549986,-0.51768243,5.947132,1.3257134,-2.0503552,1.7344353,-2.443015,-0.44443396,-3.4644163,-2.1195998,0.36476895,1.3108327,13.329188,1.6689514,1
9.0,9,-1.4271721,-3.5663323,0.3402357,-3.4663413,-4.1636686,-0.32117975,-1.9012091,-3.1604924,5.060043,13.553332,-1.5054991,-0.5288722,-1.0385901,-2.0623121,-3.7946146,-0.05599299,-0.9390038,1.5351033,1.5067257,0.2667018,1
9.0,9,-1.4271873,-3.5663254,0.34028757,-3.4663243,-4.1636786,-0.3212699,-1.9012645,-3.1605222,5.0602345,13.553297,-1.5054858,-0.52888596,-1.0385987,-2.0623767,-3.7946496,-0.056043155,-0.93893594,1.5351286,1.5067843,0.26671717,1
9.0,9,-1.4271914,-3.5663242,0.34030396,-3.4663107,-4.1636834,-0.3213108,-1.9012973,-3.160544,5.0603256,13.553278,-1.505483,-0.52888787,-1.0386086,-2.0624313,-3.7946608,-0.05606066,-0.93890107,1.535133,1.506819,0.26675326,1
9.0,9,-1.4271942,-3.5663228,0.34029964,-3.4663155,-4.163682,-0.32130286,-1.9012961,-3.1605444,5.060318,13.55328,-1.5054814,-0.5288869,-1.0386057,-2.0624197,-3.7946575,-0.056056265,-0.9389082,1.5351309,1.5068125,0.26674724,1
9.0,9,-1.4271926,-3.566325,0.34029245,-3.4663203,-4.163681,-0.32128716,-1.9012817,-3.1605346,5.06028,13.55329,-1.5054832,-0.52888626,-1.0386024,-2.0623977,-3.7946527,-0.056049716,-0.93892205,1.5351295,1.5067999,0.2667322,1
9.0,9,-1.4271923,-3.5663257,0.3402899,-3.466323,-4.16368,-0.3212808,-1.9012784,-3.1605332,5.060271,13.553293,-1.5054833,-0.5288851,-1.0385994,-2.0623922,-3.7946517,-0.056047052,-0.9389265,1.5351285,1.5067954,0.26672757,1
13.0,13,-2.7888064,0.96253616,-0.07997352,-2.191869,-3.678775,-2.1107578,-1.8917487,-0.017730933,1.8157064,0.46308964,-0.0595259,0.94058347,1.9316211,13.909135,-0.31981158,-2.657731,-2.4728978,-0.7959057,-0.14816767,-1.2004107,1
13.0,13,-2.7890031,0.96265495,-0.07927592,-2.1919124,-3.6786647,-2.1104548,-1.8921402,-0.017251197,1.8164129,0.46296847,-0.060294263,0.9400704,1.93122,13.908924,-0.31963816,-2.657951,-2.4728768,-0.79612255,-0.14807573,-1.2002774,1
13.0,13,-2.7891147,0.9627084,-0.079083726,-2.1919816,-3.678791,-2.1104715,-1.8923552,-0.016615074,1.8167245,0.4630897,-0.060615264,0.939689,1.9305302,13.908691,-0.31976593,-2.6581564,-2.4726324,-0.7958654,-0.14783058,-1.2000624,1
13.0,13,-2.7890751,0.9626815,-0.07911953,-2.1919339,-3.678767,-2.1104987,-1.8922818,-0.01681425,1.8166704,0.4630183,-0.060520686,0.9398075,1.9307927,13.908752,-0.31975785,-2.6580968,-2.4726815,-0.7959579,-0.14790535,-1.2001363,1
13.0,13,-2.7890341,0.9626576,-0.07919049,-2.1919098,-3.6787264,-2.1104915,-1.8922048,-0.01706009,1.8165643,0.46298444,-0.060397692,0.9399439,1.9310913,13.908842,-0.31971967,-2.658032,-2.4727821,-0.7960468,-0.14800256,-1.2002314,1
13.0,13,-2.7889926,0.96265054,-0.079242304,-2.1918766,-3.6786597,-2.1104903,-1.8921252,-0.017256457,1.8164442,0.46290576,-0.060306884,0.9400911,1.9312131,13.9088955,-0.31965178,-2.6579254,-2.4728343,-0.79616755,-0.14807096,-1.200265,1
17.0,16,-0.0062124236,-2.2911015,1.1408259,3.024597,-2.513073,-4.4488916,-2.0326238,-3.9835722,0.5682307,-1.2420652,0.26034087,5.268414,-0.42725152,-2.2820842,-3.079801,-2.1251266,13.389458,2.0119863,-1.4367192,-1.2246757,0
17.0,16,-0.008320491,-2.2910213,1.1412059,3.025951,-2.5130086,-4.447197,-2.0319395,-3.982153,0.56911105,-1.2422915,0.25794294,5.269547,-0.42630878,-2.2832906,-3.0814445,-2.1259074,13.38901,2.0127518,-1.4347054,-1.2251558,0
17.0,16,-0.010645208,-2.290838,1.1411699,3.0258489,-2.5111406,-4.445524,-2.0316396,-3.9815536,0.5698914,-1.2432494,0.25744018,5.2689767,-0.42669445,-2.2846115,-3.0820374,-2.1260462,13.389748,2.0147526,-1.4332472,-1.2250581,0
17.0,16,-0.010690116,-2.290837,1.1411325,3.0259604,-2.5112119,-4.4455237,-2.0316894,-3.981579,0.56987303,-1.2432166,0.25737354,5.269261,-0.4266754,-2.2845771,-3.0820835,-2.1260703,13.389667,2.0147603,-1.4332024,-1.2251045,0
17.0,16,-0.010253145,-2.29081,1.1411703,3.02599,-2.5114515,-4.446168,-2.0319507,-3.9819064,0.569658,-1.2433167,0.2584028,5.2696414,-0.42676756,-2.2842996,-3.0820336,-2.126221,13.389713,2.0147345,-1.4336041,-1.2251154,0
17.0,16,-0.009696026,-2.2907782,1.1412106,3.0258389,-2.511568,-4.4468865,-2.0322192,-3.982308,0.5694116,-1.2434607,0.25965115,5.269703,-0.4269775,-2.2839835,-3.081838,-2.1262972,13.389877,2.0146956,-1.4341515,-1.2250552,0
1.0,1,2.7902796,7.6288004,0.22431134,-1.8211929,-1.0382109,-0.13881171,-4.4856663,-0.69548064,-0.09588337,1.475151,-1.866465,-0.7879145,-5.0792446,-3.3921008,4.231592,6.9565673,-4.15356,-3.5420384,-1.4499815,2.7843018,1
1.0,1,2.7705019,7.6163898,0.22034153,-1.8217745,-1.0338329,-0.13052143,-4.483308,-0.693941,-0.096140176,1.4755303,-1.8650328,-0.7904278,-5.08243,-3.3946471,4.240394,6.971887,-4.1537194,-3.5402627,-1.4520317,2.7887607,1
1.0,1,2.7551198,7.607771,0.2173637,-1.8238903,-1.0274965,-0.12118579,-4.4824753,-0.6947943,-0.09528603,1.4764317,-1.8658469,-0.79266995,-5.0866995,-3.3987665,4.245759,6.9844656,-4.1532483,-3.5372286,-1.4513731,2.7930114,1
1.0,1,2.7565157,7.608617,0.21764106,-1.8239205,-1.0276519,-0.12160134,-4.482628,-0.6948768,-0.09533022,1.4764277,-1.8659784,-0.79248405,-5.086645,-3.3987534,4.245001,6.983384,-4.153208,-3.5373063,-1.4510493,2.7928674,1
1.0,1,2.7577271,7.608981,0.21782689,-1.8233628,-1.0288562,-0.122989036,-4.4824147,-0.69427085,-0.09570329,1.4762285,-1.8654308,-0.7922161,-5.085909,-3.3979378,4.2449036,6.982243,-4.153398,-3.5379593,-1.4516132,2.7923741,1
1.0,1,2.758065,7.608788,0.21778828,-1.822643,-1.0303265,-0.12440722,-4.4821186,-0.6937617,-0.095933884,1.4760623,-1.8647635,-0.7919652,-5.0848627,-3.396777,4.245561,6.981955,-4.1536665,-3.538641,-1.4528278,2.791427,1
2.0,2,-0.30109215,0.84400916,13.050656,-0.08324199,1.6144396,-2.7944865,0.5127361,-2.1299653,2.0630736,-0.9666324,0.007225401,-1.5892832,1.9873052,-0.71794146,-0.6899757,-1.3581816,0.8135244,-2.5584266,-3.3301466,-0.105871886,1
2.0,2,-0.30109477,0.844007,13.050664,-0.08322868,1.614415,-2.79449,0.51273644,-2.129961,2.0630553,-0.9666285,0.007223523,-1.5892797,1.9873037,-0.7179177,-0.6899739,-1.3581849,0.81352735,-2.5584314,-3.3301528,-0.10587074,1
2.0,2,-0.3010954,0.8440063,13.050664,-0.08323279,1.6144195,-2.7944899,0.51273674,-2.129961,2.0630505,-0.9666255,0.0072225546,-1.5892804,1.9873018,-0.71791756,-0.68997216,-1.3581836,0.8135254,-2.5584292,-3.330154,-0.10586962,1
2.0,2,-0.3010951,0.84400666,13.050665,-0.08323155,1.6144177,-2.79449,0.5127366,-2.1299613,2.0630522,-0.9666266,0.007223106,-1.5892801,1.9873023,-0.71791697,-0.6899725,-1.3581839,0.8135256,-2.5584302,-3.3301542,-0.105869755,1
2.0,2,-0.3010952,0.84400654,13.050665,-0.083231285,1.614417,-2.7944908,0.512736,-2.1299613,2.063054,-0.9666272,0.007222972,-1.5892798,1.9873033,-0.7179176,-0.68997294,-1.3581841,0.8135257,-2.5584307,-3.3301537,-0.10587068,1
2.0,2,-0.30109584,0.84400547,13.050666,-0.08323604,1.6144215,-2.7944877,0.5127372,-2.129961,2.0630493,-0.9666229,0.007222361,-1.5892814,1.9873018,-0.7179157,-0.6899713,-1.3581828,0.8135234,-2.5584288,-3.3301547,-0.10586935,1
10.0,10,-1.0166441,-2.5686882,0.8026775,0.62677807,-0.55147576,-4.805417,1.6459295,0.037901048,-1.090911,-1.2888327,12.427534,6.554594,-2.6679895,-1.8904778,-3.2227933,-1.2080659,0.9477353,2.7861338,-1.5495373,-0.573067,1
10.0,10,-1.0158857,-2.5680218,0.8047262,0.62268955,-0.5495395,-4.8064775,1.6462225,0.03547656,-1.0884697,-1.2887998,12.430449,6.547149,-2.674024,-1.8930295,-3.2216833,-1.2025622,0.9478773,2.7847798,-1.5500512,-0.56834286,1
10.0,10,-1.0156811,-2.5679996,0.8050925,0.6224077,-0.5494463,-4.8066387,1.6463931,0.03505947,-1.0880389,-1.2887526,12.430677,6.546382,-2.6742892,-1.8932693,-3.2215412,-1.2019465,0.9477455,2.7842307,-1.5502298,-0.5681248,1
10.0,10,-1.0156987,-2.5680923,0.8050223,0.62255895,-0.54953146,-4.8065734,1.646546,0.03527974,-1.0881217,-1.2887483,12.430619,6.546508,-2.6739745,-1.8931943,-3.2216215,-1.2021806,0.9477164,2.7842026,-1.5502613,-0.56834644,1
10.0,10,-1.015713,-2.5680804,0.8050458,0.6223896,-0.5494256,-4.8065863,1.6465948,0.035295118,-1.0880904,-1.2887589,12.430777,6.546177,-2.6742823,-1.8932686,-3.2215986,-1.2019928,0.94774693,2.7842138,-1.5503016,-0.5681401,1
10.0,10,-1.0157377,-2.5680702,0.80502874,0.6222447,-0.5493366,-4.8065877,1.6466379,0.035338234,-1.0880996,-1.2887696,12.4309635,6.5458922,-2.6745605,-1.8932972,-3.221583,-1.2018481,0.94779617,2.7842689,-1.5503734,-0.56800354,1
5.0,5,-1.4228373,0.2657177,-2.0644593,-2.2078822,4.65842,13.432259,0.5622153,-0.9130516,-2.1760402,0.7050642,-5.3706965,-1.1310314,0.3662412,-1.8693291,3.2719405,3.0030947,-4.6529975,-1.2880224,-0.45687386,-2.067834,1
5.0,5,-1.4311714,0.25235775,-2.065373,-2.2067034,4.6588254,13.427419,0.5603432,-0.913449,-2.1819868,0.69941914,-5.3613663,-1.1390355,0.3637814,-1.8749611,3.3006036,3.0123136,-4.654089,-1.2863933,-0.46637183,-2.058124,1
5.0,5,-1.4349958,0.2485486,-2.065994,-2.2044232,4.65929,13.425057,0.5578472,-0.9140933,-2.1825793,0.6935916,-5.357713,-1.1403275,0.3643047,-1.8753643,3.314653,3.0154247,-4.655285,-1.2896448,-0.47059125,-2.0538902,1
5.0,5,-1.4338602,0.2504937,-2.0659072,-2.2048101,4.6588426,13.42588,0.55840945,-0.91375947,-2.1820135,0.69455314,-5.3587213,-1.1396407,0.364349,-1.8745923,3.3101187,3.0142007,-4.6551046,-1.2891761,-0.46925864,-2.0552523,1
5.0,5,-1.4329702,0.25151622,-2.0657547,-2.2053084,4.6586175,13.426426,0.55894965,-0.91357404,-2.1818352,0.6957872,-5.35952,-1.1393639,0.3642219,-1.8744076,3.306866,3.0134416,-4.6548586,-1.288429,-0.46832308,-2.0562189,1
5.0,5,-1.4319025,0.25141135,-2.0655572,-2.2062294,4.6592393,13.427007,0.55994093,-0.9136234,-2.182147,0.6983851,-5.3607626,-1.1390791,0.36399487,-1.8751258,3.3032207,3.0129218,-4.654274,-1.2871662,-0.46705398,-2.0574367,1
0.0,0,12.431073,2.0089488,-0.01851333,-1.9375252,-2.208332,-1.7074256,3.7092965,-1.3953286,-2.6082737,0.86868197,-1.4908211,-2.2604275,3.0352457,-1.9640355,-2.0381567,-1.7973051,-0.89871264,-1.9377139,-1.5310688,-3.2220192,1
0.0,0,12.429413,2.005611,-0.020101242,-1.9363073,-2.2041643,-1.7066288,3.7163186,-1.3902117,-2.612844,0.86739504,-1.4898835,-2.2614264,3.0355427,-1.9650458,-2.040376,-1.7988231,-0.89664775,-1.936387,-1.5302587,-3.2225063,1
0.0,0,12.431228,2.0093818,-0.01935665,-1.9373786,-2.2033944,-1.705902,3.7123528,-1.3924733,-2.6105535,0.8674097,-1.4915328,-2.2621448,3.034888,-1.9661096,-2.040063,-1.7987179,-0.8973128,-1.9362134,-1.5294367,-3.2215621,1
0.0,0,12.431053,2.0090218,-0.019209411,-1.9371865,-2.2039945,-1.706453,3.7123425,-1.3922918,-2.6109192,0.8673918,-1.4911215,-2.261829,3.0351853,-1.9655731,-2.0398624,-1.7989956,-0.89718884,-1.9361547,-1.5296149,-3.2216556,1
0.0,0,12.430506,2.0078871,-0.019404545,-1.9368571,-2.2043095,-1.7067282,3.713465,-1.3916515,-2.6115918,0.86739063,-1.4905972,-2.261579,3.0354147,-1.9651978,-2.039918,-1.7990398,-0.8969931,-1.9362135,-1.529888,-3.2219431,1
0.0,0,12.4299,2.0066094,-0.019908942,-1.9365221,-2.2038896,-1.7065943,3.7153237,-1.3906578,-2.6125135,0.8672856,-1.4901795,-2.2615318,3.0353556,-1.9652579,-2.04029,-1.7989326,-0.8966953,-1.9362339,-1.5300303,-3.2222366,1
12.0,12,3.9579852,-2.1631024,2.2204187,-1.8654397,-0.45001537,-1.44712,4.275389,-2.6821623,6.2533603,1.004915,0.9366781,-3.6986828,7.8046265,-3.6472776,-2.2517226,0.69115853,-2.3333595,-3.7219708,-2.7140071,-2.330207,1
12.0,12,3.9760458,-2.19641,2.1256728,-1.8619546,-0.41624582,-1.3852361,4.3988748,-2.6567395,6.1885657,1.016351,0.8977047,-3.6941097,7.775091,-3.6384714,-2.271967,0.72598153,-2.34238,-3.7150428,-2.7005415,-2.398048,1
12.0,12,3.9609277,-2.154922,2.1366918,-1.8935704,-0.43686017,-1.3958944,4.321745,-2.6655467,6.300395,1.0701427,0.84373355,-3.71333,7.7123046,-3.6835337,-2.271418,0.754089,-2.3688188,-3.721952,-2.6610339,-2.3394458,1
12.0,12,3.9594803,-2.1531157,2.141654,-1.8939338,-0.43870726,-1.3991677,4.3145275,-2.6670146,6.30478,1.0697832,0.8455991,-3.713576,7.7139263,-3.684079,-2.2702193,0.75224537,-2.368511,-3.7222815,-2.661365,-2.3356578,1
12.0,12,3.9633489,-2.1625566,2.1342967,-1.8880674,-0.432949,-1.3933377,4.335851,-2.6639946,6.2808046,1.0606457,0.852881,-3.7098856,7.723588,-3.6755168,-2.27159,0.7491683,-2.364237,-3.7207518,-2.667616,-2.3503823,1
12.0,12,3.969849,-2.178827,2.1186738,-1.8786519,-0.42242038,-1.3812295,4.3743515,-2.6582363,6.2400813,1.0466902,0.8626098,-3.7037349,7.737994,-3.6612484,-2.27435,0.74595225,-2.3580644,-3.7181225,-2.6771555,-2.3765821,1
18.0,18,-2.308921,-0.31836912,2.2374947,-2.0554042,1.4782376,0.30817077,-0.12815835,0.5298103,4.733469,-1.2977301,-1.6263567,-1.1569878,-2.5207973,-1.1455619,-2.011292,-1.2572486,-0.21564165,0.14806074,12.277969,6.2114835,1
18.0,18,-2.308964,-0.31827235,2.2387028,-2.0554118,1.4782444,0.30781725,-0.12801313,0.52978796,4.734015,-1.298014,-1.6261407,-1.1573356,-2.52053,-1.145567,-2.0113087,-1.2572801,-0.21571393,0.14736848,12.277314,6.211481,1
18.0,18,-2.3089921,-0.31824002,2.239124,-2.055427,1.4782647,0.30769077,-0.12797803,0.52974916,4.7342153,-1.2981086,-1.6260583,-1.1574575,-2.5204425,-1.1455668,-2.0112965,-1.2572744,-0.21575283,0.14713348,12.277083,6.211506,1
18.0,18,-2.3089888,-0.31824052,2.2390625,-2.0554302,1.478253,0.30770954,-0.12798744,0.5297552,4.7342167,-1.2980816,-1.6260666,-1.1574423,-2.5204544,-1.1455618,-2.0113025,-1.257276,-0.2157642,0.14715682,12.2771225,6.2114844,1
18.0,18,-2.3089821,-0.3182441,2.2389982,-2.055426,1.4782485,0.30773127,-0.12799022,0.52976364,4.7341833,-1.2980672,-1.6260803,-1.1574221,-2.5204659,-1.145562,-2.0113094,-1.2572803,-0.21575505,0.14719126,12.27716,6.211473,1
18.0,18,-2.3089802,-0.31824636,2.2389545,-2.0554266,1.4782411,0.30774328,-0.12799653,0.52976865,4.734176,-1.2980515,-1.6260866,-1.1574116,-2.5204747,-1.1455599,-2.011312,-1.2572814,-0.21575956,0.1472109,12.2771845,6.211467,1
0.0,1,10.186879,12.157056,1.7191056,-1.8052154,-1.534227,-1.1251723,-2.975424,-2.1104186,-1.078384,1.1185093,-2.1421587,-1.2397102,-1.7018614,-0.35603362,-0.724329,-1.6168499,-3.494229,-2.2761407,-1.564479,-0.5805219,0
0.0,1,10.104719,12.209037,1.7313819,-1.7919445,-1.5093588,-1.1149895,-3.015876,-2.0975428,-1.0489937,1.1032909,-2.1421752,-1.2244079,-1.7445489,-0.3399485,-0.7162435,-1.5974283,-3.504177,-2.2826223,-1.5537156,-0.54690915,0
0.0,1,10.0777645,12.224464,1.739499,-1.7878257,-1.5049723,-1.1102984,-3.028771,-2.0939603,-1.035926,1.1057404,-2.1441,-1.2265391,-1.7589018,-0.34017056,-0.7169634,-1.5934397,-3.5078151,-2.2833812,-1.550091,-0.5299576,0
0.0,1,10.091291,12.216924,1.7358599,-1.7894061,-1.5071187,-1.1125007,-3.0224814,-2.0959878,-1.0422168,1.1045499,-2.1434708,-1.2259752,-1.7514987,-0.3406855,-0.7168744,-1.5955113,-3.5061135,-2.2831886,-1.5517316,-0.53781897,0
0.0,1,10.101132,12.21132,1.7329128,-1.7908642,-1.5086713,-1.1142344,-3.0177903,-2.0973048,-1.0469986,1.103564,-2.142787,-1.2251477,-1.7462653,-0.34064108,-0.7166011,-1.5969334,-3.5047674,-2.2829347,-1.5530138,-0.5440118,0
0.0,1,10.101746,12.211041,1.7316822,-1.7912471,-1.5081272,-1.1147246,-3.0175018,-2.0971606,-1.0480714,1.1021862,-2.1421618,-1.2234195,-1.7461056,-0.339374,-0.7157456,-1.5964777,-3.504533,-2.2829742,-1.5531871,-0.5458946,0
6.0,6,-0.11902272,-4.619847,-2.4366212,-0.0013132766,1.9939474,-0.60362476,13.491324,8.246147,-3.0360382,-0.23857193,1.8304701,-3.4081788,-1.7490155,-1.7654532,-2.3622112,0.7582394,-0.8433011,-2.6063051,-1.8875903,-1.5362087,1
6.0,6,-0.12504975,-4.6128454,-2.4456127,-0.006326303,1.9955108,-0.58942425,13.484581,8.278875,-3.0295968,-0.22947575,1.7993852,-3.4246194,-1.7406615,-1.7666376,-2.3525953,0.7617233,-0.8673848,-2.6170676,-1.8837583,-1.521243,1
6.0,6,-0.083140574,-4.599129,-2.45777,-0.003999464,2.0005975,-0.5896904,13.490763,8.232678,-3.0148644,-0.21924154,1.7564784,-3.4318728,-1.6950289,-1.7714262,-2.3512642,0.77818465,-0.89380443,-2.63883,-1.8789345,-1.5252936,1
6.0,6,-0.07420415,-4.595801,-2.4596262,-0.003472127,2.0002193,-0.5919173,13.491935,8.2206335,-3.0119388,-0.21748681,1.7506291,-3.4323318,-1.6871238,-1.7712443,-2.3515983,0.781503,-0.8977136,-2.64278,-1.8790874,-1.5263189,1
6.0,6,-0.07118494,-4.595989,-2.4587474,-0.0031833798,1.9993718,-0.5950932,13.493227,8.21209,-3.0120068,-0.21821342,1.7548498,-3.42996,-1.686799,-1.7707711,-2.353253,0.78211635,-0.89497685,-2.6418886,-1.88002,-1.5286776,1
6.0,6,-0.0531912,-4.5975,-2.4541116,0.002799876,1.9979231,-0.60981107,13.500843,8.167215,-3.0149734,-0.2243547,1.7749707,-3.4152777,-1.683239,-1.769586,-2.3611207,0.7849005,-0.87915415,-2.6382482,-1.8850657,-1.5457512,1
10.0,10,-1.2145611,-2.2663271,0.16685489,0.94155765,-0.38708624,-4.5291367,1.1370926,-0.009404019,-1.0250878,-1.5912308,13.982729,4.184626,-2.6317508,0.08609534,-2.5067782,-0.49234945,1.115648,2.265814,-2.7784128,-1.093161,1
10.0,10,-1.2152927,-2.265478,0.16654153,0.9422456,-0.38720202,-4.529224,1.1370807,-0.009355371,-1.0260375,-1.5923275,13.982747,4.1841035,-2.6331484,0.09005858,-2.5065286,-0.49280483,1.1159457,2.2664926,-2.7777534,-1.0923629,1
10.0,10,-1.2153199,-2.2655525,0.16665803,0.9424107,-0.38701844,-4.5291777,1.1371199,-0.009358224,-1.0260136,-1.5923184,13.982783,4.183908,-2.6331818,0.08968702,-2.506564,-0.49276727,1.116091,2.2666457,-2.7777789,-1.09237,1
10.0,10,-1.2152877,-2.2655456,0.16659215,0.94242835,-0.38713926,-4.5292253,1.1370716,-0.009402976,-1.0260153,-1.5923138,13.98275,4.184129,-2.6331046,0.08980268,-2.506564,-0.4927929,1.1160375,2.2665286,-2.7777817,-1.0923914,1
10.0,10,-1.2152648,-2.2655234,0.16653459,0.94238293,-0.3872244,-4.529257,1.1370428,-0.009410159,-1.026022,-1.5923098,13.982732,4.1842585,-2.6330884,0.089905106,-2.5065572,-0.49280703,1.1159903,2.266458,-2.7777712,-1.092393,1
10.0,10,-1.2152854,-2.2654502,0.16644035,0.94232196,-0.3873532,-4.5292854,1.1369873,-0.009440632,-1.0260576,-1.5923406,13.982694,4.184424,-2.6330483,0.09030925,-2.506525,-0.4928404,1.1158643,2.2663562,-2.777753,-1.0923889,1
14.0,15,-3.3914628,-1.4996159,-3.6743479,-1.8049251,-0.1742873,4.038158,-1.5673689,-2.0105233,-1.0821693,1.4313078,-1.7181305,0.45171478,-2.3766239,0.6090108,6.3559046,12.069059,-3.0104864,-2.0115566,-3.119251,-1.1776388,0
14.0,15,-3.3875759,-1.5030274,-3.67139,-1.7997005,-0.18720546,4.0342364,-1.5595915,-2.006054,-1.0858568,1.4370118,-1.7188371,0.44989464,-2.3804033,0.596183,6.342151,12.073645,-3.0046933,-2.012732,-3.1151812,-1.1727335,0
14.0,15,-3.3867846,-1.5038571,-3.6705527,-1.7985578,-0.19103022,4.0324197,-1.5581788,-2.0053182,-1.0859232,1.4372009,-1.7192404,0.44840634,-2.3793197,0.59588456,6.3407555,12.074022,-3.0041344,-2.0138793,-3.1138885,-1.1711267,0
14.0,15,-3.3869822,-1.5035611,-3.6708324,-1.798772,-0.1896345,4.0327854,-1.5587496,-2.005606,-1.0861185,1.4368737,-1.7190423,0.44913507,-2.3797655,0.5959917,6.34161,12.073883,-3.0041606,-2.0135074,-3.1144695,-1.1716002,0
14.0,15,-3.3873124,-1.5032411,-3.671162,-1.7992417,-0.1881489,4.033496,-1.5593178,-2.005903,-1.0860469,1.4367701,-1.7188958,0.44966385,-2.3801117,0.5962124,6.342216,12.073715,-3.0044284,-2.0130842,-3.1149611,-1.1722251,0
14.0,15,-3.3874066,-1.5031885,-3.6712341,-1.7994262,-0.18819873,4.033869,-1.5593315,-2.0058863,-1.0858299,1.4370997,-1.7188933,0.44961625,-2.3801937,0.5961188,6.3417854,12.073672,-3.0045638,-2.0129292,-3.11486,-1.1723951,0
13.0,16,-0.8058053,-4.218701,-0.027314335,-0.58409923,5.0177217,-1.5163486,5.330001,-0.23811547,-1.0281845,-2.4987152,-0.91144466,-1.8908689,-2.6051579,-4.5253806,-1.7502676,2.2691114,10.574116,0.103252485,-1.7061266,-0.30845958,0
13.0,16,-0.82261074,-4.222604,-0.028342009,-0.57099104,4.9849515,-1.5256194,5.3158345,-0.23996522,-1.0191287,-2.4881022,-0.9129357,-1.8714561,-2.6150525,-4.5248523,-1.7580183,2.2815633,10.590888,0.099302515,-1.704441,-0.3003393,0
13.0,16,-0.82475704,-4.2375855,-0.040407583,-0.57681435,5.0186925,-1.5158774,5.359021,-0.21969451,-1.034409,-2.4887266,-0.90599686,-1.8838981,-2.6206825,-4.5293045,-1.7588452,2.2951617,10.56028,0.08658074,-1.7066063,-0.30285162,0
13.0,16,-0.82262653,-4.2309084,-0.035301372,-0.5742394,5.003685,-1.5208931,5.3400645,-0.22932346,-1.0278634,-2.4883015,-0.9093363,-1.8777901,-2.6176343,-4.527046,-1.7588909,2.2882519,10.573927,0.092126265,-1.7052891,-0.30193388,0
13.0,16,-0.82170016,-4.225871,-0.031271383,-0.57244813,4.9928546,-1.5240419,5.325824,-0.23610036,-1.0228698,-2.488196,-0.9116601,-1.8738409,-2.6156147,-4.525561,-1.7585279,2.2835824,10.583905,0.096379265,-1.7045771,-0.30118924,0
13.0,16,-0.82416373,-4.224136,-0.029370159,-0.5694816,4.9818516,-1.5267165,5.317937,-0.23800288,-1.0193325,-2.4866362,-0.91218406,-1.8705533,-2.6166837,-4.5249877,-1.7596761,2.2832386,10.59115,0.09798722,-1.7041588,-0.29946092,0
14.0,14,-2.1472952,-2.3718529,-0.8188105,0.6866207,1.0167881,1.4143376,-2.8457963,-1.1827962,-1.1196069,-1.7468115,-0.6742144,-1.938527,1.2988423,-2.3077314,12.350365,4.6502438,-1.3309342,0.3796283,-3.3801,0.5655543,1
14.0,14,-2.141732,-2.3557377,-0.8107318,0.7234007,0.9491221,1.3416884,-2.8586268,-1.1847821,-1.119378,-1.7727567,-0.6578012,-1.9223666,1.2935221,-2.2667975,12.358977,4.661417,-1.3001484,0.36159,-3.393638,0.57386434,1
14.0,14,-2.143854,-2.3532567,-0.8206431,0.7267319,0.93020976,1.3365655,-2.8535542,-1.1776344,-1.1254237,-1.7715151,-0.6541567,-1.9220511,1.2780063,-2.257371,12.364115,4.6834803,-1.3024945,0.34337616,-3.3989587,0.5758474,1
14.0,14,-2.1438932,-2.3538709,-0.8184258,0.7244712,0.93582475,1.3393815,-2.85505,-1.1796776,-1.1245323,-1.7723716,-0.65436023,-1.9217254,1.2813798,-2.2586303,12.363506,4.6766315,-1.3022714,0.3491341,-3.3969612,0.575134,1
14.0,14,-2.1434145,-2.3543165,-0.8160085,0.7239404,0.9396825,1.3400896,-2.856345,-1.1813979,-1.1231787,-1.7729268,-0.65501356,-1.9216278,1.2848996,-2.2603984,12.36242,4.6714673,-1.301448,0.35334343,-3.3957834,0.5747223,1
14.0,14,-2.1418178,-2.3550706,-0.812899,0.7248833,0.94419783,1.3394295,-2.857499,-1.1831809,-1.1204438,-1.7722974,-0.65723103,-1.9223636,1.2903643,-2.2649028,12.359899,4.6669364,-1.3004152,0.35683784,-3.3951552,0.57436544,1
8.0,8,-1.6610036,-0.39311734,0.5923067,-2.534197,-1.0828364,-0.26368928,-3.2768917,-3.2614045,12.417156,3.615552,-1.3243896,0.38967702,1.9882665,-0.6603775,-2.6316977,-2.126859,-1.0276154,-0.4880142,7.621227,-2.5185454,1
8.0,8,-1.6610061,-0.3931269,0.5924314,-2.5342035,-1.082842,-0.2637744,-3.2769098,-3.2614481,12.417296,3.6155496,-1.3243352,0.38959202,1.9883673,-0.66041076,-2.6316812,-2.126845,-1.0276016,-0.488101,7.6209645,-2.5185826,1
8.0,8,-1.6610093,-0.39312506,0.59244156,-2.5342069,-1.082836,-0.26377794,-3.2769117,-3.2614496,12.417308,3.615547,-1.3243293,0.38958207,1.9883616,-0.6604161,-2.631678,-2.1268392,-1.0275985,-0.4881044,7.620947,-2.5185802,1
8.0,8,-1.6610084,-0.39312556,0.5924372,-2.5342066,-1.0828379,-0.26377612,-3.2769115,-3.2614477,12.417304,3.6155467,-1.3243315,0.38958505,1.9883615,-0.6604141,-2.6316795,-2.1268415,-1.0275997,-0.4881025,7.6209564,-2.5185792,1
8.0,8,-1.6610075,-0.39312583,0.59243095,-2.5342054,-1.0828388,-0.26377267,-3.2769096,-3.2614455,12.417298,3.6155486,-1.3243349,0.3895903,1.988359,-0.6604119,-2.6316803,-2.1268435,-1.0276004,-0.48809868,7.62097,-2.5185788,1
8.0,8,-1.661011,-0.393125,0.59245676,-2.5342138,-1.0828365,-0.26379114,-3.2769134,-3.2614465,12.417323,3.6155457,-1.3243208,0.3895637,1.9883606,-0.66042024,-2.6316774,-2.1268399,-1.0275942,-0.4881119,7.620922,-2.5185754,1
3.0,3,1.1215519,0.08631429,1.3462088,14.4396925,-1.7977966,-2.5390754,0.74128735,-0.29906294,-2.5742283,-1.9127016,-0.5088631,4.5397744,-0.1899878,-1.6076182,-2.9301863,-2.8743737,4.5324655,-1.229678,-1.2731022,-0.15073285,1
3.0,3,1.1215471,0.087080315,1.3533072,14.438356,-1.7964373,-2.5402224,0.74124336,-0.3021672,-2.5738885,-1.9143624,-0.5088466,4.540134,-0.18943028,-1.6063532,-2.9296563,-2.8755941,4.535088,-1.2306732,-1.2746708,-0.15124536,1
3.0,3,1.12111,0.086348906,1.3508036,14.43897,-1.7970942,-2.540125,0.74073935,-0.30227748,-2.5740273,-1.9140116,-0.50879097,4.5418744,-0.18909067,-1.6056595,-2.9291687,-2.8752162,4.534306,-1.230284,-1.2740744,-0.15128128,1
3.0,3,1.1211652,0.08651903,1.3517497,14.438808,-1.7970675,-2.5402954,0.74078923,-0.30241606,-2.574044,-1.914081,-0.5087486,4.541671,-0.1891115,-1.6055249,-2.929237,-2.8754392,4.534528,-1.2303635,-1.2742913,-0.15132962,1
3.0,3,1.1212995,0.086817965,1.3527602,14.438608,-1.7968894,-2.5403895,0.74086934,-0.3025459,-2.574009,-1.9142131,-0.5087616,4.5413194,-0.18918869,-1.605573,-2.9293406,-2.8755891,4.5347486,-1.2305273,-1.2745306,-0.15136215,1
3.0,3,1.1214527,0.08737375,1.3542103,14.438413,-1.796675,-2.5405622,0.7407572,-0.3030252,-2.573992,-1.9144378,-0.50878465,4.5413837,-0.18925677,-1.6053416,-2.929312,-2.8757234,4.534803,-1.2308228,-1.2748798,-0.151458,1
3.0,3,1.6380371,1.439506,4.0017223,12.102827,-1.7215328,-3.58488,-1.7799655,-2.8271852,-1.4994923,-3.4101171,0.095909365,7.778329,0.9547204,1.7235751,-0.664672,-3.1019976,1.9543939,-1.8832934,-1.8184617,-1.0408713,1
3.0,3,1.6365898,1.4395058,4.0050783,12.099314,-1.721909,-3.5858097,-1.7811803,-2.8286316,-1.4979929,-3.4110203,0.09654972,7.7787714,0.95557564,1.7270876,-0.66281164,-3.1023302,1.9537237,-1.8841399,-1.8190576,-1.0406586,1
3.0,3,1.636612,1.4396167,4.0053663,12.099194,-1.7218801,-3.5858731,-1.7812166,-2.8286216,-1.4978935,-3.4110904,0.096594796,7.7786603,0.9555375,1.7270025,-0.66273683,-3.1023428,1.953704,-1.8842064,-1.8191354,-1.0406525,1
3.0,3,1.6366097,1.4395636,4.005212,12.0992775,-1.7218864,-3.5858376,-1.7811888,-2.828612,-1.4979459,-3.4110532,0.09657006,7.7787013,0.95555,1.7270118,-0.6627833,-3.1023352,1.9537172,-1.8841711,-1.8190967,-1.040657,1
3.0,3,1.63662,1.439502,4.0050025,12.099354,-1.7219131,-3.5857887,-1.7811654,-2.8286314,-1.4980258,-3.4109952,0.096529186,7.778793,0.9555721,1.7270709,-0.66285264,-3.102327,1.953728,-1.8841233,-1.8190341,-1.0406665,1
3.0,3,1.636537,1.4393743,4.0048094,12.099392,-1.7219417,-3.5857534,-1.7811528,-2.8286655,-1.4980778,-3.4109564,0.09650879,7.7788935,0.9556422,1.727252,-0.66287243,-3.1023264,1.9537308,-1.8840803,-1.818978,-1.0406642,1
18.0,18,-1.1879019,-0.91935354,-3.7231007,-0.6321331,0.27790228,1.8141505,-0.044228397,2.0964675,-0.28429756,-0.08299932,-2.0304313,2.0690496,-2.095272,-0.4242251,-2.3200676,-2.0652142,0.20748045,3.2483165,12.720486,4.181796,1
18.0,18,-1.1870235,-0.91711324,-3.7233536,-0.63059026,0.27414265,1.812917,-0.045542188,2.0951302,-0.2796854,-0.08010502,-2.0296588,2.0724142,-2.0934744,-0.42060173,-2.3198178,-2.066849,0.20025013,3.2433023,12.722729,4.178666,1
18.0,18,-1.1870428,-0.91607535,-3.722295,-0.6303643,0.2732646,1.812896,-0.047400244,2.0911963,-0.2758027,-0.078281015,-2.030311,2.0735738,-2.0943367,-0.4207751,-2.3194892,-2.0651839,0.19706646,3.240116,12.725254,4.1801004,1
18.0,18,-1.1870178,-0.9161777,-3.7223787,-0.63035345,0.27324143,1.8128958,-0.047330678,2.0911222,-0.27592432,-0.07826088,-2.030282,2.0736532,-2.0943418,-0.42083147,-2.3195724,-2.0651748,0.1973539,3.2402275,12.725205,4.180013,1
18.0,18,-1.1870024,-0.91634923,-3.7225564,-0.6303505,0.27325335,1.8130156,-0.047044024,2.091427,-0.27631477,-0.07833344,-2.0302997,2.0735903,-2.094276,-0.42082646,-2.3196666,-2.065246,0.19775747,3.2404509,12.724978,4.1797385,1
18.0,18,-1.186954,-0.91663325,-3.7228281,-0.63035935,0.2733109,1.8130264,-0.046699956,2.0918047,-0.27697232,-0.078511134,-2.0301776,2.0735762,-2.094162,-0.42088434,-2.3198385,-2.0654426,0.19857219,3.241003,12.724591,4.1793933,1
17.0,17,-0.9643225,-1.6138968,-0.8880562,-3.2343688,2.0200684,-0.6983793,-3.0880945,-1.5116875,-2.5364223,1.2990648,4.4532747,-0.23568602,-2.5376797,-2.7944086,-0.5276854,-1.836372,5.4718823,13.791468,1.0185472,-0.7632722,1
17.0,17,-0.9539771,-1.6371206,-1.0433861,-3.1577644,1.9392002,-0.7067146,-3.0743365,-1.4874998,-2.5207846,1.2618041,4.4079123,-0.2630372,-2.512507,-2.754582,-0.5273379,-1.864389,5.571362,13.826359,1.0715612,-0.7934101,1
17.0,17,-0.9488857,-1.6453314,-1.0904614,-3.143496,1.9181846,-0.70491135,-3.0701034,-1.4807985,-2.5157738,1.2551093,4.3922114,-0.26850662,-2.5062811,-2.7585366,-0.5267518,-1.8622999,5.597763,13.83614,1.0839348,-0.803527,1
17.0,17,-0.9495503,-1.6444604,-1.0893644,-3.1485982,1.920418,-0.70139635,-3.0681057,-1.4794858,-2.5183837,1.2589607,4.3972206,-0.26722273,-2.5092194,-2.7560072,-0.5293229,-1.8622713,5.589245,13.836096,1.0838344,-0.803473,1
17.0,17,-0.95064646,-1.6434059,-1.0841151,-3.1482399,1.9219059,-0.702569,-3.0685234,-1.4800069,-2.5191963,1.2589201,4.399761,-0.26661494,-2.5099456,-2.7524328,-0.5296548,-1.864488,5.5869637,13.835097,1.0829895,-0.8021337,1
17.0,17,-0.95321053,-1.6411214,-1.0705466,-3.1414695,1.9218526,-0.7107352,-3.0730805,-1.4829493,-2.5184884,1.255119,4.4023695,-0.26461664,-2.5091052,-2.7453647,-0.5281732,-1.8706453,5.5897985,13.832782,1.0804613,-0.79761946,1
13.0,13,-2.547682,1.157986,-0.35028806,-2.4958298,-3.6292992,-2.406035,-1.5812155,-0.19848539,1.1724465,1.26362,0.07818824,1.5455729,0.82184416,13.61063,-0.7177546,-2.2581956,-2.1808393,-0.9266063,0.20416293,-0.82327163,1
13.0,13,-2.5481207,1.1590282,-0.34922364,-2.4979787,-3.627692,-2.4031482,-1.5814264,-0.19653955,1.1719468,1.2654933,0.0764985,1.5411423,0.82221437,13.611684,-0.7163179,-2.2588449,-2.1843877,-0.92559814,0.20346576,-0.8240231,1
13.0,13,-2.5484705,1.159248,-0.34895226,-2.498997,-3.6266208,-2.401681,-1.5812734,-0.19588098,1.171302,1.2660278,0.076083,1.5392182,0.8227521,13.612321,-0.7154313,-2.2589033,-2.1862166,-0.92515814,0.20287684,-0.8244699,1
13.0,13,-2.5483823,1.1591576,-0.349036,-2.498728,-3.6269243,-2.4021199,-1.5813366,-0.19621398,1.171488,1.2659428,0.07625283,1.539837,0.82268894,13.612152,-0.7157157,-2.258849,-2.1856945,-0.9252746,0.20302251,-0.8243965,1
13.0,13,-2.5482514,1.1590848,-0.34914038,-2.4983766,-3.6272848,-2.402623,-1.5813552,-0.19644924,1.1716974,1.265764,0.07640058,1.5405027,0.8225239,13.611938,-0.7160438,-2.2588196,-2.185072,-0.92543757,0.2032249,-0.8242514,1
13.0,13,-2.5482116,1.1589712,-0.34917256,-2.4980855,-3.627635,-2.4030695,-1.5815406,-0.19663681,1.1719418,1.2655997,0.076518014,1.5410666,0.822331,13.61174,-0.7162034,-2.2588303,-2.1845052,-0.9255185,0.20337957,-0.8241026,1
4.0,13,-2.8645964,0.40966216,-3.165956,-3.0041416,0.33798704,7.874608,-1.9030988,-1.4792571,-1.4148147,-0.28579134,-3.1147695,0.019622277,5.064304,9.754206,2.8774385,-1.1820178,-5.1288824,2.2373345,0.52914524,-2.729059,0
4.0,13,-2.8656561,0.39788374,-3.1589143,-3.0036964,0.33405158,7.8257346,-1.916636,-1.4973116,-1.4120966,-0.29933572,-3.0889623,0.026859682,5.106737,9.769702,2.8857005,-1.1905289,-5.1166263,2.2644691,0.51259166,-2.7311075,0
4.0,13,-2.8655922,0.39670855,-3.158248,-3.0047398,0.33489248,7.8205767,-1.9194974,-1.5006446,-1.4116201,-0.3000192,-3.086128,0.02738278,5.112383,9.767647,2.8858197,-1.1924111,-5.1131725,2.2744825,0.5120317,-2.7322922,0
4.0,13,-2.865476,0.39675954,-3.158407,-3.0044372,0.33439496,7.8210273,-1.9189565,-1.5003536,-1.4116502,-0.2999509,-3.0863712,0.027499765,5.1123166,9.767771,2.88535,-1.1922873,-5.1133056,2.2734518,0.5120768,-2.7323983,0
4.0,13,-2.8654854,0.39711097,-3.1586359,-3.0039592,0.3339155,7.822669,-1.9178206,-1.4991444,-1.4118186,-0.29980683,-3.087273,0.027393479,5.110453,9.768847,2.8853302,-1.1915543,-5.1146646,2.269371,0.5121314,-2.7319496,0
4.0,13,-2.8656316,0.3968262,-3.1582565,-3.003533,0.3330906,7.8207703,-1.9176924,-1.499157,-1.4116559,-0.30052155,-3.0864508,0.027636336,5.111367,9.770903,2.8856752,-1.1915848,-5.11493,2.267783,0.5112391,-2.7316406,0
7.0,7,-3.1798685,-2.698742,0.0773402,0.55404264,2.2965608,-3.4014595,4.7493696,11.183447,0.2664198,-3.3845963,4.1090727,-3.2581663,-2.4241574,-1.4229008,-0.7204359,-2.5077264,1.9895228,-0.38985515,-1.9562228,0.76526594,1
7.0,7,-3.184711,-2.6710806,0.06264834,0.5399681,2.3134665,-3.3577209,4.7169127,11.210029,0.25840357,-3.379433,4.0403523,-3.2721229,-2.3969517,-1.3627594,-0.6996268,-2.5365481,1.9611417,-0.3748275,-1.9424912,0.7526397,1
7.0,7,-3.1698477,-2.569355,0.060208663,0.51779974,2.3215253,-3.2030637,4.6955523,11.335871,0.251824,-3.3536284,3.817655,-3.3288534,-2.326487,-1.2186941,-0.6354049,-2.5713964,1.7354352,-0.46665856,-1.9124068,0.72456557,1
7.0,7,-3.1684642,-2.5657053,0.060971193,0.5169254,2.3217509,-3.1974466,4.697523,11.341067,0.25169018,-3.3526669,3.8099868,-3.3313913,-2.324485,-1.2149875,-0.633463,-2.5711987,1.72437,-0.4727043,-1.9116099,0.72383666,1
7.0,7,-3.173552,-2.583239,0.057012916,0.51774186,2.326277,-3.2235556,4.6949153,11.317325,0.25123957,-3.357802,3.8451939,-3.3217862,-2.333338,-1.231528,-0.6432207,-2.5707417,1.7705045,-0.4466351,-1.9151417,0.72682244,1
7.0,7,-3.1794426,-2.5961015,0.051856775,0.5183126,2.3282897,-3.2451499,4.685538,11.296575,0.25138515,-3.3618872,3.8726482,-3.312584,-2.3380342,-1.2376758,-0.64956033,-2.5742977,1.8103955,-0.4204012,-1.9168472,0.7287886,1
16.0,16,-1.7241138,-3.5490649,0.4233542,0.62518215,2.6632137,-1.8038565,3.7686768,3.2098064,-0.99430245,-2.7996926,-1.1701369,-2.3395236,-3.4475896,-4.8516126,-1.6138732,0.61525524,11.596856,1.3038977,-1.4690953,0.35917407,1
16.0,16,-1.7252758,-3.5510654,0.42187232,0.62989354,2.6538084,-1.8071048,3.7749984,3.2174387,-0.99501497,-2.7971733,-1.1681496,-2.339797,-3.4504268,-4.852301,-1.6184813,0.6160437,11.596357,1.2992508,-1.467326,0.36224085,1
16.0,16,-1.7252917,-3.5518181,0.42167914,0.6302067,2.654962,-1.8068316,3.7780676,3.2187483,-0.99546474,-2.797079,-1.1679819,-2.340858,-3.4508445,-4.8526845,-1.6189343,0.61719316,11.594978,1.296753,-1.4673815,0.36263487,1
16.0,16,-1.7252148,-3.5514574,0.42178485,0.63023156,2.654127,-1.8071103,3.7766364,3.2179914,-0.99513656,-2.7970362,-1.1680456,-2.340228,-3.4506295,-4.852501,-1.6188618,0.6166584,11.595737,1.297736,-1.4672477,0.36250657,1
16.0,16,-1.7252241,-3.5512888,0.42182824,0.6301737,2.6538005,-1.8071892,3.7759266,3.2177095,-0.9950296,-2.7970462,-1.168076,-2.3399694,-3.4505477,-4.852411,-1.6187704,0.616393,11.596069,1.2983178,-1.4672366,0.36242375,1
16.0,16,-1.7254875,-3.5513973,0.4217507,0.6302399,2.65331,-1.8072244,3.7760985,3.2183516,-0.9951772,-2.7969713,-1.1679547,-2.3400204,-3.4507973,-4.8524117,-1.6188478,0.6164282,11.596007,1.298441,-1.4673452,0.36252248,1
14.0,14,-1.8464783,-1.4256293,-1.9941539,-0.20203748,-0.5769585,0.26327538,-1.2545966,0.16142197,-2.4848049,-2.1156635,-0.7176932,-0.9501134,-0.96771187,-0.4663059,11.6693535,8.96237,-2.4302595,-2.5416546,-3.6872854,0.037745375,1
14.0,14,-1.8445789,-1.4287599,-1.9900807,-0.20381261,-0.5771757,0.25540325,-1.2541234,0.15134077,-2.4813275,-2.114316,-0.71486247,-0.9472598,-0.97053725,-0.4725376,11.664847,8.969435,-2.4250095,-2.5427384,-3.687182,0.041579124,1
14.0,14,-1.8446249,-1.4284346,-1.990564,-0.20389937,-0.577016,0.25588864,-1.2538177,0.15250365,-2.4818456,-2.1141827,-0.7155034,-0.94729054,-0.9708567,-0.47231466,11.664564,8.969801,-2.4254682,-2.5430543,-3.686937,0.04138196,1
14.0,14,-1.8446978,-1.4283584,-1.9906023,-0.20379002,-0.5770991,0.25607613,-1.2539693,0.15263031,-2.4818416,-2.1142843,-0.71545553,-0.94739944,-0.9706093,-0.47204074,11.664853,8.969346,-2.4255724,-2.542909,-3.6870055,0.041265253,1
14.0,14,-1.8446807,-1.4284356,-1.9904852,-0.20375636,-0.5771473,0.25595835,-1.2540327,0.15235396,-2.4817138,-2.1143155,-0.7152992,-0.9474006,-0.97051847,-0.47209397,11.664921,8.969243,-2.425464,-2.5428355,-3.6870663,0.041303534,1
14.0,14,-1.8446428,-1.428525,-1.9904201,-0.20375052,-0.57712334,0.2558561,-1.2539923,0.15214328,-2.4816506,-2.1143188,-0.7152127,-0.9473842,-0.970528,-0.47223017,11.664895,8.969305,-2.425372,-2.542831,-3.6870964,0.04135331,1
7.0,7,-3.9862232,-1.0764902,-0.9247714,0.6411556,-0.24394675,-2.221553,1.3482904,10.416969,-0.17974663,-2.388881,2.613556,-1.5966191,-0.93029845,5.4623775,1.4647993,-3.5208256,-1.6843003,0.05519914,-1.4511447,0.4270761,1
7.0,7,-3.9756021,-1.0638381,-0.91620815,0.63952976,-0.25334507,-2.1633823,1.3987643,10.473236,-0.19337568,-2.3741558,2.5355816,-1.6288626,-0.9250618,5.4525747,1.4680748,-3.507968,-1.7291067,-0.013650546,-1.4553745,0.41635507,1
7.0,7,-3.944157,-1.0055255,-0.8936433,0.6099979,-0.26465085,-1.9636259,1.5297571,10.602751,-0.24429673,-2.3307323,2.278922,-1.7259022,-0.8799396,5.4970326,1.511198,-3.462539,-1.9184943,-0.22418515,-1.4683163,0.3759086,1
7.0,7,-3.9428084,-1.0026542,-0.8931212,0.60432976,-0.26347283,-1.9550459,1.5373638,10.607079,-0.24727854,-2.3288784,2.2697132,-1.7311897,-0.8764324,5.502827,1.5124189,-3.4618964,-1.929376,-0.23239453,-1.4683355,0.37382972,1
7.0,7,-3.95042,-1.0153702,-0.90109926,0.6096478,-0.26541325,-1.9964991,1.5151528,10.578863,-0.24007767,-2.335705,2.323926,-1.7091436,-0.88272005,5.505428,1.4998094,-3.4764857,-1.8917474,-0.187687,-1.4635093,0.3811173,1
7.0,7,-3.962093,-1.0281503,-0.9169114,0.61976683,-0.27979112,-2.043987,1.4831553,10.531041,-0.23585516,-2.3379834,2.3829842,-1.6736095,-0.8798657,5.5434127,1.4871786,-3.4997106,-1.8545547,-0.13235281,-1.4545296,0.38719043,1
10.0,10,-2.4953284,-3.4422941,-0.2482546,1.0387077,-0.20139734,-4.8893743,0.6918282,-1.0476567,-1.1000899,-1.3489624,12.738369,5.7500043,-2.3788116,-0.6901625,-1.5338966,2.7843807,1.9479215,0.8019568,-3.451361,-0.683184,1
10.0,10,-2.4958196,-3.4453616,-0.2473983,1.033243,-0.1959333,-4.884723,0.6976792,-1.0463458,-1.1013714,-1.3510747,12.738243,5.733101,-2.3798828,-0.69852346,-1.5247062,2.799669,1.9455042,0.7986721,-3.4547598,-0.68188566,1
10.0,10,-2.4967215,-3.446413,-0.24788727,1.0315756,-0.19438298,-4.8828397,0.69919086,-1.0459107,-1.101945,-1.3506749,12.737278,5.7294264,-2.3808591,-0.7005815,-1.5223501,2.804898,1.9444029,0.79765373,-3.4554803,-0.6814543,1
10.0,10,-2.4962475,-3.4459822,-0.247385,1.0322288,-0.19497891,-4.8836575,0.698765,-1.0459943,-1.1015596,-1.3508075,12.737876,5.7303095,-2.380466,-0.7000753,-1.5235022,2.802733,1.9449995,0.7979654,-3.455196,-0.68152994,1
10.0,10,-2.4958835,-3.4455583,-0.24717657,1.03287,-0.19556929,-4.884386,0.6981769,-1.04616,-1.1013266,-1.3509687,12.73826,5.731724,-2.3800821,-0.69927514,-1.5244259,2.800677,1.9454136,0.79835844,-3.4549215,-0.6817004,1
10.0,10,-2.4958317,-3.4455307,-0.24725394,1.0331581,-0.19587126,-4.8847013,0.6979666,-1.0462685,-1.1013454,-1.351078,12.738302,5.7323523,-2.3799293,-0.69897765,-1.524597,2.8001442,1.9456767,0.79852563,-3.4548142,-0.6817499,1
18.0,18,-1.5669477,-1.2845725,-1.6715946,-0.8238167,-1.1878194,-0.77282846,-1.3267922,-0.53858805,1.9424931,1.5851892,-1.8296183,1.240575,-2.4998612,-0.48945096,-2.51702,-1.6534811,-0.00298756,2.234816,13.786898,6.8688836,1
18.0,18,-1.5676292,-1.2854784,-1.6688374,-0.8240034,-1.1876231,-0.77347475,-1.3264438,-0.5389823,1.9440591,1.585937,-1.8293787,1.2394012,-2.5004501,-0.4914285,-2.5171728,-1.6533059,-0.0029628016,2.2340968,13.786582,6.871222,1
18.0,18,-1.5678637,-1.2859097,-1.6677724,-0.8240293,-1.1874993,-0.7737841,-1.3263611,-0.5392351,1.9447637,1.5862924,-1.8293093,1.2390362,-2.5007298,-0.49246246,-2.5172586,-1.6532276,-0.0027768053,2.2339418,13.786461,6.872117,1
18.0,18,-1.5678192,-1.2858104,-1.6681026,-0.82400376,-1.1875186,-0.77371264,-1.3263998,-0.53916764,1.9445149,1.5861596,-1.8293098,1.2391464,-2.5006728,-0.49221918,-2.5171819,-1.6532153,-0.0028211027,2.233984,13.786462,6.871996,1
18.0,18,-1.5677338,-1.2856591,-1.6684763,-0.82399076,-1.1875596,-0.7736039,-1.3264284,-0.5390791,1.9442654,1.5860311,-1.8293347,1.239279,-2.500575,-0.4918609,-2.517153,-1.6532443,-0.0028807856,2.2340412,13.786512,6.87168,1
18.0,18,-1.5676796,-1.2855566,-1.6687461,-0.8239812,-1.1875892,-0.77352345,-1.3264447,-0.53901196,1.9440686,1.5859412,-1.8293518,1.2393711,-2.5005074,-0.4916036,-2.517125,-1.653259,-0.0029269196,2.234082,13.786536,6.8714705,1
10.0,10,-1.6010679,-2.4095879,0.0072504273,0.27059925,-0.7540941,-4.382495,0.029188558,-1.7082417,-1.2202921,-1.3600423,12.9714155,7.099315,-1.0747644,0.663211,-1.8503635,-0.82284576,0.14379427,2.754955,-2.865842,-1.4270875,1
10.0,10,-1.5979135,-2.406901,0.014057531,0.26779675,-0.74762815,-4.3791213,0.03906554,-1.7020637,-1.2179582,-1.3605857,12.97543,7.0856347,-1.0858628,0.65532947,-1.8523635,-0.817254,0.13970155,2.746355,-2.8668375,-1.424967,1
10.0,10,-1.5977597,-2.406714,0.014371528,0.2692145,-0.7479807,-4.379425,0.03845361,-1.7029698,-1.217947,-1.3605826,12.974413,7.0876236,-1.0851554,0.65579623,-1.8520902,-0.8174967,0.13958347,2.745624,-2.8668427,-1.4258448,1
10.0,10,-1.5977477,-2.4068143,0.014315381,0.26938772,-0.7483517,-4.379599,0.0384454,-1.7029471,-1.2178771,-1.3605261,12.974356,7.087837,-1.084689,0.65594506,-1.8523903,-0.81780654,0.13971223,2.7455988,-2.86677,-1.4258686,1
10.0,10,-1.5977843,-2.4068794,0.014248564,0.2690404,-0.7482468,-4.3795223,0.038660184,-1.7026939,-1.217868,-1.3605433,12.974624,7.0872884,-1.0848687,0.6558131,-1.8524586,-0.81772095,0.13972488,2.7457106,-2.866787,-1.425633,1
10.0,10,-1.597904,-2.4070137,0.014009594,0.26827985,-0.74792475,-4.379299,0.03895703,-1.7022948,-1.2179317,-1.3606027,12.975155,7.086281,-1.0852522,0.6555911,-1.8524431,-0.8174793,0.13977763,2.746131,-2.8668518,-1.4252731,1
3.0,3,0.94529164,-0.17325193,2.2503617,13.063723,-1.4865531,-2.6476066,-0.023620188,-0.9691054,-0.13795415,-2.9007347,-2.4335341,1.9204493,1.9832001,-1.692958,-1.6453869,-2.3297565,5.873196,-1.4144609,-1.135256,-0.595896,1
3.0,3,0.9412357,-0.16852221,2.280136,13.056106,-1.4793278,-2.6505258,-0.030026242,-0.9724053,-0.12742364,-2.904565,-2.4421957,1.911227,1.9962904,-1.6794958,-1.6354725,-2.3318512,5.8577867,-1.4190227,-1.1413397,-0.5963839,1
3.0,3,0.9410954,-0.16862658,2.2767506,13.058242,-1.4809175,-2.6496074,-0.029984191,-0.9725388,-0.12733382,-2.9046838,-2.4427168,1.913101,1.9965893,-1.6787113,-1.6332204,-2.3285987,5.854879,-1.4226276,-1.1416986,-0.5961773,1
3.0,3,0.9412957,-0.16871572,2.2763355,13.058152,-1.4805696,-2.649651,-0.029829085,-0.97225916,-0.12778693,-2.9042292,-2.442272,1.9131129,1.9961436,-1.6790754,-1.6346791,-2.3300347,5.855838,-1.4210575,-1.1410594,-0.5962712,1
3.0,3,0.9413468,-0.16865958,2.277899,13.057182,-1.4798713,-2.650065,-0.02986005,-0.97221774,-0.12779641,-2.904205,-2.4420662,1.91225,1.9960344,-1.6794151,-1.635608,-2.3314087,5.8571076,-1.4195191,-1.1409392,-0.59635806,1
3.0,3,0.9415509,-0.16893014,2.27712,13.057022,-1.4802381,-2.6502447,-0.029909045,-0.972294,-0.12803566,-2.903891,-2.441883,1.9123675,1.9957922,-1.6797786,-1.636176,-2.3319745,5.8583965,-1.4185936,-1.1405337,-0.59643114,1
3.0,3,0.6001219,-0.12087766,1.5064999,13.656508,-1.9657025,-2.5776255,-0.8983743,-1.915094,-0.23002012,-2.497567,-2.4143753,4.401263,2.5627887,1.0648845,-1.4962643,-2.8843384,4.095436,-1.9191409,-0.69450593,-0.38372982,1
3.0,3,0.5963698,-0.117365874,1.5171208,13.65332,-1.9676206,-2.5805807,-0.9025997,-1.9166852,-0.2255525,-2.500255,-2.4159636,4.4011774,2.5671082,1.0799891,-1.49122,-2.8857546,4.086307,-1.9231304,-0.6969419,-0.38296458,1
3.0,3,0.5963845,-0.117806315,1.5152586,13.653836,-1.9681525,-2.5801733,-0.9024868,-1.9165223,-0.2260442,-2.499788,-2.4159129,4.401885,2.5667036,1.0795224,-1.491067,-2.8849626,4.086193,-1.9231759,-0.69670075,-0.38293856,1
3.0,3,0.59638864,-0.11766087,1.5156387,13.653712,-1.9679968,-2.580232,-0.90248847,-1.91646,-0.2259104,-2.4998477,-2.4159803,4.4015484,2.566859,1.0796959,-1.4912455,-2.8852682,4.0861773,-1.9230762,-0.6966889,-0.3829538,1
3.0,3,0.5963828,-0.11752272,1.5162491,13.65353,-1.9678282,-2.5803604,-0.9025153,-1.9164989,-0.22572948,-2.4999883,-2.4160144,4.401279,2.567004,1.0798371,-1.491316,-2.8855288,4.0862436,-1.9230572,-0.69676626,-0.38297203,1
3.0,3,0.5963484,-0.117359966,1.5170014,13.653302,-1.9676611,-2.5805185,-0.9025637,-1.9165436,-0.22547242,-2.500145,-2.416085,4.4009333,2.5672095,1.0800761,-1.4913803,-2.8858263,4.0863066,-1.9230583,-0.6968696,-0.38300225,1
2.0,2,-0.56884944,-0.3669572,12.343377,-1.907332,-1.5401741,-2.3061004,1.0739053,-1.9818923,1.4280053,4.3873825,0.27534306,-1.8175757,-0.17387755,-2.30104,-1.9026755,-0.25500417,0.3141842,-1.918092,-2.8932288,1.1792673,1
2.0,2,-0.5688364,-0.36691847,12.343422,-1.9073433,-1.5401862,-2.3061254,1.0738766,-1.9818982,1.4280535,4.387326,0.2753771,-1.8175691,-0.17385386,-2.300984,-1.9026842,-0.25506878,0.31421182,-1.9180541,-2.8932228,1.179161,1
2.0,2,-0.56883615,-0.3669157,12.343424,-1.9073433,-1.5401858,-2.3061287,1.0738738,-1.9819008,1.4280581,4.38732,0.27537912,-1.8175684,-0.17385377,-2.3009837,-1.9026843,-0.25507075,0.31421342,-1.9180532,-2.8932219,1.1791602,1
2.0,2,-0.568836,-0.36691633,12.343422,-1.9073431,-1.5401866,-2.3061283,1.0738738,-1.9819003,1.4280566,4.387323,0.2753788,-1.8175682,-0.17385499,-2.3009856,-1.9026841,-0.2550696,0.31421342,-1.9180529,-2.893221,1.1791619,1
2.0,2,-0.56883645,-0.3669186,12.343421,-1.9073437,-1.5401865,-2.3061259,1.0738764,-1.9818977,1.4280536,4.387326,0.27537736,-1.8175691,-0.17385408,-2.3009837,-1.9026843,-0.2550695,0.3142119,-1.9180539,-2.8932216,1.1791602,1
2.0,2,-0.5688358,-0.3669142,12.343427,-1.9073422,-1.5401856,-2.3061275,1.0738747,-1.9818977,1.428055,4.387316,0.2753795,-1.8175683,-0.17385218,-2.3009796,-1.9026834,-0.25507194,0.31421235,-1.9180545,-2.8932247,1.1791555,1
7.0,7,-3.5913317,-4.375214,-0.9104648,0.6027889,2.6958349,2.6527696,9.550063,12.549354,-3.2797952,-0.25986052,0.46615916,-2.8976316,-2.669532,-1.9946009,-1.3991648,-0.045971833,-1.7468739,-2.3646839,-1.3629701,-0.01719172,1
7.0,7,-3.5897667,-4.371406,-0.9086652,0.6043419,2.695602,2.6550772,9.545035,12.550481,-3.2785635,-0.2624166,0.4638742,-2.8955967,-2.664679,-1.9906445,-1.3998435,-0.05610805,-1.7475679,-2.3638964,-1.359742,-0.017756104,1
7.0,7,-3.584863,-4.3640513,-0.90745354,0.60954475,2.688981,2.6497324,9.535652,12.556035,-3.2754767,-0.2677042,0.46462095,-2.8913627,-2.6564522,-1.9811853,-1.4035345,-0.0800471,-1.7460762,-2.3597567,-1.3530017,-0.018501572,1
7.0,7,-3.584975,-4.364015,-0.90780514,0.60936844,2.68808,2.6503744,9.535004,12.556196,-3.275392,-0.2672041,0.46430162,-2.8912082,-2.6564834,-1.9812461,-1.403585,-0.080107436,-1.745958,-2.3593297,-1.3524591,-0.018476788,1
7.0,7,-3.5849674,-4.3649454,-0.9082249,0.6091452,2.6880066,2.6489797,9.536646,12.555973,-3.2756202,-0.26665258,0.46522444,-2.8917775,-2.6576316,-1.9823028,-1.4041225,-0.078224696,-1.7456204,-2.3594344,-1.3530937,-0.017995436,1
7.0,7,-3.5850563,-4.366823,-0.90838313,0.60882515,2.6896346,2.6461706,9.540635,12.555062,-3.2762632,-0.26633954,0.46710193,-2.8930352,-2.659734,-1.9842925,-1.4047006,-0.074071504,-1.7452915,-2.3604484,-1.355222,-0.017324302,1
15.0,15,-2.107674,-2.1304371,-2.5120432,-2.0277328,2.7669747,2.5633864,0.5966358,-1.991409,-1.6687022,-0.92475057,-1.4301445,-0.57646775,-4.878856,-4.6078963,6.680457,12.088707,-2.5376658,-2.1894228,-2.562931,3.6252396,1
15.0,15,-2.1101549,-2.1359236,-2.5090663,-2.028451,2.7650542,2.5480466,0.5986537,-1.9872991,-1.6681334,-0.9301947,-1.4080429,-0.58148605,-4.8853216,-4.61379,6.6851277,12.086443,-2.5293295,-2.181065,-2.5646775,3.6307824,1
15.0,15,-2.109949,-2.1361623,-2.5092306,-2.0284078,2.7656868,2.545785,0.5997056,-1.9872297,-1.66853,-0.9302371,-1.4060525,-0.58032596,-4.8868957,-4.6141653,6.681881,12.087229,-2.5288582,-2.181537,-2.563696,3.6325157,1
15.0,15,-2.109933,-2.1357877,-2.5092318,-2.0284414,2.7658286,2.547128,0.59989136,-1.9871444,-1.668343,-0.9302365,-1.4067975,-0.580543,-4.886707,-4.6141806,6.681873,12.086865,-2.5294602,-2.1817908,-2.5637195,3.6324618,1
15.0,15,-2.109993,-2.1357555,-2.5091832,-2.0284305,2.7656446,2.5476267,0.5996008,-1.9871361,-1.6682584,-0.9302509,-1.4072639,-0.58088034,-4.8862963,-4.614087,6.682829,12.086669,-2.529549,-2.181663,-2.564001,3.6320162,1
15.0,15,-2.1099443,-2.1355505,-2.5092437,-2.0285397,2.7652702,2.548307,0.5988364,-1.987798,-1.6680678,-0.92968553,-1.4087111,-0.5804152,-4.8855276,-4.6134915,6.6828847,12.08688,-2.5296617,-2.1816013,-2.5640461,3.6310863,1
17.0,17,-0.7112395,-1.6292554,-2.5956807,-2.8514116,1.6152557,-0.8061974,-3.1275039,-1.5067027,-2.5965917,0.68177557,6.03181,1.3409449,-2.4997401,-2.9912145,-0.9058357,-2.0964339,5.2278495,14.064173,1.1590893,-1.2929087,1
17.0,17,-0.6998708,-1.6143351,-2.602808,-2.8511155,1.6446466,-0.7830706,-3.1352618,-1.5063636,-2.5702806,0.6876103,5.8678293,1.2197526,-2.45992,-2.974199,-0.87935174,-2.1031828,5.2672386,14.075712,1.2047527,-1.2704988,1
17.0,17,-0.6973591,-1.6126883,-2.6066308,-2.846382,1.644791,-0.7844571,-3.135356,-1.5073689,-2.5650673,0.68086547,5.854149,1.2091162,-2.4532287,-2.9768155,-0.8784289,-2.1058924,5.281084,14.077046,1.2095045,-1.2691613,1
17.0,17,-0.698416,-1.6132166,-2.6052258,-2.848913,1.6449261,-0.7828937,-3.1342635,-1.5065019,-2.568008,0.68413246,5.860167,1.2133193,-2.456105,-2.974857,-0.8794023,-2.1044717,5.2734957,14.0765505,1.2074869,-1.27003,1
17.0,17,-0.69914323,-1.6137311,-2.6040962,-2.8498955,1.6447073,-0.7829212,-3.1342762,-1.5063372,-2.569393,0.685726,5.8644285,1.216525,-2.4579916,-2.9741347,-0.879793,-2.1038792,5.270124,14.0761595,1.2060567,-1.2703812,1
17.0,17,-0.6999815,-1.6143879,-2.602728,-2.8482854,1.6438072,-0.7857827,-3.1357358,-1.507268,-2.5693579,0.6851625,5.8680654,1.2194256,-2.4591684,-2.9732265,-0.87972265,-2.1046662,5.2714877,14.075841,1.2048814,-1.2699109,1
0.0,0,12.752013,3.9665155,0.85296214,-1.7292666,-3.181447,-2.2272408,0.87158257,-2.982445,-1.1855658,0.06536916,-1.4252276,-1.467466,4.012922,-1.449709,-1.9687341,-2.419757,-0.58605593,-1.8056562,-0.6441558,-3.0584335,1
0.0,0,12.752524,3.9688911,0.8538852,-1.7305214,-3.1807868,-2.2278411,0.86865234,-2.9830875,-1.1815668,0.06521632,-1.4254907,-1.4677172,4.0111456,-1.452104,-1.969441,-2.4198194,-0.5859392,-1.8051358,-0.6415813,-3.0574358,1
0.0,0,12.752256,3.968186,0.853795,-1.72998,-3.1811986,-2.2276592,0.8687982,-2.9830258,-1.1813877,0.065132424,-1.4257323,-1.4679289,4.012282,-1.4519869,-1.9692649,-2.4199946,-0.58602226,-1.8054347,-0.64173126,-3.0573225,1
0.0,0,12.752272,3.9681888,0.8537884,-1.7299805,-3.1811543,-2.227684,0.86890745,-2.9830315,-1.1817051,0.0651007,-1.4256539,-1.4678291,4.0122294,-1.4518144,-1.9692154,-2.4199522,-0.5860113,-1.8054283,-0.64190435,-3.057418,1
0.0,0,12.752355,3.9684057,0.8538183,-1.7301532,-3.1810174,-2.2277458,0.86887157,-2.9830525,-1.1817806,0.06512534,-1.4255648,-1.4677546,4.0118604,-1.4518452,-1.9692703,-2.419891,-0.58597755,-1.8053313,-0.641875,-3.0574648,1
0.0,0,12.752449,3.9686742,0.8538648,-1.7303388,-3.1808734,-2.2278228,0.86874914,-2.9830952,-1.1817312,0.06513324,-1.4254935,-1.4676881,4.0114884,-1.4519378,-1.9693401,-2.4198363,-0.58594346,-1.805234,-0.6417618,-3.0574734,1
7.0,7,-3.0619178,-3.5612278,-2.4247038,0.2805599,0.8499594,2.3065598,8.184449,12.845344,-3.279747,0.53751385,0.390243,-3.445351,-3.364045,-2.814313,-0.5625961,1.8706529,-2.2579134,-2.1575384,-1.344015,0.9097397,1
7.0,7,-3.083965,-3.5490468,-2.4224083,0.28679848,0.84569377,2.3824348,8.105562,12.859508,-3.2715318,0.54008126,0.33477595,-3.432992,-3.3403018,-2.7998827,-0.5494053,1.8076991,-2.258376,-2.1268952,-1.2912813,0.92349935,1
7.0,7,-3.1109674,-3.557346,-2.4023077,0.29179794,0.84434956,2.432746,8.073386,12.891529,-3.2590318,0.5238818,0.3089382,-3.4151,-3.2917135,-2.7451272,-0.56407744,1.6727177,-2.2471204,-2.0916834,-1.2359641,0.9087492,1
7.0,7,-3.1106822,-3.5575953,-2.4016328,0.29332262,0.84361356,2.4313433,8.07393,12.892387,-3.2585108,0.52282965,0.3104351,-3.4137957,-3.2900157,-2.7438512,-0.56628513,1.6678876,-2.2459419,-2.09085,-1.2347926,0.9080139,1
7.0,7,-3.1075377,-3.5593636,-2.4015133,0.29379487,0.843455,2.4200048,8.083708,12.891835,-3.2583182,0.521695,0.31850973,-3.4145696,-3.292033,-2.745257,-0.5702153,1.670919,-2.244613,-2.0934758,-1.2392702,0.90694845,1
7.0,7,-3.1021702,-3.562277,-2.4026442,0.29300475,0.84381884,2.400793,8.101023,12.889005,-3.259136,0.521254,0.33159766,-3.4178605,-3.297915,-2.750145,-0.57396203,1.6849384,-2.2439508,-2.0997958,-1.2503042,0.9061284,1
18.0,18,-1.0974036,-0.11738283,-4.154821,-0.41358578,-0.94693506,2.3607056,-1.5483519,0.9253353,1.220309,1.0954558,-2.3521295,3.7774034,-1.2594095,0.5461033,-2.1749628,-2.3964212,-0.98771834,3.8343184,12.302376,0.8441049,1
18.0,18,-1.097406,-0.11735695,-4.1548653,-0.41346943,-0.94692,2.360656,-1.5483202,0.92554146,1.219899,1.0952809,-2.3520443,3.7775347,-1.2595071,0.54614,-2.1748257,-2.396513,-0.987695,3.834439,12.302253,0.84427357,1
18.0,18,-1.0973984,-0.11735267,-4.1548767,-0.41348398,-0.9468284,2.3607085,-1.5482255,0.92569137,1.2197843,1.0951895,-2.352051,3.7774084,-1.2596266,0.5460727,-2.1748166,-2.3964822,-0.9876635,3.8344364,12.302284,0.8443805,1
18.0,18,-1.097398,-0.11735333,-4.154875,-0.41348898,-0.946828,2.360713,-1.5482246,0.92568666,1.2198,1.0951954,-2.3520548,3.7774007,-1.2596245,0.5460713,-2.174822,-2.396478,-0.98766565,3.8344302,12.302289,0.8443709,1
18.0,18,-1.0973982,-0.117352344,-4.1548758,-0.4134807,-0.94683564,2.3607054,-1.548232,0.9256815,1.2197888,1.095195,-2.35205,3.7774234,-1.259612,0.5460835,-2.1748161,-2.3964865,-0.9876685,3.8344345,12.302277,0.84436506,1
18.0,18,-1.0973969,-0.11735644,-4.154873,-0.41347724,-0.94684947,2.3606915,-1.548249,0.9256474,1.2198002,1.0952077,-2.3520484,3.777448,-1.259587,0.5460915,-2.1748164,-2.3964891,-0.9876709,3.8344378,12.302276,0.8443587,1
13.0,13,-2.3360858,0.5118469,-1.2299436,-2.208544,-3.465676,-2.2338078,0.120683715,0.8557966,0.3136576,0.5261712,0.04526683,1.8666368,-0.8520108,12.2513685,-1.2371712,-1.2504867,0.054970186,-1.4527892,0.10773305,-0.56670547,1
13.0,13,-2.3482454,0.49862254,-1.2229079,-2.2004797,-3.468513,-2.2354343,0.1208455,0.8647289,0.31714317,0.5204016,0.042795774,1.8523189,-0.83772796,12.258247,-1.2339362,-1.256387,0.058816385,-1.4499632,0.10496908,-0.5619854,1
13.0,13,-2.3535914,0.49218988,-1.2187229,-2.200425,-3.462722,-2.232654,0.13349657,0.8788543,0.3140996,0.51567954,0.043398786,1.8334632,-0.82938063,12.26397,-1.23186,-1.2598623,0.052561186,-1.451316,0.10030001,-0.5619813,1
13.0,13,-2.351141,0.49537563,-1.2201314,-2.2006977,-3.4646764,-2.2336626,0.12860073,0.8733827,0.31526083,0.5175692,0.043207776,1.8403108,-0.83163166,12.262929,-1.2324232,-1.2592028,0.052611142,-1.4510611,0.10217368,-0.56206244,1
13.0,13,-2.34949,0.49728453,-1.2214339,-2.2004359,-3.4669385,-2.2349122,0.123977154,0.8684248,0.3165358,0.51908934,0.042946387,1.8467939,-0.83415836,12.261065,-1.2331096,-1.25823,0.05508878,-1.4504923,0.1038052,-0.5618944,1
13.0,13,-2.3494475,0.49634755,-1.2220734,-2.1983943,-3.4704428,-2.2377155,0.11906125,0.86406016,0.31865335,0.5194575,0.04244534,1.852409,-0.83558524,12.258604,-1.2337214,-1.2578937,0.062095802,-1.4492365,0.10506505,-0.5608129,1
17.0,17,-1.7722441,-1.5547366,-3.492127,-0.03443585,-0.51378727,2.4404647,-2.4588282,0.43551928,-3.886958,0.7149205,0.08023097,4.251312,-2.9525998,-3.6769369,-0.37349716,-0.35322422,4.7587833,12.329132,0.9955286,-2.3125837,1
17.0,17,-1.7720625,-1.5548918,-3.4923413,-0.031222995,-0.5161762,2.4367664,-2.4593947,0.43471178,-3.8873587,0.7134621,0.08105687,4.256491,-2.9535093,-3.676526,-0.37427038,-0.3536743,4.761407,12.328074,0.9956292,-2.3128238,1
17.0,17,-1.7721393,-1.5550207,-3.4923584,-0.030618303,-0.51639485,2.4361281,-2.4593196,0.43488845,-3.8874607,0.7129008,0.081159584,4.257154,-2.9540265,-3.6767948,-0.3742615,-0.35350448,4.762209,12.327801,0.99550724,-2.3127174,1
17.0,17,-1.7721337,-1.5550083,-3.4923582,-0.030579198,-0.51646185,2.4361982,-2.4594133,0.4347032,-3.8874502,0.7130092,0.08112417,4.2573495,-2.9538593,-3.676633,-0.37426534,-0.35358316,4.7620792,12.327768,0.9955065,-2.31281,1
17.0,17,-1.7721174,-1.554977,-3.4923596,-0.030672539,-0.5164474,2.4363155,-2.459442,0.43464035,-3.8874342,0.7131275,0.08110792,4.2572837,-2.9537423,-3.67655,-0.37427774,-0.3536328,4.76191,12.327819,0.9955374,-2.312847,1
17.0,17,-1.7721106,-1.5549035,-3.4923708,-0.030946411,-0.5163053,2.4366388,-2.459395,0.43470764,-3.8874288,0.71329176,0.081102066,4.2568846,-2.9536612,-3.6765206,-0.37427738,-0.35364407,4.761579,12.327942,0.9955988,-2.3128428,1
3.0,3,0.65852964,-0.36865517,0.15087235,14.445168,-1.5588315,-2.15609,1.1639316,0.85648835,-2.94428,-1.6408191,0.47331563,3.3942096,-0.34826726,-2.0975635,-3.039757,-2.6607103,3.5709233,-0.46053845,-1.2922317,0.18790878,1
3.0,3,0.65973645,-0.36734232,0.15215062,14.444965,-1.5586635,-2.156177,1.1637045,0.85630244,-2.9446478,-1.6410849,0.47198698,3.3941805,-0.34918207,-2.097808,-3.0400512,-2.6614182,3.572276,-0.46073365,-1.2920454,0.18786229,1
3.0,3,0.65965354,-0.367569,0.15191282,14.444997,-1.5586685,-2.1561675,1.1637393,0.85628116,-2.9447267,-1.641112,0.47208223,3.394388,-0.3491332,-2.0978012,-3.0400333,-2.66136,3.5723155,-0.46065515,-1.2920088,0.18783389,1
3.0,3,0.6596538,-0.36747617,0.15203388,14.44499,-1.5586722,-2.1561847,1.1637033,0.8562666,-2.9447021,-1.6410973,0.47203186,3.3943205,-0.3491707,-2.0977511,-3.0400186,-2.661395,3.5723512,-0.46067733,-1.29201,0.18785575,1
3.0,3,0.6596878,-0.36736652,0.15214731,14.444981,-1.5586677,-2.1561894,1.1636811,0.8562669,-2.9446733,-1.6410861,0.4719817,3.3942397,-0.3492001,-2.0977407,-3.0400214,-2.661424,3.572346,-0.4607113,-1.2920204,0.18787037,1
3.0,3,0.6597426,-0.36716816,0.15232195,14.444982,-1.5586455,-2.1561966,1.1636147,0.8562155,-2.9446723,-1.6410829,0.47186884,3.3942091,-0.34927693,-2.0976827,-3.0400026,-2.6614714,3.5723884,-0.46075827,-1.2920102,0.18788771,1
2.0,2,-0.20590976,0.32279813,12.95815,-1.328643,-0.4305825,-2.471716,1.1324446,-2.0774562,1.3935653,1.9908584,0.39419758,-1.3619968,1.045601,0.0005498165,-1.6756306,-1.0059468,0.25970328,-2.801417,-3.207061,-0.21401188,1
2.0,2,-0.20591956,0.32280868,12.958144,-1.3286468,-0.43056944,-2.4717171,1.1324401,-2.077462,1.3935528,1.990841,0.394191,-1.3619875,1.045601,0.00060259644,-1.6756147,-1.0059528,0.2596989,-2.8014174,-3.2070625,-0.2140067,1
2.0,2,-0.20591995,0.3228077,12.958149,-1.3286464,-0.43056718,-2.4717164,1.1324416,-2.0774632,1.3935541,1.9908388,0.39419127,-1.3619877,1.0456008,0.0005984986,-1.6756138,-1.0059505,0.2597001,-2.8014174,-3.2070634,-0.21400598,1
2.0,2,-0.20591986,0.3228063,12.958144,-1.3286483,-0.43056956,-2.4717162,1.1324415,-2.0774612,1.3935511,1.9908439,0.39419022,-1.3619884,1.0456007,0.0006017173,-1.675614,-1.0059519,0.25969902,-2.8014157,-3.2070622,-0.21400653,1
2.0,2,-0.20592028,0.3228057,12.958146,-1.3286483,-0.43057376,-2.4717171,1.1324412,-2.0774603,1.3935517,1.9908456,0.39419022,-1.3619882,1.045602,0.00060523394,-1.6756139,-1.0059532,0.25969845,-2.8014157,-3.207062,-0.21400686,1
2.0,2,-0.20592062,0.32280853,12.958148,-1.3286489,-0.43057346,-2.471717,1.1324394,-2.077461,1.3935529,1.9908434,0.39419106,-1.3619872,1.0456005,0.0006084824,-1.6756142,-1.0059537,0.25969815,-2.8014169,-3.2070625,-0.2140074,1
2.0,2,-0.7928464,0.52953315,12.613069,-1.0225394,0.5303102,-2.6153803,1.1989572,-2.06802,0.7245026,1.2633784,0.15935962,-1.9480625,0.20403351,-1.8618437,-0.5945799,0.2420232,0.22338799,-3.023798,-3.4180315,2.9592597,1
2.0,2,-0.7928201,0.5295756,12.613158,-1.0225178,0.530265,-2.6153903,1.1989567,-2.0680208,0.7245818,1.2633477,0.15940243,-1.948024,0.20411277,-1.8617444,-0.59461695,0.24192789,0.22339272,-3.023783,-3.418091,2.9589758,1
2.0,2,-0.792821,0.52957845,12.613154,-1.0225171,0.53026354,-2.6153924,1.1989526,-2.0680215,0.7245814,1.263347,0.15940262,-1.9480255,0.20410731,-1.8617474,-0.5946157,0.24193004,0.22339344,-3.023784,-3.4180877,2.9589894,1
2.0,2,-0.7928214,0.52957934,12.613156,-1.0225168,0.53026736,-2.6153936,1.198952,-2.068022,0.72458273,1.2633423,0.15940386,-1.9480256,0.20410761,-1.8617469,-0.59461385,0.24192998,0.22339346,-3.0237854,-3.4180892,2.9589903,1
2.0,2,-0.79282033,0.5295783,12.613157,-1.0225167,0.5302681,-2.615391,1.1989545,-2.0680213,0.72458154,1.2633442,0.15940325,-1.9480253,0.20411068,-1.8617444,-0.59461516,0.24192876,0.22339272,-3.0237854,-3.4180923,2.9589803,1
2.0,2,-0.7928176,0.5295834,12.613159,-1.0225134,0.53026927,-2.615389,1.1989564,-2.0680203,0.72458464,1.26334,0.15940516,-1.9480224,0.20411798,-1.8617351,-0.59461623,0.24192272,0.22339083,-3.0237882,-3.4181,2.9589558,1
14.0,14,-3.3730247,-0.6020786,-1.2856963,-1.0951349,-2.0038257,0.62597317,-4.251988,-2.14352,-0.52165616,-0.90199,-0.19496433,-1.0712761,2.682845,8.344359,10.46397,1.9702535,-3.8504317,-0.3234444,-3.5391366,-0.33925664,1
14.0,14,-3.3730848,-0.6017604,-1.2848804,-1.094079,-2.0040522,0.62330747,-4.2516756,-2.1433744,-0.52077085,-0.9048709,-0.19518091,-1.070613,2.682877,8.345935,10.464417,1.9706695,-3.8487844,-0.3247553,-3.5387328,-0.3392097,1
14.0,14,-3.373192,-0.6016206,-1.2845864,-1.0940454,-2.0041268,0.62286764,-4.2516203,-2.1433337,-0.52049613,-0.9052047,-0.19525345,-1.070565,2.6827817,8.346524,10.464306,1.9705762,-3.8485346,-0.32500973,-3.5386012,-0.33921674,1
14.0,14,-3.373143,-0.60169053,-1.2847372,-1.0940441,-2.0040867,0.6230832,-4.251629,-2.1433556,-0.5206258,-0.9050712,-0.19522516,-1.0705997,2.6828232,8.346187,10.464401,1.9707084,-3.8486469,-0.32491553,-3.5386724,-0.3392375,1
14.0,14,-3.3731027,-0.6017467,-1.2848684,-1.0940812,-2.004063,0.62329865,-4.2516603,-2.1433735,-0.5207537,-0.9048756,-0.19519028,-1.0706187,2.6828601,8.345968,10.464409,1.9707178,-3.848781,-0.32478327,-3.5387292,-0.3392345,1
14.0,14,-3.3730795,-0.60171854,-1.2847875,-1.093983,-2.0041382,0.6229114,-4.251627,-2.1433616,-0.5206655,-0.90508264,-0.19518195,-1.0705621,2.682916,8.346212,10.4643545,1.9707459,-3.8486607,-0.32491443,-3.5387197,-0.33921358,1
8.0,8,-0.90334815,-1.3955209,5.5069876,-1.7804123,-2.361233,-4.060467,-2.812526,-3.1555343,12.65337,4.605767,-0.12841427,-1.572468,1.74682,-2.3878782,-3.5340273,-2.355888,0.60689205,-1.5099785,1.5356832,-1.0047053,1
8.0,8,-0.90362644,-1.395417,5.5066524,-1.7801038,-2.360926,-4.0605,-2.8125923,-3.1555624,12.653481,4.605161,-0.12819882,-1.5722578,1.7465233,-2.3880363,-3.5336385,-2.3556702,0.60713965,-1.5098654,1.5354837,-1.0047184,1
8.0,8,-0.90388876,-1.3955656,5.5063004,-1.7799417,-2.3608122,-4.0605435,-2.8127532,-3.1556952,12.653543,4.60523,-0.12814887,-1.5720394,1.7462626,-2.3883913,-3.5334342,-2.3554986,0.60733354,-1.5096987,1.5354941,-1.0044038,1
8.0,8,-0.9038545,-1.3955327,5.5063586,-1.779969,-2.3608096,-4.060536,-2.8127387,-3.155671,12.653545,4.6051607,-0.12815818,-1.5720766,1.7463448,-2.3883166,-3.53344,-2.3555229,0.607289,-1.5097489,1.5354829,-1.0044537,1
8.0,8,-0.9037512,-1.3954757,5.5064926,-1.7800258,-2.3608508,-4.0605264,-2.8126788,-3.155623,12.65352,4.60513,-0.12817477,-1.5721506,1.746432,-2.3881958,-3.5335183,-2.3555906,0.6072258,-1.509808,1.5354847,-1.0045618,1
8.0,8,-0.9037094,-1.3954415,5.5065613,-1.7800552,-2.3608603,-4.0605164,-2.8126512,-3.1555943,12.653517,4.6050816,-0.1281835,-1.5721967,1.7465073,-2.388112,-3.5335393,-2.3556185,0.6071796,-1.5098532,1.5354681,-1.0046312,1
14.0,14,-2.6826007,-1.8648858,-1.6968465,0.31709743,-1.059113,0.42813858,-2.2746148,-0.6582995,-1.7019855,-1.9733794,0.23980185,-1.0517273,-0.3841618,-0.35537866,12.314953,7.287831,-2.0689557,-1.7162664,-3.6089437,0.769227,1
14.0,14,-2.6778293,-1.8653524,-1.692549,0.32135934,-1.0608097,0.41496575,-2.27358,-0.65950406,-1.7005708,-1.9768331,0.24430141,-1.0511802,-0.3803549,-0.3555637,12.316292,7.2769613,-2.0629468,-1.7143456,-3.610057,0.7710485,1
14.0,14,-2.6766744,-1.865088,-1.6921217,0.3217159,-1.0611769,0.4128915,-2.2732766,-0.6595423,-1.7004536,-1.9773724,0.24456175,-1.0509484,-0.37934965,-0.35536656,12.316459,7.275634,-2.0623527,-1.7142739,-3.6099544,0.77085346,1
14.0,14,-2.6766887,-1.8651838,-1.6920164,0.32184154,-1.0612645,0.41263175,-2.2733278,-0.6597405,-1.7003437,-1.9774227,0.24475433,-1.050881,-0.37934086,-0.3553609,12.316466,7.275383,-2.0621517,-1.7141677,-3.610023,0.77095973,1
14.0,14,-2.6766005,-1.8652905,-1.691801,0.32208806,-1.0613362,0.41210318,-2.2733312,-0.6598828,-1.7002411,-1.9775536,0.24504334,-1.0508564,-0.3792808,-0.3554142,12.316516,7.2748847,-2.0618196,-1.7140328,-3.6101272,0.77113557,1
14.0,14,-2.6765857,-1.8653495,-1.6916382,0.3221354,-1.061286,0.41186854,-2.273334,-0.65982753,-1.7002228,-1.977637,0.24518564,-1.0509534,-0.3792871,-0.35542074,12.316616,7.274502,-2.0616722,-1.7139399,-3.6101987,0.77128696,1
11.0,11,-0.37216064,-1.1161723,-1.8008287,9.092111,-1.5901755,-1.844567,-1.7645866,-3.1575618,-1.0416297,-0.4529413,-0.59727144,11.925068,0.1641017,0.18116418,-0.78235817,-0.60655206,0.7214889,-0.8457197,-0.13146982,-2.441431,1
11.0,11,-0.3705039,-1.1126422,-1.7976146,9.097674,-1.5930017,-1.8484248,-1.7625028,-3.1528053,-1.0534345,-0.4607588,-0.5873811,11.927862,0.16384995,0.18643801,-0.78203845,-0.61129934,0.7224977,-0.84516233,-0.14066827,-2.4417553,1
11.0,11,-0.3703749,-1.1130527,-1.7978654,9.09907,-1.5926275,-1.8481838,-1.7620434,-3.1527076,-1.0538056,-0.46113402,-0.5883255,11.927288,0.16422254,0.18562004,-0.78206545,-0.6111924,0.7233123,-0.84525394,-0.14035442,-2.4414036,1
11.0,11,-0.3703257,-1.1128486,-1.7976763,9.09865,-1.5929382,-1.8484776,-1.7621433,-3.1526747,-1.0540808,-0.46120596,-0.5875654,11.927662,0.16412577,0.18611175,-0.78205657,-0.6113866,0.7231151,-0.84521186,-0.14079875,-2.441538,1
11.0,11,-0.3703817,-1.1127157,-1.797588,9.098178,-1.5930401,-1.8485538,-1.7623062,-3.1527143,-1.0539224,-0.46108013,-0.5872845,11.927839,0.16400468,0.18637392,-0.78204435,-0.61142504,0.72285277,-0.8451784,-0.14087972,-2.4416556,1
11.0,11,-0.37026486,-1.1127468,-1.797737,9.097814,-1.5932298,-1.8485363,-1.7623433,-3.1529112,-1.0538937,-0.46078515,-0.5871447,11.92801,0.1639502,0.18639736,-0.78214985,-0.61127394,0.7227703,-0.8451753,-0.1408185,-2.4416792,1
16.0,16,-1.0961963,-2.2991445,-0.3089126,1.7275293,-2.1371074,-4.871105,-2.69811,-3.312446,-0.06765637,-2.1054993,4.161179,5.0970716,-2.7939386,-2.9633255,-3.0213265,-2.393635,13.97713,6.8812933,-0.6192805,-0.47706673,1
16.0,16,-1.0858895,-2.308281,-0.26362205,1.7895085,-2.1689935,-4.9267325,-2.6357923,-3.3301382,-0.005551856,-2.132575,4.1717734,5.0774865,-2.751988,-2.9417255,-3.0535228,-2.3789809,14.019468,6.660085,-0.63726217,-0.4558104,1
16.0,16,-1.0781248,-2.3166447,-0.23673947,1.8411351,-2.1843452,-4.957782,-2.5843773,-3.3372734,0.031083312,-2.1548991,4.144459,5.0611234,-2.7249298,-2.9315193,-3.0655792,-2.358581,14.048936,6.4984403,-0.6483309,-0.4383262,1
16.0,16,-1.079205,-2.3153121,-0.24040453,1.83404,-2.1830418,-4.9546456,-2.5926204,-3.3372097,0.026246015,-2.1516168,4.151799,5.0653825,-2.728678,-2.9323926,-3.0645895,-2.3620877,14.044377,6.521557,-0.64711344,-0.44117874,1
16.0,16,-1.0799416,-2.3141086,-0.24295999,1.8284018,-2.1819565,-4.952226,-2.5991924,-3.3372703,0.022998113,-2.1490843,4.1576786,5.067878,-2.7312446,-2.9330113,-3.0638258,-2.3650675,14.041041,6.538948,-0.6461276,-0.44324937,1
16.0,16,-1.0805436,-2.3126168,-0.2453719,1.8242215,-2.1805632,-4.949432,-2.6060202,-3.3377624,0.020182159,-2.1469655,4.1608315,5.0703764,-2.7333367,-2.9335155,-3.06226,-2.367512,14.038213,6.553718,-0.644979,-0.44488326,1
3.0,3,0.6242797,1.5638641,7.783421,11.381233,-1.0941185,-2.7603557,0.35145158,-2.2576346,-0.15603843,-2.1418707,-0.7633386,3.379556,1.0130911,0.48057008,-2.15839,-1.9667145,2.2339182,-3.5766773,-2.941145,-0.83281493,1
3.0,3,0.62357396,1.563123,7.7848535,11.379604,-1.0941947,-2.7604706,0.35134393,-2.2583547,-0.15501328,-2.1421838,-0.7633547,3.3797872,1.0145406,0.48185304,-2.157866,-1.9669081,2.233609,-3.5773385,-2.9411302,-0.8327326,1
3.0,3,0.6236306,1.5631201,7.7847776,11.379684,-1.0941962,-2.7604597,0.35139436,-2.2583122,-0.15509059,-2.1421423,-0.76337695,3.3797512,1.0144992,0.4817647,-2.1579223,-1.9669243,2.2336812,-3.577301,-2.9411285,-0.8327466,1
3.0,3,0.62361103,1.5631274,7.7847753,11.379681,-1.0942004,-2.7604618,0.35136735,-2.2583232,-0.15506384,-2.1421595,-0.7633719,3.379775,1.014506,0.48179847,-2.1579003,-1.9669124,2.2336473,-3.5773122,-2.941123,-0.8327428,1
3.0,3,0.62359667,1.5631387,7.784839,11.379626,-1.0941898,-2.7604704,0.35135478,-2.2583377,-0.15504013,-2.142173,-0.7633558,3.3797705,1.01451,0.4818166,-2.1578832,-1.9669117,2.2336283,-3.5773218,-2.9411316,-0.8327349,1
3.0,3,0.62353885,1.5631187,7.784876,11.379577,-1.0941973,-2.760473,0.351314,-2.2583761,-0.15496975,-2.142209,-0.76334536,3.3798137,1.014567,0.4819055,-2.1578338,-1.9668936,2.2335663,-3.5773616,-2.9411275,-0.8327271,1
0.0,0,12.826521,4.703597,1.5759289,-2.115186,-2.7653577,-2.026906,1.1450373,-2.5872939,-3.0004995,0.320871,-1.4076738,-1.5797516,2.1911502,-0.7899514,-1.3946018,-2.4985683,-0.8316168,-0.776655,-1.681508,-3.4227228,1
0.0,0,12.82651,4.7037497,1.5765144,-2.1152632,-2.7649071,-2.0268013,1.1451849,-2.5873103,-3.000702,0.3206733,-1.407702,-1.5799191,2.1906786,-0.7901662,-1.3946297,-2.4984617,-0.83129066,-0.77668643,-1.6815255,-3.4226527,1
0.0,0,12.826534,4.7038827,1.5765424,-2.1152916,-2.7649364,-2.026795,1.1450739,-2.5873075,-3.0006292,0.32070065,-1.4077452,-1.5799382,2.190627,-0.790196,-1.3946062,-2.498486,-0.83135194,-0.77666926,-1.6815147,-3.42263,1
0.0,0,12.826533,4.7038407,1.5765111,-2.1152782,-2.7649376,-2.0267975,1.1451076,-2.587312,-3.0006404,0.3206954,-1.4077396,-1.5799235,2.1906624,-0.790175,-1.3946072,-2.4984782,-0.8313521,-0.7766844,-1.6815186,-3.4226441,1
0.0,0,12.826515,4.703757,1.5765064,-2.115263,-2.7649171,-2.026802,1.1451764,-2.5873108,-3.0006886,0.32067883,-1.40771,-1.579918,2.1906872,-0.79016143,-1.3946235,-2.4984655,-0.831306,-0.7766909,-1.6815264,-3.4226532,1
0.0,0,12.826504,4.703722,1.5765027,-2.115258,-2.7649004,-2.0268013,1.1452113,-2.587312,-3.0007157,0.32066458,-1.407696,-1.5799129,2.1906962,-0.79015183,-1.3946325,-2.4984562,-0.83128285,-0.7766949,-1.6815265,-3.42266,1
3.0,3,1.2058176,2.3238008,7.405964,11.901504,-0.81814986,-3.0106723,0.23663022,-1.6772077,-1.0044901,-2.4809093,-0.35012013,3.0932813,-0.32199135,-0.69644934,-2.2213907,-2.1801207,2.736461,-2.8945837,-2.8864403,-0.42667407,1
3.0,3,1.2050076,2.3232172,7.408555,11.899346,-0.8177144,-3.0107555,0.23657523,-1.6788408,-1.0029343,-2.481065,-0.3499061,3.0938635,-0.3200823,-0.69491,-2.2209742,-2.1801324,2.7356384,-2.8956394,-2.8867054,-0.42701653,1
3.0,3,1.2050635,2.3232062,7.4084024,11.899467,-0.8177409,-3.0107381,0.23661663,-1.6787628,-1.0030324,-2.4810448,-0.3499341,3.0938408,-0.32013866,-0.69499177,-2.2210195,-2.1801472,2.7357113,-2.895585,-2.8866894,-0.42702,1
3.0,3,1.2050474,2.323215,7.4084253,11.899454,-0.81773746,-3.0107446,0.2365946,-1.6787785,-1.0030053,-2.4810522,-0.3499292,3.0938518,-0.320132,-0.69496554,-2.221001,-2.180141,2.7356846,-2.8955986,-2.8866887,-0.427017,1
3.0,3,1.2050422,2.3232336,7.4084897,11.899401,-0.81772816,-3.010752,0.23658417,-1.6787974,-1.002981,-2.4810565,-0.34991872,3.0938458,-0.32012793,-0.69495374,-2.2209952,-2.1801405,2.735668,-2.8956099,-2.8866966,-0.42701316,1
3.0,3,1.2049469,2.3232098,7.4086857,11.899245,-0.8176868,-3.0107694,0.2365423,-1.6789163,-1.0028406,-2.4810834,-0.34988216,3.0938895,-0.32001513,-0.69482666,-2.220933,-2.18012,2.7355726,-2.895691,-2.8867157,-0.42701545,1
15.0,4,-1.1172949,-0.044892255,-2.1060967,-2.8084893,13.2889,8.672125,1.7083454,-0.43369585,-2.0228481,-3.6970215,-2.0978217,-0.78438973,0.13528243,-3.1774266,3.3465352,4.461406,-3.681307,-1.9199742,-2.4789865,-2.746855,0
15.0,4,-1.1131637,-0.040687893,-2.1025085,-2.8073547,13.295402,8.659211,1.7023126,-0.4352351,-2.020959,-3.7041626,-2.0925858,-0.7837143,0.13873072,-3.1741168,3.3498209,4.449649,-3.6766844,-1.9154462,-2.4803486,-2.744872,0
15.0,4,-1.1154518,-0.049156073,-2.1068714,-2.8062105,13.286936,8.682945,1.7190003,-0.42802188,-2.0279992,-3.6930776,-2.1005611,-0.78956056,0.14545757,-3.1772747,3.3352544,4.450706,-3.6802235,-1.9180669,-2.4778578,-2.7523367,0
15.0,4,-1.113202,-0.045530606,-2.104458,-2.8061504,13.291162,8.672505,1.7128081,-0.43085787,-2.025269,-3.698092,-2.0971334,-0.7875426,0.14448926,-3.1755798,3.3396943,4.447005,-3.6778882,-1.9162065,-2.4786916,-2.7497997,0
15.0,4,-1.1126436,-0.043349776,-2.1033523,-2.8064573,13.293281,8.666489,1.7085208,-0.4327136,-2.0234475,-3.7009006,-2.0951312,-0.78602916,0.14270172,-3.1747909,3.3434331,4.4468303,-3.6770167,-1.9155734,-2.479312,-2.7478738,0
15.0,4,-1.1156793,-0.044504095,-2.1048605,-2.8074589,13.291471,8.669029,1.708306,-0.43248641,-2.0237303,-3.6992593,-2.095804,-0.7857873,0.13954109,-3.1758864,3.3459167,4.453871,-3.678936,-1.9172753,-2.4797993,-2.747195,0
15.0,14,-2.4503214,-1.3135511,-2.0821276,0.14365444,-0.60396475,1.3850293,-0.5281476,3.8049748,-2.9135802,-2.2946072,-0.9482872,-1.7413735,-0.7268283,0.24176575,11.724643,6.6043425,-3.2196686,-2.5905404,-3.548209,-0.12712213,0
15.0,14,-2.4470649,-1.3141192,-2.077715,0.14384188,-0.6051009,1.377032,-0.5299795,3.7942855,-2.9112954,-2.2954202,-0.9441172,-1.7405207,-0.72621316,0.23813953,11.727535,6.6073065,-3.2163641,-2.5901356,-3.5494852,-0.12497085,0
15.0,14,-2.4472024,-1.3141879,-2.0780435,0.14384046,-0.6050837,1.3774297,-0.529147,3.7959774,-2.9117324,-2.2951243,-0.9446438,-1.7405648,-0.7269258,0.23786737,11.726665,6.60759,-3.216483,-2.5905201,-3.5488915,-0.12500897,0
15.0,14,-2.4472935,-1.3141215,-2.0781195,0.14381783,-0.60508305,1.3776288,-0.52933127,3.7959566,-2.9116879,-2.2951558,-0.9446853,-1.7405643,-0.7267668,0.23812135,11.726759,6.6073966,-3.2165842,-2.5904427,-3.5489693,-0.12509544,0
15.0,14,-2.4471629,-1.3141267,-2.0779252,0.14384063,-0.6051275,1.3773046,-0.5295607,3.7952456,-2.9115193,-2.295244,-0.94444215,-1.740531,-0.7265697,0.23807666,11.727042,6.607419,-3.2164626,-2.5903442,-3.5491474,-0.1250362,0
15.0,14,-2.447079,-1.3141396,-2.077802,0.14384738,-0.60513115,1.3771014,-0.52968293,3.7948275,-2.9114325,-2.2953026,-0.9442918,-1.740516,-0.72647965,0.23801291,11.727209,6.6074553,-3.2163794,-2.5902882,-3.5492542,-0.12498033,0
12.0,12,-0.106181294,-2.2330115,0.115418464,0.5435804,-2.6672277,-0.2970095,-2.298445,-2.3990932,2.3119383,-0.015619062,-1.0307448,1.8739927,13.948658,3.1633663,0.14993462,-2.1923735,-2.4996216,-1.7898436,-1.415748,-3.1602616,1
12.0,12,-0.106290616,-2.2332444,0.11460504,0.5435974,-2.667146,-0.2964234,-2.2982268,-2.3985684,2.31134,-0.015268907,-1.030991,1.8735067,13.948715,3.1632512,0.14986424,-2.1923685,-2.499693,-1.7895782,-1.4155189,-3.1598468,1
12.0,12,-0.10604893,-2.2332954,0.114399135,0.54362696,-2.6672235,-0.29629064,-2.298228,-2.3983898,2.311466,-0.015129216,-1.0311613,1.8734951,13.948592,3.1624599,0.14962494,-2.1924725,-2.4995422,-1.789374,-1.4149908,-3.159704,1
12.0,12,-0.10613583,-2.233272,0.114551604,0.5435869,-2.6671875,-0.29636943,-2.298303,-2.3984702,2.3116841,-0.015164927,-1.0311086,1.873447,13.948607,3.1624696,0.14969091,-2.192463,-2.499548,-1.7894764,-1.4150901,-3.1597018,1
12.0,12,-0.10620235,-2.233256,0.11463186,0.5435715,-2.6671646,-0.2964161,-2.2983232,-2.3985255,2.311717,-0.0152006075,-1.0310626,1.8734416,13.948638,3.1626217,0.14975205,-2.192442,-2.4995768,-1.7895406,-1.4152138,-3.1597292,1
12.0,12,-0.10627352,-2.2332473,0.11468624,0.5435578,-2.667136,-0.29644823,-2.2983346,-2.398578,2.3117144,-0.01523377,-1.0310153,1.8734301,13.948668,3.1627808,0.1498112,-2.1924133,-2.4996064,-1.7895879,-1.4153337,-3.1597476,1
2.0,2,0.4804573,2.4293456,13.252953,-0.12022045,0.1494697,-2.6385744,0.21943326,-1.8325279,0.9891762,1.1305543,0.43638152,-1.474473,-0.58792764,-0.64010596,-2.0015738,-1.3880601,0.6529068,-2.8467917,-3.0649655,0.3171603,1
2.0,2,0.48045608,2.429344,13.2529545,-0.12022538,0.14946717,-2.6385748,0.21943437,-1.8325286,0.9891773,1.1305547,0.4363822,-1.4744716,-0.58792675,-0.6401004,-2.0015724,-1.3880596,0.6529051,-2.8467917,-3.0649652,0.31715885,1
2.0,2,0.4804568,2.4293432,13.252956,-0.12022629,0.14946651,-2.6385741,0.21943504,-1.8325285,0.9891765,1.1305567,0.4363819,-1.474472,-0.58792645,-0.6401011,-2.0015736,-1.3880599,0.6529051,-2.8467917,-3.064965,0.31715885,1
2.0,2,0.480456,2.4293435,13.252957,-0.12022566,0.14946595,-2.6385753,0.21943446,-1.8325282,0.9891766,1.1305559,0.43638176,-1.4744723,-0.5879267,-0.6400999,-2.0015724,-1.3880602,0.65290505,-2.8467913,-3.0649648,0.31715938,1
2.0,2,0.48045656,2.4293444,13.252956,-0.12022488,0.14946632,-2.6385753,0.21943407,-1.832528,0.98917586,1.1305568,0.43638155,-1.4744723,-0.58792716,-0.64009935,-2.0015726,-1.3880601,0.6529048,-2.8467917,-3.0649655,0.31715932,1
2.0,2,0.48045582,2.429343,13.252957,-0.12022515,0.14946519,-2.6385753,0.2194346,-1.8325275,0.9891766,1.1305573,0.4363818,-1.4744725,-0.58792686,-0.6400999,-2.001573,-1.3880608,0.65290517,-2.8467908,-3.0649652,0.31715962,1
16.0,11,-1.1387819,-2.1029866,-0.79507345,0.64901143,5.5541687,-2.6718707,-3.0865405,-4.5476294,-1.968044,0.7784689,4.54368,8.444935,-2.0079873,-1.2857633,-2.5459995,-1.2963309,5.2448773,6.037294,-1.8965701,-3.0001442,0
16.0,11,-1.1395113,-2.0983393,-0.7912799,0.63950115,5.5809774,-2.6624963,-3.0832164,-4.5507607,-1.963191,0.7773088,4.542881,8.431857,-2.007037,-1.2841412,-2.5405335,-1.2865015,5.227099,6.0183935,-1.898786,-2.9979603,0
16.0,11,-1.1395507,-2.0982327,-0.79103357,0.6387332,5.582426,-2.6618526,-3.0828412,-4.5507812,-1.9629713,0.7778053,4.5426736,8.430739,-2.007174,-1.284372,-2.5404441,-1.28591,5.2263346,6.017598,-1.8988699,-2.9978364,0
16.0,11,-1.1395532,-2.0984843,-0.7911669,0.63922244,5.581074,-2.6625369,-3.083054,-4.5506973,-1.9631186,0.7776085,4.5430756,8.431423,-2.0072198,-1.2844332,-2.5406995,-1.2863858,5.227393,6.0184608,-1.8988246,-2.997901,0
16.0,11,-1.1395521,-2.0984378,-0.79121685,0.63938016,5.5810165,-2.6625748,-3.083154,-4.550741,-1.9631187,0.7773739,4.5429406,8.431619,-2.007129,-1.2843314,-2.5406203,-1.2864609,5.227443,6.0184712,-1.8987905,-2.997917,0
16.0,11,-1.1395557,-2.0984402,-0.7912999,0.63959724,5.5806947,-2.662626,-3.0832272,-4.550728,-1.9631965,0.7773073,4.5428653,8.431944,-2.0070918,-1.2842242,-2.5406382,-1.2865835,5.227497,6.0185895,-1.898761,-2.9979627,0
14.0,14,-3.7948227,-0.2869321,-1.9867859,-1.1472869,-2.2753184,0.0447537,-3.6293635,-0.84717596,-0.57985824,-1.9127195,-0.32370356,-0.5447966,1.3793098,9.005432,9.857755,3.7986012,-3.6050432,-0.98331374,-3.213323,-0.6041437,1
14.0,14,-3.794005,-0.2883836,-1.987017,-1.1448104,-2.2752182,0.043981608,-3.6294456,-0.84840053,-0.58101106,-1.9135946,-0.3244584,-0.54438454,1.3788462,8.999237,9.862132,3.8036487,-3.6036313,-0.98412985,-3.2142227,-0.6034899,1
14.0,14,-3.7937646,-0.28868702,-1.9866042,-1.1440648,-2.2752566,0.043538712,-3.6293838,-0.8488712,-0.5811304,-1.913897,-0.32502902,-0.54436284,1.3786188,8.997745,9.863276,3.8053267,-3.6031976,-0.9847755,-3.214357,-0.60313576,1
14.0,14,-3.7938292,-0.2887065,-1.9868016,-1.1441294,-2.2752974,0.043626208,-3.629367,-0.84876007,-0.58118355,-1.9137566,-0.32488596,-0.5443147,1.3786521,8.997834,9.86308,3.8052337,-3.603306,-0.9846409,-3.2143803,-0.6032542,1
14.0,14,-3.79391,-0.28858513,-1.9869174,-1.1443847,-2.2752964,0.043752223,-3.6293857,-0.84858996,-0.58113027,-1.9136571,-0.324701,-0.5443199,1.3787278,8.998415,9.862647,3.804619,-3.6034513,-0.9844309,-3.2143207,-0.6033635,1
14.0,14,-3.7938447,-0.28858194,-1.986899,-1.1442456,-2.2753973,0.043513007,-3.6294072,-0.84852105,-0.58116287,-1.9136806,-0.3246401,-0.54424894,1.3787977,8.998499,9.862606,3.80443,-3.6033816,-0.9843978,-3.2143407,-0.60331565,1
10.0,10,-1.8540072,-2.2618585,0.37279984,0.17877397,-0.7717093,-4.6355963,0.469867,0.1615744,-0.7838493,-1.2907425,14.175674,3.3691359,-2.4009955,1.2113001,-2.5005105,-1.0140858,1.3891188,3.1075165,-2.7300384,-0.9813699,1
10.0,10,-1.8533099,-2.2612996,0.37303734,0.17963691,-0.771889,-4.6367054,0.4683661,0.15924965,-0.78331804,-1.2914062,14.175514,3.3724809,-2.4007401,1.2113845,-2.5005033,-1.0143657,1.389677,3.106875,-2.729616,-0.9813691,1
10.0,10,-1.8532968,-2.2613487,0.37319252,0.17987694,-0.7715554,-4.636842,0.4683684,0.15903541,-0.7832995,-1.2917414,14.175507,3.3722231,-2.4005158,1.211546,-2.5004056,-1.0144643,1.3898374,3.1070318,-2.7296028,-0.9813083,1
10.0,10,-1.8532909,-2.261343,0.3731734,0.17992216,-0.771649,-4.6368527,0.46837533,0.15907227,-0.78329456,-1.2916929,14.175505,3.3723042,-2.400526,1.2115465,-2.5004454,-1.0144764,1.3898238,3.1069489,-2.729611,-0.98131883,1
10.0,10,-1.8532922,-2.2613366,0.37310597,0.17986272,-0.77179074,-4.6367984,0.468383,0.15917031,-0.7833067,-1.2915491,14.175516,3.372416,-2.4006255,1.2114327,-2.5004997,-1.0144362,1.389781,3.1068861,-2.7296162,-0.98134166,1
10.0,10,-1.853318,-2.2612162,0.3730628,0.17954671,-0.7719197,-4.636789,0.46826982,0.15912771,-0.78326243,-1.291487,14.175453,3.3725636,-2.4006312,1.2117659,-2.5004616,-1.0144297,1.3895994,3.1068068,-2.7295902,-0.9813778,1
19.0,19,-2.7213056,-1.756199,-0.11113298,-0.54030037,-0.655714,-1.7497708,-1.2595646,-0.0688033,0.45843095,0.17512141,-1.1601472,-1.3458077,-2.902339,-2.3942509,0.36739764,1.2724073,-0.5224594,-0.33454672,8.256695,13.7859,1
19.0,19,-2.72155,-1.7569708,-0.10940115,-0.54070216,-0.65565926,-1.7501215,-1.2593054,-0.06927924,0.45842347,0.1762177,-1.1602275,-1.3463922,-2.9023023,-2.3952453,0.3673911,1.2728517,-0.52197635,-0.33449537,8.255107,13.786311,1
19.0,19,-2.7217464,-1.7572981,-0.10814901,-0.54095674,-0.65543455,-1.7505231,-1.2593018,-0.06965854,0.45864215,0.17664513,-1.160206,-1.3469733,-2.902267,-2.395974,0.3676846,1.2732981,-0.5216523,-0.33474988,8.253483,13.786854,1
19.0,19,-2.7216961,-1.7571764,-0.10849537,-0.54087573,-0.6554618,-1.7504238,-1.2593058,-0.06954472,0.45857617,0.17645383,-1.1601926,-1.3468281,-2.9022806,-2.3957632,0.36764145,1.2731922,-0.5217435,-0.33471692,8.253866,13.786734,1
19.0,19,-2.7216294,-1.7570668,-0.10891797,-0.5407908,-0.655534,-1.7502882,-1.2593069,-0.06941813,0.45850524,0.17630626,-1.1602004,-1.3466318,-2.9022923,-2.395516,0.36754206,1.2730405,-0.52185136,-0.33463115,8.254417,13.786544,1
19.0,19,-2.7215922,-1.7569865,-0.1091397,-0.5407357,-0.65556866,-1.7502222,-1.2593092,-0.06933749,0.45844594,0.17620535,-1.1601945,-1.3465464,-2.9022963,-2.395386,0.3675166,1.2729813,-0.52192205,-0.33461395,8.254644,13.786479,1
0.0,0,13.137957,4.7412853,0.40441817,-1.7718186,-1.9467018,-2.2125812,2.0600357,-2.3205872,-3.3268669,0.6676118,-0.9508112,-0.8297725,1.011993,-1.590189,-1.2533711,-1.4347312,-1.4813458,-2.2213957,-2.3265154,-3.2170365,1
0.0,0,13.140606,4.775136,0.39917025,-1.7784263,-1.9363896,-2.2103748,2.0459235,-2.3213894,-3.3240447,0.67580634,-0.95358384,-0.8227259,0.98932666,-1.592252,-1.2497462,-1.4248431,-1.4963331,-2.2245011,-2.330703,-3.2172348,1
0.0,0,13.142375,4.7851624,0.39890882,-1.7824565,-1.9354525,-2.2082865,2.03887,-2.3224478,-3.3185508,0.68058634,-0.9585403,-0.82409626,0.9825692,-1.59702,-1.2502552,-1.4229317,-1.4996723,-2.223734,-2.327643,-3.2145762,1
0.0,0,13.142255,4.7839813,0.39954734,-1.7815324,-1.9359075,-2.2088575,2.0393536,-2.322178,-3.319647,0.6788784,-0.9577782,-0.8240584,0.98394805,-1.5959389,-1.2498766,-1.4236531,-1.49894,-2.2239206,-2.3277688,-3.2144392,1
0.0,0,13.141823,4.78194,0.39963138,-1.780425,-1.9359974,-2.209482,2.0409572,-2.3218641,-3.3212733,0.6774302,-0.95636976,-0.82349664,0.98545974,-1.5944855,-1.2495619,-1.4240673,-1.4982734,-2.2242494,-2.3287048,-3.2151093,1
0.0,0,13.141416,4.7817745,0.3990105,-1.7797046,-1.935215,-2.2099445,2.042158,-2.3215427,-3.3229463,0.67667514,-0.9548431,-0.822091,0.9853392,-1.5931128,-1.2490396,-1.4235631,-1.4986565,-2.2248464,-2.3302448,-3.216194,1
16.0,16,-1.1596924,-1.9625208,-1.4302509,3.7375946,0.65774345,-3.21737,-2.8202562,-3.8140945,-1.3515903,-3.1031783,-0.37407386,9.444539,-2.0792513,-1.4839641,-0.79863787,-1.2257702,10.441901,4.2974367,-0.44754088,-1.7586361,1
16.0,16,-1.1470555,-1.954436,-1.4289994,3.7448702,0.6819003,-3.2280805,-2.8179374,-3.8292742,-1.3428164,-3.1111228,-0.3804825,9.465074,-2.0649757,-1.4733878,-0.7905539,-1.2149786,10.413982,4.2442064,-0.45598254,-1.7610106,1
16.0,16,-1.1348519,-1.9504708,-1.4240472,3.7427328,0.7179974,-3.2377133,-2.8101661,-3.8436875,-1.3296936,-3.1238227,-0.39164233,9.462719,-2.0493102,-1.4725286,-0.77713567,-1.200398,10.403807,4.1883564,-0.47042087,-1.7599379,1
16.0,16,-1.1391262,-1.9503279,-1.4273453,3.7486017,0.6916981,-3.2368946,-2.8158684,-3.837992,-1.3361518,-3.1143901,-0.38264543,9.475625,-2.055653,-1.4678146,-0.78715616,-1.2085791,10.40157,4.2108436,-0.46389067,-1.7620537,1
16.0,16,-1.1422994,-1.9515489,-1.428375,3.7489219,0.6810676,-3.2350729,-2.8179421,-3.8341322,-1.3393979,-3.1109772,-0.37900236,9.475093,-2.060174,-1.4687191,-0.7911289,-1.2125332,10.406282,4.2262435,-0.45988485,-1.7618355,1
16.0,16,-1.1408507,-1.954984,-1.4233477,3.7416322,0.68267846,-3.241667,-2.8145614,-3.834887,-1.3340974,-3.1150773,-0.37709755,9.45107,-2.062484,-1.480823,-0.79087883,-1.2100909,10.433916,4.2267733,-0.4604019,-1.7548809,1
2.0,2,-0.25677848,0.34439564,12.515061,-0.8653899,-2.1740682,-2.5468323,0.82602954,-1.2068998,-0.45085052,2.2476892,0.44345978,-1.3155316,1.6180961,3.100598,-1.9244789,-2.3493268,0.32295156,-1.995526,-3.6781614,-0.8609823,1
2.0,2,-0.25677893,0.3444051,12.515068,-0.86539245,-2.1740603,-2.5468292,0.8260274,-1.2068988,-0.4508424,2.2476754,0.44345987,-1.3155339,1.6180947,3.1006052,-1.9244761,-2.3493264,0.3229466,-1.9955322,-3.6781623,-0.8609842,1
2.0,2,-0.256776,0.34440446,12.515073,-0.8653944,-2.1740568,-2.5468292,0.82602835,-1.2069001,-0.45083448,2.2476816,0.44346076,-1.3155371,1.6180892,3.1005783,-1.9244782,-2.3493223,0.32294938,-1.9955322,-3.6781602,-0.86098146,1
2.0,2,-0.25677687,0.34440166,12.51507,-0.86539924,-2.1740582,-2.5468287,0.82602876,-1.2068999,-0.45083505,2.24769,0.44345924,-1.3155372,1.6180874,3.1005795,-1.9244787,-2.3493204,0.32294685,-1.99553,-3.6781578,-0.8609815,1
2.0,2,-0.25677815,0.34440172,12.51507,-0.8654001,-2.1740596,-2.5468283,0.8260275,-1.2068992,-0.4508364,2.2476904,0.44345877,-1.3155365,1.6180861,3.100586,-1.9244779,-2.349321,0.3229462,-1.9955298,-3.6781578,-0.8609805,1
2.0,2,-0.25677824,0.34440064,12.515069,-0.8654027,-2.1740592,-2.5468276,0.82602847,-1.2068987,-0.45083573,2.2476943,0.44345796,-1.3155378,1.6180838,3.1005816,-1.9244784,-2.34932,0.32294625,-1.9955288,-3.6781566,-0.8609792,1
3.0,3,0.75840783,-0.5099166,2.328746,13.412621,-1.7138598,-2.6781888,0.20652327,-1.0325769,-0.93524945,-2.6197832,-2.2700944,2.4806275,1.5307312,-1.1904255,-1.4974601,-2.41398,5.8832984,-1.2996078,-1.2664335,-0.5751607,1
3.0,3,0.7507777,-0.50522137,2.3715286,13.399538,-1.7081811,-2.6856143,0.19662973,-1.0382284,-0.9215223,-2.6277375,-2.2790167,2.4673152,1.5453556,-1.1719424,-1.4824076,-2.4198115,5.875013,-1.3025826,-1.273283,-0.57279867,1
3.0,3,0.75058585,-0.5057969,2.3666744,13.40176,-1.7100519,-2.6850982,0.19620162,-1.0387106,-0.921943,-2.6278026,-2.278967,2.4702468,1.5454105,-1.1710337,-1.480436,-2.4173272,5.873429,-1.3045725,-1.2730284,-0.57257056,1
3.0,3,0.7509658,-0.50578916,2.3661108,13.401611,-1.7094824,-2.6849122,0.19650835,-1.0382878,-0.9223617,-2.6272845,-2.2787666,2.4699159,1.5448741,-1.171839,-1.4819198,-2.418377,5.8742127,-1.3032334,-1.272449,-0.5727378,1
3.0,3,0.75104994,-0.5055367,2.3682592,13.400623,-1.7086719,-2.6851475,0.19670701,-1.0380819,-0.92216974,-2.6272762,-2.2787745,2.4686217,1.5448401,-1.1722659,-1.4827741,-2.4194322,5.8749385,-1.3023934,-1.2725817,-0.5728341,1
3.0,3,0.7514668,-0.5057302,2.3664248,13.40102,-1.7090224,-2.6849551,0.19691463,-1.0379738,-0.9227375,-2.6266327,-2.2784357,2.4692838,1.5443513,-1.1727706,-1.4838724,-2.4198875,5.8757944,-1.3017062,-1.2720305,-0.5730808,1
7.0,7,-3.2387545,-4.472839,-1.7373228,0.7085161,2.0208576,1.7767159,10.061408,12.746021,-3.3142254,-0.10059884,0.88901156,-3.3200066,-3.2434196,-2.3560994,-1.4946585,0.65470403,-1.7445601,-2.1287754,-1.3464721,0.22550133,1
7.0,7,-3.2349865,-4.4662604,-1.7319188,0.71709746,2.0160625,1.7754971,10.049883,12.753541,-3.3111756,-0.10825433,0.88779724,-3.3119848,-3.2266388,-2.3428288,-1.5017204,0.6161713,-1.7428763,-2.1234844,-1.3329864,0.224222,1
7.0,7,-3.2360325,-4.4475775,-1.7156913,0.73614323,1.9969554,1.7793725,10.001638,12.777891,-3.302932,-0.12293647,0.88120055,-3.290334,-3.1852703,-2.3041425,-1.5057956,0.5272186,-1.7408838,-2.1119978,-1.3065914,0.22112799,1
7.0,7,-3.236356,-4.446009,-1.7148798,0.73707306,1.9940748,1.7798378,9.996954,12.779853,-3.3017802,-0.12314746,0.8806336,-3.2887442,-3.182692,-2.3019054,-1.5059367,0.52168864,-1.740603,-2.1109107,-1.3047303,0.22133836,1
7.0,7,-3.2340708,-4.4489765,-1.7169311,0.73530006,1.9972874,1.7760038,10.007639,12.775569,-3.3026829,-0.12254387,0.8845636,-3.2913816,-3.1873934,-2.3067498,-1.5093429,0.5296326,-1.7389402,-2.1112757,-1.307018,0.22038516,1
7.0,7,-3.230581,-4.4558063,-1.7213432,0.73099077,2.0061686,1.7697529,10.030181,12.766148,-3.3057728,-0.120908156,0.8912986,-3.2980673,-3.1987114,-2.317697,-1.5133404,0.55133426,-1.7371849,-2.1136508,-1.3139865,0.21881723,1
13.0,13,-2.6605973,1.3792572,-0.31032923,-2.3445785,-2.9873242,-1.6102558,-1.950655,-0.29852492,0.66795117,0.52165353,0.027875103,1.2905514,0.49376863,13.812762,0.32951444,-2.137651,-2.6731198,-0.8076376,-0.15743709,-0.65504724,1
13.0,13,-2.660611,1.3794031,-0.31036708,-2.3445787,-2.9874592,-1.6102515,-1.9506711,-0.2981762,0.66799945,0.5220462,0.027720295,1.2904235,0.49339944,13.81269,0.32934922,-2.137654,-2.6731431,-0.80774456,-0.15747449,-0.6550141,1
13.0,13,-2.6606188,1.3794497,-0.31045076,-2.3445485,-2.9874403,-1.6102111,-1.9506373,-0.29807517,0.6678794,0.52213174,0.027727433,1.2903807,0.49328426,13.81268,0.32935673,-2.137617,-2.6731904,-0.8077701,-0.15752643,-0.6549765,1
13.0,13,-2.6606185,1.3794364,-0.31043282,-2.344556,-2.987439,-1.6102177,-1.9506471,-0.29809943,0.6678992,0.5221107,0.027732395,1.2903885,0.49330872,13.812685,0.32936114,-2.1376276,-2.6731787,-0.8077575,-0.15751877,-0.65498346,1
13.0,13,-2.6606154,1.379419,-0.31040278,-2.344567,-2.9874454,-1.6102328,-1.9506605,-0.29813623,0.66794246,0.5220781,0.027730651,1.2904046,0.49335015,13.812683,0.32935858,-2.137642,-2.6731603,-0.807747,-0.1574992,-0.65499693,1
13.0,13,-2.6606169,1.3794067,-0.31038103,-2.3445773,-2.9874485,-1.6102383,-1.9506701,-0.2981563,0.6679679,0.52206606,0.027730174,1.2904114,0.49337178,13.812688,0.32935888,-2.1376505,-2.6731505,-0.80773944,-0.15749243,-0.65500706,1
16.0,16,-1.3962446,-2.5138443,-0.62370455,1.868684,-2.4904084,-5.527301,-3.9242177,-3.1127694,-0.48232546,-1.57552,5.681843,7.3845043,-2.9050627,-2.8898706,-2.9699001,-2.885358,12.590919,8.445572,-0.50957406,-1.1629858,1
16.0,16,-1.3838254,-2.5298307,-0.5867788,1.8525733,-2.5000553,-5.531849,-3.8602486,-3.064957,-0.42262554,-1.5840068,5.559811,7.193845,-2.8964858,-2.956889,-2.9956715,-2.8742018,12.738001,8.362584,-0.48205832,-1.1142913,1
16.0,16,-1.3745456,-2.541353,-0.55985683,1.8521403,-2.514754,-5.542391,-3.8095987,-3.0212991,-0.37678152,-1.5955654,5.471759,7.0536695,-2.890701,-3.006986,-3.01141,-2.8649876,12.84656,8.283709,-0.46327165,-1.0723218,1
16.0,16,-1.3766955,-2.538777,-0.56613004,1.8541934,-2.5126717,-5.5421114,-3.8224506,-3.0341563,-0.3884783,-1.5924122,5.497951,7.093949,-2.8913736,-2.9923246,-3.00864,-2.8680515,12.817832,8.301351,-0.46883717,-1.0838002,1
16.0,16,-1.3788302,-2.5361905,-0.57244563,1.8544154,-2.5094628,-5.5403547,-3.8346343,-3.044982,-0.39945832,-1.5895704,5.521316,7.1278996,-2.8926198,-2.9800522,-3.0050416,-2.8705387,12.791438,8.320349,-0.47367653,-1.0939021,1
16.0,16,-1.3795593,-2.5353184,-0.5751964,1.8524158,-2.5067031,-5.5412526,-3.8408067,-3.050411,-0.40472367,-1.5884637,5.543297,7.1402583,-2.893534,-2.9748006,-3.002684,-2.872745,12.777646,8.3331785,-0.47773498,-1.0980289,1
13.0,3,3.1446187,3.9722977,6.00233,10.025978,-1.8704543,-4.424754,-2.446629,-1.3884276,2.7614179,-0.96042997,2.404442,2.601394,0.11335926,-1.5945162,-2.210609,-2.5270674,-0.44341597,-3.5995886,-3.6697404,-1.5198084,0
13.0,3,3.1423478,3.9700072,6.002209,10.025781,-1.8710212,-4.425064,-2.447583,-1.3900652,2.764451,-0.96038026,2.4042532,2.602604,0.116666794,-1.592073,-2.20959,-2.5265758,-0.44432187,-3.6004162,-3.670323,-1.5212282,0
13.0,3,3.1418703,3.9693344,6.0028877,10.025783,-1.8709362,-4.4252276,-2.4469628,-1.3896458,2.764184,-0.9605045,2.4047172,2.601914,0.11669589,-1.592349,-2.2094393,-2.526572,-0.44398937,-3.600506,-3.6708136,-1.5209718,0
13.0,3,3.1420002,3.969418,6.002695,10.026102,-1.8709099,-4.4251375,-2.4468718,-1.3895366,2.763768,-0.9605412,2.40468,2.6020553,0.116538346,-1.5923771,-2.2095726,-2.5266638,-0.44390613,-3.6003854,-3.6706905,-1.5208904,0
13.0,3,3.1421435,3.9695804,6.00268,10.026096,-1.870885,-4.425107,-2.4468942,-1.3895227,2.7636662,-0.96054643,2.4046302,2.602067,0.11641428,-1.592447,-2.2096217,-2.526693,-0.4438937,-3.600345,-3.6706293,-1.5208616,0
13.0,3,3.142171,3.969611,6.0022817,10.026388,-1.8709444,-4.425015,-2.44701,-1.3896126,2.7635942,-0.9605208,2.4045167,2.6024392,0.11649797,-1.5922326,-2.209706,-2.5267193,-0.4439747,-3.6002772,-3.6704478,-1.5209447,0
11.0,10,-2.390727,-4.5276494,-1.225502,5.5739784,-0.81776786,-7.0120306,0.137283,-0.6053305,-0.58615094,-2.2366552,11.4682665,5.5515294,-3.2222352,-1.9760691,-2.7593505,-0.72850853,8.586951,2.9293814,-1.6958493,0.35153565,0
11.0,10,-2.457991,-4.5516777,-1.2763834,5.51745,-0.54429674,-6.9723296,0.53935605,-0.15297925,-0.6821738,-2.270442,11.714669,5.2345634,-3.3123775,-1.8686359,-2.7711246,-0.75111496,8.089195,2.8639605,-1.6885436,0.39665592,0
11.0,10,-2.7755792,-4.970511,-1.898951,6.5845294,-0.35745516,-6.747877,2.4571621,1.8527576,-1.2007191,-2.3394186,11.016168,4.5655017,-3.513523,-1.6124921,-2.7124944,-0.51992244,6.8902206,1.8704612,-1.5907711,0.5630011,0
11.0,10,-2.7911696,-4.987822,-1.9292456,6.640624,-0.32396588,-6.724884,2.5386474,1.9354315,-1.2229509,-2.3422644,10.946123,4.539225,-3.513742,-1.5948062,-2.6934643,-0.49703014,6.8220634,1.8108914,-1.5860937,0.566581,0
11.0,10,-2.7376764,-4.9236746,-1.832786,6.447356,-0.38713256,-6.7697797,2.3105414,1.6887356,-1.1577321,-2.3390114,11.146724,4.601352,-3.501045,-1.6280037,-2.7409997,-0.56922567,6.9712234,1.9805472,-1.5968838,0.5474187,0
11.0,10,-2.6082382,-4.788938,-1.7365983,6.322362,-0.5874602,-6.8079753,2.0026402,1.3431253,-1.0914187,-2.343891,11.409895,4.74377,-3.4077923,-1.5341991,-2.8510263,-0.83406186,7.1088157,2.2289097,-1.5466127,0.5114826,0
16.0,16,-0.9803727,-2.7909143,0.2099425,2.6072314,-2.241499,-4.6966076,-0.92448986,-1.7789656,0.32674906,-1.9048742,1.4256932,2.8874862,-2.1766467,-3.9631927,-3.072543,-1.4042267,14.21769,3.9654758,-0.4358426,-0.20888855,1
16.0,16,-0.9834399,-2.7946267,0.21154942,2.615532,-2.2415016,-4.702412,-0.9140211,-1.7725343,0.32593578,-1.9087567,1.4337865,2.8901393,-2.1830573,-3.9656687,-3.0755122,-1.3982341,14.217129,3.948506,-0.43807045,-0.20455353,1
16.0,16,-0.9836797,-2.7951286,0.21070017,2.6183903,-2.2420073,-4.7023463,-0.9117583,-1.7712005,0.3248922,-1.9095169,1.4312314,2.893349,-2.1838193,-3.966365,-3.0759628,-1.3965685,14.216548,3.945023,-0.43773314,-0.20480064,1
16.0,16,-0.9833994,-2.7950244,0.21085288,2.6184502,-2.2421598,-4.702231,-0.91224575,-1.7720644,0.32507536,-1.9093728,1.431032,2.8937578,-2.1828487,-3.965929,-3.0759716,-1.3969972,14.216553,3.945063,-0.4378341,-0.2052603,1
16.0,16,-0.9833401,-2.7949433,0.21101335,2.6179137,-2.242047,-4.7023506,-0.9128825,-1.772644,0.3251988,-1.9092157,1.4318177,2.893558,-2.1826873,-3.9656894,-3.075924,-1.3974345,14.21674,3.945971,-0.43794587,-0.20533611,1
16.0,16,-0.9834858,-2.794965,0.21124841,2.6171277,-2.2417939,-4.702891,-0.91380286,-1.7734411,0.32514185,-1.9090611,1.4338406,2.893678,-2.1832583,-3.9653687,-3.0759284,-1.3979787,14.21716,3.947526,-0.4382495,-0.20522602,1
9.0,9,-0.020756923,-2.4571526,3.1750934,-3.0945945,-4.123013,-1.0804408,-0.5631446,-2.1743593,2.1707368,13.145,-1.7472368,-0.7646392,-1.5121076,-3.112218,-4.618112,-0.9809145,0.21293475,1.9846599,2.2493155,0.89504623,1
9.0,9,-0.02238752,-2.455635,3.1797,-3.0952666,-4.1252246,-1.0797614,-0.5545874,-2.1667633,2.158276,13.145478,-1.7490245,-0.76658654,-1.5127065,-3.0902297,-4.619517,-0.98367083,0.20914774,1.9837912,2.2454681,0.88294023,1
9.0,9,-0.023397975,-2.4619482,3.1821518,-3.0914521,-4.122154,-1.0767988,-0.551264,-2.167616,2.1587408,13.14351,-1.7493224,-0.7656769,-1.5089569,-3.099003,-4.6190434,-0.98034686,0.21036081,1.9807178,2.2432613,0.88428116,1
9.0,9,-0.023417693,-2.4604373,3.1814668,-3.092473,-4.123035,-1.0777808,-0.5527395,-2.1680274,2.1600492,13.144048,-1.7492145,-0.76576865,-1.5098301,-3.0975344,-4.6194024,-0.9812326,0.21022929,1.981586,2.2448034,0.88451904,1
9.0,9,-0.023203038,-2.4588346,3.180841,-3.0934784,-4.1238303,-1.0785487,-0.5535809,-2.1678307,2.159977,13.144563,-1.7491385,-0.7659845,-1.5107622,-3.0951295,-4.6195855,-0.9821321,0.20991702,1.9824191,2.2454462,0.88403916,1
9.0,9,-0.0229895,-2.4578025,3.18041,-3.0941143,-4.1242814,-1.0789365,-0.553913,-2.1675155,2.1594946,13.1449,-1.7490906,-0.76616114,-1.51138,-3.0933294,-4.619634,-0.98269784,0.20967005,1.9829612,2.2455306,0.8834693,1
5.0,5,-2.5707233,0.032488283,-2.351512,-2.172047,4.304199,13.89955,0.49911052,0.18906596,-2.2569735,0.9731311,-3.83475,-1.3530656,0.17092013,-2.037756,3.593212,3.2860265,-4.406694,-0.48787743,-0.4465494,-2.4949036,1
5.0,5,-2.5841029,0.022415724,-2.353962,-2.1735055,4.299429,13.894689,0.49257904,0.18978012,-2.255116,0.97008073,-3.8251748,-1.3582522,0.1639753,-2.0407004,3.6197238,3.30254,-4.4076734,-0.48715046,-0.4526727,-2.487731,1
5.0,5,-2.5828874,0.025100507,-2.3524754,-2.1767426,4.307069,13.897839,0.49696732,0.19201119,-2.2537298,0.9710748,-3.8263204,-1.360669,0.16247825,-2.04308,3.6070464,3.3014843,-4.4063377,-0.4873212,-0.44845092,-2.4894702,1
5.0,5,-2.5830684,0.02510972,-2.3529303,-2.1754994,4.304018,13.897014,0.49543345,0.19130884,-2.2539897,0.97062945,-3.8261855,-1.3595312,0.16289733,-2.0417168,3.6101809,3.3015406,-4.4068613,-0.48730862,-0.4495317,-2.4890788,1
5.0,5,-2.5835326,0.024342988,-2.3533094,-2.1746778,4.301974,13.896137,0.494133,0.19071938,-2.2543247,0.9702738,-3.8258193,-1.3590065,0.16327639,-2.0410924,3.6138628,3.3018918,-4.4071937,-0.48717973,-0.4506624,-2.4885168,1
5.0,5,-2.5835855,0.023370046,-2.3533175,-2.174748,4.3023925,13.89585,0.49407482,0.19054933,-2.2546659,0.9703811,-3.825708,-1.3593045,0.16365388,-2.0416124,3.6152756,3.301821,-4.407083,-0.487001,-0.45104495,-2.4883187,1
1.0,1,6.795707,13.307652,3.4351134,-0.16535974,-0.572507,-0.5220715,-3.383411,-1.143495,-1.0017112,-0.3460992,-2.4608629,-0.73956287,-3.5817988,-0.72855926,-0.96380645,-0.6565289,-2.6916294,-2.4217029,-0.7755282,1.1660304,1
1.0,1,6.7921352,13.307952,3.4365165,-0.16597193,-0.57275826,-0.5219809,-3.384212,-1.1427314,-0.9998011,-0.34534895,-2.4608762,-0.74084204,-3.582079,-0.7269227,-0.9638854,-0.6567079,-2.6919458,-2.4211695,-0.7747804,1.1665689,1
1.0,1,6.7878666,13.308028,3.4383316,-0.1652431,-0.57194644,-0.522115,-3.3849452,-1.1420047,-0.9986159,-0.34549302,-2.4602542,-0.7412791,-3.5830624,-0.7266223,-0.96325046,-0.65633804,-2.6919067,-2.4212658,-0.77527523,1.1684939,1
1.0,1,6.7895894,13.307996,3.4376137,-0.1654213,-0.5721626,-0.5221129,-3.3846443,-1.142328,-0.99914485,-0.34559953,-2.4604387,-0.7410167,-3.5826643,-0.72683686,-0.96341926,-0.6564356,-2.6919026,-2.4212961,-0.7751714,1.1677849,1
1.0,1,6.791524,13.307961,3.4367812,-0.1657465,-0.57252896,-0.5220587,-3.3843157,-1.1426538,-0.9996813,-0.34553486,-2.4607131,-0.74081403,-3.5822268,-0.7269881,-0.9637086,-0.6566011,-2.6919177,-2.4212492,-0.77494305,1.1669242,1
1.0,1,6.792744,13.307952,3.4362717,-0.16596128,-0.57274985,-0.52200073,-3.3840957,-1.1428845,-1.0000165,-0.34553868,-2.460906,-0.74069244,-3.5818875,-0.7269956,-0.9638712,-0.6566999,-2.6919518,-2.4212456,-0.7748059,1.1663115,1
13.0,13,-2.7767255,1.5473578,-0.29151452,-2.6813488,-3.0485609,-1.325773,-2.083356,-0.36467198,0.71693504,1.2526331,0.09479288,0.9791344,0.27915767,13.723037,0.32069534,-2.1191683,-3.007698,-0.62081444,-0.25044858,-0.7973484,1
13.0,13,-2.7766347,1.5475328,-0.29157653,-2.681446,-3.0486376,-1.3257552,-2.083396,-0.3646454,0.7170897,1.2529601,0.09473682,0.97905284,0.27905485,13.72298,0.32054895,-2.1191745,-3.007843,-0.62089777,-0.2504918,-0.7974423,1
13.0,13,-2.776618,1.5475807,-0.2916312,-2.6814759,-3.0486383,-1.3257041,-2.0833807,-0.36464223,0.71708494,1.2530572,0.0947487,0.97900766,0.27903914,13.722967,0.32052058,-2.1191487,-3.0079288,-0.620925,-0.25053293,-0.79747653,1
13.0,13,-2.7766266,1.5475663,-0.29161903,-2.681469,-3.0486372,-1.3257136,-2.0833879,-0.36464465,0.71708214,1.2530308,0.09475208,0.9790197,0.27904016,13.722972,0.32053423,-2.119154,-3.0079062,-0.62091374,-0.25052676,-0.7974675,1
13.0,13,-2.7766323,1.547548,-0.29159775,-2.6814566,-3.0486376,-1.3257344,-2.083394,-0.3646457,0.71708363,1.2529908,0.094747454,0.9790376,0.2790465,13.722974,0.32054514,-2.1191635,-3.007872,-0.62090325,-0.2505097,-0.79745334,1
13.0,13,-2.7766402,1.5475372,-0.2915829,-2.6814532,-3.048638,-1.325743,-2.0834026,-0.36464798,0.71708816,1.2529792,0.09474662,0.97904694,0.27904665,13.722976,0.32055324,-2.1191692,-3.0078537,-0.6208943,-0.25050497,-0.79744965,1
